929369,rs187461626,CC,CC,CT,76,100,65,NC_000001.11,Mutation NB - Paternal Origin,Transition - Pyrimidine/Pyrimidine,Unsolved
1027511,rs4970394,CT,CC,TT,1,100,33,NC_000001.11,Mutation NB - Maternal Origin,Transversion - Purine/Pyrimidine,C>T
1921849,rs1884454,GG,TT,GG,82,88,21,NC_000001.11,Mutation NB - Maternal Origin,Transition - Purine/Purine,Transversion - Purine/Pyrimidine,T>G
2069153,rs2678939,CC,CC,CA,67,100,99,NC_000001.11,Mutation NB - Paternal Origin,Transversion - Purine/Pyrimidine,Unsolved
2811239,rs10909880,CT,CC,TT,1,100,27,NC_000001.11,Mutation NB - Maternal Origin,Transversion - Purine/Pyrimidine,C>T
2856233,rs12727394,TC,TT,CC,31,100,21,NC_000001.11,Mutation NB - Maternal Origin,Transition - Pyrimidine/Pyrimidine,T>C
2856924,rs6660680,GG,CG,CC,82,67,27,NC_000001.11,Mutation NB - Paternal Origin,Transversion - Purine/Pyrimidine,G>C
3079958,rs4648452,CC,CC,CT,79,100,99,NC_000001.11,Mutation NB - Paternal Origin,Transition - Pyrimidine/Pyrimidine,Unsolved
3286446,rs10797387,AA,CC,AA,64,88,9,NC_000001.11,Mutation NB - Maternal Origin,Transversion - Purine/Pyrimidine,C>A
3631037,.,AA,AA,AG,52,70,44,NC_000001.11,Mutation NB - Paternal Origin,Transition - Purine/Purine,Unsolved
4467318,.,AA,AA,AG,52,91,53,NC_000001.11,Mutation NB - Paternal Origin,Transition - Purine/Purine,Unsolved
4550673,rs16839272,AA,CC,AA,85,88,15,NC_000001.11,Mutation NB - Maternal Origin,Transversion - Purine/Pyrimidine,C>A
4837584,rs11576972,GG,CC,GG,76,88,36,NC_000001.11,Mutation NB - Maternal Origin,Transversion - Purine/Pyrimidine,C>G
4898879,rs10915656,AA,GG,AA,49,86,0,NC_000001.11,Mutation NB - Maternal Origin,Transition - Purine/Purine,G>A
5329736,rs11585487,AG,GG,AA,1,88,0,NC_000001.11,Mutation NB - Maternal Origin,Transition - Purine/Purine,G>A
5503108,rs996213175,TT,TT,TC,82,73,80,NC_000001.11,Mutation NB - Maternal Origin,Transition - Pyrimidine/Pyrimidine,Unsolved
5680240,rs1412870253,AA,AA,AG,73,67,47,NC_000001.11,Mutation NB - Maternal Origin,Transition - Purine/Purine,Unsolved
6367637,rs59383970,TT,TA,AA,100,1,21,NC_000001.11,Mutation NB - Paternal Origin,Transversion - Purine/Pyrimidine,T>A
7806405,rs228645,CC,AC,AA,70,1,0,NC_000001.11,Mutation NB - Paternal Origin,Transversion - Purine/Pyrimidine,C>A
10747595,.,AA,AA,AG,55,76,56,NC_000001.11,Mutation NB - Paternal Origin,Transition - Purine/Purine,Unsolved
10971140,rs544111214,CC,CC,CT,73,88,61,NC_000001.11,Mutation NB - Paternal Origin,Transition - Pyrimidine/Pyrimidine,Unsolved
12796833,rs1736770,GG,AA,AA,76,70,0,NC_000001.11,Mutation NB - Paternal Origin,Transition - Purine/Purine,G>A
14871413,rs2803396,TC,CC,TT,1,88,12,NC_000001.11,Mutation NB - Maternal Origin,Transversion - Purine/Pyrimidine,C>T
15180914,rs4661592,GG,GG,GA,73,100,59,NC_000001.11,Mutation NB - Paternal Origin,Transition - Purine/Purine,Unsolved
16987159,rs761421,CC,CC,CT,100,91,99,NC_000001.11,Mutation NB - Maternal Origin,Transition - Pyrimidine/Pyrimidine,Unsolved
17763706,rs4920633,GG,AA,AA,91,88,12,NC_000001.11,Mutation NB - Paternal Origin,Transition - Purine/Purine,G>A
18180875,rs11260951,AA,TT,TT,58,79,12,NC_000001.11,Mutation NB - Paternal Origin,Transversion - Purine/Pyrimidine,A>T
18386633,.,GG,GG,GA,88,76,41,NC_000001.11,Mutation NB - Maternal Origin,Transition - Purine/Purine,Unsolved
20435704,rs7513225,GG,GG,AG,76,79,99,NC_000001.11,Mutation NB - Paternal Origin,Transition - Purine/Purine,Unsolved
22236375,rs115882192,TT,TT,TA,85,88,24,NC_000001.11,Mutation NB - Paternal Origin,Transition - Pyrimidine/Pyrimidine,Transversion - Purine/Pyrimidine,Unsolved
22513320,rs1639291945,AA,AA,AG,88,91,53,NC_000001.11,Mutation NB - Paternal Origin,Transition - Purine/Purine,Unsolved
23079117,.,AA,AA,AT,80,49,46,NC_000001.11,Mutation NB - Maternal Origin,Transversion - Purine/Pyrimidine,Unsolved
26300987,rs2276712,CC,TT,CC,85,100,15,NC_000001.11,Mutation NB - Maternal Origin,Transition - Pyrimidine/Pyrimidine,T>C
27421136,rs2474291,GG,TT,GG,88,100,33,NC_000001.11,Mutation NB - Maternal Origin,Transition - Purine/Purine,Transversion - Purine/Pyrimidine,T>G
29346600,rs4654302,AA,GG,AA,85,91,0,NC_000001.11,Mutation NB - Maternal Origin,Transition - Purine/Purine,G>A
29370062,rs13376672,TT,TT,TC,73,88,62,NC_000001.11,Mutation NB - Paternal Origin,Transition - Pyrimidine/Pyrimidine,Unsolved
29640689,rs4949264,GG,GG,GA,73,100,99,NC_000001.11,Mutation NB - Paternal Origin,Transition - Purine/Purine,Unsolved
29640720,rs187953,AA,GG,AA,73,82,30,NC_000001.11,Mutation NB - Maternal Origin,Transition - Purine/Purine,G>A
30185083,.,TT,TT,TC,61,70,56,NC_000001.11,Mutation NB - Paternal Origin,Transition - Pyrimidine/Pyrimidine,Unsolved
30875222,rs944735750,CC,CC,CT,85,70,59,NC_000001.11,Mutation NB - Maternal Origin,Transition - Pyrimidine/Pyrimidine,Unsolved
31732535,rs140777869,GG,GG,AA,76,91,21,NC_000001.11,Mutation NB - Paternal Origin,Transition - Purine/Purine,Unsolved
32607465,rs380464,AA,AA,GG,95,100,15,NC_000001.11,Mutation NB - Paternal Origin,Transition - Purine/Purine,Unsolved
33971356,rs531066,CT,TT,CC,76,91,24,NC_000001.11,Mutation NB - Maternal Origin,Transition - Pyrimidine/Pyrimidine,T>C
33971408,rs114510070,AA,AA,AG,79,91,69,NC_000001.11,Mutation NB - Paternal Origin,Transition - Purine/Purine,Unsolved
34129758,rs7530924,GG,GT,TT,64,82,12,NC_000001.11,Mutation NB - Paternal Origin,Transversion - Purine/Pyrimidine,G>T
34129774,rs72886074,TT,TG,GG,100,82,12,NC_000001.11,Mutation NB - Paternal Origin,Transversion - Purine/Pyrimidine,T>G
34969026,rs111566227,CT,CC,TT,10,100,33,NC_000001.11,Mutation NB - Maternal Origin,Transversion - Purine/Pyrimidine,C>T
35210852,rs11264118,AT,AA,TT,1,100,15,NC_000001.11,Mutation NB - Maternal Origin,Transversion - Purine/Pyrimidine,A>T
37838519,.,AA,AA,AG,64,76,62,NC_000001.11,Mutation NB - Paternal Origin,Transition - Purine/Purine,Unsolved
38156074,rs779701195,TT,TT,TC,88,88,78,NC_000001.11,Mutation NB - Paternal or Maternal,Transition - Pyrimidine/Pyrimidine,Unsolved
40228845,rs1413607422,TT,TT,TC,76,82,39,NC_000001.11,Mutation NB - Paternal Origin,Transition - Pyrimidine/Pyrimidine,Unsolved
42733444,rs56345167,AA,AA,AG,100,91,99,NC_000001.11,Mutation NB - Maternal Origin,Transition - Purine/Purine,Unsolved
43108789,.,GG,GG,GA,64,88,56,NC_000001.11,Mutation NB - Paternal Origin,Transition - Purine/Purine,Unsolved
43317175,rs1198982,GG,AA,GG,85,85,9,NC_000001.11,Mutation NB - Maternal Origin,Transition - Purine/Purine,A>G
43380192,rs11210840,TT,GT,GG,43,70,0,NC_000001.11,Mutation NB - Paternal Origin,Transversion - Purine/Pyrimidine,T>G
46516637,rs746879,TC,TT,CC,1,85,9,NC_000001.11,Mutation NB - Maternal Origin,Transition - Pyrimidine/Pyrimidine,T>C
46547581,rs1258039,GG,GG,GC,73,88,99,NC_000001.11,Mutation NB - Paternal Origin,Transition - Purine/Purine,Transversion - Purine/Pyrimidine,Unsolved
47189052,rs3737770,GG,AA,GG,46,73,30,NC_000001.11,Mutation NB - Maternal Origin,Transition - Purine/Purine,A>G
53130476,rs1299859,TT,GG,GG,100,88,9,NC_000001.11,Mutation NB - Paternal Origin,Transversion - Purine/Pyrimidine,T>G
54003554,rs635509,GG,AA,GG,79,100,15,NC_000001.11,Mutation NB - Maternal Origin,Transition - Purine/Purine,A>G
54279855,rs3753407,AA,GG,AA,91,88,33,NC_000001.11,Mutation NB - Maternal Origin,Transition - Purine/Purine,G>A
54826469,.,AA,AA,AG,82,88,53,NC_000001.11,Mutation NB - Paternal Origin,Transition - Purine/Purine,Unsolved
54826481,rs74394109,GG,GG,GC,82,100,99,NC_000001.11,Mutation NB - Paternal Origin,Transition - Purine/Purine,Transversion - Purine/Pyrimidine,Unsolved
58878359,rs146102176,GG,TT,TT,85,64,15,NC_000001.11,Mutation NB - Paternal Origin,Transversion - Purine/Pyrimidine,G>T
60778014,rs428490,CC,CC,TT,100,91,15,NC_000001.11,Mutation NB - Maternal Origin,Transition - Pyrimidine/Pyrimidine,Unsolved
61288758,.,GG,GG,GA,61,64,48,NC_000001.11,Mutation NB - Paternal Origin,Transition - Purine/Purine,Unsolved
65091749,rs6663598,CC,TC,TT,91,42,0,NC_000001.11,Mutation NB - Paternal Origin,Transition - Pyrimidine/Pyrimidine,C>T
65343619,rs4915688,GG,CC,GG,100,91,15,NC_000001.11,Mutation NB - Maternal Origin,Transversion - Purine/Pyrimidine,C>G
73152665,rs4454487,AG,AA,GG,70,100,45,NC_000001.11,Mutation NB - Maternal Origin,Transition - Purine/Purine,A>G
77056840,.,AA,AA,AG,46,88,56,NC_000001.11,Mutation NB - Paternal Origin,Transition - Purine/Purine,Unsolved
79705711,.,AA,AA,AG,58,88,62,NC_000001.11,Mutation NB - Paternal Origin,Transition - Purine/Purine,Unsolved
79894138,rs574300182,AA,AA,AG,82,100,65,NC_000001.11,Mutation NB - Paternal Origin,Transition - Purine/Purine,Unsolved
83112313,.,CC,CC,CT,55,100,62,NC_000001.11,Mutation NB - Paternal Origin,Transition - Pyrimidine/Pyrimidine,Unsolved
83984327,rs116790651,GG,GG,GA,85,100,99,NC_000001.11,Mutation NB - Paternal Origin,Transition - Purine/Purine,Unsolved
84413319,rs12124848,TT,TT,TC,70,85,99,NC_000001.11,Mutation NB - Paternal Origin,Transition - Pyrimidine/Pyrimidine,Unsolved
85502803,rs72724680,AA,TT,AA,64,79,0,NC_000001.11,Mutation NB - Maternal Origin,Transversion - Purine/Pyrimidine,T>A
94107304,rs143259811,CC,TT,CC,82,91,27,NC_000001.11,Mutation NB - Maternal Origin,Transition - Pyrimidine/Pyrimidine,T>C
94369638,rs11165128,TC,CC,TT,46,88,12,NC_000001.11,Mutation NB - Maternal Origin,Transversion - Purine/Pyrimidine,C>T
95025705,rs10465759,CC,TT,CC,91,76,9,NC_000001.11,Mutation NB - Maternal Origin,Transition - Pyrimidine/Pyrimidine,T>C
104407644,rs2646718,CC,TT,TT,91,79,9,NC_000001.11,Mutation NB - Paternal Origin,Transition - Pyrimidine/Pyrimidine,C>T
109299649,rs680434,TT,TT,CT,91,88,99,NC_000001.11,Mutation NB - Maternal Origin,Transition - Pyrimidine/Pyrimidine,Unsolved
110734818,rs343615,TT,TT,TG,76,91,68,NC_000001.11,Mutation NB - Paternal Origin,Transition - Pyrimidine/Pyrimidine,Transversion - Purine/Pyrimidine,Unsolved
112106333,rs430680,GG,AG,AA,85,1,0,NC_000001.11,Mutation NB - Paternal Origin,Transition - Purine/Purine,G>A
112161959,rs10857932,GG,GA,AA,88,38,15,NC_000001.11,Mutation NB - Paternal Origin,Transition - Purine/Purine,G>A
112161971,rs2788423,AA,GG,GG,76,65,21,NC_000001.11,Mutation NB - Paternal Origin,Transition - Purine/Purine,A>G
114136446,rs901137,CT,CC,TT,1,73,9,NC_000001.11,Mutation NB - Maternal Origin,Transversion - Purine/Pyrimidine,C>T
116222934,.,AA,AA,AG,52,76,41,NC_000001.11,Mutation NB - Paternal Origin,Transition - Purine/Purine,Unsolved
116756991,rs74841189,CC,CC,CT,100,100,52,NC_000001.11,Mutation NB - Paternal or Maternal,Transition - Pyrimidine/Pyrimidine,Unsolved
116990176,rs944,CC,CC,CG,82,100,82,NC_000001.11,Mutation NB - Paternal Origin,Transversion - Purine/Pyrimidine,Unsolved
148264925,.,TT,TT,TG,55,85,53,NC_000001.11,Mutation NB - Paternal Origin,Transition - Pyrimidine/Pyrimidine,Transversion - Purine/Pyrimidine,Unsolved
151976611,rs1473494,AA,CC,AA,68,100,42,NC_000001.11,Mutation NB - Maternal Origin,Transversion - Purine/Pyrimidine,C>A
154306367,rs1227790334,TT,TT,TC,76,76,67,NC_000001.11,Mutation NB - Paternal or Maternal,Transition - Pyrimidine/Pyrimidine,Unsolved
154542152,.,TT,TT,TC,58,73,46,NC_000001.11,Mutation NB - Paternal Origin,Transition - Pyrimidine/Pyrimidine,Unsolved
155112369,.,AA,AA,AG,85,85,47,NC_000001.11,Mutation NB - Paternal or Maternal,Transition - Purine/Purine,Unsolved
157363931,rs9427267,TT,TC,CC,100,67,27,NC_000001.11,Mutation NB - Paternal Origin,Transition - Pyrimidine/Pyrimidine,T>C
157479464,rs950453,GA,GG,AA,38,100,24,NC_000001.11,Mutation NB - Maternal Origin,Transition - Purine/Purine,G>A
159494666,rs552282102,CC,CC,CT,76,91,68,NC_000001.11,Mutation NB - Paternal Origin,Transition - Pyrimidine/Pyrimidine,Unsolved
159581175,rs112689575,GG,GG,GA,67,100,65,NC_000001.11,Mutation NB - Paternal Origin,Transition - Purine/Purine,Unsolved
161998136,.,TT,TT,TC,70,85,56,NC_000001.11,Mutation NB - Paternal Origin,Transition - Pyrimidine/Pyrimidine,Unsolved
165856907,rs7527008,TT,GG,TT,85,82,0,NC_000001.11,Mutation NB - Maternal Origin,Transversion - Purine/Pyrimidine,G>T
168737758,rs1260658103,TT,TT,TC,79,76,47,NC_000001.11,Mutation NB - Maternal Origin,Transition - Pyrimidine/Pyrimidine,Unsolved
169787407,rs10157398,GG,GC,CC,79,1,15,NC_000001.11,Mutation NB - Paternal Origin,Transversion - Purine/Pyrimidine,G>C
169882438,rs6678351,CC,CC,CT,91,100,64,NC_000001.11,Mutation NB - Paternal Origin,Transition - Pyrimidine/Pyrimidine,Unsolved
173439664,rs7530469,GG,AA,AA,73,88,12,NC_000001.11,Mutation NB - Paternal Origin,Transition - Purine/Purine,G>A
175766190,rs2986123,GG,GG,GT,100,100,99,NC_000001.11,Mutation NB - Paternal or Maternal,Transversion - Purine/Pyrimidine,Unsolved
179702190,rs4454503,GG,GG,GA,79,100,96,NC_000001.11,Mutation NB - Paternal Origin,Transition - Purine/Purine,Unsolved
182720656,rs1263441515,CC,CC,CT,73,49,53,NC_000001.11,Mutation NB - Maternal Origin,Transition - Pyrimidine/Pyrimidine,Unsolved
185872661,.,AA,AA,AG,76,79,39,NC_000001.11,Mutation NB - Paternal Origin,Transition - Purine/Purine,Unsolved
192201829,rs2819954,GG,GG,AG,61,88,21,NC_000001.11,Mutation NB - Paternal Origin,Transition - Purine/Purine,Unsolved
195722950,rs6676223,TT,CC,TT,67,85,33,NC_000001.11,Mutation NB - Maternal Origin,Transition - Pyrimidine/Pyrimidine,C>T
197799566,rs1499592,TT,TT,TG,100,49,99,NC_000001.11,Mutation NB - Maternal Origin,Transition - Pyrimidine/Pyrimidine,Transversion - Purine/Pyrimidine,Unsolved
200926330,rs296551,CC,TT,CC,79,88,0,NC_000001.11,Mutation NB - Maternal Origin,Transition - Pyrimidine/Pyrimidine,T>C
201296642,rs713292,TC,TT,CC,1,100,15,NC_000001.11,Mutation NB - Maternal Origin,Transition - Pyrimidine/Pyrimidine,T>C
203866710,rs7540013,GG,AA,GG,73,82,12,NC_000001.11,Mutation NB - Maternal Origin,Transition - Purine/Purine,A>G
203873164,rs6702750,TT,CC,TT,73,88,24,NC_000001.11,Mutation NB - Maternal Origin,Transition - Pyrimidine/Pyrimidine,C>T
203955009,rs67555406,CC,TT,TT,91,88,0,NC_000001.11,Mutation NB - Paternal Origin,Transition - Pyrimidine/Pyrimidine,C>T
204813744,rs2025235,CC,GG,GG,70,79,0,NC_000001.11,Mutation NB - Paternal Origin,Transversion - Purine/Pyrimidine,C>G
205366346,rs11240458,CC,GG,GG,100,91,15,NC_000001.11,Mutation NB - Paternal Origin,Transversion - Purine/Pyrimidine,C>G
209728765,rs1415542,TT,TT,TC,79,91,71,NC_000001.11,Mutation NB - Paternal Origin,Transition - Pyrimidine/Pyrimidine,Unsolved
211116148,rs78229795,CC,CC,CT,85,100,30,NC_000001.11,Mutation NB - Paternal Origin,Transition - Pyrimidine/Pyrimidine,Unsolved
211515183,rs11119756,AA,CC,CC,91,100,0,NC_000001.11,Mutation NB - Paternal Origin,Transversion - Purine/Pyrimidine,A>C
217380432,rs2646840,GG,GG,GA,85,100,33,NC_000001.11,Mutation NB - Paternal Origin,Transition - Purine/Purine,Unsolved
217968258,rs61827673,AA,GG,GG,85,88,21,NC_000001.11,Mutation NB - Paternal Origin,Transition - Purine/Purine,A>G
219864337,rs1658608182,GG,GG,GA,91,85,65,NC_000001.11,Mutation NB - Maternal Origin,Transition - Purine/Purine,Unsolved
220815924,rs7530074,AA,GG,GG,73,85,0,NC_000001.11,Mutation NB - Paternal Origin,Transition - Purine/Purine,A>G
221903498,rs2378493,AA,GA,GG,91,67,0,NC_000001.11,Mutation NB - Paternal Origin,Transition - Purine/Purine,A>G
227175903,rs11808962,CT,CC,TT,1,13,20,NC_000001.11,Mutation NB - Maternal Origin,Transversion - Purine/Pyrimidine,C>T
228280757,rs1188697,AA,GG,AA,85,85,21,NC_000001.11,Mutation NB - Maternal Origin,Transition - Purine/Purine,G>A
228774586,rs7556210,TC,CC,TT,1,85,0,NC_000001.11,Mutation NB - Maternal Origin,Transversion - Purine/Pyrimidine,C>T
228891691,rs6426525,TT,CC,TT,40,73,18,NC_000001.11,Mutation NB - Maternal Origin,Transition - Pyrimidine/Pyrimidine,C>T
229110114,.,TT,TT,TC,52,55,65,NC_000001.11,Mutation NB - Paternal Origin,Transition - Pyrimidine/Pyrimidine,Unsolved
229942058,rs16850603,CC,TC,TT,70,28,0,NC_000001.11,Mutation NB - Paternal Origin,Transition - Pyrimidine/Pyrimidine,C>T
230372907,rs828455,AA,GG,AA,79,100,12,NC_000001.11,Mutation NB - Maternal Origin,Transition - Purine/Purine,G>A
230372921,rs2820371,GG,AA,GG,79,100,12,NC_000001.11,Mutation NB - Maternal Origin,Transition - Purine/Purine,A>G
230372926,rs2632565,GG,AA,GG,79,100,12,NC_000001.11,Mutation NB - Maternal Origin,Transition - Purine/Purine,A>G
230987208,rs75387019,CC,GC,GG,82,99,30,NC_000001.11,Mutation NB - Paternal Origin,Transversion - Purine/Pyrimidine,C>G
235140510,rs147019076,GG,GG,GA,61,100,68,NC_000001.11,Mutation NB - Paternal Origin,Transition - Purine/Purine,Unsolved
236565033,rs2564746,GT,TT,GG,1,93,15,NC_000001.11,Mutation NB - Maternal Origin,Transversion - Purine/Pyrimidine,T>G
239365144,rs12095822,CC,TT,CC,76,91,0,NC_000001.11,Mutation NB - Maternal Origin,Transition - Pyrimidine/Pyrimidine,T>C
244584926,rs6665893,CC,TT,CC,88,91,12,NC_000001.11,Mutation NB - Maternal Origin,Transition - Pyrimidine/Pyrimidine,T>C
244584934,rs6678456,AA,GG,AA,88,91,15,NC_000001.11,Mutation NB - Maternal Origin,Transition - Purine/Purine,G>A
246847432,rs6688227,CT,TT,CC,32,85,0,NC_000001.11,Mutation NB - Maternal Origin,Transition - Pyrimidine/Pyrimidine,T>C
246847499,rs56070865,TT,TC,CC,82,1,9,NC_000001.11,Mutation NB - Paternal Origin,Transition - Pyrimidine/Pyrimidine,T>C
247366696,rs148732845,TT,TT,CC,67,100,18,NC_000001.11,Mutation NB - Paternal Origin,Transition - Pyrimidine/Pyrimidine,Unsolved
1642790,rs73178778,CC,GG,GG,76,91,33,NC_000002.12,Mutation NB - Paternal Origin,Transversion - Purine/Pyrimidine,C>G
3673537,rs11682697,AA,AA,AG,46,73,62,NC_000002.12,Mutation NB - Paternal Origin,Transition - Purine/Purine,Unsolved
6323393,rs4669059,AA,GG,AA,82,100,33,NC_000002.12,Mutation NB - Maternal Origin,Transition - Purine/Purine,G>A
6649872,rs560186279,CT,CC,TT,2,91,12,NC_000002.12,Mutation NB - Maternal Origin,Transversion - Purine/Pyrimidine,C>T
6750807,.,GG,GG,GA,85,85,65,NC_000002.12,Mutation NB - Paternal or Maternal,Transition - Purine/Purine,Unsolved
7048635,rs116219582,GG,GA,AA,52,70,18,NC_000002.12,Mutation NB - Paternal Origin,Transition - Purine/Purine,G>A
7753719,rs13395925,GA,GG,AA,1,100,15,NC_000002.12,Mutation NB - Maternal Origin,Transition - Purine/Purine,G>A
9661649,rs4669410,CC,TT,TT,52,70,9,NC_000002.12,Mutation NB - Paternal Origin,Transition - Pyrimidine/Pyrimidine,C>T
9661650,rs4669411,AA,GG,GG,52,52,9,NC_000002.12,Mutation NB - Paternal Origin,Transition - Purine/Purine,A>G
9661659,rs60343674,GG,GA,AA,55,1,9,NC_000002.12,Mutation NB - Paternal Origin,Transition - Purine/Purine,G>A
9811841,rs7568887,GA,GG,AA,9,85,12,NC_000002.12,Mutation NB - Maternal Origin,Transition - Purine/Purine,G>A
9811947,rs10803702,GG,GA,AA,88,70,12,NC_000002.12,Mutation NB - Paternal Origin,Transition - Purine/Purine,G>A
13251512,.,GG,GG,GA,82,58,99,NC_000002.12,Mutation NB - Maternal Origin,Transition - Purine/Purine,Unsolved
14393587,rs116632146,TT,TT,TA,70,91,99,NC_000002.12,Mutation NB - Paternal Origin,Transition - Pyrimidine/Pyrimidine,Transversion - Purine/Pyrimidine,Unsolved
15456538,rs7598196,AA,AA,GG,100,100,12,NC_000002.12,Mutation NB - Paternal or Maternal,Transition - Purine/Purine,Unsolved
15675950,rs11678931,CC,CC,CT,82,100,55,NC_000002.12,Mutation NB - Paternal Origin,Transition - Pyrimidine/Pyrimidine,Unsolved
16035747,rs78747853,TT,GG,TT,82,88,18,NC_000002.12,Mutation NB - Maternal Origin,Transversion - Purine/Pyrimidine,G>T
18101391,rs6713642,AA,AA,AG,79,100,99,NC_000002.12,Mutation NB - Paternal Origin,Transition - Purine/Purine,Unsolved
19333849,rs7587454,GG,GG,AG,85,91,97,NC_000002.12,Mutation NB - Paternal Origin,Transition - Purine/Purine,Unsolved
20647916,rs189150216,GG,GG,GA,43,73,41,NC_000002.12,Mutation NB - Paternal Origin,Transition - Purine/Purine,Unsolved
21452777,rs73919294,CC,CC,CA,52,100,99,NC_000002.12,Mutation NB - Paternal Origin,Transversion - Purine/Pyrimidine,Unsolved
22482394,rs11894059,GG,GG,GC,91,100,99,NC_000002.12,Mutation NB - Paternal Origin,Transition - Purine/Purine,Transversion - Purine/Pyrimidine,Unsolved
23489652,rs66903185,GG,GG,AA,91,100,9,NC_000002.12,Mutation NB - Paternal Origin,Transition - Purine/Purine,Unsolved
24848918,rs79990615,GG,GG,GC,82,100,99,NC_000002.12,Mutation NB - Paternal Origin,Transition - Purine/Purine,Transversion - Purine/Pyrimidine,Unsolved
24848966,rs10182036,GG,GG,GA,82,100,38,NC_000002.12,Mutation NB - Paternal Origin,Transition - Purine/Purine,Unsolved
25215016,rs12624309,CA,AA,CC,1,95,45,NC_000002.12,Mutation NB - Maternal Origin,A>C
25332290,rs73920675,GG,GG,GA,61,100,15,NC_000002.12,Mutation NB - Paternal Origin,Transition - Purine/Purine,Unsolved
26946974,rs11126784,CC,AA,CC,67,91,0,NC_000002.12,Mutation NB - Maternal Origin,Transversion - Purine/Pyrimidine,A>C
27086791,rs6742004,AA,AA,AC,82,88,99,NC_000002.12,Mutation NB - Paternal Origin,Transversion - Purine/Pyrimidine,Unsolved
29060555,rs7557835,GG,AA,GG,76,88,0,NC_000002.12,Mutation NB - Maternal Origin,Transition - Purine/Purine,A>G
29895345,rs5018731,GG,AA,AA,100,89,18,NC_000002.12,Mutation NB - Paternal Origin,Transition - Purine/Purine,G>A
30678652,rs2248973,GA,AA,GG,1,91,0,NC_000002.12,Mutation NB - Maternal Origin,Transition - Purine/Purine,A>G
32216069,rs1685678244,AA,AA,AG,64,85,49,NC_000002.12,Mutation NB - Paternal Origin,Transition - Purine/Purine,Unsolved
32835652,rs6731130,TT,CC,CC,67,88,9,NC_000002.12,Mutation NB - Paternal Origin,Transition - Pyrimidine/Pyrimidine,T>C
34111544,rs62133669,CC,TT,CC,79,88,12,NC_000002.12,Mutation NB - Maternal Origin,Transition - Pyrimidine/Pyrimidine,T>C
35599378,rs13015441,TT,CC,TT,67,100,51,NC_000002.12,Mutation NB - Maternal Origin,Transition - Pyrimidine/Pyrimidine,C>T
36198521,rs1665685220,AA,AA,AG,76,70,40,NC_000002.12,Mutation NB - Maternal Origin,Transition - Purine/Purine,Unsolved
36824374,rs6759472,TT,CC,CC,85,91,0,NC_000002.12,Mutation NB - Paternal Origin,Transition - Pyrimidine/Pyrimidine,T>C
37875147,rs2565643,CC,TT,CC,82,100,18,NC_000002.12,Mutation NB - Maternal Origin,Transition - Pyrimidine/Pyrimidine,T>C
41727790,rs13036078,TC,CC,TT,50,82,0,NC_000002.12,Mutation NB - Maternal Origin,Transversion - Purine/Pyrimidine,C>T
42407624,rs1671849448,GG,GG,GA,82,88,56,NC_000002.12,Mutation NB - Paternal Origin,Transition - Purine/Purine,Unsolved
46049619,rs749893244,TT,TT,TC,85,91,56,NC_000002.12,Mutation NB - Paternal Origin,Transition - Pyrimidine/Pyrimidine,Unsolved
46945929,rs77204184,GG,GG,GA,61,100,99,NC_000002.12,Mutation NB - Paternal Origin,Transition - Purine/Purine,Unsolved
47282977,rs904161,TC,TT,CC,1,88,42,NC_000002.12,Mutation NB - Maternal Origin,Transition - Pyrimidine/Pyrimidine,T>C
48971087,rs115329519,AA,AA,AG,70,100,99,NC_000002.12,Mutation NB - Paternal Origin,Transition - Purine/Purine,Unsolved
53512989,rs72618656,GG,AA,AA,88,79,21,NC_000002.12,Mutation NB - Paternal Origin,Transition - Purine/Purine,G>A
54602459,rs7591231,CG,GG,CT,70,88,99,NC_000002.12,Mutation NB - Maternal Origin,Transversion - Purine/Pyrimidine,G>T
54631300,.,AA,AA,AG,85,88,65,NC_000002.12,Mutation NB - Paternal Origin,Transition - Purine/Purine,Unsolved
54662764,rs7572839,CC,TT,CC,85,98,9,NC_000002.12,Mutation NB - Maternal Origin,Transition - Pyrimidine/Pyrimidine,T>C
55824864,rs2115876,GG,AA,GG,82,88,0,NC_000002.12,Mutation NB - Maternal Origin,Transition - Purine/Purine,A>G
56256688,.,TT,TT,TC,76,79,44,NC_000002.12,Mutation NB - Paternal Origin,Transition - Pyrimidine/Pyrimidine,Unsolved
65749771,rs6546175,TT,CC,CC,100,88,9,NC_000002.12,Mutation NB - Paternal Origin,Transition - Pyrimidine/Pyrimidine,T>C
69058102,rs67716344,CC,CC,CT,91,79,30,NC_000002.12,Mutation NB - Maternal Origin,Transition - Pyrimidine/Pyrimidine,Unsolved
70446922,rs10496180,TT,CC,TT,79,85,0,NC_000002.12,Mutation NB - Maternal Origin,Transition - Pyrimidine/Pyrimidine,C>T
71251093,rs6750088,TT,AA,TT,100,91,0,NC_000002.12,Mutation NB - Maternal Origin,Transversion - Purine/Pyrimidine,A>T
71324221,rs994475414,TT,TT,TC,85,70,40,NC_000002.12,Mutation NB - Maternal Origin,Transition - Pyrimidine/Pyrimidine,Unsolved
71884749,rs17486127,GG,GG,GC,100,70,99,NC_000002.12,Mutation NB - Maternal Origin,Transition - Purine/Purine,Transversion - Purine/Pyrimidine,Unsolved
79342874,rs4143798,GG,GG,GA,76,61,99,NC_000002.12,Mutation NB - Maternal Origin,Transition - Purine/Purine,Unsolved
88123991,rs1545223,AA,AG,GG,73,70,21,NC_000002.12,Mutation NB - Paternal Origin,Transition - Purine/Purine,A>G
88334341,rs1713930,GG,GG,AA,88,100,24,NC_000002.12,Mutation NB - Paternal Origin,Transition - Purine/Purine,Unsolved
88886138,rs111711225,AA,GG,AA,82,76,12,NC_000002.12,Mutation NB - Maternal Origin,Transition - Purine/Purine,G>A
98484253,rs3769733,AG,GG,AA,1,88,9,NC_000002.12,Mutation NB - Maternal Origin,Transition - Purine/Purine,G>A
100238622,rs945515066,AA,GG,AA,85,91,21,NC_000002.12,Mutation NB - Maternal Origin,Transition - Purine/Purine,G>A
100630979,rs7596419,GG,AA,GG,91,91,36,NC_000002.12,Mutation NB - Maternal Origin,Transition - Purine/Purine,A>G
101351698,rs4585047,CC,TT,CC,85,100,33,NC_000002.12,Mutation NB - Maternal Origin,Transition - Pyrimidine/Pyrimidine,T>C
101593827,rs12712112,AA,TT,TT,100,79,15,NC_000002.12,Mutation NB - Paternal Origin,Transversion - Purine/Pyrimidine,A>T
102369710,rs2058623,TT,CC,TT,67,100,30,NC_000002.12,Mutation NB - Maternal Origin,Transition - Pyrimidine/Pyrimidine,C>T
104095684,rs12472263,GG,AA,GG,79,91,30,NC_000002.12,Mutation NB - Maternal Origin,Transition - Purine/Purine,A>G
105378309,.,AA,AA,AC,58,82,49,NC_000002.12,Mutation NB - Paternal Origin,Transversion - Purine/Pyrimidine,Unsolved
105946940,rs1469224,CG,GG,CC,1,88,36,NC_000002.12,Mutation NB - Maternal Origin,Transversion - Purine/Pyrimidine,G>C
106117957,rs1485149202,GG,GG,GA,58,73,47,NC_000002.12,Mutation NB - Paternal Origin,Transition - Purine/Purine,Unsolved
106671368,.,TT,TT,TA,85,91,49,NC_000002.12,Mutation NB - Paternal Origin,Transition - Pyrimidine/Pyrimidine,Transversion - Purine/Pyrimidine,Unsolved
108650418,rs826699,TT,TT,TC,91,100,68,NC_000002.12,Mutation NB - Paternal Origin,Transition - Pyrimidine/Pyrimidine,Unsolved
108650430,rs906492470,TT,CC,CC,91,100,0,NC_000002.12,Mutation NB - Paternal Origin,Transition - Pyrimidine/Pyrimidine,T>C
109197136,rs12623119,GA,GG,AA,1,82,12,NC_000002.12,Mutation NB - Maternal Origin,Transition - Purine/Purine,G>A
118464857,.,AA,AA,AG,85,91,39,NC_000002.12,Mutation NB - Paternal Origin,Transition - Purine/Purine,Unsolved
118479420,rs17824540,GG,AA,GG,88,91,9,NC_000002.12,Mutation NB - Maternal Origin,Transition - Purine/Purine,A>G
121096285,rs1684563492,AA,AA,AG,73,82,59,NC_000002.12,Mutation NB - Paternal Origin,Transition - Purine/Purine,Unsolved
122571206,rs11122917,GG,TT,GG,79,100,12,NC_000002.12,Mutation NB - Maternal Origin,Transition - Purine/Purine,Transversion - Purine/Pyrimidine,T>G
128406302,rs13427057,TT,GG,GG,100,91,18,NC_000002.12,Mutation NB - Paternal Origin,Transversion - Purine/Pyrimidine,T>G
128996137,rs76297931,TT,TT,TC,64,100,99,NC_000002.12,Mutation NB - Paternal Origin,Transition - Pyrimidine/Pyrimidine,Unsolved
130302716,rs7564180,GG,GG,TG,73,91,99,NC_000002.12,Mutation NB - Paternal Origin,Transversion - Purine/Pyrimidine,Unsolved
130837926,.,AA,AA,AG,82,88,56,NC_000002.12,Mutation NB - Paternal Origin,Transition - Purine/Purine,Unsolved
132651812,rs74628214,CC,CC,CT,58,100,99,NC_000002.12,Mutation NB - Paternal Origin,Transition - Pyrimidine/Pyrimidine,Unsolved
134809581,rs11902999,TT,CC,CC,85,79,18,NC_000002.12,Mutation NB - Paternal Origin,Transition - Pyrimidine/Pyrimidine,T>C
134809683,rs10928518,TT,CC,TT,91,88,0,NC_000002.12,Mutation NB - Maternal Origin,Transition - Pyrimidine/Pyrimidine,C>T
138954893,rs141904737,TT,GG,GG,79,91,9,NC_000002.12,Mutation NB - Paternal Origin,Transversion - Purine/Pyrimidine,T>G
138954914,rs139371595,CC,AA,AA,79,91,9,NC_000002.12,Mutation NB - Paternal Origin,Transversion - Purine/Pyrimidine,C>A
139273509,rs736667,CC,GG,CC,82,91,21,NC_000002.12,Mutation NB - Maternal Origin,Transversion - Purine/Pyrimidine,G>C
146143146,rs1981909,TT,CC,CC,100,91,27,NC_000002.12,Mutation NB - Paternal Origin,Transition - Pyrimidine/Pyrimidine,T>C
152032962,rs12616066,AA,AT,TT,100,96,12,NC_000002.12,Mutation NB - Paternal Origin,Transversion - Purine/Pyrimidine,A>T
152958698,rs4619556,AG,AA,GG,73,88,12,NC_000002.12,Mutation NB - Maternal Origin,Transition - Purine/Purine,A>G
153278822,rs114949793,TT,CC,TT,79,88,12,NC_000002.12,Mutation NB - Maternal Origin,Transition - Pyrimidine/Pyrimidine,C>T
159090822,rs78114156,CC,CC,CT,91,100,88,NC_000002.12,Mutation NB - Paternal Origin,Transition - Pyrimidine/Pyrimidine,Unsolved
163027257,rs62170884,GG,GC,CC,85,41,12,NC_000002.12,Mutation NB - Paternal Origin,Transversion - Purine/Pyrimidine,G>C
166148342,.,GG,GG,GA,91,85,65,NC_000002.12,Mutation NB - Maternal Origin,Transition - Purine/Purine,Unsolved
166148562,.,AA,AA,AG,82,70,44,NC_000002.12,Mutation NB - Maternal Origin,Transition - Purine/Purine,Unsolved
167036113,rs58766744,CC,GG,GG,83,82,27,NC_000002.12,Mutation NB - Paternal Origin,Transversion - Purine/Pyrimidine,C>G
172880005,rs2194723,CC,CC,TC,91,88,27,NC_000002.12,Mutation NB - Maternal Origin,Transition - Pyrimidine/Pyrimidine,Unsolved
174601713,rs6756690,GG,GG,AA,82,100,15,NC_000002.12,Mutation NB - Paternal Origin,Transition - Purine/Purine,Unsolved
181658508,.,AA,GG,AA,91,91,9,NC_000002.12,Mutation NB - Maternal Origin,Transition - Purine/Purine,G>A
182725810,rs288277,AA,AA,AG,70,100,27,NC_000002.12,Mutation NB - Paternal Origin,Transition - Purine/Purine,Unsolved
183153943,.,AA,AA,AG,67,82,47,NC_000002.12,Mutation NB - Paternal Origin,Transition - Purine/Purine,Unsolved
185811995,rs58798964,GG,AA,GG,61,100,12,NC_000002.12,Mutation NB - Maternal Origin,Transition - Purine/Purine,A>G
189020379,rs11898277,GG,AG,AA,73,73,0,NC_000002.12,Mutation NB - Paternal Origin,Transition - Purine/Purine,G>A
191797843,rs11688215,CT,TT,CC,1,88,45,NC_000002.12,Mutation NB - Maternal Origin,Transition - Pyrimidine/Pyrimidine,T>C
199155033,rs75278528,GG,GG,GA,64,100,99,NC_000002.12,Mutation NB - Paternal Origin,Transition - Purine/Purine,Unsolved
203814891,rs231837,TT,CC,CC,100,91,24,NC_000002.12,Mutation NB - Paternal Origin,Transition - Pyrimidine/Pyrimidine,T>C
204356874,rs75284327,CT,TT,CC,32,88,0,NC_000002.12,Mutation NB - Maternal Origin,Transition - Pyrimidine/Pyrimidine,T>C
204356890,rs77127115,AT,TT,AA,31,88,0,NC_000002.12,Mutation NB - Maternal Origin,Transversion - Purine/Pyrimidine,T>A
206429663,rs2042464,AA,AA,TT,85,100,9,NC_000002.12,Mutation NB - Paternal Origin,Transversion - Purine/Pyrimidine,Unsolved
206827947,.,TT,TT,TC,82,88,56,NC_000002.12,Mutation NB - Paternal Origin,Transition - Pyrimidine/Pyrimidine,Unsolved
208857881,rs9288401,GT,GG,TT,1,91,36,NC_000002.12,Mutation NB - Maternal Origin,Transversion - Purine/Pyrimidine,G>T
211096956,rs116137923,TT,GG,TT,82,98,12,NC_000002.12,Mutation NB - Maternal Origin,Transversion - Purine/Pyrimidine,G>T
211184552,.,GG,GG,GA,49,70,49,NC_000002.12,Mutation NB - Paternal Origin,Transition - Purine/Purine,Unsolved
214341673,rs1912223,TT,GG,GG,82,100,0,NC_000002.12,Mutation NB - Paternal Origin,Transversion - Purine/Pyrimidine,T>G
216163559,rs114125035,GG,TT,GG,82,91,15,NC_000002.12,Mutation NB - Maternal Origin,Transition - Purine/Purine,Transversion - Purine/Pyrimidine,T>G
216475077,rs77396360,TT,TT,TC,73,100,99,NC_000002.12,Mutation NB - Paternal Origin,Transition - Pyrimidine/Pyrimidine,Unsolved
217059430,rs7561918,AA,GG,AA,76,85,9,NC_000002.12,Mutation NB - Maternal Origin,Transition - Purine/Purine,G>A
217852330,rs56096813,GG,AG,AA,88,67,18,NC_000002.12,Mutation NB - Paternal Origin,Transition - Purine/Purine,G>A
219111664,rs60498053,GC,CC,GG,61,88,0,NC_000002.12,Mutation NB - Maternal Origin,Transversion - Purine/Pyrimidine,C>G
219313754,rs930243130,CC,CC,CT,67,73,65,NC_000002.12,Mutation NB - Paternal Origin,Transition - Pyrimidine/Pyrimidine,Unsolved
219347090,rs7582200,CT,CC,TT,1,100,27,NC_000002.12,Mutation NB - Maternal Origin,Transversion - Purine/Pyrimidine,C>T
219353477,rs6757398,GA,GG,AA,35,82,12,NC_000002.12,Mutation NB - Maternal Origin,Transition - Purine/Purine,G>A
220890557,rs62188387,TT,GG,TT,91,85,12,NC_000002.12,Mutation NB - Maternal Origin,Transversion - Purine/Pyrimidine,G>T
223285580,rs12477801,TG,GG,TT,1,88,30,NC_000002.12,Mutation NB - Maternal Origin,Transversion - Purine/Pyrimidine,G>T
224352956,.,AA,AA,AC,79,82,40,NC_000002.12,Mutation NB - Paternal Origin,Transversion - Purine/Pyrimidine,Unsolved
224779114,rs17271511,AA,AA,AG,82,100,99,NC_000002.12,Mutation NB - Paternal Origin,Transition - Purine/Purine,Unsolved
226319915,rs10933137,CC,TT,TT,100,88,21,NC_000002.12,Mutation NB - Paternal Origin,Transition - Pyrimidine/Pyrimidine,C>T
227659425,rs72961055,CC,GG,GG,91,64,0,NC_000002.12,Mutation NB - Paternal Origin,Transversion - Purine/Pyrimidine,C>G
231931292,rs893740,GG,AA,GG,79,100,9,NC_000002.12,Mutation NB - Maternal Origin,Transition - Purine/Purine,A>G
234127076,rs250892,AA,CC,AA,88,88,12,NC_000002.12,Mutation NB - Maternal Origin,Transversion - Purine/Pyrimidine,C>A
234437686,rs1001119,GC,CC,GG,1,61,0,NC_000002.12,Mutation NB - Maternal Origin,Transversion - Purine/Pyrimidine,C>G
234928987,rs12619876,AA,GG,AA,73,91,0,NC_000002.12,Mutation NB - Maternal Origin,Transition - Purine/Purine,G>A
235044921,rs6732663,TT,CC,TT,88,100,21,NC_000002.12,Mutation NB - Maternal Origin,Transition - Pyrimidine/Pyrimidine,C>T
235370544,rs10180916,GG,GG,GT,67,88,99,NC_000002.12,Mutation NB - Paternal Origin,Transversion - Purine/Pyrimidine,Unsolved
235477092,rs1878390,TT,TT,TC,82,100,72,NC_000002.12,Mutation NB - Paternal Origin,Transition - Pyrimidine/Pyrimidine,Unsolved
235477093,rs1878391,GG,GG,GT,82,100,72,NC_000002.12,Mutation NB - Paternal Origin,Transversion - Purine/Pyrimidine,Unsolved
235704279,rs10164722,TT,TC,CC,58,11,15,NC_000002.12,Mutation NB - Paternal Origin,Transition - Pyrimidine/Pyrimidine,T>C
236695249,rs184273489,GG,GG,GA,55,100,99,NC_000002.12,Mutation NB - Paternal Origin,Transition - Purine/Purine,Unsolved
236860143,rs879123,CA,CC,AA,47,100,21,NC_000002.12,Mutation NB - Maternal Origin,Transversion - Purine/Pyrimidine,C>A
237148325,rs10201709,TT,TT,TA,60,91,95,NC_000002.12,Mutation NB - Paternal Origin,Transition - Pyrimidine/Pyrimidine,Transversion - Purine/Pyrimidine,Unsolved
237193152,rs6711726,GA,AA,GG,1,91,12,NC_000002.12,Mutation NB - Maternal Origin,Transition - Purine/Purine,A>G
237438364,rs13423765,AA,AA,GG,100,100,27,NC_000002.12,Mutation NB - Paternal or Maternal,Transition - Purine/Purine,Unsolved
237575701,rs13414095,TT,GG,GG,85,91,9,NC_000002.12,Mutation NB - Paternal Origin,Transversion - Purine/Pyrimidine,T>G
237955703,rs11694043,CC,TT,CC,82,91,0,NC_000002.12,Mutation NB - Maternal Origin,Transition - Pyrimidine/Pyrimidine,T>C
238064186,rs821480,TC,CC,TT,5,91,0,NC_000002.12,Mutation NB - Maternal Origin,Transversion - Purine/Pyrimidine,C>T
239117072,rs74000673,AA,AG,GG,100,29,27,NC_000002.12,Mutation NB - Paternal Origin,Transition - Purine/Purine,A>G
239134146,rs11895350,GA,GG,AA,91,100,30,NC_000002.12,Mutation NB - Maternal Origin,Transition - Purine/Purine,G>A
239134235,rs10207474,TC,TT,CC,1,91,24,NC_000002.12,Mutation NB - Maternal Origin,Transition - Pyrimidine/Pyrimidine,T>C
239148014,rs6714076,GG,GG,GA,82,91,98,NC_000002.12,Mutation NB - Paternal Origin,Transition - Purine/Purine,Unsolved
239156074,.,TT,TT,TC,64,91,65,NC_000002.12,Mutation NB - Paternal Origin,Transition - Pyrimidine/Pyrimidine,Unsolved
239368799,rs11124194,TT,CC,TT,76,100,39,NC_000002.12,Mutation NB - Maternal Origin,Transition - Pyrimidine/Pyrimidine,C>T
240054408,rs6759809,GG,TT,GG,79,79,24,NC_000002.12,Mutation NB - Maternal Origin,Transition - Purine/Purine,Transversion - Purine/Pyrimidine,T>G
240132092,rs78427272,AA,GG,AA,58,100,27,NC_000002.12,Mutation NB - Maternal Origin,Transition - Purine/Purine,G>A
240297171,rs11889243,AA,AA,AG,61,100,51,NC_000002.12,Mutation NB - Paternal Origin,Transition - Purine/Purine,Unsolved
240297174,rs13012956,AA,AA,AG,61,100,51,NC_000002.12,Mutation NB - Paternal Origin,Transition - Purine/Purine,Unsolved
240297184,rs13013141,AA,AA,AG,61,100,57,NC_000002.12,Mutation NB - Paternal Origin,Transition - Purine/Purine,Unsolved
240350890,rs74001561,CC,CC,CT,76,100,69,NC_000002.12,Mutation NB - Paternal Origin,Transition - Pyrimidine/Pyrimidine,Unsolved
240467548,rs3792212,TT,CC,CC,85,91,9,NC_000002.12,Mutation NB - Paternal Origin,Transition - Pyrimidine/Pyrimidine,T>C
241108759,.,TT,TT,TC,67,85,40,NC_000002.12,Mutation NB - Paternal Origin,Transition - Pyrimidine/Pyrimidine,Unsolved
241749257,rs78280775,TT,CC,TT,64,91,12,NC_000002.12,Mutation NB - Maternal Origin,Transition - Pyrimidine/Pyrimidine,C>T
536847,rs78213557,AA,AA,AT,55,100,99,NC_000003.12,Mutation NB - Paternal Origin,Transversion - Purine/Pyrimidine,Unsolved
4380235,rs794209,AA,GG,AA,67,88,12,NC_000003.12,Mutation NB - Maternal Origin,Transition - Purine/Purine,G>A
5659047,rs550205795,CC,CC,CT,55,85,65,NC_000003.12,Mutation NB - Paternal Origin,Transition - Pyrimidine/Pyrimidine,Unsolved
6338326,.,GG,GG,GA,76,88,59,NC_000003.12,Mutation NB - Paternal Origin,Transition - Purine/Purine,Unsolved
6667103,.,CC,CC,TT,88,91,12,NC_000003.12,Mutation NB - Paternal Origin,Transition - Pyrimidine/Pyrimidine,Unsolved
8300079,rs114236860,GG,AA,GG,73,91,0,NC_000003.12,Mutation NB - Maternal Origin,Transition - Purine/Purine,A>G
8585584,rs17786216,CC,AA,AA,85,91,9,NC_000003.12,Mutation NB - Paternal Origin,Transversion - Purine/Pyrimidine,C>A
9111720,rs412672,GG,CC,GG,64,85,0,NC_000003.12,Mutation NB - Maternal Origin,Transversion - Purine/Pyrimidine,C>G
10430445,.,TT,TT,TC,88,91,61,NC_000003.12,Mutation NB - Paternal Origin,Transition - Pyrimidine/Pyrimidine,Unsolved
10663629,.,TT,TT,TC,91,82,68,NC_000003.12,Mutation NB - Maternal Origin,Transition - Pyrimidine/Pyrimidine,Unsolved
12816529,rs3732675,TT,TC,CC,79,67,9,NC_000003.12,Mutation NB - Paternal Origin,Transition - Pyrimidine/Pyrimidine,T>C
14117078,rs7650489,AA,GG,GG,55,76,12,NC_000003.12,Mutation NB - Paternal Origin,Transition - Purine/Purine,A>G
14912175,rs7627003,CC,CC,GC,64,88,99,NC_000003.12,Mutation NB - Paternal Origin,Transversion - Purine/Pyrimidine,Unsolved
14994733,rs1105922,AA,AA,AG,76,100,65,NC_000003.12,Mutation NB - Paternal Origin,Transition - Purine/Purine,Unsolved
19423203,.,CC,CC,CT,85,91,50,NC_000003.12,Mutation NB - Paternal Origin,Transition - Pyrimidine/Pyrimidine,Unsolved
19962797,rs59086970,TT,GG,GG,88,70,12,NC_000003.12,Mutation NB - Paternal Origin,Transversion - Purine/Pyrimidine,T>G
20180206,rs3913938,GG,GG,GA,76,100,55,NC_000003.12,Mutation NB - Paternal Origin,Transition - Purine/Purine,Unsolved
21365507,rs1575097369,AA,AA,AG,88,91,41,NC_000003.12,Mutation NB - Paternal Origin,Transition - Purine/Purine,Unsolved
21702218,rs7612616,TT,CC,TT,88,64,9,NC_000003.12,Mutation NB - Maternal Origin,Transition - Pyrimidine/Pyrimidine,C>T
21702240,rs7633987,TT,GG,TT,88,64,9,NC_000003.12,Mutation NB - Maternal Origin,Transversion - Purine/Pyrimidine,G>T
30706349,rs6795235,CC,CC,CG,73,100,99,NC_000003.12,Mutation NB - Paternal Origin,Transversion - Purine/Pyrimidine,Unsolved
31817597,.,AA,AA,AG,82,88,68,NC_000003.12,Mutation NB - Paternal Origin,Transition - Purine/Purine,Unsolved
31995319,rs544161984,GG,GG,GA,79,100,19,NC_000003.12,Mutation NB - Paternal Origin,Transition - Purine/Purine,Unsolved
32601253,.,AA,AA,AG,91,79,59,NC_000003.12,Mutation NB - Maternal Origin,Transition - Purine/Purine,Unsolved
32636265,rs7615958,GG,AG,AA,70,82,9,NC_000003.12,Mutation NB - Paternal Origin,Transition - Purine/Purine,G>A
34988658,rs34319406,TT,CC,TT,70,100,18,NC_000003.12,Mutation NB - Maternal Origin,Transition - Pyrimidine/Pyrimidine,C>T
37782256,.,TT,TT,TC,70,85,53,NC_000003.12,Mutation NB - Paternal Origin,Transition - Pyrimidine/Pyrimidine,Unsolved
39443671,rs1278141,GG,AA,GG,76,100,21,NC_000003.12,Mutation NB - Maternal Origin,Transition - Purine/Purine,A>G
40344704,rs60941409,CC,TT,CC,88,91,9,NC_000003.12,Mutation NB - Maternal Origin,Transition - Pyrimidine/Pyrimidine,T>C
42670631,rs339715,TG,GG,TT,70,91,0,NC_000003.12,Mutation NB - Maternal Origin,Transversion - Purine/Pyrimidine,G>T
42719546,.,TT,TT,TC,79,85,59,NC_000003.12,Mutation NB - Paternal Origin,Transition - Pyrimidine/Pyrimidine,Unsolved
46135479,.,TT,TT,TC,58,76,56,NC_000003.12,Mutation NB - Paternal Origin,Transition - Pyrimidine/Pyrimidine,Unsolved
47395859,.,AA,AA,AG,61,67,87,NC_000003.12,Mutation NB - Paternal Origin,Transition - Purine/Purine,Unsolved
47618611,rs883661,TC,TT,CC,32,76,9,NC_000003.12,Mutation NB - Maternal Origin,Transition - Pyrimidine/Pyrimidine,T>C
47618683,rs870622,GT,GG,TT,1,76,21,NC_000003.12,Mutation NB - Maternal Origin,Transversion - Purine/Pyrimidine,G>T
48987243,.,AA,AA,AT,82,70,46,NC_000003.12,Mutation NB - Maternal Origin,Transversion - Purine/Pyrimidine,Unsolved
52797259,rs1477177155,CC,CC,CT,49,88,57,NC_000003.12,Mutation NB - Paternal Origin,Transition - Pyrimidine/Pyrimidine,Unsolved
53086998,rs62255925,GG,GG,GA,79,100,99,NC_000003.12,Mutation NB - Paternal Origin,Transition - Purine/Purine,Unsolved
58448437,rs58361427,GG,AA,AA,91,85,18,NC_000003.12,Mutation NB - Paternal Origin,Transition - Purine/Purine,G>A
59655339,rs12493090,TG,GG,TT,29,91,0,NC_000003.12,Mutation NB - Maternal Origin,Transversion - Purine/Pyrimidine,G>T
60288039,rs213374,TT,CC,CC,88,85,12,NC_000003.12,Mutation NB - Paternal Origin,Transition - Pyrimidine/Pyrimidine,T>C
62088536,rs349165,GG,AA,AA,88,88,12,NC_000003.12,Mutation NB - Paternal Origin,Transition - Purine/Purine,G>A
62088562,rs349164,TT,CC,CC,88,88,15,NC_000003.12,Mutation NB - Paternal Origin,Transition - Pyrimidine/Pyrimidine,T>C
63117759,.,AA,AA,AG,82,82,56,NC_000003.12,Mutation NB - Paternal or Maternal,Transition - Purine/Purine,Unsolved
67291002,rs2363710,CC,CC,TC,73,91,65,NC_000003.12,Mutation NB - Paternal Origin,Transition - Pyrimidine/Pyrimidine,Unsolved
71078877,rs1288974,GA,AA,GG,1,52,0,NC_000003.12,Mutation NB - Maternal Origin,Transition - Purine/Purine,A>G
71274071,rs7647520,GG,TT,GG,49,91,27,NC_000003.12,Mutation NB - Maternal Origin,Transition - Purine/Purine,Transversion - Purine/Pyrimidine,T>G
74103185,rs76058952,TC,CC,TT,1,88,18,NC_000003.12,Mutation NB - Maternal Origin,Transversion - Purine/Pyrimidine,C>T
74103241,rs1703167702,TT,TT,TC,79,79,56,NC_000003.12,Mutation NB - Paternal or Maternal,Transition - Pyrimidine/Pyrimidine,Unsolved
76630350,rs58753606,GG,GG,GA,85,100,99,NC_000003.12,Mutation NB - Paternal Origin,Transition - Purine/Purine,Unsolved
77240234,rs9873956,GG,AA,GG,79,100,18,NC_000003.12,Mutation NB - Maternal Origin,Transition - Purine/Purine,A>G
77527011,rs812887,GG,AA,GG,85,100,36,NC_000003.12,Mutation NB - Maternal Origin,Transition - Purine/Purine,A>G
80497889,rs116790035,CC,CC,CT,100,100,98,NC_000003.12,Mutation NB - Paternal or Maternal,Transition - Pyrimidine/Pyrimidine,Unsolved
83859981,rs4401373,TC,CC,TT,1,91,0,NC_000003.12,Mutation NB - Maternal Origin,Transversion - Purine/Pyrimidine,C>T
86730939,rs12497015,TC,TT,CC,5,76,9,NC_000003.12,Mutation NB - Maternal Origin,Transition - Pyrimidine/Pyrimidine,T>C
89748248,rs112407114,CC,GG,GG,85,82,24,NC_000003.12,Mutation NB - Paternal Origin,Transversion - Purine/Pyrimidine,C>G
90387695,rs9757853,GG,AG,AA,88,39,0,NC_000003.12,Mutation NB - Paternal Origin,Transition - Purine/Purine,G>A
99485567,rs73858448,GG,GG,GA,100,88,99,NC_000003.12,Mutation NB - Maternal Origin,Transition - Purine/Purine,Unsolved
101555723,.,TT,TT,TA,55,79,68,NC_000003.12,Mutation NB - Paternal Origin,Transition - Pyrimidine/Pyrimidine,Transversion - Purine/Pyrimidine,Unsolved
101870138,rs570486287,CG,CC,GG,76,88,15,NC_000003.12,Mutation NB - Maternal Origin,Transversion - Purine/Pyrimidine,C>G
103966368,rs9853651,GG,CC,CC,82,76,9,NC_000003.12,Mutation NB - Paternal Origin,Transversion - Purine/Pyrimidine,G>C
104334981,rs74455966,GG,GG,GC,100,82,99,NC_000003.12,Mutation NB - Maternal Origin,Transition - Purine/Purine,Transversion - Purine/Pyrimidine,Unsolved
107408324,rs871211,GG,AA,GG,52,91,0,NC_000003.12,Mutation NB - Maternal Origin,Transition - Purine/Purine,A>G
111583292,rs11919740,CC,TT,CC,76,100,12,NC_000003.12,Mutation NB - Maternal Origin,Transition - Pyrimidine/Pyrimidine,T>C
119206637,.,AA,AA,AG,64,91,47,NC_000003.12,Mutation NB - Paternal Origin,Transition - Purine/Purine,Unsolved
120050820,rs74418009,TT,TT,TC,79,82,65,NC_000003.12,Mutation NB - Paternal Origin,Transition - Pyrimidine/Pyrimidine,Unsolved
120683541,rs1105765,CC,CC,GG,88,91,24,NC_000003.12,Mutation NB - Paternal Origin,Transversion - Purine/Pyrimidine,Unsolved
123045472,.,AA,AA,AG,52,91,53,NC_000003.12,Mutation NB - Paternal Origin,Transition - Purine/Purine,Unsolved
123733991,rs4678047,GA,AA,GG,76,91,15,NC_000003.12,Mutation NB - Maternal Origin,Transition - Purine/Purine,A>G
123764221,rs72972314,GG,GG,GA,100,73,84,NC_000003.12,Mutation NB - Maternal Origin,Transition - Purine/Purine,Unsolved
123831616,rs2700352,GA,GG,AA,32,85,18,NC_000003.12,Mutation NB - Maternal Origin,Transition - Purine/Purine,G>A
124650771,.,AA,AA,AG,76,88,46,NC_000003.12,Mutation NB - Paternal Origin,Transition - Purine/Purine,Unsolved
126156470,rs4234272,CC,AA,CC,70,100,39,NC_000003.12,Mutation NB - Maternal Origin,Transversion - Purine/Pyrimidine,A>C
127702472,.,TT,TT,TC,76,88,49,NC_000003.12,Mutation NB - Paternal Origin,Transition - Pyrimidine/Pyrimidine,Unsolved
127990263,.,AA,AA,AG,43,79,50,NC_000003.12,Mutation NB - Paternal Origin,Transition - Purine/Purine,Unsolved
133270641,rs4298040,GA,AA,GG,67,91,0,NC_000003.12,Mutation NB - Maternal Origin,Transition - Purine/Purine,A>G
134911180,rs76780614,AC,AA,CC,1,100,21,NC_000003.12,Mutation NB - Maternal Origin,A>C
134957453,rs6439537,AG,GG,AA,1,91,0,NC_000003.12,Mutation NB - Maternal Origin,Transition - Purine/Purine,G>A
138457450,rs77735128,GG,GG,GA,100,76,99,NC_000003.12,Mutation NB - Maternal Origin,Transition - Purine/Purine,Unsolved
139220153,rs12633011,AG,GG,AA,1,91,0,NC_000003.12,Mutation NB - Maternal Origin,Transition - Purine/Purine,G>A
141270910,.,AA,AA,AG,67,79,50,NC_000003.12,Mutation NB - Paternal Origin,Transition - Purine/Purine,Unsolved
141311180,.,AA,AA,AG,73,91,53,NC_000003.12,Mutation NB - Paternal Origin,Transition - Purine/Purine,Unsolved
143922232,.,TT,TT,TC,67,55,47,NC_000003.12,Mutation NB - Maternal Origin,Transition - Pyrimidine/Pyrimidine,Unsolved
151172464,rs1721555551,GG,GG,GA,79,85,62,NC_000003.12,Mutation NB - Paternal Origin,Transition - Purine/Purine,Unsolved
152962486,rs4680020,TT,CC,TT,70,91,0,NC_000003.12,Mutation NB - Maternal Origin,Transition - Pyrimidine/Pyrimidine,C>T
154319652,.,TT,TT,TC,88,85,53,NC_000003.12,Mutation NB - Maternal Origin,Transition - Pyrimidine/Pyrimidine,Unsolved
165420334,rs4456881,GG,AA,GG,85,100,9,NC_000003.12,Mutation NB - Maternal Origin,Transition - Purine/Purine,A>G
171830114,rs6777239,GG,GA,AA,70,70,30,NC_000003.12,Mutation NB - Paternal Origin,Transition - Purine/Purine,G>A
172646346,.,TT,TT,TC,76,88,99,NC_000003.12,Mutation NB - Paternal Origin,Transition - Pyrimidine/Pyrimidine,Unsolved
177860078,rs9822930,TT,CC,CC,73,79,15,NC_000003.12,Mutation NB - Paternal Origin,Transition - Pyrimidine/Pyrimidine,T>C
178576416,rs111776762,CC,TT,CC,85,97,12,NC_000003.12,Mutation NB - Maternal Origin,Transition - Pyrimidine/Pyrimidine,T>C
179504646,rs146572438,TT,TT,TC,100,61,59,NC_000003.12,Mutation NB - Maternal Origin,Transition - Pyrimidine/Pyrimidine,Unsolved
180531743,rs7637098,TT,CC,CC,82,79,9,NC_000003.12,Mutation NB - Paternal Origin,Transition - Pyrimidine/Pyrimidine,T>C
182646143,rs60986371,AA,GG,GG,88,91,9,NC_000003.12,Mutation NB - Paternal Origin,Transition - Purine/Purine,A>G
184575981,rs7652597,TT,CC,TT,79,91,18,NC_000003.12,Mutation NB - Maternal Origin,Transition - Pyrimidine/Pyrimidine,C>T
186822826,rs1032647749,GG,GG,GA,82,100,65,NC_000003.12,Mutation NB - Paternal Origin,Transition - Purine/Purine,Unsolved
187336604,rs7652396,AA,AA,AG,85,85,68,NC_000003.12,Mutation NB - Paternal or Maternal,Transition - Purine/Purine,Unsolved
187336624,rs7641849,TT,TT,TC,85,88,68,NC_000003.12,Mutation NB - Paternal Origin,Transition - Pyrimidine/Pyrimidine,Unsolved
187367098,rs7632910,GG,GC,CC,82,67,21,NC_000003.12,Mutation NB - Paternal Origin,Transversion - Purine/Pyrimidine,G>C
187367160,rs6763261,GG,AA,AA,82,100,21,NC_000003.12,Mutation NB - Paternal Origin,Transition - Purine/Purine,G>A
187623885,rs9818905,TT,TT,TC,85,100,99,NC_000003.12,Mutation NB - Paternal Origin,Transition - Pyrimidine/Pyrimidine,Unsolved
188217084,rs78405770,GG,GG,GC,100,88,85,NC_000003.12,Mutation NB - Maternal Origin,Transition - Purine/Purine,Transversion - Purine/Pyrimidine,Unsolved
193351630,rs6444711,CC,TT,TT,100,88,36,NC_000003.12,Mutation NB - Paternal Origin,Transition - Pyrimidine/Pyrimidine,C>T
194225090,rs11918985,AA,GG,GG,79,91,15,NC_000003.12,Mutation NB - Paternal Origin,Transition - Purine/Purine,A>G
195039700,rs2676897,GG,AG,AA,70,73,0,NC_000003.12,Mutation NB - Paternal Origin,Transition - Purine/Purine,G>A
196598441,rs6785496,TT,TC,CC,100,3,15,NC_000003.12,Mutation NB - Paternal Origin,Transition - Pyrimidine/Pyrimidine,T>C
561194,.,AA,AA,AG,73,88,44,NC_000004.12,Mutation NB - Paternal Origin,Transition - Purine/Purine,Unsolved
774493,rs13127733,AG,GG,AA,35,79,9,NC_000004.12,Mutation NB - Maternal Origin,Transition - Purine/Purine,G>A
774626,rs7377314,TC,CC,TT,67,79,0,NC_000004.12,Mutation NB - Maternal Origin,Transversion - Purine/Pyrimidine,C>T
1200798,rs77049343,TT,AA,TT,70,82,0,NC_000004.12,Mutation NB - Maternal Origin,Transversion - Purine/Pyrimidine,A>T
1200806,rs13115903,TT,AA,TT,73,82,24,NC_000004.12,Mutation NB - Maternal Origin,Transversion - Purine/Pyrimidine,A>T
1336190,.,TT,TT,TC,73,67,47,NC_000004.12,Mutation NB - Maternal Origin,Transition - Pyrimidine/Pyrimidine,Unsolved
1384408,rs9684125,GG,TT,GG,85,73,9,NC_000004.12,Mutation NB - Maternal Origin,Transition - Purine/Purine,Transversion - Purine/Pyrimidine,T>G
1744043,rs28420470,AA,AA,AG,91,100,94,NC_000004.12,Mutation NB - Paternal Origin,Transition - Purine/Purine,Unsolved
2267067,rs6814726,TT,CC,TT,91,100,9,NC_000004.12,Mutation NB - Maternal Origin,Transition - Pyrimidine/Pyrimidine,C>T
3841937,rs28519639,CC,GG,CC,64,91,0,NC_000004.12,Mutation NB - Maternal Origin,Transversion - Purine/Pyrimidine,G>C
4719881,rs62290303,CC,GG,CC,82,88,24,NC_000004.12,Mutation NB - Maternal Origin,Transversion - Purine/Pyrimidine,G>C
4719892,rs1735345059,CC,TT,CC,82,88,24,NC_000004.12,Mutation NB - Maternal Origin,Transition - Pyrimidine/Pyrimidine,T>C
6269344,rs13107806,TC,CC,TT,88,67,12,NC_000004.12,Mutation NB - Maternal Origin,Transversion - Purine/Pyrimidine,C>T
6720516,rs6446525,AA,GG,GG,76,88,15,NC_000004.12,Mutation NB - Paternal Origin,Transition - Purine/Purine,A>G
7253427,.,TT,TT,TC,79,73,56,NC_000004.12,Mutation NB - Maternal Origin,Transition - Pyrimidine/Pyrimidine,Unsolved
7680323,rs10937854,GG,GG,AA,100,91,9,NC_000004.12,Mutation NB - Maternal Origin,Transition - Purine/Purine,Unsolved
7971415,rs12645193,AA,GG,AA,88,85,9,NC_000004.12,Mutation NB - Maternal Origin,Transition - Purine/Purine,G>A
8052745,rs10222845,GG,AA,GG,91,91,15,NC_000004.12,Mutation NB - Maternal Origin,Transition - Purine/Purine,A>G
8185715,rs1281110,TT,GG,GG,85,82,0,NC_000004.12,Mutation NB - Paternal Origin,Transversion - Purine/Pyrimidine,T>G
9527878,rs9997490,GA,GC,AA,1,1,18,NC_000004.12,Mutation NB - Maternal Origin,Transition - Purine/Purine,Transversion - Purine/Pyrimidine,C>A
13680699,rs16888947,GG,GA,AA,79,6,15,NC_000004.12,Mutation NB - Paternal Origin,Transition - Purine/Purine,G>A
14500342,rs1604296,CC,CA,AA,100,1,9,NC_000004.12,Mutation NB - Paternal Origin,Transversion - Purine/Pyrimidine,C>A
14553359,rs10013420,GG,CC,GG,88,91,21,NC_000004.12,Mutation NB - Maternal Origin,Transversion - Purine/Pyrimidine,C>G
17271980,rs12498656,CC,AA,CC,91,91,9,NC_000004.12,Mutation NB - Maternal Origin,Transversion - Purine/Pyrimidine,A>C
18771679,rs1400933,GG,AA,GG,73,100,21,NC_000004.12,Mutation NB - Maternal Origin,Transition - Purine/Purine,A>G
22317732,rs548785109,AA,AA,AG,76,100,75,NC_000004.12,Mutation NB - Paternal Origin,Transition - Purine/Purine,Unsolved
25215300,rs313573,AA,AA,AC,100,85,65,NC_000004.12,Mutation NB - Maternal Origin,Transversion - Purine/Pyrimidine,Unsolved
28848957,rs10010329,CC,CC,CT,67,91,99,NC_000004.12,Mutation NB - Paternal Origin,Transition - Pyrimidine/Pyrimidine,Unsolved
29372273,rs260933,TC,CC,TT,1,85,0,NC_000004.12,Mutation NB - Maternal Origin,Transversion - Purine/Pyrimidine,C>T
35145481,.,AA,AA,AG,64,82,99,NC_000004.12,Mutation NB - Paternal Origin,Transition - Purine/Purine,Unsolved
36420318,rs7691137,CC,GC,GG,91,35,0,NC_000004.12,Mutation NB - Paternal Origin,Transversion - Purine/Pyrimidine,C>G
37305328,rs62301442,AA,AA,AG,64,100,99,NC_000004.12,Mutation NB - Paternal Origin,Transition - Purine/Purine,Unsolved
40641878,rs4861294,AA,AA,AC,88,100,33,NC_000004.12,Mutation NB - Paternal Origin,Transversion - Purine/Pyrimidine,Unsolved
40941901,rs28609755,AA,AA,AC,73,88,99,NC_000004.12,Mutation NB - Paternal Origin,Transversion - Purine/Pyrimidine,Unsolved
42656379,rs1123747,GG,CC,CC,85,88,9,NC_000004.12,Mutation NB - Paternal Origin,Transversion - Purine/Pyrimidine,G>C
42786292,rs13101579,GG,GA,AA,70,8,9,NC_000004.12,Mutation NB - Paternal Origin,Transition - Purine/Purine,G>A
46236761,rs561779,AG,AA,GG,5,100,33,NC_000004.12,Mutation NB - Maternal Origin,Transition - Purine/Purine,A>G
53629585,rs2572292,GG,AA,AA,88,85,15,NC_000004.12,Mutation NB - Paternal Origin,Transition - Purine/Purine,G>A
54435541,rs10517334,CC,TT,CC,76,91,12,NC_000004.12,Mutation NB - Maternal Origin,Transition - Pyrimidine/Pyrimidine,T>C
55169796,rs6852640,GG,TT,GG,73,91,0,NC_000004.12,Mutation NB - Maternal Origin,Transition - Purine/Purine,Transversion - Purine/Pyrimidine,T>G
56283603,.,AA,AA,AG,67,85,44,NC_000004.12,Mutation NB - Paternal Origin,Transition - Purine/Purine,Unsolved
56324076,rs2292983,TT,TT,TC,100,82,99,NC_000004.12,Mutation NB - Maternal Origin,Transition - Pyrimidine/Pyrimidine,Unsolved
56721629,rs973031,CC,CT,TT,100,1,12,NC_000004.12,Mutation NB - Paternal Origin,Transition - Pyrimidine/Pyrimidine,C>T
58102847,rs2169056,AA,GG,AA,73,67,0,NC_000004.12,Mutation NB - Maternal Origin,Transition - Purine/Purine,G>A
58102879,rs2169055,AG,GG,AA,79,67,0,NC_000004.12,Mutation NB - Maternal Origin,Transition - Purine/Purine,G>A
59091987,rs62300269,TT,AA,TT,55,88,15,NC_000004.12,Mutation NB - Maternal Origin,Transversion - Purine/Pyrimidine,A>T
59092035,rs2132343,TT,CC,TT,58,88,15,NC_000004.12,Mutation NB - Maternal Origin,Transition - Pyrimidine/Pyrimidine,C>T
63671126,.,AA,AA,AG,82,73,71,NC_000004.12,Mutation NB - Maternal Origin,Transition - Purine/Purine,Unsolved
67275541,.,CC,CC,CT,82,91,53,NC_000004.12,Mutation NB - Paternal Origin,Transition - Pyrimidine/Pyrimidine,Unsolved
67782568,rs2255844,CC,AA,CC,52,79,15,NC_000004.12,Mutation NB - Maternal Origin,Transversion - Purine/Pyrimidine,A>C
73477339,rs34400902,CC,CC,CT,79,100,65,NC_000004.12,Mutation NB - Paternal Origin,Transition - Pyrimidine/Pyrimidine,Unsolved
75312613,rs112067811,CT,CC,TT,1,79,9,NC_000004.12,Mutation NB - Maternal Origin,Transversion - Purine/Pyrimidine,C>T
76260830,rs78146498,CC,TT,TT,91,79,0,NC_000004.12,Mutation NB - Paternal Origin,Transition - Pyrimidine/Pyrimidine,C>T
76663847,.,AA,AA,AG,79,85,54,NC_000004.12,Mutation NB - Paternal Origin,Transition - Purine/Purine,Unsolved
78284684,rs1958276,AA,GG,GG,99,79,21,NC_000004.12,Mutation NB - Paternal Origin,Transition - Purine/Purine,A>G
80303003,rs6830225,GC,CC,GG,32,73,0,NC_000004.12,Mutation NB - Maternal Origin,Transversion - Purine/Pyrimidine,C>G
82271437,rs10024843,GG,GG,GT,70,100,99,NC_000004.12,Mutation NB - Paternal Origin,Transversion - Purine/Pyrimidine,Unsolved
83378828,.,CC,CC,CT,31,58,50,NC_000004.12,Mutation NB - Paternal Origin,Transition - Pyrimidine/Pyrimidine,Unsolved
87054903,rs443459,AA,GG,AA,88,91,9,NC_000004.12,Mutation NB - Maternal Origin,Transition - Purine/Purine,G>A
87862403,rs6853109,AG,AA,GG,1,100,54,NC_000004.12,Mutation NB - Maternal Origin,Transition - Purine/Purine,A>G
88051189,.,AA,AA,AG,76,88,65,NC_000004.12,Mutation NB - Paternal Origin,Transition - Purine/Purine,Unsolved
94759210,rs12508481,CC,GG,GG,91,76,21,NC_000004.12,Mutation NB - Paternal Origin,Transversion - Purine/Pyrimidine,C>G
97614606,rs9992841,CC,TT,CC,91,100,12,NC_000004.12,Mutation NB - Maternal Origin,Transition - Pyrimidine/Pyrimidine,T>C
99359921,rs12649804,TC,CC,TT,1,91,0,NC_000004.12,Mutation NB - Maternal Origin,Transversion - Purine/Pyrimidine,C>T
101478718,rs79387403,AA,GG,GG,82,79,15,NC_000004.12,Mutation NB - Paternal Origin,Transition - Purine/Purine,A>G
101478743,rs78921338,AA,GG,GG,82,79,15,NC_000004.12,Mutation NB - Paternal Origin,Transition - Purine/Purine,A>G
111155137,rs116114688,GG,GG,GA,100,91,18,NC_000004.12,Mutation NB - Maternal Origin,Transition - Purine/Purine,Unsolved
116705803,rs6817414,AA,GG,GG,82,88,15,NC_000004.12,Mutation NB - Paternal Origin,Transition - Purine/Purine,A>G
116705823,rs6843378,TT,CC,CC,82,88,15,NC_000004.12,Mutation NB - Paternal Origin,Transition - Pyrimidine/Pyrimidine,T>C
116705830,rs6818063,GG,AA,AA,82,88,15,NC_000004.12,Mutation NB - Paternal Origin,Transition - Purine/Purine,G>A
117692694,.,CC,CC,CT,73,79,65,NC_000004.12,Mutation NB - Paternal Origin,Transition - Pyrimidine/Pyrimidine,Unsolved
126979097,rs11725909,AA,GG,AA,88,100,18,NC_000004.12,Mutation NB - Maternal Origin,Transition - Purine/Purine,G>A
128987026,rs35961303,GG,GG,GA,100,79,33,NC_000004.12,Mutation NB - Maternal Origin,Transition - Purine/Purine,Unsolved
129323916,.,AA,AA,AG,82,76,45,NC_000004.12,Mutation NB - Maternal Origin,Transition - Purine/Purine,Unsolved
130336433,rs6534786,TC,CC,TT,1,91,6,NC_000004.12,Mutation NB - Maternal Origin,Transversion - Purine/Pyrimidine,C>T
130858290,.,TT,TT,TC,76,91,33,NC_000004.12,Mutation NB - Paternal Origin,Transition - Pyrimidine/Pyrimidine,Unsolved
136442314,rs7684721,TT,TT,TC,79,100,99,NC_000004.12,Mutation NB - Paternal Origin,Transition - Pyrimidine/Pyrimidine,Unsolved
138053018,rs34730138,AA,GG,GG,73,88,12,NC_000004.12,Mutation NB - Paternal Origin,Transition - Purine/Purine,A>G
138053039,rs7435284,TT,GG,GG,73,88,12,NC_000004.12,Mutation NB - Paternal Origin,Transversion - Purine/Pyrimidine,T>G
139887633,.,CC,CC,CT,58,67,41,NC_000004.12,Mutation NB - Paternal Origin,Transition - Pyrimidine/Pyrimidine,Unsolved
140761145,rs6843792,GA,AA,GG,35,91,9,NC_000004.12,Mutation NB - Maternal Origin,Transition - Purine/Purine,A>G
156416976,.,GG,GG,GA,58,70,44,NC_000004.12,Mutation NB - Paternal Origin,Transition - Purine/Purine,Unsolved
159663517,rs28797928,TT,TT,TC,79,100,68,NC_000004.12,Mutation NB - Paternal Origin,Transition - Pyrimidine/Pyrimidine,Unsolved
161304898,rs921237045,CC,CC,CA,64,91,68,NC_000004.12,Mutation NB - Paternal Origin,Transversion - Purine/Pyrimidine,Unsolved
162786446,rs6839846,GG,GG,GA,88,100,95,NC_000004.12,Mutation NB - Paternal Origin,Transition - Purine/Purine,Unsolved
165125451,rs6811195,CA,CC,AA,1,100,15,NC_000004.12,Mutation NB - Maternal Origin,Transversion - Purine/Pyrimidine,C>A
168398194,rs9997217,AA,CC,AA,100,88,0,NC_000004.12,Mutation NB - Maternal Origin,Transversion - Purine/Pyrimidine,C>A
171571919,rs73867122,TT,TT,TC,100,88,62,NC_000004.12,Mutation NB - Maternal Origin,Transition - Pyrimidine/Pyrimidine,Unsolved
183372165,rs6822542,AG,AA,GG,1,85,18,NC_000004.12,Mutation NB - Maternal Origin,Transition - Purine/Purine,A>G
183372186,rs6848480,TC,TT,CC,1,85,18,NC_000004.12,Mutation NB - Maternal Origin,Transition - Pyrimidine/Pyrimidine,T>C
183413537,rs7686740,TT,GG,TT,73,88,21,NC_000004.12,Mutation NB - Maternal Origin,Transversion - Purine/Pyrimidine,G>T
183413578,rs7662016,CC,TT,CC,70,85,27,NC_000004.12,Mutation NB - Maternal Origin,Transition - Pyrimidine/Pyrimidine,T>C
183733094,rs79942602,TT,CC,CC,98,91,36,NC_000004.12,Mutation NB - Paternal Origin,Transition - Pyrimidine/Pyrimidine,T>C
183748428,rs7698466,GG,GG,GA,100,58,68,NC_000004.12,Mutation NB - Maternal Origin,Transition - Purine/Purine,Unsolved
184260123,rs7680050,TT,CC,TT,82,100,12,NC_000004.12,Mutation NB - Maternal Origin,Transition - Pyrimidine/Pyrimidine,C>T
186841161,rs7697279,GT,GG,TT,1,91,24,NC_000004.12,Mutation NB - Maternal Origin,Transversion - Purine/Pyrimidine,G>T
187851025,.,AA,AA,AG,76,76,62,NC_000004.12,Mutation NB - Paternal or Maternal,Transition - Purine/Purine,Unsolved
188095973,rs74799175,CC,TT,CC,76,88,0,NC_000004.12,Mutation NB - Maternal Origin,Transition - Pyrimidine/Pyrimidine,T>C
188905713,rs73024747,CC,TT,CC,43,88,42,NC_000004.12,Mutation NB - Maternal Origin,Transition - Pyrimidine/Pyrimidine,T>C
189033934,rs34709068,GG,AA,GG,79,82,9,NC_000004.12,Mutation NB - Maternal Origin,Transition - Purine/Purine,A>G
189152501,rs4241916,AA,GG,AA,85,100,33,NC_000004.12,Mutation NB - Maternal Origin,Transition - Purine/Purine,G>A
1190946,rs10060236,GG,AA,GG,64,100,12,NC_000005.10,Mutation NB - Maternal Origin,Transition - Purine/Purine,A>G
1733084,rs114198992,GG,GT,TT,79,82,17,NC_000005.10,Mutation NB - Paternal Origin,Transversion - Purine/Pyrimidine,G>T
2814880,rs12519867,GA,GG,AA,1,100,27,NC_000005.10,Mutation NB - Maternal Origin,Transition - Purine/Purine,G>A
3051268,rs16870960,TT,TT,TC,64,100,99,NC_000005.10,Mutation NB - Paternal Origin,Transition - Pyrimidine/Pyrimidine,Unsolved
3639654,rs10475231,CC,TT,TT,88,100,0,NC_000005.10,Mutation NB - Paternal Origin,Transition - Pyrimidine/Pyrimidine,C>T
5635034,rs10066483,AA,AG,GG,61,1,2,NC_000005.10,Mutation NB - Paternal Origin,Transition - Purine/Purine,A>G
6395359,.,AA,AA,AG,91,88,89,NC_000005.10,Mutation NB - Maternal Origin,Transition - Purine/Purine,Unsolved
6726351,rs274709,TC,CC,TT,5,91,51,NC_000005.10,Mutation NB - Maternal Origin,Transversion - Purine/Pyrimidine,C>T
7068320,rs6869406,TT,TG,GG,100,73,18,NC_000005.10,Mutation NB - Paternal Origin,Transversion - Purine/Pyrimidine,T>G
8786067,rs877813,AA,GA,GG,73,46,0,NC_000005.10,Mutation NB - Paternal Origin,Transition - Purine/Purine,A>G
8829333,rs1373846026,CC,CC,CT,40,76,44,NC_000005.10,Mutation NB - Paternal Origin,Transition - Pyrimidine/Pyrimidine,Unsolved
8974420,rs1947586,TT,CC,CC,100,88,24,NC_000005.10,Mutation NB - Paternal Origin,Transition - Pyrimidine/Pyrimidine,T>C
9085588,rs61090048,AA,AA,AC,76,100,99,NC_000005.10,Mutation NB - Paternal Origin,Transversion - Purine/Pyrimidine,Unsolved
11340395,rs39930,GG,AG,AA,88,29,0,NC_000005.10,Mutation NB - Paternal Origin,Transition - Purine/Purine,G>A
12789384,rs9505706,GG,GG,AA,100,100,27,NC_000005.10,Mutation NB - Paternal or Maternal,Transition - Purine/Purine,Unsolved
13070780,rs1735340223,GG,GG,GA,49,88,62,NC_000005.10,Mutation NB - Paternal Origin,Transition - Purine/Purine,Unsolved
13409897,rs4434379,CC,CC,AA,88,100,9,NC_000005.10,Mutation NB - Paternal Origin,Transversion - Purine/Pyrimidine,Unsolved
13409899,rs2401802,TC,TT,CC,39,100,9,NC_000005.10,Mutation NB - Maternal Origin,Transition - Pyrimidine/Pyrimidine,T>C
13946697,.,GG,GG,GA,82,76,63,NC_000005.10,Mutation NB - Maternal Origin,Transition - Purine/Purine,Unsolved
14051668,rs163832,TA,TT,AA,1,100,9,NC_000005.10,Mutation NB - Maternal Origin,Transversion - Purine/Pyrimidine,T>A
15218856,rs10475040,CG,GG,CC,1,79,33,NC_000005.10,Mutation NB - Maternal Origin,Transversion - Purine/Pyrimidine,G>C
16681857,rs399833,GA,GG,AA,45,100,9,NC_000005.10,Mutation NB - Maternal Origin,Transition - Purine/Purine,G>A
24067541,rs114243152,GA,GG,AA,5,73,15,NC_000005.10,Mutation NB - Maternal Origin,Transition - Purine/Purine,G>A
25530516,.,AA,AA,AG,82,67,71,NC_000005.10,Mutation NB - Maternal Origin,Transition - Purine/Purine,Unsolved
30573942,rs140363069,GG,GG,GA,58,100,69,NC_000005.10,Mutation NB - Paternal Origin,Transition - Purine/Purine,Unsolved
30971707,rs1276147,GG,GG,GA,100,82,99,NC_000005.10,Mutation NB - Maternal Origin,Transition - Purine/Purine,Unsolved
31738358,rs139061625,CC,CC,CT,100,67,99,NC_000005.10,Mutation NB - Maternal Origin,Transition - Pyrimidine/Pyrimidine,Unsolved
31777343,rs7729537,GG,TT,TT,73,82,0,NC_000005.10,Mutation NB - Paternal Origin,Transversion - Purine/Pyrimidine,G>T
33108580,rs6450943,TT,TT,CC,100,88,21,NC_000005.10,Mutation NB - Maternal Origin,Transition - Pyrimidine/Pyrimidine,Unsolved
35384956,rs391582,GT,GG,TT,1,82,12,NC_000005.10,Mutation NB - Maternal Origin,Transversion - Purine/Pyrimidine,G>T
35852209,rs6890853,GG,GG,GA,100,82,30,NC_000005.10,Mutation NB - Maternal Origin,Transition - Purine/Purine,Unsolved
35883655,rs2194226,CA,AA,CC,1,91,0,NC_000005.10,Mutation NB - Maternal Origin,A>C
39350816,rs835211,GG,CC,GG,67,91,12,NC_000005.10,Mutation NB - Maternal Origin,Transversion - Purine/Pyrimidine,C>G
40896160,rs143963371,CC,CC,CT,85,100,98,NC_000005.10,Mutation NB - Paternal Origin,Transition - Pyrimidine/Pyrimidine,Unsolved
50993662,rs250223,AA,CC,CC,79,79,27,NC_000005.10,Mutation NB - Paternal Origin,Transversion - Purine/Pyrimidine,A>C
66233684,rs39565,CC,CC,CT,83,100,99,NC_000005.10,Mutation NB - Paternal Origin,Transition - Pyrimidine/Pyrimidine,Unsolved
66237827,rs29462,CC,CT,TT,91,1,24,NC_000005.10,Mutation NB - Paternal Origin,Transition - Pyrimidine/Pyrimidine,C>T
67170008,rs73102021,AA,AA,CC,85,100,15,NC_000005.10,Mutation NB - Paternal Origin,Transversion - Purine/Pyrimidine,Unsolved
67694076,rs4976117,CT,TT,CC,44,73,0,NC_000005.10,Mutation NB - Maternal Origin,Transition - Pyrimidine/Pyrimidine,T>C
71683585,rs1863980,AA,AA,AG,61,100,51,NC_000005.10,Mutation NB - Paternal Origin,Transition - Purine/Purine,Unsolved
72086194,rs1423286309,TT,TT,TC,79,82,52,NC_000005.10,Mutation NB - Paternal Origin,Transition - Pyrimidine/Pyrimidine,Unsolved
75102316,rs4354015,AG,GG,AA,67,91,9,NC_000005.10,Mutation NB - Maternal Origin,Transition - Purine/Purine,G>A
76265906,rs4266386,AA,GG,GG,100,82,9,NC_000005.10,Mutation NB - Paternal Origin,Transition - Purine/Purine,A>G
76755704,rs539424126,AA,AA,AC,73,100,68,NC_000005.10,Mutation NB - Paternal Origin,Transversion - Purine/Pyrimidine,Unsolved
94026125,rs1746728399,AA,AA,AG,52,79,40,NC_000005.10,Mutation NB - Paternal Origin,Transition - Purine/Purine,Unsolved
94661058,rs2132548,TG,TT,GG,41,100,15,NC_000005.10,Mutation NB - Maternal Origin,Transversion - Purine/Pyrimidine,T>G
98114217,rs7443143,CC,TT,CC,73,88,15,NC_000005.10,Mutation NB - Maternal Origin,Transition - Pyrimidine/Pyrimidine,T>C
102145321,rs649983,AA,CC,AA,91,100,14,NC_000005.10,Mutation NB - Maternal Origin,Transversion - Purine/Pyrimidine,C>A
107697186,rs4957708,GA,GG,AA,2,100,21,NC_000005.10,Mutation NB - Maternal Origin,Transition - Purine/Purine,G>A
107978010,rs1393516266,TT,TT,TC,79,79,53,NC_000005.10,Mutation NB - Paternal or Maternal,Transition - Pyrimidine/Pyrimidine,Unsolved
113049757,rs114041950,AG,AA,GG,92,91,21,NC_000005.10,Mutation NB - Maternal Origin,Transition - Purine/Purine,A>G
114486500,rs72801872,AA,GG,GG,91,91,15,NC_000005.10,Mutation NB - Paternal Origin,Transition - Purine/Purine,A>G
115042134,rs56145521,CT,CC,TT,1,100,18,NC_000005.10,Mutation NB - Maternal Origin,Transversion - Purine/Pyrimidine,C>T
119635240,rs988465,AA,AA,AG,37,100,99,NC_000005.10,Mutation NB - Paternal Origin,Transition - Purine/Purine,Unsolved
120351937,rs12658673,GG,AA,AA,88,88,27,NC_000005.10,Mutation NB - Paternal Origin,Transition - Purine/Purine,G>A
124256943,rs146725401,GG,GG,GA,61,100,61,NC_000005.10,Mutation NB - Paternal Origin,Transition - Purine/Purine,Unsolved
126707335,rs7445054,GA,AA,GG,1,82,0,NC_000005.10,Mutation NB - Maternal Origin,Transition - Purine/Purine,A>G
129306726,rs190261949,TT,TT,TC,73,82,44,NC_000005.10,Mutation NB - Paternal Origin,Transition - Pyrimidine/Pyrimidine,Unsolved
132271387,rs270619,AA,GG,AA,82,79,0,NC_000005.10,Mutation NB - Maternal Origin,Transition - Purine/Purine,G>A
132641435,rs2240032,CC,CT,TT,85,34,9,NC_000005.10,Mutation NB - Paternal Origin,Transition - Pyrimidine/Pyrimidine,C>T
132792818,rs440047,GT,TT,GG,1,79,0,NC_000005.10,Mutation NB - Maternal Origin,Transversion - Purine/Pyrimidine,T>G
133800078,rs9327672,CC,TT,CC,79,91,9,NC_000005.10,Mutation NB - Maternal Origin,Transition - Pyrimidine/Pyrimidine,T>C
135590842,rs17168700,TT,CT,CC,88,70,15,NC_000005.10,Mutation NB - Paternal Origin,Transition - Pyrimidine/Pyrimidine,T>C
136445386,rs6893154,CC,GG,CC,88,64,0,NC_000005.10,Mutation NB - Maternal Origin,Transversion - Purine/Pyrimidine,G>C
137207293,rs880042,TT,CC,CC,91,85,15,NC_000005.10,Mutation NB - Paternal Origin,Transition - Pyrimidine/Pyrimidine,T>C
137292195,.,AA,AA,AG,55,88,44,NC_000005.10,Mutation NB - Paternal Origin,Transition - Purine/Purine,Unsolved
139543554,rs114120183,GG,GG,GA,76,100,99,NC_000005.10,Mutation NB - Paternal Origin,Transition - Purine/Purine,Unsolved
139680901,rs356445,GG,AA,GG,73,70,24,NC_000005.10,Mutation NB - Maternal Origin,Transition - Purine/Purine,A>G
148678033,rs1820073,TT,CC,TT,76,85,9,NC_000005.10,Mutation NB - Maternal Origin,Transition - Pyrimidine/Pyrimidine,C>T
150792315,rs13354174,TT,TC,CC,64,1,12,NC_000005.10,Mutation NB - Paternal Origin,Transition - Pyrimidine/Pyrimidine,T>C
151662894,.,AA,AA,AG,64,85,41,NC_000005.10,Mutation NB - Paternal Origin,Transition - Purine/Purine,Unsolved
151662989,rs1054204,GG,CC,CC,79,88,0,NC_000005.10,Mutation NB - Paternal Origin,Transversion - Purine/Pyrimidine,G>C
152536269,rs56028813,AA,GG,GG,91,76,18,NC_000005.10,Mutation NB - Paternal Origin,Transition - Purine/Purine,A>G
157333791,rs1900158,GG,GG,GA,61,100,99,NC_000005.10,Mutation NB - Paternal Origin,Transition - Purine/Purine,Unsolved
157362648,rs73306249,CC,CC,CT,85,100,20,NC_000005.10,Mutation NB - Paternal Origin,Transition - Pyrimidine/Pyrimidine,Unsolved
157362763,rs7714183,TT,TT,TC,61,100,56,NC_000005.10,Mutation NB - Paternal Origin,Transition - Pyrimidine/Pyrimidine,Unsolved
166038610,.,TT,TT,TC,61,70,53,NC_000005.10,Mutation NB - Paternal Origin,Transition - Pyrimidine/Pyrimidine,Unsolved
170770775,rs10475958,CA,AA,CC,29,88,30,NC_000005.10,Mutation NB - Maternal Origin,A>C
170922632,rs2167414,GG,AA,GG,52,100,24,NC_000005.10,Mutation NB - Maternal Origin,Transition - Purine/Purine,A>G
173292310,rs188724787,CC,CG,GG,85,1,12,NC_000005.10,Mutation NB - Paternal Origin,Transversion - Purine/Pyrimidine,C>G
176478302,rs2913898,CC,CC,TC,76,79,99,NC_000005.10,Mutation NB - Paternal Origin,Transition - Pyrimidine/Pyrimidine,Unsolved
176664830,rs13182190,GG,GG,CG,55,82,88,NC_000005.10,Mutation NB - Paternal Origin,Transition - Purine/Purine,Transversion - Purine/Pyrimidine,Unsolved
176687537,rs2884532,TT,CC,CC,58,85,15,NC_000005.10,Mutation NB - Paternal Origin,Transition - Pyrimidine/Pyrimidine,T>C
176721464,rs11741850,TT,AA,TT,88,91,12,NC_000005.10,Mutation NB - Maternal Origin,Transversion - Purine/Pyrimidine,A>T
180196966,rs111274391,GG,GG,GA,67,85,56,NC_000005.10,Mutation NB - Paternal Origin,Transition - Purine/Purine,Unsolved
180211753,rs79172932,CC,CC,CT,70,91,72,NC_000005.10,Mutation NB - Paternal Origin,Transition - Pyrimidine/Pyrimidine,Unsolved
180491094,.,TT,TT,TC,55,55,68,NC_000005.10,Mutation NB - Paternal or Maternal,Transition - Pyrimidine/Pyrimidine,Unsolved
180934813,rs2387716,TC,CC,TT,38,91,15,NC_000005.10,Mutation NB - Maternal Origin,Transversion - Purine/Pyrimidine,C>T
379416,rs3866816,CC,CC,CT,70,91,99,NC_000006.12,Mutation NB - Paternal Origin,Transition - Pyrimidine/Pyrimidine,Unsolved
1199975,rs931435752,GG,GG,GA,100,91,24,NC_000006.12,Mutation NB - Maternal Origin,Transition - Purine/Purine,Unsolved
4225385,rs9392569,GG,GG,GA,100,100,62,NC_000006.12,Mutation NB - Paternal or Maternal,Transition - Purine/Purine,Unsolved
5603880,rs9504449,GG,AA,GG,91,88,0,NC_000006.12,Mutation NB - Maternal Origin,Transition - Purine/Purine,A>G
6588957,.,TT,TT,TC,79,82,42,NC_000006.12,Mutation NB - Paternal Origin,Transition - Pyrimidine/Pyrimidine,Unsolved
7803055,rs1322241,TT,CC,CC,100,76,15,NC_000006.12,Mutation NB - Paternal Origin,Transition - Pyrimidine/Pyrimidine,T>C
8526791,rs230231,GG,GG,GA,70,100,99,NC_000006.12,Mutation NB - Paternal Origin,Transition - Purine/Purine,Unsolved
9518008,rs9472894,CC,GG,CC,73,91,18,NC_000006.12,Mutation NB - Maternal Origin,Transversion - Purine/Pyrimidine,G>C
9722449,rs10949268,GG,GG,GA,88,70,56,NC_000006.12,Mutation NB - Maternal Origin,Transition - Purine/Purine,Unsolved
11498192,rs821543,CC,TT,TT,61,46,0,NC_000006.12,Mutation NB - Paternal Origin,Transition - Pyrimidine/Pyrimidine,C>T
13300136,rs641293,AA,CC,AA,79,76,0,NC_000006.12,Mutation NB - Maternal Origin,Transversion - Purine/Pyrimidine,C>A
14655741,rs857419,TT,CC,TT,61,64,0,NC_000006.12,Mutation NB - Maternal Origin,Transition - Pyrimidine/Pyrimidine,C>T
15522220,.,CC,CC,CT,61,91,44,NC_000006.12,Mutation NB - Paternal Origin,Transition - Pyrimidine/Pyrimidine,Unsolved
16217124,rs4418190,TT,TT,TC,58,100,21,NC_000006.12,Mutation NB - Paternal Origin,Transition - Pyrimidine/Pyrimidine,Unsolved
22598507,rs62391062,GG,AA,AA,100,76,33,NC_000006.12,Mutation NB - Paternal Origin,Transition - Purine/Purine,G>A
33826686,rs1535951,GG,GG,GT,67,100,68,NC_000006.12,Mutation NB - Paternal Origin,Transversion - Purine/Pyrimidine,Unsolved
33947164,rs9357168,TT,TC,CC,100,1,18,NC_000006.12,Mutation NB - Paternal Origin,Transition - Pyrimidine/Pyrimidine,T>C
34142480,rs9380409,TT,CC,CC,52,100,0,NC_000006.12,Mutation NB - Paternal Origin,Transition - Pyrimidine/Pyrimidine,T>C
34458669,.,TT,TT,TC,73,91,56,NC_000006.12,Mutation NB - Paternal Origin,Transition - Pyrimidine/Pyrimidine,Unsolved
34804043,rs3798349,GG,AA,AA,79,76,30,NC_000006.12,Mutation NB - Paternal Origin,Transition - Purine/Purine,G>A
38345537,rs6917308,CC,TT,CC,79,85,15,NC_000006.12,Mutation NB - Maternal Origin,Transition - Pyrimidine/Pyrimidine,T>C
39973634,rs9369149,AA,AA,AG,70,91,99,NC_000006.12,Mutation NB - Paternal Origin,Transition - Purine/Purine,Unsolved
40197046,rs73732525,CC,TT,TT,85,92,12,NC_000006.12,Mutation NB - Paternal Origin,Transition - Pyrimidine/Pyrimidine,C>T
41347220,rs2008640,AA,GG,AA,79,100,15,NC_000006.12,Mutation NB - Maternal Origin,Transition - Purine/Purine,G>A
41526320,rs2477845,CC,TT,CC,73,88,18,NC_000006.12,Mutation NB - Maternal Origin,Transition - Pyrimidine/Pyrimidine,T>C
42160561,rs2281466,CC,CC,CT,75,82,99,NC_000006.12,Mutation NB - Paternal Origin,Transition - Pyrimidine/Pyrimidine,Unsolved
42270195,rs7752373,GG,CC,CC,97,76,9,NC_000006.12,Mutation NB - Paternal Origin,Transversion - Purine/Pyrimidine,G>C
42279418,rs78493860,AA,AA,AG,88,100,93,NC_000006.12,Mutation NB - Paternal Origin,Transition - Purine/Purine,Unsolved
43121589,rs528443872,CC,CC,CT,70,88,88,NC_000006.12,Mutation NB - Paternal Origin,Transition - Pyrimidine/Pyrimidine,Unsolved
45291002,.,AA,AA,AG,64,79,56,NC_000006.12,Mutation NB - Paternal Origin,Transition - Purine/Purine,Unsolved
46914428,rs4714958,CC,CT,TT,82,28,9,NC_000006.12,Mutation NB - Paternal Origin,Transition - Pyrimidine/Pyrimidine,C>T
48694012,rs2495905,CC,GG,GG,68,79,0,NC_000006.12,Mutation NB - Paternal Origin,Transversion - Purine/Pyrimidine,C>G
50241282,.,CC,CC,CT,37,73,41,NC_000006.12,Mutation NB - Paternal Origin,Transition - Pyrimidine/Pyrimidine,Unsolved
50396742,rs55861698,GG,GG,GA,76,73,99,NC_000006.12,Mutation NB - Maternal Origin,Transition - Purine/Purine,Unsolved
56641703,rs967240414,TT,TT,TC,82,73,59,NC_000006.12,Mutation NB - Maternal Origin,Transition - Pyrimidine/Pyrimidine,Unsolved
57199148,rs12195875,AA,GG,AA,85,91,15,NC_000006.12,Mutation NB - Maternal Origin,Transition - Purine/Purine,G>A
73910990,rs112892768,CC,CC,CG,70,100,95,NC_000006.12,Mutation NB - Paternal Origin,Transversion - Purine/Pyrimidine,Unsolved
76250882,rs1564967,CC,TT,CC,85,88,9,NC_000006.12,Mutation NB - Maternal Origin,Transition - Pyrimidine/Pyrimidine,T>C
78910990,rs7758407,GG,GG,GC,100,91,91,NC_000006.12,Mutation NB - Maternal Origin,Transition - Purine/Purine,Transversion - Purine/Pyrimidine,Unsolved
84936567,rs11758399,CC,CC,CA,73,100,98,NC_000006.12,Mutation NB - Paternal Origin,Transversion - Purine/Pyrimidine,Unsolved
92995814,.,TT,TT,TC,91,91,51,NC_000006.12,Mutation NB - Paternal or Maternal,Transition - Pyrimidine/Pyrimidine,Unsolved
96704660,rs371354,AA,AA,AG,100,88,99,NC_000006.12,Mutation NB - Maternal Origin,Transition - Purine/Purine,Unsolved
98964986,rs150391153,TT,TA,AA,85,1,24,NC_000006.12,Mutation NB - Paternal Origin,Transversion - Purine/Pyrimidine,T>A
102662004,.,GG,GG,GA,46,85,50,NC_000006.12,Mutation NB - Paternal Origin,Transition - Purine/Purine,Unsolved
105292870,.,TT,TT,TC,64,49,68,NC_000006.12,Mutation NB - Maternal Origin,Transition - Pyrimidine/Pyrimidine,Unsolved
105485663,.,AA,AA,AG,61,85,44,NC_000006.12,Mutation NB - Paternal Origin,Transition - Purine/Purine,Unsolved
106653388,rs13202677,CC,CG,GG,100,29,42,NC_000006.12,Mutation NB - Paternal Origin,Transversion - Purine/Pyrimidine,C>G
109509855,rs6568578,TT,CC,TT,73,88,0,NC_000006.12,Mutation NB - Maternal Origin,Transition - Pyrimidine/Pyrimidine,C>T
109686798,.,AA,AA,AG,64,85,53,NC_000006.12,Mutation NB - Paternal Origin,Transition - Purine/Purine,Unsolved
109962258,rs73762938,GG,AA,GG,82,91,21,NC_000006.12,Mutation NB - Maternal Origin,Transition - Purine/Purine,A>G
110034954,rs13196035,AA,AA,CC,100,100,12,NC_000006.12,Mutation NB - Paternal or Maternal,Transversion - Purine/Pyrimidine,Unsolved
111643881,rs9487701,AA,GG,GG,100,70,9,NC_000006.12,Mutation NB - Paternal Origin,Transition - Purine/Purine,A>G
111643897,rs9320371,TT,CC,CC,100,70,9,NC_000006.12,Mutation NB - Paternal Origin,Transition - Pyrimidine/Pyrimidine,T>C
111644066,rs9481174,CC,AA,AA,100,88,12,NC_000006.12,Mutation NB - Paternal Origin,Transversion - Purine/Pyrimidine,C>A
111644069,rs9320373,GG,AA,AA,100,88,12,NC_000006.12,Mutation NB - Paternal Origin,Transition - Purine/Purine,G>A
112361788,.,TT,TT,TC,70,79,71,NC_000006.12,Mutation NB - Paternal Origin,Transition - Pyrimidine/Pyrimidine,Unsolved
113350378,.,GG,GG,GC,73,79,71,NC_000006.12,Mutation NB - Paternal Origin,Transition - Purine/Purine,Transversion - Purine/Pyrimidine,Unsolved
114726022,rs34791501,CC,CC,CT,100,85,95,NC_000006.12,Mutation NB - Maternal Origin,Transition - Pyrimidine/Pyrimidine,Unsolved
115272795,rs61253071,GG,GG,GC,79,100,98,NC_000006.12,Mutation NB - Paternal Origin,Transition - Purine/Purine,Transversion - Purine/Pyrimidine,Unsolved
116322938,rs9320558,GG,TT,TT,49,79,0,NC_000006.12,Mutation NB - Paternal Origin,Transversion - Purine/Pyrimidine,G>T
122872036,rs9490574,TT,GT,GG,52,32,12,NC_000006.12,Mutation NB - Paternal Origin,Transversion - Purine/Pyrimidine,T>G
127428414,rs7749526,TG,GG,TT,38,88,0,NC_000006.12,Mutation NB - Maternal Origin,Transversion - Purine/Pyrimidine,G>T
131485762,rs2608965,AA,GG,AA,91,91,9,NC_000006.12,Mutation NB - Maternal Origin,Transition - Purine/Purine,G>A
142232603,rs9376680,CC,CC,CT,67,100,99,NC_000006.12,Mutation NB - Paternal Origin,Transition - Pyrimidine/Pyrimidine,Unsolved
144351669,rs73592848,AA,AA,AG,79,88,99,NC_000006.12,Mutation NB - Paternal Origin,Transition - Purine/Purine,Unsolved
145765921,rs137895557,GG,TT,GG,88,91,12,NC_000006.12,Mutation NB - Maternal Origin,Transition - Purine/Purine,Transversion - Purine/Pyrimidine,T>G
148010828,rs9373543,CC,CC,CT,40,91,47,NC_000006.12,Mutation NB - Paternal Origin,Transition - Pyrimidine/Pyrimidine,Unsolved
152647319,rs9383635,CT,CC,TT,32,100,15,NC_000006.12,Mutation NB - Maternal Origin,Transversion - Purine/Pyrimidine,C>T
156392271,rs9397932,AA,AA,AG,91,100,30,NC_000006.12,Mutation NB - Paternal Origin,Transition - Purine/Purine,Unsolved
157670895,rs624497,AG,GG,AA,29,91,12,NC_000006.12,Mutation NB - Maternal Origin,Transition - Purine/Purine,G>A
160605898,.,AA,AA,AG,79,79,53,NC_000006.12,Mutation NB - Paternal or Maternal,Transition - Purine/Purine,Unsolved
162351187,.,TT,TT,TC,76,73,50,NC_000006.12,Mutation NB - Maternal Origin,Transition - Pyrimidine/Pyrimidine,Unsolved
163314099,rs79360816,GG,GG,GA,73,100,92,NC_000006.12,Mutation NB - Paternal Origin,Transition - Purine/Purine,Unsolved
163336844,.,TT,TT,TC,52,55,62,NC_000006.12,Mutation NB - Paternal Origin,Transition - Pyrimidine/Pyrimidine,Unsolved
163341937,rs760885,CC,TT,TT,82,88,0,NC_000006.12,Mutation NB - Paternal Origin,Transition - Pyrimidine/Pyrimidine,C>T
163565450,rs715020,GG,AA,AA,67,88,0,NC_000006.12,Mutation NB - Paternal Origin,Transition - Purine/Purine,G>A
163618257,rs9365590,CC,CC,CT,91,100,65,NC_000006.12,Mutation NB - Paternal Origin,Transition - Pyrimidine/Pyrimidine,Unsolved
163671771,rs12665755,GG,GG,GA,55,91,99,NC_000006.12,Mutation NB - Paternal Origin,Transition - Purine/Purine,Unsolved
165302804,rs557386,TT,TT,TC,88,100,66,NC_000006.12,Mutation NB - Paternal Origin,Transition - Pyrimidine/Pyrimidine,Unsolved
165708134,rs73028191,AA,AA,CC,100,91,18,NC_000006.12,Mutation NB - Maternal Origin,Transversion - Purine/Pyrimidine,Unsolved
166506290,rs929109,AA,AA,GG,73,91,12,NC_000006.12,Mutation NB - Paternal Origin,Transition - Purine/Purine,Unsolved
166669989,rs9347145,CC,CC,CA,73,100,99,NC_000006.12,Mutation NB - Paternal Origin,Transversion - Purine/Pyrimidine,Unsolved
166988662,rs404222,GG,GG,GA,100,82,99,NC_000006.12,Mutation NB - Maternal Origin,Transition - Purine/Purine,Unsolved
167589224,rs889955161,GG,GG,GA,67,100,17,NC_000006.12,Mutation NB - Paternal Origin,Transition - Purine/Purine,Unsolved
167748487,rs547295,CC,GG,CC,61,91,21,NC_000006.12,Mutation NB - Maternal Origin,Transversion - Purine/Pyrimidine,G>C
167758059,rs566041,CC,CC,CG,70,100,99,NC_000006.12,Mutation NB - Paternal Origin,Transversion - Purine/Pyrimidine,Unsolved
168042165,rs140413393,AA,GG,GG,88,85,9,NC_000006.12,Mutation NB - Paternal Origin,Transition - Purine/Purine,A>G
169990993,.,GG,GG,GT,85,82,56,NC_000006.12,Mutation NB - Maternal Origin,Transversion - Purine/Pyrimidine,Unsolved
169995100,rs968365170,AA,GG,GG,91,85,9,NC_000006.12,Mutation NB - Paternal Origin,Transition - Purine/Purine,A>G
170088485,rs13216839,TT,CC,CC,85,88,0,NC_000006.12,Mutation NB - Paternal Origin,Transition - Pyrimidine/Pyrimidine,T>C
170153841,rs3012385,AA,CC,AA,67,82,12,NC_000006.12,Mutation NB - Maternal Origin,Transversion - Purine/Pyrimidine,C>A
1271642,rs116406261,GG,GA,AA,82,38,21,NC_000007.14,Mutation NB - Paternal Origin,Transition - Purine/Purine,G>A
1442627,rs1584212191,TT,TT,TC,64,88,99,NC_000007.14,Mutation NB - Paternal Origin,Transition - Pyrimidine/Pyrimidine,Unsolved
1442633,rs1377113539,TT,TT,TC,91,100,98,NC_000007.14,Mutation NB - Paternal Origin,Transition - Pyrimidine/Pyrimidine,Unsolved
1482336,.,AA,AA,AG,79,79,40,NC_000007.14,Mutation NB - Paternal or Maternal,Transition - Purine/Purine,Unsolved
1543652,rs892523,GG,AG,AA,91,39,0,NC_000007.14,Mutation NB - Paternal Origin,Transition - Purine/Purine,G>A
1946122,.,TT,TT,TC,64,88,71,NC_000007.14,Mutation NB - Paternal Origin,Transition - Pyrimidine/Pyrimidine,Unsolved
2002003,rs1107591,AA,GG,GG,79,73,24,NC_000007.14,Mutation NB - Paternal Origin,Transition - Purine/Purine,A>G
2004023,rs73277166,GA,GG,AA,79,100,15,NC_000007.14,Mutation NB - Maternal Origin,Transition - Purine/Purine,G>A
2120982,rs149279710,GG,AA,GG,76,91,0,NC_000007.14,Mutation NB - Maternal Origin,Transition - Purine/Purine,A>G
2323494,rs12670380,AA,CC,AA,82,73,12,NC_000007.14,Mutation NB - Maternal Origin,Transversion - Purine/Pyrimidine,C>A
2481755,rs17794559,TT,CC,CC,91,91,24,NC_000007.14,Mutation NB - Paternal Origin,Transition - Pyrimidine/Pyrimidine,T>C
2808456,.,AA,AA,AG,76,91,56,NC_000007.14,Mutation NB - Paternal Origin,Transition - Purine/Purine,Unsolved
3156372,rs4599715,AA,GG,GG,91,85,21,NC_000007.14,Mutation NB - Paternal Origin,Transition - Purine/Purine,A>G
5395152,rs12533163,GG,CC,GG,58,91,15,NC_000007.14,Mutation NB - Maternal Origin,Transversion - Purine/Pyrimidine,C>G
6146771,rs10232283,AA,AA,AG,70,100,99,NC_000007.14,Mutation NB - Paternal Origin,Transition - Purine/Purine,Unsolved
7201476,rs75439000,GG,GA,AA,91,38,12,NC_000007.14,Mutation NB - Paternal Origin,Transition - Purine/Purine,G>A
14587189,rs11526189,AA,AA,AG,79,91,67,NC_000007.14,Mutation NB - Paternal Origin,Transition - Purine/Purine,Unsolved
14601038,rs1525083,CC,AC,AA,79,32,0,NC_000007.14,Mutation NB - Paternal Origin,Transversion - Purine/Pyrimidine,C>A
15600434,.,TT,TT,TC,58,91,47,NC_000007.14,Mutation NB - Paternal Origin,Transition - Pyrimidine/Pyrimidine,Unsolved
16370412,rs7783283,CC,TT,CC,61,64,9,NC_000007.14,Mutation NB - Maternal Origin,Transition - Pyrimidine/Pyrimidine,T>C
16816962,rs1351417004,TT,TT,TC,91,85,59,NC_000007.14,Mutation NB - Maternal Origin,Transition - Pyrimidine/Pyrimidine,Unsolved
21852798,rs2074326,GG,GA,AA,91,67,9,NC_000007.14,Mutation NB - Paternal Origin,Transition - Purine/Purine,G>A
24422701,rs1858957,AA,GG,AA,88,85,29,NC_000007.14,Mutation NB - Maternal Origin,Transition - Purine/Purine,G>A
25335223,.,TT,TT,TC,70,85,47,NC_000007.14,Mutation NB - Paternal Origin,Transition - Pyrimidine/Pyrimidine,Unsolved
27178127,rs7806799,AG,GG,AA,82,91,0,NC_000007.14,Mutation NB - Maternal Origin,Transition - Purine/Purine,G>A
29272100,rs3828991,AA,GG,GG,73,82,24,NC_000007.14,Mutation NB - Paternal Origin,Transition - Purine/Purine,A>G
29456961,rs68130686,TT,TT,TC,100,82,71,NC_000007.14,Mutation NB - Maternal Origin,Transition - Pyrimidine/Pyrimidine,Unsolved
30721803,rs255151,AA,AA,GG,82,91,0,NC_000007.14,Mutation NB - Paternal Origin,Transition - Purine/Purine,Unsolved
33219325,rs60871858,GG,GG,GA,100,91,65,NC_000007.14,Mutation NB - Maternal Origin,Transition - Purine/Purine,Unsolved
37335369,rs12537646,GG,GG,GA,79,82,72,NC_000007.14,Mutation NB - Paternal Origin,Transition - Purine/Purine,Unsolved
38655984,rs10226586,AA,AA,AG,100,82,99,NC_000007.14,Mutation NB - Maternal Origin,Transition - Purine/Purine,Unsolved
41692467,rs1794545354,TT,TT,TC,76,88,62,NC_000007.14,Mutation NB - Paternal Origin,Transition - Pyrimidine/Pyrimidine,Unsolved
42155834,rs699503,TA,TT,AA,1,88,24,NC_000007.14,Mutation NB - Maternal Origin,Transversion - Purine/Pyrimidine,T>A
42155911,.,TT,TT,TC,76,88,62,NC_000007.14,Mutation NB - Paternal Origin,Transition - Pyrimidine/Pyrimidine,Unsolved
44960503,rs3812261,CC,TT,TT,91,91,9,NC_000007.14,Mutation NB - Paternal Origin,Transition - Pyrimidine/Pyrimidine,C>T
47448989,.,AA,AA,AG,25,61,39,NC_000007.14,Mutation NB - Paternal Origin,Transition - Purine/Purine,Unsolved
47859438,rs6463452,GG,AA,GG,88,82,9,NC_000007.14,Mutation NB - Maternal Origin,Transition - Purine/Purine,A>G
51452463,rs12669861,TT,CC,TT,64,88,12,NC_000007.14,Mutation NB - Maternal Origin,Transition - Pyrimidine/Pyrimidine,C>T
51879036,rs55877774,TC,TT,CC,1,85,18,NC_000007.14,Mutation NB - Maternal Origin,Transition - Pyrimidine/Pyrimidine,T>C
52941135,rs7455653,TC,TT,CC,1,100,33,NC_000007.14,Mutation NB - Maternal Origin,Transition - Pyrimidine/Pyrimidine,T>C
54454592,rs9642552,TT,TT,TC,100,100,65,NC_000007.14,Mutation NB - Paternal or Maternal,Transition - Pyrimidine/Pyrimidine,Unsolved
54789897,rs6942798,CC,TT,CC,76,91,21,NC_000007.14,Mutation NB - Maternal Origin,Transition - Pyrimidine/Pyrimidine,T>C
55273239,rs6951786,CC,TT,CC,70,67,0,NC_000007.14,Mutation NB - Maternal Origin,Transition - Pyrimidine/Pyrimidine,T>C
56153076,rs816251,CC,CC,CT,88,100,59,NC_000007.14,Mutation NB - Paternal Origin,Transition - Pyrimidine/Pyrimidine,Unsolved
56494989,rs10232838,GG,AA,AA,88,100,15,NC_000007.14,Mutation NB - Paternal Origin,Transition - Purine/Purine,G>A
64045167,rs11979814,CC,CC,CG,100,100,99,NC_000007.14,Mutation NB - Paternal or Maternal,Transversion - Purine/Pyrimidine,Unsolved
64184505,rs74802026,CC,CC,CT,82,100,99,NC_000007.14,Mutation NB - Paternal Origin,Transition - Pyrimidine/Pyrimidine,Unsolved
65406840,rs6965832,CC,AA,AA,88,85,0,NC_000007.14,Mutation NB - Paternal Origin,Transversion - Purine/Pyrimidine,C>A
66545276,rs10081172,AA,GG,GG,95,100,0,NC_000007.14,Mutation NB - Paternal Origin,Transition - Purine/Purine,A>G
66692033,rs2707841,GG,AA,AA,88,88,0,NC_000007.14,Mutation NB - Paternal Origin,Transition - Purine/Purine,G>A
66840751,rs61554495,CC,CC,CG,100,82,33,NC_000007.14,Mutation NB - Maternal Origin,Transversion - Purine/Pyrimidine,Unsolved
68583808,rs6460460,CT,CC,TT,67,100,15,NC_000007.14,Mutation NB - Maternal Origin,Transversion - Purine/Pyrimidine,C>T
68943747,rs7801959,CC,GG,CC,88,100,15,NC_000007.14,Mutation NB - Maternal Origin,Transversion - Purine/Pyrimidine,G>C
69102712,rs6970633,CC,CC,CT,100,91,62,NC_000007.14,Mutation NB - Maternal Origin,Transition - Pyrimidine/Pyrimidine,Unsolved
69470801,rs34117578,AA,AA,AG,76,100,90,NC_000007.14,Mutation NB - Paternal Origin,Transition - Purine/Purine,Unsolved
71712812,rs13226410,AA,GA,GG,52,1,0,NC_000007.14,Mutation NB - Paternal Origin,Transition - Purine/Purine,A>G
74344235,rs474468,GG,GT,TT,100,38,24,NC_000007.14,Mutation NB - Paternal Origin,Transversion - Purine/Pyrimidine,G>T
76072265,rs116547737,CC,TT,CC,82,91,21,NC_000007.14,Mutation NB - Maternal Origin,Transition - Pyrimidine/Pyrimidine,T>C
76072302,rs112006546,TT,CC,TT,79,91,21,NC_000007.14,Mutation NB - Maternal Origin,Transition - Pyrimidine/Pyrimidine,C>T
78888237,rs555048805,CC,CC,CT,100,79,99,NC_000007.14,Mutation NB - Maternal Origin,Transition - Pyrimidine/Pyrimidine,Unsolved
83219522,rs541583195,TT,TT,CC,64,100,9,NC_000007.14,Mutation NB - Paternal Origin,Transition - Pyrimidine/Pyrimidine,Unsolved
89927944,rs17701780,GG,GG,GA,67,100,61,NC_000007.14,Mutation NB - Paternal Origin,Transition - Purine/Purine,Unsolved
90177049,rs10280567,AA,AG,GG,100,70,30,NC_000007.14,Mutation NB - Paternal Origin,Transition - Purine/Purine,A>G
91398500,rs13246435,TT,CC,CC,85,82,15,NC_000007.14,Mutation NB - Paternal Origin,Transition - Pyrimidine/Pyrimidine,T>C
98022718,rs1180764,GG,CC,GG,91,91,15,NC_000007.14,Mutation NB - Maternal Origin,Transversion - Purine/Pyrimidine,C>G
98741282,rs6945028,TT,TT,AT,76,88,99,NC_000007.14,Mutation NB - Paternal Origin,Transition - Pyrimidine/Pyrimidine,Transversion - Purine/Pyrimidine,Unsolved
101221244,.,AA,AA,AG,40,67,52,NC_000007.14,Mutation NB - Paternal Origin,Transition - Purine/Purine,Unsolved
101345920,rs7798805,CC,TC,TT,73,35,6,NC_000007.14,Mutation NB - Paternal Origin,Transition - Pyrimidine/Pyrimidine,C>T
101539827,rs6465817,TT,TT,TC,100,100,33,NC_000007.14,Mutation NB - Paternal or Maternal,Transition - Pyrimidine/Pyrimidine,Unsolved
101563755,rs6954825,TT,TC,CC,64,32,9,NC_000007.14,Mutation NB - Paternal Origin,Transition - Pyrimidine/Pyrimidine,T>C
101614657,rs2240391,CC,CT,TT,79,67,24,NC_000007.14,Mutation NB - Paternal Origin,Transition - Pyrimidine/Pyrimidine,C>T
102270695,rs115750103,GG,GG,GA,100,88,27,NC_000007.14,Mutation NB - Maternal Origin,Transition - Purine/Purine,Unsolved
104059523,rs10254126,AA,GG,GG,100,91,18,NC_000007.14,Mutation NB - Paternal Origin,Transition - Purine/Purine,A>G
105588378,rs10260974,GG,AA,AA,91,88,9,NC_000007.14,Mutation NB - Paternal Origin,Transition - Purine/Purine,G>A
110520119,rs58735760,GG,AA,GG,70,91,36,NC_000007.14,Mutation NB - Maternal Origin,Transition - Purine/Purine,A>G
110736355,rs2091308,TT,CC,TT,85,100,30,NC_000007.14,Mutation NB - Maternal Origin,Transition - Pyrimidine/Pyrimidine,C>T
110924452,rs113469943,TT,TT,TG,85,88,97,NC_000007.14,Mutation NB - Paternal Origin,Transition - Pyrimidine/Pyrimidine,Transversion - Purine/Pyrimidine,Unsolved
115173038,rs142123271,GG,GG,GA,58,100,53,NC_000007.14,Mutation NB - Paternal Origin,Transition - Purine/Purine,Unsolved
116451264,rs73454998,TT,GG,TT,79,88,0,NC_000007.14,Mutation NB - Maternal Origin,Transversion - Purine/Pyrimidine,G>T
123068797,rs4288316,TT,CC,CC,34,46,0,NC_000007.14,Mutation NB - Paternal Origin,Transition - Pyrimidine/Pyrimidine,T>C
127629585,rs806187,TT,TT,TC,79,79,99,NC_000007.14,Mutation NB - Paternal or Maternal,Transition - Pyrimidine/Pyrimidine,Unsolved
128235444,.,TT,TT,TC,58,88,44,NC_000007.14,Mutation NB - Paternal Origin,Transition - Pyrimidine/Pyrimidine,Unsolved
128693704,rs7804472,GG,AA,GG,73,91,0,NC_000007.14,Mutation NB - Maternal Origin,Transition - Purine/Purine,A>G
128693719,rs62483366,GA,GG,AA,1,100,24,NC_000007.14,Mutation NB - Maternal Origin,Transition - Purine/Purine,G>A
128794665,.,GG,GG,GT,64,88,39,NC_000007.14,Mutation NB - Paternal Origin,Transversion - Purine/Pyrimidine,Unsolved
129791212,rs2727473,TT,CC,TT,70,100,21,NC_000007.14,Mutation NB - Maternal Origin,Transition - Pyrimidine/Pyrimidine,C>T
131028942,rs350655,CC,AA,CC,70,76,9,NC_000007.14,Mutation NB - Maternal Origin,Transversion - Purine/Pyrimidine,A>C
131056725,rs11487143,GG,AA,AA,88,82,24,NC_000007.14,Mutation NB - Paternal Origin,Transition - Purine/Purine,G>A
131307302,.,AA,AA,AG,73,88,44,NC_000007.14,Mutation NB - Paternal Origin,Transition - Purine/Purine,Unsolved
131537228,rs114517297,CC,CC,CT,82,100,68,NC_000007.14,Mutation NB - Paternal Origin,Transition - Pyrimidine/Pyrimidine,Unsolved
131675394,rs77575870,CC,TT,CC,76,91,24,NC_000007.14,Mutation NB - Maternal Origin,Transition - Pyrimidine/Pyrimidine,T>C
132140149,rs6954317,GG,AA,GG,70,91,27,NC_000007.14,Mutation NB - Maternal Origin,Transition - Purine/Purine,A>G
132397301,rs56898053,AA,GG,GG,88,91,15,NC_000007.14,Mutation NB - Paternal Origin,Transition - Purine/Purine,A>G
132643102,rs529413057,GC,GG,CC,6,79,9,NC_000007.14,Mutation NB - Maternal Origin,Transversion - Purine/Pyrimidine,G>C
135089725,.,TT,TT,TC,61,67,39,NC_000007.14,Mutation NB - Paternal Origin,Transition - Pyrimidine/Pyrimidine,Unsolved
135270746,rs292658,GG,GG,AG,79,91,24,NC_000007.14,Mutation NB - Paternal Origin,Transition - Purine/Purine,Unsolved
135277291,rs10239950,CG,CC,GG,1,100,18,NC_000007.14,Mutation NB - Maternal Origin,Transversion - Purine/Pyrimidine,C>G
140332141,rs4295574,CC,TT,CC,73,100,21,NC_000007.14,Mutation NB - Maternal Origin,Transition - Pyrimidine/Pyrimidine,T>C
140573350,rs625960,GG,AA,GG,88,100,18,NC_000007.14,Mutation NB - Maternal Origin,Transition - Purine/Purine,A>G
148611848,rs34070159,CC,CC,CT,76,100,62,NC_000007.14,Mutation NB - Paternal Origin,Transition - Pyrimidine/Pyrimidine,Unsolved
149864980,rs966058606,GG,GG,GA,61,91,99,NC_000007.14,Mutation NB - Paternal Origin,Transition - Purine/Purine,Unsolved
150362325,rs17173681,TT,TT,CT,85,71,71,NC_000007.14,Mutation NB - Maternal Origin,Transition - Pyrimidine/Pyrimidine,Unsolved
150366115,rs35840727,GG,AG,AA,88,67,0,NC_000007.14,Mutation NB - Paternal Origin,Transition - Purine/Purine,G>A
150794589,.,AA,AA,AG,58,70,59,NC_000007.14,Mutation NB - Paternal Origin,Transition - Purine/Purine,Unsolved
152058953,rs6959600,TT,GG,TT,76,100,27,NC_000007.14,Mutation NB - Maternal Origin,Transversion - Purine/Pyrimidine,G>T
152515507,rs145534360,TC,TT,CC,59,76,15,NC_000007.14,Mutation NB - Maternal Origin,Transition - Pyrimidine/Pyrimidine,T>C
153320140,rs35033170,GG,GG,AA,100,82,9,NC_000007.14,Mutation NB - Maternal Origin,Transition - Purine/Purine,Unsolved
155101676,.,TT,TT,TC,70,76,56,NC_000007.14,Mutation NB - Paternal Origin,Transition - Pyrimidine/Pyrimidine,Unsolved
155244920,rs6951341,GG,AA,GG,76,82,0,NC_000007.14,Mutation NB - Maternal Origin,Transition - Purine/Purine,A>G
155425186,rs1861970,GG,CC,GG,91,88,0,NC_000007.14,Mutation NB - Maternal Origin,Transversion - Purine/Pyrimidine,C>G
155843610,rs67765035,AA,GG,AA,76,100,18,NC_000007.14,Mutation NB - Maternal Origin,Transition - Purine/Purine,G>A
155984534,rs11769678,AA,GG,AA,53,100,9,NC_000007.14,Mutation NB - Maternal Origin,Transition - Purine/Purine,G>A
158598798,rs73180270,AA,GA,GG,52,1,0,NC_000007.14,Mutation NB - Paternal Origin,Transition - Purine/Purine,A>G
158740079,rs56030281,GG,GG,GC,88,91,99,NC_000007.14,Mutation NB - Paternal Origin,Transition - Purine/Purine,Transversion - Purine/Pyrimidine,Unsolved
158743576,rs2305473,TT,TT,TC,61,100,99,NC_000007.14,Mutation NB - Paternal Origin,Transition - Pyrimidine/Pyrimidine,Unsolved
158771694,rs73729989,AA,AA,AC,76,88,99,NC_000007.14,Mutation NB - Paternal Origin,Transversion - Purine/Pyrimidine,Unsolved
159062492,rs2540344,GG,CC,CC,91,91,33,NC_000007.14,Mutation NB - Paternal Origin,Transversion - Purine/Pyrimidine,G>C
3076322,.,TT,TT,TC,88,88,78,NC_000008.11,Mutation NB - Paternal or Maternal,Transition - Pyrimidine/Pyrimidine,Unsolved
3087591,.,AA,AA,AG,82,85,65,NC_000008.11,Mutation NB - Paternal Origin,Transition - Purine/Purine,Unsolved
3572213,rs79811324,CC,CC,CA,85,91,53,NC_000008.11,Mutation NB - Paternal Origin,Transversion - Purine/Pyrimidine,Unsolved
3608883,rs2981367,TT,CC,CC,100,91,30,NC_000008.11,Mutation NB - Paternal Origin,Transition - Pyrimidine/Pyrimidine,T>C
4740123,rs1676936,AA,AA,AC,82,73,21,NC_000008.11,Mutation NB - Maternal Origin,Transversion - Purine/Pyrimidine,Unsolved
6139323,rs2570703,GG,TT,TT,85,88,18,NC_000008.11,Mutation NB - Paternal Origin,Transversion - Purine/Pyrimidine,G>T
6152720,rs2552229,AA,GG,GG,100,85,27,NC_000008.11,Mutation NB - Paternal Origin,Transition - Purine/Purine,A>G
6166382,rs34179728,AA,GG,AA,85,70,0,NC_000008.11,Mutation NB - Maternal Origin,Transition - Purine/Purine,G>A
15596943,rs75599082,AA,AG,GG,91,67,12,NC_000008.11,Mutation NB - Paternal Origin,Transition - Purine/Purine,A>G
16426069,rs113220926,TT,CC,TT,73,91,0,NC_000008.11,Mutation NB - Maternal Origin,Transition - Pyrimidine/Pyrimidine,C>T
16759797,rs499473,TT,CT,CC,76,1,0,NC_000008.11,Mutation NB - Paternal Origin,Transition - Pyrimidine/Pyrimidine,T>C
16759834,rs499586,AA,GA,GG,76,1,12,NC_000008.11,Mutation NB - Paternal Origin,Transition - Purine/Purine,A>G
17640556,rs6586614,TT,CC,TT,82,91,0,NC_000008.11,Mutation NB - Maternal Origin,Transition - Pyrimidine/Pyrimidine,C>T
17640598,rs6586615,AA,GG,AA,85,91,0,NC_000008.11,Mutation NB - Maternal Origin,Transition - Purine/Purine,G>A
18529864,rs13275817,GG,AA,AA,88,61,15,NC_000008.11,Mutation NB - Paternal Origin,Transition - Purine/Purine,G>A
20165100,.,TT,TT,TC,76,85,65,NC_000008.11,Mutation NB - Paternal Origin,Transition - Pyrimidine/Pyrimidine,Unsolved
20432816,rs7817914,TT,TT,TC,88,91,65,NC_000008.11,Mutation NB - Paternal Origin,Transition - Pyrimidine/Pyrimidine,Unsolved
20844349,rs114498269,GG,GG,GC,100,55,30,NC_000008.11,Mutation NB - Maternal Origin,Transition - Purine/Purine,Transversion - Purine/Pyrimidine,Unsolved
21803174,rs7005880,GG,GA,AA,82,1,12,NC_000008.11,Mutation NB - Paternal Origin,Transition - Purine/Purine,G>A
22618760,rs6558169,GA,GG,AA,35,100,15,NC_000008.11,Mutation NB - Maternal Origin,Transition - Purine/Purine,G>A
23304416,.,AA,AA,AG,73,88,46,NC_000008.11,Mutation NB - Paternal Origin,Transition - Purine/Purine,Unsolved
23304420,rs3808526,TT,TT,CT,76,88,98,NC_000008.11,Mutation NB - Paternal Origin,Transition - Pyrimidine/Pyrimidine,Unsolved
23557593,.,AA,AA,AG,61,76,56,NC_000008.11,Mutation NB - Paternal Origin,Transition - Purine/Purine,Unsolved
23574801,rs1801451,CC,TC,TT,55,38,0,NC_000008.11,Mutation NB - Paternal Origin,Transition - Pyrimidine/Pyrimidine,C>T
23760366,rs6985798,GG,AA,AA,88,91,12,NC_000008.11,Mutation NB - Paternal Origin,Transition - Purine/Purine,G>A
24046500,rs10100232,GG,GG,GA,91,91,75,NC_000008.11,Mutation NB - Paternal or Maternal,Transition - Purine/Purine,Unsolved
24887412,.,TT,TT,TC,67,91,41,NC_000008.11,Mutation NB - Paternal Origin,Transition - Pyrimidine/Pyrimidine,Unsolved
26737651,rs1020233,GG,AA,AA,73,91,12,NC_000008.11,Mutation NB - Paternal Origin,Transition - Purine/Purine,G>A
27697334,rs693832,CC,CC,CT,84,88,99,NC_000008.11,Mutation NB - Paternal Origin,Transition - Pyrimidine/Pyrimidine,Unsolved
27697344,rs693841,CC,CC,CT,73,88,99,NC_000008.11,Mutation NB - Paternal Origin,Transition - Pyrimidine/Pyrimidine,Unsolved
28326915,rs7831650,GG,GA,AA,91,1,9,NC_000008.11,Mutation NB - Paternal Origin,Transition - Purine/Purine,G>A
28848827,.,TT,TT,TC,25,70,50,NC_000008.11,Mutation NB - Paternal Origin,Transition - Pyrimidine/Pyrimidine,Unsolved
31658838,rs11783236,GG,AA,GG,61,100,18,NC_000008.11,Mutation NB - Maternal Origin,Transition - Purine/Purine,A>G
35777994,rs10101908,AA,AA,AC,100,88,97,NC_000008.11,Mutation NB - Maternal Origin,Transversion - Purine/Pyrimidine,Unsolved
37159034,rs7831869,GG,AA,AA,85,100,0,NC_000008.11,Mutation NB - Paternal Origin,Transition - Purine/Purine,G>A
37931494,.,AA,AA,AG,91,91,49,NC_000008.11,Mutation NB - Paternal or Maternal,Transition - Purine/Purine,Unsolved
38564298,rs1586887326,TT,TT,TC,70,82,41,NC_000008.11,Mutation NB - Paternal Origin,Transition - Pyrimidine/Pyrimidine,Unsolved
38611087,rs2593095,AA,GG,AA,73,88,12,NC_000008.11,Mutation NB - Maternal Origin,Transition - Purine/Purine,G>A
40893348,rs1105692,CC,TT,CC,91,91,21,NC_000008.11,Mutation NB - Maternal Origin,Transition - Pyrimidine/Pyrimidine,T>C
41836250,rs906290,AA,AA,TA,95,79,24,NC_000008.11,Mutation NB - Maternal Origin,Transversion - Purine/Pyrimidine,Unsolved
41854959,rs7830255,AA,AA,AC,100,97,24,NC_000008.11,Mutation NB - Maternal Origin,Transversion - Purine/Pyrimidine,Unsolved
42242702,rs10216333,CC,CC,CA,100,91,33,NC_000008.11,Mutation NB - Maternal Origin,Transversion - Purine/Pyrimidine,Unsolved
46390534,.,AA,AA,AG,61,85,50,NC_000008.11,Mutation NB - Paternal Origin,Transition - Purine/Purine,Unsolved
46390685,rs13261015,AA,GA,GG,91,67,0,NC_000008.11,Mutation NB - Paternal Origin,Transition - Purine/Purine,A>G
49935678,rs114273444,GC,GG,CC,70,91,12,NC_000008.11,Mutation NB - Maternal Origin,Transversion - Purine/Pyrimidine,G>C
50490880,rs75028951,CT,CC,TT,5,82,45,NC_000008.11,Mutation NB - Maternal Origin,Transversion - Purine/Pyrimidine,C>T
52852727,rs189361028,CC,CC,CT,91,85,65,NC_000008.11,Mutation NB - Maternal Origin,Transition - Pyrimidine/Pyrimidine,Unsolved
53019378,rs6998509,CC,TT,TT,88,91,9,NC_000008.11,Mutation NB - Paternal Origin,Transition - Pyrimidine/Pyrimidine,C>T
53019417,rs360995,AA,GG,GG,88,91,9,NC_000008.11,Mutation NB - Paternal Origin,Transition - Purine/Purine,A>G
53337546,rs6994070,CC,TT,TT,100,67,30,NC_000008.11,Mutation NB - Paternal Origin,Transition - Pyrimidine/Pyrimidine,C>T
55616355,rs57572053,CC,CC,CT,76,100,88,NC_000008.11,Mutation NB - Paternal Origin,Transition - Pyrimidine/Pyrimidine,Unsolved
55717286,rs112369670,TT,TT,TG,79,100,99,NC_000008.11,Mutation NB - Paternal Origin,Transition - Pyrimidine/Pyrimidine,Transversion - Purine/Pyrimidine,Unsolved
55717303,rs7829350,TT,GG,TT,76,76,30,NC_000008.11,Mutation NB - Maternal Origin,Transversion - Purine/Pyrimidine,G>T
58283366,rs34931209,CC,CC,CT,64,100,99,NC_000008.11,Mutation NB - Paternal Origin,Transition - Pyrimidine/Pyrimidine,Unsolved
61030304,rs10110912,CC,CC,CG,100,91,97,NC_000008.11,Mutation NB - Maternal Origin,Transversion - Purine/Pyrimidine,Unsolved
63014032,rs4279586,CC,TT,TT,82,100,0,NC_000008.11,Mutation NB - Paternal Origin,Transition - Pyrimidine/Pyrimidine,C>T
64251161,rs893827,GG,TG,TT,82,10,0,NC_000008.11,Mutation NB - Paternal Origin,Transversion - Purine/Pyrimidine,G>T
66202951,rs56332785,CC,TT,CC,91,88,12,NC_000008.11,Mutation NB - Maternal Origin,Transition - Pyrimidine/Pyrimidine,T>C
67846739,rs4131931,CC,CC,AC,73,98,24,NC_000008.11,Mutation NB - Paternal Origin,Transversion - Purine/Pyrimidine,Unsolved
69464590,rs2244817,TT,CC,TT,82,79,0,NC_000008.11,Mutation NB - Maternal Origin,Transition - Pyrimidine/Pyrimidine,C>T
72017083,rs10090583,CC,CC,CT,61,91,95,NC_000008.11,Mutation NB - Paternal Origin,Transition - Pyrimidine/Pyrimidine,Unsolved
74163962,rs147457003,AA,AA,AG,76,100,99,NC_000008.11,Mutation NB - Paternal Origin,Transition - Purine/Purine,Unsolved
75784689,rs73341327,CC,CC,CT,64,85,27,NC_000008.11,Mutation NB - Paternal Origin,Transition - Pyrimidine/Pyrimidine,Unsolved
79816218,rs13259642,CC,TT,TT,100,85,21,NC_000008.11,Mutation NB - Paternal Origin,Transition - Pyrimidine/Pyrimidine,C>T
80030969,rs894140238,TT,TT,TC,82,91,56,NC_000008.11,Mutation NB - Paternal Origin,Transition - Pyrimidine/Pyrimidine,Unsolved
82191526,rs34044798,CA,CC,AA,34,85,21,NC_000008.11,Mutation NB - Maternal Origin,Transversion - Purine/Pyrimidine,C>A
85277310,rs2132590,AA,GG,AA,73,64,12,NC_000008.11,Mutation NB - Maternal Origin,Transition - Purine/Purine,G>A
87542500,rs57613624,AA,AA,AG,88,100,27,NC_000008.11,Mutation NB - Paternal Origin,Transition - Purine/Purine,Unsolved
91633932,rs1473785336,TT,TT,TC,88,79,53,NC_000008.11,Mutation NB - Maternal Origin,Transition - Pyrimidine/Pyrimidine,Unsolved
96152302,rs1204905208,TT,TT,TC,76,67,46,NC_000008.11,Mutation NB - Maternal Origin,Transition - Pyrimidine/Pyrimidine,Unsolved
97547392,.,TT,TT,TC,43,91,59,NC_000008.11,Mutation NB - Paternal Origin,Transition - Pyrimidine/Pyrimidine,Unsolved
99232719,.,AA,AA,AG,73,89,44,NC_000008.11,Mutation NB - Paternal Origin,Transition - Purine/Purine,Unsolved
102106613,rs12334349,GG,GG,GA,58,100,62,NC_000008.11,Mutation NB - Paternal Origin,Transition - Purine/Purine,Unsolved
102484878,rs4734624,GG,AA,GG,64,100,12,NC_000008.11,Mutation NB - Maternal Origin,Transition - Purine/Purine,A>G
104309352,rs7016168,CC,CC,CT,100,85,58,NC_000008.11,Mutation NB - Maternal Origin,Transition - Pyrimidine/Pyrimidine,Unsolved
106024112,rs12155949,GG,GG,GA,76,100,99,NC_000008.11,Mutation NB - Paternal Origin,Transition - Purine/Purine,Unsolved
109232061,rs6469250,CC,AA,CC,55,76,24,NC_000008.11,Mutation NB - Maternal Origin,Transversion - Purine/Pyrimidine,A>C
111127115,rs1427186,AA,CC,CC,76,91,0,NC_000008.11,Mutation NB - Paternal Origin,Transversion - Purine/Pyrimidine,A>C
111593673,rs116171541,AA,AA,AG,85,91,99,NC_000008.11,Mutation NB - Paternal Origin,Transition - Purine/Purine,Unsolved
113721737,rs73701675,GG,GG,GT,91,100,99,NC_000008.11,Mutation NB - Paternal Origin,Transversion - Purine/Pyrimidine,Unsolved
117539661,rs62521202,GG,GG,GA,82,100,27,NC_000008.11,Mutation NB - Paternal Origin,Transition - Purine/Purine,Unsolved
123853822,rs2385522,GA,AA,GG,1,88,18,NC_000008.11,Mutation NB - Maternal Origin,Transition - Purine/Purine,A>G
128520773,rs77017189,TT,TT,TC,91,100,99,NC_000008.11,Mutation NB - Paternal Origin,Transition - Pyrimidine/Pyrimidine,Unsolved
130472231,rs12541587,TT,AA,AA,91,100,0,NC_000008.11,Mutation NB - Paternal Origin,Transversion - Purine/Pyrimidine,T>A
131806929,rs115872495,GG,AA,GG,88,91,0,NC_000008.11,Mutation NB - Maternal Origin,Transition - Purine/Purine,A>G
131840758,.,GG,GG,GA,100,88,51,NC_000008.11,Mutation NB - Maternal Origin,Transition - Purine/Purine,Unsolved
133013613,.,TT,TT,TC,100,91,66,NC_000008.11,Mutation NB - Maternal Origin,Transition - Pyrimidine/Pyrimidine,Unsolved
133119282,rs78903643,CC,TT,CC,88,88,18,NC_000008.11,Mutation NB - Maternal Origin,Transition - Pyrimidine/Pyrimidine,T>C
133205462,rs2929934,TT,GG,GG,100,85,9,NC_000008.11,Mutation NB - Paternal Origin,Transversion - Purine/Pyrimidine,T>G
137532033,rs11166731,TT,CT,CC,70,29,18,NC_000008.11,Mutation NB - Paternal Origin,Transition - Pyrimidine/Pyrimidine,T>C
138246577,rs13272732,CC,CC,TC,88,91,72,NC_000008.11,Mutation NB - Paternal Origin,Transition - Pyrimidine/Pyrimidine,Unsolved
138975230,.,GG,GG,GA,76,73,42,NC_000008.11,Mutation NB - Maternal Origin,Transition - Purine/Purine,Unsolved
139250403,rs34045399,CC,CC,CA,100,91,68,NC_000008.11,Mutation NB - Maternal Origin,Transversion - Purine/Pyrimidine,Unsolved
139250418,rs140330560,TT,GG,TT,88,91,15,NC_000008.11,Mutation NB - Maternal Origin,Transversion - Purine/Pyrimidine,G>T
139884849,rs4736111,CC,CC,CT,76,91,72,NC_000008.11,Mutation NB - Paternal Origin,Transition - Pyrimidine/Pyrimidine,Unsolved
141122203,.,TT,TT,TC,61,76,41,NC_000008.11,Mutation NB - Paternal Origin,Transition - Pyrimidine/Pyrimidine,Unsolved
141186402,rs1823894431,CC,CC,CT,91,70,59,NC_000008.11,Mutation NB - Maternal Origin,Transition - Pyrimidine/Pyrimidine,Unsolved
141249128,rs11987243,CG,CC,GG,1,88,24,NC_000008.11,Mutation NB - Maternal Origin,Transversion - Purine/Pyrimidine,C>G
141494383,rs56803826,GA,GG,AA,41,85,8,NC_000008.11,Mutation NB - Maternal Origin,Transition - Purine/Purine,G>A
141739174,rs773152109,CC,GG,CC,67,88,0,NC_000008.11,Mutation NB - Maternal Origin,Transversion - Purine/Pyrimidine,G>C
141935322,rs76729339,GG,GG,GA,82,100,71,NC_000008.11,Mutation NB - Paternal Origin,Transition - Purine/Purine,Unsolved
142457121,rs78582391,GA,GG,AA,1,91,12,NC_000008.11,Mutation NB - Maternal Origin,Transition - Purine/Purine,G>A
142465366,rs76065202,CC,CC,CT,100,70,65,NC_000008.11,Mutation NB - Maternal Origin,Transition - Pyrimidine/Pyrimidine,Unsolved
142547929,rs7387737,CT,CC,TT,67,100,9,NC_000008.11,Mutation NB - Maternal Origin,Transversion - Purine/Pyrimidine,C>T
142682272,rs10216533,AA,GG,GG,73,88,0,NC_000008.11,Mutation NB - Paternal Origin,Transition - Purine/Purine,A>G
143263803,rs3750214,GG,AA,GG,85,82,15,NC_000008.11,Mutation NB - Maternal Origin,Transition - Purine/Purine,A>G
143341349,rs2980260,TT,TT,CC,88,91,9,NC_000008.11,Mutation NB - Paternal Origin,Transition - Pyrimidine/Pyrimidine,Unsolved
143925273,.,CC,CC,CA,85,94,75,NC_000008.11,Mutation NB - Paternal Origin,Transversion - Purine/Pyrimidine,Unsolved
143984818,rs11136343,GG,AA,AA,85,91,0,NC_000008.11,Mutation NB - Paternal Origin,Transition - Purine/Purine,G>A
579035,rs7030075,CC,AA,AA,61,88,0,NC_000009.12,Mutation NB - Paternal Origin,Transversion - Purine/Pyrimidine,C>A
1958257,.,GG,GG,GA,61,61,65,NC_000009.12,Mutation NB - Paternal or Maternal,Transition - Purine/Purine,Unsolved
6569923,rs13288399,GG,CC,GG,82,88,0,NC_000009.12,Mutation NB - Maternal Origin,Transversion - Purine/Pyrimidine,C>G
6640512,rs1755603,GG,GA,AA,79,70,9,NC_000009.12,Mutation NB - Paternal Origin,Transition - Purine/Purine,G>A
6932013,rs7031406,GG,AA,GG,88,100,21,NC_000009.12,Mutation NB - Maternal Origin,Transition - Purine/Purine,A>G
6932042,rs62533774,CC,CC,CT,88,100,99,NC_000009.12,Mutation NB - Paternal Origin,Transition - Pyrimidine/Pyrimidine,Unsolved
8643764,rs11793328,AA,CC,CC,73,70,15,NC_000009.12,Mutation NB - Paternal Origin,Transversion - Purine/Pyrimidine,A>C
8643767,rs114182876,CC,GG,GG,73,70,15,NC_000009.12,Mutation NB - Paternal Origin,Transversion - Purine/Pyrimidine,C>G
8643773,rs11795341,GG,AA,AA,73,70,15,NC_000009.12,Mutation NB - Paternal Origin,Transition - Purine/Purine,G>A
13120762,.,AA,AA,AC,70,91,74,NC_000009.12,Mutation NB - Paternal Origin,Transversion - Purine/Pyrimidine,Unsolved
13627107,.,AA,AA,AG,58,91,50,NC_000009.12,Mutation NB - Paternal Origin,Transition - Purine/Purine,Unsolved
14248935,rs7027899,AA,GG,AA,76,85,27,NC_000009.12,Mutation NB - Maternal Origin,Transition - Purine/Purine,G>A
15364975,rs138632693,TT,TT,TC,73,85,99,NC_000009.12,Mutation NB - Paternal Origin,Transition - Pyrimidine/Pyrimidine,Unsolved
17862174,rs10810857,GA,GG,AA,4,88,33,NC_000009.12,Mutation NB - Maternal Origin,Transition - Purine/Purine,G>A
18006003,rs1419161,GC,CC,GG,38,91,15,NC_000009.12,Mutation NB - Maternal Origin,Transversion - Purine/Pyrimidine,C>G
20597577,rs6475464,AC,AA,CC,38,100,27,NC_000009.12,Mutation NB - Maternal Origin,A>C
20910318,rs2383165,TT,CC,TT,79,73,3,NC_000009.12,Mutation NB - Maternal Origin,Transition - Pyrimidine/Pyrimidine,C>T
22713036,rs688066,TT,CC,CC,100,85,12,NC_000009.12,Mutation NB - Paternal Origin,Transition - Pyrimidine/Pyrimidine,T>C
25505182,rs7853712,GG,TT,GG,91,88,12,NC_000009.12,Mutation NB - Maternal Origin,Transition - Purine/Purine,Transversion - Purine/Pyrimidine,T>G
26502535,rs6475905,TT,CT,CC,67,38,30,NC_000009.12,Mutation NB - Paternal Origin,Transition - Pyrimidine/Pyrimidine,T>C
33472212,.,AA,AA,AG,76,85,56,NC_000009.12,Mutation NB - Paternal Origin,Transition - Purine/Purine,Unsolved
36861066,rs11794336,CC,CC,CT,34,100,60,NC_000009.12,Mutation NB - Paternal Origin,Transition - Pyrimidine/Pyrimidine,Unsolved
37564228,rs1927153,TT,CC,TT,64,79,27,NC_000009.12,Mutation NB - Maternal Origin,Transition - Pyrimidine/Pyrimidine,C>T
38019461,rs7034351,AA,GG,AA,64,91,9,NC_000009.12,Mutation NB - Maternal Origin,Transition - Purine/Purine,G>A
38076667,rs35690683,CC,CC,CT,100,58,62,NC_000009.12,Mutation NB - Maternal Origin,Transition - Pyrimidine/Pyrimidine,Unsolved
40913960,rs1222095839,GG,GG,GT,82,85,56,NC_000009.12,Mutation NB - Paternal Origin,Transversion - Purine/Pyrimidine,Unsolved
70537054,rs3739776,CC,CC,CT,100,88,61,NC_000009.12,Mutation NB - Maternal Origin,Transition - Pyrimidine/Pyrimidine,Unsolved
71597322,.,AA,AA,AG,85,85,59,NC_000009.12,Mutation NB - Paternal or Maternal,Transition - Purine/Purine,Unsolved
71862656,rs780954493,CC,CC,CT,85,100,30,NC_000009.12,Mutation NB - Paternal Origin,Transition - Pyrimidine/Pyrimidine,Unsolved
72958676,rs11787668,CC,AA,CC,91,88,15,NC_000009.12,Mutation NB - Maternal Origin,Transversion - Purine/Pyrimidine,A>C
76523777,rs10735647,GA,AA,GG,54,85,0,NC_000009.12,Mutation NB - Maternal Origin,Transition - Purine/Purine,A>G
76758520,rs2377772,TG,GG,TT,1,88,0,NC_000009.12,Mutation NB - Maternal Origin,Transversion - Purine/Pyrimidine,G>T
76961272,rs7852521,TT,CC,TT,52,91,0,NC_000009.12,Mutation NB - Maternal Origin,Transition - Pyrimidine/Pyrimidine,C>T
76997043,rs10781406,AG,AA,GG,1,67,12,NC_000009.12,Mutation NB - Maternal Origin,Transition - Purine/Purine,A>G
79056380,rs7023981,GG,AA,AA,73,79,0,NC_000009.12,Mutation NB - Paternal Origin,Transition - Purine/Purine,G>A
84076998,rs7871328,GG,GG,GA,100,100,27,NC_000009.12,Mutation NB - Paternal or Maternal,Transition - Purine/Purine,Unsolved
87396313,rs10780831,GG,GG,GC,100,85,33,NC_000009.12,Mutation NB - Maternal Origin,Transition - Purine/Purine,Transversion - Purine/Pyrimidine,Unsolved
88252096,rs1355047648,CC,CC,CA,73,91,45,NC_000009.12,Mutation NB - Paternal Origin,Transversion - Purine/Pyrimidine,Unsolved
88749063,.,AA,AA,AG,55,58,50,NC_000009.12,Mutation NB - Paternal Origin,Transition - Purine/Purine,Unsolved
89437199,rs36047156,AA,GG,AA,70,85,30,NC_000009.12,Mutation NB - Maternal Origin,Transition - Purine/Purine,G>A
89623400,rs28461251,AG,AA,GG,35,100,36,NC_000009.12,Mutation NB - Maternal Origin,Transition - Purine/Purine,A>G
89695523,rs1588287906,GG,GG,GA,28,85,52,NC_000009.12,Mutation NB - Paternal Origin,Transition - Purine/Purine,Unsolved
90815866,.,TT,TT,TC,49,88,59,NC_000009.12,Mutation NB - Paternal Origin,Transition - Pyrimidine/Pyrimidine,Unsolved
90900359,rs10993751,AG,AA,GG,45,76,12,NC_000009.12,Mutation NB - Maternal Origin,Transition - Purine/Purine,A>G
91090533,rs430794,GT,TT,GG,32,85,24,NC_000009.12,Mutation NB - Maternal Origin,Transversion - Purine/Pyrimidine,T>G
92266592,.,GG,GG,GT,79,76,50,NC_000009.12,Mutation NB - Maternal Origin,Transversion - Purine/Pyrimidine,Unsolved
92664788,rs879812,TT,TC,CC,82,1,18,NC_000009.12,Mutation NB - Paternal Origin,Transition - Pyrimidine/Pyrimidine,T>C
93094234,rs10992634,TT,TT,TC,73,100,99,NC_000009.12,Mutation NB - Paternal Origin,Transition - Pyrimidine/Pyrimidine,Unsolved
94944627,rs114211582,CC,CC,CT,58,91,68,NC_000009.12,Mutation NB - Paternal Origin,Transition - Pyrimidine/Pyrimidine,Unsolved
104700754,rs6479276,GG,GG,GT,100,88,71,NC_000009.12,Mutation NB - Maternal Origin,Transversion - Purine/Pyrimidine,Unsolved
105189307,rs7858496,GG,GG,GA,100,100,99,NC_000009.12,Mutation NB - Paternal or Maternal,Transition - Purine/Purine,Unsolved
105978335,rs17285571,TT,TT,TC,100,85,99,NC_000009.12,Mutation NB - Maternal Origin,Transition - Pyrimidine/Pyrimidine,Unsolved
107675006,rs59767327,TT,CC,TT,100,79,15,NC_000009.12,Mutation NB - Maternal Origin,Transition - Pyrimidine/Pyrimidine,C>T
108893182,.,TT,TT,TC,61,85,53,NC_000009.12,Mutation NB - Paternal Origin,Transition - Pyrimidine/Pyrimidine,Unsolved
109435232,rs16914135,CC,AA,CC,55,100,21,NC_000009.12,Mutation NB - Maternal Origin,Transversion - Purine/Pyrimidine,A>C
113990618,rs10759669,CC,CC,CG,100,91,99,NC_000009.12,Mutation NB - Maternal Origin,Transversion - Purine/Pyrimidine,Unsolved
115087035,rs2992147,TT,CC,CC,100,73,21,NC_000009.12,Mutation NB - Paternal Origin,Transition - Pyrimidine/Pyrimidine,T>C
115623559,.,AA,AA,AG,49,88,51,NC_000009.12,Mutation NB - Paternal Origin,Transition - Purine/Purine,Unsolved
121411507,rs114389844,AA,AA,AG,76,100,99,NC_000009.12,Mutation NB - Paternal Origin,Transition - Purine/Purine,Unsolved
121722172,rs972499811,CC,CC,CT,88,88,68,NC_000009.12,Mutation NB - Paternal or Maternal,Transition - Pyrimidine/Pyrimidine,Unsolved
123489362,rs76145471,CC,CC,CT,91,100,68,NC_000009.12,Mutation NB - Paternal Origin,Transition - Pyrimidine/Pyrimidine,Unsolved
124860561,rs115194620,GG,GG,GA,79,100,69,NC_000009.12,Mutation NB - Paternal Origin,Transition - Purine/Purine,Unsolved
126339239,rs7028698,AA,GG,AA,49,70,9,NC_000009.12,Mutation NB - Maternal Origin,Transition - Purine/Purine,G>A
128415377,.,GG,GG,GT,82,88,40,NC_000009.12,Mutation NB - Paternal Origin,Transversion - Purine/Pyrimidine,Unsolved
129513927,rs10760615,CC,CA,AA,100,1,21,NC_000009.12,Mutation NB - Paternal Origin,Transversion - Purine/Pyrimidine,C>A
131038047,rs3780275,GA,AA,GG,1,82,0,NC_000009.12,Mutation NB - Maternal Origin,Transition - Purine/Purine,A>G
131239148,rs62580437,GA,GG,AA,1,67,21,NC_000009.12,Mutation NB - Maternal Origin,Transition - Purine/Purine,G>A
132427237,rs557495,AA,AA,GA,70,91,3,NC_000009.12,Mutation NB - Paternal Origin,Transition - Purine/Purine,Unsolved
132949715,rs147611881,CC,CC,CG,91,91,65,NC_000009.12,Mutation NB - Paternal or Maternal,Transversion - Purine/Pyrimidine,Unsolved
133139150,rs626365,AA,AA,AC,67,91,65,NC_000009.12,Mutation NB - Paternal Origin,Transversion - Purine/Pyrimidine,Unsolved
133768577,rs61751477,GG,GG,GC,85,91,99,NC_000009.12,Mutation NB - Paternal Origin,Transition - Purine/Purine,Transversion - Purine/Pyrimidine,Unsolved
133801795,rs1005876,CC,TT,TT,88,82,9,NC_000009.12,Mutation NB - Paternal Origin,Transition - Pyrimidine/Pyrimidine,C>T
134222217,rs11185669,GA,GG,AA,38,73,9,NC_000009.12,Mutation NB - Maternal Origin,Transition - Purine/Purine,G>A
134417799,rs3132295,CC,TT,CC,70,91,0,NC_000009.12,Mutation NB - Maternal Origin,Transition - Pyrimidine/Pyrimidine,T>C
134931947,rs2989733,CC,CT,TT,91,79,15,NC_000009.12,Mutation NB - Paternal Origin,Transition - Pyrimidine/Pyrimidine,C>T
135303267,rs4841961,AA,CC,AA,52,85,21,NC_000009.12,Mutation NB - Maternal Origin,Transversion - Purine/Pyrimidine,C>A
135371685,rs4841971,GG,GG,AG,91,91,99,NC_000009.12,Mutation NB - Paternal or Maternal,Transition - Purine/Purine,Unsolved
136542216,rs60638296,CC,CC,CT,67,79,24,NC_000009.12,Mutation NB - Paternal Origin,Transition - Pyrimidine/Pyrimidine,Unsolved
136542232,rs58222527,CC,CC,CA,67,76,24,NC_000009.12,Mutation NB - Paternal Origin,Transversion - Purine/Pyrimidine,Unsolved
136542258,rs56920698,GG,GG,GA,67,73,24,NC_000009.12,Mutation NB - Paternal Origin,Transition - Purine/Purine,Unsolved
136759220,rs115224747,CC,CC,CA,85,100,75,NC_000009.12,Mutation NB - Paternal Origin,Transversion - Purine/Pyrimidine,Unsolved
137100613,rs4880201,CC,AA,CC,79,91,21,NC_000009.12,Mutation NB - Maternal Origin,Transversion - Purine/Pyrimidine,A>C
137107727,rs11998970,GG,AA,GG,79,85,0,NC_000009.12,Mutation NB - Maternal Origin,Transition - Purine/Purine,A>G
137107735,rs12000517,CC,TT,CC,79,85,0,NC_000009.12,Mutation NB - Maternal Origin,Transition - Pyrimidine/Pyrimidine,T>C
137598903,rs2488587,CC,CC,CT,79,100,94,NC_000009.12,Mutation NB - Paternal Origin,Transition - Pyrimidine/Pyrimidine,Unsolved
137631987,rs2987621,GG,GG,GA,85,100,33,NC_000009.12,Mutation NB - Paternal Origin,Transition - Purine/Purine,Unsolved
137631989,rs3003373,AA,AA,AG,85,100,33,NC_000009.12,Mutation NB - Paternal Origin,Transition - Purine/Purine,Unsolved
86530,.,TT,TT,TC,76,76,71,NC_000010.11,Mutation NB - Paternal or Maternal,Transition - Pyrimidine/Pyrimidine,Unsolved
1378768,rs3793734,TT,TT,TC,91,91,62,NC_000010.11,Mutation NB - Paternal or Maternal,Transition - Pyrimidine/Pyrimidine,Unsolved
3124737,.,TT,TT,TC,67,85,53,NC_000010.11,Mutation NB - Paternal Origin,Transition - Pyrimidine/Pyrimidine,Unsolved
4986530,rs7096460,CT,CC,TT,8,88,15,NC_000010.11,Mutation NB - Maternal Origin,Transversion - Purine/Pyrimidine,C>T
8428910,rs55923048,TT,CC,CC,67,79,0,NC_000010.11,Mutation NB - Paternal Origin,Transition - Pyrimidine/Pyrimidine,T>C
11825316,rs11257346,TT,CT,CC,88,1,0,NC_000010.11,Mutation NB - Paternal Origin,Transition - Pyrimidine/Pyrimidine,T>C
15560314,rs4750675,CC,TT,TT,76,79,21,NC_000010.11,Mutation NB - Paternal Origin,Transition - Pyrimidine/Pyrimidine,C>T
15560340,rs4750676,GG,TT,TT,76,79,21,NC_000010.11,Mutation NB - Paternal Origin,Transversion - Purine/Pyrimidine,G>T
16913199,rs10752063,GG,TT,GG,67,82,9,NC_000010.11,Mutation NB - Maternal Origin,Transition - Purine/Purine,Transversion - Purine/Pyrimidine,T>G
17543315,rs1937350,CC,CC,CT,100,85,62,NC_000010.11,Mutation NB - Maternal Origin,Transition - Pyrimidine/Pyrimidine,Unsolved
27858014,.,TT,TT,TC,43,91,50,NC_000010.11,Mutation NB - Paternal Origin,Transition - Pyrimidine/Pyrimidine,Unsolved
28060544,rs7903206,CC,CC,CT,88,76,99,NC_000010.11,Mutation NB - Maternal Origin,Transition - Pyrimidine/Pyrimidine,Unsolved
28060590,rs7919932,TT,TT,TC,88,76,99,NC_000010.11,Mutation NB - Maternal Origin,Transition - Pyrimidine/Pyrimidine,Unsolved
30191579,rs6481660,TT,TC,CC,82,25,21,NC_000010.11,Mutation NB - Paternal Origin,Transition - Pyrimidine/Pyrimidine,T>C
30818233,rs11008275,GG,GG,GC,91,100,68,NC_000010.11,Mutation NB - Paternal Origin,Transition - Purine/Purine,Transversion - Purine/Pyrimidine,Unsolved
33523467,rs2601765,TT,GT,GG,64,29,0,NC_000010.11,Mutation NB - Paternal Origin,Transversion - Purine/Pyrimidine,T>G
33523481,rs2804866,CC,TC,TT,67,32,0,NC_000010.11,Mutation NB - Paternal Origin,Transition - Pyrimidine/Pyrimidine,C>T
34792750,rs7907359,GG,GG,GC,100,79,67,NC_000010.11,Mutation NB - Maternal Origin,Transition - Purine/Purine,Transversion - Purine/Pyrimidine,Unsolved
34980862,rs4007289,GG,GG,GA,64,91,33,NC_000010.11,Mutation NB - Paternal Origin,Transition - Purine/Purine,Unsolved
38069003,.,TT,TT,TC,73,85,68,NC_000010.11,Mutation NB - Paternal Origin,Transition - Pyrimidine/Pyrimidine,Unsolved
43421045,rs2066044,CC,TT,CC,55,100,27,NC_000010.11,Mutation NB - Maternal Origin,Transition - Pyrimidine/Pyrimidine,T>C
43836632,rs2085798,CC,TT,TT,100,76,9,NC_000010.11,Mutation NB - Paternal Origin,Transition - Pyrimidine/Pyrimidine,C>T
47365030,rs11204212,GG,AA,GG,88,86,9,NC_000010.11,Mutation NB - Maternal Origin,Transition - Purine/Purine,A>G
49094850,rs7097933,GG,AA,GG,70,100,12,NC_000010.11,Mutation NB - Maternal Origin,Transition - Purine/Purine,A>G
53222100,rs1903931,AG,GG,AA,44,79,21,NC_000010.11,Mutation NB - Maternal Origin,Transition - Purine/Purine,G>A
53991007,rs10825185,CT,TT,CC,1,91,0,NC_000010.11,Mutation NB - Maternal Origin,Transition - Pyrimidine/Pyrimidine,T>C
59775348,rs7908456,TT,TT,TG,100,91,99,NC_000010.11,Mutation NB - Maternal Origin,Transition - Pyrimidine/Pyrimidine,Transversion - Purine/Pyrimidine,Unsolved
65888767,rs149526769,CC,CC,CG,40,100,21,NC_000010.11,Mutation NB - Paternal Origin,Transversion - Purine/Pyrimidine,Unsolved
69555003,rs7917982,GC,CC,GG,1,73,24,NC_000010.11,Mutation NB - Maternal Origin,Transversion - Purine/Pyrimidine,C>G
69555030,rs115379926,AA,AA,AC,61,70,99,NC_000010.11,Mutation NB - Paternal Origin,Transversion - Purine/Pyrimidine,Unsolved
69555050,rs7917680,AT,TT,AA,16,70,39,NC_000010.11,Mutation NB - Maternal Origin,Transversion - Purine/Pyrimidine,T>A
70592905,rs12771595,CC,CC,CT,91,82,72,NC_000010.11,Mutation NB - Maternal Origin,Transition - Pyrimidine/Pyrimidine,Unsolved
71483573,rs1852183853,AA,AA,AG,79,79,69,NC_000010.11,Mutation NB - Paternal or Maternal,Transition - Purine/Purine,Unsolved
71699738,rs12779718,TT,TT,AT,64,91,30,NC_000010.11,Mutation NB - Paternal Origin,Transition - Pyrimidine/Pyrimidine,Transversion - Purine/Pyrimidine,Unsolved
71902084,rs10823870,GG,AA,GG,100,91,0,NC_000010.11,Mutation NB - Maternal Origin,Transition - Purine/Purine,A>G
76010689,rs77542266,GG,CC,CC,88,85,21,NC_000010.11,Mutation NB - Paternal Origin,Transversion - Purine/Pyrimidine,G>C
76269115,rs7099295,CC,GG,GG,82,91,9,NC_000010.11,Mutation NB - Paternal Origin,Transversion - Purine/Pyrimidine,C>G
76619908,rs12413656,CC,AA,CC,61,100,12,NC_000010.11,Mutation NB - Maternal Origin,Transversion - Purine/Pyrimidine,A>C
78752686,.,AA,AA,AG,67,91,68,NC_000010.11,Mutation NB - Paternal Origin,Transition - Purine/Purine,Unsolved
80017334,rs11814997,AA,AA,AG,58,100,55,NC_000010.11,Mutation NB - Paternal Origin,Transition - Purine/Purine,Unsolved
80543523,rs7099612,AG,GG,AA,47,88,15,NC_000010.11,Mutation NB - Maternal Origin,Transition - Purine/Purine,G>A
80698042,rs111889167,TT,TT,TC,52,88,98,NC_000010.11,Mutation NB - Paternal Origin,Transition - Pyrimidine/Pyrimidine,Unsolved
84004379,rs2350106,TC,CC,TT,35,88,0,NC_000010.11,Mutation NB - Maternal Origin,Transversion - Purine/Pyrimidine,C>T
84197913,rs567648155,CC,CC,CA,100,73,99,NC_000010.11,Mutation NB - Maternal Origin,Transversion - Purine/Pyrimidine,Unsolved
85107270,rs12774000,CC,CC,CT,100,88,30,NC_000010.11,Mutation NB - Maternal Origin,Transition - Pyrimidine/Pyrimidine,Unsolved
85980484,rs1405925960,TT,TT,TC,46,64,47,NC_000010.11,Mutation NB - Paternal Origin,Transition - Pyrimidine/Pyrimidine,Unsolved
86351035,rs10887582,CC,CC,TC,31,91,59,NC_000010.11,Mutation NB - Paternal Origin,Transition - Pyrimidine/Pyrimidine,Unsolved
89456052,rs3740029,TG,TT,GG,35,100,15,NC_000010.11,Mutation NB - Maternal Origin,Transversion - Purine/Pyrimidine,T>G
89576163,rs4934485,TT,CC,TT,88,88,9,NC_000010.11,Mutation NB - Maternal Origin,Transition - Pyrimidine/Pyrimidine,C>T
89601463,.,AA,AA,AG,91,70,50,NC_000010.11,Mutation NB - Maternal Origin,Transition - Purine/Purine,Unsolved
93630117,rs72822871,GA,AA,GG,1,91,18,NC_000010.11,Mutation NB - Maternal Origin,Transition - Purine/Purine,A>G
93630150,rs10882289,CC,CC,CT,73,100,65,NC_000010.11,Mutation NB - Paternal Origin,Transition - Pyrimidine/Pyrimidine,Unsolved
95263246,rs7895650,CC,TT,CC,67,88,12,NC_000010.11,Mutation NB - Maternal Origin,Transition - Pyrimidine/Pyrimidine,T>C
98326584,rs4919209,GG,TT,GG,73,100,18,NC_000010.11,Mutation NB - Maternal Origin,Transition - Purine/Purine,Transversion - Purine/Pyrimidine,T>G
98424822,.,CC,CC,CT,46,82,49,NC_000010.11,Mutation NB - Paternal Origin,Transition - Pyrimidine/Pyrimidine,Unsolved
99650802,rs2160619,AA,AA,TA,88,91,68,NC_000010.11,Mutation NB - Paternal Origin,Transversion - Purine/Pyrimidine,Unsolved
100037885,.,AA,AA,AC,91,79,50,NC_000010.11,Mutation NB - Maternal Origin,Transversion - Purine/Pyrimidine,Unsolved
103702940,.,GG,GG,GA,91,91,92,NC_000010.11,Mutation NB - Paternal or Maternal,Transition - Purine/Purine,Unsolved
104319698,rs276198,TT,TT,TC,91,91,99,NC_000010.11,Mutation NB - Paternal or Maternal,Transition - Pyrimidine/Pyrimidine,Unsolved
105519205,rs58490167,TT,AA,AA,88,91,9,NC_000010.11,Mutation NB - Paternal Origin,Transversion - Purine/Pyrimidine,T>A
107019676,rs932860,TT,GG,TT,91,91,15,NC_000010.11,Mutation NB - Maternal Origin,Transversion - Purine/Pyrimidine,G>T
107133231,.,AA,AA,AG,70,91,62,NC_000010.11,Mutation NB - Paternal Origin,Transition - Purine/Purine,Unsolved
111848705,rs1592663,CC,TT,CC,76,100,21,NC_000010.11,Mutation NB - Maternal Origin,Transition - Pyrimidine/Pyrimidine,T>C
114816458,.,CC,CC,CT,70,91,50,NC_000010.11,Mutation NB - Paternal Origin,Transition - Pyrimidine/Pyrimidine,Unsolved
116208296,rs2694766,GG,AA,GG,70,100,9,NC_000010.11,Mutation NB - Maternal Origin,Transition - Purine/Purine,A>G
117251442,rs363406,GG,GG,GA,46,91,68,NC_000010.11,Mutation NB - Paternal Origin,Transition - Purine/Purine,Unsolved
118490354,rs7918021,TT,TC,CC,61,35,12,NC_000010.11,Mutation NB - Paternal Origin,Transition - Pyrimidine/Pyrimidine,T>C
119748899,rs10749329,CG,CC,GG,5,100,9,NC_000010.11,Mutation NB - Maternal Origin,Transversion - Purine/Pyrimidine,C>G
120457959,rs1571103,GA,GG,AA,1,100,9,NC_000010.11,Mutation NB - Maternal Origin,Transition - Purine/Purine,G>A
120825066,rs1845500650,AA,AA,AG,67,85,53,NC_000010.11,Mutation NB - Paternal Origin,Transition - Purine/Purine,Unsolved
121365916,rs58233457,GG,GG,GA,85,91,57,NC_000010.11,Mutation NB - Paternal Origin,Transition - Purine/Purine,Unsolved
122086382,rs1106992,GC,GG,CC,1,100,9,NC_000010.11,Mutation NB - Maternal Origin,Transversion - Purine/Pyrimidine,G>C
123236461,.,GG,GG,GT,70,88,53,NC_000010.11,Mutation NB - Paternal Origin,Transversion - Purine/Pyrimidine,Unsolved
123866970,rs61861903,CT,TT,CC,41,88,12,NC_000010.11,Mutation NB - Maternal Origin,Transition - Pyrimidine/Pyrimidine,T>C
124593322,rs11245306,AC,CC,AA,1,91,12,NC_000010.11,Mutation NB - Maternal Origin,Transversion - Purine/Pyrimidine,C>A
125493698,rs11244519,TC,TT,CC,1,100,9,NC_000010.11,Mutation NB - Maternal Origin,Transition - Pyrimidine/Pyrimidine,T>C
126187920,rs10437523,CC,CC,CG,61,100,99,NC_000010.11,Mutation NB - Paternal Origin,Transversion - Purine/Pyrimidine,Unsolved
128480097,rs34442194,CC,AA,CC,85,100,9,NC_000010.11,Mutation NB - Maternal Origin,Transversion - Purine/Pyrimidine,A>C
129071416,rs146779651,GA,GG,AA,5,100,18,NC_000010.11,Mutation NB - Maternal Origin,Transition - Purine/Purine,G>A
129432404,rs2138616,TT,TT,CC,100,91,9,NC_000010.11,Mutation NB - Maternal Origin,Transition - Pyrimidine/Pyrimidine,Unsolved
129660462,rs59003385,GG,AA,GG,88,82,0,NC_000010.11,Mutation NB - Maternal Origin,Transition - Purine/Purine,A>G
129801048,rs11016944,CC,GG,CC,82,88,12,NC_000010.11,Mutation NB - Maternal Origin,Transversion - Purine/Pyrimidine,G>C
129933729,.,TT,TT,TC,76,88,57,NC_000010.11,Mutation NB - Paternal Origin,Transition - Pyrimidine/Pyrimidine,Unsolved
130040741,rs7090364,CC,CC,AA,100,91,12,NC_000010.11,Mutation NB - Maternal Origin,Transversion - Purine/Pyrimidine,Unsolved
130364671,rs140442369,CC,CT,TT,88,67,9,NC_000010.11,Mutation NB - Paternal Origin,Transition - Pyrimidine/Pyrimidine,C>T
130379448,rs624248,TT,CC,TT,79,100,18,NC_000010.11,Mutation NB - Maternal Origin,Transition - Pyrimidine/Pyrimidine,C>T
130470246,rs394812,CC,GG,CC,88,70,12,NC_000010.11,Mutation NB - Maternal Origin,Transversion - Purine/Pyrimidine,G>C
130785276,rs875451,CC,CC,CT,82,100,47,NC_000010.11,Mutation NB - Paternal Origin,Transition - Pyrimidine/Pyrimidine,Unsolved
130942607,rs11017596,AA,GG,GG,91,82,21,NC_000010.11,Mutation NB - Paternal Origin,Transition - Purine/Purine,A>G
131187973,rs2944464,GG,AG,AA,61,76,0,NC_000010.11,Mutation NB - Paternal Origin,Transition - Purine/Purine,G>A
131745371,.,AA,AA,AT,61,82,56,NC_000010.11,Mutation NB - Paternal Origin,Transversion - Purine/Pyrimidine,Unsolved
131773612,rs9419598,GG,AA,GG,70,91,12,NC_000010.11,Mutation NB - Maternal Origin,Transition - Purine/Purine,A>G
131815082,rs12241414,CG,GG,CC,1,85,6,NC_000010.11,Mutation NB - Maternal Origin,Transversion - Purine/Pyrimidine,G>C
132375624,rs72863829,TT,CC,CC,61,91,9,NC_000010.11,Mutation NB - Paternal Origin,Transition - Pyrimidine/Pyrimidine,T>C
132803301,rs10870331,GG,AA,AA,85,100,12,NC_000010.11,Mutation NB - Paternal Origin,Transition - Purine/Purine,G>A
133289807,rs4838714,CC,CC,CT,100,100,99,NC_000010.11,Mutation NB - Paternal or Maternal,Transition - Pyrimidine/Pyrimidine,Unsolved
133419430,rs2243619,TT,CC,CC,76,88,9,NC_000010.11,Mutation NB - Paternal Origin,Transition - Pyrimidine/Pyrimidine,T>C
2714583,rs11820028,TC,TT,CC,1,88,12,NC_000011.10,Mutation NB - Maternal Origin,Transition - Pyrimidine/Pyrimidine,T>C
3090025,rs7122180,GG,GG,AA,88,100,12,NC_000011.10,Mutation NB - Paternal Origin,Transition - Purine/Purine,Unsolved
6721714,rs7105443,CC,TT,CC,76,100,30,NC_000011.10,Mutation NB - Maternal Origin,Transition - Pyrimidine/Pyrimidine,T>C
11218299,rs72857552,CC,TT,CC,19,85,36,NC_000011.10,Mutation NB - Maternal Origin,Transition - Pyrimidine/Pyrimidine,T>C
11825199,rs72854898,CC,GG,CC,79,91,33,NC_000011.10,Mutation NB - Maternal Origin,Transversion - Purine/Pyrimidine,G>C
12346153,rs10831797,AA,GG,AA,82,100,21,NC_000011.10,Mutation NB - Maternal Origin,Transition - Purine/Purine,G>A
12880696,rs2304731,CA,AA,CC,1,91,0,NC_000011.10,Mutation NB - Maternal Origin,A>C
15238848,.,CC,CC,CA,73,52,45,NC_000011.10,Mutation NB - Maternal Origin,Transversion - Purine/Pyrimidine,Unsolved
16993335,rs10766368,GG,GG,GC,100,58,65,NC_000011.10,Mutation NB - Maternal Origin,Transition - Purine/Purine,Transversion - Purine/Pyrimidine,Unsolved
17468954,rs7106250,CC,CC,TT,100,91,15,NC_000011.10,Mutation NB - Maternal Origin,Transition - Pyrimidine/Pyrimidine,Unsolved
17526468,rs6486378,CC,TT,CC,73,91,30,NC_000011.10,Mutation NB - Maternal Origin,Transition - Pyrimidine/Pyrimidine,T>C
25323182,rs118047221,CC,TT,CC,76,91,9,NC_000011.10,Mutation NB - Maternal Origin,Transition - Pyrimidine/Pyrimidine,T>C
25797514,rs11028937,TT,TT,TG,64,91,99,NC_000011.10,Mutation NB - Paternal Origin,Transition - Pyrimidine/Pyrimidine,Transversion - Purine/Pyrimidine,Unsolved
30177473,rs10767832,CC,TT,CC,88,85,9,NC_000011.10,Mutation NB - Maternal Origin,Transition - Pyrimidine/Pyrimidine,T>C
31839445,rs182664973,AA,AA,GG,85,91,12,NC_000011.10,Mutation NB - Paternal Origin,Transition - Purine/Purine,Unsolved
33053794,rs11032126,CC,TT,CC,85,85,18,NC_000011.10,Mutation NB - Maternal Origin,Transition - Pyrimidine/Pyrimidine,T>C
33536884,rs7119075,CC,GG,CC,100,61,0,NC_000011.10,Mutation NB - Maternal Origin,Transversion - Purine/Pyrimidine,G>C
33536892,rs2179796,TT,CC,TT,67,61,15,NC_000011.10,Mutation NB - Maternal Origin,Transition - Pyrimidine/Pyrimidine,C>T
38250733,.,CC,CC,CA,73,73,62,NC_000011.10,Mutation NB - Paternal or Maternal,Transversion - Purine/Pyrimidine,Unsolved
38617451,rs16931948,CC,CC,CA,82,91,99,NC_000011.10,Mutation NB - Paternal Origin,Transversion - Purine/Pyrimidine,Unsolved
38758527,rs6485021,AA,GG,AA,76,100,12,NC_000011.10,Mutation NB - Maternal Origin,Transition - Purine/Purine,G>A
41764132,rs116040121,AA,AT,TT,73,67,9,NC_000011.10,Mutation NB - Paternal Origin,Transversion - Purine/Pyrimidine,A>T
44653375,rs192899008,TT,TT,TC,70,100,63,NC_000011.10,Mutation NB - Paternal Origin,Transition - Pyrimidine/Pyrimidine,Unsolved
45679229,rs7115214,GA,GG,AA,1,100,51,NC_000011.10,Mutation NB - Maternal Origin,Transition - Purine/Purine,G>A
45679262,rs7115047,CT,CC,TT,1,100,45,NC_000011.10,Mutation NB - Maternal Origin,Transversion - Purine/Pyrimidine,C>T
45679284,rs7115241,GA,GG,AA,22,100,57,NC_000011.10,Mutation NB - Maternal Origin,Transition - Purine/Purine,G>A
47924010,rs969894000,TT,AA,AA,88,100,0,NC_000011.10,Mutation NB - Paternal Origin,Transversion - Purine/Pyrimidine,T>A
55936252,rs4367963,AA,AA,AG,76,91,99,NC_000011.10,Mutation NB - Paternal Origin,Transition - Purine/Purine,Unsolved
57044628,.,TT,TT,TC,82,64,50,NC_000011.10,Mutation NB - Maternal Origin,Transition - Pyrimidine/Pyrimidine,Unsolved
58465922,rs10896785,GG,GA,AA,61,1,3,NC_000011.10,Mutation NB - Paternal Origin,Transition - Purine/Purine,G>A
59067427,rs563191,CT,TT,CC,32,91,0,NC_000011.10,Mutation NB - Maternal Origin,Transition - Pyrimidine/Pyrimidine,T>C
61057137,rs175110,GG,GG,GT,73,85,94,NC_000011.10,Mutation NB - Paternal Origin,Transversion - Purine/Pyrimidine,Unsolved
61584966,rs174869,GG,AA,GG,82,91,9,NC_000011.10,Mutation NB - Maternal Origin,Transition - Purine/Purine,A>G
62446286,rs7118247,TT,CC,TT,79,82,9,NC_000011.10,Mutation NB - Maternal Origin,Transition - Pyrimidine/Pyrimidine,C>T
62851734,rs498751,GG,AA,GG,58,91,18,NC_000011.10,Mutation NB - Maternal Origin,Transition - Purine/Purine,A>G
63550595,rs10897435,CT,CC,TT,1,100,24,NC_000011.10,Mutation NB - Maternal Origin,Transversion - Purine/Pyrimidine,C>T
63556241,.,AA,AA,AG,64,82,65,NC_000011.10,Mutation NB - Paternal Origin,Transition - Purine/Purine,Unsolved
64451481,.,AA,AA,AG,55,43,44,NC_000011.10,Mutation NB - Maternal Origin,Transition - Purine/Purine,Unsolved
64924109,rs630585,CC,TT,CC,91,91,12,NC_000011.10,Mutation NB - Maternal Origin,Transition - Pyrimidine/Pyrimidine,T>C
67043669,rs1205197711,AA,AA,AG,79,82,42,NC_000011.10,Mutation NB - Paternal Origin,Transition - Purine/Purine,Unsolved
68805732,rs73520857,CC,GG,CC,55,82,21,NC_000011.10,Mutation NB - Maternal Origin,Transversion - Purine/Pyrimidine,G>C
69376462,rs75334887,GG,GG,GA,67,85,62,NC_000011.10,Mutation NB - Paternal Origin,Transition - Purine/Purine,Unsolved
69395214,rs4077335,CC,CT,TT,85,1,12,NC_000011.10,Mutation NB - Paternal Origin,Transition - Pyrimidine/Pyrimidine,C>T
69719254,rs7930910,GG,AA,GG,91,91,24,NC_000011.10,Mutation NB - Maternal Origin,Transition - Purine/Purine,A>G
69781482,.,AA,AA,AG,67,79,65,NC_000011.10,Mutation NB - Paternal Origin,Transition - Purine/Purine,Unsolved
69981675,rs7929421,TC,TT,CC,62,100,12,NC_000011.10,Mutation NB - Maternal Origin,Transition - Pyrimidine/Pyrimidine,T>C
70159621,rs1445095066,CC,CC,CT,85,91,54,NC_000011.10,Mutation NB - Paternal Origin,Transition - Pyrimidine/Pyrimidine,Unsolved
70744277,rs1318177,CC,CC,CT,85,82,23,NC_000011.10,Mutation NB - Maternal Origin,Transition - Pyrimidine/Pyrimidine,Unsolved
71112414,rs4328239,CC,TT,CC,82,100,27,NC_000011.10,Mutation NB - Maternal Origin,Transition - Pyrimidine/Pyrimidine,T>C
71431508,.,TT,TT,TC,67,85,50,NC_000011.10,Mutation NB - Paternal Origin,Transition - Pyrimidine/Pyrimidine,Unsolved
71463406,rs2276362,GG,AA,GG,85,100,15,NC_000011.10,Mutation NB - Maternal Origin,Transition - Purine/Purine,A>G
71501708,.,TT,TT,TC,82,79,60,NC_000011.10,Mutation NB - Maternal Origin,Transition - Pyrimidine/Pyrimidine,Unsolved
72690056,rs4944668,TT,CC,TT,82,58,0,NC_000011.10,Mutation NB - Maternal Origin,Transition - Pyrimidine/Pyrimidine,C>T
73317175,rs146844665,AA,GG,GG,91,79,0,NC_000011.10,Mutation NB - Paternal Origin,Transition - Purine/Purine,A>G
74032732,rs73555974,CG,CC,GG,1,88,18,NC_000011.10,Mutation NB - Maternal Origin,Transversion - Purine/Pyrimidine,C>G
75701762,rs1368135,GG,GG,GA,58,100,65,NC_000011.10,Mutation NB - Paternal Origin,Transition - Purine/Purine,Unsolved
75718527,rs10899102,AA,CC,CC,88,91,0,NC_000011.10,Mutation NB - Paternal Origin,Transversion - Purine/Pyrimidine,A>C
75833838,rs10899140,TT,TT,TC,79,85,56,NC_000011.10,Mutation NB - Paternal Origin,Transition - Pyrimidine/Pyrimidine,Unsolved
76250872,rs9988819,AT,AA,TT,1,100,24,NC_000011.10,Mutation NB - Maternal Origin,Transversion - Purine/Pyrimidine,A>T
76251008,rs9988918,CA,CC,AA,1,100,15,NC_000011.10,Mutation NB - Maternal Origin,Transversion - Purine/Pyrimidine,C>A
76608172,rs11236805,GA,GG,AA,9,82,21,NC_000011.10,Mutation NB - Maternal Origin,Transition - Purine/Purine,G>A
76687444,rs79448248,CC,CC,CT,52,100,99,NC_000011.10,Mutation NB - Paternal Origin,Transition - Pyrimidine/Pyrimidine,Unsolved
77209066,rs885440,AA,AA,GA,34,79,15,NC_000011.10,Mutation NB - Paternal Origin,Transition - Purine/Purine,Unsolved
78859967,rs116501459,GG,AA,GG,82,85,21,NC_000011.10,Mutation NB - Maternal Origin,Transition - Purine/Purine,A>G
79068907,rs11237707,CC,GG,GG,88,88,0,NC_000011.10,Mutation NB - Paternal Origin,Transversion - Purine/Pyrimidine,C>G
79161576,rs11823827,TT,CC,TT,70,91,9,NC_000011.10,Mutation NB - Maternal Origin,Transition - Pyrimidine/Pyrimidine,C>T
80532968,rs75867984,CT,CC,TT,18,88,9,NC_000011.10,Mutation NB - Maternal Origin,Transversion - Purine/Pyrimidine,C>T
85511866,rs143934838,TT,TT,TC,100,82,99,NC_000011.10,Mutation NB - Maternal Origin,Transition - Pyrimidine/Pyrimidine,Unsolved
88391958,rs10830781,GG,GG,GA,85,100,99,NC_000011.10,Mutation NB - Paternal Origin,Transition - Purine/Purine,Unsolved
96487084,rs10831531,TC,TT,CC,70,91,9,NC_000011.10,Mutation NB - Maternal Origin,Transition - Pyrimidine/Pyrimidine,T>C
96487118,rs11605361,CC,CC,CT,82,91,33,NC_000011.10,Mutation NB - Paternal Origin,Transition - Pyrimidine/Pyrimidine,Unsolved
113409552,rs2734842,CC,GG,CC,43,91,21,NC_000011.10,Mutation NB - Maternal Origin,Transversion - Purine/Pyrimidine,G>C
113519400,rs2002228,GG,AA,AA,91,91,15,NC_000011.10,Mutation NB - Paternal Origin,Transition - Purine/Purine,G>A
115525754,rs111386064,CC,CC,CT,100,85,92,NC_000011.10,Mutation NB - Maternal Origin,Transition - Pyrimidine/Pyrimidine,Unsolved
117857248,rs2845939,CC,TC,TT,85,73,0,NC_000011.10,Mutation NB - Paternal Origin,Transition - Pyrimidine/Pyrimidine,C>T
118692090,rs582630,CA,CC,AA,1,91,24,NC_000011.10,Mutation NB - Maternal Origin,Transversion - Purine/Pyrimidine,C>A
119193334,.,TT,TT,TC,70,88,59,NC_000011.10,Mutation NB - Paternal Origin,Transition - Pyrimidine/Pyrimidine,Unsolved
119699092,rs7945424,GG,TT,GG,79,91,15,NC_000011.10,Mutation NB - Maternal Origin,Transition - Purine/Purine,Transversion - Purine/Pyrimidine,T>G
119714166,rs7927510,AA,TT,AA,73,85,0,NC_000011.10,Mutation NB - Maternal Origin,Transversion - Purine/Pyrimidine,T>A
119904726,rs641896,CC,TC,TT,88,67,0,NC_000011.10,Mutation NB - Paternal Origin,Transition - Pyrimidine/Pyrimidine,C>T
120035199,rs1530919,GA,AA,GG,49,98,21,NC_000011.10,Mutation NB - Maternal Origin,Transition - Purine/Purine,A>G
120108305,rs4938783,GG,AA,GG,82,91,0,NC_000011.10,Mutation NB - Maternal Origin,Transition - Purine/Purine,A>G
120545114,rs2252634,CC,TT,TT,70,91,9,NC_000011.10,Mutation NB - Paternal Origin,Transition - Pyrimidine/Pyrimidine,C>T
121213481,rs681637,CT,CC,TT,1,88,18,NC_000011.10,Mutation NB - Maternal Origin,Transversion - Purine/Pyrimidine,C>T
121246064,rs7115337,TG,TT,GG,1,100,18,NC_000011.10,Mutation NB - Maternal Origin,Transversion - Purine/Pyrimidine,T>G
121246077,rs7129508,CA,CC,AA,1,100,18,NC_000011.10,Mutation NB - Maternal Origin,Transversion - Purine/Pyrimidine,C>A
124076319,rs60434717,GG,GG,GT,76,91,99,NC_000011.10,Mutation NB - Paternal Origin,Transversion - Purine/Pyrimidine,Unsolved
124754254,rs12792040,GG,AA,GG,40,85,60,NC_000011.10,Mutation NB - Maternal Origin,Transition - Purine/Purine,A>G
124853934,.,CC,CC,CT,79,79,47,NC_000011.10,Mutation NB - Paternal or Maternal,Transition - Pyrimidine/Pyrimidine,Unsolved
126857917,rs111791297,TT,TT,TC,16,88,96,NC_000011.10,Mutation NB - Paternal Origin,Transition - Pyrimidine/Pyrimidine,Unsolved
128457447,rs116176613,GG,GG,GC,91,91,30,NC_000011.10,Mutation NB - Paternal or Maternal,Transition - Purine/Purine,Transversion - Purine/Pyrimidine,Unsolved
128794117,rs7925516,GG,CC,GG,91,82,15,NC_000011.10,Mutation NB - Maternal Origin,Transversion - Purine/Pyrimidine,C>G
131051857,rs1647960,AA,GG,AA,79,91,15,NC_000011.10,Mutation NB - Maternal Origin,Transition - Purine/Purine,G>A
132175196,rs77338604,CC,CC,CT,70,91,65,NC_000011.10,Mutation NB - Paternal Origin,Transition - Pyrimidine/Pyrimidine,Unsolved
132468511,.,AA,AA,AT,82,88,56,NC_000011.10,Mutation NB - Paternal Origin,Transversion - Purine/Pyrimidine,Unsolved
132566088,rs75350524,AA,AA,AG,91,82,99,NC_000011.10,Mutation NB - Maternal Origin,Transition - Purine/Purine,Unsolved
132652648,rs7129456,GA,AA,GG,79,88,0,NC_000011.10,Mutation NB - Maternal Origin,Transition - Purine/Purine,A>G
133413115,rs4598680,GA,GG,AA,1,100,15,NC_000011.10,Mutation NB - Maternal Origin,Transition - Purine/Purine,G>A
133728772,rs1591653459,AA,AA,AG,67,82,41,NC_000011.10,Mutation NB - Paternal Origin,Transition - Purine/Purine,Unsolved
134427620,rs139498401,GG,GG,GA,79,91,50,NC_000011.10,Mutation NB - Paternal Origin,Transition - Purine/Purine,Unsolved
134522992,rs1945785505,CC,CC,CA,73,91,65,NC_000011.10,Mutation NB - Paternal Origin,Transversion - Purine/Pyrimidine,Unsolved
134676746,.,AA,AA,AG,73,76,50,NC_000011.10,Mutation NB - Paternal Origin,Transition - Purine/Purine,Unsolved
1547524,rs142905054,GA,GG,AA,1,70,27,NC_000012.12,Mutation NB - Maternal Origin,Transition - Purine/Purine,G>A
3144602,rs7298272,CC,CC,CT,73,91,99,NC_000012.12,Mutation NB - Paternal Origin,Transition - Pyrimidine/Pyrimidine,Unsolved
3264571,rs61597223,AG,AA,GG,1,100,39,NC_000012.12,Mutation NB - Maternal Origin,Transition - Purine/Purine,A>G
3264657,rs74891390,GG,CC,GG,64,88,27,NC_000012.12,Mutation NB - Maternal Origin,Transversion - Purine/Pyrimidine,C>G
3281637,rs79997404,GG,AA,GG,88,88,15,NC_000012.12,Mutation NB - Maternal Origin,Transition - Purine/Purine,A>G
3281638,rs605613,CC,TT,CC,88,88,15,NC_000012.12,Mutation NB - Maternal Origin,Transition - Pyrimidine/Pyrimidine,T>C
4134541,rs1862434007,TT,TT,TC,67,73,56,NC_000012.12,Mutation NB - Paternal Origin,Transition - Pyrimidine/Pyrimidine,Unsolved
5981998,rs216868,GG,GG,GA,55,76,99,NC_000012.12,Mutation NB - Paternal Origin,Transition - Purine/Purine,Unsolved
6501912,rs4764601,CC,CC,TC,88,85,62,NC_000012.12,Mutation NB - Maternal Origin,Transition - Pyrimidine/Pyrimidine,Unsolved
9449603,rs11830335,TT,TT,CC,100,79,15,NC_000012.12,Mutation NB - Maternal Origin,Transition - Pyrimidine/Pyrimidine,Unsolved
9465202,rs7300782,GC,CC,GG,1,91,21,NC_000012.12,Mutation NB - Maternal Origin,Transversion - Purine/Pyrimidine,C>G
13449460,rs55725203,CC,CC,CT,55,100,85,NC_000012.12,Mutation NB - Paternal Origin,Transition - Pyrimidine/Pyrimidine,Unsolved
25886909,rs10842637,GG,CC,GG,91,85,9,NC_000012.12,Mutation NB - Maternal Origin,Transversion - Purine/Pyrimidine,C>G
29062850,rs2196480,TC,CC,TT,37,70,0,NC_000012.12,Mutation NB - Maternal Origin,Transversion - Purine/Pyrimidine,C>T
29895822,.,CC,CC,CA,49,79,59,NC_000012.12,Mutation NB - Paternal Origin,Transversion - Purine/Pyrimidine,Unsolved
33462906,rs1580396,CC,CC,CA,100,52,99,NC_000012.12,Mutation NB - Maternal Origin,Transversion - Purine/Pyrimidine,Unsolved
34107207,rs7297799,CC,CC,TC,85,79,99,NC_000012.12,Mutation NB - Maternal Origin,Transition - Pyrimidine/Pyrimidine,Unsolved
34413447,rs1358572838,AA,AA,AG,86,82,59,NC_000012.12,Mutation NB - Maternal Origin,Transition - Purine/Purine,Unsolved
38258892,rs1945371112,AA,AA,AG,52,55,47,NC_000012.12,Mutation NB - Paternal Origin,Transition - Purine/Purine,Unsolved
40506335,rs2588395,AA,GA,GG,79,1,0,NC_000012.12,Mutation NB - Paternal Origin,Transition - Purine/Purine,A>G
43387290,rs10880478,GG,CC,GG,91,91,0,NC_000012.12,Mutation NB - Maternal Origin,Transversion - Purine/Pyrimidine,C>G
43765072,rs4251446,GG,AA,GG,85,91,9,NC_000012.12,Mutation NB - Maternal Origin,Transition - Purine/Purine,A>G
44036849,.,TT,TT,TA,76,91,42,NC_000012.12,Mutation NB - Paternal Origin,Transition - Pyrimidine/Pyrimidine,Transversion - Purine/Pyrimidine,Unsolved
44100767,rs73093451,GG,GG,GT,85,100,99,NC_000012.12,Mutation NB - Paternal Origin,Transversion - Purine/Pyrimidine,Unsolved
47498327,rs4768817,AA,GA,GG,88,32,0,NC_000012.12,Mutation NB - Paternal Origin,Transition - Purine/Purine,A>G
48041497,rs11168370,CC,AC,AA,82,71,0,NC_000012.12,Mutation NB - Paternal Origin,Transversion - Purine/Pyrimidine,C>A
48682014,.,GG,GG,GT,73,82,75,NC_000012.12,Mutation NB - Paternal Origin,Transversion - Purine/Pyrimidine,Unsolved
49557449,rs2241418,TT,CC,TT,73,91,15,NC_000012.12,Mutation NB - Maternal Origin,Transition - Pyrimidine/Pyrimidine,C>T
51866999,rs7295382,TT,TT,TG,100,88,51,NC_000012.12,Mutation NB - Maternal Origin,Transition - Pyrimidine/Pyrimidine,Transversion - Purine/Pyrimidine,Unsolved
52250628,rs12581578,AG,AA,GG,1,91,15,NC_000012.12,Mutation NB - Maternal Origin,Transition - Purine/Purine,A>G
52277470,rs4761853,TT,TT,TG,70,100,75,NC_000012.12,Mutation NB - Paternal Origin,Transition - Pyrimidine/Pyrimidine,Transversion - Purine/Pyrimidine,Unsolved
60225450,rs74096943,TT,TC,CC,82,70,9,NC_000012.12,Mutation NB - Paternal Origin,Transition - Pyrimidine/Pyrimidine,T>C
62556048,.,GG,GG,GA,67,55,46,NC_000012.12,Mutation NB - Maternal Origin,Transition - Purine/Purine,Unsolved
64981884,rs11612385,CC,TT,TT,82,85,0,NC_000012.12,Mutation NB - Paternal Origin,Transition - Pyrimidine/Pyrimidine,C>T
65025492,rs441851,AA,CC,CC,46,88,0,NC_000012.12,Mutation NB - Paternal Origin,Transversion - Purine/Pyrimidine,A>C
67802913,.,TT,TT,TC,55,37,53,NC_000012.12,Mutation NB - Maternal Origin,Transition - Pyrimidine/Pyrimidine,Unsolved
67894127,rs7959346,CC,CC,CT,82,70,30,NC_000012.12,Mutation NB - Maternal Origin,Transition - Pyrimidine/Pyrimidine,Unsolved
68104026,rs10878744,GG,AA,GG,70,91,9,NC_000012.12,Mutation NB - Maternal Origin,Transition - Purine/Purine,A>G
70140698,rs74101434,CC,CC,CT,67,100,97,NC_000012.12,Mutation NB - Paternal Origin,Transition - Pyrimidine/Pyrimidine,Unsolved
70396332,rs79237130,TT,TT,TA,58,88,69,NC_000012.12,Mutation NB - Paternal Origin,Transition - Pyrimidine/Pyrimidine,Transversion - Purine/Pyrimidine,Unsolved
79574794,rs11503487,CC,TT,TT,64,64,18,NC_000012.12,Mutation NB - Paternal Origin,Transition - Pyrimidine/Pyrimidine,C>T
80180047,rs10862076,GG,CC,CC,82,58,0,NC_000012.12,Mutation NB - Paternal Origin,Transversion - Purine/Pyrimidine,G>C
84348950,rs1118929,TT,CT,CC,88,40,0,NC_000012.12,Mutation NB - Paternal Origin,Transition - Pyrimidine/Pyrimidine,T>C
85786175,rs9788130,CC,CC,CT,91,85,65,NC_000012.12,Mutation NB - Maternal Origin,Transition - Pyrimidine/Pyrimidine,Unsolved
90059452,rs12424075,AA,GG,AA,79,64,18,NC_000012.12,Mutation NB - Maternal Origin,Transition - Purine/Purine,G>A
90343472,rs182811917,TT,CC,CC,85,79,9,NC_000012.12,Mutation NB - Paternal Origin,Transition - Pyrimidine/Pyrimidine,T>C
93280110,rs10745636,TT,AA,AA,61,64,0,NC_000012.12,Mutation NB - Paternal Origin,Transversion - Purine/Pyrimidine,T>A
94099813,rs17231706,AA,GG,AA,91,82,9,NC_000012.12,Mutation NB - Maternal Origin,Transition - Purine/Purine,G>A
99973591,rs7316765,GG,GG,GA,100,100,94,NC_000012.12,Mutation NB - Paternal or Maternal,Transition - Purine/Purine,Unsolved
103587093,rs7307320,AG,GG,AA,2,88,0,NC_000012.12,Mutation NB - Maternal Origin,Transition - Purine/Purine,G>A
103901888,rs4964329,GA,AA,GG,42,91,0,NC_000012.12,Mutation NB - Maternal Origin,Transition - Purine/Purine,A>G
104544949,rs1795867,TC,TT,CC,38,100,33,NC_000012.12,Mutation NB - Maternal Origin,Transition - Pyrimidine/Pyrimidine,T>C
104784788,rs2468082,GA,AA,GG,39,88,0,NC_000012.12,Mutation NB - Maternal Origin,Transition - Purine/Purine,A>G
105700408,rs7310198,GG,AA,GG,73,91,0,NC_000012.12,Mutation NB - Maternal Origin,Transition - Purine/Purine,A>G
107642482,rs1420739,TT,TT,TC,76,100,99,NC_000012.12,Mutation NB - Paternal Origin,Transition - Pyrimidine/Pyrimidine,Unsolved
107659853,.,GG,GG,GT,73,88,39,NC_000012.12,Mutation NB - Paternal Origin,Transversion - Purine/Pyrimidine,Unsolved
108478602,rs7957298,TT,TC,CC,88,35,9,NC_000012.12,Mutation NB - Paternal Origin,Transition - Pyrimidine/Pyrimidine,T>C
109166615,rs34281,GG,AG,AA,88,67,0,NC_000012.12,Mutation NB - Paternal Origin,Transition - Purine/Purine,G>A
110747586,rs9706102,AA,GG,AA,91,73,0,NC_000012.12,Mutation NB - Maternal Origin,Transition - Purine/Purine,G>A
113957846,rs10850256,TC,TT,CC,9,100,18,NC_000012.12,Mutation NB - Maternal Origin,Transition - Pyrimidine/Pyrimidine,T>C
114713967,rs1354154,TC,TT,CC,35,100,18,NC_000012.12,Mutation NB - Maternal Origin,Transition - Pyrimidine/Pyrimidine,T>C
116801345,rs16946996,CG,CC,GG,1,100,27,NC_000012.12,Mutation NB - Maternal Origin,Transversion - Purine/Pyrimidine,C>G
117199797,rs111968471,CA,AA,CC,38,88,12,NC_000012.12,Mutation NB - Maternal Origin,A>C
120400061,rs1876920553,GG,GG,GA,73,85,41,NC_000012.12,Mutation NB - Paternal Origin,Transition - Purine/Purine,Unsolved
121444857,rs3817548,TT,CC,TT,88,91,12,NC_000012.12,Mutation NB - Maternal Origin,Transition - Pyrimidine/Pyrimidine,C>T
121444858,rs3817547,GG,CC,GG,88,91,12,NC_000012.12,Mutation NB - Maternal Origin,Transversion - Purine/Pyrimidine,C>G
124663405,rs11057737,TT,TT,CC,100,91,15,NC_000012.12,Mutation NB - Maternal Origin,Transition - Pyrimidine/Pyrimidine,Unsolved
125901113,.,TT,TT,TC,58,88,68,NC_000012.12,Mutation NB - Paternal Origin,Transition - Pyrimidine/Pyrimidine,Unsolved
129263853,rs113659686,GG,GG,GT,82,91,65,NC_000012.12,Mutation NB - Paternal Origin,Transversion - Purine/Pyrimidine,Unsolved
130007879,rs7135364,GG,GG,GA,61,100,99,NC_000012.12,Mutation NB - Paternal Origin,Transition - Purine/Purine,Unsolved
130498192,rs11060951,GG,AA,AA,92,85,27,NC_000012.12,Mutation NB - Paternal Origin,Transition - Purine/Purine,G>A
131868320,rs11833388,AG,GG,AA,29,91,0,NC_000012.12,Mutation NB - Maternal Origin,Transition - Purine/Purine,G>A
132007607,rs78667940,CC,TT,CC,79,91,21,NC_000012.12,Mutation NB - Maternal Origin,Transition - Pyrimidine/Pyrimidine,T>C
132508918,.,GG,GG,GA,70,79,41,NC_000012.12,Mutation NB - Paternal Origin,Transition - Purine/Purine,Unsolved
19076148,rs58186858,TT,TT,CC,76,100,9,NC_000013.11,Mutation NB - Paternal Origin,Transition - Pyrimidine/Pyrimidine,Unsolved
19563676,rs1194556037,TT,TT,TC,70,61,39,NC_000013.11,Mutation NB - Maternal Origin,Transition - Pyrimidine/Pyrimidine,Unsolved
20132344,rs73442392,GG,GG,GT,52,100,99,NC_000013.11,Mutation NB - Paternal Origin,Transversion - Purine/Pyrimidine,Unsolved
21377023,rs9580094,CA,CC,AA,2,100,48,NC_000013.11,Mutation NB - Maternal Origin,Transversion - Purine/Pyrimidine,C>A
23947107,rs2765111,CC,TT,TT,88,88,9,NC_000013.11,Mutation NB - Paternal Origin,Transition - Pyrimidine/Pyrimidine,C>T
24359488,rs11840418,TT,CT,CC,85,35,12,NC_000013.11,Mutation NB - Paternal Origin,Transition - Pyrimidine/Pyrimidine,T>C
26515177,.,TT,TT,TC,64,67,59,NC_000013.11,Mutation NB - Paternal Origin,Transition - Pyrimidine/Pyrimidine,Unsolved
28789373,rs74618590,TT,TT,TC,100,88,99,NC_000013.11,Mutation NB - Maternal Origin,Transition - Pyrimidine/Pyrimidine,Unsolved
29730234,.,TT,TT,TC,61,79,40,NC_000013.11,Mutation NB - Paternal Origin,Transition - Pyrimidine/Pyrimidine,Unsolved
34607715,rs142007274,TT,CC,CC,82,82,0,NC_000013.11,Mutation NB - Paternal Origin,Transition - Pyrimidine/Pyrimidine,T>C
39507328,.,TT,TT,TA,82,52,54,NC_000013.11,Mutation NB - Maternal Origin,Transition - Pyrimidine/Pyrimidine,Transversion - Purine/Pyrimidine,Unsolved
43269433,rs41288327,AA,GG,GG,73,49,0,NC_000013.11,Mutation NB - Paternal Origin,Transition - Purine/Purine,A>G
45561094,rs942888,GG,AA,GG,100,91,9,NC_000013.11,Mutation NB - Maternal Origin,Transition - Purine/Purine,A>G
46676805,.,TT,TT,TC,67,88,65,NC_000013.11,Mutation NB - Paternal Origin,Transition - Pyrimidine/Pyrimidine,Unsolved
47517012,rs2478335,AA,CC,CC,100,85,9,NC_000013.11,Mutation NB - Paternal Origin,Transversion - Purine/Pyrimidine,A>C
49314082,.,TT,TT,TC,73,55,41,NC_000013.11,Mutation NB - Maternal Origin,Transition - Pyrimidine/Pyrimidine,Unsolved
49534116,rs7317982,TC,TT,CC,17,100,42,NC_000013.11,Mutation NB - Maternal Origin,Transition - Pyrimidine/Pyrimidine,T>C
49808267,rs8000298,GC,CC,GG,67,88,0,NC_000013.11,Mutation NB - Maternal Origin,Transversion - Purine/Pyrimidine,C>G
50378654,rs149845,TT,CC,TT,73,100,15,NC_000013.11,Mutation NB - Maternal Origin,Transition - Pyrimidine/Pyrimidine,C>T
52039138,rs61958804,GG,GA,AA,70,6,9,NC_000013.11,Mutation NB - Paternal Origin,Transition - Purine/Purine,G>A
52740143,rs3759509,GT,GG,TT,70,100,18,NC_000013.11,Mutation NB - Maternal Origin,Transversion - Purine/Pyrimidine,G>T
54786985,rs7333141,CC,CC,CT,88,91,68,NC_000013.11,Mutation NB - Paternal Origin,Transition - Pyrimidine/Pyrimidine,Unsolved
56492422,rs1361586,TT,CC,TT,76,91,15,NC_000013.11,Mutation NB - Maternal Origin,Transition - Pyrimidine/Pyrimidine,C>T
62105919,rs1587937,AA,GG,GG,91,88,0,NC_000013.11,Mutation NB - Paternal Origin,Transition - Purine/Purine,A>G
62105930,rs1587936,TT,CC,CC,91,88,0,NC_000013.11,Mutation NB - Paternal Origin,Transition - Pyrimidine/Pyrimidine,T>C
65553610,rs9571425,GG,GG,GA,61,91,99,NC_000013.11,Mutation NB - Paternal Origin,Transition - Purine/Purine,Unsolved
74537120,rs9543680,CC,AA,CC,85,100,15,NC_000013.11,Mutation NB - Maternal Origin,Transversion - Purine/Pyrimidine,A>C
79735175,.,TT,TT,TC,82,79,53,NC_000013.11,Mutation NB - Maternal Origin,Transition - Pyrimidine/Pyrimidine,Unsolved
84902327,.,AA,AA,AG,88,91,68,NC_000013.11,Mutation NB - Paternal Origin,Transition - Purine/Purine,Unsolved
86839968,rs9556145,AA,AA,AT,91,100,58,NC_000013.11,Mutation NB - Paternal Origin,Transversion - Purine/Pyrimidine,Unsolved
91367089,rs1393492889,CC,CC,CT,55,79,56,NC_000013.11,Mutation NB - Paternal Origin,Transition - Pyrimidine/Pyrimidine,Unsolved
91611881,rs9523378,GG,GT,TT,82,1,12,NC_000013.11,Mutation NB - Paternal Origin,Transversion - Purine/Pyrimidine,G>T
94660860,rs7317537,CC,CC,CG,100,58,99,NC_000013.11,Mutation NB - Maternal Origin,Transversion - Purine/Pyrimidine,Unsolved
94824628,rs9302003,GG,GG,GC,100,91,27,NC_000013.11,Mutation NB - Maternal Origin,Transition - Purine/Purine,Transversion - Purine/Pyrimidine,Unsolved
94859502,.,AA,AA,AG,85,91,71,NC_000013.11,Mutation NB - Paternal Origin,Transition - Purine/Purine,Unsolved
95175839,rs149280091,CC,TT,CC,91,88,0,NC_000013.11,Mutation NB - Maternal Origin,Transition - Pyrimidine/Pyrimidine,T>C
98349891,rs685038,AA,GA,GG,88,35,18,NC_000013.11,Mutation NB - Paternal Origin,Transition - Purine/Purine,A>G
99614938,rs9554617,GG,GG,TG,79,67,18,NC_000013.11,Mutation NB - Maternal Origin,Transversion - Purine/Pyrimidine,Unsolved
100459758,rs531387498,CC,CC,CT,61,100,99,NC_000013.11,Mutation NB - Paternal Origin,Transition - Pyrimidine/Pyrimidine,Unsolved
100867532,rs679679,TT,AA,AA,55,73,24,NC_000013.11,Mutation NB - Paternal Origin,Transversion - Purine/Pyrimidine,T>A
101319134,rs7338796,TT,CC,TT,76,91,75,NC_000013.11,Mutation NB - Maternal Origin,Transition - Pyrimidine/Pyrimidine,C>T
106598053,rs4772801,GG,GG,GA,55,100,99,NC_000013.11,Mutation NB - Paternal Origin,Transition - Purine/Purine,Unsolved
107059881,rs4771549,CC,AA,CC,82,85,18,NC_000013.11,Mutation NB - Maternal Origin,Transversion - Purine/Pyrimidine,A>C
109918648,rs9559673,CC,GG,CC,61,82,30,NC_000013.11,Mutation NB - Maternal Origin,Transversion - Purine/Pyrimidine,G>C
111315678,rs9515403,AA,TT,TT,88,82,21,NC_000013.11,Mutation NB - Paternal Origin,Transversion - Purine/Pyrimidine,A>T
111322966,rs11839172,AA,AA,AG,64,100,99,NC_000013.11,Mutation NB - Paternal Origin,Transition - Purine/Purine,Unsolved
111389975,rs1178819,GG,CC,GG,70,100,9,NC_000013.11,Mutation NB - Maternal Origin,Transversion - Purine/Pyrimidine,C>G
113044501,.,AA,AA,AG,64,79,44,NC_000013.11,Mutation NB - Paternal Origin,Transition - Purine/Purine,Unsolved
113083189,rs497845,GG,AG,AA,76,35,0,NC_000013.11,Mutation NB - Paternal Origin,Transition - Purine/Purine,G>A
113324714,.,AA,AA,AG,88,79,62,NC_000013.11,Mutation NB - Maternal Origin,Transition - Purine/Purine,Unsolved
114202747,rs7987202,TT,GG,GG,100,82,18,NC_000013.11,Mutation NB - Paternal Origin,Transversion - Purine/Pyrimidine,T>G
20390854,rs872072,AA,GG,GG,91,76,15,NC_000014.9,Mutation NB - Paternal Origin,Transition - Purine/Purine,A>G
21902956,rs12717335,GG,AA,GG,73,100,12,NC_000014.9,Mutation NB - Maternal Origin,Transition - Purine/Purine,A>G
28578057,rs118041772,TT,CC,TT,58,98,27,NC_000014.9,Mutation NB - Maternal Origin,Transition - Pyrimidine/Pyrimidine,C>T
30755972,rs179557,CC,CC,TC,88,91,99,NC_000014.9,Mutation NB - Paternal Origin,Transition - Pyrimidine/Pyrimidine,Unsolved
31705147,rs10140944,CC,CC,CT,58,100,88,NC_000014.9,Mutation NB - Paternal Origin,Transition - Pyrimidine/Pyrimidine,Unsolved
32756731,.,TT,TT,TC,40,85,53,NC_000014.9,Mutation NB - Paternal Origin,Transition - Pyrimidine/Pyrimidine,Unsolved
33464839,rs7141075,TT,TT,TC,64,88,99,NC_000014.9,Mutation NB - Paternal Origin,Transition - Pyrimidine/Pyrimidine,Unsolved
35156286,.,TT,TT,TC,100,79,59,NC_000014.9,Mutation NB - Maternal Origin,Transition - Pyrimidine/Pyrimidine,Unsolved
35461955,rs1951270,CT,TT,CC,45,79,9,NC_000014.9,Mutation NB - Maternal Origin,Transition - Pyrimidine/Pyrimidine,T>C
37927080,.,AA,AA,AG,28,88,45,NC_000014.9,Mutation NB - Paternal Origin,Transition - Purine/Purine,Unsolved
38201693,rs35023414,GG,GG,TT,88,100,15,NC_000014.9,Mutation NB - Paternal Origin,Transversion - Purine/Pyrimidine,Unsolved
38373602,rs1168535,TT,TG,GG,88,1,20,NC_000014.9,Mutation NB - Paternal Origin,Transversion - Purine/Pyrimidine,T>G
43059438,rs1954379,AA,CC,CC,79,91,0,NC_000014.9,Mutation NB - Paternal Origin,Transversion - Purine/Pyrimidine,A>C
45552749,.,AA,AA,AG,76,91,40,NC_000014.9,Mutation NB - Paternal Origin,Transition - Purine/Purine,Unsolved
47242830,rs8023172,TT,CC,CC,88,82,24,NC_000014.9,Mutation NB - Paternal Origin,Transition - Pyrimidine/Pyrimidine,T>C
48781879,rs1883322125,AA,AA,AG,64,79,43,NC_000014.9,Mutation NB - Paternal Origin,Transition - Purine/Purine,Unsolved
51346978,rs4616216,AA,CC,AA,67,91,9,NC_000014.9,Mutation NB - Maternal Origin,Transversion - Purine/Pyrimidine,C>A
51848545,rs2748142,TT,TC,CC,85,1,9,NC_000014.9,Mutation NB - Paternal Origin,Transition - Pyrimidine/Pyrimidine,T>C
53145302,rs10139698,CC,AA,AA,100,82,15,NC_000014.9,Mutation NB - Paternal Origin,Transversion - Purine/Pyrimidine,C>A
57056804,rs11158144,CC,CC,CT,100,88,63,NC_000014.9,Mutation NB - Maternal Origin,Transition - Pyrimidine/Pyrimidine,Unsolved
57056811,rs11158145,TT,TT,TC,100,88,63,NC_000014.9,Mutation NB - Maternal Origin,Transition - Pyrimidine/Pyrimidine,Unsolved
57056817,rs11158146,CC,CC,CG,100,88,63,NC_000014.9,Mutation NB - Maternal Origin,Transversion - Purine/Pyrimidine,Unsolved
57364519,rs1953375,GG,AA,AA,100,88,18,NC_000014.9,Mutation NB - Paternal Origin,Transition - Purine/Purine,G>A
62497937,.,TT,TT,TC,76,82,42,NC_000014.9,Mutation NB - Paternal Origin,Transition - Pyrimidine/Pyrimidine,Unsolved
66145542,rs147059025,TT,TT,TC,64,88,91,NC_000014.9,Mutation NB - Paternal Origin,Transition - Pyrimidine/Pyrimidine,Unsolved
68854619,rs194721,CG,CC,GG,35,100,15,NC_000014.9,Mutation NB - Maternal Origin,Transversion - Purine/Pyrimidine,C>G
69483400,rs79072402,GG,GG,GA,64,100,30,NC_000014.9,Mutation NB - Paternal Origin,Transition - Purine/Purine,Unsolved
69860700,rs11847221,GG,GG,CG,85,91,68,NC_000014.9,Mutation NB - Paternal Origin,Transition - Purine/Purine,Transversion - Purine/Pyrimidine,Unsolved
70210764,rs56299900,TT,AT,AA,79,82,0,NC_000014.9,Mutation NB - Paternal Origin,Transversion - Purine/Pyrimidine,T>A
72074246,.,GG,GG,GA,91,82,46,NC_000014.9,Mutation NB - Maternal Origin,Transition - Purine/Purine,Unsolved
72430621,rs4903016,GG,GG,GC,58,100,99,NC_000014.9,Mutation NB - Paternal Origin,Transition - Purine/Purine,Transversion - Purine/Pyrimidine,Unsolved
74512389,rs862055,TT,TC,CC,100,33,24,NC_000014.9,Mutation NB - Paternal Origin,Transition - Pyrimidine/Pyrimidine,T>C
77293928,rs4903568,TA,TT,AA,1,100,15,NC_000014.9,Mutation NB - Maternal Origin,Transversion - Purine/Pyrimidine,T>A
78014021,rs1455808803,TT,TT,TC,46,85,45,NC_000014.9,Mutation NB - Paternal Origin,Transition - Pyrimidine/Pyrimidine,Unsolved
79437641,rs2003615,AG,AA,GG,1,88,30,NC_000014.9,Mutation NB - Maternal Origin,Transition - Purine/Purine,A>G
79437650,rs2003616,GT,GG,TT,1,88,30,NC_000014.9,Mutation NB - Maternal Origin,Transversion - Purine/Pyrimidine,G>T
87731381,rs78662895,AA,AA,AG,76,88,88,NC_000014.9,Mutation NB - Paternal Origin,Transition - Purine/Purine,Unsolved
90395692,rs3814847,GG,CC,CC,100,76,24,NC_000014.9,Mutation NB - Paternal Origin,Transversion - Purine/Pyrimidine,G>C
91189207,rs2273482,CC,CC,CT,49,100,99,NC_000014.9,Mutation NB - Paternal Origin,Transition - Pyrimidine/Pyrimidine,Unsolved
94880221,rs12881798,CC,AA,CC,88,79,0,NC_000014.9,Mutation NB - Maternal Origin,Transversion - Purine/Pyrimidine,A>C
95027159,rs1888532633,TT,TT,TC,91,91,50,NC_000014.9,Mutation NB - Paternal or Maternal,Transition - Pyrimidine/Pyrimidine,Unsolved
95418174,rs1740644,GG,AA,AA,91,100,0,NC_000014.9,Mutation NB - Paternal Origin,Transition - Purine/Purine,G>A
95432860,rs10150211,GG,GG,GA,61,91,71,NC_000014.9,Mutation NB - Paternal Origin,Transition - Purine/Purine,Unsolved
96629024,rs11160347,CC,CT,TT,73,32,12,NC_000014.9,Mutation NB - Paternal Origin,Transition - Pyrimidine/Pyrimidine,C>T
96661094,rs746985,TC,TT,CC,1,100,21,NC_000014.9,Mutation NB - Maternal Origin,Transition - Pyrimidine/Pyrimidine,T>C
99741389,rs149301091,CC,CC,CG,67,100,62,NC_000014.9,Mutation NB - Paternal Origin,Transversion - Purine/Pyrimidine,Unsolved
100488345,rs7144995,CC,CC,CT,73,100,65,NC_000014.9,Mutation NB - Paternal Origin,Transition - Pyrimidine/Pyrimidine,Unsolved
101110103,rs8019614,CT,CC,TT,1,91,30,NC_000014.9,Mutation NB - Maternal Origin,Transversion - Purine/Pyrimidine,C>T
101150314,rs67773640,GG,GA,AA,79,35,9,NC_000014.9,Mutation NB - Paternal Origin,Transition - Purine/Purine,G>A
104213602,rs111976345,CC,CC,CT,100,79,68,NC_000014.9,Mutation NB - Maternal Origin,Transition - Pyrimidine/Pyrimidine,Unsolved
104317452,rs12590675,TT,CC,CC,67,88,9,NC_000014.9,Mutation NB - Paternal Origin,Transition - Pyrimidine/Pyrimidine,T>C
104425493,rs77148774,GG,GA,AA,73,1,12,NC_000014.9,Mutation NB - Paternal Origin,Transition - Purine/Purine,G>A
104428424,rs4372628,GA,GG,AA,60,79,5,NC_000014.9,Mutation NB - Maternal Origin,Transition - Purine/Purine,G>A
104436142,rs73352162,TT,TT,TA,79,100,48,NC_000014.9,Mutation NB - Paternal Origin,Transition - Pyrimidine/Pyrimidine,Transversion - Purine/Pyrimidine,Unsolved
105076214,.,GG,GG,GA,79,88,47,NC_000014.9,Mutation NB - Paternal Origin,Transition - Purine/Purine,Unsolved
24736192,.,AA,AA,AG,73,82,58,NC_000015.10,Mutation NB - Paternal Origin,Transition - Purine/Purine,Unsolved
25675931,rs2925302,AA,GG,AA,100,85,27,NC_000015.10,Mutation NB - Maternal Origin,Transition - Purine/Purine,G>A
26817137,rs4477672,TT,TT,TA,64,100,89,NC_000015.10,Mutation NB - Paternal Origin,Transition - Pyrimidine/Pyrimidine,Transversion - Purine/Pyrimidine,Unsolved
33154110,rs28507600,GG,CC,GG,76,79,0,NC_000015.10,Mutation NB - Maternal Origin,Transversion - Purine/Pyrimidine,C>G
37964382,rs888675440,AA,AA,AG,76,67,62,NC_000015.10,Mutation NB - Maternal Origin,Transition - Purine/Purine,Unsolved
40265229,rs936215,AA,AA,GA,88,88,27,NC_000015.10,Mutation NB - Paternal or Maternal,Transition - Purine/Purine,Unsolved
41066522,rs7181816,AA,TA,TT,88,38,0,NC_000015.10,Mutation NB - Paternal Origin,Transversion - Purine/Pyrimidine,A>T
41957421,rs73395639,CC,CC,CT,73,100,59,NC_000015.10,Mutation NB - Paternal Origin,Transition - Pyrimidine/Pyrimidine,Unsolved
42162266,rs588695,AA,AA,AG,58,79,55,NC_000015.10,Mutation NB - Paternal Origin,Transition - Purine/Purine,Unsolved
42801400,rs112227306,CC,CC,CT,100,88,53,NC_000015.10,Mutation NB - Maternal Origin,Transition - Pyrimidine/Pyrimidine,Unsolved
45837860,rs7174097,GG,CC,CC,76,61,0,NC_000015.10,Mutation NB - Paternal Origin,Transversion - Purine/Pyrimidine,G>C
47392735,rs1025142,AA,AA,AC,100,91,99,NC_000015.10,Mutation NB - Maternal Origin,Transversion - Purine/Pyrimidine,Unsolved
47392739,rs34488670,TT,TT,TC,100,91,99,NC_000015.10,Mutation NB - Maternal Origin,Transition - Pyrimidine/Pyrimidine,Unsolved
49051628,.,TT,TT,TC,79,82,62,NC_000015.10,Mutation NB - Paternal Origin,Transition - Pyrimidine/Pyrimidine,Unsolved
49792031,rs141092032,TT,TG,GG,79,29,15,NC_000015.10,Mutation NB - Paternal Origin,Transversion - Purine/Pyrimidine,T>G
54847346,rs2414383,CC,AA,AA,100,85,33,NC_000015.10,Mutation NB - Paternal Origin,Transversion - Purine/Pyrimidine,C>A
58270071,rs12904030,TT,TT,CT,88,88,68,NC_000015.10,Mutation NB - Paternal or Maternal,Transition - Pyrimidine/Pyrimidine,Unsolved
58370033,rs56229818,TC,CC,TT,1,82,0,NC_000015.10,Mutation NB - Maternal Origin,Transversion - Purine/Pyrimidine,C>T
60346440,rs8039867,GG,TT,GG,70,100,24,NC_000015.10,Mutation NB - Maternal Origin,Transition - Purine/Purine,Transversion - Purine/Pyrimidine,T>G
62399331,rs2456473,TT,TT,GT,82,91,56,NC_000015.10,Mutation NB - Paternal Origin,Transition - Pyrimidine/Pyrimidine,Transversion - Purine/Pyrimidine,Unsolved
66399612,rs62013664,AA,AA,AG,79,100,99,NC_000015.10,Mutation NB - Paternal Origin,Transition - Purine/Purine,Unsolved
67402428,rs11071951,CC,TT,TT,91,76,9,NC_000015.10,Mutation NB - Paternal Origin,Transition - Pyrimidine/Pyrimidine,C>T
67402442,rs11071952,AA,TT,TT,91,76,9,NC_000015.10,Mutation NB - Paternal Origin,Transversion - Purine/Pyrimidine,A>T
68694976,rs11072043,AA,CC,CC,100,85,15,NC_000015.10,Mutation NB - Paternal Origin,Transversion - Purine/Pyrimidine,A>C
68695002,rs7359311,AA,GG,GG,100,85,15,NC_000015.10,Mutation NB - Paternal Origin,Transition - Purine/Purine,A>G
69888884,.,TT,TT,TG,82,82,42,NC_000015.10,Mutation NB - Paternal or Maternal,Transition - Pyrimidine/Pyrimidine,Transversion - Purine/Pyrimidine,Unsolved
70432073,rs7163321,CT,CC,TT,1,73,27,NC_000015.10,Mutation NB - Maternal Origin,Transversion - Purine/Pyrimidine,C>T
70432074,rs7163141,GG,AA,GG,67,73,27,NC_000015.10,Mutation NB - Maternal Origin,Transition - Purine/Purine,A>G
73933797,rs8027022,GA,GG,AA,1,85,27,NC_000015.10,Mutation NB - Maternal Origin,Transition - Purine/Purine,G>A
73998682,rs3784562,AA,GG,AA,82,100,15,NC_000015.10,Mutation NB - Maternal Origin,Transition - Purine/Purine,G>A
75359640,rs78610801,GG,GG,GA,91,79,95,NC_000015.10,Mutation NB - Maternal Origin,Transition - Purine/Purine,Unsolved
78135670,rs77376231,GG,GG,GA,100,85,53,NC_000015.10,Mutation NB - Maternal Origin,Transition - Purine/Purine,Unsolved
78321219,rs11633194,TT,CC,CC,85,91,12,NC_000015.10,Mutation NB - Paternal Origin,Transition - Pyrimidine/Pyrimidine,T>C
81371326,rs1192585337,CT,CC,TT,1,88,27,NC_000015.10,Mutation NB - Maternal Origin,Transversion - Purine/Pyrimidine,C>T
84880322,rs11631158,GG,AG,AA,88,77,0,NC_000015.10,Mutation NB - Paternal Origin,Transition - Purine/Purine,G>A
85555416,rs7164821,TT,TT,CC,100,91,9,NC_000015.10,Mutation NB - Maternal Origin,Transition - Pyrimidine/Pyrimidine,Unsolved
87784110,rs1986825,GG,AA,AA,79,85,15,NC_000015.10,Mutation NB - Paternal Origin,Transition - Purine/Purine,G>A
88110364,rs3784413,CC,TC,TT,64,1,9,NC_000015.10,Mutation NB - Paternal Origin,Transition - Pyrimidine/Pyrimidine,C>T
88110390,rs3825883,GG,AG,AA,64,1,9,NC_000015.10,Mutation NB - Paternal Origin,Transition - Purine/Purine,G>A
89519239,.,TT,TT,TC,91,82,47,NC_000015.10,Mutation NB - Maternal Origin,Transition - Pyrimidine/Pyrimidine,Unsolved
90366207,rs2444061,TT,TT,GG,91,82,9,NC_000015.10,Mutation NB - Maternal Origin,Transition - Purine/Purine,Transversion - Purine/Pyrimidine,Unsolved
91103964,rs12903174,AA,GG,GG,88,88,12,NC_000015.10,Mutation NB - Paternal Origin,Transition - Purine/Purine,A>G
92375487,rs4777706,AA,AA,AT,85,100,99,NC_000015.10,Mutation NB - Paternal Origin,Transversion - Purine/Pyrimidine,Unsolved
92375521,rs4777707,AA,AA,AG,85,100,99,NC_000015.10,Mutation NB - Paternal Origin,Transition - Purine/Purine,Unsolved
93030901,rs2033846,GG,CC,GG,100,91,18,NC_000015.10,Mutation NB - Maternal Origin,Transversion - Purine/Pyrimidine,C>G
93792864,rs7163767,AG,GG,AA,1,91,12,NC_000015.10,Mutation NB - Maternal Origin,Transition - Purine/Purine,G>A
96335065,rs1807198,AG,AA,GG,1,85,15,NC_000015.10,Mutation NB - Maternal Origin,Transition - Purine/Purine,A>G
97987347,.,AA,AA,AG,40,76,53,NC_000015.10,Mutation NB - Paternal Origin,Transition - Purine/Purine,Unsolved
98582939,rs8025194,GG,AA,AA,100,82,18,NC_000015.10,Mutation NB - Paternal Origin,Transition - Purine/Purine,G>A
98668851,rs28411710,GG,GG,TT,70,100,12,NC_000015.10,Mutation NB - Paternal Origin,Transversion - Purine/Pyrimidine,Unsolved
98777854,.,AA,AA,AG,67,82,44,NC_000015.10,Mutation NB - Paternal Origin,Transition - Purine/Purine,Unsolved
99679314,.,AA,AA,AG,85,91,47,NC_000015.10,Mutation NB - Paternal Origin,Transition - Purine/Purine,Unsolved
100128351,rs11856684,CC,TT,CC,100,91,9,NC_000015.10,Mutation NB - Maternal Origin,Transition - Pyrimidine/Pyrimidine,T>C
101369394,rs2955967,CC,TT,TT,73,100,0,NC_000015.10,Mutation NB - Paternal Origin,Transition - Pyrimidine/Pyrimidine,C>T
1300890,.,TT,TT,TC,73,76,44,NC_000016.10,Mutation NB - Paternal Origin,Transition - Pyrimidine/Pyrimidine,Unsolved
1317461,rs111589071,GG,AA,AA,89,88,33,NC_000016.10,Mutation NB - Paternal Origin,Transition - Purine/Purine,G>A
1486676,rs12928073,CC,CC,AA,100,91,12,NC_000016.10,Mutation NB - Maternal Origin,Transversion - Purine/Pyrimidine,Unsolved
3563149,rs8044743,GG,AA,GG,76,91,12,NC_000016.10,Mutation NB - Maternal Origin,Transition - Purine/Purine,A>G
3646938,.,GG,GG,GT,85,88,39,NC_000016.10,Mutation NB - Paternal Origin,Transversion - Purine/Pyrimidine,Unsolved
5025467,.,AA,AA,AG,58,88,44,NC_000016.10,Mutation NB - Paternal Origin,Transition - Purine/Purine,Unsolved
5490702,rs8059274,GC,CC,GG,5,91,0,NC_000016.10,Mutation NB - Maternal Origin,Transversion - Purine/Pyrimidine,C>G
8308918,.,AA,AA,AT,98,85,50,NC_000016.10,Mutation NB - Maternal Origin,Transversion - Purine/Pyrimidine,Unsolved
9234819,rs7500528,GG,CC,CC,91,91,15,NC_000016.10,Mutation NB - Paternal Origin,Transversion - Purine/Pyrimidine,G>C
9650654,rs316379,GG,AA,GG,88,85,0,NC_000016.10,Mutation NB - Maternal Origin,Transition - Purine/Purine,A>G
9650681,rs2540161,TT,AA,TT,88,85,0,NC_000016.10,Mutation NB - Maternal Origin,Transversion - Purine/Pyrimidine,A>T
10199620,rs8049007,TT,CC,CC,79,100,9,NC_000016.10,Mutation NB - Paternal Origin,Transition - Pyrimidine/Pyrimidine,T>C
10844247,rs986002907,AA,AA,AG,79,88,71,NC_000016.10,Mutation NB - Paternal Origin,Transition - Purine/Purine,Unsolved
11571469,rs10744976,TT,AA,TT,55,100,15,NC_000016.10,Mutation NB - Maternal Origin,Transversion - Purine/Pyrimidine,A>T
14337805,.,AA,AA,AG,82,55,48,NC_000016.10,Mutation NB - Maternal Origin,Transition - Purine/Purine,Unsolved
17728100,rs4781946,AA,GG,AA,82,70,21,NC_000016.10,Mutation NB - Maternal Origin,Transition - Purine/Purine,G>A
20618192,rs3883991,CA,CC,AA,17,100,30,NC_000016.10,Mutation NB - Maternal Origin,Transversion - Purine/Pyrimidine,C>A
22999600,rs8059028,CC,AA,AA,85,91,21,NC_000016.10,Mutation NB - Paternal Origin,Transversion - Purine/Pyrimidine,C>A
23376214,rs4967999,TT,CC,CC,82,91,18,NC_000016.10,Mutation NB - Paternal Origin,Transition - Pyrimidine/Pyrimidine,T>C
25388374,rs2214026,CC,AA,AA,82,64,12,NC_000016.10,Mutation NB - Paternal Origin,Transversion - Purine/Pyrimidine,C>A
28183135,.,AA,AA,AG,82,91,53,NC_000016.10,Mutation NB - Paternal Origin,Transition - Purine/Purine,Unsolved
29877403,rs1208285407,AA,AA,AG,61,73,59,NC_000016.10,Mutation NB - Paternal Origin,Transition - Purine/Purine,Unsolved
47927903,rs373458439,AA,AA,AG,70,100,56,NC_000016.10,Mutation NB - Paternal Origin,Transition - Purine/Purine,Unsolved
48247491,rs112392881,TT,TC,CC,82,32,9,NC_000016.10,Mutation NB - Paternal Origin,Transition - Pyrimidine/Pyrimidine,T>C
49125466,rs2908899,CC,GG,CC,55,91,18,NC_000016.10,Mutation NB - Maternal Origin,Transversion - Purine/Pyrimidine,G>C
49131584,rs2941709,AA,GG,GG,70,52,0,NC_000016.10,Mutation NB - Paternal Origin,Transition - Purine/Purine,A>G
50424395,rs7197526,CC,CC,CT,76,100,99,NC_000016.10,Mutation NB - Paternal Origin,Transition - Pyrimidine/Pyrimidine,Unsolved
51649892,rs4503788,TT,CC,TT,52,100,9,NC_000016.10,Mutation NB - Maternal Origin,Transition - Pyrimidine/Pyrimidine,C>T
52310733,.,TT,TT,TC,85,73,47,NC_000016.10,Mutation NB - Maternal Origin,Transition - Pyrimidine/Pyrimidine,Unsolved
53872187,rs8060649,GG,AA,GG,91,91,0,NC_000016.10,Mutation NB - Maternal Origin,Transition - Purine/Purine,A>G
54012397,rs2098371,AC,AA,CC,1,67,15,NC_000016.10,Mutation NB - Maternal Origin,A>C
54012401,rs2098372,AG,AA,GG,1,67,15,NC_000016.10,Mutation NB - Maternal Origin,Transition - Purine/Purine,A>G
54478880,rs35198761,CC,TC,TT,76,1,0,NC_000016.10,Mutation NB - Paternal Origin,Transition - Pyrimidine/Pyrimidine,C>T
55116046,rs8048109,TT,TT,TA,100,79,99,NC_000016.10,Mutation NB - Maternal Origin,Transition - Pyrimidine/Pyrimidine,Transversion - Purine/Pyrimidine,Unsolved
55537391,rs1819831,CC,AA,AA,100,88,9,NC_000016.10,Mutation NB - Paternal Origin,Transversion - Purine/Pyrimidine,C>A
56679019,.,AA,AA,AG,79,85,41,NC_000016.10,Mutation NB - Paternal Origin,Transition - Purine/Purine,Unsolved
57043611,rs2399596,AA,GG,GG,91,88,42,NC_000016.10,Mutation NB - Paternal Origin,Transition - Purine/Purine,A>G
57907123,rs450837,AA,GA,GG,85,35,0,NC_000016.10,Mutation NB - Paternal Origin,Transition - Purine/Purine,A>G
58261294,rs12708994,TT,TT,CT,88,85,99,NC_000016.10,Mutation NB - Maternal Origin,Transition - Pyrimidine/Pyrimidine,Unsolved
62478525,rs4587999,AA,GA,GG,58,1,0,NC_000016.10,Mutation NB - Paternal Origin,Transition - Purine/Purine,A>G
64770599,.,GG,GG,GA,88,88,56,NC_000016.10,Mutation NB - Paternal or Maternal,Transition - Purine/Purine,Unsolved
66398520,rs1049970,TT,TT,CC,91,100,36,NC_000016.10,Mutation NB - Paternal Origin,Transition - Pyrimidine/Pyrimidine,Unsolved
66398521,rs3826229,CC,CC,CT,91,100,99,NC_000016.10,Mutation NB - Paternal Origin,Transition - Pyrimidine/Pyrimidine,Unsolved
67947066,rs11860125,CC,GC,GG,79,1,0,NC_000016.10,Mutation NB - Paternal Origin,Transversion - Purine/Pyrimidine,C>G
68527976,rs698712,GG,AA,GG,100,82,0,NC_000016.10,Mutation NB - Maternal Origin,Transition - Purine/Purine,A>G
70737619,rs9939763,CC,CC,CT,91,91,68,NC_000016.10,Mutation NB - Paternal or Maternal,Transition - Pyrimidine/Pyrimidine,Unsolved
70737646,rs9939769,TT,TT,CC,91,91,15,NC_000016.10,Mutation NB - Paternal or Maternal,Transition - Pyrimidine/Pyrimidine,Unsolved
71476827,rs115663551,AA,AA,AG,100,67,68,NC_000016.10,Mutation NB - Maternal Origin,Transition - Purine/Purine,Unsolved
72154058,rs3812985,AA,AA,AT,85,100,30,NC_000016.10,Mutation NB - Paternal Origin,Transversion - Purine/Pyrimidine,Unsolved
73254072,rs28472360,GG,CG,CC,88,1,0,NC_000016.10,Mutation NB - Paternal Origin,Transversion - Purine/Pyrimidine,G>C
74048701,rs111850534,GG,AA,GG,64,91,21,NC_000016.10,Mutation NB - Maternal Origin,Transition - Purine/Purine,A>G
74746054,rs241377,GA,GG,AA,32,100,12,NC_000016.10,Mutation NB - Maternal Origin,Transition - Purine/Purine,G>A
75714293,rs882263,CC,AC,AA,82,29,0,NC_000016.10,Mutation NB - Paternal Origin,Transversion - Purine/Pyrimidine,C>A
77069932,rs679263,CC,CC,TC,82,91,62,NC_000016.10,Mutation NB - Paternal Origin,Transition - Pyrimidine/Pyrimidine,Unsolved
78337168,rs35991877,CC,CC,TT,100,58,12,NC_000016.10,Mutation NB - Maternal Origin,Transition - Pyrimidine/Pyrimidine,Unsolved
78641634,rs2550621,CC,CC,CT,100,88,18,NC_000016.10,Mutation NB - Maternal Origin,Transition - Pyrimidine/Pyrimidine,Unsolved
79429340,rs9932342,AA,AA,GG,100,100,18,NC_000016.10,Mutation NB - Paternal or Maternal,Transition - Purine/Purine,Unsolved
81184320,.,AA,AA,AG,49,79,40,NC_000016.10,Mutation NB - Paternal Origin,Transition - Purine/Purine,Unsolved
81241663,rs6564852,AA,CA,CC,91,3,9,NC_000016.10,Mutation NB - Paternal Origin,Transversion - Purine/Pyrimidine,A>C
81241677,rs6564853,CC,GC,GG,88,1,9,NC_000016.10,Mutation NB - Paternal Origin,Transversion - Purine/Pyrimidine,C>G
81264091,rs72833317,GG,AA,GG,58,88,33,NC_000016.10,Mutation NB - Maternal Origin,Transition - Purine/Purine,A>G
81264097,rs12923433,GG,AA,GG,58,88,33,NC_000016.10,Mutation NB - Maternal Origin,Transition - Purine/Purine,A>G
82137073,rs2098750,AT,AA,TT,1,73,21,NC_000016.10,Mutation NB - Maternal Origin,Transversion - Purine/Pyrimidine,A>T
82137083,rs2098749,AG,AA,GG,1,73,21,NC_000016.10,Mutation NB - Maternal Origin,Transition - Purine/Purine,A>G
82137120,rs2081257,GC,GG,CC,1,73,21,NC_000016.10,Mutation NB - Maternal Origin,Transversion - Purine/Pyrimidine,G>C
82990198,rs369700049,CC,CC,CT,82,76,56,NC_000016.10,Mutation NB - Maternal Origin,Transition - Pyrimidine/Pyrimidine,Unsolved
83047112,rs78124178,TT,GG,TT,76,88,30,NC_000016.10,Mutation NB - Maternal Origin,Transversion - Purine/Pyrimidine,G>T
83487102,.,CC,CC,CT,49,73,47,NC_000016.10,Mutation NB - Paternal Origin,Transition - Pyrimidine/Pyrimidine,Unsolved
84592790,rs16974238,CC,TT,CC,55,85,27,NC_000016.10,Mutation NB - Maternal Origin,Transition - Pyrimidine/Pyrimidine,T>C
85813459,rs12446539,CC,TT,CC,52,85,15,NC_000016.10,Mutation NB - Maternal Origin,Transition - Pyrimidine/Pyrimidine,T>C
85893236,rs11117412,AA,CC,CC,76,82,0,NC_000016.10,Mutation NB - Paternal Origin,Transversion - Purine/Pyrimidine,A>C
86389976,rs11640846,CG,GG,CC,76,82,18,NC_000016.10,Mutation NB - Maternal Origin,Transversion - Purine/Pyrimidine,G>C
86737495,rs9930902,CC,CC,TC,76,85,99,NC_000016.10,Mutation NB - Paternal Origin,Transition - Pyrimidine/Pyrimidine,Unsolved
86737529,rs17215382,CC,CC,TC,79,91,99,NC_000016.10,Mutation NB - Paternal Origin,Transition - Pyrimidine/Pyrimidine,Unsolved
86738251,rs4843440,TT,CC,CC,76,100,0,NC_000016.10,Mutation NB - Paternal Origin,Transition - Pyrimidine/Pyrimidine,T>C
86738271,rs9931371,GG,AA,AA,76,100,0,NC_000016.10,Mutation NB - Paternal Origin,Transition - Purine/Purine,G>A
87651640,.,AA,AA,AG,70,76,41,NC_000016.10,Mutation NB - Paternal Origin,Transition - Purine/Purine,Unsolved
88423626,rs11076729,GA,AA,GG,29,82,0,NC_000016.10,Mutation NB - Maternal Origin,Transition - Purine/Purine,A>G
89062532,rs12927884,AA,AC,CC,100,34,27,NC_000016.10,Mutation NB - Paternal Origin,Transversion - Purine/Pyrimidine,A>C
89332214,rs3102373,TT,CC,TT,85,91,9,NC_000016.10,Mutation NB - Maternal Origin,Transition - Pyrimidine/Pyrimidine,C>T
89353948,rs2035481,AA,AA,AC,55,100,99,NC_000016.10,Mutation NB - Paternal Origin,Transversion - Purine/Pyrimidine,Unsolved
89405763,rs867912059,TG,TT,GG,11,88,30,NC_000016.10,Mutation NB - Maternal Origin,Transversion - Purine/Pyrimidine,T>G
89405773,rs28644774,GG,CC,GG,64,88,30,NC_000016.10,Mutation NB - Maternal Origin,Transversion - Purine/Pyrimidine,C>G
1814053,rs67551635,AA,GA,GG,91,32,0,NC_000017.11,Mutation NB - Paternal Origin,Transition - Purine/Purine,A>G
1967221,rs4790850,TT,CC,TT,58,88,15,NC_000017.11,Mutation NB - Maternal Origin,Transition - Pyrimidine/Pyrimidine,C>T
2075894,rs4790311,CC,TT,CC,82,100,15,NC_000017.11,Mutation NB - Maternal Origin,Transition - Pyrimidine/Pyrimidine,T>C
3485027,rs2029351,GT,TT,GG,29,88,21,NC_000017.11,Mutation NB - Maternal Origin,Transversion - Purine/Pyrimidine,T>G
3518783,rs12946883,GG,AA,GG,67,76,0,NC_000017.11,Mutation NB - Maternal Origin,Transition - Purine/Purine,A>G
3594747,.,TT,TT,TC,52,76,53,NC_000017.11,Mutation NB - Paternal Origin,Transition - Pyrimidine/Pyrimidine,Unsolved
5633395,rs2670648,TT,TT,AT,70,85,95,NC_000017.11,Mutation NB - Paternal Origin,Transition - Pyrimidine/Pyrimidine,Transversion - Purine/Pyrimidine,Unsolved
5633514,rs2733377,AA,TT,TT,88,100,9,NC_000017.11,Mutation NB - Paternal Origin,Transversion - Purine/Pyrimidine,A>T
9261048,rs12938346,GG,GG,GA,92,85,99,NC_000017.11,Mutation NB - Maternal Origin,Transition - Purine/Purine,Unsolved
10860399,rs7220621,TT,CC,CC,88,82,12,NC_000017.11,Mutation NB - Paternal Origin,Transition - Pyrimidine/Pyrimidine,T>C
12751949,rs78038989,AA,GG,AA,85,91,9,NC_000017.11,Mutation NB - Maternal Origin,Transition - Purine/Purine,G>A
13106922,rs912363904,GG,GG,GA,100,100,53,NC_000017.11,Mutation NB - Paternal or Maternal,Transition - Purine/Purine,Unsolved
13328571,rs9898604,TT,GG,GG,100,82,12,NC_000017.11,Mutation NB - Paternal Origin,Transversion - Purine/Pyrimidine,T>G
14336526,rs9891555,TT,GG,TT,67,100,21,NC_000017.11,Mutation NB - Maternal Origin,Transversion - Purine/Pyrimidine,G>T
14459890,rs1913080682,TT,TT,TC,58,55,41,NC_000017.11,Mutation NB - Maternal Origin,Transition - Pyrimidine/Pyrimidine,Unsolved
17448060,rs11869417,GG,AA,AA,97,82,21,NC_000017.11,Mutation NB - Paternal Origin,Transition - Purine/Purine,G>A
18165828,rs62073606,GG,AA,GG,73,91,18,NC_000017.11,Mutation NB - Maternal Origin,Transition - Purine/Purine,A>G
19012877,rs113065031,CA,CC,AA,1,91,15,NC_000017.11,Mutation NB - Maternal Origin,Transversion - Purine/Pyrimidine,C>A
19705460,rs4925042,GA,AA,GG,33,88,0,NC_000017.11,Mutation NB - Maternal Origin,Transition - Purine/Purine,A>G
20054377,rs79639330,CC,TT,CC,70,91,30,NC_000017.11,Mutation NB - Maternal Origin,Transition - Pyrimidine/Pyrimidine,T>C
20635879,rs188015276,TT,TT,TA,100,79,99,NC_000017.11,Mutation NB - Maternal Origin,Transition - Pyrimidine/Pyrimidine,Transversion - Purine/Pyrimidine,Unsolved
21530518,rs7207358,TT,TT,TC,85,100,99,NC_000017.11,Mutation NB - Paternal Origin,Transition - Pyrimidine/Pyrimidine,Unsolved
27091492,rs7211637,CC,TT,CC,58,100,24,NC_000017.11,Mutation NB - Maternal Origin,Transition - Pyrimidine/Pyrimidine,T>C
27242616,rs7212136,GG,GG,GC,100,79,56,NC_000017.11,Mutation NB - Maternal Origin,Transition - Purine/Purine,Transversion - Purine/Pyrimidine,Unsolved
27617570,rs4268811,CC,AA,AA,76,91,0,NC_000017.11,Mutation NB - Paternal Origin,Transversion - Purine/Pyrimidine,C>A
27624552,.,GG,GG,GA,52,76,49,NC_000017.11,Mutation NB - Paternal Origin,Transition - Purine/Purine,Unsolved
27810514,rs2779255,TT,CC,CC,91,91,18,NC_000017.11,Mutation NB - Paternal Origin,Transition - Pyrimidine/Pyrimidine,T>C
27810524,rs2531863,GG,AA,AA,91,91,18,NC_000017.11,Mutation NB - Paternal Origin,Transition - Purine/Purine,G>A
29595519,rs146596993,TC,TT,CC,85,91,18,NC_000017.11,Mutation NB - Maternal Origin,Transition - Pyrimidine/Pyrimidine,T>C
31561073,rs57308089,TT,TT,TC,100,91,71,NC_000017.11,Mutation NB - Maternal Origin,Transition - Pyrimidine/Pyrimidine,Unsolved
32601001,rs321169,AA,AA,GG,85,100,12,NC_000017.11,Mutation NB - Paternal Origin,Transition - Purine/Purine,Unsolved
33198307,rs112900876,GG,GG,GA,73,100,54,NC_000017.11,Mutation NB - Paternal Origin,Transition - Purine/Purine,Unsolved
34311514,rs7223771,AA,GG,AA,82,85,12,NC_000017.11,Mutation NB - Maternal Origin,Transition - Purine/Purine,G>A
35363600,rs72825958,TT,GG,GG,88,100,15,NC_000017.11,Mutation NB - Paternal Origin,Transversion - Purine/Pyrimidine,T>G
35584283,rs9900378,CC,CC,CT,64,100,62,NC_000017.11,Mutation NB - Paternal Origin,Transition - Pyrimidine/Pyrimidine,Unsolved
39027906,rs4483896,GG,GG,AA,91,76,15,NC_000017.11,Mutation NB - Maternal Origin,Transition - Purine/Purine,Unsolved
41543461,rs538952671,AT,AA,TT,28,79,18,NC_000017.11,Mutation NB - Maternal Origin,Transversion - Purine/Pyrimidine,A>T
41617925,rs897427,GG,GG,GC,73,85,62,NC_000017.11,Mutation NB - Paternal Origin,Transition - Purine/Purine,Transversion - Purine/Pyrimidine,Unsolved
41938946,rs34477739,CA,CC,AA,32,91,9,NC_000017.11,Mutation NB - Maternal Origin,Transversion - Purine/Pyrimidine,C>A
42922470,rs323495,AA,GG,GG,70,67,0,NC_000017.11,Mutation NB - Paternal Origin,Transition - Purine/Purine,A>G
44582881,rs7220452,CC,CC,CG,100,70,99,NC_000017.11,Mutation NB - Maternal Origin,Transversion - Purine/Pyrimidine,Unsolved
44902821,rs8079308,GG,GG,GA,100,88,24,NC_000017.11,Mutation NB - Maternal Origin,Transition - Purine/Purine,Unsolved
47074153,rs9894300,GG,CC,GG,73,100,12,NC_000017.11,Mutation NB - Maternal Origin,Transversion - Purine/Pyrimidine,C>G
47908206,.,TT,TT,TC,79,70,33,NC_000017.11,Mutation NB - Maternal Origin,Transition - Pyrimidine/Pyrimidine,Unsolved
48595354,rs66459980,CC,TT,CC,43,91,15,NC_000017.11,Mutation NB - Maternal Origin,Transition - Pyrimidine/Pyrimidine,T>C
48754453,.,TT,TT,TA,55,82,47,NC_000017.11,Mutation NB - Paternal Origin,Transition - Pyrimidine/Pyrimidine,Transversion - Purine/Pyrimidine,Unsolved
50074544,rs4793639,CC,TT,CC,67,100,15,NC_000017.11,Mutation NB - Maternal Origin,Transition - Pyrimidine/Pyrimidine,T>C
50641170,rs4148409,TC,GG,TT,1,91,9,NC_000017.11,Mutation NB - Maternal Origin,Transversion - Purine/Pyrimidine,G>T
51999499,.,AA,AA,AG,76,91,56,NC_000017.11,Mutation NB - Paternal Origin,Transition - Purine/Purine,Unsolved
63955917,rs35993844,GG,TT,TT,91,91,9,NC_000017.11,Mutation NB - Paternal Origin,Transversion - Purine/Pyrimidine,G>T
66049666,rs34489012,GG,GG,GA,73,100,62,NC_000017.11,Mutation NB - Paternal Origin,Transition - Purine/Purine,Unsolved
72501309,rs9910908,AG,AA,GG,35,100,18,NC_000017.11,Mutation NB - Maternal Origin,Transition - Purine/Purine,A>G
72501315,rs74690291,TT,CC,TT,82,91,18,NC_000017.11,Mutation NB - Maternal Origin,Transition - Pyrimidine/Pyrimidine,C>T
73522509,rs12451245,CC,CT,TT,88,1,12,NC_000017.11,Mutation NB - Paternal Origin,Transition - Pyrimidine/Pyrimidine,C>T
73723093,rs2620010,TT,GG,TT,85,88,9,NC_000017.11,Mutation NB - Maternal Origin,Transversion - Purine/Pyrimidine,G>T
74287403,.,TT,TT,TC,43,79,71,NC_000017.11,Mutation NB - Paternal Origin,Transition - Pyrimidine/Pyrimidine,Unsolved
74427540,rs1390702415,TT,TT,TC,88,91,72,NC_000017.11,Mutation NB - Paternal Origin,Transition - Pyrimidine/Pyrimidine,Unsolved
74654758,rs7210201,GG,AA,GG,91,91,15,NC_000017.11,Mutation NB - Maternal Origin,Transition - Purine/Purine,A>G
76425895,rs1533570,TT,CT,CC,80,75,0,NC_000017.11,Mutation NB - Paternal Origin,Transition - Pyrimidine/Pyrimidine,T>C
76678474,rs34349009,GG,AA,GG,58,91,12,NC_000017.11,Mutation NB - Maternal Origin,Transition - Purine/Purine,A>G
76685457,rs2286592,AA,AA,AG,85,100,99,NC_000017.11,Mutation NB - Paternal Origin,Transition - Purine/Purine,Unsolved
77313269,rs11654929,AA,GG,GG,100,91,12,NC_000017.11,Mutation NB - Paternal Origin,Transition - Purine/Purine,A>G
77486938,rs375666,GG,AA,AA,100,91,24,NC_000017.11,Mutation NB - Paternal Origin,Transition - Purine/Purine,G>A
78534395,rs189246693,GG,GG,GA,70,100,99,NC_000017.11,Mutation NB - Paternal Origin,Transition - Purine/Purine,Unsolved
78820532,.,TT,TT,TC,88,76,62,NC_000017.11,Mutation NB - Maternal Origin,Transition - Pyrimidine/Pyrimidine,Unsolved
78820586,.,AA,AA,AG,91,82,62,NC_000017.11,Mutation NB - Maternal Origin,Transition - Purine/Purine,Unsolved
79125917,rs1675267,AG,GG,AA,1,91,0,NC_000017.11,Mutation NB - Maternal Origin,Transition - Purine/Purine,G>A
80065493,rs116824266,CC,TT,CC,76,91,0,NC_000017.11,Mutation NB - Maternal Origin,Transition - Pyrimidine/Pyrimidine,T>C
80144770,rs12940486,TT,CC,CC,70,91,9,NC_000017.11,Mutation NB - Paternal Origin,Transition - Pyrimidine/Pyrimidine,T>C
80366319,rs8071440,TT,TC,CC,85,70,9,NC_000017.11,Mutation NB - Paternal Origin,Transition - Pyrimidine/Pyrimidine,T>C
80709620,rs34333328,GG,GG,GA,67,91,99,NC_000017.11,Mutation NB - Paternal Origin,Transition - Purine/Purine,Unsolved
80931297,rs117634171,AA,GG,GG,85,85,9,NC_000017.11,Mutation NB - Paternal Origin,Transition - Purine/Purine,A>G
82235330,.,CC,CC,CT,88,64,41,NC_000017.11,Mutation NB - Maternal Origin,Transition - Pyrimidine/Pyrimidine,Unsolved
82800789,rs115694660,GG,GG,AA,91,100,12,NC_000017.11,Mutation NB - Paternal Origin,Transition - Purine/Purine,Unsolved
346821,rs3826628,CC,TT,CC,64,91,12,NC_000018.10,Mutation NB - Maternal Origin,Transition - Pyrimidine/Pyrimidine,T>C
1543002,rs2032758,GG,GG,GA,88,82,99,NC_000018.10,Mutation NB - Maternal Origin,Transition - Purine/Purine,Unsolved
1903417,rs11080898,GA,GG,AA,5,91,18,NC_000018.10,Mutation NB - Maternal Origin,Transition - Purine/Purine,G>A
2823599,rs4798030,CC,TT,CC,76,91,0,NC_000018.10,Mutation NB - Maternal Origin,Transition - Pyrimidine/Pyrimidine,T>C
4987633,.,AA,AA,AC,61,64,50,NC_000018.10,Mutation NB - Paternal Origin,Transversion - Purine/Pyrimidine,Unsolved
8245212,rs73939411,GG,GG,GA,52,100,99,NC_000018.10,Mutation NB - Paternal Origin,Transition - Purine/Purine,Unsolved
8582498,rs114814642,TT,TT,TC,55,88,41,NC_000018.10,Mutation NB - Paternal Origin,Transition - Pyrimidine/Pyrimidine,Unsolved
10122129,rs1941066,GG,GA,AA,91,35,9,NC_000018.10,Mutation NB - Paternal Origin,Transition - Purine/Purine,G>A
12441500,rs2030831092,AA,AA,AG,28,46,41,NC_000018.10,Mutation NB - Paternal Origin,Transition - Purine/Purine,Unsolved
26640332,rs1415237847,AA,AA,AG,85,88,56,NC_000018.10,Mutation NB - Paternal Origin,Transition - Purine/Purine,Unsolved
29898217,rs113205359,CC,AA,AA,85,82,9,NC_000018.10,Mutation NB - Paternal Origin,Transversion - Purine/Pyrimidine,C>A
30782573,.,AA,AA,AG,82,85,53,NC_000018.10,Mutation NB - Paternal Origin,Transition - Purine/Purine,Unsolved
40429869,rs1897729,TT,TC,CC,100,1,15,NC_000018.10,Mutation NB - Paternal Origin,Transition - Pyrimidine/Pyrimidine,T>C
41410836,.,TT,TT,TC,49,79,59,NC_000018.10,Mutation NB - Paternal Origin,Transition - Pyrimidine/Pyrimidine,Unsolved
47031277,rs115006944,GG,GG,GC,88,88,99,NC_000018.10,Mutation NB - Paternal or Maternal,Transition - Purine/Purine,Transversion - Purine/Pyrimidine,Unsolved
47497786,rs11082596,TT,AA,TT,85,85,0,NC_000018.10,Mutation NB - Maternal Origin,Transversion - Purine/Pyrimidine,A>T
48397865,rs2048065505,TT,TT,TC,64,91,47,NC_000018.10,Mutation NB - Paternal Origin,Transition - Pyrimidine/Pyrimidine,Unsolved
53187661,.,TT,TT,TC,85,82,44,NC_000018.10,Mutation NB - Maternal Origin,Transition - Pyrimidine/Pyrimidine,Unsolved
56061052,.,TT,TT,TC,58,91,59,NC_000018.10,Mutation NB - Paternal Origin,Transition - Pyrimidine/Pyrimidine,Unsolved
61321019,.,TT,TT,TC,91,91,65,NC_000018.10,Mutation NB - Paternal or Maternal,Transition - Pyrimidine/Pyrimidine,Unsolved
61890537,rs8086397,AA,GG,AA,73,61,0,NC_000018.10,Mutation NB - Maternal Origin,Transition - Purine/Purine,G>A
62571848,rs3760569,TC,TT,CC,1,82,21,NC_000018.10,Mutation NB - Maternal Origin,Transition - Pyrimidine/Pyrimidine,T>C
64270081,.,TT,TT,TC,76,61,56,NC_000018.10,Mutation NB - Maternal Origin,Transition - Pyrimidine/Pyrimidine,Unsolved
64725029,rs2174570,TT,CT,CC,85,6,0,NC_000018.10,Mutation NB - Paternal Origin,Transition - Pyrimidine/Pyrimidine,T>C
69223549,.,AA,AA,AG,70,70,54,NC_000018.10,Mutation NB - Paternal or Maternal,Transition - Purine/Purine,Unsolved
69496355,rs12051945,GG,GG,GA,49,91,99,NC_000018.10,Mutation NB - Paternal Origin,Transition - Purine/Purine,Unsolved
70283922,rs76460596,TT,TT,TC,85,100,27,NC_000018.10,Mutation NB - Paternal Origin,Transition - Pyrimidine/Pyrimidine,Unsolved
74214774,rs751144639,AA,AA,AG,64,79,56,NC_000018.10,Mutation NB - Paternal Origin,Transition - Purine/Purine,Unsolved
75627711,rs6565811,AC,CC,AA,1,70,0,NC_000018.10,Mutation NB - Maternal Origin,Transversion - Purine/Pyrimidine,C>A
76978366,rs470319,TT,GG,TT,64,91,24,NC_000018.10,Mutation NB - Maternal Origin,Transversion - Purine/Pyrimidine,G>T
78089532,rs8097262,GC,GG,CC,11,73,21,NC_000018.10,Mutation NB - Maternal Origin,Transversion - Purine/Pyrimidine,G>C
79337915,rs116088402,GG,GA,AA,82,76,12,NC_000018.10,Mutation NB - Paternal Origin,Transition - Purine/Purine,G>A
79378068,rs3591,TT,CC,CC,100,85,9,NC_000018.10,Mutation NB - Paternal Origin,Transition - Pyrimidine/Pyrimidine,T>C
79520145,rs542988389,CC,CC,CT,88,91,68,NC_000018.10,Mutation NB - Paternal Origin,Transition - Pyrimidine/Pyrimidine,Unsolved
586330,rs10413962,AA,TT,TT,79,91,12,NC_000019.10,Mutation NB - Paternal Origin,Transversion - Purine/Pyrimidine,A>T
1159135,rs35254404,AG,AA,GG,1,100,12,NC_000019.10,Mutation NB - Maternal Origin,Transition - Purine/Purine,A>G
1457371,rs3894776,CC,TT,CC,100,88,21,NC_000019.10,Mutation NB - Maternal Origin,Transition - Pyrimidine/Pyrimidine,T>C
1488148,rs4807120,CC,CC,CT,70,100,99,NC_000019.10,Mutation NB - Paternal Origin,Transition - Pyrimidine/Pyrimidine,Unsolved
1497763,rs112208222,GG,GA,AA,100,67,9,NC_000019.10,Mutation NB - Paternal Origin,Transition - Purine/Purine,G>A
1817944,rs2304613,GG,CC,GG,76,91,0,NC_000019.10,Mutation NB - Maternal Origin,Transversion - Purine/Pyrimidine,C>G
2550989,rs79151403,CC,CT,TT,100,32,12,NC_000019.10,Mutation NB - Paternal Origin,Transition - Pyrimidine/Pyrimidine,C>T
2551000,rs77079009,CC,CC,CT,100,85,61,NC_000019.10,Mutation NB - Maternal Origin,Transition - Pyrimidine/Pyrimidine,Unsolved
4507704,rs892158,CC,TT,CC,91,88,15,NC_000019.10,Mutation NB - Maternal Origin,Transition - Pyrimidine/Pyrimidine,T>C
4944543,rs2602730,AA,GG,AA,55,100,21,NC_000019.10,Mutation NB - Maternal Origin,Transition - Purine/Purine,G>A
4947029,rs2602734,GG,AA,AA,79,91,0,NC_000019.10,Mutation NB - Paternal Origin,Transition - Purine/Purine,G>A
6214983,.,TT,TT,TC,64,79,53,NC_000019.10,Mutation NB - Paternal Origin,Transition - Pyrimidine/Pyrimidine,Unsolved
6641331,rs12979435,CA,CC,AA,5,100,27,NC_000019.10,Mutation NB - Maternal Origin,Transversion - Purine/Pyrimidine,C>A
6731046,rs2279624,TT,CC,CC,100,76,42,NC_000019.10,Mutation NB - Paternal Origin,Transition - Pyrimidine/Pyrimidine,T>C
9398458,rs4804435,GG,GC,CC,100,45,9,NC_000019.10,Mutation NB - Paternal Origin,Transversion - Purine/Pyrimidine,G>C
12059665,rs57024566,GG,GG,GA,79,100,68,NC_000019.10,Mutation NB - Paternal Origin,Transition - Purine/Purine,Unsolved
13320046,rs59514236,CC,CC,CT,46,100,99,NC_000019.10,Mutation NB - Paternal Origin,Transition - Pyrimidine/Pyrimidine,Unsolved
14927469,rs58141718,TT,TC,CC,100,67,24,NC_000019.10,Mutation NB - Paternal Origin,Transition - Pyrimidine/Pyrimidine,T>C
15056064,.,TT,TT,TC,88,76,53,NC_000019.10,Mutation NB - Maternal Origin,Transition - Pyrimidine/Pyrimidine,Unsolved
15657061,.,TT,TT,TC,85,76,59,NC_000019.10,Mutation NB - Maternal Origin,Transition - Pyrimidine/Pyrimidine,Unsolved
15723148,rs12975815,GG,GG,AA,100,91,12,NC_000019.10,Mutation NB - Maternal Origin,Transition - Purine/Purine,Unsolved
17068979,rs2305754,AA,GG,AA,91,100,12,NC_000019.10,Mutation NB - Maternal Origin,Transition - Purine/Purine,G>A
18328710,rs35999725,CC,CC,CT,76,70,68,NC_000019.10,Mutation NB - Maternal Origin,Transition - Pyrimidine/Pyrimidine,Unsolved
18750284,rs1600936153,GG,GG,GA,82,91,57,NC_000019.10,Mutation NB - Paternal Origin,Transition - Purine/Purine,Unsolved
19901002,rs7253941,TT,TT,TC,79,91,65,NC_000019.10,Mutation NB - Paternal Origin,Transition - Pyrimidine/Pyrimidine,Unsolved
22607861,rs74419958,TT,TT,TC,70,100,18,NC_000019.10,Mutation NB - Paternal Origin,Transition - Pyrimidine/Pyrimidine,Unsolved
23409104,rs12978693,TT,TT,CT,91,91,99,NC_000019.10,Mutation NB - Paternal or Maternal,Transition - Pyrimidine/Pyrimidine,Unsolved
23415989,rs603909,GG,GG,CG,88,91,33,NC_000019.10,Mutation NB - Paternal Origin,Transition - Purine/Purine,Transversion - Purine/Pyrimidine,Unsolved
29624382,rs1035936,GA,AA,GG,5,85,0,NC_000019.10,Mutation NB - Maternal Origin,Transition - Purine/Purine,A>G
29669316,rs74724747,CC,CC,CT,70,100,99,NC_000019.10,Mutation NB - Paternal Origin,Transition - Pyrimidine/Pyrimidine,Unsolved
29669448,.,GG,GG,GT,58,58,41,NC_000019.10,Mutation NB - Paternal or Maternal,Transversion - Purine/Pyrimidine,Unsolved
32250961,rs28629938,AG,AA,GG,1,100,36,NC_000019.10,Mutation NB - Maternal Origin,Transition - Purine/Purine,A>G
32890814,rs8105526,AA,GG,GG,73,100,12,NC_000019.10,Mutation NB - Paternal Origin,Transition - Purine/Purine,A>G
33578506,.,GG,GG,GA,67,88,62,NC_000019.10,Mutation NB - Paternal Origin,Transition - Purine/Purine,Unsolved
34645541,rs7258826,CC,GG,GG,88,91,9,NC_000019.10,Mutation NB - Paternal Origin,Transversion - Purine/Pyrimidine,C>G
35117188,rs1006162,TT,TT,CT,88,91,99,NC_000019.10,Mutation NB - Paternal Origin,Transition - Pyrimidine/Pyrimidine,Unsolved
35228117,rs541169,CT,CC,TT,44,100,9,NC_000019.10,Mutation NB - Maternal Origin,Transversion - Purine/Pyrimidine,C>T
36034936,.,TT,TT,TC,70,85,50,NC_000019.10,Mutation NB - Paternal Origin,Transition - Pyrimidine/Pyrimidine,Unsolved
36986856,rs10410594,CC,CC,TT,100,100,24,NC_000019.10,Mutation NB - Paternal or Maternal,Transition - Pyrimidine/Pyrimidine,Unsolved
38506819,rs2915958,CC,GC,GG,85,60,0,NC_000019.10,Mutation NB - Paternal Origin,Transversion - Purine/Pyrimidine,C>G
39464711,rs62120671,GG,TT,GG,64,73,15,NC_000019.10,Mutation NB - Maternal Origin,Transition - Purine/Purine,Transversion - Purine/Pyrimidine,T>G
40329645,rs12459307,AA,GG,AA,55,85,0,NC_000019.10,Mutation NB - Maternal Origin,Transition - Purine/Purine,G>A
41424623,rs1599964814,CC,CC,AC,80,91,2,NC_000019.10,Mutation NB - Paternal Origin,Transversion - Purine/Pyrimidine,Unsolved
45795419,rs36073277,AA,AG,GG,79,1,12,NC_000019.10,Mutation NB - Paternal Origin,Transition - Purine/Purine,A>G
46822311,rs78608433,GG,GG,GA,82,85,68,NC_000019.10,Mutation NB - Paternal Origin,Transition - Purine/Purine,Unsolved
47679689,rs2911006,TT,TT,TC,100,100,61,NC_000019.10,Mutation NB - Paternal or Maternal,Transition - Pyrimidine/Pyrimidine,Unsolved
48204280,rs112555765,AA,GG,GG,88,88,9,NC_000019.10,Mutation NB - Paternal Origin,Transition - Purine/Purine,A>G
50403272,rs1673043,GG,AA,GG,85,91,27,NC_000019.10,Mutation NB - Maternal Origin,Transition - Purine/Purine,A>G
50650171,rs35543193,CC,TT,TT,79,82,0,NC_000019.10,Mutation NB - Paternal Origin,Transition - Pyrimidine/Pyrimidine,C>T
50650175,rs35429431,CC,TT,TT,79,82,0,NC_000019.10,Mutation NB - Paternal Origin,Transition - Pyrimidine/Pyrimidine,C>T
51677555,rs61429594,AG,AA,GG,1,88,30,NC_000019.10,Mutation NB - Maternal Origin,Transition - Purine/Purine,A>G
53661523,rs4803157,CC,AA,CC,79,91,9,NC_000019.10,Mutation NB - Maternal Origin,Transversion - Purine/Pyrimidine,A>C
56086757,rs12052157,GA,AA,GG,1,85,0,NC_000019.10,Mutation NB - Maternal Origin,Transition - Purine/Purine,A>G
263776,rs433918,AA,GG,AA,70,91,12,NC_000020.11,Mutation NB - Maternal Origin,Transition - Purine/Purine,G>A
911917,rs35093728,TT,GG,TT,85,100,9,NC_000020.11,Mutation NB - Maternal Origin,Transversion - Purine/Pyrimidine,G>T
2347004,rs6082806,CC,CC,GC,91,91,65,NC_000020.11,Mutation NB - Paternal or Maternal,Transversion - Purine/Pyrimidine,Unsolved
4403748,rs297698,GG,GG,GT,88,88,98,NC_000020.11,Mutation NB - Paternal or Maternal,Transversion - Purine/Pyrimidine,Unsolved
4805220,rs2423013,CC,CT,TT,76,1,9,NC_000020.11,Mutation NB - Paternal Origin,Transition - Pyrimidine/Pyrimidine,C>T
5656029,rs2423123,AA,GG,AA,76,100,15,NC_000020.11,Mutation NB - Maternal Origin,Transition - Purine/Purine,G>A
9886948,.,TT,TT,TA,82,70,59,NC_000020.11,Mutation NB - Maternal Origin,Transition - Pyrimidine/Pyrimidine,Transversion - Purine/Pyrimidine,Unsolved
10715262,rs76932688,AA,AA,AG,73,91,99,NC_000020.11,Mutation NB - Paternal Origin,Transition - Purine/Purine,Unsolved
13021067,rs3966739,AA,AA,AG,79,91,55,NC_000020.11,Mutation NB - Paternal Origin,Transition - Purine/Purine,Unsolved
17419889,rs2269003,TT,CC,CC,70,76,0,NC_000020.11,Mutation NB - Paternal Origin,Transition - Pyrimidine/Pyrimidine,T>C
19905714,rs6132244,CG,CC,GG,5,91,9,NC_000020.11,Mutation NB - Maternal Origin,Transversion - Purine/Pyrimidine,C>G
22494235,rs77730995,CC,CT,TT,100,25,21,NC_000020.11,Mutation NB - Paternal Origin,Transition - Pyrimidine/Pyrimidine,C>T
22494242,rs73900501,AA,AT,TT,100,25,21,NC_000020.11,Mutation NB - Paternal Origin,Transversion - Purine/Pyrimidine,A>T
23102004,rs844822,TT,TT,TC,61,100,99,NC_000020.11,Mutation NB - Paternal Origin,Transition - Pyrimidine/Pyrimidine,Unsolved
23107654,rs6083006,GG,GG,GA,64,100,99,NC_000020.11,Mutation NB - Paternal Origin,Transition - Purine/Purine,Unsolved
23937861,rs139385468,CC,CC,CT,79,100,99,NC_000020.11,Mutation NB - Paternal Origin,Transition - Pyrimidine/Pyrimidine,Unsolved
24220063,rs2749443,TT,TT,GT,91,64,21,NC_000020.11,Mutation NB - Maternal Origin,Transition - Pyrimidine/Pyrimidine,Transversion - Purine/Pyrimidine,Unsolved
24859711,rs56148678,TC,TT,CC,32,100,24,NC_000020.11,Mutation NB - Maternal Origin,Transition - Pyrimidine/Pyrimidine,T>C
25227137,rs6138542,CC,AA,CC,85,88,0,NC_000020.11,Mutation NB - Maternal Origin,Transversion - Purine/Pyrimidine,A>C
25315168,.,CC,CC,CG,90,88,45,NC_000020.11,Mutation NB - Maternal Origin,Transversion - Purine/Pyrimidine,Unsolved
29768525,rs1465028369,GG,CC,CC,88,88,9,NC_000020.11,Mutation NB - Paternal Origin,Transversion - Purine/Pyrimidine,G>C
31894324,.,GG,GG,GT,76,88,43,NC_000020.11,Mutation NB - Paternal Origin,Transversion - Purine/Pyrimidine,Unsolved
32772013,rs2424907,TT,CC,TT,73,100,12,NC_000020.11,Mutation NB - Maternal Origin,Transition - Pyrimidine/Pyrimidine,C>T
36419655,rs4504054,CC,TT,CC,79,100,24,NC_000020.11,Mutation NB - Maternal Origin,Transition - Pyrimidine/Pyrimidine,T>C
36784431,rs2298308,GA,AA,GG,1,82,0,NC_000020.11,Mutation NB - Maternal Origin,Transition - Purine/Purine,A>G
37410567,rs6012141,CC,CT,TT,79,1,12,NC_000020.11,Mutation NB - Paternal Origin,Transition - Pyrimidine/Pyrimidine,C>T
37852697,rs6067889,GG,AA,GG,100,79,0,NC_000020.11,Mutation NB - Maternal Origin,Transition - Purine/Purine,A>G
38444448,rs805528,GG,AA,AA,100,91,18,NC_000020.11,Mutation NB - Paternal Origin,Transition - Purine/Purine,G>A
40371033,rs77272328,GT,GG,TT,18,82,18,NC_000020.11,Mutation NB - Maternal Origin,Transversion - Purine/Pyrimidine,G>T
40959757,rs73261982,AA,GG,AA,70,91,12,NC_000020.11,Mutation NB - Maternal Origin,Transition - Purine/Purine,G>A
43238580,rs7273153,CC,AA,AA,88,94,24,NC_000020.11,Mutation NB - Paternal Origin,Transversion - Purine/Pyrimidine,C>A
43446637,.,AA,AA,AG,64,64,39,NC_000020.11,Mutation NB - Paternal or Maternal,Transition - Purine/Purine,Unsolved
43565555,rs3787272,CC,TT,CC,73,91,9,NC_000020.11,Mutation NB - Maternal Origin,Transition - Pyrimidine/Pyrimidine,T>C
44025453,rs11086917,GG,AA,GG,82,100,21,NC_000020.11,Mutation NB - Maternal Origin,Transition - Purine/Purine,A>G
44282804,.,TT,TT,TC,64,88,53,NC_000020.11,Mutation NB - Paternal Origin,Transition - Pyrimidine/Pyrimidine,Unsolved
45891961,.,TT,TT,TC,73,91,69,NC_000020.11,Mutation NB - Paternal Origin,Transition - Pyrimidine/Pyrimidine,Unsolved
46811985,rs73299924,GG,TT,GG,64,88,9,NC_000020.11,Mutation NB - Maternal Origin,Transition - Purine/Purine,Transversion - Purine/Pyrimidine,T>G
47711168,rs1937796200,AA,AA,AG,88,82,68,NC_000020.11,Mutation NB - Maternal Origin,Transition - Purine/Purine,Unsolved
47895381,rs3848683,GG,GG,GA,73,88,63,NC_000020.11,Mutation NB - Paternal Origin,Transition - Purine/Purine,Unsolved
48210280,.,GG,GG,GA,76,88,50,NC_000020.11,Mutation NB - Paternal Origin,Transition - Purine/Purine,Unsolved
49365591,rs237450,AA,AA,GA,85,91,71,NC_000020.11,Mutation NB - Paternal Origin,Transition - Purine/Purine,Unsolved
51509100,rs6013205,CC,GG,CC,64,91,24,NC_000020.11,Mutation NB - Maternal Origin,Transversion - Purine/Pyrimidine,G>C
52561088,rs6126609,GG,AA,AA,82,85,0,NC_000020.11,Mutation NB - Paternal Origin,Transition - Purine/Purine,G>A
55812605,rs58613412,CC,CT,TT,67,70,12,NC_000020.11,Mutation NB - Paternal Origin,Transition - Pyrimidine/Pyrimidine,C>T
56272288,.,TT,TT,TC,58,91,87,NC_000020.11,Mutation NB - Paternal Origin,Transition - Pyrimidine/Pyrimidine,Unsolved
56880608,rs13038467,AA,GG,GG,58,82,0,NC_000020.11,Mutation NB - Paternal Origin,Transition - Purine/Purine,A>G
57180434,rs762971821,TT,TT,TC,82,82,71,NC_000020.11,Mutation NB - Paternal or Maternal,Transition - Pyrimidine/Pyrimidine,Unsolved
58073228,rs73181349,GG,GG,GA,100,76,99,NC_000020.11,Mutation NB - Maternal Origin,Transition - Purine/Purine,Unsolved
58073270,rs73181350,CC,CC,CG,100,76,99,NC_000020.11,Mutation NB - Maternal Origin,Transversion - Purine/Pyrimidine,Unsolved
58865690,rs9679921,TC,TT,CC,1,88,18,NC_000020.11,Mutation NB - Maternal Origin,Transition - Pyrimidine/Pyrimidine,T>C
59547559,rs1373155022,AA,AA,AG,79,88,65,NC_000020.11,Mutation NB - Paternal Origin,Transition - Purine/Purine,Unsolved
59675605,rs6128661,AT,AA,TT,1,91,24,NC_000020.11,Mutation NB - Maternal Origin,Transversion - Purine/Pyrimidine,A>T
60876338,rs1980527,CT,CC,TT,1,88,9,NC_000020.11,Mutation NB - Maternal Origin,Transversion - Purine/Pyrimidine,C>T
60876339,rs6027892,GG,AA,GG,82,91,0,NC_000020.11,Mutation NB - Maternal Origin,Transition - Purine/Purine,A>G
61122283,rs6101235,CC,CC,CT,100,73,99,NC_000020.11,Mutation NB - Maternal Origin,Transition - Pyrimidine/Pyrimidine,Unsolved
62057238,rs6089632,CC,TT,CC,79,91,0,NC_000020.11,Mutation NB - Maternal Origin,Transition - Pyrimidine/Pyrimidine,T>C
62729121,rs6122132,CC,TT,TT,82,88,12,NC_000020.11,Mutation NB - Paternal Origin,Transition - Pyrimidine/Pyrimidine,C>T
63071385,rs4809479,CC,TT,CC,82,76,15,NC_000020.11,Mutation NB - Maternal Origin,Transition - Pyrimidine/Pyrimidine,T>C
63088212,.,TT,TT,TC,43,85,44,NC_000020.11,Mutation NB - Paternal Origin,Transition - Pyrimidine/Pyrimidine,Unsolved
63317337,.,GG,GG,GA,85,91,58,NC_000020.11,Mutation NB - Paternal Origin,Transition - Purine/Purine,Unsolved
14417818,.,TT,TT,TC,76,85,41,NC_000021.9,Mutation NB - Paternal Origin,Transition - Pyrimidine/Pyrimidine,Unsolved
15326120,rs8132828,GG,GG,GA,85,100,63,NC_000021.9,Mutation NB - Paternal Origin,Transition - Purine/Purine,Unsolved
16061455,rs9976456,GG,GG,GC,82,94,89,NC_000021.9,Mutation NB - Paternal Origin,Transition - Purine/Purine,Transversion - Purine/Pyrimidine,Unsolved
17999895,rs158077,TT,TG,GG,73,1,15,NC_000021.9,Mutation NB - Paternal Origin,Transversion - Purine/Pyrimidine,T>G
19854268,.,TT,TT,TC,85,91,48,NC_000021.9,Mutation NB - Paternal Origin,Transition - Pyrimidine/Pyrimidine,Unsolved
20698996,rs11088823,AA,AA,AC,46,91,99,NC_000021.9,Mutation NB - Paternal Origin,Transversion - Purine/Pyrimidine,Unsolved
25954786,rs417676,AA,GG,AA,85,100,27,NC_000021.9,Mutation NB - Maternal Origin,Transition - Purine/Purine,G>A
28107445,rs2831499,TT,CC,TT,67,88,9,NC_000021.9,Mutation NB - Maternal Origin,Transition - Pyrimidine/Pyrimidine,C>T
30822421,.,AA,AA,AG,61,85,62,NC_000021.9,Mutation NB - Paternal Origin,Transition - Purine/Purine,Unsolved
31087861,rs4816389,GG,GA,AA,100,27,12,NC_000021.9,Mutation NB - Paternal Origin,Transition - Purine/Purine,G>A
33025263,rs6517135,TT,TT,TC,91,100,69,NC_000021.9,Mutation NB - Paternal Origin,Transition - Pyrimidine/Pyrimidine,Unsolved
33116037,rs7282472,GG,GG,GA,67,100,24,NC_000021.9,Mutation NB - Paternal Origin,Transition - Purine/Purine,Unsolved
34872301,rs73201074,AA,CC,CC,88,85,15,NC_000021.9,Mutation NB - Paternal Origin,Transversion - Purine/Pyrimidine,A>C
34963282,rs2834693,GG,GG,GA,73,100,30,NC_000021.9,Mutation NB - Paternal Origin,Transition - Purine/Purine,Unsolved
36149388,rs2243343,AA,CC,CC,58,100,30,NC_000021.9,Mutation NB - Paternal Origin,Transversion - Purine/Pyrimidine,A>C
36554859,rs397990,CC,GG,CC,64,100,21,NC_000021.9,Mutation NB - Maternal Origin,Transversion - Purine/Pyrimidine,G>C
36554870,rs397996,AA,GG,AA,64,100,21,NC_000021.9,Mutation NB - Maternal Origin,Transition - Purine/Purine,G>A
37188033,rs6517405,TT,TT,TC,100,91,90,NC_000021.9,Mutation NB - Maternal Origin,Transition - Pyrimidine/Pyrimidine,Unsolved
37188057,rs8127443,TT,TT,TA,100,91,99,NC_000021.9,Mutation NB - Maternal Origin,Transition - Pyrimidine/Pyrimidine,Transversion - Purine/Pyrimidine,Unsolved
38956110,rs6517493,TT,CC,TT,73,100,12,NC_000021.9,Mutation NB - Maternal Origin,Transition - Pyrimidine/Pyrimidine,C>T
39008323,rs2836823,CC,CT,TT,100,29,9,NC_000021.9,Mutation NB - Paternal Origin,Transition - Pyrimidine/Pyrimidine,C>T
39018999,rs2836839,GA,GG,AA,46,85,15,NC_000021.9,Mutation NB - Maternal Origin,Transition - Purine/Purine,G>A
39408472,.,AA,AA,AG,40,67,56,NC_000021.9,Mutation NB - Paternal Origin,Transition - Purine/Purine,Unsolved
39553671,rs565101,TT,CC,TT,82,100,24,NC_000021.9,Mutation NB - Maternal Origin,Transition - Pyrimidine/Pyrimidine,C>T
39553710,rs639082,CC,GG,CC,79,100,24,NC_000021.9,Mutation NB - Maternal Origin,Transversion - Purine/Pyrimidine,G>C
39924503,.,AA,AA,AG,55,79,56,NC_000021.9,Mutation NB - Paternal Origin,Transition - Purine/Purine,Unsolved
41631173,rs55808158,CT,CC,TT,1,82,12,NC_000021.9,Mutation NB - Maternal Origin,Transversion - Purine/Pyrimidine,C>T
41821727,rs62216235,CC,TT,TT,64,91,24,NC_000021.9,Mutation NB - Paternal Origin,Transition - Pyrimidine/Pyrimidine,C>T
41821735,rs28648706,GG,GG,AA,64,91,24,NC_000021.9,Mutation NB - Paternal Origin,Transition - Purine/Purine,Unsolved
41874711,rs67610389,GG,AA,GG,88,79,9,NC_000021.9,Mutation NB - Maternal Origin,Transition - Purine/Purine,A>G
43360089,rs2838285,AG,AA,GG,29,88,12,NC_000021.9,Mutation NB - Maternal Origin,Transition - Purine/Purine,A>G
43936192,rs9306165,GG,TT,GG,85,100,12,NC_000021.9,Mutation NB - Maternal Origin,Transition - Purine/Purine,Transversion - Purine/Pyrimidine,T>G
44569245,rs12627518,CC,TT,CC,73,85,9,NC_000021.9,Mutation NB - Maternal Origin,Transition - Pyrimidine/Pyrimidine,T>C
45319214,rs1431859689,CC,CC,CT,58,55,69,NC_000021.9,Mutation NB - Maternal Origin,Transition - Pyrimidine/Pyrimidine,Unsolved
45865503,.,TT,TT,TC,73,91,47,NC_000021.9,Mutation NB - Paternal Origin,Transition - Pyrimidine/Pyrimidine,Unsolved
16921501,rs190530230,GG,GG,GA,85,100,99,NC_000022.11,Mutation NB - Paternal Origin,Transition - Purine/Purine,Unsolved
19805189,rs5993834,CC,TT,CC,73,91,24,NC_000022.11,Mutation NB - Maternal Origin,Transition - Pyrimidine/Pyrimidine,T>C
19973133,.,AA,AA,AG,79,91,50,NC_000022.11,Mutation NB - Paternal Origin,Transition - Purine/Purine,Unsolved
20741277,.,TT,TT,TC,64,92,59,NC_000022.11,Mutation NB - Paternal Origin,Transition - Pyrimidine/Pyrimidine,Unsolved
20779342,.,TT,TT,TC,79,79,52,NC_000022.11,Mutation NB - Paternal or Maternal,Transition - Pyrimidine/Pyrimidine,Unsolved
21723430,rs9610168,CC,CC,CT,73,100,27,NC_000022.11,Mutation NB - Paternal Origin,Transition - Pyrimidine/Pyrimidine,Unsolved
22056950,rs5756695,CC,CC,CT,88,100,99,NC_000022.11,Mutation NB - Paternal Origin,Transition - Pyrimidine/Pyrimidine,Unsolved
24350672,rs1216693537,TT,TT,TC,88,91,72,NC_000022.11,Mutation NB - Paternal Origin,Transition - Pyrimidine/Pyrimidine,Unsolved
25153903,rs9608371,CC,CC,CT,88,100,95,NC_000022.11,Mutation NB - Paternal Origin,Transition - Pyrimidine/Pyrimidine,Unsolved
25159316,rs16979674,GA,GG,AA,29,85,12,NC_000022.11,Mutation NB - Maternal Origin,Transition - Purine/Purine,G>A
27747056,rs45468794,CC,TT,CC,85,88,15,NC_000022.11,Mutation NB - Maternal Origin,Transition - Pyrimidine/Pyrimidine,T>C
30909221,rs5749194,CC,AC,AA,82,67,0,NC_000022.11,Mutation NB - Paternal Origin,Transversion - Purine/Pyrimidine,C>A
31505881,rs9606848,GG,AA,GG,61,73,0,NC_000022.11,Mutation NB - Maternal Origin,Transition - Purine/Purine,A>G
32193047,rs136479,TC,CC,TT,55,82,0,NC_000022.11,Mutation NB - Maternal Origin,Transversion - Purine/Pyrimidine,C>T
33415673,rs55645916,AA,GG,AA,91,91,12,NC_000022.11,Mutation NB - Maternal Origin,Transition - Purine/Purine,G>A
35451994,rs57721692,CC,CC,CT,100,91,99,NC_000022.11,Mutation NB - Maternal Origin,Transition - Pyrimidine/Pyrimidine,Unsolved
36640569,rs73415642,AA,CC,CC,91,76,0,NC_000022.11,Mutation NB - Paternal Origin,Transversion - Purine/Pyrimidine,A>C
36640575,rs78610665,AA,GG,GG,91,85,0,NC_000022.11,Mutation NB - Paternal Origin,Transition - Purine/Purine,A>G
36748300,rs114518574,GG,GG,GA,79,91,99,NC_000022.11,Mutation NB - Paternal Origin,Transition - Purine/Purine,Unsolved
37028808,rs73884696,AA,AA,TT,88,100,9,NC_000022.11,Mutation NB - Paternal Origin,Transversion - Purine/Pyrimidine,Unsolved
37172311,rs229500,CC,CC,CA,85,67,59,NC_000022.11,Mutation NB - Maternal Origin,Transversion - Purine/Pyrimidine,Unsolved
38242591,rs2413510,CC,TT,TT,55,88,0,NC_000022.11,Mutation NB - Paternal Origin,Transition - Pyrimidine/Pyrimidine,C>T
38513226,rs138466,CC,TT,CC,52,91,18,NC_000022.11,Mutation NB - Maternal Origin,Transition - Pyrimidine/Pyrimidine,T>C
38769957,rs6001220,CC,TT,TT,100,76,9,NC_000022.11,Mutation NB - Paternal Origin,Transition - Pyrimidine/Pyrimidine,C>T
38986074,rs5995649,AA,CA,CC,88,33,21,NC_000022.11,Mutation NB - Paternal Origin,Transversion - Purine/Pyrimidine,A>C
39098082,rs139280,TT,TT,TC,67,100,61,NC_000022.11,Mutation NB - Paternal Origin,Transition - Pyrimidine/Pyrimidine,Unsolved
39509544,rs75911208,CC,CC,CT,49,100,99,NC_000022.11,Mutation NB - Paternal Origin,Transition - Pyrimidine/Pyrimidine,Unsolved
40029970,rs3752470,GG,AA,GG,76,85,42,NC_000022.11,Mutation NB - Maternal Origin,Transition - Purine/Purine,A>G
40420745,rs2072856,GG,GA,AA,73,70,15,NC_000022.11,Mutation NB - Paternal Origin,Transition - Purine/Purine,G>A
41058228,rs1049552700,CC,CC,CT,100,85,52,NC_000022.11,Mutation NB - Maternal Origin,Transition - Pyrimidine/Pyrimidine,Unsolved
43261034,rs59766248,GG,AA,GG,61,88,0,NC_000022.11,Mutation NB - Maternal Origin,Transition - Purine/Purine,A>G
43887676,rs5764380,AG,AA,GG,1,79,12,NC_000022.11,Mutation NB - Maternal Origin,Transition - Purine/Purine,A>G
44254964,.,TT,TT,TC,67,73,65,NC_000022.11,Mutation NB - Paternal Origin,Transition - Pyrimidine/Pyrimidine,Unsolved
44305581,rs3918403,CC,CC,CG,70,100,99,NC_000022.11,Mutation NB - Paternal Origin,Transversion - Purine/Pyrimidine,Unsolved
44865329,rs2882263,GG,GG,GC,79,100,99,NC_000022.11,Mutation NB - Paternal Origin,Transition - Purine/Purine,Transversion - Purine/Pyrimidine,Unsolved
47818684,rs56881386,GG,AA,AA,91,79,21,NC_000022.11,Mutation NB - Paternal Origin,Transition - Purine/Purine,G>A
48277145,rs57938694,CC,CC,CT,82,100,62,NC_000022.11,Mutation NB - Paternal Origin,Transition - Pyrimidine/Pyrimidine,Unsolved
48277386,rs7289672,GG,AA,AA,61,76,9,NC_000022.11,Mutation NB - Paternal Origin,Transition - Purine/Purine,G>A
48498997,rs6008740,GA,GG,AA,7,91,21,NC_000022.11,Mutation NB - Maternal Origin,Transition - Purine/Purine,G>A
48752081,rs11913311,AA,TT,TT,79,100,9,NC_000022.11,Mutation NB - Paternal Origin,Transversion - Purine/Pyrimidine,A>T
48942245,rs9616571,CC,CC,CT,79,100,33,NC_000022.11,Mutation NB - Paternal Origin,Transition - Pyrimidine/Pyrimidine,Unsolved
49063174,rs13058132,CT,CC,TT,25,91,15,NC_000022.11,Mutation NB - Maternal Origin,Transversion - Purine/Pyrimidine,C>T
49063184,rs13057243,GA,GG,AA,25,91,15,NC_000022.11,Mutation NB - Maternal Origin,Transition - Purine/Purine,G>A
49304735,rs940112,TT,TT,TA,61,82,63,NC_000022.11,Mutation NB - Paternal Origin,Transition - Pyrimidine/Pyrimidine,Transversion - Purine/Pyrimidine,Unsolved
49591040,rs10854874,CC,CC,AA,100,100,12,NC_000022.11,Mutation NB - Paternal or Maternal,Transversion - Purine/Pyrimidine,Unsolved
49877780,rs4824108,AA,GG,AA,82,91,0,NC_000022.11,Mutation NB - Maternal Origin,Transition - Purine/Purine,G>A
50198764,rs3747941,GG,GG,AA,82,88,0,NC_000022.11,Mutation NB - Paternal Origin,Transition - Purine/Purine,Unsolved
50249919,rs1555048,GG,GG,AG,91,91,20,NC_000022.11,Mutation NB - Paternal or Maternal,Transition - Purine/Purine,Unsolved
