1070843,rs9442394,GG,GG,GA,85,100,33,NC_000001.11,Mutation NB - Paternal Origin,Transition - Purine/Purine,Unsolved
1495204,rs904586,TC,TT,CC,32,85,12,NC_000001.11,Mutation NB - Maternal Origin,Transition - Pyrimidine/Pyrimidine,T>C
2108280,rs1878752,AA,GG,GG,85,70,0,NC_000001.11,Mutation NB - Paternal Origin,Transition - Purine/Purine,A>G
2159377,rs262652,TT,TT,TC,100,70,62,NC_000001.11,Mutation NB - Maternal Origin,Transition - Pyrimidine/Pyrimidine,Unsolved
2441729,rs6673880,AA,GG,GG,100,88,12,NC_000001.11,Mutation NB - Paternal Origin,Transition - Purine/Purine,A>G
2883789,rs61763695,TT,GG,GG,82,88,0,NC_000001.11,Mutation NB - Paternal Origin,Transversion - Purine/Pyrimidine,T>G
3229627,rs10157102,AA,AA,AT,88,100,65,NC_000001.11,Mutation NB - Paternal Origin,Transversion - Purine/Pyrimidine,Unsolved
3229933,rs10157420,TT,TT,TC,79,88,33,NC_000001.11,Mutation NB - Paternal Origin,Transition - Pyrimidine/Pyrimidine,Unsolved
3259164,rs2455101,AG,AA,GG,1,91,33,NC_000001.11,Mutation NB - Maternal Origin,Transition - Purine/Purine,A>G
3282920,rs905135,AA,AA,CC,100,100,15,NC_000001.11,Mutation NB - Paternal or Maternal,Transversion - Purine/Pyrimidine,Unsolved
3478248,.,AA,AA,AC,80,95,65,NC_000001.11,Mutation NB - Paternal Origin,Transversion - Purine/Pyrimidine,Unsolved
3586790,rs10909977,TT,CT,CC,88,67,0,NC_000001.11,Mutation NB - Paternal Origin,Transition - Pyrimidine/Pyrimidine,T>C
3630411,rs193045332,CC,CC,CT,79,76,50,NC_000001.11,Mutation NB - Maternal Origin,Transition - Pyrimidine/Pyrimidine,Unsolved
3720895,rs12731705,CT,TT,CC,28,79,21,NC_000001.11,Mutation NB - Maternal Origin,Transition - Pyrimidine/Pyrimidine,T>C
5567013,rs1935752,TT,GG,GG,79,82,18,NC_000001.11,Mutation NB - Paternal Origin,Transversion - Purine/Pyrimidine,T>G
7076198,rs56414163,CC,CC,CA,79,79,99,NC_000001.11,Mutation NB - Paternal or Maternal,Transversion - Purine/Pyrimidine,Unsolved
7352493,rs116088644,TT,TT,TA,76,100,93,NC_000001.11,Mutation NB - Paternal Origin,Transition - Pyrimidine/Pyrimidine,Transversion - Purine/Pyrimidine,Unsolved
7352511,rs116315314,TT,TT,TC,76,100,92,NC_000001.11,Mutation NB - Paternal Origin,Transition - Pyrimidine/Pyrimidine,Unsolved
7715472,rs3011939,GG,AG,AA,85,32,12,NC_000001.11,Mutation NB - Paternal Origin,Transition - Purine/Purine,G>A
7874458,rs744000,GG,GG,GA,82,88,99,NC_000001.11,Mutation NB - Paternal Origin,Transition - Purine/Purine,Unsolved
12010863,rs10864546,CC,TT,CC,88,85,12,NC_000001.11,Mutation NB - Maternal Origin,Transition - Pyrimidine/Pyrimidine,T>C
15587517,rs6690043,AA,GA,GG,76,1,0,NC_000001.11,Mutation NB - Paternal Origin,Transition - Purine/Purine,A>G
16009032,rs1763610,CC,GC,GG,88,1,21,NC_000001.11,Mutation NB - Paternal Origin,Transversion - Purine/Pyrimidine,C>G
16120269,rs11260704,CC,CC,CG,100,100,33,NC_000001.11,Mutation NB - Paternal or Maternal,Transversion - Purine/Pyrimidine,Unsolved
17552287,rs2243576,TT,GG,GG,85,76,15,NC_000001.11,Mutation NB - Paternal Origin,Transversion - Purine/Pyrimidine,T>G
19345351,.,TT,TT,TG,49,85,62,NC_000001.11,Mutation NB - Paternal Origin,Transition - Pyrimidine/Pyrimidine,Transversion - Purine/Pyrimidine,Unsolved
21857246,rs2305562,GG,AG,AA,67,1,9,NC_000001.11,Mutation NB - Paternal Origin,Transition - Purine/Purine,G>A
22033205,rs2473287,TC,TT,CC,1,100,18,NC_000001.11,Mutation NB - Maternal Origin,Transition - Pyrimidine/Pyrimidine,T>C
22255153,rs16826854,GG,GG,GA,79,100,50,NC_000001.11,Mutation NB - Paternal Origin,Transition - Purine/Purine,Unsolved
22880093,rs10799770,TT,CC,CC,100,88,18,NC_000001.11,Mutation NB - Paternal Origin,Transition - Pyrimidine/Pyrimidine,T>C
22880107,rs72871586,CC,CC,CA,100,88,62,NC_000001.11,Mutation NB - Maternal Origin,Transversion - Purine/Pyrimidine,Unsolved
24868722,rs57813680,CC,CC,CT,100,76,99,NC_000001.11,Mutation NB - Maternal Origin,Transition - Pyrimidine/Pyrimidine,Unsolved
24889498,rs11578143,GG,GG,GA,73,100,65,NC_000001.11,Mutation NB - Paternal Origin,Transition - Purine/Purine,Unsolved
24889540,rs7513064,AA,GG,AA,88,98,9,NC_000001.11,Mutation NB - Maternal Origin,Transition - Purine/Purine,G>A
24908617,rs962544,TT,CC,CC,100,85,21,NC_000001.11,Mutation NB - Paternal Origin,Transition - Pyrimidine/Pyrimidine,T>C
24908646,rs77271293,GG,GG,GA,100,85,62,NC_000001.11,Mutation NB - Maternal Origin,Transition - Purine/Purine,Unsolved
25177987,rs72659079,AA,GG,AA,79,100,24,NC_000001.11,Mutation NB - Maternal Origin,Transition - Purine/Purine,G>A
29346600,rs4654302,GG,AA,GG,61,91,18,NC_000001.11,Mutation NB - Maternal Origin,Transition - Purine/Purine,A>G
29935939,.,CC,CC,CT,61,88,42,NC_000001.11,Mutation NB - Paternal Origin,Transition - Pyrimidine/Pyrimidine,Unsolved
30202667,rs10799089,AA,AA,CC,100,100,18,NC_000001.11,Mutation NB - Paternal or Maternal,Transversion - Purine/Pyrimidine,Unsolved
30274821,.,TT,TT,TA,73,88,40,NC_000001.11,Mutation NB - Paternal Origin,Transition - Pyrimidine/Pyrimidine,Transversion - Purine/Pyrimidine,Unsolved
33988036,rs61771362,TT,TT,TC,82,100,65,NC_000001.11,Mutation NB - Paternal Origin,Transition - Pyrimidine/Pyrimidine,Unsolved
34066756,rs74587504,TT,TT,TC,100,91,21,NC_000001.11,Mutation NB - Maternal Origin,Transition - Pyrimidine/Pyrimidine,Unsolved
36555613,rs12042056,CC,GG,CC,49,79,48,NC_000001.11,Mutation NB - Maternal Origin,Transversion - Purine/Pyrimidine,G>C
37268967,rs57132606,AA,AA,AG,100,91,68,NC_000001.11,Mutation NB - Maternal Origin,Transition - Purine/Purine,Unsolved
38113020,rs500831,AA,GA,GG,64,32,0,NC_000001.11,Mutation NB - Paternal Origin,Transition - Purine/Purine,A>G
38483594,rs945341,TT,AA,TT,70,88,39,NC_000001.11,Mutation NB - Maternal Origin,Transversion - Purine/Pyrimidine,A>T
38605346,rs2985771,AG,AA,GG,38,91,21,NC_000001.11,Mutation NB - Maternal Origin,Transition - Purine/Purine,A>G
38605533,rs2985773,AG,AA,GG,32,100,15,NC_000001.11,Mutation NB - Maternal Origin,Transition - Purine/Purine,A>G
39630381,rs1148945,TC,CC,TT,67,88,9,NC_000001.11,Mutation NB - Maternal Origin,Transversion - Purine/Pyrimidine,C>T
39972657,rs6669088,CC,CC,CT,58,100,99,NC_000001.11,Mutation NB - Paternal Origin,Transition - Pyrimidine/Pyrimidine,Unsolved
43778195,rs7543520,CC,TT,CC,91,100,9,NC_000001.11,Mutation NB - Maternal Origin,Transition - Pyrimidine/Pyrimidine,T>C
44787956,rs6429548,CC,TT,CC,91,100,15,NC_000001.11,Mutation NB - Maternal Origin,Transition - Pyrimidine/Pyrimidine,T>C
47491409,rs17379854,GG,GG,GA,100,91,99,NC_000001.11,Mutation NB - Maternal Origin,Transition - Purine/Purine,Unsolved
47870304,rs7556536,TA,TT,AA,2,100,9,NC_000001.11,Mutation NB - Maternal Origin,Transversion - Purine/Pyrimidine,T>A
47908830,.,AA,AA,AG,88,85,53,NC_000001.11,Mutation NB - Maternal Origin,Transition - Purine/Purine,Unsolved
48109438,rs17299092,AA,AA,AT,67,100,56,NC_000001.11,Mutation NB - Paternal Origin,Transversion - Purine/Pyrimidine,Unsolved
53333870,.,TT,TT,TC,70,82,62,NC_000001.11,Mutation NB - Paternal Origin,Transition - Pyrimidine/Pyrimidine,Unsolved
53439309,rs1288599,CC,TT,TT,85,91,0,NC_000001.11,Mutation NB - Paternal Origin,Transition - Pyrimidine/Pyrimidine,C>T
53442625,rs10888791,GG,AA,AA,88,91,12,NC_000001.11,Mutation NB - Paternal Origin,Transition - Purine/Purine,G>A
54144016,rs33981514,AG,GG,AA,1,82,0,NC_000001.11,Mutation NB - Maternal Origin,Transition - Purine/Purine,G>A
54175965,rs79867114,TT,TT,TC,100,91,99,NC_000001.11,Mutation NB - Maternal Origin,Transition - Pyrimidine/Pyrimidine,Unsolved
55046876,rs499718,TT,CC,TT,82,91,0,NC_000001.11,Mutation NB - Maternal Origin,Transition - Pyrimidine/Pyrimidine,C>T
56491794,rs1930761,GG,GC,CC,100,67,18,NC_000001.11,Mutation NB - Paternal Origin,Transversion - Purine/Pyrimidine,G>C
56549645,rs72664358,TT,CC,CC,88,79,30,NC_000001.11,Mutation NB - Paternal Origin,Transition - Pyrimidine/Pyrimidine,T>C
57621638,rs78469449,AA,GG,GG,82,67,12,NC_000001.11,Mutation NB - Paternal Origin,Transition - Purine/Purine,A>G
58250464,rs79902981,CC,CC,CT,76,88,99,NC_000001.11,Mutation NB - Paternal Origin,Transition - Pyrimidine/Pyrimidine,Unsolved
59415508,.,CC,CC,CT,76,82,59,NC_000001.11,Mutation NB - Paternal Origin,Transition - Pyrimidine/Pyrimidine,Unsolved
61807173,rs1324871324,AA,AA,AG,64,76,62,NC_000001.11,Mutation NB - Paternal Origin,Transition - Purine/Purine,Unsolved
62431123,.,GG,GG,GA,79,85,42,NC_000001.11,Mutation NB - Paternal Origin,Transition - Purine/Purine,Unsolved
67197943,rs11209016,GG,AA,GG,85,91,0,NC_000001.11,Mutation NB - Maternal Origin,Transition - Purine/Purine,A>G
67562223,rs4655736,CC,CC,CT,100,85,99,NC_000001.11,Mutation NB - Maternal Origin,Transition - Pyrimidine/Pyrimidine,Unsolved
68569940,.,GG,GG,GA,52,73,43,NC_000001.11,Mutation NB - Paternal Origin,Transition - Purine/Purine,Unsolved
75212899,rs12741793,TT,TT,TC,100,100,99,NC_000001.11,Mutation NB - Paternal or Maternal,Transition - Pyrimidine/Pyrimidine,Unsolved
80932095,rs6699347,TT,TT,GT,88,91,99,NC_000001.11,Mutation NB - Paternal Origin,Transition - Pyrimidine/Pyrimidine,Transversion - Purine/Pyrimidine,Unsolved
83988717,rs1027404702,TT,TT,TC,67,100,71,NC_000001.11,Mutation NB - Paternal Origin,Transition - Pyrimidine/Pyrimidine,Unsolved
85502803,rs72724680,TT,AT,AA,91,70,15,NC_000001.11,Mutation NB - Paternal Origin,Transversion - Purine/Pyrimidine,T>A
86814557,rs7533427,CC,CC,CT,100,85,53,NC_000001.11,Mutation NB - Maternal Origin,Transition - Pyrimidine/Pyrimidine,Unsolved
92898599,rs6700585,GG,TG,TT,82,36,0,NC_000001.11,Mutation NB - Paternal Origin,Transversion - Purine/Pyrimidine,G>T
94344003,rs17111482,AG,GG,AA,1,73,12,NC_000001.11,Mutation NB - Maternal Origin,Transition - Purine/Purine,G>A
94392375,rs1687970,TC,CC,TT,1,82,0,NC_000001.11,Mutation NB - Maternal Origin,Transversion - Purine/Pyrimidine,C>T
94796726,rs112789718,CC,CT,TT,73,38,9,NC_000001.11,Mutation NB - Paternal Origin,Transition - Pyrimidine/Pyrimidine,C>T
104616627,rs1431779823,AA,AA,AG,70,61,41,NC_000001.11,Mutation NB - Maternal Origin,Transition - Purine/Purine,Unsolved
105568976,rs10881314,CC,AA,AA,64,100,0,NC_000001.11,Mutation NB - Paternal Origin,Transversion - Purine/Pyrimidine,C>A
110561066,rs6656346,GA,GG,AA,35,91,9,NC_000001.11,Mutation NB - Maternal Origin,Transition - Purine/Purine,G>A
112288652,.,TT,TT,TC,91,82,62,NC_000001.11,Mutation NB - Maternal Origin,Transition - Pyrimidine/Pyrimidine,Unsolved
112359257,rs144831052,CC,CC,CT,85,100,33,NC_000001.11,Mutation NB - Paternal Origin,Transition - Pyrimidine/Pyrimidine,Unsolved
112397162,rs11102471,GG,CC,GG,73,85,15,NC_000001.11,Mutation NB - Maternal Origin,Transversion - Purine/Pyrimidine,C>G
112471185,rs114910452,CC,CC,CT,88,91,56,NC_000001.11,Mutation NB - Paternal Origin,Transition - Pyrimidine/Pyrimidine,Unsolved
113891037,rs1217394,AA,GG,GG,76,61,0,NC_000001.11,Mutation NB - Paternal Origin,Transition - Purine/Purine,A>G
117190177,.,TT,TT,TC,79,82,50,NC_000001.11,Mutation NB - Paternal Origin,Transition - Pyrimidine/Pyrimidine,Unsolved
119517025,rs6684370,GA,AA,GG,33,85,0,NC_000001.11,Mutation NB - Maternal Origin,Transition - Purine/Purine,A>G
121477564,rs12034566,GG,AA,GG,79,76,24,NC_000001.11,Mutation NB - Maternal Origin,Transition - Purine/Purine,A>G
125008463,rs35952874,GG,GG,GA,61,100,53,NC_000001.11,Mutation NB - Paternal Origin,Transition - Purine/Purine,Unsolved
147031062,rs4950332,GG,TT,TT,82,73,33,NC_000001.11,Mutation NB - Paternal Origin,Transversion - Purine/Pyrimidine,G>T
150534113,rs4970996,GG,GC,CC,100,43,15,NC_000001.11,Mutation NB - Paternal Origin,Transversion - Purine/Pyrimidine,G>C
151534120,.,AA,AA,AG,70,88,48,NC_000001.11,Mutation NB - Paternal Origin,Transition - Purine/Purine,Unsolved
152807801,rs1930127,AA,CC,CC,76,61,0,NC_000001.11,Mutation NB - Paternal Origin,Transversion - Purine/Pyrimidine,A>C
154053415,rs1819663,AA,AA,AG,100,91,99,NC_000001.11,Mutation NB - Maternal Origin,Transition - Purine/Purine,Unsolved
156236367,rs62001899,CC,TT,CC,88,88,0,NC_000001.11,Mutation NB - Maternal Origin,Transition - Pyrimidine/Pyrimidine,T>C
158447303,rs59542663,GG,AA,GG,73,91,0,NC_000001.11,Mutation NB - Maternal Origin,Transition - Purine/Purine,A>G
159016687,rs866484,GG,CC,CC,100,88,12,NC_000001.11,Mutation NB - Paternal Origin,Transversion - Purine/Pyrimidine,G>C
159418553,.,CC,CC,CT,88,82,88,NC_000001.11,Mutation NB - Maternal Origin,Transition - Pyrimidine/Pyrimidine,Unsolved
161499264,rs6658353,GG,CC,GG,88,91,0,NC_000001.11,Mutation NB - Maternal Origin,Transversion - Purine/Pyrimidine,C>G
162411498,rs164133,GG,GG,GC,100,85,99,NC_000001.11,Mutation NB - Maternal Origin,Transition - Purine/Purine,Transversion - Purine/Pyrimidine,Unsolved
166817117,rs6427035,GG,AA,GG,70,85,0,NC_000001.11,Mutation NB - Maternal Origin,Transition - Purine/Purine,A>G
167430086,rs1214615,TT,CC,TT,67,100,18,NC_000001.11,Mutation NB - Maternal Origin,Transition - Pyrimidine/Pyrimidine,C>T
168315807,rs1008680,GG,GG,AG,88,91,99,NC_000001.11,Mutation NB - Paternal Origin,Transition - Purine/Purine,Unsolved
168653478,rs80213581,AA,AA,AG,100,85,99,NC_000001.11,Mutation NB - Maternal Origin,Transition - Purine/Purine,Unsolved
168737686,rs192255943,AA,AA,AG,100,91,56,NC_000001.11,Mutation NB - Maternal Origin,Transition - Purine/Purine,Unsolved
170481985,.,CC,CC,CT,79,79,51,NC_000001.11,Mutation NB - Paternal or Maternal,Transition - Pyrimidine/Pyrimidine,Unsolved
171381062,rs117017580,GG,GG,GA,73,100,99,NC_000001.11,Mutation NB - Paternal Origin,Transition - Purine/Purine,Unsolved
172945144,rs4916290,GG,GG,GC,100,88,68,NC_000001.11,Mutation NB - Maternal Origin,Transition - Purine/Purine,Transversion - Purine/Pyrimidine,Unsolved
174988779,.,AA,AA,AG,76,73,44,NC_000001.11,Mutation NB - Maternal Origin,Transition - Purine/Purine,Unsolved
178762340,rs35105644,GG,AA,GG,61,40,0,NC_000001.11,Mutation NB - Maternal Origin,Transition - Purine/Purine,A>G
180265624,rs357049,GG,CC,GG,76,91,0,NC_000001.11,Mutation NB - Maternal Origin,Transversion - Purine/Pyrimidine,C>G
181423563,rs631583,TC,CC,TT,1,85,0,NC_000001.11,Mutation NB - Maternal Origin,Transversion - Purine/Pyrimidine,C>T
182337996,.,CC,CC,CG,73,64,43,NC_000001.11,Mutation NB - Maternal Origin,Transversion - Purine/Pyrimidine,Unsolved
184661903,rs6662416,AA,AA,CA,67,61,35,NC_000001.11,Mutation NB - Maternal Origin,Transversion - Purine/Pyrimidine,Unsolved
188461240,rs923407,CC,GG,CC,58,85,60,NC_000001.11,Mutation NB - Maternal Origin,Transversion - Purine/Pyrimidine,G>C
188841238,rs150527610,CC,CC,CG,52,100,99,NC_000001.11,Mutation NB - Paternal Origin,Transversion - Purine/Pyrimidine,Unsolved
188858893,rs1429050699,CC,TT,CC,88,88,15,NC_000001.11,Mutation NB - Maternal Origin,Transition - Pyrimidine/Pyrimidine,T>C
190698479,rs7514760,CC,AC,AA,88,39,0,NC_000001.11,Mutation NB - Paternal Origin,Transversion - Purine/Pyrimidine,C>A
190865137,rs1438532,GG,TG,TT,82,60,0,NC_000001.11,Mutation NB - Paternal Origin,Transversion - Purine/Pyrimidine,G>T
192206244,rs12037701,TT,CT,CC,82,70,0,NC_000001.11,Mutation NB - Paternal Origin,Transition - Pyrimidine/Pyrimidine,T>C
200992755,rs59682551,TT,TT,TG,100,73,62,NC_000001.11,Mutation NB - Maternal Origin,Transition - Pyrimidine/Pyrimidine,Transversion - Purine/Pyrimidine,Unsolved
201103722,rs79360307,CC,CC,CT,64,100,55,NC_000001.11,Mutation NB - Paternal Origin,Transition - Pyrimidine/Pyrimidine,Unsolved
202142817,rs60471116,CC,TT,TT,73,91,33,NC_000001.11,Mutation NB - Paternal Origin,Transition - Pyrimidine/Pyrimidine,C>T
202218392,rs6703244,AA,AG,GG,70,67,9,NC_000001.11,Mutation NB - Paternal Origin,Transition - Purine/Purine,A>G
202297479,rs788826,CC,TT,CC,100,88,9,NC_000001.11,Mutation NB - Maternal Origin,Transition - Pyrimidine/Pyrimidine,T>C
202602069,.,AA,AA,AG,79,76,53,NC_000001.11,Mutation NB - Maternal Origin,Transition - Purine/Purine,Unsolved
205230716,rs11240393,TT,TT,TC,88,100,30,NC_000001.11,Mutation NB - Paternal Origin,Transition - Pyrimidine/Pyrimidine,Unsolved
205817807,rs823082,CC,CC,TT,91,85,9,NC_000001.11,Mutation NB - Maternal Origin,Transition - Pyrimidine/Pyrimidine,Unsolved
205977186,rs925038201,AA,TT,TT,91,91,27,NC_000001.11,Mutation NB - Paternal Origin,Transversion - Purine/Pyrimidine,A>T
206574130,rs1930435,GG,AG,AA,85,33,15,NC_000001.11,Mutation NB - Paternal Origin,Transition - Purine/Purine,G>A
207959393,rs7511980,CG,CC,GG,1,85,12,NC_000001.11,Mutation NB - Maternal Origin,Transversion - Purine/Pyrimidine,C>G
208031054,rs3811386,GG,GT,TT,100,77,15,NC_000001.11,Mutation NB - Paternal Origin,Transversion - Purine/Pyrimidine,G>T
209898183,rs6540567,CT,CC,TT,7,100,27,NC_000001.11,Mutation NB - Maternal Origin,Transversion - Purine/Pyrimidine,C>T
211515290,rs12405644,CC,CC,CT,100,100,30,NC_000001.11,Mutation NB - Paternal or Maternal,Transition - Pyrimidine/Pyrimidine,Unsolved
212430448,rs11119934,AA,GG,GG,76,91,12,NC_000001.11,Mutation NB - Paternal Origin,Transition - Purine/Purine,A>G
214493237,rs145788673,TT,TT,TC,61,100,30,NC_000001.11,Mutation NB - Paternal Origin,Transition - Pyrimidine/Pyrimidine,Unsolved
216285075,rs6695356,CC,TT,CC,64,82,9,NC_000001.11,Mutation NB - Maternal Origin,Transition - Pyrimidine/Pyrimidine,T>C
216973243,rs1339214,TT,TT,TC,100,85,52,NC_000001.11,Mutation NB - Maternal Origin,Transition - Pyrimidine/Pyrimidine,Unsolved
219840103,rs187939888,CC,AA,CC,91,91,0,NC_000001.11,Mutation NB - Maternal Origin,Transversion - Purine/Pyrimidine,A>C
223089091,rs6665238,TT,TT,CT,82,91,71,NC_000001.11,Mutation NB - Paternal Origin,Transition - Pyrimidine/Pyrimidine,Unsolved
223628620,rs66602040,GG,AA,GG,61,100,45,NC_000001.11,Mutation NB - Maternal Origin,Transition - Purine/Purine,A>G
223628645,rs61825210,GG,AA,GG,61,100,45,NC_000001.11,Mutation NB - Maternal Origin,Transition - Purine/Purine,A>G
225463698,rs6692054,GG,AA,GG,64,100,36,NC_000001.11,Mutation NB - Maternal Origin,Transition - Purine/Purine,A>G
227545400,rs7551788,CC,TT,CC,70,91,27,NC_000001.11,Mutation NB - Maternal Origin,Transition - Pyrimidine/Pyrimidine,T>C
227545449,rs144452771,GG,GG,GA,52,85,88,NC_000001.11,Mutation NB - Paternal Origin,Transition - Purine/Purine,Unsolved
228337230,rs1406423053,CC,CC,CT,67,67,44,NC_000001.11,Mutation NB - Paternal or Maternal,Transition - Pyrimidine/Pyrimidine,Unsolved
230057523,.,TT,TT,TC,61,91,47,NC_000001.11,Mutation NB - Paternal Origin,Transition - Pyrimidine/Pyrimidine,Unsolved
230993877,rs113367546,CC,CC,CA,88,100,30,NC_000001.11,Mutation NB - Paternal Origin,Transversion - Purine/Pyrimidine,Unsolved
231695097,rs111879348,CC,CC,CG,76,88,53,NC_000001.11,Mutation NB - Paternal Origin,Transversion - Purine/Pyrimidine,Unsolved
232995191,rs10910644,CC,CC,TC,58,79,99,NC_000001.11,Mutation NB - Paternal Origin,Transition - Pyrimidine/Pyrimidine,Unsolved
234229775,.,TT,TT,TC,67,70,62,NC_000001.11,Mutation NB - Paternal Origin,Transition - Pyrimidine/Pyrimidine,Unsolved
234694843,rs498518,GG,AA,GG,100,88,0,NC_000001.11,Mutation NB - Maternal Origin,Transition - Purine/Purine,A>G
235615837,rs10926264,CC,TT,CC,67,85,0,NC_000001.11,Mutation NB - Maternal Origin,Transition - Pyrimidine/Pyrimidine,T>C
237108554,rs6691537,TT,CC,CC,82,85,0,NC_000001.11,Mutation NB - Paternal Origin,Transition - Pyrimidine/Pyrimidine,T>C
237865323,rs2790360,AA,AG,GG,76,33,15,NC_000001.11,Mutation NB - Paternal Origin,Transition - Purine/Purine,A>G
238487248,.,AA,AA,AG,76,76,65,NC_000001.11,Mutation NB - Paternal or Maternal,Transition - Purine/Purine,Unsolved
240009321,rs12125977,CC,CC,CA,70,100,99,NC_000001.11,Mutation NB - Paternal Origin,Transversion - Purine/Pyrimidine,Unsolved
240726787,.,TT,TT,TC,85,85,47,NC_000001.11,Mutation NB - Paternal or Maternal,Transition - Pyrimidine/Pyrimidine,Unsolved
242391262,rs2654862,GG,AA,GG,76,91,0,NC_000001.11,Mutation NB - Maternal Origin,Transition - Purine/Purine,A>G
246147834,rs12723468,GG,AA,GG,76,79,0,NC_000001.11,Mutation NB - Maternal Origin,Transition - Purine/Purine,A>G
246219655,rs6696764,AA,CC,AA,85,91,0,NC_000001.11,Mutation NB - Maternal Origin,Transversion - Purine/Pyrimidine,C>A
246220308,rs978804124,GG,GG,GC,100,91,79,NC_000001.11,Mutation NB - Maternal Origin,Transition - Purine/Purine,Transversion - Purine/Pyrimidine,Unsolved
246220313,rs1031687242,AA,AA,AC,100,91,72,NC_000001.11,Mutation NB - Maternal Origin,Transversion - Purine/Pyrimidine,Unsolved
246782719,rs4926457,CC,GC,GG,49,70,2,NC_000001.11,Mutation NB - Paternal Origin,Transversion - Purine/Pyrimidine,C>G
247047601,rs4971316,AA,AA,AG,82,100,99,NC_000001.11,Mutation NB - Paternal Origin,Transition - Purine/Purine,Unsolved
240054,rs2864044,AG,AA,GG,33,100,18,NC_000002.12,Mutation NB - Maternal Origin,Transition - Purine/Purine,A>G
541079,rs13383974,CA,CC,AA,1,79,36,NC_000002.12,Mutation NB - Maternal Origin,Transversion - Purine/Pyrimidine,C>A
623588,rs12468153,GG,AA,GG,88,91,12,NC_000002.12,Mutation NB - Maternal Origin,Transition - Purine/Purine,A>G
648899,rs4611674,GG,AA,GG,67,91,36,NC_000002.12,Mutation NB - Maternal Origin,Transition - Purine/Purine,A>G
983161,rs13405305,CT,CC,TT,30,100,30,NC_000002.12,Mutation NB - Maternal Origin,Transversion - Purine/Pyrimidine,C>T
2472527,.,TT,TT,TC,52,46,44,NC_000002.12,Mutation NB - Maternal Origin,Transition - Pyrimidine/Pyrimidine,Unsolved
4814724,rs12612641,CC,TT,TT,82,88,9,NC_000002.12,Mutation NB - Paternal Origin,Transition - Pyrimidine/Pyrimidine,C>T
9083039,rs892906281,AA,GG,AA,88,91,9,NC_000002.12,Mutation NB - Maternal Origin,Transition - Purine/Purine,G>A
9283014,rs72773400,CC,CT,TT,100,70,21,NC_000002.12,Mutation NB - Paternal Origin,Transition - Pyrimidine/Pyrimidine,C>T
10225679,.,GG,GG,GA,64,88,62,NC_000002.12,Mutation NB - Paternal Origin,Transition - Purine/Purine,Unsolved
10379932,rs12475051,TT,TT,TC,76,100,99,NC_000002.12,Mutation NB - Paternal Origin,Transition - Pyrimidine/Pyrimidine,Unsolved
10397336,rs11676661,AA,AA,GG,79,100,15,NC_000002.12,Mutation NB - Paternal Origin,Transition - Purine/Purine,Unsolved
10520291,rs6738001,TT,AA,TT,73,100,18,NC_000002.12,Mutation NB - Maternal Origin,Transversion - Purine/Pyrimidine,A>T
11010391,rs4669669,AA,CC,AA,58,76,15,NC_000002.12,Mutation NB - Maternal Origin,Transversion - Purine/Pyrimidine,C>A
11368106,rs71439056,GG,AA,AA,91,91,15,NC_000002.12,Mutation NB - Paternal Origin,Transition - Purine/Purine,G>A
11611673,rs3762575,CC,TT,TT,64,91,12,NC_000002.12,Mutation NB - Paternal Origin,Transition - Pyrimidine/Pyrimidine,C>T
15846304,rs7563259,AA,TT,AA,85,91,12,NC_000002.12,Mutation NB - Maternal Origin,Transversion - Purine/Pyrimidine,T>A
15891365,rs36082346,GG,AA,AA,49,58,15,NC_000002.12,Mutation NB - Paternal Origin,Transition - Purine/Purine,G>A
16632988,rs6747967,CC,CT,TT,100,28,39,NC_000002.12,Mutation NB - Paternal Origin,Transition - Pyrimidine/Pyrimidine,C>T
19427245,rs1043467834,CC,CC,CT,64,79,43,NC_000002.12,Mutation NB - Paternal Origin,Transition - Pyrimidine/Pyrimidine,Unsolved
19672370,rs1993213,AA,AA,AG,82,100,21,NC_000002.12,Mutation NB - Paternal Origin,Transition - Purine/Purine,Unsolved
20136296,rs184859466,AA,AA,GG,91,100,15,NC_000002.12,Mutation NB - Paternal Origin,Transition - Purine/Purine,Unsolved
20136316,rs4233757,GG,AA,AA,91,91,15,NC_000002.12,Mutation NB - Paternal Origin,Transition - Purine/Purine,G>A
20561309,rs2117842,CC,GG,CC,70,100,45,NC_000002.12,Mutation NB - Maternal Origin,Transversion - Purine/Pyrimidine,G>C
20629724,rs13409778,TT,TT,TC,88,70,99,NC_000002.12,Mutation NB - Maternal Origin,Transition - Pyrimidine/Pyrimidine,Unsolved
20676500,rs3732148,CC,CC,CT,100,70,68,NC_000002.12,Mutation NB - Maternal Origin,Transition - Pyrimidine/Pyrimidine,Unsolved
21177435,.,AA,AA,AG,88,91,75,NC_000002.12,Mutation NB - Paternal Origin,Transition - Purine/Purine,Unsolved
21629720,rs7584276,CC,AA,CC,88,91,18,NC_000002.12,Mutation NB - Maternal Origin,Transversion - Purine/Pyrimidine,A>C
22650110,rs2049732,TT,GG,GG,71,100,12,NC_000002.12,Mutation NB - Paternal Origin,Transversion - Purine/Pyrimidine,T>G
24913044,.,GG,GG,GC,67,79,69,NC_000002.12,Mutation NB - Paternal Origin,Transition - Purine/Purine,Transversion - Purine/Pyrimidine,Unsolved
28253696,rs74584840,GG,GG,GA,61,100,65,NC_000002.12,Mutation NB - Paternal Origin,Transition - Purine/Purine,Unsolved
28349624,rs35138783,GG,AA,GG,73,88,9,NC_000002.12,Mutation NB - Maternal Origin,Transition - Purine/Purine,A>G
28560055,rs6725700,GG,AA,GG,91,91,9,NC_000002.12,Mutation NB - Maternal Origin,Transition - Purine/Purine,A>G
29024917,rs6739537,GG,GG,GC,100,88,99,NC_000002.12,Mutation NB - Maternal Origin,Transition - Purine/Purine,Transversion - Purine/Pyrimidine,Unsolved
29024934,rs34098102,TT,CC,TT,79,88,33,NC_000002.12,Mutation NB - Maternal Origin,Transition - Pyrimidine/Pyrimidine,C>T
29475031,rs63503561,CC,AA,AA,64,100,0,NC_000002.12,Mutation NB - Paternal Origin,Transversion - Purine/Pyrimidine,C>A
29475046,rs4666222,GG,AG,AA,61,83,18,NC_000002.12,Mutation NB - Paternal Origin,Transition - Purine/Purine,G>A
30732252,rs35481680,TT,GG,GG,83,91,27,NC_000002.12,Mutation NB - Paternal Origin,Transversion - Purine/Pyrimidine,T>G
30927787,.,AA,AA,AG,67,79,59,NC_000002.12,Mutation NB - Paternal Origin,Transition - Purine/Purine,Unsolved
33722343,rs2367959,GG,GG,GA,100,100,30,NC_000002.12,Mutation NB - Paternal or Maternal,Transition - Purine/Purine,Unsolved
33914624,rs2941617,AG,AA,GG,6,100,18,NC_000002.12,Mutation NB - Maternal Origin,Transition - Purine/Purine,A>G
35013251,rs10166133,AA,AA,AG,67,100,99,NC_000002.12,Mutation NB - Paternal Origin,Transition - Purine/Purine,Unsolved
41510492,rs1016171324,TT,TT,TC,91,88,46,NC_000002.12,Mutation NB - Maternal Origin,Transition - Pyrimidine/Pyrimidine,Unsolved
41727724,rs13009486,CC,CC,CT,79,100,99,NC_000002.12,Mutation NB - Paternal Origin,Transition - Pyrimidine/Pyrimidine,Unsolved
41781350,rs6711135,AG,AA,GG,50,88,15,NC_000002.12,Mutation NB - Maternal Origin,Transition - Purine/Purine,A>G
41879757,rs6544492,GG,CC,CC,100,88,12,NC_000002.12,Mutation NB - Paternal Origin,Transversion - Purine/Pyrimidine,G>C
41904724,rs11124852,AA,AA,GG,100,88,18,NC_000002.12,Mutation NB - Maternal Origin,Transition - Purine/Purine,Unsolved
42935970,rs17030212,CC,CC,TC,82,88,99,NC_000002.12,Mutation NB - Paternal Origin,Transition - Pyrimidine/Pyrimidine,Unsolved
42969786,rs11124904,TT,TT,TC,100,91,67,NC_000002.12,Mutation NB - Maternal Origin,Transition - Pyrimidine/Pyrimidine,Unsolved
43152903,rs10207292,GA,AA,GG,35,64,0,NC_000002.12,Mutation NB - Maternal Origin,Transition - Purine/Purine,A>G
44091574,.,AA,AA,AG,73,91,65,NC_000002.12,Mutation NB - Paternal Origin,Transition - Purine/Purine,Unsolved
45234075,rs1289693294,TT,TT,TC,64,70,41,NC_000002.12,Mutation NB - Paternal Origin,Transition - Pyrimidine/Pyrimidine,Unsolved
46664315,rs4580429,CG,GG,CC,1,91,12,NC_000002.12,Mutation NB - Maternal Origin,Transversion - Purine/Pyrimidine,G>C
46909811,rs35433380,GG,TT,GG,85,91,0,NC_000002.12,Mutation NB - Maternal Origin,Transition - Purine/Purine,Transversion - Purine/Pyrimidine,T>G
47036093,rs4953447,GG,GG,GA,82,88,71,NC_000002.12,Mutation NB - Paternal Origin,Transition - Purine/Purine,Unsolved
50291977,.,AA,AA,AG,82,91,41,NC_000002.12,Mutation NB - Paternal Origin,Transition - Purine/Purine,Unsolved
51424829,rs10209399,GG,AA,AA,85,85,27,NC_000002.12,Mutation NB - Paternal Origin,Transition - Purine/Purine,G>A
52745924,rs1580092,AA,CC,AA,52,82,45,NC_000002.12,Mutation NB - Maternal Origin,Transversion - Purine/Pyrimidine,C>A
53512806,rs7596877,GG,GG,GT,91,100,99,NC_000002.12,Mutation NB - Paternal Origin,Transversion - Purine/Pyrimidine,Unsolved
53512813,rs7596693,CC,CC,CA,91,100,99,NC_000002.12,Mutation NB - Paternal Origin,Transversion - Purine/Pyrimidine,Unsolved
54060712,rs13382454,AA,AA,AG,58,100,99,NC_000002.12,Mutation NB - Paternal Origin,Transition - Purine/Purine,Unsolved
56245258,rs2080606,GG,GC,CC,92,73,24,NC_000002.12,Mutation NB - Paternal Origin,Transversion - Purine/Pyrimidine,G>C
56751665,rs74912426,CC,CC,CT,70,100,99,NC_000002.12,Mutation NB - Paternal Origin,Transition - Pyrimidine/Pyrimidine,Unsolved
56751830,rs2682847,GG,GG,GA,100,100,68,NC_000002.12,Mutation NB - Paternal or Maternal,Transition - Purine/Purine,Unsolved
64969340,rs12989207,CC,CC,CT,91,100,99,NC_000002.12,Mutation NB - Paternal Origin,Transition - Pyrimidine/Pyrimidine,Unsolved
65176115,rs116158616,CC,CA,AA,91,67,9,NC_000002.12,Mutation NB - Paternal Origin,Transversion - Purine/Pyrimidine,C>A
67646524,rs6749904,TT,GG,TT,88,52,12,NC_000002.12,Mutation NB - Maternal Origin,Transversion - Purine/Pyrimidine,G>T
68304036,rs9789604,TT,CC,CC,79,88,0,NC_000002.12,Mutation NB - Paternal Origin,Transition - Pyrimidine/Pyrimidine,T>C
68743049,rs10176108,AA,AA,AC,55,91,99,NC_000002.12,Mutation NB - Paternal Origin,Transversion - Purine/Pyrimidine,Unsolved
69106568,rs4555379,AA,AA,AC,100,100,56,NC_000002.12,Mutation NB - Paternal or Maternal,Transversion - Purine/Pyrimidine,Unsolved
69130462,rs772918312,GG,GG,GA,64,100,99,NC_000002.12,Mutation NB - Paternal Origin,Transition - Purine/Purine,Unsolved
70940011,rs6750310,GG,TT,TT,100,91,24,NC_000002.12,Mutation NB - Paternal Origin,Transversion - Purine/Pyrimidine,G>T
72080448,rs937991860,GG,GG,GA,100,88,44,NC_000002.12,Mutation NB - Maternal Origin,Transition - Purine/Purine,Unsolved
72080478,rs79529803,CC,CC,CG,100,88,44,NC_000002.12,Mutation NB - Maternal Origin,Transversion - Purine/Pyrimidine,Unsolved
73670017,rs6744398,GG,AA,AA,79,79,0,NC_000002.12,Mutation NB - Paternal Origin,Transition - Purine/Purine,G>A
73915601,rs6711230,TT,TT,TC,100,79,15,NC_000002.12,Mutation NB - Maternal Origin,Transition - Pyrimidine/Pyrimidine,Unsolved
77642840,rs78772669,GG,GG,GC,76,88,56,NC_000002.12,Mutation NB - Paternal Origin,Transition - Purine/Purine,Transversion - Purine/Pyrimidine,Unsolved
78876387,rs1521955,CC,CC,CT,76,85,99,NC_000002.12,Mutation NB - Paternal Origin,Transition - Pyrimidine/Pyrimidine,Unsolved
78927019,rs75420514,TT,TT,TA,91,76,99,NC_000002.12,Mutation NB - Maternal Origin,Transition - Pyrimidine/Pyrimidine,Transversion - Purine/Pyrimidine,Unsolved
80891953,.,TT,TT,TC,64,79,47,NC_000002.12,Mutation NB - Paternal Origin,Transition - Pyrimidine/Pyrimidine,Unsolved
82034238,rs34273073,TT,TT,CT,61,88,99,NC_000002.12,Mutation NB - Paternal Origin,Transition - Pyrimidine/Pyrimidine,Unsolved
84040817,.,CC,CC,CT,67,85,50,NC_000002.12,Mutation NB - Paternal Origin,Transition - Pyrimidine/Pyrimidine,Unsolved
84673590,rs79176145,CC,CC,CA,82,100,99,NC_000002.12,Mutation NB - Paternal Origin,Transversion - Purine/Pyrimidine,Unsolved
85389635,rs17026285,TT,TT,TC,100,88,62,NC_000002.12,Mutation NB - Maternal Origin,Transition - Pyrimidine/Pyrimidine,Unsolved
85658773,.,TT,TT,TC,79,82,50,NC_000002.12,Mutation NB - Paternal Origin,Transition - Pyrimidine/Pyrimidine,Unsolved
85796964,rs1123126,TT,TT,TG,100,88,71,NC_000002.12,Mutation NB - Maternal Origin,Transition - Pyrimidine/Pyrimidine,Transversion - Purine/Pyrimidine,Unsolved
95079375,rs3112989,GG,GG,GA,76,100,62,NC_000002.12,Mutation NB - Paternal Origin,Transition - Purine/Purine,Unsolved
96086064,.,CC,CC,CT,55,64,48,NC_000002.12,Mutation NB - Paternal Origin,Transition - Pyrimidine/Pyrimidine,Unsolved
96211900,.,TT,TT,TC,76,91,52,NC_000002.12,Mutation NB - Paternal Origin,Transition - Pyrimidine/Pyrimidine,Unsolved
96287095,rs3171927,GG,AA,AA,85,100,0,NC_000002.12,Mutation NB - Paternal Origin,Transition - Purine/Purine,G>A
99010853,rs6724476,CT,CC,TT,50,100,48,NC_000002.12,Mutation NB - Maternal Origin,Transversion - Purine/Pyrimidine,C>T
100333775,rs10202326,AG,GG,AA,1,70,0,NC_000002.12,Mutation NB - Maternal Origin,Transition - Purine/Purine,G>A
100766890,rs7591855,AA,CC,CC,88,88,0,NC_000002.12,Mutation NB - Paternal Origin,Transversion - Purine/Pyrimidine,A>C
101109137,rs1814448,AC,AA,CC,1,100,15,NC_000002.12,Mutation NB - Maternal Origin,A>C
101805581,rs11684513,CC,TT,CC,76,100,21,NC_000002.12,Mutation NB - Maternal Origin,Transition - Pyrimidine/Pyrimidine,T>C
102061377,.,GG,GG,GA,67,70,41,NC_000002.12,Mutation NB - Paternal Origin,Transition - Purine/Purine,Unsolved
102369915,rs1974675,GA,AA,GG,32,91,21,NC_000002.12,Mutation NB - Maternal Origin,Transition - Purine/Purine,A>G
104701569,.,AA,AA,AG,91,82,41,NC_000002.12,Mutation NB - Maternal Origin,Transition - Purine/Purine,Unsolved
105371896,.,CC,CC,CT,91,88,52,NC_000002.12,Mutation NB - Maternal Origin,Transition - Pyrimidine/Pyrimidine,Unsolved
105836751,rs12623430,TT,CC,TT,79,100,21,NC_000002.12,Mutation NB - Maternal Origin,Transition - Pyrimidine/Pyrimidine,C>T
106117859,rs893256063,AA,AA,AG,73,82,44,NC_000002.12,Mutation NB - Paternal Origin,Transition - Purine/Purine,Unsolved
108032637,rs72826967,AA,TT,TT,91,58,12,NC_000002.12,Mutation NB - Paternal Origin,Transversion - Purine/Pyrimidine,A>T
109018348,rs7568610,TT,CC,TT,76,79,0,NC_000002.12,Mutation NB - Maternal Origin,Transition - Pyrimidine/Pyrimidine,C>T
109487923,rs137928913,CC,TT,CC,85,73,18,NC_000002.12,Mutation NB - Maternal Origin,Transition - Pyrimidine/Pyrimidine,T>C
109699014,rs4953724,TT,GG,TT,79,85,0,NC_000002.12,Mutation NB - Maternal Origin,Transversion - Purine/Pyrimidine,G>T
110685246,rs72828829,GG,TT,GG,79,91,0,NC_000002.12,Mutation NB - Maternal Origin,Transition - Purine/Purine,Transversion - Purine/Pyrimidine,T>G
111662385,rs11122870,CC,CC,CT,67,100,99,NC_000002.12,Mutation NB - Paternal Origin,Transition - Pyrimidine/Pyrimidine,Unsolved
113799485,rs2687628,GG,AA,AA,91,91,12,NC_000002.12,Mutation NB - Paternal Origin,Transition - Purine/Purine,G>A
115749897,rs1807396,TT,GG,TT,73,91,0,NC_000002.12,Mutation NB - Maternal Origin,Transversion - Purine/Pyrimidine,G>T
116582483,.,AA,AA,AG,88,79,56,NC_000002.12,Mutation NB - Maternal Origin,Transition - Purine/Purine,Unsolved
117919260,rs1863040,TC,TT,CC,76,91,15,NC_000002.12,Mutation NB - Maternal Origin,Transition - Pyrimidine/Pyrimidine,T>C
118272278,rs72840804,CC,CC,CT,79,88,65,NC_000002.12,Mutation NB - Paternal Origin,Transition - Pyrimidine/Pyrimidine,Unsolved
119734728,rs10197579,GG,GG,GA,70,100,33,NC_000002.12,Mutation NB - Paternal Origin,Transition - Purine/Purine,Unsolved
120453913,.,TT,TT,TC,55,61,42,NC_000002.12,Mutation NB - Paternal Origin,Transition - Pyrimidine/Pyrimidine,Unsolved
120485435,rs4848601,GC,CC,GG,50,91,0,NC_000002.12,Mutation NB - Maternal Origin,Transversion - Purine/Pyrimidine,C>G
120619710,rs6742498,CC,CC,CG,73,91,68,NC_000002.12,Mutation NB - Paternal Origin,Transversion - Purine/Pyrimidine,Unsolved
120752028,rs77426238,CC,CC,CG,79,100,33,NC_000002.12,Mutation NB - Paternal Origin,Transversion - Purine/Pyrimidine,Unsolved
123333905,rs1608940,GG,AA,GG,76,88,0,NC_000002.12,Mutation NB - Maternal Origin,Transition - Purine/Purine,A>G
128427709,rs10191624,AA,AA,AT,73,100,99,NC_000002.12,Mutation NB - Paternal Origin,Transversion - Purine/Pyrimidine,Unsolved
128427742,rs10191637,AA,AA,AG,70,100,99,NC_000002.12,Mutation NB - Paternal Origin,Transition - Purine/Purine,Unsolved
128616390,.,GG,GG,GT,79,64,56,NC_000002.12,Mutation NB - Maternal Origin,Transversion - Purine/Pyrimidine,Unsolved
128996137,rs76297931,TT,TT,TC,85,95,89,NC_000002.12,Mutation NB - Paternal Origin,Transition - Pyrimidine/Pyrimidine,Unsolved
129801553,.,AA,AA,AG,55,73,47,NC_000002.12,Mutation NB - Paternal Origin,Transition - Purine/Purine,Unsolved
133502788,rs59817257,AA,CC,AA,79,82,27,NC_000002.12,Mutation NB - Maternal Origin,Transversion - Purine/Pyrimidine,C>A
133970760,.,CC,CC,CT,70,82,41,NC_000002.12,Mutation NB - Paternal Origin,Transition - Pyrimidine/Pyrimidine,Unsolved
137909399,rs556959804,AA,AA,AG,85,91,50,NC_000002.12,Mutation NB - Paternal Origin,Transition - Purine/Purine,Unsolved
139600398,rs2033759,TT,CC,TT,73,100,57,NC_000002.12,Mutation NB - Maternal Origin,Transition - Pyrimidine/Pyrimidine,C>T
149400151,.,AA,AA,AG,79,82,47,NC_000002.12,Mutation NB - Paternal Origin,Transition - Purine/Purine,Unsolved
152813419,rs1702435454,TG,GG,TT,80,92,0,NC_000002.12,Mutation NB - Maternal Origin,Transversion - Purine/Pyrimidine,G>T
153328553,rs6726009,CC,CC,TC,76,91,99,NC_000002.12,Mutation NB - Paternal Origin,Transition - Pyrimidine/Pyrimidine,Unsolved
153844452,rs11694359,CC,CA,AA,100,67,33,NC_000002.12,Mutation NB - Paternal Origin,Transversion - Purine/Pyrimidine,C>A
153844467,rs9808037,CC,AA,AA,85,100,33,NC_000002.12,Mutation NB - Paternal Origin,Transversion - Purine/Pyrimidine,C>A
156494675,rs1684305372,TT,TT,TC,76,79,59,NC_000002.12,Mutation NB - Paternal Origin,Transition - Pyrimidine/Pyrimidine,Unsolved
166884299,.,AA,AA,AT,70,61,58,NC_000002.12,Mutation NB - Maternal Origin,Transversion - Purine/Pyrimidine,Unsolved
167731565,rs1375316,TG,GG,TT,32,76,9,NC_000002.12,Mutation NB - Maternal Origin,Transversion - Purine/Pyrimidine,G>T
171520702,rs7585974,GG,CC,CC,88,100,0,NC_000002.12,Mutation NB - Paternal Origin,Transversion - Purine/Pyrimidine,G>C
177466939,rs6719114,AA,GG,AA,76,91,9,NC_000002.12,Mutation NB - Maternal Origin,Transition - Purine/Purine,G>A
179637731,rs1325448984,TT,TT,TG,100,100,43,NC_000002.12,Mutation NB - Paternal or Maternal,Transition - Pyrimidine/Pyrimidine,Transversion - Purine/Pyrimidine,Unsolved
184659915,rs2369593,GG,GG,AG,91,82,98,NC_000002.12,Mutation NB - Maternal Origin,Transition - Purine/Purine,Unsolved
185831642,rs2302914,CC,GG,GG,100,91,12,NC_000002.12,Mutation NB - Paternal Origin,Transversion - Purine/Pyrimidine,C>G
193025733,rs4330123,GG,TT,GG,55,88,21,NC_000002.12,Mutation NB - Maternal Origin,Transition - Purine/Purine,Transversion - Purine/Pyrimidine,T>G
195269238,rs113603171,CT,CC,TT,32,100,9,NC_000002.12,Mutation NB - Maternal Origin,Transversion - Purine/Pyrimidine,C>T
197186481,rs2712895,CC,TT,CC,88,100,12,NC_000002.12,Mutation NB - Maternal Origin,Transition - Pyrimidine/Pyrimidine,T>C
198018374,rs112922254,GA,GG,AA,70,100,12,NC_000002.12,Mutation NB - Maternal Origin,Transition - Purine/Purine,G>A
198053440,rs6752760,CA,CC,AA,6,88,30,NC_000002.12,Mutation NB - Maternal Origin,Transversion - Purine/Pyrimidine,C>A
200548050,rs78066874,GG,GG,CC,73,100,9,NC_000002.12,Mutation NB - Paternal Origin,Transversion - Purine/Pyrimidine,Unsolved
202831521,rs181558288,AA,AA,AG,85,100,98,NC_000002.12,Mutation NB - Paternal Origin,Transition - Purine/Purine,Unsolved
203732318,.,AA,AA,AG,73,70,56,NC_000002.12,Mutation NB - Maternal Origin,Transition - Purine/Purine,Unsolved
204222889,rs66761445,GG,AA,GG,58,85,18,NC_000002.12,Mutation NB - Maternal Origin,Transition - Purine/Purine,A>G
209262000,rs112780047,GG,CC,GG,82,91,9,NC_000002.12,Mutation NB - Maternal Origin,Transversion - Purine/Pyrimidine,C>G
210394597,rs2370952,CC,CC,CG,100,79,30,NC_000002.12,Mutation NB - Maternal Origin,Transversion - Purine/Pyrimidine,Unsolved
211602986,rs148903307,TT,CC,TT,82,88,12,NC_000002.12,Mutation NB - Maternal Origin,Transition - Pyrimidine/Pyrimidine,C>T
217658853,rs6436000,CC,TT,CC,82,100,26,NC_000002.12,Mutation NB - Maternal Origin,Transition - Pyrimidine/Pyrimidine,T>C
218185962,rs1296862934,TT,TT,TC,64,67,57,NC_000002.12,Mutation NB - Paternal Origin,Transition - Pyrimidine/Pyrimidine,Unsolved
219325472,rs16859777,AA,GG,AA,82,98,18,NC_000002.12,Mutation NB - Maternal Origin,Transition - Purine/Purine,G>A
219769463,rs4674432,CC,TC,TT,82,35,0,NC_000002.12,Mutation NB - Paternal Origin,Transition - Pyrimidine/Pyrimidine,C>T
219769505,rs4674433,AA,CA,CC,82,28,0,NC_000002.12,Mutation NB - Paternal Origin,Transversion - Purine/Pyrimidine,A>C
225831020,rs2084185,GA,AA,GG,1,88,0,NC_000002.12,Mutation NB - Maternal Origin,Transition - Purine/Purine,A>G
231000332,rs3817173,TT,TT,TC,61,100,99,NC_000002.12,Mutation NB - Paternal Origin,Transition - Pyrimidine/Pyrimidine,Unsolved
231000375,rs2271376,TT,TT,TC,64,100,71,NC_000002.12,Mutation NB - Paternal Origin,Transition - Pyrimidine/Pyrimidine,Unsolved
231093478,rs7581188,AA,AA,AG,100,91,99,NC_000002.12,Mutation NB - Maternal Origin,Transition - Purine/Purine,Unsolved
231227044,rs10181630,TT,CC,CC,82,88,0,NC_000002.12,Mutation NB - Paternal Origin,Transition - Pyrimidine/Pyrimidine,T>C
232440673,rs35849718,CT,TT,CC,1,79,0,NC_000002.12,Mutation NB - Maternal Origin,Transition - Pyrimidine/Pyrimidine,T>C
235364930,rs62189312,CC,CC,CT,82,79,99,NC_000002.12,Mutation NB - Maternal Origin,Transition - Pyrimidine/Pyrimidine,Unsolved
235532306,rs6740767,TC,TT,CC,32,88,9,NC_000002.12,Mutation NB - Maternal Origin,Transition - Pyrimidine/Pyrimidine,T>C
235898041,rs2873334,GG,AA,AA,88,91,33,NC_000002.12,Mutation NB - Paternal Origin,Transition - Purine/Purine,G>A
236191549,.,TT,TT,TC,73,82,50,NC_000002.12,Mutation NB - Paternal Origin,Transition - Pyrimidine/Pyrimidine,Unsolved
236960626,rs1865665,AA,AA,AC,85,88,99,NC_000002.12,Mutation NB - Paternal Origin,Transversion - Purine/Pyrimidine,Unsolved
237292795,rs11675821,AA,AC,CC,67,1,18,NC_000002.12,Mutation NB - Paternal Origin,Transversion - Purine/Pyrimidine,A>C
238969600,rs4851977,GG,AA,AA,100,82,18,NC_000002.12,Mutation NB - Paternal Origin,Transition - Purine/Purine,G>A
239054376,rs12617720,CC,CC,CT,100,79,30,NC_000002.12,Mutation NB - Maternal Origin,Transition - Pyrimidine/Pyrimidine,Unsolved
239227891,rs291337,TT,TT,TC,61,91,99,NC_000002.12,Mutation NB - Paternal Origin,Transition - Pyrimidine/Pyrimidine,Unsolved
239283459,rs57435819,TT,TT,TG,79,100,99,NC_000002.12,Mutation NB - Paternal Origin,Transition - Pyrimidine/Pyrimidine,Transversion - Purine/Pyrimidine,Unsolved
239296497,rs13429023,CC,TT,CC,82,91,15,NC_000002.12,Mutation NB - Maternal Origin,Transition - Pyrimidine/Pyrimidine,T>C
239300927,rs13000297,GG,GG,GA,73,100,99,NC_000002.12,Mutation NB - Paternal Origin,Transition - Purine/Purine,Unsolved
239612110,rs1691803175,AA,AA,AG,55,52,40,NC_000002.12,Mutation NB - Maternal Origin,Transition - Purine/Purine,Unsolved
240255621,rs10184658,CA,AA,CC,1,67,0,NC_000002.12,Mutation NB - Maternal Origin,A>C
240284995,rs56003024,GG,GG,GA,73,100,99,NC_000002.12,Mutation NB - Paternal Origin,Transition - Purine/Purine,Unsolved
240350947,rs10174868,CC,TT,CC,88,91,15,NC_000002.12,Mutation NB - Maternal Origin,Transition - Pyrimidine/Pyrimidine,T>C
240419949,rs2078402,CT,TT,CC,35,91,0,NC_000002.12,Mutation NB - Maternal Origin,Transition - Pyrimidine/Pyrimidine,T>C
240424310,rs2352818,GG,AA,GG,100,82,0,NC_000002.12,Mutation NB - Maternal Origin,Transition - Purine/Purine,A>G
240641944,rs1227661181,GG,GG,GA,52,88,50,NC_000002.12,Mutation NB - Paternal Origin,Transition - Purine/Purine,Unsolved
240901089,rs35504295,CC,CC,CT,100,76,68,NC_000002.12,Mutation NB - Maternal Origin,Transition - Pyrimidine/Pyrimidine,Unsolved
967355,rs11921889,GG,AA,AA,100,88,33,NC_000003.12,Mutation NB - Paternal Origin,Transition - Purine/Purine,G>A
5138761,rs28629281,GG,GG,GA,88,100,61,NC_000003.12,Mutation NB - Paternal Origin,Transition - Purine/Purine,Unsolved
6817946,rs11929454,GG,GG,GA,64,85,99,NC_000003.12,Mutation NB - Paternal Origin,Transition - Purine/Purine,Unsolved
8887207,rs34003290,AA,CC,CC,76,91,15,NC_000003.12,Mutation NB - Paternal Origin,Transversion - Purine/Pyrimidine,A>C
8887227,rs166095,TT,CC,CC,76,100,15,NC_000003.12,Mutation NB - Paternal Origin,Transition - Pyrimidine/Pyrimidine,T>C
9863272,rs279594,GG,AG,AA,76,67,0,NC_000003.12,Mutation NB - Paternal Origin,Transition - Purine/Purine,G>A
10307333,rs151730,CT,TT,CC,1,91,30,NC_000003.12,Mutation NB - Maternal Origin,Transition - Pyrimidine/Pyrimidine,T>C
11061651,.,TT,TT,TC,76,79,59,NC_000003.12,Mutation NB - Paternal Origin,Transition - Pyrimidine/Pyrimidine,Unsolved
11678526,rs11711347,CC,TT,CC,85,79,12,NC_000003.12,Mutation NB - Maternal Origin,Transition - Pyrimidine/Pyrimidine,T>C
12877954,rs75566163,CC,CC,CT,79,91,30,NC_000003.12,Mutation NB - Paternal Origin,Transition - Pyrimidine/Pyrimidine,Unsolved
12877961,rs192481235,CC,CC,CT,79,91,30,NC_000003.12,Mutation NB - Paternal Origin,Transition - Pyrimidine/Pyrimidine,Unsolved
12877962,rs146181509,CC,CC,CA,79,91,30,NC_000003.12,Mutation NB - Paternal Origin,Transversion - Purine/Pyrimidine,Unsolved
12987223,rs360842,AA,GG,AA,37,100,21,NC_000003.12,Mutation NB - Maternal Origin,Transition - Purine/Purine,G>A
13025215,rs538997830,CC,CC,CG,85,100,71,NC_000003.12,Mutation NB - Paternal Origin,Transversion - Purine/Pyrimidine,Unsolved
13595616,rs2350310,TT,TC,CC,100,1,12,NC_000003.12,Mutation NB - Paternal Origin,Transition - Pyrimidine/Pyrimidine,T>C
13676666,rs4438633,GG,AA,GG,58,100,12,NC_000003.12,Mutation NB - Maternal Origin,Transition - Purine/Purine,A>G
13870700,rs12632968,AA,AA,GA,88,88,17,NC_000003.12,Mutation NB - Paternal or Maternal,Transition - Purine/Purine,Unsolved
13870724,rs12635908,CC,CC,TC,88,88,27,NC_000003.12,Mutation NB - Paternal or Maternal,Transition - Pyrimidine/Pyrimidine,Unsolved
14049430,rs9810909,CC,AA,CC,67,91,0,NC_000003.12,Mutation NB - Maternal Origin,Transversion - Purine/Pyrimidine,A>C
14517557,rs114493226,GG,GG,GA,100,91,65,NC_000003.12,Mutation NB - Maternal Origin,Transition - Purine/Purine,Unsolved
23672816,rs56229503,AA,AA,AC,70,91,30,NC_000003.12,Mutation NB - Paternal Origin,Transversion - Purine/Pyrimidine,Unsolved
26585581,.,AA,AA,AG,43,49,59,NC_000003.12,Mutation NB - Paternal Origin,Transition - Purine/Purine,Unsolved
32743625,rs73059866,CC,GG,CC,79,85,21,NC_000003.12,Mutation NB - Maternal Origin,Transversion - Purine/Pyrimidine,G>C
34120068,rs12495732,TT,TT,TC,49,100,75,NC_000003.12,Mutation NB - Paternal Origin,Transition - Pyrimidine/Pyrimidine,Unsolved
36653240,rs2204039,CC,CA,AA,100,48,15,NC_000003.12,Mutation NB - Paternal Origin,Transversion - Purine/Pyrimidine,C>A
38359275,rs1093689,TT,GT,GG,52,1,0,NC_000003.12,Mutation NB - Paternal Origin,Transversion - Purine/Pyrimidine,T>G
38359282,rs1093688,TT,AT,AA,55,1,0,NC_000003.12,Mutation NB - Paternal Origin,Transversion - Purine/Pyrimidine,T>A
42686722,rs147863385,CC,CC,CT,76,100,99,NC_000003.12,Mutation NB - Paternal Origin,Transition - Pyrimidine/Pyrimidine,Unsolved
43950138,rs9872047,TT,CC,CC,79,88,0,NC_000003.12,Mutation NB - Paternal Origin,Transition - Pyrimidine/Pyrimidine,T>C
44070453,rs9844198,GG,AA,AA,91,79,33,NC_000003.12,Mutation NB - Paternal Origin,Transition - Purine/Purine,G>A
45376631,.,AA,AA,AG,79,85,24,NC_000003.12,Mutation NB - Paternal Origin,Transition - Purine/Purine,Unsolved
45787094,rs2531747,CC,TT,CC,52,91,39,NC_000003.12,Mutation NB - Maternal Origin,Transition - Pyrimidine/Pyrimidine,T>C
46144087,.,TT,TT,TC,64,64,59,NC_000003.12,Mutation NB - Paternal or Maternal,Transition - Pyrimidine/Pyrimidine,Unsolved
46743239,.,TT,TT,TC,73,76,40,NC_000003.12,Mutation NB - Paternal Origin,Transition - Pyrimidine/Pyrimidine,Unsolved
46856921,.,CC,CC,CT,73,88,53,NC_000003.12,Mutation NB - Paternal Origin,Transition - Pyrimidine/Pyrimidine,Unsolved
47265404,rs11130126,AG,AA,GG,1,100,21,NC_000003.12,Mutation NB - Maternal Origin,Transition - Purine/Purine,A>G
48227019,rs2889854,TT,GT,GG,76,83,0,NC_000003.12,Mutation NB - Paternal Origin,Transversion - Purine/Pyrimidine,T>G
48358338,rs2362451,CT,CC,TT,1,100,15,NC_000003.12,Mutation NB - Maternal Origin,Transversion - Purine/Pyrimidine,C>T
49722277,.,GG,GG,GA,52,76,59,NC_000003.12,Mutation NB - Paternal Origin,Transition - Purine/Purine,Unsolved
49896022,.,TT,TT,TC,82,88,53,NC_000003.12,Mutation NB - Paternal Origin,Transition - Pyrimidine/Pyrimidine,Unsolved
53236328,rs3773744,CC,CC,TC,76,70,18,NC_000003.12,Mutation NB - Maternal Origin,Transition - Pyrimidine/Pyrimidine,Unsolved
53788574,rs909186709,GG,GG,GA,52,82,53,NC_000003.12,Mutation NB - Paternal Origin,Transition - Purine/Purine,Unsolved
54163801,rs6797113,TT,CC,CC,85,91,21,NC_000003.12,Mutation NB - Paternal Origin,Transition - Pyrimidine/Pyrimidine,T>C
54579428,rs926850583,CC,CC,CT,82,79,65,NC_000003.12,Mutation NB - Maternal Origin,Transition - Pyrimidine/Pyrimidine,Unsolved
58581866,rs67691350,TT,CC,TT,91,85,15,NC_000003.12,Mutation NB - Maternal Origin,Transition - Pyrimidine/Pyrimidine,C>T
58662149,rs4681892,CC,TT,TT,79,85,0,NC_000003.12,Mutation NB - Paternal Origin,Transition - Pyrimidine/Pyrimidine,C>T
59254770,rs12638242,AA,CC,CC,85,91,12,NC_000003.12,Mutation NB - Paternal Origin,Transversion - Purine/Pyrimidine,A>C
63802418,rs4688424,GG,AA,GG,76,91,15,NC_000003.12,Mutation NB - Maternal Origin,Transition - Purine/Purine,A>G
64776951,rs318741,GG,CC,GG,82,91,0,NC_000003.12,Mutation NB - Maternal Origin,Transversion - Purine/Pyrimidine,C>G
67070975,rs56676257,TT,AA,AA,85,79,18,NC_000003.12,Mutation NB - Paternal Origin,Transversion - Purine/Pyrimidine,T>A
67948320,rs4103349,AA,AA,AG,67,100,65,NC_000003.12,Mutation NB - Paternal Origin,Transition - Purine/Purine,Unsolved
73443479,rs201121441,TT,CC,CC,79,67,0,NC_000003.12,Mutation NB - Paternal Origin,Transition - Pyrimidine/Pyrimidine,T>C
74762500,rs9861352,TT,TT,AT,91,82,69,NC_000003.12,Mutation NB - Maternal Origin,Transition - Pyrimidine/Pyrimidine,Transversion - Purine/Pyrimidine,Unsolved
75166780,rs7616883,CC,CC,CT,91,100,98,NC_000003.12,Mutation NB - Paternal Origin,Transition - Pyrimidine/Pyrimidine,Unsolved
76249657,rs6764741,GG,AA,AA,100,79,12,NC_000003.12,Mutation NB - Paternal Origin,Transition - Purine/Purine,G>A
77135100,rs76307427,CC,TT,TT,73,58,42,NC_000003.12,Mutation NB - Paternal Origin,Transition - Pyrimidine/Pyrimidine,C>T
81812087,rs2315967,GG,GG,GA,76,100,99,NC_000003.12,Mutation NB - Paternal Origin,Transition - Purine/Purine,Unsolved
86730939,rs12497015,TC,TT,CC,67,91,30,NC_000003.12,Mutation NB - Maternal Origin,Transition - Pyrimidine/Pyrimidine,T>C
86732510,rs1414277979,CC,CC,CT,67,61,50,NC_000003.12,Mutation NB - Maternal Origin,Transition - Pyrimidine/Pyrimidine,Unsolved
88362951,rs57731162,CC,CC,CT,76,100,99,NC_000003.12,Mutation NB - Paternal Origin,Transition - Pyrimidine/Pyrimidine,Unsolved
97886833,rs831902,GG,AA,GG,67,88,9,NC_000003.12,Mutation NB - Maternal Origin,Transition - Purine/Purine,A>G
102290442,rs6808327,AA,TT,AA,58,70,0,NC_000003.12,Mutation NB - Maternal Origin,Transversion - Purine/Pyrimidine,T>A
102759371,rs7617350,CC,TT,CC,88,100,30,NC_000003.12,Mutation NB - Maternal Origin,Transition - Pyrimidine/Pyrimidine,T>C
103966366,rs55776066,TT,TT,TC,100,85,69,NC_000003.12,Mutation NB - Maternal Origin,Transition - Pyrimidine/Pyrimidine,Unsolved
103966368,rs9853651,CC,CC,CG,100,85,69,NC_000003.12,Mutation NB - Maternal Origin,Transversion - Purine/Pyrimidine,Unsolved
106517461,rs9837932,CC,GG,CC,76,100,12,NC_000003.12,Mutation NB - Maternal Origin,Transversion - Purine/Pyrimidine,G>C
106517462,rs7630978,TT,GG,TT,76,100,12,NC_000003.12,Mutation NB - Maternal Origin,Transversion - Purine/Pyrimidine,G>T
106550376,rs1867557,TT,TT,TC,70,100,99,NC_000003.12,Mutation NB - Paternal Origin,Transition - Pyrimidine/Pyrimidine,Unsolved
109538967,rs9876780,CT,CC,TT,28,100,9,NC_000003.12,Mutation NB - Maternal Origin,Transversion - Purine/Pyrimidine,C>T
111292163,rs9833532,TT,TT,TC,64,100,99,NC_000003.12,Mutation NB - Paternal Origin,Transition - Pyrimidine/Pyrimidine,Unsolved
111292235,rs4682256,TT,TT,TC,55,100,99,NC_000003.12,Mutation NB - Paternal Origin,Transition - Pyrimidine/Pyrimidine,Unsolved
111824024,rs9814037,GG,AA,GG,88,100,18,NC_000003.12,Mutation NB - Maternal Origin,Transition - Purine/Purine,A>G
114122155,.,TT,TT,TC,61,64,47,NC_000003.12,Mutation NB - Paternal Origin,Transition - Pyrimidine/Pyrimidine,Unsolved
114237116,.,TT,TT,TC,55,64,59,NC_000003.12,Mutation NB - Paternal Origin,Transition - Pyrimidine/Pyrimidine,Unsolved
120683541,rs1105765,GG,GG,CG,76,91,53,NC_000003.12,Mutation NB - Paternal Origin,Transition - Purine/Purine,Transversion - Purine/Pyrimidine,Unsolved
126292644,rs6438994,GA,GG,AA,1,100,54,NC_000003.12,Mutation NB - Maternal Origin,Transition - Purine/Purine,G>A
126424454,rs11711483,AG,AA,GG,1,85,9,NC_000003.12,Mutation NB - Maternal Origin,Transition - Purine/Purine,A>G
127053752,rs868498303,AA,AA,AG,67,61,46,NC_000003.12,Mutation NB - Maternal Origin,Transition - Purine/Purine,Unsolved
127073979,rs4375997,GG,GG,AG,85,70,3,NC_000003.12,Mutation NB - Maternal Origin,Transition - Purine/Purine,Unsolved
128822417,rs12106864,AA,GG,AA,49,91,15,NC_000003.12,Mutation NB - Maternal Origin,Transition - Purine/Purine,G>A
129344026,rs6764767,CC,AA,CC,88,91,9,NC_000003.12,Mutation NB - Maternal Origin,Transversion - Purine/Pyrimidine,A>C
133558875,rs58926483,CT,CC,TT,1,100,12,NC_000003.12,Mutation NB - Maternal Origin,Transversion - Purine/Pyrimidine,C>T
134317461,rs13090504,CC,CC,CT,64,100,99,NC_000003.12,Mutation NB - Paternal Origin,Transition - Pyrimidine/Pyrimidine,Unsolved
143095441,rs11926643,GG,AG,AA,88,32,0,NC_000003.12,Mutation NB - Paternal Origin,Transition - Purine/Purine,G>A
146252638,rs6800307,TT,CC,TT,67,100,33,NC_000003.12,Mutation NB - Maternal Origin,Transition - Pyrimidine/Pyrimidine,C>T
149405155,rs11720500,CT,TT,CC,1,91,33,NC_000003.12,Mutation NB - Maternal Origin,Transition - Pyrimidine/Pyrimidine,T>C
152155163,rs34320614,TT,TT,TA,100,88,33,NC_000003.12,Mutation NB - Maternal Origin,Transition - Pyrimidine/Pyrimidine,Transversion - Purine/Pyrimidine,Unsolved
153760068,rs12634837,GG,AA,GG,76,98,24,NC_000003.12,Mutation NB - Maternal Origin,Transition - Purine/Purine,A>G
154082649,rs1405897,CC,TC,TT,85,29,0,NC_000003.12,Mutation NB - Paternal Origin,Transition - Pyrimidine/Pyrimidine,C>T
164163369,rs710849,AA,GG,GG,100,79,36,NC_000003.12,Mutation NB - Paternal Origin,Transition - Purine/Purine,A>G
167114978,rs2139487,AA,CC,CC,85,91,15,NC_000003.12,Mutation NB - Paternal Origin,Transversion - Purine/Pyrimidine,A>C
169590805,rs10513677,AG,AA,GG,79,100,18,NC_000003.12,Mutation NB - Maternal Origin,Transition - Purine/Purine,A>G
170031689,rs4955706,GG,GC,CC,46,53,12,NC_000003.12,Mutation NB - Paternal Origin,Transversion - Purine/Pyrimidine,G>C
171810165,rs73046033,TT,GG,TT,73,73,24,NC_000003.12,Mutation NB - Maternal Origin,Transversion - Purine/Pyrimidine,G>T
176304885,rs1384822,AG,GG,AA,64,91,0,NC_000003.12,Mutation NB - Maternal Origin,Transition - Purine/Purine,G>A
176396592,rs182472,CC,CG,GG,100,29,30,NC_000003.12,Mutation NB - Paternal Origin,Transversion - Purine/Pyrimidine,C>G
177817960,rs2164349,AA,GG,AA,82,100,33,NC_000003.12,Mutation NB - Maternal Origin,Transition - Purine/Purine,G>A
177898394,rs66539014,TT,TT,TC,61,100,99,NC_000003.12,Mutation NB - Paternal Origin,Transition - Pyrimidine/Pyrimidine,Unsolved
184575981,rs7652597,TT,CC,TT,73,79,0,NC_000003.12,Mutation NB - Maternal Origin,Transition - Pyrimidine/Pyrimidine,C>T
186795046,rs266750,CC,TT,CC,88,100,18,NC_000003.12,Mutation NB - Maternal Origin,Transition - Pyrimidine/Pyrimidine,T>C
188346081,.,TT,TT,TC,85,91,33,NC_000003.12,Mutation NB - Paternal Origin,Transition - Pyrimidine/Pyrimidine,Unsolved
189235199,rs73889141,TT,CC,TT,85,100,15,NC_000003.12,Mutation NB - Maternal Origin,Transition - Pyrimidine/Pyrimidine,C>T
190109864,rs111689307,TT,TT,TC,91,100,99,NC_000003.12,Mutation NB - Paternal Origin,Transition - Pyrimidine/Pyrimidine,Unsolved
194225090,rs11918985,GG,AA,AA,91,76,0,NC_000003.12,Mutation NB - Paternal Origin,Transition - Purine/Purine,G>A
196162755,rs9867609,CC,TT,CC,79,100,2,NC_000003.12,Mutation NB - Maternal Origin,Transition - Pyrimidine/Pyrimidine,T>C
196640093,rs939874,GA,AA,GG,1,82,24,NC_000003.12,Mutation NB - Maternal Origin,Transition - Purine/Purine,A>G
196915902,.,TT,TT,TA,76,82,56,NC_000003.12,Mutation NB - Paternal Origin,Transition - Pyrimidine/Pyrimidine,Transversion - Purine/Pyrimidine,Unsolved
197254399,rs338204,CG,CC,GG,1,100,30,NC_000003.12,Mutation NB - Maternal Origin,Transversion - Purine/Pyrimidine,C>G
628599,rs10031968,CC,CC,CA,91,85,30,NC_000004.12,Mutation NB - Maternal Origin,Transversion - Purine/Pyrimidine,Unsolved
774493,rs13127733,GG,AA,AA,70,85,0,NC_000004.12,Mutation NB - Paternal Origin,Transition - Purine/Purine,G>A
774653,rs7683551,TT,CC,CC,79,91,12,NC_000004.12,Mutation NB - Paternal Origin,Transition - Pyrimidine/Pyrimidine,T>C
867710,rs3733352,CC,TT,CC,67,91,15,NC_000004.12,Mutation NB - Maternal Origin,Transition - Pyrimidine/Pyrimidine,T>C
1744043,rs28420470,AA,AA,AG,100,100,33,NC_000004.12,Mutation NB - Paternal or Maternal,Transition - Purine/Purine,Unsolved
1744594,.,TT,TT,TC,74,73,62,NC_000004.12,Mutation NB - Maternal Origin,Transition - Pyrimidine/Pyrimidine,Unsolved
2264568,rs569132526,CC,CC,CT,64,82,48,NC_000004.12,Mutation NB - Paternal Origin,Transition - Pyrimidine/Pyrimidine,Unsolved
2275862,rs17132391,AA,AA,AG,88,91,27,NC_000004.12,Mutation NB - Paternal Origin,Transition - Purine/Purine,Unsolved
2434644,rs17132546,GG,GG,GA,85,85,30,NC_000004.12,Mutation NB - Paternal or Maternal,Transition - Purine/Purine,Unsolved
3315515,rs6825065,AA,AA,AG,88,91,98,NC_000004.12,Mutation NB - Paternal Origin,Transition - Purine/Purine,Unsolved
3668733,rs1040757864,AA,AA,AC,100,82,67,NC_000004.12,Mutation NB - Maternal Origin,Transversion - Purine/Pyrimidine,Unsolved
3668739,rs1402753288,GG,GG,GC,100,100,67,NC_000004.12,Mutation NB - Paternal or Maternal,Transition - Purine/Purine,Transversion - Purine/Pyrimidine,Unsolved
3733379,rs2857967,GG,GG,GA,88,91,62,NC_000004.12,Mutation NB - Paternal Origin,Transition - Purine/Purine,Unsolved
3733504,rs2857966,AA,AA,AG,82,100,99,NC_000004.12,Mutation NB - Paternal Origin,Transition - Purine/Purine,Unsolved
4243834,rs2980104,TT,TC,CC,67,35,24,NC_000004.12,Mutation NB - Paternal Origin,Transition - Pyrimidine/Pyrimidine,T>C
4269300,rs7657468,CC,CC,GG,100,100,12,NC_000004.12,Mutation NB - Paternal or Maternal,Transversion - Purine/Pyrimidine,Unsolved
4754876,.,TT,TT,TC,70,88,56,NC_000004.12,Mutation NB - Paternal Origin,Transition - Pyrimidine/Pyrimidine,Unsolved
4836685,rs6830811,CC,TT,TT,85,91,0,NC_000004.12,Mutation NB - Paternal Origin,Transition - Pyrimidine/Pyrimidine,C>T
5219851,rs1812310,CT,TT,CC,30,70,9,NC_000004.12,Mutation NB - Maternal Origin,Transition - Pyrimidine/Pyrimidine,T>C
5547006,rs7691463,GG,GG,GT,55,100,59,NC_000004.12,Mutation NB - Paternal Origin,Transversion - Purine/Pyrimidine,Unsolved
6291969,rs1801213,GG,CC,CC,73,91,0,NC_000004.12,Mutation NB - Paternal Origin,Transversion - Purine/Pyrimidine,G>C
7053526,rs868489,CC,CC,CT,100,85,62,NC_000004.12,Mutation NB - Maternal Origin,Transition - Pyrimidine/Pyrimidine,Unsolved
7073830,rs3857181,CG,GG,CC,1,85,0,NC_000004.12,Mutation NB - Maternal Origin,Transversion - Purine/Pyrimidine,G>C
7184530,rs10017600,AA,AA,AG,70,100,65,NC_000004.12,Mutation NB - Paternal Origin,Transition - Purine/Purine,Unsolved
7215439,rs78543159,GG,AA,GG,100,79,0,NC_000004.12,Mutation NB - Maternal Origin,Transition - Purine/Purine,A>G
7515718,rs1732933964,TT,TT,TG,100,100,99,NC_000004.12,Mutation NB - Paternal or Maternal,Transition - Pyrimidine/Pyrimidine,Transversion - Purine/Pyrimidine,Unsolved
7680323,rs10937854,GG,GG,GA,100,85,99,NC_000004.12,Mutation NB - Maternal Origin,Transition - Purine/Purine,Unsolved
8104964,rs1836534770,CC,CC,CT,88,76,43,NC_000004.12,Mutation NB - Maternal Origin,Transition - Pyrimidine/Pyrimidine,Unsolved
9524489,rs62412073,GG,GG,GC,73,100,62,NC_000004.12,Mutation NB - Paternal Origin,Transition - Purine/Purine,Transversion - Purine/Pyrimidine,Unsolved
11984665,rs13150864,CC,AC,AA,70,41,0,NC_000004.12,Mutation NB - Paternal Origin,Transversion - Purine/Pyrimidine,C>A
12735091,rs9884719,AA,AA,AG,100,82,62,NC_000004.12,Mutation NB - Maternal Origin,Transition - Purine/Purine,Unsolved
13599713,rs3733557,GG,AA,GG,76,82,45,NC_000004.12,Mutation NB - Maternal Origin,Transition - Purine/Purine,A>G
13767169,rs1388303,TT,TT,TG,100,100,33,NC_000004.12,Mutation NB - Paternal or Maternal,Transition - Pyrimidine/Pyrimidine,Transversion - Purine/Pyrimidine,Unsolved
14928172,rs7661457,TT,CC,TT,82,67,18,NC_000004.12,Mutation NB - Maternal Origin,Transition - Pyrimidine/Pyrimidine,C>T
15132989,rs6449103,AA,CC,AA,82,91,0,NC_000004.12,Mutation NB - Maternal Origin,Transversion - Purine/Pyrimidine,C>A
16396523,rs60552535,CC,CC,CT,100,88,99,NC_000004.12,Mutation NB - Maternal Origin,Transition - Pyrimidine/Pyrimidine,Unsolved
17912256,rs35921582,AA,AG,GG,91,38,18,NC_000004.12,Mutation NB - Paternal Origin,Transition - Purine/Purine,A>G
24974436,rs10212716,CT,TT,CC,67,82,30,NC_000004.12,Mutation NB - Maternal Origin,Transition - Pyrimidine/Pyrimidine,T>C
25215300,rs313573,AA,AA,AC,73,100,99,NC_000004.12,Mutation NB - Paternal Origin,Transversion - Purine/Pyrimidine,Unsolved
25246789,rs313560,CC,CC,CT,85,91,68,NC_000004.12,Mutation NB - Paternal Origin,Transition - Pyrimidine/Pyrimidine,Unsolved
26134906,rs7698896,GG,CC,GG,31,100,84,NC_000004.12,Mutation NB - Maternal Origin,Transversion - Purine/Pyrimidine,C>G
30688462,rs6810388,TT,CC,TT,88,88,0,NC_000004.12,Mutation NB - Maternal Origin,Transition - Pyrimidine/Pyrimidine,C>T
36193002,rs13122593,CC,AA,AA,88,88,9,NC_000004.12,Mutation NB - Paternal Origin,Transversion - Purine/Pyrimidine,C>A
37673766,rs13150568,AA,AA,GA,76,82,65,NC_000004.12,Mutation NB - Paternal Origin,Transition - Purine/Purine,Unsolved
37746894,.,TT,TT,TC,76,76,50,NC_000004.12,Mutation NB - Paternal or Maternal,Transition - Pyrimidine/Pyrimidine,Unsolved
38124367,rs637334,GG,AA,AA,91,85,24,NC_000004.12,Mutation NB - Paternal Origin,Transition - Purine/Purine,G>A
38920737,rs17616765,TT,TT,TC,100,76,99,NC_000004.12,Mutation NB - Maternal Origin,Transition - Pyrimidine/Pyrimidine,Unsolved
38920946,rs10033036,CC,TT,TT,70,82,0,NC_000004.12,Mutation NB - Paternal Origin,Transition - Pyrimidine/Pyrimidine,C>T
41655766,rs7661703,GT,TT,GG,1,91,18,NC_000004.12,Mutation NB - Maternal Origin,Transversion - Purine/Pyrimidine,T>G
44622791,rs55637944,CC,GG,CC,85,82,12,NC_000004.12,Mutation NB - Maternal Origin,Transversion - Purine/Pyrimidine,G>C
45934658,.,AA,AA,AG,73,88,39,NC_000004.12,Mutation NB - Paternal Origin,Transition - Purine/Purine,Unsolved
46236761,rs561779,AA,AA,AG,64,100,99,NC_000004.12,Mutation NB - Paternal Origin,Transition - Purine/Purine,Unsolved
47416204,rs6839213,GG,AG,AA,76,70,9,NC_000004.12,Mutation NB - Paternal Origin,Transition - Purine/Purine,G>A
47419941,rs4493516,TT,TT,CC,85,91,0,NC_000004.12,Mutation NB - Paternal Origin,Transition - Pyrimidine/Pyrimidine,Unsolved
51943037,rs1316498,TT,AA,TT,85,88,0,NC_000004.12,Mutation NB - Maternal Origin,Transversion - Purine/Pyrimidine,A>T
52868127,rs58577680,CC,CC,CT,100,76,84,NC_000004.12,Mutation NB - Maternal Origin,Transition - Pyrimidine/Pyrimidine,Unsolved
54332888,rs1574492,TT,CC,CC,76,91,24,NC_000004.12,Mutation NB - Paternal Origin,Transition - Pyrimidine/Pyrimidine,T>C
54986654,.,CC,CC,CT,91,67,47,NC_000004.12,Mutation NB - Maternal Origin,Transition - Pyrimidine/Pyrimidine,Unsolved
59238735,rs995679,AA,TT,TT,100,73,18,NC_000004.12,Mutation NB - Paternal Origin,Transversion - Purine/Pyrimidine,A>T
61018670,.,AA,AA,AG,79,88,65,NC_000004.12,Mutation NB - Paternal Origin,Transition - Purine/Purine,Unsolved
63076844,rs10023633,CC,CC,GG,100,85,15,NC_000004.12,Mutation NB - Maternal Origin,Transversion - Purine/Pyrimidine,Unsolved
67219544,rs1425655,AC,AA,CC,32,88,36,NC_000004.12,Mutation NB - Maternal Origin,A>C
72731174,rs1578869203,GG,GG,GA,61,82,53,NC_000004.12,Mutation NB - Paternal Origin,Transition - Purine/Purine,Unsolved
72783400,rs1481103,CC,CC,CT,88,100,12,NC_000004.12,Mutation NB - Paternal Origin,Transition - Pyrimidine/Pyrimidine,Unsolved
74734046,rs10022745,AA,GA,GG,88,2,33,NC_000004.12,Mutation NB - Paternal Origin,Transition - Purine/Purine,A>G
77453808,rs894439,AG,AA,GG,41,100,15,NC_000004.12,Mutation NB - Maternal Origin,Transition - Purine/Purine,A>G
78284545,rs12504081,TA,TT,AA,39,100,18,NC_000004.12,Mutation NB - Maternal Origin,Transversion - Purine/Pyrimidine,T>A
81714939,rs1727292371,GG,GG,GA,73,91,41,NC_000004.12,Mutation NB - Paternal Origin,Transition - Purine/Purine,Unsolved
84986108,.,TT,TT,TC,88,52,53,NC_000004.12,Mutation NB - Maternal Origin,Transition - Pyrimidine/Pyrimidine,Unsolved
85336300,rs585787,CC,TC,TT,70,28,15,NC_000004.12,Mutation NB - Paternal Origin,Transition - Pyrimidine/Pyrimidine,C>T
86483173,.,AA,AA,AG,79,82,53,NC_000004.12,Mutation NB - Paternal Origin,Transition - Purine/Purine,Unsolved
91180290,.,TT,TT,TC,67,82,64,NC_000004.12,Mutation NB - Paternal Origin,Transition - Pyrimidine/Pyrimidine,Unsolved
96510249,rs11932562,CC,TT,CC,100,88,51,NC_000004.12,Mutation NB - Maternal Origin,Transition - Pyrimidine/Pyrimidine,T>C
99187522,rs4640679,AG,AA,GG,1,85,18,NC_000004.12,Mutation NB - Maternal Origin,Transition - Purine/Purine,A>G
99359923,rs191910522,GG,AA,GG,79,82,9,NC_000004.12,Mutation NB - Maternal Origin,Transition - Purine/Purine,A>G
103951314,rs10024735,GG,GG,GA,79,100,62,NC_000004.12,Mutation NB - Paternal Origin,Transition - Purine/Purine,Unsolved
105415698,rs2636732,TT,CC,TT,40,100,33,NC_000004.12,Mutation NB - Maternal Origin,Transition - Pyrimidine/Pyrimidine,C>T
106033135,rs6533237,TT,TC,CC,100,67,21,NC_000004.12,Mutation NB - Paternal Origin,Transition - Pyrimidine/Pyrimidine,T>C
106073491,rs56222430,CC,CC,CT,100,79,92,NC_000004.12,Mutation NB - Maternal Origin,Transition - Pyrimidine/Pyrimidine,Unsolved
106604800,rs2098848,TT,TT,CT,82,67,71,NC_000004.12,Mutation NB - Maternal Origin,Transition - Pyrimidine/Pyrimidine,Unsolved
106764619,rs12508455,TT,TT,GG,88,88,0,NC_000004.12,Mutation NB - Paternal or Maternal,Transition - Purine/Purine,Transversion - Purine/Pyrimidine,Unsolved
109016345,rs1648027,AA,AA,AG,64,100,99,NC_000004.12,Mutation NB - Paternal Origin,Transition - Purine/Purine,Unsolved
115355583,rs68006718,TT,CC,TT,67,88,27,NC_000004.12,Mutation NB - Maternal Origin,Transition - Pyrimidine/Pyrimidine,C>T
119781301,rs11733668,CA,AA,CC,35,82,0,NC_000004.12,Mutation NB - Maternal Origin,A>C
120992761,rs2167206,GG,AA,AA,100,82,24,NC_000004.12,Mutation NB - Paternal Origin,Transition - Purine/Purine,G>A
122864029,rs72672978,CC,TT,CC,91,91,9,NC_000004.12,Mutation NB - Maternal Origin,Transition - Pyrimidine/Pyrimidine,T>C
126979285,rs11730228,TT,TT,TG,91,100,99,NC_000004.12,Mutation NB - Paternal Origin,Transition - Pyrimidine/Pyrimidine,Transversion - Purine/Pyrimidine,Unsolved
130201993,rs1493219,GG,GG,TG,91,91,75,NC_000004.12,Mutation NB - Paternal or Maternal,Transversion - Purine/Pyrimidine,Unsolved
138595203,rs1450442,TC,TT,CC,44,91,21,NC_000004.12,Mutation NB - Maternal Origin,Transition - Pyrimidine/Pyrimidine,T>C
140243596,rs11946633,AG,AA,GG,1,85,18,NC_000004.12,Mutation NB - Maternal Origin,Transition - Purine/Purine,A>G
140243597,rs11946634,AT,AA,TT,1,85,18,NC_000004.12,Mutation NB - Maternal Origin,Transversion - Purine/Pyrimidine,A>T
141213661,rs11934874,CC,CC,CA,85,100,33,NC_000004.12,Mutation NB - Paternal Origin,Transversion - Purine/Pyrimidine,Unsolved
143752364,rs9993457,TT,CC,CC,73,76,0,NC_000004.12,Mutation NB - Paternal Origin,Transition - Pyrimidine/Pyrimidine,T>C
144197090,rs1384078418,CC,CC,CT,64,79,65,NC_000004.12,Mutation NB - Paternal Origin,Transition - Pyrimidine/Pyrimidine,Unsolved
144216991,rs77260277,TT,TT,TC,67,100,8,NC_000004.12,Mutation NB - Paternal Origin,Transition - Pyrimidine/Pyrimidine,Unsolved
145566263,rs6819639,CC,CC,CT,88,88,58,NC_000004.12,Mutation NB - Paternal or Maternal,Transition - Pyrimidine/Pyrimidine,Unsolved
146050611,.,AA,AA,AG,49,82,59,NC_000004.12,Mutation NB - Paternal Origin,Transition - Purine/Purine,Unsolved
147561773,.,TT,TT,TC,73,85,46,NC_000004.12,Mutation NB - Paternal Origin,Transition - Pyrimidine/Pyrimidine,Unsolved
148898207,rs140314986,GG,GG,GA,91,100,68,NC_000004.12,Mutation NB - Paternal Origin,Transition - Purine/Purine,Unsolved
150277671,rs1870515,AA,TT,AA,55,100,15,NC_000004.12,Mutation NB - Maternal Origin,Transversion - Purine/Pyrimidine,T>A
152585362,rs1751342741,AA,AA,AG,88,73,59,NC_000004.12,Mutation NB - Maternal Origin,Transition - Purine/Purine,Unsolved
162786446,rs6839846,GG,AA,GG,79,88,30,NC_000004.12,Mutation NB - Maternal Origin,Transition - Purine/Purine,A>G
163193309,rs1360308192,GG,TT,GG,61,88,33,NC_000004.12,Mutation NB - Maternal Origin,Transition - Purine/Purine,Transversion - Purine/Pyrimidine,T>G
164368899,rs3857012,TT,AA,AA,88,88,12,NC_000004.12,Mutation NB - Paternal Origin,Transversion - Purine/Pyrimidine,T>A
164957018,rs3733419,AA,GG,AA,88,91,18,NC_000004.12,Mutation NB - Maternal Origin,Transition - Purine/Purine,G>A
170510599,rs6848640,AA,AA,AG,88,100,69,NC_000004.12,Mutation NB - Paternal Origin,Transition - Purine/Purine,Unsolved
170510605,rs6823577,CC,CC,CT,88,100,69,NC_000004.12,Mutation NB - Paternal Origin,Transition - Pyrimidine/Pyrimidine,Unsolved
171571892,rs4692893,CT,CC,TT,1,82,12,NC_000004.12,Mutation NB - Maternal Origin,Transversion - Purine/Pyrimidine,C>T
174983173,rs6828863,CT,CC,TT,1,100,24,NC_000004.12,Mutation NB - Maternal Origin,Transversion - Purine/Pyrimidine,C>T
177324015,rs987467,TC,TT,CC,43,100,36,NC_000004.12,Mutation NB - Maternal Origin,Transition - Pyrimidine/Pyrimidine,T>C
177496574,rs61452241,TT,TT,CC,100,88,12,NC_000004.12,Mutation NB - Maternal Origin,Transition - Pyrimidine/Pyrimidine,Unsolved
183889631,rs1528684,AA,AA,GA,91,91,68,NC_000004.12,Mutation NB - Paternal or Maternal,Transition - Purine/Purine,Unsolved
184259953,rs13151402,CC,CT,TT,82,35,27,NC_000004.12,Mutation NB - Paternal Origin,Transition - Pyrimidine/Pyrimidine,C>T
184259997,rs13127475,TT,TC,CC,91,1,24,NC_000004.12,Mutation NB - Paternal Origin,Transition - Pyrimidine/Pyrimidine,T>C
184260027,rs58242728,CC,GG,GG,91,76,21,NC_000004.12,Mutation NB - Paternal Origin,Transversion - Purine/Pyrimidine,C>G
184260123,rs7680050,CC,CC,CT,67,88,99,NC_000004.12,Mutation NB - Paternal Origin,Transition - Pyrimidine/Pyrimidine,Unsolved
184932482,rs7682801,GG,AA,GG,76,91,0,NC_000004.12,Mutation NB - Maternal Origin,Transition - Purine/Purine,A>G
187178240,rs6826520,CC,TT,CC,82,91,9,NC_000004.12,Mutation NB - Maternal Origin,Transition - Pyrimidine/Pyrimidine,T>C
188734256,rs144367320,GG,GT,TT,70,1,24,NC_000004.12,Mutation NB - Paternal Origin,Transversion - Purine/Pyrimidine,G>T
188734273,rs10017190,TT,GT,GG,73,1,0,NC_000004.12,Mutation NB - Paternal Origin,Transversion - Purine/Pyrimidine,T>G
485144,rs55989315,TT,GG,GG,64,82,0,NC_000005.10,Mutation NB - Paternal Origin,Transversion - Purine/Pyrimidine,T>G
643795,rs62330299,CT,CC,TT,32,88,12,NC_000005.10,Mutation NB - Maternal Origin,Transversion - Purine/Pyrimidine,C>T
758344,rs6863843,CT,CC,TT,38,91,12,NC_000005.10,Mutation NB - Maternal Origin,Transversion - Purine/Pyrimidine,C>T
758371,rs6876813,TC,TT,CC,38,91,12,NC_000005.10,Mutation NB - Maternal Origin,Transition - Pyrimidine/Pyrimidine,T>C
766969,rs111384701,CT,CC,TT,1,88,27,NC_000005.10,Mutation NB - Maternal Origin,Transversion - Purine/Pyrimidine,C>T
1672040,rs35267512,GG,AA,AA,52,82,0,NC_000005.10,Mutation NB - Paternal Origin,Transition - Purine/Purine,G>A
1851474,.,AA,AA,AG,58,88,53,NC_000005.10,Mutation NB - Paternal Origin,Transition - Purine/Purine,Unsolved
2164006,rs4242096,CC,CT,TT,79,22,9,NC_000005.10,Mutation NB - Paternal Origin,Transition - Pyrimidine/Pyrimidine,C>T
2164012,rs4242097,CC,CG,GG,79,22,9,NC_000005.10,Mutation NB - Paternal Origin,Transversion - Purine/Pyrimidine,C>G
2164016,rs4866724,GG,GA,AA,79,22,9,NC_000005.10,Mutation NB - Paternal Origin,Transition - Purine/Purine,G>A
2213319,rs6859292,TT,GG,GG,100,79,36,NC_000005.10,Mutation NB - Paternal Origin,Transversion - Purine/Pyrimidine,T>G
2459177,rs74749917,GT,GG,TT,1,91,27,NC_000005.10,Mutation NB - Maternal Origin,Transversion - Purine/Pyrimidine,G>T
2532900,.,TT,TT,TA,82,91,46,NC_000005.10,Mutation NB - Paternal Origin,Transition - Pyrimidine/Pyrimidine,Transversion - Purine/Pyrimidine,Unsolved
2642319,rs6872448,GG,GG,GA,73,100,99,NC_000005.10,Mutation NB - Paternal Origin,Transition - Purine/Purine,Unsolved
3308470,rs9313043,CC,CC,TC,88,76,21,NC_000005.10,Mutation NB - Maternal Origin,Transition - Pyrimidine/Pyrimidine,Unsolved
3639484,rs58962124,GT,TT,GG,25,91,0,NC_000005.10,Mutation NB - Maternal Origin,Transversion - Purine/Pyrimidine,T>G
3639503,rs10474772,CT,TT,CC,25,91,0,NC_000005.10,Mutation NB - Maternal Origin,Transition - Pyrimidine/Pyrimidine,T>C
3962039,rs658791,TT,GG,TT,55,100,15,NC_000005.10,Mutation NB - Maternal Origin,Transversion - Purine/Pyrimidine,G>T
4230267,rs28637683,GG,GG,GA,55,100,62,NC_000005.10,Mutation NB - Paternal Origin,Transition - Purine/Purine,Unsolved
5229364,rs2399737,TT,TT,CT,85,67,99,NC_000005.10,Mutation NB - Maternal Origin,Transition - Pyrimidine/Pyrimidine,Unsolved
5229373,rs2399736,CC,CC,CG,100,67,99,NC_000005.10,Mutation NB - Maternal Origin,Transversion - Purine/Pyrimidine,Unsolved
5635002,rs1427928,AT,AA,TT,2,79,24,NC_000005.10,Mutation NB - Maternal Origin,Transversion - Purine/Pyrimidine,A>T
6594798,rs11738379,CC,GG,GG,76,88,0,NC_000005.10,Mutation NB - Paternal Origin,Transversion - Purine/Pyrimidine,C>G
6866786,rs166698,CC,CT,TT,100,28,12,NC_000005.10,Mutation NB - Paternal Origin,Transition - Pyrimidine/Pyrimidine,C>T
8757929,rs6882019,AA,GG,AA,64,85,0,NC_000005.10,Mutation NB - Maternal Origin,Transition - Purine/Purine,G>A
8765650,rs61490259,GG,AA,GG,85,91,15,NC_000005.10,Mutation NB - Maternal Origin,Transition - Purine/Purine,A>G
10637759,rs11748573,AG,AA,GG,32,100,15,NC_000005.10,Mutation NB - Maternal Origin,Transition - Purine/Purine,A>G
10675654,rs1531842,GT,GG,TT,1,100,39,NC_000005.10,Mutation NB - Maternal Origin,Transversion - Purine/Pyrimidine,G>T
11833786,.,AA,AA,AG,76,91,62,NC_000005.10,Mutation NB - Paternal Origin,Transition - Purine/Purine,Unsolved
12789384,rs9505706,GG,AA,GG,76,85,15,NC_000005.10,Mutation NB - Maternal Origin,Transition - Purine/Purine,A>G
16502946,rs334467,AG,GG,AA,1,88,18,NC_000005.10,Mutation NB - Maternal Origin,Transition - Purine/Purine,G>A
16567437,.,TT,TT,TC,73,73,44,NC_000005.10,Mutation NB - Paternal or Maternal,Transition - Pyrimidine/Pyrimidine,Unsolved
23712290,rs116474449,CC,CC,CT,91,91,59,NC_000005.10,Mutation NB - Paternal or Maternal,Transition - Pyrimidine/Pyrimidine,Unsolved
25731477,rs380077,CC,TT,CC,79,100,15,NC_000005.10,Mutation NB - Maternal Origin,Transition - Pyrimidine/Pyrimidine,T>C
33074005,.,TT,TT,TC,88,88,49,NC_000005.10,Mutation NB - Paternal or Maternal,Transition - Pyrimidine/Pyrimidine,Unsolved
35883655,rs2194226,CC,CC,CA,70,88,68,NC_000005.10,Mutation NB - Paternal Origin,Transversion - Purine/Pyrimidine,Unsolved
36071952,rs35746165,TT,TT,TA,82,100,69,NC_000005.10,Mutation NB - Paternal Origin,Transition - Pyrimidine/Pyrimidine,Transversion - Purine/Pyrimidine,Unsolved
40530496,rs73076452,CC,CC,CT,55,100,59,NC_000005.10,Mutation NB - Paternal Origin,Transition - Pyrimidine/Pyrimidine,Unsolved
43283918,rs11740128,TT,GG,GG,67,100,12,NC_000005.10,Mutation NB - Paternal Origin,Transversion - Purine/Pyrimidine,T>G
45232970,rs927206717,TT,TT,TC,58,82,47,NC_000005.10,Mutation NB - Paternal Origin,Transition - Pyrimidine/Pyrimidine,Unsolved
45847573,rs1742704966,TT,TT,TC,70,88,68,NC_000005.10,Mutation NB - Paternal Origin,Transition - Pyrimidine/Pyrimidine,Unsolved
50466108,rs547858013,AA,GG,GG,91,85,15,NC_000005.10,Mutation NB - Paternal Origin,Transition - Purine/Purine,A>G
52518118,rs72746792,GG,GG,GA,85,88,94,NC_000005.10,Mutation NB - Paternal Origin,Transition - Purine/Purine,Unsolved
52881096,rs530521328,AA,AA,AG,85,61,44,NC_000005.10,Mutation NB - Maternal Origin,Transition - Purine/Purine,Unsolved
60569117,rs112175107,AA,AA,AT,76,100,71,NC_000005.10,Mutation NB - Paternal Origin,Transversion - Purine/Pyrimidine,Unsolved
62333332,rs12659777,CC,CC,TC,91,91,65,NC_000005.10,Mutation NB - Paternal or Maternal,Transition - Pyrimidine/Pyrimidine,Unsolved
64123402,rs62369051,AA,AA,TT,91,100,36,NC_000005.10,Mutation NB - Paternal Origin,Transversion - Purine/Pyrimidine,Unsolved
65803799,rs6893191,CC,CC,CT,88,70,99,NC_000005.10,Mutation NB - Maternal Origin,Transition - Pyrimidine/Pyrimidine,Unsolved
68392339,rs716813,CA,CC,AA,32,91,18,NC_000005.10,Mutation NB - Maternal Origin,Transversion - Purine/Pyrimidine,C>A
68707666,rs13152864,GA,GG,AA,1,100,24,NC_000005.10,Mutation NB - Maternal Origin,Transition - Purine/Purine,G>A
73197439,rs7702108,AA,GG,AA,79,76,12,NC_000005.10,Mutation NB - Maternal Origin,Transition - Purine/Purine,G>A
74585268,rs113451063,GG,TT,GG,85,85,0,NC_000005.10,Mutation NB - Maternal Origin,Transition - Purine/Purine,Transversion - Purine/Pyrimidine,T>G
75102316,rs4354015,AA,AA,GG,100,100,18,NC_000005.10,Mutation NB - Paternal or Maternal,Transition - Purine/Purine,Unsolved
75355259,rs3846662,AG,AA,GG,32,100,15,NC_000005.10,Mutation NB - Maternal Origin,Transition - Purine/Purine,A>G
76327864,rs2913251,AA,AA,AG,100,88,30,NC_000005.10,Mutation NB - Maternal Origin,Transition - Purine/Purine,Unsolved
77410139,rs10474501,TG,TT,GG,2,100,36,NC_000005.10,Mutation NB - Maternal Origin,Transversion - Purine/Pyrimidine,T>G
80396594,rs116509370,GG,GG,GA,82,100,33,NC_000005.10,Mutation NB - Paternal Origin,Transition - Purine/Purine,Unsolved
81890991,rs6886157,GG,AA,GG,91,100,18,NC_000005.10,Mutation NB - Maternal Origin,Transition - Purine/Purine,A>G
82042885,rs77249436,CC,CC,CT,100,91,62,NC_000005.10,Mutation NB - Maternal Origin,Transition - Pyrimidine/Pyrimidine,Unsolved
82129916,.,AA,AA,AG,73,82,49,NC_000005.10,Mutation NB - Paternal Origin,Transition - Purine/Purine,Unsolved
83134859,rs7733354,AA,AA,AG,79,88,62,NC_000005.10,Mutation NB - Paternal Origin,Transition - Purine/Purine,Unsolved
85459345,.,AA,AA,AG,76,85,53,NC_000005.10,Mutation NB - Paternal Origin,Transition - Purine/Purine,Unsolved
91550477,rs1582557,TG,TT,GG,1,85,18,NC_000005.10,Mutation NB - Maternal Origin,Transversion - Purine/Pyrimidine,T>G
96816234,rs62376415,GA,GG,AA,1,100,30,NC_000005.10,Mutation NB - Maternal Origin,Transition - Purine/Purine,G>A
100657092,rs7715955,CT,TT,CC,1,91,30,NC_000005.10,Mutation NB - Maternal Origin,Transition - Pyrimidine/Pyrimidine,T>C
100657095,rs10214408,CC,CC,CT,76,100,99,NC_000005.10,Mutation NB - Paternal Origin,Transition - Pyrimidine/Pyrimidine,Unsolved
100935763,.,TT,TT,TC,73,70,47,NC_000005.10,Mutation NB - Maternal Origin,Transition - Pyrimidine/Pyrimidine,Unsolved
107572437,rs163961,AA,CC,AA,82,88,9,NC_000005.10,Mutation NB - Maternal Origin,Transversion - Purine/Pyrimidine,C>A
107861841,.,TT,TT,TC,70,82,50,NC_000005.10,Mutation NB - Paternal Origin,Transition - Pyrimidine/Pyrimidine,Unsolved
112538750,rs2121163,CG,CC,GG,1,82,9,NC_000005.10,Mutation NB - Maternal Origin,Transversion - Purine/Pyrimidine,C>G
113618602,rs2914195,CC,CC,CT,85,100,83,NC_000005.10,Mutation NB - Paternal Origin,Transition - Pyrimidine/Pyrimidine,Unsolved
114058780,.,TT,TT,TC,70,73,53,NC_000005.10,Mutation NB - Paternal Origin,Transition - Pyrimidine/Pyrimidine,Unsolved
115640509,rs34035899,CC,CC,CA,100,82,99,NC_000005.10,Mutation NB - Maternal Origin,Transversion - Purine/Pyrimidine,Unsolved
120351937,rs12658673,AA,GG,GG,91,91,9,NC_000005.10,Mutation NB - Paternal Origin,Transition - Purine/Purine,A>G
121860753,.,AA,AA,AG,64,88,62,NC_000005.10,Mutation NB - Paternal Origin,Transition - Purine/Purine,Unsolved
123401455,rs62376437,GG,GG,AA,82,91,0,NC_000005.10,Mutation NB - Paternal Origin,Transition - Purine/Purine,Unsolved
124256951,.,TT,TT,TC,64,88,43,NC_000005.10,Mutation NB - Paternal Origin,Transition - Pyrimidine/Pyrimidine,Unsolved
124521795,rs13165398,CC,AA,AA,67,100,0,NC_000005.10,Mutation NB - Paternal Origin,Transversion - Purine/Pyrimidine,C>A
124521799,rs13165539,TT,CC,CC,67,100,0,NC_000005.10,Mutation NB - Paternal Origin,Transition - Pyrimidine/Pyrimidine,T>C
132279288,rs7737937,GG,GG,GA,76,100,97,NC_000005.10,Mutation NB - Paternal Origin,Transition - Purine/Purine,Unsolved
134569848,.,GG,GG,GA,73,76,56,NC_000005.10,Mutation NB - Paternal Origin,Transition - Purine/Purine,Unsolved
135212036,rs10070478,CC,CC,CT,70,88,53,NC_000005.10,Mutation NB - Paternal Origin,Transition - Pyrimidine/Pyrimidine,Unsolved
138637110,rs34722116,GA,GG,AA,29,100,18,NC_000005.10,Mutation NB - Maternal Origin,Transition - Purine/Purine,G>A
138637275,rs35923521,GA,GG,AA,60,91,18,NC_000005.10,Mutation NB - Maternal Origin,Transition - Purine/Purine,G>A
141377595,rs115281328,CC,CC,CT,79,100,59,NC_000005.10,Mutation NB - Paternal Origin,Transition - Pyrimidine/Pyrimidine,Unsolved
141441762,rs3805697,CC,CC,CT,100,88,72,NC_000005.10,Mutation NB - Maternal Origin,Transition - Pyrimidine/Pyrimidine,Unsolved
142253948,rs12516756,CC,GG,GG,88,88,21,NC_000005.10,Mutation NB - Paternal Origin,Transversion - Purine/Pyrimidine,C>G
142441445,rs6873267,TT,CC,TT,82,88,21,NC_000005.10,Mutation NB - Maternal Origin,Transition - Pyrimidine/Pyrimidine,C>T
146398286,rs34966535,TT,TC,CC,70,41,9,NC_000005.10,Mutation NB - Paternal Origin,Transition - Pyrimidine/Pyrimidine,T>C
150064653,.,TT,TT,TC,82,91,54,NC_000005.10,Mutation NB - Paternal Origin,Transition - Pyrimidine/Pyrimidine,Unsolved
150490163,.,TT,TT,TC,82,88,56,NC_000005.10,Mutation NB - Paternal Origin,Transition - Pyrimidine/Pyrimidine,Unsolved
151151113,rs10077099,TT,CC,TT,76,82,18,NC_000005.10,Mutation NB - Maternal Origin,Transition - Pyrimidine/Pyrimidine,C>T
151151118,rs1862362,AA,AA,AG,76,100,99,NC_000005.10,Mutation NB - Paternal Origin,Transition - Purine/Purine,Unsolved
152739028,rs58761340,GG,GG,GA,85,100,99,NC_000005.10,Mutation NB - Paternal Origin,Transition - Purine/Purine,Unsolved
157239689,rs4704741,GG,AA,GG,73,88,21,NC_000005.10,Mutation NB - Maternal Origin,Transition - Purine/Purine,A>G
157381516,rs7707655,GA,GG,AA,1,100,9,NC_000005.10,Mutation NB - Maternal Origin,Transition - Purine/Purine,G>A
157381548,rs55738502,GG,GG,AA,95,100,12,NC_000005.10,Mutation NB - Paternal Origin,Transition - Purine/Purine,Unsolved
158290486,.,GG,GG,GA,67,70,44,NC_000005.10,Mutation NB - Paternal Origin,Transition - Purine/Purine,Unsolved
159924755,.,TT,TT,TC,34,67,43,NC_000005.10,Mutation NB - Paternal Origin,Transition - Pyrimidine/Pyrimidine,Unsolved
160160225,rs2546985,GG,AA,GG,79,100,9,NC_000005.10,Mutation NB - Maternal Origin,Transition - Purine/Purine,A>G
162239038,.,AA,AA,AG,82,52,62,NC_000005.10,Mutation NB - Maternal Origin,Transition - Purine/Purine,Unsolved
166688172,rs9284972,CC,TT,CC,73,100,39,NC_000005.10,Mutation NB - Maternal Origin,Transition - Pyrimidine/Pyrimidine,T>C
168361080,rs6893982,GG,GG,GC,79,88,53,NC_000005.10,Mutation NB - Paternal Origin,Transition - Purine/Purine,Transversion - Purine/Pyrimidine,Unsolved
170104582,rs13182345,GG,CG,CC,88,76,27,NC_000005.10,Mutation NB - Paternal Origin,Transversion - Purine/Pyrimidine,G>C
171520995,rs188009752,TT,TT,TC,85,100,33,NC_000005.10,Mutation NB - Paternal Origin,Transition - Pyrimidine/Pyrimidine,Unsolved
172280491,rs34489474,CC,CC,GG,100,100,9,NC_000005.10,Mutation NB - Paternal or Maternal,Transversion - Purine/Pyrimidine,Unsolved
175155855,rs4868483,GG,TT,TT,79,79,27,NC_000005.10,Mutation NB - Paternal Origin,Transversion - Purine/Pyrimidine,G>T
176664769,rs58628020,GA,GG,AA,12,100,15,NC_000005.10,Mutation NB - Maternal Origin,Transition - Purine/Purine,G>A
176664791,rs59133063,CT,CC,TT,2,100,15,NC_000005.10,Mutation NB - Maternal Origin,Transversion - Purine/Pyrimidine,C>T
176697473,.,AA,AA,AG,82,82,62,NC_000005.10,Mutation NB - Paternal or Maternal,Transition - Purine/Purine,Unsolved
178086214,rs5023958,GG,AA,GG,79,91,0,NC_000005.10,Mutation NB - Maternal Origin,Transition - Purine/Purine,A>G
178468550,rs62389447,CC,CC,CT,85,82,99,NC_000005.10,Mutation NB - Maternal Origin,Transition - Pyrimidine/Pyrimidine,Unsolved
178698845,rs12518753,CC,CC,CG,100,100,9,NC_000005.10,Mutation NB - Paternal or Maternal,Transversion - Purine/Pyrimidine,Unsolved
178830803,rs35070400,GG,AA,GG,91,91,12,NC_000005.10,Mutation NB - Maternal Origin,Transition - Purine/Purine,A>G
181100309,rs6601174,AA,CC,AG,85,100,44,NC_000005.10,Mutation NB - Maternal Origin,Transversion - Purine/Pyrimidine,C>G
181100344,rs7379462,GG,GG,GA,85,91,30,NC_000005.10,Mutation NB - Paternal Origin,Transition - Purine/Purine,Unsolved
181122211,rs2052499,AA,AA,AG,100,79,99,NC_000005.10,Mutation NB - Maternal Origin,Transition - Purine/Purine,Unsolved
181159879,rs2546421,GG,AA,AA,73,91,0,NC_000005.10,Mutation NB - Paternal Origin,Transition - Purine/Purine,G>A
181159883,rs2770969,TT,CC,CC,73,91,2,NC_000005.10,Mutation NB - Paternal Origin,Transition - Pyrimidine/Pyrimidine,T>C
181237105,rs2770995,CG,GG,CC,67,91,0,NC_000005.10,Mutation NB - Maternal Origin,Transversion - Purine/Pyrimidine,G>C
1661728,rs2814808,GG,CC,CC,100,73,27,NC_000006.12,Mutation NB - Paternal Origin,Transversion - Purine/Pyrimidine,G>C
2800764,rs9391967,CC,CA,AA,73,1,12,NC_000006.12,Mutation NB - Paternal Origin,Transversion - Purine/Pyrimidine,C>A
5849550,rs73366175,GG,GG,GA,67,100,99,NC_000006.12,Mutation NB - Paternal Origin,Transition - Purine/Purine,Unsolved
5969172,.,TT,TT,TC,76,82,44,NC_000006.12,Mutation NB - Paternal Origin,Transition - Pyrimidine/Pyrimidine,Unsolved
7229386,rs12192672,GG,GG,GA,100,91,99,NC_000006.12,Mutation NB - Maternal Origin,Transition - Purine/Purine,Unsolved
7899795,rs1225954,TT,CC,TT,70,70,0,NC_000006.12,Mutation NB - Maternal Origin,Transition - Pyrimidine/Pyrimidine,C>T
8211187,rs676093,CC,TT,CC,85,91,12,NC_000006.12,Mutation NB - Maternal Origin,Transition - Pyrimidine/Pyrimidine,T>C
9087796,.,CC,CC,CT,85,73,44,NC_000006.12,Mutation NB - Maternal Origin,Transition - Pyrimidine/Pyrimidine,Unsolved
9398167,.,TT,TT,TC,73,79,55,NC_000006.12,Mutation NB - Paternal Origin,Transition - Pyrimidine/Pyrimidine,Unsolved
11263352,rs1760147508,TT,TT,TC,64,67,69,NC_000006.12,Mutation NB - Paternal Origin,Transition - Pyrimidine/Pyrimidine,Unsolved
13191958,rs9357634,CC,TT,TT,76,85,0,NC_000006.12,Mutation NB - Paternal Origin,Transition - Pyrimidine/Pyrimidine,C>T
13300136,rs641293,AA,CC,AA,85,91,0,NC_000006.12,Mutation NB - Maternal Origin,Transversion - Purine/Pyrimidine,C>A
13300264,rs488297,CC,CC,CT,100,91,99,NC_000006.12,Mutation NB - Maternal Origin,Transition - Pyrimidine/Pyrimidine,Unsolved
13300270,rs641758,AA,AA,AG,70,91,99,NC_000006.12,Mutation NB - Paternal Origin,Transition - Purine/Purine,Unsolved
16197118,rs2142671,AG,GG,AA,70,88,15,NC_000006.12,Mutation NB - Maternal Origin,Transition - Purine/Purine,G>A
18020361,rs56184116,GG,GG,GA,64,100,99,NC_000006.12,Mutation NB - Paternal Origin,Transition - Purine/Purine,Unsolved
21552345,rs7383121,GG,GG,GC,82,88,65,NC_000006.12,Mutation NB - Paternal Origin,Transition - Purine/Purine,Transversion - Purine/Pyrimidine,Unsolved
25787589,rs2096386,GG,AA,AA,82,85,12,NC_000006.12,Mutation NB - Paternal Origin,Transition - Purine/Purine,G>A
26455277,rs6456723,GG,GG,GC,100,100,64,NC_000006.12,Mutation NB - Paternal or Maternal,Transition - Purine/Purine,Transversion - Purine/Pyrimidine,Unsolved
33830923,rs150775963,CC,AA,CC,91,91,12,NC_000006.12,Mutation NB - Maternal Origin,Transversion - Purine/Pyrimidine,A>C
33875100,rs12211048,AG,GG,AA,1,73,0,NC_000006.12,Mutation NB - Maternal Origin,Transition - Purine/Purine,G>A
34519710,.,AA,AA,AG,82,82,48,NC_000006.12,Mutation NB - Paternal or Maternal,Transition - Purine/Purine,Unsolved
36715997,rs236491,AA,TT,AA,70,85,48,NC_000006.12,Mutation NB - Maternal Origin,Transversion - Purine/Pyrimidine,T>A
38176542,rs11754110,CT,TT,CC,1,88,33,NC_000006.12,Mutation NB - Maternal Origin,Transition - Pyrimidine/Pyrimidine,T>C
40699237,.,TT,TT,CC,79,91,15,NC_000006.12,Mutation NB - Paternal Origin,Transition - Pyrimidine/Pyrimidine,Unsolved
40743887,rs7742181,TT,TT,TC,100,91,98,NC_000006.12,Mutation NB - Maternal Origin,Transition - Pyrimidine/Pyrimidine,Unsolved
41011030,.,GG,GG,GA,91,76,59,NC_000006.12,Mutation NB - Maternal Origin,Transition - Purine/Purine,Unsolved
41209514,rs2894432,CC,CC,GC,76,85,98,NC_000006.12,Mutation NB - Paternal Origin,Transversion - Purine/Pyrimidine,Unsolved
42270195,rs7752373,GG,CG,CC,88,12,0,NC_000006.12,Mutation NB - Paternal Origin,Transversion - Purine/Pyrimidine,G>C
42270197,rs1474866,GG,GC,CC,100,35,9,NC_000006.12,Mutation NB - Paternal Origin,Transversion - Purine/Pyrimidine,G>C
42272366,.,AA,AA,AG,85,88,47,NC_000006.12,Mutation NB - Paternal Origin,Transition - Purine/Purine,Unsolved
47135176,rs1622293,CC,AC,AA,88,1,30,NC_000006.12,Mutation NB - Paternal Origin,Transversion - Purine/Pyrimidine,C>A
47135192,rs28595763,GG,GG,GA,100,79,54,NC_000006.12,Mutation NB - Maternal Origin,Transition - Purine/Purine,Unsolved
51037081,rs182244,AA,CC,CC,85,88,9,NC_000006.12,Mutation NB - Paternal Origin,Transversion - Purine/Pyrimidine,A>C
51599119,rs2149577,TT,TC,CC,73,42,21,NC_000006.12,Mutation NB - Paternal Origin,Transition - Pyrimidine/Pyrimidine,T>C
61869620,rs508545,TC,CC,TT,32,91,21,NC_000006.12,Mutation NB - Maternal Origin,Transversion - Purine/Pyrimidine,C>T
62431426,rs2814689,AA,GG,AA,79,76,12,NC_000006.12,Mutation NB - Maternal Origin,Transition - Purine/Purine,G>A
62917488,rs1764118886,AA,AA,AG,73,73,44,NC_000006.12,Mutation NB - Paternal or Maternal,Transition - Purine/Purine,Unsolved
62917500,rs541809446,CC,CC,CT,73,73,44,NC_000006.12,Mutation NB - Paternal or Maternal,Transition - Pyrimidine/Pyrimidine,Unsolved
65558536,rs1411853,GA,GG,AA,1,88,21,NC_000006.12,Mutation NB - Maternal Origin,Transition - Purine/Purine,G>A
66646715,.,AA,AA,AG,76,91,62,NC_000006.12,Mutation NB - Paternal Origin,Transition - Purine/Purine,Unsolved
67031936,rs75559219,CC,TT,CC,61,100,18,NC_000006.12,Mutation NB - Maternal Origin,Transition - Pyrimidine/Pyrimidine,T>C
69585315,rs310269,CC,CC,CA,79,88,99,NC_000006.12,Mutation NB - Paternal Origin,Transversion - Purine/Pyrimidine,Unsolved
77293518,rs1418584,AA,AA,AG,82,100,48,NC_000006.12,Mutation NB - Paternal Origin,Transition - Purine/Purine,Unsolved
79840193,rs10455366,CC,TT,TT,82,85,9,NC_000006.12,Mutation NB - Paternal Origin,Transition - Pyrimidine/Pyrimidine,C>T
80021249,rs239576,AA,GG,GG,82,100,0,NC_000006.12,Mutation NB - Paternal Origin,Transition - Purine/Purine,A>G
84588512,rs4292499,GG,AA,AA,79,79,0,NC_000006.12,Mutation NB - Paternal Origin,Transition - Purine/Purine,G>A
86234568,rs6909019,CC,TT,TT,79,88,0,NC_000006.12,Mutation NB - Paternal Origin,Transition - Pyrimidine/Pyrimidine,C>T
93025316,rs1590391,TT,TT,TC,85,100,64,NC_000006.12,Mutation NB - Paternal Origin,Transition - Pyrimidine/Pyrimidine,Unsolved
93025356,rs1590392,TT,TT,TG,88,100,69,NC_000006.12,Mutation NB - Paternal Origin,Transition - Pyrimidine/Pyrimidine,Transversion - Purine/Pyrimidine,Unsolved
96139569,rs13212152,CC,TT,CC,70,88,30,NC_000006.12,Mutation NB - Maternal Origin,Transition - Pyrimidine/Pyrimidine,T>C
99338550,rs7741230,AA,GG,GG,100,91,15,NC_000006.12,Mutation NB - Paternal Origin,Transition - Purine/Purine,A>G
103294499,rs12197295,TG,GG,TT,79,88,15,NC_000006.12,Mutation NB - Maternal Origin,Transversion - Purine/Pyrimidine,G>T
108513792,rs149477237,TA,TT,AA,8,100,21,NC_000006.12,Mutation NB - Maternal Origin,Transversion - Purine/Pyrimidine,T>A
108759204,rs575210,GA,GG,AA,8,100,33,NC_000006.12,Mutation NB - Maternal Origin,Transition - Purine/Purine,G>A
109300291,rs6927569,TT,CC,CC,100,88,21,NC_000006.12,Mutation NB - Paternal Origin,Transition - Pyrimidine/Pyrimidine,T>C
110035005,rs1280749899,TT,TT,TC,76,79,53,NC_000006.12,Mutation NB - Paternal Origin,Transition - Pyrimidine/Pyrimidine,Unsolved
111921282,.,CC,CC,CG,49,64,40,NC_000006.12,Mutation NB - Paternal Origin,Transversion - Purine/Pyrimidine,Unsolved
115308798,rs62415564,GG,GG,GA,100,91,68,NC_000006.12,Mutation NB - Maternal Origin,Transition - Purine/Purine,Unsolved
125192414,rs3806999,AC,CC,AA,1,88,15,NC_000006.12,Mutation NB - Maternal Origin,Transversion - Purine/Pyrimidine,C>A
125536642,rs71563671,GG,GG,GA,73,100,99,NC_000006.12,Mutation NB - Paternal Origin,Transition - Purine/Purine,Unsolved
127489790,rs4336461,TC,TT,CC,73,91,24,NC_000006.12,Mutation NB - Maternal Origin,Transition - Pyrimidine/Pyrimidine,T>C
132116910,rs1569450,TT,CC,TT,79,100,24,NC_000006.12,Mutation NB - Maternal Origin,Transition - Pyrimidine/Pyrimidine,C>T
132180744,rs80218643,CC,CC,CA,70,100,56,NC_000006.12,Mutation NB - Paternal Origin,Transversion - Purine/Pyrimidine,Unsolved
133420965,.,TT,TT,TC,70,67,44,NC_000006.12,Mutation NB - Maternal Origin,Transition - Pyrimidine/Pyrimidine,Unsolved
134700991,rs35955458,GG,AA,GG,64,91,15,NC_000006.12,Mutation NB - Maternal Origin,Transition - Purine/Purine,A>G
137350992,rs9373184,CT,TT,CC,28,91,0,NC_000006.12,Mutation NB - Maternal Origin,Transition - Pyrimidine/Pyrimidine,T>C
139697987,rs9403108,GG,CC,GG,82,100,24,NC_000006.12,Mutation NB - Maternal Origin,Transversion - Purine/Pyrimidine,C>G
141939961,rs6570483,TG,GG,TT,1,95,21,NC_000006.12,Mutation NB - Maternal Origin,Transversion - Purine/Pyrimidine,G>T
144675328,rs1432428217,AA,AA,AG,73,73,62,NC_000006.12,Mutation NB - Paternal or Maternal,Transition - Purine/Purine,Unsolved
145673722,rs80133860,GG,TT,GG,91,91,21,NC_000006.12,Mutation NB - Maternal Origin,Transition - Purine/Purine,Transversion - Purine/Pyrimidine,T>G
145791212,rs6931553,TC,CC,TT,1,73,0,NC_000006.12,Mutation NB - Maternal Origin,Transversion - Purine/Pyrimidine,C>T
151000729,rs9478903,GG,TT,GG,73,91,0,NC_000006.12,Mutation NB - Maternal Origin,Transition - Purine/Purine,Transversion - Purine/Pyrimidine,T>G
151562776,rs2046212,TT,TT,CC,100,100,9,NC_000006.12,Mutation NB - Paternal or Maternal,Transition - Pyrimidine/Pyrimidine,Unsolved
151565045,rs4610577,GG,GA,AA,100,1,27,NC_000006.12,Mutation NB - Paternal Origin,Transition - Purine/Purine,G>A
153145824,rs652378,TC,TT,CC,1,100,27,NC_000006.12,Mutation NB - Maternal Origin,Transition - Pyrimidine/Pyrimidine,T>C
155744795,.,AA,AA,AG,82,100,52,NC_000006.12,Mutation NB - Paternal Origin,Transition - Purine/Purine,Unsolved
157709137,rs2364960,TT,CC,TT,73,100,12,NC_000006.12,Mutation NB - Maternal Origin,Transition - Pyrimidine/Pyrimidine,C>T
158525367,rs9457392,TT,CC,TT,91,88,0,NC_000006.12,Mutation NB - Maternal Origin,Transition - Pyrimidine/Pyrimidine,C>T
160069063,rs3777409,GG,GG,GA,91,88,95,NC_000006.12,Mutation NB - Maternal Origin,Transition - Purine/Purine,Unsolved
161128341,rs1778817530,CC,CC,CT,82,82,59,NC_000006.12,Mutation NB - Paternal or Maternal,Transition - Pyrimidine/Pyrimidine,Unsolved
161766880,rs9365324,GG,TT,GG,91,91,0,NC_000006.12,Mutation NB - Maternal Origin,Transition - Purine/Purine,Transversion - Purine/Pyrimidine,T>G
165607382,rs11962604,AA,GG,AA,88,88,0,NC_000006.12,Mutation NB - Maternal Origin,Transition - Purine/Purine,G>A
165907667,rs2500480,AT,AA,TT,35,82,30,NC_000006.12,Mutation NB - Maternal Origin,Transversion - Purine/Pyrimidine,A>T
166470723,rs6926393,GG,AA,GG,88,91,9,NC_000006.12,Mutation NB - Maternal Origin,Transition - Purine/Purine,A>G
166759817,rs567218,TT,GG,TT,76,100,24,NC_000006.12,Mutation NB - Maternal Origin,Transversion - Purine/Pyrimidine,G>T
166759820,rs62438717,CC,GG,CC,76,100,24,NC_000006.12,Mutation NB - Maternal Origin,Transversion - Purine/Pyrimidine,G>C
166759824,rs76794049,TT,CC,TT,76,100,24,NC_000006.12,Mutation NB - Maternal Origin,Transition - Pyrimidine/Pyrimidine,C>T
166759825,rs75689438,TT,CC,TT,76,100,24,NC_000006.12,Mutation NB - Maternal Origin,Transition - Pyrimidine/Pyrimidine,C>T
166765302,rs365697,CC,TC,TT,88,35,27,NC_000006.12,Mutation NB - Paternal Origin,Transition - Pyrimidine/Pyrimidine,C>T
168013740,rs55996044,CC,CC,AA,100,100,24,NC_000006.12,Mutation NB - Paternal or Maternal,Transversion - Purine/Pyrimidine,Unsolved
168013743,rs56049828,GG,GG,AA,100,100,24,NC_000006.12,Mutation NB - Paternal or Maternal,Transition - Purine/Purine,Unsolved
169213413,rs9689009,AA,GG,GG,79,91,0,NC_000006.12,Mutation NB - Paternal Origin,Transition - Purine/Purine,A>G
169574681,rs2867148,GA,AA,GG,1,91,0,NC_000006.12,Mutation NB - Maternal Origin,Transition - Purine/Purine,A>G
169574755,rs2050060,GG,GG,GA,100,100,65,NC_000006.12,Mutation NB - Paternal or Maternal,Transition - Purine/Purine,Unsolved
340241,rs145673140,GG,GG,GA,88,100,99,NC_000007.14,Mutation NB - Paternal Origin,Transition - Purine/Purine,Unsolved
485592,rs112956184,TT,TT,TC,100,82,67,NC_000007.14,Mutation NB - Maternal Origin,Transition - Pyrimidine/Pyrimidine,Unsolved
532140,rs13247520,TT,CC,TT,82,88,30,NC_000007.14,Mutation NB - Maternal Origin,Transition - Pyrimidine/Pyrimidine,C>T
699883,rs73047931,TT,TT,TC,70,100,24,NC_000007.14,Mutation NB - Paternal Origin,Transition - Pyrimidine/Pyrimidine,Unsolved
791668,rs79603951,CC,CC,CA,73,100,65,NC_000007.14,Mutation NB - Paternal Origin,Transversion - Purine/Pyrimidine,Unsolved
854000,rs4416731,GG,GG,AA,100,100,12,NC_000007.14,Mutation NB - Paternal or Maternal,Transition - Purine/Purine,Unsolved
1092517,rs3808352,GG,GG,GA,100,85,99,NC_000007.14,Mutation NB - Maternal Origin,Transition - Purine/Purine,Unsolved
1149297,rs77985829,GG,GG,GA,100,79,56,NC_000007.14,Mutation NB - Maternal Origin,Transition - Purine/Purine,Unsolved
1847089,rs6977733,TT,TT,TA,100,88,71,NC_000007.14,Mutation NB - Maternal Origin,Transition - Pyrimidine/Pyrimidine,Transversion - Purine/Pyrimidine,Unsolved
1874977,rs4719330,GG,AG,AA,67,1,0,NC_000007.14,Mutation NB - Paternal Origin,Transition - Purine/Purine,G>A
2584794,rs2917735,CC,CC,CT,91,100,65,NC_000007.14,Mutation NB - Paternal Origin,Transition - Pyrimidine/Pyrimidine,Unsolved
2706444,rs10950836,AG,GG,AA,35,88,0,NC_000007.14,Mutation NB - Maternal Origin,Transition - Purine/Purine,G>A
3355785,rs57952815,TT,TA,AA,70,1,12,NC_000007.14,Mutation NB - Paternal Origin,Transversion - Purine/Pyrimidine,T>A
4185060,rs141922665,CC,CC,CG,79,100,99,NC_000007.14,Mutation NB - Paternal Origin,Transversion - Purine/Pyrimidine,Unsolved
4185061,rs117906525,CC,CC,CT,79,100,99,NC_000007.14,Mutation NB - Paternal Origin,Transition - Pyrimidine/Pyrimidine,Unsolved
4185082,rs73674221,CC,CC,CG,79,100,66,NC_000007.14,Mutation NB - Paternal Origin,Transversion - Purine/Pyrimidine,Unsolved
6231370,rs561391884,GG,GG,GA,70,100,65,NC_000007.14,Mutation NB - Paternal Origin,Transition - Purine/Purine,Unsolved
6724569,.,TT,TT,TC,67,85,56,NC_000007.14,Mutation NB - Paternal Origin,Transition - Pyrimidine/Pyrimidine,Unsolved
7384957,rs1296104,AA,CC,AA,85,100,21,NC_000007.14,Mutation NB - Maternal Origin,Transversion - Purine/Pyrimidine,C>A
7384968,rs1294632,CC,TT,CC,85,100,21,NC_000007.14,Mutation NB - Maternal Origin,Transition - Pyrimidine/Pyrimidine,T>C
8317179,rs6968572,AA,AC,CC,82,35,15,NC_000007.14,Mutation NB - Paternal Origin,Transversion - Purine/Pyrimidine,A>C
8822302,.,TT,TT,TC,73,88,62,NC_000007.14,Mutation NB - Paternal Origin,Transition - Pyrimidine/Pyrimidine,Unsolved
10373278,rs6954261,TT,GG,TT,85,82,0,NC_000007.14,Mutation NB - Maternal Origin,Transversion - Purine/Pyrimidine,G>T
10373329,rs6967380,GG,AA,GG,85,82,0,NC_000007.14,Mutation NB - Maternal Origin,Transition - Purine/Purine,A>G
10528064,rs1859607,GG,TT,TT,100,88,15,NC_000007.14,Mutation NB - Paternal Origin,Transversion - Purine/Pyrimidine,G>T
10528079,rs1859606,AA,GG,GG,100,88,15,NC_000007.14,Mutation NB - Paternal Origin,Transition - Purine/Purine,A>G
12887752,rs12532172,CC,CT,TT,88,67,12,NC_000007.14,Mutation NB - Paternal Origin,Transition - Pyrimidine/Pyrimidine,C>T
14309501,rs4141258,AA,GG,AA,67,91,15,NC_000007.14,Mutation NB - Maternal Origin,Transition - Purine/Purine,G>A
24422701,rs1858957,GG,GG,GA,79,100,68,NC_000007.14,Mutation NB - Paternal Origin,Transition - Purine/Purine,Unsolved
24733067,rs2521766,TT,GG,TT,76,91,30,NC_000007.14,Mutation NB - Maternal Origin,Transversion - Purine/Pyrimidine,G>T
26612958,.,AA,AA,AG,61,64,44,NC_000007.14,Mutation NB - Paternal Origin,Transition - Purine/Purine,Unsolved
28103871,rs2158623,TT,GT,GG,82,35,0,NC_000007.14,Mutation NB - Paternal Origin,Transversion - Purine/Pyrimidine,T>G
31529933,rs12701110,GG,AA,GG,85,85,0,NC_000007.14,Mutation NB - Maternal Origin,Transition - Purine/Purine,A>G
31642151,rs10239388,TT,CC,TT,91,100,27,NC_000007.14,Mutation NB - Maternal Origin,Transition - Pyrimidine/Pyrimidine,C>T
34879506,rs66617191,CC,CC,CT,82,100,56,NC_000007.14,Mutation NB - Paternal Origin,Transition - Pyrimidine/Pyrimidine,Unsolved
34886049,rs10215263,AA,AA,AG,82,100,99,NC_000007.14,Mutation NB - Paternal Origin,Transition - Purine/Purine,Unsolved
37406066,rs1425125,CC,CC,CT,76,100,99,NC_000007.14,Mutation NB - Paternal Origin,Transition - Pyrimidine/Pyrimidine,Unsolved
37839473,rs2722268,GG,GG,GA,100,91,94,NC_000007.14,Mutation NB - Maternal Origin,Transition - Purine/Purine,Unsolved
42264528,rs6951772,TT,AA,AA,85,100,0,NC_000007.14,Mutation NB - Paternal Origin,Transversion - Purine/Pyrimidine,T>A
42644949,rs2656505,TT,CC,TT,91,88,12,NC_000007.14,Mutation NB - Maternal Origin,Transition - Pyrimidine/Pyrimidine,C>T
43563106,.,TT,TT,TC,64,88,46,NC_000007.14,Mutation NB - Paternal Origin,Transition - Pyrimidine/Pyrimidine,Unsolved
45526212,rs1525655,CC,TT,CC,67,85,51,NC_000007.14,Mutation NB - Maternal Origin,Transition - Pyrimidine/Pyrimidine,T>C
47481881,rs76364493,CC,CC,CT,85,100,33,NC_000007.14,Mutation NB - Paternal Origin,Transition - Pyrimidine/Pyrimidine,Unsolved
47531772,rs7786087,AA,AA,GG,85,88,9,NC_000007.14,Mutation NB - Paternal Origin,Transition - Purine/Purine,Unsolved
47721015,rs7808100,TT,TT,TA,64,100,97,NC_000007.14,Mutation NB - Paternal Origin,Transition - Pyrimidine/Pyrimidine,Transversion - Purine/Pyrimidine,Unsolved
48091686,rs57314455,TT,TC,CC,79,1,18,NC_000007.14,Mutation NB - Paternal Origin,Transition - Pyrimidine/Pyrimidine,T>C
51122458,rs11768473,GG,GG,GA,64,100,92,NC_000007.14,Mutation NB - Paternal Origin,Transition - Purine/Purine,Unsolved
51806621,rs10280380,CG,GG,CC,70,82,0,NC_000007.14,Mutation NB - Maternal Origin,Transversion - Purine/Pyrimidine,G>C
54864115,rs113905967,AA,TT,AA,73,91,30,NC_000007.14,Mutation NB - Maternal Origin,Transversion - Purine/Pyrimidine,T>A
55343006,rs2140915,CC,CC,GC,52,67,0,NC_000007.14,Mutation NB - Paternal Origin,Transversion - Purine/Pyrimidine,Unsolved
57329004,rs73699759,CT,CC,TT,33,88,18,NC_000007.14,Mutation NB - Maternal Origin,Transversion - Purine/Pyrimidine,C>T
63765697,rs141336453,TT,GG,GG,79,73,18,NC_000007.14,Mutation NB - Paternal Origin,Transversion - Purine/Pyrimidine,T>G
64313865,rs6967322,CC,TT,CC,73,100,12,NC_000007.14,Mutation NB - Maternal Origin,Transition - Pyrimidine/Pyrimidine,T>C
71316021,rs1791491994,AA,AA,AG,85,76,44,NC_000007.14,Mutation NB - Maternal Origin,Transition - Purine/Purine,Unsolved
71738179,rs147922614,GG,AA,GG,76,88,0,NC_000007.14,Mutation NB - Maternal Origin,Transition - Purine/Purine,A>G
81232482,rs62465489,GG,GG,GA,85,79,99,NC_000007.14,Mutation NB - Maternal Origin,Transition - Purine/Purine,Unsolved
87968434,rs1177803033,AA,AA,AG,91,91,62,NC_000007.14,Mutation NB - Paternal or Maternal,Transition - Purine/Purine,Unsolved
89927944,rs17701780,GG,GA,AA,100,79,18,NC_000007.14,Mutation NB - Paternal Origin,Transition - Purine/Purine,G>A
93039490,rs2374596,CC,TT,CC,79,85,21,NC_000007.14,Mutation NB - Maternal Origin,Transition - Pyrimidine/Pyrimidine,T>C
95132928,.,AA,AA,AG,70,91,59,NC_000007.14,Mutation NB - Paternal Origin,Transition - Purine/Purine,Unsolved
97316971,rs7796251,AA,GA,GG,65,70,15,NC_000007.14,Mutation NB - Paternal Origin,Transition - Purine/Purine,A>G
97317100,rs7796040,GG,AG,AA,85,35,0,NC_000007.14,Mutation NB - Paternal Origin,Transition - Purine/Purine,G>A
97521831,rs2106743,GG,AA,GG,88,85,0,NC_000007.14,Mutation NB - Maternal Origin,Transition - Purine/Purine,A>G
99911096,rs73156671,CC,CC,CT,100,76,99,NC_000007.14,Mutation NB - Maternal Origin,Transition - Pyrimidine/Pyrimidine,Unsolved
100711827,rs1806601611,GG,GG,GA,70,82,64,NC_000007.14,Mutation NB - Paternal Origin,Transition - Purine/Purine,Unsolved
100859734,rs314376,GG,GG,AG,91,82,33,NC_000007.14,Mutation NB - Maternal Origin,Transition - Purine/Purine,Unsolved
101308638,rs35994757,CC,GG,GG,88,88,15,NC_000007.14,Mutation NB - Paternal Origin,Transversion - Purine/Pyrimidine,C>G
101386268,rs55638697,TT,TT,TG,100,100,56,NC_000007.14,Mutation NB - Paternal or Maternal,Transition - Pyrimidine/Pyrimidine,Transversion - Purine/Pyrimidine,Unsolved
101615601,rs740199,CC,GG,GG,100,70,21,NC_000007.14,Mutation NB - Paternal Origin,Transversion - Purine/Pyrimidine,C>G
101707381,rs573326088,GG,GG,GT,100,91,62,NC_000007.14,Mutation NB - Maternal Origin,Transversion - Purine/Pyrimidine,Unsolved
103890171,rs6947643,GG,GG,GA,85,91,99,NC_000007.14,Mutation NB - Paternal Origin,Transition - Purine/Purine,Unsolved
107736964,rs10251802,CC,CC,TC,73,98,21,NC_000007.14,Mutation NB - Paternal Origin,Transition - Pyrimidine/Pyrimidine,Unsolved
108690426,rs77055306,TT,TA,AA,79,42,12,NC_000007.14,Mutation NB - Paternal Origin,Transversion - Purine/Pyrimidine,T>A
110253960,rs115485165,GG,GG,GC,85,91,62,NC_000007.14,Mutation NB - Paternal Origin,Transition - Purine/Purine,Transversion - Purine/Pyrimidine,Unsolved
110253986,rs10953654,TT,AA,TT,85,91,21,NC_000007.14,Mutation NB - Maternal Origin,Transversion - Purine/Pyrimidine,A>T
110519949,rs12705702,GG,AA,AA,79,64,0,NC_000007.14,Mutation NB - Paternal Origin,Transition - Purine/Purine,G>A
111633916,rs142128496,GG,GT,TT,79,71,9,NC_000007.14,Mutation NB - Paternal Origin,Transversion - Purine/Pyrimidine,G>T
112282664,rs28490504,CC,CC,CT,46,100,99,NC_000007.14,Mutation NB - Paternal Origin,Transition - Pyrimidine/Pyrimidine,Unsolved
116451264,rs73454998,TT,TT,TG,82,100,99,NC_000007.14,Mutation NB - Paternal Origin,Transition - Pyrimidine/Pyrimidine,Transversion - Purine/Pyrimidine,Unsolved
117597224,rs76258137,CC,CC,CT,46,100,99,NC_000007.14,Mutation NB - Paternal Origin,Transition - Pyrimidine/Pyrimidine,Unsolved
117597274,rs2078753,CC,CC,CT,49,100,99,NC_000007.14,Mutation NB - Paternal Origin,Transition - Pyrimidine/Pyrimidine,Unsolved
117597378,rs1792147982,TT,TT,TC,70,73,41,NC_000007.14,Mutation NB - Paternal Origin,Transition - Pyrimidine/Pyrimidine,Unsolved
118130625,rs2058415,TT,TT,TA,85,91,71,NC_000007.14,Mutation NB - Paternal Origin,Transition - Pyrimidine/Pyrimidine,Transversion - Purine/Pyrimidine,Unsolved
123068451,rs73229955,GG,AA,GG,88,91,15,NC_000007.14,Mutation NB - Maternal Origin,Transition - Purine/Purine,A>G
128842752,rs111958241,GG,GG,GT,100,67,68,NC_000007.14,Mutation NB - Maternal Origin,Transversion - Purine/Pyrimidine,Unsolved
129436529,rs139892386,CC,CC,CG,82,85,99,NC_000007.14,Mutation NB - Paternal Origin,Transversion - Purine/Pyrimidine,Unsolved
130142537,rs4731662,CC,CC,CT,100,79,57,NC_000007.14,Mutation NB - Maternal Origin,Transition - Pyrimidine/Pyrimidine,Unsolved
131056725,rs11487143,AG,AA,GG,35,88,9,NC_000007.14,Mutation NB - Maternal Origin,Transition - Purine/Purine,A>G
133933923,.,AA,AA,AG,85,85,59,NC_000007.14,Mutation NB - Paternal or Maternal,Transition - Purine/Purine,Unsolved
134566253,.,CC,CC,CT,55,85,41,NC_000007.14,Mutation NB - Paternal Origin,Transition - Pyrimidine/Pyrimidine,Unsolved
134566307,rs116384773,AA,AA,AG,55,100,99,NC_000007.14,Mutation NB - Paternal Origin,Transition - Purine/Purine,Unsolved
135207607,.,CC,CC,CA,91,91,64,NC_000007.14,Mutation NB - Paternal or Maternal,Transversion - Purine/Pyrimidine,Unsolved
135269385,rs1046460078,GG,GG,GA,100,85,54,NC_000007.14,Mutation NB - Maternal Origin,Transition - Purine/Purine,Unsolved
135277291,rs10239950,GG,CC,CC,76,70,0,NC_000007.14,Mutation NB - Paternal Origin,Transversion - Purine/Pyrimidine,G>C
136229833,.,AA,AA,AG,67,79,47,NC_000007.14,Mutation NB - Paternal Origin,Transition - Purine/Purine,Unsolved
138863195,rs73168935,GG,GC,CC,85,73,9,NC_000007.14,Mutation NB - Paternal Origin,Transversion - Purine/Pyrimidine,G>C
139494025,rs2530732,TT,AA,TT,76,100,18,NC_000007.14,Mutation NB - Maternal Origin,Transversion - Purine/Pyrimidine,A>T
149547236,.,AA,AA,AG,61,70,59,NC_000007.14,Mutation NB - Paternal Origin,Transition - Purine/Purine,Unsolved
149790231,rs2579591,CC,GG,GG,55,85,18,NC_000007.14,Mutation NB - Paternal Origin,Transversion - Purine/Pyrimidine,C>G
150901352,rs740956,TT,TT,TC,100,100,24,NC_000007.14,Mutation NB - Paternal or Maternal,Transition - Pyrimidine/Pyrimidine,Unsolved
150901391,rs740955,TT,TT,TC,100,100,27,NC_000007.14,Mutation NB - Paternal or Maternal,Transition - Pyrimidine/Pyrimidine,Unsolved
150901404,rs740954,TT,TT,TC,100,100,27,NC_000007.14,Mutation NB - Paternal or Maternal,Transition - Pyrimidine/Pyrimidine,Unsolved
150971407,.,TT,AA,AA,91,88,2,NC_000007.14,Mutation NB - Paternal Origin,Transversion - Purine/Pyrimidine,T>A
151758996,rs6965771,TT,CC,CC,79,67,0,NC_000007.14,Mutation NB - Paternal Origin,Transition - Pyrimidine/Pyrimidine,T>C
153320131,.,TT,TT,TC,85,70,43,NC_000007.14,Mutation NB - Maternal Origin,Transition - Pyrimidine/Pyrimidine,Unsolved
153646485,.,TT,TT,TC,79,85,62,NC_000007.14,Mutation NB - Paternal Origin,Transition - Pyrimidine/Pyrimidine,Unsolved
154860431,.,TT,TT,TC,58,91,50,NC_000007.14,Mutation NB - Paternal Origin,Transition - Pyrimidine/Pyrimidine,Unsolved
155526841,.,TT,TT,TC,79,76,45,NC_000007.14,Mutation NB - Maternal Origin,Transition - Pyrimidine/Pyrimidine,Unsolved
155581457,rs2113583,AG,AA,GG,1,100,24,NC_000007.14,Mutation NB - Maternal Origin,Transition - Purine/Purine,A>G
155843069,rs7798304,CC,CC,CT,88,100,27,NC_000007.14,Mutation NB - Paternal Origin,Transition - Pyrimidine/Pyrimidine,Unsolved
156235862,rs1873884,AA,GG,GG,85,91,9,NC_000007.14,Mutation NB - Paternal Origin,Transition - Purine/Purine,A>G
156446513,rs2365282,TT,CC,TT,73,91,24,NC_000007.14,Mutation NB - Maternal Origin,Transition - Pyrimidine/Pyrimidine,C>T
157276185,rs757855,TT,CC,CC,91,85,18,NC_000007.14,Mutation NB - Paternal Origin,Transition - Pyrimidine/Pyrimidine,T>C
157276196,rs61516886,GG,CC,CC,88,85,21,NC_000007.14,Mutation NB - Paternal Origin,Transversion - Purine/Pyrimidine,G>C
158598798,rs73180270,GA,GG,AA,1,79,18,NC_000007.14,Mutation NB - Maternal Origin,Transition - Purine/Purine,G>A
158850257,rs73527648,CC,TT,CC,76,88,12,NC_000007.14,Mutation NB - Maternal Origin,Transition - Pyrimidine/Pyrimidine,T>C
158976832,rs61614297,GG,AA,GG,82,88,9,NC_000007.14,Mutation NB - Maternal Origin,Transition - Purine/Purine,A>G
569235,rs1669643,AA,CC,CC,100,88,12,NC_000008.11,Mutation NB - Paternal Origin,Transversion - Purine/Pyrimidine,A>C
2963160,rs922995,CC,CC,CA,61,100,98,NC_000008.11,Mutation NB - Paternal Origin,Transversion - Purine/Pyrimidine,Unsolved
4740123,rs1676936,AA,AA,AC,79,100,99,NC_000008.11,Mutation NB - Paternal Origin,Transversion - Purine/Pyrimidine,Unsolved
5734118,rs75608756,GG,CC,CC,73,73,33,NC_000008.11,Mutation NB - Paternal Origin,Transversion - Purine/Pyrimidine,G>C
5773340,rs4610768,GG,CC,CC,64,85,0,NC_000008.11,Mutation NB - Paternal Origin,Transversion - Purine/Pyrimidine,G>C
6139323,rs2570703,GG,GG,GT,100,73,99,NC_000008.11,Mutation NB - Maternal Origin,Transversion - Purine/Pyrimidine,Unsolved
14180075,rs11985495,GT,TT,GG,41,85,0,NC_000008.11,Mutation NB - Maternal Origin,Transversion - Purine/Pyrimidine,T>G
15257006,rs7014687,GG,GA,AA,61,37,15,NC_000008.11,Mutation NB - Paternal Origin,Transition - Purine/Purine,G>A
17576246,rs2237819,GG,GG,GA,100,91,61,NC_000008.11,Mutation NB - Maternal Origin,Transition - Purine/Purine,Unsolved
19717330,.,TT,TT,TG,40,88,56,NC_000008.11,Mutation NB - Paternal Origin,Transition - Pyrimidine/Pyrimidine,Transversion - Purine/Pyrimidine,Unsolved
20844475,rs186388956,TT,TT,TA,58,100,40,NC_000008.11,Mutation NB - Paternal Origin,Transition - Pyrimidine/Pyrimidine,Transversion - Purine/Pyrimidine,Unsolved
20844476,rs192097929,CC,CC,CT,58,100,40,NC_000008.11,Mutation NB - Paternal Origin,Transition - Pyrimidine/Pyrimidine,Unsolved
21810729,rs10095228,GG,AA,AA,91,100,0,NC_000008.11,Mutation NB - Paternal Origin,Transition - Purine/Purine,G>A
23200919,rs6557628,GG,TT,TT,85,88,15,NC_000008.11,Mutation NB - Paternal Origin,Transversion - Purine/Pyrimidine,G>T
23342898,rs6557654,AA,AA,AG,73,100,24,NC_000008.11,Mutation NB - Paternal Origin,Transition - Purine/Purine,Unsolved
23560405,rs1567667,TT,CC,CC,73,91,63,NC_000008.11,Mutation NB - Paternal Origin,Transition - Pyrimidine/Pyrimidine,T>C
26885789,rs10503802,TT,TT,TC,100,73,65,NC_000008.11,Mutation NB - Maternal Origin,Transition - Pyrimidine/Pyrimidine,Unsolved
30990042,rs2543604,AA,AC,CC,100,73,18,NC_000008.11,Mutation NB - Paternal Origin,Transversion - Purine/Pyrimidine,A>C
37546960,rs1467846,AA,AA,AG,100,82,99,NC_000008.11,Mutation NB - Maternal Origin,Transition - Purine/Purine,Unsolved
37570161,.,TT,TT,TC,73,73,65,NC_000008.11,Mutation NB - Paternal or Maternal,Transition - Pyrimidine/Pyrimidine,Unsolved
38588160,rs7819171,GG,CG,CC,88,35,21,NC_000008.11,Mutation NB - Paternal Origin,Transversion - Purine/Pyrimidine,G>C
38588179,rs1671608,CC,CG,GG,100,35,21,NC_000008.11,Mutation NB - Paternal Origin,Transversion - Purine/Pyrimidine,C>G
40859830,rs1467108,TT,TT,CT,79,79,18,NC_000008.11,Mutation NB - Paternal or Maternal,Transition - Pyrimidine/Pyrimidine,Unsolved
40942507,rs6998612,CC,CC,CT,52,100,99,NC_000008.11,Mutation NB - Paternal Origin,Transition - Pyrimidine/Pyrimidine,Unsolved
42981088,rs62515948,TT,TT,TG,88,91,27,NC_000008.11,Mutation NB - Paternal Origin,Transition - Pyrimidine/Pyrimidine,Transversion - Purine/Pyrimidine,Unsolved
46260705,rs7293702,GC,CC,GG,99,76,0,NC_000008.11,Mutation NB - Maternal Origin,Transversion - Purine/Pyrimidine,C>G
46914689,rs4872966,CC,GG,GG,67,100,0,NC_000008.11,Mutation NB - Paternal Origin,Transversion - Purine/Pyrimidine,C>G
46919633,rs4872652,CC,TT,TT,73,91,0,NC_000008.11,Mutation NB - Paternal Origin,Transition - Pyrimidine/Pyrimidine,C>T
48422172,rs55847910,GG,CC,GG,85,85,15,NC_000008.11,Mutation NB - Maternal Origin,Transversion - Purine/Pyrimidine,C>G
48478126,.,AA,AA,AG,73,88,47,NC_000008.11,Mutation NB - Paternal Origin,Transition - Purine/Purine,Unsolved
48707523,rs965273586,CC,CG,GG,76,1,9,NC_000008.11,Mutation NB - Paternal Origin,Transversion - Purine/Pyrimidine,C>G
51396228,rs16916187,GG,GG,GC,88,79,54,NC_000008.11,Mutation NB - Maternal Origin,Transition - Purine/Purine,Transversion - Purine/Pyrimidine,Unsolved
52079464,rs7013920,TC,CC,TT,1,79,0,NC_000008.11,Mutation NB - Maternal Origin,Transversion - Purine/Pyrimidine,C>T
52954907,rs111324582,TT,CC,TT,88,88,12,NC_000008.11,Mutation NB - Maternal Origin,Transition - Pyrimidine/Pyrimidine,C>T
53093271,rs4873718,CC,TT,CC,67,91,24,NC_000008.11,Mutation NB - Maternal Origin,Transition - Pyrimidine/Pyrimidine,T>C
53775963,rs55876329,AA,GG,AA,67,88,18,NC_000008.11,Mutation NB - Maternal Origin,Transition - Purine/Purine,G>A
56079417,rs2976043,GC,GG,CC,70,100,36,NC_000008.11,Mutation NB - Maternal Origin,Transversion - Purine/Pyrimidine,G>C
63295433,rs13251451,AA,AA,AG,91,79,99,NC_000008.11,Mutation NB - Maternal Origin,Transition - Purine/Purine,Unsolved
66223396,rs2469302,GC,CC,GG,32,70,12,NC_000008.11,Mutation NB - Maternal Origin,Transversion - Purine/Pyrimidine,C>G
68292793,.,AA,AA,AG,61,79,56,NC_000008.11,Mutation NB - Paternal Origin,Transition - Purine/Purine,Unsolved
70069007,.,TT,TT,TC,88,85,86,NC_000008.11,Mutation NB - Maternal Origin,Transition - Pyrimidine/Pyrimidine,Unsolved
77121607,rs10738141,CC,TT,CC,79,91,12,NC_000008.11,Mutation NB - Maternal Origin,Transition - Pyrimidine/Pyrimidine,T>C
79377343,rs56072703,CC,TT,TT,88,100,9,NC_000008.11,Mutation NB - Paternal Origin,Transition - Pyrimidine/Pyrimidine,C>T
81025712,.,TT,TT,TC,70,70,44,NC_000008.11,Mutation NB - Paternal or Maternal,Transition - Pyrimidine/Pyrimidine,Unsolved
82191526,rs34044798,CC,CC,CA,85,88,99,NC_000008.11,Mutation NB - Paternal Origin,Transversion - Purine/Pyrimidine,Unsolved
82191530,rs10106606,AA,AA,AG,70,100,99,NC_000008.11,Mutation NB - Paternal Origin,Transition - Purine/Purine,Unsolved
82997435,rs68066426,GC,GG,CC,76,100,48,NC_000008.11,Mutation NB - Maternal Origin,Transversion - Purine/Pyrimidine,G>C
83769321,rs113753223,AA,AA,AC,82,100,57,NC_000008.11,Mutation NB - Paternal Origin,Transversion - Purine/Pyrimidine,Unsolved
84788871,.,TT,TT,TC,64,70,63,NC_000008.11,Mutation NB - Paternal Origin,Transition - Pyrimidine/Pyrimidine,Unsolved
90098015,rs7463923,CC,TT,CC,70,100,15,NC_000008.11,Mutation NB - Maternal Origin,Transition - Pyrimidine/Pyrimidine,T>C
91868935,rs11784946,TT,CC,CC,88,85,12,NC_000008.11,Mutation NB - Paternal Origin,Transition - Pyrimidine/Pyrimidine,T>C
92471464,.,AA,AA,AG,82,73,46,NC_000008.11,Mutation NB - Maternal Origin,Transition - Purine/Purine,Unsolved
94895839,rs34208552,CG,GG,CC,70,91,0,NC_000008.11,Mutation NB - Maternal Origin,Transversion - Purine/Pyrimidine,G>C
94895850,rs34293080,GT,TT,GG,70,91,0,NC_000008.11,Mutation NB - Maternal Origin,Transversion - Purine/Pyrimidine,T>G
95632141,rs117633046,TT,AA,TT,61,92,36,NC_000008.11,Mutation NB - Maternal Origin,Transversion - Purine/Pyrimidine,A>T
100758172,rs2978094,TT,CC,TT,88,100,12,NC_000008.11,Mutation NB - Maternal Origin,Transition - Pyrimidine/Pyrimidine,C>T
102702817,rs74557815,CC,CC,CA,79,100,88,NC_000008.11,Mutation NB - Paternal Origin,Transversion - Purine/Pyrimidine,Unsolved
104057080,rs1041124325,CC,CC,CT,100,100,98,NC_000008.11,Mutation NB - Paternal or Maternal,Transition - Pyrimidine/Pyrimidine,Unsolved
104057087,rs13249939,AA,GG,AA,73,76,9,NC_000008.11,Mutation NB - Maternal Origin,Transition - Purine/Purine,G>A
105267129,rs1264230384,GG,AA,GG,76,91,21,NC_000008.11,Mutation NB - Maternal Origin,Transition - Purine/Purine,A>G
107123540,rs4439101,CC,TT,CC,76,85,0,NC_000008.11,Mutation NB - Maternal Origin,Transition - Pyrimidine/Pyrimidine,T>C
111611917,rs28538317,CC,CT,TT,100,35,9,NC_000008.11,Mutation NB - Paternal Origin,Transition - Pyrimidine/Pyrimidine,C>T
112083071,rs2353259,CC,TT,CC,85,100,12,NC_000008.11,Mutation NB - Maternal Origin,Transition - Pyrimidine/Pyrimidine,T>C
117418808,rs4876721,CC,CC,CT,82,100,99,NC_000008.11,Mutation NB - Paternal Origin,Transition - Pyrimidine/Pyrimidine,Unsolved
118663014,rs2460985,TT,CC,TT,82,100,33,NC_000008.11,Mutation NB - Maternal Origin,Transition - Pyrimidine/Pyrimidine,C>T
130159425,rs62524649,AA,AA,AC,70,100,33,NC_000008.11,Mutation NB - Paternal Origin,Transversion - Purine/Pyrimidine,Unsolved
130444206,.,TT,TT,TC,79,85,56,NC_000008.11,Mutation NB - Paternal Origin,Transition - Pyrimidine/Pyrimidine,Unsolved
130532011,rs6470827,TT,CC,TT,85,100,30,NC_000008.11,Mutation NB - Maternal Origin,Transition - Pyrimidine/Pyrimidine,C>T
132180202,rs41272387,AA,AA,AG,70,79,99,NC_000008.11,Mutation NB - Paternal Origin,Transition - Purine/Purine,Unsolved
133400662,rs61028839,TG,TT,GG,1,85,15,NC_000008.11,Mutation NB - Maternal Origin,Transversion - Purine/Pyrimidine,T>G
133400702,rs57416061,GC,GG,CC,1,85,15,NC_000008.11,Mutation NB - Maternal Origin,Transversion - Purine/Pyrimidine,G>C
133485234,rs4484679,GG,AA,GG,73,100,36,NC_000008.11,Mutation NB - Maternal Origin,Transition - Purine/Purine,A>G
134272288,rs10094203,GG,GG,AA,79,91,9,NC_000008.11,Mutation NB - Paternal Origin,Transition - Purine/Purine,Unsolved
134690206,rs35448643,TT,TT,TC,100,91,99,NC_000008.11,Mutation NB - Maternal Origin,Transition - Pyrimidine/Pyrimidine,Unsolved
137727463,rs7006635,GG,AA,GG,91,100,33,NC_000008.11,Mutation NB - Maternal Origin,Transition - Purine/Purine,A>G
138184584,rs4294233,TT,TG,GG,100,74,27,NC_000008.11,Mutation NB - Paternal Origin,Transversion - Purine/Pyrimidine,T>G
140047286,rs4633040,GG,TG,TT,79,6,24,NC_000008.11,Mutation NB - Paternal Origin,Transversion - Purine/Pyrimidine,G>T
141029669,rs7001516,GG,CC,CC,85,88,15,NC_000008.11,Mutation NB - Paternal Origin,Transversion - Purine/Pyrimidine,G>C
141029793,rs7001816,GG,AA,AA,76,70,33,NC_000008.11,Mutation NB - Paternal Origin,Transition - Purine/Purine,G>A
141122224,rs1001849,TT,TT,TC,100,82,68,NC_000008.11,Mutation NB - Maternal Origin,Transition - Pyrimidine/Pyrimidine,Unsolved
141476322,rs76764429,GG,TT,GG,58,73,30,NC_000008.11,Mutation NB - Maternal Origin,Transition - Purine/Purine,Transversion - Purine/Pyrimidine,T>G
142066347,rs6583572,TT,CC,TT,91,91,0,NC_000008.11,Mutation NB - Maternal Origin,Transition - Pyrimidine/Pyrimidine,C>T
142066368,rs7839901,TT,AA,TT,91,91,0,NC_000008.11,Mutation NB - Maternal Origin,Transversion - Purine/Pyrimidine,A>T
142066388,rs6583573,AA,TT,AA,91,91,0,NC_000008.11,Mutation NB - Maternal Origin,Transversion - Purine/Pyrimidine,T>A
142794780,rs749129,AA,CC,CC,91,88,0,NC_000008.11,Mutation NB - Paternal Origin,Transversion - Purine/Pyrimidine,A>C
142916808,.,AA,AA,AG,73,88,63,NC_000008.11,Mutation NB - Paternal Origin,Transition - Purine/Purine,Unsolved
142983465,rs61276460,TT,CC,CC,70,100,3,NC_000008.11,Mutation NB - Paternal Origin,Transition - Pyrimidine/Pyrimidine,T>C
144579751,rs112859376,CC,CC,CG,85,100,40,NC_000008.11,Mutation NB - Paternal Origin,Transversion - Purine/Pyrimidine,Unsolved
1414235,rs16928691,AA,AA,AG,64,100,27,NC_000009.12,Mutation NB - Paternal Origin,Transition - Purine/Purine,Unsolved
2406532,rs7872473,TT,AA,TT,85,91,24,NC_000009.12,Mutation NB - Maternal Origin,Transversion - Purine/Pyrimidine,A>T
4756110,rs10815068,GG,CC,GG,70,85,24,NC_000009.12,Mutation NB - Maternal Origin,Transversion - Purine/Pyrimidine,C>G
4870096,rs78966635,CC,CC,CT,71,100,47,NC_000009.12,Mutation NB - Paternal Origin,Transition - Pyrimidine/Pyrimidine,Unsolved
5502186,rs10975151,TT,AA,AA,100,88,9,NC_000009.12,Mutation NB - Paternal Origin,Transversion - Purine/Pyrimidine,T>A
5502190,rs2149929,TT,CC,CC,100,88,9,NC_000009.12,Mutation NB - Paternal Origin,Transition - Pyrimidine/Pyrimidine,T>C
6640512,rs1755603,GG,GG,GA,70,100,99,NC_000009.12,Mutation NB - Paternal Origin,Transition - Purine/Purine,Unsolved
8285207,rs7865119,AA,TT,TT,88,76,42,NC_000009.12,Mutation NB - Paternal Origin,Transversion - Purine/Pyrimidine,A>T
9532329,rs77530167,GG,GG,GA,100,85,99,NC_000009.12,Mutation NB - Maternal Origin,Transition - Purine/Purine,Unsolved
17087070,rs263591,AA,AA,AG,88,91,68,NC_000009.12,Mutation NB - Paternal Origin,Transition - Purine/Purine,Unsolved
18338539,rs1835342400,TT,TT,TC,58,70,47,NC_000009.12,Mutation NB - Paternal Origin,Transition - Pyrimidine/Pyrimidine,Unsolved
19650442,rs10811222,AA,GG,GG,79,88,42,NC_000009.12,Mutation NB - Paternal Origin,Transition - Purine/Purine,A>G
23866145,rs78286880,CC,TT,CC,55,88,15,NC_000009.12,Mutation NB - Maternal Origin,Transition - Pyrimidine/Pyrimidine,T>C
24205905,rs55724038,TT,CC,CC,82,67,15,NC_000009.12,Mutation NB - Paternal Origin,Transition - Pyrimidine/Pyrimidine,T>C
25604887,rs10123020,AA,GG,AA,85,91,15,NC_000009.12,Mutation NB - Maternal Origin,Transition - Purine/Purine,G>A
32464137,rs9695310,GC,GG,CC,6,100,18,NC_000009.12,Mutation NB - Maternal Origin,Transversion - Purine/Pyrimidine,G>C
32866962,rs7049065,TT,TT,CT,85,91,1,NC_000009.12,Mutation NB - Paternal Origin,Transition - Pyrimidine/Pyrimidine,Unsolved
34903678,rs12001305,AA,AA,AG,88,100,65,NC_000009.12,Mutation NB - Paternal Origin,Transition - Purine/Purine,Unsolved
35904949,rs10814293,AA,GG,GG,91,91,0,NC_000009.12,Mutation NB - Paternal Origin,Transition - Purine/Purine,A>G
37425194,rs149204326,GG,AA,GG,61,85,12,NC_000009.12,Mutation NB - Maternal Origin,Transition - Purine/Purine,A>G
38642157,rs883954,GG,GA,AA,46,1,18,NC_000009.12,Mutation NB - Paternal Origin,Transition - Purine/Purine,G>A
38678074,rs10814736,GG,GG,GC,85,100,99,NC_000009.12,Mutation NB - Paternal Origin,Transition - Purine/Purine,Transversion - Purine/Pyrimidine,Unsolved
40992248,rs1286524870,GG,GG,GT,100,100,99,NC_000009.12,Mutation NB - Paternal or Maternal,Transversion - Purine/Pyrimidine,Unsolved
42405914,rs1471751802,TT,TT,TC,100,100,96,NC_000009.12,Mutation NB - Paternal or Maternal,Transition - Pyrimidine/Pyrimidine,Unsolved
68772386,rs11143691,AA,AA,AT,70,100,33,NC_000009.12,Mutation NB - Paternal Origin,Transversion - Purine/Pyrimidine,Unsolved
69363885,rs76087663,TT,TT,TA,82,100,64,NC_000009.12,Mutation NB - Paternal Origin,Transition - Pyrimidine/Pyrimidine,Transversion - Purine/Pyrimidine,Unsolved
71451031,rs10746876,CC,TT,CC,82,91,0,NC_000009.12,Mutation NB - Maternal Origin,Transition - Pyrimidine/Pyrimidine,T>C
78410279,rs115739611,CC,CC,CT,70,100,65,NC_000009.12,Mutation NB - Paternal Origin,Transition - Pyrimidine/Pyrimidine,Unsolved
85269772,rs11140915,CT,CC,TT,1,100,24,NC_000009.12,Mutation NB - Maternal Origin,Transversion - Purine/Pyrimidine,C>T
86099082,rs56133389,AA,CC,AA,73,88,24,NC_000009.12,Mutation NB - Maternal Origin,Transversion - Purine/Pyrimidine,C>A
86099086,rs7860792,CC,GG,CC,73,88,24,NC_000009.12,Mutation NB - Maternal Origin,Transversion - Purine/Pyrimidine,G>C
86099099,rs7860798,AA,AA,CA,73,88,94,NC_000009.12,Mutation NB - Paternal Origin,Transversion - Purine/Pyrimidine,Unsolved
86596996,rs61618840,GG,GA,AA,70,33,9,NC_000009.12,Mutation NB - Paternal Origin,Transition - Purine/Purine,G>A
89445985,rs62549799,TT,TT,CT,76,64,99,NC_000009.12,Mutation NB - Maternal Origin,Transition - Pyrimidine/Pyrimidine,Unsolved
89879350,rs934553716,GA,GG,AA,1,100,15,NC_000009.12,Mutation NB - Maternal Origin,Transition - Purine/Purine,G>A
92807723,.,CC,CC,CG,88,79,61,NC_000009.12,Mutation NB - Maternal Origin,Transversion - Purine/Pyrimidine,Unsolved
92892074,rs10992514,CC,CC,CA,79,100,99,NC_000009.12,Mutation NB - Paternal Origin,Transversion - Purine/Pyrimidine,Unsolved
92892087,rs10992515,CC,CC,CT,79,100,98,NC_000009.12,Mutation NB - Paternal Origin,Transition - Pyrimidine/Pyrimidine,Unsolved
93325729,rs10821108,CG,CC,GG,85,100,21,NC_000009.12,Mutation NB - Maternal Origin,Transversion - Purine/Pyrimidine,C>G
93669538,rs3750361,CT,TT,CC,35,91,9,NC_000009.12,Mutation NB - Maternal Origin,Transition - Pyrimidine/Pyrimidine,T>C
93669577,rs3750362,GG,GG,AA,82,91,0,NC_000009.12,Mutation NB - Paternal Origin,Transition - Purine/Purine,Unsolved
93933521,rs10992992,AA,GA,GG,91,73,12,NC_000009.12,Mutation NB - Paternal Origin,Transition - Purine/Purine,A>G
94576461,rs73653487,AA,GG,GG,55,70,0,NC_000009.12,Mutation NB - Paternal Origin,Transition - Purine/Purine,A>G
98272332,rs10985682,GG,TT,TT,88,91,18,NC_000009.12,Mutation NB - Paternal Origin,Transversion - Purine/Pyrimidine,G>T
98272344,rs10760233,GG,AA,AA,88,91,18,NC_000009.12,Mutation NB - Paternal Origin,Transition - Purine/Purine,G>A
98845743,rs10987952,CC,CC,AA,82,91,12,NC_000009.12,Mutation NB - Paternal Origin,Transversion - Purine/Pyrimidine,Unsolved
99389718,rs530110503,AA,AA,AG,67,88,48,NC_000009.12,Mutation NB - Paternal Origin,Transition - Purine/Purine,Unsolved
100003837,rs10760711,CC,GG,CC,91,100,24,NC_000009.12,Mutation NB - Maternal Origin,Transversion - Purine/Pyrimidine,G>C
101510391,rs1929486,TT,TT,TC,49,88,92,NC_000009.12,Mutation NB - Paternal Origin,Transition - Pyrimidine/Pyrimidine,Unsolved
104556801,.,AA,AA,AG,70,79,62,NC_000009.12,Mutation NB - Paternal Origin,Transition - Purine/Purine,Unsolved
105189307,rs7858496,GA,AA,GG,1,76,0,NC_000009.12,Mutation NB - Maternal Origin,Transition - Purine/Purine,A>G
105244667,rs390529,TT,TT,TC,100,85,75,NC_000009.12,Mutation NB - Maternal Origin,Transition - Pyrimidine/Pyrimidine,Unsolved
107105469,rs72747521,AA,AA,AT,85,100,99,NC_000009.12,Mutation NB - Paternal Origin,Transversion - Purine/Pyrimidine,Unsolved
108518190,rs76155801,AA,AA,AG,82,100,27,NC_000009.12,Mutation NB - Paternal Origin,Transition - Purine/Purine,Unsolved
110921192,rs2766993,TT,TT,TG,82,100,99,NC_000009.12,Mutation NB - Paternal Origin,Transition - Pyrimidine/Pyrimidine,Transversion - Purine/Pyrimidine,Unsolved
112994402,rs116392889,CC,CC,CA,67,100,99,NC_000009.12,Mutation NB - Paternal Origin,Transversion - Purine/Pyrimidine,Unsolved
113697478,rs4978554,CC,TT,CC,88,88,0,NC_000009.12,Mutation NB - Maternal Origin,Transition - Pyrimidine/Pyrimidine,T>C
115086932,rs758545356,AA,AA,AG,43,64,47,NC_000009.12,Mutation NB - Paternal Origin,Transition - Purine/Purine,Unsolved
115789185,rs7047400,GG,AA,GG,73,100,12,NC_000009.12,Mutation NB - Maternal Origin,Transition - Purine/Purine,A>G
116865708,rs7862589,CC,CC,CT,82,100,99,NC_000009.12,Mutation NB - Paternal Origin,Transition - Pyrimidine/Pyrimidine,Unsolved
117054905,rs871125,CC,CC,CA,91,100,65,NC_000009.12,Mutation NB - Paternal Origin,Transversion - Purine/Pyrimidine,Unsolved
119902930,rs7020938,AA,CC,AA,58,91,12,NC_000009.12,Mutation NB - Maternal Origin,Transversion - Purine/Pyrimidine,C>A
119902994,rs7020855,GG,AA,GG,73,100,24,NC_000009.12,Mutation NB - Maternal Origin,Transition - Purine/Purine,A>G
120358889,rs6478472,AA,GG,AA,70,88,0,NC_000009.12,Mutation NB - Maternal Origin,Transition - Purine/Purine,G>A
121582038,rs883094,TT,TC,CC,79,67,12,NC_000009.12,Mutation NB - Paternal Origin,Transition - Pyrimidine/Pyrimidine,T>C
122838077,.,GG,GG,GA,49,76,56,NC_000009.12,Mutation NB - Paternal Origin,Transition - Purine/Purine,Unsolved
124454530,rs749624242,TT,TT,TC,82,67,56,NC_000009.12,Mutation NB - Maternal Origin,Transition - Pyrimidine/Pyrimidine,Unsolved
125023893,.,AA,AA,AG,49,82,56,NC_000009.12,Mutation NB - Paternal Origin,Transition - Purine/Purine,Unsolved
126652410,.,CC,CC,CG,73,91,55,NC_000009.12,Mutation NB - Paternal Origin,Transversion - Purine/Pyrimidine,Unsolved
127740236,rs2233515,AA,AA,AG,64,100,59,NC_000009.12,Mutation NB - Paternal Origin,Transition - Purine/Purine,Unsolved
129161775,rs116813000,CT,CC,TT,92,100,4,NC_000009.12,Mutation NB - Maternal Origin,Transversion - Purine/Pyrimidine,C>T
129514412,rs13301691,GG,GG,GA,91,91,65,NC_000009.12,Mutation NB - Paternal or Maternal,Transition - Purine/Purine,Unsolved
129572669,rs10988426,GG,GA,AA,79,1,9,NC_000009.12,Mutation NB - Paternal Origin,Transition - Purine/Purine,G>A
130364541,rs75402627,TT,CC,TT,76,91,15,NC_000009.12,Mutation NB - Maternal Origin,Transition - Pyrimidine/Pyrimidine,C>T
131685224,rs1833241094,TT,TT,TC,67,58,59,NC_000009.12,Mutation NB - Maternal Origin,Transition - Pyrimidine/Pyrimidine,Unsolved
132452427,rs56155330,CC,CC,CT,100,76,98,NC_000009.12,Mutation NB - Maternal Origin,Transition - Pyrimidine/Pyrimidine,Unsolved
132862133,rs3815183,TT,TT,TC,82,100,99,NC_000009.12,Mutation NB - Paternal Origin,Transition - Pyrimidine/Pyrimidine,Unsolved
132983697,rs112701510,CC,CC,CT,64,79,59,NC_000009.12,Mutation NB - Paternal Origin,Transition - Pyrimidine/Pyrimidine,Unsolved
132983728,rs10793949,TG,TT,GG,1,76,27,NC_000009.12,Mutation NB - Maternal Origin,Transversion - Purine/Pyrimidine,T>G
133924012,rs149228289,GG,GG,GA,91,91,29,NC_000009.12,Mutation NB - Paternal or Maternal,Transition - Purine/Purine,Unsolved
133957167,rs567208,AA,AA,GA,73,88,99,NC_000009.12,Mutation NB - Paternal Origin,Transition - Purine/Purine,Unsolved
133957180,rs635739,TT,TT,CT,73,88,99,NC_000009.12,Mutation NB - Paternal Origin,Transition - Pyrimidine/Pyrimidine,Unsolved
133962511,rs68183977,GG,GG,GA,73,100,71,NC_000009.12,Mutation NB - Paternal Origin,Transition - Purine/Purine,Unsolved
134377610,rs34312136,TT,CC,TT,76,88,0,NC_000009.12,Mutation NB - Maternal Origin,Transition - Pyrimidine/Pyrimidine,C>T
134483554,.,TT,TT,TC,49,82,41,NC_000009.12,Mutation NB - Paternal Origin,Transition - Pyrimidine/Pyrimidine,Unsolved
134763474,rs11103510,AA,GG,GG,88,91,9,NC_000009.12,Mutation NB - Paternal Origin,Transition - Purine/Purine,A>G
134828212,rs7040467,CC,AA,CC,82,64,0,NC_000009.12,Mutation NB - Maternal Origin,Transversion - Purine/Pyrimidine,A>C
135010134,rs7851891,GG,AA,GG,73,91,0,NC_000009.12,Mutation NB - Maternal Origin,Transition - Purine/Purine,A>G
135375008,rs1318968301,AA,AA,AG,100,100,49,NC_000009.12,Mutation NB - Paternal or Maternal,Transition - Purine/Purine,Unsolved
135375012,rs1340068863,TT,TT,TG,91,100,49,NC_000009.12,Mutation NB - Paternal Origin,Transition - Pyrimidine/Pyrimidine,Transversion - Purine/Pyrimidine,Unsolved
135385370,rs141542205,TT,TT,TC,70,100,12,NC_000009.12,Mutation NB - Paternal Origin,Transition - Pyrimidine/Pyrimidine,Unsolved
135457316,rs10776815,AA,GG,GG,88,100,0,NC_000009.12,Mutation NB - Paternal Origin,Transition - Purine/Purine,A>G
135488493,rs3827829,TT,TT,TC,88,88,45,NC_000009.12,Mutation NB - Paternal or Maternal,Transition - Pyrimidine/Pyrimidine,Unsolved
136350571,rs111718600,AA,AA,AG,91,85,33,NC_000009.12,Mutation NB - Maternal Origin,Transition - Purine/Purine,Unsolved
136542216,rs60638296,CC,CC,CT,76,100,99,NC_000009.12,Mutation NB - Paternal Origin,Transition - Pyrimidine/Pyrimidine,Unsolved
136542232,rs58222527,CC,CC,CA,76,100,99,NC_000009.12,Mutation NB - Paternal Origin,Transversion - Purine/Pyrimidine,Unsolved
136542258,rs56920698,GG,GG,GA,76,100,99,NC_000009.12,Mutation NB - Paternal Origin,Transition - Purine/Purine,Unsolved
136585790,.,TT,TT,TC,79,79,52,NC_000009.12,Mutation NB - Paternal or Maternal,Transition - Pyrimidine/Pyrimidine,Unsolved
136670216,rs2297538,GG,GG,GA,88,100,99,NC_000009.12,Mutation NB - Paternal Origin,Transition - Purine/Purine,Unsolved
136747898,rs144237785,CC,TT,CC,79,91,0,NC_000009.12,Mutation NB - Maternal Origin,Transition - Pyrimidine/Pyrimidine,T>C
137020251,rs7849048,GG,GG,GA,88,91,68,NC_000009.12,Mutation NB - Paternal Origin,Transition - Purine/Purine,Unsolved
137215025,rs55980756,TT,TT,CC,91,100,12,NC_000009.12,Mutation NB - Paternal Origin,Transition - Pyrimidine/Pyrimidine,Unsolved
137351192,rs115216154,CC,CC,TT,82,100,9,NC_000009.12,Mutation NB - Paternal Origin,Transition - Pyrimidine/Pyrimidine,Unsolved
137373231,rs116150455,GG,GG,GA,73,91,99,NC_000009.12,Mutation NB - Paternal Origin,Transition - Purine/Purine,Unsolved
137817258,.,TT,TT,TC,55,70,46,NC_000009.12,Mutation NB - Paternal Origin,Transition - Pyrimidine/Pyrimidine,Unsolved
137998779,rs62591430,TT,AA,AA,88,82,18,NC_000009.12,Mutation NB - Paternal Origin,Transversion - Purine/Pyrimidine,T>A
836866,.,AA,AA,AG,70,82,65,NC_000010.11,Mutation NB - Paternal Origin,Transition - Purine/Purine,Unsolved
997529,rs2242271,TT,CT,CC,88,36,0,NC_000010.11,Mutation NB - Paternal Origin,Transition - Pyrimidine/Pyrimidine,T>C
1457280,rs2676767,CC,TT,TT,88,91,15,NC_000010.11,Mutation NB - Paternal Origin,Transition - Pyrimidine/Pyrimidine,C>T
1457289,rs61255727,TT,CC,CC,88,91,0,NC_000010.11,Mutation NB - Paternal Origin,Transition - Pyrimidine/Pyrimidine,T>C
2057940,rs1831087764,CC,CC,CT,64,85,62,NC_000010.11,Mutation NB - Paternal Origin,Transition - Pyrimidine/Pyrimidine,Unsolved
2222161,rs943041,CC,AC,AA,76,1,18,NC_000010.11,Mutation NB - Paternal Origin,Transversion - Purine/Pyrimidine,C>A
2616257,rs7923508,AA,GG,GG,79,82,33,NC_000010.11,Mutation NB - Paternal Origin,Transition - Purine/Purine,A>G
2671362,.,TT,TT,TC,76,91,46,NC_000010.11,Mutation NB - Paternal Origin,Transition - Pyrimidine/Pyrimidine,Unsolved
2864962,.,TT,TT,TC,100,88,47,NC_000010.11,Mutation NB - Maternal Origin,Transition - Pyrimidine/Pyrimidine,Unsolved
3807416,rs11597781,CC,CC,CA,61,100,65,NC_000010.11,Mutation NB - Paternal Origin,Transversion - Purine/Pyrimidine,Unsolved
3845626,rs10904105,CC,CT,TT,85,32,18,NC_000010.11,Mutation NB - Paternal Origin,Transition - Pyrimidine/Pyrimidine,C>T
5485545,rs11253198,AA,AA,AT,79,100,99,NC_000010.11,Mutation NB - Paternal Origin,Transversion - Purine/Pyrimidine,Unsolved
5623675,rs11255701,CA,CC,AA,67,91,12,NC_000010.11,Mutation NB - Maternal Origin,Transversion - Purine/Pyrimidine,C>A
5660257,rs2386644,CT,CC,TT,1,91,15,NC_000010.11,Mutation NB - Maternal Origin,Transversion - Purine/Pyrimidine,C>T
6054195,rs1924138,CC,CC,AC,73,76,22,NC_000010.11,Mutation NB - Paternal Origin,Transversion - Purine/Pyrimidine,Unsolved
7340631,rs72775551,GG,GG,GA,100,88,99,NC_000010.11,Mutation NB - Maternal Origin,Transition - Purine/Purine,Unsolved
8407928,rs10905359,CA,CC,AA,1,100,27,NC_000010.11,Mutation NB - Maternal Origin,Transversion - Purine/Pyrimidine,C>A
8514189,rs4329577,GG,AG,AA,91,35,0,NC_000010.11,Mutation NB - Paternal Origin,Transition - Purine/Purine,G>A
10701844,rs11256787,TT,CC,TT,79,100,15,NC_000010.11,Mutation NB - Maternal Origin,Transition - Pyrimidine/Pyrimidine,C>T
10917439,.,AA,AA,AG,70,91,71,NC_000010.11,Mutation NB - Paternal Origin,Transition - Purine/Purine,Unsolved
11210717,rs59333097,CC,CC,CA,100,76,99,NC_000010.11,Mutation NB - Maternal Origin,Transversion - Purine/Pyrimidine,Unsolved
11925663,rs11257432,CT,TT,CC,70,70,12,NC_000010.11,Mutation NB - Maternal Origin,Transition - Pyrimidine/Pyrimidine,T>C
12957475,rs11258085,CC,TT,CC,79,79,0,NC_000010.11,Mutation NB - Maternal Origin,Transition - Pyrimidine/Pyrimidine,T>C
12957481,rs11258086,CC,TT,CC,79,79,0,NC_000010.11,Mutation NB - Maternal Origin,Transition - Pyrimidine/Pyrimidine,T>C
14351559,rs601853,TC,TT,CC,1,88,24,NC_000010.11,Mutation NB - Maternal Origin,Transition - Pyrimidine/Pyrimidine,T>C
14691138,.,TT,TT,TC,79,85,64,NC_000010.11,Mutation NB - Paternal Origin,Transition - Pyrimidine/Pyrimidine,Unsolved
16499660,.,TT,TT,TC,76,85,65,NC_000010.11,Mutation NB - Paternal Origin,Transition - Pyrimidine/Pyrimidine,Unsolved
16668829,rs77407619,TT,CC,TT,91,91,0,NC_000010.11,Mutation NB - Maternal Origin,Transition - Pyrimidine/Pyrimidine,C>T
17285382,rs11816675,TT,TC,CC,76,32,9,NC_000010.11,Mutation NB - Paternal Origin,Transition - Pyrimidine/Pyrimidine,T>C
19439322,rs2496101,GG,GG,TG,73,82,30,NC_000010.11,Mutation NB - Paternal Origin,Transversion - Purine/Pyrimidine,Unsolved
20128197,rs10764205,AG,AA,GG,70,100,33,NC_000010.11,Mutation NB - Maternal Origin,Transition - Purine/Purine,A>G
20533677,rs1339666,CC,TT,CC,79,100,12,NC_000010.11,Mutation NB - Maternal Origin,Transition - Pyrimidine/Pyrimidine,T>C
22579858,rs12360229,GA,GG,AA,35,100,9,NC_000010.11,Mutation NB - Maternal Origin,Transition - Purine/Purine,G>A
24992841,rs12245315,AA,GG,AA,61,88,12,NC_000010.11,Mutation NB - Maternal Origin,Transition - Purine/Purine,G>A
26517114,.,TT,TT,TC,58,82,50,NC_000010.11,Mutation NB - Paternal Origin,Transition - Pyrimidine/Pyrimidine,Unsolved
26857762,rs9299834,TT,CC,CC,91,76,0,NC_000010.11,Mutation NB - Paternal Origin,Transition - Pyrimidine/Pyrimidine,T>C
27252095,rs502416,AA,CC,AT,73,91,68,NC_000010.11,Mutation NB - Maternal Origin,Transition - Pyrimidine/Pyrimidine,C>T
29346927,rs1751960,AA,AA,AG,73,100,99,NC_000010.11,Mutation NB - Paternal Origin,Transition - Purine/Purine,Unsolved
29452102,rs11007595,GG,AA,GG,82,82,39,NC_000010.11,Mutation NB - Maternal Origin,Transition - Purine/Purine,A>G
29611750,.,AA,AA,AG,70,73,65,NC_000010.11,Mutation NB - Paternal Origin,Transition - Purine/Purine,Unsolved
30791752,.,CC,CC,CT,79,67,41,NC_000010.11,Mutation NB - Maternal Origin,Transition - Pyrimidine/Pyrimidine,Unsolved
31750384,rs79422215,CC,CC,CT,67,100,95,NC_000010.11,Mutation NB - Paternal Origin,Transition - Pyrimidine/Pyrimidine,Unsolved
34980862,rs4007289,GA,AA,GG,1,82,0,NC_000010.11,Mutation NB - Maternal Origin,Transition - Purine/Purine,A>G
42992170,.,AA,AA,AG,70,73,62,NC_000010.11,Mutation NB - Paternal Origin,Transition - Purine/Purine,Unsolved
43080151,rs1864411,CC,CC,TT,85,85,15,NC_000010.11,Mutation NB - Paternal or Maternal,Transition - Pyrimidine/Pyrimidine,Unsolved
44016344,rs10899969,TA,AA,TT,1,79,18,NC_000010.11,Mutation NB - Maternal Origin,Transversion - Purine/Pyrimidine,A>T
44016367,rs4948818,GG,GG,GC,43,100,65,NC_000010.11,Mutation NB - Paternal Origin,Transition - Purine/Purine,Transversion - Purine/Pyrimidine,Unsolved
44594705,rs35473674,CC,TT,CC,88,100,12,NC_000010.11,Mutation NB - Maternal Origin,Transition - Pyrimidine/Pyrimidine,T>C
48510437,rs41510345,AA,GG,GG,82,79,21,NC_000010.11,Mutation NB - Paternal Origin,Transition - Purine/Purine,A>G
49058244,rs7070387,GA,GG,AA,1,100,12,NC_000010.11,Mutation NB - Maternal Origin,Transition - Purine/Purine,G>A
49117010,rs11100990,CC,CC,GG,100,91,30,NC_000010.11,Mutation NB - Maternal Origin,Transversion - Purine/Pyrimidine,Unsolved
49284284,.,CC,CC,CT,64,61,47,NC_000010.11,Mutation NB - Maternal Origin,Transition - Pyrimidine/Pyrimidine,Unsolved
50809877,rs10994563,GG,AA,GG,82,91,9,NC_000010.11,Mutation NB - Maternal Origin,Transition - Purine/Purine,A>G
51281734,rs7098033,TT,TT,TC,85,91,72,NC_000010.11,Mutation NB - Paternal Origin,Transition - Pyrimidine/Pyrimidine,Unsolved
54961171,rs34773081,CC,CC,CT,79,100,30,NC_000010.11,Mutation NB - Paternal Origin,Transition - Pyrimidine/Pyrimidine,Unsolved
56164748,rs2392984,GG,AA,AA,100,79,24,NC_000010.11,Mutation NB - Paternal Origin,Transition - Purine/Purine,G>A
65101447,rs61858829,AA,AA,AG,100,91,33,NC_000010.11,Mutation NB - Maternal Origin,Transition - Purine/Purine,Unsolved
69232385,rs5030945,CC,CC,CT,79,100,99,NC_000010.11,Mutation NB - Paternal Origin,Transition - Pyrimidine/Pyrimidine,Unsolved
70377035,rs10999305,GA,GG,AA,79,100,15,NC_000010.11,Mutation NB - Maternal Origin,Transition - Purine/Purine,G>A
71160771,.,TT,TT,TC,34,88,55,NC_000010.11,Mutation NB - Paternal Origin,Transition - Pyrimidine/Pyrimidine,Unsolved
71667105,rs1665630,CC,TT,CC,88,91,21,NC_000010.11,Mutation NB - Maternal Origin,Transition - Pyrimidine/Pyrimidine,T>C
76269115,rs7099295,GG,CC,CC,91,91,0,NC_000010.11,Mutation NB - Paternal Origin,Transversion - Purine/Pyrimidine,G>C
76402235,.,AA,AA,AG,76,82,65,NC_000010.11,Mutation NB - Paternal Origin,Transition - Purine/Purine,Unsolved
77733395,rs1297766808,TT,TT,TC,76,91,45,NC_000010.11,Mutation NB - Paternal Origin,Transition - Pyrimidine/Pyrimidine,Unsolved
78752702,rs74141374,GG,AA,GG,64,95,30,NC_000010.11,Mutation NB - Maternal Origin,Transition - Purine/Purine,A>G
79414535,rs77584561,AA,AA,AC,64,100,99,NC_000010.11,Mutation NB - Paternal Origin,Transversion - Purine/Pyrimidine,Unsolved
79608856,rs1863887,GG,AA,GG,76,100,15,NC_000010.11,Mutation NB - Maternal Origin,Transition - Purine/Purine,A>G
80359486,rs4536152,GG,AA,AA,85,88,12,NC_000010.11,Mutation NB - Paternal Origin,Transition - Purine/Purine,G>A
80986371,rs2345221,TT,CC,CC,79,85,0,NC_000010.11,Mutation NB - Paternal Origin,Transition - Pyrimidine/Pyrimidine,T>C
80986428,rs2345222,TT,CC,CC,76,67,0,NC_000010.11,Mutation NB - Paternal Origin,Transition - Pyrimidine/Pyrimidine,T>C
81548170,rs6584115,TT,CC,TT,52,85,0,NC_000010.11,Mutation NB - Maternal Origin,Transition - Pyrimidine/Pyrimidine,C>T
85225959,rs74376390,AA,GG,AA,58,88,33,NC_000010.11,Mutation NB - Maternal Origin,Transition - Purine/Purine,G>A
85793652,rs1106789,AA,AA,AG,73,100,30,NC_000010.11,Mutation NB - Paternal Origin,Transition - Purine/Purine,Unsolved
86454579,rs189543991,GG,AA,GG,73,85,24,NC_000010.11,Mutation NB - Maternal Origin,Transition - Purine/Purine,A>G
86675369,rs12268509,GG,GG,AG,76,88,71,NC_000010.11,Mutation NB - Paternal Origin,Transition - Purine/Purine,Unsolved
86675375,rs12240646,CC,TT,TT,76,85,12,NC_000010.11,Mutation NB - Paternal Origin,Transition - Pyrimidine/Pyrimidine,C>T
86944178,.,TT,TT,TA,70,88,53,NC_000010.11,Mutation NB - Paternal Origin,Transition - Pyrimidine/Pyrimidine,Transversion - Purine/Pyrimidine,Unsolved
92405223,rs2260311,AA,GG,AA,76,100,21,NC_000010.11,Mutation NB - Maternal Origin,Transition - Purine/Purine,G>A
92839711,rs2490736,GA,AA,GG,1,85,18,NC_000010.11,Mutation NB - Maternal Origin,Transition - Purine/Purine,A>G
95263246,rs7895650,TT,CC,TT,91,88,0,NC_000010.11,Mutation NB - Maternal Origin,Transition - Pyrimidine/Pyrimidine,C>T
96486901,rs7919971,CC,GG,CC,79,79,30,NC_000010.11,Mutation NB - Maternal Origin,Transversion - Purine/Pyrimidine,G>C
96709750,rs3748229,AA,CC,AA,79,100,24,NC_000010.11,Mutation NB - Maternal Origin,Transversion - Purine/Pyrimidine,C>A
97074602,rs113523587,AA,AG,GG,43,1,18,NC_000010.11,Mutation NB - Paternal Origin,Transition - Purine/Purine,A>G
97371919,rs12269603,CC,TT,CC,43,64,18,NC_000010.11,Mutation NB - Maternal Origin,Transition - Pyrimidine/Pyrimidine,T>C
97452712,rs1212450094,GG,GG,GA,61,73,50,NC_000010.11,Mutation NB - Paternal Origin,Transition - Purine/Purine,Unsolved
100759903,rs34187063,TT,CC,CC,82,85,9,NC_000010.11,Mutation NB - Paternal Origin,Transition - Pyrimidine/Pyrimidine,T>C
100860740,rs4919504,CC,TT,TT,70,100,0,NC_000010.11,Mutation NB - Paternal Origin,Transition - Pyrimidine/Pyrimidine,C>T
102140972,rs61731871,GG,GG,AA,79,100,21,NC_000010.11,Mutation NB - Paternal Origin,Transition - Purine/Purine,Unsolved
102473758,rs112852659,GG,AA,GG,82,91,18,NC_000010.11,Mutation NB - Maternal Origin,Transition - Purine/Purine,A>G
102959621,rs10786729,GG,AA,GG,88,100,15,NC_000010.11,Mutation NB - Maternal Origin,Transition - Purine/Purine,A>G
103597080,rs7921536,AA,AA,AG,70,100,62,NC_000010.11,Mutation NB - Paternal Origin,Transition - Purine/Purine,Unsolved
103755873,.,TT,TT,TC,67,85,65,NC_000010.11,Mutation NB - Paternal Origin,Transition - Pyrimidine/Pyrimidine,Unsolved
105844867,rs994138,TT,TT,TC,91,88,68,NC_000010.11,Mutation NB - Maternal Origin,Transition - Pyrimidine/Pyrimidine,Unsolved
106014178,.,AA,AA,AG,46,73,41,NC_000010.11,Mutation NB - Paternal Origin,Transition - Purine/Purine,Unsolved
106750313,rs13376814,CC,GG,CC,91,91,30,NC_000010.11,Mutation NB - Maternal Origin,Transversion - Purine/Pyrimidine,G>C
106750324,rs13376819,GG,AA,GG,91,91,30,NC_000010.11,Mutation NB - Maternal Origin,Transition - Purine/Purine,A>G
108480626,rs11194111,TT,AA,TT,88,91,15,NC_000010.11,Mutation NB - Maternal Origin,Transversion - Purine/Pyrimidine,A>T
110473805,rs76303224,AA,CC,CC,91,88,12,NC_000010.11,Mutation NB - Paternal Origin,Transversion - Purine/Pyrimidine,A>C
113986591,rs138073982,GG,GG,GA,67,91,99,NC_000010.11,Mutation NB - Paternal Origin,Transition - Purine/Purine,Unsolved
114493106,rs2475228,GG,GG,AG,73,91,65,NC_000010.11,Mutation NB - Paternal Origin,Transition - Purine/Purine,Unsolved
116688152,rs3010463,AA,GA,GG,91,67,0,NC_000010.11,Mutation NB - Paternal Origin,Transition - Purine/Purine,A>G
120737537,rs12768108,AA,AA,AG,100,76,99,NC_000010.11,Mutation NB - Maternal Origin,Transition - Purine/Purine,Unsolved
120737582,rs12768806,GG,GG,GA,100,73,99,NC_000010.11,Mutation NB - Maternal Origin,Transition - Purine/Purine,Unsolved
121494732,.,AA,AA,AG,73,79,50,NC_000010.11,Mutation NB - Paternal Origin,Transition - Purine/Purine,Unsolved
121579140,rs2912778,GG,AA,AA,100,88,12,NC_000010.11,Mutation NB - Paternal Origin,Transition - Purine/Purine,G>A
121632864,rs7896565,CC,CC,CT,89,100,27,NC_000010.11,Mutation NB - Paternal Origin,Transition - Pyrimidine/Pyrimidine,Unsolved
122030013,rs7903174,CT,CC,TT,37,79,2,NC_000010.11,Mutation NB - Maternal Origin,Transversion - Purine/Pyrimidine,C>T
122125038,rs58163497,CC,CC,TT,100,100,24,NC_000010.11,Mutation NB - Paternal or Maternal,Transition - Pyrimidine/Pyrimidine,Unsolved
124540173,rs4962379,TC,CC,TT,67,82,0,NC_000010.11,Mutation NB - Maternal Origin,Transversion - Purine/Pyrimidine,C>T
125794195,rs41315014,TC,CC,TT,1,85,39,NC_000010.11,Mutation NB - Maternal Origin,Transversion - Purine/Pyrimidine,C>T
125872999,rs10794029,GG,GG,AG,46,91,95,NC_000010.11,Mutation NB - Paternal Origin,Transition - Purine/Purine,Unsolved
126495264,rs10901618,CC,CC,CT,100,73,99,NC_000010.11,Mutation NB - Maternal Origin,Transition - Pyrimidine/Pyrimidine,Unsolved
127260229,.,AA,AA,AG,52,91,44,NC_000010.11,Mutation NB - Paternal Origin,Transition - Purine/Purine,Unsolved
127413401,rs10830005,CC,CC,CG,43,100,99,NC_000010.11,Mutation NB - Paternal Origin,Transversion - Purine/Pyrimidine,Unsolved
128623898,rs4750984,CC,TT,CC,85,100,9,NC_000010.11,Mutation NB - Maternal Origin,Transition - Pyrimidine/Pyrimidine,T>C
128916999,rs116964644,AA,CC,CC,88,76,24,NC_000010.11,Mutation NB - Paternal Origin,Transversion - Purine/Pyrimidine,A>C
128980369,rs56246971,CC,TT,TT,82,76,36,NC_000010.11,Mutation NB - Paternal Origin,Transition - Pyrimidine/Pyrimidine,C>T
129352841,rs2676446,GG,AA,AA,82,91,9,NC_000010.11,Mutation NB - Paternal Origin,Transition - Purine/Purine,G>A
129543257,rs10764889,AA,GG,AA,43,100,21,NC_000010.11,Mutation NB - Maternal Origin,Transition - Purine/Purine,G>A
129651223,rs2026976,CC,GG,CC,70,76,24,NC_000010.11,Mutation NB - Maternal Origin,Transversion - Purine/Pyrimidine,G>C
130357296,.,TT,CC,TT,64,91,27,NC_000010.11,Mutation NB - Maternal Origin,Transition - Pyrimidine/Pyrimidine,C>T
130647864,rs1176439,TT,TT,TC,100,91,33,NC_000010.11,Mutation NB - Maternal Origin,Transition - Pyrimidine/Pyrimidine,Unsolved
130775031,rs150173237,AA,AA,AC,37,100,71,NC_000010.11,Mutation NB - Paternal Origin,Transversion - Purine/Pyrimidine,Unsolved
130891615,rs28687926,TT,TT,TC,88,100,98,NC_000010.11,Mutation NB - Paternal Origin,Transition - Pyrimidine/Pyrimidine,Unsolved
131125697,rs10829908,AG,GG,AA,53,85,0,NC_000010.11,Mutation NB - Maternal Origin,Transition - Purine/Purine,G>A
131519607,rs10765078,GG,GG,GA,70,100,72,NC_000010.11,Mutation NB - Paternal Origin,Transition - Purine/Purine,Unsolved
132423736,rs1881746,TC,CC,TT,60,88,12,NC_000010.11,Mutation NB - Maternal Origin,Transversion - Purine/Pyrimidine,C>T
133419430,rs2243619,CT,CC,TT,5,100,30,NC_000010.11,Mutation NB - Maternal Origin,Transversion - Purine/Pyrimidine,C>T
720197,rs3087546,TT,CT,CC,91,67,12,NC_000011.10,Mutation NB - Paternal Origin,Transition - Pyrimidine/Pyrimidine,T>C
884543,rs7479983,TT,CC,TT,82,91,0,NC_000011.10,Mutation NB - Maternal Origin,Transition - Pyrimidine/Pyrimidine,C>T
885330,rs12574605,AA,CC,CC,58,76,0,NC_000011.10,Mutation NB - Paternal Origin,Transversion - Purine/Pyrimidine,A>C
1251524,rs3021156,AA,AA,AG,76,100,99,NC_000011.10,Mutation NB - Paternal Origin,Transition - Purine/Purine,Unsolved
2534582,rs2074247,GG,GG,AG,79,88,98,NC_000011.10,Mutation NB - Paternal Origin,Transition - Purine/Purine,Unsolved
2535132,.,AA,AA,AG,19,70,51,NC_000011.10,Mutation NB - Paternal Origin,Transition - Purine/Purine,Unsolved
3108165,rs17178796,GG,GG,GA,79,100,65,NC_000011.10,Mutation NB - Paternal Origin,Transition - Purine/Purine,Unsolved
3589077,rs10834554,CC,GG,GG,88,91,12,NC_000011.10,Mutation NB - Paternal Origin,Transversion - Purine/Pyrimidine,C>G
3866313,rs17277579,GG,AA,AA,85,85,9,NC_000011.10,Mutation NB - Paternal Origin,Transition - Purine/Purine,G>A
5461160,rs7932643,TT,TT,TC,55,100,99,NC_000011.10,Mutation NB - Paternal Origin,Transition - Pyrimidine/Pyrimidine,Unsolved
9969223,rs10840337,GT,GG,TT,1,76,12,NC_000011.10,Mutation NB - Maternal Origin,Transversion - Purine/Pyrimidine,G>T
11182208,rs2655080,GG,AA,AA,91,85,9,NC_000011.10,Mutation NB - Paternal Origin,Transition - Purine/Purine,G>A
11271312,rs12282460,GG,GG,GT,67,100,99,NC_000011.10,Mutation NB - Paternal Origin,Transversion - Purine/Pyrimidine,Unsolved
11271317,rs12282401,CC,CC,CT,67,100,99,NC_000011.10,Mutation NB - Paternal Origin,Transition - Pyrimidine/Pyrimidine,Unsolved
11407603,rs11021836,GG,AA,GG,79,88,9,NC_000011.10,Mutation NB - Maternal Origin,Transition - Purine/Purine,A>G
11407616,rs11021837,AA,TT,AA,79,88,9,NC_000011.10,Mutation NB - Maternal Origin,Transversion - Purine/Pyrimidine,T>A
12880696,rs2304731,CC,CC,CA,55,100,68,NC_000011.10,Mutation NB - Paternal Origin,Transversion - Purine/Pyrimidine,Unsolved
13652065,rs1008372625,AA,AA,AG,85,88,30,NC_000011.10,Mutation NB - Paternal Origin,Transition - Purine/Purine,Unsolved
14743745,rs73412663,GG,GG,GA,100,85,58,NC_000011.10,Mutation NB - Maternal Origin,Transition - Purine/Purine,Unsolved
14938810,.,TT,TT,TA,49,76,59,NC_000011.10,Mutation NB - Paternal Origin,Transition - Pyrimidine/Pyrimidine,Transversion - Purine/Pyrimidine,Unsolved
24310074,rs10834310,GA,GG,AA,1,100,24,NC_000011.10,Mutation NB - Maternal Origin,Transition - Purine/Purine,G>A
25797514,rs11028937,TT,TT,TG,67,100,95,NC_000011.10,Mutation NB - Paternal Origin,Transition - Pyrimidine/Pyrimidine,Transversion - Purine/Pyrimidine,Unsolved
33536892,rs2179796,CC,CT,TT,100,1,27,NC_000011.10,Mutation NB - Paternal Origin,Transition - Pyrimidine/Pyrimidine,C>T
33864748,rs2038602,GG,AA,GG,76,88,18,NC_000011.10,Mutation NB - Maternal Origin,Transition - Purine/Purine,A>G
34260412,rs10768057,CC,CC,CT,76,100,68,NC_000011.10,Mutation NB - Paternal Origin,Transition - Pyrimidine/Pyrimidine,Unsolved
36081678,rs1138807,AA,AA,AG,82,100,99,NC_000011.10,Mutation NB - Paternal Origin,Transition - Purine/Purine,Unsolved
44334582,.,CC,CC,CT,70,79,47,NC_000011.10,Mutation NB - Paternal Origin,Transition - Pyrimidine/Pyrimidine,Unsolved
44851981,rs861354,GG,TT,GG,64,100,18,NC_000011.10,Mutation NB - Maternal Origin,Transition - Purine/Purine,Transversion - Purine/Pyrimidine,T>G
44866873,rs1412980582,AA,AA,AG,73,82,58,NC_000011.10,Mutation NB - Paternal Origin,Transition - Purine/Purine,Unsolved
45444764,rs2863702,GG,GG,AG,61,88,27,NC_000011.10,Mutation NB - Paternal Origin,Transition - Purine/Purine,Unsolved
45907883,rs2086731638,TT,TT,TC,64,82,41,NC_000011.10,Mutation NB - Paternal Origin,Transition - Pyrimidine/Pyrimidine,Unsolved
54838663,rs4528313,CC,GG,GG,85,91,0,NC_000011.10,Mutation NB - Paternal Origin,Transversion - Purine/Pyrimidine,C>G
56561213,rs10792042,AA,GG,AA,61,100,18,NC_000011.10,Mutation NB - Maternal Origin,Transition - Purine/Purine,G>A
57044607,.,TT,TT,TC,49,64,41,NC_000011.10,Mutation NB - Paternal Origin,Transition - Pyrimidine/Pyrimidine,Unsolved
57562284,.,TT,TT,TC,61,61,53,NC_000011.10,Mutation NB - Paternal or Maternal,Transition - Pyrimidine/Pyrimidine,Unsolved
61046911,rs175103,AA,GG,GG,85,88,18,NC_000011.10,Mutation NB - Paternal Origin,Transition - Purine/Purine,A>G
61428817,rs2943807,GG,GG,GA,100,100,71,NC_000011.10,Mutation NB - Paternal or Maternal,Transition - Purine/Purine,Unsolved
61446448,rs17702,TC,CC,TT,82,91,6,NC_000011.10,Mutation NB - Maternal Origin,Transversion - Purine/Pyrimidine,C>T
61940029,.,AA,AA,AG,76,82,47,NC_000011.10,Mutation NB - Paternal Origin,Transition - Purine/Purine,Unsolved
62242106,rs1945067121,AA,AA,AG,61,82,53,NC_000011.10,Mutation NB - Paternal Origin,Transition - Purine/Purine,Unsolved
64830034,rs3741395,TT,TT,TC,79,100,99,NC_000011.10,Mutation NB - Paternal Origin,Transition - Pyrimidine/Pyrimidine,Unsolved
65553309,rs4244811,AA,GG,GG,46,91,0,NC_000011.10,Mutation NB - Paternal Origin,Transition - Purine/Purine,A>G
65947733,rs71455793,GG,GG,GA,82,100,62,NC_000011.10,Mutation NB - Paternal Origin,Transition - Purine/Purine,Unsolved
66561406,rs607736,GG,AA,GG,67,91,21,NC_000011.10,Mutation NB - Maternal Origin,Transition - Purine/Purine,A>G
67258887,.,AA,AA,AG,76,73,65,NC_000011.10,Mutation NB - Maternal Origin,Transition - Purine/Purine,Unsolved
68018929,rs4244839,CC,TC,TT,91,1,24,NC_000011.10,Mutation NB - Paternal Origin,Transition - Pyrimidine/Pyrimidine,C>T
68689887,.,TT,TT,TC,76,70,41,NC_000011.10,Mutation NB - Maternal Origin,Transition - Pyrimidine/Pyrimidine,Unsolved
69638462,rs2510461,TT,TT,TC,79,91,61,NC_000011.10,Mutation NB - Paternal Origin,Transition - Pyrimidine/Pyrimidine,Unsolved
69759671,.,AA,AA,AG,85,82,53,NC_000011.10,Mutation NB - Maternal Origin,Transition - Purine/Purine,Unsolved
70882476,.,AA,AA,AG,82,85,47,NC_000011.10,Mutation NB - Paternal Origin,Transition - Purine/Purine,Unsolved
71061788,rs1052886668,AG,AA,GG,35,100,36,NC_000011.10,Mutation NB - Maternal Origin,Transition - Purine/Purine,A>G
74006076,rs2075576,CC,TT,CC,73,91,18,NC_000011.10,Mutation NB - Maternal Origin,Transition - Pyrimidine/Pyrimidine,T>C
74397905,rs11236096,GG,GG,GA,76,100,99,NC_000011.10,Mutation NB - Paternal Origin,Transition - Purine/Purine,Unsolved
76289196,rs61354318,TT,GG,TT,88,100,18,NC_000011.10,Mutation NB - Maternal Origin,Transversion - Purine/Pyrimidine,G>T
77063728,.,GG,GG,GA,73,73,56,NC_000011.10,Mutation NB - Paternal or Maternal,Transition - Purine/Purine,Unsolved
78109250,.,TT,TT,TC,64,73,53,NC_000011.10,Mutation NB - Paternal Origin,Transition - Pyrimidine/Pyrimidine,Unsolved
78639205,rs7944275,TT,CC,TT,73,91,15,NC_000011.10,Mutation NB - Maternal Origin,Transition - Pyrimidine/Pyrimidine,C>T
78639260,rs7944369,TT,CC,TT,67,91,15,NC_000011.10,Mutation NB - Maternal Origin,Transition - Pyrimidine/Pyrimidine,C>T
78883702,rs533924,GG,CC,GG,76,85,21,NC_000011.10,Mutation NB - Maternal Origin,Transversion - Purine/Pyrimidine,C>G
79295447,rs56680264,CC,TT,TT,100,82,30,NC_000011.10,Mutation NB - Paternal Origin,Transition - Pyrimidine/Pyrimidine,C>T
81588822,rs1945715,AA,GG,AA,91,85,9,NC_000011.10,Mutation NB - Maternal Origin,Transition - Purine/Purine,G>A
81744577,rs796336404,GG,GG,GA,79,100,75,NC_000011.10,Mutation NB - Paternal Origin,Transition - Purine/Purine,Unsolved
83304155,rs476453,GG,AA,GG,91,100,24,NC_000011.10,Mutation NB - Maternal Origin,Transition - Purine/Purine,A>G
86472374,rs2446224,TC,CC,TT,33,91,8,NC_000011.10,Mutation NB - Maternal Origin,Transversion - Purine/Pyrimidine,C>T
94359369,rs12795443,CC,CC,TT,100,88,9,NC_000011.10,Mutation NB - Maternal Origin,Transition - Pyrimidine/Pyrimidine,Unsolved
94618722,rs584426,TT,AA,TT,67,91,30,NC_000011.10,Mutation NB - Maternal Origin,Transversion - Purine/Pyrimidine,A>T
98184799,rs11214253,CC,TT,TT,61,73,0,NC_000011.10,Mutation NB - Paternal Origin,Transition - Pyrimidine/Pyrimidine,C>T
98910486,rs79169095,AA,AA,AG,79,100,99,NC_000011.10,Mutation NB - Paternal Origin,Transition - Purine/Purine,Unsolved
100627799,rs11224330,CC,CC,CA,79,91,91,NC_000011.10,Mutation NB - Paternal Origin,Transversion - Purine/Pyrimidine,Unsolved
103495954,rs11225837,CC,GG,CC,82,91,9,NC_000011.10,Mutation NB - Maternal Origin,Transversion - Purine/Pyrimidine,G>C
106856074,rs11211947,TT,TT,TC,82,91,61,NC_000011.10,Mutation NB - Paternal Origin,Transition - Pyrimidine/Pyrimidine,Unsolved
118146266,rs3018387,AA,TT,AA,88,91,9,NC_000011.10,Mutation NB - Maternal Origin,Transversion - Purine/Pyrimidine,T>A
118156687,rs75955388,CC,TT,CC,67,88,9,NC_000011.10,Mutation NB - Maternal Origin,Transition - Pyrimidine/Pyrimidine,T>C
118284285,rs58520343,TT,AA,AA,82,79,0,NC_000011.10,Mutation NB - Paternal Origin,Transversion - Purine/Pyrimidine,T>A
119449101,rs66461646,TT,TC,CC,88,32,9,NC_000011.10,Mutation NB - Paternal Origin,Transition - Pyrimidine/Pyrimidine,T>C
119669760,rs7118532,AA,GG,GG,73,91,27,NC_000011.10,Mutation NB - Paternal Origin,Transition - Purine/Purine,A>G
121875248,.,GG,GG,GA,76,79,53,NC_000011.10,Mutation NB - Paternal Origin,Transition - Purine/Purine,Unsolved
127157192,rs80164632,GG,GG,GA,64,100,99,NC_000011.10,Mutation NB - Paternal Origin,Transition - Purine/Purine,Unsolved
127247385,rs2592929,GG,GG,GT,49,88,99,NC_000011.10,Mutation NB - Paternal Origin,Transversion - Purine/Pyrimidine,Unsolved
127255460,rs139100355,GG,GG,GA,76,100,99,NC_000011.10,Mutation NB - Paternal Origin,Transition - Purine/Purine,Unsolved
129345445,rs12280857,AA,GG,GG,91,88,18,NC_000011.10,Mutation NB - Paternal Origin,Transition - Purine/Purine,A>G
130462418,rs61300224,CC,AA,CC,91,91,0,NC_000011.10,Mutation NB - Maternal Origin,Transversion - Purine/Pyrimidine,A>C
130796958,.,TT,TT,TC,73,82,50,NC_000011.10,Mutation NB - Paternal Origin,Transition - Pyrimidine/Pyrimidine,Unsolved
131614384,rs4076811,TT,AA,TT,79,100,24,NC_000011.10,Mutation NB - Maternal Origin,Transversion - Purine/Pyrimidine,A>T
131636400,rs9667321,CC,CC,CT,91,88,99,NC_000011.10,Mutation NB - Maternal Origin,Transition - Pyrimidine/Pyrimidine,Unsolved
132402405,rs35226152,CT,CC,TT,7,100,15,NC_000011.10,Mutation NB - Maternal Origin,Transversion - Purine/Pyrimidine,C>T
133908267,.,TT,TT,TC,100,100,99,NC_000011.10,Mutation NB - Paternal or Maternal,Transition - Pyrimidine/Pyrimidine,Unsolved
1644678,rs2240513,TT,CC,TT,88,100,9,NC_000012.12,Mutation NB - Maternal Origin,Transition - Pyrimidine/Pyrimidine,C>T
3144602,rs7298272,CC,TT,CC,58,85,0,NC_000012.12,Mutation NB - Maternal Origin,Transition - Pyrimidine/Pyrimidine,T>C
3209216,rs2878484,CC,CT,TT,100,76,27,NC_000012.12,Mutation NB - Paternal Origin,Transition - Pyrimidine/Pyrimidine,C>T
4444503,rs2970828,TT,TT,TC,61,100,65,NC_000012.12,Mutation NB - Paternal Origin,Transition - Pyrimidine/Pyrimidine,Unsolved
10551751,rs10772314,AA,TT,TT,91,91,21,NC_000012.12,Mutation NB - Paternal Origin,Transversion - Purine/Pyrimidine,A>T
14320436,rs11055924,GG,CC,GG,67,85,21,NC_000012.12,Mutation NB - Maternal Origin,Transversion - Purine/Pyrimidine,C>G
17666403,.,TT,TT,TC,88,82,62,NC_000012.12,Mutation NB - Maternal Origin,Transition - Pyrimidine/Pyrimidine,Unsolved
20346180,.,AA,AA,AG,100,91,51,NC_000012.12,Mutation NB - Maternal Origin,Transition - Purine/Purine,Unsolved
26710985,rs7296621,CC,AA,AA,85,79,18,NC_000012.12,Mutation NB - Paternal Origin,Transversion - Purine/Pyrimidine,C>A
30192496,rs10771655,TT,TT,CT,79,91,61,NC_000012.12,Mutation NB - Paternal Origin,Transition - Pyrimidine/Pyrimidine,Unsolved
30367070,.,CC,CC,CA,82,79,65,NC_000012.12,Mutation NB - Maternal Origin,Transversion - Purine/Pyrimidine,Unsolved
32757628,rs902035229,AA,AA,AG,76,85,49,NC_000012.12,Mutation NB - Paternal Origin,Transition - Purine/Purine,Unsolved
38971194,.,TT,TT,TG,85,88,40,NC_000012.12,Mutation NB - Paternal Origin,Transition - Pyrimidine/Pyrimidine,Transversion - Purine/Pyrimidine,Unsolved
42610290,rs10785355,CC,TT,TT,100,76,9,NC_000012.12,Mutation NB - Paternal Origin,Transition - Pyrimidine/Pyrimidine,C>T
45495302,rs1035630835,CC,AA,CC,73,91,9,NC_000012.12,Mutation NB - Maternal Origin,Transversion - Purine/Pyrimidine,A>C
45495326,rs2408319,TG,GG,TT,1,91,0,NC_000012.12,Mutation NB - Maternal Origin,Transversion - Purine/Pyrimidine,G>T
46048582,rs7301249,CC,TT,CC,91,91,9,NC_000012.12,Mutation NB - Maternal Origin,Transition - Pyrimidine/Pyrimidine,T>C
48041497,rs11168370,AC,AA,CC,44,88,18,NC_000012.12,Mutation NB - Maternal Origin,A>C
51638878,.,AA,AA,AT,64,76,54,NC_000012.12,Mutation NB - Paternal Origin,Transversion - Purine/Pyrimidine,Unsolved
52186286,rs1574409,GG,GT,TT,100,31,12,NC_000012.12,Mutation NB - Paternal Origin,Transversion - Purine/Pyrimidine,G>T
52250628,rs12581578,GG,AA,GG,85,100,27,NC_000012.12,Mutation NB - Maternal Origin,Transition - Purine/Purine,A>G
52742155,rs4761952,AA,GG,AA,76,82,0,NC_000012.12,Mutation NB - Maternal Origin,Transition - Purine/Purine,G>A
53055951,rs2364153,TC,TT,CC,1,100,9,NC_000012.12,Mutation NB - Maternal Origin,Transition - Pyrimidine/Pyrimidine,T>C
54686597,rs10161050,AC,AA,CC,1,91,12,NC_000012.12,Mutation NB - Maternal Origin,A>C
61357254,rs35473666,GG,GG,GC,85,100,99,NC_000012.12,Mutation NB - Paternal Origin,Transition - Purine/Purine,Transversion - Purine/Pyrimidine,Unsolved
62098256,rs10877791,AA,AA,AG,100,79,99,NC_000012.12,Mutation NB - Maternal Origin,Transition - Purine/Purine,Unsolved
62769239,rs337520,AA,GG,AA,91,85,24,NC_000012.12,Mutation NB - Maternal Origin,Transition - Purine/Purine,G>A
69412147,rs7296229,GG,GG,AA,91,100,15,NC_000012.12,Mutation NB - Paternal Origin,Transition - Purine/Purine,Unsolved
72938299,rs1115959,CC,CC,CT,100,82,99,NC_000012.12,Mutation NB - Maternal Origin,Transition - Pyrimidine/Pyrimidine,Unsolved
73645463,rs1156727,AA,CC,AA,46,100,33,NC_000012.12,Mutation NB - Maternal Origin,Transversion - Purine/Pyrimidine,C>A
76738796,rs12315127,CT,CC,TT,70,91,12,NC_000012.12,Mutation NB - Maternal Origin,Transversion - Purine/Pyrimidine,C>T
78530261,.,CC,CC,CA,67,82,44,NC_000012.12,Mutation NB - Paternal Origin,Transversion - Purine/Pyrimidine,Unsolved
78672356,.,AA,AA,AG,70,70,41,NC_000012.12,Mutation NB - Paternal or Maternal,Transition - Purine/Purine,Unsolved
83143388,rs56092915,GG,CC,CC,88,88,12,NC_000012.12,Mutation NB - Paternal Origin,Transversion - Purine/Pyrimidine,G>C
83696353,rs4514501,TT,TA,AA,55,1,21,NC_000012.12,Mutation NB - Paternal Origin,Transversion - Purine/Pyrimidine,T>A
85857263,rs61930868,GG,GG,GA,76,100,99,NC_000012.12,Mutation NB - Paternal Origin,Transition - Purine/Purine,Unsolved
89786818,rs10858929,TT,AA,TT,52,100,18,NC_000012.12,Mutation NB - Maternal Origin,Transversion - Purine/Pyrimidine,A>T
90913883,rs117045950,TT,TT,TC,100,82,99,NC_000012.12,Mutation NB - Maternal Origin,Transition - Pyrimidine/Pyrimidine,Unsolved
93325031,.,TT,TT,TC,67,79,62,NC_000012.12,Mutation NB - Paternal Origin,Transition - Pyrimidine/Pyrimidine,Unsolved
94494952,rs7968508,GG,AA,GG,76,82,0,NC_000012.12,Mutation NB - Maternal Origin,Transition - Purine/Purine,A>G
94823583,rs6538544,GG,GG,AG,91,82,15,NC_000012.12,Mutation NB - Maternal Origin,Transition - Purine/Purine,Unsolved
99039831,.,CC,CC,CA,64,79,33,NC_000012.12,Mutation NB - Paternal Origin,Transversion - Purine/Pyrimidine,Unsolved
99390895,rs73151162,GG,GG,GA,100,76,99,NC_000012.12,Mutation NB - Maternal Origin,Transition - Purine/Purine,Unsolved
100159316,.,CC,CC,CT,70,67,52,NC_000012.12,Mutation NB - Maternal Origin,Transition - Pyrimidine/Pyrimidine,Unsolved
104780523,rs2245929,CC,CC,CT,67,100,72,NC_000012.12,Mutation NB - Paternal Origin,Transition - Pyrimidine/Pyrimidine,Unsolved
104780542,rs2245927,CC,CC,CT,64,100,72,NC_000012.12,Mutation NB - Paternal Origin,Transition - Pyrimidine/Pyrimidine,Unsolved
104784788,rs2468082,GG,GG,GA,67,76,99,NC_000012.12,Mutation NB - Paternal Origin,Transition - Purine/Purine,Unsolved
106102393,rs11112866,AG,GG,AA,44,82,0,NC_000012.12,Mutation NB - Maternal Origin,Transition - Purine/Purine,G>A
106753764,rs10861659,TC,TT,CC,1,82,18,NC_000012.12,Mutation NB - Maternal Origin,Transition - Pyrimidine/Pyrimidine,T>C
108301405,rs11113807,CC,GG,GG,91,91,0,NC_000012.12,Mutation NB - Paternal Origin,Transversion - Purine/Pyrimidine,C>G
110052297,rs10849686,CC,TT,TT,64,88,9,NC_000012.12,Mutation NB - Paternal Origin,Transition - Pyrimidine/Pyrimidine,C>T
111762346,rs2013002,TT,CC,TT,100,88,15,NC_000012.12,Mutation NB - Maternal Origin,Transition - Pyrimidine/Pyrimidine,C>T
113039698,rs2245511,CC,CT,TT,100,70,9,NC_000012.12,Mutation NB - Paternal Origin,Transition - Pyrimidine/Pyrimidine,C>T
114423003,rs1248065,TT,AA,TT,85,85,15,NC_000012.12,Mutation NB - Maternal Origin,Transversion - Purine/Pyrimidine,A>T
114745015,rs558222241,GG,GA,AA,91,67,12,NC_000012.12,Mutation NB - Paternal Origin,Transition - Purine/Purine,G>A
115080708,.,AA,AA,AG,67,82,49,NC_000012.12,Mutation NB - Paternal Origin,Transition - Purine/Purine,Unsolved
115983481,rs1174478412,TT,TT,TC,82,79,59,NC_000012.12,Mutation NB - Maternal Origin,Transition - Pyrimidine/Pyrimidine,Unsolved
116228398,rs569593716,CC,CC,CT,100,88,99,NC_000012.12,Mutation NB - Maternal Origin,Transition - Pyrimidine/Pyrimidine,Unsolved
117308372,rs35555584,AA,AA,AC,73,100,68,NC_000012.12,Mutation NB - Paternal Origin,Transversion - Purine/Pyrimidine,Unsolved
117643400,rs1976754,CC,TT,CC,67,100,18,NC_000012.12,Mutation NB - Maternal Origin,Transition - Pyrimidine/Pyrimidine,T>C
118057938,rs11068795,AA,AA,CC,91,100,2,NC_000012.12,Mutation NB - Paternal Origin,Transversion - Purine/Pyrimidine,Unsolved
119094625,rs7314453,TT,TT,TC,88,100,57,NC_000012.12,Mutation NB - Paternal Origin,Transition - Pyrimidine/Pyrimidine,Unsolved
120715164,rs556001,AA,GG,AA,70,85,0,NC_000012.12,Mutation NB - Maternal Origin,Transition - Purine/Purine,G>A
120993469,rs2071190,AA,TT,AA,64,100,15,NC_000012.12,Mutation NB - Maternal Origin,Transversion - Purine/Pyrimidine,T>A
123961706,rs34878139,CC,TC,TT,88,67,0,NC_000012.12,Mutation NB - Paternal Origin,Transition - Pyrimidine/Pyrimidine,C>T
124458337,rs1243885,GG,GG,GC,61,91,65,NC_000012.12,Mutation NB - Paternal Origin,Transition - Purine/Purine,Transversion - Purine/Pyrimidine,Unsolved
124758465,rs701102,AG,GG,AA,79,91,5,NC_000012.12,Mutation NB - Maternal Origin,Transition - Purine/Purine,G>A
129029711,rs3847763,CC,GG,CC,91,91,9,NC_000012.12,Mutation NB - Maternal Origin,Transversion - Purine/Pyrimidine,G>C
131122207,rs1211609,CC,GG,GG,100,73,9,NC_000012.12,Mutation NB - Paternal Origin,Transversion - Purine/Pyrimidine,C>G
131229354,rs12815320,TG,TT,GG,1,91,12,NC_000012.12,Mutation NB - Maternal Origin,Transversion - Purine/Pyrimidine,T>G
131348864,.,AA,AA,AG,88,73,53,NC_000012.12,Mutation NB - Maternal Origin,Transition - Purine/Purine,Unsolved
131622076,rs73158978,AA,AG,GG,82,46,27,NC_000012.12,Mutation NB - Paternal Origin,Transition - Purine/Purine,A>G
132578758,.,TT,TT,TC,70,91,59,NC_000012.12,Mutation NB - Paternal Origin,Transition - Pyrimidine/Pyrimidine,Unsolved
132595335,rs6560888,AA,GA,GG,85,32,9,NC_000012.12,Mutation NB - Paternal Origin,Transition - Purine/Purine,A>G
132966671,rs61951613,TT,CC,TT,85,85,9,NC_000012.12,Mutation NB - Maternal Origin,Transition - Pyrimidine/Pyrimidine,C>T
18969775,rs9551000,GA,GG,AA,1,100,27,NC_000013.11,Mutation NB - Maternal Origin,Transition - Purine/Purine,G>A
20227705,rs945366,AG,AA,GG,70,100,9,NC_000013.11,Mutation NB - Maternal Origin,Transition - Purine/Purine,A>G
20236211,rs9550623,AA,GG,AA,52,76,15,NC_000013.11,Mutation NB - Maternal Origin,Transition - Purine/Purine,G>A
23178341,rs55950211,GG,GG,GA,100,79,99,NC_000013.11,Mutation NB - Maternal Origin,Transition - Purine/Purine,Unsolved
23677817,rs141204290,CT,CC,TT,1,76,15,NC_000013.11,Mutation NB - Maternal Origin,Transversion - Purine/Pyrimidine,C>T
24607051,.,AA,AA,AG,70,91,48,NC_000013.11,Mutation NB - Paternal Origin,Transition - Purine/Purine,Unsolved
24692882,.,GG,GG,GA,64,67,62,NC_000013.11,Mutation NB - Paternal Origin,Transition - Purine/Purine,Unsolved
27055091,rs11839961,AA,CC,AA,79,91,12,NC_000013.11,Mutation NB - Maternal Origin,Transversion - Purine/Pyrimidine,C>A
28506509,rs9551479,AA,AA,AG,85,88,62,NC_000013.11,Mutation NB - Paternal Origin,Transition - Purine/Purine,Unsolved
30979531,.,CC,CC,CT,52,85,46,NC_000013.11,Mutation NB - Paternal Origin,Transition - Pyrimidine/Pyrimidine,Unsolved
31187978,.,CC,CC,CT,82,85,65,NC_000013.11,Mutation NB - Paternal Origin,Transition - Pyrimidine/Pyrimidine,Unsolved
32577986,rs113789824,TT,TT,TG,73,100,71,NC_000013.11,Mutation NB - Paternal Origin,Transition - Pyrimidine/Pyrimidine,Transversion - Purine/Pyrimidine,Unsolved
33788552,rs1047040283,CC,CC,CA,91,100,27,NC_000013.11,Mutation NB - Paternal Origin,Transversion - Purine/Pyrimidine,Unsolved
35988873,rs9531314,CC,CC,CT,100,91,98,NC_000013.11,Mutation NB - Maternal Origin,Transition - Pyrimidine/Pyrimidine,Unsolved
44591570,.,TT,TT,TA,64,79,40,NC_000013.11,Mutation NB - Paternal Origin,Transition - Pyrimidine/Pyrimidine,Transversion - Purine/Pyrimidine,Unsolved
45043642,rs12870946,CC,TC,TT,85,1,0,NC_000013.11,Mutation NB - Paternal Origin,Transition - Pyrimidine/Pyrimidine,C>T
46339281,rs674754,CT,TT,CC,44,91,0,NC_000013.11,Mutation NB - Maternal Origin,Transition - Pyrimidine/Pyrimidine,T>C
47643961,rs1172421,TT,TT,TA,100,91,58,NC_000013.11,Mutation NB - Maternal Origin,Transition - Pyrimidine/Pyrimidine,Transversion - Purine/Pyrimidine,Unsolved
49497659,.,AA,AA,AG,91,85,62,NC_000013.11,Mutation NB - Maternal Origin,Transition - Purine/Purine,Unsolved
49985922,rs17073655,TC,TT,CC,38,85,15,NC_000013.11,Mutation NB - Maternal Origin,Transition - Pyrimidine/Pyrimidine,T>C
50728174,rs3118077,GG,AA,AA,91,82,24,NC_000013.11,Mutation NB - Paternal Origin,Transition - Purine/Purine,G>A
50793360,rs1876021413,TT,TT,TC,73,79,44,NC_000013.11,Mutation NB - Paternal Origin,Transition - Pyrimidine/Pyrimidine,Unsolved
54786985,rs7333141,CC,CC,CT,58,100,99,NC_000013.11,Mutation NB - Paternal Origin,Transition - Pyrimidine/Pyrimidine,Unsolved
60349896,rs7320601,GG,GG,GA,55,88,62,NC_000013.11,Mutation NB - Paternal Origin,Transition - Purine/Purine,Unsolved
61008119,rs12875533,AA,GG,GG,70,88,18,NC_000013.11,Mutation NB - Paternal Origin,Transition - Purine/Purine,A>G
62379625,rs983345651,AA,AA,AG,55,73,49,NC_000013.11,Mutation NB - Paternal Origin,Transition - Purine/Purine,Unsolved
64077602,rs398079,CC,TC,TT,64,1,0,NC_000013.11,Mutation NB - Paternal Origin,Transition - Pyrimidine/Pyrimidine,C>T
70565031,rs9529778,TT,CC,TT,88,100,9,NC_000013.11,Mutation NB - Maternal Origin,Transition - Pyrimidine/Pyrimidine,C>T
70565051,rs9529779,AA,GG,AA,88,100,9,NC_000013.11,Mutation NB - Maternal Origin,Transition - Purine/Purine,G>A
74718697,rs9565117,AA,GG,AA,91,100,27,NC_000013.11,Mutation NB - Maternal Origin,Transition - Purine/Purine,G>A
75641294,.,AA,AA,AG,85,76,56,NC_000013.11,Mutation NB - Maternal Origin,Transition - Purine/Purine,Unsolved
79433091,rs314692,GG,CC,GG,88,91,12,NC_000013.11,Mutation NB - Maternal Origin,Transversion - Purine/Pyrimidine,C>G
82813037,rs1196681681,AA,AA,AG,82,79,57,NC_000013.11,Mutation NB - Maternal Origin,Transition - Purine/Purine,Unsolved
82957584,rs9565829,AA,AA,AG,43,82,94,NC_000013.11,Mutation NB - Paternal Origin,Transition - Purine/Purine,Unsolved
87446836,rs4772027,CC,AC,AA,79,29,0,NC_000013.11,Mutation NB - Paternal Origin,Transversion - Purine/Pyrimidine,C>A
88591934,rs12866862,AA,GG,GG,79,88,15,NC_000013.11,Mutation NB - Paternal Origin,Transition - Purine/Purine,A>G
91887448,rs2352191,TT,TT,TG,85,91,30,NC_000013.11,Mutation NB - Paternal Origin,Transition - Pyrimidine/Pyrimidine,Transversion - Purine/Pyrimidine,Unsolved
94155333,rs497636,CC,TT,CC,79,88,27,NC_000013.11,Mutation NB - Maternal Origin,Transition - Pyrimidine/Pyrimidine,T>C
99955089,rs11069388,TT,GG,GG,91,88,9,NC_000013.11,Mutation NB - Paternal Origin,Transversion - Purine/Pyrimidine,T>G
100715016,rs1765745,AA,GG,GG,100,85,21,NC_000013.11,Mutation NB - Paternal Origin,Transition - Purine/Purine,A>G
102647744,rs376768718,GG,GG,GA,91,100,65,NC_000013.11,Mutation NB - Paternal Origin,Transition - Purine/Purine,Unsolved
109061048,rs1929298,GC,CC,GG,1,79,9,NC_000013.11,Mutation NB - Maternal Origin,Transversion - Purine/Pyrimidine,C>G
109271591,rs869914,CC,CC,TC,88,91,65,NC_000013.11,Mutation NB - Paternal Origin,Transition - Pyrimidine/Pyrimidine,Unsolved
110090572,rs7988988,AA,AA,GG,85,100,12,NC_000013.11,Mutation NB - Paternal Origin,Transition - Purine/Purine,Unsolved
110193158,rs686746,CT,CC,TT,67,100,21,NC_000013.11,Mutation NB - Maternal Origin,Transversion - Purine/Pyrimidine,C>T
110338938,rs7322495,TT,CT,CC,91,38,0,NC_000013.11,Mutation NB - Paternal Origin,Transition - Pyrimidine/Pyrimidine,T>C
111656663,rs4773418,CC,TT,TT,79,91,0,NC_000013.11,Mutation NB - Paternal Origin,Transition - Pyrimidine/Pyrimidine,C>T
112892885,rs1278775,AA,GG,AA,73,88,30,NC_000013.11,Mutation NB - Maternal Origin,Transition - Purine/Purine,G>A
112928837,rs7338357,GG,GG,GA,55,100,99,NC_000013.11,Mutation NB - Paternal Origin,Transition - Purine/Purine,Unsolved
113803204,rs9550235,GG,AA,AA,79,100,0,NC_000013.11,Mutation NB - Paternal Origin,Transition - Purine/Purine,G>A
19892473,rs1686623,TT,TT,TC,100,85,93,NC_000014.9,Mutation NB - Maternal Origin,Transition - Pyrimidine/Pyrimidine,Unsolved
20966160,rs8019548,CC,TT,CC,88,91,15,NC_000014.9,Mutation NB - Maternal Origin,Transition - Pyrimidine/Pyrimidine,T>C
20966212,rs2771327,TT,CC,CC,88,91,12,NC_000014.9,Mutation NB - Paternal Origin,Transition - Pyrimidine/Pyrimidine,T>C
21058374,rs1368400320,TT,TT,TC,64,67,59,NC_000014.9,Mutation NB - Paternal Origin,Transition - Pyrimidine/Pyrimidine,Unsolved
21846568,rs9635201,TC,TT,CC,1,91,24,NC_000014.9,Mutation NB - Maternal Origin,Transition - Pyrimidine/Pyrimidine,T>C
21846695,rs9635202,CT,CC,TT,1,100,27,NC_000014.9,Mutation NB - Maternal Origin,Transversion - Purine/Pyrimidine,C>T
23392602,rs365990,AG,AA,GG,41,100,21,NC_000014.9,Mutation NB - Maternal Origin,Transition - Purine/Purine,A>G
23630107,rs222727,TA,AA,TT,32,76,0,NC_000014.9,Mutation NB - Maternal Origin,Transversion - Purine/Pyrimidine,A>T
30755972,rs179557,TC,CC,TT,35,64,0,NC_000014.9,Mutation NB - Maternal Origin,Transversion - Purine/Pyrimidine,C>T
31974140,rs4981942,AG,AA,GG,1,100,21,NC_000014.9,Mutation NB - Maternal Origin,Transition - Purine/Purine,A>G
34241943,rs10148635,CC,CC,CT,64,100,99,NC_000014.9,Mutation NB - Paternal Origin,Transition - Pyrimidine/Pyrimidine,Unsolved
36123757,rs7156260,AA,GG,AA,76,100,18,NC_000014.9,Mutation NB - Maternal Origin,Transition - Purine/Purine,G>A
36123775,rs7157269,CC,TT,CC,76,100,18,NC_000014.9,Mutation NB - Maternal Origin,Transition - Pyrimidine/Pyrimidine,T>C
38321207,.,GG,GG,GA,88,61,43,NC_000014.9,Mutation NB - Maternal Origin,Transition - Purine/Purine,Unsolved
39091022,.,CC,CC,CT,85,73,65,NC_000014.9,Mutation NB - Maternal Origin,Transition - Pyrimidine/Pyrimidine,Unsolved
42571072,rs12878925,GC,GG,CC,34,85,9,NC_000014.9,Mutation NB - Maternal Origin,Transversion - Purine/Pyrimidine,G>C
43359703,rs7159813,GG,AA,GG,73,82,0,NC_000014.9,Mutation NB - Maternal Origin,Transition - Purine/Purine,A>G
44446580,.,TT,TT,TC,73,91,41,NC_000014.9,Mutation NB - Paternal Origin,Transition - Pyrimidine/Pyrimidine,Unsolved
45412007,.,TT,TT,TC,85,91,62,NC_000014.9,Mutation NB - Paternal Origin,Transition - Pyrimidine/Pyrimidine,Unsolved
47089524,rs2148511,AA,TT,AA,82,91,9,NC_000014.9,Mutation NB - Maternal Origin,Transversion - Purine/Pyrimidine,T>A
47242830,rs8023172,CC,TT,TT,100,85,18,NC_000014.9,Mutation NB - Paternal Origin,Transition - Pyrimidine/Pyrimidine,C>T
47845582,rs72675382,AA,AA,AG,70,100,33,NC_000014.9,Mutation NB - Paternal Origin,Transition - Purine/Purine,Unsolved
53145302,rs10139698,AA,CC,AA,82,100,27,NC_000014.9,Mutation NB - Maternal Origin,Transversion - Purine/Pyrimidine,C>A
55395172,rs17742886,GG,GG,GA,100,82,66,NC_000014.9,Mutation NB - Maternal Origin,Transition - Purine/Purine,Unsolved
57352532,rs1256812281,TT,TT,TC,64,88,46,NC_000014.9,Mutation NB - Paternal Origin,Transition - Pyrimidine/Pyrimidine,Unsolved
57484818,rs61997493,CT,CC,TT,7,100,30,NC_000014.9,Mutation NB - Maternal Origin,Transversion - Purine/Pyrimidine,C>T
57484821,rs61997494,GT,GG,TT,7,100,30,NC_000014.9,Mutation NB - Maternal Origin,Transversion - Purine/Pyrimidine,G>T
58255821,rs6573196,GG,GG,AA,91,76,0,NC_000014.9,Mutation NB - Maternal Origin,Transition - Purine/Purine,Unsolved
60042081,rs219419,CC,AA,CC,82,100,12,NC_000014.9,Mutation NB - Maternal Origin,Transversion - Purine/Pyrimidine,A>C
63293116,rs15605,GG,AA,GG,85,91,9,NC_000014.9,Mutation NB - Maternal Origin,Transition - Purine/Purine,A>G
67246340,rs1073605,AA,GG,AA,88,91,0,NC_000014.9,Mutation NB - Maternal Origin,Transition - Purine/Purine,G>A
69345594,.,AA,AA,AG,79,85,48,NC_000014.9,Mutation NB - Paternal Origin,Transition - Purine/Purine,Unsolved
69527504,rs17107058,CC,TT,CC,91,91,18,NC_000014.9,Mutation NB - Maternal Origin,Transition - Pyrimidine/Pyrimidine,T>C
69570894,rs7494244,TT,AA,AA,76,91,9,NC_000014.9,Mutation NB - Paternal Origin,Transversion - Purine/Pyrimidine,T>A
69843058,rs10149496,TT,TT,TC,88,76,99,NC_000014.9,Mutation NB - Maternal Origin,Transition - Pyrimidine/Pyrimidine,Unsolved
72095282,rs2239264,GG,GG,GA,85,100,92,NC_000014.9,Mutation NB - Paternal Origin,Transition - Purine/Purine,Unsolved
72634149,rs74446218,CC,TT,CC,67,91,27,NC_000014.9,Mutation NB - Maternal Origin,Transition - Pyrimidine/Pyrimidine,T>C
72701545,rs56775478,GG,GG,GA,82,100,29,NC_000014.9,Mutation NB - Paternal Origin,Transition - Purine/Purine,Unsolved
72871935,.,AA,AA,AG,91,88,39,NC_000014.9,Mutation NB - Maternal Origin,Transition - Purine/Purine,Unsolved
73244965,rs2280794,TT,GG,GG,91,91,18,NC_000014.9,Mutation NB - Paternal Origin,Transversion - Purine/Pyrimidine,T>G
74257309,rs10137199,CC,TT,TT,79,100,0,NC_000014.9,Mutation NB - Paternal Origin,Transition - Pyrimidine/Pyrimidine,C>T
74861544,rs2359240,TT,CC,TT,100,91,12,NC_000014.9,Mutation NB - Maternal Origin,Transition - Pyrimidine/Pyrimidine,C>T
75097956,rs1071989,TT,GG,GG,91,100,0,NC_000014.9,Mutation NB - Paternal Origin,Transversion - Purine/Pyrimidine,T>G
75379374,rs11628633,TT,CC,TT,79,55,18,NC_000014.9,Mutation NB - Maternal Origin,Transition - Pyrimidine/Pyrimidine,C>T
76124801,rs727736,GG,AA,GG,79,88,9,NC_000014.9,Mutation NB - Maternal Origin,Transition - Purine/Purine,A>G
76391494,rs547446695,GG,GG,GA,79,73,51,NC_000014.9,Mutation NB - Maternal Origin,Transition - Purine/Purine,Unsolved
77126752,.,GG,GG,GA,85,79,40,NC_000014.9,Mutation NB - Maternal Origin,Transition - Purine/Purine,Unsolved
77707548,.,TT,TT,TC,88,85,51,NC_000014.9,Mutation NB - Maternal Origin,Transition - Pyrimidine/Pyrimidine,Unsolved
79079237,.,AA,AA,AG,49,79,44,NC_000014.9,Mutation NB - Paternal Origin,Transition - Purine/Purine,Unsolved
81306688,rs12588234,AA,CC,AA,88,100,18,NC_000014.9,Mutation NB - Maternal Origin,Transversion - Purine/Pyrimidine,C>A
85011921,rs57543927,AA,GG,GG,85,76,27,NC_000014.9,Mutation NB - Paternal Origin,Transition - Purine/Purine,A>G
85011933,rs4904227,GG,GG,GA,85,95,67,NC_000014.9,Mutation NB - Paternal Origin,Transition - Purine/Purine,Unsolved
91189104,rs12895348,GG,GG,GA,58,82,47,NC_000014.9,Mutation NB - Paternal Origin,Transition - Purine/Purine,Unsolved
92555868,.,GG,GG,GA,88,79,53,NC_000014.9,Mutation NB - Maternal Origin,Transition - Purine/Purine,Unsolved
94466223,.,TT,TT,TC,73,91,61,NC_000014.9,Mutation NB - Paternal Origin,Transition - Pyrimidine/Pyrimidine,Unsolved
94880221,rs12881798,CC,CC,CA,73,100,95,NC_000014.9,Mutation NB - Paternal Origin,Transversion - Purine/Pyrimidine,Unsolved
95445835,rs8013258,CC,CC,CT,85,100,33,NC_000014.9,Mutation NB - Paternal Origin,Transition - Pyrimidine/Pyrimidine,Unsolved
97042366,rs61479420,TT,CC,CC,88,88,27,NC_000014.9,Mutation NB - Paternal Origin,Transition - Pyrimidine/Pyrimidine,T>C
98855904,rs78524321,AA,AA,AG,79,91,99,NC_000014.9,Mutation NB - Paternal Origin,Transition - Purine/Purine,Unsolved
99284930,rs2664304,TT,CC,CC,91,100,18,NC_000014.9,Mutation NB - Paternal Origin,Transition - Pyrimidine/Pyrimidine,T>C
99285057,rs111283082,AG,AA,GG,70,85,9,NC_000014.9,Mutation NB - Maternal Origin,Transition - Purine/Purine,A>G
100289102,rs4905943,CC,TT,CC,88,91,21,NC_000014.9,Mutation NB - Maternal Origin,Transition - Pyrimidine/Pyrimidine,T>C
101513457,rs17100301,GG,AA,GG,73,82,15,NC_000014.9,Mutation NB - Maternal Origin,Transition - Purine/Purine,A>G
101938451,rs8004705,TT,AA,AA,85,79,0,NC_000014.9,Mutation NB - Paternal Origin,Transversion - Purine/Pyrimidine,T>A
102135598,rs1190590,GG,AA,AA,58,100,0,NC_000014.9,Mutation NB - Paternal Origin,Transition - Purine/Purine,G>A
102616086,rs141951279,CC,CC,TT,70,100,21,NC_000014.9,Mutation NB - Paternal Origin,Transition - Pyrimidine/Pyrimidine,Unsolved
102879130,rs10149939,GG,GG,GA,79,100,29,NC_000014.9,Mutation NB - Paternal Origin,Transition - Purine/Purine,Unsolved
103547515,rs77442350,CC,CC,CT,82,100,99,NC_000014.9,Mutation NB - Paternal Origin,Transition - Pyrimidine/Pyrimidine,Unsolved
104253450,rs6576020,CC,AC,AA,76,1,0,NC_000014.9,Mutation NB - Paternal Origin,Transversion - Purine/Pyrimidine,C>A
104772267,rs2498800,CC,TT,CC,79,89,24,NC_000014.9,Mutation NB - Maternal Origin,Transition - Pyrimidine/Pyrimidine,T>C
104970720,rs9805957,AC,AA,CC,42,82,9,NC_000014.9,Mutation NB - Maternal Origin,A>C
105483884,rs7158977,TT,TT,CT,82,91,21,NC_000014.9,Mutation NB - Paternal Origin,Transition - Pyrimidine/Pyrimidine,Unsolved
25230142,.,GG,GG,GA,91,82,99,NC_000015.10,Mutation NB - Maternal Origin,Transition - Purine/Purine,Unsolved
26817137,rs4477672,TT,AA,TT,64,88,18,NC_000015.10,Mutation NB - Maternal Origin,Transversion - Purine/Pyrimidine,A>T
26817176,rs116677696,GG,GG,AA,100,88,18,NC_000015.10,Mutation NB - Maternal Origin,Transition - Purine/Purine,Unsolved
40383242,rs7169404,TT,GG,GG,91,85,12,NC_000015.10,Mutation NB - Paternal Origin,Transversion - Purine/Pyrimidine,T>G
45829747,rs62006245,CC,TC,TT,73,32,0,NC_000015.10,Mutation NB - Paternal Origin,Transition - Pyrimidine/Pyrimidine,C>T
46015254,rs12908629,GG,GG,GC,100,85,95,NC_000015.10,Mutation NB - Maternal Origin,Transition - Purine/Purine,Transversion - Purine/Pyrimidine,Unsolved
49842292,rs2413971,CC,TT,CC,70,79,9,NC_000015.10,Mutation NB - Maternal Origin,Transition - Pyrimidine/Pyrimidine,T>C
54103065,rs934191,TT,TT,GT,82,91,60,NC_000015.10,Mutation NB - Paternal Origin,Transition - Pyrimidine/Pyrimidine,Transversion - Purine/Pyrimidine,Unsolved
54289074,rs16974443,AA,AA,AG,85,100,62,NC_000015.10,Mutation NB - Paternal Origin,Transition - Purine/Purine,Unsolved
56158693,rs7174823,AG,GG,AA,32,91,0,NC_000015.10,Mutation NB - Maternal Origin,Transition - Purine/Purine,G>A
58179680,rs3784254,GG,TT,TT,85,85,15,NC_000015.10,Mutation NB - Paternal Origin,Transversion - Purine/Pyrimidine,G>T
62399392,.,CC,CC,CT,64,88,51,NC_000015.10,Mutation NB - Paternal Origin,Transition - Pyrimidine/Pyrimidine,Unsolved
63427738,rs289798,GG,GG,GA,67,100,65,NC_000015.10,Mutation NB - Paternal Origin,Transition - Purine/Purine,Unsolved
63977211,rs922178,TT,CC,TT,88,82,21,NC_000015.10,Mutation NB - Maternal Origin,Transition - Pyrimidine/Pyrimidine,C>T
65837213,rs8028099,AA,AA,TA,91,88,61,NC_000015.10,Mutation NB - Maternal Origin,Transversion - Purine/Pyrimidine,Unsolved
66837074,rs8026949,AA,TT,AA,76,91,9,NC_000015.10,Mutation NB - Maternal Origin,Transversion - Purine/Pyrimidine,T>A
67020033,rs266305,TT,CC,TT,88,88,30,NC_000015.10,Mutation NB - Maternal Origin,Transition - Pyrimidine/Pyrimidine,C>T
67360829,.,CC,CC,CT,82,70,47,NC_000015.10,Mutation NB - Maternal Origin,Transition - Pyrimidine/Pyrimidine,Unsolved
67493042,rs4776939,TT,CC,TT,73,100,21,NC_000015.10,Mutation NB - Maternal Origin,Transition - Pyrimidine/Pyrimidine,C>T
68376678,rs28401309,AA,TT,AA,82,85,12,NC_000015.10,Mutation NB - Maternal Origin,Transversion - Purine/Pyrimidine,T>A
68387926,rs28675010,AA,TT,AA,85,91,27,NC_000015.10,Mutation NB - Maternal Origin,Transversion - Purine/Pyrimidine,T>A
68677780,rs1106285,GG,CG,CC,67,29,0,NC_000015.10,Mutation NB - Paternal Origin,Transversion - Purine/Pyrimidine,G>C
68715682,rs79081428,GG,GG,GA,82,100,99,NC_000015.10,Mutation NB - Paternal Origin,Transition - Purine/Purine,Unsolved
70362742,rs35301862,TT,CC,TT,85,91,0,NC_000015.10,Mutation NB - Maternal Origin,Transition - Pyrimidine/Pyrimidine,C>T
73998682,rs3784562,GA,AA,GG,79,79,0,NC_000015.10,Mutation NB - Maternal Origin,Transition - Purine/Purine,A>G
76099207,rs35783418,AA,GG,GG,91,91,0,NC_000015.10,Mutation NB - Paternal Origin,Transition - Purine/Purine,A>G
77552174,rs907372,TT,GG,TT,73,85,9,NC_000015.10,Mutation NB - Maternal Origin,Transversion - Purine/Pyrimidine,G>T
77992403,rs11072724,CC,CC,CT,91,100,72,NC_000015.10,Mutation NB - Paternal Origin,Transition - Pyrimidine/Pyrimidine,Unsolved
78246207,rs7182947,CT,TT,CC,46,91,21,NC_000015.10,Mutation NB - Maternal Origin,Transition - Pyrimidine/Pyrimidine,T>C
80585806,.,AA,AA,AT,67,85,60,NC_000015.10,Mutation NB - Paternal Origin,Transversion - Purine/Pyrimidine,Unsolved
80844377,rs79170539,TT,AT,AA,79,73,15,NC_000015.10,Mutation NB - Paternal Origin,Transversion - Purine/Pyrimidine,T>A
81174181,rs935360158,AA,AA,AG,61,67,45,NC_000015.10,Mutation NB - Paternal Origin,Transition - Purine/Purine,Unsolved
85182428,rs6496791,TT,CC,TT,76,82,12,NC_000015.10,Mutation NB - Maternal Origin,Transition - Pyrimidine/Pyrimidine,C>T
85538250,.,TT,TT,TA,67,85,62,NC_000015.10,Mutation NB - Paternal Origin,Transition - Pyrimidine/Pyrimidine,Transversion - Purine/Pyrimidine,Unsolved
85775422,rs11631009,GG,GG,GA,76,91,99,NC_000015.10,Mutation NB - Paternal Origin,Transition - Purine/Purine,Unsolved
86474864,rs12907813,CC,CC,CT,70,100,99,NC_000015.10,Mutation NB - Paternal Origin,Transition - Pyrimidine/Pyrimidine,Unsolved
87209679,rs2705478,AA,GG,GG,100,88,18,NC_000015.10,Mutation NB - Paternal Origin,Transition - Purine/Purine,A>G
87609809,rs12905303,CC,CC,CT,100,100,95,NC_000015.10,Mutation NB - Paternal or Maternal,Transition - Pyrimidine/Pyrimidine,Unsolved
88569907,rs1348002,GG,CC,CC,100,85,12,NC_000015.10,Mutation NB - Paternal Origin,Transversion - Purine/Pyrimidine,G>C
90184088,.,CC,CC,CA,67,61,57,NC_000015.10,Mutation NB - Maternal Origin,Transversion - Purine/Pyrimidine,Unsolved
90885060,rs11539637,CC,CC,CT,82,85,99,NC_000015.10,Mutation NB - Paternal Origin,Transition - Pyrimidine/Pyrimidine,Unsolved
93030901,rs2033846,CC,GG,GG,70,82,0,NC_000015.10,Mutation NB - Paternal Origin,Transversion - Purine/Pyrimidine,C>G
93040225,.,AA,AA,AG,73,88,74,NC_000015.10,Mutation NB - Paternal Origin,Transition - Purine/Purine,Unsolved
94427309,rs189274590,AA,GG,AA,82,88,54,NC_000015.10,Mutation NB - Maternal Origin,Transition - Purine/Purine,G>A
94436222,rs67277630,CT,TT,CC,32,91,18,NC_000015.10,Mutation NB - Maternal Origin,Transition - Pyrimidine/Pyrimidine,T>C
97501395,rs57311152,GG,AA,GG,85,79,12,NC_000015.10,Mutation NB - Maternal Origin,Transition - Purine/Purine,A>G
97552812,rs1500654,CC,CC,AA,85,82,9,NC_000015.10,Mutation NB - Maternal Origin,Transversion - Purine/Pyrimidine,Unsolved
99402620,rs11247088,GG,AG,AA,88,45,0,NC_000015.10,Mutation NB - Paternal Origin,Transition - Purine/Purine,G>A
100128351,rs11856684,TT,CC,CC,67,91,0,NC_000015.10,Mutation NB - Paternal Origin,Transition - Pyrimidine/Pyrimidine,T>C
285619,rs45612235,GG,GG,GA,67,91,99,NC_000016.10,Mutation NB - Paternal Origin,Transition - Purine/Purine,Unsolved
872134,rs13339455,TC,CC,TT,1,46,0,NC_000016.10,Mutation NB - Maternal Origin,Transversion - Purine/Pyrimidine,C>T
879711,rs2076425,CC,TT,CC,64,73,0,NC_000016.10,Mutation NB - Maternal Origin,Transition - Pyrimidine/Pyrimidine,T>C
1142213,rs4566170,AG,AA,GG,1,82,12,NC_000016.10,Mutation NB - Maternal Origin,Transition - Purine/Purine,A>G
1321294,rs12446893,AA,GG,GG,88,85,0,NC_000016.10,Mutation NB - Paternal Origin,Transition - Purine/Purine,A>G
1496084,rs72779272,GG,AA,GG,100,88,0,NC_000016.10,Mutation NB - Maternal Origin,Transition - Purine/Purine,A>G
1567097,.,GG,GG,GA,58,55,55,NC_000016.10,Mutation NB - Maternal Origin,Transition - Purine/Purine,Unsolved
1788780,rs11540963,AA,AA,AG,85,91,33,NC_000016.10,Mutation NB - Paternal Origin,Transition - Purine/Purine,Unsolved
1982900,rs2238413,GG,GA,AA,79,67,9,NC_000016.10,Mutation NB - Paternal Origin,Transition - Purine/Purine,G>A
3952431,rs4786449,CC,TT,CC,40,100,18,NC_000016.10,Mutation NB - Maternal Origin,Transition - Pyrimidine/Pyrimidine,T>C
5021669,rs2340713,AA,CC,CC,100,88,33,NC_000016.10,Mutation NB - Paternal Origin,Transversion - Purine/Pyrimidine,A>C
5556842,rs11640221,AA,AA,AG,100,100,69,NC_000016.10,Mutation NB - Paternal or Maternal,Transition - Purine/Purine,Unsolved
5556853,rs11644816,GG,GG,GC,100,100,69,NC_000016.10,Mutation NB - Paternal or Maternal,Transition - Purine/Purine,Transversion - Purine/Pyrimidine,Unsolved
5556878,rs11645142,CC,CC,CT,100,100,69,NC_000016.10,Mutation NB - Paternal or Maternal,Transition - Pyrimidine/Pyrimidine,Unsolved
6306374,rs28631277,CC,CC,CA,58,100,97,NC_000016.10,Mutation NB - Paternal Origin,Transversion - Purine/Pyrimidine,Unsolved
6419950,rs7190164,CA,CC,AA,39,91,12,NC_000016.10,Mutation NB - Maternal Origin,Transversion - Purine/Pyrimidine,C>A
7572374,rs11641648,CC,AA,AA,100,73,27,NC_000016.10,Mutation NB - Paternal Origin,Transversion - Purine/Pyrimidine,C>A
7999325,rs11641392,TA,AA,TT,1,82,0,NC_000016.10,Mutation NB - Maternal Origin,Transversion - Purine/Pyrimidine,A>T
8635267,rs2302607,GG,GG,GA,76,85,24,NC_000016.10,Mutation NB - Paternal Origin,Transition - Purine/Purine,Unsolved
8728207,rs4984996,GG,CC,GG,91,88,0,NC_000016.10,Mutation NB - Maternal Origin,Transversion - Purine/Pyrimidine,C>G
11385117,rs12446034,CC,AA,CC,91,79,9,NC_000016.10,Mutation NB - Maternal Origin,Transversion - Purine/Pyrimidine,A>C
11391729,rs71383206,GG,GG,GA,100,58,99,NC_000016.10,Mutation NB - Maternal Origin,Transition - Purine/Purine,Unsolved
11404723,rs7200035,GG,GA,AA,100,47,12,NC_000016.10,Mutation NB - Paternal Origin,Transition - Purine/Purine,G>A
12706791,rs12443898,CC,CC,CA,73,88,68,NC_000016.10,Mutation NB - Paternal Origin,Transversion - Purine/Pyrimidine,Unsolved
13045901,rs17240162,AA,AA,AG,91,100,61,NC_000016.10,Mutation NB - Paternal Origin,Transition - Purine/Purine,Unsolved
13829516,rs34415747,CC,TT,TT,91,85,12,NC_000016.10,Mutation NB - Paternal Origin,Transition - Pyrimidine/Pyrimidine,C>T
17728100,rs4781946,AA,AA,AG,100,82,59,NC_000016.10,Mutation NB - Maternal Origin,Transition - Purine/Purine,Unsolved
22926454,rs8051163,AA,AA,AG,100,88,99,NC_000016.10,Mutation NB - Maternal Origin,Transition - Purine/Purine,Unsolved
23376072,rs12446463,GG,GG,GA,70,100,92,NC_000016.10,Mutation NB - Paternal Origin,Transition - Purine/Purine,Unsolved
23790679,rs194816,CC,TT,CC,73,79,0,NC_000016.10,Mutation NB - Maternal Origin,Transition - Pyrimidine/Pyrimidine,T>C
24103215,rs367977,GA,AA,GG,67,91,0,NC_000016.10,Mutation NB - Maternal Origin,Transition - Purine/Purine,A>G
25819372,rs72778992,AA,GG,AA,79,100,21,NC_000016.10,Mutation NB - Maternal Origin,Transition - Purine/Purine,G>A
26602305,rs1363767,AA,AA,AG,82,100,99,NC_000016.10,Mutation NB - Paternal Origin,Transition - Purine/Purine,Unsolved
29182017,rs889688,GG,GG,GA,100,67,99,NC_000016.10,Mutation NB - Maternal Origin,Transition - Purine/Purine,Unsolved
29182054,rs889687,CC,CC,CT,100,70,99,NC_000016.10,Mutation NB - Maternal Origin,Transition - Pyrimidine/Pyrimidine,Unsolved
48247491,rs112392881,TT,CC,TT,76,91,0,NC_000016.10,Mutation NB - Maternal Origin,Transition - Pyrimidine/Pyrimidine,C>T
48977209,rs536529993,GG,GG,GA,85,79,99,NC_000016.10,Mutation NB - Maternal Origin,Transition - Purine/Purine,Unsolved
49679990,rs12934989,GG,GG,AG,64,85,99,NC_000016.10,Mutation NB - Paternal Origin,Transition - Purine/Purine,Unsolved
49881576,rs147747983,GA,GG,AA,38,82,9,NC_000016.10,Mutation NB - Maternal Origin,Transition - Purine/Purine,G>A
49886436,.,TT,TT,TC,73,79,47,NC_000016.10,Mutation NB - Paternal Origin,Transition - Pyrimidine/Pyrimidine,Unsolved
50060316,rs9932240,CC,TT,TT,85,88,0,NC_000016.10,Mutation NB - Paternal Origin,Transition - Pyrimidine/Pyrimidine,C>T
53414826,rs72801805,AA,AA,AC,76,100,99,NC_000016.10,Mutation NB - Paternal Origin,Transversion - Purine/Pyrimidine,Unsolved
55135927,rs1486740,AG,AA,GG,39,100,9,NC_000016.10,Mutation NB - Maternal Origin,Transition - Purine/Purine,A>G
56695296,rs7185020,GG,CC,GG,70,91,0,NC_000016.10,Mutation NB - Maternal Origin,Transversion - Purine/Pyrimidine,C>G
56951244,rs193695,AG,GG,AA,34,85,27,NC_000016.10,Mutation NB - Maternal Origin,Transition - Purine/Purine,G>A
57107137,.,TT,TT,TC,73,79,44,NC_000016.10,Mutation NB - Paternal Origin,Transition - Pyrimidine/Pyrimidine,Unsolved
57787415,rs8043848,AA,AA,AT,100,82,27,NC_000016.10,Mutation NB - Maternal Origin,Transversion - Purine/Pyrimidine,Unsolved
57878400,rs12598051,CT,CC,TT,28,91,9,NC_000016.10,Mutation NB - Maternal Origin,Transversion - Purine/Pyrimidine,C>T
58261294,rs12708994,TT,CC,CC,91,88,9,NC_000016.10,Mutation NB - Paternal Origin,Transition - Pyrimidine/Pyrimidine,T>C
58679894,rs7191331,GA,AA,GG,34,88,27,NC_000016.10,Mutation NB - Maternal Origin,Transition - Purine/Purine,A>G
63525162,.,AA,AA,AG,73,58,50,NC_000016.10,Mutation NB - Maternal Origin,Transition - Purine/Purine,Unsolved
67911020,rs142507708,CC,CC,CA,67,100,99,NC_000016.10,Mutation NB - Paternal Origin,Transversion - Purine/Pyrimidine,Unsolved
68377259,rs10775304,CC,TT,TT,100,88,27,NC_000016.10,Mutation NB - Paternal Origin,Transition - Pyrimidine/Pyrimidine,C>T
72126277,.,TT,TT,TC,73,85,59,NC_000016.10,Mutation NB - Paternal Origin,Transition - Pyrimidine/Pyrimidine,Unsolved
76482755,rs2063061,GA,AA,GG,1,88,30,NC_000016.10,Mutation NB - Maternal Origin,Transition - Purine/Purine,A>G
77525713,rs9921718,GG,AA,AA,58,91,0,NC_000016.10,Mutation NB - Paternal Origin,Transition - Purine/Purine,G>A
77820597,rs73574868,AA,GG,AA,91,82,9,NC_000016.10,Mutation NB - Maternal Origin,Transition - Purine/Purine,G>A
78056568,rs12149665,CC,CC,CT,70,100,67,NC_000016.10,Mutation NB - Paternal Origin,Transition - Pyrimidine/Pyrimidine,Unsolved
78056602,rs12149666,CC,CC,CG,73,100,78,NC_000016.10,Mutation NB - Paternal Origin,Transversion - Purine/Pyrimidine,Unsolved
78902209,rs16948787,GG,TT,GG,91,88,0,NC_000016.10,Mutation NB - Maternal Origin,Transition - Purine/Purine,Transversion - Purine/Pyrimidine,T>G
80121153,rs62050840,GG,GG,GA,82,100,65,NC_000016.10,Mutation NB - Paternal Origin,Transition - Purine/Purine,Unsolved
81241663,rs6564852,AA,CC,CC,64,88,9,NC_000016.10,Mutation NB - Paternal Origin,Transversion - Purine/Pyrimidine,A>C
81241677,rs6564853,CC,GG,GG,64,88,9,NC_000016.10,Mutation NB - Paternal Origin,Transversion - Purine/Pyrimidine,C>G
81245515,rs28370522,CC,TT,TT,79,76,12,NC_000016.10,Mutation NB - Paternal Origin,Transition - Pyrimidine/Pyrimidine,C>T
81331262,.,CC,CC,CT,40,82,44,NC_000016.10,Mutation NB - Paternal Origin,Transition - Pyrimidine/Pyrimidine,Unsolved
81822108,rs8047417,AA,AT,TT,100,1,24,NC_000016.10,Mutation NB - Paternal Origin,Transversion - Purine/Pyrimidine,A>T
82330040,rs62038318,CC,CC,CT,100,73,65,NC_000016.10,Mutation NB - Maternal Origin,Transition - Pyrimidine/Pyrimidine,Unsolved
82692405,rs12925373,CC,TT,TT,79,85,15,NC_000016.10,Mutation NB - Paternal Origin,Transition - Pyrimidine/Pyrimidine,C>T
84327185,.,TT,TT,TC,52,79,47,NC_000016.10,Mutation NB - Paternal Origin,Transition - Pyrimidine/Pyrimidine,Unsolved
84820639,rs6564080,CC,TT,CC,79,85,0,NC_000016.10,Mutation NB - Maternal Origin,Transition - Pyrimidine/Pyrimidine,T>C
86060345,rs7201535,CC,TT,TT,91,91,9,NC_000016.10,Mutation NB - Paternal Origin,Transition - Pyrimidine/Pyrimidine,C>T
86553750,rs7194621,CC,AA,AA,70,70,9,NC_000016.10,Mutation NB - Paternal Origin,Transversion - Purine/Pyrimidine,C>A
86730412,rs16942004,CA,AA,CC,1,82,21,NC_000016.10,Mutation NB - Maternal Origin,A>C
86737529,rs17215382,TT,TT,TC,82,100,98,NC_000016.10,Mutation NB - Paternal Origin,Transition - Pyrimidine/Pyrimidine,Unsolved
86954253,rs4550457,AA,AA,GG,70,88,0,NC_000016.10,Mutation NB - Paternal Origin,Transition - Purine/Purine,Unsolved
87651619,rs2032326840,AA,AA,AG,58,64,50,NC_000016.10,Mutation NB - Paternal Origin,Transition - Purine/Purine,Unsolved
87850115,rs6540092,CC,AC,AA,76,70,0,NC_000016.10,Mutation NB - Paternal Origin,Transversion - Purine/Pyrimidine,C>A
88656490,rs11639637,GG,GG,GC,79,91,99,NC_000016.10,Mutation NB - Paternal Origin,Transition - Purine/Purine,Transversion - Purine/Pyrimidine,Unsolved
88727403,rs2340980,CC,TT,CC,89,91,9,NC_000016.10,Mutation NB - Maternal Origin,Transition - Pyrimidine/Pyrimidine,T>C
88727405,rs8057198,TC,TT,CC,12,91,9,NC_000016.10,Mutation NB - Maternal Origin,Transition - Pyrimidine/Pyrimidine,T>C
88727415,rs2879904,CC,TT,CC,70,91,9,NC_000016.10,Mutation NB - Maternal Origin,Transition - Pyrimidine/Pyrimidine,T>C
88904368,rs475796,CG,CC,GG,35,91,12,NC_000016.10,Mutation NB - Maternal Origin,Transversion - Purine/Pyrimidine,C>G
88976998,.,GG,AG,AA,84,85,0,NC_000016.10,Mutation NB - Paternal Origin,Transition - Purine/Purine,G>A
89144825,rs75042359,AA,GG,AA,88,91,9,NC_000016.10,Mutation NB - Maternal Origin,Transition - Purine/Purine,G>A
89185368,rs58079876,GG,AA,GG,82,91,0,NC_000016.10,Mutation NB - Maternal Origin,Transition - Purine/Purine,A>G
89185390,rs2287356,CC,TT,CC,82,91,0,NC_000016.10,Mutation NB - Maternal Origin,Transition - Pyrimidine/Pyrimidine,T>C
89528853,rs13336753,TC,CC,TT,1,91,0,NC_000016.10,Mutation NB - Maternal Origin,Transversion - Purine/Pyrimidine,C>T
4030721,rs57810232,CC,CC,CT,64,100,99,NC_000017.11,Mutation NB - Paternal Origin,Transition - Pyrimidine/Pyrimidine,Unsolved
4539708,.,TT,TT,TC,67,85,68,NC_000017.11,Mutation NB - Paternal Origin,Transition - Pyrimidine/Pyrimidine,Unsolved
4617804,rs8068656,GG,AA,GG,70,100,18,NC_000017.11,Mutation NB - Maternal Origin,Transition - Purine/Purine,A>G
5558527,rs61753136,GG,GG,AA,100,88,9,NC_000017.11,Mutation NB - Maternal Origin,Transition - Purine/Purine,Unsolved
6084476,.,GG,GG,GA,88,82,67,NC_000017.11,Mutation NB - Maternal Origin,Transition - Purine/Purine,Unsolved
6245915,rs6502941,TT,CC,CC,91,79,42,NC_000017.11,Mutation NB - Paternal Origin,Transition - Pyrimidine/Pyrimidine,T>C
6245919,rs11653333,CC,GG,GG,100,79,42,NC_000017.11,Mutation NB - Paternal Origin,Transversion - Purine/Pyrimidine,C>G
6503411,rs3809836,CC,TT,CC,58,100,18,NC_000017.11,Mutation NB - Maternal Origin,Transition - Pyrimidine/Pyrimidine,T>C
7922353,rs78057821,TT,AA,TT,85,85,9,NC_000017.11,Mutation NB - Maternal Origin,Transversion - Purine/Pyrimidine,A>T
8067358,rs62065098,AA,GG,GG,73,70,12,NC_000017.11,Mutation NB - Paternal Origin,Transition - Purine/Purine,A>G
8067441,rs72842946,GG,TT,GG,61,85,12,NC_000017.11,Mutation NB - Maternal Origin,Transition - Purine/Purine,Transversion - Purine/Pyrimidine,T>G
10001643,rs8076270,TT,TC,CC,79,70,9,NC_000017.11,Mutation NB - Paternal Origin,Transition - Pyrimidine/Pyrimidine,T>C
10001651,rs3786084,TT,TC,CC,79,70,9,NC_000017.11,Mutation NB - Paternal Origin,Transition - Pyrimidine/Pyrimidine,T>C
10139825,rs9910190,TT,TT,CT,79,91,99,NC_000017.11,Mutation NB - Paternal Origin,Transition - Pyrimidine/Pyrimidine,Unsolved
11323983,rs11657311,TT,TG,GG,82,2,15,NC_000017.11,Mutation NB - Paternal Origin,Transversion - Purine/Pyrimidine,T>G
12267455,rs62062874,GG,GG,AA,100,100,15,NC_000017.11,Mutation NB - Paternal or Maternal,Transition - Purine/Purine,Unsolved
12996010,.,AA,AA,AG,85,91,99,NC_000017.11,Mutation NB - Paternal Origin,Transition - Purine/Purine,Unsolved
14520380,rs74429508,CC,CC,CG,76,100,99,NC_000017.11,Mutation NB - Paternal Origin,Transversion - Purine/Pyrimidine,Unsolved
16474619,rs893870577,TT,TT,TC,70,73,47,NC_000017.11,Mutation NB - Paternal Origin,Transition - Pyrimidine/Pyrimidine,Unsolved
16608187,rs57230897,TT,TT,TA,73,100,65,NC_000017.11,Mutation NB - Paternal Origin,Transition - Pyrimidine/Pyrimidine,Transversion - Purine/Pyrimidine,Unsolved
17156558,rs7214429,TT,CC,CC,91,91,0,NC_000017.11,Mutation NB - Paternal Origin,Transition - Pyrimidine/Pyrimidine,T>C
17994909,.,CC,CC,CA,52,52,40,NC_000017.11,Mutation NB - Paternal or Maternal,Transversion - Purine/Pyrimidine,Unsolved
19333344,.,TT,TT,TC,64,91,46,NC_000017.11,Mutation NB - Paternal Origin,Transition - Pyrimidine/Pyrimidine,Unsolved
21284371,rs28365971,GG,GG,GT,82,100,68,NC_000017.11,Mutation NB - Paternal Origin,Transversion - Purine/Pyrimidine,Unsolved
27684356,rs72845808,CC,TT,CC,88,88,36,NC_000017.11,Mutation NB - Maternal Origin,Transition - Pyrimidine/Pyrimidine,T>C
28508882,rs9907719,AA,AA,AG,85,100,68,NC_000017.11,Mutation NB - Paternal Origin,Transition - Purine/Purine,Unsolved
29232676,rs11657946,AA,AA,AC,73,100,99,NC_000017.11,Mutation NB - Paternal Origin,Transversion - Purine/Pyrimidine,Unsolved
29595519,rs146596993,TT,TT,TC,70,79,99,NC_000017.11,Mutation NB - Paternal Origin,Transition - Pyrimidine/Pyrimidine,Unsolved
31533751,rs9911071,CC,CT,TT,61,32,15,NC_000017.11,Mutation NB - Paternal Origin,Transition - Pyrimidine/Pyrimidine,C>T
32125596,.,AA,GG,AA,67,79,18,NC_000017.11,Mutation NB - Maternal Origin,Transition - Purine/Purine,G>A
33218135,rs77669221,CC,CC,CT,82,100,99,NC_000017.11,Mutation NB - Paternal Origin,Transition - Pyrimidine/Pyrimidine,Unsolved
33260349,rs2346691,CC,TT,TT,85,85,0,NC_000017.11,Mutation NB - Paternal Origin,Transition - Pyrimidine/Pyrimidine,C>T
34311566,rs7223229,AA,CC,AA,88,91,9,NC_000017.11,Mutation NB - Maternal Origin,Transversion - Purine/Pyrimidine,C>A
35498459,.,AA,AA,AG,64,82,41,NC_000017.11,Mutation NB - Paternal Origin,Transition - Purine/Purine,Unsolved
40023414,rs2302778,AG,AA,GG,35,100,15,NC_000017.11,Mutation NB - Maternal Origin,Transition - Purine/Purine,A>G
43854007,rs12453522,AA,AA,AG,73,100,72,NC_000017.11,Mutation NB - Paternal Origin,Transition - Purine/Purine,Unsolved
44093517,.,AA,GG,AA,73,98,30,NC_000017.11,Mutation NB - Maternal Origin,Transition - Purine/Purine,G>A
44170871,rs144229400,CC,CC,CA,67,91,18,NC_000017.11,Mutation NB - Paternal Origin,Transversion - Purine/Pyrimidine,Unsolved
45090906,rs2269744,AG,GG,AA,1,88,0,NC_000017.11,Mutation NB - Maternal Origin,Transition - Purine/Purine,G>A
45299140,rs142966231,GG,GG,GA,85,100,99,NC_000017.11,Mutation NB - Paternal Origin,Transition - Purine/Purine,Unsolved
47206712,.,TT,TT,TC,88,85,53,NC_000017.11,Mutation NB - Maternal Origin,Transition - Pyrimidine/Pyrimidine,Unsolved
47644465,rs72831622,CC,GG,CC,82,91,36,NC_000017.11,Mutation NB - Maternal Origin,Transversion - Purine/Pyrimidine,G>C
48025362,rs79541578,GG,GG,GA,85,100,99,NC_000017.11,Mutation NB - Paternal Origin,Transition - Purine/Purine,Unsolved
50239019,rs9903154,GG,GG,GA,79,100,33,NC_000017.11,Mutation NB - Paternal Origin,Transition - Purine/Purine,Unsolved
50533675,.,AA,AA,AG,91,88,56,NC_000017.11,Mutation NB - Maternal Origin,Transition - Purine/Purine,Unsolved
52751265,rs73365603,CC,TT,CC,64,91,15,NC_000017.11,Mutation NB - Maternal Origin,Transition - Pyrimidine/Pyrimidine,T>C
53568764,rs9914843,TT,CC,TT,100,91,27,NC_000017.11,Mutation NB - Maternal Origin,Transition - Pyrimidine/Pyrimidine,C>T
57150296,rs17220607,TT,TT,TC,85,79,99,NC_000017.11,Mutation NB - Maternal Origin,Transition - Pyrimidine/Pyrimidine,Unsolved
57150309,rs8081915,GG,GG,GA,85,79,99,NC_000017.11,Mutation NB - Maternal Origin,Transition - Purine/Purine,Unsolved
59210590,rs139133010,TT,TT,TC,79,76,50,NC_000017.11,Mutation NB - Maternal Origin,Transition - Pyrimidine/Pyrimidine,Unsolved
60137726,rs12942425,AA,AA,AT,100,91,42,NC_000017.11,Mutation NB - Maternal Origin,Transversion - Purine/Pyrimidine,Unsolved
60156155,rs345187,AA,GG,AA,88,88,18,NC_000017.11,Mutation NB - Maternal Origin,Transition - Purine/Purine,G>A
61318319,rs67343213,GA,AA,GG,32,91,9,NC_000017.11,Mutation NB - Maternal Origin,Transition - Purine/Purine,A>G
62573759,.,TT,TT,TC,64,91,62,NC_000017.11,Mutation NB - Paternal Origin,Transition - Pyrimidine/Pyrimidine,Unsolved
62631916,rs2465411,AG,AA,GG,32,100,12,NC_000017.11,Mutation NB - Maternal Origin,Transition - Purine/Purine,A>G
64363115,rs45563735,TC,TT,CC,35,100,9,NC_000017.11,Mutation NB - Maternal Origin,Transition - Pyrimidine/Pyrimidine,T>C
64398956,rs7502543,CT,CC,TT,35,100,12,NC_000017.11,Mutation NB - Maternal Origin,Transversion - Purine/Pyrimidine,C>T
66049612,rs35850189,AA,AG,GG,100,42,30,NC_000017.11,Mutation NB - Paternal Origin,Transition - Purine/Purine,A>G
66536719,.,AA,AA,AG,58,85,47,NC_000017.11,Mutation NB - Paternal Origin,Transition - Purine/Purine,Unsolved
67469308,rs7207177,CC,TT,TT,79,88,27,NC_000017.11,Mutation NB - Paternal Origin,Transition - Pyrimidine/Pyrimidine,C>T
69800939,.,TT,TT,TC,82,88,53,NC_000017.11,Mutation NB - Paternal Origin,Transition - Pyrimidine/Pyrimidine,Unsolved
73039209,rs78937052,GG,GG,GA,100,61,95,NC_000017.11,Mutation NB - Maternal Origin,Transition - Purine/Purine,Unsolved
73039221,rs79361604,GG,GG,GA,100,61,95,NC_000017.11,Mutation NB - Maternal Origin,Transition - Purine/Purine,Unsolved
74104633,rs12940010,CA,AA,CC,1,73,0,NC_000017.11,Mutation NB - Maternal Origin,A>C
74104673,rs4789039,CG,GG,CC,1,73,0,NC_000017.11,Mutation NB - Maternal Origin,Transversion - Purine/Pyrimidine,G>C
74249814,rs1112216,GG,GG,AA,64,88,30,NC_000017.11,Mutation NB - Paternal Origin,Transition - Purine/Purine,Unsolved
74252808,rs8081928,GG,GC,CC,79,1,24,NC_000017.11,Mutation NB - Paternal Origin,Transversion - Purine/Pyrimidine,G>C
74261114,rs3893391,CC,CC,CG,73,100,99,NC_000017.11,Mutation NB - Paternal Origin,Transversion - Purine/Pyrimidine,Unsolved
74797594,rs872640,AA,GG,AA,82,91,15,NC_000017.11,Mutation NB - Maternal Origin,Transition - Purine/Purine,G>A
75498882,rs9894026,AA,GG,AA,82,100,12,NC_000017.11,Mutation NB - Maternal Origin,Transition - Purine/Purine,G>A
75836303,rs74410877,CT,CC,TT,1,79,9,NC_000017.11,Mutation NB - Maternal Origin,Transversion - Purine/Pyrimidine,C>T
76015189,.,GG,GG,GA,76,64,65,NC_000017.11,Mutation NB - Maternal Origin,Transition - Purine/Purine,Unsolved
76022574,rs2598417,CT,TT,CC,73,58,0,NC_000017.11,Mutation NB - Maternal Origin,Transition - Pyrimidine/Pyrimidine,T>C
76124165,rs2598440,AA,GG,AA,91,100,21,NC_000017.11,Mutation NB - Maternal Origin,Transition - Purine/Purine,G>A
76124178,rs2598441,CC,GG,CC,91,100,21,NC_000017.11,Mutation NB - Maternal Origin,Transversion - Purine/Pyrimidine,G>C
76143613,rs2598427,AG,GG,AA,82,82,15,NC_000017.11,Mutation NB - Maternal Origin,Transition - Purine/Purine,G>A
76333113,rs485771,CC,CC,CG,79,91,64,NC_000017.11,Mutation NB - Paternal Origin,Transversion - Purine/Pyrimidine,Unsolved
77735398,rs58435086,GA,GG,AA,5,88,15,NC_000017.11,Mutation NB - Maternal Origin,Transition - Purine/Purine,G>A
78414790,rs3744216,GA,AA,GG,28,82,9,NC_000017.11,Mutation NB - Maternal Origin,Transition - Purine/Purine,A>G
78569705,rs12103538,TT,CC,CC,88,91,0,NC_000017.11,Mutation NB - Paternal Origin,Transition - Pyrimidine/Pyrimidine,T>C
79144036,rs56331879,GG,GG,GA,100,76,99,NC_000017.11,Mutation NB - Maternal Origin,Transition - Purine/Purine,Unsolved
79217663,.,TT,TT,TC,61,70,53,NC_000017.11,Mutation NB - Paternal Origin,Transition - Pyrimidine/Pyrimidine,Unsolved
79707846,rs11869574,AG,AA,GG,1,88,18,NC_000017.11,Mutation NB - Maternal Origin,Transition - Purine/Purine,A>G
79732281,rs34491636,AA,AA,AG,100,88,27,NC_000017.11,Mutation NB - Maternal Origin,Transition - Purine/Purine,Unsolved
80059116,rs11654770,CT,CC,TT,1,100,18,NC_000017.11,Mutation NB - Maternal Origin,Transversion - Purine/Pyrimidine,C>T
80595326,.,CC,CC,CT,88,88,40,NC_000017.11,Mutation NB - Paternal or Maternal,Transition - Pyrimidine/Pyrimidine,Unsolved
80629368,rs56137145,CC,CC,CT,79,100,33,NC_000017.11,Mutation NB - Paternal Origin,Transition - Pyrimidine/Pyrimidine,Unsolved
81612848,rs3935543,TT,TC,CC,100,1,18,NC_000017.11,Mutation NB - Paternal Origin,Transition - Pyrimidine/Pyrimidine,T>C
82089845,rs1018659811,TT,TT,TC,61,79,53,NC_000017.11,Mutation NB - Paternal Origin,Transition - Pyrimidine/Pyrimidine,Unsolved
82122092,rs7219180,GG,GG,CG,61,79,68,NC_000017.11,Mutation NB - Paternal Origin,Transition - Purine/Purine,Transversion - Purine/Pyrimidine,Unsolved
82204922,rs8079388,CC,CC,CA,64,100,57,NC_000017.11,Mutation NB - Paternal Origin,Transversion - Purine/Pyrimidine,Unsolved
4641758,rs2186884,AA,AA,AG,85,100,99,NC_000018.10,Mutation NB - Paternal Origin,Transition - Purine/Purine,Unsolved
4706001,rs9807688,AA,AA,AG,91,100,30,NC_000018.10,Mutation NB - Paternal Origin,Transition - Purine/Purine,Unsolved
6369093,rs163748,TC,CC,TT,39,91,0,NC_000018.10,Mutation NB - Maternal Origin,Transversion - Purine/Pyrimidine,C>T
8461785,rs2850265,CC,CA,AA,100,1,21,NC_000018.10,Mutation NB - Paternal Origin,Transversion - Purine/Pyrimidine,C>A
8578564,rs11876320,GG,AA,GG,76,85,9,NC_000018.10,Mutation NB - Maternal Origin,Transition - Purine/Purine,A>G
10118167,rs12955398,CC,CC,CT,58,100,99,NC_000018.10,Mutation NB - Paternal Origin,Transition - Pyrimidine/Pyrimidine,Unsolved
10122129,rs1941066,GG,GG,GA,76,100,68,NC_000018.10,Mutation NB - Paternal Origin,Transition - Purine/Purine,Unsolved
10237914,.,TT,TT,TC,70,37,43,NC_000018.10,Mutation NB - Maternal Origin,Transition - Pyrimidine/Pyrimidine,Unsolved
12042204,rs2851914,AG,GG,AA,35,61,0,NC_000018.10,Mutation NB - Maternal Origin,Transition - Purine/Purine,G>A
12296374,.,TT,TT,TC,79,82,56,NC_000018.10,Mutation NB - Paternal Origin,Transition - Pyrimidine/Pyrimidine,Unsolved
13430357,rs9960108,CG,CC,GG,41,100,36,NC_000018.10,Mutation NB - Maternal Origin,Transversion - Purine/Pyrimidine,C>G
14257653,rs7233913,CC,TT,CC,70,88,36,NC_000018.10,Mutation NB - Maternal Origin,Transition - Pyrimidine/Pyrimidine,T>C
14257670,rs62081994,GG,AA,GG,67,85,57,NC_000018.10,Mutation NB - Maternal Origin,Transition - Purine/Purine,A>G
14260655,rs11080734,TT,GG,TT,70,85,30,NC_000018.10,Mutation NB - Maternal Origin,Transversion - Purine/Pyrimidine,G>T
14637654,.,TT,TT,TC,91,88,47,NC_000018.10,Mutation NB - Maternal Origin,Transition - Pyrimidine/Pyrimidine,Unsolved
21912465,rs34087209,GG,GG,GA,76,100,18,NC_000018.10,Mutation NB - Paternal Origin,Transition - Purine/Purine,Unsolved
24644526,rs1668120,AC,CC,AA,32,91,30,NC_000018.10,Mutation NB - Maternal Origin,Transversion - Purine/Pyrimidine,C>A
24914266,.,TT,TT,TC,73,67,56,NC_000018.10,Mutation NB - Maternal Origin,Transition - Pyrimidine/Pyrimidine,Unsolved
27341071,rs10460046,CC,CC,CG,61,100,56,NC_000018.10,Mutation NB - Paternal Origin,Transversion - Purine/Pyrimidine,Unsolved
36474382,rs1029452922,AA,AA,AG,70,79,50,NC_000018.10,Mutation NB - Paternal Origin,Transition - Purine/Purine,Unsolved
37427792,rs1786793,CC,GG,GG,96,70,33,NC_000018.10,Mutation NB - Paternal Origin,Transversion - Purine/Pyrimidine,C>G
37588300,rs12967741,AG,AA,GG,32,100,33,NC_000018.10,Mutation NB - Maternal Origin,Transition - Purine/Purine,A>G
46715583,rs4890337,CC,CC,CT,79,100,62,NC_000018.10,Mutation NB - Paternal Origin,Transition - Pyrimidine/Pyrimidine,Unsolved
50181684,rs4939950,GG,AA,AA,100,79,30,NC_000018.10,Mutation NB - Paternal Origin,Transition - Purine/Purine,G>A
52029873,rs11082897,GG,AA,GG,88,85,0,NC_000018.10,Mutation NB - Maternal Origin,Transition - Purine/Purine,A>G
52029904,rs4450501,CC,TT,CC,88,85,0,NC_000018.10,Mutation NB - Maternal Origin,Transition - Pyrimidine/Pyrimidine,T>C
54538753,rs948200085,TT,CC,CC,85,85,9,NC_000018.10,Mutation NB - Paternal Origin,Transition - Pyrimidine/Pyrimidine,T>C
58379084,rs12458921,CC,CC,CT,79,100,68,NC_000018.10,Mutation NB - Paternal Origin,Transition - Pyrimidine/Pyrimidine,Unsolved
58790158,rs11152096,CC,GG,CC,76,85,12,NC_000018.10,Mutation NB - Maternal Origin,Transversion - Purine/Pyrimidine,G>C
58790164,rs11152097,CC,TT,CC,76,85,12,NC_000018.10,Mutation NB - Maternal Origin,Transition - Pyrimidine/Pyrimidine,T>C
60220102,rs1000475575,AA,AA,AG,64,76,53,NC_000018.10,Mutation NB - Paternal Origin,Transition - Purine/Purine,Unsolved
61179021,rs1895891,CC,CC,CT,88,85,65,NC_000018.10,Mutation NB - Maternal Origin,Transition - Pyrimidine/Pyrimidine,Unsolved
61755039,rs4941055,CT,TT,CC,28,91,9,NC_000018.10,Mutation NB - Maternal Origin,Transition - Pyrimidine/Pyrimidine,T>C
63655761,rs1065205,TT,TC,CC,82,1,27,NC_000018.10,Mutation NB - Paternal Origin,Transition - Pyrimidine/Pyrimidine,T>C
64418271,rs1421521,GA,AA,GG,1,85,21,NC_000018.10,Mutation NB - Maternal Origin,Transition - Purine/Purine,A>G
70032106,rs8086022,CC,TT,CC,85,100,12,NC_000018.10,Mutation NB - Maternal Origin,Transition - Pyrimidine/Pyrimidine,T>C
73528596,rs66526127,TT,TT,TC,76,79,99,NC_000018.10,Mutation NB - Paternal Origin,Transition - Pyrimidine/Pyrimidine,Unsolved
73528632,rs67158171,GG,GG,GA,76,79,99,NC_000018.10,Mutation NB - Paternal Origin,Transition - Purine/Purine,Unsolved
74052326,rs73464665,TT,CC,TT,76,91,15,NC_000018.10,Mutation NB - Maternal Origin,Transition - Pyrimidine/Pyrimidine,C>T
74077564,rs28625350,CC,CC,CA,67,82,99,NC_000018.10,Mutation NB - Paternal Origin,Transversion - Purine/Pyrimidine,Unsolved
76879686,rs2156340,GG,GG,GA,76,100,99,NC_000018.10,Mutation NB - Paternal Origin,Transition - Purine/Purine,Unsolved
78905277,.,AA,AA,AG,70,67,50,NC_000018.10,Mutation NB - Maternal Origin,Transition - Purine/Purine,Unsolved
79361816,rs7243979,CT,CC,TT,11,85,15,NC_000018.10,Mutation NB - Maternal Origin,Transversion - Purine/Pyrimidine,C>T
79876679,rs35614280,CC,CG,GG,70,67,12,NC_000018.10,Mutation NB - Paternal Origin,Transversion - Purine/Pyrimidine,C>G
80244356,rs6506819,TC,CC,TT,38,91,24,NC_000018.10,Mutation NB - Maternal Origin,Transversion - Purine/Pyrimidine,C>T
1217557,rs192311716,TT,AA,TT,88,91,9,NC_000019.10,Mutation NB - Maternal Origin,Transversion - Purine/Pyrimidine,A>T
1287154,.,GG,GG,GT,82,67,47,NC_000019.10,Mutation NB - Maternal Origin,Transversion - Purine/Pyrimidine,Unsolved
1619272,rs143086577,GG,GG,GA,82,88,65,NC_000019.10,Mutation NB - Paternal Origin,Transition - Purine/Purine,Unsolved
1834826,.,TT,TT,TC,61,64,65,NC_000019.10,Mutation NB - Paternal Origin,Transition - Pyrimidine/Pyrimidine,Unsolved
2550854,rs887270,AA,GG,AA,67,100,21,NC_000019.10,Mutation NB - Maternal Origin,Transition - Purine/Purine,G>A
2824118,rs10424313,TC,CC,TT,1,76,0,NC_000019.10,Mutation NB - Maternal Origin,Transversion - Purine/Pyrimidine,C>T
2883138,rs8110664,GG,GG,GC,73,82,66,NC_000019.10,Mutation NB - Paternal Origin,Transition - Purine/Purine,Transversion - Purine/Pyrimidine,Unsolved
3445859,rs8113197,AA,AA,GG,46,100,15,NC_000019.10,Mutation NB - Paternal Origin,Transition - Purine/Purine,Unsolved
3445970,rs57171894,GG,AA,AA,70,88,18,NC_000019.10,Mutation NB - Paternal Origin,Transition - Purine/Purine,G>A
3546442,rs60929757,GG,GG,GA,49,91,99,NC_000019.10,Mutation NB - Paternal Origin,Transition - Purine/Purine,Unsolved
3546465,rs28528221,TT,TT,TC,52,91,99,NC_000019.10,Mutation NB - Paternal Origin,Transition - Pyrimidine/Pyrimidine,Unsolved
3829815,rs62132981,AA,GG,GG,91,85,0,NC_000019.10,Mutation NB - Paternal Origin,Transition - Purine/Purine,A>G
4210468,rs12710072,AA,AA,AG,100,91,65,NC_000019.10,Mutation NB - Maternal Origin,Transition - Purine/Purine,Unsolved
4445076,rs2705,GG,AA,AA,85,88,30,NC_000019.10,Mutation NB - Paternal Origin,Transition - Purine/Purine,G>A
4512657,rs55901236,CC,TT,TT,91,88,0,NC_000019.10,Mutation NB - Paternal Origin,Transition - Pyrimidine/Pyrimidine,C>T
6415784,rs8103311,TC,CC,TT,1,85,0,NC_000019.10,Mutation NB - Maternal Origin,Transversion - Purine/Pyrimidine,C>T
6466471,rs348362,GG,AA,GG,73,88,9,NC_000019.10,Mutation NB - Maternal Origin,Transition - Purine/Purine,A>G
6645513,rs1494123,TC,TT,CC,73,100,15,NC_000019.10,Mutation NB - Maternal Origin,Transition - Pyrimidine/Pyrimidine,T>C
7590579,rs115063416,CC,CC,CG,85,100,68,NC_000019.10,Mutation NB - Paternal Origin,Transversion - Purine/Pyrimidine,Unsolved
8500159,rs28527176,AA,AA,AT,67,91,27,NC_000019.10,Mutation NB - Paternal Origin,Transversion - Purine/Pyrimidine,Unsolved
8656159,rs2340548,AA,AA,GG,91,100,12,NC_000019.10,Mutation NB - Paternal Origin,Transition - Purine/Purine,Unsolved
8871470,rs3752140,TT,TG,GG,100,50,24,NC_000019.10,Mutation NB - Paternal Origin,Transversion - Purine/Pyrimidine,T>G
10110435,rs182090136,TT,CC,TT,61,85,24,NC_000019.10,Mutation NB - Maternal Origin,Transition - Pyrimidine/Pyrimidine,C>T
10110475,rs2305792,CG,GG,CC,1,85,27,NC_000019.10,Mutation NB - Maternal Origin,Transversion - Purine/Pyrimidine,G>C
11035662,rs12460706,TT,CC,TT,76,91,9,NC_000019.10,Mutation NB - Maternal Origin,Transition - Pyrimidine/Pyrimidine,C>T
11138798,rs11668605,GG,CC,GG,88,82,0,NC_000019.10,Mutation NB - Maternal Origin,Transversion - Purine/Pyrimidine,C>G
11923791,rs10404066,GG,GG,GC,79,100,99,NC_000019.10,Mutation NB - Paternal Origin,Transition - Purine/Purine,Transversion - Purine/Pyrimidine,Unsolved
12713201,rs60499412,GG,GG,AA,100,91,24,NC_000019.10,Mutation NB - Maternal Origin,Transition - Purine/Purine,Unsolved
15608622,rs181964530,CC,TT,CC,61,88,0,NC_000019.10,Mutation NB - Maternal Origin,Transition - Pyrimidine/Pyrimidine,T>C
15732644,rs1859356,CC,CC,TT,91,91,12,NC_000019.10,Mutation NB - Paternal or Maternal,Transition - Pyrimidine/Pyrimidine,Unsolved
17060858,.,AA,AA,AG,88,85,59,NC_000019.10,Mutation NB - Maternal Origin,Transition - Purine/Purine,Unsolved
17627718,rs73524097,CC,AA,CC,85,79,0,NC_000019.10,Mutation NB - Maternal Origin,Transversion - Purine/Pyrimidine,A>C
17702833,rs80220568,GG,GG,GA,55,100,98,NC_000019.10,Mutation NB - Paternal Origin,Transition - Purine/Purine,Unsolved
17765533,rs140953629,CC,TT,CC,85,91,0,NC_000019.10,Mutation NB - Maternal Origin,Transition - Pyrimidine/Pyrimidine,T>C
18069603,rs401502,CG,GG,CC,1,91,0,NC_000019.10,Mutation NB - Maternal Origin,Transversion - Purine/Pyrimidine,G>C
18069641,rs375947,AG,GG,AA,1,91,15,NC_000019.10,Mutation NB - Maternal Origin,Transition - Purine/Purine,G>A
18328573,rs12985909,CC,CT,TT,100,35,15,NC_000019.10,Mutation NB - Paternal Origin,Transition - Pyrimidine/Pyrimidine,C>T
22802091,rs389207,AA,AA,AG,70,100,99,NC_000019.10,Mutation NB - Paternal Origin,Transition - Purine/Purine,Unsolved
29020121,rs12978017,AA,GG,GG,100,85,12,NC_000019.10,Mutation NB - Paternal Origin,Transition - Purine/Purine,A>G
32250961,rs28629938,AA,AA,GG,100,88,24,NC_000019.10,Mutation NB - Maternal Origin,Transition - Purine/Purine,Unsolved
32252403,rs10418317,GG,GG,GT,100,76,92,NC_000019.10,Mutation NB - Maternal Origin,Transversion - Purine/Pyrimidine,Unsolved
33264533,rs34129834,TC,TT,CC,35,85,9,NC_000019.10,Mutation NB - Maternal Origin,Transition - Pyrimidine/Pyrimidine,T>C
33568111,rs2115316,GG,CC,GG,61,100,15,NC_000019.10,Mutation NB - Maternal Origin,Transversion - Purine/Pyrimidine,C>G
33801746,.,TT,TT,TC,88,82,52,NC_000019.10,Mutation NB - Maternal Origin,Transition - Pyrimidine/Pyrimidine,Unsolved
34513711,rs117125754,GG,GG,GA,76,91,97,NC_000019.10,Mutation NB - Paternal Origin,Transition - Purine/Purine,Unsolved
35593405,rs10403109,GG,CC,GG,91,88,9,NC_000019.10,Mutation NB - Maternal Origin,Transversion - Purine/Pyrimidine,C>G
43389433,rs12976609,GG,GG,CC,79,100,12,NC_000019.10,Mutation NB - Paternal Origin,Transversion - Purine/Pyrimidine,Unsolved
44652405,.,AA,AA,AG,73,76,47,NC_000019.10,Mutation NB - Paternal Origin,Transition - Purine/Purine,Unsolved
44782565,.,AA,AA,AG,67,79,62,NC_000019.10,Mutation NB - Paternal Origin,Transition - Purine/Purine,Unsolved
47454492,rs12976215,GG,CC,CC,76,55,0,NC_000019.10,Mutation NB - Paternal Origin,Transversion - Purine/Pyrimidine,G>C
47758229,rs11665895,TG,GG,TT,14,88,21,NC_000019.10,Mutation NB - Maternal Origin,Transversion - Purine/Pyrimidine,G>T
48711491,rs281381,TT,TT,TC,79,88,99,NC_000019.10,Mutation NB - Paternal Origin,Transition - Pyrimidine/Pyrimidine,Unsolved
50454140,rs25665,AA,GG,AA,73,100,9,NC_000019.10,Mutation NB - Maternal Origin,Transition - Purine/Purine,G>A
51677555,rs61429594,AA,GG,GG,79,91,5,NC_000019.10,Mutation NB - Paternal Origin,Transition - Purine/Purine,A>G
52796216,rs79767538,GG,GG,GC,70,100,99,NC_000019.10,Mutation NB - Paternal Origin,Transition - Purine/Purine,Transversion - Purine/Pyrimidine,Unsolved
52796222,rs73067535,AA,AA,AG,70,100,99,NC_000019.10,Mutation NB - Paternal Origin,Transition - Purine/Purine,Unsolved
53706849,rs7255440,TT,AA,TT,79,76,0,NC_000019.10,Mutation NB - Maternal Origin,Transversion - Purine/Pyrimidine,A>T
56071940,rs2087115,CC,CC,CT,100,73,99,NC_000019.10,Mutation NB - Maternal Origin,Transition - Pyrimidine/Pyrimidine,Unsolved
56793437,rs2870475,CT,CC,TT,42,91,9,NC_000019.10,Mutation NB - Maternal Origin,Transversion - Purine/Pyrimidine,C>T
58019876,rs113992190,TT,TT,TC,100,100,30,NC_000019.10,Mutation NB - Paternal or Maternal,Transition - Pyrimidine/Pyrimidine,Unsolved
911917,rs35093728,GG,GG,GT,82,100,62,NC_000020.11,Mutation NB - Paternal Origin,Transversion - Purine/Pyrimidine,Unsolved
940310,rs534498,GA,GG,AA,67,91,27,NC_000020.11,Mutation NB - Maternal Origin,Transition - Purine/Purine,G>A
1155282,rs6077930,CC,TT,CC,64,85,21,NC_000020.11,Mutation NB - Maternal Origin,Transition - Pyrimidine/Pyrimidine,T>C
2151167,rs73606121,AA,GG,GG,88,88,0,NC_000020.11,Mutation NB - Paternal Origin,Transition - Purine/Purine,A>G
2162034,.,TT,TT,TC,73,82,68,NC_000020.11,Mutation NB - Paternal Origin,Transition - Pyrimidine/Pyrimidine,Unsolved
2327784,rs6106524,TT,CC,CC,85,76,15,NC_000020.11,Mutation NB - Paternal Origin,Transition - Pyrimidine/Pyrimidine,T>C
3243686,.,CC,CC,CA,73,88,42,NC_000020.11,Mutation NB - Paternal Origin,Transversion - Purine/Pyrimidine,Unsolved
3924355,.,AA,AA,AG,85,85,51,NC_000020.11,Mutation NB - Paternal or Maternal,Transition - Purine/Purine,Unsolved
5308169,rs6085083,TT,TT,TG,79,100,48,NC_000020.11,Mutation NB - Paternal Origin,Transition - Pyrimidine/Pyrimidine,Transversion - Purine/Pyrimidine,Unsolved
5308196,rs56172101,CC,CC,CT,70,100,72,NC_000020.11,Mutation NB - Paternal Origin,Transition - Pyrimidine/Pyrimidine,Unsolved
6266641,rs6054041,CT,CC,TT,1,67,39,NC_000020.11,Mutation NB - Maternal Origin,Transversion - Purine/Pyrimidine,C>T
10009597,rs724675,AA,CC,CC,88,91,0,NC_000020.11,Mutation NB - Paternal Origin,Transversion - Purine/Pyrimidine,A>C
10124046,rs574803,TT,TT,TG,70,85,99,NC_000020.11,Mutation NB - Paternal Origin,Transition - Pyrimidine/Pyrimidine,Transversion - Purine/Pyrimidine,Unsolved
12065805,rs10211707,GG,AA,AA,88,85,15,NC_000020.11,Mutation NB - Paternal Origin,Transition - Purine/Purine,G>A
13013839,rs4814181,CC,TT,CC,79,100,21,NC_000020.11,Mutation NB - Maternal Origin,Transition - Pyrimidine/Pyrimidine,T>C
13676813,rs34920916,CC,TT,TT,82,76,0,NC_000020.11,Mutation NB - Paternal Origin,Transition - Pyrimidine/Pyrimidine,C>T
15062854,rs365575,TT,CC,CC,70,85,0,NC_000020.11,Mutation NB - Paternal Origin,Transition - Pyrimidine/Pyrimidine,T>C
15176221,.,TT,TT,TC,67,85,44,NC_000020.11,Mutation NB - Paternal Origin,Transition - Pyrimidine/Pyrimidine,Unsolved
15979188,rs6080070,TT,CC,CC,100,64,48,NC_000020.11,Mutation NB - Paternal Origin,Transition - Pyrimidine/Pyrimidine,T>C
17191317,.,TT,TT,TG,76,88,66,NC_000020.11,Mutation NB - Paternal Origin,Transition - Pyrimidine/Pyrimidine,Transversion - Purine/Pyrimidine,Unsolved
20763481,rs58148406,TT,CC,TT,82,100,18,NC_000020.11,Mutation NB - Maternal Origin,Transition - Pyrimidine/Pyrimidine,C>T
20763498,rs35859064,GG,AA,GG,82,100,18,NC_000020.11,Mutation NB - Maternal Origin,Transition - Purine/Purine,A>G
22500420,rs872009,CC,CC,CA,61,100,92,NC_000020.11,Mutation NB - Paternal Origin,Transversion - Purine/Pyrimidine,Unsolved
23163005,rs844921,CC,TT,CC,79,85,33,NC_000020.11,Mutation NB - Maternal Origin,Transition - Pyrimidine/Pyrimidine,T>C
23341675,.,AA,AA,AC,85,91,43,NC_000020.11,Mutation NB - Paternal Origin,Transversion - Purine/Pyrimidine,Unsolved
23362161,rs78588741,CC,CC,CG,91,91,27,NC_000020.11,Mutation NB - Paternal or Maternal,Transversion - Purine/Pyrimidine,Unsolved
24790331,rs226674,TT,TT,CT,85,98,98,NC_000020.11,Mutation NB - Paternal Origin,Transition - Pyrimidine/Pyrimidine,Unsolved
24894157,rs6036961,GG,GG,GA,82,91,99,NC_000020.11,Mutation NB - Paternal Origin,Transition - Purine/Purine,Unsolved
32139880,rs4911198,CT,TT,CC,41,79,27,NC_000020.11,Mutation NB - Maternal Origin,Transition - Pyrimidine/Pyrimidine,T>C
35183632,rs2378337,GG,AA,GG,67,76,9,NC_000020.11,Mutation NB - Maternal Origin,Transition - Purine/Purine,A>G
36217779,.,GG,GG,GA,73,76,47,NC_000020.11,Mutation NB - Paternal Origin,Transition - Purine/Purine,Unsolved
36221796,.,AA,AA,AG,64,76,63,NC_000020.11,Mutation NB - Paternal Origin,Transition - Purine/Purine,Unsolved
36528343,rs220080,CC,CC,GG,64,85,0,NC_000020.11,Mutation NB - Paternal Origin,Transversion - Purine/Pyrimidine,Unsolved
36936286,rs6065494,CC,AA,AA,76,82,0,NC_000020.11,Mutation NB - Paternal Origin,Transversion - Purine/Pyrimidine,C>A
37903972,rs6126493,CC,CT,TT,100,1,18,NC_000020.11,Mutation NB - Paternal Origin,Transition - Pyrimidine/Pyrimidine,C>T
38169973,rs11700046,AA,GG,AA,70,82,9,NC_000020.11,Mutation NB - Maternal Origin,Transition - Purine/Purine,G>A
38169978,rs11698634,CC,TT,CC,70,82,9,NC_000020.11,Mutation NB - Maternal Origin,Transition - Pyrimidine/Pyrimidine,T>C
38444448,rs805528,AA,GG,AA,79,91,15,NC_000020.11,Mutation NB - Maternal Origin,Transition - Purine/Purine,G>A
39038747,.,TT,TT,TC,70,79,53,NC_000020.11,Mutation NB - Paternal Origin,Transition - Pyrimidine/Pyrimidine,Unsolved
42567309,rs6072796,GA,AA,GG,63,89,0,NC_000020.11,Mutation NB - Maternal Origin,Transition - Purine/Purine,A>G
43023208,rs206156,TT,CT,CC,91,29,0,NC_000020.11,Mutation NB - Paternal Origin,Transition - Pyrimidine/Pyrimidine,T>C
44025453,rs11086917,GG,AA,GG,64,88,18,NC_000020.11,Mutation NB - Maternal Origin,Transition - Purine/Purine,A>G
46276199,rs2425840,AC,AA,CC,35,88,15,NC_000020.11,Mutation NB - Maternal Origin,A>C
46557390,rs1405565,AA,AG,GG,82,1,12,NC_000020.11,Mutation NB - Paternal Origin,Transition - Purine/Purine,A>G
48037002,rs4810756,GG,GG,GC,79,100,99,NC_000020.11,Mutation NB - Paternal Origin,Transition - Purine/Purine,Transversion - Purine/Pyrimidine,Unsolved
48194735,rs6063223,CT,TT,CC,1,88,0,NC_000020.11,Mutation NB - Maternal Origin,Transition - Pyrimidine/Pyrimidine,T>C
48194775,rs6063224,TC,CC,TT,1,88,0,NC_000020.11,Mutation NB - Maternal Origin,Transversion - Purine/Pyrimidine,C>T
48580109,rs4810826,CC,TT,TT,70,82,0,NC_000020.11,Mutation NB - Paternal Origin,Transition - Pyrimidine/Pyrimidine,C>T
48736569,rs6063314,TT,CC,TT,61,91,45,NC_000020.11,Mutation NB - Maternal Origin,Transition - Pyrimidine/Pyrimidine,C>T
48969105,rs3764683,TT,TT,TC,88,91,68,NC_000020.11,Mutation NB - Paternal Origin,Transition - Pyrimidine/Pyrimidine,Unsolved
50067669,rs6095748,TT,TT,CC,100,100,9,NC_000020.11,Mutation NB - Paternal or Maternal,Transition - Pyrimidine/Pyrimidine,Unsolved
51255008,.,CC,CC,CG,79,79,57,NC_000020.11,Mutation NB - Paternal or Maternal,Transversion - Purine/Pyrimidine,Unsolved
51367486,rs74462858,GA,GG,AA,67,88,12,NC_000020.11,Mutation NB - Maternal Origin,Transition - Purine/Purine,G>A
52840134,rs4811401,AA,CA,CC,49,28,12,NC_000020.11,Mutation NB - Paternal Origin,Transversion - Purine/Pyrimidine,A>C
53291719,rs7267527,GG,GG,GC,100,76,99,NC_000020.11,Mutation NB - Maternal Origin,Transition - Purine/Purine,Transversion - Purine/Pyrimidine,Unsolved
57761522,rs6015075,GG,GG,GT,61,100,65,NC_000020.11,Mutation NB - Paternal Origin,Transversion - Purine/Pyrimidine,Unsolved
58693811,rs3746396,CA,CC,AA,2,100,15,NC_000020.11,Mutation NB - Maternal Origin,Transversion - Purine/Pyrimidine,C>A
58693938,rs6100166,GG,CC,CC,100,76,21,NC_000020.11,Mutation NB - Paternal Origin,Transversion - Purine/Pyrimidine,G>C
58777182,rs67367726,TT,TT,TG,88,100,99,NC_000020.11,Mutation NB - Paternal Origin,Transition - Pyrimidine/Pyrimidine,Transversion - Purine/Pyrimidine,Unsolved
58971485,rs6026629,TT,TT,TA,100,73,65,NC_000020.11,Mutation NB - Maternal Origin,Transition - Pyrimidine/Pyrimidine,Transversion - Purine/Pyrimidine,Unsolved
60062478,.,GG,GG,GA,64,79,47,NC_000020.11,Mutation NB - Paternal Origin,Transition - Purine/Purine,Unsolved
60260591,rs1870728,CC,CC,CT,61,100,99,NC_000020.11,Mutation NB - Paternal Origin,Transition - Pyrimidine/Pyrimidine,Unsolved
60482035,.,GG,GG,GA,85,85,53,NC_000020.11,Mutation NB - Paternal or Maternal,Transition - Purine/Purine,Unsolved
61485431,.,GG,GG,GA,85,82,50,NC_000020.11,Mutation NB - Maternal Origin,Transition - Purine/Purine,Unsolved
61767860,rs11700060,CT,CC,TT,1,91,12,NC_000020.11,Mutation NB - Maternal Origin,Transversion - Purine/Pyrimidine,C>T
61767940,rs112798052,GG,GG,GA,100,85,72,NC_000020.11,Mutation NB - Maternal Origin,Transition - Purine/Purine,Unsolved
62057238,rs6089632,CT,CC,TT,6,100,27,NC_000020.11,Mutation NB - Maternal Origin,Transversion - Purine/Pyrimidine,C>T
62569800,rs6143042,AA,GG,AA,82,91,0,NC_000020.11,Mutation NB - Maternal Origin,Transition - Purine/Purine,G>A
63059836,.,AA,AA,AG,79,88,40,NC_000020.11,Mutation NB - Paternal Origin,Transition - Purine/Purine,Unsolved
63099468,rs6062808,AA,GG,AA,91,82,18,NC_000020.11,Mutation NB - Maternal Origin,Transition - Purine/Purine,G>A
63106936,rs13044229,AA,AA,CC,91,100,15,NC_000020.11,Mutation NB - Paternal Origin,Transversion - Purine/Pyrimidine,Unsolved
63224538,rs1884330,GG,AA,GG,73,85,9,NC_000020.11,Mutation NB - Maternal Origin,Transition - Purine/Purine,A>G
5220469,rs878888000,GG,AG,AA,88,32,0,NC_000021.9,Mutation NB - Paternal Origin,Transition - Purine/Purine,G>A
5220485,rs1317126410,GG,GG,GT,88,85,33,NC_000021.9,Mutation NB - Maternal Origin,Transversion - Purine/Pyrimidine,Unsolved
14087279,rs13048370,CT,TT,CC,67,91,0,NC_000021.9,Mutation NB - Maternal Origin,Transition - Pyrimidine/Pyrimidine,T>C
18016704,rs13047627,CC,CC,CT,61,100,99,NC_000021.9,Mutation NB - Paternal Origin,Transition - Pyrimidine/Pyrimidine,Unsolved
23835325,rs184356695,AA,AA,AG,85,100,99,NC_000021.9,Mutation NB - Paternal Origin,Transition - Purine/Purine,Unsolved
28903825,rs11701133,AG,AA,GG,38,97,14,NC_000021.9,Mutation NB - Maternal Origin,Transition - Purine/Purine,A>G
29214001,.,CC,CC,CT,76,82,56,NC_000021.9,Mutation NB - Paternal Origin,Transition - Pyrimidine/Pyrimidine,Unsolved
29639452,rs2832417,AA,GG,GG,82,82,0,NC_000021.9,Mutation NB - Paternal Origin,Transition - Purine/Purine,A>G
30379639,.,TT,TT,TC,49,88,33,NC_000021.9,Mutation NB - Paternal Origin,Transition - Pyrimidine/Pyrimidine,Unsolved
31750262,rs16988471,AA,AA,AC,100,91,52,NC_000021.9,Mutation NB - Maternal Origin,Transversion - Purine/Pyrimidine,Unsolved
32093954,rs762167,TC,CC,TT,42,91,0,NC_000021.9,Mutation NB - Maternal Origin,Transversion - Purine/Pyrimidine,C>T
32575419,rs59453134,CC,TT,TT,88,100,0,NC_000021.9,Mutation NB - Paternal Origin,Transition - Pyrimidine/Pyrimidine,C>T
33134427,rs933121,TT,TT,TA,100,91,24,NC_000021.9,Mutation NB - Maternal Origin,Transition - Pyrimidine/Pyrimidine,Transversion - Purine/Pyrimidine,Unsolved
33134458,rs933122,AA,AA,AT,100,91,24,NC_000021.9,Mutation NB - Maternal Origin,Transversion - Purine/Pyrimidine,Unsolved
33316303,rs8134201,CC,GG,GG,91,88,9,NC_000021.9,Mutation NB - Paternal Origin,Transversion - Purine/Pyrimidine,C>G
34864219,rs2268290,GG,AA,GG,49,91,15,NC_000021.9,Mutation NB - Maternal Origin,Transition - Purine/Purine,A>G
34963282,rs2834693,GA,AA,GG,41,85,0,NC_000021.9,Mutation NB - Maternal Origin,Transition - Purine/Purine,A>G
36245426,rs3746866,CC,CC,CA,100,88,65,NC_000021.9,Mutation NB - Maternal Origin,Transversion - Purine/Pyrimidine,Unsolved
36820678,rs2835470,TT,CC,CC,82,73,0,NC_000021.9,Mutation NB - Paternal Origin,Transition - Pyrimidine/Pyrimidine,T>C
37895943,rs8129611,GG,TT,TT,91,88,18,NC_000021.9,Mutation NB - Paternal Origin,Transversion - Purine/Pyrimidine,G>T
38956110,rs6517493,TT,CC,TT,82,91,9,NC_000021.9,Mutation NB - Maternal Origin,Transition - Pyrimidine/Pyrimidine,C>T
40531266,rs1882781,TT,TT,TC,79,100,68,NC_000021.9,Mutation NB - Paternal Origin,Transition - Pyrimidine/Pyrimidine,Unsolved
41864693,rs62214700,AA,AG,GG,61,1,18,NC_000021.9,Mutation NB - Paternal Origin,Transition - Purine/Purine,A>G
42272731,rs225399,TT,TT,TC,70,100,62,NC_000021.9,Mutation NB - Paternal Origin,Transition - Pyrimidine/Pyrimidine,Unsolved
42566220,rs113741089,CC,CC,CT,79,100,52,NC_000021.9,Mutation NB - Paternal Origin,Transition - Pyrimidine/Pyrimidine,Unsolved
42766936,rs35408210,GC,GG,CC,9,82,15,NC_000021.9,Mutation NB - Maternal Origin,Transversion - Purine/Pyrimidine,G>C
42841895,rs1811079,TT,TT,TG,73,100,99,NC_000021.9,Mutation NB - Paternal Origin,Transition - Pyrimidine/Pyrimidine,Transversion - Purine/Pyrimidine,Unsolved
42851837,rs76269659,CC,CC,CA,76,100,99,NC_000021.9,Mutation NB - Paternal Origin,Transversion - Purine/Pyrimidine,Unsolved
43021031,.,CC,CC,CT,85,82,65,NC_000021.9,Mutation NB - Maternal Origin,Transition - Pyrimidine/Pyrimidine,Unsolved
43708033,rs7283428,GG,AA,AA,85,100,0,NC_000021.9,Mutation NB - Paternal Origin,Transition - Purine/Purine,G>A
43708069,rs7280160,AA,GG,GG,85,91,27,NC_000021.9,Mutation NB - Paternal Origin,Transition - Purine/Purine,A>G
43790628,rs143451463,GA,GG,AA,1,88,18,NC_000021.9,Mutation NB - Maternal Origin,Transition - Purine/Purine,G>A
43800315,rs187375442,GG,GG,GA,64,100,99,NC_000021.9,Mutation NB - Paternal Origin,Transition - Purine/Purine,Unsolved
44684517,rs5013904,AG,GG,AA,1,82,0,NC_000021.9,Mutation NB - Maternal Origin,Transition - Purine/Purine,G>A
45244860,rs2838831,GA,GG,AA,35,100,9,NC_000021.9,Mutation NB - Maternal Origin,Transition - Purine/Purine,G>A
45423882,rs7281509,TT,TA,AA,67,53,12,NC_000021.9,Mutation NB - Paternal Origin,Transversion - Purine/Pyrimidine,T>A
45817154,rs187210747,TT,AA,TT,85,91,15,NC_000021.9,Mutation NB - Maternal Origin,Transversion - Purine/Pyrimidine,A>T
46432668,rs2300561,GG,AA,AA,61,82,18,NC_000021.9,Mutation NB - Paternal Origin,Transition - Purine/Purine,G>A
16914338,.,AA,AA,AG,85,82,62,NC_000022.11,Mutation NB - Maternal Origin,Transition - Purine/Purine,Unsolved
19546813,rs7293193,AG,GG,AA,32,91,0,NC_000022.11,Mutation NB - Maternal Origin,Transition - Purine/Purine,G>A
19805189,rs5993834,TT,CC,CC,76,85,9,NC_000022.11,Mutation NB - Paternal Origin,Transition - Pyrimidine/Pyrimidine,T>C
20143450,rs79219164,GG,GG,GA,73,91,62,NC_000022.11,Mutation NB - Paternal Origin,Transition - Purine/Purine,Unsolved
22210343,rs5757427,TT,AA,TT,91,91,18,NC_000022.11,Mutation NB - Maternal Origin,Transversion - Purine/Pyrimidine,A>T
22224598,rs8142651,CC,CC,CG,100,85,99,NC_000022.11,Mutation NB - Maternal Origin,Transversion - Purine/Pyrimidine,Unsolved
23312115,rs576315509,GG,AA,GG,76,91,21,NC_000022.11,Mutation NB - Maternal Origin,Transition - Purine/Purine,A>G
25011002,rs4496416,TA,AA,TT,1,64,0,NC_000022.11,Mutation NB - Maternal Origin,Transversion - Purine/Pyrimidine,A>T
29678815,rs2530676,GG,GG,AG,88,91,59,NC_000022.11,Mutation NB - Paternal Origin,Transition - Purine/Purine,Unsolved
33739522,rs78133244,GG,GG,GC,100,88,95,NC_000022.11,Mutation NB - Maternal Origin,Transition - Purine/Purine,Transversion - Purine/Pyrimidine,Unsolved
33770679,rs8138783,TT,TT,TC,85,100,68,NC_000022.11,Mutation NB - Paternal Origin,Transition - Pyrimidine/Pyrimidine,Unsolved
34817404,rs5755322,GG,AA,GG,82,88,18,NC_000022.11,Mutation NB - Maternal Origin,Transition - Purine/Purine,A>G
34817442,rs2103618,TT,CC,TT,85,88,18,NC_000022.11,Mutation NB - Maternal Origin,Transition - Pyrimidine/Pyrimidine,C>T
34817462,rs5755323,CC,TT,CC,85,91,18,NC_000022.11,Mutation NB - Maternal Origin,Transition - Pyrimidine/Pyrimidine,T>C
35345178,rs4386,TC,TT,CC,1,100,18,NC_000022.11,Mutation NB - Maternal Origin,Transition - Pyrimidine/Pyrimidine,T>C
36285080,rs972316225,TT,TT,TC,73,82,51,NC_000022.11,Mutation NB - Paternal Origin,Transition - Pyrimidine/Pyrimidine,Unsolved
36468138,rs759332668,AA,AA,AG,79,91,65,NC_000022.11,Mutation NB - Paternal Origin,Transition - Purine/Purine,Unsolved
36951529,rs73158167,TT,TT,TC,46,100,99,NC_000022.11,Mutation NB - Paternal Origin,Transition - Pyrimidine/Pyrimidine,Unsolved
37037988,rs25095,GG,GA,AA,73,33,24,NC_000022.11,Mutation NB - Paternal Origin,Transition - Purine/Purine,G>A
37550024,rs6000796,AA,GG,AA,85,88,9,NC_000022.11,Mutation NB - Maternal Origin,Transition - Purine/Purine,G>A
38226591,rs2235187,CC,CC,CA,100,91,33,NC_000022.11,Mutation NB - Maternal Origin,Transversion - Purine/Pyrimidine,Unsolved
38770046,.,TT,TT,TC,64,73,52,NC_000022.11,Mutation NB - Paternal Origin,Transition - Pyrimidine/Pyrimidine,Unsolved
39045198,rs4821862,CC,TT,TT,100,79,12,NC_000022.11,Mutation NB - Paternal Origin,Transition - Pyrimidine/Pyrimidine,C>T
42764139,rs5996233,CC,CC,CA,88,100,71,NC_000022.11,Mutation NB - Paternal Origin,Transversion - Purine/Pyrimidine,Unsolved
43113662,rs9620115,AG,AA,GG,45,85,9,NC_000022.11,Mutation NB - Maternal Origin,Transition - Purine/Purine,A>G
44865279,.,TT,TT,TA,67,82,40,NC_000022.11,Mutation NB - Paternal Origin,Transition - Pyrimidine/Pyrimidine,Transversion - Purine/Pyrimidine,Unsolved
45070688,rs73890150,GG,GT,TT,73,67,9,NC_000022.11,Mutation NB - Paternal Origin,Transversion - Purine/Pyrimidine,G>T
45261931,rs7285612,GG,GG,GA,73,100,17,NC_000022.11,Mutation NB - Paternal Origin,Transition - Purine/Purine,Unsolved
45586258,rs73444988,AA,AA,AG,82,100,55,NC_000022.11,Mutation NB - Paternal Origin,Transition - Purine/Purine,Unsolved
46021961,rs548752103,GG,GG,GC,58,85,95,NC_000022.11,Mutation NB - Paternal Origin,Transition - Purine/Purine,Transversion - Purine/Pyrimidine,Unsolved
46739308,rs5769126,CC,CC,AC,73,88,94,NC_000022.11,Mutation NB - Paternal Origin,Transversion - Purine/Pyrimidine,Unsolved
48084069,rs73480828,CC,CC,CG,85,88,71,NC_000022.11,Mutation NB - Paternal Origin,Transversion - Purine/Pyrimidine,Unsolved
48333504,rs6007832,GC,GG,CC,1,79,12,NC_000022.11,Mutation NB - Maternal Origin,Transversion - Purine/Pyrimidine,G>C
48556744,rs16999430,GG,GG,GA,91,100,82,NC_000022.11,Mutation NB - Paternal Origin,Transition - Purine/Purine,Unsolved
48703858,rs4925445,AG,AA,GG,1,85,21,NC_000022.11,Mutation NB - Maternal Origin,Transition - Purine/Purine,A>G
49090879,rs9616423,AA,AA,GG,73,91,0,NC_000022.11,Mutation NB - Paternal Origin,Transition - Purine/Purine,Unsolved
49647752,rs6009799,CC,CC,CT,64,100,99,NC_000022.11,Mutation NB - Paternal Origin,Transition - Pyrimidine/Pyrimidine,Unsolved
49966897,rs34597827,CC,TT,CC,79,91,18,NC_000022.11,Mutation NB - Maternal Origin,Transition - Pyrimidine/Pyrimidine,T>C
50032087,rs11101958,CC,CC,CT,70,100,52,NC_000022.11,Mutation NB - Paternal Origin,Transition - Pyrimidine/Pyrimidine,Unsolved
50198764,rs3747941,AA,AA,GG,100,100,18,NC_000022.11,Mutation NB - Paternal or Maternal,Transition - Purine/Purine,Unsolved
50237533,rs5771259,GG,GG,AA,100,73,21,NC_000022.11,Mutation NB - Maternal Origin,Transition - Purine/Purine,Unsolved
50319041,rs67488807,TT,CC,TT,88,88,9,NC_000022.11,Mutation NB - Maternal Origin,Transition - Pyrimidine/Pyrimidine,C>T
