1299453,.,AA,AA,AT,73,88,65,NC_000001.11,Mutation NB - Paternal Origin,Transversion - Purine/Pyrimidine,Unsolved
1578663,.,TT,TT,TC,58,88,56,NC_000001.11,Mutation NB - Paternal Origin,Transition - Pyrimidine/Pyrimidine,Unsolved
2195995,rs2503711,CA,AA,CC,6,88,21,NC_000001.11,Mutation NB - Maternal Origin,A>C
2353047,rs12049067,TT,CC,CC,37,70,0,NC_000001.11,Mutation NB - Paternal Origin,Transition - Pyrimidine/Pyrimidine,T>C
3353264,rs2483256,AA,AG,GG,100,33,24,NC_000001.11,Mutation NB - Paternal Origin,Transition - Purine/Purine,A>G
3576194,rs928523194,GG,GG,GA,82,85,68,NC_000001.11,Mutation NB - Paternal Origin,Transition - Purine/Purine,Unsolved
3630465,rs71634350,GG,AA,AA,70,82,0,NC_000001.11,Mutation NB - Paternal Origin,Transition - Purine/Purine,G>A
3631978,rs2244942,CC,TT,CC,85,82,30,NC_000001.11,Mutation NB - Maternal Origin,Transition - Pyrimidine/Pyrimidine,T>C
3733148,.,TT,TT,TC,85,67,53,NC_000001.11,Mutation NB - Maternal Origin,Transition - Pyrimidine/Pyrimidine,Unsolved
3848985,rs4648346,GG,AA,AA,100,91,30,NC_000001.11,Mutation NB - Paternal Origin,Transition - Purine/Purine,G>A
4160698,.,TT,TT,TC,85,82,62,NC_000001.11,Mutation NB - Maternal Origin,Transition - Pyrimidine/Pyrimidine,Unsolved
4305254,rs72631061,GG,GG,GA,100,85,99,NC_000001.11,Mutation NB - Maternal Origin,Transition - Purine/Purine,Unsolved
4502692,rs661886,GG,CG,CC,88,80,0,NC_000001.11,Mutation NB - Paternal Origin,Transversion - Purine/Pyrimidine,G>C
4770609,.,TT,TT,TC,85,73,65,NC_000001.11,Mutation NB - Maternal Origin,Transition - Pyrimidine/Pyrimidine,Unsolved
6077343,rs3789543,TT,GG,TT,76,70,12,NC_000001.11,Mutation NB - Maternal Origin,Transversion - Purine/Pyrimidine,G>T
6083086,rs3789540,CT,CC,TT,88,100,21,NC_000001.11,Mutation NB - Maternal Origin,Transversion - Purine/Pyrimidine,C>T
6602500,rs763122205,AA,AA,AG,82,85,62,NC_000001.11,Mutation NB - Paternal Origin,Transition - Purine/Purine,Unsolved
6638172,.,AA,AA,AG,64,67,45,NC_000001.11,Mutation NB - Paternal Origin,Transition - Purine/Purine,Unsolved
6743687,rs12065191,CC,TT,TT,80,91,0,NC_000001.11,Mutation NB - Paternal Origin,Transition - Pyrimidine/Pyrimidine,C>T
10930764,rs2764890,AA,GG,AA,82,100,21,NC_000001.11,Mutation NB - Maternal Origin,Transition - Purine/Purine,G>A
12207208,rs1061624,GG,AA,AA,88,79,9,NC_000001.11,Mutation NB - Paternal Origin,Transition - Purine/Purine,G>A
13633598,rs4284259,CC,CC,CA,100,46,99,NC_000001.11,Mutation NB - Maternal Origin,Transversion - Purine/Pyrimidine,Unsolved
13712644,rs909590961,CC,CC,CT,79,73,49,NC_000001.11,Mutation NB - Maternal Origin,Transition - Pyrimidine/Pyrimidine,Unsolved
14071074,.,AA,AA,AG,85,73,50,NC_000001.11,Mutation NB - Maternal Origin,Transition - Purine/Purine,Unsolved
14552434,rs78222438,CC,TT,CC,64,91,24,NC_000001.11,Mutation NB - Maternal Origin,Transition - Pyrimidine/Pyrimidine,T>C
14871413,rs2803396,CC,CC,TC,64,92,40,NC_000001.11,Mutation NB - Paternal Origin,Transition - Pyrimidine/Pyrimidine,Unsolved
14969046,rs114362367,CC,CC,CT,43,100,99,NC_000001.11,Mutation NB - Paternal Origin,Transition - Pyrimidine/Pyrimidine,Unsolved
15003804,rs10803338,CC,TT,CC,55,52,0,NC_000001.11,Mutation NB - Maternal Origin,Transition - Pyrimidine/Pyrimidine,T>C
15737203,rs6701500,GG,GG,GT,100,58,95,NC_000001.11,Mutation NB - Maternal Origin,Transversion - Purine/Pyrimidine,Unsolved
16486571,rs2165678,TT,TT,CT,64,82,99,NC_000001.11,Mutation NB - Paternal Origin,Transition - Pyrimidine/Pyrimidine,Unsolved
17740303,.,TT,TT,TC,79,61,47,NC_000001.11,Mutation NB - Maternal Origin,Transition - Pyrimidine/Pyrimidine,Unsolved
17768774,rs4920634,GT,TT,GG,1,91,18,NC_000001.11,Mutation NB - Maternal Origin,Transversion - Purine/Pyrimidine,T>G
18333801,rs558986,AG,GG,AA,35,70,12,NC_000001.11,Mutation NB - Maternal Origin,Transition - Purine/Purine,G>A
18439569,rs6668305,GG,AA,GG,73,100,12,NC_000001.11,Mutation NB - Maternal Origin,Transition - Purine/Purine,A>G
18607044,rs2087791885,GG,GG,GA,79,79,65,NC_000001.11,Mutation NB - Paternal or Maternal,Transition - Purine/Purine,Unsolved
19337630,rs2093904995,CC,CC,CT,70,58,60,NC_000001.11,Mutation NB - Maternal Origin,Transition - Pyrimidine/Pyrimidine,Unsolved
19383879,rs10917437,TT,CC,CC,100,88,18,NC_000001.11,Mutation NB - Paternal Origin,Transition - Pyrimidine/Pyrimidine,T>C
21215319,.,AA,AA,AG,88,82,47,NC_000001.11,Mutation NB - Maternal Origin,Transition - Purine/Purine,Unsolved
22177174,rs2744705,CC,TT,CC,76,91,15,NC_000001.11,Mutation NB - Maternal Origin,Transition - Pyrimidine/Pyrimidine,T>C
24086227,rs4233048,CC,CC,TC,55,61,20,NC_000001.11,Mutation NB - Paternal Origin,Transition - Pyrimidine/Pyrimidine,Unsolved
24086284,rs4397608,GG,GG,AG,55,61,21,NC_000001.11,Mutation NB - Paternal Origin,Transition - Purine/Purine,Unsolved
25082951,rs34365985,AA,GA,GG,88,12,9,NC_000001.11,Mutation NB - Paternal Origin,Transition - Purine/Purine,A>G
25572674,rs11806326,TG,TT,GG,67,100,12,NC_000001.11,Mutation NB - Maternal Origin,Transversion - Purine/Pyrimidine,T>G
26317723,rs4659426,CC,CC,TC,61,73,15,NC_000001.11,Mutation NB - Paternal Origin,Transition - Pyrimidine/Pyrimidine,Unsolved
27009941,.,AA,AA,AC,52,70,44,NC_000001.11,Mutation NB - Paternal Origin,Transversion - Purine/Pyrimidine,Unsolved
29134247,rs755294,CT,CC,TT,67,100,9,NC_000001.11,Mutation NB - Maternal Origin,Transversion - Purine/Pyrimidine,C>T
29640720,rs187953,AA,AA,AG,67,100,99,NC_000001.11,Mutation NB - Paternal Origin,Transition - Purine/Purine,Unsolved
29680147,rs271350,AG,GG,AA,1,70,0,NC_000001.11,Mutation NB - Maternal Origin,Transition - Purine/Purine,G>A
29858051,rs11581235,CC,CC,TT,100,79,9,NC_000001.11,Mutation NB - Maternal Origin,Transition - Pyrimidine/Pyrimidine,Unsolved
30048141,rs377250,CC,TT,TT,88,91,0,NC_000001.11,Mutation NB - Paternal Origin,Transition - Pyrimidine/Pyrimidine,C>T
30061024,rs2173361,CC,TT,CC,100,88,9,NC_000001.11,Mutation NB - Maternal Origin,Transition - Pyrimidine/Pyrimidine,T>C
31542163,.,TT,TT,TC,61,61,48,NC_000001.11,Mutation NB - Paternal or Maternal,Transition - Pyrimidine/Pyrimidine,Unsolved
31827475,rs12749138,CC,CC,TC,85,76,99,NC_000001.11,Mutation NB - Maternal Origin,Transition - Pyrimidine/Pyrimidine,Unsolved
33161648,rs621539,CT,TT,CC,1,67,12,NC_000001.11,Mutation NB - Maternal Origin,Transition - Pyrimidine/Pyrimidine,T>C
35444170,rs1303799466,TT,TT,TC,76,49,47,NC_000001.11,Mutation NB - Maternal Origin,Transition - Pyrimidine/Pyrimidine,Unsolved
36088235,rs12131875,AA,AA,AC,100,85,72,NC_000001.11,Mutation NB - Maternal Origin,Transversion - Purine/Pyrimidine,Unsolved
36790462,rs479779,AA,AA,AG,88,100,99,NC_000001.11,Mutation NB - Paternal Origin,Transition - Purine/Purine,Unsolved
38483582,rs945340,AA,AA,AT,100,85,99,NC_000001.11,Mutation NB - Maternal Origin,Transversion - Purine/Pyrimidine,Unsolved
38483594,rs945341,TT,TT,TA,100,85,99,NC_000001.11,Mutation NB - Maternal Origin,Transition - Pyrimidine/Pyrimidine,Transversion - Purine/Pyrimidine,Unsolved
38483631,rs34219417,TT,TT,TC,79,100,99,NC_000001.11,Mutation NB - Paternal Origin,Transition - Pyrimidine/Pyrimidine,Unsolved
38605508,rs12739450,GG,AA,AA,73,61,9,NC_000001.11,Mutation NB - Paternal Origin,Transition - Purine/Purine,G>A
39510691,rs2260479,CC,CC,CT,85,67,99,NC_000001.11,Mutation NB - Maternal Origin,Transition - Pyrimidine/Pyrimidine,Unsolved
39775466,rs2991272,AG,AA,GG,1,73,30,NC_000001.11,Mutation NB - Maternal Origin,Transition - Purine/Purine,A>G
39775486,rs2780925,CT,CC,TT,1,73,30,NC_000001.11,Mutation NB - Maternal Origin,Transversion - Purine/Pyrimidine,C>T
40987208,rs12044786,GG,GG,GA,88,85,85,NC_000001.11,Mutation NB - Maternal Origin,Transition - Purine/Purine,Unsolved
43317175,rs1198982,GG,AA,GG,85,91,0,NC_000001.11,Mutation NB - Maternal Origin,Transition - Purine/Purine,A>G
44301042,rs75371797,TT,CC,CC,85,99,1,NC_000001.11,Mutation NB - Paternal Origin,Transition - Pyrimidine/Pyrimidine,T>C
45008485,rs2298006,GA,AA,GG,40,58,0,NC_000001.11,Mutation NB - Maternal Origin,Transition - Purine/Purine,A>G
45107791,.,TT,TT,TC,76,73,50,NC_000001.11,Mutation NB - Maternal Origin,Transition - Pyrimidine/Pyrimidine,Unsolved
47580648,rs2507007,GG,GG,GT,88,85,30,NC_000001.11,Mutation NB - Maternal Origin,Transversion - Purine/Pyrimidine,Unsolved
49845851,.,AA,AA,AG,37,76,59,NC_000001.11,Mutation NB - Paternal Origin,Transition - Purine/Purine,Unsolved
53086593,rs17107896,AA,AG,GG,82,1,21,NC_000001.11,Mutation NB - Paternal Origin,Transition - Purine/Purine,A>G
53359638,rs4926595,AA,AA,AG,73,100,99,NC_000001.11,Mutation NB - Paternal Origin,Transition - Purine/Purine,Unsolved
54163571,.,TT,TT,TC,64,49,56,NC_000001.11,Mutation NB - Maternal Origin,Transition - Pyrimidine/Pyrimidine,Unsolved
58372117,rs4912337,TT,GG,TT,82,100,15,NC_000001.11,Mutation NB - Maternal Origin,Transversion - Purine/Pyrimidine,G>T
59472393,rs1968546,CC,CC,CG,100,100,99,NC_000001.11,Mutation NB - Paternal or Maternal,Transversion - Purine/Pyrimidine,Unsolved
60778014,rs428490,TT,TT,CT,85,49,66,NC_000001.11,Mutation NB - Maternal Origin,Transition - Pyrimidine/Pyrimidine,Unsolved
61895309,rs11207858,TT,TT,CT,73,73,50,NC_000001.11,Mutation NB - Paternal or Maternal,Transition - Pyrimidine/Pyrimidine,Unsolved
61895328,rs11207859,AA,AA,GA,73,73,50,NC_000001.11,Mutation NB - Paternal or Maternal,Transition - Purine/Purine,Unsolved
63648218,rs855330,TT,TT,TC,91,100,53,NC_000001.11,Mutation NB - Paternal Origin,Transition - Pyrimidine/Pyrimidine,Unsolved
66393946,.,AA,AA,AG,67,67,41,NC_000001.11,Mutation NB - Paternal or Maternal,Transition - Purine/Purine,Unsolved
67562223,rs4655736,CC,CC,CT,100,79,99,NC_000001.11,Mutation NB - Maternal Origin,Transition - Pyrimidine/Pyrimidine,Unsolved
68569981,rs1396100955,AA,AA,AG,82,70,47,NC_000001.11,Mutation NB - Maternal Origin,Transition - Purine/Purine,Unsolved
70719540,rs1932060,AA,AA,AG,70,79,99,NC_000001.11,Mutation NB - Paternal Origin,Transition - Purine/Purine,Unsolved
77376223,rs60053175,AA,AT,TT,100,1,51,NC_000001.11,Mutation NB - Paternal Origin,Transversion - Purine/Pyrimidine,A>T
79037204,rs12743046,GT,TT,GG,48,85,0,NC_000001.11,Mutation NB - Maternal Origin,Transversion - Purine/Pyrimidine,T>G
79905868,rs2226051,AA,AA,GA,67,37,38,NC_000001.11,Mutation NB - Maternal Origin,Transition - Purine/Purine,Unsolved
80932095,rs6699347,GT,TT,GG,32,88,0,NC_000001.11,Mutation NB - Maternal Origin,Transversion - Purine/Pyrimidine,T>G
81612100,rs1924650,CC,TC,TT,76,1,0,NC_000001.11,Mutation NB - Paternal Origin,Transition - Pyrimidine/Pyrimidine,C>T
82600842,rs6604915,TT,CC,CC,100,61,45,NC_000001.11,Mutation NB - Paternal Origin,Transition - Pyrimidine/Pyrimidine,T>C
82967177,rs10493732,AA,AA,AT,91,91,68,NC_000001.11,Mutation NB - Paternal or Maternal,Transversion - Purine/Pyrimidine,Unsolved
85502803,rs72724680,TT,AA,AA,70,73,30,NC_000001.11,Mutation NB - Paternal Origin,Transversion - Purine/Pyrimidine,T>A
86637585,.,CC,CC,CT,88,85,40,NC_000001.11,Mutation NB - Maternal Origin,Transition - Pyrimidine/Pyrimidine,Unsolved
91604809,rs11165064,GG,GG,GA,85,100,99,NC_000001.11,Mutation NB - Paternal Origin,Transition - Purine/Purine,Unsolved
93375977,rs1081524,GG,GG,TG,82,85,99,NC_000001.11,Mutation NB - Paternal Origin,Transversion - Purine/Pyrimidine,Unsolved
93375983,rs1081523,GG,GG,AG,82,85,99,NC_000001.11,Mutation NB - Paternal Origin,Transition - Purine/Purine,Unsolved
93732884,rs1349094675,CC,CC,CT,76,73,86,NC_000001.11,Mutation NB - Maternal Origin,Transition - Pyrimidine/Pyrimidine,Unsolved
94112152,.,GG,GG,GC,100,64,99,NC_000001.11,Mutation NB - Maternal Origin,Transition - Purine/Purine,Transversion - Purine/Pyrimidine,Unsolved
94128941,.,AA,AA,AG,73,76,51,NC_000001.11,Mutation NB - Paternal Origin,Transition - Purine/Purine,Unsolved
96150768,rs2139984,CC,AA,AA,88,61,60,NC_000001.11,Mutation NB - Paternal Origin,Transversion - Purine/Pyrimidine,C>A
109668196,rs2073483,TT,CC,CC,89,91,0,NC_000001.11,Mutation NB - Paternal Origin,Transition - Pyrimidine/Pyrimidine,T>C
109807954,rs141522494,TT,TT,TC,82,67,42,NC_000001.11,Mutation NB - Maternal Origin,Transition - Pyrimidine/Pyrimidine,Unsolved
110129714,rs12410967,CC,CC,CT,100,79,71,NC_000001.11,Mutation NB - Maternal Origin,Transition - Pyrimidine/Pyrimidine,Unsolved
110607285,rs72978923,AA,AA,AG,100,85,97,NC_000001.11,Mutation NB - Maternal Origin,Transition - Purine/Purine,Unsolved
111213206,rs12749641,CC,TT,TT,79,61,24,NC_000001.11,Mutation NB - Paternal Origin,Transition - Pyrimidine/Pyrimidine,C>T
111485317,rs6659177,CC,TT,CC,79,100,45,NC_000001.11,Mutation NB - Maternal Origin,Transition - Pyrimidine/Pyrimidine,T>C
111485432,rs112156285,GG,GG,GA,82,73,99,NC_000001.11,Mutation NB - Maternal Origin,Transition - Purine/Purine,Unsolved
111962351,rs184216687,GG,GG,GA,100,76,15,NC_000001.11,Mutation NB - Maternal Origin,Transition - Purine/Purine,Unsolved
112161971,rs2788423,AA,AG,GG,73,1,42,NC_000001.11,Mutation NB - Paternal Origin,Transition - Purine/Purine,A>G
116883498,.,AA,AA,AG,82,79,62,NC_000001.11,Mutation NB - Maternal Origin,Transition - Purine/Purine,Unsolved
117793758,rs974223378,CC,CC,CT,88,79,27,NC_000001.11,Mutation NB - Maternal Origin,Transition - Pyrimidine/Pyrimidine,Unsolved
118786755,rs2712270,AA,GG,GG,100,79,39,NC_000001.11,Mutation NB - Paternal Origin,Transition - Purine/Purine,A>G
119308648,rs1418024,GG,GG,AG,85,73,24,NC_000001.11,Mutation NB - Maternal Origin,Transition - Purine/Purine,Unsolved
150067150,rs3754047,CC,CC,CA,100,91,99,NC_000001.11,Mutation NB - Maternal Origin,Transversion - Purine/Pyrimidine,Unsolved
150549143,rs587742477,GG,GG,GA,76,73,69,NC_000001.11,Mutation NB - Maternal Origin,Transition - Purine/Purine,Unsolved
150549152,rs1198126631,CC,CC,CT,76,73,69,NC_000001.11,Mutation NB - Maternal Origin,Transition - Pyrimidine/Pyrimidine,Unsolved
152226178,rs7534716,AG,GG,AA,67,79,0,NC_000001.11,Mutation NB - Maternal Origin,Transition - Purine/Purine,G>A
154099380,.,CC,CC,CT,73,85,62,NC_000001.11,Mutation NB - Paternal Origin,Transition - Pyrimidine/Pyrimidine,Unsolved
154443372,rs186110340,CC,CC,CG,49,91,99,NC_000001.11,Mutation NB - Paternal Origin,Transversion - Purine/Pyrimidine,Unsolved
157479464,rs950453,GA,AA,GG,41,61,21,NC_000001.11,Mutation NB - Maternal Origin,Transition - Purine/Purine,A>G
157505604,rs2873346,GG,TT,GG,85,76,21,NC_000001.11,Mutation NB - Maternal Origin,Transition - Purine/Purine,Transversion - Purine/Pyrimidine,T>G
159492130,rs10797041,CC,TT,CC,79,73,12,NC_000001.11,Mutation NB - Maternal Origin,Transition - Pyrimidine/Pyrimidine,T>C
160392384,.,GG,GG,GA,73,73,59,NC_000001.11,Mutation NB - Paternal or Maternal,Transition - Purine/Purine,Unsolved
160777928,rs529608,GG,GG,AG,91,76,27,NC_000001.11,Mutation NB - Maternal Origin,Transition - Purine/Purine,Unsolved
161545386,rs10429882,CC,TT,TT,88,88,27,NC_000001.11,Mutation NB - Paternal Origin,Transition - Pyrimidine/Pyrimidine,C>T
164126327,rs10917930,GG,CC,CC,91,88,0,NC_000001.11,Mutation NB - Paternal Origin,Transversion - Purine/Pyrimidine,G>C
164881220,rs1339134,AA,CA,CC,73,1,0,NC_000001.11,Mutation NB - Paternal Origin,Transversion - Purine/Pyrimidine,A>C
168044612,rs11558511,TC,TT,CC,67,88,18,NC_000001.11,Mutation NB - Maternal Origin,Transition - Pyrimidine/Pyrimidine,T>C
170811356,rs113455325,CC,CC,CA,100,79,99,NC_000001.11,Mutation NB - Maternal Origin,Transversion - Purine/Pyrimidine,Unsolved
171833983,rs10753198,TC,CC,TT,35,73,0,NC_000001.11,Mutation NB - Maternal Origin,Transversion - Purine/Pyrimidine,C>T
175045114,rs7355181,AA,AG,GG,100,1,24,NC_000001.11,Mutation NB - Paternal Origin,Transition - Purine/Purine,A>G
175372646,rs180970257,CC,CC,CA,100,28,99,NC_000001.11,Mutation NB - Maternal Origin,Transversion - Purine/Pyrimidine,Unsolved
175877372,rs78764206,GC,GG,CC,1,55,27,NC_000001.11,Mutation NB - Maternal Origin,Transversion - Purine/Pyrimidine,G>C
175945293,rs1298911104,AA,AA,AG,91,67,50,NC_000001.11,Mutation NB - Maternal Origin,Transition - Purine/Purine,Unsolved
177463761,rs6675242,AA,AA,AG,100,70,99,NC_000001.11,Mutation NB - Maternal Origin,Transition - Purine/Purine,Unsolved
180275444,rs186031944,AG,AA,GG,32,46,30,NC_000001.11,Mutation NB - Maternal Origin,Transition - Purine/Purine,A>G
181832615,.,AA,AA,GG,91,88,9,NC_000001.11,Mutation NB - Maternal Origin,Transition - Purine/Purine,Unsolved
182571553,rs148164226,TT,TT,TG,100,76,99,NC_000001.11,Mutation NB - Maternal Origin,Transition - Pyrimidine/Pyrimidine,Transversion - Purine/Pyrimidine,Unsolved
184475086,rs12032938,TT,TT,TG,88,70,30,NC_000001.11,Mutation NB - Maternal Origin,Transition - Pyrimidine/Pyrimidine,Transversion - Purine/Pyrimidine,Unsolved
191026132,rs10753969,TT,CC,TT,91,91,0,NC_000001.11,Mutation NB - Maternal Origin,Transition - Pyrimidine/Pyrimidine,C>T
191250849,rs71637268,GG,GG,GA,79,100,62,NC_000001.11,Mutation NB - Paternal Origin,Transition - Purine/Purine,Unsolved
200342386,rs2790111,GG,TG,TT,85,1,0,NC_000001.11,Mutation NB - Paternal Origin,Transversion - Purine/Pyrimidine,G>T
200700052,rs6427847,AA,AA,AG,58,100,99,NC_000001.11,Mutation NB - Paternal Origin,Transition - Purine/Purine,Unsolved
201135728,.,GG,GG,GA,70,76,62,NC_000001.11,Mutation NB - Paternal Origin,Transition - Purine/Purine,Unsolved
201311493,rs1772853,AA,GG,AA,82,100,27,NC_000001.11,Mutation NB - Maternal Origin,Transition - Purine/Purine,G>A
202585083,.,AA,AA,AT,88,85,62,NC_000001.11,Mutation NB - Maternal Origin,Transversion - Purine/Pyrimidine,Unsolved
202938424,rs1653970829,TT,TT,TC,55,67,44,NC_000001.11,Mutation NB - Paternal Origin,Transition - Pyrimidine/Pyrimidine,Unsolved
203873164,rs6702750,CT,TT,CC,1,76,0,NC_000001.11,Mutation NB - Maternal Origin,Transition - Pyrimidine/Pyrimidine,T>C
205598152,rs41315571,CC,CC,CG,91,67,24,NC_000001.11,Mutation NB - Maternal Origin,Transversion - Purine/Pyrimidine,Unsolved
205777268,rs890382974,GG,GG,GA,67,88,52,NC_000001.11,Mutation NB - Paternal Origin,Transition - Purine/Purine,Unsolved
206964047,.,TT,TT,TC,58,67,44,NC_000001.11,Mutation NB - Paternal Origin,Transition - Pyrimidine/Pyrimidine,Unsolved
207824081,.,GG,GG,GA,67,79,50,NC_000001.11,Mutation NB - Paternal Origin,Transition - Purine/Purine,Unsolved
208173810,rs874785,TT,CC,CC,88,85,15,NC_000001.11,Mutation NB - Paternal Origin,Transition - Pyrimidine/Pyrimidine,T>C
209595863,.,GG,GG,GA,49,91,53,NC_000001.11,Mutation NB - Paternal Origin,Transition - Purine/Purine,Unsolved
211619911,rs4345851,CC,AA,AA,100,91,18,NC_000001.11,Mutation NB - Paternal Origin,Transversion - Purine/Pyrimidine,C>A
213712794,.,GG,GG,GA,64,46,49,NC_000001.11,Mutation NB - Maternal Origin,Transition - Purine/Purine,Unsolved
217379481,rs2454117,TT,TT,TC,88,100,33,NC_000001.11,Mutation NB - Paternal Origin,Transition - Pyrimidine/Pyrimidine,Unsolved
219905305,rs12141796,TT,TG,GG,100,1,30,NC_000001.11,Mutation NB - Paternal Origin,Transversion - Purine/Pyrimidine,T>G
227995627,rs74690980,AA,GG,AA,76,82,21,NC_000001.11,Mutation NB - Maternal Origin,Transition - Purine/Purine,G>A
228082567,rs822733,AG,GG,AA,38,67,0,NC_000001.11,Mutation NB - Maternal Origin,Transition - Purine/Purine,G>A
228343373,rs34673199,GG,GG,GA,61,100,99,NC_000001.11,Mutation NB - Paternal Origin,Transition - Purine/Purine,Unsolved
228343392,rs35553922,CC,CC,CT,61,100,99,NC_000001.11,Mutation NB - Paternal Origin,Transition - Pyrimidine/Pyrimidine,Unsolved
228774586,rs7556210,CC,TT,CC,67,100,24,NC_000001.11,Mutation NB - Maternal Origin,Transition - Pyrimidine/Pyrimidine,T>C
228986687,rs10799506,TC,CC,TT,32,79,0,NC_000001.11,Mutation NB - Maternal Origin,Transversion - Purine/Pyrimidine,C>T
229023805,rs9661104,TT,TT,TC,100,40,99,NC_000001.11,Mutation NB - Maternal Origin,Transition - Pyrimidine/Pyrimidine,Unsolved
229579305,.,CC,CC,CT,91,76,95,NC_000001.11,Mutation NB - Maternal Origin,Transition - Pyrimidine/Pyrimidine,Unsolved
229986831,rs1657791939,AA,AA,AG,79,82,51,NC_000001.11,Mutation NB - Paternal Origin,Transition - Purine/Purine,Unsolved
230744370,.,AA,AA,AG,64,61,56,NC_000001.11,Mutation NB - Maternal Origin,Transition - Purine/Purine,Unsolved
230823931,rs12121390,TT,TT,TC,100,82,56,NC_000001.11,Mutation NB - Maternal Origin,Transition - Pyrimidine/Pyrimidine,Unsolved
231209554,rs16841556,CC,AA,AA,82,70,33,NC_000001.11,Mutation NB - Paternal Origin,Transversion - Purine/Pyrimidine,C>A
232088003,rs9727875,GG,TT,GG,76,52,0,NC_000001.11,Mutation NB - Maternal Origin,Transition - Purine/Purine,Transversion - Purine/Pyrimidine,T>G
235618234,rs10926274,GA,GG,AA,34,100,18,NC_000001.11,Mutation NB - Maternal Origin,Transition - Purine/Purine,G>A
237056514,rs541255925,TT,TT,TG,100,73,63,NC_000001.11,Mutation NB - Maternal Origin,Transition - Pyrimidine/Pyrimidine,Transversion - Purine/Pyrimidine,Unsolved
237082679,.,TT,TT,TC,73,52,44,NC_000001.11,Mutation NB - Maternal Origin,Transition - Pyrimidine/Pyrimidine,Unsolved
237108554,rs6691537,CC,CC,CT,100,67,99,NC_000001.11,Mutation NB - Maternal Origin,Transition - Pyrimidine/Pyrimidine,Unsolved
238760722,rs2841411,AA,CC,CC,100,64,47,NC_000001.11,Mutation NB - Paternal Origin,Transversion - Purine/Pyrimidine,A>C
240465678,.,TT,TT,TC,49,61,59,NC_000001.11,Mutation NB - Paternal Origin,Transition - Pyrimidine/Pyrimidine,Unsolved
240658687,rs12077006,CC,GG,CC,88,85,0,NC_000001.11,Mutation NB - Maternal Origin,Transversion - Purine/Pyrimidine,G>C
241369185,rs79893453,TT,TT,TC,100,67,62,NC_000001.11,Mutation NB - Maternal Origin,Transition - Pyrimidine/Pyrimidine,Unsolved
241868537,rs1776174,GG,TT,TT,76,55,12,NC_000001.11,Mutation NB - Paternal Origin,Transversion - Purine/Pyrimidine,G>T
242222143,rs10926660,CC,CG,GG,58,1,27,NC_000001.11,Mutation NB - Paternal Origin,Transversion - Purine/Pyrimidine,C>G
246522138,rs72760875,GT,GG,TT,1,100,24,NC_000001.11,Mutation NB - Maternal Origin,Transversion - Purine/Pyrimidine,G>T
239736,rs10181015,CC,AA,CC,88,76,0,NC_000002.12,Mutation NB - Maternal Origin,Transversion - Purine/Pyrimidine,A>C
562776,rs2724926,CC,TT,TT,61,100,0,NC_000002.12,Mutation NB - Paternal Origin,Transition - Pyrimidine/Pyrimidine,C>T
880667,rs4452189,GG,GT,TT,85,1,9,NC_000002.12,Mutation NB - Paternal Origin,Transversion - Purine/Pyrimidine,G>T
893605,rs4330132,GG,AA,GG,73,82,21,NC_000002.12,Mutation NB - Maternal Origin,Transition - Purine/Purine,A>G
1630177,rs9679013,TT,CC,CC,91,85,15,NC_000002.12,Mutation NB - Paternal Origin,Transition - Pyrimidine/Pyrimidine,T>C
1709206,rs11684407,CT,TT,CC,1,67,0,NC_000002.12,Mutation NB - Maternal Origin,Transition - Pyrimidine/Pyrimidine,T>C
1794450,.,AA,AA,AG,73,79,47,NC_000002.12,Mutation NB - Paternal Origin,Transition - Purine/Purine,Unsolved
2639453,rs1551128,CC,CC,CA,100,61,62,NC_000002.12,Mutation NB - Maternal Origin,Transversion - Purine/Pyrimidine,Unsolved
3062637,rs4078219,CC,CC,TC,64,88,99,NC_000002.12,Mutation NB - Paternal Origin,Transition - Pyrimidine/Pyrimidine,Unsolved
3617044,rs79701910,AA,TT,AA,85,82,18,NC_000002.12,Mutation NB - Maternal Origin,Transversion - Purine/Pyrimidine,T>A
4112743,rs78261193,TT,CC,TT,91,82,0,NC_000002.12,Mutation NB - Maternal Origin,Transition - Pyrimidine/Pyrimidine,C>T
6649906,rs10495538,CC,CC,CT,85,100,99,NC_000002.12,Mutation NB - Paternal Origin,Transition - Pyrimidine/Pyrimidine,Unsolved
7247316,rs2140855,CC,CT,TT,100,7,54,NC_000002.12,Mutation NB - Paternal Origin,Transition - Pyrimidine/Pyrimidine,C>T
8456497,.,AA,AA,AG,55,91,52,NC_000002.12,Mutation NB - Paternal Origin,Transition - Purine/Purine,Unsolved
9747455,rs12692393,AA,GG,AA,82,100,12,NC_000002.12,Mutation NB - Maternal Origin,Transition - Purine/Purine,G>A
9811841,rs7568887,GG,GG,GA,76,88,59,NC_000002.12,Mutation NB - Paternal Origin,Transition - Purine/Purine,Unsolved
9811954,.,CC,CC,CT,52,64,41,NC_000002.12,Mutation NB - Paternal Origin,Transition - Pyrimidine/Pyrimidine,Unsolved
10234354,rs10929640,CC,CT,TT,88,76,9,NC_000002.12,Mutation NB - Paternal Origin,Transition - Pyrimidine/Pyrimidine,C>T
10379932,rs12475051,TT,CC,TT,73,88,36,NC_000002.12,Mutation NB - Maternal Origin,Transition - Pyrimidine/Pyrimidine,C>T
10984803,.,TT,TT,TC,91,64,56,NC_000002.12,Mutation NB - Maternal Origin,Transition - Pyrimidine/Pyrimidine,Unsolved
17292371,rs9989751,GG,AA,GG,61,46,21,NC_000002.12,Mutation NB - Maternal Origin,Transition - Purine/Purine,A>G
19743871,rs35058456,TG,GG,TT,1,82,18,NC_000002.12,Mutation NB - Maternal Origin,Transversion - Purine/Pyrimidine,G>T
20196945,rs35363812,GG,AA,AA,91,79,9,NC_000002.12,Mutation NB - Paternal Origin,Transition - Purine/Purine,G>A
20919223,rs12994068,AA,AA,AC,100,49,99,NC_000002.12,Mutation NB - Maternal Origin,Transversion - Purine/Pyrimidine,Unsolved
21882144,rs1304870210,TT,TT,TC,82,82,63,NC_000002.12,Mutation NB - Paternal or Maternal,Transition - Pyrimidine/Pyrimidine,Unsolved
27086955,.,AA,AA,AG,58,76,45,NC_000002.12,Mutation NB - Paternal Origin,Transition - Purine/Purine,Unsolved
29475046,rs4666222,GG,AG,AA,58,1,0,NC_000002.12,Mutation NB - Paternal Origin,Transition - Purine/Purine,G>A
29826144,rs4265970,CC,TT,CC,85,88,0,NC_000002.12,Mutation NB - Maternal Origin,Transition - Pyrimidine/Pyrimidine,T>C
31113232,rs6543601,CC,CG,GG,100,35,18,NC_000002.12,Mutation NB - Paternal Origin,Transversion - Purine/Pyrimidine,C>G
34547641,.,AA,AA,AG,64,49,53,NC_000002.12,Mutation NB - Maternal Origin,Transition - Purine/Purine,Unsolved
37323647,rs7570547,AA,GG,AA,88,100,12,NC_000002.12,Mutation NB - Maternal Origin,Transition - Purine/Purine,G>A
41359151,rs12612695,AA,AA,CA,91,76,9,NC_000002.12,Mutation NB - Maternal Origin,Transversion - Purine/Pyrimidine,Unsolved
41821337,rs4245777,GG,AA,GG,88,91,24,NC_000002.12,Mutation NB - Maternal Origin,Transition - Purine/Purine,A>G
41904724,rs11124852,GG,AG,AA,76,1,0,NC_000002.12,Mutation NB - Paternal Origin,Transition - Purine/Purine,G>A
43122232,rs56062661,CC,CC,CT,82,88,75,NC_000002.12,Mutation NB - Paternal Origin,Transition - Pyrimidine/Pyrimidine,Unsolved
45220483,.,TT,TT,TG,76,76,65,NC_000002.12,Mutation NB - Paternal or Maternal,Transition - Pyrimidine/Pyrimidine,Transversion - Purine/Pyrimidine,Unsolved
46299433,rs13394604,AA,CC,AA,76,76,0,NC_000002.12,Mutation NB - Maternal Origin,Transversion - Purine/Pyrimidine,C>A
46984350,rs138757219,GG,GG,GA,100,94,33,NC_000002.12,Mutation NB - Maternal Origin,Transition - Purine/Purine,Unsolved
49502793,rs2350321,CC,TT,CC,91,100,21,NC_000002.12,Mutation NB - Maternal Origin,Transition - Pyrimidine/Pyrimidine,T>C
49502812,rs4353690,GG,GG,GA,100,91,62,NC_000002.12,Mutation NB - Maternal Origin,Transition - Purine/Purine,Unsolved
51581763,rs17863635,TT,CC,CC,82,82,30,NC_000002.12,Mutation NB - Paternal Origin,Transition - Pyrimidine/Pyrimidine,T>C
53867526,rs805382,AG,GG,AA,1,76,0,NC_000002.12,Mutation NB - Maternal Origin,Transition - Purine/Purine,G>A
54325784,rs11675478,TT,TT,TC,82,100,33,NC_000002.12,Mutation NB - Paternal Origin,Transition - Pyrimidine/Pyrimidine,Unsolved
56244358,rs35624466,GG,GG,GA,73,100,99,NC_000002.12,Mutation NB - Paternal Origin,Transition - Purine/Purine,Unsolved
56245258,rs2080606,CC,GG,GG,82,85,9,NC_000002.12,Mutation NB - Paternal Origin,Transversion - Purine/Pyrimidine,C>G
59946731,rs1559625,AG,AA,GG,1,100,15,NC_000002.12,Mutation NB - Maternal Origin,Transition - Purine/Purine,A>G
60294903,rs2110402,TT,CC,TT,79,82,6,NC_000002.12,Mutation NB - Maternal Origin,Transition - Pyrimidine/Pyrimidine,C>T
60526458,rs356992,CC,CC,CG,100,76,65,NC_000002.12,Mutation NB - Maternal Origin,Transversion - Purine/Pyrimidine,Unsolved
67329789,.,TT,TT,TC,88,91,62,NC_000002.12,Mutation NB - Paternal Origin,Transition - Pyrimidine/Pyrimidine,Unsolved
70027409,rs10196130,CC,CC,CT,88,100,68,NC_000002.12,Mutation NB - Paternal Origin,Transition - Pyrimidine/Pyrimidine,Unsolved
70087237,.,AA,AA,AG,76,76,50,NC_000002.12,Mutation NB - Paternal or Maternal,Transition - Purine/Purine,Unsolved
70499720,rs34079678,CC,CC,CT,100,91,27,NC_000002.12,Mutation NB - Maternal Origin,Transition - Pyrimidine/Pyrimidine,Unsolved
73984647,rs186998393,TT,CC,CC,91,82,9,NC_000002.12,Mutation NB - Paternal Origin,Transition - Pyrimidine/Pyrimidine,T>C
74880240,rs1807090,TT,TT,TG,100,82,99,NC_000002.12,Mutation NB - Maternal Origin,Transition - Pyrimidine/Pyrimidine,Transversion - Purine/Pyrimidine,Unsolved
75316259,rs4853135,AA,GG,AA,97,95,6,NC_000002.12,Mutation NB - Maternal Origin,Transition - Purine/Purine,G>A
76406404,rs185991551,GG,GG,GA,91,100,75,NC_000002.12,Mutation NB - Paternal Origin,Transition - Purine/Purine,Unsolved
79405269,rs1678329380,TT,TT,TC,91,79,72,NC_000002.12,Mutation NB - Maternal Origin,Transition - Pyrimidine/Pyrimidine,Unsolved
80015830,.,TT,TT,TC,79,79,56,NC_000002.12,Mutation NB - Paternal or Maternal,Transition - Pyrimidine/Pyrimidine,Unsolved
81206466,rs13028608,CC,GG,GG,91,88,0,NC_000002.12,Mutation NB - Paternal Origin,Transversion - Purine/Pyrimidine,C>G
84823277,.,TT,TT,TC,79,49,44,NC_000002.12,Mutation NB - Maternal Origin,Transition - Pyrimidine/Pyrimidine,Unsolved
85716905,.,AA,AA,AG,76,52,56,NC_000002.12,Mutation NB - Maternal Origin,Transition - Purine/Purine,Unsolved
86106242,rs1573843312,TT,TT,TC,82,73,71,NC_000002.12,Mutation NB - Maternal Origin,Transition - Pyrimidine/Pyrimidine,Unsolved
86227581,rs11127017,CC,TT,CC,82,100,12,NC_000002.12,Mutation NB - Maternal Origin,Transition - Pyrimidine/Pyrimidine,T>C
87401689,rs62141009,CC,GG,GG,88,88,18,NC_000002.12,Mutation NB - Paternal Origin,Transversion - Purine/Pyrimidine,C>G
95044670,.,TT,TT,TC,76,46,50,NC_000002.12,Mutation NB - Maternal Origin,Transition - Pyrimidine/Pyrimidine,Unsolved
98622910,rs936872270,TT,TT,TC,73,82,77,NC_000002.12,Mutation NB - Paternal Origin,Transition - Pyrimidine/Pyrimidine,Unsolved
98926981,rs1607256,TT,CT,CC,61,71,0,NC_000002.12,Mutation NB - Paternal Origin,Transition - Pyrimidine/Pyrimidine,T>C
98939395,.,CC,CC,CT,34,28,89,NC_000002.12,Mutation NB - Maternal Origin,Transition - Pyrimidine/Pyrimidine,Unsolved
100038020,rs7558817,AA,AA,CC,88,91,0,NC_000002.12,Mutation NB - Paternal Origin,Transversion - Purine/Pyrimidine,Unsolved
100275681,rs939483993,AA,AA,AG,82,40,50,NC_000002.12,Mutation NB - Maternal Origin,Transition - Purine/Purine,Unsolved
103189969,rs7604497,TT,TT,TC,100,73,98,NC_000002.12,Mutation NB - Maternal Origin,Transition - Pyrimidine/Pyrimidine,Unsolved
105133949,rs10183176,CC,CC,CT,91,88,99,NC_000002.12,Mutation NB - Maternal Origin,Transition - Pyrimidine/Pyrimidine,Unsolved
106528984,.,TT,TT,TC,88,82,41,NC_000002.12,Mutation NB - Maternal Origin,Transition - Pyrimidine/Pyrimidine,Unsolved
108927596,rs13397666,GG,AA,AA,88,76,12,NC_000002.12,Mutation NB - Paternal Origin,Transition - Purine/Purine,G>A
109387714,rs3860481,CC,TT,TT,85,82,21,NC_000002.12,Mutation NB - Paternal Origin,Transition - Pyrimidine/Pyrimidine,C>T
109428999,rs1200278173,CC,CC,CT,52,70,53,NC_000002.12,Mutation NB - Paternal Origin,Transition - Pyrimidine/Pyrimidine,Unsolved
112028472,rs2230517,GG,GG,GA,91,91,57,NC_000002.12,Mutation NB - Paternal or Maternal,Transition - Purine/Purine,Unsolved
112999244,rs6542109,TT,CC,TT,91,91,9,NC_000002.12,Mutation NB - Maternal Origin,Transition - Pyrimidine/Pyrimidine,C>T
113133835,rs9005,GA,AA,GG,33,82,18,NC_000002.12,Mutation NB - Maternal Origin,Transition - Purine/Purine,A>G
113287805,rs13002606,GG,GC,CC,100,1,24,NC_000002.12,Mutation NB - Paternal Origin,Transversion - Purine/Pyrimidine,G>C
115374961,rs6542259,GG,GG,AG,82,91,56,NC_000002.12,Mutation NB - Paternal Origin,Transition - Purine/Purine,Unsolved
120237438,.,GG,GG,GA,91,82,46,NC_000002.12,Mutation NB - Maternal Origin,Transition - Purine/Purine,Unsolved
120768361,rs4848625,CC,CC,CT,82,100,92,NC_000002.12,Mutation NB - Paternal Origin,Transition - Pyrimidine/Pyrimidine,Unsolved
122732808,.,CC,CC,CT,73,64,50,NC_000002.12,Mutation NB - Maternal Origin,Transition - Pyrimidine/Pyrimidine,Unsolved
123333905,rs1608940,GG,GG,GA,100,91,65,NC_000002.12,Mutation NB - Maternal Origin,Transition - Purine/Purine,Unsolved
127014261,rs73953197,GG,GG,AA,100,91,24,NC_000002.12,Mutation NB - Maternal Origin,Transition - Purine/Purine,Unsolved
128883285,rs2441473,TC,TT,CC,13,85,9,NC_000002.12,Mutation NB - Maternal Origin,Transition - Pyrimidine/Pyrimidine,T>C
134176829,rs4954112,TT,GG,TT,91,85,12,NC_000002.12,Mutation NB - Maternal Origin,Transversion - Purine/Pyrimidine,G>T
134809581,rs11902999,CC,TT,TT,85,100,18,NC_000002.12,Mutation NB - Paternal Origin,Transition - Pyrimidine/Pyrimidine,C>T
138279118,rs6757587,CC,GG,CC,100,76,0,NC_000002.12,Mutation NB - Maternal Origin,Transversion - Purine/Pyrimidine,G>C
139273509,rs736667,GG,GG,CC,100,88,33,NC_000002.12,Mutation NB - Maternal Origin,Transversion - Purine/Pyrimidine,Unsolved
140122921,rs80027728,CC,CC,CT,91,100,95,NC_000002.12,Mutation NB - Paternal Origin,Transition - Pyrimidine/Pyrimidine,Unsolved
142334939,.,TT,TT,TA,91,85,33,NC_000002.12,Mutation NB - Maternal Origin,Transition - Pyrimidine/Pyrimidine,Transversion - Purine/Pyrimidine,Unsolved
152958576,rs4531882,TG,TT,GG,1,70,15,NC_000002.12,Mutation NB - Maternal Origin,Transversion - Purine/Pyrimidine,T>G
155881929,rs10173843,AA,GG,AA,85,85,0,NC_000002.12,Mutation NB - Maternal Origin,Transition - Purine/Purine,G>A
158223508,rs9808469,GG,GA,AA,100,2,15,NC_000002.12,Mutation NB - Paternal Origin,Transition - Purine/Purine,G>A
159005044,.,TT,TT,TC,61,67,46,NC_000002.12,Mutation NB - Paternal Origin,Transition - Pyrimidine/Pyrimidine,Unsolved
159174085,rs10929936,TT,TG,GG,82,32,12,NC_000002.12,Mutation NB - Paternal Origin,Transversion - Purine/Pyrimidine,T>G
166581999,rs10209453,GG,GG,GC,100,88,99,NC_000002.12,Mutation NB - Maternal Origin,Transition - Purine/Purine,Transversion - Purine/Pyrimidine,Unsolved
168247062,rs112908183,AA,TT,TT,100,91,9,NC_000002.12,Mutation NB - Paternal Origin,Transversion - Purine/Pyrimidine,A>T
169715343,rs13382386,AA,GG,AA,79,88,18,NC_000002.12,Mutation NB - Maternal Origin,Transition - Purine/Purine,G>A
169768033,rs74171294,AA,GG,AA,85,79,21,NC_000002.12,Mutation NB - Maternal Origin,Transition - Purine/Purine,G>A
171569934,rs75717864,AA,GG,GG,73,85,21,NC_000002.12,Mutation NB - Paternal Origin,Transition - Purine/Purine,A>G
172161774,rs12988626,AA,AA,AG,91,70,94,NC_000002.12,Mutation NB - Maternal Origin,Transition - Purine/Purine,Unsolved
172815213,.,AA,AA,AT,91,88,62,NC_000002.12,Mutation NB - Maternal Origin,Transversion - Purine/Pyrimidine,Unsolved
176764921,.,TT,TT,TC,91,67,65,NC_000002.12,Mutation NB - Maternal Origin,Transition - Pyrimidine/Pyrimidine,Unsolved
178270096,.,AA,AA,AT,58,73,39,NC_000002.12,Mutation NB - Paternal Origin,Transversion - Purine/Pyrimidine,Unsolved
180883010,.,TT,TT,TC,88,76,53,NC_000002.12,Mutation NB - Maternal Origin,Transition - Pyrimidine/Pyrimidine,Unsolved
184099139,.,GG,GG,GA,85,88,50,NC_000002.12,Mutation NB - Paternal Origin,Transition - Purine/Purine,Unsolved
185451275,rs11681870,AA,AA,AC,100,46,99,NC_000002.12,Mutation NB - Maternal Origin,Transversion - Purine/Pyrimidine,Unsolved
185771350,rs11684181,GG,GG,GT,91,100,99,NC_000002.12,Mutation NB - Paternal Origin,Transversion - Purine/Pyrimidine,Unsolved
187358201,rs1011989,TT,AA,TT,100,85,0,NC_000002.12,Mutation NB - Maternal Origin,Transversion - Purine/Pyrimidine,A>T
191802138,rs4572540,TT,CC,CC,88,40,63,NC_000002.12,Mutation NB - Paternal Origin,Transition - Pyrimidine/Pyrimidine,T>C
196022641,rs12473508,TT,AA,TT,85,100,12,NC_000002.12,Mutation NB - Maternal Origin,Transversion - Purine/Pyrimidine,A>T
197186481,rs2712895,CC,CC,TC,88,91,37,NC_000002.12,Mutation NB - Paternal Origin,Transition - Pyrimidine/Pyrimidine,Unsolved
197852241,.,GG,GG,AA,97,99,2,NC_000002.12,Mutation NB - Paternal Origin,Transition - Purine/Purine,Unsolved
199163236,rs10931853,CT,CC,TT,1,82,9,NC_000002.12,Mutation NB - Maternal Origin,Transversion - Purine/Pyrimidine,C>T
199986091,rs6706499,TT,TT,TA,85,100,99,NC_000002.12,Mutation NB - Paternal Origin,Transition - Pyrimidine/Pyrimidine,Transversion - Purine/Pyrimidine,Unsolved
202416177,.,TT,TT,TC,55,100,38,NC_000002.12,Mutation NB - Paternal Origin,Transition - Pyrimidine/Pyrimidine,Unsolved
202704646,.,CC,CC,CT,82,64,50,NC_000002.12,Mutation NB - Maternal Origin,Transition - Pyrimidine/Pyrimidine,Unsolved
204249360,rs13407072,CC,CC,CT,82,100,56,NC_000002.12,Mutation NB - Paternal Origin,Transition - Pyrimidine/Pyrimidine,Unsolved
206429663,rs2042464,AA,AT,TT,100,1,39,NC_000002.12,Mutation NB - Paternal Origin,Transversion - Purine/Pyrimidine,A>T
208185116,rs10804167,CT,TT,CC,64,91,12,NC_000002.12,Mutation NB - Maternal Origin,Transition - Pyrimidine/Pyrimidine,T>C
208857884,.,AA,AA,AG,70,43,44,NC_000002.12,Mutation NB - Maternal Origin,Transition - Purine/Purine,Unsolved
208966269,rs35953115,GA,GG,AA,60,82,15,NC_000002.12,Mutation NB - Maternal Origin,Transition - Purine/Purine,G>A
212442824,.,TT,TT,TC,85,82,47,NC_000002.12,Mutation NB - Maternal Origin,Transition - Pyrimidine/Pyrimidine,Unsolved
215988145,rs7567484,TT,TT,TC,100,82,95,NC_000002.12,Mutation NB - Maternal Origin,Transition - Pyrimidine/Pyrimidine,Unsolved
216342599,rs62181103,AG,AA,GG,1,58,24,NC_000002.12,Mutation NB - Maternal Origin,Transition - Purine/Purine,A>G
218271114,rs78759491,CC,CC,CT,58,61,47,NC_000002.12,Mutation NB - Paternal Origin,Transition - Pyrimidine/Pyrimidine,Unsolved
218271159,.,GG,GG,GA,61,64,44,NC_000002.12,Mutation NB - Paternal Origin,Transition - Purine/Purine,Unsolved
218429535,rs6720403,AA,AA,AC,100,91,33,NC_000002.12,Mutation NB - Maternal Origin,Transversion - Purine/Pyrimidine,Unsolved
219198916,rs755133929,GG,GG,GA,77,73,30,NC_000002.12,Mutation NB - Maternal Origin,Transition - Purine/Purine,Unsolved
219332599,rs2385405,TT,CC,CC,91,85,15,NC_000002.12,Mutation NB - Paternal Origin,Transition - Pyrimidine/Pyrimidine,T>C
229623751,rs13393112,TT,CC,CC,70,79,0,NC_000002.12,Mutation NB - Paternal Origin,Transition - Pyrimidine/Pyrimidine,T>C
229750251,.,TT,TT,TA,73,82,61,NC_000002.12,Mutation NB - Paternal Origin,Transition - Pyrimidine/Pyrimidine,Transversion - Purine/Pyrimidine,Unsolved
230251075,rs9989746,GG,GG,GA,82,79,65,NC_000002.12,Mutation NB - Maternal Origin,Transition - Purine/Purine,Unsolved
230921941,rs140490007,GG,GG,GC,85,100,99,NC_000002.12,Mutation NB - Paternal Origin,Transition - Purine/Purine,Transversion - Purine/Pyrimidine,Unsolved
232363351,rs2981372,GG,AA,GG,61,91,0,NC_000002.12,Mutation NB - Maternal Origin,Transition - Purine/Purine,A>G
232416112,rs744874,TT,GG,GG,85,88,0,NC_000002.12,Mutation NB - Paternal Origin,Transversion - Purine/Pyrimidine,T>G
232835916,rs74395302,AA,AA,AC,67,67,99,NC_000002.12,Mutation NB - Paternal or Maternal,Transversion - Purine/Pyrimidine,Unsolved
234199133,rs62184349,GG,GG,GT,100,91,65,NC_000002.12,Mutation NB - Maternal Origin,Transversion - Purine/Pyrimidine,Unsolved
234199179,rs62184350,AA,AA,AC,100,91,62,NC_000002.12,Mutation NB - Maternal Origin,Transversion - Purine/Pyrimidine,Unsolved
234238335,.,GG,GG,GA,82,82,80,NC_000002.12,Mutation NB - Paternal or Maternal,Transition - Purine/Purine,Unsolved
234487522,rs12988529,GG,GC,CC,100,1,24,NC_000002.12,Mutation NB - Paternal Origin,Transversion - Purine/Pyrimidine,G>C
235046127,.,TT,TT,TC,85,85,59,NC_000002.12,Mutation NB - Paternal or Maternal,Transition - Pyrimidine/Pyrimidine,Unsolved
235599631,rs11675035,TT,TT,TC,100,100,68,NC_000002.12,Mutation NB - Paternal or Maternal,Transition - Pyrimidine/Pyrimidine,Unsolved
236644648,.,TT,TT,TC,82,79,50,NC_000002.12,Mutation NB - Maternal Origin,Transition - Pyrimidine/Pyrimidine,Unsolved
236729380,rs2123124,TT,CC,TT,79,58,9,NC_000002.12,Mutation NB - Maternal Origin,Transition - Pyrimidine/Pyrimidine,C>T
238241585,rs3754729,TT,TT,TC,76,85,99,NC_000002.12,Mutation NB - Paternal Origin,Transition - Pyrimidine/Pyrimidine,Unsolved
238428314,.,GG,GG,GT,76,82,59,NC_000002.12,Mutation NB - Paternal Origin,Transversion - Purine/Pyrimidine,Unsolved
238580559,rs13028317,CC,CC,TT,82,100,9,NC_000002.12,Mutation NB - Paternal Origin,Transition - Pyrimidine/Pyrimidine,Unsolved
238580571,rs13028325,CC,CC,AA,82,100,9,NC_000002.12,Mutation NB - Paternal Origin,Transversion - Purine/Pyrimidine,Unsolved
238955094,rs72995088,GG,GG,GA,91,100,99,NC_000002.12,Mutation NB - Paternal Origin,Transition - Purine/Purine,Unsolved
239375689,rs34376304,GC,CC,GG,85,58,0,NC_000002.12,Mutation NB - Maternal Origin,Transversion - Purine/Pyrimidine,C>G
240209774,.,AA,AA,AG,85,82,44,NC_000002.12,Mutation NB - Maternal Origin,Transition - Purine/Purine,Unsolved
240233940,rs2368490,TA,AA,TT,1,88,9,NC_000002.12,Mutation NB - Maternal Origin,Transversion - Purine/Pyrimidine,A>T
241483571,.,AA,AA,AG,28,85,49,NC_000002.12,Mutation NB - Paternal Origin,Transition - Purine/Purine,Unsolved
241553125,rs2379195,GG,AG,AA,76,32,0,NC_000002.12,Mutation NB - Paternal Origin,Transition - Purine/Purine,G>A
241749257,rs78280775,CC,CC,CT,91,79,93,NC_000002.12,Mutation NB - Maternal Origin,Transition - Pyrimidine/Pyrimidine,Unsolved
5965930,rs73808799,CC,AA,CC,70,91,15,NC_000003.12,Mutation NB - Maternal Origin,Transversion - Purine/Pyrimidine,A>C
5965933,rs2176245,CG,CC,GG,1,100,15,NC_000003.12,Mutation NB - Maternal Origin,Transversion - Purine/Pyrimidine,C>G
6439827,rs266404,GG,GG,GT,100,85,99,NC_000003.12,Mutation NB - Maternal Origin,Transversion - Purine/Pyrimidine,Unsolved
8067992,rs484787,GG,GG,GA,85,100,99,NC_000003.12,Mutation NB - Paternal Origin,Transition - Purine/Purine,Unsolved
10234479,rs708035,TT,TA,AA,91,29,15,NC_000003.12,Mutation NB - Paternal Origin,Transversion - Purine/Pyrimidine,T>A
10311866,rs35670,CC,TT,TT,85,88,33,NC_000003.12,Mutation NB - Paternal Origin,Transition - Pyrimidine/Pyrimidine,C>T
11409399,rs34843621,AA,AA,AG,100,91,21,NC_000003.12,Mutation NB - Maternal Origin,Transition - Purine/Purine,Unsolved
13223623,rs9851071,AA,GG,AA,82,88,0,NC_000003.12,Mutation NB - Maternal Origin,Transition - Purine/Purine,G>A
13223649,rs9813558,CC,TT,CC,82,85,0,NC_000003.12,Mutation NB - Maternal Origin,Transition - Pyrimidine/Pyrimidine,T>C
13778456,rs7632509,AA,AA,TA,70,55,90,NC_000003.12,Mutation NB - Maternal Origin,Transversion - Purine/Pyrimidine,Unsolved
13778457,rs1029105946,TT,TT,TA,100,76,90,NC_000003.12,Mutation NB - Maternal Origin,Transition - Pyrimidine/Pyrimidine,Transversion - Purine/Pyrimidine,Unsolved
14890955,rs75697743,AT,AA,TT,63,82,12,NC_000003.12,Mutation NB - Maternal Origin,Transversion - Purine/Pyrimidine,A>T
15530565,rs9876049,TT,TT,TC,100,91,64,NC_000003.12,Mutation NB - Maternal Origin,Transition - Pyrimidine/Pyrimidine,Unsolved
19672213,.,AA,AA,AG,82,70,59,NC_000003.12,Mutation NB - Maternal Origin,Transition - Purine/Purine,Unsolved
19990189,rs12374092,GG,AA,GG,76,79,21,NC_000003.12,Mutation NB - Maternal Origin,Transition - Purine/Purine,A>G
22104342,rs17010798,GG,GG,GA,88,73,99,NC_000003.12,Mutation NB - Maternal Origin,Transition - Purine/Purine,Unsolved
24238668,rs73039623,GG,AA,AA,88,85,15,NC_000003.12,Mutation NB - Paternal Origin,Transition - Purine/Purine,G>A
31107014,rs1683764,AT,AA,TT,35,100,36,NC_000003.12,Mutation NB - Maternal Origin,Transversion - Purine/Pyrimidine,A>T
31953470,rs4637318,TT,CC,CC,100,58,27,NC_000003.12,Mutation NB - Paternal Origin,Transition - Pyrimidine/Pyrimidine,T>C
37799454,.,GG,GG,GA,85,61,44,NC_000003.12,Mutation NB - Maternal Origin,Transition - Purine/Purine,Unsolved
38925612,rs4676474,TT,CC,CC,46,70,48,NC_000003.12,Mutation NB - Paternal Origin,Transition - Pyrimidine/Pyrimidine,T>C
39187459,.,AA,AA,AG,28,55,41,NC_000003.12,Mutation NB - Paternal Origin,Transition - Purine/Purine,Unsolved
40296071,rs12054197,CC,TT,TT,100,70,15,NC_000003.12,Mutation NB - Paternal Origin,Transition - Pyrimidine/Pyrimidine,C>T
42979515,rs6773223,CC,CC,GG,85,100,9,NC_000003.12,Mutation NB - Paternal Origin,Transversion - Purine/Pyrimidine,Unsolved
45591031,.,TT,TT,TC,85,67,41,NC_000003.12,Mutation NB - Maternal Origin,Transition - Pyrimidine/Pyrimidine,Unsolved
45606632,.,GG,GG,GA,94,70,53,NC_000003.12,Mutation NB - Maternal Origin,Transition - Purine/Purine,Unsolved
46104734,.,TT,TT,TC,79,67,50,NC_000003.12,Mutation NB - Maternal Origin,Transition - Pyrimidine/Pyrimidine,Unsolved
47888465,rs777017,CC,TT,TT,79,64,12,NC_000003.12,Mutation NB - Paternal Origin,Transition - Pyrimidine/Pyrimidine,C>T
50256583,.,AA,AA,AG,55,61,62,NC_000003.12,Mutation NB - Paternal Origin,Transition - Purine/Purine,Unsolved
50418982,.,TT,TT,TC,85,79,55,NC_000003.12,Mutation NB - Maternal Origin,Transition - Pyrimidine/Pyrimidine,Unsolved
50443433,.,AA,AA,AG,55,73,62,NC_000003.12,Mutation NB - Paternal Origin,Transition - Purine/Purine,Unsolved
51013713,rs576328661,AA,AA,AG,79,85,47,NC_000003.12,Mutation NB - Paternal Origin,Transition - Purine/Purine,Unsolved
51261426,rs147321379,GG,GA,AA,88,12,9,NC_000003.12,Mutation NB - Paternal Origin,Transition - Purine/Purine,G>A
52814659,.,TT,TT,TC,49,82,89,NC_000003.12,Mutation NB - Paternal Origin,Transition - Pyrimidine/Pyrimidine,Unsolved
55337957,.,AA,AA,AG,55,95,44,NC_000003.12,Mutation NB - Paternal Origin,Transition - Purine/Purine,Unsolved
55513399,rs7634464,CA,AA,CC,1,70,0,NC_000003.12,Mutation NB - Maternal Origin,A>C
56477100,rs17825487,AA,TT,TT,91,61,42,NC_000003.12,Mutation NB - Paternal Origin,Transversion - Purine/Pyrimidine,A>T
56987728,rs13091148,AA,CC,AA,82,85,9,NC_000003.12,Mutation NB - Maternal Origin,Transversion - Purine/Pyrimidine,C>A
57694381,rs4681744,TT,TT,CC,100,82,18,NC_000003.12,Mutation NB - Maternal Origin,Transition - Pyrimidine/Pyrimidine,Unsolved
58581608,rs77372721,GG,GA,AA,91,1,15,NC_000003.12,Mutation NB - Paternal Origin,Transition - Purine/Purine,G>A
58586898,rs80312641,GG,GG,GA,88,76,68,NC_000003.12,Mutation NB - Maternal Origin,Transition - Purine/Purine,Unsolved
58663837,rs11130668,GG,AA,GG,100,88,0,NC_000003.12,Mutation NB - Maternal Origin,Transition - Purine/Purine,A>G
59226347,rs151293880,GT,GG,TT,70,82,15,NC_000003.12,Mutation NB - Maternal Origin,Transversion - Purine/Pyrimidine,G>T
59760846,rs3100801,CC,CC,TT,100,91,9,NC_000003.12,Mutation NB - Maternal Origin,Transition - Pyrimidine/Pyrimidine,Unsolved
62232966,rs115012270,GG,AA,GG,85,98,24,NC_000003.12,Mutation NB - Maternal Origin,Transition - Purine/Purine,A>G
64151334,.,TT,TT,TC,85,73,42,NC_000003.12,Mutation NB - Maternal Origin,Transition - Pyrimidine/Pyrimidine,Unsolved
75771860,rs62268132,CC,CC,CT,73,100,99,NC_000003.12,Mutation NB - Paternal Origin,Transition - Pyrimidine/Pyrimidine,Unsolved
82650571,rs1824707,CC,CC,CT,76,91,99,NC_000003.12,Mutation NB - Paternal Origin,Transition - Pyrimidine/Pyrimidine,Unsolved
84125289,rs4303875,TC,TT,CC,1,100,24,NC_000003.12,Mutation NB - Maternal Origin,Transition - Pyrimidine/Pyrimidine,T>C
86882245,rs9833690,TT,TT,GG,100,100,12,NC_000003.12,Mutation NB - Paternal or Maternal,Transition - Purine/Purine,Transversion - Purine/Pyrimidine,Unsolved
89057846,rs1546174,AA,CC,AA,91,100,18,NC_000003.12,Mutation NB - Maternal Origin,Transversion - Purine/Pyrimidine,C>A
89996735,rs60759458,CC,GG,GG,88,79,21,NC_000003.12,Mutation NB - Paternal Origin,Transversion - Purine/Pyrimidine,C>G
103966368,rs9853651,CC,CC,CG,64,100,62,NC_000003.12,Mutation NB - Paternal Origin,Transversion - Purine/Pyrimidine,Unsolved
104944710,rs77652765,AA,AA,AG,91,88,40,NC_000003.12,Mutation NB - Maternal Origin,Transition - Purine/Purine,Unsolved
105759951,rs6437612,GG,GG,GC,100,91,99,NC_000003.12,Mutation NB - Maternal Origin,Transition - Purine/Purine,Transversion - Purine/Pyrimidine,Unsolved
107882206,.,TT,TT,TG,61,61,41,NC_000003.12,Mutation NB - Paternal or Maternal,Transition - Pyrimidine/Pyrimidine,Transversion - Purine/Pyrimidine,Unsolved
112759772,.,TT,TT,TC,73,91,53,NC_000003.12,Mutation NB - Paternal Origin,Transition - Pyrimidine/Pyrimidine,Unsolved
115983969,rs9879212,AA,AA,AC,100,73,18,NC_000003.12,Mutation NB - Maternal Origin,Transversion - Purine/Pyrimidine,Unsolved
119205318,rs57258193,GG,GG,GA,100,67,99,NC_000003.12,Mutation NB - Maternal Origin,Transition - Purine/Purine,Unsolved
119842009,rs62264706,TT,GG,GG,88,79,0,NC_000003.12,Mutation NB - Paternal Origin,Transversion - Purine/Pyrimidine,T>G
120341901,.,TT,TT,TC,82,88,56,NC_000003.12,Mutation NB - Paternal Origin,Transition - Pyrimidine/Pyrimidine,Unsolved
121451764,rs630138,AA,GG,GG,85,70,0,NC_000003.12,Mutation NB - Paternal Origin,Transition - Purine/Purine,A>G
123300612,.,TT,TT,TC,64,31,58,NC_000003.12,Mutation NB - Maternal Origin,Transition - Pyrimidine/Pyrimidine,Unsolved
123328631,rs9855635,AA,AA,AG,91,91,65,NC_000003.12,Mutation NB - Paternal or Maternal,Transition - Purine/Purine,Unsolved
123342321,rs13078718,GG,GG,GA,100,76,94,NC_000003.12,Mutation NB - Maternal Origin,Transition - Purine/Purine,Unsolved
125960886,rs11914969,CC,AA,AA,64,85,26,NC_000003.12,Mutation NB - Paternal Origin,Transversion - Purine/Pyrimidine,C>A
125975787,rs9653921,CC,AA,AA,79,67,60,NC_000003.12,Mutation NB - Paternal Origin,Transversion - Purine/Pyrimidine,C>A
126156559,rs4646706,GG,CC,CC,100,70,30,NC_000003.12,Mutation NB - Paternal Origin,Transversion - Purine/Pyrimidine,G>C
126449835,rs116424855,GG,GG,GA,100,52,99,NC_000003.12,Mutation NB - Maternal Origin,Transition - Purine/Purine,Unsolved
127762853,rs72626376,GG,GG,GA,100,67,65,NC_000003.12,Mutation NB - Maternal Origin,Transition - Purine/Purine,Unsolved
127762861,rs569697029,AA,TT,TT,91,67,18,NC_000003.12,Mutation NB - Paternal Origin,Transversion - Purine/Pyrimidine,A>T
127909711,rs13085945,CT,TT,CC,51,88,0,NC_000003.12,Mutation NB - Maternal Origin,Transition - Pyrimidine/Pyrimidine,T>C
127985117,rs13064196,GT,TT,GG,1,85,0,NC_000003.12,Mutation NB - Maternal Origin,Transversion - Purine/Pyrimidine,T>G
127985125,rs13063888,CC,TT,CC,70,85,0,NC_000003.12,Mutation NB - Maternal Origin,Transition - Pyrimidine/Pyrimidine,T>C
128083305,.,TT,TT,TC,88,79,68,NC_000003.12,Mutation NB - Maternal Origin,Transition - Pyrimidine/Pyrimidine,Unsolved
129403449,rs7615711,GG,AA,GG,70,82,12,NC_000003.12,Mutation NB - Maternal Origin,Transition - Purine/Purine,A>G
132240775,rs1936155691,TT,TT,TC,91,76,49,NC_000003.12,Mutation NB - Maternal Origin,Transition - Pyrimidine/Pyrimidine,Unsolved
132383738,rs1938357377,GG,GG,GA,88,79,44,NC_000003.12,Mutation NB - Maternal Origin,Transition - Purine/Purine,Unsolved
134067928,rs3924092,GG,GG,GC,100,88,68,NC_000003.12,Mutation NB - Maternal Origin,Transition - Purine/Purine,Transversion - Purine/Pyrimidine,Unsolved
134828796,.,TT,TT,TC,70,58,47,NC_000003.12,Mutation NB - Maternal Origin,Transition - Pyrimidine/Pyrimidine,Unsolved
134911487,rs36211,TC,TT,CC,67,100,9,NC_000003.12,Mutation NB - Maternal Origin,Transition - Pyrimidine/Pyrimidine,T>C
134971624,rs7629642,GA,AA,GG,1,85,24,NC_000003.12,Mutation NB - Maternal Origin,Transition - Purine/Purine,A>G
135785290,rs151299817,CT,CC,TT,34,79,8,NC_000003.12,Mutation NB - Maternal Origin,Transversion - Purine/Pyrimidine,C>T
136214099,.,TT,TT,TC,82,67,62,NC_000003.12,Mutation NB - Maternal Origin,Transition - Pyrimidine/Pyrimidine,Unsolved
141145314,.,AA,AA,AG,73,70,60,NC_000003.12,Mutation NB - Maternal Origin,Transition - Purine/Purine,Unsolved
146657797,rs931900,GG,AA,AA,61,43,33,NC_000003.12,Mutation NB - Paternal Origin,Transition - Purine/Purine,G>A
153760055,rs12639561,AG,GG,AA,1,76,12,NC_000003.12,Mutation NB - Maternal Origin,Transition - Purine/Purine,G>A
153760068,rs12634837,GA,AA,GG,1,76,12,NC_000003.12,Mutation NB - Maternal Origin,Transition - Purine/Purine,A>G
153817725,rs73153903,TT,TC,CC,85,82,12,NC_000003.12,Mutation NB - Paternal Origin,Transition - Pyrimidine/Pyrimidine,T>C
154082649,rs1405897,TT,CC,TT,100,91,18,NC_000003.12,Mutation NB - Maternal Origin,Transition - Pyrimidine/Pyrimidine,C>T
158034969,.,AA,AA,AG,70,79,55,NC_000003.12,Mutation NB - Paternal Origin,Transition - Purine/Purine,Unsolved
158764283,.,AA,AA,AT,55,70,44,NC_000003.12,Mutation NB - Paternal Origin,Transversion - Purine/Pyrimidine,Unsolved
159592392,rs575828270,GG,GG,GA,82,100,68,NC_000003.12,Mutation NB - Paternal Origin,Transition - Purine/Purine,Unsolved
160940864,.,AA,AA,AG,70,52,41,NC_000003.12,Mutation NB - Maternal Origin,Transition - Purine/Purine,Unsolved
161963887,.,AA,AA,AG,73,70,53,NC_000003.12,Mutation NB - Maternal Origin,Transition - Purine/Purine,Unsolved
162987397,rs9820405,AA,AA,AT,100,73,99,NC_000003.12,Mutation NB - Maternal Origin,Transversion - Purine/Pyrimidine,Unsolved
162987445,rs9820439,AA,AA,AG,100,76,99,NC_000003.12,Mutation NB - Maternal Origin,Transition - Purine/Purine,Unsolved
163175015,rs9869482,AA,GG,GG,82,82,0,NC_000003.12,Mutation NB - Paternal Origin,Transition - Purine/Purine,A>G
163584667,rs1293796927,AA,AA,AG,91,85,47,NC_000003.12,Mutation NB - Maternal Origin,Transition - Purine/Purine,Unsolved
164003964,rs4289351,GG,GG,GC,82,61,63,NC_000003.12,Mutation NB - Maternal Origin,Transition - Purine/Purine,Transversion - Purine/Pyrimidine,Unsolved
166029169,rs73169022,CC,CT,TT,67,1,27,NC_000003.12,Mutation NB - Paternal Origin,Transition - Pyrimidine/Pyrimidine,C>T
171207747,rs2901673,GG,GG,AG,91,91,53,NC_000003.12,Mutation NB - Paternal or Maternal,Transition - Purine/Purine,Unsolved
171534861,.,TT,TT,TC,70,79,41,NC_000003.12,Mutation NB - Paternal Origin,Transition - Pyrimidine/Pyrimidine,Unsolved
172365264,.,TT,TT,TC,76,55,59,NC_000003.12,Mutation NB - Maternal Origin,Transition - Pyrimidine/Pyrimidine,Unsolved
175937572,rs76117148,TC,TT,CC,1,40,21,NC_000003.12,Mutation NB - Maternal Origin,Transition - Pyrimidine/Pyrimidine,T>C
175937731,rs9867999,TT,CC,CC,100,67,21,NC_000003.12,Mutation NB - Paternal Origin,Transition - Pyrimidine/Pyrimidine,T>C
179765346,.,TT,TT,TC,73,61,46,NC_000003.12,Mutation NB - Maternal Origin,Transition - Pyrimidine/Pyrimidine,Unsolved
186256437,rs4686758,GG,AA,AA,91,91,9,NC_000003.12,Mutation NB - Paternal Origin,Transition - Purine/Purine,G>A
187163576,rs114126,AA,GG,GG,91,73,18,NC_000003.12,Mutation NB - Paternal Origin,Transition - Purine/Purine,A>G
187336600,rs62292791,CT,CC,TT,1,82,36,NC_000003.12,Mutation NB - Maternal Origin,Transversion - Purine/Pyrimidine,C>T
187367098,rs7632910,CC,GG,GG,88,73,9,NC_000003.12,Mutation NB - Paternal Origin,Transversion - Purine/Pyrimidine,C>G
191653312,rs6768840,TT,TT,TA,100,91,99,NC_000003.12,Mutation NB - Maternal Origin,Transition - Pyrimidine/Pyrimidine,Transversion - Purine/Pyrimidine,Unsolved
192144411,rs12498120,GG,GG,GC,100,28,99,NC_000003.12,Mutation NB - Maternal Origin,Transition - Purine/Purine,Transversion - Purine/Pyrimidine,Unsolved
193576090,.,AA,AA,AG,64,55,44,NC_000003.12,Mutation NB - Maternal Origin,Transition - Purine/Purine,Unsolved
194249639,rs6778204,GG,AA,AA,79,91,0,NC_000003.12,Mutation NB - Paternal Origin,Transition - Purine/Purine,G>A
194520174,.,TT,TT,TC,58,67,47,NC_000003.12,Mutation NB - Paternal Origin,Transition - Pyrimidine/Pyrimidine,Unsolved
197388411,rs73891857,AA,AC,CC,100,76,30,NC_000003.12,Mutation NB - Paternal Origin,Transversion - Purine/Pyrimidine,A>C
754866,rs543775693,GG,GG,GA,85,58,99,NC_000004.12,Mutation NB - Maternal Origin,Transition - Purine/Purine,Unsolved
764566,rs11935678,TT,CC,TT,88,100,18,NC_000004.12,Mutation NB - Maternal Origin,Transition - Pyrimidine/Pyrimidine,C>T
764570,rs11931963,AA,GG,AA,88,100,18,NC_000004.12,Mutation NB - Maternal Origin,Transition - Purine/Purine,G>A
774504,rs7696341,AA,GG,AA,76,100,12,NC_000004.12,Mutation NB - Maternal Origin,Transition - Purine/Purine,G>A
1033078,rs10012074,AA,GG,AA,64,91,9,NC_000004.12,Mutation NB - Maternal Origin,Transition - Purine/Purine,G>A
1048327,rs13137819,CC,TC,TT,79,67,0,NC_000004.12,Mutation NB - Paternal Origin,Transition - Pyrimidine/Pyrimidine,C>T
1357663,rs1715981946,CC,CC,CT,58,76,44,NC_000004.12,Mutation NB - Paternal Origin,Transition - Pyrimidine/Pyrimidine,Unsolved
3707842,rs34314663,TC,CC,TT,3,91,9,NC_000004.12,Mutation NB - Maternal Origin,Transversion - Purine/Pyrimidine,C>T
4407765,rs886810347,CC,CC,CG,52,67,50,NC_000004.12,Mutation NB - Paternal Origin,Transversion - Purine/Pyrimidine,Unsolved
5246624,rs28784937,GG,GG,GA,82,100,33,NC_000004.12,Mutation NB - Paternal Origin,Transition - Purine/Purine,Unsolved
5842443,rs13148601,AA,AA,AG,100,100,77,NC_000004.12,Mutation NB - Paternal or Maternal,Transition - Purine/Purine,Unsolved
6269423,rs13127445,GG,CC,GG,82,100,32,NC_000004.12,Mutation NB - Maternal Origin,Transversion - Purine/Pyrimidine,C>G
6736797,.,CC,CC,CT,70,88,86,NC_000004.12,Mutation NB - Paternal Origin,Transition - Pyrimidine/Pyrimidine,Unsolved
7341097,rs79998003,GG,GG,GA,70,100,85,NC_000004.12,Mutation NB - Paternal Origin,Transition - Purine/Purine,Unsolved
7593465,rs7698002,TT,CC,CC,88,88,24,NC_000004.12,Mutation NB - Paternal Origin,Transition - Pyrimidine/Pyrimidine,T>C
7686561,rs4286515,TT,CT,CC,85,32,0,NC_000004.12,Mutation NB - Paternal Origin,Transition - Pyrimidine/Pyrimidine,T>C
8052745,rs10222845,GG,GG,AG,80,79,68,NC_000004.12,Mutation NB - Maternal Origin,Transition - Purine/Purine,Unsolved
8153646,rs6840085,CC,TT,CC,70,91,12,NC_000004.12,Mutation NB - Maternal Origin,Transition - Pyrimidine/Pyrimidine,T>C
8560379,rs3115380,CC,CC,CT,100,64,99,NC_000004.12,Mutation NB - Maternal Origin,Transition - Pyrimidine/Pyrimidine,Unsolved
8560380,rs3115381,TT,TT,TC,100,64,99,NC_000004.12,Mutation NB - Maternal Origin,Transition - Pyrimidine/Pyrimidine,Unsolved
10102947,rs12648479,AA,GG,AA,88,100,12,NC_000004.12,Mutation NB - Maternal Origin,Transition - Purine/Purine,G>A
10491491,rs9790491,AA,AA,AG,100,79,27,NC_000004.12,Mutation NB - Maternal Origin,Transition - Purine/Purine,Unsolved
10978678,rs7670123,GG,AA,AA,85,85,15,NC_000004.12,Mutation NB - Paternal Origin,Transition - Purine/Purine,G>A
12130354,rs1600313,AA,GG,AA,100,91,12,NC_000004.12,Mutation NB - Maternal Origin,Transition - Purine/Purine,G>A
16787880,.,TT,TT,TG,85,49,49,NC_000004.12,Mutation NB - Maternal Origin,Transition - Pyrimidine/Pyrimidine,Transversion - Purine/Pyrimidine,Unsolved
17446672,.,AA,AA,AG,73,82,63,NC_000004.12,Mutation NB - Paternal Origin,Transition - Purine/Purine,Unsolved
20833862,rs10033363,TT,CC,CC,91,82,15,NC_000004.12,Mutation NB - Paternal Origin,Transition - Pyrimidine/Pyrimidine,T>C
24447967,rs61791518,CC,CC,CT,100,76,99,NC_000004.12,Mutation NB - Maternal Origin,Transition - Pyrimidine/Pyrimidine,Unsolved
26854933,rs4575981,GG,GG,CG,73,67,38,NC_000004.12,Mutation NB - Maternal Origin,Transition - Purine/Purine,Transversion - Purine/Pyrimidine,Unsolved
28204710,.,AA,AA,AT,67,85,44,NC_000004.12,Mutation NB - Paternal Origin,Transversion - Purine/Pyrimidine,Unsolved
28204951,rs73219795,GA,GG,AA,1,76,9,NC_000004.12,Mutation NB - Maternal Origin,Transition - Purine/Purine,G>A
31199844,rs28768993,GG,AG,AA,85,31,0,NC_000004.12,Mutation NB - Paternal Origin,Transition - Purine/Purine,G>A
37546802,rs60985124,TT,CC,CC,76,64,36,NC_000004.12,Mutation NB - Paternal Origin,Transition - Pyrimidine/Pyrimidine,T>C
37546825,rs13109537,CC,CC,CT,73,67,99,NC_000004.12,Mutation NB - Maternal Origin,Transition - Pyrimidine/Pyrimidine,Unsolved
38438347,rs1843925,AA,AA,AC,88,91,30,NC_000004.12,Mutation NB - Paternal Origin,Transversion - Purine/Pyrimidine,Unsolved
40331307,rs10938311,CC,TT,CC,79,85,12,NC_000004.12,Mutation NB - Maternal Origin,Transition - Pyrimidine/Pyrimidine,T>C
41981527,rs1466978,CC,TC,TT,82,37,0,NC_000004.12,Mutation NB - Paternal Origin,Transition - Pyrimidine/Pyrimidine,C>T
47416204,rs6839213,GG,AG,AA,91,35,18,NC_000004.12,Mutation NB - Paternal Origin,Transition - Purine/Purine,G>A
53764452,.,GG,GG,GA,46,79,42,NC_000004.12,Mutation NB - Paternal Origin,Transition - Purine/Purine,Unsolved
54460257,rs34587576,CC,CC,AA,100,91,15,NC_000004.12,Mutation NB - Maternal Origin,Transversion - Purine/Pyrimidine,Unsolved
54784295,rs2646344,GG,GG,GA,85,79,98,NC_000004.12,Mutation NB - Maternal Origin,Transition - Purine/Purine,Unsolved
57968446,rs10012939,TT,TT,TC,100,73,99,NC_000004.12,Mutation NB - Maternal Origin,Transition - Pyrimidine/Pyrimidine,Unsolved
58109975,rs13128816,GG,GA,AA,85,1,60,NC_000004.12,Mutation NB - Paternal Origin,Transition - Purine/Purine,G>A
62491876,rs7670992,AA,CC,AA,79,73,0,NC_000004.12,Mutation NB - Maternal Origin,Transversion - Purine/Pyrimidine,C>A
64272762,rs1483714,GG,CC,CC,91,88,30,NC_000004.12,Mutation NB - Paternal Origin,Transversion - Purine/Pyrimidine,G>C
69349273,rs13151000,TA,AA,TT,1,88,21,NC_000004.12,Mutation NB - Maternal Origin,Transversion - Purine/Pyrimidine,A>T
71614528,rs79391641,GC,CC,GG,32,88,51,NC_000004.12,Mutation NB - Maternal Origin,Transversion - Purine/Pyrimidine,C>G
71668506,.,TT,TT,TG,64,76,39,NC_000004.12,Mutation NB - Paternal Origin,Transition - Pyrimidine/Pyrimidine,Transversion - Purine/Pyrimidine,Unsolved
73544520,rs11728915,AA,GG,AA,64,91,9,NC_000004.12,Mutation NB - Maternal Origin,Transition - Purine/Purine,G>A
75664831,rs1512740,CC,TT,TT,91,85,0,NC_000004.12,Mutation NB - Paternal Origin,Transition - Pyrimidine/Pyrimidine,C>T
76817474,.,GG,GG,GA,64,61,77,NC_000004.12,Mutation NB - Maternal Origin,Transition - Purine/Purine,Unsolved
79297764,.,TT,TT,TC,70,55,41,NC_000004.12,Mutation NB - Maternal Origin,Transition - Pyrimidine/Pyrimidine,Unsolved
81921908,rs4693011,TT,TC,CC,100,58,42,NC_000004.12,Mutation NB - Paternal Origin,Transition - Pyrimidine/Pyrimidine,T>C
87399549,rs4388049,AA,GG,GG,88,82,15,NC_000004.12,Mutation NB - Paternal Origin,Transition - Purine/Purine,A>G
89148386,rs202193376,AC,CC,AT,1,85,72,NC_000004.12,Mutation NB - Maternal Origin,Transversion - Purine/Pyrimidine,C>A
96398081,.,TT,TT,TG,100,73,53,NC_000004.12,Mutation NB - Maternal Origin,Transition - Pyrimidine/Pyrimidine,Transversion - Purine/Pyrimidine,Unsolved
97038187,rs1009955654,AA,AA,AG,85,70,40,NC_000004.12,Mutation NB - Maternal Origin,Transition - Purine/Purine,Unsolved
98477610,rs370777888,GA,GG,AA,73,64,18,NC_000004.12,Mutation NB - Maternal Origin,Transition - Purine/Purine,G>A
99359910,rs113909752,TT,CC,CC,70,79,0,NC_000004.12,Mutation NB - Paternal Origin,Transition - Pyrimidine/Pyrimidine,T>C
100363841,rs12499965,CC,CT,TT,100,1,53,NC_000004.12,Mutation NB - Paternal Origin,Transition - Pyrimidine/Pyrimidine,C>T
100608045,rs13148146,GG,GG,GA,100,61,99,NC_000004.12,Mutation NB - Maternal Origin,Transition - Purine/Purine,Unsolved
102380087,rs1413837219,GG,GG,GA,88,76,61,NC_000004.12,Mutation NB - Maternal Origin,Transition - Purine/Purine,Unsolved
103243569,rs115167302,CC,CC,CT,100,79,99,NC_000004.12,Mutation NB - Maternal Origin,Transition - Pyrimidine/Pyrimidine,Unsolved
103243579,rs72666838,GG,GG,GA,100,79,99,NC_000004.12,Mutation NB - Maternal Origin,Transition - Purine/Purine,Unsolved
105049895,.,AA,AA,AG,67,64,48,NC_000004.12,Mutation NB - Maternal Origin,Transition - Purine/Purine,Unsolved
105415698,rs2636732,TT,CT,CC,55,1,0,NC_000004.12,Mutation NB - Paternal Origin,Transition - Pyrimidine/Pyrimidine,T>C
105991844,rs4698953,CC,GG,CC,100,61,0,NC_000004.12,Mutation NB - Maternal Origin,Transversion - Purine/Pyrimidine,G>C
108117602,rs28374811,GG,GG,GA,100,79,27,NC_000004.12,Mutation NB - Maternal Origin,Transition - Purine/Purine,Unsolved
109248743,rs912265171,GG,GG,GA,73,85,92,NC_000004.12,Mutation NB - Paternal Origin,Transition - Purine/Purine,Unsolved
109965593,.,AA,AA,AG,79,64,44,NC_000004.12,Mutation NB - Maternal Origin,Transition - Purine/Purine,Unsolved
113269620,.,TT,TT,TC,91,79,53,NC_000004.12,Mutation NB - Maternal Origin,Transition - Pyrimidine/Pyrimidine,Unsolved
115677818,rs1225848188,CC,CC,CT,64,88,33,NC_000004.12,Mutation NB - Paternal Origin,Transition - Pyrimidine/Pyrimidine,Unsolved
119350259,rs12502524,GG,GA,AA,100,70,9,NC_000004.12,Mutation NB - Paternal Origin,Transition - Purine/Purine,G>A
120561944,rs4833170,AA,TT,TT,85,79,0,NC_000004.12,Mutation NB - Paternal Origin,Transversion - Purine/Pyrimidine,A>T
121045652,rs2276959,CT,TT,CC,38,79,0,NC_000004.12,Mutation NB - Maternal Origin,Transition - Pyrimidine/Pyrimidine,T>C
123190022,.,AA,AA,AG,73,82,44,NC_000004.12,Mutation NB - Paternal Origin,Transition - Purine/Purine,Unsolved
126395828,rs7683488,AA,GG,GG,88,82,18,NC_000004.12,Mutation NB - Paternal Origin,Transition - Purine/Purine,A>G
128520136,.,TT,TT,TC,70,61,47,NC_000004.12,Mutation NB - Maternal Origin,Transition - Pyrimidine/Pyrimidine,Unsolved
129392293,rs13117908,CC,TC,TT,91,29,9,NC_000004.12,Mutation NB - Paternal Origin,Transition - Pyrimidine/Pyrimidine,C>T
130336383,rs6534785,TT,CC,TT,76,88,21,NC_000004.12,Mutation NB - Maternal Origin,Transition - Pyrimidine/Pyrimidine,C>T
131065597,rs1390150,GA,GG,AA,1,76,33,NC_000004.12,Mutation NB - Maternal Origin,Transition - Purine/Purine,G>A
136442314,rs7684721,TT,TT,TC,76,82,68,NC_000004.12,Mutation NB - Paternal Origin,Transition - Pyrimidine/Pyrimidine,Unsolved
139224202,.,AA,AA,AG,76,52,51,NC_000004.12,Mutation NB - Maternal Origin,Transition - Purine/Purine,Unsolved
139823445,rs1350038,CC,CT,TT,79,41,27,NC_000004.12,Mutation NB - Paternal Origin,Transition - Pyrimidine/Pyrimidine,C>T
141834435,rs7697576,AA,AA,AG,91,91,97,NC_000004.12,Mutation NB - Paternal or Maternal,Transition - Purine/Purine,Unsolved
145436480,rs887346384,TT,TT,TC,100,91,65,NC_000004.12,Mutation NB - Maternal Origin,Transition - Pyrimidine/Pyrimidine,Unsolved
152305751,rs72719983,AA,AA,AG,91,76,11,NC_000004.12,Mutation NB - Maternal Origin,Transition - Purine/Purine,Unsolved
159663517,rs28797928,TC,CC,TT,1,85,0,NC_000004.12,Mutation NB - Maternal Origin,Transversion - Purine/Pyrimidine,C>T
162232217,.,GG,GG,GA,76,67,40,NC_000004.12,Mutation NB - Maternal Origin,Transition - Purine/Purine,Unsolved
162671061,rs195952,AA,CC,CC,88,70,39,NC_000004.12,Mutation NB - Paternal Origin,Transversion - Purine/Pyrimidine,A>C
164478864,rs1394807,GG,GG,TT,85,91,21,NC_000004.12,Mutation NB - Paternal Origin,Transversion - Purine/Pyrimidine,Unsolved
165049745,rs1519011,TT,AA,AA,85,55,9,NC_000004.12,Mutation NB - Paternal Origin,Transversion - Purine/Pyrimidine,T>A
165569852,rs17631610,AA,AA,AG,100,25,95,NC_000004.12,Mutation NB - Maternal Origin,Transition - Purine/Purine,Unsolved
168513626,rs10018076,CC,CC,CT,82,100,55,NC_000004.12,Mutation NB - Paternal Origin,Transition - Pyrimidine/Pyrimidine,Unsolved
171572013,.,TT,TT,TC,79,61,50,NC_000004.12,Mutation NB - Maternal Origin,Transition - Pyrimidine/Pyrimidine,Unsolved
172017511,rs35272840,AA,GG,GG,100,85,18,NC_000004.12,Mutation NB - Paternal Origin,Transition - Purine/Purine,A>G
174547798,rs1387626756,CA,CC,AA,28,34,9,NC_000004.12,Mutation NB - Maternal Origin,Transversion - Purine/Pyrimidine,C>A
176018957,.,CC,CC,CT,82,76,47,NC_000004.12,Mutation NB - Maternal Origin,Transition - Pyrimidine/Pyrimidine,Unsolved
179583153,rs2716791,GG,AG,AA,91,67,0,NC_000004.12,Mutation NB - Paternal Origin,Transition - Purine/Purine,G>A
182860497,rs11735901,CC,CC,CG,100,70,65,NC_000004.12,Mutation NB - Maternal Origin,Transversion - Purine/Pyrimidine,Unsolved
182886877,rs6851546,GG,AA,AA,100,88,15,NC_000004.12,Mutation NB - Paternal Origin,Transition - Purine/Purine,G>A
183383902,rs2102564,TT,TT,GT,91,73,5,NC_000004.12,Mutation NB - Maternal Origin,Transition - Pyrimidine/Pyrimidine,Transversion - Purine/Pyrimidine,Unsolved
183413537,rs7686740,TT,GG,TT,73,73,42,NC_000004.12,Mutation NB - Maternal Origin,Transversion - Purine/Pyrimidine,G>T
183574186,.,TT,TT,TC,88,73,44,NC_000004.12,Mutation NB - Maternal Origin,Transition - Pyrimidine/Pyrimidine,Unsolved
183889631,rs1528684,GG,AA,AA,91,88,9,NC_000004.12,Mutation NB - Paternal Origin,Transition - Purine/Purine,G>A
183907380,rs62339673,CA,AA,CC,1,88,24,NC_000004.12,Mutation NB - Maternal Origin,A>C
184152170,rs28496970,CC,GG,CC,82,85,0,NC_000004.12,Mutation NB - Maternal Origin,Transversion - Purine/Pyrimidine,G>C
184152174,rs62340150,GG,AA,GG,82,85,0,NC_000004.12,Mutation NB - Maternal Origin,Transition - Purine/Purine,A>G
184259769,.,TT,TT,TC,91,85,56,NC_000004.12,Mutation NB - Maternal Origin,Transition - Pyrimidine/Pyrimidine,Unsolved
184259870,rs13151031,AA,GG,GG,100,79,45,NC_000004.12,Mutation NB - Paternal Origin,Transition - Purine/Purine,A>G
187064173,rs9312353,GA,GG,AA,9,100,21,NC_000004.12,Mutation NB - Maternal Origin,Transition - Purine/Purine,G>A
188201733,rs4863352,CC,TT,CC,58,79,21,NC_000004.12,Mutation NB - Maternal Origin,Transition - Pyrimidine/Pyrimidine,T>C
188755696,rs6827397,CC,CC,CT,67,100,69,NC_000004.12,Mutation NB - Paternal Origin,Transition - Pyrimidine/Pyrimidine,Unsolved
188905593,.,TT,TT,TC,82,70,68,NC_000004.12,Mutation NB - Maternal Origin,Transition - Pyrimidine/Pyrimidine,Unsolved
189143981,rs12186190,GG,AA,GG,82,100,15,NC_000004.12,Mutation NB - Maternal Origin,Transition - Purine/Purine,A>G
433887,.,AA,AA,AG,58,34,59,NC_000005.10,Mutation NB - Maternal Origin,Transition - Purine/Purine,Unsolved
448836,rs75636641,CC,TT,TT,88,79,9,NC_000005.10,Mutation NB - Paternal Origin,Transition - Pyrimidine/Pyrimidine,C>T
643795,rs62330299,CC,TT,CC,55,88,0,NC_000005.10,Mutation NB - Maternal Origin,Transition - Pyrimidine/Pyrimidine,T>C
1643663,rs10475076,CT,TT,CC,1,88,12,NC_000005.10,Mutation NB - Maternal Origin,Transition - Pyrimidine/Pyrimidine,T>C
1687570,rs34311046,CT,CC,TT,1,100,12,NC_000005.10,Mutation NB - Maternal Origin,Transversion - Purine/Pyrimidine,C>T
1687620,rs13171033,CT,CC,TT,1,100,12,NC_000005.10,Mutation NB - Maternal Origin,Transversion - Purine/Pyrimidine,C>T
1855133,rs91316,TC,CC,TT,44,85,0,NC_000005.10,Mutation NB - Maternal Origin,Transversion - Purine/Pyrimidine,C>T
2575733,.,AA,AA,AG,88,76,50,NC_000005.10,Mutation NB - Maternal Origin,Transition - Purine/Purine,Unsolved
2732962,.,AA,AA,AG,76,58,69,NC_000005.10,Mutation NB - Maternal Origin,Transition - Purine/Purine,Unsolved
3220170,rs2453372,CT,CC,TT,67,88,9,NC_000005.10,Mutation NB - Maternal Origin,Transversion - Purine/Pyrimidine,C>T
4023616,rs548581,TT,CC,CC,85,55,0,NC_000005.10,Mutation NB - Paternal Origin,Transition - Pyrimidine/Pyrimidine,T>C
4198323,rs6555261,TC,CC,TT,1,79,0,NC_000005.10,Mutation NB - Maternal Origin,Transversion - Purine/Pyrimidine,C>T
4985172,rs7713050,TT,CC,CC,64,34,48,NC_000005.10,Mutation NB - Paternal Origin,Transition - Pyrimidine/Pyrimidine,T>C
5302056,rs34135069,CC,CC,CT,91,85,95,NC_000005.10,Mutation NB - Maternal Origin,Transition - Pyrimidine/Pyrimidine,Unsolved
5348306,rs2964463,GG,AA,AA,100,64,39,NC_000005.10,Mutation NB - Paternal Origin,Transition - Purine/Purine,G>A
6176300,rs11745623,CC,GC,GG,79,9,0,NC_000005.10,Mutation NB - Paternal Origin,Transversion - Purine/Pyrimidine,C>G
6362033,rs75230850,TC,TT,CC,73,79,9,NC_000005.10,Mutation NB - Maternal Origin,Transition - Pyrimidine/Pyrimidine,T>C
6616419,rs13164691,TT,CC,TT,88,85,0,NC_000005.10,Mutation NB - Maternal Origin,Transition - Pyrimidine/Pyrimidine,C>T
9725687,rs13153893,CT,CC,TT,43,79,9,NC_000005.10,Mutation NB - Maternal Origin,Transversion - Purine/Pyrimidine,C>T
11191104,.,TT,TT,TC,79,76,59,NC_000005.10,Mutation NB - Maternal Origin,Transition - Pyrimidine/Pyrimidine,Unsolved
11808458,rs57890031,CC,CC,CA,100,91,99,NC_000005.10,Mutation NB - Maternal Origin,Transversion - Purine/Pyrimidine,Unsolved
13239490,rs6865359,TT,CC,CC,100,85,12,NC_000005.10,Mutation NB - Paternal Origin,Transition - Pyrimidine/Pyrimidine,T>C
13471619,rs6554793,GG,CG,CC,82,14,0,NC_000005.10,Mutation NB - Paternal Origin,Transversion - Purine/Pyrimidine,G>C
16673555,rs27880,TC,TT,CC,70,100,18,NC_000005.10,Mutation NB - Maternal Origin,Transition - Pyrimidine/Pyrimidine,T>C
16673576,rs26745,CT,CC,TT,70,100,18,NC_000005.10,Mutation NB - Maternal Origin,Transversion - Purine/Pyrimidine,C>T
23946440,rs10052352,TT,CC,TT,82,64,17,NC_000005.10,Mutation NB - Maternal Origin,Transition - Pyrimidine/Pyrimidine,C>T
25613940,rs2331931,CC,TT,CC,76,76,27,NC_000005.10,Mutation NB - Maternal Origin,Transition - Pyrimidine/Pyrimidine,T>C
29480454,rs629628,CC,TT,TT,79,85,0,NC_000005.10,Mutation NB - Paternal Origin,Transition - Pyrimidine/Pyrimidine,C>T
30971800,rs1746433798,TT,TT,TC,67,58,57,NC_000005.10,Mutation NB - Maternal Origin,Transition - Pyrimidine/Pyrimidine,Unsolved
35324290,.,CC,CC,CT,73,55,62,NC_000005.10,Mutation NB - Maternal Origin,Transition - Pyrimidine/Pyrimidine,Unsolved
40385688,rs12523160,AA,TT,TT,100,91,9,NC_000005.10,Mutation NB - Paternal Origin,Transversion - Purine/Pyrimidine,A>T
50146274,rs10940520,TT,GG,TT,61,88,0,NC_000005.10,Mutation NB - Maternal Origin,Transversion - Purine/Pyrimidine,G>T
51387821,rs2288468,CC,TT,TT,88,91,0,NC_000005.10,Mutation NB - Paternal Origin,Transition - Pyrimidine/Pyrimidine,C>T
52691404,rs350450,AA,GG,GG,70,100,0,NC_000005.10,Mutation NB - Paternal Origin,Transition - Purine/Purine,A>G
52881116,rs2126951,GG,GC,CC,85,1,4,NC_000005.10,Mutation NB - Paternal Origin,Transversion - Purine/Pyrimidine,G>C
61436725,rs7714712,AA,CA,CC,85,38,0,NC_000005.10,Mutation NB - Paternal Origin,Transversion - Purine/Pyrimidine,A>C
61672648,rs36049,AA,AA,AG,88,100,99,NC_000005.10,Mutation NB - Paternal Origin,Transition - Purine/Purine,Unsolved
63213505,.,TT,TT,TC,73,61,53,NC_000005.10,Mutation NB - Maternal Origin,Transition - Pyrimidine/Pyrimidine,Unsolved
65852425,rs13161201,AA,GG,AA,85,100,12,NC_000005.10,Mutation NB - Maternal Origin,Transition - Purine/Purine,G>A
66087431,rs414001,CC,CC,CG,70,100,99,NC_000005.10,Mutation NB - Paternal Origin,Transversion - Purine/Pyrimidine,Unsolved
66596620,rs4502771,GG,CG,CC,76,39,9,NC_000005.10,Mutation NB - Paternal Origin,Transversion - Purine/Pyrimidine,G>C
67576625,.,TT,TT,TC,82,40,52,NC_000005.10,Mutation NB - Maternal Origin,Transition - Pyrimidine/Pyrimidine,Unsolved
72085934,rs717540,TT,TT,TA,100,70,99,NC_000005.10,Mutation NB - Maternal Origin,Transition - Pyrimidine/Pyrimidine,Transversion - Purine/Pyrimidine,Unsolved
73863575,rs2973562,GG,GG,GA,88,85,33,NC_000005.10,Mutation NB - Maternal Origin,Transition - Purine/Purine,Unsolved
83871923,rs115434179,AA,GG,GG,91,85,0,NC_000005.10,Mutation NB - Paternal Origin,Transition - Purine/Purine,A>G
85990856,rs56398161,AA,GG,AA,82,88,9,NC_000005.10,Mutation NB - Maternal Origin,Transition - Purine/Purine,G>A
88143874,rs4916889,CC,TT,CC,91,91,0,NC_000005.10,Mutation NB - Maternal Origin,Transition - Pyrimidine/Pyrimidine,T>C
89705802,.,TT,TT,TC,76,76,41,NC_000005.10,Mutation NB - Paternal or Maternal,Transition - Pyrimidine/Pyrimidine,Unsolved
91143994,rs148236212,GG,GG,GT,100,79,99,NC_000005.10,Mutation NB - Maternal Origin,Transversion - Purine/Pyrimidine,Unsolved
92712088,rs10075131,AA,GG,GG,91,79,33,NC_000005.10,Mutation NB - Paternal Origin,Transition - Purine/Purine,A>G
93042396,rs866794844,TT,CC,CC,82,79,45,NC_000005.10,Mutation NB - Paternal Origin,Transition - Pyrimidine/Pyrimidine,T>C
97306313,rs2463784,TT,TC,CC,100,1,27,NC_000005.10,Mutation NB - Paternal Origin,Transition - Pyrimidine/Pyrimidine,T>C
101806519,rs6866634,CC,GG,CC,67,79,0,NC_000005.10,Mutation NB - Maternal Origin,Transversion - Purine/Pyrimidine,G>C
105639441,rs1747251957,CC,CC,CA,82,73,66,NC_000005.10,Mutation NB - Maternal Origin,Transversion - Purine/Pyrimidine,Unsolved
107256744,rs2548752,GG,TG,TT,88,32,0,NC_000005.10,Mutation NB - Paternal Origin,Transversion - Purine/Pyrimidine,G>T
109244590,rs181925777,CC,CC,CT,79,64,62,NC_000005.10,Mutation NB - Maternal Origin,Transition - Pyrimidine/Pyrimidine,Unsolved
109245317,rs17473831,GG,GG,GT,100,85,68,NC_000005.10,Mutation NB - Maternal Origin,Transversion - Purine/Pyrimidine,Unsolved
109575617,rs62376970,TT,TT,TG,91,100,71,NC_000005.10,Mutation NB - Paternal Origin,Transition - Pyrimidine/Pyrimidine,Transversion - Purine/Pyrimidine,Unsolved
111661061,.,CC,CC,CA,46,52,41,NC_000005.10,Mutation NB - Paternal Origin,Transversion - Purine/Pyrimidine,Unsolved
115452222,rs11739562,GG,GG,GA,70,100,99,NC_000005.10,Mutation NB - Paternal Origin,Transition - Purine/Purine,Unsolved
121602099,rs68138136,GG,TT,TT,82,76,24,NC_000005.10,Mutation NB - Paternal Origin,Transversion - Purine/Pyrimidine,G>T
126853951,rs7735455,AA,AA,TT,49,88,0,NC_000005.10,Mutation NB - Paternal Origin,Transversion - Purine/Pyrimidine,Unsolved
133733999,rs995400,CC,TC,TT,91,70,0,NC_000005.10,Mutation NB - Paternal Origin,Transition - Pyrimidine/Pyrimidine,C>T
134072832,rs1754741561,TT,TT,TC,76,79,44,NC_000005.10,Mutation NB - Paternal Origin,Transition - Pyrimidine/Pyrimidine,Unsolved
135129799,.,TT,TT,TC,100,49,38,NC_000005.10,Mutation NB - Maternal Origin,Transition - Pyrimidine/Pyrimidine,Unsolved
135534385,.,AA,AA,AG,79,85,44,NC_000005.10,Mutation NB - Paternal Origin,Transition - Purine/Purine,Unsolved
135828069,rs17169187,GG,CC,CC,88,88,9,NC_000005.10,Mutation NB - Paternal Origin,Transversion - Purine/Pyrimidine,G>C
138452138,rs6885818,AA,TT,TT,85,79,0,NC_000005.10,Mutation NB - Paternal Origin,Transversion - Purine/Pyrimidine,A>T
141809602,rs248471,GG,AA,AA,100,85,9,NC_000005.10,Mutation NB - Paternal Origin,Transition - Purine/Purine,G>A
143153779,rs121882,TT,CC,CC,100,88,18,NC_000005.10,Mutation NB - Paternal Origin,Transition - Pyrimidine/Pyrimidine,T>C
145862783,rs10055590,TT,CC,CC,100,79,27,NC_000005.10,Mutation NB - Paternal Origin,Transition - Pyrimidine/Pyrimidine,T>C
149995369,rs10875553,CC,TT,CC,55,100,57,NC_000005.10,Mutation NB - Maternal Origin,Transition - Pyrimidine/Pyrimidine,T>C
150573771,.,CC,CC,CT,76,82,44,NC_000005.10,Mutation NB - Paternal Origin,Transition - Pyrimidine/Pyrimidine,Unsolved
150970604,rs13171420,TT,TT,TG,100,85,71,NC_000005.10,Mutation NB - Maternal Origin,Transition - Pyrimidine/Pyrimidine,Transversion - Purine/Pyrimidine,Unsolved
151173924,rs72790174,TT,CC,CC,91,96,33,NC_000005.10,Mutation NB - Paternal Origin,Transition - Pyrimidine/Pyrimidine,T>C
151209104,.,AA,AA,AG,82,49,41,NC_000005.10,Mutation NB - Maternal Origin,Transition - Purine/Purine,Unsolved
152159480,rs294948,CC,CC,TT,100,79,9,NC_000005.10,Mutation NB - Maternal Origin,Transition - Pyrimidine/Pyrimidine,Unsolved
154488702,rs4958741,AA,GG,AA,67,82,0,NC_000005.10,Mutation NB - Maternal Origin,Transition - Purine/Purine,G>A
154888023,.,TT,TT,TC,82,70,50,NC_000005.10,Mutation NB - Maternal Origin,Transition - Pyrimidine/Pyrimidine,Unsolved
157191037,rs163309,CC,TT,TT,43,73,0,NC_000005.10,Mutation NB - Paternal Origin,Transition - Pyrimidine/Pyrimidine,C>T
159891609,.,GG,GG,GA,100,76,55,NC_000005.10,Mutation NB - Maternal Origin,Transition - Purine/Purine,Unsolved
163941710,rs10058854,AA,AA,AC,91,88,61,NC_000005.10,Mutation NB - Maternal Origin,Transversion - Purine/Pyrimidine,Unsolved
168206179,rs1762331366,AA,AA,AG,55,55,89,NC_000005.10,Mutation NB - Paternal or Maternal,Transition - Purine/Purine,Unsolved
168360961,.,AA,AA,AG,40,49,40,NC_000005.10,Mutation NB - Paternal Origin,Transition - Purine/Purine,Unsolved
168412603,rs1056043,TC,TT,CC,1,79,18,NC_000005.10,Mutation NB - Maternal Origin,Transition - Pyrimidine/Pyrimidine,T>C
168631373,rs6889032,GA,GG,AA,1,88,18,NC_000005.10,Mutation NB - Maternal Origin,Transition - Purine/Purine,G>A
170535824,rs10076552,GG,GG,GA,100,82,98,NC_000005.10,Mutation NB - Maternal Origin,Transition - Purine/Purine,Unsolved
172054602,rs10155597,AA,GG,AA,79,85,9,NC_000005.10,Mutation NB - Maternal Origin,Transition - Purine/Purine,G>A
173213606,rs6891190,AA,AG,GG,100,44,27,NC_000005.10,Mutation NB - Paternal Origin,Transition - Purine/Purine,A>G
173355575,rs58488120,TT,TT,TC,100,85,65,NC_000005.10,Mutation NB - Maternal Origin,Transition - Pyrimidine/Pyrimidine,Unsolved
174186383,rs1581275902,AA,AA,AG,82,73,47,NC_000005.10,Mutation NB - Maternal Origin,Transition - Purine/Purine,Unsolved
174293757,.,AA,AA,AG,79,61,62,NC_000005.10,Mutation NB - Maternal Origin,Transition - Purine/Purine,Unsolved
175155658,rs11134910,CC,TT,TT,91,85,12,NC_000005.10,Mutation NB - Paternal Origin,Transition - Pyrimidine/Pyrimidine,C>T
176503487,rs2913902,GG,GG,GA,88,88,33,NC_000005.10,Mutation NB - Paternal or Maternal,Transition - Purine/Purine,Unsolved
176656996,rs4868677,GG,AA,GG,85,91,15,NC_000005.10,Mutation NB - Maternal Origin,Transition - Purine/Purine,A>G
180633804,rs10085109,GG,GC,CC,100,3,15,NC_000005.10,Mutation NB - Paternal Origin,Transversion - Purine/Pyrimidine,G>C
1553203,rs34114087,GC,GG,CC,6,67,12,NC_000006.12,Mutation NB - Maternal Origin,Transversion - Purine/Pyrimidine,G>C
4203845,rs9503972,CC,CC,CT,100,82,98,NC_000006.12,Mutation NB - Maternal Origin,Transition - Pyrimidine/Pyrimidine,Unsolved
5043042,rs1771874,CC,CC,GC,88,73,59,NC_000006.12,Mutation NB - Maternal Origin,Transversion - Purine/Pyrimidine,Unsolved
5086324,rs436556,AA,CA,CC,46,32,0,NC_000006.12,Mutation NB - Paternal Origin,Transversion - Purine/Pyrimidine,A>C
5108731,rs467373,AA,AA,AG,100,79,68,NC_000006.12,Mutation NB - Maternal Origin,Transition - Purine/Purine,Unsolved
5817699,.,AA,AA,AG,82,49,50,NC_000006.12,Mutation NB - Maternal Origin,Transition - Purine/Purine,Unsolved
6121582,rs78695800,CC,CC,CT,73,100,99,NC_000006.12,Mutation NB - Paternal Origin,Transition - Pyrimidine/Pyrimidine,Unsolved
6719986,rs201050,AA,GG,GG,73,61,12,NC_000006.12,Mutation NB - Paternal Origin,Transition - Purine/Purine,A>G
7561428,rs2757632,AA,GG,GG,82,91,17,NC_000006.12,Mutation NB - Paternal Origin,Transition - Purine/Purine,A>G
8667337,rs9505512,TT,AA,AA,100,82,9,NC_000006.12,Mutation NB - Paternal Origin,Transversion - Purine/Pyrimidine,T>A
9401973,.,CC,CC,CA,100,91,55,NC_000006.12,Mutation NB - Maternal Origin,Transversion - Purine/Pyrimidine,Unsolved
9669549,rs7761690,CC,CC,CT,91,100,33,NC_000006.12,Mutation NB - Paternal Origin,Transition - Pyrimidine/Pyrimidine,Unsolved
10952103,rs12207488,GG,AA,GG,100,85,18,NC_000006.12,Mutation NB - Maternal Origin,Transition - Purine/Purine,A>G
13677886,.,GG,GG,GA,76,70,59,NC_000006.12,Mutation NB - Maternal Origin,Transition - Purine/Purine,Unsolved
13871965,rs12192978,GA,AA,GG,77,88,0,NC_000006.12,Mutation NB - Maternal Origin,Transition - Purine/Purine,A>G
16358913,rs179977,AA,AG,GG,82,35,9,NC_000006.12,Mutation NB - Paternal Origin,Transition - Purine/Purine,A>G
17447020,rs926584,AA,GG,GG,88,88,0,NC_000006.12,Mutation NB - Paternal Origin,Transition - Purine/Purine,A>G
17447034,rs926585,TT,AA,AA,88,88,0,NC_000006.12,Mutation NB - Paternal Origin,Transversion - Purine/Pyrimidine,T>A
20338859,rs4712487,CC,TT,TT,85,76,15,NC_000006.12,Mutation NB - Paternal Origin,Transition - Pyrimidine/Pyrimidine,C>T
24522260,rs2251547,AA,AA,AG,82,100,44,NC_000006.12,Mutation NB - Paternal Origin,Transition - Purine/Purine,Unsolved
25206913,rs147548641,TT,TT,TC,73,100,99,NC_000006.12,Mutation NB - Paternal Origin,Transition - Pyrimidine/Pyrimidine,Unsolved
26392401,rs142803339,GG,GG,GA,85,76,65,NC_000006.12,Mutation NB - Maternal Origin,Transition - Purine/Purine,Unsolved
33877432,rs59248104,AA,AA,AG,91,100,68,NC_000006.12,Mutation NB - Paternal Origin,Transition - Purine/Purine,Unsolved
33995232,rs2495994,GC,GG,CC,35,100,27,NC_000006.12,Mutation NB - Maternal Origin,Transversion - Purine/Pyrimidine,G>C
34676499,rs6937784,TT,TT,TG,85,100,68,NC_000006.12,Mutation NB - Paternal Origin,Transition - Pyrimidine/Pyrimidine,Transversion - Purine/Pyrimidine,Unsolved
37027446,rs2274587,GA,GG,AA,1,85,12,NC_000006.12,Mutation NB - Maternal Origin,Transition - Purine/Purine,G>A
38189552,rs113675410,AA,AA,AC,79,67,15,NC_000006.12,Mutation NB - Maternal Origin,Transversion - Purine/Pyrimidine,Unsolved
38847916,.,AA,AA,AG,73,91,45,NC_000006.12,Mutation NB - Paternal Origin,Transition - Purine/Purine,Unsolved
38909371,.,AA,AA,AG,67,88,53,NC_000006.12,Mutation NB - Paternal Origin,Transition - Purine/Purine,Unsolved
39145676,rs73731703,AA,AA,AC,100,91,71,NC_000006.12,Mutation NB - Maternal Origin,Transversion - Purine/Pyrimidine,Unsolved
39944993,rs9296316,CC,CT,TT,100,1,39,NC_000006.12,Mutation NB - Paternal Origin,Transition - Pyrimidine/Pyrimidine,C>T
40612178,rs860152,AT,TT,AA,1,85,27,NC_000006.12,Mutation NB - Maternal Origin,Transversion - Purine/Pyrimidine,T>A
41105899,rs9381037,GA,AA,GG,1,82,39,NC_000006.12,Mutation NB - Maternal Origin,Transition - Purine/Purine,A>G
42077626,rs73735020,GG,AA,GG,91,79,0,NC_000006.12,Mutation NB - Maternal Origin,Transition - Purine/Purine,A>G
42118413,rs9369337,GG,TG,TT,85,41,18,NC_000006.12,Mutation NB - Paternal Origin,Transversion - Purine/Pyrimidine,G>T
42118444,rs9381144,TT,GG,GG,85,76,15,NC_000006.12,Mutation NB - Paternal Origin,Transversion - Purine/Pyrimidine,T>G
42166896,rs7773501,AA,GG,GG,91,88,0,NC_000006.12,Mutation NB - Paternal Origin,Transition - Purine/Purine,A>G
43412897,.,AA,AA,AG,88,67,56,NC_000006.12,Mutation NB - Maternal Origin,Transition - Purine/Purine,Unsolved
43954866,rs73422214,AA,AG,GG,91,73,24,NC_000006.12,Mutation NB - Paternal Origin,Transition - Purine/Purine,A>G
44244184,rs62403867,CC,CC,CG,55,100,99,NC_000006.12,Mutation NB - Paternal Origin,Transversion - Purine/Pyrimidine,Unsolved
44363257,rs9381315,AG,GG,AA,1,79,0,NC_000006.12,Mutation NB - Maternal Origin,Transition - Purine/Purine,G>A
46120282,rs2206967,AA,AA,GA,88,76,99,NC_000006.12,Mutation NB - Maternal Origin,Transition - Purine/Purine,Unsolved
48952391,rs75757848,GG,GG,GA,85,85,27,NC_000006.12,Mutation NB - Paternal or Maternal,Transition - Purine/Purine,Unsolved
50845430,.,AA,AA,AG,88,82,78,NC_000006.12,Mutation NB - Maternal Origin,Transition - Purine/Purine,Unsolved
50845439,.,AA,AA,AC,88,82,78,NC_000006.12,Mutation NB - Maternal Origin,Transversion - Purine/Pyrimidine,Unsolved
51037081,rs182244,CC,CC,CA,100,82,24,NC_000006.12,Mutation NB - Maternal Origin,Transversion - Purine/Pyrimidine,Unsolved
51320376,.,CC,CC,CG,91,76,55,NC_000006.12,Mutation NB - Maternal Origin,Transversion - Purine/Pyrimidine,Unsolved
51854767,rs6918147,CC,CC,CT,91,100,65,NC_000006.12,Mutation NB - Paternal Origin,Transition - Pyrimidine/Pyrimidine,Unsolved
52261983,rs605134,AC,CC,AA,1,91,21,NC_000006.12,Mutation NB - Maternal Origin,Transversion - Purine/Pyrimidine,C>A
56571197,.,AA,AA,AG,85,73,62,NC_000006.12,Mutation NB - Maternal Origin,Transition - Purine/Purine,Unsolved
69496096,rs6455323,AA,CG,CG,88,50,69,NC_000006.12,Mutation NB - Paternal Origin,Transition - Purine/Purine,Transversion - Purine/Pyrimidine,A>G
77890061,rs151324810,GG,GG,GA,61,98,99,NC_000006.12,Mutation NB - Paternal Origin,Transition - Purine/Purine,Unsolved
79578247,rs55910642,AA,GG,AA,85,88,9,NC_000006.12,Mutation NB - Maternal Origin,Transition - Purine/Purine,G>A
84961253,rs9362117,GG,GG,GA,76,100,94,NC_000006.12,Mutation NB - Paternal Origin,Transition - Purine/Purine,Unsolved
85038152,rs6934772,CC,GG,CC,64,100,60,NC_000006.12,Mutation NB - Maternal Origin,Transversion - Purine/Pyrimidine,G>C
85326254,rs313172,AG,AA,GG,1,100,30,NC_000006.12,Mutation NB - Maternal Origin,Transition - Purine/Purine,A>G
87092507,rs9444471,CT,TT,CC,32,82,0,NC_000006.12,Mutation NB - Maternal Origin,Transition - Pyrimidine/Pyrimidine,T>C
88559341,rs35776683,CA,CC,AA,29,100,18,NC_000006.12,Mutation NB - Maternal Origin,Transversion - Purine/Pyrimidine,C>A
89951689,rs1774135181,GG,GG,GA,46,70,47,NC_000006.12,Mutation NB - Paternal Origin,Transition - Purine/Purine,Unsolved
91343586,rs77184056,CC,CC,CT,100,91,99,NC_000006.12,Mutation NB - Maternal Origin,Transition - Pyrimidine/Pyrimidine,Unsolved
99083898,rs9385615,CC,TT,TT,91,91,0,NC_000006.12,Mutation NB - Paternal Origin,Transition - Pyrimidine/Pyrimidine,C>T
100093209,rs9484662,GG,TT,GG,91,91,21,NC_000006.12,Mutation NB - Maternal Origin,Transition - Purine/Purine,Transversion - Purine/Pyrimidine,T>G
108199388,rs659499,AA,GG,GG,67,61,30,NC_000006.12,Mutation NB - Paternal Origin,Transition - Purine/Purine,A>G
111507195,.,AA,AA,AG,64,55,62,NC_000006.12,Mutation NB - Maternal Origin,Transition - Purine/Purine,Unsolved
111593045,rs174382,TT,TC,CC,100,70,24,NC_000006.12,Mutation NB - Paternal Origin,Transition - Pyrimidine/Pyrimidine,T>C
111643881,rs9487701,GG,AA,AA,91,100,9,NC_000006.12,Mutation NB - Paternal Origin,Transition - Purine/Purine,G>A
111643897,rs9320371,CC,TT,TT,91,100,9,NC_000006.12,Mutation NB - Paternal Origin,Transition - Pyrimidine/Pyrimidine,C>T
111643934,rs9320372,AA,TT,TT,91,85,9,NC_000006.12,Mutation NB - Paternal Origin,Transversion - Purine/Pyrimidine,A>T
111643935,rs2344704,AA,AA,TT,91,85,9,NC_000006.12,Mutation NB - Maternal Origin,Transversion - Purine/Pyrimidine,Unsolved
114726022,rs34791501,CC,CC,CT,100,64,18,NC_000006.12,Mutation NB - Maternal Origin,Transition - Pyrimidine/Pyrimidine,Unsolved
119082906,rs7750246,GG,AA,GG,79,85,12,NC_000006.12,Mutation NB - Maternal Origin,Transition - Purine/Purine,A>G
119319725,rs6918913,CC,AA,CC,88,88,0,NC_000006.12,Mutation NB - Maternal Origin,Transversion - Purine/Pyrimidine,A>C
125536642,rs71563671,GG,GG,GA,85,100,99,NC_000006.12,Mutation NB - Paternal Origin,Transition - Purine/Purine,Unsolved
126882412,rs35697500,TT,AA,TT,85,88,9,NC_000006.12,Mutation NB - Maternal Origin,Transversion - Purine/Pyrimidine,A>T
127428414,rs7749526,TG,GG,TT,47,82,0,NC_000006.12,Mutation NB - Maternal Origin,Transversion - Purine/Pyrimidine,G>T
133855177,rs1208271,GG,GG,AA,100,79,9,NC_000006.12,Mutation NB - Maternal Origin,Transition - Purine/Purine,Unsolved
134700991,rs35955458,GG,GG,GA,55,100,31,NC_000006.12,Mutation NB - Paternal Origin,Transition - Purine/Purine,Unsolved
134850064,rs80175567,TC,TT,CC,2,91,12,NC_000006.12,Mutation NB - Maternal Origin,Transition - Pyrimidine/Pyrimidine,T>C
136415576,rs72977538,CC,CC,CT,82,100,95,NC_000006.12,Mutation NB - Paternal Origin,Transition - Pyrimidine/Pyrimidine,Unsolved
138423955,rs45551934,GG,GA,AA,82,38,12,NC_000006.12,Mutation NB - Paternal Origin,Transition - Purine/Purine,G>A
143428158,rs1065355,GG,GG,GT,100,76,99,NC_000006.12,Mutation NB - Maternal Origin,Transversion - Purine/Pyrimidine,Unsolved
143518912,rs7747116,CT,CC,TT,5,82,27,NC_000006.12,Mutation NB - Maternal Origin,Transversion - Purine/Pyrimidine,C>T
144013058,rs6937531,GG,GG,GT,91,100,99,NC_000006.12,Mutation NB - Paternal Origin,Transversion - Purine/Pyrimidine,Unsolved
147821670,.,TT,TT,TC,88,76,47,NC_000006.12,Mutation NB - Maternal Origin,Transition - Pyrimidine/Pyrimidine,Unsolved
148337083,rs1395012803,AA,AA,AG,91,88,46,NC_000006.12,Mutation NB - Maternal Origin,Transition - Purine/Purine,Unsolved
149088724,rs1320575,CC,CC,TC,67,88,99,NC_000006.12,Mutation NB - Paternal Origin,Transition - Pyrimidine/Pyrimidine,Unsolved
149093903,rs6901019,TT,CT,CC,85,44,0,NC_000006.12,Mutation NB - Paternal Origin,Transition - Pyrimidine/Pyrimidine,T>C
149474900,rs2789501,AA,GA,GG,85,67,30,NC_000006.12,Mutation NB - Paternal Origin,Transition - Purine/Purine,A>G
154194938,rs1477799815,TT,TT,TC,79,64,48,NC_000006.12,Mutation NB - Maternal Origin,Transition - Pyrimidine/Pyrimidine,Unsolved
154670454,rs62434226,CC,TT,CC,79,85,0,NC_000006.12,Mutation NB - Maternal Origin,Transition - Pyrimidine/Pyrimidine,T>C
154923645,rs6909319,CT,TT,CC,1,67,0,NC_000006.12,Mutation NB - Maternal Origin,Transition - Pyrimidine/Pyrimidine,T>C
157651015,rs73791282,AA,AG,GG,91,1,12,NC_000006.12,Mutation NB - Paternal Origin,Transition - Purine/Purine,A>G
160069063,rs3777409,GG,AA,AA,88,85,12,NC_000006.12,Mutation NB - Paternal Origin,Transition - Purine/Purine,G>A
162073465,rs9458449,TT,TT,TC,100,76,99,NC_000006.12,Mutation NB - Maternal Origin,Transition - Pyrimidine/Pyrimidine,Unsolved
162310399,rs1222531709,TT,TT,TC,91,85,53,NC_000006.12,Mutation NB - Maternal Origin,Transition - Pyrimidine/Pyrimidine,Unsolved
163116901,rs488831,CC,TT,CC,52,58,0,NC_000006.12,Mutation NB - Maternal Origin,Transition - Pyrimidine/Pyrimidine,T>C
163341937,rs760885,CC,TC,TT,91,76,9,NC_000006.12,Mutation NB - Paternal Origin,Transition - Pyrimidine/Pyrimidine,C>T
163641847,rs76160608,CA,CC,AA,1,88,11,NC_000006.12,Mutation NB - Maternal Origin,Transversion - Purine/Pyrimidine,C>A
164448148,rs188747525,GG,AA,AA,82,76,33,NC_000006.12,Mutation NB - Paternal Origin,Transition - Purine/Purine,G>A
164701871,rs9355499,CC,TT,TT,91,91,27,NC_000006.12,Mutation NB - Paternal Origin,Transition - Pyrimidine/Pyrimidine,C>T
166470759,.,AA,AA,AG,67,85,56,NC_000006.12,Mutation NB - Paternal Origin,Transition - Purine/Purine,Unsolved
166765302,rs365697,TC,CC,TT,1,82,0,NC_000006.12,Mutation NB - Maternal Origin,Transversion - Purine/Pyrimidine,C>T
168194262,rs6900846,GG,AA,AA,67,79,0,NC_000006.12,Mutation NB - Paternal Origin,Transition - Purine/Purine,G>A
168515365,rs577100459,GG,GG,GA,76,70,68,NC_000006.12,Mutation NB - Maternal Origin,Transition - Purine/Purine,Unsolved
170182367,rs9459968,CT,CC,TT,44,73,12,NC_000006.12,Mutation NB - Maternal Origin,Transversion - Purine/Pyrimidine,C>T
429147,rs751193594,GG,GG,GA,85,100,68,NC_000007.14,Mutation NB - Paternal Origin,Transition - Purine/Purine,Unsolved
532137,.,TT,TT,TC,49,82,47,NC_000007.14,Mutation NB - Paternal Origin,Transition - Pyrimidine/Pyrimidine,Unsolved
582179,rs3924211,TC,TT,CC,1,100,9,NC_000007.14,Mutation NB - Maternal Origin,Transition - Pyrimidine/Pyrimidine,T>C
948377,rs1847193616,GG,GG,GA,64,79,47,NC_000007.14,Mutation NB - Paternal Origin,Transition - Purine/Purine,Unsolved
989083,rs929270125,GG,GG,GA,98,67,66,NC_000007.14,Mutation NB - Maternal Origin,Transition - Purine/Purine,Unsolved
1298586,rs4724909,CC,TT,CC,88,91,0,NC_000007.14,Mutation NB - Maternal Origin,Transition - Pyrimidine/Pyrimidine,T>C
2477266,.,TT,TT,TC,64,79,33,NC_000007.14,Mutation NB - Paternal Origin,Transition - Pyrimidine/Pyrimidine,Unsolved
2851586,rs1639069,GT,TT,GG,44,98,20,NC_000007.14,Mutation NB - Maternal Origin,Transversion - Purine/Pyrimidine,T>G
2870765,rs1859560,GG,GG,TG,82,82,30,NC_000007.14,Mutation NB - Paternal or Maternal,Transversion - Purine/Pyrimidine,Unsolved
2938673,.,TT,TT,TA,79,76,47,NC_000007.14,Mutation NB - Maternal Origin,Transition - Pyrimidine/Pyrimidine,Transversion - Purine/Pyrimidine,Unsolved
3031243,rs7797843,TT,TC,CC,82,1,15,NC_000007.14,Mutation NB - Paternal Origin,Transition - Pyrimidine/Pyrimidine,T>C
3263745,rs73043665,TT,CC,TT,70,91,2,NC_000007.14,Mutation NB - Maternal Origin,Transition - Pyrimidine/Pyrimidine,C>T
3355785,rs57952815,TT,TA,AA,91,1,42,NC_000007.14,Mutation NB - Paternal Origin,Transversion - Purine/Pyrimidine,T>A
3686846,rs11770104,GG,GG,AG,88,88,99,NC_000007.14,Mutation NB - Paternal or Maternal,Transition - Purine/Purine,Unsolved
4198085,rs10228300,TT,TT,TG,100,91,98,NC_000007.14,Mutation NB - Maternal Origin,Transition - Pyrimidine/Pyrimidine,Transversion - Purine/Pyrimidine,Unsolved
4285098,rs11762889,CC,CC,CA,100,67,99,NC_000007.14,Mutation NB - Maternal Origin,Transversion - Purine/Pyrimidine,Unsolved
5505075,rs6946389,AA,AG,GG,82,39,15,NC_000007.14,Mutation NB - Paternal Origin,Transition - Purine/Purine,A>G
5590275,rs73334439,CT,CC,TT,1,67,42,NC_000007.14,Mutation NB - Maternal Origin,Transversion - Purine/Pyrimidine,C>T
5690865,rs852261,CC,CC,CT,85,91,68,NC_000007.14,Mutation NB - Paternal Origin,Transition - Pyrimidine/Pyrimidine,Unsolved
7424084,rs114667627,CT,CC,TT,1,82,18,NC_000007.14,Mutation NB - Maternal Origin,Transversion - Purine/Pyrimidine,C>T
11780125,rs114344221,CC,TT,CC,91,88,18,NC_000007.14,Mutation NB - Maternal Origin,Transition - Pyrimidine/Pyrimidine,T>C
12091157,.,TT,TT,TC,73,76,59,NC_000007.14,Mutation NB - Paternal Origin,Transition - Pyrimidine/Pyrimidine,Unsolved
15230775,.,TT,TT,TC,61,73,54,NC_000007.14,Mutation NB - Paternal Origin,Transition - Pyrimidine/Pyrimidine,Unsolved
17270596,rs73301708,CC,TT,CC,91,82,15,NC_000007.14,Mutation NB - Maternal Origin,Transition - Pyrimidine/Pyrimidine,T>C
18821490,rs114789794,TT,TT,TC,100,58,99,NC_000007.14,Mutation NB - Maternal Origin,Transition - Pyrimidine/Pyrimidine,Unsolved
19905865,rs145867896,CC,CC,CG,85,70,62,NC_000007.14,Mutation NB - Maternal Origin,Transversion - Purine/Pyrimidine,Unsolved
21852798,rs2074326,GG,GG,GA,85,100,99,NC_000007.14,Mutation NB - Paternal Origin,Transition - Purine/Purine,Unsolved
21852817,rs10268224,CC,CC,CT,100,73,99,NC_000007.14,Mutation NB - Maternal Origin,Transition - Pyrimidine/Pyrimidine,Unsolved
21905945,rs12540021,GG,GG,GA,85,88,94,NC_000007.14,Mutation NB - Paternal Origin,Transition - Purine/Purine,Unsolved
22105949,rs547098183,GG,GG,GT,100,91,99,NC_000007.14,Mutation NB - Maternal Origin,Transversion - Purine/Pyrimidine,Unsolved
22561809,rs7777138,TT,CC,TT,91,100,39,NC_000007.14,Mutation NB - Maternal Origin,Transition - Pyrimidine/Pyrimidine,C>T
23672560,rs10278749,AG,GG,AA,1,79,0,NC_000007.14,Mutation NB - Maternal Origin,Transition - Purine/Purine,G>A
25148325,rs4722433,GG,AA,AA,100,85,18,NC_000007.14,Mutation NB - Paternal Origin,Transition - Purine/Purine,G>A
25899389,rs10279822,AA,AA,TA,85,79,50,NC_000007.14,Mutation NB - Maternal Origin,Transversion - Purine/Pyrimidine,Unsolved
25946953,rs4719839,AA,GG,GG,91,88,0,NC_000007.14,Mutation NB - Paternal Origin,Transition - Purine/Purine,A>G
27552728,rs759269,CT,TT,CC,67,67,0,NC_000007.14,Mutation NB - Maternal Origin,Transition - Pyrimidine/Pyrimidine,T>C
32212046,rs77143563,GG,GG,GA,100,100,99,NC_000007.14,Mutation NB - Paternal or Maternal,Transition - Purine/Purine,Unsolved
32212050,rs906082033,GG,GG,GA,100,82,99,NC_000007.14,Mutation NB - Maternal Origin,Transition - Purine/Purine,Unsolved
34383145,rs4288275,GA,GG,AA,70,91,12,NC_000007.14,Mutation NB - Maternal Origin,Transition - Purine/Purine,G>A
34883218,rs6966582,CC,CC,CA,100,85,98,NC_000007.14,Mutation NB - Maternal Origin,Transversion - Purine/Pyrimidine,Unsolved
35391202,rs2592860,CC,GG,GG,91,91,33,NC_000007.14,Mutation NB - Paternal Origin,Transversion - Purine/Pyrimidine,C>G
36291453,.,TT,TT,TC,70,88,47,NC_000007.14,Mutation NB - Paternal Origin,Transition - Pyrimidine/Pyrimidine,Unsolved
36904584,rs7776759,CC,CT,TT,100,1,30,NC_000007.14,Mutation NB - Paternal Origin,Transition - Pyrimidine/Pyrimidine,C>T
38329654,rs73115841,CC,CC,CA,79,79,99,NC_000007.14,Mutation NB - Paternal or Maternal,Transversion - Purine/Pyrimidine,Unsolved
42297891,.,AA,AA,AG,79,82,51,NC_000007.14,Mutation NB - Paternal Origin,Transition - Purine/Purine,Unsolved
43750316,rs1181600,CC,TT,CC,64,88,30,NC_000007.14,Mutation NB - Maternal Origin,Transition - Pyrimidine/Pyrimidine,T>C
44274331,rs12702074,AC,AA,CC,1,91,15,NC_000007.14,Mutation NB - Maternal Origin,A>C
44637122,.,TT,TT,TC,85,52,54,NC_000007.14,Mutation NB - Maternal Origin,Transition - Pyrimidine/Pyrimidine,Unsolved
45623553,.,AA,AA,AG,70,82,60,NC_000007.14,Mutation NB - Paternal Origin,Transition - Purine/Purine,Unsolved
46811765,rs1534103,GG,GG,GA,88,76,99,NC_000007.14,Mutation NB - Maternal Origin,Transition - Purine/Purine,Unsolved
48416487,.,AA,AA,AG,52,46,41,NC_000007.14,Mutation NB - Maternal Origin,Transition - Purine/Purine,Unsolved
49864544,rs6583395,GG,GG,AG,91,91,68,NC_000007.14,Mutation NB - Paternal or Maternal,Transition - Purine/Purine,Unsolved
50787812,rs6963498,TT,TT,CT,91,88,99,NC_000007.14,Mutation NB - Maternal Origin,Transition - Pyrimidine/Pyrimidine,Unsolved
50849471,rs35214151,CC,TT,TT,88,100,9,NC_000007.14,Mutation NB - Paternal Origin,Transition - Pyrimidine/Pyrimidine,C>T
51011597,rs75606847,GG,GA,AA,85,70,12,NC_000007.14,Mutation NB - Paternal Origin,Transition - Purine/Purine,G>A
52027023,rs2329939,CC,CC,CT,100,88,30,NC_000007.14,Mutation NB - Maternal Origin,Transition - Pyrimidine/Pyrimidine,Unsolved
53303973,.,TT,TT,TC,73,79,58,NC_000007.14,Mutation NB - Paternal Origin,Transition - Pyrimidine/Pyrimidine,Unsolved
53496124,rs12718796,GG,CC,GG,79,82,27,NC_000007.14,Mutation NB - Maternal Origin,Transversion - Purine/Pyrimidine,C>G
54789897,rs6942798,CC,CC,CT,100,85,99,NC_000007.14,Mutation NB - Maternal Origin,Transition - Pyrimidine/Pyrimidine,Unsolved
54814076,.,AA,AA,AG,88,85,53,NC_000007.14,Mutation NB - Maternal Origin,Transition - Purine/Purine,Unsolved
55040170,rs1787819197,GG,GG,GT,64,79,39,NC_000007.14,Mutation NB - Paternal Origin,Transversion - Purine/Pyrimidine,Unsolved
64046067,rs10949863,GT,TT,GG,70,88,0,NC_000007.14,Mutation NB - Maternal Origin,Transversion - Purine/Pyrimidine,T>G
66308428,rs76826654,GG,GG,GC,100,88,95,NC_000007.14,Mutation NB - Maternal Origin,Transition - Purine/Purine,Transversion - Purine/Pyrimidine,Unsolved
66531450,rs73152708,CC,CC,CT,61,58,72,NC_000007.14,Mutation NB - Maternal Origin,Transition - Pyrimidine/Pyrimidine,Unsolved
67867336,.,CC,CC,CT,91,85,67,NC_000007.14,Mutation NB - Maternal Origin,Transition - Pyrimidine/Pyrimidine,Unsolved
68231346,rs3113089,GG,CC,CC,100,55,24,NC_000007.14,Mutation NB - Paternal Origin,Transversion - Purine/Pyrimidine,G>C
69123348,rs2177191,AA,GG,GG,85,73,9,NC_000007.14,Mutation NB - Paternal Origin,Transition - Purine/Purine,A>G
70531385,rs2007481,AA,GG,GG,91,82,42,NC_000007.14,Mutation NB - Paternal Origin,Transition - Purine/Purine,A>G
70891324,.,TT,TT,TA,100,64,99,NC_000007.14,Mutation NB - Maternal Origin,Transition - Pyrimidine/Pyrimidine,Transversion - Purine/Pyrimidine,Unsolved
71140118,.,AA,AA,AG,70,55,44,NC_000007.14,Mutation NB - Maternal Origin,Transition - Purine/Purine,Unsolved
74006640,rs36087260,CT,CC,TT,14,88,15,NC_000007.14,Mutation NB - Maternal Origin,Transversion - Purine/Pyrimidine,C>T
74314781,.,AA,AA,AG,82,64,42,NC_000007.14,Mutation NB - Maternal Origin,Transition - Purine/Purine,Unsolved
74473641,.,TT,TT,TC,67,91,41,NC_000007.14,Mutation NB - Paternal Origin,Transition - Pyrimidine/Pyrimidine,Unsolved
77626624,rs17467232,TT,TC,CC,100,1,30,NC_000007.14,Mutation NB - Paternal Origin,Transition - Pyrimidine/Pyrimidine,T>C
77999846,rs13438504,AA,AT,TT,91,1,21,NC_000007.14,Mutation NB - Paternal Origin,Transversion - Purine/Pyrimidine,A>T
78207655,.,AA,AA,AG,91,58,56,NC_000007.14,Mutation NB - Maternal Origin,Transition - Purine/Purine,Unsolved
80083757,rs6966238,GG,AA,GG,67,88,21,NC_000007.14,Mutation NB - Maternal Origin,Transition - Purine/Purine,A>G
81142759,rs10278323,CC,CC,CT,79,58,99,NC_000007.14,Mutation NB - Maternal Origin,Transition - Pyrimidine/Pyrimidine,Unsolved
81258346,rs161831,TT,TC,CC,91,35,15,NC_000007.14,Mutation NB - Paternal Origin,Transition - Pyrimidine/Pyrimidine,T>C
87876657,rs10255051,GG,GG,GA,88,85,68,NC_000007.14,Mutation NB - Maternal Origin,Transition - Purine/Purine,Unsolved
89866945,rs62470308,CC,CC,CG,88,91,21,NC_000007.14,Mutation NB - Paternal Origin,Transversion - Purine/Pyrimidine,Unsolved
89927944,rs17701780,AA,GA,GG,91,1,0,NC_000007.14,Mutation NB - Paternal Origin,Transition - Purine/Purine,A>G
91995601,.,AA,AA,AG,91,55,59,NC_000007.14,Mutation NB - Maternal Origin,Transition - Purine/Purine,Unsolved
94705886,rs62466573,GG,GG,GC,100,85,99,NC_000007.14,Mutation NB - Maternal Origin,Transition - Purine/Purine,Transversion - Purine/Pyrimidine,Unsolved
94839996,rs62466653,TT,TT,TC,100,82,72,NC_000007.14,Mutation NB - Maternal Origin,Transition - Pyrimidine/Pyrimidine,Unsolved
97645497,.,AA,AA,AG,76,64,51,NC_000007.14,Mutation NB - Maternal Origin,Transition - Purine/Purine,Unsolved
97786427,rs71561655,GG,GG,GT,88,100,80,NC_000007.14,Mutation NB - Paternal Origin,Transversion - Purine/Pyrimidine,Unsolved
97827578,.,AA,AA,AG,85,55,44,NC_000007.14,Mutation NB - Maternal Origin,Transition - Purine/Purine,Unsolved
98286323,rs6950023,TT,GG,TT,91,82,0,NC_000007.14,Mutation NB - Maternal Origin,Transversion - Purine/Pyrimidine,G>T
98286325,rs6967728,AA,GG,AA,91,82,0,NC_000007.14,Mutation NB - Maternal Origin,Transition - Purine/Purine,G>A
98756955,.,GG,GG,GA,70,85,56,NC_000007.14,Mutation NB - Paternal Origin,Transition - Purine/Purine,Unsolved
101308638,rs35994757,GG,GG,GC,88,79,99,NC_000007.14,Mutation NB - Maternal Origin,Transition - Purine/Purine,Transversion - Purine/Pyrimidine,Unsolved
101615601,rs740199,CC,GG,CC,94,91,15,NC_000007.14,Mutation NB - Maternal Origin,Transversion - Purine/Pyrimidine,G>C
102202578,rs1158810435,AA,AA,AG,76,73,49,NC_000007.14,Mutation NB - Maternal Origin,Transition - Purine/Purine,Unsolved
102270864,rs1725604,CC,TT,CC,61,73,0,NC_000007.14,Mutation NB - Maternal Origin,Transition - Pyrimidine/Pyrimidine,T>C
103439088,.,TT,TT,TC,79,61,47,NC_000007.14,Mutation NB - Maternal Origin,Transition - Pyrimidine/Pyrimidine,Unsolved
103439107,.,CC,CC,CT,79,61,47,NC_000007.14,Mutation NB - Maternal Origin,Transition - Pyrimidine/Pyrimidine,Unsolved
105588378,rs10260974,AA,AA,AG,79,91,99,NC_000007.14,Mutation NB - Paternal Origin,Transition - Purine/Purine,Unsolved
110736271,rs2091309,GG,GG,AG,67,55,12,NC_000007.14,Mutation NB - Maternal Origin,Transition - Purine/Purine,Unsolved
112180384,rs10428921,CC,TT,TT,79,91,0,NC_000007.14,Mutation NB - Paternal Origin,Transition - Pyrimidine/Pyrimidine,C>T
118309420,rs41938,GG,CC,CC,91,100,0,NC_000007.14,Mutation NB - Paternal Origin,Transversion - Purine/Pyrimidine,G>C
118839338,.,AA,AA,AG,70,49,82,NC_000007.14,Mutation NB - Maternal Origin,Transition - Purine/Purine,Unsolved
124068195,rs1121030,TT,GT,GG,79,1,0,NC_000007.14,Mutation NB - Paternal Origin,Transversion - Purine/Pyrimidine,T>G
125320040,rs1834826,TT,CC,CC,91,91,36,NC_000007.14,Mutation NB - Paternal Origin,Transition - Pyrimidine/Pyrimidine,T>C
126118265,rs1833074,GA,AA,GG,32,79,0,NC_000007.14,Mutation NB - Maternal Origin,Transition - Purine/Purine,A>G
126856459,rs2283079,AA,AA,AG,100,91,99,NC_000007.14,Mutation NB - Maternal Origin,Transition - Purine/Purine,Unsolved
127297240,rs116131518,TT,TT,TC,82,88,59,NC_000007.14,Mutation NB - Paternal Origin,Transition - Pyrimidine/Pyrimidine,Unsolved
132560033,.,AA,AA,AG,91,91,33,NC_000007.14,Mutation NB - Paternal or Maternal,Transition - Purine/Purine,Unsolved
140284123,rs62491809,CC,CC,CT,70,100,33,NC_000007.14,Mutation NB - Paternal Origin,Transition - Pyrimidine/Pyrimidine,Unsolved
140508822,rs4725722,CC,AA,AA,100,85,9,NC_000007.14,Mutation NB - Paternal Origin,Transversion - Purine/Pyrimidine,C>A
140508990,rs1829770,TT,CC,CC,100,85,24,NC_000007.14,Mutation NB - Paternal Origin,Transition - Pyrimidine/Pyrimidine,T>C
145310394,rs62495901,CC,TT,TT,88,58,36,NC_000007.14,Mutation NB - Paternal Origin,Transition - Pyrimidine/Pyrimidine,C>T
145371626,rs896606085,TT,TT,TC,88,61,40,NC_000007.14,Mutation NB - Maternal Origin,Transition - Pyrimidine/Pyrimidine,Unsolved
149377686,rs1798659602,TT,TT,TC,67,67,39,NC_000007.14,Mutation NB - Paternal or Maternal,Transition - Pyrimidine/Pyrimidine,Unsolved
149449204,rs12538692,GA,AA,GG,44,76,0,NC_000007.14,Mutation NB - Maternal Origin,Transition - Purine/Purine,A>G
149727069,rs855755,GG,CG,CC,88,35,12,NC_000007.14,Mutation NB - Paternal Origin,Transversion - Purine/Pyrimidine,G>C
149816045,.,GG,GG,GA,49,67,50,NC_000007.14,Mutation NB - Paternal Origin,Transition - Purine/Purine,Unsolved
150444721,rs1104881,GG,GG,GT,61,100,99,NC_000007.14,Mutation NB - Paternal Origin,Transversion - Purine/Pyrimidine,Unsolved
150824976,rs62490442,GT,GG,TT,35,85,9,NC_000007.14,Mutation NB - Maternal Origin,Transversion - Purine/Pyrimidine,G>T
150858827,rs10893,AA,AA,AG,100,76,99,NC_000007.14,Mutation NB - Maternal Origin,Transition - Purine/Purine,Unsolved
150941540,rs1800787685,GG,GG,GA,62,58,56,NC_000007.14,Mutation NB - Maternal Origin,Transition - Purine/Purine,Unsolved
151141422,rs1800806974,AA,AA,AG,76,43,53,NC_000007.14,Mutation NB - Maternal Origin,Transition - Purine/Purine,Unsolved
151186734,rs10275219,GG,GG,GA,91,100,65,NC_000007.14,Mutation NB - Paternal Origin,Transition - Purine/Purine,Unsolved
155610539,rs1797738907,TT,TT,TC,64,55,44,NC_000007.14,Mutation NB - Maternal Origin,Transition - Pyrimidine/Pyrimidine,Unsolved
155843069,rs7798304,CC,CC,TT,91,100,9,NC_000007.14,Mutation NB - Paternal Origin,Transition - Pyrimidine/Pyrimidine,Unsolved
156564449,rs12697984,TA,TT,AA,76,67,12,NC_000007.14,Mutation NB - Maternal Origin,Transversion - Purine/Pyrimidine,T>A
157519913,rs10949653,TT,TC,CC,100,70,15,NC_000007.14,Mutation NB - Paternal Origin,Transition - Pyrimidine/Pyrimidine,T>C
159016914,rs2527181,TT,TT,TC,73,100,78,NC_000007.14,Mutation NB - Paternal Origin,Transition - Pyrimidine/Pyrimidine,Unsolved
271255,.,TT,TT,TC,73,91,56,NC_000008.11,Mutation NB - Paternal Origin,Transition - Pyrimidine/Pyrimidine,Unsolved
650729,rs4735895,AA,AA,AG,100,100,68,NC_000008.11,Mutation NB - Paternal or Maternal,Transition - Purine/Purine,Unsolved
666937,.,TT,TT,TC,52,73,62,NC_000008.11,Mutation NB - Paternal Origin,Transition - Pyrimidine/Pyrimidine,Unsolved
2963132,rs7832045,TG,TT,TC,29,61,62,NC_000008.11,Mutation NB - Paternal Origin,Transversion - Purine/Pyrimidine,Transition - Pyrimidine/Pyrimidine,Unsolved
3294182,rs2897416,TC,TT,CC,32,100,24,NC_000008.11,Mutation NB - Maternal Origin,Transition - Pyrimidine/Pyrimidine,T>C
3334725,rs7843496,CC,TT,TT,100,70,57,NC_000008.11,Mutation NB - Paternal Origin,Transition - Pyrimidine/Pyrimidine,C>T
4459180,rs77307145,GG,GG,GC,100,88,67,NC_000008.11,Mutation NB - Maternal Origin,Transition - Purine/Purine,Transversion - Purine/Pyrimidine,Unsolved
14180075,rs11985495,GG,GG,GT,100,76,99,NC_000008.11,Mutation NB - Maternal Origin,Transversion - Purine/Pyrimidine,Unsolved
15000542,rs9693111,GG,GG,GC,82,100,67,NC_000008.11,Mutation NB - Paternal Origin,Transition - Purine/Purine,Transversion - Purine/Pyrimidine,Unsolved
18212417,rs1481366310,TT,TT,TC,85,64,50,NC_000008.11,Mutation NB - Maternal Origin,Transition - Pyrimidine/Pyrimidine,Unsolved
19397783,rs992600129,TT,TT,TC,67,85,62,NC_000008.11,Mutation NB - Paternal Origin,Transition - Pyrimidine/Pyrimidine,Unsolved
19415509,.,AA,AA,AG,79,61,45,NC_000008.11,Mutation NB - Maternal Origin,Transition - Purine/Purine,Unsolved
19757960,rs1388941,AG,GG,AA,32,73,0,NC_000008.11,Mutation NB - Maternal Origin,Transition - Purine/Purine,G>A
21394665,.,TT,TT,TC,46,58,47,NC_000008.11,Mutation NB - Paternal Origin,Transition - Pyrimidine/Pyrimidine,Unsolved
21724614,rs59774202,AA,GG,AA,85,100,63,NC_000008.11,Mutation NB - Maternal Origin,Transition - Purine/Purine,G>A
23338544,rs11783393,TT,TT,TC,100,76,65,NC_000008.11,Mutation NB - Maternal Origin,Transition - Pyrimidine/Pyrimidine,Unsolved
24725037,.,AA,AA,AG,82,55,41,NC_000008.11,Mutation NB - Maternal Origin,Transition - Purine/Purine,Unsolved
24981019,rs4242417,CC,GG,CC,82,100,21,NC_000008.11,Mutation NB - Maternal Origin,Transversion - Purine/Pyrimidine,G>C
25061312,rs1292118361,GG,GG,GA,79,82,44,NC_000008.11,Mutation NB - Paternal Origin,Transition - Purine/Purine,Unsolved
25201585,rs191237297,CC,CC,TT,85,100,9,NC_000008.11,Mutation NB - Paternal Origin,Transition - Pyrimidine/Pyrimidine,Unsolved
27397563,rs1128433,AA,AA,AG,64,91,21,NC_000008.11,Mutation NB - Paternal Origin,Transition - Purine/Purine,Unsolved
27422600,rs882397,GG,CC,CC,91,85,0,NC_000008.11,Mutation NB - Paternal Origin,Transversion - Purine/Pyrimidine,G>C
27565545,rs4732724,GC,CC,GG,1,85,0,NC_000008.11,Mutation NB - Maternal Origin,Transversion - Purine/Pyrimidine,C>G
27697334,rs693832,CC,TT,TT,88,46,33,NC_000008.11,Mutation NB - Paternal Origin,Transition - Pyrimidine/Pyrimidine,C>T
27697344,rs693841,CC,TT,TT,79,46,33,NC_000008.11,Mutation NB - Paternal Origin,Transition - Pyrimidine/Pyrimidine,C>T
27983099,rs11780951,AA,AA,GA,88,73,24,NC_000008.11,Mutation NB - Maternal Origin,Transition - Purine/Purine,Unsolved
28326915,rs7831650,GG,AA,GG,76,76,18,NC_000008.11,Mutation NB - Maternal Origin,Transition - Purine/Purine,A>G
29372956,rs1002601636,AA,AA,AG,91,76,53,NC_000008.11,Mutation NB - Maternal Origin,Transition - Purine/Purine,Unsolved
29687948,.,CC,CC,CT,88,76,65,NC_000008.11,Mutation NB - Maternal Origin,Transition - Pyrimidine/Pyrimidine,Unsolved
31288902,rs7005041,GG,TT,TT,58,88,0,NC_000008.11,Mutation NB - Paternal Origin,Transversion - Purine/Pyrimidine,G>T
36234185,rs624920,CC,TT,TT,88,76,27,NC_000008.11,Mutation NB - Paternal Origin,Transition - Pyrimidine/Pyrimidine,C>T
37094396,rs2407103,AA,AA,AG,91,79,56,NC_000008.11,Mutation NB - Maternal Origin,Transition - Purine/Purine,Unsolved
37129461,rs535885,TT,TT,CC,91,76,18,NC_000008.11,Mutation NB - Maternal Origin,Transition - Pyrimidine/Pyrimidine,Unsolved
37529091,rs73675829,AA,AA,AT,100,49,65,NC_000008.11,Mutation NB - Maternal Origin,Transversion - Purine/Pyrimidine,Unsolved
37602006,rs4739526,GA,AA,GG,73,85,0,NC_000008.11,Mutation NB - Maternal Origin,Transition - Purine/Purine,A>G
37646284,.,AA,AA,AG,91,82,49,NC_000008.11,Mutation NB - Maternal Origin,Transition - Purine/Purine,Unsolved
40512562,rs1896962,AA,GA,GG,91,67,0,NC_000008.11,Mutation NB - Paternal Origin,Transition - Purine/Purine,A>G
41128951,rs115391468,AA,AA,AG,100,55,99,NC_000008.11,Mutation NB - Maternal Origin,Transition - Purine/Purine,Unsolved
42600138,rs2923412,AA,GG,GG,85,91,0,NC_000008.11,Mutation NB - Paternal Origin,Transition - Purine/Purine,A>G
42600165,rs2923413,GG,AA,AA,85,85,0,NC_000008.11,Mutation NB - Paternal Origin,Transition - Purine/Purine,G>A
46175672,.,AA,AA,AG,70,67,57,NC_000008.11,Mutation NB - Maternal Origin,Transition - Purine/Purine,Unsolved
46446925,rs13252675,CT,TT,CC,33,88,15,NC_000008.11,Mutation NB - Maternal Origin,Transition - Pyrimidine/Pyrimidine,T>C
46764371,rs13252367,GG,AA,GG,88,88,0,NC_000008.11,Mutation NB - Maternal Origin,Transition - Purine/Purine,A>G
48271147,rs4286973,TT,TT,CT,91,85,30,NC_000008.11,Mutation NB - Maternal Origin,Transition - Pyrimidine/Pyrimidine,Unsolved
48288247,rs1585533486,TT,TT,TG,85,76,45,NC_000008.11,Mutation NB - Maternal Origin,Transition - Pyrimidine/Pyrimidine,Transversion - Purine/Pyrimidine,Unsolved
48339391,.,TT,TT,TC,100,73,68,NC_000008.11,Mutation NB - Maternal Origin,Transition - Pyrimidine/Pyrimidine,Unsolved
48675949,rs6983178,TT,TT,TA,88,88,68,NC_000008.11,Mutation NB - Paternal or Maternal,Transition - Pyrimidine/Pyrimidine,Transversion - Purine/Pyrimidine,Unsolved
51292644,rs28806591,TG,TT,GG,1,88,9,NC_000008.11,Mutation NB - Maternal Origin,Transversion - Purine/Pyrimidine,T>G
52101161,rs62500968,GG,GA,AA,73,1,12,NC_000008.11,Mutation NB - Paternal Origin,Transition - Purine/Purine,G>A
53294730,rs28674519,GA,GG,AA,38,70,15,NC_000008.11,Mutation NB - Maternal Origin,Transition - Purine/Purine,G>A
55477205,rs527866007,AA,AA,GG,100,82,12,NC_000008.11,Mutation NB - Maternal Origin,Transition - Purine/Purine,Unsolved
55731337,rs7814764,AA,AA,GA,88,76,99,NC_000008.11,Mutation NB - Maternal Origin,Transition - Purine/Purine,Unsolved
56142775,.,TT,TT,TC,56,55,71,NC_000008.11,Mutation NB - Maternal Origin,Transition - Pyrimidine/Pyrimidine,Unsolved
62231367,.,AA,AA,AG,91,58,63,NC_000008.11,Mutation NB - Maternal Origin,Transition - Purine/Purine,Unsolved
65274443,rs964856,AA,AA,CC,85,91,0,NC_000008.11,Mutation NB - Paternal Origin,Transversion - Purine/Pyrimidine,Unsolved
66961494,.,AA,AA,AC,76,73,44,NC_000008.11,Mutation NB - Maternal Origin,Transversion - Purine/Pyrimidine,Unsolved
67631820,rs1443250695,AA,AA,AG,61,70,59,NC_000008.11,Mutation NB - Paternal Origin,Transition - Purine/Purine,Unsolved
69129708,rs2433331,TT,TT,TC,73,100,99,NC_000008.11,Mutation NB - Paternal Origin,Transition - Pyrimidine/Pyrimidine,Unsolved
69907249,rs117536710,AA,AA,AC,76,82,98,NC_000008.11,Mutation NB - Paternal Origin,Transversion - Purine/Pyrimidine,Unsolved
70385277,rs16936971,AA,AA,AG,88,100,62,NC_000008.11,Mutation NB - Paternal Origin,Transition - Purine/Purine,Unsolved
77701503,.,CC,CC,CG,55,61,41,NC_000008.11,Mutation NB - Paternal Origin,Transversion - Purine/Pyrimidine,Unsolved
77879848,rs958934770,AA,GG,GG,91,82,33,NC_000008.11,Mutation NB - Paternal Origin,Transition - Purine/Purine,A>G
78484233,.,TT,TT,TC,88,82,56,NC_000008.11,Mutation NB - Maternal Origin,Transition - Pyrimidine/Pyrimidine,Unsolved
79149321,.,TT,TT,TC,91,88,53,NC_000008.11,Mutation NB - Maternal Origin,Transition - Pyrimidine/Pyrimidine,Unsolved
80301171,rs58989894,TT,TT,TC,79,79,99,NC_000008.11,Mutation NB - Paternal or Maternal,Transition - Pyrimidine/Pyrimidine,Unsolved
81522224,.,TT,TT,TC,85,88,65,NC_000008.11,Mutation NB - Paternal Origin,Transition - Pyrimidine/Pyrimidine,Unsolved
87794075,rs10955410,CA,CC,AA,1,100,9,NC_000008.11,Mutation NB - Maternal Origin,Transversion - Purine/Pyrimidine,C>A
95367258,rs7815717,TT,CC,CC,91,88,0,NC_000008.11,Mutation NB - Paternal Origin,Transition - Pyrimidine/Pyrimidine,T>C
95510077,rs60466826,GG,GG,GT,85,100,93,NC_000008.11,Mutation NB - Paternal Origin,Transversion - Purine/Pyrimidine,Unsolved
100658425,rs1786349,CC,CC,CT,91,82,99,NC_000008.11,Mutation NB - Maternal Origin,Transition - Pyrimidine/Pyrimidine,Unsolved
100658638,rs1693590,CC,CC,CT,100,82,27,NC_000008.11,Mutation NB - Maternal Origin,Transition - Pyrimidine/Pyrimidine,Unsolved
103288388,rs114759653,GG,GG,GA,100,76,71,NC_000008.11,Mutation NB - Maternal Origin,Transition - Purine/Purine,Unsolved
105457570,.,GG,GG,GA,58,55,99,NC_000008.11,Mutation NB - Maternal Origin,Transition - Purine/Purine,Unsolved
106737613,.,GG,GG,GA,88,85,39,NC_000008.11,Mutation NB - Maternal Origin,Transition - Purine/Purine,Unsolved
107122519,rs4394365,GG,GG,AA,67,100,12,NC_000008.11,Mutation NB - Paternal Origin,Transition - Purine/Purine,Unsolved
116441679,.,AA,AA,AG,73,43,41,NC_000008.11,Mutation NB - Maternal Origin,Transition - Purine/Purine,Unsolved
123705303,rs17342215,GG,GG,GC,100,64,99,NC_000008.11,Mutation NB - Maternal Origin,Transition - Purine/Purine,Transversion - Purine/Pyrimidine,Unsolved
125595794,rs1382069884,AA,AA,AG,67,64,59,NC_000008.11,Mutation NB - Maternal Origin,Transition - Purine/Purine,Unsolved
125796991,.,GG,GG,GA,46,71,41,NC_000008.11,Mutation NB - Paternal Origin,Transition - Purine/Purine,Unsolved
134272099,rs7817297,AA,TT,AA,79,82,0,NC_000008.11,Mutation NB - Maternal Origin,Transversion - Purine/Pyrimidine,T>A
135453741,rs1531065,TT,CC,CC,82,70,21,NC_000008.11,Mutation NB - Paternal Origin,Transition - Pyrimidine/Pyrimidine,T>C
138084528,rs7388338,GG,GG,GC,82,100,26,NC_000008.11,Mutation NB - Paternal Origin,Transition - Purine/Purine,Transversion - Purine/Pyrimidine,Unsolved
138093215,rs7832486,AA,CC,AA,82,85,0,NC_000008.11,Mutation NB - Maternal Origin,Transversion - Purine/Pyrimidine,C>A
138093258,rs57900624,AA,GG,AA,82,85,0,NC_000008.11,Mutation NB - Maternal Origin,Transition - Purine/Purine,G>A
138216399,rs7001598,GG,AA,GG,82,100,27,NC_000008.11,Mutation NB - Maternal Origin,Transition - Purine/Purine,A>G
138216413,rs7005611,GG,TT,GG,82,100,27,NC_000008.11,Mutation NB - Maternal Origin,Transition - Purine/Purine,Transversion - Purine/Pyrimidine,T>G
139551000,rs2542465,TT,CC,CC,67,37,18,NC_000008.11,Mutation NB - Paternal Origin,Transition - Pyrimidine/Pyrimidine,T>C
140097878,rs3802217,AA,AG,GG,100,1,60,NC_000008.11,Mutation NB - Paternal Origin,Transition - Purine/Purine,A>G
140098832,rs114145595,GG,GG,GT,79,58,40,NC_000008.11,Mutation NB - Maternal Origin,Transversion - Purine/Pyrimidine,Unsolved
141029793,rs7001816,AA,GG,GG,67,73,0,NC_000008.11,Mutation NB - Paternal Origin,Transition - Purine/Purine,A>G
141855299,rs1820400118,GG,GG,GA,88,91,59,NC_000008.11,Mutation NB - Paternal Origin,Transition - Purine/Purine,Unsolved
142197784,rs6583600,TT,GT,GG,49,29,0,NC_000008.11,Mutation NB - Paternal Origin,Transversion - Purine/Pyrimidine,T>G
142384176,rs142402414,GG,GA,AA,76,44,12,NC_000008.11,Mutation NB - Paternal Origin,Transition - Purine/Purine,G>A
142576047,rs7459959,GG,AA,GG,94,88,27,NC_000008.11,Mutation NB - Maternal Origin,Transition - Purine/Purine,A>G
143263803,rs3750214,AG,AA,GG,1,100,24,NC_000008.11,Mutation NB - Maternal Origin,Transition - Purine/Purine,A>G
143367538,rs4874104,AA,GG,AA,73,100,21,NC_000008.11,Mutation NB - Maternal Origin,Transition - Purine/Purine,G>A
143984818,rs11136343,AG,AA,GG,67,100,9,NC_000008.11,Mutation NB - Maternal Origin,Transition - Purine/Purine,A>G
144500076,.,CC,CC,CA,67,77,52,NC_000008.11,Mutation NB - Paternal Origin,Transversion - Purine/Pyrimidine,Unsolved
420939,.,TT,TT,TC,64,76,41,NC_000009.12,Mutation NB - Paternal Origin,Transition - Pyrimidine/Pyrimidine,Unsolved
900748,rs1885772,GG,AG,AA,91,67,12,NC_000009.12,Mutation NB - Paternal Origin,Transition - Purine/Purine,G>A
3312578,rs3012701,TT,AA,AA,88,82,18,NC_000009.12,Mutation NB - Paternal Origin,Transversion - Purine/Pyrimidine,T>A
3413698,.,TT,TT,TC,88,70,44,NC_000009.12,Mutation NB - Maternal Origin,Transition - Pyrimidine/Pyrimidine,Unsolved
4449639,rs1831437,TT,CC,TT,91,91,0,NC_000009.12,Mutation NB - Maternal Origin,Transition - Pyrimidine/Pyrimidine,C>T
5502190,rs2149929,TT,CC,CC,100,91,30,NC_000009.12,Mutation NB - Paternal Origin,Transition - Pyrimidine/Pyrimidine,T>C
8036783,rs2381693,GA,GG,AA,1,100,27,NC_000009.12,Mutation NB - Maternal Origin,Transition - Purine/Purine,G>A
8036798,.,TT,TT,TC,46,79,56,NC_000009.12,Mutation NB - Paternal Origin,Transition - Pyrimidine/Pyrimidine,Unsolved
8365047,rs1500320,AA,GG,GG,91,76,15,NC_000009.12,Mutation NB - Paternal Origin,Transition - Purine/Purine,A>G
9969023,rs4742645,CC,GG,CC,91,91,9,NC_000009.12,Mutation NB - Maternal Origin,Transversion - Purine/Pyrimidine,G>C
11241096,rs10809397,GG,AA,AA,88,91,18,NC_000009.12,Mutation NB - Paternal Origin,Transition - Purine/Purine,G>A
18967838,rs192649769,TT,CC,TT,85,88,30,NC_000009.12,Mutation NB - Maternal Origin,Transition - Pyrimidine/Pyrimidine,C>T
19230274,rs10757035,CC,GG,GG,88,76,48,NC_000009.12,Mutation NB - Paternal Origin,Transversion - Purine/Pyrimidine,C>G
21708884,rs10811590,AA,TA,TT,91,1,12,NC_000009.12,Mutation NB - Paternal Origin,Transversion - Purine/Pyrimidine,A>T
22259019,.,AA,AA,AG,76,67,61,NC_000009.12,Mutation NB - Maternal Origin,Transition - Purine/Purine,Unsolved
26735499,rs1821046738,TT,TT,TC,73,58,53,NC_000009.12,Mutation NB - Maternal Origin,Transition - Pyrimidine/Pyrimidine,Unsolved
28365518,rs7851678,TT,AA,TT,70,100,12,NC_000009.12,Mutation NB - Maternal Origin,Transversion - Purine/Pyrimidine,A>T
30550793,rs12552160,TT,AA,TT,76,67,0,NC_000009.12,Mutation NB - Maternal Origin,Transversion - Purine/Pyrimidine,A>T
34071724,.,GG,GG,GT,82,79,46,NC_000009.12,Mutation NB - Maternal Origin,Transversion - Purine/Pyrimidine,Unsolved
34691439,rs1374555132,TT,TT,TC,76,55,44,NC_000009.12,Mutation NB - Maternal Origin,Transition - Pyrimidine/Pyrimidine,Unsolved
34903678,rs12001305,AA,AA,AG,100,82,99,NC_000009.12,Mutation NB - Maternal Origin,Transition - Purine/Purine,Unsolved
36982748,rs3018183,GG,GG,CG,70,85,87,NC_000009.12,Mutation NB - Paternal Origin,Transition - Purine/Purine,Transversion - Purine/Pyrimidine,Unsolved
38565287,rs374497669,TT,TT,TA,100,88,90,NC_000009.12,Mutation NB - Maternal Origin,Transition - Pyrimidine/Pyrimidine,Transversion - Purine/Pyrimidine,Unsolved
69496594,.,CC,CC,CT,46,58,39,NC_000009.12,Mutation NB - Paternal Origin,Transition - Pyrimidine/Pyrimidine,Unsolved
70536999,.,TT,TT,TC,58,73,53,NC_000009.12,Mutation NB - Paternal Origin,Transition - Pyrimidine/Pyrimidine,Unsolved
74960602,rs10869461,AA,AA,GG,88,85,0,NC_000009.12,Mutation NB - Maternal Origin,Transition - Purine/Purine,Unsolved
79842483,rs7035737,AG,GG,AA,1,67,0,NC_000009.12,Mutation NB - Maternal Origin,Transition - Purine/Purine,G>A
79868872,.,AA,AA,AG,76,67,41,NC_000009.12,Mutation NB - Maternal Origin,Transition - Purine/Purine,Unsolved
86083905,rs1928228,GG,GG,GT,88,79,15,NC_000009.12,Mutation NB - Maternal Origin,Transversion - Purine/Pyrimidine,Unsolved
86083907,rs1928229,TT,TT,TC,88,79,15,NC_000009.12,Mutation NB - Maternal Origin,Transition - Pyrimidine/Pyrimidine,Unsolved
86376425,rs11141357,TT,TT,CC,88,76,9,NC_000009.12,Mutation NB - Maternal Origin,Transition - Pyrimidine/Pyrimidine,Unsolved
86376454,rs11141358,AA,AA,CC,88,76,9,NC_000009.12,Mutation NB - Maternal Origin,Transversion - Purine/Pyrimidine,Unsolved
87973899,rs570184,CC,GG,GG,100,91,9,NC_000009.12,Mutation NB - Paternal Origin,Transversion - Purine/Pyrimidine,C>G
90307481,rs975938163,GG,GG,GA,61,70,62,NC_000009.12,Mutation NB - Paternal Origin,Transition - Purine/Purine,Unsolved
90900359,rs10993751,AA,AA,AG,100,55,77,NC_000009.12,Mutation NB - Maternal Origin,Transition - Purine/Purine,Unsolved
93270147,rs2298245,TT,CC,CC,88,82,0,NC_000009.12,Mutation NB - Paternal Origin,Transition - Pyrimidine/Pyrimidine,T>C
94156900,rs10114341,CC,TT,TT,76,88,3,NC_000009.12,Mutation NB - Paternal Origin,Transition - Pyrimidine/Pyrimidine,C>T
94479848,rs73653470,AA,AA,AG,91,64,99,NC_000009.12,Mutation NB - Maternal Origin,Transition - Purine/Purine,Unsolved
95303076,rs1886992,CC,TT,TT,82,79,33,NC_000009.12,Mutation NB - Paternal Origin,Transition - Pyrimidine/Pyrimidine,C>T
100003837,rs10760711,GG,CC,GG,88,88,12,NC_000009.12,Mutation NB - Maternal Origin,Transversion - Purine/Pyrimidine,C>G
104298781,rs34315347,GG,GA,AA,100,1,24,NC_000009.12,Mutation NB - Paternal Origin,Transition - Purine/Purine,G>A
104903230,rs2777793,CC,TT,CC,85,79,0,NC_000009.12,Mutation NB - Maternal Origin,Transition - Pyrimidine/Pyrimidine,T>C
107667507,rs10978984,GG,GT,TT,100,1,27,NC_000009.12,Mutation NB - Paternal Origin,Transversion - Purine/Pyrimidine,G>T
109257314,rs10979775,CC,CC,CT,79,100,65,NC_000009.12,Mutation NB - Paternal Origin,Transition - Pyrimidine/Pyrimidine,Unsolved
110921188,.,GG,GG,GT,91,58,72,NC_000009.12,Mutation NB - Maternal Origin,Transversion - Purine/Pyrimidine,Unsolved
111958258,rs10739329,GG,AA,AA,88,91,12,NC_000009.12,Mutation NB - Paternal Origin,Transition - Purine/Purine,G>A
112167151,rs10739334,TT,CC,CC,85,67,33,NC_000009.12,Mutation NB - Paternal Origin,Transition - Pyrimidine/Pyrimidine,T>C
112879921,rs56011620,GG,AA,AA,88,91,9,NC_000009.12,Mutation NB - Paternal Origin,Transition - Purine/Purine,G>A
113616439,rs512779,TT,CC,TT,82,76,24,NC_000009.12,Mutation NB - Maternal Origin,Transition - Pyrimidine/Pyrimidine,C>T
121298144,rs7870797,AA,GG,GG,82,85,21,NC_000009.12,Mutation NB - Paternal Origin,Transition - Purine/Purine,A>G
121582038,rs883094,TT,CC,TT,70,91,24,NC_000009.12,Mutation NB - Maternal Origin,Transition - Pyrimidine/Pyrimidine,C>T
122525663,rs76048606,CC,CC,CT,100,70,72,NC_000009.12,Mutation NB - Maternal Origin,Transition - Pyrimidine/Pyrimidine,Unsolved
124280816,rs1423823947,AA,AA,AG,70,73,50,NC_000009.12,Mutation NB - Paternal Origin,Transition - Purine/Purine,Unsolved
126336774,.,AA,AA,AG,88,85,60,NC_000009.12,Mutation NB - Maternal Origin,Transition - Purine/Purine,Unsolved
126668291,rs7847075,CC,CC,CT,85,100,95,NC_000009.12,Mutation NB - Paternal Origin,Transition - Pyrimidine/Pyrimidine,Unsolved
127551920,.,TT,TT,TC,16,49,56,NC_000009.12,Mutation NB - Paternal Origin,Transition - Pyrimidine/Pyrimidine,Unsolved
127689612,rs7018756,AA,AA,AC,70,85,99,NC_000009.12,Mutation NB - Paternal Origin,Transversion - Purine/Pyrimidine,Unsolved
127689613,rs7019046,GG,GG,GC,70,88,99,NC_000009.12,Mutation NB - Paternal Origin,Transition - Purine/Purine,Transversion - Purine/Pyrimidine,Unsolved
128700374,.,AA,AA,AG,67,73,47,NC_000009.12,Mutation NB - Paternal Origin,Transition - Purine/Purine,Unsolved
128712902,.,TT,TT,TC,73,67,44,NC_000009.12,Mutation NB - Maternal Origin,Transition - Pyrimidine/Pyrimidine,Unsolved
129447027,.,AA,AA,AG,91,52,53,NC_000009.12,Mutation NB - Maternal Origin,Transition - Purine/Purine,Unsolved
129941496,rs75535554,CC,TT,TT,91,88,9,NC_000009.12,Mutation NB - Paternal Origin,Transition - Pyrimidine/Pyrimidine,C>T
130333292,rs74206748,GG,GA,AA,88,1,15,NC_000009.12,Mutation NB - Paternal Origin,Transition - Purine/Purine,G>A
130985140,rs6597659,TT,CC,TT,61,79,9,NC_000009.12,Mutation NB - Maternal Origin,Transition - Pyrimidine/Pyrimidine,C>T
131669131,rs7049011,TT,TT,TC,76,100,68,NC_000009.12,Mutation NB - Paternal Origin,Transition - Pyrimidine/Pyrimidine,Unsolved
133081253,rs28758507,AA,GG,AA,61,85,0,NC_000009.12,Mutation NB - Maternal Origin,Transition - Purine/Purine,G>A
133544732,rs9330463,TT,CT,CC,73,2,9,NC_000009.12,Mutation NB - Paternal Origin,Transition - Pyrimidine/Pyrimidine,T>C
133695511,rs56355444,CC,TT,CC,100,91,15,NC_000009.12,Mutation NB - Maternal Origin,Transition - Pyrimidine/Pyrimidine,T>C
134072482,rs2506711,TT,TT,TC,100,100,63,NC_000009.12,Mutation NB - Paternal or Maternal,Transition - Pyrimidine/Pyrimidine,Unsolved
134544609,rs73569946,CC,CC,CT,100,88,99,NC_000009.12,Mutation NB - Maternal Origin,Transition - Pyrimidine/Pyrimidine,Unsolved
134545678,rs7021374,TC,TT,CC,2,100,27,NC_000009.12,Mutation NB - Maternal Origin,Transition - Pyrimidine/Pyrimidine,T>C
134558617,.,TT,TT,TC,82,49,42,NC_000009.12,Mutation NB - Maternal Origin,Transition - Pyrimidine/Pyrimidine,Unsolved
134737207,.,TT,TT,TC,73,85,62,NC_000009.12,Mutation NB - Paternal Origin,Transition - Pyrimidine/Pyrimidine,Unsolved
134828212,rs7040467,AA,AA,CA,61,64,99,NC_000009.12,Mutation NB - Paternal Origin,Transversion - Purine/Pyrimidine,Unsolved
134828234,rs60009467,GG,GG,GA,55,64,99,NC_000009.12,Mutation NB - Paternal Origin,Transition - Purine/Purine,Unsolved
135028044,rs7025251,GA,AA,GG,32,88,12,NC_000009.12,Mutation NB - Maternal Origin,Transition - Purine/Purine,A>G
135028063,rs7025267,GA,AA,GG,32,88,12,NC_000009.12,Mutation NB - Maternal Origin,Transition - Purine/Purine,A>G
135257471,rs7858399,CT,TT,CC,1,64,0,NC_000009.12,Mutation NB - Maternal Origin,Transition - Pyrimidine/Pyrimidine,T>C
136350559,.,TT,TT,TC,64,67,39,NC_000009.12,Mutation NB - Paternal Origin,Transition - Pyrimidine/Pyrimidine,Unsolved
136759203,rs9411227,AA,GG,GG,85,70,24,NC_000009.12,Mutation NB - Paternal Origin,Transition - Purine/Purine,A>G
137276376,rs71510804,CC,CC,CT,46,100,68,NC_000009.12,Mutation NB - Paternal Origin,Transition - Pyrimidine/Pyrimidine,Unsolved
137297180,rs564276807,GG,GG,TT,100,100,9,NC_000009.12,Mutation NB - Paternal or Maternal,Transversion - Purine/Pyrimidine,Unsolved
137976226,rs12683137,AA,AA,AC,73,100,84,NC_000009.12,Mutation NB - Paternal Origin,Transversion - Purine/Pyrimidine,Unsolved
138048357,.,AA,AA,AG,37,79,71,NC_000009.12,Mutation NB - Paternal Origin,Transition - Purine/Purine,Unsolved
533929,rs816640,AA,GG,AA,82,55,0,NC_000010.11,Mutation NB - Maternal Origin,Transition - Purine/Purine,G>A
1552139,rs7070465,TT,TC,CC,100,31,12,NC_000010.11,Mutation NB - Paternal Origin,Transition - Pyrimidine/Pyrimidine,T>C
2128490,rs145761078,CC,CC,CA,88,100,33,NC_000010.11,Mutation NB - Paternal Origin,Transversion - Purine/Pyrimidine,Unsolved
3214607,rs2814907,AA,CC,AA,85,100,12,NC_000010.11,Mutation NB - Maternal Origin,Transversion - Purine/Pyrimidine,C>A
3244623,rs2764986,AA,GG,GG,88,85,27,NC_000010.11,Mutation NB - Paternal Origin,Transition - Purine/Purine,A>G
5485730,.,TT,TT,TC,64,73,44,NC_000010.11,Mutation NB - Paternal Origin,Transition - Pyrimidine/Pyrimidine,Unsolved
5525951,rs4589188,GG,GG,GA,70,85,98,NC_000010.11,Mutation NB - Paternal Origin,Transition - Purine/Purine,Unsolved
5526004,rs1131482,GG,GG,GT,100,88,95,NC_000010.11,Mutation NB - Maternal Origin,Transversion - Purine/Pyrimidine,Unsolved
6687021,rs1832118098,AA,AA,AG,70,61,45,NC_000010.11,Mutation NB - Maternal Origin,Transition - Purine/Purine,Unsolved
7821054,.,AA,AA,AG,79,61,62,NC_000010.11,Mutation NB - Maternal Origin,Transition - Purine/Purine,Unsolved
8918380,rs290916,CT,CC,TT,1,79,15,NC_000010.11,Mutation NB - Maternal Origin,Transversion - Purine/Pyrimidine,C>T
9361155,rs1762767,TT,CC,TT,100,76,0,NC_000010.11,Mutation NB - Maternal Origin,Transition - Pyrimidine/Pyrimidine,C>T
10893497,rs117672161,GG,GG,GA,100,79,99,NC_000010.11,Mutation NB - Maternal Origin,Transition - Purine/Purine,Unsolved
10917580,rs111614706,AA,GG,AA,70,76,12,NC_000010.11,Mutation NB - Maternal Origin,Transition - Purine/Purine,G>A
11231789,rs7091391,TT,CC,TT,88,100,27,NC_000010.11,Mutation NB - Maternal Origin,Transition - Pyrimidine/Pyrimidine,C>T
11925663,rs11257432,TT,CC,CC,88,49,0,NC_000010.11,Mutation NB - Paternal Origin,Transition - Pyrimidine/Pyrimidine,T>C
11963256,rs2102319,AA,AA,AG,82,91,99,NC_000010.11,Mutation NB - Paternal Origin,Transition - Purine/Purine,Unsolved
13930482,rs10796144,TT,CC,CC,88,85,9,NC_000010.11,Mutation NB - Paternal Origin,Transition - Pyrimidine/Pyrimidine,T>C
16499702,rs11254030,GC,CC,GG,76,79,0,NC_000010.11,Mutation NB - Maternal Origin,Transversion - Purine/Pyrimidine,C>G
16750845,rs56077698,CC,CC,CA,76,76,99,NC_000010.11,Mutation NB - Paternal or Maternal,Transversion - Purine/Pyrimidine,Unsolved
19347850,rs76551926,CC,CC,CT,64,100,99,NC_000010.11,Mutation NB - Paternal Origin,Transition - Pyrimidine/Pyrimidine,Unsolved
19389520,rs78832888,GG,AA,AA,88,91,0,NC_000010.11,Mutation NB - Paternal Origin,Transition - Purine/Purine,G>A
20247425,.,AA,AA,AC,76,73,39,NC_000010.11,Mutation NB - Maternal Origin,Transversion - Purine/Pyrimidine,Unsolved
23304306,rs10828425,CC,CC,CT,67,88,99,NC_000010.11,Mutation NB - Paternal Origin,Transition - Pyrimidine/Pyrimidine,Unsolved
23317462,rs9888000,AA,AA,AG,58,100,92,NC_000010.11,Mutation NB - Paternal Origin,Transition - Purine/Purine,Unsolved
25901329,rs10828902,AG,GG,AA,64,91,18,NC_000010.11,Mutation NB - Maternal Origin,Transition - Purine/Purine,G>A
25901338,rs75403833,CT,TT,CC,64,91,18,NC_000010.11,Mutation NB - Maternal Origin,Transition - Pyrimidine/Pyrimidine,T>C
25913042,rs12570908,GG,CC,CC,88,91,27,NC_000010.11,Mutation NB - Paternal Origin,Transversion - Purine/Pyrimidine,G>C
29110664,.,AA,AA,AG,64,76,41,NC_000010.11,Mutation NB - Paternal Origin,Transition - Purine/Purine,Unsolved
29925774,rs1246758,CC,AA,AA,88,85,18,NC_000010.11,Mutation NB - Paternal Origin,Transversion - Purine/Pyrimidine,C>A
30001803,.,TT,TT,TG,64,64,41,NC_000010.11,Mutation NB - Paternal or Maternal,Transition - Pyrimidine/Pyrimidine,Transversion - Purine/Pyrimidine,Unsolved
30482514,rs302422,AA,CC,CC,100,82,12,NC_000010.11,Mutation NB - Paternal Origin,Transversion - Purine/Pyrimidine,A>C
30727292,rs10826858,CC,GG,GG,85,82,9,NC_000010.11,Mutation NB - Paternal Origin,Transversion - Purine/Pyrimidine,C>G
30752292,rs11812218,GG,GG,GA,85,100,99,NC_000010.11,Mutation NB - Paternal Origin,Transition - Purine/Purine,Unsolved
33150304,rs10508780,GG,GG,GA,100,70,99,NC_000010.11,Mutation NB - Maternal Origin,Transition - Purine/Purine,Unsolved
33480658,rs1889949,CC,GC,GG,76,12,0,NC_000010.11,Mutation NB - Paternal Origin,Transversion - Purine/Pyrimidine,C>G
36749388,rs983282393,TT,CC,TT,100,88,0,NC_000010.11,Mutation NB - Maternal Origin,Transition - Pyrimidine/Pyrimidine,C>T
37703090,rs1814077,GG,GG,GC,100,100,99,NC_000010.11,Mutation NB - Paternal or Maternal,Transition - Purine/Purine,Transversion - Purine/Pyrimidine,Unsolved
42879095,rs3123752,CC,CC,CT,76,100,27,NC_000010.11,Mutation NB - Paternal Origin,Transition - Pyrimidine/Pyrimidine,Unsolved
43836355,rs4429020,AA,AA,AG,91,100,30,NC_000010.11,Mutation NB - Paternal Origin,Transition - Purine/Purine,Unsolved
43836670,.,AA,AA,AG,91,85,56,NC_000010.11,Mutation NB - Maternal Origin,Transition - Purine/Purine,Unsolved
44561794,.,TT,TT,TC,76,70,47,NC_000010.11,Mutation NB - Maternal Origin,Transition - Pyrimidine/Pyrimidine,Unsolved
44581651,rs749000,GG,CC,GG,88,82,0,NC_000010.11,Mutation NB - Maternal Origin,Transversion - Purine/Pyrimidine,C>G
44586244,rs17487074,CC,AA,CC,40,88,24,NC_000010.11,Mutation NB - Maternal Origin,Transversion - Purine/Pyrimidine,A>C
49104277,rs12246766,TT,AA,AA,79,88,0,NC_000010.11,Mutation NB - Paternal Origin,Transversion - Purine/Pyrimidine,T>A
49284339,rs4838489,AA,GG,GG,100,91,30,NC_000010.11,Mutation NB - Paternal Origin,Transition - Purine/Purine,A>G
51668231,rs774402665,CC,CA,AA,85,1,12,NC_000010.11,Mutation NB - Paternal Origin,Transversion - Purine/Pyrimidine,C>A
54626724,rs4935528,TT,TT,AT,79,64,99,NC_000010.11,Mutation NB - Maternal Origin,Transition - Pyrimidine/Pyrimidine,Transversion - Purine/Pyrimidine,Unsolved
56076789,rs60857714,TT,TG,GG,70,39,9,NC_000010.11,Mutation NB - Paternal Origin,Transversion - Purine/Pyrimidine,T>G
56155517,rs7923353,AA,CC,CC,88,41,39,NC_000010.11,Mutation NB - Paternal Origin,Transversion - Purine/Pyrimidine,A>C
58404800,rs11006137,GG,GA,AA,88,79,15,NC_000010.11,Mutation NB - Paternal Origin,Transition - Purine/Purine,G>A
62017438,rs1391759942,CC,CC,CT,73,73,39,NC_000010.11,Mutation NB - Paternal or Maternal,Transition - Pyrimidine/Pyrimidine,Unsolved
63857202,rs7921730,AA,AG,GG,70,1,12,NC_000010.11,Mutation NB - Paternal Origin,Transition - Purine/Purine,A>G
68285970,rs4633337,TT,GG,TT,91,88,12,NC_000010.11,Mutation NB - Maternal Origin,Transversion - Purine/Pyrimidine,G>T
69660554,rs2812501,GG,GG,AG,88,85,30,NC_000010.11,Mutation NB - Maternal Origin,Transition - Purine/Purine,Unsolved
69893340,.,AA,AA,AG,70,88,64,NC_000010.11,Mutation NB - Paternal Origin,Transition - Purine/Purine,Unsolved
69916317,.,TT,TT,TC,88,61,41,NC_000010.11,Mutation NB - Maternal Origin,Transition - Pyrimidine/Pyrimidine,Unsolved
70623113,rs142239370,AA,AA,AC,100,76,71,NC_000010.11,Mutation NB - Maternal Origin,Transversion - Purine/Pyrimidine,Unsolved
71339095,rs79520852,GG,AA,GG,79,73,0,NC_000010.11,Mutation NB - Maternal Origin,Transition - Purine/Purine,A>G
78553037,rs150930286,AA,AA,AG,91,100,99,NC_000010.11,Mutation NB - Paternal Origin,Transition - Purine/Purine,Unsolved
79060674,rs11002803,TT,CC,CC,79,70,0,NC_000010.11,Mutation NB - Paternal Origin,Transition - Pyrimidine/Pyrimidine,T>C
79608856,rs1863887,AA,GG,GG,100,88,15,NC_000010.11,Mutation NB - Paternal Origin,Transition - Purine/Purine,A>G
80676004,rs56364447,GG,GG,GA,91,100,65,NC_000010.11,Mutation NB - Paternal Origin,Transition - Purine/Purine,Unsolved
85000019,rs1538432,TA,TT,AA,29,91,9,NC_000010.11,Mutation NB - Maternal Origin,Transversion - Purine/Pyrimidine,T>A
85124927,rs7075358,GG,GG,AG,85,67,99,NC_000010.11,Mutation NB - Maternal Origin,Transition - Purine/Purine,Unsolved
86077438,.,TT,TT,TC,79,85,61,NC_000010.11,Mutation NB - Paternal Origin,Transition - Pyrimidine/Pyrimidine,Unsolved
92876610,rs1409387,AA,GG,GG,64,67,0,NC_000010.11,Mutation NB - Paternal Origin,Transition - Purine/Purine,A>G
93024672,.,CC,CC,CT,82,79,68,NC_000010.11,Mutation NB - Maternal Origin,Transition - Pyrimidine/Pyrimidine,Unsolved
96475360,rs9663989,CC,AC,AA,79,35,0,NC_000010.11,Mutation NB - Paternal Origin,Transversion - Purine/Pyrimidine,C>A
96615243,rs10736114,CC,CC,AC,91,88,12,NC_000010.11,Mutation NB - Maternal Origin,Transversion - Purine/Pyrimidine,Unsolved
98124671,rs4281426,CC,CC,CA,58,100,65,NC_000010.11,Mutation NB - Paternal Origin,Transversion - Purine/Pyrimidine,Unsolved
100497158,rs754002522,CC,CC,CT,85,88,50,NC_000010.11,Mutation NB - Paternal Origin,Transition - Pyrimidine/Pyrimidine,Unsolved
101156197,rs4919531,AA,AA,AT,100,79,65,NC_000010.11,Mutation NB - Maternal Origin,Transversion - Purine/Pyrimidine,Unsolved
102506998,.,GG,GG,GA,91,91,62,NC_000010.11,Mutation NB - Paternal or Maternal,Transition - Purine/Purine,Unsolved
102959621,rs10786729,AA,GG,GG,91,64,18,NC_000010.11,Mutation NB - Paternal Origin,Transition - Purine/Purine,A>G
104249236,rs1992773,CC,CC,CG,76,91,99,NC_000010.11,Mutation NB - Paternal Origin,Transversion - Purine/Pyrimidine,Unsolved
105293633,.,TT,TT,TA,55,58,42,NC_000010.11,Mutation NB - Paternal Origin,Transition - Pyrimidine/Pyrimidine,Transversion - Purine/Pyrimidine,Unsolved
106780644,rs1018612388,TT,TT,TC,85,58,48,NC_000010.11,Mutation NB - Maternal Origin,Transition - Pyrimidine/Pyrimidine,Unsolved
109708818,rs10787206,TT,TT,TC,88,70,99,NC_000010.11,Mutation NB - Maternal Origin,Transition - Pyrimidine/Pyrimidine,Unsolved
109708857,rs10884877,CC,CC,CT,88,73,99,NC_000010.11,Mutation NB - Maternal Origin,Transition - Pyrimidine/Pyrimidine,Unsolved
111115439,.,TT,TT,TC,49,70,50,NC_000010.11,Mutation NB - Paternal Origin,Transition - Pyrimidine/Pyrimidine,Unsolved
113017483,.,AA,AA,AG,73,40,53,NC_000010.11,Mutation NB - Maternal Origin,Transition - Purine/Purine,Unsolved
113273492,rs979572239,GA,GG,AA,67,91,9,NC_000010.11,Mutation NB - Maternal Origin,Transition - Purine/Purine,G>A
113530515,rs74159424,GG,GG,AA,91,88,9,NC_000010.11,Mutation NB - Maternal Origin,Transition - Purine/Purine,Unsolved
114337550,rs7894646,TA,AA,TT,76,58,0,NC_000010.11,Mutation NB - Maternal Origin,Transversion - Purine/Pyrimidine,A>T
115679524,rs2804147,GG,AA,AA,82,82,0,NC_000010.11,Mutation NB - Paternal Origin,Transition - Purine/Purine,G>A
117215774,rs363316,AA,AA,AG,70,100,99,NC_000010.11,Mutation NB - Paternal Origin,Transition - Purine/Purine,Unsolved
117470281,.,TT,TT,TC,73,76,40,NC_000010.11,Mutation NB - Paternal Origin,Transition - Pyrimidine/Pyrimidine,Unsolved
118652414,rs1247144,AC,AA,CC,35,88,18,NC_000010.11,Mutation NB - Maternal Origin,A>C
119448338,.,AA,AA,AG,88,91,65,NC_000010.11,Mutation NB - Paternal Origin,Transition - Purine/Purine,Unsolved
119673041,rs196329,AA,AG,GG,100,3,42,NC_000010.11,Mutation NB - Paternal Origin,Transition - Purine/Purine,A>G
119757921,rs186943979,GG,GG,GC,100,76,99,NC_000010.11,Mutation NB - Maternal Origin,Transition - Purine/Purine,Transversion - Purine/Pyrimidine,Unsolved
120588495,.,AA,AA,AG,88,61,53,NC_000010.11,Mutation NB - Maternal Origin,Transition - Purine/Purine,Unsolved
120737537,rs12768108,GG,AA,AA,88,91,27,NC_000010.11,Mutation NB - Paternal Origin,Transition - Purine/Purine,G>A
120737582,rs12768806,AA,GG,GG,88,88,27,NC_000010.11,Mutation NB - Paternal Origin,Transition - Purine/Purine,A>G
123529330,rs2486033,GG,GG,AG,91,73,99,NC_000010.11,Mutation NB - Maternal Origin,Transition - Purine/Purine,Unsolved
125872999,rs10794029,GG,AG,AA,37,1,0,NC_000010.11,Mutation NB - Paternal Origin,Transition - Purine/Purine,G>A
125991303,.,AA,AA,AG,58,73,41,NC_000010.11,Mutation NB - Paternal Origin,Transition - Purine/Purine,Unsolved
127857121,rs57828241,AA,AA,AT,100,91,72,NC_000010.11,Mutation NB - Maternal Origin,Transversion - Purine/Pyrimidine,Unsolved
128053469,rs1026962185,TT,TT,TC,58,88,62,NC_000010.11,Mutation NB - Paternal Origin,Transition - Pyrimidine/Pyrimidine,Unsolved
128081003,rs7912319,TT,CC,CC,85,88,27,NC_000010.11,Mutation NB - Paternal Origin,Transition - Pyrimidine/Pyrimidine,T>C
128278415,rs733446,AA,AT,TT,100,73,30,NC_000010.11,Mutation NB - Paternal Origin,Transversion - Purine/Pyrimidine,A>T
128435544,rs10764775,CC,CC,TT,91,79,12,NC_000010.11,Mutation NB - Maternal Origin,Transition - Pyrimidine/Pyrimidine,Unsolved
129801048,rs11016944,CG,CC,GG,1,100,42,NC_000010.11,Mutation NB - Maternal Origin,Transversion - Purine/Pyrimidine,C>G
130772465,rs1176408,CC,CC,CT,91,100,99,NC_000010.11,Mutation NB - Paternal Origin,Transition - Pyrimidine/Pyrimidine,Unsolved
130937078,rs74163232,CC,CT,TT,100,1,39,NC_000010.11,Mutation NB - Paternal Origin,Transition - Pyrimidine/Pyrimidine,C>T
130970207,rs7896408,GG,GA,AA,91,67,18,NC_000010.11,Mutation NB - Paternal Origin,Transition - Purine/Purine,G>A
131033973,rs557762254,TT,TT,TC,79,67,42,NC_000010.11,Mutation NB - Maternal Origin,Transition - Pyrimidine/Pyrimidine,Unsolved
131391908,rs7079127,CC,AC,AA,91,35,0,NC_000010.11,Mutation NB - Paternal Origin,Transversion - Purine/Pyrimidine,C>A
131425097,.,GG,GG,GA,79,76,51,NC_000010.11,Mutation NB - Maternal Origin,Transition - Purine/Purine,Unsolved
131519607,rs10765078,AA,GG,AA,82,100,18,NC_000010.11,Mutation NB - Maternal Origin,Transition - Purine/Purine,G>A
131754449,rs7072797,CC,TT,CC,79,82,9,NC_000010.11,Mutation NB - Maternal Origin,Transition - Pyrimidine/Pyrimidine,T>C
132163202,rs12776458,GG,TT,GG,58,43,0,NC_000010.11,Mutation NB - Maternal Origin,Transition - Purine/Purine,Transversion - Purine/Pyrimidine,T>G
132328951,rs1312872336,TT,TT,TC,82,61,40,NC_000010.11,Mutation NB - Maternal Origin,Transition - Pyrimidine/Pyrimidine,Unsolved
132709769,rs34459585,AA,AA,GG,100,100,12,NC_000010.11,Mutation NB - Paternal or Maternal,Transition - Purine/Purine,Unsolved
133102489,rs7905581,GC,GG,CC,1,100,33,NC_000010.11,Mutation NB - Maternal Origin,Transversion - Purine/Pyrimidine,G>C
133459805,rs731946,CC,GG,GG,82,79,15,NC_000010.11,Mutation NB - Paternal Origin,Transversion - Purine/Pyrimidine,C>G
774982,rs7952095,CA,CC,AA,1,100,18,NC_000011.10,Mutation NB - Maternal Origin,Transversion - Purine/Pyrimidine,C>A
925076,rs116866348,CC,CC,CT,91,91,23,NC_000011.10,Mutation NB - Paternal or Maternal,Transition - Pyrimidine/Pyrimidine,Unsolved
1365160,rs6578289,GG,TT,TT,91,100,0,NC_000011.10,Mutation NB - Paternal Origin,Transversion - Purine/Pyrimidine,G>T
2217656,rs7122407,AA,GG,GG,85,79,15,NC_000011.10,Mutation NB - Paternal Origin,Transition - Purine/Purine,A>G
2320502,rs2651843,TC,TT,CC,67,100,9,NC_000011.10,Mutation NB - Maternal Origin,Transition - Pyrimidine/Pyrimidine,T>C
2744072,rs2237876,CC,CC,CT,88,91,33,NC_000011.10,Mutation NB - Paternal Origin,Transition - Pyrimidine/Pyrimidine,Unsolved
3089746,rs895563,GG,AG,AA,73,1,0,NC_000011.10,Mutation NB - Paternal Origin,Transition - Purine/Purine,G>A
4800242,rs6578532,CC,CC,TC,73,58,6,NC_000011.10,Mutation NB - Maternal Origin,Transition - Pyrimidine/Pyrimidine,Unsolved
5145378,rs115945326,AA,AA,AG,100,76,99,NC_000011.10,Mutation NB - Maternal Origin,Transition - Purine/Purine,Unsolved
8309069,rs897104,AG,AA,GG,32,100,12,NC_000011.10,Mutation NB - Maternal Origin,Transition - Purine/Purine,A>G
8592739,.,AA,AA,AG,85,61,56,NC_000011.10,Mutation NB - Maternal Origin,Transition - Purine/Purine,Unsolved
8714115,rs931756,AA,GA,GG,91,1,0,NC_000011.10,Mutation NB - Paternal Origin,Transition - Purine/Purine,A>G
9454372,.,CC,CC,CT,64,70,53,NC_000011.10,Mutation NB - Paternal Origin,Transition - Pyrimidine/Pyrimidine,Unsolved
10715746,rs28620710,CT,TT,CC,25,91,21,NC_000011.10,Mutation NB - Maternal Origin,Transition - Pyrimidine/Pyrimidine,T>C
10715755,rs28725289,CG,GG,CC,25,91,21,NC_000011.10,Mutation NB - Maternal Origin,Transversion - Purine/Pyrimidine,G>C
11426302,rs6484900,AA,AA,AT,100,91,62,NC_000011.10,Mutation NB - Maternal Origin,Transversion - Purine/Pyrimidine,Unsolved
11520837,rs4631872,CC,CC,CT,100,70,98,NC_000011.10,Mutation NB - Maternal Origin,Transition - Pyrimidine/Pyrimidine,Unsolved
11541951,.,GG,GG,GA,73,58,47,NC_000011.10,Mutation NB - Maternal Origin,Transition - Purine/Purine,Unsolved
12169940,rs12274943,CC,CC,CT,79,100,99,NC_000011.10,Mutation NB - Paternal Origin,Transition - Pyrimidine/Pyrimidine,Unsolved
12880696,rs2304731,CC,CC,AA,100,70,18,NC_000011.10,Mutation NB - Maternal Origin,Transversion - Purine/Pyrimidine,Unsolved
13197008,rs1600807,TT,CC,CC,79,91,15,NC_000011.10,Mutation NB - Paternal Origin,Transition - Pyrimidine/Pyrimidine,T>C
16966675,rs142024101,AA,AA,AG,82,85,47,NC_000011.10,Mutation NB - Paternal Origin,Transition - Purine/Purine,Unsolved
17638054,rs1252107409,AA,AA,AG,64,52,41,NC_000011.10,Mutation NB - Maternal Origin,Transition - Purine/Purine,Unsolved
18226468,rs2468859,AA,AA,TT,88,100,9,NC_000011.10,Mutation NB - Paternal Origin,Transversion - Purine/Pyrimidine,Unsolved
19017512,rs11024948,GT,TT,GG,32,79,0,NC_000011.10,Mutation NB - Maternal Origin,Transversion - Purine/Pyrimidine,T>G
20713497,rs1792990,CC,AA,AA,76,55,0,NC_000011.10,Mutation NB - Paternal Origin,Transversion - Purine/Pyrimidine,C>A
21812967,rs11026257,AA,AG,GG,100,35,12,NC_000011.10,Mutation NB - Paternal Origin,Transition - Purine/Purine,A>G
23113276,.,AA,AA,AG,82,67,52,NC_000011.10,Mutation NB - Maternal Origin,Transition - Purine/Purine,Unsolved
24310074,rs10834310,GG,GG,GA,70,100,99,NC_000011.10,Mutation NB - Paternal Origin,Transition - Purine/Purine,Unsolved
24475149,rs9971391,AC,AA,CC,43,82,24,NC_000011.10,Mutation NB - Maternal Origin,A>C
25944131,rs2349604,CC,TT,CC,70,67,21,NC_000011.10,Mutation NB - Maternal Origin,Transition - Pyrimidine/Pyrimidine,T>C
32459918,rs371856280,GG,GG,GA,85,67,47,NC_000011.10,Mutation NB - Maternal Origin,Transition - Purine/Purine,Unsolved
33548821,rs17339350,TT,CC,CC,100,85,9,NC_000011.10,Mutation NB - Paternal Origin,Transition - Pyrimidine/Pyrimidine,T>C
33990457,rs112922496,CC,TT,TT,100,82,12,NC_000011.10,Mutation NB - Paternal Origin,Transition - Pyrimidine/Pyrimidine,C>T
34193331,rs2473906,GG,AA,GG,91,85,0,NC_000011.10,Mutation NB - Maternal Origin,Transition - Purine/Purine,A>G
36212201,rs1374376,GG,GG,GA,100,82,68,NC_000011.10,Mutation NB - Maternal Origin,Transition - Purine/Purine,Unsolved
36369414,rs56958082,TT,TT,TC,100,70,99,NC_000011.10,Mutation NB - Maternal Origin,Transition - Pyrimidine/Pyrimidine,Unsolved
44851981,rs861354,GG,TT,TT,76,89,9,NC_000011.10,Mutation NB - Paternal Origin,Transversion - Purine/Pyrimidine,G>T
50207942,.,TT,TT,TC,73,52,53,NC_000011.10,Mutation NB - Maternal Origin,Transition - Pyrimidine/Pyrimidine,Unsolved
58750475,rs3920943,CC,AA,CC,88,88,0,NC_000011.10,Mutation NB - Maternal Origin,Transversion - Purine/Pyrimidine,A>C
58928645,rs486507,AA,CC,AA,76,76,0,NC_000011.10,Mutation NB - Maternal Origin,Transversion - Purine/Pyrimidine,C>A
59356102,rs12419445,CC,AA,AA,88,82,0,NC_000011.10,Mutation NB - Paternal Origin,Transversion - Purine/Pyrimidine,C>A
61785079,.,AA,AA,AG,79,67,50,NC_000011.10,Mutation NB - Maternal Origin,Transition - Purine/Purine,Unsolved
62243848,rs117564384,GG,GG,GA,100,79,99,NC_000011.10,Mutation NB - Maternal Origin,Transition - Purine/Purine,Unsolved
62539665,rs577396433,TT,TT,TC,70,76,44,NC_000011.10,Mutation NB - Paternal Origin,Transition - Pyrimidine/Pyrimidine,Unsolved
64210595,rs78038516,GG,CC,CC,88,85,0,NC_000011.10,Mutation NB - Paternal Origin,Transversion - Purine/Pyrimidine,G>C
64246861,rs1052044985,GG,GG,GC,100,100,1,NC_000011.10,Mutation NB - Paternal or Maternal,Transition - Purine/Purine,Transversion - Purine/Pyrimidine,Unsolved
65232909,rs1453901236,AA,AA,AG,79,82,56,NC_000011.10,Mutation NB - Paternal Origin,Transition - Purine/Purine,Unsolved
66625978,.,TT,TT,TC,79,85,46,NC_000011.10,Mutation NB - Paternal Origin,Transition - Pyrimidine/Pyrimidine,Unsolved
66956900,rs6591228,AA,CC,AA,82,76,0,NC_000011.10,Mutation NB - Maternal Origin,Transversion - Purine/Pyrimidine,C>A
66956919,rs7106145,GG,CC,GG,82,76,0,NC_000011.10,Mutation NB - Maternal Origin,Transversion - Purine/Pyrimidine,C>G
68655266,.,TT,TT,TC,58,88,41,NC_000011.10,Mutation NB - Paternal Origin,Transition - Pyrimidine/Pyrimidine,Unsolved
68660945,rs192106011,CC,CC,CT,91,88,68,NC_000011.10,Mutation NB - Maternal Origin,Transition - Pyrimidine/Pyrimidine,Unsolved
68932496,.,TT,TT,TA,100,79,44,NC_000011.10,Mutation NB - Maternal Origin,Transition - Pyrimidine/Pyrimidine,Transversion - Purine/Pyrimidine,Unsolved
70032044,.,AA,AA,AG,88,79,59,NC_000011.10,Mutation NB - Maternal Origin,Transition - Purine/Purine,Unsolved
71370147,rs2582982,TT,TT,TC,88,73,65,NC_000011.10,Mutation NB - Maternal Origin,Transition - Pyrimidine/Pyrimidine,Unsolved
71382333,.,AA,AA,AG,55,61,68,NC_000011.10,Mutation NB - Paternal Origin,Transition - Purine/Purine,Unsolved
71460394,rs11233746,GG,AA,AA,88,52,0,NC_000011.10,Mutation NB - Paternal Origin,Transition - Purine/Purine,G>A
72690056,rs4944668,TT,TT,TC,88,79,99,NC_000011.10,Mutation NB - Maternal Origin,Transition - Pyrimidine/Pyrimidine,Unsolved
73238127,rs4944832,GA,GG,AA,32,100,18,NC_000011.10,Mutation NB - Maternal Origin,Transition - Purine/Purine,G>A
73837225,rs1792165,CC,CC,CT,100,100,99,NC_000011.10,Mutation NB - Paternal or Maternal,Transition - Pyrimidine/Pyrimidine,Unsolved
73965130,.,TT,TT,TC,58,82,65,NC_000011.10,Mutation NB - Paternal Origin,Transition - Pyrimidine/Pyrimidine,Unsolved
75471960,.,AA,AA,AG,55,67,62,NC_000011.10,Mutation NB - Paternal Origin,Transition - Purine/Purine,Unsolved
77188071,rs3781695,AA,GA,GG,91,1,24,NC_000011.10,Mutation NB - Paternal Origin,Transition - Purine/Purine,A>G
77199721,rs7927472,CC,TT,CC,73,76,42,NC_000011.10,Mutation NB - Maternal Origin,Transition - Pyrimidine/Pyrimidine,T>C
78859853,rs75185206,TT,CC,CC,76,67,27,NC_000011.10,Mutation NB - Paternal Origin,Transition - Pyrimidine/Pyrimidine,T>C
79895744,rs11238023,CT,CC,TT,1,100,36,NC_000011.10,Mutation NB - Maternal Origin,Transversion - Purine/Pyrimidine,C>T
85924672,.,AA,AA,AG,79,88,47,NC_000011.10,Mutation NB - Paternal Origin,Transition - Purine/Purine,Unsolved
87672339,.,CC,CC,CT,67,79,39,NC_000011.10,Mutation NB - Paternal Origin,Transition - Pyrimidine/Pyrimidine,Unsolved
88777458,rs56273627,TT,CC,TT,88,70,0,NC_000011.10,Mutation NB - Maternal Origin,Transition - Pyrimidine/Pyrimidine,C>T
92882206,.,GG,GG,GT,91,79,41,NC_000011.10,Mutation NB - Maternal Origin,Transversion - Purine/Pyrimidine,Unsolved
96487180,.,TT,TT,TC,73,100,65,NC_000011.10,Mutation NB - Paternal Origin,Transition - Pyrimidine/Pyrimidine,Unsolved
97409779,.,GG,GG,GA,88,91,59,NC_000011.10,Mutation NB - Paternal Origin,Transition - Purine/Purine,Unsolved
97752545,rs7120236,CC,CC,CA,85,79,24,NC_000011.10,Mutation NB - Maternal Origin,Transversion - Purine/Pyrimidine,Unsolved
98184788,rs4754485,GG,GG,AG,28,67,99,NC_000011.10,Mutation NB - Paternal Origin,Transition - Purine/Purine,Unsolved
98353791,rs1941786,GG,GG,GA,67,85,99,NC_000011.10,Mutation NB - Paternal Origin,Transition - Purine/Purine,Unsolved
101112609,rs541463,GG,AA,AA,100,91,15,NC_000011.10,Mutation NB - Paternal Origin,Transition - Purine/Purine,G>A
102537474,rs7128808,CC,GG,GG,88,88,12,NC_000011.10,Mutation NB - Paternal Origin,Transversion - Purine/Pyrimidine,C>G
110132019,rs1564013,AA,GG,GG,100,55,51,NC_000011.10,Mutation NB - Paternal Origin,Transition - Purine/Purine,A>G
110883664,rs73020008,TT,TT,TC,100,91,99,NC_000011.10,Mutation NB - Maternal Origin,Transition - Pyrimidine/Pyrimidine,Unsolved
112426575,.,AA,AA,AG,73,67,53,NC_000011.10,Mutation NB - Maternal Origin,Transition - Purine/Purine,Unsolved
117395596,rs2305830,CG,CC,GG,70,100,18,NC_000011.10,Mutation NB - Maternal Origin,Transversion - Purine/Pyrimidine,C>G
118848860,.,TT,TT,TC,67,43,41,NC_000011.10,Mutation NB - Maternal Origin,Transition - Pyrimidine/Pyrimidine,Unsolved
119886253,rs75436216,TT,CC,TT,73,88,12,NC_000011.10,Mutation NB - Maternal Origin,Transition - Pyrimidine/Pyrimidine,C>T
120298406,.,TT,TT,TC,100,79,45,NC_000011.10,Mutation NB - Maternal Origin,Transition - Pyrimidine/Pyrimidine,Unsolved
122779464,rs4935813,GG,CC,GG,85,64,15,NC_000011.10,Mutation NB - Maternal Origin,Transversion - Purine/Pyrimidine,C>G
123410557,.,GG,GG,GA,82,91,50,NC_000011.10,Mutation NB - Paternal Origin,Transition - Purine/Purine,Unsolved
123829844,rs4424679,GG,AA,GG,91,100,15,NC_000011.10,Mutation NB - Maternal Origin,Transition - Purine/Purine,A>G
124277315,rs7938018,CC,GG,GG,100,88,9,NC_000011.10,Mutation NB - Paternal Origin,Transversion - Purine/Pyrimidine,C>G
125206894,rs1215198248,CC,CC,CT,79,64,39,NC_000011.10,Mutation NB - Maternal Origin,Transition - Pyrimidine/Pyrimidine,Unsolved
125956672,rs1342821147,TT,TT,TC,70,79,59,NC_000011.10,Mutation NB - Paternal Origin,Transition - Pyrimidine/Pyrimidine,Unsolved
126873283,.,AA,AA,AT,79,85,68,NC_000011.10,Mutation NB - Paternal Origin,Transversion - Purine/Pyrimidine,Unsolved
128902221,.,CC,CC,CT,79,76,44,NC_000011.10,Mutation NB - Maternal Origin,Transition - Pyrimidine/Pyrimidine,Unsolved
131682595,rs73583665,TT,TT,TC,85,85,65,NC_000011.10,Mutation NB - Paternal or Maternal,Transition - Pyrimidine/Pyrimidine,Unsolved
132402405,rs35226152,CC,TT,CC,100,73,15,NC_000011.10,Mutation NB - Maternal Origin,Transition - Pyrimidine/Pyrimidine,T>C
132921029,rs7342163,TT,TT,TC,85,82,99,NC_000011.10,Mutation NB - Maternal Origin,Transition - Pyrimidine/Pyrimidine,Unsolved
134453550,rs4245133,CC,CT,TT,100,1,36,NC_000011.10,Mutation NB - Paternal Origin,Transition - Pyrimidine/Pyrimidine,C>T
134762742,rs7119012,CC,CC,GC,52,55,32,NC_000011.10,Mutation NB - Paternal Origin,Transversion - Purine/Pyrimidine,Unsolved
173483,rs1939114238,TT,TT,TC,49,91,56,NC_000012.12,Mutation NB - Paternal Origin,Transition - Pyrimidine/Pyrimidine,Unsolved
1501941,rs929316,GG,AA,GG,79,82,21,NC_000012.12,Mutation NB - Maternal Origin,Transition - Purine/Purine,A>G
4308508,rs4565981,TT,CC,CC,100,82,42,NC_000012.12,Mutation NB - Paternal Origin,Transition - Pyrimidine/Pyrimidine,T>C
4560788,rs10849090,AA,AA,AG,100,40,99,NC_000012.12,Mutation NB - Maternal Origin,Transition - Purine/Purine,Unsolved
6479806,rs2532514,AC,CC,AA,79,85,0,NC_000012.12,Mutation NB - Maternal Origin,Transversion - Purine/Pyrimidine,C>A
6792836,rs2707210,TT,TT,GG,82,91,0,NC_000012.12,Mutation NB - Paternal Origin,Transition - Purine/Purine,Transversion - Purine/Pyrimidine,Unsolved
7284308,rs34221158,GG,GG,GA,100,73,30,NC_000012.12,Mutation NB - Maternal Origin,Transition - Purine/Purine,Unsolved
8252319,rs7980818,CC,TT,TT,100,88,21,NC_000012.12,Mutation NB - Paternal Origin,Transition - Pyrimidine/Pyrimidine,C>T
11910043,rs1307841692,TT,TT,TG,100,79,42,NC_000012.12,Mutation NB - Maternal Origin,Transition - Pyrimidine/Pyrimidine,Transversion - Purine/Pyrimidine,Unsolved
12620005,rs17819158,GG,AA,GG,91,91,12,NC_000012.12,Mutation NB - Maternal Origin,Transition - Purine/Purine,A>G
14761111,rs7955800,TT,CC,TT,70,79,0,NC_000012.12,Mutation NB - Maternal Origin,Transition - Pyrimidine/Pyrimidine,C>T
17322633,rs75796862,CC,CC,CT,100,67,99,NC_000012.12,Mutation NB - Maternal Origin,Transition - Pyrimidine/Pyrimidine,Unsolved
25544104,rs1585782,TT,TT,CT,85,64,99,NC_000012.12,Mutation NB - Maternal Origin,Transition - Pyrimidine/Pyrimidine,Unsolved
28164951,.,TT,TT,TC,55,52,49,NC_000012.12,Mutation NB - Maternal Origin,Transition - Pyrimidine/Pyrimidine,Unsolved
29323568,rs7980218,GA,AA,GG,82,86,12,NC_000012.12,Mutation NB - Maternal Origin,Transition - Purine/Purine,A>G
30603949,rs12315407,CC,TT,CC,82,82,39,NC_000012.12,Mutation NB - Maternal Origin,Transition - Pyrimidine/Pyrimidine,T>C
30911363,rs7960094,GG,GA,AA,100,8,30,NC_000012.12,Mutation NB - Paternal Origin,Transition - Purine/Purine,G>A
33928760,rs2625907,AT,TT,AA,11,67,0,NC_000012.12,Mutation NB - Maternal Origin,Transversion - Purine/Pyrimidine,T>A
41671570,rs395925,TT,GT,GG,67,1,0,NC_000012.12,Mutation NB - Paternal Origin,Transversion - Purine/Pyrimidine,T>G
43032807,rs10880414,AA,TT,AA,70,100,18,NC_000012.12,Mutation NB - Maternal Origin,Transversion - Purine/Pyrimidine,T>A
44037907,rs1358018281,TT,TT,TC,91,85,41,NC_000012.12,Mutation NB - Maternal Origin,Transition - Pyrimidine/Pyrimidine,Unsolved
46048582,rs7301249,TT,TT,TC,100,85,71,NC_000012.12,Mutation NB - Maternal Origin,Transition - Pyrimidine/Pyrimidine,Unsolved
47040358,rs17097518,AA,GG,AA,82,85,9,NC_000012.12,Mutation NB - Maternal Origin,Transition - Purine/Purine,G>A
48041497,rs11168370,CC,AA,CC,85,100,9,NC_000012.12,Mutation NB - Maternal Origin,Transversion - Purine/Pyrimidine,A>C
49654159,.,CC,CC,CT,64,76,50,NC_000012.12,Mutation NB - Paternal Origin,Transition - Pyrimidine/Pyrimidine,Unsolved
49897768,rs2603099,AA,CC,CC,79,91,9,NC_000012.12,Mutation NB - Paternal Origin,Transversion - Purine/Pyrimidine,A>C
51520761,.,AA,AA,AG,55,67,40,NC_000012.12,Mutation NB - Paternal Origin,Transition - Purine/Purine,Unsolved
51845459,rs9669675,TT,CC,CC,88,64,18,NC_000012.12,Mutation NB - Paternal Origin,Transition - Pyrimidine/Pyrimidine,T>C
52213626,rs10783498,TT,CC,CC,46,58,0,NC_000012.12,Mutation NB - Paternal Origin,Transition - Pyrimidine/Pyrimidine,T>C
54581019,rs8407,CC,TT,CC,91,82,0,NC_000012.12,Mutation NB - Maternal Origin,Transition - Pyrimidine/Pyrimidine,T>C
54827197,.,TT,TT,TC,55,52,56,NC_000012.12,Mutation NB - Maternal Origin,Transition - Pyrimidine/Pyrimidine,Unsolved
62780323,rs77643350,AA,AA,AG,79,61,99,NC_000012.12,Mutation NB - Maternal Origin,Transition - Purine/Purine,Unsolved
63152206,rs3021528,AA,AA,AC,100,88,94,NC_000012.12,Mutation NB - Maternal Origin,Transversion - Purine/Pyrimidine,Unsolved
63509023,rs55678833,GG,GG,GA,100,100,99,NC_000012.12,Mutation NB - Paternal or Maternal,Transition - Purine/Purine,Unsolved
71431587,rs6582033,GG,GG,AA,100,100,9,NC_000012.12,Mutation NB - Paternal or Maternal,Transition - Purine/Purine,Unsolved
71971590,.,TT,TT,TC,100,73,50,NC_000012.12,Mutation NB - Maternal Origin,Transition - Pyrimidine/Pyrimidine,Unsolved
80180337,rs1215668327,AA,AA,AG,76,82,52,NC_000012.12,Mutation NB - Paternal Origin,Transition - Purine/Purine,Unsolved
81061721,rs2400868,GA,GG,AA,1,100,15,NC_000012.12,Mutation NB - Maternal Origin,Transition - Purine/Purine,G>A
81866094,.,GG,GG,GT,70,70,48,NC_000012.12,Mutation NB - Paternal or Maternal,Transversion - Purine/Pyrimidine,Unsolved
94741129,rs7963487,CC,AA,AA,100,85,12,NC_000012.12,Mutation NB - Paternal Origin,Transversion - Purine/Pyrimidine,C>A
96186089,rs541287171,AA,AA,AG,73,91,56,NC_000012.12,Mutation NB - Paternal Origin,Transition - Purine/Purine,Unsolved
99648074,rs11109967,GG,GA,AA,82,1,12,NC_000012.12,Mutation NB - Paternal Origin,Transition - Purine/Purine,G>A
100489461,rs73378063,AA,AT,TT,88,70,24,NC_000012.12,Mutation NB - Paternal Origin,Transversion - Purine/Pyrimidine,A>T
101002499,rs776319164,CC,CC,CA,73,100,86,NC_000012.12,Mutation NB - Paternal Origin,Transversion - Purine/Pyrimidine,Unsolved
102053139,.,AA,AA,AG,46,25,44,NC_000012.12,Mutation NB - Maternal Origin,Transition - Purine/Purine,Unsolved
103677745,rs1593809,TT,TT,TC,91,76,65,NC_000012.12,Mutation NB - Maternal Origin,Transition - Pyrimidine/Pyrimidine,Unsolved
104589685,rs6539161,GG,GA,AA,100,5,15,NC_000012.12,Mutation NB - Paternal Origin,Transition - Purine/Purine,G>A
104754472,rs2131806,GG,AA,AA,100,82,15,NC_000012.12,Mutation NB - Paternal Origin,Transition - Purine/Purine,G>A
104954414,.,GG,GG,GA,70,46,47,NC_000012.12,Mutation NB - Maternal Origin,Transition - Purine/Purine,Unsolved
107383052,rs12307408,GG,GA,AA,46,1,6,NC_000012.12,Mutation NB - Paternal Origin,Transition - Purine/Purine,G>A
108478602,rs7957298,CC,TT,TT,85,73,27,NC_000012.12,Mutation NB - Paternal Origin,Transition - Pyrimidine/Pyrimidine,C>T
108633555,.,AA,AA,AC,73,82,56,NC_000012.12,Mutation NB - Paternal Origin,Transversion - Purine/Pyrimidine,Unsolved
109294561,rs920223,GG,AA,GG,82,76,0,NC_000012.12,Mutation NB - Maternal Origin,Transition - Purine/Purine,A>G
111762346,rs2013002,TC,CC,TT,70,67,0,NC_000012.12,Mutation NB - Maternal Origin,Transversion - Purine/Pyrimidine,C>T
113696324,rs28730489,TT,AA,AA,100,64,33,NC_000012.12,Mutation NB - Paternal Origin,Transversion - Purine/Pyrimidine,T>A
113720266,rs7977639,TT,TT,TC,82,91,99,NC_000012.12,Mutation NB - Paternal Origin,Transition - Pyrimidine/Pyrimidine,Unsolved
113884298,rs142349505,TT,CC,TT,85,83,33,NC_000012.12,Mutation NB - Maternal Origin,Transition - Pyrimidine/Pyrimidine,C>T
113950469,.,CC,CC,CT,85,85,33,NC_000012.12,Mutation NB - Paternal or Maternal,Transition - Pyrimidine/Pyrimidine,Unsolved
113957846,rs10850256,TT,TT,TC,88,100,62,NC_000012.12,Mutation NB - Paternal Origin,Transition - Pyrimidine/Pyrimidine,Unsolved
114423003,rs1248065,AA,AT,TT,88,70,21,NC_000012.12,Mutation NB - Paternal Origin,Transversion - Purine/Pyrimidine,A>T
114893082,rs192533574,GG,AA,GG,88,88,12,NC_000012.12,Mutation NB - Maternal Origin,Transition - Purine/Purine,A>G
115096501,rs35460,AA,AA,CC,100,100,15,NC_000012.12,Mutation NB - Paternal or Maternal,Transversion - Purine/Pyrimidine,Unsolved
117643400,rs1976754,CC,TC,TT,88,32,15,NC_000012.12,Mutation NB - Paternal Origin,Transition - Pyrimidine/Pyrimidine,C>T
119445655,.,AA,AA,AC,85,46,40,NC_000012.12,Mutation NB - Maternal Origin,Transversion - Purine/Pyrimidine,Unsolved
119616197,.,AA,AA,AG,76,46,41,NC_000012.12,Mutation NB - Maternal Origin,Transition - Purine/Purine,Unsolved
121792560,.,AA,AA,AG,55,58,50,NC_000012.12,Mutation NB - Paternal Origin,Transition - Purine/Purine,Unsolved
122191206,.,TT,TT,TC,73,82,53,NC_000012.12,Mutation NB - Paternal Origin,Transition - Pyrimidine/Pyrimidine,Unsolved
123145241,.,TT,TT,TC,85,58,47,NC_000012.12,Mutation NB - Maternal Origin,Transition - Pyrimidine/Pyrimidine,Unsolved
124352232,rs4765143,CT,TT,CC,1,70,21,NC_000012.12,Mutation NB - Maternal Origin,Transition - Pyrimidine/Pyrimidine,T>C
124517979,rs837948,GG,AA,AA,85,85,33,NC_000012.12,Mutation NB - Paternal Origin,Transition - Purine/Purine,G>A
124711725,.,TT,TT,TC,91,85,59,NC_000012.12,Mutation NB - Maternal Origin,Transition - Pyrimidine/Pyrimidine,Unsolved
124758465,rs701102,AG,GG,AA,48,73,0,NC_000012.12,Mutation NB - Maternal Origin,Transition - Purine/Purine,G>A
125116974,rs1412529599,TT,TT,TC,73,61,62,NC_000012.12,Mutation NB - Maternal Origin,Transition - Pyrimidine/Pyrimidine,Unsolved
125484645,rs35445627,TT,AA,TT,85,91,15,NC_000012.12,Mutation NB - Maternal Origin,Transversion - Purine/Pyrimidine,A>T
127669158,rs10744317,CC,GG,CC,67,100,15,NC_000012.12,Mutation NB - Maternal Origin,Transversion - Purine/Pyrimidine,G>C
128261210,rs1193373,GG,GG,AG,46,55,0,NC_000012.12,Mutation NB - Paternal Origin,Transition - Purine/Purine,Unsolved
128426409,rs10847616,AA,AA,AC,76,91,62,NC_000012.12,Mutation NB - Paternal Origin,Transversion - Purine/Pyrimidine,Unsolved
128663295,rs35048861,CC,TT,CC,85,91,30,NC_000012.12,Mutation NB - Maternal Origin,Transition - Pyrimidine/Pyrimidine,T>C
129101182,rs10773595,GA,AA,GG,35,82,36,NC_000012.12,Mutation NB - Maternal Origin,Transition - Purine/Purine,A>G
129938004,.,TT,TT,TC,70,58,44,NC_000012.12,Mutation NB - Maternal Origin,Transition - Pyrimidine/Pyrimidine,Unsolved
130183816,rs7134674,AA,GG,GG,85,82,12,NC_000012.12,Mutation NB - Paternal Origin,Transition - Purine/Purine,A>G
130496667,rs4759702,AA,GG,GG,67,82,0,NC_000012.12,Mutation NB - Paternal Origin,Transition - Purine/Purine,A>G
131122207,rs1211609,CG,CC,GG,31,85,21,NC_000012.12,Mutation NB - Maternal Origin,Transversion - Purine/Pyrimidine,C>G
131136193,rs2280683,AA,GG,GG,79,85,15,NC_000012.12,Mutation NB - Paternal Origin,Transition - Purine/Purine,A>G
131480548,.,TT,TT,TC,61,49,56,NC_000012.12,Mutation NB - Maternal Origin,Transition - Pyrimidine/Pyrimidine,Unsolved
132041791,.,TT,TT,TC,82,88,50,NC_000012.12,Mutation NB - Paternal Origin,Transition - Pyrimidine/Pyrimidine,Unsolved
132432295,.,CC,GG,CC,91,91,21,NC_000012.12,Mutation NB - Maternal Origin,Transversion - Purine/Pyrimidine,G>C
132512822,rs2323991,CC,TC,TT,76,73,24,NC_000012.12,Mutation NB - Paternal Origin,Transition - Pyrimidine/Pyrimidine,C>T
132610444,rs10870480,TC,CC,TT,38,85,12,NC_000012.12,Mutation NB - Maternal Origin,Transversion - Purine/Pyrimidine,C>T
132663258,rs5744839,GA,AA,GG,29,85,0,NC_000012.12,Mutation NB - Maternal Origin,Transition - Purine/Purine,A>G
132815684,rs143464611,CC,CC,CT,100,76,19,NC_000012.12,Mutation NB - Maternal Origin,Transition - Pyrimidine/Pyrimidine,Unsolved
21794825,rs752822977,GG,GG,GA,88,64,54,NC_000013.11,Mutation NB - Maternal Origin,Transition - Purine/Purine,Unsolved
22198982,.,AA,AA,AG,67,76,44,NC_000013.11,Mutation NB - Paternal Origin,Transition - Purine/Purine,Unsolved
22981503,rs77936456,AA,AA,AG,91,76,99,NC_000013.11,Mutation NB - Maternal Origin,Transition - Purine/Purine,Unsolved
22981549,rs9317360,TT,CT,CC,91,44,42,NC_000013.11,Mutation NB - Paternal Origin,Transition - Pyrimidine/Pyrimidine,T>C
24359488,rs11840418,CC,CT,TT,91,2,21,NC_000013.11,Mutation NB - Paternal Origin,Transition - Pyrimidine/Pyrimidine,C>T
26619456,rs9507748,GG,CC,CC,88,73,33,NC_000013.11,Mutation NB - Paternal Origin,Transversion - Purine/Pyrimidine,G>C
30966758,.,AA,AA,AG,61,67,41,NC_000013.11,Mutation NB - Paternal Origin,Transition - Purine/Purine,Unsolved
31484261,rs502948,AA,AA,AC,100,73,97,NC_000013.11,Mutation NB - Maternal Origin,Transversion - Purine/Pyrimidine,Unsolved
31939462,rs9566835,GA,GG,AA,38,82,24,NC_000013.11,Mutation NB - Maternal Origin,Transition - Purine/Purine,G>A
36794999,rs3934269,TT,AA,AA,91,79,0,NC_000013.11,Mutation NB - Paternal Origin,Transversion - Purine/Pyrimidine,T>A
44860608,rs947917719,GG,GG,GA,100,70,65,NC_000013.11,Mutation NB - Maternal Origin,Transition - Purine/Purine,Unsolved
47896334,rs7334463,CT,TT,CC,44,91,0,NC_000013.11,Mutation NB - Maternal Origin,Transition - Pyrimidine/Pyrimidine,T>C
48517982,rs943284,AG,AA,GG,86,85,12,NC_000013.11,Mutation NB - Maternal Origin,Transition - Purine/Purine,A>G
49486333,rs1555530,GG,AA,GG,100,85,18,NC_000013.11,Mutation NB - Maternal Origin,Transition - Purine/Purine,A>G
49879010,rs992577527,GG,GG,GA,70,76,53,NC_000013.11,Mutation NB - Paternal Origin,Transition - Purine/Purine,Unsolved
51457065,.,AA,AA,AT,64,100,39,NC_000013.11,Mutation NB - Paternal Origin,Transversion - Purine/Pyrimidine,Unsolved
54917916,rs1841708,AA,GA,GG,88,34,0,NC_000013.11,Mutation NB - Paternal Origin,Transition - Purine/Purine,A>G
55265363,rs35629455,GG,GA,AA,67,2,33,NC_000013.11,Mutation NB - Paternal Origin,Transition - Purine/Purine,G>A
56417466,rs9316853,AA,GG,GG,91,82,15,NC_000013.11,Mutation NB - Paternal Origin,Transition - Purine/Purine,A>G
60176687,rs7318115,AA,TT,TT,91,85,15,NC_000013.11,Mutation NB - Paternal Origin,Transversion - Purine/Pyrimidine,A>T
65530463,.,AA,AA,AG,85,88,71,NC_000013.11,Mutation NB - Paternal Origin,Transition - Purine/Purine,Unsolved
67033241,.,TT,TT,TC,88,95,33,NC_000013.11,Mutation NB - Paternal Origin,Transition - Pyrimidine/Pyrimidine,Unsolved
68524109,rs61950825,TT,TT,CC,91,91,21,NC_000013.11,Mutation NB - Paternal or Maternal,Transition - Pyrimidine/Pyrimidine,Unsolved
69225363,rs73202110,GG,GG,GA,85,100,30,NC_000013.11,Mutation NB - Paternal Origin,Transition - Purine/Purine,Unsolved
70512083,rs9529760,AC,CC,AA,70,79,21,NC_000013.11,Mutation NB - Maternal Origin,Transversion - Purine/Pyrimidine,C>A
74537120,rs9543680,CC,AA,CC,88,100,24,NC_000013.11,Mutation NB - Maternal Origin,Transversion - Purine/Pyrimidine,A>C
74682161,rs117477864,AA,TT,TT,88,79,0,NC_000013.11,Mutation NB - Paternal Origin,Transversion - Purine/Pyrimidine,A>T
77046925,rs687532,CG,GG,CC,71,73,0,NC_000013.11,Mutation NB - Maternal Origin,Transversion - Purine/Pyrimidine,G>C
80831599,.,AA,AA,AG,79,79,47,NC_000013.11,Mutation NB - Paternal or Maternal,Transition - Purine/Purine,Unsolved
81990987,rs1280002,GG,AA,GG,91,100,66,NC_000013.11,Mutation NB - Maternal Origin,Transition - Purine/Purine,A>G
90813262,rs9523096,GG,AA,GG,79,100,18,NC_000013.11,Mutation NB - Maternal Origin,Transition - Purine/Purine,A>G
94514967,rs7338715,GG,GG,GA,100,82,68,NC_000013.11,Mutation NB - Maternal Origin,Transition - Purine/Purine,Unsolved
94514999,rs9561597,GG,GG,GA,100,82,68,NC_000013.11,Mutation NB - Maternal Origin,Transition - Purine/Purine,Unsolved
96555101,rs765943210,AA,AA,AG,88,88,56,NC_000013.11,Mutation NB - Paternal or Maternal,Transition - Purine/Purine,Unsolved
96918653,rs9584434,GG,GG,GA,100,88,66,NC_000013.11,Mutation NB - Maternal Origin,Transition - Purine/Purine,Unsolved
97593159,rs1576126,GG,AG,AA,85,1,27,NC_000013.11,Mutation NB - Paternal Origin,Transition - Purine/Purine,G>A
98097187,rs10508034,TT,TT,TC,79,100,80,NC_000013.11,Mutation NB - Paternal Origin,Transition - Pyrimidine/Pyrimidine,Unsolved
98475731,rs7997785,AA,TT,TT,85,88,9,NC_000013.11,Mutation NB - Paternal Origin,Transversion - Purine/Pyrimidine,A>T
98475783,rs7996629,TT,CC,CC,88,91,9,NC_000013.11,Mutation NB - Paternal Origin,Transition - Pyrimidine/Pyrimidine,T>C
99088196,rs913432,GG,AA,AA,91,67,21,NC_000013.11,Mutation NB - Paternal Origin,Transition - Purine/Purine,G>A
103734349,rs28540687,CC,CC,CG,91,100,65,NC_000013.11,Mutation NB - Paternal Origin,Transversion - Purine/Pyrimidine,Unsolved
105041960,.,GG,GG,GA,67,70,41,NC_000013.11,Mutation NB - Paternal Origin,Transition - Purine/Purine,Unsolved
105750471,rs10508164,GG,AA,AA,100,79,27,NC_000013.11,Mutation NB - Paternal Origin,Transition - Purine/Purine,G>A
105811971,rs77292035,TT,TT,TC,76,79,99,NC_000013.11,Mutation NB - Paternal Origin,Transition - Pyrimidine/Pyrimidine,Unsolved
109737093,rs9559631,TT,CC,CC,91,88,27,NC_000013.11,Mutation NB - Paternal Origin,Transition - Pyrimidine/Pyrimidine,T>C
110624910,.,TT,TT,TC,76,55,51,NC_000013.11,Mutation NB - Maternal Origin,Transition - Pyrimidine/Pyrimidine,Unsolved
111441195,rs1184475,CC,CC,TC,91,85,24,NC_000013.11,Mutation NB - Maternal Origin,Transition - Pyrimidine/Pyrimidine,Unsolved
111467821,rs1151436,AA,AG,GG,100,1,29,NC_000013.11,Mutation NB - Paternal Origin,Transition - Purine/Purine,A>G
111856243,rs7318804,CC,CC,TC,91,61,99,NC_000013.11,Mutation NB - Maternal Origin,Transition - Pyrimidine/Pyrimidine,Unsolved
112764690,.,AA,AA,AG,76,64,41,NC_000013.11,Mutation NB - Maternal Origin,Transition - Purine/Purine,Unsolved
112895530,rs112134600,AA,AA,AG,100,61,99,NC_000013.11,Mutation NB - Maternal Origin,Transition - Purine/Purine,Unsolved
113054306,.,TT,TT,TC,40,64,41,NC_000013.11,Mutation NB - Paternal Origin,Transition - Pyrimidine/Pyrimidine,Unsolved
21336399,rs61977488,TT,TT,TG,91,100,65,NC_000014.9,Mutation NB - Paternal Origin,Transition - Pyrimidine/Pyrimidine,Transversion - Purine/Pyrimidine,Unsolved
22732733,rs1242746,AA,AA,GA,85,73,15,NC_000014.9,Mutation NB - Maternal Origin,Transition - Purine/Purine,Unsolved
23424846,.,CC,CC,CT,76,85,50,NC_000014.9,Mutation NB - Paternal Origin,Transition - Pyrimidine/Pyrimidine,Unsolved
23648912,rs1262071252,TT,TT,TC,46,46,50,NC_000014.9,Mutation NB - Paternal or Maternal,Transition - Pyrimidine/Pyrimidine,Unsolved
26308937,rs4290410,AA,GG,AA,91,85,18,NC_000014.9,Mutation NB - Maternal Origin,Transition - Purine/Purine,G>A
28492204,rs10136660,GG,GC,CC,100,25,36,NC_000014.9,Mutation NB - Paternal Origin,Transversion - Purine/Pyrimidine,G>C
28758656,.,AA,AA,AG,91,52,50,NC_000014.9,Mutation NB - Maternal Origin,Transition - Purine/Purine,Unsolved
31705015,rs56091700,GA,GG,AA,32,73,12,NC_000014.9,Mutation NB - Maternal Origin,Transition - Purine/Purine,G>A
31893863,.,AA,AA,AG,88,88,53,NC_000014.9,Mutation NB - Paternal or Maternal,Transition - Purine/Purine,Unsolved
40958136,rs1882481432,AA,AA,AG,85,76,65,NC_000014.9,Mutation NB - Maternal Origin,Transition - Purine/Purine,Unsolved
41968314,rs2087088,GG,GG,GA,85,88,33,NC_000014.9,Mutation NB - Paternal Origin,Transition - Purine/Purine,Unsolved
44722477,rs2113722,TT,TT,CT,82,91,71,NC_000014.9,Mutation NB - Paternal Origin,Transition - Pyrimidine/Pyrimidine,Unsolved
47485959,.,AA,AA,AG,82,85,47,NC_000014.9,Mutation NB - Paternal Origin,Transition - Purine/Purine,Unsolved
49330447,.,CC,CC,CT,100,73,39,NC_000014.9,Mutation NB - Maternal Origin,Transition - Pyrimidine/Pyrimidine,Unsolved
54314546,rs17646426,GG,AA,AA,79,73,36,NC_000014.9,Mutation NB - Paternal Origin,Transition - Purine/Purine,G>A
56221467,rs1471497,GA,AA,GG,38,91,27,NC_000014.9,Mutation NB - Maternal Origin,Transition - Purine/Purine,A>G
58255821,rs6573196,AA,AA,AG,100,100,59,NC_000014.9,Mutation NB - Paternal or Maternal,Transition - Purine/Purine,Unsolved
59297345,rs1957411,AG,GG,AA,99,91,0,NC_000014.9,Mutation NB - Maternal Origin,Transition - Purine/Purine,G>A
59461257,rs1401398038,TT,TT,TC,91,79,46,NC_000014.9,Mutation NB - Maternal Origin,Transition - Pyrimidine/Pyrimidine,Unsolved
59552095,rs113423887,AA,GG,AA,82,56,0,NC_000014.9,Mutation NB - Maternal Origin,Transition - Purine/Purine,G>A
59552098,.,TT,TT,TC,82,55,52,NC_000014.9,Mutation NB - Maternal Origin,Transition - Pyrimidine/Pyrimidine,Unsolved
61865013,rs2047097908,GG,GG,GA,88,64,45,NC_000014.9,Mutation NB - Maternal Origin,Transition - Purine/Purine,Unsolved
63833089,rs113847794,GG,AA,AA,85,79,15,NC_000014.9,Mutation NB - Paternal Origin,Transition - Purine/Purine,G>A
66325087,.,TT,TT,TA,55,64,45,NC_000014.9,Mutation NB - Paternal Origin,Transition - Pyrimidine/Pyrimidine,Transversion - Purine/Pyrimidine,Unsolved
67968109,rs10135320,TT,TC,CC,100,67,12,NC_000014.9,Mutation NB - Paternal Origin,Transition - Pyrimidine/Pyrimidine,T>C
68427247,rs4902584,GG,AA,GG,82,85,21,NC_000014.9,Mutation NB - Maternal Origin,Transition - Purine/Purine,A>G
69529561,.,AA,AA,AG,67,70,48,NC_000014.9,Mutation NB - Paternal Origin,Transition - Purine/Purine,Unsolved
70153925,rs4899329,CA,AA,CC,2,76,15,NC_000014.9,Mutation NB - Maternal Origin,A>C
70264374,rs8003306,CG,GG,CC,1,67,0,NC_000014.9,Mutation NB - Maternal Origin,Transversion - Purine/Pyrimidine,G>C
70489413,rs529489611,TT,TT,TC,64,70,40,NC_000014.9,Mutation NB - Paternal Origin,Transition - Pyrimidine/Pyrimidine,Unsolved
72254393,rs3784049,TA,AA,TT,28,85,12,NC_000014.9,Mutation NB - Maternal Origin,Transversion - Purine/Pyrimidine,A>T
72783972,rs11629434,GG,TT,GG,82,88,0,NC_000014.9,Mutation NB - Maternal Origin,Transition - Purine/Purine,Transversion - Purine/Pyrimidine,T>G
72926576,rs2098322,AA,AA,AG,100,82,99,NC_000014.9,Mutation NB - Maternal Origin,Transition - Purine/Purine,Unsolved
73786290,rs929450,AA,GG,GG,100,91,27,NC_000014.9,Mutation NB - Paternal Origin,Transition - Purine/Purine,A>G
74409421,.,AA,AA,AG,70,79,41,NC_000014.9,Mutation NB - Paternal Origin,Transition - Purine/Purine,Unsolved
74937736,rs11845259,GG,AA,AA,82,85,0,NC_000014.9,Mutation NB - Paternal Origin,Transition - Purine/Purine,G>A
74937752,rs11845260,GG,AA,AA,82,85,0,NC_000014.9,Mutation NB - Paternal Origin,Transition - Purine/Purine,G>A
75379374,rs11628633,CC,TT,CC,49,52,0,NC_000014.9,Mutation NB - Maternal Origin,Transition - Pyrimidine/Pyrimidine,T>C
76756359,rs6574326,GG,GG,GA,100,82,99,NC_000014.9,Mutation NB - Maternal Origin,Transition - Purine/Purine,Unsolved
76861784,.,TT,TT,TC,58,82,59,NC_000014.9,Mutation NB - Paternal Origin,Transition - Pyrimidine/Pyrimidine,Unsolved
80028375,.,TT,TT,TC,91,58,47,NC_000014.9,Mutation NB - Maternal Origin,Transition - Pyrimidine/Pyrimidine,Unsolved
82803002,rs4301955,TT,CC,CC,88,73,9,NC_000014.9,Mutation NB - Paternal Origin,Transition - Pyrimidine/Pyrimidine,T>C
90512332,rs1297788,CC,TT,TT,88,88,15,NC_000014.9,Mutation NB - Paternal Origin,Transition - Pyrimidine/Pyrimidine,C>T
90512343,rs1297789,GG,AA,AA,88,88,15,NC_000014.9,Mutation NB - Paternal Origin,Transition - Purine/Purine,G>A
90617994,rs754247,CC,CC,CT,67,100,99,NC_000014.9,Mutation NB - Paternal Origin,Transition - Pyrimidine/Pyrimidine,Unsolved
96215890,rs11851152,GG,GG,GC,100,100,30,NC_000014.9,Mutation NB - Paternal or Maternal,Transition - Purine/Purine,Transversion - Purine/Pyrimidine,Unsolved
99626818,rs17098908,TT,CT,CC,88,67,0,NC_000014.9,Mutation NB - Paternal Origin,Transition - Pyrimidine/Pyrimidine,T>C
100734308,rs1802710,CC,TT,CC,76,100,12,NC_000014.9,Mutation NB - Maternal Origin,Transition - Pyrimidine/Pyrimidine,T>C
102591174,rs4906229,AC,CC,AA,1,76,18,NC_000014.9,Mutation NB - Maternal Origin,Transversion - Purine/Pyrimidine,C>A
102750955,rs60714848,CT,CC,TT,28,100,24,NC_000014.9,Mutation NB - Maternal Origin,Transversion - Purine/Pyrimidine,C>T
102922662,rs2295828,TT,TT,TC,67,91,99,NC_000014.9,Mutation NB - Paternal Origin,Transition - Pyrimidine/Pyrimidine,Unsolved
102922666,rs2295829,GG,GG,GC,67,91,99,NC_000014.9,Mutation NB - Paternal Origin,Transition - Purine/Purine,Transversion - Purine/Pyrimidine,Unsolved
104103779,rs34878411,GG,CC,GG,88,91,9,NC_000014.9,Mutation NB - Maternal Origin,Transversion - Purine/Pyrimidine,C>G
104253450,rs6576020,AC,CC,AA,1,64,0,NC_000014.9,Mutation NB - Maternal Origin,Transversion - Purine/Pyrimidine,C>A
104400144,rs11626476,CC,TT,CC,85,49,0,NC_000014.9,Mutation NB - Maternal Origin,Transition - Pyrimidine/Pyrimidine,T>C
104422174,rs4332683,GG,GA,AA,100,1,27,NC_000014.9,Mutation NB - Paternal Origin,Transition - Purine/Purine,G>A
104446488,.,AA,AA,AG,91,85,53,NC_000014.9,Mutation NB - Maternal Origin,Transition - Purine/Purine,Unsolved
63085,.,GG,GG,GA,94,61,99,NT_167219.1,Mutation NB - Maternal Origin,Transition - Purine/Purine,Unsolved
63095,rs2070545038,CC,CC,CT,94,61,99,NT_167219.1,Mutation NB - Maternal Origin,Transition - Pyrimidine/Pyrimidine,Unsolved
63127,.,GT,GT,AT,58,1,99,NT_167219.1,Mutation NB - Maternal Origin,Transition - Purine/Purine,Transversion - Purine/Pyrimidine,Transition - Pyrimidine/Pyrimidine,Unsolved
63133,.,CC,CC,CA,97,73,84,NT_167219.1,Mutation NB - Maternal Origin,Transversion - Purine/Pyrimidine,Unsolved
71377,.,CC,CC,CT,52,82,41,NT_167219.1,Mutation NB - Paternal Origin,Transition - Pyrimidine/Pyrimidine,Unsolved
183406,rs1556324539,CC,CC,CT,73,96,53,NT_187377.1,Mutation NB - Paternal Origin,Transition - Pyrimidine/Pyrimidine,Unsolved
25784961,rs1867510,CC,TT,CC,61,85,24,NC_000015.10,Mutation NB - Maternal Origin,Transition - Pyrimidine/Pyrimidine,T>C
25802604,rs4906635,AA,AG,GG,100,1,48,NC_000015.10,Mutation NB - Paternal Origin,Transition - Purine/Purine,A>G
26790000,rs11161341,GA,GG,AA,1,100,30,NC_000015.10,Mutation NB - Maternal Origin,Transition - Purine/Purine,G>A
26790134,rs6576615,AA,GG,GG,100,67,15,NC_000015.10,Mutation NB - Paternal Origin,Transition - Purine/Purine,A>G
26790135,rs6576616,GG,AA,AA,100,67,15,NC_000015.10,Mutation NB - Paternal Origin,Transition - Purine/Purine,G>A
27172720,rs403269,AA,AC,CC,91,73,42,NC_000015.10,Mutation NB - Paternal Origin,Transversion - Purine/Pyrimidine,A>C
33315243,rs1567847,GG,TT,GG,91,100,12,NC_000015.10,Mutation NB - Maternal Origin,Transition - Purine/Purine,Transversion - Purine/Pyrimidine,T>G
36067813,rs789896,GG,AA,GG,85,76,0,NC_000015.10,Mutation NB - Maternal Origin,Transition - Purine/Purine,A>G
39063659,rs1368814,GG,AA,GG,91,91,9,NC_000015.10,Mutation NB - Maternal Origin,Transition - Purine/Purine,A>G
41211038,rs60461473,AA,CC,CC,73,67,0,NC_000015.10,Mutation NB - Paternal Origin,Transversion - Purine/Pyrimidine,A>C
41748040,.,TT,TT,TG,64,67,56,NC_000015.10,Mutation NB - Paternal Origin,Transition - Pyrimidine/Pyrimidine,Transversion - Purine/Pyrimidine,Unsolved
42138337,rs650392,GG,GG,GT,91,100,71,NC_000015.10,Mutation NB - Paternal Origin,Transversion - Purine/Pyrimidine,Unsolved
47459394,rs2059473,CC,TT,TT,91,91,9,NC_000015.10,Mutation NB - Paternal Origin,Transition - Pyrimidine/Pyrimidine,C>T
49842292,rs2413971,TT,TT,TC,100,82,99,NC_000015.10,Mutation NB - Maternal Origin,Transition - Pyrimidine/Pyrimidine,Unsolved
57393813,rs16977458,TT,TT,TG,88,70,65,NC_000015.10,Mutation NB - Maternal Origin,Transition - Pyrimidine/Pyrimidine,Transversion - Purine/Pyrimidine,Unsolved
58270071,rs12904030,CC,TT,TT,100,76,33,NC_000015.10,Mutation NB - Paternal Origin,Transition - Pyrimidine/Pyrimidine,C>T
58331839,rs76816314,TT,CC,CC,85,82,15,NC_000015.10,Mutation NB - Paternal Origin,Transition - Pyrimidine/Pyrimidine,T>C
58369891,rs62001733,AA,CC,AA,85,79,0,NC_000015.10,Mutation NB - Maternal Origin,Transversion - Purine/Pyrimidine,C>A
58495303,.,TT,TT,TC,73,76,50,NC_000015.10,Mutation NB - Paternal Origin,Transition - Pyrimidine/Pyrimidine,Unsolved
60842383,rs62006786,GG,GG,GT,100,88,71,NC_000015.10,Mutation NB - Maternal Origin,Transversion - Purine/Pyrimidine,Unsolved
62335711,rs289100,GC,CC,GG,76,88,0,NC_000015.10,Mutation NB - Maternal Origin,Transversion - Purine/Pyrimidine,C>G
66795230,rs12914506,AA,GG,GG,61,79,0,NC_000015.10,Mutation NB - Paternal Origin,Transition - Purine/Purine,A>G
66795231,rs12914066,GG,AA,AA,61,79,0,NC_000015.10,Mutation NB - Paternal Origin,Transition - Purine/Purine,G>A
68774480,.,TT,TT,TC,70,55,41,NC_000015.10,Mutation NB - Maternal Origin,Transition - Pyrimidine/Pyrimidine,Unsolved
69088462,rs16952807,GG,TT,TT,100,79,24,NC_000015.10,Mutation NB - Paternal Origin,Transversion - Purine/Pyrimidine,G>T
69725942,rs11072113,CC,CC,TC,13,28,14,NC_000015.10,Mutation NB - Paternal Origin,Transition - Pyrimidine/Pyrimidine,Unsolved
70362742,rs35301862,TT,CC,CC,91,85,12,NC_000015.10,Mutation NB - Paternal Origin,Transition - Pyrimidine/Pyrimidine,T>C
72818627,rs12907817,CC,AA,CC,100,73,0,NC_000015.10,Mutation NB - Maternal Origin,Transversion - Purine/Pyrimidine,A>C
77605657,.,AA,AA,AG,52,73,59,NC_000015.10,Mutation NB - Paternal Origin,Transition - Purine/Purine,Unsolved
77826362,rs11633959,CC,CC,CA,88,82,33,NC_000015.10,Mutation NB - Maternal Origin,Transversion - Purine/Pyrimidine,Unsolved
78788456,rs3743058,CC,TT,CC,85,91,0,NC_000015.10,Mutation NB - Maternal Origin,Transition - Pyrimidine/Pyrimidine,T>C
79205004,rs919968,GG,TT,TT,91,82,24,NC_000015.10,Mutation NB - Paternal Origin,Transversion - Purine/Pyrimidine,G>T
79918398,rs8026908,AA,GG,GG,88,85,15,NC_000015.10,Mutation NB - Paternal Origin,Transition - Purine/Purine,A>G
80465532,.,TT,TT,TC,79,88,56,NC_000015.10,Mutation NB - Paternal Origin,Transition - Pyrimidine/Pyrimidine,Unsolved
80593850,rs8033706,TT,CC,TT,82,82,0,NC_000015.10,Mutation NB - Maternal Origin,Transition - Pyrimidine/Pyrimidine,C>T
81692111,rs7180569,AA,AG,GG,100,73,30,NC_000015.10,Mutation NB - Paternal Origin,Transition - Purine/Purine,A>G
83806187,rs7175491,TT,TT,TC,100,82,99,NC_000015.10,Mutation NB - Maternal Origin,Transition - Pyrimidine/Pyrimidine,Unsolved
85759504,rs3743336,AA,AA,AT,100,79,33,NC_000015.10,Mutation NB - Maternal Origin,Transversion - Purine/Pyrimidine,Unsolved
86554661,rs10162993,CC,CC,CA,79,64,79,NC_000015.10,Mutation NB - Maternal Origin,Transversion - Purine/Pyrimidine,Unsolved
86936056,rs4887521,CG,GG,CC,8,67,21,NC_000015.10,Mutation NB - Maternal Origin,Transversion - Purine/Pyrimidine,G>C
88110364,rs3784413,TT,CC,CC,100,79,12,NC_000015.10,Mutation NB - Paternal Origin,Transition - Pyrimidine/Pyrimidine,T>C
88110390,rs3825883,AA,GG,GG,100,79,12,NC_000015.10,Mutation NB - Paternal Origin,Transition - Purine/Purine,A>G
88655329,rs8041687,AA,AG,GG,100,76,45,NC_000015.10,Mutation NB - Paternal Origin,Transition - Purine/Purine,A>G
89829391,rs34549499,GG,GG,GA,70,100,33,NC_000015.10,Mutation NB - Paternal Origin,Transition - Purine/Purine,Unsolved
90818383,.,GG,GG,GA,43,67,62,NC_000015.10,Mutation NB - Paternal Origin,Transition - Purine/Purine,Unsolved
93409321,.,CC,CC,CT,88,73,39,NC_000015.10,Mutation NB - Maternal Origin,Transition - Pyrimidine/Pyrimidine,Unsolved
93792864,rs7163767,AA,AG,GG,100,1,24,NC_000015.10,Mutation NB - Paternal Origin,Transition - Purine/Purine,A>G
94505433,rs7178043,GG,GA,AA,100,1,12,NC_000015.10,Mutation NB - Paternal Origin,Transition - Purine/Purine,G>A
95228917,rs969587,AA,TT,AA,85,79,0,NC_000015.10,Mutation NB - Maternal Origin,Transversion - Purine/Pyrimidine,T>A
95779223,.,AA,AA,AG,67,46,47,NC_000015.10,Mutation NB - Maternal Origin,Transition - Purine/Purine,Unsolved
98162534,rs35474027,AG,AA,GG,25,100,9,NC_000015.10,Mutation NB - Maternal Origin,Transition - Purine/Purine,A>G
98162536,rs34042054,GA,GG,AA,25,100,9,NC_000015.10,Mutation NB - Maternal Origin,Transition - Purine/Purine,G>A
100084642,rs4965582,GG,GG,GA,100,85,99,NC_000015.10,Mutation NB - Maternal Origin,Transition - Purine/Purine,Unsolved
100128351,rs11856684,TT,CC,CC,85,73,0,NC_000015.10,Mutation NB - Paternal Origin,Transition - Pyrimidine/Pyrimidine,T>C
100859934,rs2041332992,TT,TT,TC,73,67,41,NC_000015.10,Mutation NB - Maternal Origin,Transition - Pyrimidine/Pyrimidine,Unsolved
231277,rs1393697327,GG,GG,GA,64,79,56,NC_000016.10,Mutation NB - Paternal Origin,Transition - Purine/Purine,Unsolved
1486676,rs12928073,CA,CC,AA,42,76,15,NC_000016.10,Mutation NB - Maternal Origin,Transversion - Purine/Pyrimidine,C>A
1788835,rs1065656,GG,CG,CC,91,73,0,NC_000016.10,Mutation NB - Paternal Origin,Transversion - Purine/Pyrimidine,G>C
1936979,rs61613871,GG,CC,CC,61,73,0,NC_000016.10,Mutation NB - Paternal Origin,Transversion - Purine/Pyrimidine,G>C
1937057,rs9928312,GG,AA,AA,88,88,0,NC_000016.10,Mutation NB - Paternal Origin,Transition - Purine/Purine,G>A
1971104,rs8055439,TT,TC,CC,100,1,15,NC_000016.10,Mutation NB - Paternal Origin,Transition - Pyrimidine/Pyrimidine,T>C
2047371,.,CC,CC,CG,67,64,59,NC_000016.10,Mutation NB - Maternal Origin,Transversion - Purine/Pyrimidine,Unsolved
2173972,.,AA,AA,AG,31,55,47,NC_000016.10,Mutation NB - Paternal Origin,Transition - Purine/Purine,Unsolved
2426135,rs4786280,GG,TT,TT,85,82,0,NC_000016.10,Mutation NB - Paternal Origin,Transversion - Purine/Pyrimidine,G>T
2739729,rs3094787,CC,TT,CC,61,85,15,NC_000016.10,Mutation NB - Maternal Origin,Transition - Pyrimidine/Pyrimidine,T>C
4575273,rs1256768,AA,AA,AG,55,100,89,NC_000016.10,Mutation NB - Paternal Origin,Transition - Purine/Purine,Unsolved
4660414,.,CC,CC,CT,76,76,53,NC_000016.10,Mutation NB - Paternal or Maternal,Transition - Pyrimidine/Pyrimidine,Unsolved
4698122,.,AA,AA,AG,91,79,53,NC_000016.10,Mutation NB - Maternal Origin,Transition - Purine/Purine,Unsolved
4869603,.,TT,TT,TC,43,61,41,NC_000016.10,Mutation NB - Paternal Origin,Transition - Pyrimidine/Pyrimidine,Unsolved
4884358,.,CC,CC,CT,58,52,47,NC_000016.10,Mutation NB - Maternal Origin,Transition - Pyrimidine/Pyrimidine,Unsolved
4941276,rs11861717,CA,AA,CC,1,88,30,NC_000016.10,Mutation NB - Maternal Origin,A>C
5064721,.,GG,GG,GA,88,85,52,NC_000016.10,Mutation NB - Maternal Origin,Transition - Purine/Purine,Unsolved
5385228,rs62019564,AA,GG,AA,76,88,9,NC_000016.10,Mutation NB - Maternal Origin,Transition - Purine/Purine,G>A
5814961,rs66912256,AA,AA,TT,100,100,27,NC_000016.10,Mutation NB - Paternal or Maternal,Transversion - Purine/Pyrimidine,Unsolved
6884203,rs1492377,CT,CC,TT,38,79,18,NC_000016.10,Mutation NB - Maternal Origin,Transversion - Purine/Pyrimidine,C>T
6885267,rs8047883,GA,GG,AA,1,88,9,NC_000016.10,Mutation NB - Maternal Origin,Transition - Purine/Purine,G>A
7702702,.,AA,AA,AG,79,58,44,NC_000016.10,Mutation NB - Maternal Origin,Transition - Purine/Purine,Unsolved
10415089,.,AA,AA,AG,79,55,47,NC_000016.10,Mutation NB - Maternal Origin,Transition - Purine/Purine,Unsolved
11404723,rs7200035,GG,GG,GA,100,67,99,NC_000016.10,Mutation NB - Maternal Origin,Transition - Purine/Purine,Unsolved
12496813,rs11639922,AA,GG,AA,82,88,0,NC_000016.10,Mutation NB - Maternal Origin,Transition - Purine/Purine,G>A
12630515,rs11645780,TA,TT,AA,70,100,24,NC_000016.10,Mutation NB - Maternal Origin,Transversion - Purine/Pyrimidine,T>A
12630523,rs8046198,TC,TT,CC,70,100,24,NC_000016.10,Mutation NB - Maternal Origin,Transition - Pyrimidine/Pyrimidine,T>C
12630562,rs77217443,GG,GG,GC,85,100,55,NC_000016.10,Mutation NB - Paternal Origin,Transition - Purine/Purine,Transversion - Purine/Pyrimidine,Unsolved
12868275,rs1368754,GG,CC,GG,91,100,9,NC_000016.10,Mutation NB - Maternal Origin,Transversion - Purine/Pyrimidine,C>G
19140426,rs11074366,CC,CC,TC,46,73,0,NC_000016.10,Mutation NB - Paternal Origin,Transition - Pyrimidine/Pyrimidine,Unsolved
19140455,rs11074367,TT,TT,CT,46,73,0,NC_000016.10,Mutation NB - Paternal Origin,Transition - Pyrimidine/Pyrimidine,Unsolved
23537822,.,CC,CC,CT,85,58,43,NC_000016.10,Mutation NB - Maternal Origin,Transition - Pyrimidine/Pyrimidine,Unsolved
27647020,rs1296242695,AA,AA,AC,80,100,41,NC_000016.10,Mutation NB - Paternal Origin,Transversion - Purine/Pyrimidine,Unsolved
27986493,rs10438535,GA,AA,GG,2,76,18,NC_000016.10,Mutation NB - Maternal Origin,Transition - Purine/Purine,A>G
50525625,.,GG,GG,GT,52,76,50,NC_000016.10,Mutation NB - Paternal Origin,Transversion - Purine/Pyrimidine,Unsolved
51489245,rs58188992,AA,GG,AA,73,88,9,NC_000016.10,Mutation NB - Maternal Origin,Transition - Purine/Purine,G>A
53099995,rs12232435,CG,CC,GG,38,76,9,NC_000016.10,Mutation NB - Maternal Origin,Transversion - Purine/Pyrimidine,C>G
53872187,rs8060649,GA,AA,GG,35,91,0,NC_000016.10,Mutation NB - Maternal Origin,Transition - Purine/Purine,A>G
54897067,rs112465968,GG,GA,AA,88,33,9,NC_000016.10,Mutation NB - Paternal Origin,Transition - Purine/Purine,G>A
55157185,rs12597549,TT,TT,TC,100,82,99,NC_000016.10,Mutation NB - Maternal Origin,Transition - Pyrimidine/Pyrimidine,Unsolved
55270149,rs4238777,CC,GG,CC,88,100,27,NC_000016.10,Mutation NB - Maternal Origin,Transversion - Purine/Pyrimidine,G>C
56306311,rs3790099,CC,GG,CC,91,91,24,NC_000016.10,Mutation NB - Maternal Origin,Transversion - Purine/Pyrimidine,G>C
57415094,rs61737346,TT,TT,TC,100,82,40,NC_000016.10,Mutation NB - Maternal Origin,Transition - Pyrimidine/Pyrimidine,Unsolved
57570627,.,GG,GG,GA,61,49,50,NC_000016.10,Mutation NB - Maternal Origin,Transition - Purine/Purine,Unsolved
58038665,rs769154822,CC,TT,CC,88,61,9,NC_000016.10,Mutation NB - Maternal Origin,Transition - Pyrimidine/Pyrimidine,T>C
58038666,rs1436426,AA,GG,AA,88,61,9,NC_000016.10,Mutation NB - Maternal Origin,Transition - Purine/Purine,G>A
59097214,rs117012049,GG,GG,GA,70,88,99,NC_000016.10,Mutation NB - Paternal Origin,Transition - Purine/Purine,Unsolved
65770044,.,AA,AA,AG,55,67,62,NC_000016.10,Mutation NB - Paternal Origin,Transition - Purine/Purine,Unsolved
68377259,rs10775304,CC,CT,TT,100,82,21,NC_000016.10,Mutation NB - Paternal Origin,Transition - Pyrimidine/Pyrimidine,C>T
68704474,rs7194529,TA,AA,TT,1,58,0,NC_000016.10,Mutation NB - Maternal Origin,Transversion - Purine/Pyrimidine,A>T
70686727,rs35874206,CC,CC,GC,95,88,65,NC_000016.10,Mutation NB - Maternal Origin,Transversion - Purine/Pyrimidine,Unsolved
77044745,rs176187,AA,GA,GG,88,70,15,NC_000016.10,Mutation NB - Paternal Origin,Transition - Purine/Purine,A>G
78032518,rs2030160134,AA,AA,AG,85,82,47,NC_000016.10,Mutation NB - Maternal Origin,Transition - Purine/Purine,Unsolved
78092423,rs34967858,GG,GG,GC,100,67,99,NC_000016.10,Mutation NB - Maternal Origin,Transition - Purine/Purine,Transversion - Purine/Pyrimidine,Unsolved
81548995,rs12928588,GG,GA,AA,100,1,45,NC_000016.10,Mutation NB - Paternal Origin,Transition - Purine/Purine,G>A
82501178,rs57009751,TT,AA,TT,85,91,2,NC_000016.10,Mutation NB - Maternal Origin,Transversion - Purine/Pyrimidine,A>T
82502651,rs1865229,TT,CC,CC,91,85,9,NC_000016.10,Mutation NB - Paternal Origin,Transition - Pyrimidine/Pyrimidine,T>C
83129288,rs17280004,CC,GG,CC,91,91,0,NC_000016.10,Mutation NB - Maternal Origin,Transversion - Purine/Pyrimidine,G>C
83943293,.,AA,AA,AG,31,55,59,NC_000016.10,Mutation NB - Paternal Origin,Transition - Purine/Purine,Unsolved
83947645,rs2245222,GG,GA,AA,85,32,9,NC_000016.10,Mutation NB - Paternal Origin,Transition - Purine/Purine,G>A
84600206,rs4783031,CC,CC,CG,100,67,99,NC_000016.10,Mutation NB - Maternal Origin,Transversion - Purine/Pyrimidine,Unsolved
85006126,rs6564093,GG,GG,GA,100,67,33,NC_000016.10,Mutation NB - Maternal Origin,Transition - Purine/Purine,Unsolved
85142142,rs11149713,AA,TT,AA,91,79,15,NC_000016.10,Mutation NB - Maternal Origin,Transversion - Purine/Pyrimidine,T>A
85332432,rs55912494,CC,CC,CT,85,100,98,NC_000016.10,Mutation NB - Paternal Origin,Transition - Pyrimidine/Pyrimidine,Unsolved
85332569,rs56341712,CC,CC,CT,88,100,49,NC_000016.10,Mutation NB - Paternal Origin,Transition - Pyrimidine/Pyrimidine,Unsolved
85332605,rs55972124,GG,GG,GA,88,100,59,NC_000016.10,Mutation NB - Paternal Origin,Transition - Purine/Purine,Unsolved
85647228,.,CC,CC,CT,49,58,39,NC_000016.10,Mutation NB - Paternal Origin,Transition - Pyrimidine/Pyrimidine,Unsolved
86045398,rs4843336,CC,TC,TT,82,29,0,NC_000016.10,Mutation NB - Paternal Origin,Transition - Pyrimidine/Pyrimidine,C>T
86060345,rs7201535,CC,TT,TT,91,85,24,NC_000016.10,Mutation NB - Paternal Origin,Transition - Pyrimidine/Pyrimidine,C>T
86116891,rs12711493,TT,AA,AA,100,76,42,NC_000016.10,Mutation NB - Paternal Origin,Transversion - Purine/Pyrimidine,T>A
86447077,rs11646726,GG,GG,GA,100,91,99,NC_000016.10,Mutation NB - Maternal Origin,Transition - Purine/Purine,Unsolved
86553684,rs989875966,CC,CC,CT,76,58,54,NC_000016.10,Mutation NB - Maternal Origin,Transition - Pyrimidine/Pyrimidine,Unsolved
87660553,rs9924812,CC,TT,TT,100,85,15,NC_000016.10,Mutation NB - Paternal Origin,Transition - Pyrimidine/Pyrimidine,C>T
88553787,rs2879897,TT,GG,TT,37,64,0,NC_000016.10,Mutation NB - Maternal Origin,Transversion - Purine/Pyrimidine,G>T
88734377,rs35265318,TT,CC,CC,88,79,9,NC_000016.10,Mutation NB - Paternal Origin,Transition - Pyrimidine/Pyrimidine,T>C
88734406,rs35353288,AA,GG,GG,88,79,9,NC_000016.10,Mutation NB - Paternal Origin,Transition - Purine/Purine,A>G
88850259,rs78576147,AA,CC,CC,88,85,18,NC_000016.10,Mutation NB - Paternal Origin,Transversion - Purine/Pyrimidine,A>C
88975926,rs7193421,TT,TT,GG,100,82,18,NC_000016.10,Mutation NB - Maternal Origin,Transition - Purine/Purine,Transversion - Purine/Pyrimidine,Unsolved
88996325,rs10852633,CT,TT,CC,48,82,15,NC_000016.10,Mutation NB - Maternal Origin,Transition - Pyrimidine/Pyrimidine,T>C
89332214,rs3102373,CC,TT,TT,85,100,15,NC_000016.10,Mutation NB - Paternal Origin,Transition - Pyrimidine/Pyrimidine,C>T
918755,rs55758827,CC,CC,CT,100,76,81,NC_000017.11,Mutation NB - Maternal Origin,Transition - Pyrimidine/Pyrimidine,Unsolved
1507163,rs78092914,GG,GC,CC,85,66,9,NC_000017.11,Mutation NB - Paternal Origin,Transversion - Purine/Pyrimidine,G>C
1844581,.,TT,TT,TC,82,88,65,NC_000017.11,Mutation NB - Paternal Origin,Transition - Pyrimidine/Pyrimidine,Unsolved
2075894,rs4790311,CC,TT,TT,82,82,0,NC_000017.11,Mutation NB - Paternal Origin,Transition - Pyrimidine/Pyrimidine,C>T
2395857,rs2066574432,AA,AA,AG,76,91,53,NC_000017.11,Mutation NB - Paternal Origin,Transition - Purine/Purine,Unsolved
2659916,rs1029743,AG,GG,AA,1,64,0,NC_000017.11,Mutation NB - Maternal Origin,Transition - Purine/Purine,G>A
2659967,rs1029744,TC,CC,TT,1,67,0,NC_000017.11,Mutation NB - Maternal Origin,Transversion - Purine/Pyrimidine,C>T
3523098,.,TT,TT,TC,79,70,59,NC_000017.11,Mutation NB - Maternal Origin,Transition - Pyrimidine/Pyrimidine,Unsolved
3532641,rs454738,CC,CC,CA,85,100,49,NC_000017.11,Mutation NB - Paternal Origin,Transversion - Purine/Pyrimidine,Unsolved
3769220,rs9916609,AA,CC,AA,88,88,24,NC_000017.11,Mutation NB - Maternal Origin,Transversion - Purine/Pyrimidine,C>A
4541256,rs1597377062,TT,TT,TG,88,67,50,NC_000017.11,Mutation NB - Maternal Origin,Transition - Pyrimidine/Pyrimidine,Transversion - Purine/Pyrimidine,Unsolved
4543373,rs185592714,CC,CC,CT,100,88,99,NC_000017.11,Mutation NB - Maternal Origin,Transition - Pyrimidine/Pyrimidine,Unsolved
5230512,rs2585292,AG,GG,AA,46,91,0,NC_000017.11,Mutation NB - Maternal Origin,Transition - Purine/Purine,G>A
6071723,rs916625,AA,AA,GG,100,100,12,NC_000017.11,Mutation NB - Paternal or Maternal,Transition - Purine/Purine,Unsolved
6292249,rs2215216,AA,GG,AA,85,91,21,NC_000017.11,Mutation NB - Maternal Origin,Transition - Purine/Purine,G>A
7065867,rs6416886,CT,TT,CC,29,85,0,NC_000017.11,Mutation NB - Maternal Origin,Transition - Pyrimidine/Pyrimidine,T>C
8503856,rs12939638,AA,GG,GG,88,85,12,NC_000017.11,Mutation NB - Paternal Origin,Transition - Purine/Purine,A>G
10666737,.,TT,TT,TC,76,64,41,NC_000017.11,Mutation NB - Maternal Origin,Transition - Pyrimidine/Pyrimidine,Unsolved
10831304,rs58258138,CC,TT,CC,79,88,15,NC_000017.11,Mutation NB - Maternal Origin,Transition - Pyrimidine/Pyrimidine,T>C
12708129,rs9894992,GG,GG,GA,100,73,99,NC_000017.11,Mutation NB - Maternal Origin,Transition - Purine/Purine,Unsolved
13657386,.,AA,AA,AG,88,79,56,NC_000017.11,Mutation NB - Maternal Origin,Transition - Purine/Purine,Unsolved
16122569,.,AA,AA,AG,76,76,53,NC_000017.11,Mutation NB - Paternal or Maternal,Transition - Purine/Purine,Unsolved
16422691,rs1129235,AA,AA,AC,67,100,59,NC_000017.11,Mutation NB - Paternal Origin,Transversion - Purine/Pyrimidine,Unsolved
16475606,rs1558243,TT,CC,TT,91,91,18,NC_000017.11,Mutation NB - Maternal Origin,Transition - Pyrimidine/Pyrimidine,C>T
17456305,rs16961756,GG,AA,GG,79,100,24,NC_000017.11,Mutation NB - Maternal Origin,Transition - Purine/Purine,A>G
17981233,rs4072738,AA,AC,CC,55,1,24,NC_000017.11,Mutation NB - Paternal Origin,Transversion - Purine/Pyrimidine,A>C
19333621,.,AA,AA,AG,34,34,51,NC_000017.11,Mutation NB - Paternal or Maternal,Transition - Purine/Purine,Unsolved
19337580,rs1481584653,AA,AA,AG,49,64,50,NC_000017.11,Mutation NB - Paternal Origin,Transition - Purine/Purine,Unsolved
20054377,rs79639330,CC,TT,CC,67,91,33,NC_000017.11,Mutation NB - Maternal Origin,Transition - Pyrimidine/Pyrimidine,T>C
20896355,rs111924413,GG,GG,GT,64,64,46,NC_000017.11,Mutation NB - Paternal or Maternal,Transversion - Purine/Pyrimidine,Unsolved
21245709,.,TT,TT,TA,46,52,47,NC_000017.11,Mutation NB - Paternal Origin,Transition - Pyrimidine/Pyrimidine,Transversion - Purine/Pyrimidine,Unsolved
21385463,rs28719058,GG,AA,AA,100,91,9,NC_000017.11,Mutation NB - Paternal Origin,Transition - Purine/Purine,G>A
21385725,rs55865652,CC,TT,CC,70,85,0,NC_000017.11,Mutation NB - Maternal Origin,Transition - Pyrimidine/Pyrimidine,T>C
21708819,rs1399206857,GG,GG,GT,91,100,65,NC_000017.11,Mutation NB - Paternal Origin,Transversion - Purine/Pyrimidine,Unsolved
22286656,rs141852456,CC,AA,AA,92,76,39,NC_000017.11,Mutation NB - Paternal Origin,Transversion - Purine/Pyrimidine,C>A
27655825,rs9897292,TT,AA,AA,91,91,9,NC_000017.11,Mutation NB - Paternal Origin,Transversion - Purine/Pyrimidine,T>A
29837990,rs78324024,CT,CC,TT,1,76,24,NC_000017.11,Mutation NB - Maternal Origin,Transversion - Purine/Pyrimidine,C>T
31852521,.,AA,AA,AG,70,61,57,NC_000017.11,Mutation NB - Maternal Origin,Transition - Purine/Purine,Unsolved
32601001,rs321169,GG,GG,AG,85,58,99,NC_000017.11,Mutation NB - Maternal Origin,Transition - Purine/Purine,Unsolved
40011330,rs1468898495,CC,CC,CT,85,82,45,NC_000017.11,Mutation NB - Maternal Origin,Transition - Pyrimidine/Pyrimidine,Unsolved
40015883,rs369344796,CC,CC,CT,58,100,92,NC_000017.11,Mutation NB - Paternal Origin,Transition - Pyrimidine/Pyrimidine,Unsolved
40016890,rs25645,GG,AA,GG,79,91,9,NC_000017.11,Mutation NB - Maternal Origin,Transition - Purine/Purine,A>G
42111147,.,TT,TT,TC,46,73,56,NC_000017.11,Mutation NB - Paternal Origin,Transition - Pyrimidine/Pyrimidine,Unsolved
44990622,.,TT,TT,TA,61,73,80,NC_000017.11,Mutation NB - Paternal Origin,Transition - Pyrimidine/Pyrimidine,Transversion - Purine/Pyrimidine,Unsolved
45290287,rs7222094,TT,TT,CC,85,100,12,NC_000017.11,Mutation NB - Paternal Origin,Transition - Pyrimidine/Pyrimidine,Unsolved
47729700,rs148444689,CC,TT,CC,91,91,9,NC_000017.11,Mutation NB - Maternal Origin,Transition - Pyrimidine/Pyrimidine,T>C
48003489,.,AA,AA,AC,88,76,59,NC_000017.11,Mutation NB - Maternal Origin,Transversion - Purine/Pyrimidine,Unsolved
48262250,rs2123344,GG,AA,GG,88,76,0,NC_000017.11,Mutation NB - Maternal Origin,Transition - Purine/Purine,A>G
49438906,rs72837217,AA,AA,AG,100,100,40,NC_000017.11,Mutation NB - Paternal or Maternal,Transition - Purine/Purine,Unsolved
50539138,rs1434099488,TT,TT,TC,91,88,56,NC_000017.11,Mutation NB - Maternal Origin,Transition - Pyrimidine/Pyrimidine,Unsolved
53568764,rs9914843,TT,TT,CC,100,82,21,NC_000017.11,Mutation NB - Maternal Origin,Transition - Pyrimidine/Pyrimidine,Unsolved
57529261,rs11868869,CC,CT,TT,100,1,33,NC_000017.11,Mutation NB - Paternal Origin,Transition - Pyrimidine/Pyrimidine,C>T
60769418,rs8069867,GG,GG,AA,91,100,9,NC_000017.11,Mutation NB - Paternal Origin,Transition - Purine/Purine,Unsolved
61318319,rs67343213,GG,GG,GA,100,85,30,NC_000017.11,Mutation NB - Maternal Origin,Transition - Purine/Purine,Unsolved
61318604,rs3785852,TT,TT,TA,100,91,72,NC_000017.11,Mutation NB - Maternal Origin,Transition - Pyrimidine/Pyrimidine,Transversion - Purine/Pyrimidine,Unsolved
64200687,.,AA,AA,AG,86,64,41,NC_000017.11,Mutation NB - Maternal Origin,Transition - Purine/Purine,Unsolved
66403485,rs9674779,GG,AA,GG,79,100,12,NC_000017.11,Mutation NB - Maternal Origin,Transition - Purine/Purine,A>G
66650802,rs55973209,CC,TT,CC,91,79,0,NC_000017.11,Mutation NB - Maternal Origin,Transition - Pyrimidine/Pyrimidine,T>C
66930158,.,TT,TT,TC,70,64,53,NC_000017.11,Mutation NB - Maternal Origin,Transition - Pyrimidine/Pyrimidine,Unsolved
67469308,rs7207177,CC,CC,CT,79,100,99,NC_000017.11,Mutation NB - Paternal Origin,Transition - Pyrimidine/Pyrimidine,Unsolved
70149144,rs71375773,CC,TT,CC,88,73,27,NC_000017.11,Mutation NB - Maternal Origin,Transition - Pyrimidine/Pyrimidine,T>C
72389160,rs11655269,TT,GG,GG,100,64,24,NC_000017.11,Mutation NB - Paternal Origin,Transversion - Purine/Pyrimidine,T>G
73444216,.,AA,AA,AG,73,67,68,NC_000017.11,Mutation NB - Maternal Origin,Transition - Purine/Purine,Unsolved
74550979,rs17462688,AG,GG,AA,38,85,12,NC_000017.11,Mutation NB - Maternal Origin,Transition - Purine/Purine,G>A
74598955,rs527301,AA,GG,GG,100,52,51,NC_000017.11,Mutation NB - Paternal Origin,Transition - Purine/Purine,A>G
74695746,rs59859657,CC,CC,CT,85,88,99,NC_000017.11,Mutation NB - Paternal Origin,Transition - Pyrimidine/Pyrimidine,Unsolved
74737953,.,TT,TT,TC,85,73,46,NC_000017.11,Mutation NB - Maternal Origin,Transition - Pyrimidine/Pyrimidine,Unsolved
74959132,rs902727,CC,GG,GG,100,88,9,NC_000017.11,Mutation NB - Paternal Origin,Transversion - Purine/Pyrimidine,C>G
75501358,rs8075850,GA,AA,GG,1,76,39,NC_000017.11,Mutation NB - Maternal Origin,Transition - Purine/Purine,A>G
75876337,rs758168822,TT,TT,TC,58,70,47,NC_000017.11,Mutation NB - Paternal Origin,Transition - Pyrimidine/Pyrimidine,Unsolved
75892181,rs150111787,GG,GG,GA,43,100,99,NC_000017.11,Mutation NB - Paternal Origin,Transition - Purine/Purine,Unsolved
76154032,rs754706,TC,TT,CC,2,91,9,NC_000017.11,Mutation NB - Maternal Origin,Transition - Pyrimidine/Pyrimidine,T>C
76925605,rs12450144,GG,GG,GC,73,85,58,NC_000017.11,Mutation NB - Paternal Origin,Transition - Purine/Purine,Transversion - Purine/Pyrimidine,Unsolved
77035247,rs12452928,GG,GG,GA,91,100,30,NC_000017.11,Mutation NB - Paternal Origin,Transition - Purine/Purine,Unsolved
77521601,rs1865740,TT,GG,GG,91,82,0,NC_000017.11,Mutation NB - Paternal Origin,Transversion - Purine/Pyrimidine,T>G
77768953,.,AA,AA,AG,79,67,60,NC_000017.11,Mutation NB - Maternal Origin,Transition - Purine/Purine,Unsolved
77768983,.,TT,TT,TC,79,70,59,NC_000017.11,Mutation NB - Maternal Origin,Transition - Pyrimidine/Pyrimidine,Unsolved
77842339,rs4789506,AT,TT,AA,32,70,0,NC_000017.11,Mutation NB - Maternal Origin,Transversion - Purine/Pyrimidine,T>A
78251955,rs34219567,AA,GG,AA,91,88,9,NC_000017.11,Mutation NB - Maternal Origin,Transition - Purine/Purine,G>A
78318180,rs8076327,CT,CC,TT,1,52,12,NC_000017.11,Mutation NB - Maternal Origin,Transversion - Purine/Pyrimidine,C>T
78414790,rs3744216,AA,GA,GG,91,1,0,NC_000017.11,Mutation NB - Paternal Origin,Transition - Purine/Purine,A>G
78933797,rs8066116,CC,TT,TT,100,91,15,NC_000017.11,Mutation NB - Paternal Origin,Transition - Pyrimidine/Pyrimidine,C>T
79353638,rs4790015,AA,CC,CC,83,67,9,NC_000017.11,Mutation NB - Paternal Origin,Transversion - Purine/Pyrimidine,A>C
79509026,rs34195330,AA,GG,GG,95,76,12,NC_000017.11,Mutation NB - Paternal Origin,Transition - Purine/Purine,A>G
79706516,rs9902367,GG,AG,AA,88,1,45,NC_000017.11,Mutation NB - Paternal Origin,Transition - Purine/Purine,G>A
80133703,.,CC,CC,CT,70,100,92,NC_000017.11,Mutation NB - Paternal Origin,Transition - Pyrimidine/Pyrimidine,Unsolved
80556500,rs11651818,CC,TT,CC,67,85,24,NC_000017.11,Mutation NB - Maternal Origin,Transition - Pyrimidine/Pyrimidine,T>C
81144453,rs4969258,CC,CT,TT,100,25,27,NC_000017.11,Mutation NB - Paternal Origin,Transition - Pyrimidine/Pyrimidine,C>T
81559376,rs4073997,CC,GG,GG,70,91,33,NC_000017.11,Mutation NB - Paternal Origin,Transversion - Purine/Pyrimidine,C>G
81735419,rs909843570,CC,CC,CT,82,85,99,NC_000017.11,Mutation NB - Paternal Origin,Transition - Pyrimidine/Pyrimidine,Unsolved
82121559,rs11654584,TT,TT,TA,100,67,59,NC_000017.11,Mutation NB - Maternal Origin,Transition - Pyrimidine/Pyrimidine,Transversion - Purine/Pyrimidine,Unsolved
82404257,.,AA,AA,AG,88,85,41,NC_000017.11,Mutation NB - Maternal Origin,Transition - Purine/Purine,Unsolved
2167004,rs550046,AA,GG,GG,88,58,12,NC_000018.10,Mutation NB - Paternal Origin,Transition - Purine/Purine,A>G
2167058,rs59693443,AA,GG,GG,88,61,12,NC_000018.10,Mutation NB - Paternal Origin,Transition - Purine/Purine,A>G
2842682,rs67613849,AA,AG,GG,67,35,12,NC_000018.10,Mutation NB - Paternal Origin,Transition - Purine/Purine,A>G
2907567,rs2076920738,AA,AA,AG,73,52,59,NC_000018.10,Mutation NB - Maternal Origin,Transition - Purine/Purine,Unsolved
4087297,rs7506071,GG,GG,GA,100,49,99,NC_000018.10,Mutation NB - Maternal Origin,Transition - Purine/Purine,Unsolved
5539503,rs1785403,GG,GG,GC,100,43,99,NC_000018.10,Mutation NB - Maternal Origin,Transition - Purine/Purine,Transversion - Purine/Pyrimidine,Unsolved
6094053,rs12326344,AA,AA,AC,85,70,99,NC_000018.10,Mutation NB - Maternal Origin,Transversion - Purine/Pyrimidine,Unsolved
6308410,rs343238,GG,GT,TT,88,2,30,NC_000018.10,Mutation NB - Paternal Origin,Transversion - Purine/Pyrimidine,G>T
8437524,rs625906,AA,TT,AA,85,88,0,NC_000018.10,Mutation NB - Maternal Origin,Transversion - Purine/Pyrimidine,T>A
9678969,rs8092322,TT,CC,TT,82,79,48,NC_000018.10,Mutation NB - Maternal Origin,Transition - Pyrimidine/Pyrimidine,C>T
10579545,rs6505573,GG,AA,GG,100,85,0,NC_000018.10,Mutation NB - Maternal Origin,Transition - Purine/Purine,A>G
12042204,rs2851914,GG,AG,AA,82,1,0,NC_000018.10,Mutation NB - Paternal Origin,Transition - Purine/Purine,G>A
12057196,rs9959517,GG,AA,AA,91,100,9,NC_000018.10,Mutation NB - Paternal Origin,Transition - Purine/Purine,G>A
12318643,rs6505751,TT,CC,TT,88,100,24,NC_000018.10,Mutation NB - Maternal Origin,Transition - Pyrimidine/Pyrimidine,C>T
12550403,rs958874512,TT,TT,TC,43,67,46,NC_000018.10,Mutation NB - Paternal Origin,Transition - Pyrimidine/Pyrimidine,Unsolved
13430357,rs9960108,CC,CC,CG,91,76,53,NC_000018.10,Mutation NB - Maternal Origin,Transversion - Purine/Pyrimidine,Unsolved
13453921,.,AA,AA,AG,70,70,47,NC_000018.10,Mutation NB - Paternal or Maternal,Transition - Purine/Purine,Unsolved
14295101,rs113314744,GG,TT,TT,73,70,18,NC_000018.10,Mutation NB - Paternal Origin,Transversion - Purine/Pyrimidine,G>T
14431415,rs8097139,CC,CC,CA,82,76,99,NC_000018.10,Mutation NB - Maternal Origin,Transversion - Purine/Pyrimidine,Unsolved
22717912,rs8086622,CC,AA,AA,85,85,9,NC_000018.10,Mutation NB - Paternal Origin,Transversion - Purine/Pyrimidine,C>A
24398658,rs1257380576,GG,GG,GA,88,61,53,NC_000018.10,Mutation NB - Maternal Origin,Transition - Purine/Purine,Unsolved
24431563,.,GG,GG,GA,79,85,83,NC_000018.10,Mutation NB - Paternal Origin,Transition - Purine/Purine,Unsolved
28248547,rs11877930,CC,TC,TT,91,35,0,NC_000018.10,Mutation NB - Paternal Origin,Transition - Pyrimidine/Pyrimidine,C>T
29273777,.,AA,AA,AG,70,52,50,NC_000018.10,Mutation NB - Maternal Origin,Transition - Purine/Purine,Unsolved
30208342,.,AA,AA,AG,70,76,43,NC_000018.10,Mutation NB - Paternal Origin,Transition - Purine/Purine,Unsolved
31570512,rs1941931,TT,CC,TT,73,91,27,NC_000018.10,Mutation NB - Maternal Origin,Transition - Pyrimidine/Pyrimidine,C>T
33383781,rs6507017,TT,CC,CC,91,70,18,NC_000018.10,Mutation NB - Paternal Origin,Transition - Pyrimidine/Pyrimidine,T>C
34138236,rs11873593,CC,CC,TC,85,76,62,NC_000018.10,Mutation NB - Maternal Origin,Transition - Pyrimidine/Pyrimidine,Unsolved
35818483,rs62100717,GG,GG,GT,79,88,65,NC_000018.10,Mutation NB - Paternal Origin,Transversion - Purine/Pyrimidine,Unsolved
37425518,rs10048364,AA,AA,AG,91,91,71,NC_000018.10,Mutation NB - Paternal or Maternal,Transition - Purine/Purine,Unsolved
38985449,.,AA,AA,AG,61,49,41,NC_000018.10,Mutation NB - Maternal Origin,Transition - Purine/Purine,Unsolved
41458880,rs72900047,GG,GG,GA,91,67,99,NC_000018.10,Mutation NB - Maternal Origin,Transition - Purine/Purine,Unsolved
48333872,rs2046396945,AA,AA,AG,85,82,59,NC_000018.10,Mutation NB - Maternal Origin,Transition - Purine/Purine,Unsolved
49914837,rs137978797,GG,AA,AA,91,79,18,NC_000018.10,Mutation NB - Paternal Origin,Transition - Purine/Purine,G>A
50648678,rs12958523,AA,GG,GG,100,70,24,NC_000018.10,Mutation NB - Paternal Origin,Transition - Purine/Purine,A>G
59759900,rs1788853,TT,TT,TC,100,79,99,NC_000018.10,Mutation NB - Maternal Origin,Transition - Pyrimidine/Pyrimidine,Unsolved
60555176,rs598154,TT,TT,TC,61,100,99,NC_000018.10,Mutation NB - Paternal Origin,Transition - Pyrimidine/Pyrimidine,Unsolved
63285044,.,TT,TT,TA,91,82,65,NC_000018.10,Mutation NB - Maternal Origin,Transition - Pyrimidine/Pyrimidine,Transversion - Purine/Pyrimidine,Unsolved
64418271,rs1421521,AA,GA,GG,88,1,0,NC_000018.10,Mutation NB - Paternal Origin,Transition - Purine/Purine,A>G
64533970,rs10469267,CC,CC,TC,85,82,95,NC_000018.10,Mutation NB - Maternal Origin,Transition - Pyrimidine/Pyrimidine,Unsolved
67846826,rs72958241,CC,CC,CT,100,79,99,NC_000018.10,Mutation NB - Maternal Origin,Transition - Pyrimidine/Pyrimidine,Unsolved
70881322,rs12458619,GG,GA,AA,91,32,15,NC_000018.10,Mutation NB - Paternal Origin,Transition - Purine/Purine,G>A
71674877,rs1942401,CC,AC,AA,85,70,9,NC_000018.10,Mutation NB - Paternal Origin,Transversion - Purine/Pyrimidine,C>A
71674878,rs1942400,GG,TG,TT,85,70,9,NC_000018.10,Mutation NB - Paternal Origin,Transversion - Purine/Pyrimidine,G>T
74185307,rs869645,GG,AA,GG,100,91,9,NC_000018.10,Mutation NB - Maternal Origin,Transition - Purine/Purine,A>G
74276838,rs8086252,AA,AA,GA,88,76,9,NC_000018.10,Mutation NB - Maternal Origin,Transition - Purine/Purine,Unsolved
76759177,rs60137918,GG,GC,CC,91,1,9,NC_000018.10,Mutation NB - Paternal Origin,Transversion - Purine/Pyrimidine,G>C
76759461,rs7238410,CA,AA,CC,1,82,30,NC_000018.10,Mutation NB - Maternal Origin,A>C
77070387,rs60534233,GG,GA,AA,100,32,12,NC_000018.10,Mutation NB - Paternal Origin,Transition - Purine/Purine,G>A
77398013,.,GG,GG,GA,85,88,44,NC_000018.10,Mutation NB - Paternal Origin,Transition - Purine/Purine,Unsolved
77682029,rs165110,TT,TC,CC,79,38,2,NC_000018.10,Mutation NB - Paternal Origin,Transition - Pyrimidine/Pyrimidine,T>C
78679130,rs11081648,AA,AA,AG,76,100,65,NC_000018.10,Mutation NB - Paternal Origin,Transition - Purine/Purine,Unsolved
79773358,rs12958366,TT,CC,CC,100,67,21,NC_000018.10,Mutation NB - Paternal Origin,Transition - Pyrimidine/Pyrimidine,T>C
79898598,rs4798925,CC,CC,TC,82,85,23,NC_000018.10,Mutation NB - Paternal Origin,Transition - Pyrimidine/Pyrimidine,Unsolved
80184442,.,TT,TT,TC,58,43,53,NC_000018.10,Mutation NB - Maternal Origin,Transition - Pyrimidine/Pyrimidine,Unsolved
310369,rs72984416,TT,CC,CC,91,82,0,NC_000019.10,Mutation NB - Paternal Origin,Transition - Pyrimidine/Pyrimidine,T>C
1055192,rs3745842,GG,AA,GG,67,79,0,NC_000019.10,Mutation NB - Maternal Origin,Transition - Purine/Purine,A>G
1217561,rs3795063,CG,GG,CC,6,91,0,NC_000019.10,Mutation NB - Maternal Origin,Transversion - Purine/Pyrimidine,G>C
1533738,rs10853953,AA,AA,GG,91,100,15,NC_000019.10,Mutation NB - Paternal Origin,Transition - Purine/Purine,Unsolved
2364178,.,TT,TT,TC,67,58,56,NC_000019.10,Mutation NB - Maternal Origin,Transition - Pyrimidine/Pyrimidine,Unsolved
2424761,rs76105646,GG,GG,GA,82,100,99,NC_000019.10,Mutation NB - Paternal Origin,Transition - Purine/Purine,Unsolved
2565659,rs6510687,AA,GG,GG,100,82,27,NC_000019.10,Mutation NB - Paternal Origin,Transition - Purine/Purine,A>G
3358935,rs1399710195,GG,GG,GA,73,73,50,NC_000019.10,Mutation NB - Paternal or Maternal,Transition - Purine/Purine,Unsolved
3481000,rs67748282,AG,AA,GG,44,91,9,NC_000019.10,Mutation NB - Maternal Origin,Transition - Purine/Purine,A>G
3593580,rs12975567,AA,AA,AG,82,91,47,NC_000019.10,Mutation NB - Paternal Origin,Transition - Purine/Purine,Unsolved
4199842,rs6510793,AA,CC,AA,82,67,0,NC_000019.10,Mutation NB - Maternal Origin,Transversion - Purine/Pyrimidine,C>A
4294545,rs12977100,CC,TT,CC,79,88,0,NC_000019.10,Mutation NB - Maternal Origin,Transition - Pyrimidine/Pyrimidine,T>C
4689131,.,AA,AA,AG,34,61,41,NC_000019.10,Mutation NB - Paternal Origin,Transition - Purine/Purine,Unsolved
5086830,rs12976154,CC,CC,CT,76,100,91,NC_000019.10,Mutation NB - Paternal Origin,Transition - Pyrimidine/Pyrimidine,Unsolved
5086968,rs2620798,CC,GG,GG,100,82,24,NC_000019.10,Mutation NB - Paternal Origin,Transversion - Purine/Pyrimidine,C>G
5887026,rs11667261,TT,TA,AA,91,29,9,NC_000019.10,Mutation NB - Paternal Origin,Transversion - Purine/Pyrimidine,T>A
5995439,rs452767,TC,TT,CC,67,100,21,NC_000019.10,Mutation NB - Maternal Origin,Transition - Pyrimidine/Pyrimidine,T>C
6548164,rs348378,CC,TC,TT,58,1,0,NC_000019.10,Mutation NB - Paternal Origin,Transition - Pyrimidine/Pyrimidine,C>T
7553774,rs508740,GG,AA,GG,91,91,9,NC_000019.10,Mutation NB - Maternal Origin,Transition - Purine/Purine,A>G
7767778,rs2161525,TT,TT,TC,100,88,72,NC_000019.10,Mutation NB - Maternal Origin,Transition - Pyrimidine/Pyrimidine,Unsolved
7832707,rs62125114,AA,AG,GG,100,79,12,NC_000019.10,Mutation NB - Paternal Origin,Transition - Purine/Purine,A>G
7832743,rs55950843,TT,TC,CC,100,79,12,NC_000019.10,Mutation NB - Paternal Origin,Transition - Pyrimidine/Pyrimidine,T>C
8904688,rs202219452,AA,TT,AA,85,100,18,NC_000019.10,Mutation NB - Maternal Origin,Transversion - Purine/Pyrimidine,T>A
8904698,rs762855876,AA,CC,AT,85,100,37,NC_000019.10,Mutation NB - Maternal Origin,Transition - Pyrimidine/Pyrimidine,C>T
8904706,rs370037933,TT,CC,TT,85,100,18,NC_000019.10,Mutation NB - Maternal Origin,Transition - Pyrimidine/Pyrimidine,C>T
8904716,rs200412559,GG,AA,GG,85,100,18,NC_000019.10,Mutation NB - Maternal Origin,Transition - Purine/Purine,A>G
8904733,rs374736705,AA,GG,AA,85,100,18,NC_000019.10,Mutation NB - Maternal Origin,Transition - Purine/Purine,G>A
11493584,.,TT,TT,TA,70,79,47,NC_000019.10,Mutation NB - Paternal Origin,Transition - Pyrimidine/Pyrimidine,Transversion - Purine/Pyrimidine,Unsolved
11941429,rs1453634540,GG,GG,GA,85,73,48,NC_000019.10,Mutation NB - Maternal Origin,Transition - Purine/Purine,Unsolved
13186873,rs552367506,CC,CC,CT,67,79,53,NC_000019.10,Mutation NB - Paternal Origin,Transition - Pyrimidine/Pyrimidine,Unsolved
13756143,rs2910225,TT,CC,TT,85,95,21,NC_000019.10,Mutation NB - Maternal Origin,Transition - Pyrimidine/Pyrimidine,C>T
15723148,rs12975815,AA,GG,GG,91,79,30,NC_000019.10,Mutation NB - Paternal Origin,Transition - Purine/Purine,A>G
15900003,rs3093081,GG,GG,GA,100,43,17,NC_000019.10,Mutation NB - Maternal Origin,Transition - Purine/Purine,Unsolved
16802451,rs12327628,CC,CC,CA,91,100,68,NC_000019.10,Mutation NB - Paternal Origin,Transversion - Purine/Pyrimidine,Unsolved
17292605,rs113634768,CC,CG,GG,79,32,15,NC_000019.10,Mutation NB - Paternal Origin,Transversion - Purine/Pyrimidine,C>G
17805978,.,TT,TT,TC,70,58,41,NC_000019.10,Mutation NB - Maternal Origin,Transition - Pyrimidine/Pyrimidine,Unsolved
17809949,rs10407076,TT,GG,GG,100,91,12,NC_000019.10,Mutation NB - Paternal Origin,Transversion - Purine/Pyrimidine,T>G
18617768,rs111369268,GG,CC,GG,85,88,0,NC_000019.10,Mutation NB - Maternal Origin,Transversion - Purine/Pyrimidine,C>G
19054028,rs73008960,GG,GG,GT,100,76,99,NC_000019.10,Mutation NB - Maternal Origin,Transversion - Purine/Pyrimidine,Unsolved
19647381,rs892035,TT,CC,TT,79,88,0,NC_000019.10,Mutation NB - Maternal Origin,Transition - Pyrimidine/Pyrimidine,C>T
20565716,rs12979592,AA,CC,AA,88,100,9,NC_000019.10,Mutation NB - Maternal Origin,Transversion - Purine/Pyrimidine,C>A
20661725,rs3853383,AA,AA,TA,76,79,5,NC_000019.10,Mutation NB - Paternal Origin,Transversion - Purine/Pyrimidine,Unsolved
22498433,rs2957853,GG,CC,GG,49,100,45,NC_000019.10,Mutation NB - Maternal Origin,Transversion - Purine/Pyrimidine,C>G
27622748,rs12974837,AA,AA,CA,91,58,86,NC_000019.10,Mutation NB - Maternal Origin,Transversion - Purine/Pyrimidine,Unsolved
29019928,rs4805324,TT,CC,CC,100,76,21,NC_000019.10,Mutation NB - Paternal Origin,Transition - Pyrimidine/Pyrimidine,T>C
30051849,rs78665550,AA,TT,AA,67,91,15,NC_000019.10,Mutation NB - Maternal Origin,Transversion - Purine/Pyrimidine,T>A
35544503,.,AA,AA,AG,67,76,44,NC_000019.10,Mutation NB - Paternal Origin,Transition - Purine/Purine,Unsolved
38203410,rs7245461,TT,TT,CT,85,55,18,NC_000019.10,Mutation NB - Maternal Origin,Transition - Pyrimidine/Pyrimidine,Unsolved
38256477,rs8100395,GG,GG,AA,91,91,0,NC_000019.10,Mutation NB - Paternal or Maternal,Transition - Purine/Purine,Unsolved
41949271,rs9749440,TT,CC,CC,85,91,0,NC_000019.10,Mutation NB - Paternal Origin,Transition - Pyrimidine/Pyrimidine,T>C
43221157,rs10412872,TT,CC,CC,88,91,18,NC_000019.10,Mutation NB - Paternal Origin,Transition - Pyrimidine/Pyrimidine,T>C
43221183,rs2159136,GG,AA,AA,88,91,18,NC_000019.10,Mutation NB - Paternal Origin,Transition - Purine/Purine,G>A
45136458,rs3925162,AA,AA,GG,100,100,27,NC_000019.10,Mutation NB - Paternal or Maternal,Transition - Purine/Purine,Unsolved
46372136,rs7256032,CC,TT,CC,85,100,39,NC_000019.10,Mutation NB - Maternal Origin,Transition - Pyrimidine/Pyrimidine,T>C
47679689,rs2911006,CC,TT,CC,79,100,15,NC_000019.10,Mutation NB - Maternal Origin,Transition - Pyrimidine/Pyrimidine,T>C
48204324,rs1965759,GG,AA,AA,100,76,15,NC_000019.10,Mutation NB - Paternal Origin,Transition - Purine/Purine,G>A
49163588,rs140461741,CC,CC,CG,100,85,27,NC_000019.10,Mutation NB - Maternal Origin,Transversion - Purine/Pyrimidine,Unsolved
49798563,rs7247082,AA,AA,AG,7,100,82,NC_000019.10,Mutation NB - Paternal Origin,Transition - Purine/Purine,Unsolved
51525675,.,AA,AA,AG,67,34,41,NC_000019.10,Mutation NB - Maternal Origin,Transition - Purine/Purine,Unsolved
52286951,rs62110413,TT,TT,TG,88,100,75,NC_000019.10,Mutation NB - Paternal Origin,Transition - Pyrimidine/Pyrimidine,Transversion - Purine/Pyrimidine,Unsolved
52286967,rs62110414,CC,CC,CT,88,100,75,NC_000019.10,Mutation NB - Paternal Origin,Transition - Pyrimidine/Pyrimidine,Unsolved
53144646,rs10415467,AA,AA,AG,100,100,99,NC_000019.10,Mutation NB - Paternal or Maternal,Transition - Purine/Purine,Unsolved
53250443,rs2965236,TT,GT,GG,85,1,30,NC_000019.10,Mutation NB - Paternal Origin,Transversion - Purine/Pyrimidine,T>G
53784695,rs12610428,TT,TT,TC,100,88,68,NC_000019.10,Mutation NB - Maternal Origin,Transition - Pyrimidine/Pyrimidine,Unsolved
55377930,.,GG,GG,GA,76,61,47,NC_000019.10,Mutation NB - Maternal Origin,Transition - Purine/Purine,Unsolved
56071896,rs976115942,AA,AA,AG,70,40,41,NC_000019.10,Mutation NB - Maternal Origin,Transition - Purine/Purine,Unsolved
1217868,rs60276694,AC,AA,CC,2,76,12,NC_000020.11,Mutation NB - Maternal Origin,A>C
2305992,rs214798,CC,GG,GG,85,82,9,NC_000020.11,Mutation NB - Paternal Origin,Transversion - Purine/Pyrimidine,C>G
2392610,rs2422771,TT,GG,TT,88,100,12,NC_000020.11,Mutation NB - Maternal Origin,Transversion - Purine/Pyrimidine,G>T
3247777,rs4611719,GG,AA,GG,52,88,36,NC_000020.11,Mutation NB - Maternal Origin,Transition - Purine/Purine,A>G
3247814,rs4507156,CC,TT,CC,58,88,36,NC_000020.11,Mutation NB - Maternal Origin,Transition - Pyrimidine/Pyrimidine,T>C
3866196,rs3746660,CC,CC,TT,100,100,12,NC_000020.11,Mutation NB - Paternal or Maternal,Transition - Pyrimidine/Pyrimidine,Unsolved
4164014,rs1741310,GG,AA,GG,99,85,33,NC_000020.11,Mutation NB - Maternal Origin,Transition - Purine/Purine,A>G
5250615,rs62200284,CC,CT,TT,82,73,9,NC_000020.11,Mutation NB - Paternal Origin,Transition - Pyrimidine/Pyrimidine,C>T
6447707,rs6038501,GG,AA,AA,79,82,12,NC_000020.11,Mutation NB - Paternal Origin,Transition - Purine/Purine,G>A
8415721,rs1124949,AA,GG,AA,88,91,12,NC_000020.11,Mutation NB - Maternal Origin,Transition - Purine/Purine,G>A
10795848,rs910405,GG,GG,GA,88,85,99,NC_000020.11,Mutation NB - Maternal Origin,Transition - Purine/Purine,Unsolved
13021067,rs3966739,GG,AG,AA,91,1,33,NC_000020.11,Mutation NB - Paternal Origin,Transition - Purine/Purine,G>A
18239175,.,AA,AA,AG,64,79,41,NC_000020.11,Mutation NB - Paternal Origin,Transition - Purine/Purine,Unsolved
18749332,rs73601845,CC,CC,CA,89,40,55,NC_000020.11,Mutation NB - Maternal Origin,Transversion - Purine/Pyrimidine,Unsolved
20667487,.,AA,AA,AG,73,76,47,NC_000020.11,Mutation NB - Paternal Origin,Transition - Purine/Purine,Unsolved
21979168,rs6047770,CC,AA,AA,91,88,21,NC_000020.11,Mutation NB - Paternal Origin,Transversion - Purine/Pyrimidine,C>A
23120626,rs6113951,CC,CC,CT,52,100,99,NC_000020.11,Mutation NB - Paternal Origin,Transition - Pyrimidine/Pyrimidine,Unsolved
23149157,rs946371,TT,AA,AA,85,88,12,NC_000020.11,Mutation NB - Paternal Origin,Transversion - Purine/Pyrimidine,T>A
23225808,.,TT,TT,TC,73,67,50,NC_000020.11,Mutation NB - Maternal Origin,Transition - Pyrimidine/Pyrimidine,Unsolved
23565753,rs2295563,CC,TT,CC,76,91,0,NC_000020.11,Mutation NB - Maternal Origin,Transition - Pyrimidine/Pyrimidine,T>C
24597715,rs1887057,TT,CC,CC,91,67,18,NC_000020.11,Mutation NB - Paternal Origin,Transition - Pyrimidine/Pyrimidine,T>C
24750916,.,TT,TT,TC,52,76,44,NC_000020.11,Mutation NB - Paternal Origin,Transition - Pyrimidine/Pyrimidine,Unsolved
24792859,.,CC,CC,CT,85,88,68,NC_000020.11,Mutation NB - Paternal Origin,Transition - Pyrimidine/Pyrimidine,Unsolved
24933816,rs7261161,TT,TT,CC,91,88,9,NC_000020.11,Mutation NB - Maternal Origin,Transition - Pyrimidine/Pyrimidine,Unsolved
24933852,rs11696281,TT,TT,GG,91,88,9,NC_000020.11,Mutation NB - Maternal Origin,Transition - Purine/Purine,Transversion - Purine/Pyrimidine,Unsolved
24956953,rs73344911,AA,AA,GG,76,100,9,NC_000020.11,Mutation NB - Paternal Origin,Transition - Purine/Purine,Unsolved
25186443,rs6050411,CA,CC,AA,67,91,9,NC_000020.11,Mutation NB - Maternal Origin,Transversion - Purine/Pyrimidine,C>A
25227137,rs6138542,CA,CC,AA,1,76,12,NC_000020.11,Mutation NB - Maternal Origin,Transversion - Purine/Pyrimidine,C>A
25276826,rs2424699,GG,GG,GA,100,91,30,NC_000020.11,Mutation NB - Maternal Origin,Transition - Purine/Purine,Unsolved
29768525,rs1465028369,GG,GG,CG,82,70,99,NC_000020.11,Mutation NB - Maternal Origin,Transition - Purine/Purine,Transversion - Purine/Pyrimidine,Unsolved
30281406,rs112710540,CC,TT,CC,79,79,0,NC_000020.11,Mutation NB - Maternal Origin,Transition - Pyrimidine/Pyrimidine,T>C
31295884,rs2223524,CC,TC,TT,85,1,15,NC_000020.11,Mutation NB - Paternal Origin,Transition - Pyrimidine/Pyrimidine,C>T
31985189,.,AA,AA,AG,82,79,41,NC_000020.11,Mutation NB - Maternal Origin,Transition - Purine/Purine,Unsolved
35010616,rs1998231,GG,TT,TT,100,79,42,NC_000020.11,Mutation NB - Paternal Origin,Transversion - Purine/Pyrimidine,G>T
35057846,rs1885119,TT,CC,CC,100,76,42,NC_000020.11,Mutation NB - Paternal Origin,Transition - Pyrimidine/Pyrimidine,T>C
37450118,.,GG,GG,GA,61,64,51,NC_000020.11,Mutation NB - Paternal Origin,Transition - Purine/Purine,Unsolved
39726602,rs6071783,TT,CC,TT,76,31,0,NC_000020.11,Mutation NB - Maternal Origin,Transition - Pyrimidine/Pyrimidine,C>T
41362504,rs41307177,AA,AA,AG,82,100,30,NC_000020.11,Mutation NB - Paternal Origin,Transition - Purine/Purine,Unsolved
43556577,rs1468724136,TT,TT,TG,100,100,30,NC_000020.11,Mutation NB - Paternal or Maternal,Transition - Pyrimidine/Pyrimidine,Transversion - Purine/Pyrimidine,Unsolved
44241584,rs6031470,GG,AA,AA,91,88,0,NC_000020.11,Mutation NB - Paternal Origin,Transition - Purine/Purine,G>A
44444726,rs6065729,TT,TT,TC,43,100,99,NC_000020.11,Mutation NB - Paternal Origin,Transition - Pyrimidine/Pyrimidine,Unsolved
45634704,rs1118484,CC,CC,TC,73,64,99,NC_000020.11,Mutation NB - Maternal Origin,Transition - Pyrimidine/Pyrimidine,Unsolved
46005181,rs3848722,AA,GG,GG,100,79,27,NC_000020.11,Mutation NB - Paternal Origin,Transition - Purine/Purine,A>G
46710152,.,GG,GG,GA,95,85,65,NC_000020.11,Mutation NB - Maternal Origin,Transition - Purine/Purine,Unsolved
48027316,rs6066587,CC,GG,CC,58,85,33,NC_000020.11,Mutation NB - Maternal Origin,Transversion - Purine/Pyrimidine,G>C
48148150,rs2758952,AA,GG,AA,79,64,0,NC_000020.11,Mutation NB - Maternal Origin,Transition - Purine/Purine,G>A
48148169,rs151051,GG,CC,GG,79,67,0,NC_000020.11,Mutation NB - Maternal Origin,Transversion - Purine/Pyrimidine,C>G
48214489,rs852295,CC,TC,TT,79,75,18,NC_000020.11,Mutation NB - Paternal Origin,Transition - Pyrimidine/Pyrimidine,C>T
49184292,rs13041213,TT,TT,TA,100,95,68,NC_000020.11,Mutation NB - Maternal Origin,Transition - Pyrimidine/Pyrimidine,Transversion - Purine/Pyrimidine,Unsolved
51302904,.,CC,CC,CT,49,34,59,NC_000020.11,Mutation NB - Maternal Origin,Transition - Pyrimidine/Pyrimidine,Unsolved
51718073,rs6126317,AA,AA,AC,82,95,99,NC_000020.11,Mutation NB - Paternal Origin,Transversion - Purine/Pyrimidine,Unsolved
52983339,rs6022198,TT,TT,TA,100,88,30,NC_000020.11,Mutation NB - Maternal Origin,Transition - Pyrimidine/Pyrimidine,Transversion - Purine/Pyrimidine,Unsolved
55897473,rs2208144,TT,CC,CC,73,82,12,NC_000020.11,Mutation NB - Paternal Origin,Transition - Pyrimidine/Pyrimidine,T>C
56522176,rs4810026,CC,AC,AA,76,35,15,NC_000020.11,Mutation NB - Paternal Origin,Transversion - Purine/Pyrimidine,C>A
57194279,rs77634769,GG,GG,GA,73,100,99,NC_000020.11,Mutation NB - Paternal Origin,Transition - Purine/Purine,Unsolved
57261636,.,AA,AA,AG,55,52,41,NC_000020.11,Mutation NB - Maternal Origin,Transition - Purine/Purine,Unsolved
58006663,rs12481693,TT,TC,CC,88,1,9,NC_000020.11,Mutation NB - Paternal Origin,Transition - Pyrimidine/Pyrimidine,T>C
58073228,rs73181349,GG,GG,GA,76,100,99,NC_000020.11,Mutation NB - Paternal Origin,Transition - Purine/Purine,Unsolved
58073270,rs73181350,CC,CC,CG,76,100,99,NC_000020.11,Mutation NB - Paternal Origin,Transversion - Purine/Pyrimidine,Unsolved
58102313,rs6026046,AA,AC,CC,85,28,12,NC_000020.11,Mutation NB - Paternal Origin,Transversion - Purine/Pyrimidine,A>C
58693718,.,TT,TT,TC,91,85,56,NC_000020.11,Mutation NB - Maternal Origin,Transition - Pyrimidine/Pyrimidine,Unsolved
58706793,rs8115204,CC,CC,CT,79,100,33,NC_000020.11,Mutation NB - Paternal Origin,Transition - Pyrimidine/Pyrimidine,Unsolved
59819554,rs1007760856,GG,GG,GA,100,100,45,NC_000020.11,Mutation NB - Paternal or Maternal,Transition - Purine/Purine,Unsolved
59819559,rs1017853309,CC,CC,CA,100,100,41,NC_000020.11,Mutation NB - Paternal or Maternal,Transversion - Purine/Pyrimidine,Unsolved
61735660,rs8126047,TT,TT,TC,82,100,97,NC_000020.11,Mutation NB - Paternal Origin,Transition - Pyrimidine/Pyrimidine,Unsolved
61739722,.,TT,TT,TC,76,76,71,NC_000020.11,Mutation NB - Paternal or Maternal,Transition - Pyrimidine/Pyrimidine,Unsolved
61863335,rs4925305,TT,TT,CT,91,88,33,NC_000020.11,Mutation NB - Maternal Origin,Transition - Pyrimidine/Pyrimidine,Unsolved
62370165,rs73141478,CC,CC,CT,49,37,47,NC_000020.11,Mutation NB - Maternal Origin,Transition - Pyrimidine/Pyrimidine,Unsolved
62450598,rs4925242,CC,CC,CG,100,76,99,NC_000020.11,Mutation NB - Maternal Origin,Transversion - Purine/Pyrimidine,Unsolved
62569806,rs6143038,CC,CC,CT,100,85,62,NC_000020.11,Mutation NB - Maternal Origin,Transition - Pyrimidine/Pyrimidine,Unsolved
62589031,rs28739502,GG,GG,AG,82,76,99,NC_000020.11,Mutation NB - Maternal Origin,Transition - Purine/Purine,Unsolved
62589181,rs28687169,AA,GG,AA,91,73,18,NC_000020.11,Mutation NB - Maternal Origin,Transition - Purine/Purine,G>A
63169555,rs6062830,AC,CC,AA,1,91,21,NC_000020.11,Mutation NB - Maternal Origin,Transversion - Purine/Pyrimidine,C>A
63261160,rs2281566,CC,AA,CC,100,52,0,NC_000020.11,Mutation NB - Maternal Origin,Transversion - Purine/Pyrimidine,A>C
63332128,.,TT,TT,TC,67,58,44,NC_000020.11,Mutation NB - Maternal Origin,Transition - Pyrimidine/Pyrimidine,Unsolved
63487519,rs34788300,CC,TT,CC,91,91,12,NC_000020.11,Mutation NB - Maternal Origin,Transition - Pyrimidine/Pyrimidine,T>C
5220426,rs1223353890,CC,CC,CA,91,70,74,NC_000021.9,Mutation NB - Maternal Origin,Transversion - Purine/Pyrimidine,Unsolved
18703050,.,AA,AA,AG,70,58,53,NC_000021.9,Mutation NB - Maternal Origin,Transition - Purine/Purine,Unsolved
18713129,rs2225413,CC,TT,TT,100,91,15,NC_000021.9,Mutation NB - Paternal Origin,Transition - Pyrimidine/Pyrimidine,C>T
24609388,.,AA,AA,AG,85,64,43,NC_000021.9,Mutation NB - Maternal Origin,Transition - Purine/Purine,Unsolved
28217284,rs401431,TT,CT,CC,88,67,0,NC_000021.9,Mutation NB - Paternal Origin,Transition - Pyrimidine/Pyrimidine,T>C
32435001,rs111684836,CC,TT,TT,91,58,48,NC_000021.9,Mutation NB - Paternal Origin,Transition - Pyrimidine/Pyrimidine,C>T
32935031,.,AA,AA,AG,85,67,64,NC_000021.9,Mutation NB - Maternal Origin,Transition - Purine/Purine,Unsolved
33868313,rs7280654,GG,AG,AA,85,43,30,NC_000021.9,Mutation NB - Paternal Origin,Transition - Purine/Purine,G>A
33868317,rs7281026,AA,GA,GG,85,43,30,NC_000021.9,Mutation NB - Paternal Origin,Transition - Purine/Purine,A>G
36245426,rs3746866,CA,CC,AA,67,91,18,NC_000021.9,Mutation NB - Maternal Origin,Transversion - Purine/Pyrimidine,C>A
37209411,.,TT,TT,TC,85,52,62,NC_000021.9,Mutation NB - Maternal Origin,Transition - Pyrimidine/Pyrimidine,Unsolved
38017917,rs2211850,CC,CC,CT,85,91,27,NC_000021.9,Mutation NB - Paternal Origin,Transition - Pyrimidine/Pyrimidine,Unsolved
40144324,rs3818650,GG,GG,GA,76,100,47,NC_000021.9,Mutation NB - Paternal Origin,Transition - Purine/Purine,Unsolved
40651478,rs926088,CC,CC,CT,91,91,68,NC_000021.9,Mutation NB - Paternal or Maternal,Transition - Pyrimidine/Pyrimidine,Unsolved
41741990,rs3746894,GA,AA,GG,94,61,9,NC_000021.9,Mutation NB - Maternal Origin,Transition - Purine/Purine,A>G
41819316,rs28604512,GG,GG,AG,91,85,29,NC_000021.9,Mutation NB - Maternal Origin,Transition - Purine/Purine,Unsolved
43203934,.,AA,AA,AG,88,52,65,NC_000021.9,Mutation NB - Maternal Origin,Transition - Purine/Purine,Unsolved
44346049,.,AA,AA,AG,52,73,47,NC_000021.9,Mutation NB - Paternal Origin,Transition - Purine/Purine,Unsolved
44569232,rs457647,TC,CC,TT,1,64,0,NC_000021.9,Mutation NB - Maternal Origin,Transversion - Purine/Pyrimidine,C>T
44685458,rs28681623,TT,CC,CC,64,91,24,NC_000021.9,Mutation NB - Paternal Origin,Transition - Pyrimidine/Pyrimidine,T>C
44708243,rs878551,GG,GG,GA,100,88,95,NC_000021.9,Mutation NB - Maternal Origin,Transition - Purine/Purine,Unsolved
44758772,rs660385,CC,AA,CC,91,100,18,NC_000021.9,Mutation NB - Maternal Origin,Transversion - Purine/Pyrimidine,A>C
44865127,rs2838717,AG,GG,AA,1,88,39,NC_000021.9,Mutation NB - Maternal Origin,Transition - Purine/Purine,G>A
44865159,rs2838718,GA,AA,GG,1,88,39,NC_000021.9,Mutation NB - Maternal Origin,Transition - Purine/Purine,A>G
45423976,.,TT,TT,TC,37,64,62,NC_000021.9,Mutation NB - Paternal Origin,Transition - Pyrimidine/Pyrimidine,Unsolved
45863112,.,AA,AA,AG,31,64,59,NC_000021.9,Mutation NB - Paternal Origin,Transition - Purine/Purine,Unsolved
45902702,rs2839041,CC,TT,CC,73,88,12,NC_000021.9,Mutation NB - Maternal Origin,Transition - Pyrimidine/Pyrimidine,T>C
45975261,rs2481872,AA,GA,GG,91,67,9,NC_000021.9,Mutation NB - Paternal Origin,Transition - Purine/Purine,A>G
46119957,.,CC,CC,CT,85,79,49,NC_000021.9,Mutation NB - Maternal Origin,Transition - Pyrimidine/Pyrimidine,Unsolved
46138677,rs62214031,AA,AA,AG,76,100,99,NC_000021.9,Mutation NB - Paternal Origin,Transition - Purine/Purine,Unsolved
46427938,rs2073374,CC,TC,TT,91,35,21,NC_000021.9,Mutation NB - Paternal Origin,Transition - Pyrimidine/Pyrimidine,C>T
16044284,rs1363570406,TT,TT,TC,100,76,99,NC_000022.11,Mutation NB - Maternal Origin,Transition - Pyrimidine/Pyrimidine,Unsolved
18113683,rs362043,GG,TT,GG,76,70,0,NC_000022.11,Mutation NB - Maternal Origin,Transition - Purine/Purine,Transversion - Purine/Pyrimidine,T>G
19037831,rs1601491307,GG,GG,GA,88,85,50,NC_000022.11,Mutation NB - Maternal Origin,Transition - Purine/Purine,Unsolved
19709335,rs139109336,GG,GG,GA,58,91,68,NC_000022.11,Mutation NB - Paternal Origin,Transition - Purine/Purine,Unsolved
19884486,rs3788306,TC,CC,TT,5,91,0,NC_000022.11,Mutation NB - Maternal Origin,Transversion - Purine/Pyrimidine,C>T
19918279,rs756661,AA,GG,AA,76,82,15,NC_000022.11,Mutation NB - Maternal Origin,Transition - Purine/Purine,G>A
20284647,rs1284887542,TT,TT,TG,85,64,39,NC_000022.11,Mutation NB - Maternal Origin,Transition - Pyrimidine/Pyrimidine,Transversion - Purine/Pyrimidine,Unsolved
21023036,rs149671550,GG,GG,GA,100,76,63,NC_000022.11,Mutation NB - Maternal Origin,Transition - Purine/Purine,Unsolved
21023045,rs1548412,CC,CC,CT,100,76,63,NC_000022.11,Mutation NB - Maternal Origin,Transition - Pyrimidine/Pyrimidine,Unsolved
23161172,.,CC,CC,CT,61,67,47,NC_000022.11,Mutation NB - Paternal Origin,Transition - Pyrimidine/Pyrimidine,Unsolved
23557132,.,AA,AA,AG,61,76,63,NC_000022.11,Mutation NB - Paternal Origin,Transition - Purine/Purine,Unsolved
24189867,rs28687166,TT,TT,TC,91,100,71,NC_000022.11,Mutation NB - Paternal Origin,Transition - Pyrimidine/Pyrimidine,Unsolved
24341867,.,AA,AA,AC,70,88,65,NC_000022.11,Mutation NB - Paternal Origin,Transversion - Purine/Pyrimidine,Unsolved
25354567,rs2294372,CC,CC,CT,97,79,99,NC_000022.11,Mutation NB - Maternal Origin,Transition - Pyrimidine/Pyrimidine,Unsolved
27628218,rs133986,CC,TT,TT,100,91,15,NC_000022.11,Mutation NB - Paternal Origin,Transition - Pyrimidine/Pyrimidine,C>T
29588425,.,TT,TT,TC,43,64,50,NC_000022.11,Mutation NB - Paternal Origin,Transition - Pyrimidine/Pyrimidine,Unsolved
30629811,rs13054912,TT,CT,CC,76,1,36,NC_000022.11,Mutation NB - Paternal Origin,Transition - Pyrimidine/Pyrimidine,T>C
31208136,rs62237436,GG,GG,GT,100,79,99,NC_000022.11,Mutation NB - Maternal Origin,Transversion - Purine/Pyrimidine,Unsolved
31538507,rs1602338507,TT,TT,TC,70,49,39,NC_000022.11,Mutation NB - Maternal Origin,Transition - Pyrimidine/Pyrimidine,Unsolved
32784558,rs11703138,CT,CC,TT,32,76,9,NC_000022.11,Mutation NB - Maternal Origin,Transversion - Purine/Pyrimidine,C>T
33282527,rs953739268,TT,TT,TC,58,85,63,NC_000022.11,Mutation NB - Paternal Origin,Transition - Pyrimidine/Pyrimidine,Unsolved
33773664,.,GG,GG,GA,76,52,53,NC_000022.11,Mutation NB - Maternal Origin,Transition - Purine/Purine,Unsolved
35451994,rs57721692,CC,CC,CT,88,70,99,NC_000022.11,Mutation NB - Maternal Origin,Transition - Pyrimidine/Pyrimidine,Unsolved
35565752,.,TT,TT,TA,76,73,56,NC_000022.11,Mutation NB - Maternal Origin,Transition - Pyrimidine/Pyrimidine,Transversion - Purine/Pyrimidine,Unsolved
36095458,rs9607308,GG,AA,GG,85,91,24,NC_000022.11,Mutation NB - Maternal Origin,Transition - Purine/Purine,A>G
37338493,rs5756635,CC,CC,CT,100,55,99,NC_000022.11,Mutation NB - Maternal Origin,Transition - Pyrimidine/Pyrimidine,Unsolved
38123328,rs2072867,AA,GG,AA,85,88,18,NC_000022.11,Mutation NB - Maternal Origin,Transition - Purine/Purine,G>A
39099579,rs139283,GG,CC,CC,85,67,0,NC_000022.11,Mutation NB - Paternal Origin,Transversion - Purine/Pyrimidine,G>C
39687725,rs3747179,TT,GG,TT,67,85,18,NC_000022.11,Mutation NB - Maternal Origin,Transversion - Purine/Pyrimidine,G>T
41058228,rs1049552700,CC,CC,CT,100,100,93,NC_000022.11,Mutation NB - Paternal or Maternal,Transition - Pyrimidine/Pyrimidine,Unsolved
41089952,.,GG,GG,GA,70,85,40,NC_000022.11,Mutation NB - Paternal Origin,Transition - Purine/Purine,Unsolved
41584888,rs4481089,TT,CC,CC,100,79,18,NC_000022.11,Mutation NB - Paternal Origin,Transition - Pyrimidine/Pyrimidine,T>C
42970890,rs738394,CC,CC,CT,100,76,93,NC_000022.11,Mutation NB - Maternal Origin,Transition - Pyrimidine/Pyrimidine,Unsolved
43107509,.,AA,AA,AG,76,46,53,NC_000022.11,Mutation NB - Maternal Origin,Transition - Purine/Purine,Unsolved
43602366,rs9614452,CC,TT,TT,91,76,27,NC_000022.11,Mutation NB - Paternal Origin,Transition - Pyrimidine/Pyrimidine,C>T
43880225,rs138129,TT,CC,CC,100,88,15,NC_000022.11,Mutation NB - Paternal Origin,Transition - Pyrimidine/Pyrimidine,T>C
43975691,rs112201339,CC,TT,TT,100,46,39,NC_000022.11,Mutation NB - Paternal Origin,Transition - Pyrimidine/Pyrimidine,C>T
44254968,.,AA,AA,AG,40,67,50,NC_000022.11,Mutation NB - Paternal Origin,Transition - Purine/Purine,Unsolved
44820638,rs2349854,GG,CC,CC,73,61,3,NC_000022.11,Mutation NB - Paternal Origin,Transversion - Purine/Pyrimidine,G>C
44863329,rs62232232,AA,GG,AA,82,64,30,NC_000022.11,Mutation NB - Maternal Origin,Transition - Purine/Purine,G>A
44863355,rs2213530,AA,GG,AA,82,70,30,NC_000022.11,Mutation NB - Maternal Origin,Transition - Purine/Purine,G>A
44865448,rs2014741,TT,CC,CC,73,55,0,NC_000022.11,Mutation NB - Paternal Origin,Transition - Pyrimidine/Pyrimidine,T>C
45596269,rs5765523,TT,TT,CT,88,88,8,NC_000022.11,Mutation NB - Paternal or Maternal,Transition - Pyrimidine/Pyrimidine,Unsolved
46001974,rs28680799,CC,TT,TT,76,100,0,NC_000022.11,Mutation NB - Paternal Origin,Transition - Pyrimidine/Pyrimidine,C>T
46100176,rs77251783,GG,GA,AA,70,1,5,NC_000022.11,Mutation NB - Paternal Origin,Transition - Purine/Purine,G>A
46287241,rs55746052,CC,CC,CG,46,100,86,NC_000022.11,Mutation NB - Paternal Origin,Transversion - Purine/Pyrimidine,Unsolved
48658751,rs5771905,CC,CC,TT,100,88,12,NC_000022.11,Mutation NB - Maternal Origin,Transition - Pyrimidine/Pyrimidine,Unsolved
48658782,rs5771906,TT,TT,CC,100,91,12,NC_000022.11,Mutation NB - Maternal Origin,Transition - Pyrimidine/Pyrimidine,Unsolved
49101281,.,AA,AA,AG,91,76,41,NC_000022.11,Mutation NB - Maternal Origin,Transition - Purine/Purine,Unsolved
49102004,rs73442222,GG,AA,GG,70,82,0,NC_000022.11,Mutation NB - Maternal Origin,Transition - Purine/Purine,A>G
49191214,rs713897,GG,CC,GG,76,85,9,NC_000022.11,Mutation NB - Maternal Origin,Transversion - Purine/Pyrimidine,C>G
49552575,rs135791,CC,CC,TT,100,82,12,NC_000022.11,Mutation NB - Maternal Origin,Transition - Pyrimidine/Pyrimidine,Unsolved
50141146,rs35273734,TT,GG,GG,91,91,30,NC_000022.11,Mutation NB - Paternal Origin,Transversion - Purine/Pyrimidine,T>G
50156937,rs58942095,GG,GC,CC,85,1,39,NC_000022.11,Mutation NB - Paternal Origin,Transversion - Purine/Pyrimidine,G>C
50216669,rs2272851,GG,AA,GG,70,100,36,NC_000022.11,Mutation NB - Maternal Origin,Transition - Purine/Purine,A>G
50249806,rs738334,TT,CC,CC,88,91,21,NC_000022.11,Mutation NB - Paternal Origin,Transition - Pyrimidine/Pyrimidine,T>C
50258219,rs2235355,CC,CC,CT,88,73,69,NC_000022.11,Mutation NB - Maternal Origin,Transition - Pyrimidine/Pyrimidine,Unsolved
50463105,rs5771039,AA,GG,AA,82,61,0,NC_000022.11,Mutation NB - Maternal Origin,Transition - Purine/Purine,G>A
50522253,rs140524,TT,CC,CC,76,64,0,NC_000022.11,Mutation NB - Paternal Origin,Transition - Pyrimidine/Pyrimidine,T>C
