1014047,rs374095998,AA,AA,AG,73,88,51,NC_000001.11,Mutation NB - Paternal Origin,Transition - Purine/Purine,Unsolved
1027369,.,TT,TT,TC,76,91,44,NC_000001.11,Mutation NB - Paternal Origin,Transition - Pyrimidine/Pyrimidine,Unsolved
1053552,rs2710871,CC,GG,CC,70,100,18,NC_000001.11,Mutation NB - Maternal Origin,Transversion - Purine/Pyrimidine,G>C
1555179,rs3820075,AA,AA,AG,85,100,99,NC_000001.11,Mutation NB - Paternal Origin,Transition - Purine/Purine,Unsolved
1604202,rs6691649,AA,GG,AA,88,100,18,NC_000001.11,Mutation NB - Maternal Origin,Transition - Purine/Purine,G>A
1908599,rs2474461,TT,TT,TC,100,100,54,NC_000001.11,Mutation NB - Paternal or Maternal,Transition - Pyrimidine/Pyrimidine,Unsolved
2221464,rs748908712,AA,AA,AG,34,55,48,NC_000001.11,Mutation NB - Paternal Origin,Transition - Purine/Purine,Unsolved
2375395,rs1354457662,TT,TT,TC,79,80,41,NC_000001.11,Mutation NB - Paternal Origin,Transition - Pyrimidine/Pyrimidine,Unsolved
3617959,rs4648532,AA,GG,AA,64,85,0,NC_000001.11,Mutation NB - Maternal Origin,Transition - Purine/Purine,G>A
3995519,rs10799242,TT,GT,GG,91,1,27,NC_000001.11,Mutation NB - Paternal Origin,Transversion - Purine/Pyrimidine,T>G
3995567,rs9426501,CC,TC,TT,91,1,27,NC_000001.11,Mutation NB - Paternal Origin,Transition - Pyrimidine/Pyrimidine,C>T
4173134,.,TT,TT,TC,55,70,57,NC_000001.11,Mutation NB - Paternal Origin,Transition - Pyrimidine/Pyrimidine,Unsolved
4770769,rs9426503,GG,GG,GC,79,100,99,NC_000001.11,Mutation NB - Paternal Origin,Transition - Purine/Purine,Transversion - Purine/Pyrimidine,Unsolved
5830334,rs12039501,AG,AA,GG,76,85,9,NC_000001.11,Mutation NB - Maternal Origin,Transition - Purine/Purine,A>G
6077343,rs3789543,GG,TT,GG,76,79,0,NC_000001.11,Mutation NB - Maternal Origin,Transition - Purine/Purine,Transversion - Purine/Pyrimidine,T>G
6083086,rs3789540,CC,CC,CT,88,76,99,NC_000001.11,Mutation NB - Maternal Origin,Transition - Pyrimidine/Pyrimidine,Unsolved
6344936,.,AA,AA,AG,82,64,75,NC_000001.11,Mutation NB - Maternal Origin,Transition - Purine/Purine,Unsolved
6958781,rs10779670,GG,CC,CC,100,67,12,NC_000001.11,Mutation NB - Paternal Origin,Transversion - Purine/Pyrimidine,G>C
7657240,rs57249262,AA,AG,GG,91,38,9,NC_000001.11,Mutation NB - Paternal Origin,Transition - Purine/Purine,A>G
7657273,rs74053155,AA,AG,GG,91,38,9,NC_000001.11,Mutation NB - Paternal Origin,Transition - Purine/Purine,A>G
7806335,.,GG,GG,GT,61,91,56,NC_000001.11,Mutation NB - Paternal Origin,Transversion - Purine/Pyrimidine,Unsolved
8361143,rs13596,CC,TT,CC,62,98,24,NC_000001.11,Mutation NB - Maternal Origin,Transition - Pyrimidine/Pyrimidine,T>C
8361265,.,TT,TT,TC,73,79,45,NC_000001.11,Mutation NB - Paternal Origin,Transition - Pyrimidine/Pyrimidine,Unsolved
8871404,rs1006950,TT,TT,TC,88,79,68,NC_000001.11,Mutation NB - Maternal Origin,Transition - Pyrimidine/Pyrimidine,Unsolved
9846745,rs1220392,GG,GG,AA,76,100,9,NC_000001.11,Mutation NB - Paternal Origin,Transition - Purine/Purine,Unsolved
10494305,rs6675665,GG,GG,GA,91,88,24,NC_000001.11,Mutation NB - Maternal Origin,Transition - Purine/Purine,Unsolved
10597855,rs17035414,TT,TT,TC,85,100,47,NC_000001.11,Mutation NB - Paternal Origin,Transition - Pyrimidine/Pyrimidine,Unsolved
11444395,rs2379158,AA,GA,GG,88,79,15,NC_000001.11,Mutation NB - Paternal Origin,Transition - Purine/Purine,A>G
11466839,rs4846008,TT,CT,CC,73,1,0,NC_000001.11,Mutation NB - Paternal Origin,Transition - Pyrimidine/Pyrimidine,T>C
12002148,rs2236057,AG,GG,AA,1,85,0,NC_000001.11,Mutation NB - Maternal Origin,Transition - Purine/Purine,G>A
12002304,rs2236058,CG,GG,CC,32,85,0,NC_000001.11,Mutation NB - Maternal Origin,Transversion - Purine/Pyrimidine,G>C
12010863,rs10864546,CC,CC,TC,73,91,99,NC_000001.11,Mutation NB - Paternal Origin,Transition - Pyrimidine/Pyrimidine,Unsolved
12554818,rs3924048,GG,GG,AG,79,88,99,NC_000001.11,Mutation NB - Paternal Origin,Transition - Purine/Purine,Unsolved
12729362,rs7546011,TT,TT,TC,88,88,98,NC_000001.11,Mutation NB - Paternal or Maternal,Transition - Pyrimidine/Pyrimidine,Unsolved
13460710,rs2999879,CC,TT,TT,100,85,9,NC_000001.11,Mutation NB - Paternal Origin,Transition - Pyrimidine/Pyrimidine,C>T
13633598,rs4284259,AA,CC,AA,70,100,27,NC_000001.11,Mutation NB - Maternal Origin,Transversion - Purine/Pyrimidine,C>A
13823010,rs2697970,CC,AA,CC,100,85,12,NC_000001.11,Mutation NB - Maternal Origin,Transversion - Purine/Pyrimidine,A>C
13823349,rs1046333,AA,AA,TA,82,64,63,NC_000001.11,Mutation NB - Maternal Origin,Transversion - Purine/Pyrimidine,Unsolved
14871406,.,TT,TT,TC,70,46,44,NC_000001.11,Mutation NB - Maternal Origin,Transition - Pyrimidine/Pyrimidine,Unsolved
15226585,rs12565643,CC,CC,CT,100,82,68,NC_000001.11,Mutation NB - Maternal Origin,Transition - Pyrimidine/Pyrimidine,Unsolved
16624192,rs1762940,GG,GG,GT,100,70,88,NC_000001.11,Mutation NB - Maternal Origin,Transversion - Purine/Pyrimidine,Unsolved
17070097,rs11581590,GG,GG,GA,100,70,92,NC_000001.11,Mutation NB - Maternal Origin,Transition - Purine/Purine,Unsolved
17587819,.,TT,TT,TG,34,73,41,NC_000001.11,Mutation NB - Paternal Origin,Transition - Pyrimidine/Pyrimidine,Transversion - Purine/Pyrimidine,Unsolved
17684040,rs34820073,CC,CT,TT,88,1,36,NC_000001.11,Mutation NB - Paternal Origin,Transition - Pyrimidine/Pyrimidine,C>T
17714686,.,TT,TT,TC,67,88,53,NC_000001.11,Mutation NB - Paternal Origin,Transition - Pyrimidine/Pyrimidine,Unsolved
17768774,rs4920634,GG,TT,GG,82,85,30,NC_000001.11,Mutation NB - Maternal Origin,Transition - Purine/Purine,Transversion - Purine/Pyrimidine,T>G
17853320,rs697760,GG,GT,TT,76,3,21,NC_000001.11,Mutation NB - Paternal Origin,Transversion - Purine/Pyrimidine,G>T
18043521,rs7523606,TT,CC,CC,91,91,0,NC_000001.11,Mutation NB - Paternal Origin,Transition - Pyrimidine/Pyrimidine,T>C
21313462,.,GG,GG,GT,64,95,52,NC_000001.11,Mutation NB - Paternal Origin,Transversion - Purine/Pyrimidine,Unsolved
22156020,.,TT,TT,TC,46,73,47,NC_000001.11,Mutation NB - Paternal Origin,Transition - Pyrimidine/Pyrimidine,Unsolved
22379232,.,CC,CC,CT,52,61,41,NC_000001.11,Mutation NB - Paternal Origin,Transition - Pyrimidine/Pyrimidine,Unsolved
22420411,rs10917228,GG,AA,GG,79,91,33,NC_000001.11,Mutation NB - Maternal Origin,Transition - Purine/Purine,A>G
23894116,rs6424131,CC,AA,AA,100,91,9,NC_000001.11,Mutation NB - Paternal Origin,Transversion - Purine/Pyrimidine,C>A
26066480,rs12057192,AA,CC,AA,52,88,60,NC_000001.11,Mutation NB - Maternal Origin,Transversion - Purine/Pyrimidine,C>A
26066483,rs12058535,TT,CC,TT,52,88,28,NC_000001.11,Mutation NB - Maternal Origin,Transition - Pyrimidine/Pyrimidine,C>T
29540542,.,CC,CC,CT,73,76,41,NC_000001.11,Mutation NB - Paternal Origin,Transition - Pyrimidine/Pyrimidine,Unsolved
30081535,.,CC,CC,CT,88,70,55,NC_000001.11,Mutation NB - Maternal Origin,Transition - Pyrimidine/Pyrimidine,Unsolved
31744660,rs748416856,TT,TT,TC,52,46,47,NC_000001.11,Mutation NB - Maternal Origin,Transition - Pyrimidine/Pyrimidine,Unsolved
33446043,.,TT,TT,TC,55,52,44,NC_000001.11,Mutation NB - Maternal Origin,Transition - Pyrimidine/Pyrimidine,Unsolved
33671734,rs10798977,AG,GG,AA,2,85,0,NC_000001.11,Mutation NB - Maternal Origin,Transition - Purine/Purine,G>A
36555613,rs12042056,CG,CC,GG,1,85,60,NC_000001.11,Mutation NB - Maternal Origin,Transversion - Purine/Pyrimidine,C>G
36982986,rs72653512,CC,CC,CG,88,100,33,NC_000001.11,Mutation NB - Paternal Origin,Transversion - Purine/Pyrimidine,Unsolved
38273412,rs2773159,GG,AA,GG,64,100,21,NC_000001.11,Mutation NB - Maternal Origin,Transition - Purine/Purine,A>G
38352162,rs1392111726,TT,TT,TC,91,67,65,NC_000001.11,Mutation NB - Maternal Origin,Transition - Pyrimidine/Pyrimidine,Unsolved
38605533,rs2985773,AA,GG,AA,85,64,0,NC_000001.11,Mutation NB - Maternal Origin,Transition - Purine/Purine,G>A
39522799,rs2473617,GA,AA,GG,3,76,18,NC_000001.11,Mutation NB - Maternal Origin,Transition - Purine/Purine,A>G
39816152,rs75614549,GG,GG,GC,91,100,93,NC_000001.11,Mutation NB - Paternal Origin,Transition - Purine/Purine,Transversion - Purine/Pyrimidine,Unsolved
43102782,rs7522095,CT,CC,TT,1,88,15,NC_000001.11,Mutation NB - Maternal Origin,Transversion - Purine/Pyrimidine,C>T
45008393,rs72887050,GG,GA,AA,67,38,9,NC_000001.11,Mutation NB - Paternal Origin,Transition - Purine/Purine,G>A
45921628,rs369275235,CG,CC,GG,6,61,12,NC_000001.11,Mutation NB - Maternal Origin,Transversion - Purine/Pyrimidine,C>G
49083385,.,AA,AA,AG,61,91,42,NC_000001.11,Mutation NB - Paternal Origin,Transition - Purine/Purine,Unsolved
53405159,rs1288588,AA,AG,GG,100,1,9,NC_000001.11,Mutation NB - Paternal Origin,Transition - Purine/Purine,A>G
53442625,rs10888791,AA,AA,AG,76,100,99,NC_000001.11,Mutation NB - Paternal Origin,Transition - Purine/Purine,Unsolved
53572863,rs10493174,CA,CC,AA,32,79,12,NC_000001.11,Mutation NB - Maternal Origin,Transversion - Purine/Pyrimidine,C>A
53993124,rs997701489,TT,TT,TC,82,76,50,NC_000001.11,Mutation NB - Maternal Origin,Transition - Pyrimidine/Pyrimidine,Unsolved
54015230,rs6691549,GG,AA,AA,91,85,9,NC_000001.11,Mutation NB - Paternal Origin,Transition - Purine/Purine,G>A
54816292,rs733946,TT,CT,CC,91,35,9,NC_000001.11,Mutation NB - Paternal Origin,Transition - Pyrimidine/Pyrimidine,T>C
54851771,rs648804,CC,CC,CT,85,100,99,NC_000001.11,Mutation NB - Paternal Origin,Transition - Pyrimidine/Pyrimidine,Unsolved
54852435,rs667222,CC,CC,CT,85,100,68,NC_000001.11,Mutation NB - Paternal Origin,Transition - Pyrimidine/Pyrimidine,Unsolved
55010505,rs2495511,AA,GG,AA,85,85,12,NC_000001.11,Mutation NB - Maternal Origin,Transition - Purine/Purine,G>A
67382624,rs6672333,CC,CT,TT,76,1,18,NC_000001.11,Mutation NB - Paternal Origin,Transition - Pyrimidine/Pyrimidine,C>T
69455156,rs11209464,CT,TT,CC,1,61,0,NC_000001.11,Mutation NB - Maternal Origin,Transition - Pyrimidine/Pyrimidine,T>C
70487599,rs483426,CC,CC,TC,73,76,11,NC_000001.11,Mutation NB - Paternal Origin,Transition - Pyrimidine/Pyrimidine,Unsolved
70804096,rs2494201,GG,AG,AA,64,35,0,NC_000001.11,Mutation NB - Paternal Origin,Transition - Purine/Purine,G>A
73152939,rs4633240,CC,GG,CC,61,100,24,NC_000001.11,Mutation NB - Maternal Origin,Transversion - Purine/Pyrimidine,G>C
73181365,rs7514409,CC,TT,CC,88,100,18,NC_000001.11,Mutation NB - Maternal Origin,Transition - Pyrimidine/Pyrimidine,T>C
76151664,rs434587,GA,GG,AA,80,100,12,NC_000001.11,Mutation NB - Maternal Origin,Transition - Purine/Purine,G>A
78713045,rs17395034,CC,TT,TT,91,61,57,NC_000001.11,Mutation NB - Paternal Origin,Transition - Pyrimidine/Pyrimidine,C>T
83112361,rs115718926,AA,AA,AC,64,91,99,NC_000001.11,Mutation NB - Paternal Origin,Transversion - Purine/Pyrimidine,Unsolved
89799594,rs10922725,TT,AA,TT,19,100,48,NC_000001.11,Mutation NB - Maternal Origin,Transversion - Purine/Pyrimidine,A>T
90385503,rs1508502,GG,AG,AA,74,35,0,NC_000001.11,Mutation NB - Paternal Origin,Transition - Purine/Purine,G>A
92396489,rs11803457,TT,TC,CC,100,1,12,NC_000001.11,Mutation NB - Paternal Origin,Transition - Pyrimidine/Pyrimidine,T>C
93311514,rs7413775,TT,TT,CT,73,91,99,NC_000001.11,Mutation NB - Paternal Origin,Transition - Pyrimidine/Pyrimidine,Unsolved
94006964,rs3789379,AG,AA,GG,32,91,18,NC_000001.11,Mutation NB - Maternal Origin,Transition - Purine/Purine,A>G
94066706,rs7366102,CC,TT,CC,76,88,21,NC_000001.11,Mutation NB - Maternal Origin,Transition - Pyrimidine/Pyrimidine,T>C
97057073,.,GG,GG,GA,85,79,56,NC_000001.11,Mutation NB - Maternal Origin,Transition - Purine/Purine,Unsolved
101979685,rs11591058,TT,TT,TG,100,64,99,NC_000001.11,Mutation NB - Maternal Origin,Transition - Pyrimidine/Pyrimidine,Transversion - Purine/Pyrimidine,Unsolved
110538328,rs7534743,GA,GG,AA,67,91,9,NC_000001.11,Mutation NB - Maternal Origin,Transition - Purine/Purine,G>A
110538385,rs1857517,GA,GG,AA,67,88,9,NC_000001.11,Mutation NB - Maternal Origin,Transition - Purine/Purine,G>A
110860294,.,AA,AA,AT,70,61,83,NC_000001.11,Mutation NB - Maternal Origin,Transversion - Purine/Pyrimidine,Unsolved
113891037,rs1217394,GG,AA,GG,61,70,0,NC_000001.11,Mutation NB - Maternal Origin,Transition - Purine/Purine,A>G
114142145,rs74592836,GG,GG,GA,100,88,99,NC_000001.11,Mutation NB - Maternal Origin,Transition - Purine/Purine,Unsolved
114282396,rs137995055,TT,TT,TA,100,88,33,NC_000001.11,Mutation NB - Maternal Origin,Transition - Pyrimidine/Pyrimidine,Transversion - Purine/Pyrimidine,Unsolved
116152535,rs66500471,CC,CT,TT,82,35,9,NC_000001.11,Mutation NB - Paternal Origin,Transition - Pyrimidine/Pyrimidine,C>T
116971500,rs183220115,CC,GG,CC,67,88,12,NC_000001.11,Mutation NB - Maternal Origin,Transversion - Purine/Pyrimidine,G>C
116990168,rs1127215,TT,CC,TT,91,91,15,NC_000001.11,Mutation NB - Maternal Origin,Transition - Pyrimidine/Pyrimidine,C>T
117541059,rs11806565,GG,AA,AA,76,91,0,NC_000001.11,Mutation NB - Paternal Origin,Transition - Purine/Purine,G>A
117769442,rs114534808,GG,AA,GG,91,88,18,NC_000001.11,Mutation NB - Maternal Origin,Transition - Purine/Purine,A>G
117799566,rs860384,TT,GG,GG,79,76,0,NC_000001.11,Mutation NB - Paternal Origin,Transversion - Purine/Pyrimidine,T>G
119573965,rs61808511,TT,TT,TG,88,85,29,NC_000001.11,Mutation NB - Maternal Origin,Transition - Pyrimidine/Pyrimidine,Transversion - Purine/Pyrimidine,Unsolved
119784716,rs6697347,CC,GG,GG,88,82,15,NC_000001.11,Mutation NB - Paternal Origin,Transversion - Purine/Pyrimidine,C>G
125065988,rs36146686,AA,GG,AA,91,100,15,NC_000001.11,Mutation NB - Maternal Origin,Transition - Purine/Purine,G>A
147816923,rs35977143,AA,AA,AT,43,100,72,NC_000001.11,Mutation NB - Paternal Origin,Transversion - Purine/Pyrimidine,Unsolved
151713605,rs41263702,CC,CC,CT,67,91,62,NC_000001.11,Mutation NB - Paternal Origin,Transition - Pyrimidine/Pyrimidine,Unsolved
152109445,rs2496253,GG,GG,GC,100,100,33,NC_000001.11,Mutation NB - Paternal or Maternal,Transition - Purine/Purine,Transversion - Purine/Pyrimidine,Unsolved
152308841,rs71626704,TT,GG,GG,88,58,36,NC_000001.11,Mutation NB - Paternal Origin,Transversion - Purine/Pyrimidine,T>G
153028754,rs11205174,GG,AA,AA,88,76,0,NC_000001.11,Mutation NB - Paternal Origin,Transition - Purine/Purine,G>A
153028781,rs72633640,TT,GG,GG,88,76,0,NC_000001.11,Mutation NB - Paternal Origin,Transversion - Purine/Pyrimidine,T>G
154501655,rs4845635,GG,CC,GG,34,100,33,NC_000001.11,Mutation NB - Maternal Origin,Transversion - Purine/Pyrimidine,C>G
154716892,rs1700243855,AA,AA,AG,67,88,50,NC_000001.11,Mutation NB - Paternal Origin,Transition - Purine/Purine,Unsolved
156186737,.,AA,AA,AG,85,73,53,NC_000001.11,Mutation NB - Maternal Origin,Transition - Purine/Purine,Unsolved
159016687,rs866484,GC,CC,GG,70,79,12,NC_000001.11,Mutation NB - Maternal Origin,Transversion - Purine/Pyrimidine,C>G
165286356,rs7528111,TT,CT,CC,91,67,15,NC_000001.11,Mutation NB - Paternal Origin,Transition - Pyrimidine/Pyrimidine,T>C
166816008,rs972522,GG,AG,AA,91,32,0,NC_000001.11,Mutation NB - Paternal Origin,Transition - Purine/Purine,G>A
166816057,rs972523,CC,TC,TT,91,32,0,NC_000001.11,Mutation NB - Paternal Origin,Transition - Pyrimidine/Pyrimidine,C>T
167430086,rs1214615,TT,CT,CC,58,5,0,NC_000001.11,Mutation NB - Paternal Origin,Transition - Pyrimidine/Pyrimidine,T>C
167598222,rs11809201,CA,CC,AA,37,91,9,NC_000001.11,Mutation NB - Maternal Origin,Transversion - Purine/Pyrimidine,C>A
168719277,rs12127951,AA,AA,AG,82,100,65,NC_000001.11,Mutation NB - Paternal Origin,Transition - Purine/Purine,Unsolved
170166619,rs6427235,CC,TT,TT,82,76,0,NC_000001.11,Mutation NB - Paternal Origin,Transition - Pyrimidine/Pyrimidine,C>T
170166624,rs6669514,CC,TT,TT,82,76,0,NC_000001.11,Mutation NB - Paternal Origin,Transition - Pyrimidine/Pyrimidine,C>T
170251061,rs1556497,TT,CC,CC,85,85,12,NC_000001.11,Mutation NB - Paternal Origin,Transition - Pyrimidine/Pyrimidine,T>C
171782680,.,TT,TT,TC,79,76,41,NC_000001.11,Mutation NB - Maternal Origin,Transition - Pyrimidine/Pyrimidine,Unsolved
175575983,.,AA,AA,AG,46,73,48,NC_000001.11,Mutation NB - Paternal Origin,Transition - Purine/Purine,Unsolved
180955046,.,TT,TT,TC,67,70,50,NC_000001.11,Mutation NB - Paternal Origin,Transition - Pyrimidine/Pyrimidine,Unsolved
181098841,rs6667308,GG,GG,TT,100,100,9,NC_000001.11,Mutation NB - Paternal or Maternal,Transversion - Purine/Pyrimidine,Unsolved
181112829,.,TT,TT,TC,61,85,62,NC_000001.11,Mutation NB - Paternal Origin,Transition - Pyrimidine/Pyrimidine,Unsolved
182265643,rs2333081,TT,TC,CC,58,1,9,NC_000001.11,Mutation NB - Paternal Origin,Transition - Pyrimidine/Pyrimidine,T>C
183267717,rs641401,CC,CC,AC,85,58,18,NC_000001.11,Mutation NB - Maternal Origin,Transversion - Purine/Pyrimidine,Unsolved
188038235,.,AA,AA,AG,64,76,45,NC_000001.11,Mutation NB - Paternal Origin,Transition - Purine/Purine,Unsolved
194000080,rs16836062,TT,CC,CC,85,64,9,NC_000001.11,Mutation NB - Paternal Origin,Transition - Pyrimidine/Pyrimidine,T>C
196809150,rs421199,AA,GG,GG,70,85,15,NC_000001.11,Mutation NB - Paternal Origin,Transition - Purine/Purine,A>G
196809797,rs1738735,TT,CC,CC,61,88,42,NC_000001.11,Mutation NB - Paternal Origin,Transition - Pyrimidine/Pyrimidine,T>C
196809904,rs11801119,TT,GG,GG,70,85,21,NC_000001.11,Mutation NB - Paternal Origin,Transversion - Purine/Pyrimidine,T>G
197789138,rs1747824,CC,CC,CT,76,100,99,NC_000001.11,Mutation NB - Paternal Origin,Transition - Pyrimidine/Pyrimidine,Unsolved
200814683,rs72746859,AA,AA,AT,100,88,94,NC_000001.11,Mutation NB - Maternal Origin,Transversion - Purine/Pyrimidine,Unsolved
201311493,rs1772853,AA,GA,GG,82,67,0,NC_000001.11,Mutation NB - Paternal Origin,Transition - Purine/Purine,A>G
201311521,rs832152,CC,CC,CA,82,100,30,NC_000001.11,Mutation NB - Paternal Origin,Transversion - Purine/Pyrimidine,Unsolved
201681137,rs7366302,AA,GG,AA,85,82,9,NC_000001.11,Mutation NB - Maternal Origin,Transition - Purine/Purine,G>A
202644941,rs1856750,GG,GG,GC,85,88,65,NC_000001.11,Mutation NB - Paternal Origin,Transition - Purine/Purine,Transversion - Purine/Pyrimidine,Unsolved
205366346,rs11240458,CC,GG,GG,100,91,21,NC_000001.11,Mutation NB - Paternal Origin,Transversion - Purine/Pyrimidine,C>G
205492122,rs11240493,TT,CC,CC,79,91,9,NC_000001.11,Mutation NB - Paternal Origin,Transition - Pyrimidine/Pyrimidine,T>C
205527475,rs45601536,AA,AA,TT,91,100,2,NC_000001.11,Mutation NB - Paternal Origin,Transversion - Purine/Pyrimidine,Unsolved
205564392,rs4951243,CT,CC,TT,29,85,12,NC_000001.11,Mutation NB - Maternal Origin,Transversion - Purine/Pyrimidine,C>T
205584826,rs80248025,GG,AA,GG,70,91,33,NC_000001.11,Mutation NB - Maternal Origin,Transition - Purine/Purine,A>G
206478008,rs11117948,GG,GA,AA,100,1,18,NC_000001.11,Mutation NB - Paternal Origin,Transition - Purine/Purine,G>A
206526438,rs4532836,AA,AG,GG,76,1,12,NC_000001.11,Mutation NB - Paternal Origin,Transition - Purine/Purine,A>G
208003725,rs11810275,GG,CC,GG,82,73,0,NC_000001.11,Mutation NB - Maternal Origin,Transversion - Purine/Pyrimidine,C>G
208788810,rs112253445,CC,CC,CA,67,100,99,NC_000001.11,Mutation NB - Paternal Origin,Transversion - Purine/Pyrimidine,Unsolved
212430448,rs11119934,AG,AA,GG,1,100,33,NC_000001.11,Mutation NB - Maternal Origin,Transition - Purine/Purine,A>G
214642076,.,AA,AA,AG,73,61,56,NC_000001.11,Mutation NB - Maternal Origin,Transition - Purine/Purine,Unsolved
214806200,rs12031422,AG,AA,GG,1,100,60,NC_000001.11,Mutation NB - Maternal Origin,Transition - Purine/Purine,A>G
215063351,.,AA,AA,AG,70,85,45,NC_000001.11,Mutation NB - Paternal Origin,Transition - Purine/Purine,Unsolved
215690839,rs139306256,TT,CC,CC,73,55,57,NC_000001.11,Mutation NB - Paternal Origin,Transition - Pyrimidine/Pyrimidine,T>C
216973243,rs1339214,CC,CC,TC,92,85,65,NC_000001.11,Mutation NB - Maternal Origin,Transition - Pyrimidine/Pyrimidine,Unsolved
217379481,rs2454117,TT,TT,TC,100,88,62,NC_000001.11,Mutation NB - Maternal Origin,Transition - Pyrimidine/Pyrimidine,Unsolved
217380432,rs2646840,GG,GG,GA,100,70,99,NC_000001.11,Mutation NB - Maternal Origin,Transition - Purine/Purine,Unsolved
219792880,rs12049480,TT,GG,TT,64,55,9,NC_000001.11,Mutation NB - Maternal Origin,Transversion - Purine/Pyrimidine,G>T
219792912,rs12406190,TT,CC,TT,64,55,9,NC_000001.11,Mutation NB - Maternal Origin,Transition - Pyrimidine/Pyrimidine,C>T
221903498,rs2378493,GG,GA,AA,100,31,21,NC_000001.11,Mutation NB - Paternal Origin,Transition - Purine/Purine,G>A
222050112,rs2584319,TT,TT,TC,43,100,99,NC_000001.11,Mutation NB - Paternal Origin,Transition - Pyrimidine/Pyrimidine,Unsolved
223312024,.,TT,TT,TC,73,43,47,NC_000001.11,Mutation NB - Maternal Origin,Transition - Pyrimidine/Pyrimidine,Unsolved
223764139,rs751128,TT,TC,CC,100,1,21,NC_000001.11,Mutation NB - Paternal Origin,Transition - Pyrimidine/Pyrimidine,T>C
224673396,rs6426146,GG,AA,GG,49,55,81,NC_000001.11,Mutation NB - Maternal Origin,Transition - Purine/Purine,A>G
224760191,.,AA,AA,AG,64,85,62,NC_000001.11,Mutation NB - Paternal Origin,Transition - Purine/Purine,Unsolved
227093856,rs501772,CC,CC,CG,85,100,99,NC_000001.11,Mutation NB - Paternal Origin,Transversion - Purine/Pyrimidine,Unsolved
227451928,rs116064803,GG,TT,GG,85,85,21,NC_000001.11,Mutation NB - Maternal Origin,Transition - Purine/Purine,Transversion - Purine/Pyrimidine,T>G
227470969,rs116139881,CC,CC,CT,61,91,59,NC_000001.11,Mutation NB - Paternal Origin,Transition - Pyrimidine/Pyrimidine,Unsolved
228011292,rs1045164191,AA,AA,AG,61,64,49,NC_000001.11,Mutation NB - Paternal Origin,Transition - Purine/Purine,Unsolved
228097122,.,AA,AA,AG,85,61,44,NC_000001.11,Mutation NB - Maternal Origin,Transition - Purine/Purine,Unsolved
228279049,rs3795782,TT,CC,TT,76,61,24,NC_000001.11,Mutation NB - Maternal Origin,Transition - Pyrimidine/Pyrimidine,C>T
228836609,rs376679487,AA,AA,AG,46,67,41,NC_000001.11,Mutation NB - Paternal Origin,Transition - Purine/Purine,Unsolved
228864188,rs241366,GG,AA,AA,100,91,27,NC_000001.11,Mutation NB - Paternal Origin,Transition - Purine/Purine,G>A
230823949,.,AA,AA,AG,85,85,62,NC_000001.11,Mutation NB - Paternal or Maternal,Transition - Purine/Purine,Unsolved
231360342,rs2790896,AG,AA,GG,1,91,7,NC_000001.11,Mutation NB - Maternal Origin,Transition - Purine/Purine,A>G
232237264,rs1273689469,TT,TT,TC,49,61,41,NC_000001.11,Mutation NB - Paternal Origin,Transition - Pyrimidine/Pyrimidine,Unsolved
234895918,rs2673974,CC,CT,TT,100,1,30,NC_000001.11,Mutation NB - Paternal Origin,Transition - Pyrimidine/Pyrimidine,C>T
236169228,rs28469253,AA,GG,AA,85,91,0,NC_000001.11,Mutation NB - Maternal Origin,Transition - Purine/Purine,G>A
237865200,rs16835956,CC,CT,TT,100,1,12,NC_000001.11,Mutation NB - Paternal Origin,Transition - Pyrimidine/Pyrimidine,C>T
239895264,rs1408990374,TT,TT,TC,76,70,56,NC_000001.11,Mutation NB - Maternal Origin,Transition - Pyrimidine/Pyrimidine,Unsolved
239918480,rs1367867679,CC,CC,CT,76,67,56,NC_000001.11,Mutation NB - Maternal Origin,Transition - Pyrimidine/Pyrimidine,Unsolved
240288932,.,CC,CC,CG,52,67,43,NC_000001.11,Mutation NB - Paternal Origin,Transversion - Purine/Pyrimidine,Unsolved
241027173,.,AA,AA,AG,85,88,50,NC_000001.11,Mutation NB - Paternal Origin,Transition - Purine/Purine,Unsolved
242244274,rs71648699,CC,TT,CC,67,79,0,NC_000001.11,Mutation NB - Maternal Origin,Transition - Pyrimidine/Pyrimidine,T>C
244268463,rs505913,GG,AA,AA,88,91,9,NC_000001.11,Mutation NB - Paternal Origin,Transition - Purine/Purine,G>A
246055375,rs4535970,CC,CC,CA,82,91,18,NC_000001.11,Mutation NB - Paternal Origin,Transversion - Purine/Pyrimidine,Unsolved
246509488,rs2152887,GC,CC,GG,29,91,24,NC_000001.11,Mutation NB - Maternal Origin,Transversion - Purine/Pyrimidine,C>G
246509620,.,CC,CC,CG,79,64,92,NC_000001.11,Mutation NB - Maternal Origin,Transversion - Purine/Pyrimidine,Unsolved
246782719,rs4926457,GG,GG,GC,100,52,99,NC_000001.11,Mutation NB - Maternal Origin,Transition - Purine/Purine,Transversion - Purine/Pyrimidine,Unsolved
650012,rs1320336,GG,GA,AA,100,1,9,NC_000002.12,Mutation NB - Paternal Origin,Transition - Purine/Purine,G>A
652247,rs7608050,AA,GG,AA,88,100,18,NC_000002.12,Mutation NB - Maternal Origin,Transition - Purine/Purine,G>A
652272,rs6760274,AA,GG,AA,88,100,18,NC_000002.12,Mutation NB - Maternal Origin,Transition - Purine/Purine,G>A
1677948,rs13019273,TT,CC,TT,100,88,0,NC_000002.12,Mutation NB - Maternal Origin,Transition - Pyrimidine/Pyrimidine,C>T
2639919,rs1433119263,TT,TT,TC,76,70,41,NC_000002.12,Mutation NB - Maternal Origin,Transition - Pyrimidine/Pyrimidine,Unsolved
2703434,rs72774931,CC,TT,CC,100,73,0,NC_000002.12,Mutation NB - Maternal Origin,Transition - Pyrimidine/Pyrimidine,T>C
2791434,rs11695235,AA,GG,GG,70,79,9,NC_000002.12,Mutation NB - Paternal Origin,Transition - Purine/Purine,A>G
2867425,rs151232785,CA,CC,AA,1,73,15,NC_000002.12,Mutation NB - Maternal Origin,Transversion - Purine/Pyrimidine,C>A
2867533,rs1656318,GG,GG,GA,100,76,91,NC_000002.12,Mutation NB - Maternal Origin,Transition - Purine/Purine,Unsolved
3319978,rs72765341,GG,GG,GA,91,91,96,NC_000002.12,Mutation NB - Paternal or Maternal,Transition - Purine/Purine,Unsolved
3613266,rs7567724,GA,AA,GG,1,73,27,NC_000002.12,Mutation NB - Maternal Origin,Transition - Purine/Purine,A>G
3804085,rs1454241,TT,CC,TT,88,100,12,NC_000002.12,Mutation NB - Maternal Origin,Transition - Pyrimidine/Pyrimidine,C>T
3967693,rs115403780,AA,AA,AG,85,100,68,NC_000002.12,Mutation NB - Paternal Origin,Transition - Purine/Purine,Unsolved
6947754,rs116587109,AA,AA,AC,91,76,64,NC_000002.12,Mutation NB - Maternal Origin,Transversion - Purine/Pyrimidine,Unsolved
8387561,rs11674552,CT,CC,TT,1,67,12,NC_000002.12,Mutation NB - Maternal Origin,Transversion - Purine/Pyrimidine,C>T
8647308,rs113213256,AA,AA,AG,82,91,99,NC_000002.12,Mutation NB - Paternal Origin,Transition - Purine/Purine,Unsolved
8894991,rs7607250,TT,TT,TC,55,91,99,NC_000002.12,Mutation NB - Paternal Origin,Transition - Pyrimidine/Pyrimidine,Unsolved
9518967,rs114697371,GG,GG,GA,85,100,99,NC_000002.12,Mutation NB - Paternal Origin,Transition - Purine/Purine,Unsolved
10379932,rs12475051,CC,TT,TT,91,91,9,NC_000002.12,Mutation NB - Paternal Origin,Transition - Pyrimidine/Pyrimidine,C>T
10841312,.,AA,AA,AG,61,88,52,NC_000002.12,Mutation NB - Paternal Origin,Transition - Purine/Purine,Unsolved
11073349,rs10169945,GG,GG,GT,100,100,24,NC_000002.12,Mutation NB - Paternal or Maternal,Transversion - Purine/Pyrimidine,Unsolved
12223605,.,TT,TT,TC,43,67,71,NC_000002.12,Mutation NB - Paternal Origin,Transition - Pyrimidine/Pyrimidine,Unsolved
12425841,rs10177407,TT,AA,AA,100,73,24,NC_000002.12,Mutation NB - Paternal Origin,Transversion - Purine/Pyrimidine,T>A
14182889,rs13391676,GG,GT,TT,79,1,39,NC_000002.12,Mutation NB - Paternal Origin,Transversion - Purine/Pyrimidine,G>T
17292371,rs9989751,AG,GG,AA,41,79,0,NC_000002.12,Mutation NB - Maternal Origin,Transition - Purine/Purine,G>A
17636372,.,CC,CC,CT,55,43,44,NC_000002.12,Mutation NB - Maternal Origin,Transition - Pyrimidine/Pyrimidine,Unsolved
18484907,rs75820332,CC,CC,CT,79,85,99,NC_000002.12,Mutation NB - Paternal Origin,Transition - Pyrimidine/Pyrimidine,Unsolved
19213064,.,GG,GG,GA,55,61,50,NC_000002.12,Mutation NB - Paternal Origin,Transition - Purine/Purine,Unsolved
19575005,.,AA,AA,AG,55,49,50,NC_000002.12,Mutation NB - Maternal Origin,Transition - Purine/Purine,Unsolved
19916278,rs6716854,AA,GG,GG,76,85,24,NC_000002.12,Mutation NB - Paternal Origin,Transition - Purine/Purine,A>G
20192608,.,AA,AA,AT,91,91,33,NC_000002.12,Mutation NB - Paternal or Maternal,Transversion - Purine/Pyrimidine,Unsolved
20332104,.,AA,AA,AG,76,85,53,NC_000002.12,Mutation NB - Paternal Origin,Transition - Purine/Purine,Unsolved
25041751,rs6735896,CA,CC,AA,42,91,9,NC_000002.12,Mutation NB - Maternal Origin,Transversion - Purine/Pyrimidine,C>A
26721264,.,AA,AA,AG,46,73,50,NC_000002.12,Mutation NB - Paternal Origin,Transition - Purine/Purine,Unsolved
30158057,rs7600457,AA,AA,GG,100,100,9,NC_000002.12,Mutation NB - Paternal or Maternal,Transition - Purine/Purine,Unsolved
30732252,rs35481680,GT,TT,GG,6,67,18,NC_000002.12,Mutation NB - Maternal Origin,Transversion - Purine/Pyrimidine,T>G
31132181,rs6743542,GG,AA,AA,82,88,2,NC_000002.12,Mutation NB - Paternal Origin,Transition - Purine/Purine,G>A
31257382,rs3754840,CT,TT,CC,1,91,0,NC_000002.12,Mutation NB - Maternal Origin,Transition - Pyrimidine/Pyrimidine,T>C
32152892,rs2280972,CT,TT,CC,72,67,0,NC_000002.12,Mutation NB - Maternal Origin,Transition - Pyrimidine/Pyrimidine,T>C
34031707,rs7588920,AA,GG,AA,52,100,18,NC_000002.12,Mutation NB - Maternal Origin,Transition - Purine/Purine,G>A
36093365,rs113255676,AA,AA,AG,49,100,99,NC_000002.12,Mutation NB - Paternal Origin,Transition - Purine/Purine,Unsolved
37635599,rs13401120,AA,AA,AG,88,85,99,NC_000002.12,Mutation NB - Maternal Origin,Transition - Purine/Purine,Unsolved
37635600,rs115393401,CC,CC,CG,88,85,99,NC_000002.12,Mutation NB - Maternal Origin,Transversion - Purine/Pyrimidine,Unsolved
37723980,rs6544102,AA,GA,GG,85,14,17,NC_000002.12,Mutation NB - Paternal Origin,Transition - Purine/Purine,A>G
39555611,rs965833532,TT,TT,TA,100,100,47,NC_000002.12,Mutation NB - Paternal or Maternal,Transition - Pyrimidine/Pyrimidine,Transversion - Purine/Pyrimidine,Unsolved
41030349,rs12995653,AG,GG,AA,1,91,0,NC_000002.12,Mutation NB - Maternal Origin,Transition - Purine/Purine,G>A
41879630,.,TT,TT,TC,55,37,44,NC_000002.12,Mutation NB - Maternal Origin,Transition - Pyrimidine/Pyrimidine,Unsolved
42383751,rs113228460,AA,GG,AA,67,82,51,NC_000002.12,Mutation NB - Maternal Origin,Transition - Purine/Purine,G>A
42400230,rs1368068538,TT,TT,CC,88,91,9,NC_000002.12,Mutation NB - Paternal Origin,Transition - Pyrimidine/Pyrimidine,Unsolved
42857651,.,AA,AA,AG,76,58,56,NC_000002.12,Mutation NB - Maternal Origin,Transition - Purine/Purine,Unsolved
45132727,.,AA,AA,AG,64,82,39,NC_000002.12,Mutation NB - Paternal Origin,Transition - Purine/Purine,Unsolved
45724854,rs7568111,CC,CC,CT,40,100,99,NC_000002.12,Mutation NB - Paternal Origin,Transition - Pyrimidine/Pyrimidine,Unsolved
46946220,rs13404033,CT,TT,CC,36,82,18,NC_000002.12,Mutation NB - Maternal Origin,Transition - Pyrimidine/Pyrimidine,T>C
47003382,rs13413587,GG,TT,TT,91,76,15,NC_000002.12,Mutation NB - Paternal Origin,Transversion - Purine/Pyrimidine,G>T
54135300,rs2357954,TT,CC,TT,85,76,12,NC_000002.12,Mutation NB - Maternal Origin,Transition - Pyrimidine/Pyrimidine,C>T
54147462,rs899085205,TT,TT,TC,85,79,50,NC_000002.12,Mutation NB - Maternal Origin,Transition - Pyrimidine/Pyrimidine,Unsolved
54325784,rs11675478,TT,TT,TC,91,55,97,NC_000002.12,Mutation NB - Maternal Origin,Transition - Pyrimidine/Pyrimidine,Unsolved
54325815,rs6739530,AA,GG,GG,91,55,24,NC_000002.12,Mutation NB - Paternal Origin,Transition - Purine/Purine,A>G
56606142,rs4305312,CC,TT,TT,100,76,9,NC_000002.12,Mutation NB - Paternal Origin,Transition - Pyrimidine/Pyrimidine,C>T
62185578,.,GG,GG,GA,58,67,53,NC_000002.12,Mutation NB - Paternal Origin,Transition - Purine/Purine,Unsolved
65564456,rs4671132,TT,TT,TC,100,91,99,NC_000002.12,Mutation NB - Maternal Origin,Transition - Pyrimidine/Pyrimidine,Unsolved
65814967,rs6713356,TT,TC,CC,100,1,45,NC_000002.12,Mutation NB - Paternal Origin,Transition - Pyrimidine/Pyrimidine,T>C
66525424,rs62144057,GG,CC,CC,91,88,9,NC_000002.12,Mutation NB - Paternal Origin,Transversion - Purine/Pyrimidine,G>C
67195136,.,AA,AA,AT,79,70,53,NC_000002.12,Mutation NB - Maternal Origin,Transversion - Purine/Pyrimidine,Unsolved
67745109,rs142557633,AA,GG,GG,91,91,9,NC_000002.12,Mutation NB - Paternal Origin,Transition - Purine/Purine,A>G
68774756,.,GG,GG,GT,55,58,55,NC_000002.12,Mutation NB - Paternal Origin,Transversion - Purine/Pyrimidine,Unsolved
70204689,rs6728731,AA,AG,GG,91,73,36,NC_000002.12,Mutation NB - Paternal Origin,Transition - Purine/Purine,A>G
70331169,.,AA,AA,AG,73,76,53,NC_000002.12,Mutation NB - Paternal Origin,Transition - Purine/Purine,Unsolved
70768085,rs2287098,TT,AA,AA,91,100,9,NC_000002.12,Mutation NB - Paternal Origin,Transversion - Purine/Pyrimidine,T>A
70940011,rs6750310,GG,GT,TT,100,1,12,NC_000002.12,Mutation NB - Paternal Origin,Transversion - Purine/Pyrimidine,G>T
71117921,.,TT,TT,TC,79,73,56,NC_000002.12,Mutation NB - Maternal Origin,Transition - Pyrimidine/Pyrimidine,Unsolved
71150500,rs357742,TT,AA,AA,85,79,27,NC_000002.12,Mutation NB - Paternal Origin,Transversion - Purine/Pyrimidine,T>A
71291407,rs6546681,GG,CC,GG,88,88,12,NC_000002.12,Mutation NB - Maternal Origin,Transversion - Purine/Pyrimidine,C>G
73260982,.,TT,TT,TC,76,76,50,NC_000002.12,Mutation NB - Paternal or Maternal,Transition - Pyrimidine/Pyrimidine,Unsolved
73836391,rs7588498,CC,CC,CA,100,70,99,NC_000002.12,Mutation NB - Maternal Origin,Transversion - Purine/Pyrimidine,Unsolved
79611930,.,TT,TT,TC,79,82,53,NC_000002.12,Mutation NB - Paternal Origin,Transition - Pyrimidine/Pyrimidine,Unsolved
79670186,rs1606115,AA,AG,GG,100,1,24,NC_000002.12,Mutation NB - Paternal Origin,Transition - Purine/Purine,A>G
79670266,.,GG,GG,GA,61,73,65,NC_000002.12,Mutation NB - Paternal Origin,Transition - Purine/Purine,Unsolved
81391646,rs7608846,GG,CC,CC,88,85,0,NC_000002.12,Mutation NB - Paternal Origin,Transversion - Purine/Pyrimidine,G>C
85394936,rs6886,TC,CC,TT,12,70,0,NC_000002.12,Mutation NB - Maternal Origin,Transversion - Purine/Pyrimidine,C>T
96898547,rs2314650,GG,GG,GA,100,61,99,NC_000002.12,Mutation NB - Maternal Origin,Transition - Purine/Purine,Unsolved
100130895,rs6713524,GG,AA,AA,73,88,0,NC_000002.12,Mutation NB - Paternal Origin,Transition - Purine/Purine,G>A
100676744,rs2970982,CC,CC,CT,67,88,53,NC_000002.12,Mutation NB - Paternal Origin,Transition - Pyrimidine/Pyrimidine,Unsolved
101927597,rs2098620282,AA,AA,AG,100,40,47,NC_000002.12,Mutation NB - Maternal Origin,Transition - Purine/Purine,Unsolved
102120794,rs6736803,AA,GG,AA,76,100,12,NC_000002.12,Mutation NB - Maternal Origin,Transition - Purine/Purine,G>A
102120802,rs72820106,CC,GG,CC,76,91,12,NC_000002.12,Mutation NB - Maternal Origin,Transversion - Purine/Pyrimidine,G>C
102121101,rs188459638,GG,GG,GA,58,79,27,NC_000002.12,Mutation NB - Paternal Origin,Transition - Purine/Purine,Unsolved
106576008,rs4302209,AA,GG,GG,85,85,0,NC_000002.12,Mutation NB - Paternal Origin,Transition - Purine/Purine,A>G
106576013,rs4622714,CC,GG,GG,85,85,0,NC_000002.12,Mutation NB - Paternal Origin,Transversion - Purine/Pyrimidine,C>G
106607507,rs72824039,GG,AA,AA,100,88,9,NC_000002.12,Mutation NB - Paternal Origin,Transition - Purine/Purine,G>A
108163029,rs1563113,TT,TT,TC,91,100,71,NC_000002.12,Mutation NB - Paternal Origin,Transition - Pyrimidine/Pyrimidine,Unsolved
108650418,rs826699,TC,CC,TT,5,71,0,NC_000002.12,Mutation NB - Maternal Origin,Transversion - Purine/Pyrimidine,C>T
109287404,rs771669506,TT,TT,TC,55,85,56,NC_000002.12,Mutation NB - Paternal Origin,Transition - Pyrimidine/Pyrimidine,Unsolved
109387714,rs3860481,TT,CC,CC,100,88,39,NC_000002.12,Mutation NB - Paternal Origin,Transition - Pyrimidine/Pyrimidine,T>C
112722037,rs13386452,AA,GG,GG,76,85,9,NC_000002.12,Mutation NB - Paternal Origin,Transition - Purine/Purine,A>G
112900182,rs56319258,CT,CC,TT,35,100,12,NC_000002.12,Mutation NB - Maternal Origin,Transversion - Purine/Pyrimidine,C>T
118827348,rs67800871,AA,AA,AG,40,88,99,NC_000002.12,Mutation NB - Paternal Origin,Transition - Purine/Purine,Unsolved
119306899,rs6542520,GG,CC,GG,4,100,29,NC_000002.12,Mutation NB - Maternal Origin,Transversion - Purine/Pyrimidine,C>G
120449019,rs6761337,TT,CC,TT,76,85,9,NC_000002.12,Mutation NB - Maternal Origin,Transition - Pyrimidine/Pyrimidine,C>T
120768361,rs4848625,TT,CC,TT,91,100,18,NC_000002.12,Mutation NB - Maternal Origin,Transition - Pyrimidine/Pyrimidine,C>T
131648106,rs72868320,AA,AA,AG,100,100,26,NC_000002.12,Mutation NB - Paternal or Maternal,Transition - Purine/Purine,Unsolved
134071407,.,CC,CC,CT,13,64,62,NC_000002.12,Mutation NB - Paternal Origin,Transition - Pyrimidine/Pyrimidine,Unsolved
134176829,rs4954112,TT,TT,TG,91,70,65,NC_000002.12,Mutation NB - Maternal Origin,Transition - Pyrimidine/Pyrimidine,Transversion - Purine/Pyrimidine,Unsolved
134593672,rs115421173,TT,TT,TC,100,88,99,NC_000002.12,Mutation NB - Maternal Origin,Transition - Pyrimidine/Pyrimidine,Unsolved
134787917,.,GG,GG,GA,70,85,39,NC_000002.12,Mutation NB - Paternal Origin,Transition - Purine/Purine,Unsolved
149765984,rs59909682,AA,GG,GG,88,88,0,NC_000002.12,Mutation NB - Paternal Origin,Transition - Purine/Purine,A>G
150105176,rs7605965,GG,GG,GA,100,88,99,NC_000002.12,Mutation NB - Maternal Origin,Transition - Purine/Purine,Unsolved
152958576,rs4531882,GG,TT,TT,88,79,9,NC_000002.12,Mutation NB - Paternal Origin,Transversion - Purine/Pyrimidine,G>T
152958698,rs4619556,GG,AA,AA,91,79,15,NC_000002.12,Mutation NB - Paternal Origin,Transition - Purine/Purine,G>A
157538301,rs6437105,CC,CC,TC,73,91,12,NC_000002.12,Mutation NB - Paternal Origin,Transition - Pyrimidine/Pyrimidine,Unsolved
157968006,rs13014993,GA,GG,AA,1,67,15,NC_000002.12,Mutation NB - Maternal Origin,Transition - Purine/Purine,G>A
158223508,rs9808469,GG,AA,AA,100,61,9,NC_000002.12,Mutation NB - Paternal Origin,Transition - Purine/Purine,G>A
158726463,rs11674976,CC,CT,TT,100,39,21,NC_000002.12,Mutation NB - Paternal Origin,Transition - Pyrimidine/Pyrimidine,C>T
165427685,rs590745,GT,TT,GG,45,91,15,NC_000002.12,Mutation NB - Maternal Origin,Transversion - Purine/Pyrimidine,T>G
168193508,rs116594355,GG,GG,GA,52,100,99,NC_000002.12,Mutation NB - Paternal Origin,Transition - Purine/Purine,Unsolved
168505032,rs12479292,CC,CC,CT,100,88,99,NC_000002.12,Mutation NB - Maternal Origin,Transition - Pyrimidine/Pyrimidine,Unsolved
168754528,rs76092446,CC,CC,CG,100,91,33,NC_000002.12,Mutation NB - Maternal Origin,Transversion - Purine/Pyrimidine,Unsolved
170122122,rs186133920,GG,GG,GA,82,70,63,NC_000002.12,Mutation NB - Maternal Origin,Transition - Purine/Purine,Unsolved
170975382,rs13425574,GG,GG,GC,85,79,33,NC_000002.12,Mutation NB - Maternal Origin,Transition - Purine/Purine,Transversion - Purine/Pyrimidine,Unsolved
171523139,rs115283512,TT,CC,CC,79,88,15,NC_000002.12,Mutation NB - Paternal Origin,Transition - Pyrimidine/Pyrimidine,T>C
172712800,rs836598,CT,TT,CC,1,85,39,NC_000002.12,Mutation NB - Maternal Origin,Transition - Pyrimidine/Pyrimidine,T>C
173277414,rs1372934,CC,GG,CC,88,88,12,NC_000002.12,Mutation NB - Maternal Origin,Transversion - Purine/Pyrimidine,G>C
174695169,rs11689125,CC,CT,TT,79,1,15,NC_000002.12,Mutation NB - Paternal Origin,Transition - Pyrimidine/Pyrimidine,C>T
174708821,rs7556889,CT,TT,CC,47,82,0,NC_000002.12,Mutation NB - Maternal Origin,Transition - Pyrimidine/Pyrimidine,T>C
181411449,rs139518862,CG,CC,GG,73,82,12,NC_000002.12,Mutation NB - Maternal Origin,Transversion - Purine/Pyrimidine,C>G
181577001,rs61649289,CC,CC,CA,88,88,71,NC_000002.12,Mutation NB - Paternal or Maternal,Transversion - Purine/Pyrimidine,Unsolved
182908019,rs374216331,CC,CT,TT,91,73,15,NC_000002.12,Mutation NB - Paternal Origin,Transition - Pyrimidine/Pyrimidine,C>T
184149499,rs2369210,TC,CC,TT,1,91,27,NC_000002.12,Mutation NB - Maternal Origin,Transversion - Purine/Pyrimidine,C>T
184980064,rs721567,AA,AA,AG,82,100,99,NC_000002.12,Mutation NB - Paternal Origin,Transition - Purine/Purine,Unsolved
185347659,rs2081321,GG,GG,GA,76,100,24,NC_000002.12,Mutation NB - Paternal Origin,Transition - Purine/Purine,Unsolved
185451251,rs75301389,GG,GC,CC,79,1,21,NC_000002.12,Mutation NB - Paternal Origin,Transversion - Purine/Pyrimidine,G>C
187015304,rs2370734,AA,AA,AG,91,100,63,NC_000002.12,Mutation NB - Paternal Origin,Transition - Purine/Purine,Unsolved
187015349,rs2370735,AA,AG,GG,100,41,18,NC_000002.12,Mutation NB - Paternal Origin,Transition - Purine/Purine,A>G
191278699,rs4853463,GG,GG,GT,79,100,33,NC_000002.12,Mutation NB - Paternal Origin,Transversion - Purine/Pyrimidine,Unsolved
191797864,rs937876355,TT,TT,TC,100,73,68,NC_000002.12,Mutation NB - Maternal Origin,Transition - Pyrimidine/Pyrimidine,Unsolved
192508315,rs62179866,GA,GG,AA,38,76,9,NC_000002.12,Mutation NB - Maternal Origin,Transition - Purine/Purine,G>A
195269089,rs112954187,TT,CC,TT,91,46,15,NC_000002.12,Mutation NB - Maternal Origin,Transition - Pyrimidine/Pyrimidine,C>T
195269238,rs113603171,CC,CC,CT,88,82,71,NC_000002.12,Mutation NB - Maternal Origin,Transition - Pyrimidine/Pyrimidine,Unsolved
196083935,rs2102900,GG,AA,GG,73,100,21,NC_000002.12,Mutation NB - Maternal Origin,Transition - Purine/Purine,A>G
198053867,rs11903129,TT,AT,AA,91,29,9,NC_000002.12,Mutation NB - Paternal Origin,Transversion - Purine/Pyrimidine,T>A
199163163,rs17247558,GG,GG,GC,79,100,27,NC_000002.12,Mutation NB - Paternal Origin,Transition - Purine/Purine,Transversion - Purine/Pyrimidine,Unsolved
201657101,rs11890273,AA,AC,CC,61,8,9,NC_000002.12,Mutation NB - Paternal Origin,Transversion - Purine/Pyrimidine,A>C
202338235,rs1105047,AA,AA,AG,100,67,99,NC_000002.12,Mutation NB - Maternal Origin,Transition - Purine/Purine,Unsolved
203575622,rs16839922,TG,TT,GG,38,100,45,NC_000002.12,Mutation NB - Maternal Origin,Transversion - Purine/Pyrimidine,T>G
205354288,rs12468851,CC,TT,TT,88,85,9,NC_000002.12,Mutation NB - Paternal Origin,Transition - Pyrimidine/Pyrimidine,C>T
205354289,rs12472655,CC,AA,AA,88,85,9,NC_000002.12,Mutation NB - Paternal Origin,Transversion - Purine/Pyrimidine,C>A
207028056,rs7585197,AA,AA,AC,97,100,61,NC_000002.12,Mutation NB - Paternal Origin,Transversion - Purine/Pyrimidine,Unsolved
208966269,rs35953115,GG,GG,GA,88,79,99,NC_000002.12,Mutation NB - Maternal Origin,Transition - Purine/Purine,Unsolved
209172278,rs72998533,GG,GG,GA,91,73,68,NC_000002.12,Mutation NB - Maternal Origin,Transition - Purine/Purine,Unsolved
212604810,rs77870862,GG,GG,GA,100,76,59,NC_000002.12,Mutation NB - Maternal Origin,Transition - Purine/Purine,Unsolved
214114234,rs6733377,AA,AA,GG,82,91,9,NC_000002.12,Mutation NB - Paternal Origin,Transition - Purine/Purine,Unsolved
215409088,rs1250264,TT,CT,CC,85,39,18,NC_000002.12,Mutation NB - Paternal Origin,Transition - Pyrimidine/Pyrimidine,T>C
216000010,rs3770558,GG,CC,GG,88,100,12,NC_000002.12,Mutation NB - Maternal Origin,Transversion - Purine/Pyrimidine,C>G
216718250,.,AA,AA,AC,55,82,57,NC_000002.12,Mutation NB - Paternal Origin,Transversion - Purine/Pyrimidine,Unsolved
218642847,rs773919284,TT,TT,TC,73,76,65,NC_000002.12,Mutation NB - Paternal Origin,Transition - Pyrimidine/Pyrimidine,Unsolved
218798876,rs12694442,TT,TC,CC,91,5,18,NC_000002.12,Mutation NB - Paternal Origin,Transition - Pyrimidine/Pyrimidine,T>C
219291443,rs1952052123,AA,AA,AG,70,67,40,NC_000002.12,Mutation NB - Maternal Origin,Transition - Purine/Purine,Unsolved
219468681,rs1050004455,TT,TT,TC,82,82,62,NC_000002.12,Mutation NB - Paternal or Maternal,Transition - Pyrimidine/Pyrimidine,Unsolved
219787455,.,TT,TT,TC,64,82,44,NC_000002.12,Mutation NB - Paternal Origin,Transition - Pyrimidine/Pyrimidine,Unsolved
220503265,rs2602289,CC,CC,CT,82,91,34,NC_000002.12,Mutation NB - Paternal Origin,Transition - Pyrimidine/Pyrimidine,Unsolved
222755921,rs111701369,CC,CC,CT,100,91,59,NC_000002.12,Mutation NB - Maternal Origin,Transition - Pyrimidine/Pyrimidine,Unsolved
224330527,rs58788719,GG,GG,GA,91,100,65,NC_000002.12,Mutation NB - Paternal Origin,Transition - Purine/Purine,Unsolved
225164838,rs1868423,TT,CC,TT,82,88,33,NC_000002.12,Mutation NB - Maternal Origin,Transition - Pyrimidine/Pyrimidine,C>T
230579577,rs2241537,TT,TT,TC,91,73,97,NC_000002.12,Mutation NB - Maternal Origin,Transition - Pyrimidine/Pyrimidine,Unsolved
230964373,.,TT,TT,TC,67,52,39,NC_000002.12,Mutation NB - Maternal Origin,Transition - Pyrimidine/Pyrimidine,Unsolved
231000303,rs13406394,AG,AA,GG,80,100,45,NC_000002.12,Mutation NB - Maternal Origin,Transition - Purine/Purine,A>G
231000332,rs3817173,TC,TT,CC,1,100,46,NC_000002.12,Mutation NB - Maternal Origin,Transition - Pyrimidine/Pyrimidine,T>C
231094999,rs1694690900,AA,AA,AG,79,76,62,NC_000002.12,Mutation NB - Maternal Origin,Transition - Purine/Purine,Unsolved
232363878,.,AA,AA,AG,61,46,44,NC_000002.12,Mutation NB - Maternal Origin,Transition - Purine/Purine,Unsolved
232440673,rs35849718,CC,CC,CT,52,100,99,NC_000002.12,Mutation NB - Paternal Origin,Transition - Pyrimidine/Pyrimidine,Unsolved
235087341,rs28709079,CC,CC,CG,73,100,99,NC_000002.12,Mutation NB - Paternal Origin,Transversion - Purine/Pyrimidine,Unsolved
236194980,rs10166966,AA,AA,AG,85,85,99,NC_000002.12,Mutation NB - Paternal or Maternal,Transition - Purine/Purine,Unsolved
236334243,rs58127588,CC,TT,TT,82,76,0,NC_000002.12,Mutation NB - Paternal Origin,Transition - Pyrimidine/Pyrimidine,C>T
236909795,rs7609213,CC,CC,CT,82,100,99,NC_000002.12,Mutation NB - Paternal Origin,Transition - Pyrimidine/Pyrimidine,Unsolved
236940303,rs7559244,CA,CC,AA,42,100,15,NC_000002.12,Mutation NB - Maternal Origin,Transversion - Purine/Pyrimidine,C>A
236940322,rs7559250,CT,CC,TT,32,88,15,NC_000002.12,Mutation NB - Maternal Origin,Transversion - Purine/Pyrimidine,C>T
237122562,rs10195205,AA,AA,AG,88,100,33,NC_000002.12,Mutation NB - Paternal Origin,Transition - Purine/Purine,Unsolved
238156293,rs3739058,CC,TT,CC,73,91,18,NC_000002.12,Mutation NB - Maternal Origin,Transition - Pyrimidine/Pyrimidine,T>C
238277948,rs2304672,GG,GG,GC,85,100,99,NC_000002.12,Mutation NB - Paternal Origin,Transition - Purine/Purine,Transversion - Purine/Pyrimidine,Unsolved
238436022,rs11904390,TT,TT,TA,100,73,21,NC_000002.12,Mutation NB - Maternal Origin,Transition - Pyrimidine/Pyrimidine,Transversion - Purine/Pyrimidine,Unsolved
238595236,rs4663314,CC,TT,CC,88,100,9,NC_000002.12,Mutation NB - Maternal Origin,Transition - Pyrimidine/Pyrimidine,T>C
238947087,rs75081919,CC,CC,CA,88,88,33,NC_000002.12,Mutation NB - Paternal or Maternal,Transversion - Purine/Pyrimidine,Unsolved
238985702,rs111470758,AA,CC,AA,58,82,12,NC_000002.12,Mutation NB - Maternal Origin,Transversion - Purine/Pyrimidine,C>A
239106634,rs1469803312,AA,AA,AG,61,61,56,NC_000002.12,Mutation NB - Paternal or Maternal,Transition - Purine/Purine,Unsolved
239601265,rs72994473,AA,GG,GG,98,85,18,NC_000002.12,Mutation NB - Paternal Origin,Transition - Purine/Purine,A>G
240157495,.,TT,TT,TC,55,61,39,NC_000002.12,Mutation NB - Paternal Origin,Transition - Pyrimidine/Pyrimidine,Unsolved
240255250,rs10184262,TT,CC,CC,88,100,0,NC_000002.12,Mutation NB - Paternal Origin,Transition - Pyrimidine/Pyrimidine,T>C
240424310,rs2352818,GG,GG,GA,91,91,75,NC_000002.12,Mutation NB - Paternal or Maternal,Transition - Purine/Purine,Unsolved
240432306,rs7593914,GG,GG,GA,100,82,24,NC_000002.12,Mutation NB - Maternal Origin,Transition - Purine/Purine,Unsolved
240504052,rs10933609,CC,TC,TT,91,38,0,NC_000002.12,Mutation NB - Paternal Origin,Transition - Pyrimidine/Pyrimidine,C>T
241243423,.,GG,GG,GC,34,67,99,NC_000002.12,Mutation NB - Paternal Origin,Transition - Purine/Purine,Transversion - Purine/Pyrimidine,Unsolved
241576191,.,TT,TT,TC,79,91,56,NC_000002.12,Mutation NB - Paternal Origin,Transition - Pyrimidine/Pyrimidine,Unsolved
241648594,rs1452839563,CC,CC,CA,54,98,48,NC_000002.12,Mutation NB - Paternal Origin,Transversion - Purine/Pyrimidine,Unsolved
241648614,.,AA,AA,AG,73,79,48,NC_000002.12,Mutation NB - Paternal Origin,Transition - Purine/Purine,Unsolved
4245629,rs6784512,AA,AA,AT,100,79,56,NC_000003.12,Mutation NB - Maternal Origin,Transversion - Purine/Pyrimidine,Unsolved
4574377,rs6442887,GG,AA,GG,43,85,60,NC_000003.12,Mutation NB - Maternal Origin,Transition - Purine/Purine,A>G
5218123,rs79419566,CC,AA,AA,82,79,0,NC_000003.12,Mutation NB - Paternal Origin,Transversion - Purine/Pyrimidine,C>A
6144137,rs60448136,GG,GG,GA,85,100,75,NC_000003.12,Mutation NB - Paternal Origin,Transition - Purine/Purine,Unsolved
6144138,rs57274511,CC,CC,CA,85,100,75,NC_000003.12,Mutation NB - Paternal Origin,Transversion - Purine/Pyrimidine,Unsolved
6840488,rs342017,TC,TT,CC,67,79,9,NC_000003.12,Mutation NB - Maternal Origin,Transition - Pyrimidine/Pyrimidine,T>C
8421326,rs359012,TT,TT,TC,61,82,68,NC_000003.12,Mutation NB - Paternal Origin,Transition - Pyrimidine/Pyrimidine,Unsolved
8607335,rs59337661,GG,GG,GA,100,76,57,NC_000003.12,Mutation NB - Maternal Origin,Transition - Purine/Purine,Unsolved
8745534,rs13087941,TT,TT,CC,100,88,9,NC_000003.12,Mutation NB - Maternal Origin,Transition - Pyrimidine/Pyrimidine,Unsolved
8745577,rs72546667,GG,GG,AA,100,88,9,NC_000003.12,Mutation NB - Maternal Origin,Transition - Purine/Purine,Unsolved
9146931,rs2257056,GG,GT,TT,55,2,15,NC_000003.12,Mutation NB - Paternal Origin,Transversion - Purine/Pyrimidine,G>T
9603118,rs114073210,TT,TT,TC,91,58,99,NC_000003.12,Mutation NB - Maternal Origin,Transition - Pyrimidine/Pyrimidine,Unsolved
10163382,rs780279,CC,TT,CC,92,91,9,NC_000003.12,Mutation NB - Maternal Origin,Transition - Pyrimidine/Pyrimidine,T>C
10163384,rs1320501440,TT,CC,TT,82,91,0,NC_000003.12,Mutation NB - Maternal Origin,Transition - Pyrimidine/Pyrimidine,C>T
11545997,rs9850938,TT,GG,GG,85,82,12,NC_000003.12,Mutation NB - Paternal Origin,Transversion - Purine/Pyrimidine,T>G
13123762,.,GG,GG,GA,70,76,59,NC_000003.12,Mutation NB - Paternal Origin,Transition - Purine/Purine,Unsolved
13551786,rs4684950,CT,TT,CC,1,88,12,NC_000003.12,Mutation NB - Maternal Origin,Transition - Pyrimidine/Pyrimidine,T>C
14009501,rs6775534,TT,CC,CC,55,49,0,NC_000003.12,Mutation NB - Paternal Origin,Transition - Pyrimidine/Pyrimidine,T>C
14199790,rs2607773,AA,GG,AA,73,67,12,NC_000003.12,Mutation NB - Maternal Origin,Transition - Purine/Purine,G>A
14231964,rs55647831,CC,CT,TT,88,31,18,NC_000003.12,Mutation NB - Paternal Origin,Transition - Pyrimidine/Pyrimidine,C>T
14231972,rs56242556,CC,CT,TT,88,31,18,NC_000003.12,Mutation NB - Paternal Origin,Transition - Pyrimidine/Pyrimidine,C>T
15023088,.,AA,AA,AG,31,88,39,NC_000003.12,Mutation NB - Paternal Origin,Transition - Purine/Purine,Unsolved
15157618,rs9819645,TT,TT,TC,100,64,99,NC_000003.12,Mutation NB - Maternal Origin,Transition - Pyrimidine/Pyrimidine,Unsolved
16616816,rs6801742,AG,AA,GG,67,100,9,NC_000003.12,Mutation NB - Maternal Origin,Transition - Purine/Purine,A>G
20254134,rs7616480,GG,AA,AA,76,40,9,NC_000003.12,Mutation NB - Paternal Origin,Transition - Purine/Purine,G>A
20503629,.,AA,AA,AG,100,85,65,NC_000003.12,Mutation NB - Maternal Origin,Transition - Purine/Purine,Unsolved
20668515,rs9852717,TT,TT,GG,100,100,9,NC_000003.12,Mutation NB - Paternal or Maternal,Transition - Purine/Purine,Transversion - Purine/Pyrimidine,Unsolved
23672816,rs56229503,AA,AC,CC,100,38,12,NC_000003.12,Mutation NB - Paternal Origin,Transversion - Purine/Pyrimidine,A>C
26761218,rs4973811,GG,AG,AA,79,44,12,NC_000003.12,Mutation NB - Paternal Origin,Transition - Purine/Purine,G>A
32724135,rs9880837,AA,AG,GG,88,1,21,NC_000003.12,Mutation NB - Paternal Origin,Transition - Purine/Purine,A>G
34988691,rs9825309,CC,CC,CA,64,100,99,NC_000003.12,Mutation NB - Paternal Origin,Transversion - Purine/Pyrimidine,Unsolved
35144763,.,AA,AA,AT,61,73,47,NC_000003.12,Mutation NB - Paternal Origin,Transversion - Purine/Pyrimidine,Unsolved
36680774,rs9824188,TT,CT,CC,88,76,9,NC_000003.12,Mutation NB - Paternal Origin,Transition - Pyrimidine/Pyrimidine,T>C
39186448,.,TT,TT,TC,85,85,56,NC_000003.12,Mutation NB - Paternal or Maternal,Transition - Pyrimidine/Pyrimidine,Unsolved
41647552,rs9860613,AA,GG,AA,73,82,15,NC_000003.12,Mutation NB - Maternal Origin,Transition - Purine/Purine,G>A
41940364,rs73071212,AA,CC,AA,88,79,9,NC_000003.12,Mutation NB - Maternal Origin,Transversion - Purine/Pyrimidine,C>A
42139388,.,TT,TT,TC,73,61,57,NC_000003.12,Mutation NB - Maternal Origin,Transition - Pyrimidine/Pyrimidine,Unsolved
42708269,.,TT,TT,TC,31,91,47,NC_000003.12,Mutation NB - Paternal Origin,Transition - Pyrimidine/Pyrimidine,Unsolved
42735894,rs768927235,TT,TT,TC,61,67,65,NC_000003.12,Mutation NB - Paternal Origin,Transition - Pyrimidine/Pyrimidine,Unsolved
43031215,rs643663,AA,GG,AA,91,82,12,NC_000003.12,Mutation NB - Maternal Origin,Transition - Purine/Purine,G>A
43031218,rs11710681,GG,GG,GA,91,82,63,NC_000003.12,Mutation NB - Maternal Origin,Transition - Purine/Purine,Unsolved
44099075,rs9820376,CC,TT,CC,88,100,9,NC_000003.12,Mutation NB - Maternal Origin,Transition - Pyrimidine/Pyrimidine,T>C
44099080,rs74282562,TT,CC,CC,88,52,9,NC_000003.12,Mutation NB - Paternal Origin,Transition - Pyrimidine/Pyrimidine,T>C
44386738,rs9637423,TT,TT,TA,100,82,64,NC_000003.12,Mutation NB - Maternal Origin,Transition - Pyrimidine/Pyrimidine,Transversion - Purine/Pyrimidine,Unsolved
45326447,rs11130054,CC,TT,TT,70,91,9,NC_000003.12,Mutation NB - Paternal Origin,Transition - Pyrimidine/Pyrimidine,C>T
45830501,rs62245073,CC,CC,CT,91,82,68,NC_000003.12,Mutation NB - Maternal Origin,Transition - Pyrimidine/Pyrimidine,Unsolved
46450458,rs6774882,TT,TT,AA,91,100,15,NC_000003.12,Mutation NB - Paternal Origin,Transition - Purine/Purine,Transversion - Purine/Pyrimidine,Unsolved
50341515,rs1989839,AA,AA,AG,40,100,65,NC_000003.12,Mutation NB - Paternal Origin,Transition - Purine/Purine,Unsolved
54299003,rs56198536,CC,GG,GG,87,79,12,NC_000003.12,Mutation NB - Paternal Origin,Transversion - Purine/Pyrimidine,C>G
56476456,rs1552671,GG,AG,AA,88,1,0,NC_000003.12,Mutation NB - Paternal Origin,Transition - Purine/Purine,G>A
58219538,rs2176084,TT,TT,TC,70,91,98,NC_000003.12,Mutation NB - Paternal Origin,Transition - Pyrimidine/Pyrimidine,Unsolved
62824689,rs2918037,AA,TT,TT,100,91,18,NC_000003.12,Mutation NB - Paternal Origin,Transversion - Purine/Pyrimidine,A>T
71508714,rs17718831,GG,AA,GG,82,76,27,NC_000003.12,Mutation NB - Maternal Origin,Transition - Purine/Purine,A>G
73443479,rs201121441,TT,TT,CC,85,92,0,NC_000003.12,Mutation NB - Paternal Origin,Transition - Pyrimidine/Pyrimidine,Unsolved
73878260,rs1705989843,CC,CC,CT,61,73,60,NC_000003.12,Mutation NB - Paternal Origin,Transition - Pyrimidine/Pyrimidine,Unsolved
74275899,.,AA,AA,AG,70,58,47,NC_000003.12,Mutation NB - Maternal Origin,Transition - Purine/Purine,Unsolved
76160163,rs13096638,GG,TT,TT,100,64,24,NC_000003.12,Mutation NB - Paternal Origin,Transversion - Purine/Pyrimidine,G>T
77845307,rs12489556,TT,TC,CC,55,1,9,NC_000003.12,Mutation NB - Paternal Origin,Transition - Pyrimidine/Pyrimidine,T>C
83770088,rs4856471,AA,GG,GG,76,88,0,NC_000003.12,Mutation NB - Paternal Origin,Transition - Purine/Purine,A>G
83860158,rs12492001,GG,CC,CC,70,76,0,NC_000003.12,Mutation NB - Paternal Origin,Transversion - Purine/Pyrimidine,G>C
84758795,rs77219458,CC,TT,CC,85,79,9,NC_000003.12,Mutation NB - Maternal Origin,Transition - Pyrimidine/Pyrimidine,T>C
86730939,rs12497015,CC,TT,CC,43,100,39,NC_000003.12,Mutation NB - Maternal Origin,Transition - Pyrimidine/Pyrimidine,T>C
98038878,rs4602329,TT,CC,TT,79,82,24,NC_000003.12,Mutation NB - Maternal Origin,Transition - Pyrimidine/Pyrimidine,C>T
98496160,.,TT,TT,TC,85,82,59,NC_000003.12,Mutation NB - Maternal Origin,Transition - Pyrimidine/Pyrimidine,Unsolved
100408441,rs1338176023,GG,GG,GA,76,46,44,NC_000003.12,Mutation NB - Maternal Origin,Transition - Purine/Purine,Unsolved
100581482,rs12630904,CC,CC,AA,100,100,30,NC_000003.12,Mutation NB - Paternal or Maternal,Transversion - Purine/Pyrimidine,Unsolved
100862507,rs75098731,GG,TG,TT,76,70,0,NC_000003.12,Mutation NB - Paternal Origin,Transversion - Purine/Pyrimidine,G>T
101186015,rs1848250,CC,TT,TT,88,91,9,NC_000003.12,Mutation NB - Paternal Origin,Transition - Pyrimidine/Pyrimidine,C>T
101293262,rs481809,CC,GG,CC,100,73,0,NC_000003.12,Mutation NB - Maternal Origin,Transversion - Purine/Pyrimidine,G>C
107402926,rs796981,TT,GG,TT,100,85,0,NC_000003.12,Mutation NB - Maternal Origin,Transversion - Purine/Pyrimidine,G>T
110670968,rs13082127,AA,AA,AG,58,100,91,NC_000003.12,Mutation NB - Paternal Origin,Transition - Purine/Purine,Unsolved
113468275,.,TT,TT,TC,67,79,53,NC_000003.12,Mutation NB - Paternal Origin,Transition - Pyrimidine/Pyrimidine,Unsolved
117682347,rs4364201,CC,TT,TT,82,88,0,NC_000003.12,Mutation NB - Paternal Origin,Transition - Pyrimidine/Pyrimidine,C>T
118312614,rs75119391,TC,TT,CC,1,67,24,NC_000003.12,Mutation NB - Maternal Origin,Transition - Pyrimidine/Pyrimidine,T>C
118438378,rs1285726435,GG,GG,GA,58,64,56,NC_000003.12,Mutation NB - Paternal Origin,Transition - Purine/Purine,Unsolved
120174656,rs1488761,TT,CT,CC,76,2,0,NC_000003.12,Mutation NB - Paternal Origin,Transition - Pyrimidine/Pyrimidine,T>C
120289915,rs1085620,GG,GG,GA,76,100,29,NC_000003.12,Mutation NB - Paternal Origin,Transition - Purine/Purine,Unsolved
120418853,.,TT,TT,TC,70,70,95,NC_000003.12,Mutation NB - Paternal or Maternal,Transition - Pyrimidine/Pyrimidine,Unsolved
122153978,rs6438700,CC,CC,CT,70,100,98,NC_000003.12,Mutation NB - Paternal Origin,Transition - Pyrimidine/Pyrimidine,Unsolved
122293110,rs4638910,TT,GG,GG,100,98,9,NC_000003.12,Mutation NB - Paternal Origin,Transversion - Purine/Pyrimidine,T>G
122623053,.,TT,TT,TC,58,82,68,NC_000003.12,Mutation NB - Paternal Origin,Transition - Pyrimidine/Pyrimidine,Unsolved
122989355,rs1384794469,GG,GG,GA,88,76,65,NC_000003.12,Mutation NB - Maternal Origin,Transition - Purine/Purine,Unsolved
123331332,.,CC,CC,CT,88,64,63,NC_000003.12,Mutation NB - Maternal Origin,Transition - Pyrimidine/Pyrimidine,Unsolved
123331337,.,AA,AA,AG,88,64,63,NC_000003.12,Mutation NB - Maternal Origin,Transition - Purine/Purine,Unsolved
123752144,rs4677901,TT,GT,GG,83,37,12,NC_000003.12,Mutation NB - Paternal Origin,Transversion - Purine/Pyrimidine,T>G
124001625,rs80133621,CC,CC,CT,82,76,60,NC_000003.12,Mutation NB - Maternal Origin,Transition - Pyrimidine/Pyrimidine,Unsolved
125169645,rs681268,TG,GG,TT,36,91,0,NC_000003.12,Mutation NB - Maternal Origin,Transversion - Purine/Pyrimidine,G>T
126019866,rs9855477,TT,CC,TT,58,85,9,NC_000003.12,Mutation NB - Maternal Origin,Transition - Pyrimidine/Pyrimidine,C>T
126103160,rs2003334,TT,CC,CC,91,88,24,NC_000003.12,Mutation NB - Paternal Origin,Transition - Pyrimidine/Pyrimidine,T>C
126130871,rs1562475,AA,GG,AA,100,61,0,NC_000003.12,Mutation NB - Maternal Origin,Transition - Purine/Purine,G>A
126441368,rs73859279,CC,CC,CT,88,88,68,NC_000003.12,Mutation NB - Paternal or Maternal,Transition - Pyrimidine/Pyrimidine,Unsolved
126889653,rs7612097,GG,GC,CC,100,73,30,NC_000003.12,Mutation NB - Paternal Origin,Transversion - Purine/Pyrimidine,G>C
127985117,rs13064196,GG,TT,GG,64,85,9,NC_000003.12,Mutation NB - Maternal Origin,Transition - Purine/Purine,Transversion - Purine/Pyrimidine,T>G
130276944,rs1453246,AA,AA,GA,82,82,3,NC_000003.12,Mutation NB - Paternal or Maternal,Transition - Purine/Purine,Unsolved
132793436,rs35948646,GG,GG,GA,52,79,99,NC_000003.12,Mutation NB - Paternal Origin,Transition - Purine/Purine,Unsolved
133487416,.,AA,AA,AG,70,58,44,NC_000003.12,Mutation NB - Maternal Origin,Transition - Purine/Purine,Unsolved
133868472,.,TT,TT,TC,64,64,69,NC_000003.12,Mutation NB - Paternal or Maternal,Transition - Pyrimidine/Pyrimidine,Unsolved
134067928,rs3924092,CC,GC,GG,79,1,9,NC_000003.12,Mutation NB - Paternal Origin,Transversion - Purine/Pyrimidine,C>G
134385409,.,AA,AA,AG,70,73,62,NC_000003.12,Mutation NB - Paternal Origin,Transition - Purine/Purine,Unsolved
134960817,.,GG,GG,GA,79,79,56,NC_000003.12,Mutation NB - Paternal or Maternal,Transition - Purine/Purine,Unsolved
136976600,.,TT,TT,TC,70,94,42,NC_000003.12,Mutation NB - Paternal Origin,Transition - Pyrimidine/Pyrimidine,Unsolved
139171787,rs35457263,TC,TT,CC,41,64,21,NC_000003.12,Mutation NB - Maternal Origin,Transition - Pyrimidine/Pyrimidine,T>C
139954531,.,TT,TT,TC,76,82,47,NC_000003.12,Mutation NB - Paternal Origin,Transition - Pyrimidine/Pyrimidine,Unsolved
140370769,rs899622,GG,AA,AA,88,91,0,NC_000003.12,Mutation NB - Paternal Origin,Transition - Purine/Purine,G>A
140555108,.,TT,TT,TG,88,58,43,NC_000003.12,Mutation NB - Maternal Origin,Transition - Pyrimidine/Pyrimidine,Transversion - Purine/Pyrimidine,Unsolved
143134606,.,TT,TT,TC,79,91,50,NC_000003.12,Mutation NB - Paternal Origin,Transition - Pyrimidine/Pyrimidine,Unsolved
143134618,.,AA,AA,AG,79,91,50,NC_000003.12,Mutation NB - Paternal Origin,Transition - Purine/Purine,Unsolved
143366503,rs868702,GG,AA,GG,100,91,12,NC_000003.12,Mutation NB - Maternal Origin,Transition - Purine/Purine,A>G
149255312,.,TT,TT,TC,58,82,58,NC_000003.12,Mutation NB - Paternal Origin,Transition - Pyrimidine/Pyrimidine,Unsolved
152683897,rs2102805,TT,TT,TC,67,91,72,NC_000003.12,Mutation NB - Paternal Origin,Transition - Pyrimidine/Pyrimidine,Unsolved
156623286,rs9819659,GA,GG,AA,3,85,18,NC_000003.12,Mutation NB - Maternal Origin,Transition - Purine/Purine,G>A
162600024,rs112571876,CC,CG,GG,85,34,12,NC_000003.12,Mutation NB - Paternal Origin,Transversion - Purine/Pyrimidine,C>G
162987445,rs9820439,AA,GG,AA,76,88,12,NC_000003.12,Mutation NB - Maternal Origin,Transition - Purine/Purine,G>A
163788725,rs9880712,GG,AA,AA,91,58,9,NC_000003.12,Mutation NB - Paternal Origin,Transition - Purine/Purine,G>A
167575111,.,CC,CC,CT,70,76,44,NC_000003.12,Mutation NB - Paternal Origin,Transition - Pyrimidine/Pyrimidine,Unsolved
171213349,rs61792431,TT,TT,TC,100,88,52,NC_000003.12,Mutation NB - Maternal Origin,Transition - Pyrimidine/Pyrimidine,Unsolved
172401342,rs35263143,TC,CC,TT,25,88,0,NC_000003.12,Mutation NB - Maternal Origin,Transversion - Purine/Pyrimidine,C>T
172401346,rs62281182,GA,AA,GG,25,88,0,NC_000003.12,Mutation NB - Maternal Origin,Transition - Purine/Purine,A>G
172401376,rs1285079,CC,CC,GC,85,88,33,NC_000003.12,Mutation NB - Paternal Origin,Transversion - Purine/Pyrimidine,Unsolved
175937572,rs76117148,TT,TT,TC,91,76,96,NC_000003.12,Mutation NB - Maternal Origin,Transition - Pyrimidine/Pyrimidine,Unsolved
176305060,rs1384823,GG,TT,TT,82,91,0,NC_000003.12,Mutation NB - Paternal Origin,Transversion - Purine/Pyrimidine,G>T
176547938,rs1840268,AA,AG,GG,82,1,21,NC_000003.12,Mutation NB - Paternal Origin,Transition - Purine/Purine,A>G
177271765,rs12498117,GG,AA,AA,91,64,9,NC_000003.12,Mutation NB - Paternal Origin,Transition - Purine/Purine,G>A
178840826,rs4414829,CT,TT,CC,35,70,0,NC_000003.12,Mutation NB - Maternal Origin,Transition - Pyrimidine/Pyrimidine,T>C
180531743,rs7637098,TT,CC,TT,64,88,27,NC_000003.12,Mutation NB - Maternal Origin,Transition - Pyrimidine/Pyrimidine,C>T
180612723,.,AA,AA,AT,46,67,53,NC_000003.12,Mutation NB - Paternal Origin,Transversion - Purine/Pyrimidine,Unsolved
182791019,rs77463157,GG,TT,GG,64,91,15,NC_000003.12,Mutation NB - Maternal Origin,Transition - Purine/Purine,Transversion - Purine/Pyrimidine,T>G
184788790,rs6771739,CC,CT,TT,100,28,9,NC_000003.12,Mutation NB - Paternal Origin,Transition - Pyrimidine/Pyrimidine,C>T
185096656,rs6770129,AA,AG,GG,100,1,21,NC_000003.12,Mutation NB - Paternal Origin,Transition - Purine/Purine,A>G
185473266,.,TT,TT,TA,64,70,41,NC_000003.12,Mutation NB - Paternal Origin,Transition - Pyrimidine/Pyrimidine,Transversion - Purine/Pyrimidine,Unsolved
189954679,rs696066,TT,TT,CT,52,61,15,NC_000003.12,Mutation NB - Paternal Origin,Transition - Pyrimidine/Pyrimidine,Unsolved
190575716,rs11929157,GG,AA,GG,67,88,12,NC_000003.12,Mutation NB - Maternal Origin,Transition - Purine/Purine,A>G
191404504,rs4677633,AA,AG,GG,100,1,18,NC_000003.12,Mutation NB - Paternal Origin,Transition - Purine/Purine,A>G
193908983,rs6765746,TT,CC,TT,91,100,21,NC_000003.12,Mutation NB - Maternal Origin,Transition - Pyrimidine/Pyrimidine,C>T
194504352,rs9819950,AG,AA,GG,1,100,21,NC_000003.12,Mutation NB - Maternal Origin,Transition - Purine/Purine,A>G
197292871,rs1668860,GG,AA,AA,100,79,9,NC_000003.12,Mutation NB - Paternal Origin,Transition - Purine/Purine,G>A
197387919,rs13069562,AA,AA,AG,100,73,99,NC_000003.12,Mutation NB - Maternal Origin,Transition - Purine/Purine,Unsolved
197387920,rs13089050,GG,GG,GC,100,73,99,NC_000003.12,Mutation NB - Maternal Origin,Transition - Purine/Purine,Transversion - Purine/Pyrimidine,Unsolved
774626,rs7377314,TT,CC,CC,100,70,57,NC_000004.12,Mutation NB - Paternal Origin,Transition - Pyrimidine/Pyrimidine,T>C
966543,rs11248059,CC,GG,CC,76,82,12,NC_000004.12,Mutation NB - Maternal Origin,Transversion - Purine/Pyrimidine,G>C
1210875,rs4993865,CC,CC,CT,88,100,23,NC_000004.12,Mutation NB - Paternal Origin,Transition - Pyrimidine/Pyrimidine,Unsolved
1358643,rs1882098,CC,CC,TC,85,91,33,NC_000004.12,Mutation NB - Paternal Origin,Transition - Pyrimidine/Pyrimidine,Unsolved
2046657,.,CC,TT,CC,85,91,0,NC_000004.12,Mutation NB - Maternal Origin,Transition - Pyrimidine/Pyrimidine,T>C
3635452,rs114887351,AA,GG,GG,88,85,0,NC_000004.12,Mutation NB - Paternal Origin,Transition - Purine/Purine,A>G
3848866,.,TT,TT,TC,76,82,56,NC_000004.12,Mutation NB - Paternal Origin,Transition - Pyrimidine/Pyrimidine,Unsolved
4689207,rs7673538,GG,AA,GG,91,79,9,NC_000004.12,Mutation NB - Maternal Origin,Transition - Purine/Purine,A>G
4725496,rs10009773,AA,GG,AA,100,79,12,NC_000004.12,Mutation NB - Maternal Origin,Transition - Purine/Purine,G>A
4836685,rs6830811,CC,TT,TT,73,73,15,NC_000004.12,Mutation NB - Paternal Origin,Transition - Pyrimidine/Pyrimidine,C>T
5603522,.,CC,CC,CT,88,67,56,NC_000004.12,Mutation NB - Maternal Origin,Transition - Pyrimidine/Pyrimidine,Unsolved
6030391,rs62284774,CC,TC,TT,79,70,0,NC_000004.12,Mutation NB - Paternal Origin,Transition - Pyrimidine/Pyrimidine,C>T
6608898,rs60966540,CC,CC,CT,82,100,99,NC_000004.12,Mutation NB - Paternal Origin,Transition - Pyrimidine/Pyrimidine,Unsolved
6615221,rs10049503,TT,CC,TT,91,73,0,NC_000004.12,Mutation NB - Maternal Origin,Transition - Pyrimidine/Pyrimidine,C>T
7167271,rs4566655,TT,TT,GT,64,88,99,NC_000004.12,Mutation NB - Paternal Origin,Transition - Pyrimidine/Pyrimidine,Transversion - Purine/Pyrimidine,Unsolved
7726931,rs2301745,CC,CC,TT,91,91,18,NC_000004.12,Mutation NB - Paternal or Maternal,Transition - Pyrimidine/Pyrimidine,Unsolved
8212446,rs11737358,CC,CT,TT,100,3,9,NC_000004.12,Mutation NB - Paternal Origin,Transition - Pyrimidine/Pyrimidine,C>T
8542446,rs3103094,CC,CC,CT,73,100,68,NC_000004.12,Mutation NB - Paternal Origin,Transition - Pyrimidine/Pyrimidine,Unsolved
8607736,rs13104605,CC,CC,CG,70,88,99,NC_000004.12,Mutation NB - Paternal Origin,Transversion - Purine/Pyrimidine,Unsolved
9862608,rs35629527,TT,TT,CT,82,82,99,NC_000004.12,Mutation NB - Paternal or Maternal,Transition - Pyrimidine/Pyrimidine,Unsolved
9887514,.,TT,TT,TC,82,58,59,NC_000004.12,Mutation NB - Maternal Origin,Transition - Pyrimidine/Pyrimidine,Unsolved
10156383,rs9996556,GG,CC,GG,92,98,8,NC_000004.12,Mutation NB - Maternal Origin,Transversion - Purine/Pyrimidine,C>G
10356621,.,TT,TT,TC,73,79,44,NC_000004.12,Mutation NB - Paternal Origin,Transition - Pyrimidine/Pyrimidine,Unsolved
11908170,rs12651004,GG,AA,AA,79,73,12,NC_000004.12,Mutation NB - Paternal Origin,Transition - Purine/Purine,G>A
13599713,rs3733557,GG,GG,GA,100,67,99,NC_000004.12,Mutation NB - Maternal Origin,Transition - Purine/Purine,Unsolved
13767169,rs1388303,GG,TG,TT,55,11,0,NC_000004.12,Mutation NB - Paternal Origin,Transversion - Purine/Pyrimidine,G>T
15784036,rs3796878,CC,CC,CT,52,91,99,NC_000004.12,Mutation NB - Paternal Origin,Transition - Pyrimidine/Pyrimidine,Unsolved
15884627,.,AA,AA,AT,67,58,59,NC_000004.12,Mutation NB - Maternal Origin,Transversion - Purine/Pyrimidine,Unsolved
17414478,rs6848623,CC,TT,TT,64,67,21,NC_000004.12,Mutation NB - Paternal Origin,Transition - Pyrimidine/Pyrimidine,C>T
21140826,rs6847960,TT,TC,CC,100,20,36,NC_000004.12,Mutation NB - Paternal Origin,Transition - Pyrimidine/Pyrimidine,T>C
21857250,.,AA,AA,AT,70,82,53,NC_000004.12,Mutation NB - Paternal Origin,Transversion - Purine/Pyrimidine,Unsolved
24974436,rs10212716,TT,CT,CC,82,1,51,NC_000004.12,Mutation NB - Paternal Origin,Transition - Pyrimidine/Pyrimidine,T>C
25308086,rs316805,AA,CC,AA,94,82,12,NC_000004.12,Mutation NB - Maternal Origin,Transversion - Purine/Pyrimidine,C>A
25954404,rs28469550,TT,CC,TT,22,100,1,NC_000004.12,Mutation NB - Maternal Origin,Transition - Pyrimidine/Pyrimidine,C>T
25993650,rs13148227,GG,TT,TT,76,91,9,NC_000004.12,Mutation NB - Paternal Origin,Transversion - Purine/Pyrimidine,G>T
26787915,.,CC,CC,CA,64,70,61,NC_000004.12,Mutation NB - Paternal Origin,Transversion - Purine/Pyrimidine,Unsolved
31095411,.,AA,AA,AG,79,76,47,NC_000004.12,Mutation NB - Maternal Origin,Transition - Purine/Purine,Unsolved
31185022,rs2173551,GG,AA,GG,67,91,24,NC_000004.12,Mutation NB - Maternal Origin,Transition - Purine/Purine,A>G
38073084,rs1754981032,TT,TT,TC,49,91,50,NC_000004.12,Mutation NB - Paternal Origin,Transition - Pyrimidine/Pyrimidine,Unsolved
38541962,rs34969895,AA,AA,CC,100,82,15,NC_000004.12,Mutation NB - Maternal Origin,Transversion - Purine/Pyrimidine,Unsolved
40850700,.,AA,AA,AG,85,70,59,NC_000004.12,Mutation NB - Maternal Origin,Transition - Purine/Purine,Unsolved
46272087,rs1299941849,AA,AA,AG,82,85,66,NC_000004.12,Mutation NB - Paternal Origin,Transition - Purine/Purine,Unsolved
46272092,rs954745089,AA,AA,AG,82,85,66,NC_000004.12,Mutation NB - Paternal Origin,Transition - Purine/Purine,Unsolved
47477831,.,TT,TT,TC,82,58,41,NC_000004.12,Mutation NB - Maternal Origin,Transition - Pyrimidine/Pyrimidine,Unsolved
52273558,rs2128190,TT,CC,TT,82,100,21,NC_000004.12,Mutation NB - Maternal Origin,Transition - Pyrimidine/Pyrimidine,C>T
52273576,rs2128189,CC,TT,CC,82,100,18,NC_000004.12,Mutation NB - Maternal Origin,Transition - Pyrimidine/Pyrimidine,T>C
57300316,rs138189072,AA,GG,GG,76,91,21,NC_000004.12,Mutation NB - Paternal Origin,Transition - Purine/Purine,A>G
57351418,rs960368,TT,TT,TC,61,100,99,NC_000004.12,Mutation NB - Paternal Origin,Transition - Pyrimidine/Pyrimidine,Unsolved
59001157,rs7687063,GG,AA,GG,91,91,21,NC_000004.12,Mutation NB - Maternal Origin,Transition - Purine/Purine,A>G
59314992,rs28506941,CC,CC,TC,91,85,30,NC_000004.12,Mutation NB - Maternal Origin,Transition - Pyrimidine/Pyrimidine,Unsolved
59315014,rs28547167,GG,GG,TG,91,85,30,NC_000004.12,Mutation NB - Maternal Origin,Transversion - Purine/Pyrimidine,Unsolved
62096602,rs1243733630,GG,GG,GA,64,64,99,NC_000004.12,Mutation NB - Paternal or Maternal,Transition - Purine/Purine,Unsolved
64174443,rs7656735,GG,AA,AA,82,91,5,NC_000004.12,Mutation NB - Paternal Origin,Transition - Purine/Purine,G>A
64674874,.,AA,AA,AG,67,73,56,NC_000004.12,Mutation NB - Paternal Origin,Transition - Purine/Purine,Unsolved
68515115,.,GG,GG,GA,85,88,39,NC_000004.12,Mutation NB - Paternal Origin,Transition - Purine/Purine,Unsolved
68619520,rs71615072,TT,CC,CC,82,91,21,NC_000004.12,Mutation NB - Paternal Origin,Transition - Pyrimidine/Pyrimidine,T>C
69660808,rs7658556,TT,TT,CT,79,61,6,NC_000004.12,Mutation NB - Maternal Origin,Transition - Pyrimidine/Pyrimidine,Unsolved
70968823,rs141762287,GG,AA,AA,91,79,15,NC_000004.12,Mutation NB - Paternal Origin,Transition - Purine/Purine,G>A
72211733,.,CC,CC,CG,70,64,43,NC_000004.12,Mutation NB - Maternal Origin,Transversion - Purine/Pyrimidine,Unsolved
73369851,.,AA,AA,AG,52,73,62,NC_000004.12,Mutation NB - Paternal Origin,Transition - Purine/Purine,Unsolved
73544520,rs11728915,AA,AA,GA,85,82,17,NC_000004.12,Mutation NB - Maternal Origin,Transition - Purine/Purine,Unsolved
77453808,rs894439,AA,AA,AG,100,79,99,NC_000004.12,Mutation NB - Maternal Origin,Transition - Purine/Purine,Unsolved
78057258,rs28433362,CC,TT,CC,79,100,12,NC_000004.12,Mutation NB - Maternal Origin,Transition - Pyrimidine/Pyrimidine,T>C
80664728,rs143567960,GG,GG,GC,88,79,33,NC_000004.12,Mutation NB - Maternal Origin,Transition - Purine/Purine,Transversion - Purine/Pyrimidine,Unsolved
80664773,rs185106147,GG,GG,GT,88,79,71,NC_000004.12,Mutation NB - Maternal Origin,Transversion - Purine/Pyrimidine,Unsolved
82391745,rs12640426,CC,GG,GG,88,70,0,NC_000004.12,Mutation NB - Paternal Origin,Transversion - Purine/Pyrimidine,C>G
86020757,rs7692676,AA,AA,AG,67,100,99,NC_000004.12,Mutation NB - Paternal Origin,Transition - Purine/Purine,Unsolved
87115625,rs74328908,TC,TT,CC,35,76,18,NC_000004.12,Mutation NB - Maternal Origin,Transition - Pyrimidine/Pyrimidine,T>C
87863849,rs13125634,AA,GG,GG,79,82,0,NC_000004.12,Mutation NB - Paternal Origin,Transition - Purine/Purine,A>G
88539428,.,TT,TT,TC,73,85,65,NC_000004.12,Mutation NB - Paternal Origin,Transition - Pyrimidine/Pyrimidine,Unsolved
89148386,rs202193376,AA,AA,AC,79,100,65,NC_000004.12,Mutation NB - Paternal Origin,Transversion - Purine/Pyrimidine,Unsolved
98529973,rs965114148,CC,CC,CT,91,73,55,NC_000004.12,Mutation NB - Maternal Origin,Transition - Pyrimidine/Pyrimidine,Unsolved
99044255,rs1726070235,TT,TT,TC,88,91,71,NC_000004.12,Mutation NB - Paternal Origin,Transition - Pyrimidine/Pyrimidine,Unsolved
100900437,.,TT,TT,TG,88,85,71,NC_000004.12,Mutation NB - Maternal Origin,Transition - Pyrimidine/Pyrimidine,Transversion - Purine/Pyrimidine,Unsolved
102455210,rs1585605,AA,AA,AG,70,88,64,NC_000004.12,Mutation NB - Paternal Origin,Transition - Purine/Purine,Unsolved
102751217,rs1723776401,AA,AA,AG,82,85,41,NC_000004.12,Mutation NB - Paternal Origin,Transition - Purine/Purine,Unsolved
103087320,rs58477215,CT,CC,TT,1,100,33,NC_000004.12,Mutation NB - Maternal Origin,Transversion - Purine/Pyrimidine,C>T
103168202,rs7672974,CC,GG,GG,64,76,0,NC_000004.12,Mutation NB - Paternal Origin,Transversion - Purine/Pyrimidine,C>G
103502783,rs28809293,AA,AG,GG,79,1,21,NC_000004.12,Mutation NB - Paternal Origin,Transition - Purine/Purine,A>G
103691432,.,CC,CC,CG,99,85,40,NC_000004.12,Mutation NB - Maternal Origin,Transversion - Purine/Pyrimidine,Unsolved
105735285,rs150561951,GG,AA,AA,82,88,9,NC_000004.12,Mutation NB - Paternal Origin,Transition - Purine/Purine,G>A
109005071,rs1405153,GG,GG,CG,91,91,68,NC_000004.12,Mutation NB - Paternal or Maternal,Transition - Purine/Purine,Transversion - Purine/Pyrimidine,Unsolved
109005089,rs2345006,GG,GG,AG,91,91,75,NC_000004.12,Mutation NB - Paternal or Maternal,Transition - Purine/Purine,Unsolved
109471672,.,AA,AA,AG,43,64,53,NC_000004.12,Mutation NB - Paternal Origin,Transition - Purine/Purine,Unsolved
112076113,rs1436135,CC,CC,CT,52,100,95,NC_000004.12,Mutation NB - Paternal Origin,Transition - Pyrimidine/Pyrimidine,Unsolved
115677855,rs6840832,GA,GG,AA,5,100,15,NC_000004.12,Mutation NB - Maternal Origin,Transition - Purine/Purine,G>A
116926425,rs111694303,CC,CC,CT,76,100,71,NC_000004.12,Mutation NB - Paternal Origin,Transition - Pyrimidine/Pyrimidine,Unsolved
125267190,rs1553718,AA,GG,GG,73,76,27,NC_000004.12,Mutation NB - Paternal Origin,Transition - Purine/Purine,A>G
125267191,rs1553719,TT,CC,CC,73,76,27,NC_000004.12,Mutation NB - Paternal Origin,Transition - Pyrimidine/Pyrimidine,T>C
126395692,rs1114428,TT,CC,CC,100,82,15,NC_000004.12,Mutation NB - Paternal Origin,Transition - Pyrimidine/Pyrimidine,T>C
129446271,rs1368584,AA,GG,GG,88,76,0,NC_000004.12,Mutation NB - Paternal Origin,Transition - Purine/Purine,A>G
129446318,rs13125482,CC,TT,TT,88,76,0,NC_000004.12,Mutation NB - Paternal Origin,Transition - Pyrimidine/Pyrimidine,C>T
129720808,rs13125154,GG,GG,GT,91,88,99,NC_000004.12,Mutation NB - Maternal Origin,Transversion - Purine/Pyrimidine,Unsolved
130203526,rs12646968,CC,GG,GG,88,79,15,NC_000004.12,Mutation NB - Paternal Origin,Transversion - Purine/Pyrimidine,C>G
136811216,rs72726336,GG,GG,GA,22,100,99,NC_000004.12,Mutation NB - Paternal Origin,Transition - Purine/Purine,Unsolved
138828030,rs13102523,GG,GA,AA,100,8,39,NC_000004.12,Mutation NB - Paternal Origin,Transition - Purine/Purine,G>A
139178668,rs79374460,CC,CC,CG,52,100,99,NC_000004.12,Mutation NB - Paternal Origin,Transversion - Purine/Pyrimidine,Unsolved
139178670,rs74925226,GG,GG,GA,52,100,99,NC_000004.12,Mutation NB - Paternal Origin,Transition - Purine/Purine,Unsolved
145902663,.,TT,TT,TC,64,67,56,NC_000004.12,Mutation NB - Paternal Origin,Transition - Pyrimidine/Pyrimidine,Unsolved
148220111,rs6838741,GG,AA,GG,40,91,15,NC_000004.12,Mutation NB - Maternal Origin,Transition - Purine/Purine,A>G
151956032,.,AA,AA,AG,79,73,59,NC_000004.12,Mutation NB - Maternal Origin,Transition - Purine/Purine,Unsolved
152748779,rs4386581,GT,GG,TT,70,73,15,NC_000004.12,Mutation NB - Maternal Origin,Transversion - Purine/Pyrimidine,G>T
153974940,rs113902710,TT,AA,AA,76,49,9,NC_000004.12,Mutation NB - Paternal Origin,Transversion - Purine/Pyrimidine,T>A
154892713,.,TT,TT,TC,13,82,39,NC_000004.12,Mutation NB - Paternal Origin,Transition - Pyrimidine/Pyrimidine,Unsolved
160514860,rs58499396,GG,AA,GG,91,82,0,NC_000004.12,Mutation NB - Maternal Origin,Transition - Purine/Purine,A>G
170408233,.,AA,AA,AG,91,73,52,NC_000004.12,Mutation NB - Maternal Origin,Transition - Purine/Purine,Unsolved
173661689,rs73000535,AA,AA,AC,85,100,62,NC_000004.12,Mutation NB - Paternal Origin,Transversion - Purine/Pyrimidine,Unsolved
176343277,rs4690432,GG,AA,GG,76,100,27,NC_000004.12,Mutation NB - Maternal Origin,Transition - Purine/Purine,A>G
181963414,rs1737029639,TT,TT,TC,76,85,44,NC_000004.12,Mutation NB - Paternal Origin,Transition - Pyrimidine/Pyrimidine,Unsolved
182597093,rs9985535,GG,AA,AA,55,73,0,NC_000004.12,Mutation NB - Paternal Origin,Transition - Purine/Purine,G>A
182825132,rs7666697,AA,AA,AT,82,100,65,NC_000004.12,Mutation NB - Paternal Origin,Transversion - Purine/Pyrimidine,Unsolved
183505694,rs7689251,GG,CC,GG,88,76,0,NC_000004.12,Mutation NB - Maternal Origin,Transversion - Purine/Pyrimidine,C>G
183666548,rs9996255,AA,GG,GG,82,85,0,NC_000004.12,Mutation NB - Paternal Origin,Transition - Purine/Purine,A>G
184507072,.,AA,AA,AG,73,64,47,NC_000004.12,Mutation NB - Maternal Origin,Transition - Purine/Purine,Unsolved
184996642,rs72706931,GG,AA,AA,64,76,0,NC_000004.12,Mutation NB - Paternal Origin,Transition - Purine/Purine,G>A
186134989,rs34531246,GG,AA,GG,73,88,18,NC_000004.12,Mutation NB - Maternal Origin,Transition - Purine/Purine,A>G
186158633,rs6833211,GG,AA,AA,85,73,21,NC_000004.12,Mutation NB - Paternal Origin,Transition - Purine/Purine,G>A
186878758,rs9990736,GG,AA,GG,64,70,15,NC_000004.12,Mutation NB - Maternal Origin,Transition - Purine/Purine,A>G
187088489,rs6818214,GG,AA,GG,73,73,0,NC_000004.12,Mutation NB - Maternal Origin,Transition - Purine/Purine,A>G
187628972,rs62353469,GG,GG,GA,100,79,99,NC_000004.12,Mutation NB - Maternal Origin,Transition - Purine/Purine,Unsolved
187697048,rs28807423,GG,GG,GA,25,100,99,NC_000004.12,Mutation NB - Paternal Origin,Transition - Purine/Purine,Unsolved
187789363,rs7697372,AA,AA,GG,70,100,21,NC_000004.12,Mutation NB - Paternal Origin,Transition - Purine/Purine,Unsolved
315330,rs1256374663,GG,GG,GA,79,82,53,NC_000005.10,Mutation NB - Paternal Origin,Transition - Purine/Purine,Unsolved
1687570,rs34311046,TT,CC,TT,70,100,18,NC_000005.10,Mutation NB - Maternal Origin,Transition - Pyrimidine/Pyrimidine,C>T
1796450,rs1546253,CC,CC,CT,100,70,83,NC_000005.10,Mutation NB - Maternal Origin,Transition - Pyrimidine/Pyrimidine,Unsolved
2059489,rs67138270,TT,TT,TC,100,85,99,NC_000005.10,Mutation NB - Maternal Origin,Transition - Pyrimidine/Pyrimidine,Unsolved
2164006,rs4242096,TT,TT,CT,70,79,99,NC_000005.10,Mutation NB - Paternal Origin,Transition - Pyrimidine/Pyrimidine,Unsolved
2164012,rs4242097,GG,GG,CG,70,79,99,NC_000005.10,Mutation NB - Paternal Origin,Transition - Purine/Purine,Transversion - Purine/Pyrimidine,Unsolved
2164016,rs4866724,AA,AA,GA,70,79,99,NC_000005.10,Mutation NB - Paternal Origin,Transition - Purine/Purine,Unsolved
2302399,rs922025,GG,AG,AA,88,42,12,NC_000005.10,Mutation NB - Paternal Origin,Transition - Purine/Purine,G>A
2529431,rs13163871,GC,CC,GG,1,79,0,NC_000005.10,Mutation NB - Maternal Origin,Transversion - Purine/Pyrimidine,C>G
2568485,rs941558166,GG,GG,GA,70,88,50,NC_000005.10,Mutation NB - Paternal Origin,Transition - Purine/Purine,Unsolved
2586583,rs28395196,TT,TT,TA,100,79,72,NC_000005.10,Mutation NB - Maternal Origin,Transition - Pyrimidine/Pyrimidine,Transversion - Purine/Pyrimidine,Unsolved
2715920,rs2935644,TG,TT,GG,35,100,18,NC_000005.10,Mutation NB - Maternal Origin,Transversion - Purine/Pyrimidine,T>G
3271748,rs939487594,CC,CC,CT,85,88,53,NC_000005.10,Mutation NB - Paternal Origin,Transition - Pyrimidine/Pyrimidine,Unsolved
3363854,rs4518402,GG,AA,GG,91,85,0,NC_000005.10,Mutation NB - Maternal Origin,Transition - Purine/Purine,A>G
3538875,.,AA,AA,AG,67,70,44,NC_000005.10,Mutation NB - Paternal Origin,Transition - Purine/Purine,Unsolved
3639469,rs71594983,CT,CC,TT,32,79,9,NC_000005.10,Mutation NB - Maternal Origin,Transversion - Purine/Pyrimidine,C>T
5067992,rs1736549471,AA,AA,AG,31,73,53,NC_000005.10,Mutation NB - Paternal Origin,Transition - Purine/Purine,Unsolved
7772086,rs7711377,GG,AA,GG,55,100,45,NC_000005.10,Mutation NB - Maternal Origin,Transition - Purine/Purine,A>G
9659553,rs12187729,GG,GG,GA,100,91,65,NC_000005.10,Mutation NB - Maternal Origin,Transition - Purine/Purine,Unsolved
10045516,.,TT,TT,TC,76,88,53,NC_000005.10,Mutation NB - Paternal Origin,Transition - Pyrimidine/Pyrimidine,Unsolved
11085976,.,TT,TT,TC,85,76,51,NC_000005.10,Mutation NB - Maternal Origin,Transition - Pyrimidine/Pyrimidine,Unsolved
13239437,rs113466644,TT,GG,GG,91,82,12,NC_000005.10,Mutation NB - Paternal Origin,Transversion - Purine/Pyrimidine,T>G
13941725,.,TT,TT,TC,91,94,68,NC_000005.10,Mutation NB - Paternal Origin,Transition - Pyrimidine/Pyrimidine,Unsolved
15583563,.,TT,TT,TA,82,82,50,NC_000005.10,Mutation NB - Paternal or Maternal,Transition - Pyrimidine/Pyrimidine,Transversion - Purine/Pyrimidine,Unsolved
16502946,rs334467,GG,AA,GG,22,82,18,NC_000005.10,Mutation NB - Maternal Origin,Transition - Purine/Purine,A>G
16858272,.,TT,TT,TC,85,82,59,NC_000005.10,Mutation NB - Maternal Origin,Transition - Pyrimidine/Pyrimidine,Unsolved
25626874,rs13155954,AA,CC,CC,88,82,0,NC_000005.10,Mutation NB - Paternal Origin,Transversion - Purine/Pyrimidine,A>C
26831971,rs818733,TT,GG,TT,85,70,12,NC_000005.10,Mutation NB - Maternal Origin,Transversion - Purine/Pyrimidine,G>T
31453075,rs3828635,AA,CC,CC,85,82,12,NC_000005.10,Mutation NB - Paternal Origin,Transversion - Purine/Pyrimidine,A>C
31777343,rs7729537,TT,TT,TG,91,100,62,NC_000005.10,Mutation NB - Paternal Origin,Transition - Pyrimidine/Pyrimidine,Transversion - Purine/Pyrimidine,Unsolved
31987434,.,GG,GG,GA,70,76,62,NC_000005.10,Mutation NB - Paternal Origin,Transition - Purine/Purine,Unsolved
35538277,rs286423,CC,TT,CC,85,100,9,NC_000005.10,Mutation NB - Maternal Origin,Transition - Pyrimidine/Pyrimidine,T>C
35883655,rs2194226,CC,CC,CA,76,100,72,NC_000005.10,Mutation NB - Paternal Origin,Transversion - Purine/Pyrimidine,Unsolved
36782810,rs10050593,TT,TT,TC,76,100,99,NC_000005.10,Mutation NB - Paternal Origin,Transition - Pyrimidine/Pyrimidine,Unsolved
38809158,.,AA,AA,AG,73,76,68,NC_000005.10,Mutation NB - Paternal Origin,Transition - Purine/Purine,Unsolved
40423335,rs11746265,GG,GG,GC,100,73,99,NC_000005.10,Mutation NB - Maternal Origin,Transition - Purine/Purine,Transversion - Purine/Pyrimidine,Unsolved
40423357,rs11739725,AA,AA,AG,100,76,94,NC_000005.10,Mutation NB - Maternal Origin,Transition - Purine/Purine,Unsolved
50146224,rs1687595,AA,GG,AA,79,85,27,NC_000005.10,Mutation NB - Maternal Origin,Transition - Purine/Purine,G>A
50146274,rs10940520,TG,TT,GG,1,85,27,NC_000005.10,Mutation NB - Maternal Origin,Transversion - Purine/Pyrimidine,T>G
51484574,rs62365469,GG,GT,TT,88,73,21,NC_000005.10,Mutation NB - Paternal Origin,Transversion - Purine/Pyrimidine,G>T
54498696,rs13153389,CC,CC,CT,79,100,53,NC_000005.10,Mutation NB - Paternal Origin,Transition - Pyrimidine/Pyrimidine,Unsolved
56488871,rs11740483,CC,CA,AA,91,70,18,NC_000005.10,Mutation NB - Paternal Origin,Transversion - Purine/Pyrimidine,C>A
56542470,rs114461003,TT,TT,TC,100,79,99,NC_000005.10,Mutation NB - Maternal Origin,Transition - Pyrimidine/Pyrimidine,Unsolved
61652156,rs74403742,GG,GG,GA,100,79,68,NC_000005.10,Mutation NB - Maternal Origin,Transition - Purine/Purine,Unsolved
63795273,rs59670304,TT,TT,TG,100,88,71,NC_000005.10,Mutation NB - Maternal Origin,Transition - Pyrimidine/Pyrimidine,Transversion - Purine/Pyrimidine,Unsolved
64669249,rs1993624,AA,AA,AT,100,70,99,NC_000005.10,Mutation NB - Maternal Origin,Transversion - Purine/Pyrimidine,Unsolved
66805594,rs713303,CC,TT,TT,83,91,9,NC_000005.10,Mutation NB - Paternal Origin,Transition - Pyrimidine/Pyrimidine,C>T
67576533,rs4565172,TT,TT,TC,100,85,58,NC_000005.10,Mutation NB - Maternal Origin,Transition - Pyrimidine/Pyrimidine,Unsolved
67752142,rs7710908,CC,CC,CT,79,100,6,NC_000005.10,Mutation NB - Paternal Origin,Transition - Pyrimidine/Pyrimidine,Unsolved
68353009,.,AA,AA,AG,67,46,60,NC_000005.10,Mutation NB - Maternal Origin,Transition - Purine/Purine,Unsolved
72369418,rs2879132,GG,CG,CC,85,1,15,NC_000005.10,Mutation NB - Paternal Origin,Transversion - Purine/Pyrimidine,G>C
76085463,.,AA,AA,AG,73,88,71,NC_000005.10,Mutation NB - Paternal Origin,Transition - Purine/Purine,Unsolved
76327864,rs2913251,GG,AA,GG,58,100,45,NC_000005.10,Mutation NB - Maternal Origin,Transition - Purine/Purine,A>G
77244292,.,AA,AA,AG,88,70,90,NC_000005.10,Mutation NB - Maternal Origin,Transition - Purine/Purine,Unsolved
83134859,rs7733354,AA,AA,AG,55,100,99,NC_000005.10,Mutation NB - Paternal Origin,Transition - Purine/Purine,Unsolved
96885722,rs11135482,GA,AA,GG,38,85,0,NC_000005.10,Mutation NB - Maternal Origin,Transition - Purine/Purine,A>G
97559214,rs57093667,GG,GG,GC,100,70,59,NC_000005.10,Mutation NB - Maternal Origin,Transition - Purine/Purine,Transversion - Purine/Pyrimidine,Unsolved
98638665,rs79600155,GG,AA,GG,55,82,45,NC_000005.10,Mutation NB - Maternal Origin,Transition - Purine/Purine,A>G
103811603,.,TT,TT,TC,76,70,65,NC_000005.10,Mutation NB - Maternal Origin,Transition - Pyrimidine/Pyrimidine,Unsolved
106246521,rs113695812,GG,GG,GC,100,73,68,NC_000005.10,Mutation NB - Maternal Origin,Transition - Purine/Purine,Transversion - Purine/Pyrimidine,Unsolved
107567765,rs352612,AA,AA,AG,76,100,30,NC_000005.10,Mutation NB - Paternal Origin,Transition - Purine/Purine,Unsolved
108448212,rs75651326,AA,AA,AT,52,100,58,NC_000005.10,Mutation NB - Paternal Origin,Transversion - Purine/Pyrimidine,Unsolved
112538750,rs2121163,CC,CC,CG,100,91,98,NC_000005.10,Mutation NB - Maternal Origin,Transversion - Purine/Pyrimidine,Unsolved
114938927,rs1840097,AA,GG,AA,88,100,12,NC_000005.10,Mutation NB - Maternal Origin,Transition - Purine/Purine,G>A
117065141,.,TT,TT,TC,85,70,53,NC_000005.10,Mutation NB - Maternal Origin,Transition - Pyrimidine/Pyrimidine,Unsolved
120573668,rs1524570,GG,TT,GG,100,71,12,NC_000005.10,Mutation NB - Maternal Origin,Transition - Purine/Purine,Transversion - Purine/Pyrimidine,T>G
124545674,.,GG,GG,GA,61,61,71,NC_000005.10,Mutation NB - Paternal or Maternal,Transition - Purine/Purine,Unsolved
124545741,rs7713269,TT,TT,CC,76,100,30,NC_000005.10,Mutation NB - Paternal Origin,Transition - Pyrimidine/Pyrimidine,Unsolved
124902180,rs7716491,GG,AA,GG,79,88,0,NC_000005.10,Mutation NB - Maternal Origin,Transition - Purine/Purine,A>G
125989514,rs635741,GG,CC,CC,91,85,18,NC_000005.10,Mutation NB - Paternal Origin,Transversion - Purine/Pyrimidine,G>C
126086598,rs3909305,AA,GG,AA,91,85,12,NC_000005.10,Mutation NB - Maternal Origin,Transition - Purine/Purine,G>A
127117810,.,TT,TT,TC,91,82,59,NC_000005.10,Mutation NB - Maternal Origin,Transition - Pyrimidine/Pyrimidine,Unsolved
127842103,rs1750317029,GG,GG,GA,73,70,41,NC_000005.10,Mutation NB - Maternal Origin,Transition - Purine/Purine,Unsolved
128973270,rs2526251,AA,AG,GG,85,41,12,NC_000005.10,Mutation NB - Paternal Origin,Transition - Purine/Purine,A>G
132279361,rs270617,AA,AA,GA,70,76,12,NC_000005.10,Mutation NB - Paternal Origin,Transition - Purine/Purine,Unsolved
133239344,rs11242147,GG,GC,CC,79,22,12,NC_000005.10,Mutation NB - Paternal Origin,Transversion - Purine/Pyrimidine,G>C
133467405,rs80144221,CC,CC,CT,100,52,81,NC_000005.10,Mutation NB - Maternal Origin,Transition - Pyrimidine/Pyrimidine,Unsolved
133910924,rs3936585,CC,TT,CC,79,70,0,NC_000005.10,Mutation NB - Maternal Origin,Transition - Pyrimidine/Pyrimidine,T>C
137276377,rs2961642,GG,GG,GA,100,73,99,NC_000005.10,Mutation NB - Maternal Origin,Transition - Purine/Purine,Unsolved
137276380,rs2961641,AA,AA,AG,100,73,99,NC_000005.10,Mutation NB - Maternal Origin,Transition - Purine/Purine,Unsolved
137346953,rs74391341,CC,CC,CA,70,100,98,NC_000005.10,Mutation NB - Paternal Origin,Transversion - Purine/Pyrimidine,Unsolved
140239043,.,AA,AA,AG,79,64,89,NC_000005.10,Mutation NB - Maternal Origin,Transition - Purine/Purine,Unsolved
140787957,rs1554118067,TT,TT,TC,73,70,41,NC_000005.10,Mutation NB - Maternal Origin,Transition - Pyrimidine/Pyrimidine,Unsolved
142458835,.,TT,TT,TC,82,88,50,NC_000005.10,Mutation NB - Paternal Origin,Transition - Pyrimidine/Pyrimidine,Unsolved
144975680,rs1325825319,AA,AA,AG,67,67,39,NC_000005.10,Mutation NB - Paternal or Maternal,Transition - Purine/Purine,Unsolved
152170555,rs294954,GG,AA,GG,49,85,42,NC_000005.10,Mutation NB - Maternal Origin,Transition - Purine/Purine,A>G
152673920,rs2974550,TT,TG,GG,91,31,15,NC_000005.10,Mutation NB - Paternal Origin,Transversion - Purine/Pyrimidine,T>G
152787569,rs73276642,CT,CC,TT,67,88,12,NC_000005.10,Mutation NB - Maternal Origin,Transversion - Purine/Pyrimidine,C>T
153672141,rs1241673634,CC,CC,CT,25,43,47,NC_000005.10,Mutation NB - Paternal Origin,Transition - Pyrimidine/Pyrimidine,Unsolved
153992965,rs1057772,AA,GG,GG,79,100,0,NC_000005.10,Mutation NB - Paternal Origin,Transition - Purine/Purine,A>G
154117345,.,CC,CC,CA,88,82,51,NC_000005.10,Mutation NB - Maternal Origin,Transversion - Purine/Pyrimidine,Unsolved
154305516,rs35045500,AA,AA,GG,85,91,12,NC_000005.10,Mutation NB - Paternal Origin,Transition - Purine/Purine,Unsolved
155719256,rs13180627,AA,AA,AG,100,79,99,NC_000005.10,Mutation NB - Maternal Origin,Transition - Purine/Purine,Unsolved
157066309,.,TT,TT,TC,70,64,42,NC_000005.10,Mutation NB - Maternal Origin,Transition - Pyrimidine/Pyrimidine,Unsolved
157381516,rs7707655,AA,GG,AA,82,100,54,NC_000005.10,Mutation NB - Maternal Origin,Transition - Purine/Purine,G>A
159198954,rs113620203,CC,CC,CT,100,88,26,NC_000005.10,Mutation NB - Maternal Origin,Transition - Pyrimidine/Pyrimidine,Unsolved
160217987,rs55995034,GG,AA,GG,91,85,0,NC_000005.10,Mutation NB - Maternal Origin,Transition - Purine/Purine,A>G
160340471,rs17057641,TT,TT,TC,100,76,68,NC_000005.10,Mutation NB - Maternal Origin,Transition - Pyrimidine/Pyrimidine,Unsolved
163568525,rs1433778,CC,CC,CT,91,88,33,NC_000005.10,Mutation NB - Maternal Origin,Transition - Pyrimidine/Pyrimidine,Unsolved
163568565,rs294594,GG,GG,AA,91,88,0,NC_000005.10,Mutation NB - Maternal Origin,Transition - Purine/Purine,Unsolved
166038480,.,CC,CC,CT,55,67,45,NC_000005.10,Mutation NB - Paternal Origin,Transition - Pyrimidine/Pyrimidine,Unsolved
166810251,rs13157099,GG,GG,GA,91,100,99,NC_000005.10,Mutation NB - Paternal Origin,Transition - Purine/Purine,Unsolved
168412603,rs1056043,CC,TT,TT,85,91,36,NC_000005.10,Mutation NB - Paternal Origin,Transition - Pyrimidine/Pyrimidine,C>T
168461626,rs10040267,GG,GG,GA,100,88,99,NC_000005.10,Mutation NB - Maternal Origin,Transition - Purine/Purine,Unsolved
169341946,rs7706761,AA,AC,CC,100,1,45,NC_000005.10,Mutation NB - Paternal Origin,Transversion - Purine/Pyrimidine,A>C
170668860,.,AA,AA,AG,67,58,44,NC_000005.10,Mutation NB - Maternal Origin,Transition - Purine/Purine,Unsolved
171715910,rs1021906837,AA,AA,AG,52,64,56,NC_000005.10,Mutation NB - Paternal Origin,Transition - Purine/Purine,Unsolved
172386554,rs79587113,GG,AA,GG,88,82,12,NC_000005.10,Mutation NB - Maternal Origin,Transition - Purine/Purine,A>G
173213667,rs6891488,TT,CC,CC,76,61,12,NC_000005.10,Mutation NB - Paternal Origin,Transition - Pyrimidine/Pyrimidine,T>C
173301797,rs6881887,CC,TT,TT,100,70,27,NC_000005.10,Mutation NB - Paternal Origin,Transition - Pyrimidine/Pyrimidine,C>T
174881753,rs7737034,TC,CC,TT,1,88,0,NC_000005.10,Mutation NB - Maternal Origin,Transversion - Purine/Pyrimidine,C>T
175741456,.,TT,TT,TG,79,76,47,NC_000005.10,Mutation NB - Maternal Origin,Transition - Pyrimidine/Pyrimidine,Transversion - Purine/Pyrimidine,Unsolved
178469679,rs2672834,TC,CC,TT,35,88,0,NC_000005.10,Mutation NB - Maternal Origin,Transversion - Purine/Pyrimidine,C>T
178854761,.,TT,TT,TC,64,70,41,NC_000005.10,Mutation NB - Paternal Origin,Transition - Pyrimidine/Pyrimidine,Unsolved
179208701,rs57207362,GG,GG,GA,82,100,99,NC_000005.10,Mutation NB - Paternal Origin,Transition - Purine/Purine,Unsolved
180001287,.,TT,TT,TC,79,73,50,NC_000005.10,Mutation NB - Maternal Origin,Transition - Pyrimidine/Pyrimidine,Unsolved
180633804,rs10085109,GG,GG,GC,88,100,99,NC_000005.10,Mutation NB - Paternal Origin,Transition - Purine/Purine,Transversion - Purine/Pyrimidine,Unsolved
181039730,rs6869503,GG,CC,CC,91,82,0,NC_000005.10,Mutation NB - Paternal Origin,Transversion - Purine/Pyrimidine,G>C
781563,rs4570012,CT,TT,CC,1,79,15,NC_000006.12,Mutation NB - Maternal Origin,Transition - Pyrimidine/Pyrimidine,T>C
2593201,rs4959194,GG,AA,GG,85,88,9,NC_000006.12,Mutation NB - Maternal Origin,Transition - Purine/Purine,A>G
2803286,rs1425333896,AA,AA,AG,79,79,50,NC_000006.12,Mutation NB - Paternal or Maternal,Transition - Purine/Purine,Unsolved
3171070,rs9503422,GG,GG,GA,70,100,99,NC_000006.12,Mutation NB - Paternal Origin,Transition - Purine/Purine,Unsolved
3284686,rs9503522,TT,CC,CC,100,79,18,NC_000006.12,Mutation NB - Paternal Origin,Transition - Pyrimidine/Pyrimidine,T>C
4303010,rs9504041,TT,GG,TT,85,82,0,NC_000006.12,Mutation NB - Maternal Origin,Transversion - Purine/Pyrimidine,G>T
4803271,.,CC,CC,CT,70,79,89,NC_000006.12,Mutation NB - Paternal Origin,Transition - Pyrimidine/Pyrimidine,Unsolved
5108731,rs467373,AA,GG,AA,85,61,0,NC_000006.12,Mutation NB - Maternal Origin,Transition - Purine/Purine,G>A
7229386,rs12192672,GG,GA,AA,82,1,24,NC_000006.12,Mutation NB - Paternal Origin,Transition - Purine/Purine,G>A
9290455,rs60197943,CC,CC,TT,100,100,18,NC_000006.12,Mutation NB - Paternal or Maternal,Transition - Pyrimidine/Pyrimidine,Unsolved
9942514,rs571037978,CC,CC,CA,82,82,27,NC_000006.12,Mutation NB - Paternal or Maternal,Transversion - Purine/Pyrimidine,Unsolved
10374421,rs78810885,CC,CC,TT,64,100,24,NC_000006.12,Mutation NB - Paternal Origin,Transition - Pyrimidine/Pyrimidine,Unsolved
11602804,rs515246,CC,TT,TT,100,98,21,NC_000006.12,Mutation NB - Paternal Origin,Transition - Pyrimidine/Pyrimidine,C>T
12447870,.,AA,AA,AG,61,91,44,NC_000006.12,Mutation NB - Paternal Origin,Transition - Purine/Purine,Unsolved
13300136,rs641293,AA,AC,CC,100,35,21,NC_000006.12,Mutation NB - Paternal Origin,Transversion - Purine/Pyrimidine,A>C
13772844,.,CC,CC,CT,73,82,30,NC_000006.12,Mutation NB - Paternal Origin,Transition - Pyrimidine/Pyrimidine,Unsolved
15125029,rs7741059,CC,CC,TC,91,88,61,NC_000006.12,Mutation NB - Maternal Origin,Transition - Pyrimidine/Pyrimidine,Unsolved
16217124,rs4418190,TT,TT,TC,76,49,99,NC_000006.12,Mutation NB - Maternal Origin,Transition - Pyrimidine/Pyrimidine,Unsolved
16375021,rs2237219,CC,GG,GG,91,88,15,NC_000006.12,Mutation NB - Paternal Origin,Transversion - Purine/Pyrimidine,C>G
22513886,rs9460751,AA,CA,CC,64,1,9,NC_000006.12,Mutation NB - Paternal Origin,Transversion - Purine/Pyrimidine,A>C
23775367,rs9379577,AA,GG,GG,79,85,27,NC_000006.12,Mutation NB - Paternal Origin,Transition - Purine/Purine,A>G
26455277,rs6456723,GG,GC,CC,100,32,9,NC_000006.12,Mutation NB - Paternal Origin,Transversion - Purine/Pyrimidine,G>C
33804528,rs78138376,GG,TT,GG,79,79,18,NC_000006.12,Mutation NB - Maternal Origin,Transition - Purine/Purine,Transversion - Purine/Pyrimidine,T>G
34536554,.,TT,TT,TC,61,88,50,NC_000006.12,Mutation NB - Paternal Origin,Transition - Pyrimidine/Pyrimidine,Unsolved
35475456,rs1768123797,AA,AA,AG,46,61,49,NC_000006.12,Mutation NB - Paternal Origin,Transition - Purine/Purine,Unsolved
36756139,rs12203137,AA,GG,GG,91,88,9,NC_000006.12,Mutation NB - Paternal Origin,Transition - Purine/Purine,A>G
37281839,rs4714053,CC,GG,CC,37,82,27,NC_000006.12,Mutation NB - Maternal Origin,Transversion - Purine/Pyrimidine,G>C
37517194,rs914347,CC,AA,CC,82,100,36,NC_000006.12,Mutation NB - Maternal Origin,Transversion - Purine/Pyrimidine,A>C
39294075,rs2815061,TT,TT,CT,88,85,69,NC_000006.12,Mutation NB - Maternal Origin,Transition - Pyrimidine/Pyrimidine,Unsolved
39379100,rs74536884,TT,CC,TT,58,91,30,NC_000006.12,Mutation NB - Maternal Origin,Transition - Pyrimidine/Pyrimidine,C>T
41332509,rs12204965,TT,CC,TT,91,88,24,NC_000006.12,Mutation NB - Maternal Origin,Transition - Pyrimidine/Pyrimidine,C>T
41649104,.,GG,GG,GT,91,88,33,NC_000006.12,Mutation NB - Maternal Origin,Transversion - Purine/Pyrimidine,Unsolved
42166896,rs7773501,GG,AA,AA,100,91,30,NC_000006.12,Mutation NB - Paternal Origin,Transition - Purine/Purine,G>A
43664177,rs61447047,GG,AA,GG,64,91,0,NC_000006.12,Mutation NB - Maternal Origin,Transition - Purine/Purine,A>G
47890629,.,TT,TT,TC,70,82,44,NC_000006.12,Mutation NB - Paternal Origin,Transition - Pyrimidine/Pyrimidine,Unsolved
52009299,rs9370090,AA,TA,TT,85,1,36,NC_000006.12,Mutation NB - Paternal Origin,Transversion - Purine/Pyrimidine,A>T
52261983,rs605134,AA,AA,AC,46,100,92,NC_000006.12,Mutation NB - Paternal Origin,Transversion - Purine/Pyrimidine,Unsolved
52861622,rs4610566,GG,GC,CC,100,1,30,NC_000006.12,Mutation NB - Paternal Origin,Transversion - Purine/Pyrimidine,G>C
53441181,.,TT,TT,TC,70,79,53,NC_000006.12,Mutation NB - Paternal Origin,Transition - Pyrimidine/Pyrimidine,Unsolved
53465558,rs2067833,CC,TT,CC,73,100,9,NC_000006.12,Mutation NB - Maternal Origin,Transition - Pyrimidine/Pyrimidine,T>C
53679717,rs79823138,TT,TT,TC,91,82,62,NC_000006.12,Mutation NB - Maternal Origin,Transition - Pyrimidine/Pyrimidine,Unsolved
53679873,rs77071595,CC,CC,CA,100,82,65,NC_000006.12,Mutation NB - Maternal Origin,Transversion - Purine/Pyrimidine,Unsolved
53699535,.,AA,AA,AG,82,88,62,NC_000006.12,Mutation NB - Paternal Origin,Transition - Purine/Purine,Unsolved
60663417,rs9367789,AG,GG,AA,28,73,0,NC_000006.12,Mutation NB - Maternal Origin,Transition - Purine/Purine,G>A
66125472,rs3899424,GG,CC,CC,46,100,0,NC_000006.12,Mutation NB - Paternal Origin,Transversion - Purine/Pyrimidine,G>C
66541703,rs2670416,AA,GG,AA,100,88,0,NC_000006.12,Mutation NB - Maternal Origin,Transition - Purine/Purine,G>A
67031679,rs79961868,GG,GC,CC,100,1,24,NC_000006.12,Mutation NB - Paternal Origin,Transversion - Purine/Pyrimidine,G>C
71532180,rs66527237,CT,CC,TT,1,100,93,NC_000006.12,Mutation NB - Maternal Origin,Transversion - Purine/Pyrimidine,C>T
73350200,rs475593,AA,AA,GA,76,88,4,NC_000006.12,Mutation NB - Paternal Origin,Transition - Purine/Purine,Unsolved
76379270,rs2504634,AA,AA,AT,100,76,72,NC_000006.12,Mutation NB - Maternal Origin,Transversion - Purine/Pyrimidine,Unsolved
79840193,rs10455366,TT,TT,TC,100,88,65,NC_000006.12,Mutation NB - Maternal Origin,Transition - Pyrimidine/Pyrimidine,Unsolved
81202010,.,GG,GG,GA,73,61,62,NC_000006.12,Mutation NB - Maternal Origin,Transition - Purine/Purine,Unsolved
84588512,rs4292499,GG,AA,GG,70,82,36,NC_000006.12,Mutation NB - Maternal Origin,Transition - Purine/Purine,A>G
87092507,rs9444471,CC,TT,CC,100,79,0,NC_000006.12,Mutation NB - Maternal Origin,Transition - Pyrimidine/Pyrimidine,T>C
88251489,rs9344770,GG,GG,AG,55,91,62,NC_000006.12,Mutation NB - Paternal Origin,Transition - Purine/Purine,Unsolved
90702530,rs749353676,AA,AA,AG,100,82,99,NC_000006.12,Mutation NB - Maternal Origin,Transition - Purine/Purine,Unsolved
91059889,rs9444824,AA,AA,AG,67,100,99,NC_000006.12,Mutation NB - Paternal Origin,Transition - Purine/Purine,Unsolved
93100151,rs1324111,TT,CC,TT,100,76,0,NC_000006.12,Mutation NB - Maternal Origin,Transition - Pyrimidine/Pyrimidine,C>T
94055139,.,CC,CC,CT,85,76,62,NC_000006.12,Mutation NB - Maternal Origin,Transition - Pyrimidine/Pyrimidine,Unsolved
95991545,.,TT,TT,TC,82,58,60,NC_000006.12,Mutation NB - Maternal Origin,Transition - Pyrimidine/Pyrimidine,Unsolved
99690685,rs576231,TT,CC,TT,73,100,24,NC_000006.12,Mutation NB - Maternal Origin,Transition - Pyrimidine/Pyrimidine,C>T
100923068,rs600653,TT,CC,CC,89,85,27,NC_000006.12,Mutation NB - Paternal Origin,Transition - Pyrimidine/Pyrimidine,T>C
102582209,rs6929923,AT,AA,TT,1,100,36,NC_000006.12,Mutation NB - Maternal Origin,Transversion - Purine/Pyrimidine,A>T
106806746,rs139321029,GG,GA,AA,76,38,9,NC_000006.12,Mutation NB - Paternal Origin,Transition - Purine/Purine,G>A
107046470,rs311246,AA,AA,GA,88,91,99,NC_000006.12,Mutation NB - Paternal Origin,Transition - Purine/Purine,Unsolved
107917042,.,AA,AA,AG,76,70,60,NC_000006.12,Mutation NB - Maternal Origin,Transition - Purine/Purine,Unsolved
108168806,rs2235997,AA,AA,GA,76,88,65,NC_000006.12,Mutation NB - Paternal Origin,Transition - Purine/Purine,Unsolved
109913449,rs4504505,GG,AA,GG,70,79,0,NC_000006.12,Mutation NB - Maternal Origin,Transition - Purine/Purine,A>G
113709029,.,AA,AA,AG,67,46,41,NC_000006.12,Mutation NB - Maternal Origin,Transition - Purine/Purine,Unsolved
115928137,rs117062289,GA,GG,AA,2,55,9,NC_000006.12,Mutation NB - Maternal Origin,Transition - Purine/Purine,G>A
116565588,rs76374574,TT,TT,TC,88,100,99,NC_000006.12,Mutation NB - Paternal Origin,Transition - Pyrimidine/Pyrimidine,Unsolved
117966454,rs116107024,CC,CC,CT,58,91,99,NC_000006.12,Mutation NB - Paternal Origin,Transition - Pyrimidine/Pyrimidine,Unsolved
119441392,rs11153823,TT,CT,CC,70,1,0,NC_000006.12,Mutation NB - Paternal Origin,Transition - Pyrimidine/Pyrimidine,T>C
119441393,rs114563316,GG,GA,AA,70,1,9,NC_000006.12,Mutation NB - Paternal Origin,Transition - Purine/Purine,G>A
121245598,rs77490077,AA,AA,AG,100,79,99,NC_000006.12,Mutation NB - Maternal Origin,Transition - Purine/Purine,Unsolved
127364097,.,AA,AA,AG,64,73,53,NC_000006.12,Mutation NB - Paternal Origin,Transition - Purine/Purine,Unsolved
129588601,.,AA,AA,AG,76,70,56,NC_000006.12,Mutation NB - Maternal Origin,Transition - Purine/Purine,Unsolved
129773493,rs899856,GG,CC,CC,100,88,12,NC_000006.12,Mutation NB - Paternal Origin,Transversion - Purine/Pyrimidine,G>C
132605085,.,CC,CC,CT,82,61,47,NC_000006.12,Mutation NB - Maternal Origin,Transition - Pyrimidine/Pyrimidine,Unsolved
134476211,rs2064527,CC,AA,AA,85,100,0,NC_000006.12,Mutation NB - Paternal Origin,Transversion - Purine/Pyrimidine,C>A
136791999,rs55666429,AA,GG,AA,88,88,12,NC_000006.12,Mutation NB - Maternal Origin,Transition - Purine/Purine,G>A
138940855,rs776884649,CC,CC,CT,88,88,99,NC_000006.12,Mutation NB - Paternal or Maternal,Transition - Pyrimidine/Pyrimidine,Unsolved
138943534,.,AA,AA,AG,70,55,53,NC_000006.12,Mutation NB - Maternal Origin,Transition - Purine/Purine,Unsolved
139032895,rs9385845,AA,CC,AA,52,97,39,NC_000006.12,Mutation NB - Maternal Origin,Transversion - Purine/Pyrimidine,C>A
139999771,rs13194747,CC,CC,CT,100,100,99,NC_000006.12,Mutation NB - Paternal or Maternal,Transition - Pyrimidine/Pyrimidine,Unsolved
140171001,.,TT,TT,TA,85,91,48,NC_000006.12,Mutation NB - Paternal Origin,Transition - Pyrimidine/Pyrimidine,Transversion - Purine/Pyrimidine,Unsolved
143518912,rs7747116,CC,TT,CC,85,91,27,NC_000006.12,Mutation NB - Maternal Origin,Transition - Pyrimidine/Pyrimidine,T>C
143983590,rs9321955,AA,AC,CC,100,1,36,NC_000006.12,Mutation NB - Paternal Origin,Transversion - Purine/Pyrimidine,A>C
148007040,rs6938902,CC,TT,TT,76,79,21,NC_000006.12,Mutation NB - Paternal Origin,Transition - Pyrimidine/Pyrimidine,C>T
148981069,rs2449382,GG,GG,GA,85,100,65,NC_000006.12,Mutation NB - Paternal Origin,Transition - Purine/Purine,Unsolved
150273674,.,AA,AA,AG,88,79,44,NC_000006.12,Mutation NB - Maternal Origin,Transition - Purine/Purine,Unsolved
153737854,rs2211611,GG,TT,TT,46,79,0,NC_000006.12,Mutation NB - Paternal Origin,Transversion - Purine/Pyrimidine,G>T
156392271,rs9397932,AA,AA,AG,91,76,99,NC_000006.12,Mutation NB - Maternal Origin,Transition - Purine/Purine,Unsolved
158783150,rs3103002,GA,GG,AA,1,100,33,NC_000006.12,Mutation NB - Maternal Origin,Transition - Purine/Purine,G>A
159049385,rs212407,GA,AA,GG,1,82,36,NC_000006.12,Mutation NB - Maternal Origin,Transition - Purine/Purine,A>G
160069282,rs920812,CC,CT,TT,70,1,24,NC_000006.12,Mutation NB - Paternal Origin,Transition - Pyrimidine/Pyrimidine,C>T
161138008,rs7754215,CC,TT,CC,73,88,24,NC_000006.12,Mutation NB - Maternal Origin,Transition - Pyrimidine/Pyrimidine,T>C
161151922,rs1370583711,CC,CC,CT,64,73,41,NC_000006.12,Mutation NB - Paternal Origin,Transition - Pyrimidine/Pyrimidine,Unsolved
161427872,.,TT,TT,TC,76,67,53,NC_000006.12,Mutation NB - Maternal Origin,Transition - Pyrimidine/Pyrimidine,Unsolved
162179351,rs12212768,GG,AA,AA,100,82,15,NC_000006.12,Mutation NB - Paternal Origin,Transition - Purine/Purine,G>A
163753585,rs6932044,AA,GG,AA,85,100,21,NC_000006.12,Mutation NB - Maternal Origin,Transition - Purine/Purine,G>A
164555082,.,TT,TT,TC,70,85,50,NC_000006.12,Mutation NB - Paternal Origin,Transition - Pyrimidine/Pyrimidine,Unsolved
164728971,rs8180653,GG,TT,TT,79,76,0,NC_000006.12,Mutation NB - Paternal Origin,Transversion - Purine/Pyrimidine,G>T
165117396,rs34737260,AA,GG,GG,91,82,36,NC_000006.12,Mutation NB - Paternal Origin,Transition - Purine/Purine,A>G
165283080,.,TT,TT,TC,82,67,56,NC_000006.12,Mutation NB - Maternal Origin,Transition - Pyrimidine/Pyrimidine,Unsolved
166447202,rs2281055,CC,TT,CC,43,91,0,NC_000006.12,Mutation NB - Maternal Origin,Transition - Pyrimidine/Pyrimidine,T>C
166506290,rs929109,GA,GG,AA,1,100,54,NC_000006.12,Mutation NB - Maternal Origin,Transition - Purine/Purine,G>A
166616574,rs916388,GA,GG,AA,1,100,27,NC_000006.12,Mutation NB - Maternal Origin,Transition - Purine/Purine,G>A
166765302,rs365697,CC,TC,TT,82,1,27,NC_000006.12,Mutation NB - Paternal Origin,Transition - Pyrimidine/Pyrimidine,C>T
167758492,rs562290,CC,TT,CC,82,76,27,NC_000006.12,Mutation NB - Maternal Origin,Transition - Pyrimidine/Pyrimidine,T>C
168052328,rs9346645,AA,TT,TT,91,91,12,NC_000006.12,Mutation NB - Paternal Origin,Transversion - Purine/Pyrimidine,A>T
168290189,rs9456028,TG,TT,TA,1,85,47,NC_000006.12,Mutation NB - Paternal Origin,Transversion - Purine/Pyrimidine,Transition - Pyrimidine/Pyrimidine,Unsolved
168315712,rs9456051,GC,CC,GG,1,82,33,NC_000006.12,Mutation NB - Maternal Origin,Transversion - Purine/Pyrimidine,C>G
168329421,rs9355201,CC,AA,CC,76,100,63,NC_000006.12,Mutation NB - Maternal Origin,Transversion - Purine/Pyrimidine,A>C
168329434,rs11756822,TT,CC,TT,76,100,63,NC_000006.12,Mutation NB - Maternal Origin,Transition - Pyrimidine/Pyrimidine,C>T
168386101,rs9456081,CC,TT,CC,85,91,18,NC_000006.12,Mutation NB - Maternal Origin,Transition - Pyrimidine/Pyrimidine,T>C
168582241,rs115613424,TT,TT,TA,100,70,36,NC_000006.12,Mutation NB - Maternal Origin,Transition - Pyrimidine/Pyrimidine,Transversion - Purine/Pyrimidine,Unsolved
168582242,rs116214482,GG,GG,GT,100,70,36,NC_000006.12,Mutation NB - Maternal Origin,Transversion - Purine/Pyrimidine,Unsolved
168582243,rs114917359,TT,TT,TC,100,70,36,NC_000006.12,Mutation NB - Maternal Origin,Transition - Pyrimidine/Pyrimidine,Unsolved
168582386,rs9295071,CC,GG,GG,91,70,0,NC_000006.12,Mutation NB - Paternal Origin,Transversion - Purine/Pyrimidine,C>G
169205878,rs6605527,CC,CT,TT,100,1,21,NC_000006.12,Mutation NB - Paternal Origin,Transition - Pyrimidine/Pyrimidine,C>T
170088485,rs13216839,CC,TT,TT,94,73,30,NC_000006.12,Mutation NB - Paternal Origin,Transition - Pyrimidine/Pyrimidine,C>T
586511,rs13238222,CC,AA,CC,91,88,0,NC_000007.14,Mutation NB - Maternal Origin,Transversion - Purine/Pyrimidine,A>C
791814,rs10950455,CC,TT,TT,82,76,27,NC_000007.14,Mutation NB - Paternal Origin,Transition - Pyrimidine/Pyrimidine,C>T
963337,rs7784559,GG,AA,GG,61,100,21,NC_000007.14,Mutation NB - Maternal Origin,Transition - Purine/Purine,A>G
963345,rs7789093,CC,TT,CC,61,100,21,NC_000007.14,Mutation NB - Maternal Origin,Transition - Pyrimidine/Pyrimidine,T>C
963405,rs7784701,GG,AA,GG,61,100,21,NC_000007.14,Mutation NB - Maternal Origin,Transition - Purine/Purine,A>G
1042930,rs7799391,GG,CC,CC,82,88,18,NC_000007.14,Mutation NB - Paternal Origin,Transversion - Purine/Pyrimidine,G>C
1186142,rs1880294,CC,TT,TT,88,91,15,NC_000007.14,Mutation NB - Paternal Origin,Transition - Pyrimidine/Pyrimidine,C>T
1847229,rs6954521,CC,AA,CC,88,61,0,NC_000007.14,Mutation NB - Maternal Origin,Transversion - Purine/Pyrimidine,A>C
1847236,rs6978048,TT,GG,TT,88,61,0,NC_000007.14,Mutation NB - Maternal Origin,Transversion - Purine/Pyrimidine,G>T
3997490,.,AA,AA,AG,55,88,50,NC_000007.14,Mutation NB - Paternal Origin,Transition - Purine/Purine,Unsolved
4198085,rs10228300,TG,TT,GG,1,100,45,NC_000007.14,Mutation NB - Maternal Origin,Transversion - Purine/Pyrimidine,T>G
5220856,rs9987030,CC,CC,CT,91,100,94,NC_000007.14,Mutation NB - Paternal Origin,Transition - Pyrimidine/Pyrimidine,Unsolved
6330775,rs3750040,TT,CC,TT,88,100,9,NC_000007.14,Mutation NB - Maternal Origin,Transition - Pyrimidine/Pyrimidine,C>T
8035629,rs17142255,GG,AA,GG,49,85,48,NC_000007.14,Mutation NB - Maternal Origin,Transition - Purine/Purine,A>G
11346581,rs4719268,GA,AA,GG,79,73,0,NC_000007.14,Mutation NB - Maternal Origin,Transition - Purine/Purine,A>G
16370343,.,AA,AA,AG,37,28,53,NC_000007.14,Mutation NB - Maternal Origin,Transition - Purine/Purine,Unsolved
19889279,.,GG,GG,GT,82,46,45,NC_000007.14,Mutation NB - Maternal Origin,Transversion - Purine/Pyrimidine,Unsolved
19889281,.,AA,AA,AG,82,46,45,NC_000007.14,Mutation NB - Maternal Origin,Transition - Purine/Purine,Unsolved
21611205,.,TT,TT,TC,58,64,50,NC_000007.14,Mutation NB - Paternal Origin,Transition - Pyrimidine/Pyrimidine,Unsolved
22037899,rs1637090,AA,TT,TT,100,82,24,NC_000007.14,Mutation NB - Paternal Origin,Transversion - Purine/Pyrimidine,A>T
22217369,rs1419759,TT,CC,TT,82,88,0,NC_000007.14,Mutation NB - Maternal Origin,Transition - Pyrimidine/Pyrimidine,C>T
23440287,rs58261413,TT,TT,TA,79,100,62,NC_000007.14,Mutation NB - Paternal Origin,Transition - Pyrimidine/Pyrimidine,Transversion - Purine/Pyrimidine,Unsolved
24422701,rs1858957,AA,GG,GG,70,67,0,NC_000007.14,Mutation NB - Paternal Origin,Transition - Purine/Purine,A>G
25148325,rs4722433,AA,GG,GG,91,73,0,NC_000007.14,Mutation NB - Paternal Origin,Transition - Purine/Purine,A>G
25890745,rs73683179,CC,CC,CT,73,100,99,NC_000007.14,Mutation NB - Paternal Origin,Transition - Pyrimidine/Pyrimidine,Unsolved
26109249,.,AA,AA,AG,76,91,53,NC_000007.14,Mutation NB - Paternal Origin,Transition - Purine/Purine,Unsolved
26480659,rs11773392,TT,CC,CC,85,85,27,NC_000007.14,Mutation NB - Paternal Origin,Transition - Pyrimidine/Pyrimidine,T>C
26704482,rs12668948,CC,TT,CC,70,91,0,NC_000007.14,Mutation NB - Maternal Origin,Transition - Pyrimidine/Pyrimidine,T>C
26770835,rs10245162,CC,TT,TT,88,91,0,NC_000007.14,Mutation NB - Paternal Origin,Transition - Pyrimidine/Pyrimidine,C>T
27969733,rs141321986,GG,GG,GA,91,88,71,NC_000007.14,Mutation NB - Maternal Origin,Transition - Purine/Purine,Unsolved
29108128,.,TT,TT,TC,88,58,56,NC_000007.14,Mutation NB - Maternal Origin,Transition - Pyrimidine/Pyrimidine,Unsolved
29190670,rs45174,TT,AT,AA,91,1,30,NC_000007.14,Mutation NB - Paternal Origin,Transversion - Purine/Pyrimidine,T>A
29190687,rs45173,GG,AA,AA,91,64,30,NC_000007.14,Mutation NB - Paternal Origin,Transition - Purine/Purine,G>A
29723747,.,TT,TT,TC,40,73,30,NC_000007.14,Mutation NB - Paternal Origin,Transition - Pyrimidine/Pyrimidine,Unsolved
30915513,rs1859840,GG,AA,AA,91,85,9,NC_000007.14,Mutation NB - Paternal Origin,Transition - Purine/Purine,G>A
32275306,rs6962795,AA,GG,AA,76,85,30,NC_000007.14,Mutation NB - Maternal Origin,Transition - Purine/Purine,G>A
33560019,rs745888630,AA,AA,AG,58,58,53,NC_000007.14,Mutation NB - Paternal or Maternal,Transition - Purine/Purine,Unsolved
38500025,rs2014872,TT,TT,TC,100,88,71,NC_000007.14,Mutation NB - Maternal Origin,Transition - Pyrimidine/Pyrimidine,Unsolved
38655931,.,GG,GG,GA,61,79,55,NC_000007.14,Mutation NB - Paternal Origin,Transition - Purine/Purine,Unsolved
42061894,rs2237420,AA,GG,AA,91,91,21,NC_000007.14,Mutation NB - Maternal Origin,Transition - Purine/Purine,G>A
44151710,rs2971679,CC,CC,CT,79,82,62,NC_000007.14,Mutation NB - Paternal Origin,Transition - Pyrimidine/Pyrimidine,Unsolved
45106792,rs7781395,CC,AA,CC,70,67,15,NC_000007.14,Mutation NB - Maternal Origin,Transversion - Purine/Pyrimidine,A>C
46898671,rs2190017,GG,GG,AA,91,100,24,NC_000007.14,Mutation NB - Paternal Origin,Transition - Purine/Purine,Unsolved
47102621,rs59680602,CC,CC,CT,40,100,99,NC_000007.14,Mutation NB - Paternal Origin,Transition - Pyrimidine/Pyrimidine,Unsolved
47102670,rs56658549,AA,AA,AT,55,100,99,NC_000007.14,Mutation NB - Paternal Origin,Transversion - Purine/Pyrimidine,Unsolved
47500490,rs6947181,CC,CC,CG,100,100,33,NC_000007.14,Mutation NB - Paternal or Maternal,Transversion - Purine/Pyrimidine,Unsolved
49497109,rs35891749,AA,TT,AA,82,91,15,NC_000007.14,Mutation NB - Maternal Origin,Transversion - Purine/Pyrimidine,T>A
49884099,rs543905,CC,CC,CT,61,100,99,NC_000007.14,Mutation NB - Paternal Origin,Transition - Pyrimidine/Pyrimidine,Unsolved
51551010,rs375381535,GG,GG,GA,43,82,52,NC_000007.14,Mutation NB - Paternal Origin,Transition - Purine/Purine,Unsolved
51806661,.,AA,AA,AG,61,88,78,NC_000007.14,Mutation NB - Paternal Origin,Transition - Purine/Purine,Unsolved
51887578,rs10262259,TT,GG,TT,91,88,0,NC_000007.14,Mutation NB - Maternal Origin,Transversion - Purine/Pyrimidine,G>T
55343663,rs6968966,AA,AA,AG,88,91,99,NC_000007.14,Mutation NB - Paternal Origin,Transition - Purine/Purine,Unsolved
57216958,rs73355056,CC,CC,CT,100,100,99,NC_000007.14,Mutation NB - Paternal or Maternal,Transition - Pyrimidine/Pyrimidine,Unsolved
57216969,rs72499875,AA,AA,AG,100,100,99,NC_000007.14,Mutation NB - Paternal or Maternal,Transition - Purine/Purine,Unsolved
57328854,rs76869805,CC,AA,CC,70,76,9,NC_000007.14,Mutation NB - Maternal Origin,Transversion - Purine/Pyrimidine,A>C
60992074,rs1392096538,CC,TC,TT,91,88,0,NC_000007.14,Mutation NB - Paternal Origin,Transition - Pyrimidine/Pyrimidine,C>T
61907694,rs1353288662,AA,AT,TT,85,38,9,NC_000007.14,Mutation NB - Paternal Origin,Transversion - Purine/Pyrimidine,A>T
64045167,rs11979814,CG,GG,CC,76,70,0,NC_000007.14,Mutation NB - Maternal Origin,Transversion - Purine/Pyrimidine,G>C
64082309,rs4717978,CT,TT,CC,70,61,0,NC_000007.14,Mutation NB - Maternal Origin,Transition - Pyrimidine/Pyrimidine,T>C
66119577,rs1394379898,AA,AA,AG,67,73,41,NC_000007.14,Mutation NB - Paternal Origin,Transition - Purine/Purine,Unsolved
66408274,rs778690,GA,AA,GG,85,61,0,NC_000007.14,Mutation NB - Maternal Origin,Transition - Purine/Purine,A>G
66545276,rs10081172,GG,GG,GA,100,76,59,NC_000007.14,Mutation NB - Maternal Origin,Transition - Purine/Purine,Unsolved
67454924,rs66498659,GG,GG,GA,100,73,98,NC_000007.14,Mutation NB - Maternal Origin,Transition - Purine/Purine,Unsolved
69216356,rs1419536730,TT,TT,TC,82,76,33,NC_000007.14,Mutation NB - Maternal Origin,Transition - Pyrimidine/Pyrimidine,Unsolved
69470801,rs34117578,AA,AG,GG,88,1,24,NC_000007.14,Mutation NB - Paternal Origin,Transition - Purine/Purine,A>G
72032995,.,TT,TT,TC,76,58,50,NC_000007.14,Mutation NB - Maternal Origin,Transition - Pyrimidine/Pyrimidine,Unsolved
73616376,rs12667353,CC,CC,CT,100,85,99,NC_000007.14,Mutation NB - Maternal Origin,Transition - Pyrimidine/Pyrimidine,Unsolved
73976016,.,TT,TT,TC,61,70,62,NC_000007.14,Mutation NB - Paternal Origin,Transition - Pyrimidine/Pyrimidine,Unsolved
74338212,rs35998254,TT,CC,CC,100,88,12,NC_000007.14,Mutation NB - Paternal Origin,Transition - Pyrimidine/Pyrimidine,T>C
74344110,rs527261313,GG,GG,GA,100,76,99,NC_000007.14,Mutation NB - Maternal Origin,Transition - Purine/Purine,Unsolved
74344133,rs505388,TT,CC,CC,100,76,24,NC_000007.14,Mutation NB - Paternal Origin,Transition - Pyrimidine/Pyrimidine,T>C
75681512,rs797034829,TT,TT,GG,100,88,9,NC_000007.14,Mutation NB - Maternal Origin,Transition - Purine/Purine,Transversion - Purine/Pyrimidine,Unsolved
75681569,rs2285872,CC,CC,TT,100,100,9,NC_000007.14,Mutation NB - Paternal or Maternal,Transition - Pyrimidine/Pyrimidine,Unsolved
75821365,.,GG,GG,GA,64,52,59,NC_000007.14,Mutation NB - Maternal Origin,Transition - Purine/Purine,Unsolved
84131938,.,TT,TT,TC,88,88,72,NC_000007.14,Mutation NB - Paternal or Maternal,Transition - Pyrimidine/Pyrimidine,Unsolved
87274261,rs112591205,AA,AA,GG,79,100,12,NC_000007.14,Mutation NB - Paternal Origin,Transition - Purine/Purine,Unsolved
93039490,rs2374596,TT,CC,CC,85,82,0,NC_000007.14,Mutation NB - Paternal Origin,Transition - Pyrimidine/Pyrimidine,T>C
94011123,rs1265868672,CC,CC,CT,40,61,41,NC_000007.14,Mutation NB - Paternal Origin,Transition - Pyrimidine/Pyrimidine,Unsolved
95229180,.,AA,AA,AG,58,73,41,NC_000007.14,Mutation NB - Paternal Origin,Transition - Purine/Purine,Unsolved
97971238,rs73709057,CC,CC,CT,83,73,99,NC_000007.14,Mutation NB - Maternal Origin,Transition - Pyrimidine/Pyrimidine,Unsolved
97971244,rs1350071988,CC,CC,CT,73,86,79,NC_000007.14,Mutation NB - Paternal Origin,Transition - Pyrimidine/Pyrimidine,Unsolved
98286385,rs6968144,GG,GA,AA,100,67,9,NC_000007.14,Mutation NB - Paternal Origin,Transition - Purine/Purine,G>A
101545591,rs969008484,AA,AA,AG,82,76,92,NC_000007.14,Mutation NB - Maternal Origin,Transition - Purine/Purine,Unsolved
101585592,.,CC,CC,CT,100,70,99,NC_000007.14,Mutation NB - Maternal Origin,Transition - Pyrimidine/Pyrimidine,Unsolved
101615601,rs740199,CC,GG,CC,70,91,0,NC_000007.14,Mutation NB - Maternal Origin,Transversion - Purine/Pyrimidine,G>C
101679717,rs916752332,CC,CC,CT,58,100,99,NC_000007.14,Mutation NB - Paternal Origin,Transition - Pyrimidine/Pyrimidine,Unsolved
101985281,rs12530931,CC,CC,CG,100,55,99,NC_000007.14,Mutation NB - Maternal Origin,Transversion - Purine/Pyrimidine,Unsolved
102270795,rs1734735,GG,TT,GG,64,76,15,NC_000007.14,Mutation NB - Maternal Origin,Transition - Purine/Purine,Transversion - Purine/Pyrimidine,T>G
102270864,rs1725604,TT,CC,CC,91,61,33,NC_000007.14,Mutation NB - Paternal Origin,Transition - Pyrimidine/Pyrimidine,T>C
102290004,rs803093,GG,AA,GG,79,49,0,NC_000007.14,Mutation NB - Maternal Origin,Transition - Purine/Purine,A>G
106320945,.,AA,AA,AG,88,82,50,NC_000007.14,Mutation NB - Maternal Origin,Transition - Purine/Purine,Unsolved
107630122,rs2293658,CC,TC,TT,73,1,0,NC_000007.14,Mutation NB - Paternal Origin,Transition - Pyrimidine/Pyrimidine,C>T
108519375,.,AA,AA,AG,67,85,80,NC_000007.14,Mutation NB - Paternal Origin,Transition - Purine/Purine,Unsolved
112180423,rs2729543,TT,GT,GG,49,35,84,NC_000007.14,Mutation NB - Paternal Origin,Transversion - Purine/Pyrimidine,T>G
128907271,rs1171153958,AA,AA,AG,73,79,47,NC_000007.14,Mutation NB - Paternal Origin,Transition - Purine/Purine,Unsolved
129665526,.,TT,TT,TC,91,88,53,NC_000007.14,Mutation NB - Maternal Origin,Transition - Pyrimidine/Pyrimidine,Unsolved
129772891,rs6467265,AA,GG,AA,79,100,21,NC_000007.14,Mutation NB - Maternal Origin,Transition - Purine/Purine,G>A
130368060,rs2241272,AA,TT,TT,76,64,24,NC_000007.14,Mutation NB - Paternal Origin,Transversion - Purine/Pyrimidine,A>T
130368072,rs2241273,TT,GG,GG,76,74,24,NC_000007.14,Mutation NB - Paternal Origin,Transversion - Purine/Pyrimidine,T>G
130368174,rs17164864,TT,TC,CC,100,1,27,NC_000007.14,Mutation NB - Paternal Origin,Transition - Pyrimidine/Pyrimidine,T>C
134657775,rs1364440,TC,CC,TT,42,79,0,NC_000007.14,Mutation NB - Maternal Origin,Transversion - Purine/Pyrimidine,C>T
138212602,rs57501836,AA,CC,CC,88,91,9,NC_000007.14,Mutation NB - Paternal Origin,Transversion - Purine/Pyrimidine,A>C
139506315,.,TT,TT,TA,61,76,59,NC_000007.14,Mutation NB - Paternal Origin,Transition - Pyrimidine/Pyrimidine,Transversion - Purine/Pyrimidine,Unsolved
139540246,rs34334721,GG,AA,AA,88,85,9,NC_000007.14,Mutation NB - Paternal Origin,Transition - Purine/Purine,G>A
140315411,.,TT,TT,TC,52,58,53,NC_000007.14,Mutation NB - Paternal Origin,Transition - Pyrimidine/Pyrimidine,Unsolved
149289975,.,GG,GG,GA,76,67,50,NC_000007.14,Mutation NB - Maternal Origin,Transition - Purine/Purine,Unsolved
150594532,rs35428045,AA,GG,AA,91,91,0,NC_000007.14,Mutation NB - Maternal Origin,Transition - Purine/Purine,G>A
150858827,rs10893,AA,GG,AA,55,67,0,NC_000007.14,Mutation NB - Maternal Origin,Transition - Purine/Purine,G>A
150858914,rs1049748,TT,TT,TC,61,70,87,NC_000007.14,Mutation NB - Paternal Origin,Transition - Pyrimidine/Pyrimidine,Unsolved
151797240,rs118118867,CC,CC,CT,88,79,99,NC_000007.14,Mutation NB - Maternal Origin,Transition - Pyrimidine/Pyrimidine,Unsolved
152729561,rs10242315,GA,GG,AA,1,94,38,NC_000007.14,Mutation NB - Maternal Origin,Transition - Purine/Purine,G>A
152735637,rs1369405669,TT,TT,TC,52,76,51,NC_000007.14,Mutation NB - Paternal Origin,Transition - Pyrimidine/Pyrimidine,Unsolved
153049155,rs7790868,CC,CA,AA,100,1,18,NC_000007.14,Mutation NB - Paternal Origin,Transversion - Purine/Pyrimidine,C>A
153219613,rs1124152,TT,CC,CC,73,70,24,NC_000007.14,Mutation NB - Paternal Origin,Transition - Pyrimidine/Pyrimidine,T>C
153646390,rs34869003,GG,TT,TT,58,79,6,NC_000007.14,Mutation NB - Paternal Origin,Transversion - Purine/Pyrimidine,G>T
153925387,rs2215194,CC,TT,TT,85,82,9,NC_000007.14,Mutation NB - Paternal Origin,Transition - Pyrimidine/Pyrimidine,C>T
154709054,rs2316238,TT,AA,AA,100,91,12,NC_000007.14,Mutation NB - Paternal Origin,Transversion - Purine/Pyrimidine,T>A
154968659,rs935037,AG,AA,GG,70,100,15,NC_000007.14,Mutation NB - Maternal Origin,Transition - Purine/Purine,A>G
155379072,.,TT,TT,TC,85,58,53,NC_000007.14,Mutation NB - Maternal Origin,Transition - Pyrimidine/Pyrimidine,Unsolved
155439857,rs35208416,TT,AA,AA,85,82,9,NC_000007.14,Mutation NB - Paternal Origin,Transversion - Purine/Pyrimidine,T>A
156358123,rs13307771,CC,CC,TC,43,88,99,NC_000007.14,Mutation NB - Paternal Origin,Transition - Pyrimidine/Pyrimidine,Unsolved
157256120,rs141911196,AA,GG,GG,91,91,12,NC_000007.14,Mutation NB - Paternal Origin,Transition - Purine/Purine,A>G
157276196,rs61516886,GG,CC,CC,91,85,15,NC_000007.14,Mutation NB - Paternal Origin,Transversion - Purine/Pyrimidine,G>C
158030262,rs12538297,AA,AA,AG,67,100,99,NC_000007.14,Mutation NB - Paternal Origin,Transition - Purine/Purine,Unsolved
158030284,rs12540718,GG,GG,GA,67,100,99,NC_000007.14,Mutation NB - Paternal Origin,Transition - Purine/Purine,Unsolved
158689029,rs28657075,AA,CC,AA,67,100,33,NC_000007.14,Mutation NB - Maternal Origin,Transversion - Purine/Pyrimidine,C>A
158976507,rs2527224,GG,GG,GA,98,76,71,NC_000007.14,Mutation NB - Maternal Origin,Transition - Purine/Purine,Unsolved
159049626,rs77130079,CC,AA,CC,76,88,30,NC_000007.14,Mutation NB - Maternal Origin,Transversion - Purine/Pyrimidine,A>C
159231948,rs414322,AA,GG,AA,46,100,36,NC_000007.14,Mutation NB - Maternal Origin,Transition - Purine/Purine,G>A
159255035,rs6955345,GG,CC,GG,91,100,9,NC_000007.14,Mutation NB - Maternal Origin,Transversion - Purine/Pyrimidine,C>G
666991,rs896522,GG,AA,GG,46,100,33,NC_000008.11,Mutation NB - Maternal Origin,Transition - Purine/Purine,A>G
3076313,rs67273276,CC,CT,TT,88,1,18,NC_000008.11,Mutation NB - Paternal Origin,Transition - Pyrimidine/Pyrimidine,C>T
3386715,rs905501,TT,CC,CC,88,100,0,NC_000008.11,Mutation NB - Paternal Origin,Transition - Pyrimidine/Pyrimidine,T>C
4186169,rs17069261,TT,CC,CC,70,61,21,NC_000008.11,Mutation NB - Paternal Origin,Transition - Pyrimidine/Pyrimidine,T>C
5757218,rs74511272,CC,CC,CA,100,70,99,NC_000008.11,Mutation NB - Maternal Origin,Transversion - Purine/Pyrimidine,Unsolved
5757232,rs73515683,CC,CC,CT,100,73,99,NC_000008.11,Mutation NB - Maternal Origin,Transition - Pyrimidine/Pyrimidine,Unsolved
6057642,rs73508590,AA,AA,AG,100,88,99,NC_000008.11,Mutation NB - Maternal Origin,Transition - Purine/Purine,Unsolved
6176622,.,TT,TT,TC,79,82,59,NC_000008.11,Mutation NB - Paternal Origin,Transition - Pyrimidine/Pyrimidine,Unsolved
6272941,rs4350003,AA,AA,GA,85,67,98,NC_000008.11,Mutation NB - Maternal Origin,Transition - Purine/Purine,Unsolved
6354901,rs12056733,CC,TT,CC,88,79,0,NC_000008.11,Mutation NB - Maternal Origin,Transition - Pyrimidine/Pyrimidine,T>C
17833297,rs678965,AG,AA,GG,1,94,27,NC_000008.11,Mutation NB - Maternal Origin,Transition - Purine/Purine,A>G
18208617,rs10888150,TT,TT,TC,100,91,99,NC_000008.11,Mutation NB - Maternal Origin,Transition - Pyrimidine/Pyrimidine,Unsolved
18583526,.,TT,TT,TC,73,85,59,NC_000008.11,Mutation NB - Paternal Origin,Transition - Pyrimidine/Pyrimidine,Unsolved
21723669,rs28673758,AA,GG,AA,91,82,9,NC_000008.11,Mutation NB - Maternal Origin,Transition - Purine/Purine,G>A
21924118,rs10866823,TT,CC,TT,64,91,33,NC_000008.11,Mutation NB - Maternal Origin,Transition - Pyrimidine/Pyrimidine,C>T
22030791,rs28416051,TT,GG,GG,91,79,0,NC_000008.11,Mutation NB - Paternal Origin,Transversion - Purine/Pyrimidine,T>G
23200707,rs20576,TT,GG,TT,79,85,15,NC_000008.11,Mutation NB - Maternal Origin,Transversion - Purine/Pyrimidine,G>T
23338351,rs28522080,AA,CC,CC,79,82,15,NC_000008.11,Mutation NB - Paternal Origin,Transversion - Purine/Pyrimidine,A>C
25382973,rs1586382213,CC,TT,TT,85,58,12,NC_000008.11,Mutation NB - Paternal Origin,Transition - Pyrimidine/Pyrimidine,C>T
25382983,rs7008785,AA,GG,GG,85,58,12,NC_000008.11,Mutation NB - Paternal Origin,Transition - Purine/Purine,A>G
26506734,.,AA,AA,AG,28,70,41,NC_000008.11,Mutation NB - Paternal Origin,Transition - Purine/Purine,Unsolved
26737651,rs1020233,GG,AA,AA,82,79,0,NC_000008.11,Mutation NB - Paternal Origin,Transition - Purine/Purine,G>A
27277744,rs28728060,TT,CC,CC,100,82,24,NC_000008.11,Mutation NB - Paternal Origin,Transition - Pyrimidine/Pyrimidine,T>C
27697334,rs693832,CC,TT,CC,92,73,9,NC_000008.11,Mutation NB - Maternal Origin,Transition - Pyrimidine/Pyrimidine,T>C
27697344,rs693841,CC,TT,CC,85,73,0,NC_000008.11,Mutation NB - Maternal Origin,Transition - Pyrimidine/Pyrimidine,T>C
27728299,rs182323497,TT,TT,TC,55,100,99,NC_000008.11,Mutation NB - Paternal Origin,Transition - Pyrimidine/Pyrimidine,Unsolved
28439697,rs13276415,GG,AA,AA,85,79,9,NC_000008.11,Mutation NB - Paternal Origin,Transition - Purine/Purine,G>A
32256482,rs73578697,GG,GG,GA,88,100,56,NC_000008.11,Mutation NB - Paternal Origin,Transition - Purine/Purine,Unsolved
35526236,.,CC,CC,CT,91,73,99,NC_000008.11,Mutation NB - Maternal Origin,Transition - Pyrimidine/Pyrimidine,Unsolved
37986312,rs72643029,AA,AA,AG,100,88,99,NC_000008.11,Mutation NB - Maternal Origin,Transition - Purine/Purine,Unsolved
38632305,rs58771252,CC,GG,GG,88,73,33,NC_000008.11,Mutation NB - Paternal Origin,Transversion - Purine/Pyrimidine,C>G
40143774,rs10755981,GT,TT,GG,71,85,0,NC_000008.11,Mutation NB - Maternal Origin,Transversion - Purine/Pyrimidine,T>G
40946378,rs731843,GG,GC,CC,100,1,27,NC_000008.11,Mutation NB - Paternal Origin,Transversion - Purine/Pyrimidine,G>C
41333996,rs2354181,AA,GG,GG,100,67,69,NC_000008.11,Mutation NB - Paternal Origin,Transition - Purine/Purine,A>G
43236691,rs72633714,AA,AA,AT,88,100,64,NC_000008.11,Mutation NB - Paternal Origin,Transversion - Purine/Pyrimidine,Unsolved
46286662,rs359834,TT,CC,CC,85,82,0,NC_000008.11,Mutation NB - Paternal Origin,Transition - Pyrimidine/Pyrimidine,T>C
46608221,.,TT,TT,TC,91,58,54,NC_000008.11,Mutation NB - Maternal Origin,Transition - Pyrimidine/Pyrimidine,Unsolved
46931279,rs6995866,AA,GG,GG,100,79,15,NC_000008.11,Mutation NB - Paternal Origin,Transition - Purine/Purine,A>G
48982831,.,TT,TT,TC,76,79,68,NC_000008.11,Mutation NB - Paternal Origin,Transition - Pyrimidine/Pyrimidine,Unsolved
52126835,rs16917250,GG,GA,AA,100,1,18,NC_000008.11,Mutation NB - Paternal Origin,Transition - Purine/Purine,G>A
63295438,.,AA,AA,AG,82,79,47,NC_000008.11,Mutation NB - Maternal Origin,Transition - Purine/Purine,Unsolved
65379871,rs2016815,AA,AA,GA,91,91,99,NC_000008.11,Mutation NB - Paternal or Maternal,Transition - Purine/Purine,Unsolved
66046252,rs80254698,CC,CC,CG,79,91,99,NC_000008.11,Mutation NB - Paternal Origin,Transversion - Purine/Pyrimidine,Unsolved
66046253,rs79956530,CC,CC,CT,79,91,99,NC_000008.11,Mutation NB - Paternal Origin,Transition - Pyrimidine/Pyrimidine,Unsolved
71903503,rs10808781,TT,GG,TT,85,88,30,NC_000008.11,Mutation NB - Maternal Origin,Transversion - Purine/Pyrimidine,G>T
72523199,rs349369,TT,CC,CC,100,91,9,NC_000008.11,Mutation NB - Paternal Origin,Transition - Pyrimidine/Pyrimidine,T>C
74330922,rs72665404,CC,CC,CT,70,79,65,NC_000008.11,Mutation NB - Paternal Origin,Transition - Pyrimidine/Pyrimidine,Unsolved
80113160,rs62516084,AA,CC,AA,91,100,9,NC_000008.11,Mutation NB - Maternal Origin,Transversion - Purine/Pyrimidine,C>A
80309142,rs60539023,GG,AA,AA,91,88,9,NC_000008.11,Mutation NB - Paternal Origin,Transition - Purine/Purine,G>A
84666693,rs28620139,CC,CC,CT,85,100,99,NC_000008.11,Mutation NB - Paternal Origin,Transition - Pyrimidine/Pyrimidine,Unsolved
89163509,rs147772441,TT,TT,TC,100,79,9,NC_000008.11,Mutation NB - Maternal Origin,Transition - Pyrimidine/Pyrimidine,Unsolved
90769815,.,TT,TT,TC,79,73,47,NC_000008.11,Mutation NB - Maternal Origin,Transition - Pyrimidine/Pyrimidine,Unsolved
91121406,.,TT,TT,TC,82,49,44,NC_000008.11,Mutation NB - Maternal Origin,Transition - Pyrimidine/Pyrimidine,Unsolved
94137145,rs2446811,TT,CC,TT,100,76,0,NC_000008.11,Mutation NB - Maternal Origin,Transition - Pyrimidine/Pyrimidine,C>T
94188699,rs116165930,CC,CT,TT,88,67,9,NC_000008.11,Mutation NB - Paternal Origin,Transition - Pyrimidine/Pyrimidine,C>T
95226307,rs1441396,CC,TT,TT,67,73,0,NC_000008.11,Mutation NB - Paternal Origin,Transition - Pyrimidine/Pyrimidine,C>T
101319101,rs10113770,TC,TT,CC,1,88,12,NC_000008.11,Mutation NB - Maternal Origin,Transition - Pyrimidine/Pyrimidine,T>C
101667681,rs3735715,AA,AA,GA,76,79,99,NC_000008.11,Mutation NB - Paternal Origin,Transition - Purine/Purine,Unsolved
102114343,rs10111205,TT,CC,TT,88,82,0,NC_000008.11,Mutation NB - Maternal Origin,Transition - Pyrimidine/Pyrimidine,C>T
104309352,rs7016168,CC,TT,CC,100,91,0,NC_000008.11,Mutation NB - Maternal Origin,Transition - Pyrimidine/Pyrimidine,T>C
109645414,rs10106169,CC,CC,CG,100,82,98,NC_000008.11,Mutation NB - Maternal Origin,Transversion - Purine/Pyrimidine,Unsolved
111127110,rs146102899,GG,GG,GA,100,73,99,NC_000008.11,Mutation NB - Maternal Origin,Transition - Purine/Purine,Unsolved
112083052,rs12679370,GG,GG,GA,49,100,62,NC_000008.11,Mutation NB - Paternal Origin,Transition - Purine/Purine,Unsolved
114312352,rs10100905,GG,TT,GG,64,100,36,NC_000008.11,Mutation NB - Maternal Origin,Transition - Purine/Purine,Transversion - Purine/Pyrimidine,T>G
117897155,rs6981592,GG,CC,GG,100,64,0,NC_000008.11,Mutation NB - Maternal Origin,Transversion - Purine/Pyrimidine,C>G
118663014,rs2460985,CC,CC,CT,70,100,99,NC_000008.11,Mutation NB - Paternal Origin,Transition - Pyrimidine/Pyrimidine,Unsolved
119195782,rs79554094,AA,AA,AG,88,91,24,NC_000008.11,Mutation NB - Paternal Origin,Transition - Purine/Purine,Unsolved
119667600,.,AA,AA,AG,67,46,56,NC_000008.11,Mutation NB - Maternal Origin,Transition - Purine/Purine,Unsolved
121610875,rs10956050,AA,GG,AA,64,82,0,NC_000008.11,Mutation NB - Maternal Origin,Transition - Purine/Purine,G>A
122403088,rs10111034,CC,TT,CC,85,100,12,NC_000008.11,Mutation NB - Maternal Origin,Transition - Pyrimidine/Pyrimidine,T>C
122902162,rs58616953,TC,TT,CC,1,67,9,NC_000008.11,Mutation NB - Maternal Origin,Transition - Pyrimidine/Pyrimidine,T>C
123057314,rs12676466,TT,GG,TT,88,88,24,NC_000008.11,Mutation NB - Maternal Origin,Transversion - Purine/Pyrimidine,G>T
123853828,rs57649166,TT,TT,TC,46,100,99,NC_000008.11,Mutation NB - Paternal Origin,Transition - Pyrimidine/Pyrimidine,Unsolved
124087874,.,GG,GG,GA,85,58,59,NC_000008.11,Mutation NB - Maternal Origin,Transition - Purine/Purine,Unsolved
129471092,rs12543365,TT,CC,CC,49,79,30,NC_000008.11,Mutation NB - Paternal Origin,Transition - Pyrimidine/Pyrimidine,T>C
131472404,rs1818932965,CC,CC,CT,76,64,55,NC_000008.11,Mutation NB - Maternal Origin,Transition - Pyrimidine/Pyrimidine,Unsolved
131563906,rs72722502,CC,CT,TT,100,1,24,NC_000008.11,Mutation NB - Paternal Origin,Transition - Pyrimidine/Pyrimidine,C>T
134311681,rs995593981,AA,AA,AG,73,91,59,NC_000008.11,Mutation NB - Paternal Origin,Transition - Purine/Purine,Unsolved
135140508,rs1021061,CC,CC,AA,91,67,0,NC_000008.11,Mutation NB - Maternal Origin,Transversion - Purine/Pyrimidine,Unsolved
135299868,rs4500112,GG,GA,AA,100,9,33,NC_000008.11,Mutation NB - Paternal Origin,Transition - Purine/Purine,G>A
135690459,rs75855159,AA,CC,CC,82,76,18,NC_000008.11,Mutation NB - Paternal Origin,Transversion - Purine/Pyrimidine,A>C
135726290,rs6577664,CT,TT,CC,67,88,12,NC_000008.11,Mutation NB - Maternal Origin,Transition - Pyrimidine/Pyrimidine,T>C
135796237,.,AA,AA,AG,46,67,56,NC_000008.11,Mutation NB - Paternal Origin,Transition - Purine/Purine,Unsolved
137741366,rs13282127,CC,CC,CA,100,88,99,NC_000008.11,Mutation NB - Maternal Origin,Transversion - Purine/Pyrimidine,Unsolved
139016690,rs2318830,TC,CC,TT,1,88,0,NC_000008.11,Mutation NB - Maternal Origin,Transversion - Purine/Pyrimidine,C>T
139330281,rs3913641,TT,TT,CT,67,91,27,NC_000008.11,Mutation NB - Paternal Origin,Transition - Pyrimidine/Pyrimidine,Unsolved
140047286,rs4633040,TT,GG,GG,100,76,18,NC_000008.11,Mutation NB - Paternal Origin,Transversion - Purine/Pyrimidine,T>G
141062059,rs306966,AA,GG,GG,100,73,24,NC_000008.11,Mutation NB - Paternal Origin,Transition - Purine/Purine,A>G
141106043,rs925358,GG,GG,GA,88,100,59,NC_000008.11,Mutation NB - Paternal Origin,Transition - Purine/Purine,Unsolved
141212162,rs3824235,AA,AA,AG,100,91,72,NC_000008.11,Mutation NB - Maternal Origin,Transition - Purine/Purine,Unsolved
141238930,rs6981564,CC,CG,GG,100,32,15,NC_000008.11,Mutation NB - Paternal Origin,Transversion - Purine/Pyrimidine,C>G
141249128,rs11987243,CC,GG,GG,70,52,15,NC_000008.11,Mutation NB - Paternal Origin,Transversion - Purine/Pyrimidine,C>G
141493392,rs2246721,GG,GG,GA,88,88,99,NC_000008.11,Mutation NB - Paternal or Maternal,Transition - Purine/Purine,Unsolved
141493417,rs2246717,CC,TT,TT,88,88,51,NC_000008.11,Mutation NB - Paternal Origin,Transition - Pyrimidine/Pyrimidine,C>T
141515716,rs12681294,GG,GA,AA,100,83,15,NC_000008.11,Mutation NB - Paternal Origin,Transition - Purine/Purine,G>A
141564717,rs1301208254,TT,TT,TC,43,88,40,NC_000008.11,Mutation NB - Paternal Origin,Transition - Pyrimidine/Pyrimidine,Unsolved
141564734,.,AA,AA,AG,43,88,50,NC_000008.11,Mutation NB - Paternal Origin,Transition - Purine/Purine,Unsolved
141617848,.,AA,AA,AG,85,82,56,NC_000008.11,Mutation NB - Maternal Origin,Transition - Purine/Purine,Unsolved
141719676,rs12549250,GA,GG,AA,70,82,27,NC_000008.11,Mutation NB - Maternal Origin,Transition - Purine/Purine,G>A
142232793,rs4976977,TA,TT,AA,64,100,33,NC_000008.11,Mutation NB - Maternal Origin,Transversion - Purine/Pyrimidine,T>A
142361822,rs7007696,GC,GG,CC,67,85,15,NC_000008.11,Mutation NB - Maternal Origin,Transversion - Purine/Pyrimidine,G>C
142617038,rs1846321858,CC,CC,CT,85,91,62,NC_000008.11,Mutation NB - Paternal Origin,Transition - Pyrimidine/Pyrimidine,Unsolved
142641158,rs6984406,CC,CC,TC,82,79,99,NC_000008.11,Mutation NB - Maternal Origin,Transition - Pyrimidine/Pyrimidine,Unsolved
143179907,.,AA,AA,AG,79,70,47,NC_000008.11,Mutation NB - Maternal Origin,Transition - Purine/Purine,Unsolved
143333861,rs744113,GG,GG,GA,64,100,99,NC_000008.11,Mutation NB - Paternal Origin,Transition - Purine/Purine,Unsolved
143387854,rs62524013,TT,TT,TG,100,70,89,NC_000008.11,Mutation NB - Maternal Origin,Transition - Pyrimidine/Pyrimidine,Transversion - Purine/Pyrimidine,Unsolved
143421003,rs1487887,GA,GG,AA,1,79,5,NC_000008.11,Mutation NB - Maternal Origin,Transition - Purine/Purine,G>A
143509322,rs2924506,TT,TC,CC,91,1,18,NC_000008.11,Mutation NB - Paternal Origin,Transition - Pyrimidine/Pyrimidine,T>C
143867013,rs7839934,GC,GG,CC,14,61,9,NC_000008.11,Mutation NB - Maternal Origin,Transversion - Purine/Pyrimidine,G>C
143884807,rs61072241,CC,CC,CT,58,100,99,NC_000008.11,Mutation NB - Paternal Origin,Transition - Pyrimidine/Pyrimidine,Unsolved
144113900,rs77412513,GG,GG,GA,91,100,36,NC_000008.11,Mutation NB - Paternal Origin,Transition - Purine/Purine,Unsolved
144113921,rs7836836,CC,CC,TC,91,88,36,NC_000008.11,Mutation NB - Maternal Origin,Transition - Pyrimidine/Pyrimidine,Unsolved
2177170,rs16937852,CC,AA,AA,85,85,0,NC_000009.12,Mutation NB - Paternal Origin,Transversion - Purine/Pyrimidine,C>A
2314002,rs7019717,GG,GA,AA,100,2,27,NC_000009.12,Mutation NB - Paternal Origin,Transition - Purine/Purine,G>A
5112288,rs3780378,CC,CC,CT,91,100,68,NC_000009.12,Mutation NB - Paternal Origin,Transition - Pyrimidine/Pyrimidine,Unsolved
11462088,rs73393618,TT,CC,TT,34,91,45,NC_000009.12,Mutation NB - Maternal Origin,Transition - Pyrimidine/Pyrimidine,C>T
11928189,rs62550685,CC,TT,TT,46,85,0,NC_000009.12,Mutation NB - Paternal Origin,Transition - Pyrimidine/Pyrimidine,C>T
15645053,.,GG,GG,GA,79,70,47,NC_000009.12,Mutation NB - Maternal Origin,Transition - Purine/Purine,Unsolved
16147026,rs1854292,CC,CT,TT,100,29,21,NC_000009.12,Mutation NB - Paternal Origin,Transition - Pyrimidine/Pyrimidine,C>T
17293601,rs79901955,GG,CC,GG,64,76,78,NC_000009.12,Mutation NB - Maternal Origin,Transversion - Purine/Pyrimidine,C>G
19754436,rs1182679,CC,GG,GG,100,70,21,NC_000009.12,Mutation NB - Paternal Origin,Transversion - Purine/Pyrimidine,C>G
23219699,rs10811875,GG,GG,GA,100,67,99,NC_000009.12,Mutation NB - Maternal Origin,Transition - Purine/Purine,Unsolved
30550793,rs12552160,TA,TT,AA,1,100,12,NC_000009.12,Mutation NB - Maternal Origin,Transversion - Purine/Pyrimidine,T>A
30944562,.,TT,TT,TC,61,58,62,NC_000009.12,Mutation NB - Maternal Origin,Transition - Pyrimidine/Pyrimidine,Unsolved
34509686,rs72735254,TT,TT,TC,76,100,59,NC_000009.12,Mutation NB - Paternal Origin,Transition - Pyrimidine/Pyrimidine,Unsolved
35559216,rs2295842,CC,CC,CT,100,85,99,NC_000009.12,Mutation NB - Maternal Origin,Transition - Pyrimidine/Pyrimidine,Unsolved
35961033,.,TT,TT,TC,67,76,99,NC_000009.12,Mutation NB - Paternal Origin,Transition - Pyrimidine/Pyrimidine,Unsolved
36697517,.,AA,AA,AG,67,79,43,NC_000009.12,Mutation NB - Paternal Origin,Transition - Purine/Purine,Unsolved
36877228,rs62534679,GG,GG,GA,100,88,68,NC_000009.12,Mutation NB - Maternal Origin,Transition - Purine/Purine,Unsolved
65472080,rs878891645,TC,CC,TT,60,91,36,NC_000009.12,Mutation NB - Maternal Origin,Transversion - Purine/Pyrimidine,C>T
69184781,rs10114369,TA,AA,TT,1,91,0,NC_000009.12,Mutation NB - Maternal Origin,Transversion - Purine/Pyrimidine,A>T
71596175,rs34741734,TT,TT,TC,100,88,62,NC_000009.12,Mutation NB - Maternal Origin,Transition - Pyrimidine/Pyrimidine,Unsolved
72958676,rs11787668,AA,AC,CC,100,1,36,NC_000009.12,Mutation NB - Paternal Origin,Transversion - Purine/Pyrimidine,A>C
74683019,rs949424041,AA,AA,AG,67,67,39,NC_000009.12,Mutation NB - Paternal or Maternal,Transition - Purine/Purine,Unsolved
76523777,rs10735647,AA,GG,GG,58,82,0,NC_000009.12,Mutation NB - Paternal Origin,Transition - Purine/Purine,A>G
76890002,rs6560559,GG,TT,GG,91,88,0,NC_000009.12,Mutation NB - Maternal Origin,Transition - Purine/Purine,Transversion - Purine/Pyrimidine,T>G
78452878,rs7862432,TT,TT,TC,100,91,98,NC_000009.12,Mutation NB - Maternal Origin,Transition - Pyrimidine/Pyrimidine,Unsolved
79034200,.,AA,AA,AG,82,88,47,NC_000009.12,Mutation NB - Paternal Origin,Transition - Purine/Purine,Unsolved
85398043,rs79871104,TT,CC,TT,91,88,12,NC_000009.12,Mutation NB - Maternal Origin,Transition - Pyrimidine/Pyrimidine,C>T
87902779,rs2094930,CC,CC,CT,100,73,68,NC_000009.12,Mutation NB - Maternal Origin,Transition - Pyrimidine/Pyrimidine,Unsolved
88960436,rs13293480,GG,TT,GG,73,88,18,NC_000009.12,Mutation NB - Maternal Origin,Transition - Purine/Purine,Transversion - Purine/Pyrimidine,T>G
89362528,rs45440499,GG,CC,CC,88,91,9,NC_000009.12,Mutation NB - Paternal Origin,Transversion - Purine/Pyrimidine,G>C
89437199,rs36047156,AA,AA,AG,100,67,99,NC_000009.12,Mutation NB - Maternal Origin,Transition - Purine/Purine,Unsolved
89848095,.,TT,TT,TC,55,85,39,NC_000009.12,Mutation NB - Paternal Origin,Transition - Pyrimidine/Pyrimidine,Unsolved
89848892,rs1036765345,GG,GG,AG,91,91,61,NC_000009.12,Mutation NB - Paternal or Maternal,Transition - Purine/Purine,Unsolved
89848899,rs898144528,CC,CC,CG,88,100,68,NC_000009.12,Mutation NB - Paternal Origin,Transversion - Purine/Pyrimidine,Unsolved
90449772,rs886472894,TT,TT,TC,52,61,99,NC_000009.12,Mutation NB - Paternal Origin,Transition - Pyrimidine/Pyrimidine,Unsolved
91087495,rs12344046,GG,GA,AA,82,1,9,NC_000009.12,Mutation NB - Paternal Origin,Transition - Purine/Purine,G>A
91087528,rs12341726,TT,TC,CC,82,1,9,NC_000009.12,Mutation NB - Paternal Origin,Transition - Pyrimidine/Pyrimidine,T>C
91443611,rs10991934,CC,TT,TT,76,85,9,NC_000009.12,Mutation NB - Paternal Origin,Transition - Pyrimidine/Pyrimidine,C>T
91443617,rs10991935,CC,TT,TT,76,85,9,NC_000009.12,Mutation NB - Paternal Origin,Transition - Pyrimidine/Pyrimidine,C>T
92220944,.,AA,AA,AG,91,79,47,NC_000009.12,Mutation NB - Maternal Origin,Transition - Purine/Purine,Unsolved
92590879,rs76077716,CC,CC,CT,100,52,50,NC_000009.12,Mutation NB - Maternal Origin,Transition - Pyrimidine/Pyrimidine,Unsolved
92884838,rs12685086,TT,CC,TT,100,76,12,NC_000009.12,Mutation NB - Maternal Origin,Transition - Pyrimidine/Pyrimidine,C>T
93345891,rs7042763,CC,CC,CT,73,100,65,NC_000009.12,Mutation NB - Paternal Origin,Transition - Pyrimidine/Pyrimidine,Unsolved
93597365,.,AA,AA,AG,79,85,56,NC_000009.12,Mutation NB - Paternal Origin,Transition - Purine/Purine,Unsolved
93620217,.,AA,AA,AG,76,64,47,NC_000009.12,Mutation NB - Maternal Origin,Transition - Purine/Purine,Unsolved
93639843,.,AA,AA,AG,76,91,53,NC_000009.12,Mutation NB - Paternal Origin,Transition - Purine/Purine,Unsolved
93669538,rs3750361,CC,CC,CT,85,100,71,NC_000009.12,Mutation NB - Paternal Origin,Transition - Pyrimidine/Pyrimidine,Unsolved
93903485,rs1890379,AA,AG,GG,100,32,21,NC_000009.12,Mutation NB - Paternal Origin,Transition - Purine/Purine,A>G
93903530,rs1890380,GG,GA,AA,100,39,21,NC_000009.12,Mutation NB - Paternal Origin,Transition - Purine/Purine,G>A
93909893,rs7045700,AA,TT,AA,91,79,0,NC_000009.12,Mutation NB - Maternal Origin,Transversion - Purine/Pyrimidine,T>A
93920181,rs10821265,TT,AA,TT,73,98,60,NC_000009.12,Mutation NB - Maternal Origin,Transversion - Purine/Pyrimidine,A>T
94479699,rs9409773,CG,GG,CC,67,82,0,NC_000009.12,Mutation NB - Maternal Origin,Transversion - Purine/Pyrimidine,G>C
95303076,rs1886992,CC,TT,TT,76,82,0,NC_000009.12,Mutation NB - Paternal Origin,Transition - Pyrimidine/Pyrimidine,C>T
97320326,rs10759619,AG,AA,GG,1,67,12,NC_000009.12,Mutation NB - Maternal Origin,Transition - Purine/Purine,A>G
99580668,rs10988865,CC,TT,TT,91,82,9,NC_000009.12,Mutation NB - Paternal Origin,Transition - Pyrimidine/Pyrimidine,C>T
100753066,rs1856426,CC,TT,CC,73,73,0,NC_000009.12,Mutation NB - Maternal Origin,Transition - Pyrimidine/Pyrimidine,T>C
103150439,rs112395147,GG,CC,GG,85,88,21,NC_000009.12,Mutation NB - Maternal Origin,Transversion - Purine/Pyrimidine,C>G
103463642,.,GG,GG,GA,55,100,47,NC_000009.12,Mutation NB - Paternal Origin,Transition - Purine/Purine,Unsolved
108660048,rs2417917,TC,CC,TT,1,52,0,NC_000009.12,Mutation NB - Maternal Origin,Transversion - Purine/Pyrimidine,C>T
110300361,rs7851797,AA,GG,GG,82,73,27,NC_000009.12,Mutation NB - Paternal Origin,Transition - Purine/Purine,A>G
112993854,.,TT,TT,TC,58,52,40,NC_000009.12,Mutation NB - Maternal Origin,Transition - Pyrimidine/Pyrimidine,Unsolved
113909322,.,TT,TT,TC,67,67,61,NC_000009.12,Mutation NB - Paternal or Maternal,Transition - Pyrimidine/Pyrimidine,Unsolved
115087035,rs2992147,TT,TT,CC,82,88,15,NC_000009.12,Mutation NB - Paternal Origin,Transition - Pyrimidine/Pyrimidine,Unsolved
116748304,.,TT,TT,TC,73,91,43,NC_000009.12,Mutation NB - Paternal Origin,Transition - Pyrimidine/Pyrimidine,Unsolved
116865708,rs7862589,TT,CC,CC,73,82,0,NC_000009.12,Mutation NB - Paternal Origin,Transition - Pyrimidine/Pyrimidine,T>C
118191016,rs753093,CC,CC,CT,85,86,99,NC_000009.12,Mutation NB - Paternal Origin,Transition - Pyrimidine/Pyrimidine,Unsolved
118427817,rs17367380,TT,TT,TC,100,100,99,NC_000009.12,Mutation NB - Paternal or Maternal,Transition - Pyrimidine/Pyrimidine,Unsolved
119902930,rs7020938,CC,CC,CA,55,100,88,NC_000009.12,Mutation NB - Paternal Origin,Transversion - Purine/Pyrimidine,Unsolved
120080696,.,TT,TT,TC,79,82,53,NC_000009.12,Mutation NB - Paternal Origin,Transition - Pyrimidine/Pyrimidine,Unsolved
121476400,rs34212442,TT,TT,TC,88,100,99,NC_000009.12,Mutation NB - Paternal Origin,Transition - Pyrimidine/Pyrimidine,Unsolved
123127475,.,AA,AA,AG,82,85,59,NC_000009.12,Mutation NB - Paternal Origin,Transition - Purine/Purine,Unsolved
126275148,rs953003416,GG,GG,GT,82,100,44,NC_000009.12,Mutation NB - Paternal Origin,Transversion - Purine/Pyrimidine,Unsolved
127140903,rs1538502,CC,TT,CC,88,85,18,NC_000009.12,Mutation NB - Maternal Origin,Transition - Pyrimidine/Pyrimidine,T>C
127727279,rs472144,GG,AA,GG,85,100,27,NC_000009.12,Mutation NB - Maternal Origin,Transition - Purine/Purine,A>G
127825909,.,TT,TT,TC,64,70,62,NC_000009.12,Mutation NB - Paternal Origin,Transition - Pyrimidine/Pyrimidine,Unsolved
129141602,rs3124512,CC,TT,CC,79,58,0,NC_000009.12,Mutation NB - Maternal Origin,Transition - Pyrimidine/Pyrimidine,T>C
129514412,rs13301691,AA,GG,GG,67,70,0,NC_000009.12,Mutation NB - Paternal Origin,Transition - Purine/Purine,A>G
129752968,rs11792431,GG,GG,GA,70,100,99,NC_000009.12,Mutation NB - Paternal Origin,Transition - Purine/Purine,Unsolved
131839174,rs35009246,CC,CC,CT,88,76,20,NC_000009.12,Mutation NB - Maternal Origin,Transition - Pyrimidine/Pyrimidine,Unsolved
133835438,.,AA,AA,AG,77,73,48,NC_000009.12,Mutation NB - Maternal Origin,Transition - Purine/Purine,Unsolved
133942518,rs2519108,GG,AA,GG,91,67,24,NC_000009.12,Mutation NB - Maternal Origin,Transition - Purine/Purine,A>G
133959418,rs2789859,AA,AA,AC,100,88,99,NC_000009.12,Mutation NB - Maternal Origin,Transversion - Purine/Pyrimidine,Unsolved
133984478,.,TT,TT,TC,76,64,51,NC_000009.12,Mutation NB - Maternal Origin,Transition - Pyrimidine/Pyrimidine,Unsolved
134355500,rs62576323,CC,CC,CA,85,100,9,NC_000009.12,Mutation NB - Paternal Origin,Transversion - Purine/Pyrimidine,Unsolved
134634280,rs62571321,CC,CC,CA,55,100,99,NC_000009.12,Mutation NB - Paternal Origin,Transversion - Purine/Pyrimidine,Unsolved
134967697,rs144799926,AA,AA,AG,52,100,99,NC_000009.12,Mutation NB - Paternal Origin,Transition - Purine/Purine,Unsolved
134967810,rs10858306,AG,GG,AA,1,61,0,NC_000009.12,Mutation NB - Maternal Origin,Transition - Purine/Purine,G>A
135195814,rs10776938,GG,AA,AA,100,70,21,NC_000009.12,Mutation NB - Paternal Origin,Transition - Purine/Purine,G>A
135584858,.,AA,AA,AG,100,55,41,NC_000009.12,Mutation NB - Maternal Origin,Transition - Purine/Purine,Unsolved
135660056,rs538324,AA,GG,AA,43,100,66,NC_000009.12,Mutation NB - Maternal Origin,Transition - Purine/Purine,G>A
135994506,rs66659574,CC,TT,TT,91,79,9,NC_000009.12,Mutation NB - Paternal Origin,Transition - Pyrimidine/Pyrimidine,C>T
136433917,rs10781543,TC,TT,CC,44,88,12,NC_000009.12,Mutation NB - Maternal Origin,Transition - Pyrimidine/Pyrimidine,T>C
136806153,rs2811795,TC,TT,CC,28,100,21,NC_000009.12,Mutation NB - Maternal Origin,Transition - Pyrimidine/Pyrimidine,T>C
136951679,rs12551097,GG,TT,TT,91,91,6,NC_000009.12,Mutation NB - Paternal Origin,Transversion - Purine/Pyrimidine,G>T
137216790,rs11526462,CC,CC,CT,100,82,99,NC_000009.12,Mutation NB - Maternal Origin,Transition - Pyrimidine/Pyrimidine,Unsolved
137702727,rs12683637,CC,CC,CT,100,49,47,NC_000009.12,Mutation NB - Maternal Origin,Transition - Pyrimidine/Pyrimidine,Unsolved
137786337,rs7858355,CC,CT,TT,76,1,39,NC_000009.12,Mutation NB - Paternal Origin,Transition - Pyrimidine/Pyrimidine,C>T
713051,rs35743076,CC,CC,CT,100,79,99,NC_000010.11,Mutation NB - Maternal Origin,Transition - Pyrimidine/Pyrimidine,Unsolved
2939044,rs17281778,TT,TT,TC,91,88,71,NC_000010.11,Mutation NB - Maternal Origin,Transition - Pyrimidine/Pyrimidine,Unsolved
3793160,rs72771214,GG,GG,GA,100,85,68,NC_000010.11,Mutation NB - Maternal Origin,Transition - Purine/Purine,Unsolved
3845626,rs10904105,TT,CC,TT,67,100,30,NC_000010.11,Mutation NB - Maternal Origin,Transition - Pyrimidine/Pyrimidine,C>T
4032881,.,TT,TT,TC,52,49,44,NC_000010.11,Mutation NB - Maternal Origin,Transition - Pyrimidine/Pyrimidine,Unsolved
6152776,rs142414821,GG,GG,GA,73,100,27,NC_000010.11,Mutation NB - Paternal Origin,Transition - Purine/Purine,Unsolved
8121159,rs12218090,AA,GG,GG,88,73,24,NC_000010.11,Mutation NB - Paternal Origin,Transition - Purine/Purine,A>G
11925663,rs11257432,CC,TT,CC,52,82,12,NC_000010.11,Mutation NB - Maternal Origin,Transition - Pyrimidine/Pyrimidine,T>C
12573253,rs11257897,TT,TT,TC,100,64,99,NC_000010.11,Mutation NB - Maternal Origin,Transition - Pyrimidine/Pyrimidine,Unsolved
12647915,rs12780223,TT,CC,TT,67,55,0,NC_000010.11,Mutation NB - Maternal Origin,Transition - Pyrimidine/Pyrimidine,C>T
14090350,.,AA,AA,AG,82,70,56,NC_000010.11,Mutation NB - Maternal Origin,Transition - Purine/Purine,Unsolved
16176928,rs10904685,GG,AG,AA,88,35,42,NC_000010.11,Mutation NB - Paternal Origin,Transition - Purine/Purine,G>A
18460935,rs985523464,TT,TT,TC,64,100,52,NC_000010.11,Mutation NB - Paternal Origin,Transition - Pyrimidine/Pyrimidine,Unsolved
20339341,rs7913312,TT,CC,CC,73,76,0,NC_000010.11,Mutation NB - Paternal Origin,Transition - Pyrimidine/Pyrimidine,T>C
23438708,rs56951443,CC,CC,CT,100,67,99,NC_000010.11,Mutation NB - Maternal Origin,Transition - Pyrimidine/Pyrimidine,Unsolved
23660668,.,AA,AA,AG,64,73,56,NC_000010.11,Mutation NB - Paternal Origin,Transition - Purine/Purine,Unsolved
24211903,rs11013972,AA,GG,GG,100,79,15,NC_000010.11,Mutation NB - Paternal Origin,Transition - Purine/Purine,A>G
24796218,rs115941840,TT,TC,CC,76,69,12,NC_000010.11,Mutation NB - Paternal Origin,Transition - Pyrimidine/Pyrimidine,T>C
24886787,rs12262875,AG,AA,GG,1,100,33,NC_000010.11,Mutation NB - Maternal Origin,Transition - Purine/Purine,A>G
25904814,rs10828905,GG,CC,GG,82,91,0,NC_000010.11,Mutation NB - Maternal Origin,Transversion - Purine/Pyrimidine,C>G
26252355,rs10828964,CC,CC,CT,64,100,79,NC_000010.11,Mutation NB - Paternal Origin,Transition - Pyrimidine/Pyrimidine,Unsolved
26906891,rs117881197,CC,TT,TT,73,91,57,NC_000010.11,Mutation NB - Paternal Origin,Transition - Pyrimidine/Pyrimidine,C>T
27252095,rs502416,AA,CC,CC,88,70,24,NC_000010.11,Mutation NB - Paternal Origin,Transversion - Purine/Pyrimidine,A>C
27899359,rs59088367,AA,AA,AG,91,100,33,NC_000010.11,Mutation NB - Paternal Origin,Transition - Purine/Purine,Unsolved
29775437,rs75853528,AA,AG,GG,88,73,21,NC_000010.11,Mutation NB - Paternal Origin,Transition - Purine/Purine,A>G
29802894,rs3006561,GG,TT,GG,92,91,36,NC_000010.11,Mutation NB - Maternal Origin,Transition - Purine/Purine,Transversion - Purine/Pyrimidine,T>G
30753323,.,TT,TT,TC,61,70,47,NC_000010.11,Mutation NB - Paternal Origin,Transition - Pyrimidine/Pyrimidine,Unsolved
31135515,rs1250301,GG,AA,GG,88,67,12,NC_000010.11,Mutation NB - Maternal Origin,Transition - Purine/Purine,A>G
32972490,rs2457705,AA,GA,GG,82,29,0,NC_000010.11,Mutation NB - Paternal Origin,Transition - Purine/Purine,A>G
33581728,rs61843622,AA,CC,CC,91,85,18,NC_000010.11,Mutation NB - Paternal Origin,Transversion - Purine/Pyrimidine,A>C
35117213,rs1371362880,TT,TT,TC,61,76,59,NC_000010.11,Mutation NB - Paternal Origin,Transition - Pyrimidine/Pyrimidine,Unsolved
36612700,rs4595494,AA,AA,AG,58,100,99,NC_000010.11,Mutation NB - Paternal Origin,Transition - Purine/Purine,Unsolved
36612712,rs3003643,AA,AA,GA,59,88,88,NC_000010.11,Mutation NB - Paternal Origin,Transition - Purine/Purine,Unsolved
36749361,rs12250434,CC,TT,CC,64,88,45,NC_000010.11,Mutation NB - Maternal Origin,Transition - Pyrimidine/Pyrimidine,T>C
37678075,.,TT,TT,TC,64,55,47,NC_000010.11,Mutation NB - Maternal Origin,Transition - Pyrimidine/Pyrimidine,Unsolved
42367761,rs142355150,CC,CC,CT,49,52,30,NC_000010.11,Mutation NB - Paternal Origin,Transition - Pyrimidine/Pyrimidine,Unsolved
42872337,rs2744075,CC,GG,GG,100,85,14,NC_000010.11,Mutation NB - Paternal Origin,Transversion - Purine/Pyrimidine,C>G
44363991,rs17156193,AA,AA,AG,85,100,30,NC_000010.11,Mutation NB - Paternal Origin,Transition - Purine/Purine,Unsolved
44667718,rs35980365,CC,CC,CG,100,64,65,NC_000010.11,Mutation NB - Maternal Origin,Transversion - Purine/Pyrimidine,Unsolved
47287689,rs2060958189,AA,AA,AG,64,55,41,NC_000010.11,Mutation NB - Maternal Origin,Transition - Purine/Purine,Unsolved
51879561,rs7914384,CC,CC,CT,100,73,37,NC_000010.11,Mutation NB - Maternal Origin,Transition - Pyrimidine/Pyrimidine,Unsolved
61474230,rs10994777,GG,GG,GA,52,100,99,NC_000010.11,Mutation NB - Paternal Origin,Transition - Purine/Purine,Unsolved
62762354,rs224033,CG,CC,GG,1,85,11,NC_000010.11,Mutation NB - Maternal Origin,Transversion - Purine/Pyrimidine,C>G
64441693,.,AA,AA,AG,70,61,40,NC_000010.11,Mutation NB - Maternal Origin,Transition - Purine/Purine,Unsolved
65429481,rs74584933,CC,CC,CT,58,100,99,NC_000010.11,Mutation NB - Paternal Origin,Transition - Pyrimidine/Pyrimidine,Unsolved
69652145,rs10998895,GG,GG,GA,100,76,24,NC_000010.11,Mutation NB - Maternal Origin,Transition - Purine/Purine,Unsolved
70321267,rs10762364,GG,GA,AA,88,67,21,NC_000010.11,Mutation NB - Paternal Origin,Transition - Purine/Purine,G>A
70623026,rs72813241,GG,GG,GA,85,100,99,NC_000010.11,Mutation NB - Paternal Origin,Transition - Purine/Purine,Unsolved
70623041,rs2894127,GG,AA,GG,85,79,24,NC_000010.11,Mutation NB - Maternal Origin,Transition - Purine/Purine,A>G
71076607,.,AA,AA,AG,73,70,39,NC_000010.11,Mutation NB - Maternal Origin,Transition - Purine/Purine,Unsolved
71369712,rs780693,CT,TT,CC,67,85,0,NC_000010.11,Mutation NB - Maternal Origin,Transition - Pyrimidine/Pyrimidine,T>C
71554599,rs55747027,TT,TT,TC,55,100,92,NC_000010.11,Mutation NB - Paternal Origin,Transition - Pyrimidine/Pyrimidine,Unsolved
71699716,rs79329550,AG,AA,GG,3,73,9,NC_000010.11,Mutation NB - Maternal Origin,Transition - Purine/Purine,A>G
71699738,rs12779718,AT,TT,AA,3,73,9,NC_000010.11,Mutation NB - Maternal Origin,Transversion - Purine/Pyrimidine,T>A
74743935,rs946183,GG,GG,CG,85,88,53,NC_000010.11,Mutation NB - Paternal Origin,Transition - Purine/Purine,Transversion - Purine/Pyrimidine,Unsolved
79412377,rs114555519,AA,GG,GG,88,79,24,NC_000010.11,Mutation NB - Paternal Origin,Transition - Purine/Purine,A>G
80172024,rs11201966,TT,TT,TC,100,85,50,NC_000010.11,Mutation NB - Maternal Origin,Transition - Pyrimidine/Pyrimidine,Unsolved
80696567,rs9421683,TT,GG,GG,67,67,42,NC_000010.11,Mutation NB - Paternal Origin,Transversion - Purine/Pyrimidine,T>G
81082533,.,CC,CC,CG,82,91,50,NC_000010.11,Mutation NB - Paternal Origin,Transversion - Purine/Pyrimidine,Unsolved
82473145,.,AA,AA,AG,46,61,39,NC_000010.11,Mutation NB - Paternal Origin,Transition - Purine/Purine,Unsolved
82743126,rs1002482104,CC,CC,CT,85,55,59,NC_000010.11,Mutation NB - Maternal Origin,Transition - Pyrimidine/Pyrimidine,Unsolved
83313103,rs17289711,GG,GG,GA,100,76,12,NC_000010.11,Mutation NB - Maternal Origin,Transition - Purine/Purine,Unsolved
84889891,rs12767486,CC,TT,CC,88,82,9,NC_000010.11,Mutation NB - Maternal Origin,Transition - Pyrimidine/Pyrimidine,T>C
85107270,rs12774000,TT,CC,CC,82,79,0,NC_000010.11,Mutation NB - Paternal Origin,Transition - Pyrimidine/Pyrimidine,T>C
85600936,rs3812654,TT,TT,TC,79,79,99,NC_000010.11,Mutation NB - Paternal or Maternal,Transition - Pyrimidine/Pyrimidine,Unsolved
90332453,.,TT,TT,TC,67,67,53,NC_000010.11,Mutation NB - Paternal or Maternal,Transition - Pyrimidine/Pyrimidine,Unsolved
90545268,rs17097139,AG,AA,GG,67,85,12,NC_000010.11,Mutation NB - Maternal Origin,Transition - Purine/Purine,A>G
92403800,rs12220376,TT,TT,CC,100,100,12,NC_000010.11,Mutation NB - Paternal or Maternal,Transition - Pyrimidine/Pyrimidine,Unsolved
92405343,.,TT,TT,TC,61,61,89,NC_000010.11,Mutation NB - Paternal or Maternal,Transition - Pyrimidine/Pyrimidine,Unsolved
92876610,rs1409387,AA,AA,GA,79,73,21,NC_000010.11,Mutation NB - Maternal Origin,Transition - Purine/Purine,Unsolved
95616339,rs749049,AT,AA,TT,1,100,21,NC_000010.11,Mutation NB - Maternal Origin,Transversion - Purine/Pyrimidine,A>T
95616358,rs749050,GG,GG,GA,67,100,99,NC_000010.11,Mutation NB - Paternal Origin,Transition - Purine/Purine,Unsolved
96228112,rs11188671,TT,GG,GG,85,100,0,NC_000010.11,Mutation NB - Paternal Origin,Transversion - Purine/Pyrimidine,T>G
96249799,rs73318815,AA,AA,AG,91,76,99,NC_000010.11,Mutation NB - Maternal Origin,Transition - Purine/Purine,Unsolved
97197673,rs12098374,AA,GG,AA,100,88,0,NC_000010.11,Mutation NB - Maternal Origin,Transition - Purine/Purine,G>A
97605362,rs4919116,GT,TT,GG,1,79,21,NC_000010.11,Mutation NB - Maternal Origin,Transversion - Purine/Pyrimidine,T>G
98124790,rs4098026,TT,CT,CC,79,1,0,NC_000010.11,Mutation NB - Paternal Origin,Transition - Pyrimidine/Pyrimidine,T>C
98396170,rs7924209,TT,CC,TT,85,82,0,NC_000010.11,Mutation NB - Maternal Origin,Transition - Pyrimidine/Pyrimidine,C>T
98396171,rs12265561,GG,TT,GG,85,82,0,NC_000010.11,Mutation NB - Maternal Origin,Transition - Purine/Purine,Transversion - Purine/Pyrimidine,T>G
98396206,rs7924303,TT,CC,TT,85,85,0,NC_000010.11,Mutation NB - Maternal Origin,Transition - Pyrimidine/Pyrimidine,C>T
99456458,.,AA,AA,AG,64,64,53,NC_000010.11,Mutation NB - Paternal or Maternal,Transition - Purine/Purine,Unsolved
99760344,.,CC,CC,CA,73,76,64,NC_000010.11,Mutation NB - Paternal Origin,Transversion - Purine/Pyrimidine,Unsolved
100128273,.,AA,AA,AG,40,76,47,NC_000010.11,Mutation NB - Paternal Origin,Transition - Purine/Purine,Unsolved
100759906,.,GG,GG,GC,67,85,62,NC_000010.11,Mutation NB - Paternal Origin,Transition - Purine/Purine,Transversion - Purine/Pyrimidine,Unsolved
100868348,rs61873511,AA,GG,AA,85,91,15,NC_000010.11,Mutation NB - Maternal Origin,Transition - Purine/Purine,G>A
100984457,rs2295716,TT,TT,TC,52,100,99,NC_000010.11,Mutation NB - Paternal Origin,Transition - Pyrimidine/Pyrimidine,Unsolved
101022552,rs12265408,AA,AA,AC,100,76,99,NC_000010.11,Mutation NB - Maternal Origin,Transversion - Purine/Pyrimidine,Unsolved
101124838,rs72842066,AA,GG,GG,82,91,0,NC_000010.11,Mutation NB - Paternal Origin,Transition - Purine/Purine,A>G
101272679,rs7067714,AG,AA,GG,41,100,24,NC_000010.11,Mutation NB - Maternal Origin,Transition - Purine/Purine,A>G
102141092,rs1008834200,GG,GG,GA,88,67,62,NC_000010.11,Mutation NB - Maternal Origin,Transition - Purine/Purine,Unsolved
103259677,.,TT,TT,TC,88,91,71,NC_000010.11,Mutation NB - Paternal Origin,Transition - Pyrimidine/Pyrimidine,Unsolved
104333437,.,CC,CC,CT,64,49,41,NC_000010.11,Mutation NB - Maternal Origin,Transition - Pyrimidine/Pyrimidine,Unsolved
106181746,rs1974177,GG,TG,TT,82,1,36,NC_000010.11,Mutation NB - Paternal Origin,Transversion - Purine/Pyrimidine,G>T
107479870,rs1660994,AA,GG,GG,100,91,12,NC_000010.11,Mutation NB - Paternal Origin,Transition - Purine/Purine,A>G
111043795,rs12258881,CC,CC,CT,73,100,55,NC_000010.11,Mutation NB - Paternal Origin,Transition - Pyrimidine/Pyrimidine,Unsolved
111468137,rs3125480,TT,TT,TC,46,88,99,NC_000010.11,Mutation NB - Paternal Origin,Transition - Pyrimidine/Pyrimidine,Unsolved
111649906,.,AA,AA,AG,76,91,65,NC_000010.11,Mutation NB - Paternal Origin,Transition - Purine/Purine,Unsolved
111649930,.,TT,TT,TC,58,82,58,NC_000010.11,Mutation NB - Paternal Origin,Transition - Pyrimidine/Pyrimidine,Unsolved
113961827,.,TT,TT,TC,52,73,44,NC_000010.11,Mutation NB - Paternal Origin,Transition - Pyrimidine/Pyrimidine,Unsolved
117213029,rs2532816,GG,GG,AG,91,64,99,NC_000010.11,Mutation NB - Maternal Origin,Transition - Purine/Purine,Unsolved
117470229,rs74162318,CC,AA,AA,73,91,0,NC_000010.11,Mutation NB - Paternal Origin,Transversion - Purine/Pyrimidine,C>A
118965701,rs11815594,GG,GG,GA,70,100,56,NC_000010.11,Mutation NB - Paternal Origin,Transition - Purine/Purine,Unsolved
119003615,rs690987,GG,GG,GA,91,82,59,NC_000010.11,Mutation NB - Maternal Origin,Transition - Purine/Purine,Unsolved
119448393,rs12721554,CC,CC,CT,82,100,99,NC_000010.11,Mutation NB - Paternal Origin,Transition - Pyrimidine/Pyrimidine,Unsolved
119672928,rs2072361,CC,AA,AA,73,88,12,NC_000010.11,Mutation NB - Paternal Origin,Transversion - Purine/Pyrimidine,C>A
121613547,rs11200034,GG,GG,AG,91,85,61,NC_000010.11,Mutation NB - Maternal Origin,Transition - Purine/Purine,Unsolved
121756484,rs2936876,TG,GG,TT,11,67,12,NC_000010.11,Mutation NB - Maternal Origin,Transversion - Purine/Pyrimidine,G>T
123559200,rs35428196,GG,GG,GA,100,73,99,NC_000010.11,Mutation NB - Maternal Origin,Transition - Purine/Purine,Unsolved
124094539,rs28517851,TT,CC,TT,85,91,12,NC_000010.11,Mutation NB - Maternal Origin,Transition - Pyrimidine/Pyrimidine,C>T
124593322,rs11245306,AC,CC,AA,76,76,18,NC_000010.11,Mutation NB - Maternal Origin,Transversion - Purine/Pyrimidine,C>A
126083760,rs1278348,CC,TT,CC,91,100,12,NC_000010.11,Mutation NB - Maternal Origin,Transition - Pyrimidine/Pyrimidine,T>C
126187750,.,AA,AA,AG,85,88,56,NC_000010.11,Mutation NB - Paternal Origin,Transition - Purine/Purine,Unsolved
127590729,rs7094561,AA,GG,GG,43,49,0,NC_000010.11,Mutation NB - Paternal Origin,Transition - Purine/Purine,A>G
128177799,.,TT,TT,TC,85,91,98,NC_000010.11,Mutation NB - Paternal Origin,Transition - Pyrimidine/Pyrimidine,Unsolved
128480097,rs34442194,CC,AA,CC,88,100,27,NC_000010.11,Mutation NB - Maternal Origin,Transversion - Purine/Pyrimidine,A>C
128781043,rs630558,TC,CC,TT,1,64,15,NC_000010.11,Mutation NB - Maternal Origin,Transversion - Purine/Pyrimidine,C>T
129340348,rs11016765,GG,GA,AA,100,38,12,NC_000010.11,Mutation NB - Paternal Origin,Transition - Purine/Purine,G>A
130467359,rs12569740,GG,GG,GT,100,91,28,NC_000010.11,Mutation NB - Maternal Origin,Transversion - Purine/Pyrimidine,Unsolved
130914934,.,CC,CC,CT,55,61,47,NC_000010.11,Mutation NB - Paternal Origin,Transition - Pyrimidine/Pyrimidine,Unsolved
130970213,rs77943581,AA,CC,CC,79,67,15,NC_000010.11,Mutation NB - Paternal Origin,Transversion - Purine/Pyrimidine,A>C
131109947,rs4418720,TT,CC,TT,70,88,15,NC_000010.11,Mutation NB - Maternal Origin,Transition - Pyrimidine/Pyrimidine,C>T
131125618,rs10829907,AA,GG,GG,100,70,33,NC_000010.11,Mutation NB - Paternal Origin,Transition - Purine/Purine,A>G
131220559,rs68190156,CG,CC,GG,67,85,15,NC_000010.11,Mutation NB - Maternal Origin,Transversion - Purine/Pyrimidine,C>G
131529769,rs10734106,AA,AA,GA,55,74,3,NC_000010.11,Mutation NB - Paternal Origin,Transition - Purine/Purine,Unsolved
131587510,rs1013255282,CC,CC,CT,64,88,99,NC_000010.11,Mutation NB - Paternal Origin,Transition - Pyrimidine/Pyrimidine,Unsolved
131691730,rs57628098,GG,CC,CC,91,82,24,NC_000010.11,Mutation NB - Paternal Origin,Transversion - Purine/Pyrimidine,G>C
131744589,rs4897733,GG,GA,AA,49,1,15,NC_000010.11,Mutation NB - Paternal Origin,Transition - Purine/Purine,G>A
131745324,rs4387284,TT,TT,TG,89,100,99,NC_000010.11,Mutation NB - Paternal Origin,Transition - Pyrimidine/Pyrimidine,Transversion - Purine/Pyrimidine,Unsolved
132163346,rs772500532,TT,TT,TC,79,46,65,NC_000010.11,Mutation NB - Maternal Origin,Transition - Pyrimidine/Pyrimidine,Unsolved
133161608,rs12769572,GG,AA,AA,85,64,0,NC_000010.11,Mutation NB - Paternal Origin,Transition - Purine/Purine,G>A
441806,rs10794325,CC,AA,AA,91,79,9,NC_000011.10,Mutation NB - Paternal Origin,Transversion - Purine/Pyrimidine,C>A
1232808,rs11026355,GG,GG,AA,91,100,12,NC_000011.10,Mutation NB - Paternal Origin,Transition - Purine/Purine,Unsolved
1251628,rs4963059,CT,CC,TT,1,100,54,NC_000011.10,Mutation NB - Maternal Origin,Transversion - Purine/Pyrimidine,C>T
1424005,rs1109746,CC,TC,TT,61,1,0,NC_000011.10,Mutation NB - Paternal Origin,Transition - Pyrimidine/Pyrimidine,C>T
3672224,.,TT,TT,TC,55,49,41,NC_000011.10,Mutation NB - Maternal Origin,Transition - Pyrimidine/Pyrimidine,Unsolved
9095289,rs7949022,GG,AA,GG,73,46,0,NC_000011.10,Mutation NB - Maternal Origin,Transition - Purine/Purine,A>G
9552001,rs183318324,TT,TT,TA,79,91,68,NC_000011.10,Mutation NB - Paternal Origin,Transition - Pyrimidine/Pyrimidine,Transversion - Purine/Pyrimidine,Unsolved
10715746,rs28620710,CC,CC,CT,82,85,99,NC_000011.10,Mutation NB - Paternal Origin,Transition - Pyrimidine/Pyrimidine,Unsolved
10715755,rs28725289,CC,CC,CG,100,85,99,NC_000011.10,Mutation NB - Maternal Origin,Transversion - Purine/Pyrimidine,Unsolved
11162721,rs10840591,AG,AA,GG,55,85,27,NC_000011.10,Mutation NB - Maternal Origin,Transition - Purine/Purine,A>G
11673336,.,CC,CC,CT,52,55,44,NC_000011.10,Mutation NB - Paternal Origin,Transition - Pyrimidine/Pyrimidine,Unsolved
15427505,rs4757318,GG,AA,AA,55,76,27,NC_000011.10,Mutation NB - Paternal Origin,Transition - Purine/Purine,G>A
16495112,rs56225716,TT,CC,CC,88,100,21,NC_000011.10,Mutation NB - Paternal Origin,Transition - Pyrimidine/Pyrimidine,T>C
17432179,.,AA,AA,AG,76,91,45,NC_000011.10,Mutation NB - Paternal Origin,Transition - Purine/Purine,Unsolved
17473633,rs2283254,AA,GG,GG,88,76,0,NC_000011.10,Mutation NB - Paternal Origin,Transition - Purine/Purine,A>G
17816701,rs2237943,TT,CC,CC,100,88,15,NC_000011.10,Mutation NB - Paternal Origin,Transition - Pyrimidine/Pyrimidine,T>C
18897725,rs11024869,GG,AG,AA,88,1,21,NC_000011.10,Mutation NB - Paternal Origin,Transition - Purine/Purine,G>A
18897766,rs11024870,CC,CC,CT,88,67,24,NC_000011.10,Mutation NB - Maternal Origin,Transition - Pyrimidine/Pyrimidine,Unsolved
19029828,.,AA,AA,AG,70,64,68,NC_000011.10,Mutation NB - Maternal Origin,Transition - Purine/Purine,Unsolved
19464218,.,AA,AA,AG,79,70,41,NC_000011.10,Mutation NB - Maternal Origin,Transition - Purine/Purine,Unsolved
23942356,rs7937620,TT,CC,TT,73,88,12,NC_000011.10,Mutation NB - Maternal Origin,Transition - Pyrimidine/Pyrimidine,C>T
25323072,rs1593419,GG,AA,GG,88,79,9,NC_000011.10,Mutation NB - Maternal Origin,Transition - Purine/Purine,A>G
25323151,.,AA,AA,AC,31,82,51,NC_000011.10,Mutation NB - Paternal Origin,Transversion - Purine/Pyrimidine,Unsolved
25351418,rs2896741,CC,TT,CC,79,100,33,NC_000011.10,Mutation NB - Maternal Origin,Transition - Pyrimidine/Pyrimidine,T>C
26488680,.,AA,AA,AG,91,85,65,NC_000011.10,Mutation NB - Maternal Origin,Transition - Purine/Purine,Unsolved
27321693,rs12293001,GG,GG,GT,46,100,98,NC_000011.10,Mutation NB - Paternal Origin,Transversion - Purine/Pyrimidine,Unsolved
31905143,rs631874,GG,GG,GA,100,82,30,NC_000011.10,Mutation NB - Maternal Origin,Transition - Purine/Purine,Unsolved
32459900,rs12276484,GG,GG,GA,64,100,58,NC_000011.10,Mutation NB - Paternal Origin,Transition - Purine/Purine,Unsolved
33392724,rs16924272,GG,AA,GG,76,67,0,NC_000011.10,Mutation NB - Maternal Origin,Transition - Purine/Purine,A>G
33536892,rs2179796,CC,CC,CT,100,73,99,NC_000011.10,Mutation NB - Maternal Origin,Transition - Pyrimidine/Pyrimidine,Unsolved
34438994,rs1049982,CC,TT,CC,85,82,12,NC_000011.10,Mutation NB - Maternal Origin,Transition - Pyrimidine/Pyrimidine,T>C
35682229,rs600797,CC,TT,CC,88,64,12,NC_000011.10,Mutation NB - Maternal Origin,Transition - Pyrimidine/Pyrimidine,T>C
35978297,rs112855093,CC,CC,CG,79,100,65,NC_000011.10,Mutation NB - Paternal Origin,Transversion - Purine/Pyrimidine,Unsolved
36581515,rs73455517,AA,AA,AC,82,88,65,NC_000011.10,Mutation NB - Paternal Origin,Transversion - Purine/Pyrimidine,Unsolved
44615283,rs2303865,GG,GG,GA,67,100,99,NC_000011.10,Mutation NB - Paternal Origin,Transition - Purine/Purine,Unsolved
45524088,.,CC,CC,CA,64,98,45,NC_000011.10,Mutation NB - Paternal Origin,Transversion - Purine/Pyrimidine,Unsolved
46943975,rs11039033,CC,CC,CT,100,100,99,NC_000011.10,Mutation NB - Paternal or Maternal,Transition - Pyrimidine/Pyrimidine,Unsolved
47271903,.,AA,AA,AG,91,91,65,NC_000011.10,Mutation NB - Paternal or Maternal,Transition - Purine/Purine,Unsolved
47923993,rs111774887,CC,TT,CC,91,82,9,NC_000011.10,Mutation NB - Maternal Origin,Transition - Pyrimidine/Pyrimidine,T>C
47924010,rs969894000,AA,AA,AT,100,100,59,NC_000011.10,Mutation NB - Paternal or Maternal,Transversion - Purine/Pyrimidine,Unsolved
47924027,rs2930189,AA,GG,AA,91,100,24,NC_000011.10,Mutation NB - Maternal Origin,Transition - Purine/Purine,G>A
56569833,rs1945261,AA,GG,GG,100,88,33,NC_000011.10,Mutation NB - Paternal Origin,Transition - Purine/Purine,A>G
60498874,rs10792279,TG,TT,GG,1,55,11,NC_000011.10,Mutation NB - Maternal Origin,Transversion - Purine/Pyrimidine,T>G
60859758,rs1789780,GG,GA,AA,100,1,45,NC_000011.10,Mutation NB - Paternal Origin,Transition - Purine/Purine,G>A
61800281,rs174544,CC,CA,AA,100,1,27,NC_000011.10,Mutation NB - Paternal Origin,Transversion - Purine/Pyrimidine,C>A
62934016,rs147286810,TT,TT,TA,100,61,62,NC_000011.10,Mutation NB - Maternal Origin,Transition - Pyrimidine/Pyrimidine,Transversion - Purine/Pyrimidine,Unsolved
64210475,rs80280955,CC,CC,CT,85,100,27,NC_000011.10,Mutation NB - Paternal Origin,Transition - Pyrimidine/Pyrimidine,Unsolved
65857091,rs667555,CC,AA,CC,49,100,39,NC_000011.10,Mutation NB - Maternal Origin,Transversion - Purine/Pyrimidine,A>C
65965818,rs556643,GG,GG,GA,73,100,99,NC_000011.10,Mutation NB - Paternal Origin,Transition - Purine/Purine,Unsolved
66692898,.,AA,AA,AT,76,82,43,NC_000011.10,Mutation NB - Paternal Origin,Transversion - Purine/Pyrimidine,Unsolved
66859691,.,TT,TT,TC,85,64,50,NC_000011.10,Mutation NB - Maternal Origin,Transition - Pyrimidine/Pyrimidine,Unsolved
68351587,rs91285,AA,CC,AA,76,79,0,NC_000011.10,Mutation NB - Maternal Origin,Transversion - Purine/Pyrimidine,C>A
68375274,rs665508,AA,GG,AA,91,100,24,NC_000011.10,Mutation NB - Maternal Origin,Transition - Purine/Purine,G>A
68737439,rs7103131,TT,CC,CC,70,70,0,NC_000011.10,Mutation NB - Paternal Origin,Transition - Pyrimidine/Pyrimidine,T>C
68931528,rs513476,TT,CC,TT,91,91,9,NC_000011.10,Mutation NB - Maternal Origin,Transition - Pyrimidine/Pyrimidine,C>T
69053101,rs10792012,CC,TT,TT,85,76,0,NC_000011.10,Mutation NB - Paternal Origin,Transition - Pyrimidine/Pyrimidine,C>T
69348393,rs4357716,CC,CT,TT,100,2,15,NC_000011.10,Mutation NB - Paternal Origin,Transition - Pyrimidine/Pyrimidine,C>T
69719105,rs73526337,CC,GG,CC,61,88,18,NC_000011.10,Mutation NB - Maternal Origin,Transversion - Purine/Pyrimidine,G>C
69781574,rs4084128,CC,CC,CT,100,61,95,NC_000011.10,Mutation NB - Maternal Origin,Transition - Pyrimidine/Pyrimidine,Unsolved
69796606,rs10908224,CC,CC,CT,100,73,98,NC_000011.10,Mutation NB - Maternal Origin,Transition - Pyrimidine/Pyrimidine,Unsolved
70798734,rs11237534,CC,CT,TT,100,67,15,NC_000011.10,Mutation NB - Paternal Origin,Transition - Pyrimidine/Pyrimidine,C>T
71357853,rs148179164,GG,GG,GA,67,100,53,NC_000011.10,Mutation NB - Paternal Origin,Transition - Purine/Purine,Unsolved
71473452,rs2276358,AA,GG,AA,40,85,33,NC_000011.10,Mutation NB - Maternal Origin,Transition - Purine/Purine,G>A
71840084,rs7932698,AC,AA,CC,6,100,36,NC_000011.10,Mutation NB - Maternal Origin,A>C
72657898,rs1339292829,AA,AA,AG,88,46,53,NC_000011.10,Mutation NB - Maternal Origin,Transition - Purine/Purine,Unsolved
73155414,rs78304175,GG,AA,GG,85,85,21,NC_000011.10,Mutation NB - Maternal Origin,Transition - Purine/Purine,A>G
74827123,rs112233760,CT,CC,TT,70,85,30,NC_000011.10,Mutation NB - Maternal Origin,Transversion - Purine/Pyrimidine,C>T
75678446,rs11236485,CC,GG,GG,100,91,9,NC_000011.10,Mutation NB - Paternal Origin,Transversion - Purine/Pyrimidine,C>G
76251068,rs9988835,TT,CC,TT,79,88,0,NC_000011.10,Mutation NB - Maternal Origin,Transition - Pyrimidine/Pyrimidine,C>T
76687444,rs79448248,CC,CC,CT,64,100,99,NC_000011.10,Mutation NB - Paternal Origin,Transition - Pyrimidine/Pyrimidine,Unsolved
79282537,rs147256135,CC,CC,CT,100,91,24,NC_000011.10,Mutation NB - Maternal Origin,Transition - Pyrimidine/Pyrimidine,Unsolved
79295447,rs56680264,CT,TT,CC,1,52,0,NC_000011.10,Mutation NB - Maternal Origin,Transition - Pyrimidine/Pyrimidine,T>C
79298757,rs61885383,GG,GG,GA,88,100,65,NC_000011.10,Mutation NB - Paternal Origin,Transition - Purine/Purine,Unsolved
81341259,rs10897796,TT,CC,TT,55,91,33,NC_000011.10,Mutation NB - Maternal Origin,Transition - Pyrimidine/Pyrimidine,C>T
86645084,rs7103556,CC,TT,CC,88,85,18,NC_000011.10,Mutation NB - Maternal Origin,Transition - Pyrimidine/Pyrimidine,T>C
88434257,.,CC,CC,CT,31,82,86,NC_000011.10,Mutation NB - Paternal Origin,Transition - Pyrimidine/Pyrimidine,Unsolved
88748477,.,TT,TT,TC,25,76,45,NC_000011.10,Mutation NB - Paternal Origin,Transition - Pyrimidine/Pyrimidine,Unsolved
98910412,rs1813480,TT,CC,TT,88,91,27,NC_000011.10,Mutation NB - Maternal Origin,Transition - Pyrimidine/Pyrimidine,C>T
99142812,rs11218540,AA,AA,AC,64,100,99,NC_000011.10,Mutation NB - Paternal Origin,Transversion - Purine/Pyrimidine,Unsolved
99142826,rs1940502,GG,CC,GG,64,88,21,NC_000011.10,Mutation NB - Maternal Origin,Transversion - Purine/Pyrimidine,C>G
99801086,rs1218992,GG,AA,GG,79,85,9,NC_000011.10,Mutation NB - Maternal Origin,Transition - Purine/Purine,A>G
100040317,rs770591,CC,CC,CT,88,82,65,NC_000011.10,Mutation NB - Maternal Origin,Transition - Pyrimidine/Pyrimidine,Unsolved
101231841,rs7104105,TT,CC,CC,100,73,27,NC_000011.10,Mutation NB - Paternal Origin,Transition - Pyrimidine/Pyrimidine,T>C
102539360,rs4754852,GG,GG,GC,100,52,99,NC_000011.10,Mutation NB - Maternal Origin,Transition - Purine/Purine,Transversion - Purine/Pyrimidine,Unsolved
106464852,rs11227057,TT,TC,CC,79,67,21,NC_000011.10,Mutation NB - Paternal Origin,Transition - Pyrimidine/Pyrimidine,T>C
111455428,rs12789160,GA,GG,AA,1,82,9,NC_000011.10,Mutation NB - Maternal Origin,Transition - Purine/Purine,G>A
111561453,.,TT,TT,TC,61,73,53,NC_000011.10,Mutation NB - Paternal Origin,Transition - Pyrimidine/Pyrimidine,Unsolved
112612013,rs56310811,CC,CT,TT,64,38,9,NC_000011.10,Mutation NB - Paternal Origin,Transition - Pyrimidine/Pyrimidine,C>T
113519400,rs2002228,AA,GG,GG,70,82,15,NC_000011.10,Mutation NB - Paternal Origin,Transition - Purine/Purine,A>G
113705574,.,AA,AA,AG,37,82,50,NC_000011.10,Mutation NB - Paternal Origin,Transition - Purine/Purine,Unsolved
114456431,rs34663079,TT,CC,TT,79,73,0,NC_000011.10,Mutation NB - Maternal Origin,Transition - Pyrimidine/Pyrimidine,C>T
115974914,rs1180016698,TT,TT,TC,91,91,59,NC_000011.10,Mutation NB - Paternal or Maternal,Transition - Pyrimidine/Pyrimidine,Unsolved
117857248,rs2845939,TT,CC,CC,67,76,12,NC_000011.10,Mutation NB - Paternal Origin,Transition - Pyrimidine/Pyrimidine,T>C
118058439,.,TT,TT,TC,79,67,40,NC_000011.10,Mutation NB - Maternal Origin,Transition - Pyrimidine/Pyrimidine,Unsolved
118643304,rs613243,CG,GG,CC,47,82,0,NC_000011.10,Mutation NB - Maternal Origin,Transversion - Purine/Pyrimidine,G>C
120297901,rs117482343,AA,GG,GG,91,88,12,NC_000011.10,Mutation NB - Paternal Origin,Transition - Purine/Purine,A>G
122356341,rs55837096,AA,AA,AG,100,91,90,NC_000011.10,Mutation NB - Maternal Origin,Transition - Purine/Purine,Unsolved
123551063,.,GG,GG,GA,73,61,47,NC_000011.10,Mutation NB - Maternal Origin,Transition - Purine/Purine,Unsolved
124075287,rs7929245,CC,CC,CT,100,82,99,NC_000011.10,Mutation NB - Maternal Origin,Transition - Pyrimidine/Pyrimidine,Unsolved
124094924,rs540370,GA,AA,GG,63,77,0,NC_000011.10,Mutation NB - Maternal Origin,Transition - Purine/Purine,A>G
124277363,rs12360542,CC,CC,CT,88,79,15,NC_000011.10,Mutation NB - Maternal Origin,Transition - Pyrimidine/Pyrimidine,Unsolved
125077155,rs12289510,GG,AA,AA,88,79,0,NC_000011.10,Mutation NB - Paternal Origin,Transition - Purine/Purine,G>A
126178889,rs561164,AA,GG,AA,40,91,42,NC_000011.10,Mutation NB - Maternal Origin,Transition - Purine/Purine,G>A
126483651,rs77778204,CC,CG,GG,76,5,12,NC_000011.10,Mutation NB - Paternal Origin,Transversion - Purine/Pyrimidine,C>G
126916646,rs180876742,AA,AA,AG,70,100,62,NC_000011.10,Mutation NB - Paternal Origin,Transition - Purine/Purine,Unsolved
127413111,rs1035319332,TT,TT,TC,67,67,53,NC_000011.10,Mutation NB - Paternal or Maternal,Transition - Pyrimidine/Pyrimidine,Unsolved
128747336,rs654484,GG,GG,GA,25,100,99,NC_000011.10,Mutation NB - Paternal Origin,Transition - Purine/Purine,Unsolved
128935060,rs2186833,CC,CC,CT,70,100,68,NC_000011.10,Mutation NB - Paternal Origin,Transition - Pyrimidine/Pyrimidine,Unsolved
128935065,rs3824901,CC,TT,CC,52,85,15,NC_000011.10,Mutation NB - Maternal Origin,Transition - Pyrimidine/Pyrimidine,T>C
130337714,rs265310,GG,AA,AA,91,64,0,NC_000011.10,Mutation NB - Paternal Origin,Transition - Purine/Purine,G>A
134610205,rs3017971,GG,AA,GG,76,100,24,NC_000011.10,Mutation NB - Maternal Origin,Transition - Purine/Purine,A>G
1644678,rs2240513,CT,TT,CC,70,85,0,NC_000012.12,Mutation NB - Maternal Origin,Transition - Pyrimidine/Pyrimidine,T>C
3175169,rs11062549,GG,CC,GG,79,82,0,NC_000012.12,Mutation NB - Maternal Origin,Transversion - Purine/Pyrimidine,C>G
3257965,rs644135,AA,GG,GG,100,82,9,NC_000012.12,Mutation NB - Paternal Origin,Transition - Purine/Purine,A>G
3300111,rs7306401,TT,TT,CT,76,88,21,NC_000012.12,Mutation NB - Paternal Origin,Transition - Pyrimidine/Pyrimidine,Unsolved
4192728,.,TT,TT,TC,67,70,65,NC_000012.12,Mutation NB - Paternal Origin,Transition - Pyrimidine/Pyrimidine,Unsolved
4548716,rs114193736,GG,GG,GA,64,79,99,NC_000012.12,Mutation NB - Paternal Origin,Transition - Purine/Purine,Unsolved
6069381,.,AA,AA,AG,82,85,56,NC_000012.12,Mutation NB - Paternal Origin,Transition - Purine/Purine,Unsolved
7752057,rs759073441,GG,GG,GA,55,100,99,NC_000012.12,Mutation NB - Paternal Origin,Transition - Purine/Purine,Unsolved
8544459,rs11046145,GG,GG,GA,100,85,99,NC_000012.12,Mutation NB - Maternal Origin,Transition - Purine/Purine,Unsolved
17949482,.,AA,AA,AG,64,91,47,NC_000012.12,Mutation NB - Paternal Origin,Transition - Purine/Purine,Unsolved
21593829,.,TT,TT,TC,82,82,53,NC_000012.12,Mutation NB - Paternal or Maternal,Transition - Pyrimidine/Pyrimidine,Unsolved
25286789,rs1951936141,TT,TT,TC,70,79,53,NC_000012.12,Mutation NB - Paternal Origin,Transition - Pyrimidine/Pyrimidine,Unsolved
26130885,rs77698695,GG,GT,TT,82,25,30,NC_000012.12,Mutation NB - Paternal Origin,Transversion - Purine/Pyrimidine,G>T
26130890,rs76304208,TT,TC,CC,82,25,30,NC_000012.12,Mutation NB - Paternal Origin,Transition - Pyrimidine/Pyrimidine,T>C
26316709,rs11048460,GA,GG,AA,1,82,9,NC_000012.12,Mutation NB - Maternal Origin,Transition - Purine/Purine,G>A
26713123,rs2068367,GG,GG,GA,100,88,99,NC_000012.12,Mutation NB - Maternal Origin,Transition - Purine/Purine,Unsolved
29093131,rs2099529,TT,TC,CC,100,32,24,NC_000012.12,Mutation NB - Paternal Origin,Transition - Pyrimidine/Pyrimidine,T>C
30326494,rs12313672,TT,CT,CC,91,28,12,NC_000012.12,Mutation NB - Paternal Origin,Transition - Pyrimidine/Pyrimidine,T>C
30326526,rs11050820,CC,GC,GG,91,60,12,NC_000012.12,Mutation NB - Paternal Origin,Transversion - Purine/Pyrimidine,C>G
31900901,rs11051659,AA,GG,AA,100,88,0,NC_000012.12,Mutation NB - Maternal Origin,Transition - Purine/Purine,G>A
37427579,rs34542276,AG,AA,GG,7,73,18,NC_000012.12,Mutation NB - Maternal Origin,Transition - Purine/Purine,A>G
37666093,rs11495303,AA,GG,GG,91,88,0,NC_000012.12,Mutation NB - Paternal Origin,Transition - Purine/Purine,A>G
41785985,.,GG,GG,GC,73,85,56,NC_000012.12,Mutation NB - Paternal Origin,Transition - Purine/Purine,Transversion - Purine/Pyrimidine,Unsolved
42418538,.,TT,TT,TC,85,61,59,NC_000012.12,Mutation NB - Maternal Origin,Transition - Pyrimidine/Pyrimidine,Unsolved
44275271,.,TT,TT,TC,70,91,62,NC_000012.12,Mutation NB - Paternal Origin,Transition - Pyrimidine/Pyrimidine,Unsolved
45469170,rs7302122,TA,AA,TT,1,70,33,NC_000012.12,Mutation NB - Maternal Origin,Transversion - Purine/Pyrimidine,A>T
45495326,rs2408319,TT,GG,GG,82,88,15,NC_000012.12,Mutation NB - Paternal Origin,Transversion - Purine/Pyrimidine,T>G
46058996,.,AA,AA,AG,67,70,50,NC_000012.12,Mutation NB - Paternal Origin,Transition - Purine/Purine,Unsolved
46111062,rs1579810,TT,CC,CC,85,91,9,NC_000012.12,Mutation NB - Paternal Origin,Transition - Pyrimidine/Pyrimidine,T>C
48682028,rs2277365,TT,TT,TG,64,79,99,NC_000012.12,Mutation NB - Paternal Origin,Transition - Pyrimidine/Pyrimidine,Transversion - Purine/Pyrimidine,Unsolved
49224225,rs68128447,CG,CC,GG,1,100,12,NC_000012.12,Mutation NB - Maternal Origin,Transversion - Purine/Pyrimidine,C>G
49554469,.,TT,TT,TC,85,70,50,NC_000012.12,Mutation NB - Maternal Origin,Transition - Pyrimidine/Pyrimidine,Unsolved
49601175,.,GG,GG,GA,73,55,47,NC_000012.12,Mutation NB - Maternal Origin,Transition - Purine/Purine,Unsolved
50938134,rs12580702,GA,GG,AA,67,100,9,NC_000012.12,Mutation NB - Maternal Origin,Transition - Purine/Purine,G>A
51189723,rs3490,AA,GG,AA,91,100,15,NC_000012.12,Mutation NB - Maternal Origin,Transition - Purine/Purine,G>A
52030212,rs876734,TT,TT,CT,79,76,59,NC_000012.12,Mutation NB - Maternal Origin,Transition - Pyrimidine/Pyrimidine,Unsolved
52250628,rs12581578,AA,GG,AA,100,91,27,NC_000012.12,Mutation NB - Maternal Origin,Transition - Purine/Purine,G>A
52353009,rs1791648,TT,GG,TT,73,100,39,NC_000012.12,Mutation NB - Maternal Origin,Transversion - Purine/Pyrimidine,G>T
52823272,rs10876353,AA,GA,GG,79,1,15,NC_000012.12,Mutation NB - Paternal Origin,Transition - Purine/Purine,A>G
52871189,rs1492239,TT,AT,AA,67,1,0,NC_000012.12,Mutation NB - Paternal Origin,Transversion - Purine/Pyrimidine,T>A
52876771,rs2682305,GG,GG,GA,91,100,99,NC_000012.12,Mutation NB - Paternal Origin,Transition - Purine/Purine,Unsolved
52971392,rs60832336,AA,AG,GG,76,42,12,NC_000012.12,Mutation NB - Paternal Origin,Transition - Purine/Purine,A>G
55695499,rs1438236905,AA,AA,AC,96,100,67,NC_000012.12,Mutation NB - Paternal Origin,Transversion - Purine/Pyrimidine,Unsolved
56953506,rs3782331,TT,CC,CC,85,55,9,NC_000012.12,Mutation NB - Paternal Origin,Transition - Pyrimidine/Pyrimidine,T>C
57750548,.,CC,CC,CT,85,67,72,NC_000012.12,Mutation NB - Maternal Origin,Transition - Pyrimidine/Pyrimidine,Unsolved
58467072,.,AA,AA,AG,88,73,65,NC_000012.12,Mutation NB - Maternal Origin,Transition - Purine/Purine,Unsolved
58653974,rs60182948,AA,AA,AG,73,76,99,NC_000012.12,Mutation NB - Paternal Origin,Transition - Purine/Purine,Unsolved
60393213,rs1119986,GC,GG,CC,1,73,21,NC_000012.12,Mutation NB - Maternal Origin,Transversion - Purine/Pyrimidine,G>C
61335055,rs10877620,CC,CC,CT,91,100,68,NC_000012.12,Mutation NB - Paternal Origin,Transition - Pyrimidine/Pyrimidine,Unsolved
62677154,rs11174598,GG,GA,AA,85,36,9,NC_000012.12,Mutation NB - Paternal Origin,Transition - Purine/Purine,G>A
63167958,rs77725925,GG,GG,GT,100,34,99,NC_000012.12,Mutation NB - Maternal Origin,Transversion - Purine/Pyrimidine,Unsolved
63279268,rs73126338,CC,TT,TT,79,70,21,NC_000012.12,Mutation NB - Paternal Origin,Transition - Pyrimidine/Pyrimidine,C>T
67802892,rs11176874,GA,AA,GG,1,79,0,NC_000012.12,Mutation NB - Maternal Origin,Transition - Purine/Purine,A>G
71521436,.,TT,TT,TC,73,82,44,NC_000012.12,Mutation NB - Paternal Origin,Transition - Pyrimidine/Pyrimidine,Unsolved
71582198,rs958046225,CC,CC,CT,88,73,65,NC_000012.12,Mutation NB - Maternal Origin,Transition - Pyrimidine/Pyrimidine,Unsolved
82069666,rs7962517,AA,AT,TT,100,1,24,NC_000012.12,Mutation NB - Paternal Origin,Transversion - Purine/Pyrimidine,A>T
83826211,rs1481410254,AA,AA,AG,1,85,65,NC_000012.12,Mutation NB - Paternal Origin,Transition - Purine/Purine,Unsolved
90786242,rs2089111,CC,CC,CG,28,82,99,NC_000012.12,Mutation NB - Paternal Origin,Transversion - Purine/Pyrimidine,Unsolved
94508651,rs113173840,GG,TT,TT,91,85,9,NC_000012.12,Mutation NB - Paternal Origin,Transversion - Purine/Pyrimidine,G>T
94922784,rs1863554,TT,TT,TC,58,88,99,NC_000012.12,Mutation NB - Paternal Origin,Transition - Pyrimidine/Pyrimidine,Unsolved
95627606,rs7973528,CC,GC,GG,85,70,0,NC_000012.12,Mutation NB - Paternal Origin,Transversion - Purine/Pyrimidine,C>G
96109258,rs2660860,GG,GG,AG,91,70,99,NC_000012.12,Mutation NB - Maternal Origin,Transition - Purine/Purine,Unsolved
101347482,rs7305818,TT,CC,TT,70,88,18,NC_000012.12,Mutation NB - Maternal Origin,Transition - Pyrimidine/Pyrimidine,C>T
101347486,rs7134943,GG,AA,GG,70,88,18,NC_000012.12,Mutation NB - Maternal Origin,Transition - Purine/Purine,A>G
103093172,.,AA,AA,AG,76,85,59,NC_000012.12,Mutation NB - Paternal Origin,Transition - Purine/Purine,Unsolved
106102393,rs11112866,AA,GG,AA,79,88,30,NC_000012.12,Mutation NB - Maternal Origin,Transition - Purine/Purine,G>A
108218027,rs1426364,GG,GC,CC,100,1,12,NC_000012.12,Mutation NB - Paternal Origin,Transversion - Purine/Pyrimidine,G>C
109730811,rs1339853901,GG,GG,GA,73,70,51,NC_000012.12,Mutation NB - Maternal Origin,Transition - Purine/Purine,Unsolved
110057366,rs41436646,CC,CG,GG,100,1,27,NC_000012.12,Mutation NB - Paternal Origin,Transversion - Purine/Pyrimidine,C>G
110692060,rs79248018,AA,AA,AG,85,61,99,NC_000012.12,Mutation NB - Maternal Origin,Transition - Purine/Purine,Unsolved
110842458,rs74995863,GG,GG,GT,100,64,99,NC_000012.12,Mutation NB - Maternal Origin,Transversion - Purine/Pyrimidine,Unsolved
112010681,rs7135514,TT,CC,TT,100,55,18,NC_000012.12,Mutation NB - Maternal Origin,Transition - Pyrimidine/Pyrimidine,C>T
112667098,rs232924,CC,TT,CC,76,88,12,NC_000012.12,Mutation NB - Maternal Origin,Transition - Pyrimidine/Pyrimidine,T>C
113039698,rs2245511,CT,CC,TT,42,85,21,NC_000012.12,Mutation NB - Maternal Origin,Transversion - Purine/Pyrimidine,C>T
113062323,rs1902953,AA,GA,GG,88,35,27,NC_000012.12,Mutation NB - Paternal Origin,Transition - Purine/Purine,A>G
114711363,rs2384478,GG,AA,AA,100,79,9,NC_000012.12,Mutation NB - Paternal Origin,Transition - Purine/Purine,G>A
115096508,rs7309788,CC,TT,CC,91,76,0,NC_000012.12,Mutation NB - Maternal Origin,Transition - Pyrimidine/Pyrimidine,T>C
115640136,rs3847870,TT,GG,GG,88,89,21,NC_000012.12,Mutation NB - Paternal Origin,Transversion - Purine/Pyrimidine,T>G
116298352,.,AA,AA,AG,28,76,59,NC_000012.12,Mutation NB - Paternal Origin,Transition - Purine/Purine,Unsolved
117075690,.,TT,TT,TG,67,67,47,NC_000012.12,Mutation NB - Paternal or Maternal,Transition - Pyrimidine/Pyrimidine,Transversion - Purine/Pyrimidine,Unsolved
118986957,rs67336842,CC,CC,CT,100,85,71,NC_000012.12,Mutation NB - Maternal Origin,Transition - Pyrimidine/Pyrimidine,Unsolved
119515238,rs11064819,AA,GG,GG,91,91,9,NC_000012.12,Mutation NB - Paternal Origin,Transition - Purine/Purine,A>G
119702320,rs983135858,TT,TT,TC,43,55,56,NC_000012.12,Mutation NB - Paternal Origin,Transition - Pyrimidine/Pyrimidine,Unsolved
120715164,rs556001,AA,GG,AA,52,82,27,NC_000012.12,Mutation NB - Maternal Origin,Transition - Purine/Purine,G>A
120760496,rs668622,GG,AA,AA,100,73,42,NC_000012.12,Mutation NB - Paternal Origin,Transition - Purine/Purine,G>A
122861883,.,TT,TT,TC,55,64,64,NC_000012.12,Mutation NB - Paternal Origin,Transition - Pyrimidine/Pyrimidine,Unsolved
124486674,.,CC,CC,CT,82,85,56,NC_000012.12,Mutation NB - Paternal Origin,Transition - Pyrimidine/Pyrimidine,Unsolved
124517838,rs116577539,GG,GG,GA,73,100,99,NC_000012.12,Mutation NB - Paternal Origin,Transition - Purine/Purine,Unsolved
124517845,rs116007288,CC,CC,CT,73,100,99,NC_000012.12,Mutation NB - Paternal Origin,Transition - Pyrimidine/Pyrimidine,Unsolved
124620592,rs2342927,TT,TT,CC,100,91,12,NC_000012.12,Mutation NB - Maternal Origin,Transition - Pyrimidine/Pyrimidine,Unsolved
125493095,rs1993799,TT,CC,TT,100,91,9,NC_000012.12,Mutation NB - Maternal Origin,Transition - Pyrimidine/Pyrimidine,C>T
126156959,.,CC,CC,CT,61,61,56,NC_000012.12,Mutation NB - Paternal or Maternal,Transition - Pyrimidine/Pyrimidine,Unsolved
126902977,rs6489143,CC,TC,TT,88,1,0,NC_000012.12,Mutation NB - Paternal Origin,Transition - Pyrimidine/Pyrimidine,C>T
126936541,rs187550862,CC,CC,TT,88,91,12,NC_000012.12,Mutation NB - Paternal Origin,Transition - Pyrimidine/Pyrimidine,Unsolved
129067147,rs11830797,CG,CC,GG,1,85,18,NC_000012.12,Mutation NB - Maternal Origin,Transversion - Purine/Pyrimidine,C>G
129722157,rs4760000,TT,CC,TT,82,82,0,NC_000012.12,Mutation NB - Maternal Origin,Transition - Pyrimidine/Pyrimidine,C>T
130010137,rs7965478,CC,CC,CG,91,85,99,NC_000012.12,Mutation NB - Maternal Origin,Transversion - Purine/Pyrimidine,Unsolved
130022465,rs826713,GG,GG,AG,85,82,26,NC_000012.12,Mutation NB - Maternal Origin,Transition - Purine/Purine,Unsolved
130134658,rs4759615,GG,TT,TT,100,61,30,NC_000012.12,Mutation NB - Paternal Origin,Transversion - Purine/Pyrimidine,G>T
130183816,rs7134674,GG,AA,GG,85,85,18,NC_000012.12,Mutation NB - Maternal Origin,Transition - Purine/Purine,A>G
131075628,rs11061312,TT,CC,TT,91,100,18,NC_000012.12,Mutation NB - Maternal Origin,Transition - Pyrimidine/Pyrimidine,C>T
131793319,rs11246810,AA,AA,AG,79,100,99,NC_000012.12,Mutation NB - Paternal Origin,Transition - Purine/Purine,Unsolved
133026125,rs61953717,AA,GG,AA,85,91,45,NC_000012.12,Mutation NB - Maternal Origin,Transition - Purine/Purine,G>A
20095146,rs259776,GC,GG,CC,76,100,21,NC_000013.11,Mutation NB - Maternal Origin,Transversion - Purine/Pyrimidine,G>C
21474669,.,GG,GG,GA,61,70,44,NC_000013.11,Mutation NB - Paternal Origin,Transition - Purine/Purine,Unsolved
21595685,rs2798262,CC,TC,TT,40,1,12,NC_000013.11,Mutation NB - Paternal Origin,Transition - Pyrimidine/Pyrimidine,C>T
21751321,.,TT,TT,TC,82,61,44,NC_000013.11,Mutation NB - Maternal Origin,Transition - Pyrimidine/Pyrimidine,Unsolved
23719531,rs55693018,AG,GG,AA,47,70,15,NC_000013.11,Mutation NB - Maternal Origin,Transition - Purine/Purine,G>A
24359488,rs11840418,CC,TT,CC,61,82,27,NC_000013.11,Mutation NB - Maternal Origin,Transition - Pyrimidine/Pyrimidine,T>C
24717793,.,TT,TT,TC,79,91,47,NC_000013.11,Mutation NB - Paternal Origin,Transition - Pyrimidine/Pyrimidine,Unsolved
28257935,rs9554294,CC,GG,CC,88,91,0,NC_000013.11,Mutation NB - Maternal Origin,Transversion - Purine/Pyrimidine,G>C
30698633,rs9315028,AA,GG,GG,88,88,12,NC_000013.11,Mutation NB - Paternal Origin,Transition - Purine/Purine,A>G
30698668,rs9315029,AA,CC,CC,88,88,12,NC_000013.11,Mutation NB - Paternal Origin,Transversion - Purine/Pyrimidine,A>C
30970544,rs36001708,GG,GG,AA,100,79,15,NC_000013.11,Mutation NB - Maternal Origin,Transition - Purine/Purine,Unsolved
34553195,rs76781518,AA,AA,AG,88,100,33,NC_000013.11,Mutation NB - Paternal Origin,Transition - Purine/Purine,Unsolved
34607687,.,GG,GG,GA,70,67,42,NC_000013.11,Mutation NB - Maternal Origin,Transition - Purine/Purine,Unsolved
34607802,rs9541351,GG,GG,GT,100,55,97,NC_000013.11,Mutation NB - Maternal Origin,Transversion - Purine/Pyrimidine,Unsolved
35758898,rs9545267,AA,AG,GG,100,67,9,NC_000013.11,Mutation NB - Paternal Origin,Transition - Purine/Purine,A>G
36211800,.,AA,AA,AG,49,49,50,NC_000013.11,Mutation NB - Paternal or Maternal,Transition - Purine/Purine,Unsolved
36939103,.,AA,AA,AG,58,73,53,NC_000013.11,Mutation NB - Paternal Origin,Transition - Purine/Purine,Unsolved
42355326,rs79883714,CC,CC,CT,88,100,99,NC_000013.11,Mutation NB - Paternal Origin,Transition - Pyrimidine/Pyrimidine,Unsolved
44893284,.,TT,TT,TC,58,67,53,NC_000013.11,Mutation NB - Paternal Origin,Transition - Pyrimidine/Pyrimidine,Unsolved
45043642,rs12870946,TT,CC,CC,100,79,15,NC_000013.11,Mutation NB - Paternal Origin,Transition - Pyrimidine/Pyrimidine,T>C
45693961,rs9567565,GG,AA,AA,79,91,36,NC_000013.11,Mutation NB - Paternal Origin,Transition - Purine/Purine,G>A
47021268,.,AA,AA,AG,76,79,44,NC_000013.11,Mutation NB - Paternal Origin,Transition - Purine/Purine,Unsolved
47572819,rs113375577,CC,CC,CT,100,43,99,NC_000013.11,Mutation NB - Maternal Origin,Transition - Pyrimidine/Pyrimidine,Unsolved
50010146,.,TT,TT,TC,82,88,50,NC_000013.11,Mutation NB - Paternal Origin,Transition - Pyrimidine/Pyrimidine,Unsolved
50010176,.,GG,GG,GT,82,88,40,NC_000013.11,Mutation NB - Paternal Origin,Transversion - Purine/Pyrimidine,Unsolved
50753395,rs583532,CC,CC,CA,79,100,97,NC_000013.11,Mutation NB - Paternal Origin,Transversion - Purine/Pyrimidine,Unsolved
53455274,rs1443917,CC,TT,TT,100,82,21,NC_000013.11,Mutation NB - Paternal Origin,Transition - Pyrimidine/Pyrimidine,C>T
57824141,rs73209225,CC,CC,CT,91,82,99,NC_000013.11,Mutation NB - Maternal Origin,Transition - Pyrimidine/Pyrimidine,Unsolved
62046642,rs4418942,AA,GG,AA,91,88,21,NC_000013.11,Mutation NB - Maternal Origin,Transition - Purine/Purine,G>A
72851208,rs79591990,CT,CC,TT,29,100,12,NC_000013.11,Mutation NB - Maternal Origin,Transversion - Purine/Pyrimidine,C>T
74868957,rs970988,AA,TT,AA,85,82,0,NC_000013.11,Mutation NB - Maternal Origin,Transversion - Purine/Pyrimidine,T>A
81990987,rs1280002,AA,GG,GG,100,55,15,NC_000013.11,Mutation NB - Paternal Origin,Transition - Purine/Purine,A>G
85208711,rs9531715,CC,CC,CG,88,76,99,NC_000013.11,Mutation NB - Maternal Origin,Transversion - Purine/Pyrimidine,Unsolved
90913018,rs9515849,AA,CC,AA,91,79,0,NC_000013.11,Mutation NB - Maternal Origin,Transversion - Purine/Pyrimidine,C>A
91248569,.,TT,TT,TC,43,67,47,NC_000013.11,Mutation NB - Paternal Origin,Transition - Pyrimidine/Pyrimidine,Unsolved
99408638,rs9517707,AA,GA,GG,73,41,0,NC_000013.11,Mutation NB - Paternal Origin,Transition - Purine/Purine,A>G
105988773,rs2476743,CT,CC,TT,35,82,9,NC_000013.11,Mutation NB - Maternal Origin,Transversion - Purine/Pyrimidine,C>T
106516272,rs113001408,TT,TT,TC,91,100,99,NC_000013.11,Mutation NB - Paternal Origin,Transition - Pyrimidine/Pyrimidine,Unsolved
107666518,rs9520542,CT,TT,CC,35,88,9,NC_000013.11,Mutation NB - Maternal Origin,Transition - Pyrimidine/Pyrimidine,T>C
109837378,.,AA,AA,AG,70,64,41,NC_000013.11,Mutation NB - Maternal Origin,Transition - Purine/Purine,Unsolved
110147068,rs2084040,CC,CC,CT,73,100,91,NC_000013.11,Mutation NB - Paternal Origin,Transition - Pyrimidine/Pyrimidine,Unsolved
110193158,rs686746,TT,CC,CC,85,91,0,NC_000013.11,Mutation NB - Paternal Origin,Transition - Pyrimidine/Pyrimidine,T>C
112911574,rs2081233361,GG,GG,GA,52,76,41,NC_000013.11,Mutation NB - Paternal Origin,Transition - Purine/Purine,Unsolved
113456345,rs14067,AA,GG,GG,88,91,12,NC_000013.11,Mutation NB - Paternal Origin,Transition - Purine/Purine,A>G
26308937,rs4290410,AA,AA,GA,85,88,62,NC_000014.9,Mutation NB - Paternal Origin,Transition - Purine/Purine,Unsolved
28468808,rs66580721,TT,GG,GG,79,76,9,NC_000014.9,Mutation NB - Paternal Origin,Transversion - Purine/Pyrimidine,T>G
31527144,rs116708043,TT,TT,TC,67,91,62,NC_000014.9,Mutation NB - Paternal Origin,Transition - Pyrimidine/Pyrimidine,Unsolved
35287570,rs10146691,GG,GG,GA,85,100,99,NC_000014.9,Mutation NB - Paternal Origin,Transition - Purine/Purine,Unsolved
38922473,rs10134813,CC,CC,CT,100,82,99,NC_000014.9,Mutation NB - Maternal Origin,Transition - Pyrimidine/Pyrimidine,Unsolved
39441881,rs910370,CC,CC,CT,55,100,62,NC_000014.9,Mutation NB - Paternal Origin,Transition - Pyrimidine/Pyrimidine,Unsolved
40203207,rs7159676,CC,CC,CT,55,91,99,NC_000014.9,Mutation NB - Paternal Origin,Transition - Pyrimidine/Pyrimidine,Unsolved
40580942,.,TT,TT,TC,64,70,53,NC_000014.9,Mutation NB - Paternal Origin,Transition - Pyrimidine/Pyrimidine,Unsolved
41004488,rs1779605,TG,TT,GG,8,91,51,NC_000014.9,Mutation NB - Maternal Origin,Transversion - Purine/Pyrimidine,T>G
42307452,rs55896498,CC,AA,CC,91,88,15,NC_000014.9,Mutation NB - Maternal Origin,Transversion - Purine/Pyrimidine,A>C
45340493,rs111783828,AG,AA,GG,67,82,9,NC_000014.9,Mutation NB - Maternal Origin,Transition - Purine/Purine,A>G
45527057,.,AA,AA,AG,73,58,44,NC_000014.9,Mutation NB - Maternal Origin,Transition - Purine/Purine,Unsolved
53021074,.,AA,AA,AG,43,64,62,NC_000014.9,Mutation NB - Paternal Origin,Transition - Purine/Purine,Unsolved
53293451,rs12434314,GG,GG,GA,100,91,68,NC_000014.9,Mutation NB - Maternal Origin,Transition - Purine/Purine,Unsolved
53318713,rs7154954,TC,TT,CC,67,76,15,NC_000014.9,Mutation NB - Maternal Origin,Transition - Pyrimidine/Pyrimidine,T>C
53745309,rs953743,CC,CC,CG,88,100,99,NC_000014.9,Mutation NB - Paternal Origin,Transversion - Purine/Pyrimidine,Unsolved
54612022,.,TT,TT,TC,73,76,56,NC_000014.9,Mutation NB - Paternal Origin,Transition - Pyrimidine/Pyrimidine,Unsolved
56221383,.,AA,AA,AG,61,73,54,NC_000014.9,Mutation NB - Paternal Origin,Transition - Purine/Purine,Unsolved
58255821,rs6573196,GG,AA,GG,85,82,9,NC_000014.9,Mutation NB - Maternal Origin,Transition - Purine/Purine,A>G
60576465,rs11158292,GT,TT,GG,38,85,0,NC_000014.9,Mutation NB - Maternal Origin,Transversion - Purine/Pyrimidine,T>G
62387314,rs2022792,AG,AA,GG,24,76,12,NC_000014.9,Mutation NB - Maternal Origin,Transition - Purine/Purine,A>G
63498674,rs1255626,TT,TT,TC,100,46,99,NC_000014.9,Mutation NB - Maternal Origin,Transition - Pyrimidine/Pyrimidine,Unsolved
65234979,rs1679884,GG,GG,GA,82,64,99,NC_000014.9,Mutation NB - Maternal Origin,Transition - Purine/Purine,Unsolved
66106263,.,AA,AA,AG,61,82,53,NC_000014.9,Mutation NB - Paternal Origin,Transition - Purine/Purine,Unsolved
66333356,rs8020574,AA,AA,GG,100,88,21,NC_000014.9,Mutation NB - Maternal Origin,Transition - Purine/Purine,Unsolved
67887825,rs1950769,CC,AA,CC,70,91,15,NC_000014.9,Mutation NB - Maternal Origin,Transversion - Purine/Pyrimidine,A>C
68770626,.,GG,GG,GA,88,67,44,NC_000014.9,Mutation NB - Maternal Origin,Transition - Purine/Purine,Unsolved
69301377,rs148308513,GG,GG,GA,100,82,65,NC_000014.9,Mutation NB - Maternal Origin,Transition - Purine/Purine,Unsolved
69449599,.,TT,TT,TC,55,79,42,NC_000014.9,Mutation NB - Paternal Origin,Transition - Pyrimidine/Pyrimidine,Unsolved
69573164,rs4902734,CG,GG,CC,29,73,0,NC_000014.9,Mutation NB - Maternal Origin,Transversion - Purine/Pyrimidine,G>C
70415611,.,AA,AA,AG,79,85,33,NC_000014.9,Mutation NB - Paternal Origin,Transition - Purine/Purine,Unsolved
73621530,rs12878358,GG,CC,GG,91,91,0,NC_000014.9,Mutation NB - Maternal Origin,Transversion - Purine/Pyrimidine,C>G
74042674,rs7153160,CC,CC,CT,88,34,99,NC_000014.9,Mutation NB - Maternal Origin,Transition - Pyrimidine/Pyrimidine,Unsolved
74042698,rs35113917,CC,CC,CA,88,34,99,NC_000014.9,Mutation NB - Maternal Origin,Transversion - Purine/Pyrimidine,Unsolved
74042716,rs7153017,AA,AA,AG,88,34,99,NC_000014.9,Mutation NB - Maternal Origin,Transition - Purine/Purine,Unsolved
74571769,rs11624818,CC,TT,TT,76,91,0,NC_000014.9,Mutation NB - Paternal Origin,Transition - Pyrimidine/Pyrimidine,C>T
75097956,rs1071989,GG,TT,GG,100,82,0,NC_000014.9,Mutation NB - Maternal Origin,Transition - Purine/Purine,Transversion - Purine/Pyrimidine,T>G
75138501,rs141637970,AA,AA,AT,100,91,21,NC_000014.9,Mutation NB - Maternal Origin,Transversion - Purine/Pyrimidine,Unsolved
75430248,.,TT,TT,TC,85,82,68,NC_000014.9,Mutation NB - Maternal Origin,Transition - Pyrimidine/Pyrimidine,Unsolved
75917798,rs7154070,AG,GG,AA,41,85,18,NC_000014.9,Mutation NB - Maternal Origin,Transition - Purine/Purine,G>A
76308995,.,AA,AA,AG,79,70,44,NC_000014.9,Mutation NB - Maternal Origin,Transition - Purine/Purine,Unsolved
77203859,.,TT,TT,TC,85,67,68,NC_000014.9,Mutation NB - Maternal Origin,Transition - Pyrimidine/Pyrimidine,Unsolved
78118360,rs177146,GG,GG,GA,85,100,68,NC_000014.9,Mutation NB - Paternal Origin,Transition - Purine/Purine,Unsolved
78118378,rs177145,TT,TT,TA,85,100,68,NC_000014.9,Mutation NB - Paternal Origin,Transition - Pyrimidine/Pyrimidine,Transversion - Purine/Pyrimidine,Unsolved
81874315,.,GG,GG,GA,88,70,51,NC_000014.9,Mutation NB - Maternal Origin,Transition - Purine/Purine,Unsolved
88238634,rs2093207,GG,AA,AA,88,76,12,NC_000014.9,Mutation NB - Paternal Origin,Transition - Purine/Purine,G>A
89551103,rs17717812,AA,GA,GG,58,41,0,NC_000014.9,Mutation NB - Paternal Origin,Transition - Purine/Purine,A>G
90341733,rs4904672,CC,TT,CC,82,79,0,NC_000014.9,Mutation NB - Maternal Origin,Transition - Pyrimidine/Pyrimidine,T>C
90487354,rs8003325,GG,GA,AA,100,70,9,NC_000014.9,Mutation NB - Paternal Origin,Transition - Purine/Purine,G>A
90655027,.,AA,AA,AG,58,46,41,NC_000014.9,Mutation NB - Maternal Origin,Transition - Purine/Purine,Unsolved
90838055,rs112043328,GG,AA,GG,70,70,0,NC_000014.9,Mutation NB - Maternal Origin,Transition - Purine/Purine,A>G
95035700,rs10146402,GG,GG,AG,91,91,33,NC_000014.9,Mutation NB - Paternal or Maternal,Transition - Purine/Purine,Unsolved
95499135,rs12879649,TT,AA,AA,76,88,48,NC_000014.9,Mutation NB - Paternal Origin,Transversion - Purine/Pyrimidine,T>A
95612991,rs11160273,CG,CC,GG,70,100,9,NC_000014.9,Mutation NB - Maternal Origin,Transversion - Purine/Pyrimidine,C>G
97179103,.,TT,TT,TC,46,58,56,NC_000014.9,Mutation NB - Paternal Origin,Transition - Pyrimidine/Pyrimidine,Unsolved
98610936,rs72710277,AA,GG,AA,64,100,24,NC_000014.9,Mutation NB - Maternal Origin,Transition - Purine/Purine,G>A
99008774,rs77452323,CC,TT,CC,88,91,21,NC_000014.9,Mutation NB - Maternal Origin,Transition - Pyrimidine/Pyrimidine,T>C
99284930,rs2664304,TT,CC,CC,79,79,15,NC_000014.9,Mutation NB - Paternal Origin,Transition - Pyrimidine/Pyrimidine,T>C
100215817,rs2766690,GG,AG,AA,91,41,0,NC_000014.9,Mutation NB - Paternal Origin,Transition - Purine/Purine,G>A
101030237,rs12435041,CC,CT,TT,79,1,12,NC_000014.9,Mutation NB - Paternal Origin,Transition - Pyrimidine/Pyrimidine,C>T
101030242,rs12435042,CC,CG,GG,79,1,12,NC_000014.9,Mutation NB - Paternal Origin,Transversion - Purine/Pyrimidine,C>G
101740975,rs111994265,GG,GC,CC,100,1,39,NC_000014.9,Mutation NB - Paternal Origin,Transversion - Purine/Pyrimidine,G>C
102749063,.,TT,TT,TC,82,73,49,NC_000014.9,Mutation NB - Maternal Origin,Transition - Pyrimidine/Pyrimidine,Unsolved
103294403,.,TT,TT,TC,70,55,65,NC_000014.9,Mutation NB - Maternal Origin,Transition - Pyrimidine/Pyrimidine,Unsolved
104263378,rs8022450,CC,GG,CC,79,100,18,NC_000014.9,Mutation NB - Maternal Origin,Transversion - Purine/Pyrimidine,G>C
104291444,rs142373582,TT,TT,TC,91,100,33,NC_000014.9,Mutation NB - Paternal Origin,Transition - Pyrimidine/Pyrimidine,Unsolved
104314729,rs10143187,CC,CC,CT,100,58,83,NC_000014.9,Mutation NB - Maternal Origin,Transition - Pyrimidine/Pyrimidine,Unsolved
104446544,.,TT,TT,TC,88,91,46,NC_000014.9,Mutation NB - Paternal Origin,Transition - Pyrimidine/Pyrimidine,Unsolved
104714228,rs4983535,CC,TC,TT,88,29,0,NC_000014.9,Mutation NB - Paternal Origin,Transition - Pyrimidine/Pyrimidine,C>T
104772267,rs2498800,CC,CT,TT,100,1,9,NC_000014.9,Mutation NB - Paternal Origin,Transition - Pyrimidine/Pyrimidine,C>T
104789321,rs11848805,GG,AA,AA,100,91,9,NC_000014.9,Mutation NB - Paternal Origin,Transition - Purine/Purine,G>A
25192102,.,AA,AA,AG,70,55,44,NC_000015.10,Mutation NB - Maternal Origin,Transition - Purine/Purine,Unsolved
25256238,rs2714796,TT,CC,TT,88,91,15,NC_000015.10,Mutation NB - Maternal Origin,Transition - Pyrimidine/Pyrimidine,C>T
25784961,rs1867510,CC,TT,CC,64,91,33,NC_000015.10,Mutation NB - Maternal Origin,Transition - Pyrimidine/Pyrimidine,T>C
26789783,rs12902507,GG,GA,AA,91,29,24,NC_000015.10,Mutation NB - Paternal Origin,Transition - Purine/Purine,G>A
26789795,rs7168346,TT,CC,CC,91,88,24,NC_000015.10,Mutation NB - Paternal Origin,Transition - Pyrimidine/Pyrimidine,T>C
27134431,rs969754,AA,CC,CC,91,82,9,NC_000015.10,Mutation NB - Paternal Origin,Transversion - Purine/Pyrimidine,A>C
27360655,rs28584979,CC,CC,CT,100,58,99,NC_000015.10,Mutation NB - Maternal Origin,Transition - Pyrimidine/Pyrimidine,Unsolved
33996269,rs59031451,GG,AA,GG,79,91,12,NC_000015.10,Mutation NB - Maternal Origin,Transition - Purine/Purine,A>G
37046170,rs1334253487,CC,CC,CT,79,61,50,NC_000015.10,Mutation NB - Maternal Origin,Transition - Pyrimidine/Pyrimidine,Unsolved
38041781,.,TT,TT,TC,67,85,68,NC_000015.10,Mutation NB - Paternal Origin,Transition - Pyrimidine/Pyrimidine,Unsolved
39200743,.,AA,AA,AG,58,85,41,NC_000015.10,Mutation NB - Paternal Origin,Transition - Purine/Purine,Unsolved
39326684,rs11636013,CC,CC,CT,91,64,33,NC_000015.10,Mutation NB - Maternal Origin,Transition - Pyrimidine/Pyrimidine,Unsolved
41554296,rs2052074043,TT,TT,TC,88,73,29,NC_000015.10,Mutation NB - Maternal Origin,Transition - Pyrimidine/Pyrimidine,Unsolved
41853738,rs1197660,CC,CC,GG,88,91,0,NC_000015.10,Mutation NB - Paternal Origin,Transversion - Purine/Pyrimidine,Unsolved
41927334,rs142183268,AA,AA,AG,100,88,65,NC_000015.10,Mutation NB - Maternal Origin,Transition - Purine/Purine,Unsolved
42131432,rs17749181,GC,GG,CC,1,67,18,NC_000015.10,Mutation NB - Maternal Origin,Transversion - Purine/Pyrimidine,G>C
45035136,rs35769013,TG,TT,GG,37,67,15,NC_000015.10,Mutation NB - Maternal Origin,Transversion - Purine/Pyrimidine,T>G
48423040,rs11636344,CC,GG,CC,88,88,9,NC_000015.10,Mutation NB - Maternal Origin,Transversion - Purine/Pyrimidine,G>C
51533664,.,AA,AA,AG,67,79,59,NC_000015.10,Mutation NB - Paternal Origin,Transition - Purine/Purine,Unsolved
54374749,.,GG,GG,GA,76,61,68,NC_000015.10,Mutation NB - Maternal Origin,Transition - Purine/Purine,Unsolved
54847346,rs2414383,AA,CC,CC,67,55,0,NC_000015.10,Mutation NB - Paternal Origin,Transversion - Purine/Pyrimidine,A>C
57386438,rs1706396,GG,GA,AA,100,35,9,NC_000015.10,Mutation NB - Paternal Origin,Transition - Purine/Purine,G>A
57712557,rs139880079,CC,CT,TT,85,38,9,NC_000015.10,Mutation NB - Paternal Origin,Transition - Pyrimidine/Pyrimidine,C>T
58540031,rs2227300,GG,AA,GG,88,73,15,NC_000015.10,Mutation NB - Maternal Origin,Transition - Purine/Purine,A>G
59225298,rs11071415,CC,TT,CC,76,100,18,NC_000015.10,Mutation NB - Maternal Origin,Transition - Pyrimidine/Pyrimidine,T>C
59250732,rs7173866,CC,TT,CC,91,100,24,NC_000015.10,Mutation NB - Maternal Origin,Transition - Pyrimidine/Pyrimidine,T>C
60101453,rs114264433,GG,TT,GG,70,82,54,NC_000015.10,Mutation NB - Maternal Origin,Transition - Purine/Purine,Transversion - Purine/Pyrimidine,T>G
61369758,rs12595688,CC,CC,CA,85,100,99,NC_000015.10,Mutation NB - Paternal Origin,Transversion - Purine/Pyrimidine,Unsolved
62858590,rs540057,TG,TT,GG,23,100,36,NC_000015.10,Mutation NB - Maternal Origin,Transversion - Purine/Pyrimidine,T>G
63144756,rs78356111,CC,CC,AA,82,73,12,NC_000015.10,Mutation NB - Maternal Origin,Transversion - Purine/Pyrimidine,Unsolved
63144759,rs61187203,CC,CC,AA,85,82,12,NC_000015.10,Mutation NB - Maternal Origin,Transversion - Purine/Pyrimidine,Unsolved
63144760,rs78320056,AA,AA,CC,100,100,12,NC_000015.10,Mutation NB - Paternal or Maternal,Transversion - Purine/Pyrimidine,Unsolved
63459278,rs71394519,TT,CC,CC,85,91,21,NC_000015.10,Mutation NB - Paternal Origin,Transition - Pyrimidine/Pyrimidine,T>C
63459322,rs12904192,TT,CC,CC,85,88,21,NC_000015.10,Mutation NB - Paternal Origin,Transition - Pyrimidine/Pyrimidine,T>C
65329103,rs12907128,AA,CC,CC,91,49,30,NC_000015.10,Mutation NB - Paternal Origin,Transversion - Purine/Pyrimidine,A>C
66388364,rs1163520596,AA,AA,AG,91,85,41,NC_000015.10,Mutation NB - Maternal Origin,Transition - Purine/Purine,Unsolved
66783183,rs4288945,GG,TT,TT,91,85,9,NC_000015.10,Mutation NB - Paternal Origin,Transversion - Purine/Pyrimidine,G>T
66962341,.,TT,TT,TC,61,82,54,NC_000015.10,Mutation NB - Paternal Origin,Transition - Pyrimidine/Pyrimidine,Unsolved
67612776,.,CC,CC,CA,61,79,49,NC_000015.10,Mutation NB - Paternal Origin,Transversion - Purine/Pyrimidine,Unsolved
67773994,rs17303860,AA,AG,GG,82,47,9,NC_000015.10,Mutation NB - Paternal Origin,Transition - Purine/Purine,A>G
68342201,rs2125997,CC,CT,TT,100,34,12,NC_000015.10,Mutation NB - Paternal Origin,Transition - Pyrimidine/Pyrimidine,C>T
68683655,rs11636025,TT,TT,CT,49,88,64,NC_000015.10,Mutation NB - Paternal Origin,Transition - Pyrimidine/Pyrimidine,Unsolved
70432074,rs7163141,AG,GG,AA,1,70,0,NC_000015.10,Mutation NB - Maternal Origin,Transition - Purine/Purine,G>A
72097043,rs4777485,GG,GG,GC,82,85,99,NC_000015.10,Mutation NB - Paternal Origin,Transition - Purine/Purine,Transversion - Purine/Pyrimidine,Unsolved
72179476,rs117552985,GG,GG,GT,100,100,99,NC_000015.10,Mutation NB - Paternal or Maternal,Transversion - Purine/Pyrimidine,Unsolved
73960067,rs10152173,TT,CC,TT,82,49,0,NC_000015.10,Mutation NB - Maternal Origin,Transition - Pyrimidine/Pyrimidine,C>T
76875899,rs12903586,GG,AA,GG,76,91,0,NC_000015.10,Mutation NB - Maternal Origin,Transition - Purine/Purine,A>G
78608232,rs7495518,TT,CC,TT,85,88,15,NC_000015.10,Mutation NB - Maternal Origin,Transition - Pyrimidine/Pyrimidine,C>T
78656785,rs12900519,TT,TT,CT,73,55,11,NC_000015.10,Mutation NB - Maternal Origin,Transition - Pyrimidine/Pyrimidine,Unsolved
78999984,.,GG,GG,GA,91,76,62,NC_000015.10,Mutation NB - Maternal Origin,Transition - Purine/Purine,Unsolved
79918398,rs8026908,AA,AG,GG,100,33,24,NC_000015.10,Mutation NB - Paternal Origin,Transition - Purine/Purine,A>G
80202118,rs67670467,CC,TT,TT,76,85,15,NC_000015.10,Mutation NB - Paternal Origin,Transition - Pyrimidine/Pyrimidine,C>T
80288485,rs4778590,GG,AA,GG,88,82,0,NC_000015.10,Mutation NB - Maternal Origin,Transition - Purine/Purine,A>G
81941749,rs2047086,CT,TT,CC,1,64,21,NC_000015.10,Mutation NB - Maternal Origin,Transition - Pyrimidine/Pyrimidine,T>C
85760446,rs2007514,GG,GG,GA,67,100,98,NC_000015.10,Mutation NB - Paternal Origin,Transition - Purine/Purine,Unsolved
86936056,rs4887521,GG,CG,CC,64,31,0,NC_000015.10,Mutation NB - Paternal Origin,Transversion - Purine/Pyrimidine,G>C
88967920,rs7179659,AA,TT,AA,76,85,12,NC_000015.10,Mutation NB - Maternal Origin,Transversion - Purine/Pyrimidine,T>A
89471714,rs2072693,TT,TT,TG,79,100,67,NC_000015.10,Mutation NB - Paternal Origin,Transition - Pyrimidine/Pyrimidine,Transversion - Purine/Pyrimidine,Unsolved
90140017,rs2943226,TT,AA,AA,88,100,0,NC_000015.10,Mutation NB - Paternal Origin,Transversion - Purine/Pyrimidine,T>A
90450571,.,AA,AA,AG,52,58,39,NC_000015.10,Mutation NB - Paternal Origin,Transition - Purine/Purine,Unsolved
91073543,rs1963777,GG,TT,GG,88,67,0,NC_000015.10,Mutation NB - Maternal Origin,Transition - Purine/Purine,Transversion - Purine/Pyrimidine,T>G
93415387,rs1008982496,TT,TT,TC,73,55,50,NC_000015.10,Mutation NB - Maternal Origin,Transition - Pyrimidine/Pyrimidine,Unsolved
97090056,rs11635256,CC,TT,TT,88,91,18,NC_000015.10,Mutation NB - Paternal Origin,Transition - Pyrimidine/Pyrimidine,C>T
97168778,.,AA,AA,AG,73,61,50,NC_000015.10,Mutation NB - Maternal Origin,Transition - Purine/Purine,Unsolved
97761300,rs906310,GG,GG,GA,100,76,99,NC_000015.10,Mutation NB - Maternal Origin,Transition - Purine/Purine,Unsolved
99969645,rs547931040,CT,CC,TT,7,76,30,NC_000015.10,Mutation NB - Maternal Origin,Transversion - Purine/Pyrimidine,C>T
99969876,rs12903084,AA,AA,AG,91,100,68,NC_000015.10,Mutation NB - Paternal Origin,Transition - Purine/Purine,Unsolved
101111984,rs60120204,CC,TT,TT,100,64,63,NC_000015.10,Mutation NB - Paternal Origin,Transition - Pyrimidine/Pyrimidine,C>T
101438985,rs1466745,TC,CC,TT,35,79,0,NC_000015.10,Mutation NB - Maternal Origin,Transversion - Purine/Pyrimidine,C>T
673647,rs1045716,CC,CC,CG,91,100,99,NC_000016.10,Mutation NB - Paternal Origin,Transversion - Purine/Pyrimidine,Unsolved
1020514,.,TT,TT,TC,52,91,47,NC_000016.10,Mutation NB - Paternal Origin,Transition - Pyrimidine/Pyrimidine,Unsolved
1063790,.,TT,TT,TC,82,73,41,NC_000016.10,Mutation NB - Maternal Origin,Transition - Pyrimidine/Pyrimidine,Unsolved
1272109,rs9933940,GG,GG,AG,91,88,24,NC_000016.10,Mutation NB - Maternal Origin,Transition - Purine/Purine,Unsolved
1272131,rs9923479,GG,GG,CG,91,88,24,NC_000016.10,Mutation NB - Maternal Origin,Transition - Purine/Purine,Transversion - Purine/Pyrimidine,Unsolved
2426373,rs4786281,CG,GG,CC,1,49,0,NC_000016.10,Mutation NB - Maternal Origin,Transversion - Purine/Pyrimidine,G>C
2584913,.,GG,GG,GA,73,58,44,NC_000016.10,Mutation NB - Maternal Origin,Transition - Purine/Purine,Unsolved
3123574,rs409646,CC,GC,GG,85,1,0,NC_000016.10,Mutation NB - Paternal Origin,Transversion - Purine/Pyrimidine,C>G
3999158,rs2531973,CC,CC,GC,85,67,62,NC_000016.10,Mutation NB - Maternal Origin,Transversion - Purine/Pyrimidine,Unsolved
5025632,rs7188856,GG,AA,GG,85,73,9,NC_000016.10,Mutation NB - Maternal Origin,Transition - Purine/Purine,A>G
6439310,rs150039821,TT,TT,TC,85,76,72,NC_000016.10,Mutation NB - Maternal Origin,Transition - Pyrimidine/Pyrimidine,Unsolved
6519118,rs4786877,CC,CC,CG,100,88,33,NC_000016.10,Mutation NB - Maternal Origin,Transversion - Purine/Pyrimidine,Unsolved
7262948,rs1037747636,AA,AA,AT,49,88,99,NC_000016.10,Mutation NB - Paternal Origin,Transversion - Purine/Pyrimidine,Unsolved
7654841,rs4080132,GG,AA,GG,40,67,21,NC_000016.10,Mutation NB - Maternal Origin,Transition - Purine/Purine,A>G
7654850,rs77365627,AA,GG,AA,40,67,0,NC_000016.10,Mutation NB - Maternal Origin,Transition - Purine/Purine,G>A
8521957,rs6501149,TC,CC,TT,1,67,0,NC_000016.10,Mutation NB - Maternal Origin,Transversion - Purine/Pyrimidine,C>T
8720662,.,TT,TT,TC,67,85,50,NC_000016.10,Mutation NB - Paternal Origin,Transition - Pyrimidine/Pyrimidine,Unsolved
8728207,rs4984996,CC,GG,GG,85,100,0,NC_000016.10,Mutation NB - Paternal Origin,Transversion - Purine/Pyrimidine,C>G
8888286,rs1379392199,TT,TT,TC,46,82,59,NC_000016.10,Mutation NB - Paternal Origin,Transition - Pyrimidine/Pyrimidine,Unsolved
10327210,rs12924155,TT,GG,GG,88,73,12,NC_000016.10,Mutation NB - Paternal Origin,Transversion - Purine/Pyrimidine,T>G
11155472,rs6498169,AA,GG,AA,88,100,9,NC_000016.10,Mutation NB - Maternal Origin,Transition - Purine/Purine,G>A
11217210,rs193763,AA,GG,GG,88,91,21,NC_000016.10,Mutation NB - Paternal Origin,Transition - Purine/Purine,A>G
11308658,rs7189239,TT,TC,CC,100,70,24,NC_000016.10,Mutation NB - Paternal Origin,Transition - Pyrimidine/Pyrimidine,T>C
11462265,rs4254342,GG,AA,AA,91,100,0,NC_000016.10,Mutation NB - Paternal Origin,Transition - Purine/Purine,G>A
11516320,rs4781108,AA,GA,GG,67,1,0,NC_000016.10,Mutation NB - Paternal Origin,Transition - Purine/Purine,A>G
12390495,rs6498286,GG,AA,GG,73,100,30,NC_000016.10,Mutation NB - Maternal Origin,Transition - Purine/Purine,A>G
19948868,rs12929358,AA,GG,GG,88,76,9,NC_000016.10,Mutation NB - Paternal Origin,Transition - Purine/Purine,A>G
23219942,rs62031935,GA,GG,AA,67,100,18,NC_000016.10,Mutation NB - Maternal Origin,Transition - Purine/Purine,G>A
23330881,rs3785362,GG,AA,GG,58,91,0,NC_000016.10,Mutation NB - Maternal Origin,Transition - Purine/Purine,A>G
23376214,rs4967999,CC,CC,CT,100,79,98,NC_000016.10,Mutation NB - Maternal Origin,Transition - Pyrimidine/Pyrimidine,Unsolved
23528916,rs11642434,CC,TT,CC,31,100,27,NC_000016.10,Mutation NB - Maternal Origin,Transition - Pyrimidine/Pyrimidine,T>C
24092775,.,GG,GG,GA,85,73,53,NC_000016.10,Mutation NB - Maternal Origin,Transition - Purine/Purine,Unsolved
24303542,rs1596634760,AA,AA,AC,100,98,99,NC_000016.10,Mutation NB - Maternal Origin,Transversion - Purine/Pyrimidine,Unsolved
25868404,.,TT,TT,TC,70,76,62,NC_000016.10,Mutation NB - Paternal Origin,Transition - Pyrimidine/Pyrimidine,Unsolved
26629257,.,TT,TT,TC,64,88,51,NC_000016.10,Mutation NB - Paternal Origin,Transition - Pyrimidine/Pyrimidine,Unsolved
27146931,rs113015452,GG,GG,GA,67,100,97,NC_000016.10,Mutation NB - Paternal Origin,Transition - Purine/Purine,Unsolved
27148488,rs11642703,AA,GG,AA,49,100,30,NC_000016.10,Mutation NB - Maternal Origin,Transition - Purine/Purine,G>A
27680590,rs8058028,AA,TG,GG,88,3,24,NC_000016.10,Mutation NB - Paternal Origin,Transition - Purine/Purine,A>G
28064339,rs81118,TT,GG,TT,82,79,0,NC_000016.10,Mutation NB - Maternal Origin,Transversion - Purine/Pyrimidine,G>T
30053796,.,AA,AA,AG,82,79,47,NC_000016.10,Mutation NB - Maternal Origin,Transition - Purine/Purine,Unsolved
31132672,rs45619735,CC,CC,CT,100,73,99,NC_000016.10,Mutation NB - Maternal Origin,Transition - Pyrimidine/Pyrimidine,Unsolved
48014347,rs1034095898,GG,GG,GA,76,100,99,NC_000016.10,Mutation NB - Paternal Origin,Transition - Purine/Purine,Unsolved
51740599,rs71386574,CC,CC,CA,82,70,33,NC_000016.10,Mutation NB - Maternal Origin,Transversion - Purine/Pyrimidine,Unsolved
52731578,rs9937555,TT,TT,TG,94,91,99,NC_000016.10,Mutation NB - Maternal Origin,Transition - Pyrimidine/Pyrimidine,Transversion - Purine/Pyrimidine,Unsolved
52731584,rs9924217,GG,GG,GC,64,91,99,NC_000016.10,Mutation NB - Paternal Origin,Transition - Purine/Purine,Transversion - Purine/Pyrimidine,Unsolved
53131721,rs73590892,CA,CC,AA,1,61,15,NC_000016.10,Mutation NB - Maternal Origin,Transversion - Purine/Pyrimidine,C>A
53872187,rs8060649,GG,AA,AA,100,82,27,NC_000016.10,Mutation NB - Paternal Origin,Transition - Purine/Purine,G>A
55250428,rs1959816285,AA,AA,AG,79,76,42,NC_000016.10,Mutation NB - Maternal Origin,Transition - Purine/Purine,Unsolved
56789614,rs16962049,CT,CC,TT,1,55,24,NC_000016.10,Mutation NB - Maternal Origin,Transversion - Purine/Pyrimidine,C>T
56998371,rs17310296,TT,TC,CC,73,73,18,NC_000016.10,Mutation NB - Paternal Origin,Transition - Pyrimidine/Pyrimidine,T>C
57509510,rs8052435,GA,AA,GG,1,58,15,NC_000016.10,Mutation NB - Maternal Origin,Transition - Purine/Purine,A>G
66439485,rs2344917,GG,GG,GC,88,91,99,NC_000016.10,Mutation NB - Paternal Origin,Transition - Purine/Purine,Transversion - Purine/Pyrimidine,Unsolved
66775584,.,AA,AA,AG,82,88,56,NC_000016.10,Mutation NB - Paternal Origin,Transition - Purine/Purine,Unsolved
67951320,.,TT,TT,TC,82,67,41,NC_000016.10,Mutation NB - Maternal Origin,Transition - Pyrimidine/Pyrimidine,Unsolved
68497287,rs1025561950,GG,GG,GA,70,73,65,NC_000016.10,Mutation NB - Paternal Origin,Transition - Purine/Purine,Unsolved
68785560,.,AA,AA,AG,67,73,41,NC_000016.10,Mutation NB - Paternal Origin,Transition - Purine/Purine,Unsolved
69020904,rs1646226,GG,GG,AG,88,67,27,NC_000016.10,Mutation NB - Maternal Origin,Transition - Purine/Purine,Unsolved
71600641,rs4788547,GG,GA,AA,55,29,12,NC_000016.10,Mutation NB - Paternal Origin,Transition - Purine/Purine,G>A
71937997,rs10852507,AA,GG,GG,85,82,0,NC_000016.10,Mutation NB - Paternal Origin,Transition - Purine/Purine,A>G
72999934,rs6416747,CC,TT,CC,37,88,33,NC_000016.10,Mutation NB - Maternal Origin,Transition - Pyrimidine/Pyrimidine,T>C
75449234,rs12928036,AA,GA,GG,91,1,0,NC_000016.10,Mutation NB - Paternal Origin,Transition - Purine/Purine,A>G
77069932,rs679263,TT,CC,TT,46,91,51,NC_000016.10,Mutation NB - Maternal Origin,Transition - Pyrimidine/Pyrimidine,C>T
79031272,rs1862838,GG,AA,GG,85,100,27,NC_000016.10,Mutation NB - Maternal Origin,Transition - Purine/Purine,A>G
79308376,rs2053247797,GG,GG,GA,46,79,50,NC_000016.10,Mutation NB - Paternal Origin,Transition - Purine/Purine,Unsolved
79729706,rs4243178,GG,CC,CC,100,88,9,NC_000016.10,Mutation NB - Paternal Origin,Transversion - Purine/Pyrimidine,G>C
80992619,rs35604113,AA,GG,AA,64,88,9,NC_000016.10,Mutation NB - Maternal Origin,Transition - Purine/Purine,G>A
81554537,rs7205651,GG,TT,TT,100,61,30,NC_000016.10,Mutation NB - Paternal Origin,Transversion - Purine/Pyrimidine,G>T
83547932,rs35339808,GG,GG,CG,61,82,99,NC_000016.10,Mutation NB - Paternal Origin,Transition - Purine/Purine,Transversion - Purine/Pyrimidine,Unsolved
83759793,.,TT,TT,TC,79,82,59,NC_000016.10,Mutation NB - Paternal Origin,Transition - Pyrimidine/Pyrimidine,Unsolved
84136604,.,AA,AA,AG,52,82,41,NC_000016.10,Mutation NB - Paternal Origin,Transition - Purine/Purine,Unsolved
84566415,rs247861,TT,TC,CC,100,1,24,NC_000016.10,Mutation NB - Paternal Origin,Transition - Pyrimidine/Pyrimidine,T>C
85746121,rs6540076,AA,AA,GG,100,91,12,NC_000016.10,Mutation NB - Maternal Origin,Transition - Purine/Purine,Unsolved
85979729,rs1401886,TT,TT,TC,85,79,65,NC_000016.10,Mutation NB - Maternal Origin,Transition - Pyrimidine/Pyrimidine,Unsolved
85998899,rs7191014,TC,TT,CC,1,58,15,NC_000016.10,Mutation NB - Maternal Origin,Transition - Pyrimidine/Pyrimidine,T>C
86064180,rs9937274,GG,GG,GA,76,100,99,NC_000016.10,Mutation NB - Paternal Origin,Transition - Purine/Purine,Unsolved
86073646,rs56094566,GG,AA,AA,88,85,9,NC_000016.10,Mutation NB - Paternal Origin,Transition - Purine/Purine,G>A
86447368,rs28676878,TT,CC,TT,52,40,12,NC_000016.10,Mutation NB - Maternal Origin,Transition - Pyrimidine/Pyrimidine,C>T
87262927,rs891090,AA,AG,GG,82,1,17,NC_000016.10,Mutation NB - Paternal Origin,Transition - Purine/Purine,A>G
88302168,rs12719930,GG,AA,AA,85,82,12,NC_000016.10,Mutation NB - Paternal Origin,Transition - Purine/Purine,G>A
88302170,rs12719931,CC,TT,TT,85,82,12,NC_000016.10,Mutation NB - Paternal Origin,Transition - Pyrimidine/Pyrimidine,C>T
88530895,rs12935067,TT,TT,TC,91,88,99,NC_000016.10,Mutation NB - Maternal Origin,Transition - Pyrimidine/Pyrimidine,Unsolved
88635584,rs4782389,CG,GG,CC,1,85,0,NC_000016.10,Mutation NB - Maternal Origin,Transversion - Purine/Pyrimidine,G>C
88650126,rs3812948,AA,AG,GG,100,76,12,NC_000016.10,Mutation NB - Paternal Origin,Transition - Purine/Purine,A>G
88727450,rs2242170,CC,TT,TT,100,79,45,NC_000016.10,Mutation NB - Paternal Origin,Transition - Pyrimidine/Pyrimidine,C>T
88996043,rs9925454,CC,TT,CC,91,91,0,NC_000016.10,Mutation NB - Maternal Origin,Transition - Pyrimidine/Pyrimidine,T>C
88996325,rs10852633,CC,TT,TT,79,79,9,NC_000016.10,Mutation NB - Paternal Origin,Transition - Pyrimidine/Pyrimidine,C>T
88996368,rs10852634,CC,TT,TT,76,79,9,NC_000016.10,Mutation NB - Paternal Origin,Transition - Pyrimidine/Pyrimidine,C>T
89300524,rs3114915,AA,GA,GG,91,5,24,NC_000016.10,Mutation NB - Paternal Origin,Transition - Purine/Purine,A>G
89760514,rs2376884,CC,TT,CC,100,79,9,NC_000016.10,Mutation NB - Maternal Origin,Transition - Pyrimidine/Pyrimidine,T>C
89760518,rs2376883,AA,GG,AA,100,79,9,NC_000016.10,Mutation NB - Maternal Origin,Transition - Purine/Purine,G>A
89784771,rs17232630,CC,CC,CT,67,100,95,NC_000016.10,Mutation NB - Paternal Origin,Transition - Pyrimidine/Pyrimidine,Unsolved
89811416,rs1042062469,TT,TT,TC,73,70,65,NC_000016.10,Mutation NB - Maternal Origin,Transition - Pyrimidine/Pyrimidine,Unsolved
1814053,rs67551635,AA,GG,AA,91,88,12,NC_000017.11,Mutation NB - Maternal Origin,Transition - Purine/Purine,G>A
2386022,.,AA,AA,AG,70,70,47,NC_000017.11,Mutation NB - Paternal or Maternal,Transition - Purine/Purine,Unsolved
2421647,.,TT,TT,TC,64,76,44,NC_000017.11,Mutation NB - Paternal Origin,Transition - Pyrimidine/Pyrimidine,Unsolved
2659916,rs1029743,AG,GG,AA,32,82,12,NC_000017.11,Mutation NB - Maternal Origin,Transition - Purine/Purine,G>A
2659967,rs1029744,TC,CC,TT,32,85,12,NC_000017.11,Mutation NB - Maternal Origin,Transversion - Purine/Pyrimidine,C>T
2716355,rs35271093,GG,GG,AA,100,100,15,NC_000017.11,Mutation NB - Paternal or Maternal,Transition - Purine/Purine,Unsolved
2937468,rs4790104,GG,AA,AA,100,82,9,NC_000017.11,Mutation NB - Paternal Origin,Transition - Purine/Purine,G>A
3002804,rs6502671,CC,TT,TT,73,82,9,NC_000017.11,Mutation NB - Paternal Origin,Transition - Pyrimidine/Pyrimidine,C>T
3530378,rs376793,AA,CA,CC,88,34,0,NC_000017.11,Mutation NB - Paternal Origin,Transversion - Purine/Pyrimidine,A>C
3548266,rs414921,GG,AG,AA,88,82,0,NC_000017.11,Mutation NB - Paternal Origin,Transition - Purine/Purine,G>A
4436259,rs72831330,CC,GG,CC,58,91,30,NC_000017.11,Mutation NB - Maternal Origin,Transversion - Purine/Pyrimidine,G>C
4881684,rs145035851,TT,CC,CC,91,79,12,NC_000017.11,Mutation NB - Paternal Origin,Transition - Pyrimidine/Pyrimidine,T>C
5065813,rs8075090,CC,TT,CC,67,100,18,NC_000017.11,Mutation NB - Maternal Origin,Transition - Pyrimidine/Pyrimidine,T>C
5818129,rs2003219,TT,TT,TC,34,100,99,NC_000017.11,Mutation NB - Paternal Origin,Transition - Pyrimidine/Pyrimidine,Unsolved
8839545,rs9910741,CC,CG,GG,100,67,9,NC_000017.11,Mutation NB - Paternal Origin,Transversion - Purine/Pyrimidine,C>G
8964451,rs560122528,TT,TT,TG,88,91,99,NC_000017.11,Mutation NB - Paternal Origin,Transition - Pyrimidine/Pyrimidine,Transversion - Purine/Pyrimidine,Unsolved
13534472,rs61472686,GG,GA,AA,76,1,12,NC_000017.11,Mutation NB - Paternal Origin,Transition - Purine/Purine,G>A
13923008,rs9910479,AA,AA,AG,100,58,76,NC_000017.11,Mutation NB - Maternal Origin,Transition - Purine/Purine,Unsolved
14168635,rs1176889466,CC,CC,CT,73,91,50,NC_000017.11,Mutation NB - Paternal Origin,Transition - Pyrimidine/Pyrimidine,Unsolved
15437705,rs2954757,TT,TT,TG,70,100,99,NC_000017.11,Mutation NB - Paternal Origin,Transition - Pyrimidine/Pyrimidine,Transversion - Purine/Pyrimidine,Unsolved
15437706,rs76787574,TT,TT,TC,70,100,99,NC_000017.11,Mutation NB - Paternal Origin,Transition - Pyrimidine/Pyrimidine,Unsolved
20635896,.,TT,TT,TC,79,43,74,NC_000017.11,Mutation NB - Maternal Origin,Transition - Pyrimidine/Pyrimidine,Unsolved
27387110,rs115104117,GG,GG,GC,85,91,99,NC_000017.11,Mutation NB - Paternal Origin,Transition - Purine/Purine,Transversion - Purine/Pyrimidine,Unsolved
27982940,rs4239212,AG,AA,GG,1,100,18,NC_000017.11,Mutation NB - Maternal Origin,Transition - Purine/Purine,A>G
30041178,rs55633288,AA,GG,GG,88,82,9,NC_000017.11,Mutation NB - Paternal Origin,Transition - Purine/Purine,A>G
30971417,rs111902263,GG,GG,GA,100,88,68,NC_000017.11,Mutation NB - Maternal Origin,Transition - Purine/Purine,Unsolved
31340469,rs747718725,TT,TT,TC,34,70,59,NC_000017.11,Mutation NB - Paternal Origin,Transition - Pyrimidine/Pyrimidine,Unsolved
31554301,.,TT,TT,TC,73,73,43,NC_000017.11,Mutation NB - Paternal or Maternal,Transition - Pyrimidine/Pyrimidine,Unsolved
31722338,rs75955631,TT,GG,TT,91,82,12,NC_000017.11,Mutation NB - Maternal Origin,Transversion - Purine/Pyrimidine,G>T
34311566,rs7223229,CC,CC,CA,100,91,99,NC_000017.11,Mutation NB - Maternal Origin,Transversion - Purine/Pyrimidine,Unsolved
39027891,rs12451736,CC,CC,CA,70,100,99,NC_000017.11,Mutation NB - Paternal Origin,Transversion - Purine/Pyrimidine,Unsolved
39027906,rs4483896,AA,GG,AA,73,82,18,NC_000017.11,Mutation NB - Maternal Origin,Transition - Purine/Purine,G>A
39153102,rs563525,AA,GG,AA,91,91,0,NC_000017.11,Mutation NB - Maternal Origin,Transition - Purine/Purine,G>A
39153399,rs619383,GG,GG,GA,82,98,99,NC_000017.11,Mutation NB - Paternal Origin,Transition - Purine/Purine,Unsolved
39956921,.,TT,TT,TC,67,79,53,NC_000017.11,Mutation NB - Paternal Origin,Transition - Pyrimidine/Pyrimidine,Unsolved
40476882,rs7224214,AA,CC,CC,82,67,0,NC_000017.11,Mutation NB - Paternal Origin,Transversion - Purine/Pyrimidine,A>C
40477077,rs9915191,AA,GG,AA,91,73,12,NC_000017.11,Mutation NB - Maternal Origin,Transition - Purine/Purine,G>A
41614329,.,TT,TT,TC,70,73,51,NC_000017.11,Mutation NB - Paternal Origin,Transition - Pyrimidine/Pyrimidine,Unsolved
42121876,.,AA,AA,AG,79,61,53,NC_000017.11,Mutation NB - Maternal Origin,Transition - Purine/Purine,Unsolved
43433925,rs6503408,TT,CC,CC,76,76,12,NC_000017.11,Mutation NB - Paternal Origin,Transition - Pyrimidine/Pyrimidine,T>C
44902821,rs8079308,GA,GG,AA,94,100,9,NC_000017.11,Mutation NB - Maternal Origin,Transition - Purine/Purine,G>A
47095120,rs62075597,CC,CC,CT,85,100,33,NC_000017.11,Mutation NB - Paternal Origin,Transition - Pyrimidine/Pyrimidine,Unsolved
47908048,rs7207225,GG,AA,GG,55,100,42,NC_000017.11,Mutation NB - Maternal Origin,Transition - Purine/Purine,A>G
49152998,rs62079773,GG,TG,TT,67,38,15,NC_000017.11,Mutation NB - Paternal Origin,Transversion - Purine/Pyrimidine,G>T
52062841,.,TT,TT,TC,64,88,53,NC_000017.11,Mutation NB - Paternal Origin,Transition - Pyrimidine/Pyrimidine,Unsolved
54616407,rs114804022,GG,GG,GA,100,79,99,NC_000017.11,Mutation NB - Maternal Origin,Transition - Purine/Purine,Unsolved
54616412,rs7213737,GG,AG,AA,88,28,45,NC_000017.11,Mutation NB - Paternal Origin,Transition - Purine/Purine,G>A
55993052,rs11079205,TG,GG,TT,32,79,0,NC_000017.11,Mutation NB - Maternal Origin,Transversion - Purine/Pyrimidine,G>T
56877445,rs1822405,CC,CT,TT,55,1,18,NC_000017.11,Mutation NB - Paternal Origin,Transition - Pyrimidine/Pyrimidine,C>T
57093214,rs1000002807,CC,CC,CG,82,49,59,NC_000017.11,Mutation NB - Maternal Origin,Transversion - Purine/Pyrimidine,Unsolved
57478023,.,GG,GG,GA,88,91,53,NC_000017.11,Mutation NB - Paternal Origin,Transition - Purine/Purine,Unsolved
57823656,rs2586076,CC,TT,CC,73,100,21,NC_000017.11,Mutation NB - Maternal Origin,Transition - Pyrimidine/Pyrimidine,T>C
58363440,.,AA,AA,AG,67,40,50,NC_000017.11,Mutation NB - Maternal Origin,Transition - Purine/Purine,Unsolved
62631916,rs2465411,AA,GG,GG,100,88,12,NC_000017.11,Mutation NB - Paternal Origin,Transition - Purine/Purine,A>G
63701329,rs11542436,CC,AA,AA,91,91,9,NC_000017.11,Mutation NB - Paternal Origin,Transversion - Purine/Pyrimidine,C>A
65607485,rs9911551,CC,GG,CC,91,85,0,NC_000017.11,Mutation NB - Maternal Origin,Transversion - Purine/Pyrimidine,G>C
67010852,rs35227571,GG,GT,TT,100,25,18,NC_000017.11,Mutation NB - Paternal Origin,Transversion - Purine/Pyrimidine,G>T
67020567,rs12941238,AA,AG,GG,100,67,21,NC_000017.11,Mutation NB - Paternal Origin,Transition - Purine/Purine,A>G
68790714,rs16967215,GG,GG,GA,100,88,99,NC_000017.11,Mutation NB - Maternal Origin,Transition - Purine/Purine,Unsolved
70916251,.,AA,AA,AG,73,67,44,NC_000017.11,Mutation NB - Maternal Origin,Transition - Purine/Purine,Unsolved
71461728,.,TT,TT,TC,85,88,33,NC_000017.11,Mutation NB - Paternal Origin,Transition - Pyrimidine/Pyrimidine,Unsolved
72501432,rs72846382,GG,GC,CC,100,1,12,NC_000017.11,Mutation NB - Paternal Origin,Transversion - Purine/Pyrimidine,G>C
73118939,rs921262,GG,TT,TT,76,88,39,NC_000017.11,Mutation NB - Paternal Origin,Transversion - Purine/Pyrimidine,G>T
73907000,rs117391519,AA,AA,AG,70,100,49,NC_000017.11,Mutation NB - Paternal Origin,Transition - Purine/Purine,Unsolved
74561452,rs75792037,CC,CC,CT,40,100,99,NC_000017.11,Mutation NB - Paternal Origin,Transition - Pyrimidine/Pyrimidine,Unsolved
75501358,rs8075850,GG,AA,AA,100,79,15,NC_000017.11,Mutation NB - Paternal Origin,Transition - Purine/Purine,G>A
76007326,.,AA,AA,AG,46,61,67,NC_000017.11,Mutation NB - Paternal Origin,Transition - Purine/Purine,Unsolved
76143613,rs2598427,AA,AA,AG,46,88,99,NC_000017.11,Mutation NB - Paternal Origin,Transition - Purine/Purine,Unsolved
76678474,rs34349009,GG,AA,GG,67,52,0,NC_000017.11,Mutation NB - Maternal Origin,Transition - Purine/Purine,A>G
77915541,rs62078528,TT,TT,TC,61,100,99,NC_000017.11,Mutation NB - Paternal Origin,Transition - Pyrimidine/Pyrimidine,Unsolved
77921931,rs8078809,GG,GA,AA,76,28,15,NC_000017.11,Mutation NB - Paternal Origin,Transition - Purine/Purine,G>A
78510525,rs867654,AA,GG,AA,70,100,33,NC_000017.11,Mutation NB - Maternal Origin,Transition - Purine/Purine,G>A
78856746,rs1384364,AA,GG,GG,88,70,12,NC_000017.11,Mutation NB - Paternal Origin,Transition - Purine/Purine,A>G
78881249,rs11654470,TT,TT,TC,100,70,99,NC_000017.11,Mutation NB - Maternal Origin,Transition - Pyrimidine/Pyrimidine,Unsolved
79143880,rs7210741,CA,AA,CC,38,91,0,NC_000017.11,Mutation NB - Maternal Origin,A>C
79152148,rs4993715,AA,GG,AA,82,100,9,NC_000017.11,Mutation NB - Maternal Origin,Transition - Purine/Purine,G>A
79152174,rs9789018,AA,GG,AA,82,100,9,NC_000017.11,Mutation NB - Maternal Origin,Transition - Purine/Purine,G>A
79152177,rs9789026,GG,TT,GG,82,100,9,NC_000017.11,Mutation NB - Maternal Origin,Transition - Purine/Purine,Transversion - Purine/Pyrimidine,T>G
79160406,rs2612784,AA,AA,GA,70,79,18,NC_000017.11,Mutation NB - Paternal Origin,Transition - Purine/Purine,Unsolved
79739296,rs73410375,GG,GG,GC,79,100,99,NC_000017.11,Mutation NB - Paternal Origin,Transition - Purine/Purine,Transversion - Purine/Pyrimidine,Unsolved
80846412,rs3829572,GG,AA,AA,91,85,15,NC_000017.11,Mutation NB - Paternal Origin,Transition - Purine/Purine,G>A
80850534,rs6565483,CC,AA,AA,91,88,9,NC_000017.11,Mutation NB - Paternal Origin,Transversion - Purine/Pyrimidine,C>A
81111331,.,GG,GG,GT,82,74,40,NC_000017.11,Mutation NB - Maternal Origin,Transversion - Purine/Pyrimidine,Unsolved
82112532,.,TT,TT,TC,85,58,59,NC_000017.11,Mutation NB - Maternal Origin,Transition - Pyrimidine/Pyrimidine,Unsolved
82121559,rs11654584,TT,AA,AA,100,88,30,NC_000017.11,Mutation NB - Paternal Origin,Transversion - Purine/Pyrimidine,T>A
82236615,rs72634335,TT,CC,CC,79,88,24,NC_000017.11,Mutation NB - Paternal Origin,Transition - Pyrimidine/Pyrimidine,T>C
82496057,rs12950178,TT,CC,CC,70,85,33,NC_000017.11,Mutation NB - Paternal Origin,Transition - Pyrimidine/Pyrimidine,T>C
82884160,rs2058567334,TT,TT,TC,73,55,44,NC_000017.11,Mutation NB - Maternal Origin,Transition - Pyrimidine/Pyrimidine,Unsolved
82912909,.,AA,AA,AG,70,61,56,NC_000017.11,Mutation NB - Maternal Origin,Transition - Purine/Purine,Unsolved
1419273,.,TT,TT,TC,76,76,59,NC_000018.10,Mutation NB - Paternal or Maternal,Transition - Pyrimidine/Pyrimidine,Unsolved
1419306,rs927845864,TT,TT,TC,76,79,59,NC_000018.10,Mutation NB - Paternal Origin,Transition - Pyrimidine/Pyrimidine,Unsolved
7601248,.,TT,TT,TC,80,88,52,NC_000018.10,Mutation NB - Paternal Origin,Transition - Pyrimidine/Pyrimidine,Unsolved
8505185,rs77015738,AA,AA,AG,91,100,71,NC_000018.10,Mutation NB - Paternal Origin,Transition - Purine/Purine,Unsolved
9448638,rs1462979,AA,GA,GG,70,46,0,NC_000018.10,Mutation NB - Paternal Origin,Transition - Purine/Purine,A>G
9757085,rs28433665,AA,GA,GG,95,1,12,NC_000018.10,Mutation NB - Paternal Origin,Transition - Purine/Purine,A>G
10075859,rs76083854,TT,TT,TC,64,100,99,NC_000018.10,Mutation NB - Paternal Origin,Transition - Pyrimidine/Pyrimidine,Unsolved
10724934,rs147011241,GG,GG,GT,100,82,60,NC_000018.10,Mutation NB - Maternal Origin,Transversion - Purine/Pyrimidine,Unsolved
10724935,rs147614520,GG,GG,GA,100,82,60,NC_000018.10,Mutation NB - Maternal Origin,Transition - Purine/Purine,Unsolved
11280810,.,CC,CC,CT,52,73,44,NC_000018.10,Mutation NB - Paternal Origin,Transition - Pyrimidine/Pyrimidine,Unsolved
11831762,rs1786573,CC,CC,CT,100,79,33,NC_000018.10,Mutation NB - Maternal Origin,Transition - Pyrimidine/Pyrimidine,Unsolved
12344171,rs1317006684,AA,AA,AG,40,46,41,NC_000018.10,Mutation NB - Paternal Origin,Transition - Purine/Purine,Unsolved
13879961,rs574261443,TT,TT,TA,40,100,99,NC_000018.10,Mutation NB - Paternal Origin,Transition - Pyrimidine/Pyrimidine,Transversion - Purine/Pyrimidine,Unsolved
13988736,rs12968925,GG,GG,GT,100,91,60,NC_000018.10,Mutation NB - Maternal Origin,Transversion - Purine/Pyrimidine,Unsolved
23967999,rs9961089,TT,CC,TT,76,100,15,NC_000018.10,Mutation NB - Maternal Origin,Transition - Pyrimidine/Pyrimidine,C>T
29681159,.,TT,TT,TC,67,73,62,NC_000018.10,Mutation NB - Paternal Origin,Transition - Pyrimidine/Pyrimidine,Unsolved
32142519,rs8082996,AG,GG,AA,41,79,0,NC_000018.10,Mutation NB - Maternal Origin,Transition - Purine/Purine,G>A
34138236,rs11873593,CC,TT,CC,67,100,42,NC_000018.10,Mutation NB - Maternal Origin,Transition - Pyrimidine/Pyrimidine,T>C
35141362,rs9965418,AA,AA,AT,100,76,99,NC_000018.10,Mutation NB - Maternal Origin,Transversion - Purine/Pyrimidine,Unsolved
35284189,rs74378543,CC,CC,CA,100,91,99,NC_000018.10,Mutation NB - Maternal Origin,Transversion - Purine/Pyrimidine,Unsolved
37067095,.,AA,AA,AG,49,49,59,NC_000018.10,Mutation NB - Paternal or Maternal,Transition - Purine/Purine,Unsolved
37302969,rs4567809,GG,GA,AA,88,41,18,NC_000018.10,Mutation NB - Paternal Origin,Transition - Purine/Purine,G>A
37355917,rs10775460,TC,CC,TT,35,91,0,NC_000018.10,Mutation NB - Maternal Origin,Transversion - Purine/Pyrimidine,C>T
37551160,.,GG,GG,GA,61,73,47,NC_000018.10,Mutation NB - Paternal Origin,Transition - Purine/Purine,Unsolved
42606086,rs12607744,AG,AA,GG,38,100,9,NC_000018.10,Mutation NB - Maternal Origin,Transition - Purine/Purine,A>G
44465555,rs8087346,CA,CC,AA,31,73,9,NC_000018.10,Mutation NB - Maternal Origin,Transversion - Purine/Pyrimidine,C>A
45376869,rs11659452,AA,TT,TT,91,67,0,NC_000018.10,Mutation NB - Paternal Origin,Transversion - Purine/Pyrimidine,A>T
49614943,rs9958768,AA,TT,TT,91,88,15,NC_000018.10,Mutation NB - Paternal Origin,Transversion - Purine/Pyrimidine,A>T
49878828,rs596778,CC,CC,TT,100,100,12,NC_000018.10,Mutation NB - Paternal or Maternal,Transition - Pyrimidine/Pyrimidine,Unsolved
50615287,rs1561261,GG,AA,GG,85,85,24,NC_000018.10,Mutation NB - Maternal Origin,Transition - Purine/Purine,A>G
50728317,.,TT,TT,TC,58,55,53,NC_000018.10,Mutation NB - Maternal Origin,Transition - Pyrimidine/Pyrimidine,Unsolved
52029869,.,AA,AA,AT,55,67,50,NC_000018.10,Mutation NB - Paternal Origin,Transversion - Purine/Pyrimidine,Unsolved
53952107,rs11664547,TT,CC,CC,91,58,12,NC_000018.10,Mutation NB - Paternal Origin,Transition - Pyrimidine/Pyrimidine,T>C
57078753,rs12103936,AA,GG,GG,100,88,15,NC_000018.10,Mutation NB - Paternal Origin,Transition - Purine/Purine,A>G
57759935,.,GG,GG,GA,55,64,65,NC_000018.10,Mutation NB - Paternal Origin,Transition - Purine/Purine,Unsolved
57759961,.,TT,TT,TC,55,64,65,NC_000018.10,Mutation NB - Paternal Origin,Transition - Pyrimidine/Pyrimidine,Unsolved
58482901,.,TT,TT,TC,40,76,42,NC_000018.10,Mutation NB - Paternal Origin,Transition - Pyrimidine/Pyrimidine,Unsolved
58768232,.,TT,TT,TC,82,76,62,NC_000018.10,Mutation NB - Maternal Origin,Transition - Pyrimidine/Pyrimidine,Unsolved
60555176,rs598154,CC,TT,TT,85,82,0,NC_000018.10,Mutation NB - Paternal Origin,Transition - Pyrimidine/Pyrimidine,C>T
61213441,rs154880,GG,GG,AG,88,82,68,NC_000018.10,Mutation NB - Maternal Origin,Transition - Purine/Purine,Unsolved
61394746,rs7237834,TG,TT,GG,1,85,9,NC_000018.10,Mutation NB - Maternal Origin,Transversion - Purine/Pyrimidine,T>G
68693416,rs309225,TT,CC,TT,85,88,12,NC_000018.10,Mutation NB - Maternal Origin,Transition - Pyrimidine/Pyrimidine,C>T
70745322,.,TT,TT,TC,73,82,51,NC_000018.10,Mutation NB - Paternal Origin,Transition - Pyrimidine/Pyrimidine,Unsolved
73405860,rs4616368,TT,GG,GG,100,82,24,NC_000018.10,Mutation NB - Paternal Origin,Transversion - Purine/Pyrimidine,T>G
73405864,rs4353546,TT,CC,CC,100,91,24,NC_000018.10,Mutation NB - Paternal Origin,Transition - Pyrimidine/Pyrimidine,T>C
73528596,rs66526127,TT,TT,TC,64,100,99,NC_000018.10,Mutation NB - Paternal Origin,Transition - Pyrimidine/Pyrimidine,Unsolved
73528632,rs67158171,GG,GG,GA,61,100,99,NC_000018.10,Mutation NB - Paternal Origin,Transition - Purine/Purine,Unsolved
73535572,rs7240036,TT,AA,TT,49,88,51,NC_000018.10,Mutation NB - Maternal Origin,Transversion - Purine/Pyrimidine,A>T
74422854,rs4892210,GG,GG,AG,91,91,67,NC_000018.10,Mutation NB - Paternal or Maternal,Transition - Purine/Purine,Unsolved
74422881,rs4892211,GG,GG,AG,91,91,63,NC_000018.10,Mutation NB - Paternal or Maternal,Transition - Purine/Purine,Unsolved
75250511,rs7226918,TC,CC,TT,46,88,18,NC_000018.10,Mutation NB - Maternal Origin,Transversion - Purine/Pyrimidine,C>T
75250518,rs7226920,TC,CC,TT,46,88,18,NC_000018.10,Mutation NB - Maternal Origin,Transversion - Purine/Pyrimidine,C>T
76286068,.,GG,GG,GA,70,79,50,NC_000018.10,Mutation NB - Paternal Origin,Transition - Purine/Purine,Unsolved
77044321,rs58055445,TT,CC,TT,55,91,30,NC_000018.10,Mutation NB - Maternal Origin,Transition - Pyrimidine/Pyrimidine,C>T
78772883,rs11659276,GG,GG,GA,88,100,27,NC_000018.10,Mutation NB - Paternal Origin,Transition - Purine/Purine,Unsolved
79337817,rs8083950,GG,AA,GG,85,79,12,NC_000018.10,Mutation NB - Maternal Origin,Transition - Purine/Purine,A>G
79520265,rs181475385,GG,GG,GA,64,67,65,NC_000018.10,Mutation NB - Paternal Origin,Transition - Purine/Purine,Unsolved
79773358,rs12958366,CC,TT,CC,70,100,12,NC_000018.10,Mutation NB - Maternal Origin,Transition - Pyrimidine/Pyrimidine,T>C
79876679,rs35614280,CC,CC,CG,100,67,99,NC_000018.10,Mutation NB - Maternal Origin,Transversion - Purine/Pyrimidine,Unsolved
79903863,rs12928,AA,AG,GG,91,1,15,NC_000018.10,Mutation NB - Paternal Origin,Transition - Purine/Purine,A>G
628181,rs10419855,TT,CT,CC,76,51,0,NC_000019.10,Mutation NB - Paternal Origin,Transition - Pyrimidine/Pyrimidine,T>C
647462,rs118107804,GG,GA,AA,91,38,12,NC_000019.10,Mutation NB - Paternal Origin,Transition - Purine/Purine,G>A
647486,rs7257070,TT,CC,CC,91,79,12,NC_000019.10,Mutation NB - Paternal Origin,Transition - Pyrimidine/Pyrimidine,T>C
1008505,rs2285905,GG,GG,GA,79,70,90,NC_000019.10,Mutation NB - Maternal Origin,Transition - Purine/Purine,Unsolved
1036315,rs112340731,AA,AA,AG,100,49,99,NC_000019.10,Mutation NB - Maternal Origin,Transition - Purine/Purine,Unsolved
1066929,rs12981369,GG,GG,TT,100,100,9,NC_000019.10,Mutation NB - Paternal or Maternal,Transversion - Purine/Pyrimidine,Unsolved
1533738,rs10853953,GG,AG,AA,85,1,0,NC_000019.10,Mutation NB - Paternal Origin,Transition - Purine/Purine,G>A
1817944,rs2304613,GG,CC,CC,82,70,15,NC_000019.10,Mutation NB - Paternal Origin,Transversion - Purine/Pyrimidine,G>C
2246653,rs2074861,GG,GG,GA,100,79,65,NC_000019.10,Mutation NB - Maternal Origin,Transition - Purine/Purine,Unsolved
2602451,rs8107038,TT,CC,TT,76,100,35,NC_000019.10,Mutation NB - Maternal Origin,Transition - Pyrimidine/Pyrimidine,C>T
4415509,rs243357,CC,CC,CT,70,100,64,NC_000019.10,Mutation NB - Paternal Origin,Transition - Pyrimidine/Pyrimidine,Unsolved
4498443,rs2288924,TT,TT,TC,100,70,30,NC_000019.10,Mutation NB - Maternal Origin,Transition - Pyrimidine/Pyrimidine,Unsolved
4512657,rs55901236,CC,TC,TT,76,1,15,NC_000019.10,Mutation NB - Paternal Origin,Transition - Pyrimidine/Pyrimidine,C>T
5403051,rs370557731,CC,CC,CT,100,86,83,NC_000019.10,Mutation NB - Maternal Origin,Transition - Pyrimidine/Pyrimidine,Unsolved
5618433,rs806710,AA,AA,GG,100,100,24,NC_000019.10,Mutation NB - Paternal or Maternal,Transition - Purine/Purine,Unsolved
6548164,rs348378,CC,TT,CC,79,100,18,NC_000019.10,Mutation NB - Maternal Origin,Transition - Pyrimidine/Pyrimidine,T>C
6645513,rs1494123,TT,TT,TC,52,100,62,NC_000019.10,Mutation NB - Paternal Origin,Transition - Pyrimidine/Pyrimidine,Unsolved
9398444,rs56319972,CC,AA,CC,73,76,24,NC_000019.10,Mutation NB - Maternal Origin,Transversion - Purine/Pyrimidine,A>C
9398458,rs4804435,GC,CC,GG,1,76,24,NC_000019.10,Mutation NB - Maternal Origin,Transversion - Purine/Pyrimidine,C>G
10105928,rs3760756,AA,AA,AG,85,100,99,NC_000019.10,Mutation NB - Paternal Origin,Transition - Purine/Purine,Unsolved
10553956,rs3087689,AA,AA,AG,67,100,99,NC_000019.10,Mutation NB - Paternal Origin,Transition - Purine/Purine,Unsolved
11122929,rs146533684,GG,GG,AA,91,79,30,NC_000019.10,Mutation NB - Maternal Origin,Transition - Purine/Purine,Unsolved
11578074,rs76639504,AA,TT,AA,73,79,0,NC_000019.10,Mutation NB - Maternal Origin,Transversion - Purine/Pyrimidine,T>A
12960668,rs536699867,TT,CC,CC,91,82,0,NC_000019.10,Mutation NB - Paternal Origin,Transition - Pyrimidine/Pyrimidine,T>C
13458742,rs2900965,AA,AG,GG,88,2,9,NC_000019.10,Mutation NB - Paternal Origin,Transition - Purine/Purine,A>G
13503918,.,TT,TT,TC,76,58,50,NC_000019.10,Mutation NB - Maternal Origin,Transition - Pyrimidine/Pyrimidine,Unsolved
14536070,.,AA,AA,AT,76,73,50,NC_000019.10,Mutation NB - Maternal Origin,Transversion - Purine/Pyrimidine,Unsolved
17972449,.,AA,AA,AG,88,85,33,NC_000019.10,Mutation NB - Maternal Origin,Transition - Purine/Purine,Unsolved
18444434,.,AA,AA,AG,85,85,68,NC_000019.10,Mutation NB - Paternal or Maternal,Transition - Purine/Purine,Unsolved
18530241,rs1976430500,CC,CC,CT,79,88,68,NC_000019.10,Mutation NB - Paternal Origin,Transition - Pyrimidine/Pyrimidine,Unsolved
18649757,rs754245,AA,GG,GG,88,91,0,NC_000019.10,Mutation NB - Paternal Origin,Transition - Purine/Purine,A>G
18716117,rs191459814,CC,CC,CA,100,79,18,NC_000019.10,Mutation NB - Maternal Origin,Transversion - Purine/Pyrimidine,Unsolved
19121035,rs755906607,CC,CC,CT,73,100,47,NC_000019.10,Mutation NB - Paternal Origin,Transition - Pyrimidine/Pyrimidine,Unsolved
19348980,rs146780714,CC,CC,CT,88,100,99,NC_000019.10,Mutation NB - Paternal Origin,Transition - Pyrimidine/Pyrimidine,Unsolved
19348991,rs12982276,TT,TT,TC,88,100,99,NC_000019.10,Mutation NB - Paternal Origin,Transition - Pyrimidine/Pyrimidine,Unsolved
28314692,rs12977566,AA,GG,AA,91,79,0,NC_000019.10,Mutation NB - Maternal Origin,Transition - Purine/Purine,G>A
28506082,.,AA,AA,AG,40,52,52,NC_000019.10,Mutation NB - Paternal Origin,Transition - Purine/Purine,Unsolved
28815240,rs7260194,CC,CC,CT,79,100,99,NC_000019.10,Mutation NB - Paternal Origin,Transition - Pyrimidine/Pyrimidine,Unsolved
29097577,rs4511647,AA,AA,AG,85,91,99,NC_000019.10,Mutation NB - Paternal Origin,Transition - Purine/Purine,Unsolved
29417604,rs10426820,GG,AA,AA,73,100,36,NC_000019.10,Mutation NB - Paternal Origin,Transition - Purine/Purine,G>A
29569506,rs12610870,GG,AA,AA,91,79,5,NC_000019.10,Mutation NB - Paternal Origin,Transition - Purine/Purine,G>A
30304973,rs11669925,GC,GG,CC,1,100,36,NC_000019.10,Mutation NB - Maternal Origin,Transversion - Purine/Pyrimidine,G>C
32637617,rs1549159,TT,TT,CT,76,82,59,NC_000019.10,Mutation NB - Paternal Origin,Transition - Pyrimidine/Pyrimidine,Unsolved
33401674,.,CC,CC,CA,95,55,43,NC_000019.10,Mutation NB - Maternal Origin,Transversion - Purine/Pyrimidine,Unsolved
33579899,rs78674205,AA,AA,AG,100,100,75,NC_000019.10,Mutation NB - Paternal or Maternal,Transition - Purine/Purine,Unsolved
33803996,rs4805059,GA,GG,AA,7,79,18,NC_000019.10,Mutation NB - Maternal Origin,Transition - Purine/Purine,G>A
34492356,rs186197121,GG,GG,GC,91,73,60,NC_000019.10,Mutation NB - Maternal Origin,Transition - Purine/Purine,Transversion - Purine/Pyrimidine,Unsolved
35401918,rs112273520,GG,GG,GA,85,100,98,NC_000019.10,Mutation NB - Paternal Origin,Transition - Purine/Purine,Unsolved
38047889,.,GG,GG,GA,61,70,53,NC_000019.10,Mutation NB - Paternal Origin,Transition - Purine/Purine,Unsolved
38506819,rs2915958,GG,GG,GC,100,52,71,NC_000019.10,Mutation NB - Maternal Origin,Transition - Purine/Purine,Transversion - Purine/Pyrimidine,Unsolved
40217237,.,TT,TT,TC,61,55,77,NC_000019.10,Mutation NB - Maternal Origin,Transition - Pyrimidine/Pyrimidine,Unsolved
41397315,rs10853751,AA,GG,AA,70,100,42,NC_000019.10,Mutation NB - Maternal Origin,Transition - Purine/Purine,G>A
44215159,.,CC,CC,CT,58,82,43,NC_000019.10,Mutation NB - Paternal Origin,Transition - Pyrimidine/Pyrimidine,Unsolved
45238351,rs11666251,CC,TT,TT,82,58,17,NC_000019.10,Mutation NB - Paternal Origin,Transition - Pyrimidine/Pyrimidine,C>T
48381692,rs275844,AA,GA,GG,79,1,0,NC_000019.10,Mutation NB - Paternal Origin,Transition - Purine/Purine,A>G
48711491,rs281381,CC,TT,CC,88,76,9,NC_000019.10,Mutation NB - Maternal Origin,Transition - Pyrimidine/Pyrimidine,T>C
48946385,rs138257201,GG,GG,GA,91,88,30,NC_000019.10,Mutation NB - Maternal Origin,Transition - Purine/Purine,Unsolved
49908485,rs892028,AA,GG,GG,88,67,39,NC_000019.10,Mutation NB - Paternal Origin,Transition - Purine/Purine,A>G
50528363,rs7256806,TT,CC,CC,91,89,9,NC_000019.10,Mutation NB - Paternal Origin,Transition - Pyrimidine/Pyrimidine,T>C
51579208,rs6509553,GG,AG,AA,79,2,0,NC_000019.10,Mutation NB - Paternal Origin,Transition - Purine/Purine,G>A
56720570,.,AA,AA,AG,76,58,47,NC_000019.10,Mutation NB - Maternal Origin,Transition - Purine/Purine,Unsolved
58244402,.,AA,AA,AG,76,82,59,NC_000019.10,Mutation NB - Paternal Origin,Transition - Purine/Purine,Unsolved
1286486,rs6078462,TT,CC,TT,73,70,27,NC_000020.11,Mutation NB - Maternal Origin,Transition - Pyrimidine/Pyrimidine,C>T
3764317,rs472910,TA,TT,AA,1,100,21,NC_000020.11,Mutation NB - Maternal Origin,Transversion - Purine/Pyrimidine,T>A
4016649,.,AA,AA,AG,64,64,50,NC_000020.11,Mutation NB - Paternal or Maternal,Transition - Purine/Purine,Unsolved
5250862,.,TT,TT,TC,67,91,50,NC_000020.11,Mutation NB - Paternal Origin,Transition - Pyrimidine/Pyrimidine,Unsolved
5802772,rs401373,TT,GG,GG,67,52,0,NC_000020.11,Mutation NB - Paternal Origin,Transversion - Purine/Pyrimidine,T>G
6196045,rs58168969,TT,TT,CC,88,88,9,NC_000020.11,Mutation NB - Paternal or Maternal,Transition - Pyrimidine/Pyrimidine,Unsolved
7324930,rs6038778,TC,TT,CC,29,100,12,NC_000020.11,Mutation NB - Maternal Origin,Transition - Pyrimidine/Pyrimidine,T>C
7803612,rs35024574,GG,GG,GA,58,100,57,NC_000020.11,Mutation NB - Paternal Origin,Transition - Purine/Purine,Unsolved
11458604,rs2180099,AA,CC,CC,100,79,9,NC_000020.11,Mutation NB - Paternal Origin,Transversion - Purine/Pyrimidine,A>C
13017611,rs55646676,GG,GG,GA,91,70,68,NC_000020.11,Mutation NB - Maternal Origin,Transition - Purine/Purine,Unsolved
13236972,.,TT,TT,TC,85,91,50,NC_000020.11,Mutation NB - Paternal Origin,Transition - Pyrimidine/Pyrimidine,Unsolved
16062601,rs6043708,CT,CC,TT,72,100,21,NC_000020.11,Mutation NB - Maternal Origin,Transversion - Purine/Pyrimidine,C>T
16228828,rs1437018744,TT,TT,TG,98,88,7,NC_000020.11,Mutation NB - Maternal Origin,Transition - Pyrimidine/Pyrimidine,Transversion - Purine/Pyrimidine,Unsolved
16379005,rs8116503,CC,TT,CC,88,88,12,NC_000020.11,Mutation NB - Maternal Origin,Transition - Pyrimidine/Pyrimidine,T>C
16760852,rs6075106,GG,AA,GG,100,70,0,NC_000020.11,Mutation NB - Maternal Origin,Transition - Purine/Purine,A>G
16915821,.,AA,AA,AG,82,52,99,NC_000020.11,Mutation NB - Maternal Origin,Transition - Purine/Purine,Unsolved
17621551,rs73898358,AA,AA,GG,100,88,9,NC_000020.11,Mutation NB - Maternal Origin,Transition - Purine/Purine,Unsolved
19107281,rs4814828,GG,GA,AA,100,32,9,NC_000020.11,Mutation NB - Paternal Origin,Transition - Purine/Purine,G>A
19498429,.,TT,TT,TC,55,67,41,NC_000020.11,Mutation NB - Paternal Origin,Transition - Pyrimidine/Pyrimidine,Unsolved
19639666,rs6106114,CC,TT,TT,82,88,15,NC_000020.11,Mutation NB - Paternal Origin,Transition - Pyrimidine/Pyrimidine,C>T
20466369,.,GG,GG,GA,73,73,40,NC_000020.11,Mutation NB - Paternal or Maternal,Transition - Purine/Purine,Unsolved
20781290,.,TT,TT,TC,67,85,48,NC_000020.11,Mutation NB - Paternal Origin,Transition - Pyrimidine/Pyrimidine,Unsolved
21016605,rs6132376,AA,AG,GG,88,36,12,NC_000020.11,Mutation NB - Paternal Origin,Transition - Purine/Purine,A>G
23688728,.,GG,GG,GT,76,49,46,NC_000020.11,Mutation NB - Maternal Origin,Transversion - Purine/Pyrimidine,Unsolved
25212498,rs866721881,CC,CC,CT,13,67,50,NC_000020.11,Mutation NB - Paternal Origin,Transition - Pyrimidine/Pyrimidine,Unsolved
25214102,rs55732243,CC,CC,CT,100,40,92,NC_000020.11,Mutation NB - Maternal Origin,Transition - Pyrimidine/Pyrimidine,Unsolved
25292277,rs371268299,CC,CC,TT,100,49,27,NC_000020.11,Mutation NB - Maternal Origin,Transition - Pyrimidine/Pyrimidine,Unsolved
25328345,rs2482923,CC,TT,TT,85,100,0,NC_000020.11,Mutation NB - Paternal Origin,Transition - Pyrimidine/Pyrimidine,C>T
25569653,rs73337366,CC,TT,CC,100,88,9,NC_000020.11,Mutation NB - Maternal Origin,Transition - Pyrimidine/Pyrimidine,T>C
26280576,rs577953596,AA,AC,CC,85,1,12,NC_000020.11,Mutation NB - Paternal Origin,Transversion - Purine/Pyrimidine,A>C
29746112,rs1388435546,CC,CC,CT,67,100,19,NC_000020.11,Mutation NB - Paternal Origin,Transition - Pyrimidine/Pyrimidine,Unsolved
30622351,rs1276539342,AA,AA,AG,34,100,99,NC_000020.11,Mutation NB - Paternal Origin,Transition - Purine/Purine,Unsolved
32017983,.,TT,TT,TC,91,58,44,NC_000020.11,Mutation NB - Maternal Origin,Transition - Pyrimidine/Pyrimidine,Unsolved
35438410,.,TT,TT,TC,76,79,33,NC_000020.11,Mutation NB - Paternal Origin,Transition - Pyrimidine/Pyrimidine,Unsolved
35722021,rs530351602,TT,TT,TC,82,100,67,NC_000020.11,Mutation NB - Paternal Origin,Transition - Pyrimidine/Pyrimidine,Unsolved
36403919,.,TT,TT,TC,64,73,57,NC_000020.11,Mutation NB - Paternal Origin,Transition - Pyrimidine/Pyrimidine,Unsolved
36551093,rs694379,GG,GA,AA,100,28,21,NC_000020.11,Mutation NB - Paternal Origin,Transition - Purine/Purine,G>A
38818704,rs1183946631,GG,GG,GT,70,79,47,NC_000020.11,Mutation NB - Paternal Origin,Transversion - Purine/Pyrimidine,Unsolved
38882257,rs55927879,CC,GG,GG,100,73,60,NC_000020.11,Mutation NB - Paternal Origin,Transversion - Purine/Pyrimidine,C>G
40855571,rs2030954621,AA,AA,AG,70,67,47,NC_000020.11,Mutation NB - Maternal Origin,Transition - Purine/Purine,Unsolved
41362504,rs41307177,AA,AA,AG,100,85,99,NC_000020.11,Mutation NB - Maternal Origin,Transition - Purine/Purine,Unsolved
42980548,rs2867591,GG,GG,AA,73,85,15,NC_000020.11,Mutation NB - Paternal Origin,Transition - Purine/Purine,Unsolved
45962685,rs11906879,TC,TT,CC,70,91,12,NC_000020.11,Mutation NB - Maternal Origin,Transition - Pyrimidine/Pyrimidine,T>C
46159994,rs2425754,GA,GG,AA,33,85,12,NC_000020.11,Mutation NB - Maternal Origin,Transition - Purine/Purine,G>A
46754236,rs11086180,TT,AA,AA,85,85,0,NC_000020.11,Mutation NB - Paternal Origin,Transversion - Purine/Pyrimidine,T>A
47802034,rs1884780,CC,CC,CT,88,91,36,NC_000020.11,Mutation NB - Paternal Origin,Transition - Pyrimidine/Pyrimidine,Unsolved
47802041,rs1884781,GG,GG,GA,88,91,36,NC_000020.11,Mutation NB - Paternal Origin,Transition - Purine/Purine,Unsolved
47894904,rs796771549,GG,GG,GC,1,56,99,NC_000020.11,Mutation NB - Paternal Origin,Transition - Purine/Purine,Transversion - Purine/Pyrimidine,Unsolved
47896023,rs796742697,AA,AA,AG,46,100,99,NC_000020.11,Mutation NB - Paternal Origin,Transition - Purine/Purine,Unsolved
47896026,rs796814557,TT,TT,TC,67,100,99,NC_000020.11,Mutation NB - Paternal Origin,Transition - Pyrimidine/Pyrimidine,Unsolved
48580109,rs4810826,CC,TT,CC,85,100,24,NC_000020.11,Mutation NB - Maternal Origin,Transition - Pyrimidine/Pyrimidine,T>C
48604230,rs2089148709,TT,TT,TC,88,79,47,NC_000020.11,Mutation NB - Maternal Origin,Transition - Pyrimidine/Pyrimidine,Unsolved
48666433,rs41314908,CC,TT,CC,70,91,21,NC_000020.11,Mutation NB - Maternal Origin,Transition - Pyrimidine/Pyrimidine,T>C
49249362,rs1465881673,AA,AA,AG,70,76,66,NC_000020.11,Mutation NB - Paternal Origin,Transition - Purine/Purine,Unsolved
50215598,rs11699802,CC,TT,CC,76,91,27,NC_000020.11,Mutation NB - Maternal Origin,Transition - Pyrimidine/Pyrimidine,T>C
50325191,rs1389086581,CC,CC,CT,34,88,99,NC_000020.11,Mutation NB - Paternal Origin,Transition - Pyrimidine/Pyrimidine,Unsolved
51461382,rs228842,CC,CT,TT,91,63,9,NC_000020.11,Mutation NB - Paternal Origin,Transition - Pyrimidine/Pyrimidine,C>T
54793772,rs6127281,GG,GG,GT,100,73,24,NC_000020.11,Mutation NB - Maternal Origin,Transversion - Purine/Pyrimidine,Unsolved
54793941,rs6098242,CC,CC,CA,100,67,68,NC_000020.11,Mutation NB - Maternal Origin,Transversion - Purine/Pyrimidine,Unsolved
55036542,rs158309,AA,AG,GG,100,1,18,NC_000020.11,Mutation NB - Paternal Origin,Transition - Purine/Purine,A>G
55897473,rs2208144,TT,CC,CC,91,91,0,NC_000020.11,Mutation NB - Paternal Origin,Transition - Pyrimidine/Pyrimidine,T>C
55992677,rs60721683,AA,AA,AG,100,73,56,NC_000020.11,Mutation NB - Maternal Origin,Transition - Purine/Purine,Unsolved
57068512,rs6014915,GG,GG,GT,70,85,99,NC_000020.11,Mutation NB - Paternal Origin,Transversion - Purine/Pyrimidine,Unsolved
57761522,rs6015075,TT,GG,GG,91,79,12,NC_000020.11,Mutation NB - Paternal Origin,Transversion - Purine/Pyrimidine,T>G
57988118,rs6123758,GG,GG,GA,88,100,68,NC_000020.11,Mutation NB - Paternal Origin,Transition - Purine/Purine,Unsolved
58102345,.,TT,TT,TC,79,85,50,NC_000020.11,Mutation NB - Paternal Origin,Transition - Pyrimidine/Pyrimidine,Unsolved
59675605,rs6128661,TT,AA,TT,82,100,27,NC_000020.11,Mutation NB - Maternal Origin,Transversion - Purine/Pyrimidine,A>T
59756188,rs11086676,TT,TT,CT,91,88,99,NC_000020.11,Mutation NB - Maternal Origin,Transition - Pyrimidine/Pyrimidine,Unsolved
59819554,rs1007760856,GG,GG,GA,92,91,99,NC_000020.11,Mutation NB - Maternal Origin,Transition - Purine/Purine,Unsolved
59819559,rs1017853309,CC,CC,CA,100,100,99,NC_000020.11,Mutation NB - Paternal or Maternal,Transversion - Purine/Pyrimidine,Unsolved
60733078,rs1202003,AA,GG,GG,100,82,15,NC_000020.11,Mutation NB - Paternal Origin,Transition - Purine/Purine,A>G
60750703,rs6027800,CC,CC,CT,52,88,99,NC_000020.11,Mutation NB - Paternal Origin,Transition - Pyrimidine/Pyrimidine,Unsolved
61819055,rs1980882344,AA,AA,AG,76,55,50,NC_000020.11,Mutation NB - Maternal Origin,Transition - Purine/Purine,Unsolved
61863335,rs4925305,CT,TT,CC,79,85,0,NC_000020.11,Mutation NB - Maternal Origin,Transition - Pyrimidine/Pyrimidine,T>C
62485566,rs1351082028,CC,CC,CT,100,82,97,NC_000020.11,Mutation NB - Maternal Origin,Transition - Pyrimidine/Pyrimidine,Unsolved
62589028,rs76330264,GG,AA,AA,88,73,18,NC_000020.11,Mutation NB - Paternal Origin,Transition - Purine/Purine,G>A
62624018,rs966055379,TC,TT,CC,39,82,21,NC_000020.11,Mutation NB - Maternal Origin,Transition - Pyrimidine/Pyrimidine,T>C
62679155,rs6011614,GG,AA,GG,85,100,21,NC_000020.11,Mutation NB - Maternal Origin,Transition - Purine/Purine,A>G
62964284,rs2248900,CC,CC,CT,100,61,33,NC_000020.11,Mutation NB - Maternal Origin,Transition - Pyrimidine/Pyrimidine,Unsolved
63092084,rs75017690,CC,CC,CT,100,73,99,NC_000020.11,Mutation NB - Maternal Origin,Transition - Pyrimidine/Pyrimidine,Unsolved
63238597,rs6011693,CC,CC,GG,100,100,21,NC_000020.11,Mutation NB - Paternal or Maternal,Transversion - Purine/Pyrimidine,Unsolved
63666449,rs6011002,AG,AA,GG,3,100,21,NC_000020.11,Mutation NB - Maternal Origin,Transition - Purine/Purine,A>G
63786149,rs6010650,CC,AA,AA,88,100,9,NC_000020.11,Mutation NB - Paternal Origin,Transversion - Purine/Pyrimidine,C>A
64078567,rs79406239,CC,CC,CT,100,88,61,NC_000020.11,Mutation NB - Maternal Origin,Transition - Pyrimidine/Pyrimidine,Unsolved
13882549,rs2183550,AA,AA,AG,100,73,50,NC_000021.9,Mutation NB - Maternal Origin,Transition - Purine/Purine,Unsolved
17808454,.,TT,TT,TC,49,46,53,NC_000021.9,Mutation NB - Maternal Origin,Transition - Pyrimidine/Pyrimidine,Unsolved
23251566,rs2827992,CC,TT,CC,85,85,18,NC_000021.9,Mutation NB - Maternal Origin,Transition - Pyrimidine/Pyrimidine,T>C
28493630,rs2831862,GG,AG,AA,76,67,0,NC_000021.9,Mutation NB - Paternal Origin,Transition - Purine/Purine,G>A
29354452,rs2027605,AA,AA,AG,91,91,33,NC_000021.9,Mutation NB - Paternal or Maternal,Transition - Purine/Purine,Unsolved
31044006,rs114065801,CC,CC,CT,91,79,71,NC_000021.9,Mutation NB - Maternal Origin,Transition - Pyrimidine/Pyrimidine,Unsolved
31532807,rs10854349,CC,TC,TT,91,35,15,NC_000021.9,Mutation NB - Paternal Origin,Transition - Pyrimidine/Pyrimidine,C>T
31750392,.,TT,TT,TC,64,76,68,NC_000021.9,Mutation NB - Paternal Origin,Transition - Pyrimidine/Pyrimidine,Unsolved
34034872,rs1988854185,TT,TT,TC,49,67,44,NC_000021.9,Mutation NB - Paternal Origin,Transition - Pyrimidine/Pyrimidine,Unsolved
36053971,.,AA,AA,AG,76,82,41,NC_000021.9,Mutation NB - Paternal Origin,Transition - Purine/Purine,Unsolved
36211281,rs2066494358,AA,AA,AG,88,73,71,NC_000021.9,Mutation NB - Maternal Origin,Transition - Purine/Purine,Unsolved
36245657,.,AA,AA,AG,91,91,56,NC_000021.9,Mutation NB - Paternal or Maternal,Transition - Purine/Purine,Unsolved
36459562,rs219785,GG,GG,GC,100,100,75,NC_000021.9,Mutation NB - Paternal or Maternal,Transition - Purine/Purine,Transversion - Purine/Pyrimidine,Unsolved
36935238,rs2835538,CC,TT,CC,85,85,9,NC_000021.9,Mutation NB - Maternal Origin,Transition - Pyrimidine/Pyrimidine,T>C
37564604,.,AA,AA,AG,91,82,47,NC_000021.9,Mutation NB - Maternal Origin,Transition - Purine/Purine,Unsolved
37895943,rs8129611,GG,TT,TT,82,91,17,NC_000021.9,Mutation NB - Paternal Origin,Transversion - Purine/Pyrimidine,G>T
38058575,.,CC,CC,CT,79,70,41,NC_000021.9,Mutation NB - Maternal Origin,Transition - Pyrimidine/Pyrimidine,Unsolved
38764258,.,TT,TT,TC,55,67,44,NC_000021.9,Mutation NB - Paternal Origin,Transition - Pyrimidine/Pyrimidine,Unsolved
39553581,rs11088484,GA,GG,AA,1,100,45,NC_000021.9,Mutation NB - Maternal Origin,Transition - Purine/Purine,G>A
42159667,rs115321380,CC,TT,CC,91,88,12,NC_000021.9,Mutation NB - Maternal Origin,Transition - Pyrimidine/Pyrimidine,T>C
42228899,.,AA,AA,AG,61,76,48,NC_000021.9,Mutation NB - Paternal Origin,Transition - Purine/Purine,Unsolved
42277085,rs2234718,AA,AA,AG,100,55,99,NC_000021.9,Mutation NB - Maternal Origin,Transition - Purine/Purine,Unsolved
42294407,rs9975333,AC,CC,AA,70,43,0,NC_000021.9,Mutation NB - Maternal Origin,Transversion - Purine/Pyrimidine,C>A
42467359,rs55912114,GG,AA,GG,91,61,0,NC_000021.9,Mutation NB - Maternal Origin,Transition - Purine/Purine,A>G
43360089,rs2838285,GG,AG,AA,58,1,0,NC_000021.9,Mutation NB - Paternal Origin,Transition - Purine/Purine,G>A
44510752,rs2838575,GG,GG,GA,85,85,27,NC_000021.9,Mutation NB - Paternal or Maternal,Transition - Purine/Purine,Unsolved
44578891,rs464504,CC,AA,CC,91,91,21,NC_000021.9,Mutation NB - Maternal Origin,Transversion - Purine/Pyrimidine,A>C
44685458,rs28681623,CC,TT,CC,79,88,9,NC_000021.9,Mutation NB - Maternal Origin,Transition - Pyrimidine/Pyrimidine,T>C
44760394,rs2838673,AA,GA,GG,85,3,9,NC_000021.9,Mutation NB - Paternal Origin,Transition - Purine/Purine,A>G
44955889,rs2838745,AA,GA,GG,91,32,18,NC_000021.9,Mutation NB - Paternal Origin,Transition - Purine/Purine,A>G
44977567,rs2085284884,GG,GG,GA,79,89,46,NC_000021.9,Mutation NB - Paternal Origin,Transition - Purine/Purine,Unsolved
45161252,rs384876,CC,TC,TT,88,67,15,NC_000021.9,Mutation NB - Paternal Origin,Transition - Pyrimidine/Pyrimidine,C>T
45493021,rs2297288,TT,TT,TC,100,64,99,NC_000021.9,Mutation NB - Maternal Origin,Transition - Pyrimidine/Pyrimidine,Unsolved
46398384,rs2073382,TT,TC,CC,91,1,9,NC_000021.9,Mutation NB - Paternal Origin,Transition - Pyrimidine/Pyrimidine,T>C
12798888,rs1201174125,GG,GG,GA,55,76,56,NC_000022.11,Mutation NB - Paternal Origin,Transition - Purine/Purine,Unsolved
17268206,rs5749002,GG,GG,GA,100,82,99,NC_000022.11,Mutation NB - Maternal Origin,Transition - Purine/Purine,Unsolved
17841912,.,TT,TT,TA,76,76,47,NC_000022.11,Mutation NB - Paternal or Maternal,Transition - Pyrimidine/Pyrimidine,Transversion - Purine/Pyrimidine,Unsolved
19723501,rs1408875536,GG,GG,GA,100,82,99,NC_000022.11,Mutation NB - Maternal Origin,Transition - Purine/Purine,Unsolved
19852890,rs11704083,AG,GG,AA,32,79,0,NC_000022.11,Mutation NB - Maternal Origin,Transition - Purine/Purine,G>A
19970240,rs165655,AA,GG,GG,55,85,0,NC_000022.11,Mutation NB - Paternal Origin,Transition - Purine/Purine,A>G
20414765,rs12330023,CC,CC,CT,100,76,99,NC_000022.11,Mutation NB - Maternal Origin,Transition - Pyrimidine/Pyrimidine,Unsolved
23095361,.,CC,CC,CT,85,79,56,NC_000022.11,Mutation NB - Maternal Origin,Transition - Pyrimidine/Pyrimidine,Unsolved
25393597,.,CC,CC,CA,10,61,68,NC_000022.11,Mutation NB - Paternal Origin,Transversion - Purine/Pyrimidine,Unsolved
25846262,rs2859407,CC,TT,CC,70,91,15,NC_000022.11,Mutation NB - Maternal Origin,Transition - Pyrimidine/Pyrimidine,T>C
26372389,rs669318,AA,GG,GG,91,73,12,NC_000022.11,Mutation NB - Paternal Origin,Transition - Purine/Purine,A>G
26499530,rs112762859,CC,TT,TT,82,61,21,NC_000022.11,Mutation NB - Paternal Origin,Transition - Pyrimidine/Pyrimidine,C>T
26647919,rs763275,CC,CC,TC,73,76,67,NC_000022.11,Mutation NB - Paternal Origin,Transition - Pyrimidine/Pyrimidine,Unsolved
27628218,rs133986,CC,CC,CT,100,100,68,NC_000022.11,Mutation NB - Paternal or Maternal,Transition - Pyrimidine/Pyrimidine,Unsolved
29150894,rs73397022,AA,GG,AA,73,79,42,NC_000022.11,Mutation NB - Maternal Origin,Transition - Purine/Purine,G>A
29260400,rs2231398,TT,GG,GG,91,88,27,NC_000022.11,Mutation NB - Paternal Origin,Transversion - Purine/Pyrimidine,T>G
30380430,rs757870,TT,CC,TT,82,85,0,NC_000022.11,Mutation NB - Maternal Origin,Transition - Pyrimidine/Pyrimidine,C>T
30383222,rs5753111,TC,CC,TT,67,85,0,NC_000022.11,Mutation NB - Maternal Origin,Transversion - Purine/Pyrimidine,C>T
30752117,rs116877820,GG,GG,GA,100,73,95,NC_000022.11,Mutation NB - Maternal Origin,Transition - Purine/Purine,Unsolved
31208136,rs62237436,GG,GG,GT,46,88,99,NC_000022.11,Mutation NB - Paternal Origin,Transversion - Purine/Pyrimidine,Unsolved
32041963,rs2267173,GG,GG,GC,70,100,99,NC_000022.11,Mutation NB - Paternal Origin,Transition - Purine/Purine,Transversion - Purine/Pyrimidine,Unsolved
32207354,rs5998301,CG,GG,CC,29,88,15,NC_000022.11,Mutation NB - Maternal Origin,Transversion - Purine/Pyrimidine,G>C
32319572,rs5753966,AA,AC,CC,100,1,18,NC_000022.11,Mutation NB - Paternal Origin,Transversion - Purine/Pyrimidine,A>C
33440279,.,AA,AA,AG,73,55,62,NC_000022.11,Mutation NB - Maternal Origin,Transition - Purine/Purine,Unsolved
34225311,rs1481488607,TT,TT,TC,79,58,50,NC_000022.11,Mutation NB - Maternal Origin,Transition - Pyrimidine/Pyrimidine,Unsolved
34931884,rs12161055,AA,AA,AT,100,70,99,NC_000022.11,Mutation NB - Maternal Origin,Transversion - Purine/Pyrimidine,Unsolved
35580525,rs5750121,AA,GG,GG,100,76,15,NC_000022.11,Mutation NB - Paternal Origin,Transition - Purine/Purine,A>G
36294074,rs56020676,CC,TT,CC,88,91,12,NC_000022.11,Mutation NB - Maternal Origin,Transition - Pyrimidine/Pyrimidine,T>C
36314138,rs3752462,TT,CC,CC,85,76,12,NC_000022.11,Mutation NB - Paternal Origin,Transition - Pyrimidine/Pyrimidine,T>C
37338493,rs5756635,TT,CC,TT,67,58,9,NC_000022.11,Mutation NB - Maternal Origin,Transition - Pyrimidine/Pyrimidine,C>T
38638364,.,AA,AA,AG,67,55,65,NC_000022.11,Mutation NB - Maternal Origin,Transition - Purine/Purine,Unsolved
38729069,rs4820346,CG,GG,CC,35,61,0,NC_000022.11,Mutation NB - Maternal Origin,Transversion - Purine/Pyrimidine,G>C
38770034,rs4821818,TT,TT,CT,91,43,21,NC_000022.11,Mutation NB - Maternal Origin,Transition - Pyrimidine/Pyrimidine,Unsolved
39045198,rs4821862,CT,CC,TT,1,85,27,NC_000022.11,Mutation NB - Maternal Origin,Transversion - Purine/Pyrimidine,C>T
39052745,rs5757451,CC,TT,CC,79,100,45,NC_000022.11,Mutation NB - Maternal Origin,Transition - Pyrimidine/Pyrimidine,T>C
39341275,.,AA,AA,AG,67,52,41,NC_000022.11,Mutation NB - Maternal Origin,Transition - Purine/Purine,Unsolved
40029616,rs1257891916,TT,TT,TC,70,61,47,NC_000022.11,Mutation NB - Maternal Origin,Transition - Pyrimidine/Pyrimidine,Unsolved
41565912,rs12483860,CC,CC,CT,76,100,99,NC_000022.11,Mutation NB - Paternal Origin,Transition - Pyrimidine/Pyrimidine,Unsolved
42035242,rs133351,GG,GT,TT,100,1,45,NC_000022.11,Mutation NB - Paternal Origin,Transversion - Purine/Pyrimidine,G>T
42970890,rs738394,TT,CC,TT,91,100,21,NC_000022.11,Mutation NB - Maternal Origin,Transition - Pyrimidine/Pyrimidine,C>T
43044692,.,TT,TT,TC,97,46,44,NC_000022.11,Mutation NB - Maternal Origin,Transition - Pyrimidine/Pyrimidine,Unsolved
43430317,rs135078,CT,CC,TT,1,100,39,NC_000022.11,Mutation NB - Maternal Origin,Transversion - Purine/Pyrimidine,C>T
43469285,.,AA,AA,AG,82,70,59,NC_000022.11,Mutation NB - Maternal Origin,Transition - Purine/Purine,Unsolved
43774597,rs17569774,CC,CC,CT,88,67,99,NC_000022.11,Mutation NB - Maternal Origin,Transition - Pyrimidine/Pyrimidine,Unsolved
44340818,rs115577113,AA,GG,GG,80,55,36,NC_000022.11,Mutation NB - Paternal Origin,Transition - Purine/Purine,A>G
44350184,rs5765072,TT,CC,CC,85,61,9,NC_000022.11,Mutation NB - Paternal Origin,Transition - Pyrimidine/Pyrimidine,T>C
44383423,rs135900,GG,AA,GG,70,73,0,NC_000022.11,Mutation NB - Maternal Origin,Transition - Purine/Purine,A>G
44720290,rs77069626,GG,GA,AA,100,70,27,NC_000022.11,Mutation NB - Paternal Origin,Transition - Purine/Purine,G>A
44720291,rs62228465,GG,GA,AA,100,70,27,NC_000022.11,Mutation NB - Paternal Origin,Transition - Purine/Purine,G>A
44960292,rs149243310,CC,CC,CT,70,100,99,NC_000022.11,Mutation NB - Paternal Origin,Transition - Pyrimidine/Pyrimidine,Unsolved
45443006,rs5765371,TC,CC,TT,13,82,0,NC_000022.11,Mutation NB - Maternal Origin,Transversion - Purine/Pyrimidine,C>T
45494625,.,AA,AA,AG,58,92,40,NC_000022.11,Mutation NB - Paternal Origin,Transition - Purine/Purine,Unsolved
46571749,rs535476769,GG,AA,GG,79,76,18,NC_000022.11,Mutation NB - Maternal Origin,Transition - Purine/Purine,A>G
46618400,rs79160,GG,GA,AA,100,38,21,NC_000022.11,Mutation NB - Paternal Origin,Transition - Purine/Purine,G>A
46739308,rs5769126,AA,AA,AC,64,100,50,NC_000022.11,Mutation NB - Paternal Origin,Transversion - Purine/Pyrimidine,Unsolved
48508619,rs73441622,AG,AA,GG,29,100,18,NC_000022.11,Mutation NB - Maternal Origin,Transition - Purine/Purine,A>G
48593189,rs534989817,GG,GG,GC,76,100,24,NC_000022.11,Mutation NB - Paternal Origin,Transition - Purine/Purine,Transversion - Purine/Pyrimidine,Unsolved
48664920,rs5771919,AG,AA,GG,1,100,21,NC_000022.11,Mutation NB - Maternal Origin,Transition - Purine/Purine,A>G
48673423,.,AA,AA,AG,79,49,50,NC_000022.11,Mutation NB - Maternal Origin,Transition - Purine/Purine,Unsolved
48703858,rs4925445,AA,AA,AG,73,100,99,NC_000022.11,Mutation NB - Paternal Origin,Transition - Purine/Purine,Unsolved
48942274,rs5770260,TT,TT,CC,67,88,0,NC_000022.11,Mutation NB - Paternal Origin,Transition - Pyrimidine/Pyrimidine,Unsolved
48942287,rs76480708,GA,AA,GG,1,88,11,NC_000022.11,Mutation NB - Maternal Origin,Transition - Purine/Purine,A>G
48942291,rs9616572,CT,TT,CC,1,88,30,NC_000022.11,Mutation NB - Maternal Origin,Transition - Pyrimidine/Pyrimidine,T>C
49035781,rs9616414,GG,GC,CC,88,67,9,NC_000022.11,Mutation NB - Paternal Origin,Transversion - Purine/Pyrimidine,G>C
49569965,rs135842,GG,AA,AA,100,85,9,NC_000022.11,Mutation NB - Paternal Origin,Transition - Purine/Purine,G>A
49755134,rs139830,CC,AA,AA,91,88,9,NC_000022.11,Mutation NB - Paternal Origin,Transversion - Purine/Pyrimidine,C>A
49857132,.,GG,GG,GA,64,79,56,NC_000022.11,Mutation NB - Paternal Origin,Transition - Purine/Purine,Unsolved
49956135,.,AA,AA,AG,73,85,53,NC_000022.11,Mutation NB - Paternal Origin,Transition - Purine/Purine,Unsolved
50008559,rs137864,CC,TT,CC,73,79,9,NC_000022.11,Mutation NB - Maternal Origin,Transition - Pyrimidine/Pyrimidine,T>C
50156937,rs58942095,GG,GG,GC,52,100,99,NC_000022.11,Mutation NB - Paternal Origin,Transition - Purine/Purine,Transversion - Purine/Pyrimidine,Unsolved
50249806,rs738334,TT,CC,CC,88,70,33,NC_000022.11,Mutation NB - Paternal Origin,Transition - Pyrimidine/Pyrimidine,T>C
50312239,.,AA,AA,AG,58,79,52,NC_000022.11,Mutation NB - Paternal Origin,Transition - Purine/Purine,Unsolved
