1381034,rs1644379251,TT,TT,TC,88,79,40,NC_000001.11,Mutation NB - Maternal Origin,Transition - Pyrimidine/Pyrimidine,Unsolved
1620806,rs150899569,GG,GG,GA,85,73,99,NC_000001.11,Mutation NB - Maternal Origin,Transition - Purine/Purine,Unsolved
2021122,.,AA,AA,AG,85,67,50,NC_000001.11,Mutation NB - Maternal Origin,Transition - Purine/Purine,Unsolved
2048285,rs3128317,CC,CC,CA,82,100,99,NC_000001.11,Mutation NB - Paternal Origin,Transversion - Purine/Pyrimidine,Unsolved
2208389,.,GG,GG,GA,61,91,98,NC_000001.11,Mutation NB - Paternal Origin,Transition - Purine/Purine,Unsolved
2216191,rs35347369,CC,AA,CC,88,91,9,NC_000001.11,Mutation NB - Maternal Origin,Transversion - Purine/Pyrimidine,A>C
2814835,rs780752355,CC,CC,CT,70,37,41,NC_000001.11,Mutation NB - Maternal Origin,Transition - Pyrimidine/Pyrimidine,Unsolved
3345118,rs4415513,CC,CC,CT,100,61,99,NC_000001.11,Mutation NB - Maternal Origin,Transition - Pyrimidine/Pyrimidine,Unsolved
3395791,.,CC,CC,CT,79,67,62,NC_000001.11,Mutation NB - Maternal Origin,Transition - Pyrimidine/Pyrimidine,Unsolved
3631887,rs74048690,TT,TT,TG,76,86,69,NC_000001.11,Mutation NB - Paternal Origin,Transition - Pyrimidine/Pyrimidine,Transversion - Purine/Pyrimidine,Unsolved
3826827,rs6688969,CC,CC,CT,91,91,68,NC_000001.11,Mutation NB - Paternal or Maternal,Transition - Pyrimidine/Pyrimidine,Unsolved
4330229,rs625079,TT,TT,TC,88,88,99,NC_000001.11,Mutation NB - Paternal or Maternal,Transition - Pyrimidine/Pyrimidine,Unsolved
5481712,rs59955030,AA,AC,CC,91,1,9,NC_000001.11,Mutation NB - Paternal Origin,Transversion - Purine/Pyrimidine,A>C
5481743,rs75878503,CC,CT,TT,91,1,9,NC_000001.11,Mutation NB - Paternal Origin,Transition - Pyrimidine/Pyrimidine,C>T
5873703,rs905468,CC,CC,CT,100,49,99,NC_000001.11,Mutation NB - Maternal Origin,Transition - Pyrimidine/Pyrimidine,Unsolved
6039588,rs1570928244,GG,GG,GA,61,85,86,NC_000001.11,Mutation NB - Paternal Origin,Transition - Purine/Purine,Unsolved
6320685,rs7555762,TT,TT,TC,85,100,85,NC_000001.11,Mutation NB - Paternal Origin,Transition - Pyrimidine/Pyrimidine,Unsolved
7062666,rs555505816,TT,CC,CC,85,64,63,NC_000001.11,Mutation NB - Paternal Origin,Transition - Pyrimidine/Pyrimidine,T>C
7385616,.,AA,AA,AG,85,52,45,NC_000001.11,Mutation NB - Maternal Origin,Transition - Purine/Purine,Unsolved
8361143,rs13596,CC,CC,TC,91,66,99,NC_000001.11,Mutation NB - Maternal Origin,Transition - Pyrimidine/Pyrimidine,Unsolved
10117338,.,TT,TT,TC,61,43,59,NC_000001.11,Mutation NB - Maternal Origin,Transition - Pyrimidine/Pyrimidine,Unsolved
13460537,rs10803324,TT,GG,GG,79,82,0,NC_000001.11,Mutation NB - Paternal Origin,Transversion - Purine/Pyrimidine,T>G
15940876,rs698890,CG,GG,CC,35,76,0,NC_000001.11,Mutation NB - Maternal Origin,Transversion - Purine/Pyrimidine,G>C
16191789,rs12726942,CT,CC,TT,10,67,15,NC_000001.11,Mutation NB - Maternal Origin,Transversion - Purine/Pyrimidine,C>T
16231561,rs12738633,AA,AA,AT,88,85,99,NC_000001.11,Mutation NB - Maternal Origin,Transversion - Purine/Pyrimidine,Unsolved
16338367,rs12091661,AA,AA,AG,100,97,38,NC_000001.11,Mutation NB - Maternal Origin,Transition - Purine/Purine,Unsolved
16619942,rs2262202,CC,CC,CT,79,82,88,NC_000001.11,Mutation NB - Paternal Origin,Transition - Pyrimidine/Pyrimidine,Unsolved
16906782,rs10788670,TC,CC,TT,35,88,0,NC_000001.11,Mutation NB - Maternal Origin,Transversion - Purine/Pyrimidine,C>T
18043496,rs7535260,AA,GG,GG,100,79,21,NC_000001.11,Mutation NB - Paternal Origin,Transition - Purine/Purine,A>G
18043521,rs7523606,CC,TT,TT,100,79,21,NC_000001.11,Mutation NB - Paternal Origin,Transition - Pyrimidine/Pyrimidine,C>T
18607191,rs7514322,AA,CC,AA,100,67,9,NC_000001.11,Mutation NB - Maternal Origin,Transversion - Purine/Pyrimidine,C>A
18835373,rs11261088,CC,CC,CT,91,100,99,NC_000001.11,Mutation NB - Paternal Origin,Transition - Pyrimidine/Pyrimidine,Unsolved
19793293,.,TT,TT,TC,88,73,53,NC_000001.11,Mutation NB - Maternal Origin,Transition - Pyrimidine/Pyrimidine,Unsolved
21066118,rs11808351,CC,CC,CA,100,73,99,NC_000001.11,Mutation NB - Maternal Origin,Transversion - Purine/Pyrimidine,Unsolved
21652737,rs2625408,CC,TT,TT,100,79,12,NC_000001.11,Mutation NB - Paternal Origin,Transition - Pyrimidine/Pyrimidine,C>T
22597734,rs199791152,CC,CC,CT,100,61,99,NC_000001.11,Mutation NB - Maternal Origin,Transition - Pyrimidine/Pyrimidine,Unsolved
23967610,.,TT,TT,TA,76,76,39,NC_000001.11,Mutation NB - Paternal or Maternal,Transition - Pyrimidine/Pyrimidine,Transversion - Purine/Pyrimidine,Unsolved
24086227,rs4233048,CC,TC,TT,55,8,0,NC_000001.11,Mutation NB - Paternal Origin,Transition - Pyrimidine/Pyrimidine,C>T
24730510,rs3122049,CC,TC,TT,67,1,0,NC_000001.11,Mutation NB - Paternal Origin,Transition - Pyrimidine/Pyrimidine,C>T
29206568,rs2503017,GG,AA,AA,76,79,27,NC_000001.11,Mutation NB - Paternal Origin,Transition - Purine/Purine,G>A
30597454,rs1853551,AA,GG,GG,85,70,42,NC_000001.11,Mutation NB - Paternal Origin,Transition - Purine/Purine,A>G
30597493,rs6665772,GG,AA,AA,88,70,39,NC_000001.11,Mutation NB - Paternal Origin,Transition - Purine/Purine,G>A
30636632,rs486532,AA,GG,GG,100,88,18,NC_000001.11,Mutation NB - Paternal Origin,Transition - Purine/Purine,A>G
31786771,.,CC,CC,CG,76,52,44,NC_000001.11,Mutation NB - Maternal Origin,Transversion - Purine/Pyrimidine,Unsolved
32509972,rs7521158,GG,GG,GA,85,73,50,NC_000001.11,Mutation NB - Maternal Origin,Transition - Purine/Purine,Unsolved
33088760,.,TT,TT,TC,61,43,41,NC_000001.11,Mutation NB - Maternal Origin,Transition - Pyrimidine/Pyrimidine,Unsolved
33488752,rs3795418,GG,GG,AG,91,88,99,NC_000001.11,Mutation NB - Maternal Origin,Transition - Purine/Purine,Unsolved
33876738,rs4653355,CC,TT,CC,82,100,48,NC_000001.11,Mutation NB - Maternal Origin,Transition - Pyrimidine/Pyrimidine,T>C
34403353,.,TT,TT,TC,55,28,50,NC_000001.11,Mutation NB - Maternal Origin,Transition - Pyrimidine/Pyrimidine,Unsolved
34938335,.,AA,AA,AG,64,70,41,NC_000001.11,Mutation NB - Paternal Origin,Transition - Purine/Purine,Unsolved
35227200,.,AA,AA,AG,76,67,59,NC_000001.11,Mutation NB - Maternal Origin,Transition - Purine/Purine,Unsolved
36872364,.,TT,TT,TA,61,58,39,NC_000001.11,Mutation NB - Maternal Origin,Transition - Pyrimidine/Pyrimidine,Transversion - Purine/Pyrimidine,Unsolved
37231737,.,TT,TT,TC,88,58,46,NC_000001.11,Mutation NB - Maternal Origin,Transition - Pyrimidine/Pyrimidine,Unsolved
38483682,.,TT,TT,TC,88,82,53,NC_000001.11,Mutation NB - Maternal Origin,Transition - Pyrimidine/Pyrimidine,Unsolved
38826837,.,AA,AA,AG,85,82,41,NC_000001.11,Mutation NB - Maternal Origin,Transition - Purine/Purine,Unsolved
40987208,rs12044786,GG,GG,GA,100,88,99,NC_000001.11,Mutation NB - Maternal Origin,Transition - Purine/Purine,Unsolved
42000580,rs348142,TT,CC,TT,82,88,24,NC_000001.11,Mutation NB - Maternal Origin,Transition - Pyrimidine/Pyrimidine,C>T
42465004,rs4660227,AA,AA,AC,82,100,27,NC_000001.11,Mutation NB - Paternal Origin,Transversion - Purine/Pyrimidine,Unsolved
42586992,rs2762692,GG,GA,AA,100,1,33,NC_000001.11,Mutation NB - Paternal Origin,Transition - Purine/Purine,G>A
42741263,rs1180586822,GG,GG,GC,85,82,99,NC_000001.11,Mutation NB - Maternal Origin,Transition - Purine/Purine,Transversion - Purine/Pyrimidine,Unsolved
42741269,rs1302150554,TT,TT,TC,100,82,99,NC_000001.11,Mutation NB - Maternal Origin,Transition - Pyrimidine/Pyrimidine,Unsolved
43921252,.,TT,TT,TC,49,25,41,NC_000001.11,Mutation NB - Maternal Origin,Transition - Pyrimidine/Pyrimidine,Unsolved
44416070,.,TT,TT,TC,88,91,56,NC_000001.11,Mutation NB - Paternal Origin,Transition - Pyrimidine/Pyrimidine,Unsolved
45737457,rs895073076,CC,CC,CT,100,100,99,NC_000001.11,Mutation NB - Paternal or Maternal,Transition - Pyrimidine/Pyrimidine,Unsolved
46547508,rs10890404,AA,GG,GG,100,61,54,NC_000001.11,Mutation NB - Paternal Origin,Transition - Purine/Purine,A>G
47189154,rs1344172973,TT,TT,TG,64,100,99,NC_000001.11,Mutation NB - Paternal Origin,Transition - Pyrimidine/Pyrimidine,Transversion - Purine/Pyrimidine,Unsolved
47210583,.,AA,AA,AG,70,76,66,NC_000001.11,Mutation NB - Paternal Origin,Transition - Purine/Purine,Unsolved
48216021,rs12081912,AA,GG,AA,85,91,9,NC_000001.11,Mutation NB - Maternal Origin,Transition - Purine/Purine,G>A
49652929,rs6660689,CC,TC,TT,91,39,15,NC_000001.11,Mutation NB - Paternal Origin,Transition - Pyrimidine/Pyrimidine,C>T
53145969,rs72670889,GG,AA,GG,85,91,12,NC_000001.11,Mutation NB - Maternal Origin,Transition - Purine/Purine,A>G
54175906,rs611903,CC,TT,CC,76,79,21,NC_000001.11,Mutation NB - Maternal Origin,Transition - Pyrimidine/Pyrimidine,T>C
55280657,rs61773921,GA,GG,AA,67,82,9,NC_000001.11,Mutation NB - Maternal Origin,Transition - Purine/Purine,G>A
57983629,.,AA,AA,AG,82,70,46,NC_000001.11,Mutation NB - Maternal Origin,Transition - Purine/Purine,Unsolved
58455358,rs139893075,CC,CC,CT,70,76,98,NC_000001.11,Mutation NB - Paternal Origin,Transition - Pyrimidine/Pyrimidine,Unsolved
67040097,rs2815373,CC,CT,TT,100,1,21,NC_000001.11,Mutation NB - Paternal Origin,Transition - Pyrimidine/Pyrimidine,C>T
67558526,rs11209115,CC,TT,TT,88,88,9,NC_000001.11,Mutation NB - Paternal Origin,Transition - Pyrimidine/Pyrimidine,C>T
69699832,rs1740902,GG,CC,GG,91,91,0,NC_000001.11,Mutation NB - Maternal Origin,Transversion - Purine/Pyrimidine,C>G
72760645,rs11210053,GG,TT,GG,88,85,0,NC_000001.11,Mutation NB - Maternal Origin,Transition - Purine/Purine,Transversion - Purine/Pyrimidine,T>G
73181389,rs11210174,CC,GG,CC,91,100,15,NC_000001.11,Mutation NB - Maternal Origin,Transversion - Purine/Pyrimidine,G>C
80765325,.,TT,TT,TC,64,58,80,NC_000001.11,Mutation NB - Maternal Origin,Transition - Pyrimidine/Pyrimidine,Unsolved
85283839,.,AA,AA,AT,91,91,53,NC_000001.11,Mutation NB - Paternal or Maternal,Transversion - Purine/Pyrimidine,Unsolved
85921047,.,CC,CC,CG,73,64,39,NC_000001.11,Mutation NB - Maternal Origin,Transversion - Purine/Pyrimidine,Unsolved
89502766,rs10801751,CC,CA,AA,100,4,27,NC_000001.11,Mutation NB - Paternal Origin,Transversion - Purine/Pyrimidine,C>A
89792548,.,AA,AA,AG,88,88,39,NC_000001.11,Mutation NB - Paternal or Maternal,Transition - Purine/Purine,Unsolved
93828027,.,AA,AA,AT,76,79,72,NC_000001.11,Mutation NB - Paternal Origin,Transversion - Purine/Pyrimidine,Unsolved
95974303,rs2168905,CC,TT,CC,88,88,15,NC_000001.11,Mutation NB - Maternal Origin,Transition - Pyrimidine/Pyrimidine,T>C
98904972,rs60534017,TT,CC,CC,88,88,27,NC_000001.11,Mutation NB - Paternal Origin,Transition - Pyrimidine/Pyrimidine,T>C
101125874,rs1007585790,CC,CC,CT,79,82,53,NC_000001.11,Mutation NB - Paternal Origin,Transition - Pyrimidine/Pyrimidine,Unsolved
101267358,rs12118086,GG,GA,AA,100,31,21,NC_000001.11,Mutation NB - Paternal Origin,Transition - Purine/Purine,G>A
104586794,rs12041079,GG,GA,AA,100,1,39,NC_000001.11,Mutation NB - Paternal Origin,Transition - Purine/Purine,G>A
104586970,rs11184217,CC,CA,AA,58,1,45,NC_000001.11,Mutation NB - Paternal Origin,Transversion - Purine/Pyrimidine,C>A
107835854,.,AA,AA,AG,64,49,44,NC_000001.11,Mutation NB - Maternal Origin,Transition - Purine/Purine,Unsolved
109803493,rs7517624,AA,AG,GG,88,38,42,NC_000001.11,Mutation NB - Paternal Origin,Transition - Purine/Purine,A>G
109803525,rs7520586,TT,TG,GG,91,1,42,NC_000001.11,Mutation NB - Paternal Origin,Transversion - Purine/Pyrimidine,T>G
115477620,rs2182629,TT,CC,CC,88,82,9,NC_000001.11,Mutation NB - Paternal Origin,Transition - Pyrimidine/Pyrimidine,T>C
116209774,rs7541124,AA,AA,AG,91,100,27,NC_000001.11,Mutation NB - Paternal Origin,Transition - Purine/Purine,Unsolved
119807752,.,AA,AA,AG,70,46,44,NC_000001.11,Mutation NB - Maternal Origin,Transition - Purine/Purine,Unsolved
119822119,.,AA,AA,AG,79,76,53,NC_000001.11,Mutation NB - Maternal Origin,Transition - Purine/Purine,Unsolved
150985386,.,GG,GG,GA,88,91,51,NC_000001.11,Mutation NB - Paternal Origin,Transition - Purine/Purine,Unsolved
151976683,.,TT,TT,TC,64,52,44,NC_000001.11,Mutation NB - Maternal Origin,Transition - Pyrimidine/Pyrimidine,Unsolved
153011168,rs35036485,GG,AA,AA,91,85,0,NC_000001.11,Mutation NB - Paternal Origin,Transition - Purine/Purine,G>A
153996938,rs138815598,AG,AA,GG,70,76,9,NC_000001.11,Mutation NB - Maternal Origin,Transition - Purine/Purine,A>G
154053415,rs1819663,AA,AA,AG,100,37,99,NC_000001.11,Mutation NB - Maternal Origin,Transition - Purine/Purine,Unsolved
154542247,.,AA,AA,AG,67,40,47,NC_000001.11,Mutation NB - Maternal Origin,Transition - Purine/Purine,Unsolved
155324872,rs1651127656,TT,TT,TC,70,40,47,NC_000001.11,Mutation NB - Maternal Origin,Transition - Pyrimidine/Pyrimidine,Unsolved
156250543,rs147296090,GG,GG,GA,100,79,99,NC_000001.11,Mutation NB - Maternal Origin,Transition - Purine/Purine,Unsolved
156394928,rs7551218,GG,GA,AA,91,1,33,NC_000001.11,Mutation NB - Paternal Origin,Transition - Purine/Purine,G>A
156934029,rs73006684,CC,CC,CT,76,100,33,NC_000001.11,Mutation NB - Paternal Origin,Transition - Pyrimidine/Pyrimidine,Unsolved
157645699,rs573566483,AA,AA,AG,82,79,47,NC_000001.11,Mutation NB - Maternal Origin,Transition - Purine/Purine,Unsolved
158028163,.,AA,AA,AT,58,62,42,NC_000001.11,Mutation NB - Paternal Origin,Transversion - Purine/Pyrimidine,Unsolved
158349008,.,TT,TT,TA,67,88,48,NC_000001.11,Mutation NB - Paternal Origin,Transition - Pyrimidine/Pyrimidine,Transversion - Purine/Pyrimidine,Unsolved
158900673,rs2427815,TG,GG,TT,44,79,0,NC_000001.11,Mutation NB - Maternal Origin,Transversion - Purine/Pyrimidine,G>T
162382267,.,GG,GG,GA,70,70,50,NC_000001.11,Mutation NB - Paternal or Maternal,Transition - Purine/Purine,Unsolved
162387863,rs164178,AA,AA,AG,85,40,99,NC_000001.11,Mutation NB - Maternal Origin,Transition - Purine/Purine,Unsolved
165428093,rs1658547693,AA,AA,AT,34,40,47,NC_000001.11,Mutation NB - Paternal Origin,Transversion - Purine/Pyrimidine,Unsolved
170166624,rs6669514,TT,TC,CC,88,1,63,NC_000001.11,Mutation NB - Paternal Origin,Transition - Pyrimidine/Pyrimidine,T>C
170250892,rs10919341,AA,GG,GG,88,79,24,NC_000001.11,Mutation NB - Paternal Origin,Transition - Purine/Purine,A>G
170811356,rs113455325,CC,CC,CA,70,100,99,NC_000001.11,Mutation NB - Paternal Origin,Transversion - Purine/Pyrimidine,Unsolved
171381075,rs912536134,TT,TT,TC,58,52,47,NC_000001.11,Mutation NB - Maternal Origin,Transition - Pyrimidine/Pyrimidine,Unsolved
175505243,rs6425350,CC,CC,CG,67,100,62,NC_000001.11,Mutation NB - Paternal Origin,Transversion - Purine/Pyrimidine,Unsolved
175766190,rs2986123,GG,TT,TT,82,82,42,NC_000001.11,Mutation NB - Paternal Origin,Transversion - Purine/Pyrimidine,G>T
177384938,.,TT,TT,TC,73,40,44,NC_000001.11,Mutation NB - Maternal Origin,Transition - Pyrimidine/Pyrimidine,Unsolved
178587222,rs184918248,GG,AA,GG,79,88,9,NC_000001.11,Mutation NB - Maternal Origin,Transition - Purine/Purine,A>G
179774058,rs68141282,GG,AA,GG,73,85,45,NC_000001.11,Mutation NB - Maternal Origin,Transition - Purine/Purine,A>G
180191349,rs2281844,GG,GG,CG,79,85,99,NC_000001.11,Mutation NB - Paternal Origin,Transition - Purine/Purine,Transversion - Purine/Pyrimidine,Unsolved
180594514,rs7551817,CT,CC,TT,1,100,12,NC_000001.11,Mutation NB - Maternal Origin,Transversion - Purine/Pyrimidine,C>T
180646152,rs3903981,GG,AA,AA,100,55,33,NC_000001.11,Mutation NB - Paternal Origin,Transition - Purine/Purine,G>A
182300289,rs2985429,AG,GG,AA,92,64,0,NC_000001.11,Mutation NB - Maternal Origin,Transition - Purine/Purine,G>A
189977431,rs187033312,AC,AA,CC,35,67,30,NC_000001.11,Mutation NB - Maternal Origin,A>C
190865137,rs1438532,GG,TT,GG,91,100,24,NC_000001.11,Mutation NB - Maternal Origin,Transition - Purine/Purine,Transversion - Purine/Pyrimidine,T>G
192107115,rs4329494,CC,CT,TT,100,1,15,NC_000001.11,Mutation NB - Paternal Origin,Transition - Pyrimidine/Pyrimidine,C>T
192206174,.,TT,TT,TC,82,70,39,NC_000001.11,Mutation NB - Maternal Origin,Transition - Pyrimidine/Pyrimidine,Unsolved
195096744,rs73070220,TT,CC,CC,91,91,12,NC_000001.11,Mutation NB - Paternal Origin,Transition - Pyrimidine/Pyrimidine,T>C
201110107,rs1325310,CC,CT,TT,100,56,39,NC_000001.11,Mutation NB - Paternal Origin,Transition - Pyrimidine/Pyrimidine,C>T
201311493,rs1772853,GG,AA,AA,100,79,12,NC_000001.11,Mutation NB - Paternal Origin,Transition - Purine/Purine,G>A
204174774,rs61817023,GG,GG,GT,100,67,99,NC_000001.11,Mutation NB - Maternal Origin,Transversion - Purine/Pyrimidine,Unsolved
204518155,rs4252673,CC,CC,CT,100,70,99,NC_000001.11,Mutation NB - Maternal Origin,Transition - Pyrimidine/Pyrimidine,Unsolved
204879595,rs953950105,CC,CC,CT,76,67,53,NC_000001.11,Mutation NB - Maternal Origin,Transition - Pyrimidine/Pyrimidine,Unsolved
205693887,.,TT,TT,TC,88,85,65,NC_000001.11,Mutation NB - Maternal Origin,Transition - Pyrimidine/Pyrimidine,Unsolved
212828430,rs11805669,AA,AA,AT,100,70,99,NC_000001.11,Mutation NB - Maternal Origin,Transversion - Purine/Pyrimidine,Unsolved
213712649,rs12724362,AA,GG,AA,88,67,0,NC_000001.11,Mutation NB - Maternal Origin,Transition - Purine/Purine,G>A
214064776,rs537536465,TT,TT,TC,85,82,51,NC_000001.11,Mutation NB - Maternal Origin,Transition - Pyrimidine/Pyrimidine,Unsolved
222050739,.,AA,AA,AG,55,70,59,NC_000001.11,Mutation NB - Paternal Origin,Transition - Purine/Purine,Unsolved
225455946,.,GG,GG,GT,91,79,48,NC_000001.11,Mutation NB - Maternal Origin,Transversion - Purine/Pyrimidine,Unsolved
226408688,rs1341336,AA,GG,GG,100,91,18,NC_000001.11,Mutation NB - Paternal Origin,Transition - Purine/Purine,A>G
227732402,rs3087908,GG,GG,GA,85,100,68,NC_000001.11,Mutation NB - Paternal Origin,Transition - Purine/Purine,Unsolved
227972472,rs11584326,GG,GG,GA,100,79,99,NC_000001.11,Mutation NB - Maternal Origin,Transition - Purine/Purine,Unsolved
228004921,rs697763,GC,CC,GG,1,91,0,NC_000001.11,Mutation NB - Maternal Origin,Transversion - Purine/Pyrimidine,C>G
228867061,rs36003897,GG,GG,GA,100,91,68,NC_000001.11,Mutation NB - Maternal Origin,Transition - Purine/Purine,Unsolved
230263193,rs7518564,CC,CC,GC,73,82,30,NC_000001.11,Mutation NB - Paternal Origin,Transversion - Purine/Pyrimidine,Unsolved
230581656,rs886984,CC,CC,CG,100,76,44,NC_000001.11,Mutation NB - Maternal Origin,Transversion - Purine/Pyrimidine,Unsolved
231148382,rs6689582,GG,AA,AA,100,73,24,NC_000001.11,Mutation NB - Paternal Origin,Transition - Purine/Purine,G>A
232087983,.,TT,TT,TC,70,40,77,NC_000001.11,Mutation NB - Maternal Origin,Transition - Pyrimidine/Pyrimidine,Unsolved
232737095,rs2644480,TT,TT,TC,91,100,71,NC_000001.11,Mutation NB - Paternal Origin,Transition - Pyrimidine/Pyrimidine,Unsolved
232887927,rs9424605,AA,AA,AG,76,88,99,NC_000001.11,Mutation NB - Paternal Origin,Transition - Purine/Purine,Unsolved
233087077,rs10752798,CC,CA,AA,85,73,9,NC_000001.11,Mutation NB - Paternal Origin,Transversion - Purine/Pyrimidine,C>A
234895918,rs2673974,TT,CC,CC,82,91,0,NC_000001.11,Mutation NB - Paternal Origin,Transition - Pyrimidine/Pyrimidine,T>C
236063955,rs1285675535,AA,AA,AG,91,82,62,NC_000001.11,Mutation NB - Maternal Origin,Transition - Purine/Purine,Unsolved
246147834,rs12723468,GG,AA,AA,100,46,60,NC_000001.11,Mutation NB - Paternal Origin,Transition - Purine/Purine,G>A
246220317,rs548443567,GG,GG,GC,85,100,36,NC_000001.11,Mutation NB - Paternal Origin,Transition - Purine/Purine,Transversion - Purine/Pyrimidine,Unsolved
248671873,rs28665859,CT,CC,TT,1,100,18,NC_000001.11,Mutation NB - Maternal Origin,Transversion - Purine/Pyrimidine,C>T
203014,.,TT,TT,TC,79,49,77,NC_000002.12,Mutation NB - Maternal Origin,Transition - Pyrimidine/Pyrimidine,Unsolved
239736,rs10181015,CC,CA,AA,100,1,39,NC_000002.12,Mutation NB - Paternal Origin,Transversion - Purine/Pyrimidine,C>A
650235,.,AA,AA,AG,61,62,50,NC_000002.12,Mutation NB - Paternal Origin,Transition - Purine/Purine,Unsolved
1677948,rs13019273,TC,TT,CC,32,88,12,NC_000002.12,Mutation NB - Maternal Origin,Transition - Pyrimidine/Pyrimidine,T>C
1898850,rs11127304,GG,AA,GG,79,91,9,NC_000002.12,Mutation NB - Maternal Origin,Transition - Purine/Purine,A>G
2519760,.,AA,AA,AG,85,79,59,NC_000002.12,Mutation NB - Maternal Origin,Transition - Purine/Purine,Unsolved
2718272,rs72774955,AA,AA,AG,100,91,89,NC_000002.12,Mutation NB - Maternal Origin,Transition - Purine/Purine,Unsolved
2850005,rs114542230,GG,AA,GG,70,85,30,NC_000002.12,Mutation NB - Maternal Origin,Transition - Purine/Purine,A>G
3205490,.,AA,AA,AG,46,43,41,NC_000002.12,Mutation NB - Maternal Origin,Transition - Purine/Purine,Unsolved
3319994,rs376983415,CA,CC,AA,44,79,9,NC_000002.12,Mutation NB - Maternal Origin,Transversion - Purine/Pyrimidine,C>A
4761935,rs76665131,CC,AA,AA,88,78,48,NC_000002.12,Mutation NB - Paternal Origin,Transversion - Purine/Pyrimidine,C>A
7008464,rs309313,TT,CC,CC,46,100,0,NC_000002.12,Mutation NB - Paternal Origin,Transition - Pyrimidine/Pyrimidine,T>C
7848536,.,AA,AA,AG,82,64,41,NC_000002.12,Mutation NB - Maternal Origin,Transition - Purine/Purine,Unsolved
9795897,rs1515325,TC,CC,TT,70,91,24,NC_000002.12,Mutation NB - Maternal Origin,Transversion - Purine/Pyrimidine,C>T
10078519,rs13021733,TT,CC,CC,79,64,0,NC_000002.12,Mutation NB - Paternal Origin,Transition - Pyrimidine/Pyrimidine,T>C
10379932,rs12475051,TT,TT,TC,100,100,99,NC_000002.12,Mutation NB - Paternal or Maternal,Transition - Pyrimidine/Pyrimidine,Unsolved
11023985,rs16857051,TT,CC,CC,91,67,24,NC_000002.12,Mutation NB - Paternal Origin,Transition - Pyrimidine/Pyrimidine,T>C
11715930,.,GG,GG,GT,79,79,55,NC_000002.12,Mutation NB - Paternal or Maternal,Transversion - Purine/Pyrimidine,Unsolved
11988366,rs10166800,TG,TT,GG,38,85,9,NC_000002.12,Mutation NB - Maternal Origin,Transversion - Purine/Pyrimidine,T>G
12425841,rs10177407,AA,TT,AA,76,100,42,NC_000002.12,Mutation NB - Maternal Origin,Transversion - Purine/Pyrimidine,T>A
14183499,rs28412028,AA,AA,AT,100,100,53,NC_000002.12,Mutation NB - Paternal or Maternal,Transversion - Purine/Pyrimidine,Unsolved
14863643,.,AA,AA,AG,91,79,99,NC_000002.12,Mutation NB - Maternal Origin,Transition - Purine/Purine,Unsolved
15456538,rs7598196,AA,GG,GG,100,70,24,NC_000002.12,Mutation NB - Paternal Origin,Transition - Purine/Purine,A>G
16572130,.,AA,AA,AG,64,46,45,NC_000002.12,Mutation NB - Maternal Origin,Transition - Purine/Purine,Unsolved
20136316,rs4233757,GG,GG,GA,100,64,96,NC_000002.12,Mutation NB - Maternal Origin,Transition - Purine/Purine,Unsolved
26448801,.,TT,TT,TC,67,79,39,NC_000002.12,Mutation NB - Paternal Origin,Transition - Pyrimidine/Pyrimidine,Unsolved
33863346,.,TT,TT,TC,79,85,66,NC_000002.12,Mutation NB - Paternal Origin,Transition - Pyrimidine/Pyrimidine,Unsolved
33914624,rs2941617,AA,AG,GG,100,5,24,NC_000002.12,Mutation NB - Paternal Origin,Transition - Purine/Purine,A>G
35709779,rs58709326,TT,AA,TT,91,91,9,NC_000002.12,Mutation NB - Maternal Origin,Transversion - Purine/Pyrimidine,A>T
40170025,rs2072529,AA,AA,AG,100,88,99,NC_000002.12,Mutation NB - Maternal Origin,Transition - Purine/Purine,Unsolved
40685457,rs6544350,CC,TT,CC,79,91,18,NC_000002.12,Mutation NB - Maternal Origin,Transition - Pyrimidine/Pyrimidine,T>C
41821337,rs4245777,AA,GG,GG,79,64,0,NC_000002.12,Mutation NB - Paternal Origin,Transition - Purine/Purine,A>G
42797756,rs11124893,TT,TT,TC,100,67,99,NC_000002.12,Mutation NB - Maternal Origin,Transition - Pyrimidine/Pyrimidine,Unsolved
42935970,rs17030212,TT,TC,CC,100,1,33,NC_000002.12,Mutation NB - Paternal Origin,Transition - Pyrimidine/Pyrimidine,T>C
44091513,rs6726274,AA,GG,AA,67,85,33,NC_000002.12,Mutation NB - Maternal Origin,Transition - Purine/Purine,G>A
45024729,rs2921990,TT,GG,GG,82,88,0,NC_000002.12,Mutation NB - Paternal Origin,Transversion - Purine/Pyrimidine,T>G
46005004,rs2255091,AA,AA,AG,88,100,29,NC_000002.12,Mutation NB - Paternal Origin,Transition - Purine/Purine,Unsolved
46909001,rs1668364879,AA,AA,AG,86,62,48,NC_000002.12,Mutation NB - Maternal Origin,Transition - Purine/Purine,Unsolved
47814238,rs330787,AA,AG,GG,100,70,15,NC_000002.12,Mutation NB - Paternal Origin,Transition - Purine/Purine,A>G
49502793,rs2350321,CC,TT,CC,91,91,18,NC_000002.12,Mutation NB - Maternal Origin,Transition - Pyrimidine/Pyrimidine,T>C
51424829,rs10209399,AA,GG,GG,85,61,0,NC_000002.12,Mutation NB - Paternal Origin,Transition - Purine/Purine,A>G
53263469,rs11682946,GG,GA,AA,91,71,12,NC_000002.12,Mutation NB - Paternal Origin,Transition - Purine/Purine,G>A
55824856,rs1699695766,CC,CC,CA,82,73,68,NC_000002.12,Mutation NB - Maternal Origin,Transversion - Purine/Pyrimidine,Unsolved
60125258,rs13427381,TT,AA,AA,88,76,0,NC_000002.12,Mutation NB - Paternal Origin,Transversion - Purine/Pyrimidine,T>A
65293958,rs2422474,GG,CC,GG,79,73,36,NC_000002.12,Mutation NB - Maternal Origin,Transversion - Purine/Pyrimidine,C>G
65749771,rs6546175,CC,TC,TT,91,1,15,NC_000002.12,Mutation NB - Paternal Origin,Transition - Pyrimidine/Pyrimidine,C>T
67575715,.,TT,TT,TC,88,37,44,NC_000002.12,Mutation NB - Maternal Origin,Transition - Pyrimidine/Pyrimidine,Unsolved
71150500,rs357742,TT,AA,AA,76,82,18,NC_000002.12,Mutation NB - Paternal Origin,Transversion - Purine/Pyrimidine,T>A
71591690,rs9973420,AA,AA,AC,91,100,27,NC_000002.12,Mutation NB - Paternal Origin,Transversion - Purine/Pyrimidine,Unsolved
72128389,rs7606254,TT,CC,CC,88,55,27,NC_000002.12,Mutation NB - Paternal Origin,Transition - Pyrimidine/Pyrimidine,T>C
77642840,rs78772669,GC,GG,CC,44,100,54,NC_000002.12,Mutation NB - Maternal Origin,Transversion - Purine/Pyrimidine,G>C
78876387,rs1521955,CC,CC,CT,85,70,66,NC_000002.12,Mutation NB - Maternal Origin,Transition - Pyrimidine/Pyrimidine,Unsolved
79014124,.,TT,TT,TC,73,91,57,NC_000002.12,Mutation NB - Paternal Origin,Transition - Pyrimidine/Pyrimidine,Unsolved
80013180,rs415035,GG,TT,GG,88,91,9,NC_000002.12,Mutation NB - Maternal Origin,Transition - Purine/Purine,Transversion - Purine/Pyrimidine,T>G
80105742,rs1900267,AA,AA,AT,88,73,99,NC_000002.12,Mutation NB - Maternal Origin,Transversion - Purine/Pyrimidine,Unsolved
84832103,rs61744273,CC,CC,TT,100,91,9,NC_000002.12,Mutation NB - Maternal Origin,Transition - Pyrimidine/Pyrimidine,Unsolved
85795665,rs1356626,TT,TC,CC,100,1,54,NC_000002.12,Mutation NB - Paternal Origin,Transition - Pyrimidine/Pyrimidine,T>C
85844270,rs2280316,GG,GG,GC,85,100,62,NC_000002.12,Mutation NB - Paternal Origin,Transition - Purine/Purine,Transversion - Purine/Pyrimidine,Unsolved
85921417,rs538583412,GG,GG,GA,55,73,47,NC_000002.12,Mutation NB - Paternal Origin,Transition - Purine/Purine,Unsolved
88094457,rs2970907,GG,AA,AA,85,73,21,NC_000002.12,Mutation NB - Paternal Origin,Transition - Purine/Purine,G>A
99256398,rs11676581,GG,AA,GG,70,88,0,NC_000002.12,Mutation NB - Maternal Origin,Transition - Purine/Purine,A>G
100630832,rs72827243,AA,AA,AG,85,100,99,NC_000002.12,Mutation NB - Paternal Origin,Transition - Purine/Purine,Unsolved
101969429,rs6742301,CT,CC,TT,35,79,15,NC_000002.12,Mutation NB - Maternal Origin,Transversion - Purine/Pyrimidine,C>T
104582576,.,TT,TT,TC,85,61,47,NC_000002.12,Mutation NB - Maternal Origin,Transition - Pyrimidine/Pyrimidine,Unsolved
104856903,.,AA,AA,AG,73,49,78,NC_000002.12,Mutation NB - Maternal Origin,Transition - Purine/Purine,Unsolved
104914796,rs62155005,CC,CT,TT,100,67,27,NC_000002.12,Mutation NB - Paternal Origin,Transition - Pyrimidine/Pyrimidine,C>T
105643935,rs56054435,GG,GG,GA,82,100,99,NC_000002.12,Mutation NB - Paternal Origin,Transition - Purine/Purine,Unsolved
108650419,rs78098856,TT,TT,TC,99,76,99,NC_000002.12,Mutation NB - Maternal Origin,Transition - Pyrimidine/Pyrimidine,Unsolved
111041247,rs752833,CC,GG,CC,76,82,51,NC_000002.12,Mutation NB - Maternal Origin,Transversion - Purine/Pyrimidine,G>C
111136292,rs6750599,AA,AA,AT,82,58,99,NC_000002.12,Mutation NB - Maternal Origin,Transversion - Purine/Pyrimidine,Unsolved
112333763,rs6758110,AA,AA,AG,91,85,99,NC_000002.12,Mutation NB - Maternal Origin,Transition - Purine/Purine,Unsolved
113242159,rs13015478,GT,GG,TT,1,70,5,NC_000002.12,Mutation NB - Maternal Origin,Transversion - Purine/Pyrimidine,G>T
114601647,.,TT,TT,TC,85,40,45,NC_000002.12,Mutation NB - Maternal Origin,Transition - Pyrimidine/Pyrimidine,Unsolved
117833624,.,TT,TT,TC,82,61,68,NC_000002.12,Mutation NB - Maternal Origin,Transition - Pyrimidine/Pyrimidine,Unsolved
118714774,.,AA,AA,AG,67,64,43,NC_000002.12,Mutation NB - Maternal Origin,Transition - Purine/Purine,Unsolved
118814601,.,AA,AA,AG,49,40,47,NC_000002.12,Mutation NB - Maternal Origin,Transition - Purine/Purine,Unsolved
120380237,rs4849869,AA,GG,GG,76,82,0,NC_000002.12,Mutation NB - Paternal Origin,Transition - Purine/Purine,A>G
121089349,.,AA,AA,AG,91,58,44,NC_000002.12,Mutation NB - Maternal Origin,Transition - Purine/Purine,Unsolved
121096162,rs7562236,AA,AG,GG,100,1,36,NC_000002.12,Mutation NB - Paternal Origin,Transition - Purine/Purine,A>G
121820824,.,AA,AA,AG,82,82,39,NC_000002.12,Mutation NB - Paternal or Maternal,Transition - Purine/Purine,Unsolved
123334093,rs1852245,CC,CC,CT,100,82,72,NC_000002.12,Mutation NB - Maternal Origin,Transition - Pyrimidine/Pyrimidine,Unsolved
123334103,rs1852244,AA,AA,AG,100,82,72,NC_000002.12,Mutation NB - Maternal Origin,Transition - Purine/Purine,Unsolved
124269698,rs780031,CC,CC,CT,100,100,59,NC_000002.12,Mutation NB - Paternal or Maternal,Transition - Pyrimidine/Pyrimidine,Unsolved
125039189,rs80144341,CC,CC,CG,100,88,99,NC_000002.12,Mutation NB - Maternal Origin,Transversion - Purine/Pyrimidine,Unsolved
126640182,rs13431728,TT,CC,CC,88,91,0,NC_000002.12,Mutation NB - Paternal Origin,Transition - Pyrimidine/Pyrimidine,T>C
127025646,.,TT,TT,TC,76,67,53,NC_000002.12,Mutation NB - Maternal Origin,Transition - Pyrimidine/Pyrimidine,Unsolved
127819246,rs10200640,CC,CC,CT,100,100,59,NC_000002.12,Mutation NB - Paternal or Maternal,Transition - Pyrimidine/Pyrimidine,Unsolved
129460845,rs4662947,CC,TT,CC,85,79,0,NC_000002.12,Mutation NB - Maternal Origin,Transition - Pyrimidine/Pyrimidine,T>C
130315747,.,CC,CC,CT,43,43,62,NC_000002.12,Mutation NB - Paternal or Maternal,Transition - Pyrimidine/Pyrimidine,Unsolved
131048411,rs11541220,GG,GT,TT,91,32,12,NC_000002.12,Mutation NB - Paternal Origin,Transversion - Purine/Pyrimidine,G>T
131648106,rs72868320,AA,AA,AG,100,100,99,NC_000002.12,Mutation NB - Paternal or Maternal,Transition - Purine/Purine,Unsolved
133523954,.,TT,TT,TC,61,37,59,NC_000002.12,Mutation NB - Maternal Origin,Transition - Pyrimidine/Pyrimidine,Unsolved
133894394,rs6736746,GG,AA,GG,85,91,30,NC_000002.12,Mutation NB - Maternal Origin,Transition - Purine/Purine,A>G
134025574,rs7577910,CC,CC,CA,85,85,33,NC_000002.12,Mutation NB - Paternal or Maternal,Transversion - Purine/Pyrimidine,Unsolved
134086669,rs6430495,TT,TT,TA,91,76,99,NC_000002.12,Mutation NB - Maternal Origin,Transition - Pyrimidine/Pyrimidine,Transversion - Purine/Pyrimidine,Unsolved
134576944,.,AA,AA,AG,70,76,39,NC_000002.12,Mutation NB - Paternal Origin,Transition - Purine/Purine,Unsolved
136946517,rs13021019,GG,GG,GA,88,100,96,NC_000002.12,Mutation NB - Paternal Origin,Transition - Purine/Purine,Unsolved
141661048,rs355569,TT,TG,GG,91,35,18,NC_000002.12,Mutation NB - Paternal Origin,Transversion - Purine/Pyrimidine,T>G
152032962,rs12616066,TT,AA,TT,73,100,21,NC_000002.12,Mutation NB - Maternal Origin,Transversion - Purine/Pyrimidine,A>T
155875729,rs1251648418,GG,GG,GA,85,70,53,NC_000002.12,Mutation NB - Maternal Origin,Transition - Purine/Purine,Unsolved
159366197,rs750876,CT,TT,CC,25,85,9,NC_000002.12,Mutation NB - Maternal Origin,Transition - Pyrimidine/Pyrimidine,T>C
159366199,rs750875,CT,TT,CC,25,85,9,NC_000002.12,Mutation NB - Maternal Origin,Transition - Pyrimidine/Pyrimidine,T>C
165427685,rs590745,TT,GG,TT,73,85,12,NC_000002.12,Mutation NB - Maternal Origin,Transversion - Purine/Pyrimidine,G>T
172148035,rs73022564,AA,AA,AT,100,88,68,NC_000002.12,Mutation NB - Maternal Origin,Transversion - Purine/Pyrimidine,Unsolved
174708816,rs2646189,GG,CC,CC,86,79,12,NC_000002.12,Mutation NB - Paternal Origin,Transversion - Purine/Pyrimidine,G>C
174708821,rs7556889,CC,TT,TT,100,79,12,NC_000002.12,Mutation NB - Paternal Origin,Transition - Pyrimidine/Pyrimidine,C>T
176100068,.,AA,AA,AG,79,79,50,NC_000002.12,Mutation NB - Paternal or Maternal,Transition - Purine/Purine,Unsolved
176921391,.,TT,TT,TC,34,58,44,NC_000002.12,Mutation NB - Paternal Origin,Transition - Pyrimidine/Pyrimidine,Unsolved
182291700,.,AA,AA,AT,85,88,58,NC_000002.12,Mutation NB - Paternal Origin,Transversion - Purine/Pyrimidine,Unsolved
183069403,.,TT,TT,TC,67,73,47,NC_000002.12,Mutation NB - Paternal Origin,Transition - Pyrimidine/Pyrimidine,Unsolved
183329705,.,AA,AA,CC,100,64,9,NC_000002.12,Mutation NB - Maternal Origin,Transversion - Purine/Pyrimidine,Unsolved
183389787,.,AA,AA,AG,73,76,41,NC_000002.12,Mutation NB - Paternal Origin,Transition - Purine/Purine,Unsolved
184530584,rs1593662,AA,GG,GG,79,61,27,NC_000002.12,Mutation NB - Paternal Origin,Transition - Purine/Purine,A>G
185347659,rs2081321,GG,GA,AA,100,1,36,NC_000002.12,Mutation NB - Paternal Origin,Transition - Purine/Purine,G>A
190246661,rs61038868,GG,GG,GA,100,79,68,NC_000002.12,Mutation NB - Maternal Origin,Transition - Purine/Purine,Unsolved
191797885,rs13007070,GG,GA,AA,100,11,21,NC_000002.12,Mutation NB - Paternal Origin,Transition - Purine/Purine,G>A
195030788,rs7581111,TC,TT,CC,38,85,9,NC_000002.12,Mutation NB - Maternal Origin,Transition - Pyrimidine/Pyrimidine,T>C
197186481,rs2712895,TT,CC,TT,85,91,0,NC_000002.12,Mutation NB - Maternal Origin,Transition - Pyrimidine/Pyrimidine,C>T
197873295,rs10192466,AA,GG,AA,91,100,24,NC_000002.12,Mutation NB - Maternal Origin,Transition - Purine/Purine,G>A
200455749,.,AA,AA,AT,66,40,53,NC_000002.12,Mutation NB - Maternal Origin,Transversion - Purine/Pyrimidine,Unsolved
205745778,rs849563,TT,GG,TT,91,91,0,NC_000002.12,Mutation NB - Maternal Origin,Transversion - Purine/Pyrimidine,G>T
206435587,.,AA,AA,AG,88,40,47,NC_000002.12,Mutation NB - Maternal Origin,Transition - Purine/Purine,Unsolved
206990599,rs958855672,GG,GG,GA,67,79,62,NC_000002.12,Mutation NB - Paternal Origin,Transition - Purine/Purine,Unsolved
210824145,.,TT,TT,TC,79,61,59,NC_000002.12,Mutation NB - Maternal Origin,Transition - Pyrimidine/Pyrimidine,Unsolved
212831106,rs4672658,GG,GG,AG,91,85,93,NC_000002.12,Mutation NB - Maternal Origin,Transition - Purine/Purine,Unsolved
215398983,rs2577298,AA,GA,GG,85,3,21,NC_000002.12,Mutation NB - Paternal Origin,Transition - Purine/Purine,A>G
218407571,rs921968,GG,TT,GG,76,55,0,NC_000002.12,Mutation NB - Maternal Origin,Transition - Purine/Purine,Transversion - Purine/Pyrimidine,T>G
218642579,rs3821033,CC,CC,CT,100,91,99,NC_000002.12,Mutation NB - Maternal Origin,Transition - Pyrimidine/Pyrimidine,Unsolved
219313748,rs974228135,AA,AA,AG,76,55,44,NC_000002.12,Mutation NB - Maternal Origin,Transition - Purine/Purine,Unsolved
219812765,rs2891829,CC,TT,TT,100,55,24,NC_000002.12,Mutation NB - Paternal Origin,Transition - Pyrimidine/Pyrimidine,C>T
220928153,.,AA,AA,AG,88,40,41,NC_000002.12,Mutation NB - Maternal Origin,Transition - Purine/Purine,Unsolved
223657023,rs991245300,GG,AA,GG,88,91,6,NC_000002.12,Mutation NB - Maternal Origin,Transition - Purine/Purine,A>G
226424047,rs4390759,AA,GG,AA,79,88,36,NC_000002.12,Mutation NB - Maternal Origin,Transition - Purine/Purine,G>A
226604636,.,AA,AA,AG,91,82,62,NC_000002.12,Mutation NB - Maternal Origin,Transition - Purine/Purine,Unsolved
228993170,rs73097558,CC,CC,CT,94,97,99,NC_000002.12,Mutation NB - Paternal Origin,Transition - Pyrimidine/Pyrimidine,Unsolved
230396022,rs6746556,AA,AA,TA,91,64,49,NC_000002.12,Mutation NB - Maternal Origin,Transversion - Purine/Pyrimidine,Unsolved
230822117,rs62193653,AA,AA,AG,88,91,95,NC_000002.12,Mutation NB - Paternal Origin,Transition - Purine/Purine,Unsolved
232416112,rs744874,GG,GG,GT,67,100,31,NC_000002.12,Mutation NB - Paternal Origin,Transversion - Purine/Pyrimidine,Unsolved
232434958,rs2853405,AA,AG,GG,79,7,12,NC_000002.12,Mutation NB - Paternal Origin,Transition - Purine/Purine,A>G
232971638,.,GG,GG,GA,79,91,62,NC_000002.12,Mutation NB - Paternal Origin,Transition - Purine/Purine,Unsolved
233789910,.,AA,AA,AG,91,82,56,NC_000002.12,Mutation NB - Maternal Origin,Transition - Purine/Purine,Unsolved
234603594,rs13427094,AA,GG,AA,88,100,21,NC_000002.12,Mutation NB - Maternal Origin,Transition - Purine/Purine,G>A
235599631,rs11675035,CC,TT,TT,76,82,0,NC_000002.12,Mutation NB - Paternal Origin,Transition - Pyrimidine/Pyrimidine,C>T
237701920,rs3769100,AG,AA,GG,73,91,12,NC_000002.12,Mutation NB - Maternal Origin,Transition - Purine/Purine,A>G
237943813,rs6731677,TT,GG,GG,100,67,45,NC_000002.12,Mutation NB - Paternal Origin,Transversion - Purine/Pyrimidine,T>G
238241585,rs3754729,TT,TC,CC,100,80,24,NC_000002.12,Mutation NB - Paternal Origin,Transition - Pyrimidine/Pyrimidine,T>C
238424111,rs10196781,GG,GG,AA,100,91,9,NC_000002.12,Mutation NB - Maternal Origin,Transition - Purine/Purine,Unsolved
238955094,rs72995088,GG,GG,GA,91,100,99,NC_000002.12,Mutation NB - Paternal Origin,Transition - Purine/Purine,Unsolved
239570701,rs1465612019,TT,TT,TC,61,64,89,NC_000002.12,Mutation NB - Paternal Origin,Transition - Pyrimidine/Pyrimidine,Unsolved
240297904,rs10210892,AA,GG,AA,85,100,12,NC_000002.12,Mutation NB - Maternal Origin,Transition - Purine/Purine,G>A
240317942,rs62185176,GG,GT,TT,100,32,9,NC_000002.12,Mutation NB - Paternal Origin,Transversion - Purine/Pyrimidine,G>T
240350947,rs10174868,TC,TT,CC,1,100,27,NC_000002.12,Mutation NB - Maternal Origin,Transition - Pyrimidine/Pyrimidine,T>C
240355472,rs7588716,GA,GG,AA,41,100,12,NC_000002.12,Mutation NB - Maternal Origin,Transition - Purine/Purine,G>A
240369537,rs7587459,CC,TC,TT,71,29,0,NC_000002.12,Mutation NB - Paternal Origin,Transition - Pyrimidine/Pyrimidine,C>T
240391899,rs35979584,GG,AA,AA,100,79,27,NC_000002.12,Mutation NB - Paternal Origin,Transition - Purine/Purine,G>A
240432306,rs7593914,AA,GG,GG,88,79,15,NC_000002.12,Mutation NB - Paternal Origin,Transition - Purine/Purine,A>G
240736999,.,GG,GG,GA,67,64,62,NC_000002.12,Mutation NB - Maternal Origin,Transition - Purine/Purine,Unsolved
240963713,.,TT,TT,TC,73,55,50,NC_000002.12,Mutation NB - Maternal Origin,Transition - Pyrimidine/Pyrimidine,Unsolved
1063090,rs2727977,TT,GG,GG,82,70,57,NC_000003.12,Mutation NB - Paternal Origin,Transversion - Purine/Pyrimidine,T>G
3846604,rs767984661,AA,AA,AG,85,82,65,NC_000003.12,Mutation NB - Maternal Origin,Transition - Purine/Purine,Unsolved
4480447,rs304085,GG,AG,AA,85,38,0,NC_000003.12,Mutation NB - Paternal Origin,Transition - Purine/Purine,G>A
6036738,rs62247697,GG,GG,GT,85,100,99,NC_000003.12,Mutation NB - Paternal Origin,Transversion - Purine/Pyrimidine,Unsolved
9221532,.,AA,AA,AG,79,88,68,NC_000003.12,Mutation NB - Paternal Origin,Transition - Purine/Purine,Unsolved
10501209,rs4437123,AA,GG,GG,91,88,15,NC_000003.12,Mutation NB - Paternal Origin,Transition - Purine/Purine,A>G
11493943,rs904475,AA,GA,GG,73,1,0,NC_000003.12,Mutation NB - Paternal Origin,Transition - Purine/Purine,A>G
13240364,rs7612658,TC,TT,CC,76,100,9,NC_000003.12,Mutation NB - Maternal Origin,Transition - Pyrimidine/Pyrimidine,T>C
13364203,rs17038100,GA,GG,AA,67,91,9,NC_000003.12,Mutation NB - Maternal Origin,Transition - Purine/Purine,G>A
13551651,rs1026174,CG,GG,CC,5,91,0,NC_000003.12,Mutation NB - Maternal Origin,Transversion - Purine/Pyrimidine,G>C
14517750,rs9870394,CC,TT,TT,86,79,45,NC_000003.12,Mutation NB - Paternal Origin,Transition - Pyrimidine/Pyrimidine,C>T
17693853,rs11128842,GG,CC,CC,85,85,30,NC_000003.12,Mutation NB - Paternal Origin,Transversion - Purine/Pyrimidine,G>C
21702218,rs7612616,CT,CC,TT,67,85,9,NC_000003.12,Mutation NB - Maternal Origin,Transversion - Purine/Pyrimidine,C>T
21702240,rs7633987,GT,GG,TT,99,88,9,NC_000003.12,Mutation NB - Maternal Origin,Transversion - Purine/Pyrimidine,G>T
22706921,rs9815075,AA,GG,GG,91,73,0,NC_000003.12,Mutation NB - Paternal Origin,Transition - Purine/Purine,A>G
26635099,rs13070978,GA,AA,GG,53,79,0,NC_000003.12,Mutation NB - Maternal Origin,Transition - Purine/Purine,A>G
34550890,rs6779484,AC,CC,AA,1,70,0,NC_000003.12,Mutation NB - Maternal Origin,Transversion - Purine/Pyrimidine,C>A
36453610,rs7431136,TT,CC,CC,76,82,18,NC_000003.12,Mutation NB - Paternal Origin,Transition - Pyrimidine/Pyrimidine,T>C
39298396,rs28504088,CC,GG,GG,88,73,24,NC_000003.12,Mutation NB - Paternal Origin,Transversion - Purine/Pyrimidine,C>G
43063306,.,GG,GG,GA,58,70,53,NC_000003.12,Mutation NB - Paternal Origin,Transition - Purine/Purine,Unsolved
43863299,rs11706284,CA,CC,AA,82,100,24,NC_000003.12,Mutation NB - Maternal Origin,Transversion - Purine/Pyrimidine,C>A
46450458,rs6774882,TT,TT,TA,100,79,33,NC_000003.12,Mutation NB - Maternal Origin,Transition - Pyrimidine/Pyrimidine,Transversion - Purine/Pyrimidine,Unsolved
50587252,rs1371717033,AA,AA,AG,85,88,56,NC_000003.12,Mutation NB - Paternal Origin,Transition - Purine/Purine,Unsolved
50632920,rs992715615,GG,GG,GA,91,79,52,NC_000003.12,Mutation NB - Maternal Origin,Transition - Purine/Purine,Unsolved
50859955,rs11921930,GG,GG,GA,100,79,99,NC_000003.12,Mutation NB - Maternal Origin,Transition - Purine/Purine,Unsolved
51195385,.,AA,AA,AG,85,85,56,NC_000003.12,Mutation NB - Paternal or Maternal,Transition - Purine/Purine,Unsolved
51270861,.,AA,AA,AG,73,19,50,NC_000003.12,Mutation NB - Maternal Origin,Transition - Purine/Purine,Unsolved
52520192,rs72947531,CC,CT,TT,55,1,30,NC_000003.12,Mutation NB - Paternal Origin,Transition - Pyrimidine/Pyrimidine,C>T
52520230,rs72947532,GG,GA,AA,55,1,27,NC_000003.12,Mutation NB - Paternal Origin,Transition - Purine/Purine,G>A
53133458,rs6784207,CC,CC,CA,100,79,61,NC_000003.12,Mutation NB - Maternal Origin,Transversion - Purine/Pyrimidine,Unsolved
53152688,rs13085294,AA,GA,GG,88,1,0,NC_000003.12,Mutation NB - Paternal Origin,Transition - Purine/Purine,A>G
53763851,.,AA,AA,AG,55,58,42,NC_000003.12,Mutation NB - Paternal Origin,Transition - Purine/Purine,Unsolved
54163801,rs6797113,TT,TT,CC,88,73,0,NC_000003.12,Mutation NB - Maternal Origin,Transition - Pyrimidine/Pyrimidine,Unsolved
54569758,.,AA,AA,AG,82,82,58,NC_000003.12,Mutation NB - Paternal or Maternal,Transition - Purine/Purine,Unsolved
54629397,rs500382,CC,TT,TT,88,91,21,NC_000003.12,Mutation NB - Paternal Origin,Transition - Pyrimidine/Pyrimidine,C>T
55197305,.,GG,GG,GA,76,37,44,NC_000003.12,Mutation NB - Maternal Origin,Transition - Purine/Purine,Unsolved
55586021,rs72871604,CC,CC,CT,67,98,99,NC_000003.12,Mutation NB - Paternal Origin,Transition - Pyrimidine/Pyrimidine,Unsolved
58298781,rs62259315,TC,CC,TT,76,88,18,NC_000003.12,Mutation NB - Maternal Origin,Transversion - Purine/Pyrimidine,C>T
58298805,rs73835128,TT,AA,TT,82,88,18,NC_000003.12,Mutation NB - Maternal Origin,Transversion - Purine/Pyrimidine,A>T
58663837,rs11130668,GG,GG,GA,100,67,99,NC_000003.12,Mutation NB - Maternal Origin,Transition - Purine/Purine,Unsolved
59656201,rs59598428,AA,AA,AT,100,70,18,NC_000003.12,Mutation NB - Maternal Origin,Transversion - Purine/Pyrimidine,Unsolved
61391750,rs528318104,CC,CC,CT,91,76,62,NC_000003.12,Mutation NB - Maternal Origin,Transition - Pyrimidine/Pyrimidine,Unsolved
61792340,rs3915898,CC,CC,GC,88,88,30,NC_000003.12,Mutation NB - Paternal or Maternal,Transversion - Purine/Pyrimidine,Unsolved
62917557,rs9867192,TT,CC,TT,70,73,12,NC_000003.12,Mutation NB - Maternal Origin,Transition - Pyrimidine/Pyrimidine,C>T
63802411,.,TT,TT,TC,82,85,46,NC_000003.12,Mutation NB - Paternal Origin,Transition - Pyrimidine/Pyrimidine,Unsolved
66501580,rs9851466,GG,CC,CC,76,52,0,NC_000003.12,Mutation NB - Paternal Origin,Transversion - Purine/Pyrimidine,G>C
69327099,rs9810578,TT,TT,TA,85,100,99,NC_000003.12,Mutation NB - Paternal Origin,Transition - Pyrimidine/Pyrimidine,Transversion - Purine/Pyrimidine,Unsolved
69485478,rs28405165,CG,CC,GG,70,100,18,NC_000003.12,Mutation NB - Maternal Origin,Transversion - Purine/Pyrimidine,C>G
71620238,rs2048624836,CC,CC,CT,67,91,91,NC_000003.12,Mutation NB - Paternal Origin,Transition - Pyrimidine/Pyrimidine,Unsolved
73338192,rs6796495,GG,GG,GA,91,100,58,NC_000003.12,Mutation NB - Paternal Origin,Transition - Purine/Purine,Unsolved
73474617,rs7626872,GG,CC,GG,91,85,15,NC_000003.12,Mutation NB - Maternal Origin,Transversion - Purine/Pyrimidine,C>G
74762500,rs9861352,TT,AA,AA,85,88,0,NC_000003.12,Mutation NB - Paternal Origin,Transversion - Purine/Pyrimidine,T>A
76249657,rs6764741,AA,GG,AA,82,100,18,NC_000003.12,Mutation NB - Maternal Origin,Transition - Purine/Purine,G>A
78153935,.,TT,TT,TC,76,91,58,NC_000003.12,Mutation NB - Paternal Origin,Transition - Pyrimidine/Pyrimidine,Unsolved
79862486,rs112976541,TT,CC,TT,76,67,18,NC_000003.12,Mutation NB - Maternal Origin,Transition - Pyrimidine/Pyrimidine,C>T
83770131,.,TT,TT,TC,76,55,50,NC_000003.12,Mutation NB - Maternal Origin,Transition - Pyrimidine/Pyrimidine,Unsolved
95135143,rs9814958,TT,GG,TT,25,100,42,NC_000003.12,Mutation NB - Maternal Origin,Transversion - Purine/Pyrimidine,G>T
95233748,rs12633640,TT,CC,CC,73,67,0,NC_000003.12,Mutation NB - Paternal Origin,Transition - Pyrimidine/Pyrimidine,T>C
98395334,rs28839266,AA,AA,AG,85,100,65,NC_000003.12,Mutation NB - Paternal Origin,Transition - Purine/Purine,Unsolved
98681742,rs552966235,GG,AA,GG,85,91,0,NC_000003.12,Mutation NB - Maternal Origin,Transition - Purine/Purine,A>G
100491306,rs7618791,CC,CC,CT,76,100,95,NC_000003.12,Mutation NB - Paternal Origin,Transition - Pyrimidine/Pyrimidine,Unsolved
102847762,rs12486450,GG,AA,AA,91,91,0,NC_000003.12,Mutation NB - Paternal Origin,Transition - Purine/Purine,G>A
103992014,rs569589667,CC,CC,CT,70,100,97,NC_000003.12,Mutation NB - Paternal Origin,Transition - Pyrimidine/Pyrimidine,Unsolved
105648863,rs147215848,GG,GG,AA,85,100,9,NC_000003.12,Mutation NB - Paternal Origin,Transition - Purine/Purine,Unsolved
109905856,rs923313462,TT,TT,TC,67,76,44,NC_000003.12,Mutation NB - Paternal Origin,Transition - Pyrimidine/Pyrimidine,Unsolved
110495382,rs6771696,AA,GG,AA,88,91,0,NC_000003.12,Mutation NB - Maternal Origin,Transition - Purine/Purine,G>A
111524431,rs6769389,CC,TT,TT,91,82,0,NC_000003.12,Mutation NB - Paternal Origin,Transition - Pyrimidine/Pyrimidine,C>T
114236418,rs6438190,GA,GG,AA,51,100,18,NC_000003.12,Mutation NB - Maternal Origin,Transition - Purine/Purine,G>A
121725028,.,TT,TT,TC,49,43,50,NC_000003.12,Mutation NB - Maternal Origin,Transition - Pyrimidine/Pyrimidine,Unsolved
123619339,rs16834450,GG,GT,TT,52,1,24,NC_000003.12,Mutation NB - Paternal Origin,Transversion - Purine/Pyrimidine,G>T
125136590,.,GG,GG,GA,88,79,68,NC_000003.12,Mutation NB - Maternal Origin,Transition - Purine/Purine,Unsolved
125440502,rs78700461,GG,GG,GA,76,100,99,NC_000003.12,Mutation NB - Paternal Origin,Transition - Purine/Purine,Unsolved
126320971,rs114771007,GG,GG,GA,79,100,59,NC_000003.12,Mutation NB - Paternal Origin,Transition - Purine/Purine,Unsolved
126889380,rs2122000,AA,GG,GG,100,79,36,NC_000003.12,Mutation NB - Paternal Origin,Transition - Purine/Purine,A>G
126996244,rs116305740,CC,CC,CT,70,100,99,NC_000003.12,Mutation NB - Paternal Origin,Transition - Pyrimidine/Pyrimidine,Unsolved
127029845,rs112797556,AA,GG,GG,100,82,15,NC_000003.12,Mutation NB - Paternal Origin,Transition - Purine/Purine,A>G
127120593,rs74892896,AA,AA,AG,100,73,99,NC_000003.12,Mutation NB - Maternal Origin,Transition - Purine/Purine,Unsolved
127457851,rs10212239,TT,TT,TC,100,91,65,NC_000003.12,Mutation NB - Maternal Origin,Transition - Pyrimidine/Pyrimidine,Unsolved
127703087,rs75550900,CC,CC,CT,85,79,71,NC_000003.12,Mutation NB - Maternal Origin,Transition - Pyrimidine/Pyrimidine,Unsolved
128126858,rs2811475,TT,CC,TT,91,100,15,NC_000003.12,Mutation NB - Maternal Origin,Transition - Pyrimidine/Pyrimidine,C>T
129403449,rs7615711,AA,GG,GG,100,82,33,NC_000003.12,Mutation NB - Paternal Origin,Transition - Purine/Purine,A>G
131496909,.,TT,TT,TC,73,43,44,NC_000003.12,Mutation NB - Maternal Origin,Transition - Pyrimidine/Pyrimidine,Unsolved
135170018,rs13434048,GG,GG,GT,61,100,99,NC_000003.12,Mutation NB - Paternal Origin,Transversion - Purine/Pyrimidine,Unsolved
135257479,.,TT,TT,TC,82,46,56,NC_000003.12,Mutation NB - Maternal Origin,Transition - Pyrimidine/Pyrimidine,Unsolved
139181358,rs56729627,CC,TT,CC,82,100,15,NC_000003.12,Mutation NB - Maternal Origin,Transition - Pyrimidine/Pyrimidine,T>C
140379026,rs2087950613,TT,TT,TC,91,70,62,NC_000003.12,Mutation NB - Maternal Origin,Transition - Pyrimidine/Pyrimidine,Unsolved
142931449,rs9838306,AA,CA,CC,82,41,18,NC_000003.12,Mutation NB - Paternal Origin,Transversion - Purine/Pyrimidine,A>C
143096275,rs62276933,GG,GG,GA,100,73,68,NC_000003.12,Mutation NB - Maternal Origin,Transition - Purine/Purine,Unsolved
147858352,rs1112942,AA,GG,GG,100,82,18,NC_000003.12,Mutation NB - Paternal Origin,Transition - Purine/Purine,A>G
148607376,rs16860581,CC,TT,CC,85,88,12,NC_000003.12,Mutation NB - Maternal Origin,Transition - Pyrimidine/Pyrimidine,T>C
149656498,rs75647513,CC,TT,CC,64,70,30,NC_000003.12,Mutation NB - Maternal Origin,Transition - Pyrimidine/Pyrimidine,T>C
155869926,.,TT,TT,TA,79,49,50,NC_000003.12,Mutation NB - Maternal Origin,Transition - Pyrimidine/Pyrimidine,Transversion - Purine/Pyrimidine,Unsolved
163878653,.,TT,TT,TC,88,73,47,NC_000003.12,Mutation NB - Maternal Origin,Transition - Pyrimidine/Pyrimidine,Unsolved
172401342,rs35263143,CC,CC,TT,79,82,0,NC_000003.12,Mutation NB - Paternal Origin,Transition - Pyrimidine/Pyrimidine,Unsolved
172401346,rs62281182,AA,AA,GG,79,82,0,NC_000003.12,Mutation NB - Paternal Origin,Transition - Purine/Purine,Unsolved
172410607,rs592999,GA,GG,AA,88,79,9,NC_000003.12,Mutation NB - Maternal Origin,Transition - Purine/Purine,G>A
172646303,rs3850174,TA,TT,AA,1,43,15,NC_000003.12,Mutation NB - Maternal Origin,Transversion - Purine/Pyrimidine,T>A
176304885,rs1384822,AG,GG,AA,1,76,9,NC_000003.12,Mutation NB - Maternal Origin,Transition - Purine/Purine,G>A
179609294,rs9829395,AA,AA,GA,76,67,99,NC_000003.12,Mutation NB - Maternal Origin,Transition - Purine/Purine,Unsolved
184325321,.,AA,AA,AG,82,43,53,NC_000003.12,Mutation NB - Maternal Origin,Transition - Purine/Purine,Unsolved
184629820,rs13070897,AG,AA,GG,1,67,45,NC_000003.12,Mutation NB - Maternal Origin,Transition - Purine/Purine,A>G
185992105,rs4306890,TT,TT,TA,100,91,99,NC_000003.12,Mutation NB - Maternal Origin,Transition - Pyrimidine/Pyrimidine,Transversion - Purine/Pyrimidine,Unsolved
187623871,.,GG,GG,GT,67,67,44,NC_000003.12,Mutation NB - Paternal or Maternal,Transversion - Purine/Pyrimidine,Unsolved
188010871,rs2133049,GA,GG,AA,1,100,27,NC_000003.12,Mutation NB - Maternal Origin,Transition - Purine/Purine,G>A
191192697,rs7649883,GG,AA,GG,61,76,0,NC_000003.12,Mutation NB - Maternal Origin,Transition - Purine/Purine,A>G
191974081,rs7617978,TT,CC,TT,76,100,39,NC_000003.12,Mutation NB - Maternal Origin,Transition - Pyrimidine/Pyrimidine,C>T
193683232,rs4443116,AG,GG,AA,35,79,36,NC_000003.12,Mutation NB - Maternal Origin,Transition - Purine/Purine,G>A
194520035,rs7632697,GG,AA,GG,85,100,12,NC_000003.12,Mutation NB - Maternal Origin,Transition - Purine/Purine,A>G
194623797,rs709011,CC,GG,GG,85,100,0,NC_000003.12,Mutation NB - Paternal Origin,Transversion - Purine/Pyrimidine,C>G
195098837,rs12635954,AA,AA,AG,100,82,99,NC_000003.12,Mutation NB - Maternal Origin,Transition - Purine/Purine,Unsolved
774493,rs13127733,AA,GG,GG,55,49,21,NC_000004.12,Mutation NB - Paternal Origin,Transition - Purine/Purine,A>G
861973,.,TT,TT,TC,52,52,53,NC_000004.12,Mutation NB - Paternal or Maternal,Transition - Pyrimidine/Pyrimidine,Unsolved
1769986,.,AA,AA,AG,67,61,41,NC_000004.12,Mutation NB - Maternal Origin,Transition - Purine/Purine,Unsolved
2402254,rs3128776,AA,GG,AA,82,64,9,NC_000004.12,Mutation NB - Maternal Origin,Transition - Purine/Purine,G>A
2471845,.,AA,AA,AG,85,70,41,NC_000004.12,Mutation NB - Maternal Origin,Transition - Purine/Purine,Unsolved
3752511,rs73792652,TT,TC,CC,85,1,9,NC_000004.12,Mutation NB - Paternal Origin,Transition - Pyrimidine/Pyrimidine,T>C
3833704,rs28583253,GT,TT,GG,47,55,0,NC_000004.12,Mutation NB - Maternal Origin,Transversion - Purine/Pyrimidine,T>G
4405882,rs6446643,CC,CG,GG,100,67,12,NC_000004.12,Mutation NB - Paternal Origin,Transversion - Purine/Pyrimidine,C>G
4772707,rs35194353,CC,GG,GG,88,67,15,NC_000004.12,Mutation NB - Paternal Origin,Transversion - Purine/Pyrimidine,C>G
5424219,.,GG,GG,GA,76,85,56,NC_000004.12,Mutation NB - Paternal Origin,Transition - Purine/Purine,Unsolved
6030391,rs62284774,TC,CC,TT,1,70,0,NC_000004.12,Mutation NB - Maternal Origin,Transversion - Purine/Pyrimidine,C>T
6294023,rs6820509,GG,AG,AA,88,1,30,NC_000004.12,Mutation NB - Paternal Origin,Transition - Purine/Purine,G>A
6761739,.,AA,AA,AG,73,73,50,NC_000004.12,Mutation NB - Paternal or Maternal,Transition - Purine/Purine,Unsolved
7073830,rs3857181,GG,CC,GG,85,100,18,NC_000004.12,Mutation NB - Maternal Origin,Transversion - Purine/Pyrimidine,C>G
7265832,rs58168135,GG,GG,GA,91,100,56,NC_000004.12,Mutation NB - Paternal Origin,Transition - Purine/Purine,Unsolved
7550242,.,TT,TT,TC,55,34,47,NC_000004.12,Mutation NB - Maternal Origin,Transition - Pyrimidine/Pyrimidine,Unsolved
7593465,rs7698002,CC,CT,TT,91,1,18,NC_000004.12,Mutation NB - Paternal Origin,Transition - Pyrimidine/Pyrimidine,C>T
7593473,rs17465228,AA,CA,CC,91,1,0,NC_000004.12,Mutation NB - Paternal Origin,Transversion - Purine/Pyrimidine,A>C
8004143,.,TT,TT,TA,67,74,39,NC_000004.12,Mutation NB - Paternal Origin,Transition - Pyrimidine/Pyrimidine,Transversion - Purine/Pyrimidine,Unsolved
8097941,rs1316348,CC,GG,CC,88,76,0,NC_000004.12,Mutation NB - Maternal Origin,Transversion - Purine/Pyrimidine,G>C
8272213,rs114894134,CC,CC,CT,82,100,99,NC_000004.12,Mutation NB - Paternal Origin,Transition - Pyrimidine/Pyrimidine,Unsolved
8601067,rs115732516,GG,GG,GA,37,100,99,NC_000004.12,Mutation NB - Paternal Origin,Transition - Purine/Purine,Unsolved
8607736,rs13104605,CC,CC,CG,100,52,79,NC_000004.12,Mutation NB - Maternal Origin,Transversion - Purine/Pyrimidine,Unsolved
10239182,rs74534386,GG,GG,AA,100,73,18,NC_000004.12,Mutation NB - Maternal Origin,Transition - Purine/Purine,Unsolved
10491491,rs9790491,AA,AG,GG,100,1,33,NC_000004.12,Mutation NB - Paternal Origin,Transition - Purine/Purine,A>G
11324010,.,AA,AA,AG,85,82,62,NC_000004.12,Mutation NB - Maternal Origin,Transition - Purine/Purine,Unsolved
13767090,rs150636236,CC,TT,TT,88,61,33,NC_000004.12,Mutation NB - Paternal Origin,Transition - Pyrimidine/Pyrimidine,C>T
16032966,rs10939649,TT,CC,TT,88,91,21,NC_000004.12,Mutation NB - Maternal Origin,Transition - Pyrimidine/Pyrimidine,C>T
17454680,rs59070594,GG,CC,GG,70,76,39,NC_000004.12,Mutation NB - Maternal Origin,Transversion - Purine/Pyrimidine,C>G
20833862,rs10033363,TT,CC,TT,91,76,0,NC_000004.12,Mutation NB - Maternal Origin,Transition - Pyrimidine/Pyrimidine,C>T
25175299,rs73252537,CT,CC,TT,1,67,24,NC_000004.12,Mutation NB - Maternal Origin,Transversion - Purine/Pyrimidine,C>T
25246789,rs313560,CC,CC,CT,100,70,99,NC_000004.12,Mutation NB - Maternal Origin,Transition - Pyrimidine/Pyrimidine,Unsolved
27910601,.,AA,AA,AT,79,52,51,NC_000004.12,Mutation NB - Maternal Origin,Transversion - Purine/Pyrimidine,Unsolved
28204951,rs73219795,GG,GG,GA,100,82,68,NC_000004.12,Mutation NB - Maternal Origin,Transition - Purine/Purine,Unsolved
30120130,.,CC,CC,CT,88,82,99,NC_000004.12,Mutation NB - Maternal Origin,Transition - Pyrimidine/Pyrimidine,Unsolved
35039203,rs1580139,GG,AA,GG,79,76,0,NC_000004.12,Mutation NB - Maternal Origin,Transition - Purine/Purine,A>G
35431712,rs78606112,TT,TT,TG,100,31,99,NC_000004.12,Mutation NB - Maternal Origin,Transition - Pyrimidine/Pyrimidine,Transversion - Purine/Pyrimidine,Unsolved
35445752,rs4859357,TT,CC,TT,85,79,9,NC_000004.12,Mutation NB - Maternal Origin,Transition - Pyrimidine/Pyrimidine,C>T
36439815,rs7689392,TT,CC,TT,91,85,0,NC_000004.12,Mutation NB - Maternal Origin,Transition - Pyrimidine/Pyrimidine,C>T
37746939,.,GG,GG,GA,70,73,47,NC_000004.12,Mutation NB - Paternal Origin,Transition - Purine/Purine,Unsolved
38541962,rs34969895,CC,AC,AA,82,39,0,NC_000004.12,Mutation NB - Paternal Origin,Transversion - Purine/Pyrimidine,C>A
38819365,rs7696175,CC,TT,CC,88,100,9,NC_000004.12,Mutation NB - Maternal Origin,Transition - Pyrimidine/Pyrimidine,T>C
39203189,.,TT,TT,TC,64,61,41,NC_000004.12,Mutation NB - Maternal Origin,Transition - Pyrimidine/Pyrimidine,Unsolved
40641878,rs4861294,AA,CC,CC,100,82,24,NC_000004.12,Mutation NB - Paternal Origin,Transversion - Purine/Pyrimidine,A>C
40817364,rs11732177,TT,TC,CC,100,32,21,NC_000004.12,Mutation NB - Paternal Origin,Transition - Pyrimidine/Pyrimidine,T>C
47595573,rs3749585,AA,AG,GG,85,1,30,NC_000004.12,Mutation NB - Paternal Origin,Transition - Purine/Purine,A>G
48488694,.,AA,AA,AG,82,64,56,NC_000004.12,Mutation NB - Maternal Origin,Transition - Purine/Purine,Unsolved
59001157,rs7687063,AA,GG,AA,88,70,0,NC_000004.12,Mutation NB - Maternal Origin,Transition - Purine/Purine,G>A
62362277,rs10025813,CC,CT,TT,76,1,9,NC_000004.12,Mutation NB - Paternal Origin,Transition - Pyrimidine/Pyrimidine,C>T
62388396,rs9996574,AA,GG,AA,82,91,15,NC_000004.12,Mutation NB - Maternal Origin,Transition - Purine/Purine,G>A
62388420,rs10006858,GC,CC,GG,1,91,15,NC_000004.12,Mutation NB - Maternal Origin,Transversion - Purine/Pyrimidine,C>G
66560747,rs1723331056,TT,TT,TC,70,55,53,NC_000004.12,Mutation NB - Maternal Origin,Transition - Pyrimidine/Pyrimidine,Unsolved
67219541,.,TT,TT,TC,82,85,56,NC_000004.12,Mutation NB - Paternal Origin,Transition - Pyrimidine/Pyrimidine,Unsolved
69349273,rs13151000,TA,TT,AA,2,100,33,NC_000004.12,Mutation NB - Maternal Origin,Transversion - Purine/Pyrimidine,T>A
70437210,rs80312017,CG,GG,CC,73,88,9,NC_000004.12,Mutation NB - Maternal Origin,Transversion - Purine/Pyrimidine,G>C
72255789,rs1034444754,TT,TT,TC,85,85,47,NC_000004.12,Mutation NB - Paternal or Maternal,Transition - Pyrimidine/Pyrimidine,Unsolved
72636820,.,TT,TT,TC,100,52,50,NC_000004.12,Mutation NB - Maternal Origin,Transition - Pyrimidine/Pyrimidine,Unsolved
73712166,.,AA,AA,AG,91,79,54,NC_000004.12,Mutation NB - Maternal Origin,Transition - Purine/Purine,Unsolved
75312604,rs6853774,TT,CC,CC,100,70,42,NC_000004.12,Mutation NB - Paternal Origin,Transition - Pyrimidine/Pyrimidine,T>C
78012435,rs4859901,GG,AA,AA,100,82,18,NC_000004.12,Mutation NB - Paternal Origin,Transition - Purine/Purine,G>A
81528599,rs13125221,TT,TA,AA,100,1,15,NC_000004.12,Mutation NB - Paternal Origin,Transversion - Purine/Pyrimidine,T>A
81528600,rs13144412,CC,CT,TT,100,1,15,NC_000004.12,Mutation NB - Paternal Origin,Transition - Pyrimidine/Pyrimidine,C>T
83328924,.,GG,GG,GT,73,70,41,NC_000004.12,Mutation NB - Maternal Origin,Transversion - Purine/Pyrimidine,Unsolved
86026706,rs10020650,AA,AA,AG,76,100,71,NC_000004.12,Mutation NB - Paternal Origin,Transition - Purine/Purine,Unsolved
89837238,rs2301135,GG,GC,CC,85,1,24,NC_000004.12,Mutation NB - Paternal Origin,Transversion - Purine/Pyrimidine,G>C
91142010,rs35154648,CC,TT,CC,91,100,9,NC_000004.12,Mutation NB - Maternal Origin,Transition - Pyrimidine/Pyrimidine,T>C
99176546,rs6845578,CC,CT,TT,100,32,12,NC_000004.12,Mutation NB - Paternal Origin,Transition - Pyrimidine/Pyrimidine,C>T
102591294,rs59123962,TT,GG,TT,64,73,33,NC_000004.12,Mutation NB - Maternal Origin,Transversion - Purine/Pyrimidine,G>T
107316525,rs203734,CC,AA,AA,79,61,15,NC_000004.12,Mutation NB - Paternal Origin,Transversion - Purine/Pyrimidine,C>A
110021440,rs10021804,AA,GG,AA,100,85,0,NC_000004.12,Mutation NB - Maternal Origin,Transition - Purine/Purine,G>A
110343317,rs243998,AT,AA,TT,1,76,30,NC_000004.12,Mutation NB - Maternal Origin,Transversion - Purine/Pyrimidine,A>T
112073219,rs28793891,AA,CC,CC,88,79,0,NC_000004.12,Mutation NB - Paternal Origin,Transversion - Purine/Pyrimidine,A>C
120561880,rs28612298,GG,AG,AA,82,1,51,NC_000004.12,Mutation NB - Paternal Origin,Transition - Purine/Purine,G>A
122432762,rs4833826,AA,AA,AG,91,76,99,NC_000004.12,Mutation NB - Maternal Origin,Transition - Purine/Purine,Unsolved
123708670,rs1863298,CC,TC,TT,85,1,0,NC_000004.12,Mutation NB - Paternal Origin,Transition - Pyrimidine/Pyrimidine,C>T
125485156,rs28826647,GG,GG,GA,64,79,99,NC_000004.12,Mutation NB - Paternal Origin,Transition - Purine/Purine,Unsolved
126979097,rs11725909,AA,GG,AA,91,91,12,NC_000004.12,Mutation NB - Maternal Origin,Transition - Purine/Purine,G>A
129117519,rs474794,CC,CC,TC,91,91,99,NC_000004.12,Mutation NB - Paternal or Maternal,Transition - Pyrimidine/Pyrimidine,Unsolved
129117559,rs474667,CC,CC,TC,91,91,99,NC_000004.12,Mutation NB - Paternal or Maternal,Transition - Pyrimidine/Pyrimidine,Unsolved
129720808,rs13125154,GG,GG,GT,100,100,99,NC_000004.12,Mutation NB - Paternal or Maternal,Transversion - Purine/Pyrimidine,Unsolved
131416033,rs62316423,CC,CT,TT,100,1,36,NC_000004.12,Mutation NB - Paternal Origin,Transition - Pyrimidine/Pyrimidine,C>T
133385113,.,TT,TT,TC,67,76,41,NC_000004.12,Mutation NB - Paternal Origin,Transition - Pyrimidine/Pyrimidine,Unsolved
133812920,rs62320221,CC,GG,CC,91,79,12,NC_000004.12,Mutation NB - Maternal Origin,Transversion - Purine/Pyrimidine,G>C
134320644,.,AA,AA,AG,88,79,44,NC_000004.12,Mutation NB - Maternal Origin,Transition - Purine/Purine,Unsolved
134511829,rs115649408,AA,AA,GA,88,85,33,NC_000004.12,Mutation NB - Maternal Origin,Transition - Purine/Purine,Unsolved
134511837,rs111270044,AA,AA,GA,88,85,33,NC_000004.12,Mutation NB - Maternal Origin,Transition - Purine/Purine,Unsolved
137000512,rs72710910,GG,GG,GA,64,70,99,NC_000004.12,Mutation NB - Paternal Origin,Transition - Purine/Purine,Unsolved
149795440,rs12503927,CC,CC,CT,91,100,71,NC_000004.12,Mutation NB - Paternal Origin,Transition - Pyrimidine/Pyrimidine,Unsolved
151113926,.,GG,GG,GA,49,70,44,NC_000004.12,Mutation NB - Paternal Origin,Transition - Purine/Purine,Unsolved
155383144,rs36039255,TT,CC,CC,88,61,33,NC_000004.12,Mutation NB - Paternal Origin,Transition - Pyrimidine/Pyrimidine,T>C
162755735,.,AA,AA,AC,58,97,62,NC_000004.12,Mutation NB - Paternal Origin,Transversion - Purine/Pyrimidine,Unsolved
167324548,rs78546819,GA,GG,AA,1,88,15,NC_000004.12,Mutation NB - Maternal Origin,Transition - Purine/Purine,G>A
168136854,rs10030700,CC,TT,CC,91,82,21,NC_000004.12,Mutation NB - Maternal Origin,Transition - Pyrimidine/Pyrimidine,T>C
168203668,rs113790198,GG,GA,AA,85,1,9,NC_000004.12,Mutation NB - Paternal Origin,Transition - Purine/Purine,G>A
168331443,.,TT,TT,TC,85,91,52,NC_000004.12,Mutation NB - Paternal Origin,Transition - Pyrimidine/Pyrimidine,Unsolved
168979569,rs11732949,CC,TT,CC,100,79,15,NC_000004.12,Mutation NB - Maternal Origin,Transition - Pyrimidine/Pyrimidine,T>C
170317039,rs113458161,CC,CC,CT,91,100,68,NC_000004.12,Mutation NB - Paternal Origin,Transition - Pyrimidine/Pyrimidine,Unsolved
172572253,rs4692921,GG,GG,AA,91,82,9,NC_000004.12,Mutation NB - Maternal Origin,Transition - Purine/Purine,Unsolved
172988903,.,AA,AA,AG,82,82,56,NC_000004.12,Mutation NB - Paternal or Maternal,Transition - Purine/Purine,Unsolved
175092477,rs2169962,CC,CC,CT,100,58,95,NC_000004.12,Mutation NB - Maternal Origin,Transition - Pyrimidine/Pyrimidine,Unsolved
177496574,rs61452241,TT,TT,TC,100,82,99,NC_000004.12,Mutation NB - Maternal Origin,Transition - Pyrimidine/Pyrimidine,Unsolved
181020407,rs6837773,GG,GC,CC,100,44,21,NC_000004.12,Mutation NB - Paternal Origin,Transversion - Purine/Pyrimidine,G>C
183069307,rs55937145,CC,CT,TT,100,1,33,NC_000004.12,Mutation NB - Paternal Origin,Transition - Pyrimidine/Pyrimidine,C>T
183069311,rs76431059,TT,TC,CC,100,1,33,NC_000004.12,Mutation NB - Paternal Origin,Transition - Pyrimidine/Pyrimidine,T>C
183069315,rs56071639,CC,CT,TT,100,1,33,NC_000004.12,Mutation NB - Paternal Origin,Transition - Pyrimidine/Pyrimidine,C>T
183896446,rs57395941,TT,AA,AA,91,88,9,NC_000004.12,Mutation NB - Paternal Origin,Transversion - Purine/Pyrimidine,T>A
184152170,rs28496970,CC,CG,GG,100,1,15,NC_000004.12,Mutation NB - Paternal Origin,Transversion - Purine/Pyrimidine,C>G
184152174,rs62340150,GG,GA,AA,100,1,15,NC_000004.12,Mutation NB - Paternal Origin,Transition - Purine/Purine,G>A
184959642,rs6819552,AA,AA,AG,91,100,98,NC_000004.12,Mutation NB - Paternal Origin,Transition - Purine/Purine,Unsolved
188201576,rs11132528,TT,AA,TT,88,73,12,NC_000004.12,Mutation NB - Maternal Origin,Transversion - Purine/Pyrimidine,A>T
394123,rs12521808,AA,GG,GG,85,82,0,NC_000005.10,Mutation NB - Paternal Origin,Transition - Purine/Purine,A>G
882164,.,AA,AA,AG,49,52,41,NC_000005.10,Mutation NB - Paternal Origin,Transition - Purine/Purine,Unsolved
1201391,rs7381010,CC,CC,CT,79,79,99,NC_000005.10,Mutation NB - Paternal or Maternal,Transition - Pyrimidine/Pyrimidine,Unsolved
1687570,rs34311046,CT,CC,TT,1,100,12,NC_000005.10,Mutation NB - Maternal Origin,Transversion - Purine/Pyrimidine,C>T
1949402,rs10064753,CC,CC,CT,91,100,99,NC_000005.10,Mutation NB - Paternal Origin,Transition - Pyrimidine/Pyrimidine,Unsolved
1949417,rs7736516,TT,TT,CT,91,88,99,NC_000005.10,Mutation NB - Maternal Origin,Transition - Pyrimidine/Pyrimidine,Unsolved
3222753,rs1215683,GG,GG,AA,73,82,0,NC_000005.10,Mutation NB - Paternal Origin,Transition - Purine/Purine,Unsolved
3950225,rs636046,GG,AG,AA,91,15,0,NC_000005.10,Mutation NB - Paternal Origin,Transition - Purine/Purine,G>A
4771006,.,TT,TT,TC,82,46,41,NC_000005.10,Mutation NB - Maternal Origin,Transition - Pyrimidine/Pyrimidine,Unsolved
6236093,.,CC,CC,CA,79,67,42,NC_000005.10,Mutation NB - Maternal Origin,Transversion - Purine/Pyrimidine,Unsolved
6735132,rs1003098,CC,CC,CT,82,100,33,NC_000005.10,Mutation NB - Paternal Origin,Transition - Pyrimidine/Pyrimidine,Unsolved
7489102,rs75699798,CC,TT,CC,91,79,12,NC_000005.10,Mutation NB - Maternal Origin,Transition - Pyrimidine/Pyrimidine,T>C
7783146,rs11748102,GG,AA,GG,91,85,30,NC_000005.10,Mutation NB - Maternal Origin,Transition - Purine/Purine,A>G
10460344,rs938453,GG,GG,GC,100,64,99,NC_000005.10,Mutation NB - Maternal Origin,Transition - Purine/Purine,Transversion - Purine/Pyrimidine,Unsolved
11870297,.,GG,GG,GA,76,85,59,NC_000005.10,Mutation NB - Paternal Origin,Transition - Purine/Purine,Unsolved
13347550,rs6879166,CC,TT,CC,85,100,12,NC_000005.10,Mutation NB - Maternal Origin,Transition - Pyrimidine/Pyrimidine,T>C
14082448,rs6871543,CC,CT,TT,79,41,39,NC_000005.10,Mutation NB - Paternal Origin,Transition - Pyrimidine/Pyrimidine,C>T
15519223,rs609984,CC,CC,CA,88,100,65,NC_000005.10,Mutation NB - Paternal Origin,Transversion - Purine/Pyrimidine,Unsolved
15583648,rs2402165,AG,GG,AA,3,91,18,NC_000005.10,Mutation NB - Maternal Origin,Transition - Purine/Purine,G>A
16180564,rs344717,TT,CC,CC,67,61,39,NC_000005.10,Mutation NB - Paternal Origin,Transition - Pyrimidine/Pyrimidine,T>C
16502946,rs334467,AA,GG,AA,82,79,33,NC_000005.10,Mutation NB - Maternal Origin,Transition - Purine/Purine,G>A
16813772,rs11745637,CC,AA,CC,91,85,0,NC_000005.10,Mutation NB - Maternal Origin,Transversion - Purine/Pyrimidine,A>C
23611659,rs4522964,TG,GG,TT,1,88,15,NC_000005.10,Mutation NB - Maternal Origin,Transversion - Purine/Pyrimidine,G>T
27610996,rs9686738,AA,AA,GG,88,88,18,NC_000005.10,Mutation NB - Paternal or Maternal,Transition - Purine/Purine,Unsolved
28704277,rs4866986,TT,CC,CC,88,52,48,NC_000005.10,Mutation NB - Paternal Origin,Transition - Pyrimidine/Pyrimidine,T>C
33108580,rs6450943,TT,TT,TC,31,58,99,NC_000005.10,Mutation NB - Paternal Origin,Transition - Pyrimidine/Pyrimidine,Unsolved
35701989,rs6874194,TT,GG,TT,82,100,12,NC_000005.10,Mutation NB - Maternal Origin,Transversion - Purine/Pyrimidine,G>T
40422806,rs114721924,TT,CC,TT,91,88,15,NC_000005.10,Mutation NB - Maternal Origin,Transition - Pyrimidine/Pyrimidine,C>T
50146224,rs1687595,GG,AA,AA,82,76,15,NC_000005.10,Mutation NB - Paternal Origin,Transition - Purine/Purine,G>A
50146274,rs10940520,TT,TT,TG,100,73,65,NC_000005.10,Mutation NB - Maternal Origin,Transition - Pyrimidine/Pyrimidine,Transversion - Purine/Pyrimidine,Unsolved
52502658,rs10042980,CC,CC,TC,91,88,99,NC_000005.10,Mutation NB - Maternal Origin,Transition - Pyrimidine/Pyrimidine,Unsolved
54736668,.,TT,TT,TA,52,61,82,NC_000005.10,Mutation NB - Paternal Origin,Transition - Pyrimidine/Pyrimidine,Transversion - Purine/Pyrimidine,Unsolved
55116469,rs424203,AA,AA,GG,98,91,0,NC_000005.10,Mutation NB - Maternal Origin,Transition - Purine/Purine,Unsolved
55176719,.,AA,AA,AG,76,64,41,NC_000005.10,Mutation NB - Maternal Origin,Transition - Purine/Purine,Unsolved
57600690,rs72765445,CC,CC,CA,64,100,99,NC_000005.10,Mutation NB - Paternal Origin,Transversion - Purine/Pyrimidine,Unsolved
59927413,rs2916863,TT,CC,TT,91,100,24,NC_000005.10,Mutation NB - Maternal Origin,Transition - Pyrimidine/Pyrimidine,C>T
61652156,rs74403742,GG,GG,GA,67,100,51,NC_000005.10,Mutation NB - Paternal Origin,Transition - Purine/Purine,Unsolved
66560761,rs7713842,AG,AA,GG,32,100,21,NC_000005.10,Mutation NB - Maternal Origin,Transition - Purine/Purine,A>G
68883506,rs7737876,AC,CC,AA,1,76,21,NC_000005.10,Mutation NB - Maternal Origin,Transversion - Purine/Pyrimidine,C>A
73199288,rs10056798,TT,CC,CC,64,49,45,NC_000005.10,Mutation NB - Paternal Origin,Transition - Pyrimidine/Pyrimidine,T>C
73780199,rs6871548,CC,CC,CT,88,100,67,NC_000005.10,Mutation NB - Paternal Origin,Transition - Pyrimidine/Pyrimidine,Unsolved
73780354,.,TT,TT,TC,67,58,47,NC_000005.10,Mutation NB - Maternal Origin,Transition - Pyrimidine/Pyrimidine,Unsolved
75355259,rs3846662,GG,AA,GG,88,85,27,NC_000005.10,Mutation NB - Maternal Origin,Transition - Purine/Purine,A>G
75879667,rs1949878,TT,TT,TC,88,88,99,NC_000005.10,Mutation NB - Paternal or Maternal,Transition - Pyrimidine/Pyrimidine,Unsolved
75879683,rs1949879,GG,GG,GT,88,88,99,NC_000005.10,Mutation NB - Paternal or Maternal,Transversion - Purine/Pyrimidine,Unsolved
76083489,rs7448740,CA,AA,CC,1,91,27,NC_000005.10,Mutation NB - Maternal Origin,A>C
76174060,rs62622369,CC,TT,CC,70,88,36,NC_000005.10,Mutation NB - Maternal Origin,Transition - Pyrimidine/Pyrimidine,T>C
77409902,.,TT,TT,TC,64,55,41,NC_000005.10,Mutation NB - Maternal Origin,Transition - Pyrimidine/Pyrimidine,Unsolved
80247305,rs1010809,GA,GG,AA,36,91,9,NC_000005.10,Mutation NB - Maternal Origin,Transition - Purine/Purine,G>A
80668600,rs1677645,TT,TT,TC,100,49,99,NC_000005.10,Mutation NB - Maternal Origin,Transition - Pyrimidine/Pyrimidine,Unsolved
80828982,rs1592878,GA,GG,AA,79,79,18,NC_000005.10,Mutation NB - Maternal Origin,Transition - Purine/Purine,G>A
81690617,rs432617,TT,TT,TA,91,73,99,NC_000005.10,Mutation NB - Maternal Origin,Transition - Pyrimidine/Pyrimidine,Transversion - Purine/Pyrimidine,Unsolved
92743563,.,CC,CC,CT,82,79,99,NC_000005.10,Mutation NB - Maternal Origin,Transition - Pyrimidine/Pyrimidine,Unsolved
95005773,rs115660635,TT,TC,CC,91,58,9,NC_000005.10,Mutation NB - Paternal Origin,Transition - Pyrimidine/Pyrimidine,T>C
95005774,rs1460416723,CC,TC,TT,91,58,0,NC_000005.10,Mutation NB - Paternal Origin,Transition - Pyrimidine/Pyrimidine,C>T
98405999,rs1279133377,TT,TT,TG,83,99,99,NC_000005.10,Mutation NB - Paternal Origin,Transition - Pyrimidine/Pyrimidine,Transversion - Purine/Pyrimidine,Unsolved
99891279,rs2602958,GA,AA,GG,1,91,0,NC_000005.10,Mutation NB - Maternal Origin,Transition - Purine/Purine,A>G
101507242,.,AA,AA,AG,58,43,44,NC_000005.10,Mutation NB - Maternal Origin,Transition - Purine/Purine,Unsolved
103434321,rs149942394,AA,AA,AG,100,58,99,NC_000005.10,Mutation NB - Maternal Origin,Transition - Purine/Purine,Unsolved
105759202,rs1277192121,AA,AA,AG,67,55,50,NC_000005.10,Mutation NB - Maternal Origin,Transition - Purine/Purine,Unsolved
105993862,rs34119777,TT,TT,TC,58,100,99,NC_000005.10,Mutation NB - Paternal Origin,Transition - Pyrimidine/Pyrimidine,Unsolved
113332494,rs116421856,AA,GG,GG,91,76,21,NC_000005.10,Mutation NB - Paternal Origin,Transition - Purine/Purine,A>G
115000158,rs1750275967,AA,AA,AG,82,58,53,NC_000005.10,Mutation NB - Maternal Origin,Transition - Purine/Purine,Unsolved
121660680,rs6865324,GG,AA,AA,100,91,24,NC_000005.10,Mutation NB - Paternal Origin,Transition - Purine/Purine,G>A
123890758,rs330429,CC,TT,CC,82,100,18,NC_000005.10,Mutation NB - Maternal Origin,Transition - Pyrimidine/Pyrimidine,T>C
124521298,rs10070183,CC,CC,CG,100,82,99,NC_000005.10,Mutation NB - Maternal Origin,Transversion - Purine/Pyrimidine,Unsolved
125575855,rs330340,CC,CC,AC,85,79,62,NC_000005.10,Mutation NB - Maternal Origin,Transversion - Purine/Pyrimidine,Unsolved
128973120,.,TT,TT,TC,88,88,65,NC_000005.10,Mutation NB - Paternal or Maternal,Transition - Pyrimidine/Pyrimidine,Unsolved
130452051,.,TT,TT,TC,43,58,47,NC_000005.10,Mutation NB - Paternal Origin,Transition - Pyrimidine/Pyrimidine,Unsolved
132663164,rs111687094,CC,CC,CT,58,61,45,NC_000005.10,Mutation NB - Paternal Origin,Transition - Pyrimidine/Pyrimidine,Unsolved
133239344,rs11242147,GG,CC,GG,82,85,18,NC_000005.10,Mutation NB - Maternal Origin,Transversion - Purine/Pyrimidine,C>G
135018556,rs72800391,AA,GG,GG,79,91,0,NC_000005.10,Mutation NB - Paternal Origin,Transition - Purine/Purine,A>G
135535750,rs8192558,AA,AA,AC,58,100,99,NC_000005.10,Mutation NB - Paternal Origin,Transversion - Purine/Pyrimidine,Unsolved
135825729,rs877356,CT,CC,TT,1,73,18,NC_000005.10,Mutation NB - Maternal Origin,Transversion - Purine/Pyrimidine,C>T
138641420,rs17657378,TT,CC,CC,100,76,15,NC_000005.10,Mutation NB - Paternal Origin,Transition - Pyrimidine/Pyrimidine,T>C
141715366,rs248620,AA,AA,AG,100,91,1,NC_000005.10,Mutation NB - Maternal Origin,Transition - Purine/Purine,Unsolved
145609863,rs62394197,TT,TG,GG,73,1,12,NC_000005.10,Mutation NB - Paternal Origin,Transversion - Purine/Pyrimidine,T>G
145846828,rs1565437,TT,TC,CC,85,1,12,NC_000005.10,Mutation NB - Paternal Origin,Transition - Pyrimidine/Pyrimidine,T>C
146600522,.,TT,TT,TC,76,16,55,NC_000005.10,Mutation NB - Maternal Origin,Transition - Pyrimidine/Pyrimidine,Unsolved
149721281,.,TT,TT,TC,64,55,53,NC_000005.10,Mutation NB - Maternal Origin,Transition - Pyrimidine/Pyrimidine,Unsolved
150205418,rs4705425,AA,AA,AG,100,76,99,NC_000005.10,Mutation NB - Maternal Origin,Transition - Purine/Purine,Unsolved
154765500,rs7723269,TT,TC,CC,100,32,12,NC_000005.10,Mutation NB - Paternal Origin,Transition - Pyrimidine/Pyrimidine,T>C
155038328,.,AA,AA,AG,82,76,47,NC_000005.10,Mutation NB - Maternal Origin,Transition - Purine/Purine,Unsolved
157362763,rs7714183,CC,TT,TT,64,31,48,NC_000005.10,Mutation NB - Paternal Origin,Transition - Pyrimidine/Pyrimidine,C>T
166810251,rs13157099,GG,AA,AA,100,49,66,NC_000005.10,Mutation NB - Paternal Origin,Transition - Purine/Purine,G>A
167940661,.,AA,AA,AT,70,79,59,NC_000005.10,Mutation NB - Paternal Origin,Transversion - Purine/Pyrimidine,Unsolved
170077991,rs2270899,CC,CC,CT,100,73,62,NC_000005.10,Mutation NB - Maternal Origin,Transition - Pyrimidine/Pyrimidine,Unsolved
170439613,rs12520312,AA,GG,AA,91,91,24,NC_000005.10,Mutation NB - Maternal Origin,Transition - Purine/Purine,G>A
170489194,.,TT,TT,TC,64,76,41,NC_000005.10,Mutation NB - Paternal Origin,Transition - Pyrimidine/Pyrimidine,Unsolved
170535810,.,TT,TT,TC,67,61,47,NC_000005.10,Mutation NB - Maternal Origin,Transition - Pyrimidine/Pyrimidine,Unsolved
170922332,rs2122890,CC,CC,CT,88,82,68,NC_000005.10,Mutation NB - Maternal Origin,Transition - Pyrimidine/Pyrimidine,Unsolved
172919645,rs888699,TC,TT,CC,1,100,33,NC_000005.10,Mutation NB - Maternal Origin,Transition - Pyrimidine/Pyrimidine,T>C
172921463,rs10051239,AA,AG,GG,85,59,30,NC_000005.10,Mutation NB - Paternal Origin,Transition - Purine/Purine,A>G
173421067,rs12519856,TT,CC,CC,100,55,47,NC_000005.10,Mutation NB - Paternal Origin,Transition - Pyrimidine/Pyrimidine,T>C
174425861,rs59777882,GG,GG,GA,73,100,30,NC_000005.10,Mutation NB - Paternal Origin,Transition - Purine/Purine,Unsolved
174733110,rs4868444,TT,CC,TT,100,82,0,NC_000005.10,Mutation NB - Maternal Origin,Transition - Pyrimidine/Pyrimidine,C>T
175250011,rs72813309,AA,AA,AG,100,82,99,NC_000005.10,Mutation NB - Maternal Origin,Transition - Purine/Purine,Unsolved
175484034,.,CC,CC,CT,70,91,89,NC_000005.10,Mutation NB - Paternal Origin,Transition - Pyrimidine/Pyrimidine,Unsolved
176503487,rs2913902,GG,AA,AA,100,82,21,NC_000005.10,Mutation NB - Paternal Origin,Transition - Purine/Purine,G>A
177098553,.,AA,AA,AG,70,55,53,NC_000005.10,Mutation NB - Maternal Origin,Transition - Purine/Purine,Unsolved
178655884,.,TT,TT,TC,88,85,71,NC_000005.10,Mutation NB - Maternal Origin,Transition - Pyrimidine/Pyrimidine,Unsolved
178942672,rs10060764,TT,CC,CC,67,70,3,NC_000005.10,Mutation NB - Paternal Origin,Transition - Pyrimidine/Pyrimidine,T>C
180252504,rs6898872,CC,CC,CT,100,82,24,NC_000005.10,Mutation NB - Maternal Origin,Transition - Pyrimidine/Pyrimidine,Unsolved
180589742,rs1761279582,CC,CC,CT,91,82,65,NC_000005.10,Mutation NB - Maternal Origin,Transition - Pyrimidine/Pyrimidine,Unsolved
180633612,.,GG,GG,GA,100,88,52,NC_000005.10,Mutation NB - Maternal Origin,Transition - Purine/Purine,Unsolved
180860702,rs373352036,GG,GG,GA,91,85,18,NC_000005.10,Mutation NB - Maternal Origin,Transition - Purine/Purine,Unsolved
1317664,rs6924825,AA,GA,GG,91,70,0,NC_000006.12,Mutation NB - Paternal Origin,Transition - Purine/Purine,A>G
1336418,.,GG,GG,GT,88,91,36,NC_000006.12,Mutation NB - Paternal Origin,Transversion - Purine/Pyrimidine,Unsolved
1336421,rs12207513,GG,GG,GA,88,100,36,NC_000006.12,Mutation NB - Paternal Origin,Transition - Purine/Purine,Unsolved
1888007,rs9405522,AA,GG,AA,91,88,9,NC_000006.12,Mutation NB - Maternal Origin,Transition - Purine/Purine,G>A
3032023,rs4594994,GG,GG,GA,67,76,95,NC_000006.12,Mutation NB - Paternal Origin,Transition - Purine/Purine,Unsolved
4610860,rs926587,TT,AA,AA,100,64,39,NC_000006.12,Mutation NB - Paternal Origin,Transversion - Purine/Pyrimidine,T>A
7706680,rs72827039,AA,GG,AA,80,100,15,NC_000006.12,Mutation NB - Maternal Origin,Transition - Purine/Purine,G>A
7802977,rs950656728,TT,TT,TC,40,49,62,NC_000006.12,Mutation NB - Paternal Origin,Transition - Pyrimidine/Pyrimidine,Unsolved
10172020,rs11755739,GT,GG,TT,41,76,21,NC_000006.12,Mutation NB - Maternal Origin,Transversion - Purine/Pyrimidine,G>T
10855420,.,AA,AA,AG,91,88,47,NC_000006.12,Mutation NB - Maternal Origin,Transition - Purine/Purine,Unsolved
11902651,.,AA,AA,AG,58,34,67,NC_000006.12,Mutation NB - Maternal Origin,Transition - Purine/Purine,Unsolved
13300136,rs641293,AA,AA,AC,100,100,99,NC_000006.12,Mutation NB - Paternal or Maternal,Transversion - Purine/Pyrimidine,Unsolved
14487456,rs9367838,TT,TT,CC,100,85,9,NC_000006.12,Mutation NB - Maternal Origin,Transition - Pyrimidine/Pyrimidine,Unsolved
14655790,.,AA,AA,AG,88,70,56,NC_000006.12,Mutation NB - Maternal Origin,Transition - Purine/Purine,Unsolved
16197099,.,AA,AA,AG,61,61,56,NC_000006.12,Mutation NB - Paternal or Maternal,Transition - Purine/Purine,Unsolved
16226858,rs75375464,CC,CC,CT,46,100,99,NC_000006.12,Mutation NB - Paternal Origin,Transition - Pyrimidine/Pyrimidine,Unsolved
16358913,rs179977,GG,AA,GG,64,100,51,NC_000006.12,Mutation NB - Maternal Origin,Transition - Purine/Purine,A>G
18266082,.,CC,CC,CT,67,49,46,NC_000006.12,Mutation NB - Maternal Origin,Transition - Pyrimidine/Pyrimidine,Unsolved
18366468,rs13220764,CC,CC,CT,70,100,99,NC_000006.12,Mutation NB - Paternal Origin,Transition - Pyrimidine/Pyrimidine,Unsolved
19733663,rs6932015,TT,CC,TT,88,88,21,NC_000006.12,Mutation NB - Maternal Origin,Transition - Pyrimidine/Pyrimidine,C>T
20046577,.,AA,AA,AG,82,91,68,NC_000006.12,Mutation NB - Paternal Origin,Transition - Purine/Purine,Unsolved
21523856,.,TT,TT,TC,85,85,62,NC_000006.12,Mutation NB - Paternal or Maternal,Transition - Pyrimidine/Pyrimidine,Unsolved
23775640,rs9356895,TT,GT,GG,91,38,33,NC_000006.12,Mutation NB - Paternal Origin,Transversion - Purine/Pyrimidine,T>G
24228015,rs7774208,CC,TT,TT,100,76,33,NC_000006.12,Mutation NB - Paternal Origin,Transition - Pyrimidine/Pyrimidine,C>T
25764180,rs1892246,GG,GG,GA,100,61,99,NC_000006.12,Mutation NB - Maternal Origin,Transition - Purine/Purine,Unsolved
25787589,rs2096386,AA,AA,GA,91,82,99,NC_000006.12,Mutation NB - Maternal Origin,Transition - Purine/Purine,Unsolved
33549130,rs9461879,CT,CC,TT,32,100,24,NC_000006.12,Mutation NB - Maternal Origin,Transversion - Purine/Pyrimidine,C>T
34347330,.,AA,AA,AG,79,43,40,NC_000006.12,Mutation NB - Maternal Origin,Transition - Purine/Purine,Unsolved
35129371,.,TT,TT,TC,82,61,56,NC_000006.12,Mutation NB - Maternal Origin,Transition - Pyrimidine/Pyrimidine,Unsolved
36756139,rs12203137,GG,GG,GA,100,88,21,NC_000006.12,Mutation NB - Maternal Origin,Transition - Purine/Purine,Unsolved
37566266,.,AA,AA,AG,79,64,58,NC_000006.12,Mutation NB - Maternal Origin,Transition - Purine/Purine,Unsolved
40508062,rs77517728,GG,GG,GA,85,100,99,NC_000006.12,Mutation NB - Paternal Origin,Transition - Purine/Purine,Unsolved
40508069,rs1036287,AG,AA,GG,32,100,36,NC_000006.12,Mutation NB - Maternal Origin,Transition - Purine/Purine,A>G
42077207,rs3800286,GG,GG,GA,91,100,61,NC_000006.12,Mutation NB - Paternal Origin,Transition - Purine/Purine,Unsolved
43999045,rs114128030,GG,GG,GA,73,76,93,NC_000006.12,Mutation NB - Paternal Origin,Transition - Purine/Purine,Unsolved
43999066,rs112041121,CC,CC,CT,100,76,93,NC_000006.12,Mutation NB - Maternal Origin,Transition - Pyrimidine/Pyrimidine,Unsolved
48979172,.,AA,AA,AG,85,88,65,NC_000006.12,Mutation NB - Paternal Origin,Transition - Purine/Purine,Unsolved
51854767,rs6918147,CC,TT,CC,76,82,9,NC_000006.12,Mutation NB - Maternal Origin,Transition - Pyrimidine/Pyrimidine,T>C
52261983,rs605134,CC,AA,CC,67,100,42,NC_000006.12,Mutation NB - Maternal Origin,Transversion - Purine/Pyrimidine,A>C
52914409,rs12202200,GG,GG,GA,91,100,64,NC_000006.12,Mutation NB - Paternal Origin,Transition - Purine/Purine,Unsolved
66541703,rs2670416,AA,GG,AA,100,88,0,NC_000006.12,Mutation NB - Maternal Origin,Transition - Purine/Purine,G>A
67440508,.,TT,TT,TC,85,88,47,NC_000006.12,Mutation NB - Paternal Origin,Transition - Pyrimidine/Pyrimidine,Unsolved
67440512,rs12526150,TT,TT,TC,100,88,99,NC_000006.12,Mutation NB - Maternal Origin,Transition - Pyrimidine/Pyrimidine,Unsolved
69146562,.,AA,AA,AG,70,76,45,NC_000006.12,Mutation NB - Paternal Origin,Transition - Purine/Purine,Unsolved
70301834,.,AA,AA,AG,85,64,59,NC_000006.12,Mutation NB - Maternal Origin,Transition - Purine/Purine,Unsolved
71785925,rs10085233,GG,GG,AG,73,88,62,NC_000006.12,Mutation NB - Paternal Origin,Transition - Purine/Purine,Unsolved
78780687,rs1769070516,AA,AA,AG,88,73,41,NC_000006.12,Mutation NB - Maternal Origin,Transition - Purine/Purine,Unsolved
85399897,rs313198,GG,AA,AA,88,82,54,NC_000006.12,Mutation NB - Paternal Origin,Transition - Purine/Purine,G>A
88764147,rs6918005,AA,AA,AG,100,67,99,NC_000006.12,Mutation NB - Maternal Origin,Transition - Purine/Purine,Unsolved
89296206,rs2148174,TT,CC,CC,88,85,21,NC_000006.12,Mutation NB - Paternal Origin,Transition - Pyrimidine/Pyrimidine,T>C
90702580,.,TT,TT,TC,85,73,44,NC_000006.12,Mutation NB - Maternal Origin,Transition - Pyrimidine/Pyrimidine,Unsolved
94337476,rs6922538,TT,TT,TA,100,88,30,NC_000006.12,Mutation NB - Maternal Origin,Transition - Pyrimidine/Pyrimidine,Transversion - Purine/Pyrimidine,Unsolved
99049479,rs4839738,GG,CC,CC,100,91,12,NC_000006.12,Mutation NB - Paternal Origin,Transversion - Purine/Pyrimidine,G>C
99637601,.,TT,TT,TC,88,88,62,NC_000006.12,Mutation NB - Paternal or Maternal,Transition - Pyrimidine/Pyrimidine,Unsolved
100394455,rs9390345,AA,GA,GG,67,70,0,NC_000006.12,Mutation NB - Paternal Origin,Transition - Purine/Purine,A>G
103332364,rs4946980,AG,GG,AA,28,88,0,NC_000006.12,Mutation NB - Maternal Origin,Transition - Purine/Purine,G>A
105734574,.,GG,GG,GA,91,84,59,NC_000006.12,Mutation NB - Maternal Origin,Transition - Purine/Purine,Unsolved
107916920,rs72937370,AA,CC,CC,100,58,27,NC_000006.12,Mutation NB - Paternal Origin,Transversion - Purine/Pyrimidine,A>C
108195450,.,GG,GG,GA,76,91,65,NC_000006.12,Mutation NB - Paternal Origin,Transition - Purine/Purine,Unsolved
109713636,rs6917300,CC,CC,CT,100,49,95,NC_000006.12,Mutation NB - Maternal Origin,Transition - Pyrimidine/Pyrimidine,Unsolved
109958762,.,GG,GG,GA,28,52,54,NC_000006.12,Mutation NB - Paternal Origin,Transition - Purine/Purine,Unsolved
110379026,rs7753212,TT,TC,CC,91,34,12,NC_000006.12,Mutation NB - Paternal Origin,Transition - Pyrimidine/Pyrimidine,T>C
111520769,.,AA,AA,AG,88,85,56,NC_000006.12,Mutation NB - Maternal Origin,Transition - Purine/Purine,Unsolved
111760532,rs6914091,CC,CT,TT,100,1,38,NC_000006.12,Mutation NB - Paternal Origin,Transition - Pyrimidine/Pyrimidine,C>T
111760596,rs1965583,GG,GA,AA,100,1,42,NC_000006.12,Mutation NB - Paternal Origin,Transition - Purine/Purine,G>A
116273676,rs968675403,CC,CC,CT,76,100,99,NC_000006.12,Mutation NB - Paternal Origin,Transition - Pyrimidine/Pyrimidine,Unsolved
116273695,rs73767708,CC,TT,CC,76,76,24,NC_000006.12,Mutation NB - Maternal Origin,Transition - Pyrimidine/Pyrimidine,T>C
123022949,rs7741544,AA,GA,GG,88,73,9,NC_000006.12,Mutation NB - Paternal Origin,Transition - Purine/Purine,A>G
124596122,rs74342666,CC,TT,CC,76,85,27,NC_000006.12,Mutation NB - Maternal Origin,Transition - Pyrimidine/Pyrimidine,T>C
127475181,rs12194762,GG,GC,CC,100,1,21,NC_000006.12,Mutation NB - Paternal Origin,Transversion - Purine/Pyrimidine,G>C
129775036,.,TT,TT,TC,76,64,50,NC_000006.12,Mutation NB - Maternal Origin,Transition - Pyrimidine/Pyrimidine,Unsolved
129775203,.,AA,AA,AG,82,55,47,NC_000006.12,Mutation NB - Maternal Origin,Transition - Purine/Purine,Unsolved
130537733,rs1933768,GG,GG,GA,79,100,30,NC_000006.12,Mutation NB - Paternal Origin,Transition - Purine/Purine,Unsolved
131895045,.,CC,CC,CT,85,58,41,NC_000006.12,Mutation NB - Maternal Origin,Transition - Pyrimidine/Pyrimidine,Unsolved
132635375,rs6918955,GG,CC,GG,70,79,24,NC_000006.12,Mutation NB - Maternal Origin,Transversion - Purine/Pyrimidine,C>G
132939252,rs139395224,GG,CC,CC,88,73,48,NC_000006.12,Mutation NB - Paternal Origin,Transversion - Purine/Pyrimidine,G>C
134773008,rs9376066,TT,TT,TC,61,70,97,NC_000006.12,Mutation NB - Paternal Origin,Transition - Pyrimidine/Pyrimidine,Unsolved
137218855,rs1056673754,GG,GG,GA,64,79,98,NC_000006.12,Mutation NB - Paternal Origin,Transition - Purine/Purine,Unsolved
137602970,rs530478782,GG,GG,GA,79,79,59,NC_000006.12,Mutation NB - Paternal or Maternal,Transition - Purine/Purine,Unsolved
143874927,rs9484820,GG,GG,GA,82,100,95,NC_000006.12,Mutation NB - Paternal Origin,Transition - Purine/Purine,Unsolved
146729977,.,AA,AA,AG,70,61,71,NC_000006.12,Mutation NB - Maternal Origin,Transition - Purine/Purine,Unsolved
148007040,rs6938902,CT,CC,TT,73,100,12,NC_000006.12,Mutation NB - Maternal Origin,Transversion - Purine/Pyrimidine,C>T
149013513,rs146152707,CC,CC,CT,100,73,71,NC_000006.12,Mutation NB - Maternal Origin,Transition - Pyrimidine/Pyrimidine,Unsolved
149721128,rs145518067,GG,GG,GT,91,100,99,NC_000006.12,Mutation NB - Paternal Origin,Transversion - Purine/Pyrimidine,Unsolved
150200458,rs910534,TC,TT,CC,1,61,72,NC_000006.12,Mutation NB - Maternal Origin,Transition - Pyrimidine/Pyrimidine,T>C
150200502,rs975211,GA,GG,AA,1,64,72,NC_000006.12,Mutation NB - Maternal Origin,Transition - Purine/Purine,G>A
153790254,rs9397655,AA,GG,GG,100,82,39,NC_000006.12,Mutation NB - Paternal Origin,Transition - Purine/Purine,A>G
159134954,rs1965303,CC,GG,GG,100,85,21,NC_000006.12,Mutation NB - Paternal Origin,Transversion - Purine/Pyrimidine,C>G
161134808,rs10945713,CT,TT,CC,32,88,18,NC_000006.12,Mutation NB - Maternal Origin,Transition - Pyrimidine/Pyrimidine,T>C
162491437,rs7758619,CC,CC,TT,100,100,12,NC_000006.12,Mutation NB - Paternal or Maternal,Transition - Pyrimidine/Pyrimidine,Unsolved
163328520,rs13211088,CT,TT,CC,29,88,27,NC_000006.12,Mutation NB - Maternal Origin,Transition - Pyrimidine/Pyrimidine,T>C
163341937,rs760885,CC,TC,TT,85,5,18,NC_000006.12,Mutation NB - Paternal Origin,Transition - Pyrimidine/Pyrimidine,C>T
163690316,rs73029259,TT,TT,TA,76,100,99,NC_000006.12,Mutation NB - Paternal Origin,Transition - Pyrimidine/Pyrimidine,Transversion - Purine/Pyrimidine,Unsolved
166759817,rs567218,GG,TT,GG,46,73,30,NC_000006.12,Mutation NB - Maternal Origin,Transition - Purine/Purine,Transversion - Purine/Pyrimidine,T>G
166759820,rs62438717,GG,CC,GG,46,73,30,NC_000006.12,Mutation NB - Maternal Origin,Transversion - Purine/Pyrimidine,C>G
166759824,rs76794049,CC,TT,CC,46,73,30,NC_000006.12,Mutation NB - Maternal Origin,Transition - Pyrimidine/Pyrimidine,T>C
166759825,rs75689438,CC,TT,CC,46,73,30,NC_000006.12,Mutation NB - Maternal Origin,Transition - Pyrimidine/Pyrimidine,T>C
167400342,rs6905928,TT,CC,CC,100,85,39,NC_000006.12,Mutation NB - Paternal Origin,Transition - Pyrimidine/Pyrimidine,T>C
167991110,rs2516796,GG,TG,TT,91,32,0,NC_000006.12,Mutation NB - Paternal Origin,Transversion - Purine/Pyrimidine,G>T
168076092,rs117110540,GG,CC,CC,88,85,0,NC_000006.12,Mutation NB - Paternal Origin,Transversion - Purine/Pyrimidine,G>C
168177248,rs2199773,TT,TG,GG,91,1,9,NC_000006.12,Mutation NB - Paternal Origin,Transversion - Purine/Pyrimidine,T>G
169213092,rs10945399,AA,AA,AC,88,64,99,NC_000006.12,Mutation NB - Maternal Origin,Transversion - Purine/Pyrimidine,Unsolved
170186739,.,TT,TT,TC,79,79,62,NC_000006.12,Mutation NB - Paternal or Maternal,Transition - Pyrimidine/Pyrimidine,Unsolved
170186915,rs112868921,CC,TT,CC,79,79,14,NC_000006.12,Mutation NB - Maternal Origin,Transition - Pyrimidine/Pyrimidine,T>C
170229058,rs9356621,CC,TT,CC,76,82,0,NC_000006.12,Mutation NB - Maternal Origin,Transition - Pyrimidine/Pyrimidine,T>C
341341,.,AA,AA,AT,88,79,59,NC_000007.14,Mutation NB - Maternal Origin,Transversion - Purine/Pyrimidine,Unsolved
1164470,.,CC,CC,CT,64,61,43,NC_000007.14,Mutation NB - Maternal Origin,Transition - Pyrimidine/Pyrimidine,Unsolved
1812427,rs6955410,AA,GG,AA,91,85,15,NC_000007.14,Mutation NB - Maternal Origin,Transition - Purine/Purine,G>A
2688591,rs149085698,AA,AA,AT,91,82,33,NC_000007.14,Mutation NB - Maternal Origin,Transversion - Purine/Pyrimidine,Unsolved
2939693,.,AA,AA,AG,61,55,42,NC_000007.14,Mutation NB - Maternal Origin,Transition - Purine/Purine,Unsolved
3079885,.,AA,AA,AG,70,64,61,NC_000007.14,Mutation NB - Maternal Origin,Transition - Purine/Purine,Unsolved
3079891,rs78164870,AA,AA,AT,100,100,61,NC_000007.14,Mutation NB - Paternal or Maternal,Transversion - Purine/Pyrimidine,Unsolved
6231185,.,TT,TT,TC,82,76,46,NC_000007.14,Mutation NB - Maternal Origin,Transition - Pyrimidine/Pyrimidine,Unsolved
7384957,rs1296104,AA,CC,CC,88,79,0,NC_000007.14,Mutation NB - Paternal Origin,Transversion - Purine/Pyrimidine,A>C
7384968,rs1294632,CC,TC,TT,88,69,0,NC_000007.14,Mutation NB - Paternal Origin,Transition - Pyrimidine/Pyrimidine,C>T
8035626,rs80353467,CC,TT,TT,55,70,30,NC_000007.14,Mutation NB - Paternal Origin,Transition - Pyrimidine/Pyrimidine,C>T
12170867,rs7788670,CC,CC,GG,100,85,9,NC_000007.14,Mutation NB - Maternal Origin,Transversion - Purine/Pyrimidine,Unsolved
12170889,rs7788563,AA,AA,GG,100,85,9,NC_000007.14,Mutation NB - Maternal Origin,Transition - Purine/Purine,Unsolved
13376704,rs891859,TT,TC,CC,100,99,21,NC_000007.14,Mutation NB - Paternal Origin,Transition - Pyrimidine/Pyrimidine,T>C
15711369,rs73056409,AA,AA,AC,79,100,21,NC_000007.14,Mutation NB - Paternal Origin,Transversion - Purine/Pyrimidine,Unsolved
22052307,rs1441897996,CC,CC,CT,52,58,47,NC_000007.14,Mutation NB - Paternal Origin,Transition - Pyrimidine/Pyrimidine,Unsolved
22091401,rs11767842,CC,GG,CC,85,79,15,NC_000007.14,Mutation NB - Maternal Origin,Transversion - Purine/Pyrimidine,G>C
22668551,rs2961299,CC,CC,CT,76,88,58,NC_000007.14,Mutation NB - Paternal Origin,Transition - Pyrimidine/Pyrimidine,Unsolved
25148325,rs4722433,AA,GG,AA,82,100,9,NC_000007.14,Mutation NB - Maternal Origin,Transition - Purine/Purine,G>A
29272100,rs3828991,GG,AA,AA,88,64,15,NC_000007.14,Mutation NB - Paternal Origin,Transition - Purine/Purine,G>A
30128782,rs117934571,CC,CC,CT,100,46,99,NC_000007.14,Mutation NB - Maternal Origin,Transition - Pyrimidine/Pyrimidine,Unsolved
30856428,rs4628165,CC,CC,CG,100,49,56,NC_000007.14,Mutation NB - Maternal Origin,Transversion - Purine/Pyrimidine,Unsolved
34883218,rs6966582,CC,AA,CC,67,67,0,NC_000007.14,Mutation NB - Maternal Origin,Transversion - Purine/Pyrimidine,A>C
37406066,rs1425125,CC,TT,TT,100,76,51,NC_000007.14,Mutation NB - Paternal Origin,Transition - Pyrimidine/Pyrimidine,C>T
38686283,rs12701651,AA,CA,CC,88,32,0,NC_000007.14,Mutation NB - Paternal Origin,Transversion - Purine/Pyrimidine,A>C
43790207,rs73101420,CC,CT,TT,100,1,36,NC_000007.14,Mutation NB - Paternal Origin,Transition - Pyrimidine/Pyrimidine,C>T
44286634,rs35945525,TT,AA,AA,88,82,18,NC_000007.14,Mutation NB - Paternal Origin,Transversion - Purine/Pyrimidine,T>A
44981181,.,TT,TT,TC,82,64,39,NC_000007.14,Mutation NB - Maternal Origin,Transition - Pyrimidine/Pyrimidine,Unsolved
44981290,rs12533346,GG,GG,AG,88,64,59,NC_000007.14,Mutation NB - Maternal Origin,Transition - Purine/Purine,Unsolved
45176842,rs1294943,TT,TT,CT,70,73,99,NC_000007.14,Mutation NB - Paternal Origin,Transition - Pyrimidine/Pyrimidine,Unsolved
45889039,rs576070701,GG,GG,GC,88,82,36,NC_000007.14,Mutation NB - Maternal Origin,Transition - Purine/Purine,Transversion - Purine/Pyrimidine,Unsolved
45889043,.,GG,GG,GC,88,100,36,NC_000007.14,Mutation NB - Paternal Origin,Transition - Purine/Purine,Transversion - Purine/Pyrimidine,Unsolved
45889049,rs985709056,GG,GG,GC,88,100,36,NC_000007.14,Mutation NB - Paternal Origin,Transition - Purine/Purine,Transversion - Purine/Pyrimidine,Unsolved
46220327,rs7778803,GG,GG,AA,91,67,0,NC_000007.14,Mutation NB - Maternal Origin,Transition - Purine/Purine,Unsolved
46661639,.,CC,CC,CT,76,85,44,NC_000007.14,Mutation NB - Paternal Origin,Transition - Pyrimidine/Pyrimidine,Unsolved
47339115,.,GG,GG,GA,88,73,59,NC_000007.14,Mutation NB - Maternal Origin,Transition - Purine/Purine,Unsolved
47347971,rs146282157,CC,CC,CT,100,52,99,NC_000007.14,Mutation NB - Maternal Origin,Transition - Pyrimidine/Pyrimidine,Unsolved
47377251,rs1020325117,AA,AA,AG,76,55,68,NC_000007.14,Mutation NB - Maternal Origin,Transition - Purine/Purine,Unsolved
49844153,rs12536329,AA,GG,GG,85,73,48,NC_000007.14,Mutation NB - Paternal Origin,Transition - Purine/Purine,A>G
51802927,.,GG,GG,GA,88,64,48,NC_000007.14,Mutation NB - Maternal Origin,Transition - Purine/Purine,Unsolved
53035574,rs10248048,GG,TT,GG,70,82,12,NC_000007.14,Mutation NB - Maternal Origin,Transition - Purine/Purine,Transversion - Purine/Pyrimidine,T>G
55067126,rs723526,AG,GG,AA,73,88,0,NC_000007.14,Mutation NB - Maternal Origin,Transition - Purine/Purine,G>A
56153076,rs816251,CT,CC,TT,1,100,57,NC_000007.14,Mutation NB - Maternal Origin,Transversion - Purine/Pyrimidine,C>T
56494285,rs4409361,CA,AA,CC,1,85,0,NC_000007.14,Mutation NB - Maternal Origin,A>C
57234281,rs73120342,CC,CC,CT,67,100,99,NC_000007.14,Mutation NB - Paternal Origin,Transition - Pyrimidine/Pyrimidine,Unsolved
57328886,rs13241918,CC,TT,CC,85,88,27,NC_000007.14,Mutation NB - Maternal Origin,Transition - Pyrimidine/Pyrimidine,T>C
67867144,rs7795983,CC,TT,TT,88,100,0,NC_000007.14,Mutation NB - Paternal Origin,Transition - Pyrimidine/Pyrimidine,C>T
67950954,rs113591499,AA,AA,AT,76,73,27,NC_000007.14,Mutation NB - Maternal Origin,Transversion - Purine/Pyrimidine,Unsolved
68943747,rs7801959,GG,GG,GC,100,67,80,NC_000007.14,Mutation NB - Maternal Origin,Transition - Purine/Purine,Transversion - Purine/Pyrimidine,Unsolved
69481214,rs1790317803,AA,AA,AG,67,67,62,NC_000007.14,Mutation NB - Paternal or Maternal,Transition - Purine/Purine,Unsolved
70230773,.,GG,GG,GA,58,34,44,NC_000007.14,Mutation NB - Maternal Origin,Transition - Purine/Purine,Unsolved
71136079,rs2158735,CC,CC,CG,67,82,99,NC_000007.14,Mutation NB - Paternal Origin,Transversion - Purine/Pyrimidine,Unsolved
72033128,.,AA,AA,AG,58,37,44,NC_000007.14,Mutation NB - Maternal Origin,Transition - Purine/Purine,Unsolved
74344133,rs505388,TT,CC,CC,100,82,21,NC_000007.14,Mutation NB - Paternal Origin,Transition - Pyrimidine/Pyrimidine,T>C
76105719,rs1613890,TT,TT,TC,79,100,99,NC_000007.14,Mutation NB - Paternal Origin,Transition - Pyrimidine/Pyrimidine,Unsolved
76137851,.,TT,TT,TC,31,76,95,NC_000007.14,Mutation NB - Paternal Origin,Transition - Pyrimidine/Pyrimidine,Unsolved
76399510,rs35078049,AA,AA,AG,100,49,99,NC_000007.14,Mutation NB - Maternal Origin,Transition - Purine/Purine,Unsolved
77626624,rs17467232,TC,TT,CC,35,82,12,NC_000007.14,Mutation NB - Maternal Origin,Transition - Pyrimidine/Pyrimidine,T>C
79341720,rs10499842,CC,CC,CT,100,58,99,NC_000007.14,Mutation NB - Maternal Origin,Transition - Pyrimidine/Pyrimidine,Unsolved
79739693,rs191147968,CC,CC,CT,82,100,99,NC_000007.14,Mutation NB - Paternal Origin,Transition - Pyrimidine/Pyrimidine,Unsolved
85928488,rs986727,CC,AC,AA,88,74,0,NC_000007.14,Mutation NB - Paternal Origin,Transversion - Purine/Pyrimidine,C>A
87876306,rs1282482971,GG,GG,GA,82,85,65,NC_000007.14,Mutation NB - Paternal Origin,Transition - Purine/Purine,Unsolved
92653310,rs11764331,CC,TT,TT,100,70,12,NC_000007.14,Mutation NB - Paternal Origin,Transition - Pyrimidine/Pyrimidine,C>T
93118488,rs28532460,GG,GG,GA,85,85,98,NC_000007.14,Mutation NB - Paternal or Maternal,Transition - Purine/Purine,Unsolved
94320625,.,AA,AA,AG,67,85,47,NC_000007.14,Mutation NB - Paternal Origin,Transition - Purine/Purine,Unsolved
95605659,rs12155341,GG,GG,GA,91,100,61,NC_000007.14,Mutation NB - Paternal Origin,Transition - Purine/Purine,Unsolved
95993678,.,CC,CC,CA,55,61,59,NC_000007.14,Mutation NB - Paternal Origin,Transversion - Purine/Pyrimidine,Unsolved
98286385,rs6968144,AA,GG,AA,79,91,9,NC_000007.14,Mutation NB - Maternal Origin,Transition - Purine/Purine,G>A
100622616,.,GG,GG,GA,85,55,53,NC_000007.14,Mutation NB - Maternal Origin,Transition - Purine/Purine,Unsolved
101510374,rs73180860,CC,CT,TT,88,70,12,NC_000007.14,Mutation NB - Paternal Origin,Transition - Pyrimidine/Pyrimidine,C>T
102270501,rs1725603,CC,TT,TT,100,67,39,NC_000007.14,Mutation NB - Paternal Origin,Transition - Pyrimidine/Pyrimidine,C>T
106236207,rs12534383,CC,TT,CC,73,76,18,NC_000007.14,Mutation NB - Maternal Origin,Transition - Pyrimidine/Pyrimidine,T>C
106236245,rs12534393,CC,TT,CC,73,82,18,NC_000007.14,Mutation NB - Maternal Origin,Transition - Pyrimidine/Pyrimidine,T>C
110736163,rs35965326,AA,AA,AC,100,37,99,NC_000007.14,Mutation NB - Maternal Origin,Transversion - Purine/Pyrimidine,Unsolved
123499118,rs10282084,TT,CC,CC,82,79,0,NC_000007.14,Mutation NB - Paternal Origin,Transition - Pyrimidine/Pyrimidine,T>C
128111059,.,AA,AA,AG,55,73,56,NC_000007.14,Mutation NB - Paternal Origin,Transition - Purine/Purine,Unsolved
128250098,rs7795794,AA,GG,GG,100,91,21,NC_000007.14,Mutation NB - Paternal Origin,Transition - Purine/Purine,A>G
130296963,rs3778856,GG,AA,GG,100,88,9,NC_000007.14,Mutation NB - Maternal Origin,Transition - Purine/Purine,A>G
131999041,rs74510432,TT,CC,CC,91,85,9,NC_000007.14,Mutation NB - Paternal Origin,Transition - Pyrimidine/Pyrimidine,T>C
133275324,rs12112133,TC,CC,TT,32,73,0,NC_000007.14,Mutation NB - Maternal Origin,Transversion - Purine/Pyrimidine,C>T
134413561,rs11770738,TT,TT,TC,100,100,59,NC_000007.14,Mutation NB - Paternal or Maternal,Transition - Pyrimidine/Pyrimidine,Unsolved
135269389,.,TT,TT,TC,52,74,99,NC_000007.14,Mutation NB - Paternal Origin,Transition - Pyrimidine/Pyrimidine,Unsolved
140340944,rs7777419,GG,TT,TT,70,73,0,NC_000007.14,Mutation NB - Paternal Origin,Transversion - Purine/Pyrimidine,G>T
149325856,.,AA,AA,AC,85,64,39,NC_000007.14,Mutation NB - Maternal Origin,Transversion - Purine/Pyrimidine,Unsolved
149349309,rs2107984,CC,TT,TT,91,88,0,NC_000007.14,Mutation NB - Paternal Origin,Transition - Pyrimidine/Pyrimidine,C>T
149599014,.,CC,CC,CG,70,40,41,NC_000007.14,Mutation NB - Maternal Origin,Transversion - Purine/Pyrimidine,Unsolved
149635644,.,CC,CC,CA,67,70,49,NC_000007.14,Mutation NB - Paternal Origin,Transversion - Purine/Pyrimidine,Unsolved
150824976,rs62490442,GG,GG,GT,100,70,99,NC_000007.14,Mutation NB - Maternal Origin,Transversion - Purine/Pyrimidine,Unsolved
151348903,rs400256,CC,GG,GG,100,79,18,NC_000007.14,Mutation NB - Paternal Origin,Transversion - Purine/Pyrimidine,C>G
151348936,rs421635,AA,GG,GG,100,79,18,NC_000007.14,Mutation NB - Paternal Origin,Transition - Purine/Purine,A>G
152846420,.,TT,TT,TA,73,52,42,NC_000007.14,Mutation NB - Maternal Origin,Transition - Pyrimidine/Pyrimidine,Transversion - Purine/Pyrimidine,Unsolved
155396184,rs13223747,TT,TT,TG,91,91,62,NC_000007.14,Mutation NB - Paternal or Maternal,Transition - Pyrimidine/Pyrimidine,Transversion - Purine/Pyrimidine,Unsolved
155784301,rs141457140,CC,CC,CT,58,40,47,NC_000007.14,Mutation NB - Maternal Origin,Transition - Pyrimidine/Pyrimidine,Unsolved
156167232,rs67157709,TT,CC,CC,82,79,27,NC_000007.14,Mutation NB - Paternal Origin,Transition - Pyrimidine/Pyrimidine,T>C
156200788,rs752210418,CC,CC,CT,76,40,59,NC_000007.14,Mutation NB - Maternal Origin,Transition - Pyrimidine/Pyrimidine,Unsolved
156355372,.,AA,AA,AG,76,70,47,NC_000007.14,Mutation NB - Maternal Origin,Transition - Purine/Purine,Unsolved
157683394,.,TT,TT,TC,73,58,53,NC_000007.14,Mutation NB - Maternal Origin,Transition - Pyrimidine/Pyrimidine,Unsolved
2955540,rs763933089,TT,TT,TC,88,88,62,NC_000008.11,Mutation NB - Paternal or Maternal,Transition - Pyrimidine/Pyrimidine,Unsolved
3421705,rs11136623,TC,TT,CC,1,52,15,NC_000008.11,Mutation NB - Maternal Origin,Transition - Pyrimidine/Pyrimidine,T>C
3530879,.,AA,AA,AG,76,73,60,NC_000008.11,Mutation NB - Maternal Origin,Transition - Purine/Purine,Unsolved
6366155,rs192473172,CC,CC,CT,79,73,62,NC_000008.11,Mutation NB - Maternal Origin,Transition - Pyrimidine/Pyrimidine,Unsolved
6601431,rs1048241358,GG,GG,GA,91,70,56,NC_000008.11,Mutation NB - Maternal Origin,Transition - Purine/Purine,Unsolved
17633397,rs2237844,AA,AA,AG,82,100,86,NC_000008.11,Mutation NB - Paternal Origin,Transition - Purine/Purine,Unsolved
18400344,rs1801280,TT,TC,CC,100,70,9,NC_000008.11,Mutation NB - Paternal Origin,Transition - Pyrimidine/Pyrimidine,T>C
19007085,rs142739990,TT,TT,TC,76,100,99,NC_000008.11,Mutation NB - Paternal Origin,Transition - Pyrimidine/Pyrimidine,Unsolved
19007097,rs35372676,AA,GG,AA,73,82,36,NC_000008.11,Mutation NB - Maternal Origin,Transition - Purine/Purine,G>A
19007101,rs61050926,GG,GG,GA,73,100,99,NC_000008.11,Mutation NB - Paternal Origin,Transition - Purine/Purine,Unsolved
19604166,rs2051012086,AA,AA,AG,70,73,49,NC_000008.11,Mutation NB - Paternal Origin,Transition - Purine/Purine,Unsolved
20249796,rs371589270,CC,CC,CT,85,76,62,NC_000008.11,Mutation NB - Maternal Origin,Transition - Pyrimidine/Pyrimidine,Unsolved
20543742,rs17092766,CC,CC,CG,79,100,99,NC_000008.11,Mutation NB - Paternal Origin,Transversion - Purine/Pyrimidine,Unsolved
21041131,.,TT,TT,TC,79,77,48,NC_000008.11,Mutation NB - Maternal Origin,Transition - Pyrimidine/Pyrimidine,Unsolved
21779154,rs35568068,CC,GG,CC,82,91,0,NC_000008.11,Mutation NB - Maternal Origin,Transversion - Purine/Pyrimidine,G>C
21779206,rs34079804,CC,TT,CC,82,91,0,NC_000008.11,Mutation NB - Maternal Origin,Transition - Pyrimidine/Pyrimidine,T>C
23338344,rs890473888,AA,CC,CC,88,61,30,NC_000008.11,Mutation NB - Paternal Origin,Transversion - Purine/Pyrimidine,A>C
27404678,rs1367088,CT,TT,CC,25,91,24,NC_000008.11,Mutation NB - Maternal Origin,Transition - Pyrimidine/Pyrimidine,T>C
28340642,rs351783,TT,CC,TT,91,88,39,NC_000008.11,Mutation NB - Maternal Origin,Transition - Pyrimidine/Pyrimidine,C>T
35468704,.,TT,TT,TC,91,91,56,NC_000008.11,Mutation NB - Paternal or Maternal,Transition - Pyrimidine/Pyrimidine,Unsolved
36922691,rs1010669,AA,GG,AA,91,73,0,NC_000008.11,Mutation NB - Maternal Origin,Transition - Purine/Purine,G>A
38563016,rs1266456811,CC,TT,TT,100,94,3,NC_000008.11,Mutation NB - Paternal Origin,Transition - Pyrimidine/Pyrimidine,C>T
40406993,rs1981999,CC,TT,TT,100,91,24,NC_000008.11,Mutation NB - Paternal Origin,Transition - Pyrimidine/Pyrimidine,C>T
40406995,rs1982000,AA,GG,GG,100,91,24,NC_000008.11,Mutation NB - Paternal Origin,Transition - Purine/Purine,A>G
40934163,rs4736889,CC,AA,AA,76,85,0,NC_000008.11,Mutation NB - Paternal Origin,Transversion - Purine/Pyrimidine,C>A
41646083,.,GG,GG,GA,79,58,50,NC_000008.11,Mutation NB - Maternal Origin,Transition - Purine/Purine,Unsolved
42721497,.,GG,GG,GA,79,82,47,NC_000008.11,Mutation NB - Paternal Origin,Transition - Purine/Purine,Unsolved
46122720,.,TT,TT,TC,58,79,47,NC_000008.11,Mutation NB - Paternal Origin,Transition - Pyrimidine/Pyrimidine,Unsolved
46178128,.,GG,GG,GA,61,28,47,NC_000008.11,Mutation NB - Maternal Origin,Transition - Purine/Purine,Unsolved
48090496,rs1387039220,AA,AA,AG,88,73,95,NC_000008.11,Mutation NB - Maternal Origin,Transition - Purine/Purine,Unsolved
51292644,rs28806591,GG,TT,TT,88,88,0,NC_000008.11,Mutation NB - Paternal Origin,Transversion - Purine/Pyrimidine,G>T
51526130,rs36035820,GG,GG,GT,79,55,99,NC_000008.11,Mutation NB - Maternal Origin,Transversion - Purine/Pyrimidine,Unsolved
51526136,rs33979345,AA,AA,AG,79,55,99,NC_000008.11,Mutation NB - Maternal Origin,Transition - Purine/Purine,Unsolved
52000417,rs7008730,GG,GA,AA,88,38,18,NC_000008.11,Mutation NB - Paternal Origin,Transition - Purine/Purine,G>A
52000544,rs6991582,AA,AA,AG,100,79,94,NC_000008.11,Mutation NB - Maternal Origin,Transition - Purine/Purine,Unsolved
52000587,rs6991598,AA,AA,AC,100,79,98,NC_000008.11,Mutation NB - Maternal Origin,Transversion - Purine/Pyrimidine,Unsolved
52126835,rs16917250,AA,GG,GG,88,85,0,NC_000008.11,Mutation NB - Paternal Origin,Transition - Purine/Purine,A>G
58225107,rs28536192,GC,CC,GG,32,85,21,NC_000008.11,Mutation NB - Maternal Origin,Transversion - Purine/Pyrimidine,C>G
62143892,.,TT,TT,TC,76,76,74,NC_000008.11,Mutation NB - Paternal or Maternal,Transition - Pyrimidine/Pyrimidine,Unsolved
65759273,rs999305,CC,CC,CG,91,70,99,NC_000008.11,Mutation NB - Maternal Origin,Transversion - Purine/Pyrimidine,Unsolved
66220814,rs2446439,AA,GA,GG,88,1,0,NC_000008.11,Mutation NB - Paternal Origin,Transition - Purine/Purine,A>G
68293116,rs2380455,CC,TT,TT,85,91,12,NC_000008.11,Mutation NB - Paternal Origin,Transition - Pyrimidine/Pyrimidine,C>T
69080372,.,AA,AA,AG,88,82,56,NC_000008.11,Mutation NB - Maternal Origin,Transition - Purine/Purine,Unsolved
72017083,rs10090583,CC,CC,CT,73,100,99,NC_000008.11,Mutation NB - Paternal Origin,Transition - Pyrimidine/Pyrimidine,Unsolved
77879823,rs113742714,GG,CC,GG,73,79,42,NC_000008.11,Mutation NB - Maternal Origin,Transversion - Purine/Pyrimidine,C>G
79401085,rs6473153,CC,CC,CG,85,100,71,NC_000008.11,Mutation NB - Paternal Origin,Transversion - Purine/Pyrimidine,Unsolved
85115183,rs3736038,AA,AA,AG,100,100,99,NC_000008.11,Mutation NB - Paternal or Maternal,Transition - Purine/Purine,Unsolved
87248395,rs6468725,CC,CC,CT,100,79,21,NC_000008.11,Mutation NB - Maternal Origin,Transition - Pyrimidine/Pyrimidine,Unsolved
87542500,rs57613624,AA,AA,AG,100,88,99,NC_000008.11,Mutation NB - Maternal Origin,Transition - Purine/Purine,Unsolved
91744201,rs9657003,TT,TT,TA,46,100,71,NC_000008.11,Mutation NB - Paternal Origin,Transition - Pyrimidine/Pyrimidine,Transversion - Purine/Pyrimidine,Unsolved
91868935,rs11784946,CC,CC,CT,100,100,99,NC_000008.11,Mutation NB - Paternal or Maternal,Transition - Pyrimidine/Pyrimidine,Unsolved
93892417,rs7844084,AA,AA,AC,100,70,99,NC_000008.11,Mutation NB - Maternal Origin,Transversion - Purine/Pyrimidine,Unsolved
95218282,.,AA,AA,AG,70,79,62,NC_000008.11,Mutation NB - Paternal Origin,Transition - Purine/Purine,Unsolved
97748861,rs1449378698,CC,CC,CA,100,100,49,NC_000008.11,Mutation NB - Paternal or Maternal,Transversion - Purine/Pyrimidine,Unsolved
100674420,rs2978123,TT,GG,GG,91,91,15,NC_000008.11,Mutation NB - Paternal Origin,Transversion - Purine/Pyrimidine,T>G
101224636,.,GG,GG,GT,88,76,59,NC_000008.11,Mutation NB - Maternal Origin,Transversion - Purine/Pyrimidine,Unsolved
104124928,rs7464325,AG,GG,AA,37,73,54,NC_000008.11,Mutation NB - Maternal Origin,Transition - Purine/Purine,G>A
104400744,rs1402659069,AA,AA,AG,73,55,50,NC_000008.11,Mutation NB - Maternal Origin,Transition - Purine/Purine,Unsolved
106991509,.,TT,TT,TC,88,76,44,NC_000008.11,Mutation NB - Maternal Origin,Transition - Pyrimidine/Pyrimidine,Unsolved
111127115,rs1427186,AA,CC,AA,67,100,33,NC_000008.11,Mutation NB - Maternal Origin,Transversion - Purine/Pyrimidine,C>A
114981293,rs634298,AA,GG,AA,82,58,0,NC_000008.11,Mutation NB - Maternal Origin,Transition - Purine/Purine,G>A
118436844,rs4443692,CT,TT,CC,67,88,0,NC_000008.11,Mutation NB - Maternal Origin,Transition - Pyrimidine/Pyrimidine,T>C
123057389,rs6470135,GG,TT,GG,82,91,30,NC_000008.11,Mutation NB - Maternal Origin,Transition - Purine/Purine,Transversion - Purine/Pyrimidine,T>G
123726378,rs970821,CC,CC,CT,88,100,30,NC_000008.11,Mutation NB - Paternal Origin,Transition - Pyrimidine/Pyrimidine,Unsolved
124009972,rs369451241,CC,CC,CT,100,79,62,NC_000008.11,Mutation NB - Maternal Origin,Transition - Pyrimidine/Pyrimidine,Unsolved
126040366,rs2220646,CC,GG,CC,91,91,0,NC_000008.11,Mutation NB - Maternal Origin,Transversion - Purine/Pyrimidine,G>C
130472305,rs12549207,TT,TT,TC,100,70,99,NC_000008.11,Mutation NB - Maternal Origin,Transition - Pyrimidine/Pyrimidine,Unsolved
130499803,rs7007052,GG,AA,GG,91,85,15,NC_000008.11,Mutation NB - Maternal Origin,Transition - Purine/Purine,A>G
138216399,rs7001598,GG,GG,AG,85,88,27,NC_000008.11,Mutation NB - Paternal Origin,Transition - Purine/Purine,Unsolved
138216413,rs7005611,GG,GG,TG,85,88,27,NC_000008.11,Mutation NB - Paternal Origin,Transversion - Purine/Pyrimidine,Unsolved
138721682,.,TT,TT,TC,64,73,92,NC_000008.11,Mutation NB - Paternal Origin,Transition - Pyrimidine/Pyrimidine,Unsolved
139016770,.,TT,TT,TC,76,88,99,NC_000008.11,Mutation NB - Paternal Origin,Transition - Pyrimidine/Pyrimidine,Unsolved
139969477,.,TT,TT,TC,31,52,47,NC_000008.11,Mutation NB - Paternal Origin,Transition - Pyrimidine/Pyrimidine,Unsolved
139980750,rs13251519,GG,GG,GA,79,85,99,NC_000008.11,Mutation NB - Paternal Origin,Transition - Purine/Purine,Unsolved
140608623,rs884934,GG,AG,AA,91,1,0,NC_000008.11,Mutation NB - Paternal Origin,Transition - Purine/Purine,G>A
140608645,rs1110280,TT,CT,CC,88,1,0,NC_000008.11,Mutation NB - Paternal Origin,Transition - Pyrimidine/Pyrimidine,T>C
141029669,rs7001516,GG,CC,GG,61,61,33,NC_000008.11,Mutation NB - Maternal Origin,Transversion - Purine/Pyrimidine,C>G
141029793,rs7001816,GG,AA,GG,10,85,33,NC_000008.11,Mutation NB - Maternal Origin,Transition - Purine/Purine,A>G
141308751,.,CC,CC,CT,79,82,71,NC_000008.11,Mutation NB - Paternal Origin,Transition - Pyrimidine/Pyrimidine,Unsolved
141512575,.,TT,TT,TC,82,85,53,NC_000008.11,Mutation NB - Paternal Origin,Transition - Pyrimidine/Pyrimidine,Unsolved
142641078,rs7000765,AA,AA,AG,100,67,68,NC_000008.11,Mutation NB - Maternal Origin,Transition - Purine/Purine,Unsolved
142766792,rs1369453,AA,AA,AG,100,91,65,NC_000008.11,Mutation NB - Maternal Origin,Transition - Purine/Purine,Unsolved
143421039,rs56743114,TT,TT,TA,100,64,99,NC_000008.11,Mutation NB - Maternal Origin,Transition - Pyrimidine/Pyrimidine,Transversion - Purine/Pyrimidine,Unsolved
143432397,rs57665510,CC,CC,CT,100,88,71,NC_000008.11,Mutation NB - Maternal Origin,Transition - Pyrimidine/Pyrimidine,Unsolved
143965157,.,GG,GG,GA,73,10,53,NC_000008.11,Mutation NB - Maternal Origin,Transition - Purine/Purine,Unsolved
144579751,rs112859376,CC,CG,GG,88,1,27,NC_000008.11,Mutation NB - Paternal Origin,Transversion - Purine/Pyrimidine,C>G
393045,rs10973744,CC,CC,CG,100,76,99,NC_000009.12,Mutation NB - Maternal Origin,Transversion - Purine/Pyrimidine,Unsolved
1139271,rs62532321,AA,GG,GG,61,76,0,NC_000009.12,Mutation NB - Paternal Origin,Transition - Purine/Purine,A>G
4009263,.,AA,AA,AG,91,82,64,NC_000009.12,Mutation NB - Maternal Origin,Transition - Purine/Purine,Unsolved
5042082,rs62541543,GG,GG,GA,91,100,75,NC_000009.12,Mutation NB - Paternal Origin,Transition - Purine/Purine,Unsolved
6402546,rs60412035,CC,CC,CT,85,91,82,NC_000009.12,Mutation NB - Paternal Origin,Transition - Pyrimidine/Pyrimidine,Unsolved
6632061,rs1260463,GG,AA,AA,100,85,21,NC_000009.12,Mutation NB - Paternal Origin,Transition - Purine/Purine,G>A
6744908,.,AA,AA,AT,97,97,51,NC_000009.12,Mutation NB - Paternal or Maternal,Transversion - Purine/Pyrimidine,Unsolved
6890161,rs10815475,GG,AA,GG,100,91,0,NC_000009.12,Mutation NB - Maternal Origin,Transition - Purine/Purine,A>G
7164502,rs1556099,CC,AA,AA,100,52,39,NC_000009.12,Mutation NB - Paternal Origin,Transversion - Purine/Pyrimidine,C>A
8643574,rs72698293,AA,CC,AA,91,88,9,NC_000009.12,Mutation NB - Maternal Origin,Transversion - Purine/Pyrimidine,C>A
11011081,.,AA,AA,AG,85,91,53,NC_000009.12,Mutation NB - Paternal Origin,Transition - Purine/Purine,Unsolved
13781874,rs76920832,GG,GG,GA,100,88,99,NC_000009.12,Mutation NB - Maternal Origin,Transition - Purine/Purine,Unsolved
15545739,rs10962064,GG,AA,GG,91,88,0,NC_000009.12,Mutation NB - Maternal Origin,Transition - Purine/Purine,A>G
16348710,rs6475040,CA,CC,AA,67,55,12,NC_000009.12,Mutation NB - Maternal Origin,Transversion - Purine/Pyrimidine,C>A
16885466,rs77507622,AA,AA,AG,100,88,40,NC_000009.12,Mutation NB - Maternal Origin,Transition - Purine/Purine,Unsolved
19754436,rs1182679,CC,CC,CG,91,100,62,NC_000009.12,Mutation NB - Paternal Origin,Transversion - Purine/Pyrimidine,Unsolved
20542959,rs7041971,AA,TT,TT,79,88,0,NC_000009.12,Mutation NB - Paternal Origin,Transversion - Purine/Pyrimidine,A>T
20597577,rs6475464,AC,AA,CC,70,91,15,NC_000009.12,Mutation NB - Maternal Origin,A>C
21842226,rs4399022,GG,GG,GA,91,100,33,NC_000009.12,Mutation NB - Paternal Origin,Transition - Purine/Purine,Unsolved
23063595,rs114275178,TT,TT,TC,85,55,99,NC_000009.12,Mutation NB - Maternal Origin,Transition - Pyrimidine/Pyrimidine,Unsolved
23324772,.,TT,TT,TC,79,76,41,NC_000009.12,Mutation NB - Maternal Origin,Transition - Pyrimidine/Pyrimidine,Unsolved
24648569,rs10966367,CC,TT,TT,91,70,21,NC_000009.12,Mutation NB - Paternal Origin,Transition - Pyrimidine/Pyrimidine,C>T
25463341,rs1576026,TT,TC,CC,91,1,15,NC_000009.12,Mutation NB - Paternal Origin,Transition - Pyrimidine/Pyrimidine,T>C
25604887,rs10123020,AA,GG,AA,64,73,51,NC_000009.12,Mutation NB - Maternal Origin,Transition - Purine/Purine,G>A
25641959,.,TT,TT,TC,91,79,68,NC_000009.12,Mutation NB - Maternal Origin,Transition - Pyrimidine/Pyrimidine,Unsolved
25948296,rs7032143,CC,CG,GG,76,1,30,NC_000009.12,Mutation NB - Paternal Origin,Transversion - Purine/Pyrimidine,C>G
33467579,rs2275228,TT,TT,TC,91,100,71,NC_000009.12,Mutation NB - Paternal Origin,Transition - Pyrimidine/Pyrimidine,Unsolved
34614831,.,TT,TT,TC,85,40,57,NC_000009.12,Mutation NB - Maternal Origin,Transition - Pyrimidine/Pyrimidine,Unsolved
35364927,.,TT,TT,TC,88,61,47,NC_000009.12,Mutation NB - Maternal Origin,Transition - Pyrimidine/Pyrimidine,Unsolved
36724146,.,TT,TT,TC,52,70,54,NC_000009.12,Mutation NB - Paternal Origin,Transition - Pyrimidine/Pyrimidine,Unsolved
38483559,rs7866544,TT,TT,TA,82,100,99,NC_000009.12,Mutation NB - Paternal Origin,Transition - Pyrimidine/Pyrimidine,Transversion - Purine/Pyrimidine,Unsolved
38630062,.,GG,GG,GA,55,61,71,NC_000009.12,Mutation NB - Paternal Origin,Transition - Purine/Purine,Unsolved
40916567,rs12236358,TT,TT,AT,85,88,68,NC_000009.12,Mutation NB - Paternal Origin,Transition - Pyrimidine/Pyrimidine,Transversion - Purine/Pyrimidine,Unsolved
68788190,rs1889937,GG,AA,AA,100,88,18,NC_000009.12,Mutation NB - Paternal Origin,Transition - Purine/Purine,G>A
70523937,.,AA,AA,AG,88,46,44,NC_000009.12,Mutation NB - Maternal Origin,Transition - Purine/Purine,Unsolved
76356316,rs10869765,AA,AA,GG,91,85,15,NC_000009.12,Mutation NB - Maternal Origin,Transition - Purine/Purine,Unsolved
81032711,rs1269441343,AA,AA,AG,82,79,47,NC_000009.12,Mutation NB - Maternal Origin,Transition - Purine/Purine,Unsolved
82674346,rs10867870,GG,GA,AA,100,5,12,NC_000009.12,Mutation NB - Paternal Origin,Transition - Purine/Purine,G>A
88597853,rs7873945,CT,CC,TT,67,88,9,NC_000009.12,Mutation NB - Maternal Origin,Transversion - Purine/Pyrimidine,C>T
88597854,rs7873947,CG,CC,GG,67,88,9,NC_000009.12,Mutation NB - Maternal Origin,Transversion - Purine/Pyrimidine,C>G
89815407,rs72752974,CC,CC,CT,100,52,99,NC_000009.12,Mutation NB - Maternal Origin,Transition - Pyrimidine/Pyrimidine,Unsolved
89848899,rs898144528,CG,GG,CC,25,91,24,NC_000009.12,Mutation NB - Maternal Origin,Transversion - Purine/Pyrimidine,G>C
89875549,rs890573147,CC,AA,CC,91,85,0,NC_000009.12,Mutation NB - Maternal Origin,Transversion - Purine/Pyrimidine,A>C
93256077,rs4744205,TC,CC,TT,33,88,0,NC_000009.12,Mutation NB - Maternal Origin,Transversion - Purine/Pyrimidine,C>T
93653371,rs3750354,CC,TT,TT,100,82,12,NC_000009.12,Mutation NB - Paternal Origin,Transition - Pyrimidine/Pyrimidine,C>T
93669538,rs3750361,TT,TT,CT,91,82,52,NC_000009.12,Mutation NB - Maternal Origin,Transition - Pyrimidine/Pyrimidine,Unsolved
93806296,.,AA,AA,AG,91,88,62,NC_000009.12,Mutation NB - Maternal Origin,Transition - Purine/Purine,Unsolved
93814896,rs4744283,TT,TT,TC,100,76,99,NC_000009.12,Mutation NB - Maternal Origin,Transition - Pyrimidine/Pyrimidine,Unsolved
95138707,rs634726,TT,CC,CC,100,64,39,NC_000009.12,Mutation NB - Paternal Origin,Transition - Pyrimidine/Pyrimidine,T>C
98960365,.,AA,AA,AG,76,91,48,NC_000009.12,Mutation NB - Paternal Origin,Transition - Purine/Purine,Unsolved
98999434,rs7867960,TC,CC,TT,1,85,0,NC_000009.12,Mutation NB - Maternal Origin,Transversion - Purine/Pyrimidine,C>T
99389740,.,TT,TT,TC,52,73,42,NC_000009.12,Mutation NB - Paternal Origin,Transition - Pyrimidine/Pyrimidine,Unsolved
100003837,rs10760711,GG,CC,CC,100,73,27,NC_000009.12,Mutation NB - Paternal Origin,Transversion - Purine/Pyrimidine,G>C
101510391,rs1929486,TT,TT,TC,82,52,76,NC_000009.12,Mutation NB - Maternal Origin,Transition - Pyrimidine/Pyrimidine,Unsolved
104201900,.,GG,GG,GA,79,52,39,NC_000009.12,Mutation NB - Maternal Origin,Transition - Purine/Purine,Unsolved
104202063,rs10820619,CC,GG,GG,76,73,0,NC_000009.12,Mutation NB - Paternal Origin,Transversion - Purine/Pyrimidine,C>G
108518211,rs2147015,AA,GG,GG,91,67,24,NC_000009.12,Mutation NB - Paternal Origin,Transition - Purine/Purine,A>G
109257288,rs148068127,GG,GG,GA,100,85,48,NC_000009.12,Mutation NB - Maternal Origin,Transition - Purine/Purine,Unsolved
109518319,rs6477709,AA,AG,GG,100,2,27,NC_000009.12,Mutation NB - Paternal Origin,Transition - Purine/Purine,A>G
112993959,rs1411608,GG,GA,AA,100,1,9,NC_000009.12,Mutation NB - Paternal Origin,Transition - Purine/Purine,G>A
114282774,.,CC,CC,CG,79,76,40,NC_000009.12,Mutation NB - Maternal Origin,Transversion - Purine/Pyrimidine,Unsolved
116819420,rs2416571,GG,AA,GG,91,76,27,NC_000009.12,Mutation NB - Maternal Origin,Transition - Purine/Purine,A>G
120151204,.,AA,AA,AG,79,67,47,NC_000009.12,Mutation NB - Maternal Origin,Transition - Purine/Purine,Unsolved
120941860,rs2416807,AG,GG,AA,67,73,9,NC_000009.12,Mutation NB - Maternal Origin,Transition - Purine/Purine,G>A
121110999,rs10985160,TT,TT,TG,43,100,99,NC_000009.12,Mutation NB - Paternal Origin,Transition - Pyrimidine/Pyrimidine,Transversion - Purine/Pyrimidine,Unsolved
121820004,rs4394468,GG,AA,AA,91,91,12,NC_000009.12,Mutation NB - Paternal Origin,Transition - Purine/Purine,G>A
121858508,rs4836866,AA,GG,GG,91,76,0,NC_000009.12,Mutation NB - Paternal Origin,Transition - Purine/Purine,A>G
121858517,rs4837905,TT,CC,CC,91,76,0,NC_000009.12,Mutation NB - Paternal Origin,Transition - Pyrimidine/Pyrimidine,T>C
123942840,rs57063197,TT,CC,CC,85,40,54,NC_000009.12,Mutation NB - Paternal Origin,Transition - Pyrimidine/Pyrimidine,T>C
123942843,rs57425397,AA,GG,GG,85,40,54,NC_000009.12,Mutation NB - Paternal Origin,Transition - Purine/Purine,A>G
124453065,rs7861556,AA,GG,GG,100,70,36,NC_000009.12,Mutation NB - Paternal Origin,Transition - Purine/Purine,A>G
124641656,rs10217141,CC,CC,CT,82,85,99,NC_000009.12,Mutation NB - Paternal Origin,Transition - Pyrimidine/Pyrimidine,Unsolved
127685247,.,TT,TT,TA,76,76,41,NC_000009.12,Mutation NB - Paternal or Maternal,Transition - Pyrimidine/Pyrimidine,Transversion - Purine/Pyrimidine,Unsolved
128091559,rs118130288,TA,AA,TT,81,85,0,NC_000009.12,Mutation NB - Maternal Origin,Transversion - Purine/Pyrimidine,A>T
128091560,rs116192359,TA,AA,TT,1,85,0,NC_000009.12,Mutation NB - Maternal Origin,Transversion - Purine/Pyrimidine,A>T
128091561,rs115127124,TA,AA,TT,1,85,0,NC_000009.12,Mutation NB - Maternal Origin,Transversion - Purine/Pyrimidine,A>T
129847267,rs4302946,CC,CC,CT,100,67,99,NC_000009.12,Mutation NB - Maternal Origin,Transition - Pyrimidine/Pyrimidine,Unsolved
129847284,rs2005351,CC,CC,CT,100,67,99,NC_000009.12,Mutation NB - Maternal Origin,Transition - Pyrimidine/Pyrimidine,Unsolved
131219096,.,AA,AA,AG,52,49,80,NC_000009.12,Mutation NB - Maternal Origin,Transition - Purine/Purine,Unsolved
132466104,rs472211,TT,AA,AA,88,76,12,NC_000009.12,Mutation NB - Paternal Origin,Transversion - Purine/Pyrimidine,T>A
133738750,rs62572821,CC,CC,TT,91,100,12,NC_000009.12,Mutation NB - Paternal Origin,Transition - Pyrimidine/Pyrimidine,Unsolved
133942518,rs2519108,AA,AG,GG,100,1,33,NC_000009.12,Mutation NB - Paternal Origin,Transition - Purine/Purine,A>G
134377761,rs34835001,TT,CC,TT,82,100,21,NC_000009.12,Mutation NB - Maternal Origin,Transition - Pyrimidine/Pyrimidine,C>T
134435905,rs1460188078,GG,GG,GA,70,64,44,NC_000009.12,Mutation NB - Maternal Origin,Transition - Purine/Purine,Unsolved
134592856,rs1830673621,TT,TT,TC,70,79,52,NC_000009.12,Mutation NB - Paternal Origin,Transition - Pyrimidine/Pyrimidine,Unsolved
134679358,rs1341001870,AA,AA,AG,88,91,63,NC_000009.12,Mutation NB - Paternal Origin,Transition - Purine/Purine,Unsolved
134791232,rs68123287,GG,GG,GA,85,76,99,NC_000009.12,Mutation NB - Maternal Origin,Transition - Purine/Purine,Unsolved
134967697,rs144799926,GG,AA,AA,85,40,48,NC_000009.12,Mutation NB - Paternal Origin,Transition - Purine/Purine,G>A
135615336,rs139606190,CC,CC,CG,70,100,99,NC_000009.12,Mutation NB - Paternal Origin,Transversion - Purine/Pyrimidine,Unsolved
135712008,rs13301711,CC,CC,CT,100,67,99,NC_000009.12,Mutation NB - Maternal Origin,Transition - Pyrimidine/Pyrimidine,Unsolved
135864322,rs13299821,CC,TC,TT,70,44,0,NC_000009.12,Mutation NB - Paternal Origin,Transition - Pyrimidine/Pyrimidine,C>T
136340055,rs28536668,TT,TG,GG,88,1,18,NC_000009.12,Mutation NB - Paternal Origin,Transversion - Purine/Pyrimidine,T>G
137173890,rs4074426,AA,AA,AG,100,64,99,NC_000009.12,Mutation NB - Maternal Origin,Transition - Purine/Purine,Unsolved
137373003,rs76623966,CC,CC,CA,91,100,68,NC_000009.12,Mutation NB - Paternal Origin,Transversion - Purine/Pyrimidine,Unsolved
137786337,rs7858355,CC,CT,TT,100,1,42,NC_000009.12,Mutation NB - Paternal Origin,Transition - Pyrimidine/Pyrimidine,C>T
137951336,.,AA,AA,AG,52,73,51,NC_000009.12,Mutation NB - Paternal Origin,Transition - Purine/Purine,Unsolved
509306,rs6560848,TT,CT,CC,85,44,0,NC_000010.11,Mutation NB - Paternal Origin,Transition - Pyrimidine/Pyrimidine,T>C
533929,rs816640,AA,AA,AG,61,100,68,NC_000010.11,Mutation NB - Paternal Origin,Transition - Purine/Purine,Unsolved
2193249,rs4880984,AA,AG,GG,82,1,36,NC_000010.11,Mutation NB - Paternal Origin,Transition - Purine/Purine,A>G
3148989,rs4881114,TT,CC,TT,91,91,12,NC_000010.11,Mutation NB - Maternal Origin,Transition - Pyrimidine/Pyrimidine,C>T
3149011,rs4881115,AA,GG,AA,91,91,12,NC_000010.11,Mutation NB - Maternal Origin,Transition - Purine/Purine,G>A
3910055,rs7901255,CT,TT,CC,73,91,12,NC_000010.11,Mutation NB - Maternal Origin,Transition - Pyrimidine/Pyrimidine,T>C
4026943,rs7896765,CC,CC,CA,100,67,99,NC_000010.11,Mutation NB - Maternal Origin,Transversion - Purine/Pyrimidine,Unsolved
4026948,rs2765656,GG,GA,AA,100,1,45,NC_000010.11,Mutation NB - Paternal Origin,Transition - Purine/Purine,G>A
5327009,rs4881433,TT,TC,CC,100,5,45,NC_000010.11,Mutation NB - Paternal Origin,Transition - Pyrimidine/Pyrimidine,T>C
5327814,rs4881434,CC,CA,AA,100,1,39,NC_000010.11,Mutation NB - Paternal Origin,Transversion - Purine/Pyrimidine,C>A
5485545,rs11253198,AA,AA,AT,58,100,99,NC_000010.11,Mutation NB - Paternal Origin,Transversion - Purine/Pyrimidine,Unsolved
5616970,.,TT,TT,TC,55,61,53,NC_000010.11,Mutation NB - Paternal Origin,Transition - Pyrimidine/Pyrimidine,Unsolved
6878657,rs10795521,AA,AA,AC,100,67,95,NC_000010.11,Mutation NB - Maternal Origin,Transversion - Purine/Pyrimidine,Unsolved
12513955,.,TT,TT,TC,73,73,44,NC_000010.11,Mutation NB - Paternal or Maternal,Transition - Pyrimidine/Pyrimidine,Unsolved
13842784,rs3893346,GG,AA,AA,91,85,18,NC_000010.11,Mutation NB - Paternal Origin,Transition - Purine/Purine,G>A
13842806,rs10906512,AA,GG,GG,91,85,18,NC_000010.11,Mutation NB - Paternal Origin,Transition - Purine/Purine,A>G
14054014,rs11258838,TT,AA,AA,91,79,15,NC_000010.11,Mutation NB - Paternal Origin,Transversion - Purine/Pyrimidine,T>A
16499702,rs11254030,GG,GG,GC,91,91,99,NC_000010.11,Mutation NB - Paternal or Maternal,Transition - Purine/Purine,Transversion - Purine/Pyrimidine,Unsolved
16750845,rs56077698,CC,CC,CA,100,37,99,NC_000010.11,Mutation NB - Maternal Origin,Transversion - Purine/Pyrimidine,Unsolved
19355754,rs11009593,GG,AA,AA,88,82,9,NC_000010.11,Mutation NB - Paternal Origin,Transition - Purine/Purine,G>A
20581411,rs11815964,AA,GG,GG,91,91,12,NC_000010.11,Mutation NB - Paternal Origin,Transition - Purine/Purine,A>G
23448942,.,GG,GG,GA,79,64,45,NC_000010.11,Mutation NB - Maternal Origin,Transition - Purine/Purine,Unsolved
25901338,rs75403833,CC,CC,CT,88,100,78,NC_000010.11,Mutation NB - Paternal Origin,Transition - Pyrimidine/Pyrimidine,Unsolved
25913042,rs12570908,GG,CC,CC,100,76,15,NC_000010.11,Mutation NB - Paternal Origin,Transversion - Purine/Pyrimidine,G>C
29315867,rs1835724492,TT,TT,TA,91,95,56,NC_000010.11,Mutation NB - Paternal Origin,Transition - Pyrimidine/Pyrimidine,Transversion - Purine/Pyrimidine,Unsolved
29802894,rs3006561,GG,TT,GG,85,82,0,NC_000010.11,Mutation NB - Maternal Origin,Transition - Purine/Purine,Transversion - Purine/Pyrimidine,T>G
43208426,rs10793422,GG,GG,GA,100,91,99,NC_000010.11,Mutation NB - Maternal Origin,Transition - Purine/Purine,Unsolved
45036473,rs7896524,AA,GG,AA,100,91,0,NC_000010.11,Mutation NB - Maternal Origin,Transition - Purine/Purine,G>A
46251283,rs3013831,CC,CT,TT,76,1,24,NC_000010.11,Mutation NB - Paternal Origin,Transition - Pyrimidine/Pyrimidine,C>T
48447101,rs61838706,CC,CA,AA,82,1,24,NC_000010.11,Mutation NB - Paternal Origin,Transversion - Purine/Pyrimidine,C>A
49380944,rs7903692,TC,CC,TT,1,76,15,NC_000010.11,Mutation NB - Maternal Origin,Transversion - Purine/Pyrimidine,C>T
49459028,.,TT,TT,TC,82,73,53,NC_000010.11,Mutation NB - Maternal Origin,Transition - Pyrimidine/Pyrimidine,Unsolved
49739461,rs17775990,AA,GA,GG,91,32,27,NC_000010.11,Mutation NB - Paternal Origin,Transition - Purine/Purine,A>G
52740543,rs28573227,GG,GG,GT,79,100,65,NC_000010.11,Mutation NB - Paternal Origin,Transversion - Purine/Pyrimidine,Unsolved
61041637,rs1483519917,GG,GG,GC,67,70,48,NC_000010.11,Mutation NB - Paternal Origin,Transition - Purine/Purine,Transversion - Purine/Pyrimidine,Unsolved
62705094,.,AA,AA,AG,91,79,62,NC_000010.11,Mutation NB - Maternal Origin,Transition - Purine/Purine,Unsolved
63033985,rs61856269,GG,GG,GT,82,64,99,NC_000010.11,Mutation NB - Maternal Origin,Transversion - Purine/Pyrimidine,Unsolved
64576558,rs10822317,TC,CC,TT,67,91,0,NC_000010.11,Mutation NB - Maternal Origin,Transversion - Purine/Pyrimidine,C>T
66875201,rs10762116,GG,AA,AA,100,88,18,NC_000010.11,Mutation NB - Paternal Origin,Transition - Purine/Purine,G>A
69072470,rs7068977,GA,GG,AA,34,100,21,NC_000010.11,Mutation NB - Maternal Origin,Transition - Purine/Purine,G>A
69860776,rs12573749,GA,AA,GG,1,79,0,NC_000010.11,Mutation NB - Maternal Origin,Transition - Purine/Purine,A>G
70254124,rs41348750,TT,CC,CC,85,55,9,NC_000010.11,Mutation NB - Paternal Origin,Transition - Pyrimidine/Pyrimidine,T>C
70316663,rs10443940,CC,CC,CA,100,76,56,NC_000010.11,Mutation NB - Maternal Origin,Transversion - Purine/Pyrimidine,Unsolved
70977649,rs7913530,CC,TT,CC,85,91,45,NC_000010.11,Mutation NB - Maternal Origin,Transition - Pyrimidine/Pyrimidine,T>C
70977712,rs59996962,CC,TT,CC,88,91,6,NC_000010.11,Mutation NB - Maternal Origin,Transition - Pyrimidine/Pyrimidine,T>C
71027936,.,CC,CC,CT,88,82,45,NC_000010.11,Mutation NB - Maternal Origin,Transition - Pyrimidine/Pyrimidine,Unsolved
71679095,rs74145284,CC,CC,CT,100,91,99,NC_000010.11,Mutation NB - Maternal Origin,Transition - Pyrimidine/Pyrimidine,Unsolved
73873947,rs948211467,CC,CC,CG,100,100,42,NC_000010.11,Mutation NB - Paternal or Maternal,Transversion - Purine/Pyrimidine,Unsolved
77283659,rs11002108,AA,GG,AA,67,91,12,NC_000010.11,Mutation NB - Maternal Origin,Transition - Purine/Purine,G>A
77747326,rs61854747,CG,CC,GG,32,100,18,NC_000010.11,Mutation NB - Maternal Origin,Transversion - Purine/Pyrimidine,C>G
78846227,rs1072998,CC,TT,TT,85,82,9,NC_000010.11,Mutation NB - Paternal Origin,Transition - Pyrimidine/Pyrimidine,C>T
79256452,rs1250534,AA,AC,CC,85,59,27,NC_000010.11,Mutation NB - Paternal Origin,Transversion - Purine/Pyrimidine,A>C
79414404,.,AA,AA,AG,52,43,41,NC_000010.11,Mutation NB - Maternal Origin,Transition - Purine/Purine,Unsolved
79507835,rs1250778,CC,TT,TT,79,91,12,NC_000010.11,Mutation NB - Paternal Origin,Transition - Pyrimidine/Pyrimidine,C>T
80488408,.,AA,AA,AG,76,73,44,NC_000010.11,Mutation NB - Maternal Origin,Transition - Purine/Purine,Unsolved
86943461,rs775336947,CC,CC,CT,52,37,53,NC_000010.11,Mutation NB - Maternal Origin,Transition - Pyrimidine/Pyrimidine,Unsolved
89665432,.,GG,GG,GA,70,61,53,NC_000010.11,Mutation NB - Maternal Origin,Transition - Purine/Purine,Unsolved
93845433,rs11187706,TT,TT,CC,100,79,15,NC_000010.11,Mutation NB - Maternal Origin,Transition - Pyrimidine/Pyrimidine,Unsolved
96615243,rs10736114,AA,AA,AC,79,88,99,NC_000010.11,Mutation NB - Paternal Origin,Transversion - Purine/Pyrimidine,Unsolved
97334679,rs1890966,GG,GG,GA,91,100,94,NC_000010.11,Mutation NB - Paternal Origin,Transition - Purine/Purine,Unsolved
98396141,rs6584193,CC,TC,TT,85,1,27,NC_000010.11,Mutation NB - Paternal Origin,Transition - Pyrimidine/Pyrimidine,C>T
98567815,.,TT,TT,TC,82,91,61,NC_000010.11,Mutation NB - Paternal Origin,Transition - Pyrimidine/Pyrimidine,Unsolved
100984461,.,TT,TT,TC,61,55,47,NC_000010.11,Mutation NB - Maternal Origin,Transition - Pyrimidine/Pyrimidine,Unsolved
101155908,rs10786622,GG,GG,GA,100,100,99,NC_000010.11,Mutation NB - Paternal or Maternal,Transition - Purine/Purine,Unsolved
101156197,rs4919531,AA,AA,AT,100,100,72,NC_000010.11,Mutation NB - Paternal or Maternal,Transversion - Purine/Pyrimidine,Unsolved
103702936,rs11191774,GG,GG,GA,100,70,41,NC_000010.11,Mutation NB - Maternal Origin,Transition - Purine/Purine,Unsolved
109490209,.,AA,AA,AG,46,61,53,NC_000010.11,Mutation NB - Paternal Origin,Transition - Purine/Purine,Unsolved
109663355,rs10787176,GG,GA,AA,100,1,11,NC_000010.11,Mutation NB - Paternal Origin,Transition - Purine/Purine,G>A
112741926,rs7075671,AG,GG,AA,9,91,18,NC_000010.11,Mutation NB - Maternal Origin,Transition - Purine/Purine,G>A
114300628,rs2286396,CC,TT,TT,88,46,0,NC_000010.11,Mutation NB - Paternal Origin,Transition - Pyrimidine/Pyrimidine,C>T
117250487,.,AA,AA,AG,88,67,47,NC_000010.11,Mutation NB - Maternal Origin,Transition - Purine/Purine,Unsolved
117484909,rs12260840,TT,TT,TG,76,100,99,NC_000010.11,Mutation NB - Paternal Origin,Transition - Pyrimidine/Pyrimidine,Transversion - Purine/Pyrimidine,Unsolved
118408091,rs1246889,GG,GG,GA,100,52,99,NC_000010.11,Mutation NB - Maternal Origin,Transition - Purine/Purine,Unsolved
118641936,.,TT,TT,TC,73,43,53,NC_000010.11,Mutation NB - Maternal Origin,Transition - Pyrimidine/Pyrimidine,Unsolved
119444870,rs3824827,CC,CC,CG,82,100,99,NC_000010.11,Mutation NB - Paternal Origin,Transversion - Purine/Pyrimidine,Unsolved
119925644,.,TT,TT,TA,91,79,51,NC_000010.11,Mutation NB - Maternal Origin,Transition - Pyrimidine/Pyrimidine,Transversion - Purine/Pyrimidine,Unsolved
120293306,rs10788064,GG,GG,GC,91,76,99,NC_000010.11,Mutation NB - Maternal Origin,Transition - Purine/Purine,Transversion - Purine/Pyrimidine,Unsolved
120293322,rs11199261,TT,CC,CC,91,76,24,NC_000010.11,Mutation NB - Paternal Origin,Transition - Pyrimidine/Pyrimidine,T>C
121054561,.,TT,TT,TG,100,67,46,NC_000010.11,Mutation NB - Maternal Origin,Transition - Pyrimidine/Pyrimidine,Transversion - Purine/Pyrimidine,Unsolved
121632600,rs12411332,GG,GG,GA,100,91,30,NC_000010.11,Mutation NB - Maternal Origin,Transition - Purine/Purine,Unsolved
121670608,rs1219517,CC,TT,CC,91,88,15,NC_000010.11,Mutation NB - Maternal Origin,Transition - Pyrimidine/Pyrimidine,T>C
121670615,rs10886963,AA,GG,AA,91,91,0,NC_000010.11,Mutation NB - Maternal Origin,Transition - Purine/Purine,G>A
122207790,.,TT,TT,TC,64,70,41,NC_000010.11,Mutation NB - Paternal Origin,Transition - Pyrimidine/Pyrimidine,Unsolved
122226317,rs116039119,CC,CC,CT,91,100,72,NC_000010.11,Mutation NB - Paternal Origin,Transition - Pyrimidine/Pyrimidine,Unsolved
122576048,rs1960177,CC,CC,CT,100,100,27,NC_000010.11,Mutation NB - Paternal or Maternal,Transition - Pyrimidine/Pyrimidine,Unsolved
122576069,rs1960178,GG,GG,GA,100,100,27,NC_000010.11,Mutation NB - Paternal or Maternal,Transition - Purine/Purine,Unsolved
124537603,rs10901754,AA,TT,TT,70,64,0,NC_000010.11,Mutation NB - Paternal Origin,Transversion - Purine/Pyrimidine,A>T
124537604,rs10901755,GG,CC,CC,70,64,0,NC_000010.11,Mutation NB - Paternal Origin,Transversion - Purine/Pyrimidine,G>C
124605989,rs10794168,TT,CC,CC,100,79,12,NC_000010.11,Mutation NB - Paternal Origin,Transition - Pyrimidine/Pyrimidine,T>C
126932550,rs36164294,CC,TC,TT,91,1,18,NC_000010.11,Mutation NB - Paternal Origin,Transition - Pyrimidine/Pyrimidine,C>T
127564175,.,TT,TT,TC,85,85,67,NC_000010.11,Mutation NB - Paternal or Maternal,Transition - Pyrimidine/Pyrimidine,Unsolved
127827524,rs732454,AA,GG,AA,91,91,9,NC_000010.11,Mutation NB - Maternal Origin,Transition - Purine/Purine,G>A
128623898,rs4750984,TT,TT,CC,100,100,27,NC_000010.11,Mutation NB - Paternal or Maternal,Transition - Pyrimidine/Pyrimidine,Unsolved
129744574,.,GG,GG,GA,67,64,41,NC_000010.11,Mutation NB - Maternal Origin,Transition - Purine/Purine,Unsolved
130252118,rs72842192,GG,AA,AA,91,91,0,NC_000010.11,Mutation NB - Paternal Origin,Transition - Purine/Purine,G>A
130252654,rs72843651,TT,TT,TC,91,85,30,NC_000010.11,Mutation NB - Maternal Origin,Transition - Pyrimidine/Pyrimidine,Unsolved
130297304,rs12570599,CC,TT,CC,73,91,18,NC_000010.11,Mutation NB - Maternal Origin,Transition - Pyrimidine/Pyrimidine,T>C
130654414,rs747251,GG,GG,AA,100,91,33,NC_000010.11,Mutation NB - Maternal Origin,Transition - Purine/Purine,Unsolved
130970214,rs10829857,TT,GG,GG,85,76,15,NC_000010.11,Mutation NB - Paternal Origin,Transversion - Purine/Pyrimidine,T>G
130970286,.,AA,AA,AG,79,85,51,NC_000010.11,Mutation NB - Paternal Origin,Transition - Purine/Purine,Unsolved
131027471,rs7918191,GG,AA,GG,55,55,0,NC_000010.11,Mutation NB - Maternal Origin,Transition - Purine/Purine,A>G
132107881,rs11146187,AA,AG,GG,88,1,24,NC_000010.11,Mutation NB - Paternal Origin,Transition - Purine/Purine,A>G
132374355,.,TT,TT,TC,85,67,50,NC_000010.11,Mutation NB - Maternal Origin,Transition - Pyrimidine/Pyrimidine,Unsolved
132741326,rs1298613155,AA,AA,AG,88,73,41,NC_000010.11,Mutation NB - Maternal Origin,Transition - Purine/Purine,Unsolved
133183976,rs57510763,CC,CT,TT,100,1,30,NC_000010.11,Mutation NB - Paternal Origin,Transition - Pyrimidine/Pyrimidine,C>T
721570,rs7635,TT,CT,CC,88,1,12,NC_000011.10,Mutation NB - Paternal Origin,Transition - Pyrimidine/Pyrimidine,T>C
1455887,rs73411413,CC,TT,CC,64,88,33,NC_000011.10,Mutation NB - Maternal Origin,Transition - Pyrimidine/Pyrimidine,T>C
1469060,.,CC,CC,CT,88,67,39,NC_000011.10,Mutation NB - Maternal Origin,Transition - Pyrimidine/Pyrimidine,Unsolved
1783044,rs1320295,GG,GG,GA,100,67,92,NC_000011.10,Mutation NB - Maternal Origin,Transition - Purine/Purine,Unsolved
6533711,rs4282961,CC,AA,CC,76,67,0,NC_000011.10,Mutation NB - Maternal Origin,Transversion - Purine/Pyrimidine,A>C
7353363,rs7933960,AA,GA,GG,91,1,15,NC_000011.10,Mutation NB - Paternal Origin,Transition - Purine/Purine,A>G
8059728,rs10839973,AA,GA,GG,76,41,48,NC_000011.10,Mutation NB - Paternal Origin,Transition - Purine/Purine,A>G
11999590,rs73421394,AA,AA,AG,85,100,61,NC_000011.10,Mutation NB - Paternal Origin,Transition - Purine/Purine,Unsolved
26365137,.,GG,GG,GA,55,76,50,NC_000011.10,Mutation NB - Paternal Origin,Transition - Purine/Purine,Unsolved
27578405,rs74345042,GG,AG,AA,91,73,9,NC_000011.10,Mutation NB - Paternal Origin,Transition - Purine/Purine,G>A
30687871,rs294364,TT,CC,TT,88,100,27,NC_000011.10,Mutation NB - Maternal Origin,Transition - Pyrimidine/Pyrimidine,C>T
33067019,rs12276196,GG,GA,AA,100,1,15,NC_000011.10,Mutation NB - Paternal Origin,Transition - Purine/Purine,G>A
34989943,rs76716651,TT,TT,TA,100,82,21,NC_000011.10,Mutation NB - Maternal Origin,Transition - Pyrimidine/Pyrimidine,Transversion - Purine/Pyrimidine,Unsolved
37702833,rs1223949,TT,AA,TT,91,92,15,NC_000011.10,Mutation NB - Maternal Origin,Transversion - Purine/Pyrimidine,A>T
44334488,rs57388178,AA,AA,AT,100,89,99,NC_000011.10,Mutation NB - Maternal Origin,Transversion - Purine/Pyrimidine,Unsolved
45907837,rs72902474,CC,CT,TT,100,35,18,NC_000011.10,Mutation NB - Paternal Origin,Transition - Pyrimidine/Pyrimidine,C>T
47924010,rs969894000,AA,AA,AT,100,100,57,NC_000011.10,Mutation NB - Paternal or Maternal,Transversion - Purine/Pyrimidine,Unsolved
47924027,rs2930189,GG,GA,AA,100,3,15,NC_000011.10,Mutation NB - Paternal Origin,Transition - Purine/Purine,G>A
50413574,rs833211,CC,CC,CT,91,76,99,NC_000011.10,Mutation NB - Maternal Origin,Transition - Pyrimidine/Pyrimidine,Unsolved
50642796,rs1592598,GG,GG,AG,88,79,71,NC_000011.10,Mutation NB - Maternal Origin,Transition - Purine/Purine,Unsolved
54798435,rs11533365,CT,CC,TT,70,91,9,NC_000011.10,Mutation NB - Maternal Origin,Transversion - Purine/Pyrimidine,C>T
57854980,.,AA,AA,AG,82,76,59,NC_000011.10,Mutation NB - Maternal Origin,Transition - Purine/Purine,Unsolved
58675182,rs904647221,GG,GG,GA,55,43,44,NC_000011.10,Mutation NB - Maternal Origin,Transition - Purine/Purine,Unsolved
60498935,rs10792280,GG,AA,GG,100,88,24,NC_000011.10,Mutation NB - Maternal Origin,Transition - Purine/Purine,A>G
61892268,rs542040472,AA,AA,AG,98,79,41,NC_000011.10,Mutation NB - Maternal Origin,Transition - Purine/Purine,Unsolved
62790160,rs1467334307,TT,TT,TG,100,100,25,NC_000011.10,Mutation NB - Paternal or Maternal,Transition - Pyrimidine/Pyrimidine,Transversion - Purine/Pyrimidine,Unsolved
63971472,rs1266680356,AA,AA,AG,88,64,48,NC_000011.10,Mutation NB - Maternal Origin,Transition - Purine/Purine,Unsolved
64250796,.,CC,CC,CT,79,52,65,NC_000011.10,Mutation NB - Maternal Origin,Transition - Pyrimidine/Pyrimidine,Unsolved
64844018,.,AA,AA,AG,88,88,59,NC_000011.10,Mutation NB - Paternal or Maternal,Transition - Purine/Purine,Unsolved
64912169,.,TT,TT,TC,64,73,59,NC_000011.10,Mutation NB - Paternal Origin,Transition - Pyrimidine/Pyrimidine,Unsolved
64923920,.,TT,TT,TC,88,73,41,NC_000011.10,Mutation NB - Maternal Origin,Transition - Pyrimidine/Pyrimidine,Unsolved
65958902,.,TT,TT,TC,64,70,45,NC_000011.10,Mutation NB - Paternal Origin,Transition - Pyrimidine/Pyrimidine,Unsolved
65958945,.,TT,TT,TC,64,70,47,NC_000011.10,Mutation NB - Paternal Origin,Transition - Pyrimidine/Pyrimidine,Unsolved
67288925,rs145635841,GG,GG,GT,100,82,99,NC_000011.10,Mutation NB - Maternal Origin,Transversion - Purine/Pyrimidine,Unsolved
68364144,rs178352,GG,GG,GA,70,100,75,NC_000011.10,Mutation NB - Paternal Origin,Transition - Purine/Purine,Unsolved
68852531,.,AA,AA,AG,85,82,40,NC_000011.10,Mutation NB - Maternal Origin,Transition - Purine/Purine,Unsolved
68918193,rs1858742374,CC,CC,CT,85,73,41,NC_000011.10,Mutation NB - Maternal Origin,Transition - Pyrimidine/Pyrimidine,Unsolved
70744165,rs512041,GG,GG,AG,85,82,18,NC_000011.10,Mutation NB - Maternal Origin,Transition - Purine/Purine,Unsolved
73185723,rs487542,CC,AA,CC,91,88,0,NC_000011.10,Mutation NB - Maternal Origin,Transversion - Purine/Pyrimidine,A>C
73238127,rs4944832,GG,GG,GA,100,76,99,NC_000011.10,Mutation NB - Maternal Origin,Transition - Purine/Purine,Unsolved
77200147,.,TT,TT,TC,82,82,53,NC_000011.10,Mutation NB - Paternal or Maternal,Transition - Pyrimidine/Pyrimidine,Unsolved
79110392,.,TT,TT,TA,79,67,50,NC_000011.10,Mutation NB - Maternal Origin,Transition - Pyrimidine/Pyrimidine,Transversion - Purine/Pyrimidine,Unsolved
82946128,rs61113083,GG,GG,GA,100,85,97,NC_000011.10,Mutation NB - Maternal Origin,Transition - Purine/Purine,Unsolved
85643516,.,TT,TT,TC,55,55,47,NC_000011.10,Mutation NB - Paternal or Maternal,Transition - Pyrimidine/Pyrimidine,Unsolved
86472101,.,AA,AA,AG,73,52,48,NC_000011.10,Mutation NB - Maternal Origin,Transition - Purine/Purine,Unsolved
86817629,rs72969443,CC,CC,CA,85,73,97,NC_000011.10,Mutation NB - Maternal Origin,Transversion - Purine/Pyrimidine,Unsolved
92550531,rs1954774056,CC,CC,CT,73,76,42,NC_000011.10,Mutation NB - Paternal Origin,Transition - Pyrimidine/Pyrimidine,Unsolved
94359369,rs12795443,CC,TT,CC,82,79,0,NC_000011.10,Mutation NB - Maternal Origin,Transition - Pyrimidine/Pyrimidine,T>C
95937257,rs12295617,TT,TT,TC,79,100,99,NC_000011.10,Mutation NB - Paternal Origin,Transition - Pyrimidine/Pyrimidine,Unsolved
96472596,rs7108533,CC,CC,CT,100,79,67,NC_000011.10,Mutation NB - Maternal Origin,Transition - Pyrimidine/Pyrimidine,Unsolved
98184799,rs11214253,TT,CC,TT,82,31,24,NC_000011.10,Mutation NB - Maternal Origin,Transition - Pyrimidine/Pyrimidine,C>T
103463750,rs60614960,TT,TT,GT,64,76,99,NC_000011.10,Mutation NB - Paternal Origin,Transition - Pyrimidine/Pyrimidine,Transversion - Purine/Pyrimidine,Unsolved
111455428,rs12789160,GG,GG,GA,79,100,98,NC_000011.10,Mutation NB - Paternal Origin,Transition - Purine/Purine,Unsolved
111958138,.,TT,TT,TC,67,52,56,NC_000011.10,Mutation NB - Maternal Origin,Transition - Pyrimidine/Pyrimidine,Unsolved
112736185,rs79176220,CC,TT,TT,100,76,21,NC_000011.10,Mutation NB - Paternal Origin,Transition - Pyrimidine/Pyrimidine,C>T
112799552,.,TT,TT,TC,80,70,39,NC_000011.10,Mutation NB - Maternal Origin,Transition - Pyrimidine/Pyrimidine,Unsolved
116413135,.,TT,TT,TC,64,64,50,NC_000011.10,Mutation NB - Paternal or Maternal,Transition - Pyrimidine/Pyrimidine,Unsolved
117777752,rs7128169,GG,GG,GC,100,100,99,NC_000011.10,Mutation NB - Paternal or Maternal,Transition - Purine/Purine,Transversion - Purine/Pyrimidine,Unsolved
119385519,.,GG,GG,GA,55,55,45,NC_000011.10,Mutation NB - Paternal or Maternal,Transition - Purine/Purine,Unsolved
119385523,rs1951091028,TT,TT,TC,73,67,45,NC_000011.10,Mutation NB - Maternal Origin,Transition - Pyrimidine/Pyrimidine,Unsolved
119600372,rs113514925,GG,GG,GA,100,67,88,NC_000011.10,Mutation NB - Maternal Origin,Transition - Purine/Purine,Unsolved
119976111,rs636518,AA,AA,GG,91,100,27,NC_000011.10,Mutation NB - Paternal Origin,Transition - Purine/Purine,Unsolved
121875234,.,TT,TT,TA,79,64,52,NC_000011.10,Mutation NB - Maternal Origin,Transition - Pyrimidine/Pyrimidine,Transversion - Purine/Pyrimidine,Unsolved
123829955,rs4432034,CC,CC,CG,100,100,30,NC_000011.10,Mutation NB - Paternal or Maternal,Transversion - Purine/Pyrimidine,Unsolved
126990505,rs1950006289,CC,CC,CT,91,73,44,NC_000011.10,Mutation NB - Maternal Origin,Transition - Pyrimidine/Pyrimidine,Unsolved
127939010,rs649574,AA,AA,AC,100,79,68,NC_000011.10,Mutation NB - Maternal Origin,Transversion - Purine/Pyrimidine,Unsolved
128215605,rs7126844,CC,CC,CT,100,88,99,NC_000011.10,Mutation NB - Maternal Origin,Transition - Pyrimidine/Pyrimidine,Unsolved
128933294,.,AA,AA,AG,46,67,55,NC_000011.10,Mutation NB - Paternal Origin,Transition - Purine/Purine,Unsolved
129723676,rs530406,AT,TT,AA,28,91,15,NC_000011.10,Mutation NB - Maternal Origin,Transversion - Purine/Pyrimidine,T>A
134438784,rs10894813,TT,CT,CC,91,1,12,NC_000011.10,Mutation NB - Paternal Origin,Transition - Pyrimidine/Pyrimidine,T>C
134438789,rs201472884,AA,GG,GG,91,70,12,NC_000011.10,Mutation NB - Paternal Origin,Transition - Purine/Purine,A>G
134438790,rs56052643,AA,CC,CC,91,70,12,NC_000011.10,Mutation NB - Paternal Origin,Transversion - Purine/Pyrimidine,A>C
134452368,rs73034335,CC,CC,CT,100,67,99,NC_000011.10,Mutation NB - Maternal Origin,Transition - Pyrimidine/Pyrimidine,Unsolved
135034705,.,AA,AA,AG,76,61,44,NC_000011.10,Mutation NB - Maternal Origin,Transition - Purine/Purine,Unsolved
4977612,rs10774293,TT,TC,CC,100,32,12,NC_000012.12,Mutation NB - Paternal Origin,Transition - Pyrimidine/Pyrimidine,T>C
6470646,rs2072376,TC,TT,CC,14,100,27,NC_000012.12,Mutation NB - Maternal Origin,Transition - Pyrimidine/Pyrimidine,T>C
6717148,rs7314564,CC,TT,CC,91,91,21,NC_000012.12,Mutation NB - Maternal Origin,Transition - Pyrimidine/Pyrimidine,T>C
7471835,rs11614441,GG,GG,GA,88,79,95,NC_000012.12,Mutation NB - Maternal Origin,Transition - Purine/Purine,Unsolved
11508546,rs1024824,TT,CC,CC,91,85,9,NC_000012.12,Mutation NB - Paternal Origin,Transition - Pyrimidine/Pyrimidine,T>C
16194374,rs3942536,GG,AA,GG,64,88,24,NC_000012.12,Mutation NB - Maternal Origin,Transition - Purine/Purine,A>G
19248256,.,GG,GG,GA,76,64,59,NC_000012.12,Mutation NB - Maternal Origin,Transition - Purine/Purine,Unsolved
26316709,rs11048460,GG,GG,GA,85,88,72,NC_000012.12,Mutation NB - Paternal Origin,Transition - Purine/Purine,Unsolved
33199720,rs12813315,CC,TT,CC,76,88,0,NC_000012.12,Mutation NB - Maternal Origin,Transition - Pyrimidine/Pyrimidine,T>C
42160664,rs12312552,AA,AA,AG,85,100,84,NC_000012.12,Mutation NB - Paternal Origin,Transition - Purine/Purine,Unsolved
42446034,rs1669885,CC,AC,AA,73,1,0,NC_000012.12,Mutation NB - Paternal Origin,Transversion - Purine/Pyrimidine,C>A
43307123,.,TT,TT,TC,70,85,62,NC_000012.12,Mutation NB - Paternal Origin,Transition - Pyrimidine/Pyrimidine,Unsolved
45696353,rs1117846,GG,AA,AA,67,52,0,NC_000012.12,Mutation NB - Paternal Origin,Transition - Purine/Purine,G>A
47498327,rs4768817,GG,GA,AA,100,2,30,NC_000012.12,Mutation NB - Paternal Origin,Transition - Purine/Purine,G>A
47778856,.,AA,AA,AG,82,55,41,NC_000012.12,Mutation NB - Maternal Origin,Transition - Purine/Purine,Unsolved
48041497,rs11168370,AA,AC,CC,79,1,18,NC_000012.12,Mutation NB - Paternal Origin,Transversion - Purine/Pyrimidine,A>C
52086398,rs7313454,AA,GA,GG,88,1,27,NC_000012.12,Mutation NB - Paternal Origin,Transition - Purine/Purine,A>G
52173306,rs2277387,CC,CC,CG,100,91,65,NC_000012.12,Mutation NB - Maternal Origin,Transversion - Purine/Pyrimidine,Unsolved
52931072,rs954702007,TT,GG,TT,88,85,6,NC_000012.12,Mutation NB - Maternal Origin,Transversion - Purine/Pyrimidine,G>T
52970230,rs7306790,AA,AG,GG,88,1,30,NC_000012.12,Mutation NB - Paternal Origin,Transition - Purine/Purine,A>G
53749524,.,GG,GG,GA,79,73,50,NC_000012.12,Mutation NB - Maternal Origin,Transition - Purine/Purine,Unsolved
54637755,.,AA,AA,AG,40,49,41,NC_000012.12,Mutation NB - Paternal Origin,Transition - Purine/Purine,Unsolved
54827196,rs866898627,TT,TT,TC,88,100,72,NC_000012.12,Mutation NB - Paternal Origin,Transition - Pyrimidine/Pyrimidine,Unsolved
56912440,rs58801386,AA,AA,AC,91,100,30,NC_000012.12,Mutation NB - Paternal Origin,Transversion - Purine/Pyrimidine,Unsolved
57197014,rs1800156,CC,TT,TT,100,61,24,NC_000012.12,Mutation NB - Paternal Origin,Transition - Pyrimidine/Pyrimidine,C>T
58764988,rs76012459,AA,TT,TT,91,88,18,NC_000012.12,Mutation NB - Paternal Origin,Transversion - Purine/Pyrimidine,A>T
64981895,.,GG,GG,GA,85,76,56,NC_000012.12,Mutation NB - Maternal Origin,Transition - Purine/Purine,Unsolved
65561926,rs4477480,GG,TT,TT,100,82,12,NC_000012.12,Mutation NB - Paternal Origin,Transversion - Purine/Pyrimidine,G>T
67539351,rs10784633,GA,AA,GG,1,79,60,NC_000012.12,Mutation NB - Maternal Origin,Transition - Purine/Purine,A>G
73645338,rs59045398,TT,CC,CC,82,79,12,NC_000012.12,Mutation NB - Paternal Origin,Transition - Pyrimidine/Pyrimidine,T>C
79065494,.,AA,AA,AT,73,82,43,NC_000012.12,Mutation NB - Paternal Origin,Transversion - Purine/Pyrimidine,Unsolved
84828885,rs6539863,CC,TT,TT,79,82,0,NC_000012.12,Mutation NB - Paternal Origin,Transition - Pyrimidine/Pyrimidine,C>T
86411941,rs2405923,TT,GT,GG,91,1,12,NC_000012.12,Mutation NB - Paternal Origin,Transversion - Purine/Pyrimidine,T>G
98742420,rs3847876,TT,AA,AA,91,76,0,NC_000012.12,Mutation NB - Paternal Origin,Transversion - Purine/Pyrimidine,T>A
103779291,rs11111766,TT,CT,CC,79,70,0,NC_000012.12,Mutation NB - Paternal Origin,Transition - Pyrimidine/Pyrimidine,T>C
107217784,rs113337947,GG,GG,GA,100,91,68,NC_000012.12,Mutation NB - Maternal Origin,Transition - Purine/Purine,Unsolved
107492683,rs7297300,GG,AA,AA,100,73,30,NC_000012.12,Mutation NB - Paternal Origin,Transition - Purine/Purine,G>A
108633232,rs3782521,CC,TT,CC,82,100,36,NC_000012.12,Mutation NB - Maternal Origin,Transition - Pyrimidine/Pyrimidine,T>C
110658583,rs150031259,TT,TT,TG,73,100,99,NC_000012.12,Mutation NB - Paternal Origin,Transition - Pyrimidine/Pyrimidine,Transversion - Purine/Pyrimidine,Unsolved
112667098,rs232924,CC,TC,TT,82,1,0,NC_000012.12,Mutation NB - Paternal Origin,Transition - Pyrimidine/Pyrimidine,C>T
113268631,.,AA,AA,AG,76,88,49,NC_000012.12,Mutation NB - Paternal Origin,Transition - Purine/Purine,Unsolved
113820589,rs7314142,TT,GG,GG,88,76,12,NC_000012.12,Mutation NB - Paternal Origin,Transversion - Purine/Pyrimidine,T>G
115390802,rs11067569,TT,TT,CT,85,79,10,NC_000012.12,Mutation NB - Maternal Origin,Transition - Pyrimidine/Pyrimidine,Unsolved
115847591,.,TT,TT,TG,88,91,65,NC_000012.12,Mutation NB - Paternal Origin,Transition - Pyrimidine/Pyrimidine,Transversion - Purine/Pyrimidine,Unsolved
116516218,rs78612040,CC,CC,AA,91,73,15,NC_000012.12,Mutation NB - Maternal Origin,Transversion - Purine/Pyrimidine,Unsolved
116516227,rs1472768,GG,GA,AA,91,1,15,NC_000012.12,Mutation NB - Paternal Origin,Transition - Purine/Purine,G>A
116977291,rs1885008223,AA,AA,AG,88,58,50,NC_000012.12,Mutation NB - Maternal Origin,Transition - Purine/Purine,Unsolved
117178493,rs10161089,CC,CC,TT,100,100,27,NC_000012.12,Mutation NB - Paternal or Maternal,Transition - Pyrimidine/Pyrimidine,Unsolved
120993469,rs2071190,AA,TT,TT,88,82,21,NC_000012.12,Mutation NB - Paternal Origin,Transversion - Purine/Pyrimidine,A>T
120993497,rs1169301,CC,CC,CT,88,100,99,NC_000012.12,Mutation NB - Paternal Origin,Transition - Pyrimidine/Pyrimidine,Unsolved
121020157,.,AA,AA,AG,76,79,41,NC_000012.12,Mutation NB - Paternal Origin,Transition - Purine/Purine,Unsolved
123961706,rs34878139,TC,CC,TT,67,88,24,NC_000012.12,Mutation NB - Maternal Origin,Transversion - Purine/Pyrimidine,C>T
124247697,rs2033215790,GG,GG,GA,73,61,53,NC_000012.12,Mutation NB - Maternal Origin,Transition - Purine/Purine,Unsolved
124462354,rs1147285,AG,AA,GG,70,88,9,NC_000012.12,Mutation NB - Maternal Origin,Transition - Purine/Purine,A>G
124498008,rs61301158,TT,TT,TA,82,100,99,NC_000012.12,Mutation NB - Paternal Origin,Transition - Pyrimidine/Pyrimidine,Transversion - Purine/Pyrimidine,Unsolved
127896838,rs1869756940,AA,AA,AG,88,70,59,NC_000012.12,Mutation NB - Maternal Origin,Transition - Purine/Purine,Unsolved
127991876,.,TT,TT,TC,88,58,53,NC_000012.12,Mutation NB - Maternal Origin,Transition - Pyrimidine/Pyrimidine,Unsolved
128663295,rs35048861,CC,TT,CC,46,55,36,NC_000012.12,Mutation NB - Maternal Origin,Transition - Pyrimidine/Pyrimidine,T>C
128714338,rs1552574,TT,TT,TC,79,100,99,NC_000012.12,Mutation NB - Paternal Origin,Transition - Pyrimidine/Pyrimidine,Unsolved
128714387,.,TT,TT,TC,73,73,47,NC_000012.12,Mutation NB - Paternal or Maternal,Transition - Pyrimidine/Pyrimidine,Unsolved
129225754,rs12311933,CC,CC,CG,91,100,99,NC_000012.12,Mutation NB - Paternal Origin,Transversion - Purine/Pyrimidine,Unsolved
129722157,rs4760000,CC,TT,CC,85,100,24,NC_000012.12,Mutation NB - Maternal Origin,Transition - Pyrimidine/Pyrimidine,T>C
130661747,rs7965634,AA,AA,GG,100,79,18,NC_000012.12,Mutation NB - Maternal Origin,Transition - Purine/Purine,Unsolved
130661770,rs7978547,GG,GG,AA,100,100,18,NC_000012.12,Mutation NB - Paternal or Maternal,Transition - Purine/Purine,Unsolved
130661782,rs7979388,CC,CC,TT,100,100,21,NC_000012.12,Mutation NB - Paternal or Maternal,Transition - Pyrimidine/Pyrimidine,Unsolved
130661970,rs7971693,TC,TT,CC,5,100,9,NC_000012.12,Mutation NB - Maternal Origin,Transition - Pyrimidine/Pyrimidine,T>C
131207149,rs10848307,AA,GG,GG,88,88,0,NC_000012.12,Mutation NB - Paternal Origin,Transition - Purine/Purine,A>G
131639223,rs12582006,CC,CC,CT,100,70,59,NC_000012.12,Mutation NB - Maternal Origin,Transition - Pyrimidine/Pyrimidine,Unsolved
132966715,rs76267604,GG,GG,GC,82,100,40,NC_000012.12,Mutation NB - Paternal Origin,Transition - Purine/Purine,Transversion - Purine/Pyrimidine,Unsolved
19323823,.,TT,TT,TC,88,67,40,NC_000013.11,Mutation NB - Maternal Origin,Transition - Pyrimidine/Pyrimidine,Unsolved
20257962,rs56069542,GG,GG,GA,82,61,99,NC_000013.11,Mutation NB - Maternal Origin,Transition - Purine/Purine,Unsolved
20706140,.,TT,TT,TC,76,67,53,NC_000013.11,Mutation NB - Maternal Origin,Transition - Pyrimidine/Pyrimidine,Unsolved
21328421,rs9509648,CC,CC,CG,85,100,56,NC_000013.11,Mutation NB - Paternal Origin,Transversion - Purine/Pyrimidine,Unsolved
23677958,.,TT,TT,TC,79,70,44,NC_000013.11,Mutation NB - Maternal Origin,Transition - Pyrimidine/Pyrimidine,Unsolved
24626459,rs7317681,CT,CC,TT,70,91,9,NC_000013.11,Mutation NB - Maternal Origin,Transversion - Purine/Pyrimidine,C>T
24957117,rs7331734,GG,AA,AA,91,85,0,NC_000013.11,Mutation NB - Paternal Origin,Transition - Purine/Purine,G>A
26815610,rs7335683,CC,GG,GG,100,88,15,NC_000013.11,Mutation NB - Paternal Origin,Transversion - Purine/Pyrimidine,C>G
30761616,rs17238962,GG,GG,GT,100,88,66,NC_000013.11,Mutation NB - Maternal Origin,Transversion - Purine/Pyrimidine,Unsolved
30934933,rs7321378,AA,AA,AT,100,85,99,NC_000013.11,Mutation NB - Maternal Origin,Transversion - Purine/Pyrimidine,Unsolved
31953067,.,CC,CC,CA,88,58,40,NC_000013.11,Mutation NB - Maternal Origin,Transversion - Purine/Pyrimidine,Unsolved
36784375,.,TT,TT,TC,91,82,50,NC_000013.11,Mutation NB - Maternal Origin,Transition - Pyrimidine/Pyrimidine,Unsolved
37887548,rs9548090,GG,GG,GA,82,100,59,NC_000013.11,Mutation NB - Paternal Origin,Transition - Purine/Purine,Unsolved
44860597,.,TT,TT,TC,88,91,50,NC_000013.11,Mutation NB - Paternal Origin,Transition - Pyrimidine/Pyrimidine,Unsolved
45693961,rs9567565,GG,AA,GG,85,82,18,NC_000013.11,Mutation NB - Maternal Origin,Transition - Purine/Purine,A>G
46831268,.,GG,GG,GA,79,64,65,NC_000013.11,Mutation NB - Maternal Origin,Transition - Purine/Purine,Unsolved
54044255,rs9527161,CC,CC,CT,100,52,99,NC_000013.11,Mutation NB - Maternal Origin,Transition - Pyrimidine/Pyrimidine,Unsolved
58318544,.,AA,AA,AG,67,100,44,NC_000013.11,Mutation NB - Paternal Origin,Transition - Purine/Purine,Unsolved
63129436,rs9592245,CC,CC,CT,100,82,99,NC_000013.11,Mutation NB - Maternal Origin,Transition - Pyrimidine/Pyrimidine,Unsolved
63557191,rs9564079,AA,CC,CC,79,94,0,NC_000013.11,Mutation NB - Paternal Origin,Transversion - Purine/Pyrimidine,A>C
65530579,.,AA,AA,AG,88,88,39,NC_000013.11,Mutation NB - Paternal or Maternal,Transition - Purine/Purine,Unsolved
65830313,rs7337480,GG,GG,GA,79,100,99,NC_000013.11,Mutation NB - Paternal Origin,Transition - Purine/Purine,Unsolved
65843655,.,AA,AA,AG,82,79,53,NC_000013.11,Mutation NB - Maternal Origin,Transition - Purine/Purine,Unsolved
78866688,rs140281659,CC,CC,CT,73,82,59,NC_000013.11,Mutation NB - Paternal Origin,Transition - Pyrimidine/Pyrimidine,Unsolved
81685028,rs768218,CC,TT,CC,91,91,0,NC_000013.11,Mutation NB - Maternal Origin,Transition - Pyrimidine/Pyrimidine,T>C
83567841,rs28405717,CC,CC,TT,88,100,15,NC_000013.11,Mutation NB - Paternal Origin,Transition - Pyrimidine/Pyrimidine,Unsolved
88926628,.,TT,TT,TC,100,76,51,NC_000013.11,Mutation NB - Maternal Origin,Transition - Pyrimidine/Pyrimidine,Unsolved
89784580,rs2095504,CC,CC,CT,91,100,99,NC_000013.11,Mutation NB - Paternal Origin,Transition - Pyrimidine/Pyrimidine,Unsolved
94154960,.,TT,TT,TC,70,82,41,NC_000013.11,Mutation NB - Paternal Origin,Transition - Pyrimidine/Pyrimidine,Unsolved
95229486,rs2389234,GG,AA,AA,100,73,18,NC_000013.11,Mutation NB - Paternal Origin,Transition - Purine/Purine,G>A
96036886,rs12860877,TC,TT,CC,67,100,12,NC_000013.11,Mutation NB - Maternal Origin,Transition - Pyrimidine/Pyrimidine,T>C
97792729,.,GG,GG,GT,88,82,44,NC_000013.11,Mutation NB - Maternal Origin,Transversion - Purine/Pyrimidine,Unsolved
98411814,rs1891203189,AA,AA,AG,55,43,56,NC_000013.11,Mutation NB - Maternal Origin,Transition - Purine/Purine,Unsolved
98504149,.,GG,GG,GA,76,91,65,NC_000013.11,Mutation NB - Paternal Origin,Transition - Purine/Purine,Unsolved
98940493,rs4772161,GG,AA,GG,91,91,9,NC_000013.11,Mutation NB - Maternal Origin,Transition - Purine/Purine,A>G
104878748,.,TT,TT,TC,49,61,41,NC_000013.11,Mutation NB - Paternal Origin,Transition - Pyrimidine/Pyrimidine,Unsolved
108835995,.,AA,AA,AG,67,61,56,NC_000013.11,Mutation NB - Maternal Origin,Transition - Purine/Purine,Unsolved
109405124,rs61700846,AC,AA,CC,70,100,27,NC_000013.11,Mutation NB - Maternal Origin,A>C
109405133,rs78014503,CT,CC,TT,70,100,27,NC_000013.11,Mutation NB - Maternal Origin,Transversion - Purine/Pyrimidine,C>T
110670364,rs2062768447,AA,AA,AG,79,61,50,NC_000013.11,Mutation NB - Maternal Origin,Transition - Purine/Purine,Unsolved
111389975,rs1178819,CC,GG,GG,100,79,36,NC_000013.11,Mutation NB - Paternal Origin,Transversion - Purine/Pyrimidine,C>G
111656663,rs4773418,CC,TT,TT,91,67,18,NC_000013.11,Mutation NB - Paternal Origin,Transition - Pyrimidine/Pyrimidine,C>T
112017817,rs7997956,AA,GG,GG,91,100,0,NC_000013.11,Mutation NB - Paternal Origin,Transition - Purine/Purine,A>G
113229797,.,AA,AA,AG,82,58,56,NC_000013.11,Mutation NB - Maternal Origin,Transition - Purine/Purine,Unsolved
20504060,rs78896152,CC,TT,CC,82,85,33,NC_000014.9,Mutation NB - Maternal Origin,Transition - Pyrimidine/Pyrimidine,T>C
20665355,rs7158530,AA,AC,CC,100,1,45,NC_000014.9,Mutation NB - Paternal Origin,Transversion - Purine/Pyrimidine,A>C
21483654,rs61973220,GA,AA,GG,32,85,15,NC_000014.9,Mutation NB - Maternal Origin,Transition - Purine/Purine,A>G
21483689,rs72684773,CA,AA,CC,42,88,15,NC_000014.9,Mutation NB - Maternal Origin,A>C
23386217,rs45520434,TT,CC,CC,91,82,42,NC_000014.9,Mutation NB - Paternal Origin,Transition - Pyrimidine/Pyrimidine,T>C
23386269,rs396024,GG,CC,CC,91,82,42,NC_000014.9,Mutation NB - Paternal Origin,Transversion - Purine/Pyrimidine,G>C
24892774,rs1241609,TT,TT,CC,100,100,15,NC_000014.9,Mutation NB - Paternal or Maternal,Transition - Pyrimidine/Pyrimidine,Unsolved
28262456,rs766223276,CC,CC,CT,79,70,53,NC_000014.9,Mutation NB - Maternal Origin,Transition - Pyrimidine/Pyrimidine,Unsolved
32239933,rs8014494,AA,CC,CC,100,67,42,NC_000014.9,Mutation NB - Paternal Origin,Transversion - Purine/Pyrimidine,A>C
34258997,rs78535713,TT,TC,CC,100,76,15,NC_000014.9,Mutation NB - Paternal Origin,Transition - Pyrimidine/Pyrimidine,T>C
38478266,rs12101030,CC,GG,CC,91,100,12,NC_000014.9,Mutation NB - Maternal Origin,Transversion - Purine/Pyrimidine,G>C
39196973,.,CC,CC,CT,76,64,41,NC_000014.9,Mutation NB - Maternal Origin,Transition - Pyrimidine/Pyrimidine,Unsolved
48095319,rs2084075,GG,AA,GG,100,91,0,NC_000014.9,Mutation NB - Maternal Origin,Transition - Purine/Purine,A>G
48106006,rs62012012,GG,GG,GT,100,55,61,NC_000014.9,Mutation NB - Maternal Origin,Transversion - Purine/Pyrimidine,Unsolved
48285201,rs35200273,CC,CC,CT,100,64,99,NC_000014.9,Mutation NB - Maternal Origin,Transition - Pyrimidine/Pyrimidine,Unsolved
51117592,.,AA,AA,AG,73,82,44,NC_000014.9,Mutation NB - Paternal Origin,Transition - Purine/Purine,Unsolved
52157179,rs11157884,TC,TT,CC,1,82,12,NC_000014.9,Mutation NB - Maternal Origin,Transition - Pyrimidine/Pyrimidine,T>C
52873217,.,AA,AA,AG,82,79,68,NC_000014.9,Mutation NB - Maternal Origin,Transition - Purine/Purine,Unsolved
53276161,rs7159772,TT,GG,GG,79,52,39,NC_000014.9,Mutation NB - Paternal Origin,Transversion - Purine/Pyrimidine,T>G
53364244,rs183104615,CC,CC,CT,91,100,92,NC_000014.9,Mutation NB - Paternal Origin,Transition - Pyrimidine/Pyrimidine,Unsolved
56559761,rs935752170,AA,AA,GA,97,88,33,NC_000014.9,Mutation NB - Maternal Origin,Transition - Purine/Purine,Unsolved
59406314,rs7143741,AA,AA,AG,85,100,22,NC_000014.9,Mutation NB - Paternal Origin,Transition - Purine/Purine,Unsolved
63972436,.,TT,TT,TC,73,67,54,NC_000014.9,Mutation NB - Maternal Origin,Transition - Pyrimidine/Pyrimidine,Unsolved
64290010,rs61984416,TT,TT,TA,100,70,56,NC_000014.9,Mutation NB - Maternal Origin,Transition - Pyrimidine/Pyrimidine,Transversion - Purine/Pyrimidine,Unsolved
67051131,rs6573747,GG,GG,GA,70,100,99,NC_000014.9,Mutation NB - Paternal Origin,Transition - Purine/Purine,Unsolved
68867924,.,AA,AA,AG,100,79,59,NC_000014.9,Mutation NB - Maternal Origin,Transition - Purine/Purine,Unsolved
71564011,rs1251159899,GG,GG,GA,76,81,47,NC_000014.9,Mutation NB - Paternal Origin,Transition - Purine/Purine,Unsolved
71833999,.,TT,TT,TC,58,79,45,NC_000014.9,Mutation NB - Paternal Origin,Transition - Pyrimidine/Pyrimidine,Unsolved
72689329,rs1887573482,AA,AA,AG,79,70,56,NC_000014.9,Mutation NB - Maternal Origin,Transition - Purine/Purine,Unsolved
72742034,rs1990439,CC,CC,CT,100,85,34,NC_000014.9,Mutation NB - Maternal Origin,Transition - Pyrimidine/Pyrimidine,Unsolved
74903368,rs563814798,CC,CC,CT,85,82,50,NC_000014.9,Mutation NB - Maternal Origin,Transition - Pyrimidine/Pyrimidine,Unsolved
74967109,.,CC,CC,CT,73,64,59,NC_000014.9,Mutation NB - Maternal Origin,Transition - Pyrimidine/Pyrimidine,Unsolved
75318381,.,AA,AA,AG,67,70,41,NC_000014.9,Mutation NB - Paternal Origin,Transition - Purine/Purine,Unsolved
75631338,rs72723675,GG,GG,GA,82,100,62,NC_000014.9,Mutation NB - Paternal Origin,Transition - Purine/Purine,Unsolved
75692655,rs2059383,AA,AA,GA,91,79,68,NC_000014.9,Mutation NB - Maternal Origin,Transition - Purine/Purine,Unsolved
76973896,rs35158794,TC,CC,TT,1,82,0,NC_000014.9,Mutation NB - Maternal Origin,Transversion - Purine/Pyrimidine,C>T
77146880,rs2058692,TT,TT,TC,88,67,99,NC_000014.9,Mutation NB - Maternal Origin,Transition - Pyrimidine/Pyrimidine,Unsolved
81386763,rs61986597,TT,CC,TT,79,76,75,NC_000014.9,Mutation NB - Maternal Origin,Transition - Pyrimidine/Pyrimidine,C>T
81540470,rs7144408,TT,CC,TT,91,82,27,NC_000014.9,Mutation NB - Maternal Origin,Transition - Pyrimidine/Pyrimidine,C>T
89809920,.,CC,CC,CT,91,82,62,NC_000014.9,Mutation NB - Maternal Origin,Transition - Pyrimidine/Pyrimidine,Unsolved
90615022,rs4904708,GG,GG,GA,100,100,99,NC_000014.9,Mutation NB - Paternal or Maternal,Transition - Purine/Purine,Unsolved
98092505,rs17772412,AA,GG,AA,88,88,0,NC_000014.9,Mutation NB - Maternal Origin,Transition - Purine/Purine,G>A
98610680,rs12895937,AA,GG,AA,91,100,15,NC_000014.9,Mutation NB - Maternal Origin,Transition - Purine/Purine,G>A
98610702,rs12895564,GG,AA,GG,91,100,15,NC_000014.9,Mutation NB - Maternal Origin,Transition - Purine/Purine,A>G
98610936,rs72710277,GG,GG,GA,73,100,62,NC_000014.9,Mutation NB - Paternal Origin,Transition - Purine/Purine,Unsolved
98997497,rs1257591,CC,GG,CC,76,67,0,NC_000014.9,Mutation NB - Maternal Origin,Transversion - Purine/Pyrimidine,G>C
101716437,rs140280724,GG,GG,GA,61,79,68,NC_000014.9,Mutation NB - Paternal Origin,Transition - Purine/Purine,Unsolved
103114109,rs114247367,CC,CC,CG,76,100,99,NC_000014.9,Mutation NB - Paternal Origin,Transversion - Purine/Pyrimidine,Unsolved
104097345,rs35432379,GG,GC,CC,100,44,27,NC_000014.9,Mutation NB - Paternal Origin,Transversion - Purine/Pyrimidine,G>C
104152479,rs376811232,CC,CC,CT,91,100,64,NC_000014.9,Mutation NB - Paternal Origin,Transition - Pyrimidine/Pyrimidine,Unsolved
104284051,rs7147827,AA,GG,GG,100,55,27,NC_000014.9,Mutation NB - Paternal Origin,Transition - Purine/Purine,A>G
104422174,rs4332683,AA,GG,GG,91,88,0,NC_000014.9,Mutation NB - Paternal Origin,Transition - Purine/Purine,A>G
104757158,rs35550015,GG,CC,CC,79,82,15,NC_000014.9,Mutation NB - Paternal Origin,Transversion - Purine/Pyrimidine,G>C
104772381,.,TT,TT,TC,79,73,61,NC_000014.9,Mutation NB - Maternal Origin,Transition - Pyrimidine/Pyrimidine,Unsolved
105219824,rs1402210378,GG,GG,GA,79,85,53,NC_000014.9,Mutation NB - Paternal Origin,Transition - Purine/Purine,Unsolved
105355342,rs73359061,CC,CC,CT,88,100,99,NC_000014.9,Mutation NB - Paternal Origin,Transition - Pyrimidine/Pyrimidine,Unsolved
105439736,rs8021311,TT,CC,CC,76,73,0,NC_000014.9,Mutation NB - Paternal Origin,Transition - Pyrimidine/Pyrimidine,T>C
105440185,rs56130943,AA,AA,AC,91,82,62,NC_000014.9,Mutation NB - Maternal Origin,Transversion - Purine/Pyrimidine,Unsolved
26190023,rs73356527,GG,AA,AA,76,67,54,NC_000015.10,Mutation NB - Paternal Origin,Transition - Purine/Purine,G>A
26626795,.,AA,AA,AG,73,16,44,NC_000015.10,Mutation NB - Maternal Origin,Transition - Purine/Purine,Unsolved
26789795,rs7168346,CC,CT,TT,100,69,15,NC_000015.10,Mutation NB - Paternal Origin,Transition - Pyrimidine/Pyrimidine,C>T
26790000,rs11161341,GG,GA,AA,100,93,21,NC_000015.10,Mutation NB - Paternal Origin,Transition - Purine/Purine,G>A
26937509,rs61999613,AA,AA,AG,100,58,99,NC_000015.10,Mutation NB - Maternal Origin,Transition - Purine/Purine,Unsolved
33066926,rs745568707,TT,TT,TA,76,49,56,NC_000015.10,Mutation NB - Maternal Origin,Transition - Pyrimidine/Pyrimidine,Transversion - Purine/Pyrimidine,Unsolved
33396664,rs2251808,AG,GG,AA,1,46,0,NC_000015.10,Mutation NB - Maternal Origin,Transition - Purine/Purine,G>A
37777797,rs56296924,GG,GG,GT,100,61,99,NC_000015.10,Mutation NB - Maternal Origin,Transversion - Purine/Pyrimidine,Unsolved
39000523,rs2411237,GG,GG,GA,88,100,68,NC_000015.10,Mutation NB - Paternal Origin,Transition - Purine/Purine,Unsolved
43008805,.,AA,AA,AG,76,55,44,NC_000015.10,Mutation NB - Maternal Origin,Transition - Purine/Purine,Unsolved
43481838,rs8039671,CC,CC,CG,91,88,24,NC_000015.10,Mutation NB - Maternal Origin,Transversion - Purine/Pyrimidine,Unsolved
46979834,.,AA,AA,AG,91,79,44,NC_000015.10,Mutation NB - Maternal Origin,Transition - Purine/Purine,Unsolved
48875023,rs11635924,CC,TC,TT,91,1,27,NC_000015.10,Mutation NB - Paternal Origin,Transition - Pyrimidine/Pyrimidine,C>T
51737823,rs28699115,GG,GG,GT,100,88,99,NC_000015.10,Mutation NB - Maternal Origin,Transversion - Purine/Pyrimidine,Unsolved
51811622,rs6493523,CA,CC,AA,28,88,15,NC_000015.10,Mutation NB - Maternal Origin,Transversion - Purine/Pyrimidine,C>A
53384538,rs8037058,GG,AA,AA,100,82,33,NC_000015.10,Mutation NB - Paternal Origin,Transition - Purine/Purine,G>A
55161750,.,CC,CC,CT,70,82,47,NC_000015.10,Mutation NB - Paternal Origin,Transition - Pyrimidine/Pyrimidine,Unsolved
55759399,rs8029134,GG,GG,GC,100,82,99,NC_000015.10,Mutation NB - Maternal Origin,Transition - Purine/Purine,Transversion - Purine/Pyrimidine,Unsolved
58179680,rs3784254,TT,TT,TG,100,85,98,NC_000015.10,Mutation NB - Maternal Origin,Transition - Pyrimidine/Pyrimidine,Transversion - Purine/Pyrimidine,Unsolved
60798460,rs55796775,TT,GG,TT,91,91,9,NC_000015.10,Mutation NB - Maternal Origin,Transversion - Purine/Pyrimidine,G>T
63063598,rs75449003,CC,TT,CC,85,85,21,NC_000015.10,Mutation NB - Maternal Origin,Transition - Pyrimidine/Pyrimidine,T>C
66619995,rs147877993,CC,TT,CC,82,91,0,NC_000015.10,Mutation NB - Maternal Origin,Transition - Pyrimidine/Pyrimidine,T>C
66837251,rs8027723,GG,GG,GA,91,91,62,NC_000015.10,Mutation NB - Paternal or Maternal,Transition - Purine/Purine,Unsolved
67020033,rs266305,TT,TC,CC,100,1,51,NC_000015.10,Mutation NB - Paternal Origin,Transition - Pyrimidine/Pyrimidine,T>C
68651248,rs12908134,AA,GG,AA,58,85,12,NC_000015.10,Mutation NB - Maternal Origin,Transition - Purine/Purine,G>A
70362745,.,AA,AA,AG,76,91,53,NC_000015.10,Mutation NB - Paternal Origin,Transition - Purine/Purine,Unsolved
71657851,rs1043956601,GG,GG,GA,85,82,55,NC_000015.10,Mutation NB - Maternal Origin,Transition - Purine/Purine,Unsolved
71811804,.,CC,CC,CT,88,85,40,NC_000015.10,Mutation NB - Maternal Origin,Transition - Pyrimidine/Pyrimidine,Unsolved
73707234,rs7178133,GG,GG,GA,100,91,72,NC_000015.10,Mutation NB - Maternal Origin,Transition - Purine/Purine,Unsolved
73707248,rs7177814,CC,CC,CG,100,91,72,NC_000015.10,Mutation NB - Maternal Origin,Transversion - Purine/Pyrimidine,Unsolved
74836160,rs9210,TT,CC,CC,100,70,24,NC_000015.10,Mutation NB - Paternal Origin,Transition - Pyrimidine/Pyrimidine,T>C
74838423,.,CC,CC,CT,91,76,53,NC_000015.10,Mutation NB - Maternal Origin,Transition - Pyrimidine/Pyrimidine,Unsolved
76992401,rs56307118,CC,GG,GG,88,76,18,NC_000015.10,Mutation NB - Paternal Origin,Transversion - Purine/Pyrimidine,C>G
77591587,rs2667760,CT,CC,TT,29,100,27,NC_000015.10,Mutation NB - Maternal Origin,Transversion - Purine/Pyrimidine,C>T
77826282,rs7182697,GG,GG,GT,85,73,99,NC_000015.10,Mutation NB - Maternal Origin,Transversion - Purine/Pyrimidine,Unsolved
77873988,rs4886947,GG,GA,AA,100,9,18,NC_000015.10,Mutation NB - Paternal Origin,Transition - Purine/Purine,G>A
78135670,rs77376231,GG,GG,GA,100,52,99,NC_000015.10,Mutation NB - Maternal Origin,Transition - Purine/Purine,Unsolved
78237915,rs2102906,AG,AA,GG,44,91,9,NC_000015.10,Mutation NB - Maternal Origin,Transition - Purine/Purine,A>G
79918398,rs8026908,AA,AG,GG,100,2,42,NC_000015.10,Mutation NB - Paternal Origin,Transition - Purine/Purine,A>G
80288485,rs4778590,GA,AA,GG,29,82,0,NC_000015.10,Mutation NB - Maternal Origin,Transition - Purine/Purine,A>G
83806187,rs7175491,TT,CC,CC,100,58,45,NC_000015.10,Mutation NB - Paternal Origin,Transition - Pyrimidine/Pyrimidine,T>C
84914766,rs72754924,TT,CC,CC,85,61,0,NC_000015.10,Mutation NB - Paternal Origin,Transition - Pyrimidine/Pyrimidine,T>C
85329946,rs1877197,TT,TT,CT,91,79,99,NC_000015.10,Mutation NB - Maternal Origin,Transition - Pyrimidine/Pyrimidine,Unsolved
85775555,rs2248675,GG,GC,CC,100,1,42,NC_000015.10,Mutation NB - Paternal Origin,Transversion - Purine/Pyrimidine,G>C
85910923,rs11073603,AA,GG,AA,85,85,0,NC_000015.10,Mutation NB - Maternal Origin,Transition - Purine/Purine,G>A
88968051,rs7180013,TT,GG,GG,100,55,42,NC_000015.10,Mutation NB - Paternal Origin,Transversion - Purine/Pyrimidine,T>G
89471802,rs2072692,AA,AG,GG,70,5,9,NC_000015.10,Mutation NB - Paternal Origin,Transition - Purine/Purine,A>G
89630200,rs143669426,GG,GA,AA,82,35,9,NC_000015.10,Mutation NB - Paternal Origin,Transition - Purine/Purine,G>A
91954361,.,TT,TT,TC,85,88,62,NC_000015.10,Mutation NB - Paternal Origin,Transition - Pyrimidine/Pyrimidine,Unsolved
93147929,rs8038806,GG,GG,GA,100,91,99,NC_000015.10,Mutation NB - Maternal Origin,Transition - Purine/Purine,Unsolved
93530550,rs10520735,AA,GG,AA,91,88,9,NC_000015.10,Mutation NB - Maternal Origin,Transition - Purine/Purine,G>A
94505294,rs7177819,GG,AA,AA,100,73,27,NC_000015.10,Mutation NB - Paternal Origin,Transition - Purine/Purine,G>A
97803435,rs8023641,GG,TT,GG,88,100,18,NC_000015.10,Mutation NB - Maternal Origin,Transition - Purine/Purine,Transversion - Purine/Pyrimidine,T>G
98946687,rs7162314,AA,GG,AA,79,100,45,NC_000015.10,Mutation NB - Maternal Origin,Transition - Purine/Purine,G>A
99073683,.,AA,AA,AG,64,61,42,NC_000015.10,Mutation NB - Maternal Origin,Transition - Purine/Purine,Unsolved
101133979,rs1869639,TT,TT,GT,88,79,33,NC_000015.10,Mutation NB - Maternal Origin,Transition - Pyrimidine/Pyrimidine,Transversion - Purine/Pyrimidine,Unsolved
101134005,rs1454844,CC,CC,TC,88,79,33,NC_000015.10,Mutation NB - Maternal Origin,Transition - Pyrimidine/Pyrimidine,Unsolved
101398026,rs3784469,CC,GG,GG,88,79,15,NC_000015.10,Mutation NB - Paternal Origin,Transversion - Purine/Pyrimidine,C>G
101438985,rs1466745,TT,CC,CC,100,73,21,NC_000015.10,Mutation NB - Paternal Origin,Transition - Pyrimidine/Pyrimidine,T>C
663747,rs4984908,AA,AA,AG,100,82,99,NC_000016.10,Mutation NB - Maternal Origin,Transition - Purine/Purine,Unsolved
1070422,rs113978224,CC,CC,CT,100,70,12,NC_000016.10,Mutation NB - Maternal Origin,Transition - Pyrimidine/Pyrimidine,Unsolved
1311078,rs8062442,AA,AG,GG,100,1,9,NC_000016.10,Mutation NB - Paternal Origin,Transition - Purine/Purine,A>G
2199409,rs26867,TT,TC,CC,100,1,42,NC_000016.10,Mutation NB - Paternal Origin,Transition - Pyrimidine/Pyrimidine,T>C
3357404,.,TT,TT,TC,91,79,41,NC_000016.10,Mutation NB - Maternal Origin,Transition - Pyrimidine/Pyrimidine,Unsolved
3660446,.,CC,CC,CA,67,64,47,NC_000016.10,Mutation NB - Maternal Origin,Transversion - Purine/Pyrimidine,Unsolved
3731680,.,CC,CC,CT,70,70,41,NC_000016.10,Mutation NB - Paternal or Maternal,Transition - Pyrimidine/Pyrimidine,Unsolved
5490680,rs2042798157,AA,AA,AG,67,70,44,NC_000016.10,Mutation NB - Paternal Origin,Transition - Purine/Purine,Unsolved
6244336,rs62015138,AA,AT,TT,100,41,30,NC_000016.10,Mutation NB - Paternal Origin,Transversion - Purine/Pyrimidine,A>T
9058164,rs62033721,GG,GC,CC,100,70,33,NC_000016.10,Mutation NB - Paternal Origin,Transversion - Purine/Pyrimidine,G>C
10199620,rs8049007,CT,CC,TT,1,100,33,NC_000016.10,Mutation NB - Maternal Origin,Transversion - Purine/Pyrimidine,C>T
10199775,rs9935443,AT,AA,TT,57,100,15,NC_000016.10,Mutation NB - Maternal Origin,Transversion - Purine/Pyrimidine,A>T
10199808,rs9924349,GA,GG,AA,28,100,15,NC_000016.10,Mutation NB - Maternal Origin,Transition - Purine/Purine,G>A
10664341,rs7194053,AA,CC,AA,82,88,9,NC_000016.10,Mutation NB - Maternal Origin,Transversion - Purine/Pyrimidine,C>A
12211598,rs830722,CC,TT,CC,73,100,42,NC_000016.10,Mutation NB - Maternal Origin,Transition - Pyrimidine/Pyrimidine,T>C
12496280,rs7203242,TT,GG,TT,85,91,0,NC_000016.10,Mutation NB - Maternal Origin,Transversion - Purine/Pyrimidine,G>T
14393179,rs57327054,CT,TT,CC,29,85,9,NC_000016.10,Mutation NB - Maternal Origin,Transition - Pyrimidine/Pyrimidine,T>C
20168733,rs4238575,CC,TT,TT,82,76,0,NC_000016.10,Mutation NB - Paternal Origin,Transition - Pyrimidine/Pyrimidine,C>T
20335519,rs1964821707,AA,AA,AG,91,88,55,NC_000016.10,Mutation NB - Maternal Origin,Transition - Purine/Purine,Unsolved
25474495,rs112754010,TT,TT,TC,100,91,94,NC_000016.10,Mutation NB - Maternal Origin,Transition - Pyrimidine/Pyrimidine,Unsolved
26090278,.,AA,AA,AG,91,34,47,NC_000016.10,Mutation NB - Maternal Origin,Transition - Purine/Purine,Unsolved
27486199,.,TT,TT,TC,70,73,44,NC_000016.10,Mutation NB - Paternal Origin,Transition - Pyrimidine/Pyrimidine,Unsolved
28585627,.,AA,AA,AG,76,73,53,NC_000016.10,Mutation NB - Maternal Origin,Transition - Purine/Purine,Unsolved
30793841,rs893926,TT,TT,GG,79,73,9,NC_000016.10,Mutation NB - Maternal Origin,Transition - Purine/Purine,Transversion - Purine/Pyrimidine,Unsolved
30918123,rs4889685,TT,CC,CC,88,100,0,NC_000016.10,Mutation NB - Paternal Origin,Transition - Pyrimidine/Pyrimidine,T>C
48924386,rs79642028,CC,CC,CT,88,100,65,NC_000016.10,Mutation NB - Paternal Origin,Transition - Pyrimidine/Pyrimidine,Unsolved
49679990,rs12934989,AA,GG,GG,100,61,39,NC_000016.10,Mutation NB - Paternal Origin,Transition - Purine/Purine,A>G
50294095,rs1540624,AA,GG,GG,82,88,0,NC_000016.10,Mutation NB - Paternal Origin,Transition - Purine/Purine,A>G
51625966,rs1292857914,AA,AA,AG,82,73,43,NC_000016.10,Mutation NB - Maternal Origin,Transition - Purine/Purine,Unsolved
54999782,rs11076064,TT,TC,CC,91,1,24,NC_000016.10,Mutation NB - Paternal Origin,Transition - Pyrimidine/Pyrimidine,T>C
55068934,rs4783870,GG,CC,CC,91,91,21,NC_000016.10,Mutation NB - Paternal Origin,Transversion - Purine/Pyrimidine,G>C
55460722,rs837533,GA,AA,GG,67,85,0,NC_000016.10,Mutation NB - Maternal Origin,Transition - Purine/Purine,A>G
55658907,rs36031,AA,AA,AG,100,76,53,NC_000016.10,Mutation NB - Maternal Origin,Transition - Purine/Purine,Unsolved
56853689,rs12929046,TT,TT,TC,73,100,59,NC_000016.10,Mutation NB - Paternal Origin,Transition - Pyrimidine/Pyrimidine,Unsolved
56951227,rs9989419,AG,AA,GG,1,79,42,NC_000016.10,Mutation NB - Maternal Origin,Transition - Purine/Purine,A>G
56951244,rs193695,AG,AA,GG,1,100,45,NC_000016.10,Mutation NB - Maternal Origin,Transition - Purine/Purine,A>G
57373086,.,TT,TT,TC,64,64,44,NC_000016.10,Mutation NB - Paternal or Maternal,Transition - Pyrimidine/Pyrimidine,Unsolved
57415372,.,CC,CC,CT,91,73,53,NC_000016.10,Mutation NB - Maternal Origin,Transition - Pyrimidine/Pyrimidine,Unsolved
57551404,.,TT,TT,TC,79,64,41,NC_000016.10,Mutation NB - Maternal Origin,Transition - Pyrimidine/Pyrimidine,Unsolved
57627096,rs62036124,TT,TT,TC,100,64,99,NC_000016.10,Mutation NB - Maternal Origin,Transition - Pyrimidine/Pyrimidine,Unsolved
62035616,rs6416678,CC,CC,GG,100,100,27,NC_000016.10,Mutation NB - Paternal or Maternal,Transversion - Purine/Pyrimidine,Unsolved
64381011,rs7200771,GG,GG,TT,100,100,24,NC_000016.10,Mutation NB - Paternal or Maternal,Transversion - Purine/Pyrimidine,Unsolved
64381028,rs7201877,TT,TT,CC,100,100,21,NC_000016.10,Mutation NB - Paternal or Maternal,Transition - Pyrimidine/Pyrimidine,Unsolved
64699047,rs7196598,CC,CC,CT,85,91,27,NC_000016.10,Mutation NB - Paternal Origin,Transition - Pyrimidine/Pyrimidine,Unsolved
66487644,.,GG,GG,GA,52,73,41,NC_000016.10,Mutation NB - Paternal Origin,Transition - Purine/Purine,Unsolved
66773309,rs9929734,TG,GG,TT,1,61,0,NC_000016.10,Mutation NB - Maternal Origin,Transversion - Purine/Pyrimidine,G>T
66831505,rs467117,CC,GC,GG,85,37,27,NC_000016.10,Mutation NB - Paternal Origin,Transversion - Purine/Pyrimidine,C>G
66872968,rs187431,GG,AA,GG,100,91,0,NC_000016.10,Mutation NB - Maternal Origin,Transition - Purine/Purine,A>G
67732000,rs74026426,GG,TT,GG,88,85,9,NC_000016.10,Mutation NB - Maternal Origin,Transition - Purine/Purine,Transversion - Purine/Pyrimidine,T>G
67930807,.,GG,GG,GA,70,73,53,NC_000016.10,Mutation NB - Paternal Origin,Transition - Purine/Purine,Unsolved
68361191,rs2279539,GG,GG,GA,91,100,87,NC_000016.10,Mutation NB - Paternal Origin,Transition - Purine/Purine,Unsolved
68373895,rs921131136,AA,AA,AG,79,91,63,NC_000016.10,Mutation NB - Paternal Origin,Transition - Purine/Purine,Unsolved
68580530,.,AA,AA,AC,88,88,59,NC_000016.10,Mutation NB - Paternal or Maternal,Transversion - Purine/Pyrimidine,Unsolved
71600641,rs4788547,GG,GG,GA,100,79,92,NC_000016.10,Mutation NB - Maternal Origin,Transition - Purine/Purine,Unsolved
71755995,.,AA,AA,AG,76,70,52,NC_000016.10,Mutation NB - Maternal Origin,Transition - Purine/Purine,Unsolved
73218375,rs144428725,GG,TT,GG,79,88,0,NC_000016.10,Mutation NB - Maternal Origin,Transition - Purine/Purine,Transversion - Purine/Pyrimidine,T>G
74449705,.,TT,TT,TA,73,79,61,NC_000016.10,Mutation NB - Paternal Origin,Transition - Pyrimidine/Pyrimidine,Transversion - Purine/Pyrimidine,Unsolved
77525713,rs9921718,GG,AA,AA,91,76,24,NC_000016.10,Mutation NB - Paternal Origin,Transition - Purine/Purine,G>A
79072400,rs1231734472,AA,AA,AG,79,64,86,NC_000016.10,Mutation NB - Maternal Origin,Transition - Purine/Purine,Unsolved
81548015,rs8054061,CC,TC,TT,79,35,0,NC_000016.10,Mutation NB - Paternal Origin,Transition - Pyrimidine/Pyrimidine,C>T
81696400,rs72831120,AA,AA,AG,100,61,99,NC_000016.10,Mutation NB - Maternal Origin,Transition - Purine/Purine,Unsolved
81744886,rs4888173,GG,GG,GA,100,100,99,NC_000016.10,Mutation NB - Paternal or Maternal,Transition - Purine/Purine,Unsolved
82004817,rs1026173276,GG,GG,GA,100,40,99,NC_000016.10,Mutation NB - Maternal Origin,Transition - Purine/Purine,Unsolved
82502651,rs1865229,CC,CC,CT,76,100,99,NC_000016.10,Mutation NB - Paternal Origin,Transition - Pyrimidine/Pyrimidine,Unsolved
82692391,rs75462278,GG,AA,AA,88,70,21,NC_000016.10,Mutation NB - Paternal Origin,Transition - Purine/Purine,G>A
82692405,rs12925373,CC,CT,TT,100,1,18,NC_000016.10,Mutation NB - Paternal Origin,Transition - Pyrimidine/Pyrimidine,C>T
83116547,rs5008767,CC,TT,TT,88,85,21,NC_000016.10,Mutation NB - Paternal Origin,Transition - Pyrimidine/Pyrimidine,C>T
84001841,rs2271298,CC,CC,CG,88,88,95,NC_000016.10,Mutation NB - Paternal or Maternal,Transversion - Purine/Pyrimidine,Unsolved
84042984,rs12921817,AA,AA,AG,79,79,82,NC_000016.10,Mutation NB - Paternal or Maternal,Transition - Purine/Purine,Unsolved
84043045,rs12922113,CC,CC,CT,79,79,99,NC_000016.10,Mutation NB - Paternal or Maternal,Transition - Pyrimidine/Pyrimidine,Unsolved
85090156,rs3751756,TT,GG,TT,100,79,21,NC_000016.10,Mutation NB - Maternal Origin,Transversion - Purine/Pyrimidine,G>T
85093200,rs11548969,TT,TT,TC,82,91,27,NC_000016.10,Mutation NB - Paternal Origin,Transition - Pyrimidine/Pyrimidine,Unsolved
85635770,rs8045380,CC,CC,CT,100,52,99,NC_000016.10,Mutation NB - Maternal Origin,Transition - Pyrimidine/Pyrimidine,Unsolved
85735111,rs1862733,CC,CT,TT,67,5,27,NC_000016.10,Mutation NB - Paternal Origin,Transition - Pyrimidine/Pyrimidine,C>T
85975664,.,TT,TT,TC,76,52,47,NC_000016.10,Mutation NB - Maternal Origin,Transition - Pyrimidine/Pyrimidine,Unsolved
86116891,rs12711493,AA,TT,AA,73,58,30,NC_000016.10,Mutation NB - Maternal Origin,Transversion - Purine/Pyrimidine,T>A
86116919,rs28624983,TT,GG,TT,70,58,30,NC_000016.10,Mutation NB - Maternal Origin,Transversion - Purine/Pyrimidine,G>T
86201718,rs276964,CC,TT,TT,88,91,0,NC_000016.10,Mutation NB - Paternal Origin,Transition - Pyrimidine/Pyrimidine,C>T
86389976,rs11640846,CC,CC,CG,100,82,99,NC_000016.10,Mutation NB - Maternal Origin,Transversion - Purine/Pyrimidine,Unsolved
86527996,rs9940025,CC,TT,CC,91,100,18,NC_000016.10,Mutation NB - Maternal Origin,Transition - Pyrimidine/Pyrimidine,T>C
87619491,rs4843638,CC,TT,TT,100,76,33,NC_000016.10,Mutation NB - Paternal Origin,Transition - Pyrimidine/Pyrimidine,C>T
88325694,.,TT,TT,TC,61,58,59,NC_000016.10,Mutation NB - Maternal Origin,Transition - Pyrimidine/Pyrimidine,Unsolved
88530895,rs12935067,TT,TT,TC,100,85,99,NC_000016.10,Mutation NB - Maternal Origin,Transition - Pyrimidine/Pyrimidine,Unsolved
88650126,rs3812948,AA,GG,GG,100,67,27,NC_000016.10,Mutation NB - Paternal Origin,Transition - Purine/Purine,A>G
88691234,rs28718611,CC,CC,TT,91,100,12,NC_000016.10,Mutation NB - Paternal Origin,Transition - Pyrimidine/Pyrimidine,Unsolved
88727405,rs8057198,TC,TT,CC,1,100,18,NC_000016.10,Mutation NB - Maternal Origin,Transition - Pyrimidine/Pyrimidine,T>C
88851356,rs35640737,AA,AA,AC,73,100,68,NC_000016.10,Mutation NB - Paternal Origin,Transversion - Purine/Pyrimidine,Unsolved
88996368,rs10852634,TT,TT,CT,91,73,61,NC_000016.10,Mutation NB - Maternal Origin,Transition - Pyrimidine/Pyrimidine,Unsolved
90022029,rs2241039,GA,AA,GG,38,82,15,NC_000016.10,Mutation NB - Maternal Origin,Transition - Purine/Purine,A>G
1232500,rs73281149,GG,GA,AA,88,33,9,NC_000017.11,Mutation NB - Paternal Origin,Transition - Purine/Purine,G>A
1896662,rs7406953,CT,CC,TT,99,100,48,NC_000017.11,Mutation NB - Maternal Origin,Transversion - Purine/Pyrimidine,C>T
3485027,rs2029351,GG,GG,GT,70,100,99,NC_000017.11,Mutation NB - Paternal Origin,Transversion - Purine/Pyrimidine,Unsolved
3732351,rs170209,AA,GG,GG,100,91,9,NC_000017.11,Mutation NB - Paternal Origin,Transition - Purine/Purine,A>G
4756741,rs35789354,TT,TT,CT,91,91,58,NC_000017.11,Mutation NB - Paternal or Maternal,Transition - Pyrimidine/Pyrimidine,Unsolved
5392633,rs72837878,CC,CC,CA,100,88,99,NC_000017.11,Mutation NB - Maternal Origin,Transversion - Purine/Pyrimidine,Unsolved
5554518,rs11654176,TT,TT,TC,98,100,99,NC_000017.11,Mutation NB - Paternal Origin,Transition - Pyrimidine/Pyrimidine,Unsolved
5633346,rs2733378,CC,TT,CC,55,49,78,NC_000017.11,Mutation NB - Maternal Origin,Transition - Pyrimidine/Pyrimidine,T>C
6160161,rs16955549,AA,GG,GG,82,70,0,NC_000017.11,Mutation NB - Paternal Origin,Transition - Purine/Purine,A>G
6426833,rs925616,CC,TT,TT,100,91,15,NC_000017.11,Mutation NB - Paternal Origin,Transition - Pyrimidine/Pyrimidine,C>T
8105955,rs7210393,CC,CT,TT,82,1,42,NC_000017.11,Mutation NB - Paternal Origin,Transition - Pyrimidine/Pyrimidine,C>T
10831962,.,AA,AA,AG,88,70,44,NC_000017.11,Mutation NB - Maternal Origin,Transition - Purine/Purine,Unsolved
15224237,rs230934,GG,AG,AA,91,67,9,NC_000017.11,Mutation NB - Paternal Origin,Transition - Purine/Purine,G>A
15908557,rs859248,CC,CC,CG,76,100,68,NC_000017.11,Mutation NB - Paternal Origin,Transversion - Purine/Pyrimidine,Unsolved
16426024,.,GG,GG,GA,49,61,50,NC_000017.11,Mutation NB - Paternal Origin,Transition - Purine/Purine,Unsolved
17300884,rs9895057,GG,TT,TT,85,79,15,NC_000017.11,Mutation NB - Paternal Origin,Transversion - Purine/Pyrimidine,G>T
17540732,rs1908819139,AA,AA,AC,76,46,50,NC_000017.11,Mutation NB - Maternal Origin,Transversion - Purine/Pyrimidine,Unsolved
19718038,.,AA,AA,AG,70,64,41,NC_000017.11,Mutation NB - Maternal Origin,Transition - Purine/Purine,Unsolved
20976408,rs6650607,TT,TC,CC,100,1,33,NC_000017.11,Mutation NB - Paternal Origin,Transition - Pyrimidine/Pyrimidine,T>C
21219009,rs731870,AA,AA,AG,100,100,65,NC_000017.11,Mutation NB - Paternal or Maternal,Transition - Purine/Purine,Unsolved
27810514,rs2779255,CC,CT,TT,100,1,18,NC_000017.11,Mutation NB - Paternal Origin,Transition - Pyrimidine/Pyrimidine,C>T
27810524,rs2531863,AA,AG,GG,100,1,18,NC_000017.11,Mutation NB - Paternal Origin,Transition - Purine/Purine,A>G
28508890,.,AA,AA,AG,88,76,63,NC_000017.11,Mutation NB - Maternal Origin,Transition - Purine/Purine,Unsolved
28632187,.,TT,TT,TC,58,55,44,NC_000017.11,Mutation NB - Maternal Origin,Transition - Pyrimidine/Pyrimidine,Unsolved
28874564,.,TT,TT,TC,73,43,44,NC_000017.11,Mutation NB - Maternal Origin,Transition - Pyrimidine/Pyrimidine,Unsolved
30279564,rs7208052,AA,AC,CC,100,38,9,NC_000017.11,Mutation NB - Paternal Origin,Transversion - Purine/Pyrimidine,A>C
31722294,rs768184994,AA,AA,AG,61,61,57,NC_000017.11,Mutation NB - Paternal or Maternal,Transition - Purine/Purine,Unsolved
32686872,rs2909515,GG,AA,GG,73,82,0,NC_000017.11,Mutation NB - Maternal Origin,Transition - Purine/Purine,A>G
33364139,rs77450796,TT,TT,TC,100,61,99,NC_000017.11,Mutation NB - Maternal Origin,Transition - Pyrimidine/Pyrimidine,Unsolved
35428998,rs1514488,GG,AA,GG,76,91,21,NC_000017.11,Mutation NB - Maternal Origin,Transition - Purine/Purine,A>G
40016890,rs25645,GG,AA,GG,91,83,12,NC_000017.11,Mutation NB - Maternal Origin,Transition - Purine/Purine,A>G
40106972,rs145787499,GG,GG,GA,100,82,99,NC_000017.11,Mutation NB - Maternal Origin,Transition - Purine/Purine,Unsolved
49118300,rs1523134,CC,AA,AA,100,61,30,NC_000017.11,Mutation NB - Paternal Origin,Transversion - Purine/Pyrimidine,C>A
49383315,.,AA,AA,AG,67,85,56,NC_000017.11,Mutation NB - Paternal Origin,Transition - Purine/Purine,Unsolved
49526154,rs2671650,CC,AA,AA,88,52,57,NC_000017.11,Mutation NB - Paternal Origin,Transversion - Purine/Pyrimidine,C>A
50640983,rs73344347,GG,CC,GG,91,58,14,NC_000017.11,Mutation NB - Maternal Origin,Transversion - Purine/Pyrimidine,C>G
55299835,rs922822870,TT,TT,TC,91,76,62,NC_000017.11,Mutation NB - Maternal Origin,Transition - Pyrimidine/Pyrimidine,Unsolved
57823639,.,TT,TT,TC,67,82,59,NC_000017.11,Mutation NB - Paternal Origin,Transition - Pyrimidine/Pyrimidine,Unsolved
63124528,.,AA,AA,AG,85,88,40,NC_000017.11,Mutation NB - Paternal Origin,Transition - Purine/Purine,Unsolved
63699178,rs3817181,CC,GG,GG,70,67,42,NC_000017.11,Mutation NB - Paternal Origin,Transversion - Purine/Pyrimidine,C>G
64158406,rs9900195,GG,AA,GG,91,100,9,NC_000017.11,Mutation NB - Maternal Origin,Transition - Purine/Purine,A>G
64363115,rs45563735,CC,TT,CC,37,100,51,NC_000017.11,Mutation NB - Maternal Origin,Transition - Pyrimidine/Pyrimidine,T>C
65742958,.,TT,TT,TC,64,52,44,NC_000017.11,Mutation NB - Maternal Origin,Transition - Pyrimidine/Pyrimidine,Unsolved
68551108,rs9789047,GG,GG,GA,88,91,99,NC_000017.11,Mutation NB - Paternal Origin,Transition - Purine/Purine,Unsolved
72501432,rs72846382,GG,GG,GC,100,40,99,NC_000017.11,Mutation NB - Maternal Origin,Transition - Purine/Purine,Transversion - Purine/Pyrimidine,Unsolved
72540702,.,AA,AA,AG,88,85,60,NC_000017.11,Mutation NB - Maternal Origin,Transition - Purine/Purine,Unsolved
74260914,.,TT,TT,TC,82,73,47,NC_000017.11,Mutation NB - Maternal Origin,Transition - Pyrimidine/Pyrimidine,Unsolved
74290572,rs1870990,AA,GG,GG,85,88,27,NC_000017.11,Mutation NB - Paternal Origin,Transition - Purine/Purine,A>G
74863587,rs690307,CC,CC,AC,91,79,99,NC_000017.11,Mutation NB - Maternal Origin,Transversion - Purine/Pyrimidine,Unsolved
75819945,rs11868471,GG,AG,AA,91,1,0,NC_000017.11,Mutation NB - Paternal Origin,Transition - Purine/Purine,G>A
75843056,rs3744007,GG,GG,GA,70,91,30,NC_000017.11,Mutation NB - Paternal Origin,Transition - Purine/Purine,Unsolved
76009395,rs7225323,GG,AA,GG,88,88,21,NC_000017.11,Mutation NB - Maternal Origin,Transition - Purine/Purine,A>G
77370498,rs11077904,GG,GG,GA,100,49,99,NC_000017.11,Mutation NB - Maternal Origin,Transition - Purine/Purine,Unsolved
77378845,rs1389400221,AA,AA,AC,100,100,39,NC_000017.11,Mutation NB - Paternal or Maternal,Transversion - Purine/Pyrimidine,Unsolved
77928256,rs7212265,CC,CC,CT,100,82,97,NC_000017.11,Mutation NB - Maternal Origin,Transition - Pyrimidine/Pyrimidine,Unsolved
78528156,.,TT,TT,TA,82,100,53,NC_000017.11,Mutation NB - Paternal Origin,Transition - Pyrimidine/Pyrimidine,Transversion - Purine/Pyrimidine,Unsolved
79215229,rs68140879,GG,GG,CG,85,91,53,NC_000017.11,Mutation NB - Paternal Origin,Transition - Purine/Purine,Transversion - Purine/Pyrimidine,Unsolved
79598076,rs12947064,GG,GG,TG,91,98,23,NC_000017.11,Mutation NB - Paternal Origin,Transversion - Purine/Pyrimidine,Unsolved
79651014,rs1021547465,CC,CT,TT,82,1,15,NC_000017.11,Mutation NB - Paternal Origin,Transition - Pyrimidine/Pyrimidine,C>T
80248391,.,GG,GG,GT,82,82,55,NC_000017.11,Mutation NB - Paternal or Maternal,Transversion - Purine/Pyrimidine,Unsolved
80456936,.,TT,TT,TC,82,82,41,NC_000017.11,Mutation NB - Paternal or Maternal,Transition - Pyrimidine/Pyrimidine,Unsolved
80629368,rs56137145,TT,CT,CC,88,2,0,NC_000017.11,Mutation NB - Paternal Origin,Transition - Pyrimidine/Pyrimidine,T>C
80950153,rs1468035,AA,GG,AA,40,82,27,NC_000017.11,Mutation NB - Maternal Origin,Transition - Purine/Purine,G>A
81034411,rs117814967,CC,CC,CG,100,61,99,NC_000017.11,Mutation NB - Maternal Origin,Transversion - Purine/Pyrimidine,Unsolved
81329797,rs6565555,AA,AA,GG,91,85,15,NC_000017.11,Mutation NB - Maternal Origin,Transition - Purine/Purine,Unsolved
81559396,rs201622340,GG,GG,GC,79,100,64,NC_000017.11,Mutation NB - Paternal Origin,Transition - Purine/Purine,Transversion - Purine/Pyrimidine,Unsolved
82092299,.,CC,CC,CT,91,85,56,NC_000017.11,Mutation NB - Maternal Origin,Transition - Pyrimidine/Pyrimidine,Unsolved
82128282,rs6502061,CC,TT,CC,91,85,9,NC_000017.11,Mutation NB - Maternal Origin,Transition - Pyrimidine/Pyrimidine,T>C
83122021,rs1041667874,GG,GG,AG,88,91,68,NC_000017.11,Mutation NB - Paternal Origin,Transition - Purine/Purine,Unsolved
1967344,rs967927,AA,GG,GG,79,70,27,NC_000018.10,Mutation NB - Paternal Origin,Transition - Purine/Purine,A>G
4667004,rs66633446,AA,AC,CC,100,1,51,NC_000018.10,Mutation NB - Paternal Origin,Transversion - Purine/Pyrimidine,A>C
5921150,rs7230804,CC,CC,AA,88,82,9,NC_000018.10,Mutation NB - Maternal Origin,Transversion - Purine/Pyrimidine,Unsolved
6957120,.,TT,TT,TC,79,67,41,NC_000018.10,Mutation NB - Maternal Origin,Transition - Pyrimidine/Pyrimidine,Unsolved
10276634,rs11080398,TT,TT,TC,91,91,68,NC_000018.10,Mutation NB - Paternal or Maternal,Transition - Pyrimidine/Pyrimidine,Unsolved
12906452,.,AA,AA,AG,91,73,53,NC_000018.10,Mutation NB - Maternal Origin,Transition - Purine/Purine,Unsolved
13134815,rs117400447,TT,CC,CC,91,73,15,NC_000018.10,Mutation NB - Paternal Origin,Transition - Pyrimidine/Pyrimidine,T>C
13988736,rs12968925,TT,GG,TT,91,100,24,NC_000018.10,Mutation NB - Maternal Origin,Transversion - Purine/Pyrimidine,G>T
15564688,rs1349982752,GG,GG,GA,70,15,99,NC_000018.10,Mutation NB - Maternal Origin,Transition - Purine/Purine,Unsolved
21912465,rs34087209,GG,GG,GA,100,58,99,NC_000018.10,Mutation NB - Maternal Origin,Transition - Purine/Purine,Unsolved
23862830,rs918429806,GG,GG,GA,91,85,58,NC_000018.10,Mutation NB - Maternal Origin,Transition - Purine/Purine,Unsolved
25744264,rs1823079,CC,AA,AA,85,85,0,NC_000018.10,Mutation NB - Paternal Origin,Transversion - Purine/Pyrimidine,C>A
25834346,.,TT,TT,TC,67,46,41,NC_000018.10,Mutation NB - Maternal Origin,Transition - Pyrimidine/Pyrimidine,Unsolved
26644882,.,TT,TT,TC,82,73,50,NC_000018.10,Mutation NB - Maternal Origin,Transition - Pyrimidine/Pyrimidine,Unsolved
33899466,.,AA,AA,AT,88,73,53,NC_000018.10,Mutation NB - Maternal Origin,Transversion - Purine/Pyrimidine,Unsolved
36693076,rs479570,TT,TT,TC,73,100,99,NC_000018.10,Mutation NB - Paternal Origin,Transition - Pyrimidine/Pyrimidine,Unsolved
39820929,rs752908,TT,TT,CT,88,79,91,NC_000018.10,Mutation NB - Maternal Origin,Transition - Pyrimidine/Pyrimidine,Unsolved
47049869,rs2060416,CC,GG,GG,91,85,0,NC_000018.10,Mutation NB - Paternal Origin,Transversion - Purine/Pyrimidine,C>G
47601852,rs11663814,CC,CC,CA,76,100,72,NC_000018.10,Mutation NB - Paternal Origin,Transversion - Purine/Pyrimidine,Unsolved
47601854,rs11663791,AA,AA,AG,76,100,72,NC_000018.10,Mutation NB - Paternal Origin,Transition - Purine/Purine,Unsolved
48194710,rs8096699,AA,AA,AG,67,91,92,NC_000018.10,Mutation NB - Paternal Origin,Transition - Purine/Purine,Unsolved
48987698,rs62104030,CC,CT,TT,52,1,27,NC_000018.10,Mutation NB - Paternal Origin,Transition - Pyrimidine/Pyrimidine,C>T
50615287,rs1561261,GG,AA,GG,70,76,15,NC_000018.10,Mutation NB - Maternal Origin,Transition - Purine/Purine,A>G
58297594,rs62096387,TT,TG,GG,91,77,9,NC_000018.10,Mutation NB - Paternal Origin,Transversion - Purine/Pyrimidine,T>G
59759900,rs1788853,TC,TT,CC,1,100,27,NC_000018.10,Mutation NB - Maternal Origin,Transition - Pyrimidine/Pyrimidine,T>C
61321020,rs1874365,TT,TT,CT,76,82,15,NC_000018.10,Mutation NB - Paternal Origin,Transition - Pyrimidine/Pyrimidine,Unsolved
65428296,rs673233,TT,CT,CC,76,1,0,NC_000018.10,Mutation NB - Paternal Origin,Transition - Pyrimidine/Pyrimidine,T>C
70032106,rs8086022,CC,TT,TT,88,88,0,NC_000018.10,Mutation NB - Paternal Origin,Transition - Pyrimidine/Pyrimidine,C>T
70032147,rs55784385,CC,TT,TT,88,85,0,NC_000018.10,Mutation NB - Paternal Origin,Transition - Pyrimidine/Pyrimidine,C>T
71674887,rs9957232,AA,GG,AA,82,91,15,NC_000018.10,Mutation NB - Maternal Origin,Transition - Purine/Purine,G>A
73405864,rs4353546,TC,TT,CC,1,88,9,NC_000018.10,Mutation NB - Maternal Origin,Transition - Pyrimidine/Pyrimidine,T>C
75249582,rs11664048,AA,GG,GG,100,55,42,NC_000018.10,Mutation NB - Paternal Origin,Transition - Purine/Purine,A>G
77111682,.,AA,AA,AT,85,73,51,NC_000018.10,Mutation NB - Maternal Origin,Transversion - Purine/Pyrimidine,Unsolved
77179132,rs11874982,CC,CC,TC,91,73,66,NC_000018.10,Mutation NB - Maternal Origin,Transition - Pyrimidine/Pyrimidine,Unsolved
77210624,rs2850860,CC,TT,TT,79,79,9,NC_000018.10,Mutation NB - Paternal Origin,Transition - Pyrimidine/Pyrimidine,C>T
77609441,rs8091388,AA,GG,AA,88,100,24,NC_000018.10,Mutation NB - Maternal Origin,Transition - Purine/Purine,G>A
77630238,.,TT,TT,TC,91,52,41,NC_000018.10,Mutation NB - Maternal Origin,Transition - Pyrimidine/Pyrimidine,Unsolved
77656461,rs537516740,AA,AA,AG,61,58,56,NC_000018.10,Mutation NB - Maternal Origin,Transition - Purine/Purine,Unsolved
77867272,.,AA,AA,AG,64,70,39,NC_000018.10,Mutation NB - Paternal Origin,Transition - Purine/Purine,Unsolved
78895568,rs12150801,GG,GG,GA,100,73,99,NC_000018.10,Mutation NB - Maternal Origin,Transition - Purine/Purine,Unsolved
78903115,rs78634073,TT,TA,AA,73,1,57,NC_000018.10,Mutation NB - Paternal Origin,Transversion - Purine/Pyrimidine,T>A
78905651,rs3859332,AA,GG,GG,88,82,12,NC_000018.10,Mutation NB - Paternal Origin,Transition - Purine/Purine,A>G
79804166,.,TT,TT,TC,79,79,51,NC_000018.10,Mutation NB - Paternal or Maternal,Transition - Pyrimidine/Pyrimidine,Unsolved
277177,.,AA,AA,AG,76,55,39,NC_000019.10,Mutation NB - Maternal Origin,Transition - Purine/Purine,Unsolved
1022782,rs11085234,AA,AA,GG,85,79,15,NC_000019.10,Mutation NB - Maternal Origin,Transition - Purine/Purine,Unsolved
1066918,rs905149,AA,AA,GA,85,82,98,NC_000019.10,Mutation NB - Maternal Origin,Transition - Purine/Purine,Unsolved
1066929,rs12981369,GG,GG,GT,85,85,98,NC_000019.10,Mutation NB - Paternal or Maternal,Transversion - Purine/Pyrimidine,Unsolved
1340061,rs12052097,AA,AA,AG,64,88,99,NC_000019.10,Mutation NB - Paternal Origin,Transition - Purine/Purine,Unsolved
1417363,.,TT,TT,TC,100,79,44,NC_000019.10,Mutation NB - Maternal Origin,Transition - Pyrimidine/Pyrimidine,Unsolved
1533738,rs10853953,AA,AA,AG,91,82,99,NC_000019.10,Mutation NB - Maternal Origin,Transition - Purine/Purine,Unsolved
1880373,rs11669774,GG,CC,GG,70,85,27,NC_000019.10,Mutation NB - Maternal Origin,Transversion - Purine/Pyrimidine,C>G
2250529,rs8112524,GG,GA,AA,100,1,36,NC_000019.10,Mutation NB - Paternal Origin,Transition - Purine/Purine,G>A
2266833,rs72987408,CC,CC,CA,91,100,99,NC_000019.10,Mutation NB - Paternal Origin,Transversion - Purine/Pyrimidine,Unsolved
2495281,rs72975368,TT,AA,AA,100,70,33,NC_000019.10,Mutation NB - Paternal Origin,Transversion - Purine/Pyrimidine,T>A
2582727,rs73522569,AA,AA,AG,91,100,65,NC_000019.10,Mutation NB - Paternal Origin,Transition - Purine/Purine,Unsolved
2706471,rs9807887,TT,CC,TT,88,100,12,NC_000019.10,Mutation NB - Maternal Origin,Transition - Pyrimidine/Pyrimidine,C>T
2808316,.,AA,AA,AG,91,70,41,NC_000019.10,Mutation NB - Maternal Origin,Transition - Purine/Purine,Unsolved
4216272,rs12459920,AA,GG,GG,91,91,0,NC_000019.10,Mutation NB - Paternal Origin,Transition - Purine/Purine,A>G
4657484,rs8112168,TT,TT,TG,88,91,99,NC_000019.10,Mutation NB - Paternal Origin,Transition - Pyrimidine/Pyrimidine,Transversion - Purine/Pyrimidine,Unsolved
5403051,rs370557731,CC,CC,CT,100,100,84,NC_000019.10,Mutation NB - Paternal or Maternal,Transition - Pyrimidine/Pyrimidine,Unsolved
5717585,.,GG,GG,GT,82,76,41,NC_000019.10,Mutation NB - Maternal Origin,Transversion - Purine/Pyrimidine,Unsolved
5864427,rs72989022,TT,CC,CC,88,70,27,NC_000019.10,Mutation NB - Paternal Origin,Transition - Pyrimidine/Pyrimidine,T>C
7205671,rs774666679,AA,AA,AG,82,91,47,NC_000019.10,Mutation NB - Paternal Origin,Transition - Purine/Purine,Unsolved
7376942,rs74255771,CC,CT,TT,88,67,11,NC_000019.10,Mutation NB - Paternal Origin,Transition - Pyrimidine/Pyrimidine,C>T
8054659,rs150611206,CC,CC,CA,79,100,96,NC_000019.10,Mutation NB - Paternal Origin,Transversion - Purine/Pyrimidine,Unsolved
8101240,.,TT,TT,TC,46,49,47,NC_000019.10,Mutation NB - Paternal Origin,Transition - Pyrimidine/Pyrimidine,Unsolved
8656373,rs113436810,CC,CC,CT,76,100,62,NC_000019.10,Mutation NB - Paternal Origin,Transition - Pyrimidine/Pyrimidine,Unsolved
8847971,rs62118937,TT,TC,CC,88,73,18,NC_000019.10,Mutation NB - Paternal Origin,Transition - Pyrimidine/Pyrimidine,T>C
11138798,rs11668605,CC,CC,GG,79,88,12,NC_000019.10,Mutation NB - Paternal Origin,Transversion - Purine/Pyrimidine,Unsolved
11847626,rs1026251183,TT,TT,TC,85,67,56,NC_000019.10,Mutation NB - Maternal Origin,Transition - Pyrimidine/Pyrimidine,Unsolved
11923627,rs531481159,CC,CC,CT,100,79,99,NC_000019.10,Mutation NB - Maternal Origin,Transition - Pyrimidine/Pyrimidine,Unsolved
12810339,rs748699424,GG,AA,AA,82,61,42,NC_000019.10,Mutation NB - Paternal Origin,Transition - Purine/Purine,G>A
16660195,rs28364716,GG,GG,GA,100,73,53,NC_000019.10,Mutation NB - Maternal Origin,Transition - Purine/Purine,Unsolved
16876674,.,TT,TT,TC,34,49,44,NC_000019.10,Mutation NB - Paternal Origin,Transition - Pyrimidine/Pyrimidine,Unsolved
16907146,.,TT,TT,TA,79,49,49,NC_000019.10,Mutation NB - Maternal Origin,Transition - Pyrimidine/Pyrimidine,Transversion - Purine/Pyrimidine,Unsolved
17700703,rs73013736,CC,GC,GG,85,67,0,NC_000019.10,Mutation NB - Paternal Origin,Transversion - Purine/Pyrimidine,C>G
18260701,rs73523119,GG,AA,GG,91,88,15,NC_000019.10,Mutation NB - Maternal Origin,Transition - Purine/Purine,A>G
18308867,.,AA,AA,AG,73,73,41,NC_000019.10,Mutation NB - Paternal or Maternal,Transition - Purine/Purine,Unsolved
18808604,.,TT,TT,TA,73,91,78,NC_000019.10,Mutation NB - Paternal Origin,Transition - Pyrimidine/Pyrimidine,Transversion - Purine/Pyrimidine,Unsolved
20492169,rs113860085,GA,GG,AA,1,100,15,NC_000019.10,Mutation NB - Maternal Origin,Transition - Purine/Purine,G>A
20492177,rs112580197,GA,GG,AA,1,85,15,NC_000019.10,Mutation NB - Maternal Origin,Transition - Purine/Purine,G>A
21359004,rs2012013,CC,TT,CC,85,100,9,NC_000019.10,Mutation NB - Maternal Origin,Transition - Pyrimidine/Pyrimidine,T>C
21952471,rs1848999,TT,TT,TA,100,100,99,NC_000019.10,Mutation NB - Paternal or Maternal,Transition - Pyrimidine/Pyrimidine,Transversion - Purine/Pyrimidine,Unsolved
21952478,rs1848998,AA,AA,AG,100,100,99,NC_000019.10,Mutation NB - Paternal or Maternal,Transition - Purine/Purine,Unsolved
29019715,rs4805322,AA,GG,AA,88,82,0,NC_000019.10,Mutation NB - Maternal Origin,Transition - Purine/Purine,G>A
29531520,rs12980995,CT,CC,TT,44,82,12,NC_000019.10,Mutation NB - Maternal Origin,Transversion - Purine/Pyrimidine,C>T
30714063,.,AA,AA,AG,64,55,43,NC_000019.10,Mutation NB - Maternal Origin,Transition - Purine/Purine,Unsolved
33413899,.,TT,TT,TC,76,64,47,NC_000019.10,Mutation NB - Maternal Origin,Transition - Pyrimidine/Pyrimidine,Unsolved
33626804,.,TT,TT,TC,79,76,65,NC_000019.10,Mutation NB - Maternal Origin,Transition - Pyrimidine/Pyrimidine,Unsolved
34150751,rs4805994,CC,TT,CC,79,85,9,NC_000019.10,Mutation NB - Maternal Origin,Transition - Pyrimidine/Pyrimidine,T>C
34736386,.,TT,TT,TC,85,61,71,NC_000019.10,Mutation NB - Maternal Origin,Transition - Pyrimidine/Pyrimidine,Unsolved
35401948,rs12608942,AA,AA,AG,100,91,99,NC_000019.10,Mutation NB - Maternal Origin,Transition - Purine/Purine,Unsolved
38203324,rs6508770,AA,GG,GG,91,70,27,NC_000019.10,Mutation NB - Paternal Origin,Transition - Purine/Purine,A>G
40434228,rs73046396,CC,CC,CA,70,79,62,NC_000019.10,Mutation NB - Paternal Origin,Transversion - Purine/Pyrimidine,Unsolved
40434256,rs73046397,AA,AA,AT,70,79,63,NC_000019.10,Mutation NB - Paternal Origin,Transversion - Purine/Pyrimidine,Unsolved
40667975,rs2604901,TT,CT,CC,82,1,0,NC_000019.10,Mutation NB - Paternal Origin,Transition - Pyrimidine/Pyrimidine,T>C
43389433,rs12976609,GG,GC,CC,91,14,15,NC_000019.10,Mutation NB - Paternal Origin,Transversion - Purine/Pyrimidine,G>C
43508346,rs902386768,CC,CC,CT,99,100,59,NC_000019.10,Mutation NB - Paternal Origin,Transition - Pyrimidine/Pyrimidine,Unsolved
45838566,rs17850110,CT,CC,TT,1,58,18,NC_000019.10,Mutation NB - Maternal Origin,Transversion - Purine/Pyrimidine,C>T
48658596,.,AA,AA,AG,88,64,55,NC_000019.10,Mutation NB - Maternal Origin,Transition - Purine/Purine,Unsolved
50293648,rs3745509,AA,GA,GG,91,5,0,NC_000019.10,Mutation NB - Paternal Origin,Transition - Purine/Purine,A>G
53610597,rs11667135,TC,TT,CC,1,70,30,NC_000019.10,Mutation NB - Maternal Origin,Transition - Pyrimidine/Pyrimidine,T>C
57132747,rs866534437,AA,AA,AG,100,100,96,NC_000019.10,Mutation NB - Paternal or Maternal,Transition - Purine/Purine,Unsolved
57132750,rs933243220,CC,CC,CG,91,79,96,NC_000019.10,Mutation NB - Maternal Origin,Transversion - Purine/Pyrimidine,Unsolved
57132754,rs1051659404,AA,AA,AG,100,100,96,NC_000019.10,Mutation NB - Paternal or Maternal,Transition - Purine/Purine,Unsolved
57244974,rs7260474,GG,GG,GA,85,79,99,NC_000019.10,Mutation NB - Maternal Origin,Transition - Purine/Purine,Unsolved
57244983,rs7260263,CC,CC,CT,85,79,99,NC_000019.10,Mutation NB - Maternal Origin,Transition - Pyrimidine/Pyrimidine,Unsolved
57435623,.,CC,CC,CT,91,64,57,NC_000019.10,Mutation NB - Maternal Origin,Transition - Pyrimidine/Pyrimidine,Unsolved
57809457,.,AA,AA,AT,64,46,59,NC_000019.10,Mutation NB - Maternal Origin,Transversion - Purine/Pyrimidine,Unsolved
263776,rs433918,GA,AA,GG,1,64,0,NC_000020.11,Mutation NB - Maternal Origin,Transition - Purine/Purine,A>G
904771,rs6055747,CT,CC,TT,32,82,9,NC_000020.11,Mutation NB - Maternal Origin,Transversion - Purine/Pyrimidine,C>T
911917,rs35093728,TT,GG,GG,98,79,24,NC_000020.11,Mutation NB - Paternal Origin,Transversion - Purine/Pyrimidine,T>G
2113407,rs948097006,AA,AA,AG,85,100,99,NC_000020.11,Mutation NB - Paternal Origin,Transition - Purine/Purine,Unsolved
3370430,.,AA,AA,AG,79,79,44,NC_000020.11,Mutation NB - Paternal or Maternal,Transition - Purine/Purine,Unsolved
4068582,rs4815637,GG,GG,GC,85,100,99,NC_000020.11,Mutation NB - Paternal Origin,Transition - Purine/Purine,Transversion - Purine/Pyrimidine,Unsolved
4068583,rs4815638,GG,GG,GA,85,100,99,NC_000020.11,Mutation NB - Paternal Origin,Transition - Purine/Purine,Unsolved
4068612,rs4815639,GG,GG,GA,85,100,99,NC_000020.11,Mutation NB - Paternal Origin,Transition - Purine/Purine,Unsolved
4165890,rs6139342,CC,GG,GG,100,91,12,NC_000020.11,Mutation NB - Paternal Origin,Transversion - Purine/Pyrimidine,C>G
4687304,rs1894284,GG,CC,GG,76,82,0,NC_000020.11,Mutation NB - Maternal Origin,Transversion - Purine/Pyrimidine,C>G
5014502,rs6116611,AA,GG,GG,88,73,9,NC_000020.11,Mutation NB - Paternal Origin,Transition - Purine/Purine,A>G
6881642,rs1883719,CC,AA,AA,100,79,18,NC_000020.11,Mutation NB - Paternal Origin,Transversion - Purine/Pyrimidine,C>A
8207690,rs2205790,CC,TT,CC,85,82,0,NC_000020.11,Mutation NB - Maternal Origin,Transition - Pyrimidine/Pyrimidine,T>C
12858146,rs662974,TT,TC,CC,82,35,9,NC_000020.11,Mutation NB - Paternal Origin,Transition - Pyrimidine/Pyrimidine,T>C
13386138,rs6042061,CC,CC,CT,76,100,23,NC_000020.11,Mutation NB - Paternal Origin,Transition - Pyrimidine/Pyrimidine,Unsolved
13840113,.,TT,TT,TC,79,13,63,NC_000020.11,Mutation NB - Maternal Origin,Transition - Pyrimidine/Pyrimidine,Unsolved
16554065,rs2070760789,TT,TT,TC,82,70,65,NC_000020.11,Mutation NB - Maternal Origin,Transition - Pyrimidine/Pyrimidine,Unsolved
18153203,rs6045218,CT,CC,TT,29,91,24,NC_000020.11,Mutation NB - Maternal Origin,Transversion - Purine/Pyrimidine,C>T
18904266,rs1474759,AA,GG,AA,85,88,0,NC_000020.11,Mutation NB - Maternal Origin,Transition - Purine/Purine,G>A
22494412,rs16984013,CC,CC,CT,100,76,99,NC_000020.11,Mutation NB - Maternal Origin,Transition - Pyrimidine/Pyrimidine,Unsolved
24597670,.,AA,AA,AG,61,58,53,NC_000020.11,Mutation NB - Maternal Origin,Transition - Purine/Purine,Unsolved
24648012,rs79362817,GG,GG,GT,82,79,30,NC_000020.11,Mutation NB - Maternal Origin,Transversion - Purine/Pyrimidine,Unsolved
24790331,rs226674,CC,TT,CC,100,88,0,NC_000020.11,Mutation NB - Maternal Origin,Transition - Pyrimidine/Pyrimidine,T>C
31935660,rs77701891,AA,GG,GG,79,88,0,NC_000020.11,Mutation NB - Paternal Origin,Transition - Purine/Purine,A>G
32673785,.,CC,CC,CT,76,55,83,NC_000020.11,Mutation NB - Maternal Origin,Transition - Pyrimidine/Pyrimidine,Unsolved
39423281,rs59494972,GG,GG,GA,91,100,68,NC_000020.11,Mutation NB - Paternal Origin,Transition - Purine/Purine,Unsolved
40770092,.,TT,TT,TC,49,61,48,NC_000020.11,Mutation NB - Paternal Origin,Transition - Pyrimidine/Pyrimidine,Unsolved
40875209,rs1884103,TG,TT,GG,1,88,9,NC_000020.11,Mutation NB - Maternal Origin,Transversion - Purine/Pyrimidine,T>G
43668771,rs285201,TT,CT,CC,91,1,36,NC_000020.11,Mutation NB - Paternal Origin,Transition - Pyrimidine/Pyrimidine,T>C
43721208,rs285184,AA,GA,GG,82,1,0,NC_000020.11,Mutation NB - Paternal Origin,Transition - Purine/Purine,A>G
44226257,.,TT,TT,TC,61,70,44,NC_000020.11,Mutation NB - Paternal Origin,Transition - Pyrimidine/Pyrimidine,Unsolved
44226282,.,AA,AA,AG,64,70,44,NC_000020.11,Mutation NB - Paternal Origin,Transition - Purine/Purine,Unsolved
46754236,rs11086180,AA,TT,AA,82,91,24,NC_000020.11,Mutation NB - Maternal Origin,Transversion - Purine/Pyrimidine,T>A
48027316,rs6066587,CC,CC,CG,100,46,99,NC_000020.11,Mutation NB - Maternal Origin,Transversion - Purine/Pyrimidine,Unsolved
48472843,rs4810799,GG,AA,AA,91,100,9,NC_000020.11,Mutation NB - Paternal Origin,Transition - Purine/Purine,G>A
49411634,rs6095508,AA,GG,GG,89,76,24,NC_000020.11,Mutation NB - Paternal Origin,Transition - Purine/Purine,A>G
50345901,rs4809779,AA,AA,AG,100,91,98,NC_000020.11,Mutation NB - Maternal Origin,Transition - Purine/Purine,Unsolved
51312607,.,CC,CC,CT,100,76,52,NC_000020.11,Mutation NB - Maternal Origin,Transition - Pyrimidine/Pyrimidine,Unsolved
54173466,rs61749689,CC,AA,CC,82,67,0,NC_000020.11,Mutation NB - Maternal Origin,Transversion - Purine/Pyrimidine,A>C
54307621,.,AA,AA,AG,70,76,44,NC_000020.11,Mutation NB - Paternal Origin,Transition - Purine/Purine,Unsolved
56272432,rs2148215,GG,AG,AA,82,35,0,NC_000020.11,Mutation NB - Paternal Origin,Transition - Purine/Purine,G>A
57132353,rs7272946,TT,CC,CC,82,88,15,NC_000020.11,Mutation NB - Paternal Origin,Transition - Pyrimidine/Pyrimidine,T>C
57405659,rs432658,CC,CC,TC,64,52,9,NC_000020.11,Mutation NB - Maternal Origin,Transition - Pyrimidine/Pyrimidine,Unsolved
58073368,.,AA,AA,AG,82,61,59,NC_000020.11,Mutation NB - Maternal Origin,Transition - Purine/Purine,Unsolved
59453339,.,TT,TT,TC,88,88,62,NC_000020.11,Mutation NB - Paternal or Maternal,Transition - Pyrimidine/Pyrimidine,Unsolved
60481351,rs348789,TT,TT,AT,88,82,99,NC_000020.11,Mutation NB - Maternal Origin,Transition - Pyrimidine/Pyrimidine,Transversion - Purine/Pyrimidine,Unsolved
61211194,rs1857198,CC,CC,CT,100,79,99,NC_000020.11,Mutation NB - Maternal Origin,Transition - Pyrimidine/Pyrimidine,Unsolved
61590580,rs2253525,GG,GA,AA,91,1,54,NC_000020.11,Mutation NB - Paternal Origin,Transition - Purine/Purine,G>A
61642576,rs6061691,CC,CC,CA,85,52,99,NC_000020.11,Mutation NB - Maternal Origin,Transversion - Purine/Pyrimidine,Unsolved
61642581,rs2427218,TT,CC,CC,85,70,48,NC_000020.11,Mutation NB - Paternal Origin,Transition - Pyrimidine/Pyrimidine,T>C
61819491,rs1418795,AA,GA,GG,88,38,9,NC_000020.11,Mutation NB - Paternal Origin,Transition - Purine/Purine,A>G
62322795,.,CC,CC,CT,91,73,52,NC_000020.11,Mutation NB - Maternal Origin,Transition - Pyrimidine/Pyrimidine,Unsolved
62580053,rs11696778,TT,CC,CC,85,82,15,NC_000020.11,Mutation NB - Paternal Origin,Transition - Pyrimidine/Pyrimidine,T>C
62580065,rs11696776,TT,GG,GG,85,82,15,NC_000020.11,Mutation NB - Paternal Origin,Transversion - Purine/Pyrimidine,T>G
62776867,rs11086131,GG,GG,GA,88,100,99,NC_000020.11,Mutation NB - Paternal Origin,Transition - Purine/Purine,Unsolved
62836093,rs6011413,CC,CC,CT,100,52,99,NC_000020.11,Mutation NB - Maternal Origin,Transition - Pyrimidine/Pyrimidine,Unsolved
17369438,rs9981375,TT,TT,AA,79,100,27,NC_000021.9,Mutation NB - Paternal Origin,Transition - Purine/Purine,Transversion - Purine/Pyrimidine,Unsolved
17369460,rs9977838,GG,GG,AA,82,100,27,NC_000021.9,Mutation NB - Paternal Origin,Transition - Purine/Purine,Unsolved
17369481,rs117145030,TT,AA,AA,91,82,27,NC_000021.9,Mutation NB - Paternal Origin,Transversion - Purine/Pyrimidine,T>A
17369553,rs9978970,AA,AC,CC,100,76,21,NC_000021.9,Mutation NB - Paternal Origin,Transversion - Purine/Pyrimidine,A>C
17874087,rs719637,AG,GG,AA,67,76,0,NC_000021.9,Mutation NB - Maternal Origin,Transition - Purine/Purine,G>A
18927824,rs406034,CC,TC,TT,82,1,0,NC_000021.9,Mutation NB - Paternal Origin,Transition - Pyrimidine/Pyrimidine,C>T
19176896,.,AA,AA,AG,91,88,53,NC_000021.9,Mutation NB - Maternal Origin,Transition - Purine/Purine,Unsolved
19854073,rs35179353,CC,CT,TT,100,1,36,NC_000021.9,Mutation NB - Paternal Origin,Transition - Pyrimidine/Pyrimidine,C>T
23835351,rs207458,CC,TT,TT,100,64,36,NC_000021.9,Mutation NB - Paternal Origin,Transition - Pyrimidine/Pyrimidine,C>T
25707872,rs34851281,GT,GG,TT,67,100,18,NC_000021.9,Mutation NB - Maternal Origin,Transversion - Purine/Pyrimidine,G>T
26291826,rs11702642,TT,CC,CC,91,79,24,NC_000021.9,Mutation NB - Paternal Origin,Transition - Pyrimidine/Pyrimidine,T>C
26420430,rs4817114,GT,GG,TT,67,64,12,NC_000021.9,Mutation NB - Maternal Origin,Transversion - Purine/Pyrimidine,G>T
26420443,rs4817115,AG,AA,GG,67,64,12,NC_000021.9,Mutation NB - Maternal Origin,Transition - Purine/Purine,A>G
27884666,rs11911027,AA,GG,GG,91,55,15,NC_000021.9,Mutation NB - Paternal Origin,Transition - Purine/Purine,A>G
28018473,.,GG,GG,GA,40,40,53,NC_000021.9,Mutation NB - Paternal or Maternal,Transition - Purine/Purine,Unsolved
30528463,rs2832935,GG,GG,CG,91,88,59,NC_000021.9,Mutation NB - Maternal Origin,Transition - Purine/Purine,Transversion - Purine/Pyrimidine,Unsolved
32093954,rs762167,TT,TT,TC,100,70,99,NC_000021.9,Mutation NB - Maternal Origin,Transition - Pyrimidine/Pyrimidine,Unsolved
33134427,rs933121,AA,TA,TT,91,38,33,NC_000021.9,Mutation NB - Paternal Origin,Transversion - Purine/Pyrimidine,A>T
33134458,rs933122,TT,AT,AA,91,38,33,NC_000021.9,Mutation NB - Paternal Origin,Transversion - Purine/Pyrimidine,T>A
33987634,rs2834323,GG,AA,AA,91,70,0,NC_000021.9,Mutation NB - Paternal Origin,Transition - Purine/Purine,G>A
35682098,rs737406,CC,CC,CG,88,58,99,NC_000021.9,Mutation NB - Maternal Origin,Transversion - Purine/Pyrimidine,Unsolved
38838592,rs1534825,AA,GG,GG,91,82,9,NC_000021.9,Mutation NB - Paternal Origin,Transition - Purine/Purine,A>G
39243062,rs2150414,GG,AA,AA,91,100,0,NC_000021.9,Mutation NB - Paternal Origin,Transition - Purine/Purine,G>A
39757059,rs187868813,GG,GG,AA,100,73,9,NC_000021.9,Mutation NB - Maternal Origin,Transition - Purine/Purine,Unsolved
40862850,rs760128,GG,AA,GG,85,88,9,NC_000021.9,Mutation NB - Maternal Origin,Transition - Purine/Purine,A>G
41122880,rs10854410,CG,CC,GG,2,100,18,NC_000021.9,Mutation NB - Maternal Origin,Transversion - Purine/Pyrimidine,C>G
41215340,.,AA,AA,AT,85,67,53,NC_000021.9,Mutation NB - Maternal Origin,Transversion - Purine/Pyrimidine,Unsolved
41942094,rs59312488,GG,GG,GA,100,82,75,NC_000021.9,Mutation NB - Maternal Origin,Transition - Purine/Purine,Unsolved
41942095,rs56908131,TT,TT,TC,100,82,75,NC_000021.9,Mutation NB - Maternal Origin,Transition - Pyrimidine/Pyrimidine,Unsolved
42151308,rs220184,AA,GG,GG,100,91,15,NC_000021.9,Mutation NB - Paternal Origin,Transition - Purine/Purine,A>G
43346938,rs377539150,GG,GG,GA,79,58,47,NC_000021.9,Mutation NB - Maternal Origin,Transition - Purine/Purine,Unsolved
43363629,rs621371,AA,TA,TT,79,70,0,NC_000021.9,Mutation NB - Paternal Origin,Transversion - Purine/Pyrimidine,A>T
44655306,rs4818953,GG,GG,AG,79,67,99,NC_000021.9,Mutation NB - Maternal Origin,Transition - Purine/Purine,Unsolved
44955439,rs17313439,AG,GG,AA,1,79,24,NC_000021.9,Mutation NB - Maternal Origin,Transition - Purine/Purine,G>A
45104298,rs79843819,CC,CC,CT,88,70,92,NC_000021.9,Mutation NB - Maternal Origin,Transition - Pyrimidine/Pyrimidine,Unsolved
45244989,rs2838832,GG,AA,GG,88,73,0,NC_000021.9,Mutation NB - Maternal Origin,Transition - Purine/Purine,A>G
45245040,rs4819046,CC,TT,CC,88,73,0,NC_000021.9,Mutation NB - Maternal Origin,Transition - Pyrimidine/Pyrimidine,T>C
45911410,rs1323546880,AA,AA,AG,100,77,46,NC_000021.9,Mutation NB - Maternal Origin,Transition - Purine/Purine,Unsolved
10955459,rs1478086743,AA,AA,AG,70,100,32,NC_000022.11,Mutation NB - Paternal Origin,Transition - Purine/Purine,Unsolved
17754037,rs2011409,GG,GG,GA,76,100,99,NC_000022.11,Mutation NB - Paternal Origin,Transition - Purine/Purine,Unsolved
19803411,rs12161065,CC,CC,CT,85,85,56,NC_000022.11,Mutation NB - Paternal or Maternal,Transition - Pyrimidine/Pyrimidine,Unsolved
19871211,rs56291622,CC,CC,CT,88,100,99,NC_000022.11,Mutation NB - Paternal Origin,Transition - Pyrimidine/Pyrimidine,Unsolved
20612440,rs6003459,AA,AA,AG,91,100,30,NC_000022.11,Mutation NB - Paternal Origin,Transition - Purine/Purine,Unsolved
20887566,rs165877,TT,CC,TT,37,91,0,NC_000022.11,Mutation NB - Maternal Origin,Transition - Pyrimidine/Pyrimidine,C>T
25052637,rs742169,GG,AA,AA,91,73,9,NC_000022.11,Mutation NB - Paternal Origin,Transition - Purine/Purine,G>A
25052779,rs2013477,CC,TT,TT,91,91,0,NC_000022.11,Mutation NB - Paternal Origin,Transition - Pyrimidine/Pyrimidine,C>T
25980278,.,AA,AA,AG,88,88,62,NC_000022.11,Mutation NB - Paternal or Maternal,Transition - Purine/Purine,Unsolved
26499469,.,GG,GG,GA,73,77,45,NC_000022.11,Mutation NB - Paternal Origin,Transition - Purine/Purine,Unsolved
27746906,.,TT,TT,TC,91,58,45,NC_000022.11,Mutation NB - Maternal Origin,Transition - Pyrimidine/Pyrimidine,Unsolved
27973229,rs36060887,GG,GG,GA,100,82,94,NC_000022.11,Mutation NB - Maternal Origin,Transition - Purine/Purine,Unsolved
28247896,rs738995,CC,GC,GG,91,67,12,NC_000022.11,Mutation NB - Paternal Origin,Transversion - Purine/Pyrimidine,C>G
29512165,rs2007668,GG,TT,TT,91,79,27,NC_000022.11,Mutation NB - Paternal Origin,Transversion - Purine/Pyrimidine,G>T
30380430,rs757870,TT,CC,CC,100,79,24,NC_000022.11,Mutation NB - Paternal Origin,Transition - Pyrimidine/Pyrimidine,T>C
31719983,rs740227,GG,GG,GA,91,91,97,NC_000022.11,Mutation NB - Paternal or Maternal,Transition - Purine/Purine,Unsolved
34899114,rs137222,CC,CC,CT,100,76,56,NC_000022.11,Mutation NB - Maternal Origin,Transition - Pyrimidine/Pyrimidine,Unsolved
35318078,.,TT,TT,TC,76,76,53,NC_000022.11,Mutation NB - Paternal or Maternal,Transition - Pyrimidine/Pyrimidine,Unsolved
36653632,.,TT,TT,TA,76,91,43,NC_000022.11,Mutation NB - Paternal Origin,Transition - Pyrimidine/Pyrimidine,Transversion - Purine/Pyrimidine,Unsolved
37141474,rs228966,TT,CC,TT,73,79,0,NC_000022.11,Mutation NB - Maternal Origin,Transition - Pyrimidine/Pyrimidine,C>T
38055073,rs8142185,CC,AA,AA,85,70,13,NC_000022.11,Mutation NB - Paternal Origin,Transversion - Purine/Pyrimidine,C>A
38698614,rs5750671,AA,CC,AA,82,85,9,NC_000022.11,Mutation NB - Maternal Origin,Transversion - Purine/Pyrimidine,C>A
39590140,.,TT,TT,TC,91,85,62,NC_000022.11,Mutation NB - Maternal Origin,Transition - Pyrimidine/Pyrimidine,Unsolved
41055181,rs8138132,CC,AA,AA,91,85,15,NC_000022.11,Mutation NB - Paternal Origin,Transversion - Purine/Pyrimidine,C>A
41055214,rs7287837,CC,TT,CC,91,92,15,NC_000022.11,Mutation NB - Maternal Origin,Transition - Pyrimidine/Pyrimidine,T>C
41800902,rs1569351499,TT,TT,TC,70,52,53,NC_000022.11,Mutation NB - Maternal Origin,Transition - Pyrimidine/Pyrimidine,Unsolved
42971310,rs1807572,CC,GG,GG,100,76,9,NC_000022.11,Mutation NB - Paternal Origin,Transversion - Purine/Pyrimidine,C>G
43471297,rs8142313,CC,CG,GG,100,1,27,NC_000022.11,Mutation NB - Paternal Origin,Transversion - Purine/Pyrimidine,C>G
44383506,rs135901,AA,TT,AA,76,100,36,NC_000022.11,Mutation NB - Maternal Origin,Transversion - Purine/Pyrimidine,T>A
45918228,rs73175043,GG,AA,AA,67,70,0,NC_000022.11,Mutation NB - Paternal Origin,Transition - Purine/Purine,G>A
46006556,rs28491012,TT,AA,TT,100,88,0,NC_000022.11,Mutation NB - Maternal Origin,Transversion - Purine/Pyrimidine,A>T
47847705,.,TT,TT,TC,73,73,59,NC_000022.11,Mutation NB - Paternal or Maternal,Transition - Pyrimidine/Pyrimidine,Unsolved
48089370,.,TT,TT,TC,55,34,41,NC_000022.11,Mutation NB - Maternal Origin,Transition - Pyrimidine/Pyrimidine,Unsolved
48554918,rs133465,GG,GG,GT,100,82,99,NC_000022.11,Mutation NB - Maternal Origin,Transversion - Purine/Pyrimidine,Unsolved
49108031,rs13057443,CC,TT,TT,85,85,0,NC_000022.11,Mutation NB - Paternal Origin,Transition - Pyrimidine/Pyrimidine,C>T
49150106,rs111375471,AA,GG,AA,88,100,15,NC_000022.11,Mutation NB - Maternal Origin,Transition - Purine/Purine,G>A
49304954,.,AA,AA,AG,70,70,56,NC_000022.11,Mutation NB - Paternal or Maternal,Transition - Purine/Purine,Unsolved
49459429,rs1380679531,TT,TT,TC,79,61,47,NC_000022.11,Mutation NB - Maternal Origin,Transition - Pyrimidine/Pyrimidine,Unsolved
50015366,rs113243952,CT,CC,TT,32,85,12,NC_000022.11,Mutation NB - Maternal Origin,Transversion - Purine/Pyrimidine,C>T
50059960,rs35730155,CA,AA,CC,1,76,24,NC_000022.11,Mutation NB - Maternal Origin,A>C
50171925,rs62239297,TT,GG,GG,91,82,18,NC_000022.11,Mutation NB - Paternal Origin,Transversion - Purine/Pyrimidine,T>G
50197657,rs117073176,CC,CC,CA,82,64,99,NC_000022.11,Mutation NB - Maternal Origin,Transversion - Purine/Pyrimidine,Unsolved
50197668,rs115013776,GG,GG,GA,82,67,99,NC_000022.11,Mutation NB - Maternal Origin,Transition - Purine/Purine,Unsolved
50388409,rs12159606,TT,TT,TA,100,73,81,NC_000022.11,Mutation NB - Maternal Origin,Transition - Pyrimidine/Pyrimidine,Transversion - Purine/Pyrimidine,Unsolved
