898676,rs28482280,AA,AA,AC,100,88,99,NC_000001.11,Mutation NB - Maternal Origin,Transversion - Purine/Pyrimidine,Unsolved
973858,rs3829740,CC,GG,CC,79,100,36,NC_000001.11,Mutation NB - Maternal Origin,Transversion - Purine/Pyrimidine,G>C
1124794,rs7548798,CC,CC,CT,91,100,75,NC_000001.11,Mutation NB - Paternal Origin,Transition - Pyrimidine/Pyrimidine,Unsolved
1971434,rs7366028,CC,TT,CC,73,70,0,NC_000001.11,Mutation NB - Maternal Origin,Transition - Pyrimidine/Pyrimidine,T>C
2897324,rs1467948041,TT,TT,TA,100,67,59,NC_000001.11,Mutation NB - Maternal Origin,Transition - Pyrimidine/Pyrimidine,Transversion - Purine/Pyrimidine,Unsolved
3229627,rs10157102,AA,AT,TT,88,38,12,NC_000001.11,Mutation NB - Paternal Origin,Transversion - Purine/Pyrimidine,A>T
3496429,rs74050557,AA,GG,GG,79,79,0,NC_000001.11,Mutation NB - Paternal Origin,Transition - Purine/Purine,A>G
3731398,rs1745813,TT,CC,TT,73,64,0,NC_000001.11,Mutation NB - Maternal Origin,Transition - Pyrimidine/Pyrimidine,C>T
3762913,rs6699377,GT,GG,TT,1,79,15,NC_000001.11,Mutation NB - Maternal Origin,Transversion - Purine/Pyrimidine,G>T
3762950,rs6699385,GC,GG,CC,3,73,15,NC_000001.11,Mutation NB - Maternal Origin,Transversion - Purine/Pyrimidine,G>C
3943923,rs72849392,GG,GG,GA,88,79,99,NC_000001.11,Mutation NB - Maternal Origin,Transition - Purine/Purine,Unsolved
4053760,rs112463927,TT,TT,TC,100,73,95,NC_000001.11,Mutation NB - Maternal Origin,Transition - Pyrimidine/Pyrimidine,Unsolved
4148858,rs9426495,AA,GG,GG,52,58,0,NC_000001.11,Mutation NB - Paternal Origin,Transition - Purine/Purine,A>G
4148877,rs9426472,CC,GG,GG,67,58,0,NC_000001.11,Mutation NB - Paternal Origin,Transversion - Purine/Pyrimidine,C>G
4281295,rs7536866,AA,GG,GG,91,100,0,NC_000001.11,Mutation NB - Paternal Origin,Transition - Purine/Purine,A>G
5171786,.,GG,GG,GA,85,55,47,NC_000001.11,Mutation NB - Maternal Origin,Transition - Purine/Purine,Unsolved
5798306,rs7532649,AA,GG,AA,100,82,0,NC_000001.11,Mutation NB - Maternal Origin,Transition - Purine/Purine,G>A
6345225,rs3789478,GG,GG,GA,100,79,95,NC_000001.11,Mutation NB - Maternal Origin,Transition - Purine/Purine,Unsolved
6351977,rs3789474,CC,CC,CT,88,91,21,NC_000001.11,Mutation NB - Paternal Origin,Transition - Pyrimidine/Pyrimidine,Unsolved
7048565,rs78446691,CC,CC,CT,100,73,99,NC_000001.11,Mutation NB - Maternal Origin,Transition - Pyrimidine/Pyrimidine,Unsolved
7679721,rs61205571,GG,CC,GG,100,70,0,NC_000001.11,Mutation NB - Maternal Origin,Transversion - Purine/Pyrimidine,C>G
8313520,rs75597554,TT,TT,TG,100,85,99,NC_000001.11,Mutation NB - Maternal Origin,Transition - Pyrimidine/Pyrimidine,Transversion - Purine/Pyrimidine,Unsolved
8349612,rs10864351,CC,AA,CC,82,70,0,NC_000001.11,Mutation NB - Maternal Origin,Transversion - Purine/Pyrimidine,A>C
8349644,rs80184934,GG,GG,GA,100,76,84,NC_000001.11,Mutation NB - Maternal Origin,Transition - Purine/Purine,Unsolved
9306793,rs581587,TC,CC,TT,67,85,9,NC_000001.11,Mutation NB - Maternal Origin,Transversion - Purine/Pyrimidine,C>T
11379531,rs2788557,AA,GG,AA,91,88,0,NC_000001.11,Mutation NB - Maternal Origin,Transition - Purine/Purine,G>A
11379552,rs2982367,GG,AA,GG,91,88,0,NC_000001.11,Mutation NB - Maternal Origin,Transition - Purine/Purine,A>G
12554818,rs3924048,GG,AA,AA,79,58,0,NC_000001.11,Mutation NB - Paternal Origin,Transition - Purine/Purine,G>A
15064002,rs72868393,TC,TT,CC,41,82,9,NC_000001.11,Mutation NB - Maternal Origin,Transition - Pyrimidine/Pyrimidine,T>C
15272573,rs56987602,AA,GG,AA,64,100,18,NC_000001.11,Mutation NB - Maternal Origin,Transition - Purine/Purine,G>A
15716662,rs2280115,GG,GG,GA,100,76,95,NC_000001.11,Mutation NB - Maternal Origin,Transition - Purine/Purine,Unsolved
15728544,rs12724755,CC,CC,CT,100,67,65,NC_000001.11,Mutation NB - Maternal Origin,Transition - Pyrimidine/Pyrimidine,Unsolved
16446579,rs12130061,TT,TT,TC,100,76,82,NC_000001.11,Mutation NB - Maternal Origin,Transition - Pyrimidine/Pyrimidine,Unsolved
16486571,rs2165678,CC,CT,TT,100,1,33,NC_000001.11,Mutation NB - Paternal Origin,Transition - Pyrimidine/Pyrimidine,C>T
17149434,.,GG,GG,GA,73,82,57,NC_000001.11,Mutation NB - Paternal Origin,Transition - Purine/Purine,Unsolved
18227506,rs1341304,GG,GG,GC,73,100,65,NC_000001.11,Mutation NB - Paternal Origin,Transition - Purine/Purine,Transversion - Purine/Pyrimidine,Unsolved
18333801,rs558986,GG,AG,AA,88,1,0,NC_000001.11,Mutation NB - Paternal Origin,Transition - Purine/Purine,G>A
18410879,rs2086508670,TT,TT,TC,91,64,65,NC_000001.11,Mutation NB - Maternal Origin,Transition - Pyrimidine/Pyrimidine,Unsolved
19967410,.,TT,TT,TC,61,67,47,NC_000001.11,Mutation NB - Paternal Origin,Transition - Pyrimidine/Pyrimidine,Unsolved
21540071,rs7547128,AA,GG,AA,88,85,24,NC_000001.11,Mutation NB - Maternal Origin,Transition - Purine/Purine,G>A
21565986,rs12025623,TT,CC,CC,76,85,0,NC_000001.11,Mutation NB - Paternal Origin,Transition - Pyrimidine/Pyrimidine,T>C
21814713,rs10917051,CC,AC,AA,82,1,0,NC_000001.11,Mutation NB - Paternal Origin,Transversion - Purine/Pyrimidine,C>A
22249425,rs875977,TT,CT,CC,88,1,12,NC_000001.11,Mutation NB - Paternal Origin,Transition - Pyrimidine/Pyrimidine,T>C
22596077,.,CC,CC,CT,82,70,40,NC_000001.11,Mutation NB - Maternal Origin,Transition - Pyrimidine/Pyrimidine,Unsolved
24136927,rs7418238,AA,AA,GG,100,79,15,NC_000001.11,Mutation NB - Maternal Origin,Transition - Purine/Purine,Unsolved
24730762,rs139414532,GG,AA,GG,91,88,18,NC_000001.11,Mutation NB - Maternal Origin,Transition - Purine/Purine,A>G
25467449,.,TT,TT,TC,88,55,41,NC_000001.11,Mutation NB - Maternal Origin,Transition - Pyrimidine/Pyrimidine,Unsolved
28835586,.,AA,AA,AG,85,64,62,NC_000001.11,Mutation NB - Maternal Origin,Transition - Purine/Purine,Unsolved
29134247,rs755294,TT,TT,CC,92,88,0,NC_000001.11,Mutation NB - Maternal Origin,Transition - Pyrimidine/Pyrimidine,Unsolved
29670447,rs10915111,GT,GG,TT,2,100,45,NC_000001.11,Mutation NB - Maternal Origin,Transversion - Purine/Pyrimidine,G>T
29670549,rs12405641,CC,CC,TT,91,100,12,NC_000001.11,Mutation NB - Paternal Origin,Transition - Pyrimidine/Pyrimidine,Unsolved
29708570,rs9729733,GC,GG,CC,1,58,9,NC_000001.11,Mutation NB - Maternal Origin,Transversion - Purine/Pyrimidine,G>C
29845906,rs10798897,GG,AA,AA,85,82,9,NC_000001.11,Mutation NB - Paternal Origin,Transition - Purine/Purine,G>A
30708041,rs76033095,GG,GA,AA,82,38,9,NC_000001.11,Mutation NB - Paternal Origin,Transition - Purine/Purine,G>A
31010822,.,AA,AA,AG,88,70,59,NC_000001.11,Mutation NB - Maternal Origin,Transition - Purine/Purine,Unsolved
31542071,rs6425766,GG,GG,GA,100,73,63,NC_000001.11,Mutation NB - Maternal Origin,Transition - Purine/Purine,Unsolved
31744659,.,AA,AA,AG,91,64,50,NC_000001.11,Mutation NB - Maternal Origin,Transition - Purine/Purine,Unsolved
31827475,rs12749138,CC,TT,TT,67,88,0,NC_000001.11,Mutation NB - Paternal Origin,Transition - Pyrimidine/Pyrimidine,C>T
32700855,rs786301,GG,AA,AA,100,70,21,NC_000001.11,Mutation NB - Paternal Origin,Transition - Purine/Purine,G>A
33369414,rs963027553,AA,AA,AG,67,55,41,NC_000001.11,Mutation NB - Maternal Origin,Transition - Purine/Purine,Unsolved
33983048,rs57053137,TT,CC,CC,85,70,33,NC_000001.11,Mutation NB - Paternal Origin,Transition - Pyrimidine/Pyrimidine,T>C
34405347,rs10799055,GG,AA,AA,88,100,0,NC_000001.11,Mutation NB - Paternal Origin,Transition - Purine/Purine,G>A
34968965,.,TT,TT,TC,91,70,62,NC_000001.11,Mutation NB - Maternal Origin,Transition - Pyrimidine/Pyrimidine,Unsolved
35208630,.,AA,AA,AG,73,64,44,NC_000001.11,Mutation NB - Maternal Origin,Transition - Purine/Purine,Unsolved
39775466,rs2991272,AA,AA,AG,73,70,99,NC_000001.11,Mutation NB - Maternal Origin,Transition - Purine/Purine,Unsolved
39775486,rs2780925,CC,CC,CT,73,70,99,NC_000001.11,Mutation NB - Maternal Origin,Transition - Pyrimidine/Pyrimidine,Unsolved
41548263,rs12409819,CC,TT,TT,85,76,36,NC_000001.11,Mutation NB - Paternal Origin,Transition - Pyrimidine/Pyrimidine,C>T
44219467,rs1229356489,GG,GG,GA,88,61,89,NC_000001.11,Mutation NB - Maternal Origin,Transition - Purine/Purine,Unsolved
47491409,rs17379854,GG,AA,GG,79,64,0,NC_000001.11,Mutation NB - Maternal Origin,Transition - Purine/Purine,A>G
54003447,rs635059,GG,GG,GC,100,58,99,NC_000001.11,Mutation NB - Maternal Origin,Transition - Purine/Purine,Transversion - Purine/Pyrimidine,Unsolved
54144016,rs33981514,AA,GG,AA,91,76,0,NC_000001.11,Mutation NB - Maternal Origin,Transition - Purine/Purine,G>A
54324309,.,AA,AA,AG,73,64,50,NC_000001.11,Mutation NB - Maternal Origin,Transition - Purine/Purine,Unsolved
54325024,.,TT,TT,TC,88,82,59,NC_000001.11,Mutation NB - Maternal Origin,Transition - Pyrimidine/Pyrimidine,Unsolved
54743850,rs6703415,AT,AA,TT,1,70,15,NC_000001.11,Mutation NB - Maternal Origin,Transversion - Purine/Pyrimidine,A>T
56551239,rs10493211,AA,AA,AC,100,88,67,NC_000001.11,Mutation NB - Maternal Origin,Transversion - Purine/Pyrimidine,Unsolved
57623625,.,CC,CC,CT,55,46,99,NC_000001.11,Mutation NB - Maternal Origin,Transition - Pyrimidine/Pyrimidine,Unsolved
58372117,rs4912337,GG,TT,GG,88,79,0,NC_000001.11,Mutation NB - Maternal Origin,Transition - Purine/Purine,Transversion - Purine/Pyrimidine,T>G
60778014,rs428490,CC,CC,CT,85,82,99,NC_000001.11,Mutation NB - Maternal Origin,Transition - Pyrimidine/Pyrimidine,Unsolved
64329502,rs74079961,AA,AA,AC,100,100,59,NC_000001.11,Mutation NB - Paternal or Maternal,Transversion - Purine/Pyrimidine,Unsolved
64854692,rs1655811246,AA,AA,AG,76,70,47,NC_000001.11,Mutation NB - Maternal Origin,Transition - Purine/Purine,Unsolved
65091749,rs6663598,TT,TT,TC,76,70,99,NC_000001.11,Mutation NB - Maternal Origin,Transition - Pyrimidine/Pyrimidine,Unsolved
74924691,.,AA,AA,AG,37,52,41,NC_000001.11,Mutation NB - Paternal Origin,Transition - Purine/Purine,Unsolved
76151664,rs434587,GA,AA,GG,73,82,0,NC_000001.11,Mutation NB - Maternal Origin,Transition - Purine/Purine,A>G
81574293,rs11800016,TT,TT,TG,100,79,71,NC_000001.11,Mutation NB - Maternal Origin,Transition - Pyrimidine/Pyrimidine,Transversion - Purine/Pyrimidine,Unsolved
82109228,rs4970669,CC,CC,GC,88,85,68,NC_000001.11,Mutation NB - Maternal Origin,Transversion - Purine/Pyrimidine,Unsolved
82240205,rs786371,CC,GG,GG,100,88,15,NC_000001.11,Mutation NB - Paternal Origin,Transversion - Purine/Pyrimidine,C>G
82600842,rs6604915,CC,TT,CC,79,100,27,NC_000001.11,Mutation NB - Maternal Origin,Transition - Pyrimidine/Pyrimidine,T>C
89502766,rs10801751,AA,CC,AA,91,100,37,NC_000001.11,Mutation NB - Maternal Origin,Transversion - Purine/Pyrimidine,C>A
89984652,rs2816869,AA,AA,AC,91,52,79,NC_000001.11,Mutation NB - Maternal Origin,Transversion - Purine/Pyrimidine,Unsolved
91827855,rs2799537,AA,AG,GG,79,41,27,NC_000001.11,Mutation NB - Paternal Origin,Transition - Purine/Purine,A>G
94384807,.,AA,AA,AG,91,58,63,NC_000001.11,Mutation NB - Maternal Origin,Transition - Purine/Purine,Unsolved
95163975,rs6696322,GG,AA,GG,100,88,12,NC_000001.11,Mutation NB - Maternal Origin,Transition - Purine/Purine,A>G
95315661,rs4949960,CT,TT,CC,1,61,2,NC_000001.11,Mutation NB - Maternal Origin,Transition - Pyrimidine/Pyrimidine,T>C
95682430,rs76960565,GG,GG,GA,100,76,99,NC_000001.11,Mutation NB - Maternal Origin,Transition - Purine/Purine,Unsolved
96981595,rs548126661,AG,AA,GG,73,79,9,NC_000001.11,Mutation NB - Maternal Origin,Transition - Purine/Purine,A>G
97844683,rs61787782,AA,AG,GG,100,1,45,NC_000001.11,Mutation NB - Paternal Origin,Transition - Purine/Purine,A>G
98904972,rs60534017,CC,CC,CT,100,100,98,NC_000001.11,Mutation NB - Paternal or Maternal,Transition - Pyrimidine/Pyrimidine,Unsolved
99940650,rs7553597,GG,AG,AA,91,67,24,NC_000001.11,Mutation NB - Paternal Origin,Transition - Purine/Purine,G>A
100881859,rs754261,CC,CC,CT,100,82,65,NC_000001.11,Mutation NB - Maternal Origin,Transition - Pyrimidine/Pyrimidine,Unsolved
102230487,rs6694201,CC,GG,GG,91,64,24,NC_000001.11,Mutation NB - Paternal Origin,Transversion - Purine/Pyrimidine,C>G
105006118,rs7355211,GG,CC,GG,73,70,0,NC_000001.11,Mutation NB - Maternal Origin,Transversion - Purine/Pyrimidine,C>G
105436722,.,AA,AA,AG,85,76,47,NC_000001.11,Mutation NB - Maternal Origin,Transition - Purine/Purine,Unsolved
108819763,rs12022247,TT,AA,TT,85,76,0,NC_000001.11,Mutation NB - Maternal Origin,Transversion - Purine/Pyrimidine,A>T
109803493,rs7517624,AA,GG,AA,76,73,0,NC_000001.11,Mutation NB - Maternal Origin,Transition - Purine/Purine,G>A
109803525,rs7520586,TT,GG,TT,76,73,0,NC_000001.11,Mutation NB - Maternal Origin,Transversion - Purine/Pyrimidine,G>T
110561066,rs6656346,GG,GG,GA,85,88,67,NC_000001.11,Mutation NB - Paternal Origin,Transition - Purine/Purine,Unsolved
110607285,rs72978923,AA,AA,AG,100,88,66,NC_000001.11,Mutation NB - Maternal Origin,Transition - Purine/Purine,Unsolved
110607848,rs74117898,CC,CC,CT,100,46,99,NC_000001.11,Mutation NB - Maternal Origin,Transition - Pyrimidine/Pyrimidine,Unsolved
115286692,rs6330,GG,AA,GG,76,82,0,NC_000001.11,Mutation NB - Maternal Origin,Transition - Purine/Purine,A>G
153349554,rs3006464,AA,AA,AC,76,100,95,NC_000001.11,Mutation NB - Paternal Origin,Transversion - Purine/Pyrimidine,Unsolved
153349565,rs12057777,GG,AA,GG,76,76,30,NC_000001.11,Mutation NB - Maternal Origin,Transition - Purine/Purine,A>G
156682776,rs12037658,CT,CC,TT,67,100,15,NC_000001.11,Mutation NB - Maternal Origin,Transversion - Purine/Pyrimidine,C>T
156881024,.,CC,CC,CA,85,91,39,NC_000001.11,Mutation NB - Paternal Origin,Transversion - Purine/Pyrimidine,Unsolved
157228801,rs74119229,AA,GG,GG,85,61,12,NC_000001.11,Mutation NB - Paternal Origin,Transition - Purine/Purine,A>G
157971755,rs6427413,CC,TT,TT,100,85,12,NC_000001.11,Mutation NB - Paternal Origin,Transition - Pyrimidine/Pyrimidine,C>T
158224051,rs142926979,TT,TT,TC,88,79,99,NC_000001.11,Mutation NB - Maternal Origin,Transition - Pyrimidine/Pyrimidine,Unsolved
159581073,rs55745774,GC,GG,CC,1,76,15,NC_000001.11,Mutation NB - Maternal Origin,Transversion - Purine/Pyrimidine,G>C
160530171,rs7528976,CC,CC,CT,85,100,99,NC_000001.11,Mutation NB - Paternal Origin,Transition - Pyrimidine/Pyrimidine,Unsolved
160921763,rs11265523,GG,AA,GG,85,91,9,NC_000001.11,Mutation NB - Maternal Origin,Transition - Purine/Purine,A>G
161995933,.,AA,AA,AG,88,88,68,NC_000001.11,Mutation NB - Paternal or Maternal,Transition - Purine/Purine,Unsolved
165050431,.,TT,TT,TG,91,85,65,NC_000001.11,Mutation NB - Maternal Origin,Transition - Pyrimidine/Pyrimidine,Transversion - Purine/Pyrimidine,Unsolved
165829903,rs72699961,AA,GG,GG,91,88,9,NC_000001.11,Mutation NB - Paternal Origin,Transition - Purine/Purine,A>G
166730483,rs7545628,AA,TT,TT,100,67,15,NC_000001.11,Mutation NB - Paternal Origin,Transversion - Purine/Pyrimidine,A>T
168343414,rs17503031,CC,CC,CT,79,100,99,NC_000001.11,Mutation NB - Paternal Origin,Transition - Pyrimidine/Pyrimidine,Unsolved
169384245,rs72702188,AA,GG,GG,91,58,12,NC_000001.11,Mutation NB - Paternal Origin,Transition - Purine/Purine,A>G
171056221,rs143041878,AA,AA,AG,100,82,68,NC_000001.11,Mutation NB - Maternal Origin,Transition - Purine/Purine,Unsolved
174549874,rs12077529,CC,CC,CT,85,79,99,NC_000001.11,Mutation NB - Maternal Origin,Transition - Pyrimidine/Pyrimidine,Unsolved
175553458,rs11579540,TT,GG,TT,88,88,0,NC_000001.11,Mutation NB - Maternal Origin,Transversion - Purine/Pyrimidine,G>T
175898255,.,TT,TT,TC,55,100,65,NC_000001.11,Mutation NB - Paternal Origin,Transition - Pyrimidine/Pyrimidine,Unsolved
177738183,rs1885648,TT,TT,TG,100,70,99,NC_000001.11,Mutation NB - Maternal Origin,Transition - Pyrimidine/Pyrimidine,Transversion - Purine/Pyrimidine,Unsolved
180191349,rs2281844,GG,CC,GG,82,100,15,NC_000001.11,Mutation NB - Maternal Origin,Transversion - Purine/Pyrimidine,C>G
185648247,rs12067056,AA,AA,AG,100,61,77,NC_000001.11,Mutation NB - Maternal Origin,Transition - Purine/Purine,Unsolved
187378457,rs796217206,AA,AA,AG,100,91,72,NC_000001.11,Mutation NB - Maternal Origin,Transition - Purine/Purine,Unsolved
191908834,rs12143906,GG,GG,GT,82,100,65,NC_000001.11,Mutation NB - Paternal Origin,Transversion - Purine/Pyrimidine,Unsolved
200283598,.,TT,TT,TC,91,91,55,NC_000001.11,Mutation NB - Paternal or Maternal,Transition - Pyrimidine/Pyrimidine,Unsolved
201347873,rs769031387,TT,CC,TT,85,85,15,NC_000001.11,Mutation NB - Maternal Origin,Transition - Pyrimidine/Pyrimidine,C>T
201364833,rs3767546,TT,AA,AA,82,61,0,NC_000001.11,Mutation NB - Paternal Origin,Transversion - Purine/Pyrimidine,T>A
202186533,rs551772981,TT,TT,TC,85,67,46,NC_000001.11,Mutation NB - Maternal Origin,Transition - Pyrimidine/Pyrimidine,Unsolved
203489144,.,TT,TT,TC,85,79,68,NC_000001.11,Mutation NB - Maternal Origin,Transition - Pyrimidine/Pyrimidine,Unsolved
203489279,rs9475,TT,TT,TC,100,73,55,NC_000001.11,Mutation NB - Maternal Origin,Transition - Pyrimidine/Pyrimidine,Unsolved
206478007,rs2297543,CC,TT,CC,76,82,36,NC_000001.11,Mutation NB - Maternal Origin,Transition - Pyrimidine/Pyrimidine,T>C
206478008,rs11117948,AA,GG,AA,79,100,39,NC_000001.11,Mutation NB - Maternal Origin,Transition - Purine/Purine,G>A
206504988,.,AA,AA,AG,76,82,50,NC_000001.11,Mutation NB - Paternal Origin,Transition - Purine/Purine,Unsolved
207292092,rs2782850,AT,AA,TT,1,58,15,NC_000001.11,Mutation NB - Maternal Origin,Transversion - Purine/Pyrimidine,A>T
207959393,rs7511980,CC,CC,CG,91,88,99,NC_000001.11,Mutation NB - Maternal Origin,Transversion - Purine/Pyrimidine,Unsolved
209481260,rs6658747,AA,AT,TT,91,1,21,NC_000001.11,Mutation NB - Paternal Origin,Transversion - Purine/Pyrimidine,A>T
209595825,rs9429819,AC,CC,AA,32,79,9,NC_000001.11,Mutation NB - Maternal Origin,Transversion - Purine/Pyrimidine,C>A
209898183,rs6540567,CC,TT,TT,91,73,24,NC_000001.11,Mutation NB - Paternal Origin,Transition - Pyrimidine/Pyrimidine,C>T
211436426,rs35771425,TT,TT,TC,100,82,62,NC_000001.11,Mutation NB - Maternal Origin,Transition - Pyrimidine/Pyrimidine,Unsolved
211515290,rs12405644,CC,CT,TT,88,1,9,NC_000001.11,Mutation NB - Paternal Origin,Transition - Pyrimidine/Pyrimidine,C>T
212514466,rs750228,AA,AA,AT,100,82,57,NC_000001.11,Mutation NB - Maternal Origin,Transversion - Purine/Pyrimidine,Unsolved
212950829,.,AA,AA,AG,85,73,51,NC_000001.11,Mutation NB - Maternal Origin,Transition - Purine/Purine,Unsolved
213556568,rs79861752,GG,GG,GT,67,100,59,NC_000001.11,Mutation NB - Paternal Origin,Transversion - Purine/Pyrimidine,Unsolved
219783475,rs1656857962,CC,AA,AA,82,73,42,NC_000001.11,Mutation NB - Paternal Origin,Transversion - Purine/Pyrimidine,C>A
220314409,rs17007380,GG,AA,AA,76,64,15,NC_000001.11,Mutation NB - Paternal Origin,Transition - Purine/Purine,G>A
223267096,rs61837630,AA,AG,GG,82,1,15,NC_000001.11,Mutation NB - Paternal Origin,Transition - Purine/Purine,A>G
225467842,.,TT,TT,TC,85,88,33,NC_000001.11,Mutation NB - Paternal Origin,Transition - Pyrimidine/Pyrimidine,Unsolved
226108099,rs1658801878,AA,AA,AG,70,73,45,NC_000001.11,Mutation NB - Paternal Origin,Transition - Purine/Purine,Unsolved
227760736,rs567115255,CC,GG,CC,88,73,30,NC_000001.11,Mutation NB - Maternal Origin,Transversion - Purine/Pyrimidine,G>C
228082567,rs822733,AA,GG,AA,91,73,0,NC_000001.11,Mutation NB - Maternal Origin,Transition - Purine/Purine,G>A
228774586,rs7556210,CC,CC,TC,67,61,27,NC_000001.11,Mutation NB - Maternal Origin,Transition - Pyrimidine/Pyrimidine,Unsolved
230611081,rs56011949,GG,CC,CC,73,91,12,NC_000001.11,Mutation NB - Paternal Origin,Transversion - Purine/Pyrimidine,G>C
233139488,.,TT,TT,TC,82,76,54,NC_000001.11,Mutation NB - Maternal Origin,Transition - Pyrimidine/Pyrimidine,Unsolved
234281979,rs143023851,CC,CT,TT,88,32,15,NC_000001.11,Mutation NB - Paternal Origin,Transition - Pyrimidine/Pyrimidine,C>T
236724589,.,AA,AA,AG,67,70,44,NC_000001.11,Mutation NB - Paternal Origin,Transition - Purine/Purine,Unsolved
237162751,rs10925334,AA,TA,TT,79,1,18,NC_000001.11,Mutation NB - Paternal Origin,Transversion - Purine/Pyrimidine,A>T
238939596,.,AA,AA,AG,85,88,54,NC_000001.11,Mutation NB - Paternal Origin,Transition - Purine/Purine,Unsolved
242333148,.,AA,AA,AG,85,85,59,NC_000001.11,Mutation NB - Paternal or Maternal,Transition - Purine/Purine,Unsolved
242724662,rs4658857,GG,CC,CC,79,73,0,NC_000001.11,Mutation NB - Paternal Origin,Transversion - Purine/Pyrimidine,G>C
243937100,rs524489,TT,TT,TC,100,76,99,NC_000001.11,Mutation NB - Maternal Origin,Transition - Pyrimidine/Pyrimidine,Unsolved
246529440,.,AA,AA,AT,88,70,42,NC_000001.11,Mutation NB - Maternal Origin,Transversion - Purine/Pyrimidine,Unsolved
247373869,rs4925636,CC,TT,TT,88,76,12,NC_000001.11,Mutation NB - Paternal Origin,Transition - Pyrimidine/Pyrimidine,C>T
247446885,.,TT,TT,TC,76,88,53,NC_000001.11,Mutation NB - Paternal Origin,Transition - Pyrimidine/Pyrimidine,Unsolved
247851293,rs10749634,TT,CC,CC,100,85,9,NC_000001.11,Mutation NB - Paternal Origin,Transition - Pyrimidine/Pyrimidine,T>C
247851313,rs10749635,AA,GG,GG,100,85,9,NC_000001.11,Mutation NB - Paternal Origin,Transition - Purine/Purine,A>G
248671873,rs28665859,CC,TT,TT,100,88,12,NC_000001.11,Mutation NB - Paternal Origin,Transition - Pyrimidine/Pyrimidine,C>T
264621,rs114976176,CC,AA,AA,91,91,12,NC_000002.12,Mutation NB - Paternal Origin,Transversion - Purine/Pyrimidine,C>A
587721,rs114997517,GG,GG,GA,100,79,99,NC_000002.12,Mutation NB - Maternal Origin,Transition - Purine/Purine,Unsolved
983265,rs12714436,TC,CC,TT,34,76,9,NC_000002.12,Mutation NB - Maternal Origin,Transversion - Purine/Pyrimidine,C>T
1752126,rs13416067,TT,CT,CC,91,1,15,NC_000002.12,Mutation NB - Paternal Origin,Transition - Pyrimidine/Pyrimidine,T>C
2874205,rs4853766,AA,GG,AA,91,82,0,NC_000002.12,Mutation NB - Maternal Origin,Transition - Purine/Purine,G>A
3117929,rs6740461,TT,TT,TC,91,64,99,NC_000002.12,Mutation NB - Maternal Origin,Transition - Pyrimidine/Pyrimidine,Unsolved
3205783,rs138638420,CC,CC,CG,100,67,99,NC_000002.12,Mutation NB - Maternal Origin,Transversion - Purine/Pyrimidine,Unsolved
3335305,rs11885867,GG,GG,GA,100,76,56,NC_000002.12,Mutation NB - Maternal Origin,Transition - Purine/Purine,Unsolved
3657629,rs13386564,TT,TT,TC,100,85,65,NC_000002.12,Mutation NB - Maternal Origin,Transition - Pyrimidine/Pyrimidine,Unsolved
8650530,rs751969,CC,CG,GG,88,1,21,NC_000002.12,Mutation NB - Paternal Origin,Transversion - Purine/Pyrimidine,C>G
9266482,.,TT,TT,TC,91,79,62,NC_000002.12,Mutation NB - Maternal Origin,Transition - Pyrimidine/Pyrimidine,Unsolved
9995675,rs142658721,GG,GG,GT,100,67,99,NC_000002.12,Mutation NB - Maternal Origin,Transversion - Purine/Pyrimidine,Unsolved
9995727,rs11674576,TT,TT,TC,100,73,97,NC_000002.12,Mutation NB - Maternal Origin,Transition - Pyrimidine/Pyrimidine,Unsolved
10221320,rs530818040,GG,GG,GA,76,79,40,NC_000002.12,Mutation NB - Paternal Origin,Transition - Purine/Purine,Unsolved
10931280,rs116177290,TT,CC,TT,85,82,21,NC_000002.12,Mutation NB - Maternal Origin,Transition - Pyrimidine/Pyrimidine,C>T
11147883,rs4297854,CC,CC,CT,88,82,68,NC_000002.12,Mutation NB - Maternal Origin,Transition - Pyrimidine/Pyrimidine,Unsolved
15509418,rs1978371,CC,CG,GG,100,1,48,NC_000002.12,Mutation NB - Paternal Origin,Transversion - Purine/Pyrimidine,C>G
16035575,rs13426865,TT,TT,TC,100,82,92,NC_000002.12,Mutation NB - Maternal Origin,Transition - Pyrimidine/Pyrimidine,Unsolved
19989328,rs3731663,CC,CC,CT,91,91,30,NC_000002.12,Mutation NB - Paternal or Maternal,Transition - Pyrimidine/Pyrimidine,Unsolved
20171852,rs1107851,TT,CC,CC,100,88,9,NC_000002.12,Mutation NB - Paternal Origin,Transition - Pyrimidine/Pyrimidine,T>C
20558750,.,AA,AA,AG,58,79,62,NC_000002.12,Mutation NB - Paternal Origin,Transition - Purine/Purine,Unsolved
29010566,rs72788122,GG,GG,GC,76,100,99,NC_000002.12,Mutation NB - Paternal Origin,Transition - Purine/Purine,Transversion - Purine/Pyrimidine,Unsolved
29024794,rs57788514,AA,AG,GG,100,1,21,NC_000002.12,Mutation NB - Paternal Origin,Transition - Purine/Purine,A>G
29024813,rs60766032,TT,TC,CC,100,1,21,NC_000002.12,Mutation NB - Paternal Origin,Transition - Pyrimidine/Pyrimidine,T>C
29073484,.,GG,GG,GC,67,73,50,NC_000002.12,Mutation NB - Paternal Origin,Transition - Purine/Purine,Transversion - Purine/Pyrimidine,Unsolved
30060372,rs73923256,TT,TC,CC,82,32,15,NC_000002.12,Mutation NB - Paternal Origin,Transition - Pyrimidine/Pyrimidine,T>C
30765509,rs6548032,AA,GG,GG,85,79,57,NC_000002.12,Mutation NB - Paternal Origin,Transition - Purine/Purine,A>G
30925007,.,CC,CC,CA,82,67,45,NC_000002.12,Mutation NB - Maternal Origin,Transversion - Purine/Pyrimidine,Unsolved
31257382,rs3754840,TT,TT,CT,91,85,68,NC_000002.12,Mutation NB - Maternal Origin,Transition - Pyrimidine/Pyrimidine,Unsolved
34111525,rs6757137,CC,CC,CT,91,73,65,NC_000002.12,Mutation NB - Maternal Origin,Transition - Pyrimidine/Pyrimidine,Unsolved
36822148,rs1198955612,TT,TT,TC,61,82,56,NC_000002.12,Mutation NB - Paternal Origin,Transition - Pyrimidine/Pyrimidine,Unsolved
38745654,rs3134637,CC,CC,CG,79,100,68,NC_000002.12,Mutation NB - Paternal Origin,Transversion - Purine/Pyrimidine,Unsolved
42867980,rs6750042,GG,AA,GG,73,91,33,NC_000002.12,Mutation NB - Maternal Origin,Transition - Purine/Purine,A>G
45708072,.,TT,TT,TC,88,70,54,NC_000002.12,Mutation NB - Maternal Origin,Transition - Pyrimidine/Pyrimidine,Unsolved
46797654,rs7571762,CC,CC,CT,100,58,63,NC_000002.12,Mutation NB - Maternal Origin,Transition - Pyrimidine/Pyrimidine,Unsolved
47093724,rs6750136,CC,AA,AA,100,67,21,NC_000002.12,Mutation NB - Paternal Origin,Transversion - Purine/Pyrimidine,C>A
47234560,rs1880584,GG,GG,GC,82,100,21,NC_000002.12,Mutation NB - Paternal Origin,Transition - Purine/Purine,Transversion - Purine/Pyrimidine,Unsolved
49502793,rs2350321,TT,CC,TT,88,79,12,NC_000002.12,Mutation NB - Maternal Origin,Transition - Pyrimidine/Pyrimidine,C>T
50941912,rs10182654,TT,TT,TC,82,91,24,NC_000002.12,Mutation NB - Paternal Origin,Transition - Pyrimidine/Pyrimidine,Unsolved
54425004,rs11889419,TT,AA,AA,91,85,0,NC_000002.12,Mutation NB - Paternal Origin,Transversion - Purine/Pyrimidine,T>A
55824864,rs2115876,AA,GA,GG,91,29,0,NC_000002.12,Mutation NB - Paternal Origin,Transition - Purine/Purine,A>G
57267115,rs77325942,CC,GG,CC,91,79,9,NC_000002.12,Mutation NB - Maternal Origin,Transversion - Purine/Pyrimidine,G>C
65687144,rs967923873,CC,CC,CT,85,67,41,NC_000002.12,Mutation NB - Maternal Origin,Transition - Pyrimidine/Pyrimidine,Unsolved
66821201,.,CC,CC,CT,61,58,43,NC_000002.12,Mutation NB - Maternal Origin,Transition - Pyrimidine/Pyrimidine,Unsolved
70458214,.,AA,AA,AT,73,82,57,NC_000002.12,Mutation NB - Paternal Origin,Transversion - Purine/Pyrimidine,Unsolved
70499720,rs34079678,CT,TT,CC,67,79,12,NC_000002.12,Mutation NB - Maternal Origin,Transition - Pyrimidine/Pyrimidine,T>C
71092677,rs6546669,GG,AG,AA,91,66,0,NC_000002.12,Mutation NB - Paternal Origin,Transition - Purine/Purine,G>A
72040194,.,TT,TT,TC,70,52,44,NC_000002.12,Mutation NB - Maternal Origin,Transition - Pyrimidine/Pyrimidine,Unsolved
73487989,rs802113,GG,AA,AA,91,91,0,NC_000002.12,Mutation NB - Paternal Origin,Transition - Purine/Purine,G>A
74778080,rs17727033,GG,GG,TG,85,73,99,NC_000002.12,Mutation NB - Maternal Origin,Transversion - Purine/Pyrimidine,Unsolved
76406405,rs1519894,CC,GG,GG,85,79,9,NC_000002.12,Mutation NB - Paternal Origin,Transversion - Purine/Pyrimidine,C>G
77034538,rs1446694,GG,GA,AA,100,41,33,NC_000002.12,Mutation NB - Paternal Origin,Transition - Purine/Purine,G>A
78046258,rs12713941,CC,AA,AA,100,73,21,NC_000002.12,Mutation NB - Paternal Origin,Transversion - Purine/Pyrimidine,C>A
78926957,rs71424834,AA,AA,AC,88,100,65,NC_000002.12,Mutation NB - Paternal Origin,Transversion - Purine/Pyrimidine,Unsolved
79014325,rs561259,AA,GG,GG,88,91,15,NC_000002.12,Mutation NB - Paternal Origin,Transition - Purine/Purine,A>G
79083555,rs1522857,AA,GG,GG,100,82,9,NC_000002.12,Mutation NB - Paternal Origin,Transition - Purine/Purine,A>G
81795806,rs2862587,CC,TT,TT,79,68,24,NC_000002.12,Mutation NB - Paternal Origin,Transition - Pyrimidine/Pyrimidine,C>T
83246020,rs1007520,GG,GG,AG,88,88,94,NC_000002.12,Mutation NB - Paternal or Maternal,Transition - Purine/Purine,Unsolved
83411208,rs13400692,CC,CC,CT,100,79,65,NC_000002.12,Mutation NB - Maternal Origin,Transition - Pyrimidine/Pyrimidine,Unsolved
85331276,rs566700609,TT,TT,TC,91,100,98,NC_000002.12,Mutation NB - Paternal Origin,Transition - Pyrimidine/Pyrimidine,Unsolved
86054816,.,AA,AA,AG,70,58,42,NC_000002.12,Mutation NB - Maternal Origin,Transition - Purine/Purine,Unsolved
86227581,rs11127017,TT,CC,TT,88,76,0,NC_000002.12,Mutation NB - Maternal Origin,Transition - Pyrimidine/Pyrimidine,C>T
95079137,rs3112988,AA,TT,TT,85,82,15,NC_000002.12,Mutation NB - Paternal Origin,Transversion - Purine/Pyrimidine,A>T
96898547,rs2314650,AA,GA,GG,85,32,27,NC_000002.12,Mutation NB - Paternal Origin,Transition - Purine/Purine,A>G
98381268,rs3754899,CC,CC,CA,79,100,68,NC_000002.12,Mutation NB - Paternal Origin,Transversion - Purine/Pyrimidine,Unsolved
100631001,rs7584437,AA,AG,GG,100,1,12,NC_000002.12,Mutation NB - Paternal Origin,Transition - Purine/Purine,A>G
100845309,rs372061688,TT,TT,TC,91,85,71,NC_000002.12,Mutation NB - Maternal Origin,Transition - Pyrimidine/Pyrimidine,Unsolved
102121477,rs12712130,TT,TC,CC,100,60,12,NC_000002.12,Mutation NB - Paternal Origin,Transition - Pyrimidine/Pyrimidine,T>C
105526556,rs2139112,CC,CA,AA,88,1,18,NC_000002.12,Mutation NB - Paternal Origin,Transversion - Purine/Pyrimidine,C>A
105526559,rs116590496,GG,CG,CC,88,1,0,NC_000002.12,Mutation NB - Paternal Origin,Transversion - Purine/Pyrimidine,G>C
105574111,rs34743126,GG,GG,GA,91,91,72,NC_000002.12,Mutation NB - Paternal or Maternal,Transition - Purine/Purine,Unsolved
106576027,rs13382419,GG,GG,GA,100,79,16,NC_000002.12,Mutation NB - Maternal Origin,Transition - Purine/Purine,Unsolved
106671371,rs114934299,CC,CC,CT,85,88,68,NC_000002.12,Mutation NB - Paternal Origin,Transition - Pyrimidine/Pyrimidine,Unsolved
107392400,rs71419361,AA,GG,GG,79,64,21,NC_000002.12,Mutation NB - Paternal Origin,Transition - Purine/Purine,A>G
109423071,.,TT,TT,TG,73,61,62,NC_000002.12,Mutation NB - Maternal Origin,Transition - Pyrimidine/Pyrimidine,Transversion - Purine/Pyrimidine,Unsolved
109691030,.,TT,TT,TC,91,82,53,NC_000002.12,Mutation NB - Maternal Origin,Transition - Pyrimidine/Pyrimidine,Unsolved
111705378,rs3906021,GC,GG,CC,35,91,9,NC_000002.12,Mutation NB - Maternal Origin,Transversion - Purine/Pyrimidine,G>C
113270374,rs4849188,GG,GG,GA,91,100,99,NC_000002.12,Mutation NB - Paternal Origin,Transition - Purine/Purine,Unsolved
118827348,rs67800871,GG,AA,AA,91,76,21,NC_000002.12,Mutation NB - Paternal Origin,Transition - Purine/Purine,G>A
120433243,.,CC,CC,CG,70,76,65,NC_000002.12,Mutation NB - Paternal Origin,Transversion - Purine/Pyrimidine,Unsolved
120899822,rs277542,AA,AA,AT,100,37,47,NC_000002.12,Mutation NB - Maternal Origin,Transversion - Purine/Pyrimidine,Unsolved
121936854,rs62166862,CC,CT,TT,100,38,30,NC_000002.12,Mutation NB - Paternal Origin,Transition - Pyrimidine/Pyrimidine,C>T
123177443,rs73951677,GG,GG,GA,100,88,59,NC_000002.12,Mutation NB - Maternal Origin,Transition - Purine/Purine,Unsolved
124772414,rs80119805,GG,GG,GA,100,49,99,NC_000002.12,Mutation NB - Maternal Origin,Transition - Purine/Purine,Unsolved
124772648,rs114629953,TT,TT,TC,100,85,71,NC_000002.12,Mutation NB - Maternal Origin,Transition - Pyrimidine/Pyrimidine,Unsolved
124772743,rs115636143,GG,GG,GT,91,85,30,NC_000002.12,Mutation NB - Maternal Origin,Transversion - Purine/Pyrimidine,Unsolved
126060770,rs12477984,CC,CT,TT,100,1,21,NC_000002.12,Mutation NB - Paternal Origin,Transition - Pyrimidine/Pyrimidine,C>T
128280396,.,GG,GG,GA,82,76,46,NC_000002.12,Mutation NB - Maternal Origin,Transition - Purine/Purine,Unsolved
129460845,rs4662947,CC,CC,CT,100,82,21,NC_000002.12,Mutation NB - Maternal Origin,Transition - Pyrimidine/Pyrimidine,Unsolved
129975514,rs10928946,AA,GG,AA,88,76,36,NC_000002.12,Mutation NB - Maternal Origin,Transition - Purine/Purine,G>A
132161316,rs6430109,GG,AG,AA,88,1,0,NC_000002.12,Mutation NB - Paternal Origin,Transition - Purine/Purine,G>A
133799732,rs11674105,CC,CC,CG,100,76,65,NC_000002.12,Mutation NB - Maternal Origin,Transversion - Purine/Pyrimidine,Unsolved
133894394,rs6736746,AG,AA,GG,28,100,30,NC_000002.12,Mutation NB - Maternal Origin,Transition - Purine/Purine,A>G
134109451,rs13420928,GG,GG,GT,100,67,99,NC_000002.12,Mutation NB - Maternal Origin,Transversion - Purine/Pyrimidine,Unsolved
136946517,rs13021019,GA,GG,AA,1,100,21,NC_000002.12,Mutation NB - Maternal Origin,Transition - Purine/Purine,G>A
137096189,rs1428406834,TT,TT,TC,76,70,59,NC_000002.12,Mutation NB - Maternal Origin,Transition - Pyrimidine/Pyrimidine,Unsolved
137707378,rs77063446,AA,GG,AA,91,91,9,NC_000002.12,Mutation NB - Maternal Origin,Transition - Purine/Purine,G>A
138911063,rs1485061,TT,TA,AA,100,44,18,NC_000002.12,Mutation NB - Paternal Origin,Transversion - Purine/Pyrimidine,T>A
138967529,.,TT,TT,TC,73,64,59,NC_000002.12,Mutation NB - Maternal Origin,Transition - Pyrimidine/Pyrimidine,Unsolved
142334735,rs890490989,GG,GG,GA,100,76,68,NC_000002.12,Mutation NB - Maternal Origin,Transition - Purine/Purine,Unsolved
148261398,rs34295088,CC,GG,GG,88,70,18,NC_000002.12,Mutation NB - Paternal Origin,Transversion - Purine/Pyrimidine,C>G
150439816,rs11679729,CT,TT,CC,1,86,0,NC_000002.12,Mutation NB - Maternal Origin,Transition - Pyrimidine/Pyrimidine,T>C
150963584,rs6733693,AA,CC,AA,76,100,48,NC_000002.12,Mutation NB - Maternal Origin,Transversion - Purine/Pyrimidine,C>A
152274185,rs184121589,CC,CC,CA,85,64,99,NC_000002.12,Mutation NB - Maternal Origin,Transversion - Purine/Pyrimidine,Unsolved
152958576,rs4531882,TT,TG,GG,91,1,48,NC_000002.12,Mutation NB - Paternal Origin,Transversion - Purine/Pyrimidine,T>G
152958698,rs4619556,AG,AA,GG,41,91,12,NC_000002.12,Mutation NB - Maternal Origin,Transition - Purine/Purine,A>G
158866994,rs6757197,GT,GT,TC,6,1,33,NC_000002.12,Mutation NB - Maternal Origin,Transversion - Purine/Pyrimidine,Transition - Pyrimidine/Pyrimidine,Unsolved
164213697,rs1898841,TC,TT,CC,35,100,30,NC_000002.12,Mutation NB - Maternal Origin,Transition - Pyrimidine/Pyrimidine,T>C
165033490,rs61187518,AA,GG,AA,100,91,0,NC_000002.12,Mutation NB - Maternal Origin,Transition - Purine/Purine,G>A
170120815,rs16857713,GG,GG,GA,79,100,62,NC_000002.12,Mutation NB - Paternal Origin,Transition - Purine/Purine,Unsolved
170552750,.,AA,AA,AG,70,70,62,NC_000002.12,Mutation NB - Paternal or Maternal,Transition - Purine/Purine,Unsolved
170864110,rs13406480,AG,GG,AA,77,91,9,NC_000002.12,Mutation NB - Maternal Origin,Transition - Purine/Purine,G>A
172614243,rs12476204,CC,CC,CT,88,67,95,NC_000002.12,Mutation NB - Maternal Origin,Transition - Pyrimidine/Pyrimidine,Unsolved
174029156,rs150914538,CC,CC,CT,100,88,68,NC_000002.12,Mutation NB - Maternal Origin,Transition - Pyrimidine/Pyrimidine,Unsolved
174708816,rs2646189,CC,CC,CG,100,73,99,NC_000002.12,Mutation NB - Maternal Origin,Transversion - Purine/Pyrimidine,Unsolved
176921279,rs3906062,CC,CC,CT,100,64,58,NC_000002.12,Mutation NB - Maternal Origin,Transition - Pyrimidine/Pyrimidine,Unsolved
177008846,rs192058723,AA,AA,AG,82,67,40,NC_000002.12,Mutation NB - Maternal Origin,Transition - Purine/Purine,Unsolved
177770365,rs1438044,GG,AA,GG,100,88,0,NC_000002.12,Mutation NB - Maternal Origin,Transition - Purine/Purine,A>G
180590954,rs79075888,GG,GG,GA,100,79,99,NC_000002.12,Mutation NB - Maternal Origin,Transition - Purine/Purine,Unsolved
185811995,rs58798964,GG,AA,GG,73,70,18,NC_000002.12,Mutation NB - Maternal Origin,Transition - Purine/Purine,A>G
186792978,.,AA,AA,AG,79,49,48,NC_000002.12,Mutation NB - Maternal Origin,Transition - Purine/Purine,Unsolved
188605880,rs116146684,AA,GG,GG,85,88,0,NC_000002.12,Mutation NB - Paternal Origin,Transition - Purine/Purine,A>G
190149861,rs2082020,TT,CT,CC,88,1,12,NC_000002.12,Mutation NB - Paternal Origin,Transition - Pyrimidine/Pyrimidine,T>C
191863165,.,AA,AA,AG,85,73,53,NC_000002.12,Mutation NB - Maternal Origin,Transition - Purine/Purine,Unsolved
195167132,rs10202396,TT,CC,CC,98,58,15,NC_000002.12,Mutation NB - Paternal Origin,Transition - Pyrimidine/Pyrimidine,T>C
198270538,rs145569475,CC,CC,CT,100,61,30,NC_000002.12,Mutation NB - Maternal Origin,Transition - Pyrimidine/Pyrimidine,Unsolved
200432038,rs73059818,AA,AA,AG,91,85,62,NC_000002.12,Mutation NB - Maternal Origin,Transition - Purine/Purine,Unsolved
202338235,rs1105047,AG,GG,AA,67,91,45,NC_000002.12,Mutation NB - Maternal Origin,Transition - Purine/Purine,G>A
203759333,rs10186048,AA,AA,GA,79,52,99,NC_000002.12,Mutation NB - Maternal Origin,Transition - Purine/Purine,Unsolved
204222889,rs66761445,GG,GG,GA,82,100,68,NC_000002.12,Mutation NB - Paternal Origin,Transition - Purine/Purine,Unsolved
204249360,rs13407072,CC,TT,CC,85,85,0,NC_000002.12,Mutation NB - Maternal Origin,Transition - Pyrimidine/Pyrimidine,T>C
215219413,rs4485564,GA,AA,GG,34,85,18,NC_000002.12,Mutation NB - Maternal Origin,Transition - Purine/Purine,A>G
216717770,rs59354839,GG,TT,TT,88,88,0,NC_000002.12,Mutation NB - Paternal Origin,Transversion - Purine/Pyrimidine,G>T
216717780,rs58153457,CC,TT,TT,88,88,0,NC_000002.12,Mutation NB - Paternal Origin,Transition - Pyrimidine/Pyrimidine,C>T
216717999,.,AA,AA,AG,85,58,59,NC_000002.12,Mutation NB - Maternal Origin,Transition - Purine/Purine,Unsolved
217732855,rs73070619,GG,GG,GC,85,79,99,NC_000002.12,Mutation NB - Maternal Origin,Transition - Purine/Purine,Transversion - Purine/Pyrimidine,Unsolved
218050360,rs185461218,GG,GG,GA,100,70,20,NC_000002.12,Mutation NB - Maternal Origin,Transition - Purine/Purine,Unsolved
219298868,rs2292605,CC,CC,CT,100,73,24,NC_000002.12,Mutation NB - Maternal Origin,Transition - Pyrimidine/Pyrimidine,Unsolved
219537775,.,AA,AA,AG,85,70,48,NC_000002.12,Mutation NB - Maternal Origin,Transition - Purine/Purine,Unsolved
219917757,rs375093854,TT,TT,TC,70,76,57,NC_000002.12,Mutation NB - Paternal Origin,Transition - Pyrimidine/Pyrimidine,Unsolved
224369596,rs16865888,GG,GG,GA,82,79,99,NC_000002.12,Mutation NB - Maternal Origin,Transition - Purine/Purine,Unsolved
224369623,rs16865889,AA,AA,AG,82,79,99,NC_000002.12,Mutation NB - Maternal Origin,Transition - Purine/Purine,Unsolved
228762585,rs34983168,TT,CC,CC,82,73,0,NC_000002.12,Mutation NB - Paternal Origin,Transition - Pyrimidine/Pyrimidine,T>C
230525503,.,AA,AA,AG,73,91,64,NC_000002.12,Mutation NB - Paternal Origin,Transition - Purine/Purine,Unsolved
230903207,rs113473071,GG,GG,GC,91,73,99,NC_000002.12,Mutation NB - Maternal Origin,Transition - Purine/Purine,Transversion - Purine/Pyrimidine,Unsolved
230911808,rs13429810,GA,GG,AA,29,91,15,NC_000002.12,Mutation NB - Maternal Origin,Transition - Purine/Purine,G>A
231093478,rs7581188,AA,AA,AG,100,82,99,NC_000002.12,Mutation NB - Maternal Origin,Transition - Purine/Purine,Unsolved
231523671,rs4973438,TT,TA,AA,91,35,30,NC_000002.12,Mutation NB - Paternal Origin,Transversion - Purine/Pyrimidine,T>A
233447252,rs2971859,CC,GC,GG,91,67,0,NC_000002.12,Mutation NB - Paternal Origin,Transversion - Purine/Pyrimidine,C>G
234126978,.,CC,CC,CT,88,61,50,NC_000002.12,Mutation NB - Maternal Origin,Transition - Pyrimidine/Pyrimidine,Unsolved
234437686,rs1001119,GC,CC,GG,1,43,18,NC_000002.12,Mutation NB - Maternal Origin,Transversion - Purine/Pyrimidine,C>G
234571701,rs28446742,CC,CA,AA,100,1,39,NC_000002.12,Mutation NB - Paternal Origin,Transversion - Purine/Pyrimidine,C>A
234603594,rs13427094,AA,GG,AA,91,100,12,NC_000002.12,Mutation NB - Maternal Origin,Transition - Purine/Purine,G>A
234769097,rs7578561,AA,AA,AC,100,76,27,NC_000002.12,Mutation NB - Maternal Origin,Transversion - Purine/Pyrimidine,Unsolved
234769131,rs7590552,GG,GA,AA,100,1,15,NC_000002.12,Mutation NB - Paternal Origin,Transition - Purine/Purine,G>A
235031472,rs6431331,CC,CC,CT,100,91,20,NC_000002.12,Mutation NB - Maternal Origin,Transition - Pyrimidine/Pyrimidine,Unsolved
235370531,rs938679,AA,GG,GG,88,73,24,NC_000002.12,Mutation NB - Paternal Origin,Transition - Purine/Purine,A>G
235898041,rs2873334,AA,AG,GG,100,1,18,NC_000002.12,Mutation NB - Paternal Origin,Transition - Purine/Purine,A>G
235898050,rs12994503,GG,GA,AA,82,1,18,NC_000002.12,Mutation NB - Paternal Origin,Transition - Purine/Purine,G>A
237193152,rs6711726,GG,AA,AA,100,76,21,NC_000002.12,Mutation NB - Paternal Origin,Transition - Purine/Purine,G>A
237486786,rs67071074,CC,TT,TT,79,55,21,NC_000002.12,Mutation NB - Paternal Origin,Transition - Pyrimidine/Pyrimidine,C>T
238130092,rs73999821,GG,GG,CC,91,88,9,NC_000002.12,Mutation NB - Maternal Origin,Transversion - Purine/Pyrimidine,Unsolved
238489203,rs493366,TT,CC,TT,70,82,18,NC_000002.12,Mutation NB - Maternal Origin,Transition - Pyrimidine/Pyrimidine,C>T
238927504,rs7571653,GG,AA,AA,85,100,0,NC_000002.12,Mutation NB - Paternal Origin,Transition - Purine/Purine,G>A
239029299,rs6704807,CC,TT,CC,85,76,21,NC_000002.12,Mutation NB - Maternal Origin,Transition - Pyrimidine/Pyrimidine,T>C
239300927,rs13000297,GG,AA,AA,100,70,9,NC_000002.12,Mutation NB - Paternal Origin,Transition - Purine/Purine,G>A
239339934,rs10170311,CC,CC,CG,100,91,99,NC_000002.12,Mutation NB - Maternal Origin,Transversion - Purine/Pyrimidine,Unsolved
240089298,.,TT,TT,TC,70,76,47,NC_000002.12,Mutation NB - Paternal Origin,Transition - Pyrimidine/Pyrimidine,Unsolved
240167646,rs4854001,GG,GG,GT,85,100,99,NC_000002.12,Mutation NB - Paternal Origin,Transversion - Purine/Pyrimidine,Unsolved
240285117,rs7589471,AA,GG,GG,82,85,0,NC_000002.12,Mutation NB - Paternal Origin,Transition - Purine/Purine,A>G
240622701,rs2953152,GA,GG,AA,31,79,48,NC_000002.12,Mutation NB - Maternal Origin,Transition - Purine/Purine,G>A
241144095,rs758070,TG,TT,GG,1,79,15,NC_000002.12,Mutation NB - Maternal Origin,Transversion - Purine/Pyrimidine,T>G
241144114,rs758071,GA,GG,AA,1,79,15,NC_000002.12,Mutation NB - Maternal Origin,Transition - Purine/Purine,G>A
241187399,rs11691199,GG,AA,AA,88,76,9,NC_000002.12,Mutation NB - Paternal Origin,Transition - Purine/Purine,G>A
241576101,rs62191740,TT,CC,CC,88,82,12,NC_000002.12,Mutation NB - Paternal Origin,Transition - Pyrimidine/Pyrimidine,T>C
861094,rs66529148,AA,AA,AC,91,91,99,NC_000003.12,Mutation NB - Paternal or Maternal,Transversion - Purine/Pyrimidine,Unsolved
2783244,rs9841563,CC,TT,CC,79,100,21,NC_000003.12,Mutation NB - Maternal Origin,Transition - Pyrimidine/Pyrimidine,T>C
6587473,rs7626237,AA,GG,GG,76,58,39,NC_000003.12,Mutation NB - Paternal Origin,Transition - Purine/Purine,A>G
6587488,rs7636373,GG,TT,TT,76,58,39,NC_000003.12,Mutation NB - Paternal Origin,Transversion - Purine/Pyrimidine,G>T
7877554,rs80281818,CC,CC,CG,88,85,99,NC_000003.12,Mutation NB - Maternal Origin,Transversion - Purine/Pyrimidine,Unsolved
7877687,rs74673128,GG,GG,GA,100,82,64,NC_000003.12,Mutation NB - Maternal Origin,Transition - Purine/Purine,Unsolved
7934932,rs9815852,GG,AG,AA,91,68,0,NC_000003.12,Mutation NB - Paternal Origin,Transition - Purine/Purine,G>A
7934997,rs9832936,AA,GA,GG,91,68,0,NC_000003.12,Mutation NB - Paternal Origin,Transition - Purine/Purine,A>G
8585584,rs17786216,AA,AA,AC,79,100,99,NC_000003.12,Mutation NB - Paternal Origin,Transversion - Purine/Pyrimidine,Unsolved
9727324,rs3891072,TT,AA,TT,88,100,36,NC_000003.12,Mutation NB - Maternal Origin,Transversion - Purine/Pyrimidine,A>T
10399463,rs4684687,CC,CC,TT,100,82,9,NC_000003.12,Mutation NB - Maternal Origin,Transition - Pyrimidine/Pyrimidine,Unsolved
10418887,rs9876943,GG,GG,GA,100,73,67,NC_000003.12,Mutation NB - Maternal Origin,Transition - Purine/Purine,Unsolved
10636328,rs13079701,AA,GG,AA,64,52,21,NC_000003.12,Mutation NB - Maternal Origin,Transition - Purine/Purine,G>A
13553307,rs9841601,GG,AA,GG,85,100,24,NC_000003.12,Mutation NB - Maternal Origin,Transition - Purine/Purine,A>G
13681136,rs4383497,GG,AA,GG,91,100,24,NC_000003.12,Mutation NB - Maternal Origin,Transition - Purine/Purine,A>G
13770538,rs9839026,CC,CC,GC,85,82,37,NC_000003.12,Mutation NB - Maternal Origin,Transversion - Purine/Pyrimidine,Unsolved
13781233,.,TT,TT,TG,73,73,39,NC_000003.12,Mutation NB - Paternal or Maternal,Transition - Pyrimidine/Pyrimidine,Transversion - Purine/Pyrimidine,Unsolved
13870700,rs12632968,AA,GG,GG,85,91,9,NC_000003.12,Mutation NB - Paternal Origin,Transition - Purine/Purine,A>G
13870724,rs12635908,CC,TT,TT,85,91,9,NC_000003.12,Mutation NB - Paternal Origin,Transition - Pyrimidine/Pyrimidine,C>T
14274466,rs113974064,TT,CC,CC,85,85,9,NC_000003.12,Mutation NB - Paternal Origin,Transition - Pyrimidine/Pyrimidine,T>C
14771565,rs1310736106,AA,AA,AG,88,88,50,NC_000003.12,Mutation NB - Paternal or Maternal,Transition - Purine/Purine,Unsolved
14912175,rs7627003,GG,GG,GC,100,55,99,NC_000003.12,Mutation NB - Maternal Origin,Transition - Purine/Purine,Transversion - Purine/Pyrimidine,Unsolved
15412413,rs57985495,CC,TT,TT,91,82,30,NC_000003.12,Mutation NB - Paternal Origin,Transition - Pyrimidine/Pyrimidine,C>T
16130525,rs924935,GG,GG,GA,82,100,99,NC_000003.12,Mutation NB - Paternal Origin,Transition - Purine/Purine,Unsolved
16323110,rs567541,GG,AA,GG,91,85,15,NC_000003.12,Mutation NB - Maternal Origin,Transition - Purine/Purine,A>G
17137947,rs529323880,GG,GG,GC,79,100,50,NC_000003.12,Mutation NB - Paternal Origin,Transition - Purine/Purine,Transversion - Purine/Pyrimidine,Unsolved
20436437,rs9310619,TT,TA,AA,91,76,15,NC_000003.12,Mutation NB - Paternal Origin,Transversion - Purine/Pyrimidine,T>A
22082826,rs2620553,CC,AC,AA,91,1,33,NC_000003.12,Mutation NB - Paternal Origin,Transversion - Purine/Pyrimidine,C>A
26951301,rs2084353,CC,TT,TT,91,61,30,NC_000003.12,Mutation NB - Paternal Origin,Transition - Pyrimidine/Pyrimidine,C>T
28242182,.,AA,AA,AG,85,85,62,NC_000003.12,Mutation NB - Paternal or Maternal,Transition - Purine/Purine,Unsolved
31675639,rs2013777,AA,AA,AC,100,85,65,NC_000003.12,Mutation NB - Maternal Origin,Transversion - Purine/Pyrimidine,Unsolved
32041701,rs13327248,AA,AA,AG,100,88,62,NC_000003.12,Mutation NB - Maternal Origin,Transition - Purine/Purine,Unsolved
37790848,.,AA,AA,AG,70,61,43,NC_000003.12,Mutation NB - Maternal Origin,Transition - Purine/Purine,Unsolved
37790938,rs4679005,GG,GG,GC,79,100,56,NC_000003.12,Mutation NB - Paternal Origin,Transition - Purine/Purine,Transversion - Purine/Pyrimidine,Unsolved
38011715,rs9758003,CC,TC,TT,85,85,30,NC_000003.12,Mutation NB - Paternal Origin,Transition - Pyrimidine/Pyrimidine,C>T
39383316,rs2041667852,AA,AA,AG,73,82,44,NC_000003.12,Mutation NB - Paternal Origin,Transition - Purine/Purine,Unsolved
42492550,rs342520,AA,GG,AA,79,91,9,NC_000003.12,Mutation NB - Maternal Origin,Transition - Purine/Purine,G>A
42670631,rs339715,GG,TT,TT,82,82,15,NC_000003.12,Mutation NB - Paternal Origin,Transversion - Purine/Pyrimidine,G>T
43863299,rs11706284,CC,AA,CC,91,89,0,NC_000003.12,Mutation NB - Maternal Origin,Transversion - Purine/Pyrimidine,A>C
46497025,rs883740,GG,AA,AA,100,85,21,NC_000003.12,Mutation NB - Paternal Origin,Transition - Purine/Purine,G>A
46683620,rs9810659,AA,GG,GG,85,85,9,NC_000003.12,Mutation NB - Paternal Origin,Transition - Purine/Purine,A>G
46683630,rs9868213,TT,GG,GG,100,85,9,NC_000003.12,Mutation NB - Paternal Origin,Transversion - Purine/Pyrimidine,T>G
46994410,rs749512,CC,TT,TT,100,55,21,NC_000003.12,Mutation NB - Paternal Origin,Transition - Pyrimidine/Pyrimidine,C>T
47855438,.,CC,CC,CA,64,67,53,NC_000003.12,Mutation NB - Paternal Origin,Transversion - Purine/Pyrimidine,Unsolved
50540560,.,GG,GG,GA,88,88,56,NC_000003.12,Mutation NB - Paternal or Maternal,Transition - Purine/Purine,Unsolved
51998090,rs148285242,GG,GG,GA,79,82,99,NC_000003.12,Mutation NB - Paternal Origin,Transition - Purine/Purine,Unsolved
52132580,rs9841469,CC,CC,CA,82,91,99,NC_000003.12,Mutation NB - Paternal Origin,Transversion - Purine/Pyrimidine,Unsolved
52292805,rs145182754,AA,GG,GG,91,61,0,NC_000003.12,Mutation NB - Paternal Origin,Transition - Purine/Purine,A>G
52457462,.,AA,AA,AG,85,76,71,NC_000003.12,Mutation NB - Maternal Origin,Transition - Purine/Purine,Unsolved
53078806,.,AA,AA,AG,76,34,53,NC_000003.12,Mutation NB - Maternal Origin,Transition - Purine/Purine,Unsolved
53211639,.,AA,AA,AG,85,58,50,NC_000003.12,Mutation NB - Maternal Origin,Transition - Purine/Purine,Unsolved
54298756,rs9714322,CC,CC,CT,100,61,97,NC_000003.12,Mutation NB - Maternal Origin,Transition - Pyrimidine/Pyrimidine,Unsolved
56213838,rs6445773,CT,TT,CC,38,73,0,NC_000003.12,Mutation NB - Maternal Origin,Transition - Pyrimidine/Pyrimidine,T>C
56837038,rs9311623,TT,TT,CT,88,61,6,NC_000003.12,Mutation NB - Maternal Origin,Transition - Pyrimidine/Pyrimidine,Unsolved
56895038,rs874404,CC,TT,TT,76,76,12,NC_000003.12,Mutation NB - Paternal Origin,Transition - Pyrimidine/Pyrimidine,C>T
58567575,rs7647828,AA,GG,GG,91,79,12,NC_000003.12,Mutation NB - Paternal Origin,Transition - Purine/Purine,A>G
58662147,rs4681891,CC,CC,GC,91,64,99,NC_000003.12,Mutation NB - Maternal Origin,Transversion - Purine/Pyrimidine,Unsolved
58662149,rs4681892,CC,CC,TC,91,64,99,NC_000003.12,Mutation NB - Maternal Origin,Transition - Pyrimidine/Pyrimidine,Unsolved
58662153,rs58684917,GG,GG,GA,91,61,99,NC_000003.12,Mutation NB - Maternal Origin,Transition - Purine/Purine,Unsolved
58662161,rs181895805,CC,GG,GG,91,61,24,NC_000003.12,Mutation NB - Paternal Origin,Transversion - Purine/Pyrimidine,C>G
62354299,.,AA,AA,AG,88,52,42,NC_000003.12,Mutation NB - Maternal Origin,Transition - Purine/Purine,Unsolved
69128355,rs114342328,TT,CC,CC,91,82,18,NC_000003.12,Mutation NB - Paternal Origin,Transition - Pyrimidine/Pyrimidine,T>C
69128373,rs4615083,CC,TT,TT,91,82,18,NC_000003.12,Mutation NB - Paternal Origin,Transition - Pyrimidine/Pyrimidine,C>T
74125113,rs7631363,TT,TT,CT,91,85,24,NC_000003.12,Mutation NB - Maternal Origin,Transition - Pyrimidine/Pyrimidine,Unsolved
77670479,rs1424692919,AA,AA,AG,91,82,58,NC_000003.12,Mutation NB - Maternal Origin,Transition - Purine/Purine,Unsolved
82505355,rs186714019,CC,TT,CC,85,91,9,NC_000003.12,Mutation NB - Maternal Origin,Transition - Pyrimidine/Pyrimidine,T>C
82849772,rs79149840,TT,CC,CC,85,73,39,NC_000003.12,Mutation NB - Paternal Origin,Transition - Pyrimidine/Pyrimidine,T>C
88346228,rs1074613,GA,AA,GG,1,91,0,NC_000003.12,Mutation NB - Maternal Origin,Transition - Purine/Purine,A>G
89593259,rs544140921,CC,CC,CA,100,82,99,NC_000003.12,Mutation NB - Maternal Origin,Transversion - Purine/Pyrimidine,Unsolved
93906493,rs8178632,GG,GG,GA,79,73,24,NC_000003.12,Mutation NB - Maternal Origin,Transition - Purine/Purine,Unsolved
96069551,rs36050921,TT,CC,CC,88,85,12,NC_000003.12,Mutation NB - Paternal Origin,Transition - Pyrimidine/Pyrimidine,T>C
96801279,rs6796334,AA,AA,AT,100,70,99,NC_000003.12,Mutation NB - Maternal Origin,Transversion - Purine/Pyrimidine,Unsolved
96962097,rs62263705,TT,CC,CC,82,67,39,NC_000003.12,Mutation NB - Paternal Origin,Transition - Pyrimidine/Pyrimidine,T>C
97162145,rs111991789,GG,GG,GA,100,76,99,NC_000003.12,Mutation NB - Maternal Origin,Transition - Purine/Purine,Unsolved
100862439,rs112461437,GG,GG,TT,100,73,9,NC_000003.12,Mutation NB - Maternal Origin,Transversion - Purine/Pyrimidine,Unsolved
102860267,rs1949124,GG,TT,GG,100,88,0,NC_000003.12,Mutation NB - Maternal Origin,Transition - Purine/Purine,Transversion - Purine/Pyrimidine,T>G
102860280,rs1069718,TT,GG,TT,91,88,12,NC_000003.12,Mutation NB - Maternal Origin,Transversion - Purine/Pyrimidine,G>T
103966368,rs9853651,CC,CC,CG,100,70,99,NC_000003.12,Mutation NB - Maternal Origin,Transversion - Purine/Pyrimidine,Unsolved
105345313,rs1934738563,CC,CC,CT,76,76,53,NC_000003.12,Mutation NB - Paternal or Maternal,Transition - Pyrimidine/Pyrimidine,Unsolved
105600116,rs770720507,TT,TT,TC,70,61,65,NC_000003.12,Mutation NB - Maternal Origin,Transition - Pyrimidine/Pyrimidine,Unsolved
114236418,rs6438190,AA,GG,GG,91,85,0,NC_000003.12,Mutation NB - Paternal Origin,Transition - Purine/Purine,A>G
116286175,rs1019666320,AA,AA,AG,79,67,54,NC_000003.12,Mutation NB - Maternal Origin,Transition - Purine/Purine,Unsolved
118312509,.,AA,AA,AG,67,70,47,NC_000003.12,Mutation NB - Paternal Origin,Transition - Purine/Purine,Unsolved
118312614,rs75119391,CC,TT,TT,91,79,15,NC_000003.12,Mutation NB - Paternal Origin,Transition - Pyrimidine/Pyrimidine,C>T
122551669,.,TT,TT,TC,85,70,50,NC_000003.12,Mutation NB - Maternal Origin,Transition - Pyrimidine/Pyrimidine,Unsolved
122967942,rs6438774,AA,GG,AA,82,70,0,NC_000003.12,Mutation NB - Maternal Origin,Transition - Purine/Purine,G>A
122975067,.,AA,AA,AG,91,70,63,NC_000003.12,Mutation NB - Maternal Origin,Transition - Purine/Purine,Unsolved
124796651,rs2291087,CC,TT,TT,91,67,24,NC_000003.12,Mutation NB - Paternal Origin,Transition - Pyrimidine/Pyrimidine,C>T
125960862,.,AA,AA,AG,88,100,54,NC_000003.12,Mutation NB - Paternal Origin,Transition - Purine/Purine,Unsolved
126156559,rs4646706,GG,GG,GC,88,67,99,NC_000003.12,Mutation NB - Maternal Origin,Transition - Purine/Purine,Transversion - Purine/Pyrimidine,Unsolved
126292644,rs6438994,GA,AA,GG,1,79,18,NC_000003.12,Mutation NB - Maternal Origin,Transition - Purine/Purine,A>G
126292696,rs4679116,AG,GG,AA,13,79,15,NC_000003.12,Mutation NB - Maternal Origin,Transition - Purine/Purine,G>A
126292712,.,AA,AA,AG,76,79,33,NC_000003.12,Mutation NB - Paternal Origin,Transition - Purine/Purine,Unsolved
126313584,rs2082264187,GG,GG,GA,61,85,59,NC_000003.12,Mutation NB - Paternal Origin,Transition - Purine/Purine,Unsolved
126494319,rs2693473,AG,AA,GG,32,82,2,NC_000003.12,Mutation NB - Maternal Origin,Transition - Purine/Purine,A>G
126570363,rs13078546,GG,GA,AA,91,33,9,NC_000003.12,Mutation NB - Paternal Origin,Transition - Purine/Purine,G>A
127127005,rs970494,AG,GG,AA,32,88,0,NC_000003.12,Mutation NB - Maternal Origin,Transition - Purine/Purine,G>A
127473009,rs67235138,GG,GG,GA,79,100,68,NC_000003.12,Mutation NB - Paternal Origin,Transition - Purine/Purine,Unsolved
128845761,rs114366529,AA,AA,AT,100,64,95,NC_000003.12,Mutation NB - Maternal Origin,Transversion - Purine/Pyrimidine,Unsolved
129247636,rs6803404,GG,AA,AA,88,85,9,NC_000003.12,Mutation NB - Paternal Origin,Transition - Purine/Purine,G>A
129583031,rs2811464,GG,AA,GG,88,88,0,NC_000003.12,Mutation NB - Maternal Origin,Transition - Purine/Purine,A>G
133167492,rs4373064,CC,GC,GG,88,1,12,NC_000003.12,Mutation NB - Paternal Origin,Transversion - Purine/Pyrimidine,C>G
133342799,rs1795094,CC,GC,GG,82,83,0,NC_000003.12,Mutation NB - Paternal Origin,Transversion - Purine/Pyrimidine,C>G
133360633,rs1849505,TT,TT,TA,79,100,99,NC_000003.12,Mutation NB - Paternal Origin,Transition - Pyrimidine/Pyrimidine,Transversion - Purine/Pyrimidine,Unsolved
140373993,rs62268033,CA,CC,AA,10,100,9,NC_000003.12,Mutation NB - Maternal Origin,Transversion - Purine/Pyrimidine,C>A
143096419,rs9808965,GG,GG,GA,100,70,99,NC_000003.12,Mutation NB - Maternal Origin,Transition - Purine/Purine,Unsolved
143537347,rs58337567,GG,GG,GC,100,76,98,NC_000003.12,Mutation NB - Maternal Origin,Transition - Purine/Purine,Transversion - Purine/Pyrimidine,Unsolved
143723932,rs7645701,AA,GG,GG,85,73,0,NC_000003.12,Mutation NB - Paternal Origin,Transition - Purine/Purine,A>G
146611310,.,AA,AA,AG,100,61,38,NC_000003.12,Mutation NB - Maternal Origin,Transition - Purine/Purine,Unsolved
147245631,rs13085506,CC,CC,CT,100,67,99,NC_000003.12,Mutation NB - Maternal Origin,Transition - Pyrimidine/Pyrimidine,Unsolved
149410418,rs60706027,TT,TT,TG,100,85,95,NC_000003.12,Mutation NB - Maternal Origin,Transition - Pyrimidine/Pyrimidine,Transversion - Purine/Pyrimidine,Unsolved
151929402,rs539979501,TT,TT,TC,73,61,40,NC_000003.12,Mutation NB - Maternal Origin,Transition - Pyrimidine/Pyrimidine,Unsolved
152847119,rs141732486,AA,AA,AG,100,43,6,NC_000003.12,Mutation NB - Maternal Origin,Transition - Purine/Purine,Unsolved
154766909,rs73873036,AA,GG,GG,85,82,0,NC_000003.12,Mutation NB - Paternal Origin,Transition - Purine/Purine,A>G
155411650,rs10936002,CC,TT,CC,76,88,24,NC_000003.12,Mutation NB - Maternal Origin,Transition - Pyrimidine/Pyrimidine,T>C
155411651,rs7612603,AG,GG,AA,41,88,24,NC_000003.12,Mutation NB - Maternal Origin,Transition - Purine/Purine,G>A
155462385,rs6440993,GG,GG,GA,100,76,99,NC_000003.12,Mutation NB - Maternal Origin,Transition - Purine/Purine,Unsolved
155717358,rs111339540,CC,CC,CT,100,73,99,NC_000003.12,Mutation NB - Maternal Origin,Transition - Pyrimidine/Pyrimidine,Unsolved
160878049,rs142306117,GG,GG,GC,85,64,24,NC_000003.12,Mutation NB - Maternal Origin,Transition - Purine/Purine,Transversion - Purine/Pyrimidine,Unsolved
160878108,rs1947146,TT,CC,CC,88,64,18,NC_000003.12,Mutation NB - Paternal Origin,Transition - Pyrimidine/Pyrimidine,T>C
165435416,rs1525374,GG,GG,GA,100,88,97,NC_000003.12,Mutation NB - Maternal Origin,Transition - Purine/Purine,Unsolved
169659088,rs9879704,AA,AA,AG,100,91,89,NC_000003.12,Mutation NB - Maternal Origin,Transition - Purine/Purine,Unsolved
170458472,.,TT,TT,TC,85,70,46,NC_000003.12,Mutation NB - Maternal Origin,Transition - Pyrimidine/Pyrimidine,Unsolved
171207749,rs569122018,AA,AA,AG,88,70,56,NC_000003.12,Mutation NB - Maternal Origin,Transition - Purine/Purine,Unsolved
171428695,rs7638292,GG,AA,AA,100,76,18,NC_000003.12,Mutation NB - Paternal Origin,Transition - Purine/Purine,G>A
183028420,rs34822404,CC,CC,CT,91,91,99,NC_000003.12,Mutation NB - Paternal or Maternal,Transition - Pyrimidine/Pyrimidine,Unsolved
183101289,rs114830081,GG,GG,GA,100,82,99,NC_000003.12,Mutation NB - Maternal Origin,Transition - Purine/Purine,Unsolved
191192697,rs7649883,AA,AA,GA,85,82,9,NC_000003.12,Mutation NB - Maternal Origin,Transition - Purine/Purine,Unsolved
191442037,rs554855637,TT,TT,TC,76,79,68,NC_000003.12,Mutation NB - Paternal Origin,Transition - Pyrimidine/Pyrimidine,Unsolved
191653312,rs6768840,TT,TT,TA,100,88,62,NC_000003.12,Mutation NB - Maternal Origin,Transition - Pyrimidine/Pyrimidine,Transversion - Purine/Pyrimidine,Unsolved
194281604,rs9810790,AA,AA,AG,100,76,65,NC_000003.12,Mutation NB - Maternal Origin,Transition - Purine/Purine,Unsolved
194669888,rs1773230,GG,CC,GG,85,58,0,NC_000003.12,Mutation NB - Maternal Origin,Transversion - Purine/Pyrimidine,C>G
195255521,rs11921174,TT,TT,TC,100,85,67,NC_000003.12,Mutation NB - Maternal Origin,Transition - Pyrimidine/Pyrimidine,Unsolved
196003482,rs376297203,CC,CC,CT,100,70,53,NC_000003.12,Mutation NB - Maternal Origin,Transition - Pyrimidine/Pyrimidine,Unsolved
505650,rs57099085,AA,TT,TT,95,73,42,NC_000004.12,Mutation NB - Paternal Origin,Transversion - Purine/Pyrimidine,A>T
774653,rs7683551,TT,TT,TC,100,64,99,NC_000004.12,Mutation NB - Maternal Origin,Transition - Pyrimidine/Pyrimidine,Unsolved
1015915,rs116709547,GG,GG,GT,100,61,99,NC_000004.12,Mutation NB - Maternal Origin,Transversion - Purine/Pyrimidine,Unsolved
1089099,rs13146371,TT,CT,CC,58,39,12,NC_000004.12,Mutation NB - Paternal Origin,Transition - Pyrimidine/Pyrimidine,T>C
1198146,rs80212361,AA,CC,CC,91,88,0,NC_000004.12,Mutation NB - Paternal Origin,Transversion - Purine/Pyrimidine,A>C
1228775,rs1732110,TT,CC,CC,100,82,9,NC_000004.12,Mutation NB - Paternal Origin,Transition - Pyrimidine/Pyrimidine,T>C
1231160,rs12643212,AA,GG,AA,88,88,12,NC_000004.12,Mutation NB - Maternal Origin,Transition - Purine/Purine,G>A
1308913,.,TT,TT,TC,85,70,50,NC_000004.12,Mutation NB - Maternal Origin,Transition - Pyrimidine/Pyrimidine,Unsolved
2402054,rs183485008,CC,CC,CT,91,91,99,NC_000004.12,Mutation NB - Paternal or Maternal,Transition - Pyrimidine/Pyrimidine,Unsolved
2402314,rs10005641,TT,CC,CC,88,85,27,NC_000004.12,Mutation NB - Paternal Origin,Transition - Pyrimidine/Pyrimidine,T>C
2665338,.,AA,AA,AG,91,91,33,NC_000004.12,Mutation NB - Paternal or Maternal,Transition - Purine/Purine,Unsolved
3659407,rs17203086,TT,GG,GG,91,91,9,NC_000004.12,Mutation NB - Paternal Origin,Transversion - Purine/Pyrimidine,T>G
3659447,rs17809118,TT,GG,GG,91,91,9,NC_000004.12,Mutation NB - Paternal Origin,Transversion - Purine/Pyrimidine,T>G
3822525,rs28419502,TT,AA,AA,49,88,0,NC_000004.12,Mutation NB - Paternal Origin,Transversion - Purine/Pyrimidine,T>A
3822543,rs28405916,GG,TT,TT,49,88,0,NC_000004.12,Mutation NB - Paternal Origin,Transversion - Purine/Pyrimidine,G>T
4243834,rs2980104,TT,TT,TC,100,88,99,NC_000004.12,Mutation NB - Maternal Origin,Transition - Pyrimidine/Pyrimidine,Unsolved
5015781,rs10031270,TT,GG,GG,91,91,12,NC_000004.12,Mutation NB - Paternal Origin,Transversion - Purine/Pyrimidine,T>G
6193738,.,AA,AA,AG,91,76,53,NC_000004.12,Mutation NB - Maternal Origin,Transition - Purine/Purine,Unsolved
6389171,.,TT,TT,TC,82,67,59,NC_000004.12,Mutation NB - Maternal Origin,Transition - Pyrimidine/Pyrimidine,Unsolved
6441534,.,TT,TT,TC,70,34,53,NC_000004.12,Mutation NB - Maternal Origin,Transition - Pyrimidine/Pyrimidine,Unsolved
7000055,rs112663254,AA,GG,GG,88,85,36,NC_000004.12,Mutation NB - Paternal Origin,Transition - Purine/Purine,A>G
7324356,rs4689105,GG,AA,AA,91,79,0,NC_000004.12,Mutation NB - Paternal Origin,Transition - Purine/Purine,G>A
7461259,.,AA,AA,AG,85,76,71,NC_000004.12,Mutation NB - Maternal Origin,Transition - Purine/Purine,Unsolved
7485176,rs28685600,GG,GG,GT,91,52,99,NC_000004.12,Mutation NB - Maternal Origin,Transversion - Purine/Pyrimidine,Unsolved
7623930,rs4689803,AA,TT,AA,88,100,9,NC_000004.12,Mutation NB - Maternal Origin,Transversion - Purine/Pyrimidine,T>A
8240489,rs2291071,GG,GG,GA,85,85,24,NC_000004.12,Mutation NB - Paternal or Maternal,Transition - Purine/Purine,Unsolved
8268071,rs79635807,CC,CC,CT,100,90,99,NC_000004.12,Mutation NB - Maternal Origin,Transition - Pyrimidine/Pyrimidine,Unsolved
8379918,.,TT,TT,TC,64,55,44,NC_000004.12,Mutation NB - Maternal Origin,Transition - Pyrimidine/Pyrimidine,Unsolved
8504025,rs59872851,TT,CC,CC,91,85,18,NC_000004.12,Mutation NB - Paternal Origin,Transition - Pyrimidine/Pyrimidine,T>C
9524524,rs35007886,AG,GG,AA,35,67,0,NC_000004.12,Mutation NB - Maternal Origin,Transition - Purine/Purine,G>A
10099676,rs34104130,GG,GG,GT,91,100,67,NC_000004.12,Mutation NB - Paternal Origin,Transversion - Purine/Pyrimidine,Unsolved
10102947,rs12648479,AA,AA,GA,85,88,99,NC_000004.12,Mutation NB - Paternal Origin,Transition - Purine/Purine,Unsolved
10187722,rs73220609,AA,AG,GG,88,1,18,NC_000004.12,Mutation NB - Paternal Origin,Transition - Purine/Purine,A>G
11738638,rs10939368,CC,TT,TT,100,91,18,NC_000004.12,Mutation NB - Paternal Origin,Transition - Pyrimidine/Pyrimidine,C>T
13159164,rs10017077,TT,TT,TC,88,100,98,NC_000004.12,Mutation NB - Paternal Origin,Transition - Pyrimidine/Pyrimidine,Unsolved
13799740,rs4698156,TT,CC,CC,91,100,24,NC_000004.12,Mutation NB - Paternal Origin,Transition - Pyrimidine/Pyrimidine,T>C
15809750,rs3775952,CC,TT,TT,91,73,0,NC_000004.12,Mutation NB - Paternal Origin,Transition - Pyrimidine/Pyrimidine,C>T
17436102,rs146028853,AA,GG,GG,85,49,21,NC_000004.12,Mutation NB - Paternal Origin,Transition - Purine/Purine,A>G
18158630,rs2174221,GG,GG,GC,100,100,99,NC_000004.12,Mutation NB - Paternal or Maternal,Transition - Purine/Purine,Transversion - Purine/Pyrimidine,Unsolved
20782354,rs12647834,GG,GG,GT,100,82,99,NC_000004.12,Mutation NB - Maternal Origin,Transversion - Purine/Pyrimidine,Unsolved
25246789,rs313560,CC,CT,TT,100,1,27,NC_000004.12,Mutation NB - Paternal Origin,Transition - Pyrimidine/Pyrimidine,C>T
27091629,.,CC,CC,CA,91,91,65,NC_000004.12,Mutation NB - Paternal or Maternal,Transversion - Purine/Pyrimidine,Unsolved
28710198,.,AA,AA,AG,91,85,62,NC_000004.12,Mutation NB - Maternal Origin,Transition - Purine/Purine,Unsolved
31995260,.,TT,TT,TC,76,64,47,NC_000004.12,Mutation NB - Maternal Origin,Transition - Pyrimidine/Pyrimidine,Unsolved
31996673,rs4498170,GG,CC,CC,88,58,12,NC_000004.12,Mutation NB - Paternal Origin,Transversion - Purine/Pyrimidine,G>C
36064533,.,TT,TT,TC,91,91,54,NC_000004.12,Mutation NB - Paternal or Maternal,Transition - Pyrimidine/Pyrimidine,Unsolved
38983205,rs11943282,TT,TT,TC,85,67,99,NC_000004.12,Mutation NB - Maternal Origin,Transition - Pyrimidine/Pyrimidine,Unsolved
38983232,rs11946488,GG,GG,GA,85,67,99,NC_000004.12,Mutation NB - Maternal Origin,Transition - Purine/Purine,Unsolved
42994409,.,AA,AA,AG,82,61,47,NC_000004.12,Mutation NB - Maternal Origin,Transition - Purine/Purine,Unsolved
43846407,rs2613142,GG,AA,AA,79,58,0,NC_000004.12,Mutation NB - Paternal Origin,Transition - Purine/Purine,G>A
45048520,rs56300741,TT,TT,TC,91,100,30,NC_000004.12,Mutation NB - Paternal Origin,Transition - Pyrimidine/Pyrimidine,Unsolved
47606469,.,AA,AA,AG,85,85,47,NC_000004.12,Mutation NB - Paternal or Maternal,Transition - Purine/Purine,Unsolved
47873399,.,AA,AA,AG,91,91,56,NC_000004.12,Mutation NB - Paternal or Maternal,Transition - Purine/Purine,Unsolved
51943037,rs1316498,AA,TT,TT,91,79,15,NC_000004.12,Mutation NB - Paternal Origin,Transversion - Purine/Pyrimidine,A>T
53832880,.,CC,CC,CT,76,82,54,NC_000004.12,Mutation NB - Paternal Origin,Transition - Pyrimidine/Pyrimidine,Unsolved
56619783,rs28437760,CC,TT,TT,91,85,18,NC_000004.12,Mutation NB - Paternal Origin,Transition - Pyrimidine/Pyrimidine,C>T
58429907,rs1598056,GG,TG,TT,91,1,0,NC_000004.12,Mutation NB - Paternal Origin,Transversion - Purine/Pyrimidine,G>T
59814629,rs59194490,AA,AA,AG,67,4,99,NC_000004.12,Mutation NB - Maternal Origin,Transition - Purine/Purine,Unsolved
60638258,rs12715691,CC,TT,TT,100,61,45,NC_000004.12,Mutation NB - Paternal Origin,Transition - Pyrimidine/Pyrimidine,C>T
63478494,rs6810749,GG,CC,GG,67,82,18,NC_000004.12,Mutation NB - Maternal Origin,Transversion - Purine/Pyrimidine,C>G
66988853,.,AA,AA,AG,61,79,50,NC_000004.12,Mutation NB - Paternal Origin,Transition - Purine/Purine,Unsolved
72215544,rs1513893,GG,AA,AA,85,73,12,NC_000004.12,Mutation NB - Paternal Origin,Transition - Purine/Purine,G>A
72680017,rs12647530,GG,GG,GC,73,100,99,NC_000004.12,Mutation NB - Paternal Origin,Transition - Purine/Purine,Transversion - Purine/Pyrimidine,Unsolved
73544520,rs11728915,AA,GG,AA,88,100,12,NC_000004.12,Mutation NB - Maternal Origin,Transition - Purine/Purine,G>A
76290711,rs56357209,TT,CC,CC,91,70,21,NC_000004.12,Mutation NB - Paternal Origin,Transition - Pyrimidine/Pyrimidine,T>C
76372421,rs72657826,GG,AA,GG,82,65,33,NC_000004.12,Mutation NB - Maternal Origin,Transition - Purine/Purine,A>G
78057258,rs28433362,CC,TT,TT,85,100,0,NC_000004.12,Mutation NB - Paternal Origin,Transition - Pyrimidine/Pyrimidine,C>T
81528685,.,AA,AA,AG,91,88,40,NC_000004.12,Mutation NB - Maternal Origin,Transition - Purine/Purine,Unsolved
86020757,rs7692676,AA,AA,AG,100,85,68,NC_000004.12,Mutation NB - Maternal Origin,Transition - Purine/Purine,Unsolved
90208196,rs60201230,AT,AA,TT,9,100,18,NC_000004.12,Mutation NB - Maternal Origin,Transversion - Purine/Pyrimidine,A>T
90449142,rs74638826,CC,CC,CT,100,43,99,NC_000004.12,Mutation NB - Maternal Origin,Transition - Pyrimidine/Pyrimidine,Unsolved
96743460,rs566198261,TT,TT,TA,91,82,68,NC_000004.12,Mutation NB - Maternal Origin,Transition - Pyrimidine/Pyrimidine,Transversion - Purine/Pyrimidine,Unsolved
96743516,rs28476777,CC,TT,CC,85,70,42,NC_000004.12,Mutation NB - Maternal Origin,Transition - Pyrimidine/Pyrimidine,T>C
97536150,rs11941060,AA,AA,AC,100,70,21,NC_000004.12,Mutation NB - Maternal Origin,Transversion - Purine/Pyrimidine,Unsolved
99328053,rs2213042,TT,CC,CC,100,67,36,NC_000004.12,Mutation NB - Paternal Origin,Transition - Pyrimidine/Pyrimidine,T>C
100608067,rs4699405,CT,TT,CC,1,70,0,NC_000004.12,Mutation NB - Maternal Origin,Transition - Pyrimidine/Pyrimidine,T>C
100608842,rs112677756,CC,CC,CT,100,64,64,NC_000004.12,Mutation NB - Maternal Origin,Transition - Pyrimidine/Pyrimidine,Unsolved
103416170,rs192854778,AA,AG,GG,88,1,9,NC_000004.12,Mutation NB - Paternal Origin,Transition - Purine/Purine,A>G
112073219,rs28793891,CC,CC,CA,100,70,30,NC_000004.12,Mutation NB - Maternal Origin,Transversion - Purine/Pyrimidine,Unsolved
112698841,rs10000519,GA,GG,AA,41,100,12,NC_000004.12,Mutation NB - Maternal Origin,Transition - Purine/Purine,G>A
113005937,rs142115933,CC,CC,CT,91,85,71,NC_000004.12,Mutation NB - Maternal Origin,Transition - Pyrimidine/Pyrimidine,Unsolved
115365343,rs12506862,CC,CT,TT,100,1,21,NC_000004.12,Mutation NB - Paternal Origin,Transition - Pyrimidine/Pyrimidine,C>T
119174105,rs11098492,AA,AA,CC,88,73,0,NC_000004.12,Mutation NB - Maternal Origin,Transversion - Purine/Pyrimidine,Unsolved
120943485,rs4327508,AA,AA,AG,100,88,55,NC_000004.12,Mutation NB - Maternal Origin,Transition - Purine/Purine,Unsolved
121662951,rs2892949,AA,AA,TA,91,73,21,NC_000004.12,Mutation NB - Maternal Origin,Transversion - Purine/Pyrimidine,Unsolved
123221209,rs113546238,GA,GG,AA,32,55,18,NC_000004.12,Mutation NB - Maternal Origin,Transition - Purine/Purine,G>A
126134648,rs12502707,GG,GG,TT,70,85,9,NC_000004.12,Mutation NB - Paternal Origin,Transversion - Purine/Pyrimidine,Unsolved
126479369,.,TT,TT,TC,88,70,56,NC_000004.12,Mutation NB - Maternal Origin,Transition - Pyrimidine/Pyrimidine,Unsolved
129897777,rs2952901,TC,CC,TT,32,91,21,NC_000004.12,Mutation NB - Maternal Origin,Transversion - Purine/Pyrimidine,C>T
131369360,rs11099100,GA,GG,AA,1,100,33,NC_000004.12,Mutation NB - Maternal Origin,Transition - Purine/Purine,G>A
135184046,rs77146151,CC,CT,TT,91,29,9,NC_000004.12,Mutation NB - Paternal Origin,Transition - Pyrimidine/Pyrimidine,C>T
135407006,rs13144773,GG,TG,TT,79,1,48,NC_000004.12,Mutation NB - Paternal Origin,Transversion - Purine/Pyrimidine,G>T
137943164,rs186427132,CC,CG,GG,67,85,9,NC_000004.12,Mutation NB - Paternal Origin,Transversion - Purine/Pyrimidine,C>G
138823905,.,AA,AA,AG,73,91,65,NC_000004.12,Mutation NB - Paternal Origin,Transition - Purine/Purine,Unsolved
139813879,.,AA,AA,AG,85,88,45,NC_000004.12,Mutation NB - Paternal Origin,Transition - Purine/Purine,Unsolved
139823445,rs1350038,TT,TT,CT,91,71,99,NC_000004.12,Mutation NB - Maternal Origin,Transition - Pyrimidine/Pyrimidine,Unsolved
144873853,.,TT,TT,TA,58,58,39,NC_000004.12,Mutation NB - Paternal or Maternal,Transition - Pyrimidine/Pyrimidine,Transversion - Purine/Pyrimidine,Unsolved
145260072,.,CC,CC,CT,79,82,47,NC_000004.12,Mutation NB - Paternal Origin,Transition - Pyrimidine/Pyrimidine,Unsolved
147993952,rs1567062,AG,GG,AA,1,88,0,NC_000004.12,Mutation NB - Maternal Origin,Transition - Purine/Purine,G>A
152048717,rs56114278,TT,AA,AA,91,73,18,NC_000004.12,Mutation NB - Paternal Origin,Transversion - Purine/Pyrimidine,T>A
154852610,rs7689249,CC,GG,CC,100,82,0,NC_000004.12,Mutation NB - Maternal Origin,Transversion - Purine/Pyrimidine,G>C
155077371,rs1456453,TT,GT,GG,82,35,33,NC_000004.12,Mutation NB - Paternal Origin,Transversion - Purine/Pyrimidine,T>G
159878289,rs13141466,GG,AA,AA,100,88,27,NC_000004.12,Mutation NB - Paternal Origin,Transition - Purine/Purine,G>A
164478864,rs1394807,TT,GG,GG,88,91,9,NC_000004.12,Mutation NB - Paternal Origin,Transversion - Purine/Pyrimidine,T>G
167925131,rs59995195,CC,CC,CA,91,79,29,NC_000004.12,Mutation NB - Maternal Origin,Transversion - Purine/Pyrimidine,Unsolved
168756140,rs10028395,CC,TT,CC,88,88,12,NC_000004.12,Mutation NB - Maternal Origin,Transition - Pyrimidine/Pyrimidine,T>C
170127125,rs1600586,GT,TT,GG,28,88,0,NC_000004.12,Mutation NB - Maternal Origin,Transversion - Purine/Pyrimidine,T>G
170127133,rs1842441,CG,GG,CC,28,88,0,NC_000004.12,Mutation NB - Maternal Origin,Transversion - Purine/Pyrimidine,G>C
170363211,rs59657562,AA,AA,AG,100,86,99,NC_000004.12,Mutation NB - Maternal Origin,Transition - Purine/Purine,Unsolved
171070075,.,TT,TT,TC,79,76,49,NC_000004.12,Mutation NB - Maternal Origin,Transition - Pyrimidine/Pyrimidine,Unsolved
175644225,rs28380270,GG,GG,GA,88,67,99,NC_000004.12,Mutation NB - Maternal Origin,Transition - Purine/Purine,Unsolved
180515862,rs75404735,GG,GG,GA,85,91,59,NC_000004.12,Mutation NB - Paternal Origin,Transition - Purine/Purine,Unsolved
180635651,rs2613009,CC,TC,TT,91,76,0,NC_000004.12,Mutation NB - Paternal Origin,Transition - Pyrimidine/Pyrimidine,C>T
184152170,rs28496970,GG,CC,CC,85,79,21,NC_000004.12,Mutation NB - Paternal Origin,Transversion - Purine/Pyrimidine,G>C
184152174,rs62340150,AA,GG,GG,85,79,21,NC_000004.12,Mutation NB - Paternal Origin,Transition - Purine/Purine,A>G
184261542,rs11727655,TT,CC,TT,91,85,0,NC_000004.12,Mutation NB - Maternal Origin,Transition - Pyrimidine/Pyrimidine,C>T
184950298,.,GG,GG,GA,73,73,44,NC_000004.12,Mutation NB - Paternal or Maternal,Transition - Purine/Purine,Unsolved
184959642,rs6819552,AA,AA,AG,85,85,99,NC_000004.12,Mutation NB - Paternal or Maternal,Transition - Purine/Purine,Unsolved
186859689,rs322409,CC,AA,AA,100,79,9,NC_000004.12,Mutation NB - Paternal Origin,Transversion - Purine/Pyrimidine,C>A
187518299,rs113706633,CC,CC,CT,100,88,59,NC_000004.12,Mutation NB - Maternal Origin,Transition - Pyrimidine/Pyrimidine,Unsolved
187628938,rs113308198,GG,GG,GA,85,76,58,NC_000004.12,Mutation NB - Maternal Origin,Transition - Purine/Purine,Unsolved
458063,.,AA,AA,AC,88,67,59,NC_000005.10,Mutation NB - Maternal Origin,Transversion - Purine/Pyrimidine,Unsolved
458069,rs75958901,AA,AA,AG,88,67,99,NC_000005.10,Mutation NB - Maternal Origin,Transition - Purine/Purine,Unsolved
758056,rs11134231,AA,AA,AT,61,58,99,NC_000005.10,Mutation NB - Maternal Origin,Transversion - Purine/Pyrimidine,Unsolved
1205006,rs114401145,GG,GG,GA,100,82,67,NC_000005.10,Mutation NB - Maternal Origin,Transition - Purine/Purine,Unsolved
1621632,rs1252009124,AA,AA,AC,100,67,99,NC_000005.10,Mutation NB - Maternal Origin,Transversion - Purine/Pyrimidine,Unsolved
1733052,rs55953919,AA,GG,GG,76,82,0,NC_000005.10,Mutation NB - Paternal Origin,Transition - Purine/Purine,A>G
1734887,rs115353746,CC,CC,TT,100,73,12,NC_000005.10,Mutation NB - Maternal Origin,Transition - Pyrimidine/Pyrimidine,Unsolved
1852126,rs151244234,TT,CC,CC,91,76,18,NC_000005.10,Mutation NB - Paternal Origin,Transition - Pyrimidine/Pyrimidine,T>C
2799860,.,GG,GG,GA,58,34,47,NC_000005.10,Mutation NB - Maternal Origin,Transition - Purine/Purine,Unsolved
3218390,rs1661075,TT,TT,CT,85,88,99,NC_000005.10,Mutation NB - Paternal Origin,Transition - Pyrimidine/Pyrimidine,Unsolved
3363854,rs4518402,GG,AA,AA,100,82,15,NC_000005.10,Mutation NB - Paternal Origin,Transition - Purine/Purine,G>A
3363995,rs72722907,CC,GG,CC,88,85,0,NC_000005.10,Mutation NB - Maternal Origin,Transversion - Purine/Pyrimidine,G>C
3649517,rs34450480,TT,TT,TC,100,64,99,NC_000005.10,Mutation NB - Maternal Origin,Transition - Pyrimidine/Pyrimidine,Unsolved
3657875,rs28608637,GG,AA,AA,91,85,21,NC_000005.10,Mutation NB - Paternal Origin,Transition - Purine/Purine,G>A
4942349,rs116601577,GG,GG,GC,100,82,59,NC_000005.10,Mutation NB - Maternal Origin,Transition - Purine/Purine,Transversion - Purine/Pyrimidine,Unsolved
5229364,rs2399737,TT,CC,CC,67,82,0,NC_000005.10,Mutation NB - Paternal Origin,Transition - Pyrimidine/Pyrimidine,T>C
5229373,rs2399736,CC,GG,GG,64,82,12,NC_000005.10,Mutation NB - Paternal Origin,Transversion - Purine/Pyrimidine,C>G
7243868,rs4537030,TT,GG,GG,100,61,45,NC_000005.10,Mutation NB - Paternal Origin,Transversion - Purine/Pyrimidine,T>G
8663871,rs200086,GG,GG,GA,100,88,62,NC_000005.10,Mutation NB - Maternal Origin,Transition - Purine/Purine,Unsolved
8757929,rs6882019,AA,GG,GG,82,64,9,NC_000005.10,Mutation NB - Paternal Origin,Transition - Purine/Purine,A>G
9176319,rs10044766,CC,CC,CT,100,82,99,NC_000005.10,Mutation NB - Maternal Origin,Transition - Pyrimidine/Pyrimidine,Unsolved
9948901,rs1366626,AA,GA,GG,85,1,0,NC_000005.10,Mutation NB - Paternal Origin,Transition - Purine/Purine,A>G
10460344,rs938453,GG,GC,CC,88,41,9,NC_000005.10,Mutation NB - Paternal Origin,Transversion - Purine/Pyrimidine,G>C
13030346,rs112720547,TT,CC,CC,100,88,24,NC_000005.10,Mutation NB - Paternal Origin,Transition - Pyrimidine/Pyrimidine,T>C
13244533,rs4620024,AA,GA,GG,70,1,0,NC_000005.10,Mutation NB - Paternal Origin,Transition - Purine/Purine,A>G
13996852,rs182896,AA,AG,GG,100,6,30,NC_000005.10,Mutation NB - Paternal Origin,Transition - Purine/Purine,A>G
14051668,rs163832,AA,TT,TT,91,79,15,NC_000005.10,Mutation NB - Paternal Origin,Transversion - Purine/Pyrimidine,A>T
14082602,rs35145484,AA,AA,AG,85,85,64,NC_000005.10,Mutation NB - Paternal or Maternal,Transition - Purine/Purine,Unsolved
16293923,rs2582667,AA,CC,CC,91,91,21,NC_000005.10,Mutation NB - Paternal Origin,Transversion - Purine/Pyrimidine,A>C
19209505,.,AA,AA,AG,82,82,53,NC_000005.10,Mutation NB - Paternal or Maternal,Transition - Purine/Purine,Unsolved
22631475,.,TT,TT,TC,91,58,50,NC_000005.10,Mutation NB - Maternal Origin,Transition - Pyrimidine/Pyrimidine,Unsolved
26227461,rs10077797,CC,CT,TT,100,85,21,NC_000005.10,Mutation NB - Paternal Origin,Transition - Pyrimidine/Pyrimidine,C>T
27590762,rs114790329,TC,TT,CC,73,88,9,NC_000005.10,Mutation NB - Maternal Origin,Transition - Pyrimidine/Pyrimidine,T>C
29905012,.,AA,AA,AG,73,82,47,NC_000005.10,Mutation NB - Paternal Origin,Transition - Purine/Purine,Unsolved
30345942,.,GG,GG,GA,88,61,47,NC_000005.10,Mutation NB - Maternal Origin,Transition - Purine/Purine,Unsolved
31547454,rs7703510,GG,AA,GG,79,73,0,NC_000005.10,Mutation NB - Maternal Origin,Transition - Purine/Purine,A>G
32472609,.,TT,TT,TA,88,67,59,NC_000005.10,Mutation NB - Maternal Origin,Transition - Pyrimidine/Pyrimidine,Transversion - Purine/Pyrimidine,Unsolved
34492172,rs7380823,TG,GG,TT,32,85,12,NC_000005.10,Mutation NB - Maternal Origin,Transversion - Purine/Pyrimidine,G>T
34578964,.,GG,GG,GA,82,98,44,NC_000005.10,Mutation NB - Paternal Origin,Transition - Purine/Purine,Unsolved
35933717,rs6892087,GG,AA,AA,76,88,0,NC_000005.10,Mutation NB - Paternal Origin,Transition - Purine/Purine,G>A
39209924,rs260085,TT,AA,AA,88,82,33,NC_000005.10,Mutation NB - Paternal Origin,Transversion - Purine/Pyrimidine,T>A
39655039,rs35612110,GG,GG,AA,100,82,9,NC_000005.10,Mutation NB - Maternal Origin,Transition - Purine/Purine,Unsolved
40567094,rs72745992,CC,TT,CC,61,58,0,NC_000005.10,Mutation NB - Maternal Origin,Transition - Pyrimidine/Pyrimidine,T>C
42591695,rs62371988,TT,TC,CC,100,8,48,NC_000005.10,Mutation NB - Paternal Origin,Transition - Pyrimidine/Pyrimidine,T>C
44986087,rs111778497,AA,AG,GG,82,1,51,NC_000005.10,Mutation NB - Paternal Origin,Transition - Purine/Purine,A>G
63132729,rs350301,CC,TT,CC,85,100,12,NC_000005.10,Mutation NB - Maternal Origin,Transition - Pyrimidine/Pyrimidine,T>C
66970398,rs73768765,AA,GG,GG,88,79,21,NC_000005.10,Mutation NB - Paternal Origin,Transition - Purine/Purine,A>G
67315450,.,AA,AA,AG,67,43,56,NC_000005.10,Mutation NB - Maternal Origin,Transition - Purine/Purine,Unsolved
68437295,rs256454,TT,TC,CC,100,10,42,NC_000005.10,Mutation NB - Paternal Origin,Transition - Pyrimidine/Pyrimidine,T>C
68883422,.,GG,GG,GA,88,82,52,NC_000005.10,Mutation NB - Maternal Origin,Transition - Purine/Purine,Unsolved
73197439,rs7702108,GG,AA,AA,88,49,45,NC_000005.10,Mutation NB - Paternal Origin,Transition - Purine/Purine,G>A
74096898,rs72774502,AA,CC,AA,82,76,42,NC_000005.10,Mutation NB - Maternal Origin,Transversion - Purine/Pyrimidine,C>A
93921138,.,TT,TT,TC,88,79,47,NC_000005.10,Mutation NB - Maternal Origin,Transition - Pyrimidine/Pyrimidine,Unsolved
95013082,rs72777375,CC,TT,CC,76,82,42,NC_000005.10,Mutation NB - Maternal Origin,Transition - Pyrimidine/Pyrimidine,T>C
96968772,rs115868473,GG,AA,AA,91,79,12,NC_000005.10,Mutation NB - Paternal Origin,Transition - Purine/Purine,G>A
101806519,rs6866634,GG,CC,CC,82,64,12,NC_000005.10,Mutation NB - Paternal Origin,Transversion - Purine/Pyrimidine,G>C
102145273,.,TT,TT,TC,79,89,56,NC_000005.10,Mutation NB - Paternal Origin,Transition - Pyrimidine/Pyrimidine,Unsolved
108644358,.,GG,GG,GA,91,73,99,NC_000005.10,Mutation NB - Maternal Origin,Transition - Purine/Purine,Unsolved
111717341,rs78786686,GG,GG,GA,91,100,62,NC_000005.10,Mutation NB - Paternal Origin,Transition - Purine/Purine,Unsolved
115036563,rs13360458,CC,TT,TT,100,70,27,NC_000005.10,Mutation NB - Paternal Origin,Transition - Pyrimidine/Pyrimidine,C>T
115201348,rs265415,AA,TT,TT,91,88,18,NC_000005.10,Mutation NB - Paternal Origin,Transversion - Purine/Pyrimidine,A>T
119635075,rs2434600,CC,CC,CT,100,85,99,NC_000005.10,Mutation NB - Maternal Origin,Transition - Pyrimidine/Pyrimidine,Unsolved
120019892,rs6874179,TT,TT,TC,100,85,68,NC_000005.10,Mutation NB - Maternal Origin,Transition - Pyrimidine/Pyrimidine,Unsolved
122500981,.,AA,AA,AG,49,46,44,NC_000005.10,Mutation NB - Maternal Origin,Transition - Purine/Purine,Unsolved
123295724,rs1428396,CC,TC,TT,91,69,9,NC_000005.10,Mutation NB - Paternal Origin,Transition - Pyrimidine/Pyrimidine,C>T
123401278,rs62376436,GA,GG,AA,6,100,27,NC_000005.10,Mutation NB - Maternal Origin,Transition - Purine/Purine,G>A
123401455,rs62376437,AA,AG,GG,91,1,18,NC_000005.10,Mutation NB - Paternal Origin,Transition - Purine/Purine,A>G
125198421,rs920387,TT,CC,CC,88,82,18,NC_000005.10,Mutation NB - Paternal Origin,Transition - Pyrimidine/Pyrimidine,T>C
125730518,rs902592,CC,CC,CT,100,58,99,NC_000005.10,Mutation NB - Maternal Origin,Transition - Pyrimidine/Pyrimidine,Unsolved
127183083,rs248106,GC,CC,GG,47,85,0,NC_000005.10,Mutation NB - Maternal Origin,Transversion - Purine/Pyrimidine,C>G
134393214,.,GG,GG,GA,82,70,56,NC_000005.10,Mutation NB - Maternal Origin,Transition - Purine/Purine,Unsolved
135590842,rs17168700,CC,CC,TT,100,82,9,NC_000005.10,Mutation NB - Maternal Origin,Transition - Pyrimidine/Pyrimidine,Unsolved
135835890,rs73789200,AA,AA,AG,91,100,65,NC_000005.10,Mutation NB - Paternal Origin,Transition - Purine/Purine,Unsolved
137381383,rs10041855,GC,GG,CC,32,76,9,NC_000005.10,Mutation NB - Maternal Origin,Transversion - Purine/Pyrimidine,G>C
138947364,.,TT,TT,TC,85,49,47,NC_000005.10,Mutation NB - Maternal Origin,Transition - Pyrimidine/Pyrimidine,Unsolved
139104112,rs1368374,GG,GG,GA,100,82,97,NC_000005.10,Mutation NB - Maternal Origin,Transition - Purine/Purine,Unsolved
140842992,rs144435690,TT,CC,CC,91,64,18,NC_000005.10,Mutation NB - Paternal Origin,Transition - Pyrimidine/Pyrimidine,T>C
142011967,rs164080,AA,GG,AA,85,100,15,NC_000005.10,Mutation NB - Maternal Origin,Transition - Purine/Purine,G>A
149207990,rs2918285,TT,TT,TC,100,88,27,NC_000005.10,Mutation NB - Maternal Origin,Transition - Pyrimidine/Pyrimidine,Unsolved
149591420,rs1457700,AA,AA,GG,100,58,39,NC_000005.10,Mutation NB - Maternal Origin,Transition - Purine/Purine,Unsolved
149803753,.,AA,AA,AG,79,61,62,NC_000005.10,Mutation NB - Maternal Origin,Transition - Purine/Purine,Unsolved
150077248,rs3829987,GG,GG,GA,100,46,99,NC_000005.10,Mutation NB - Maternal Origin,Transition - Purine/Purine,Unsolved
151151113,rs10077099,TT,TT,TC,100,61,99,NC_000005.10,Mutation NB - Maternal Origin,Transition - Pyrimidine/Pyrimidine,Unsolved
151151118,rs1862362,GG,AG,AA,91,1,21,NC_000005.10,Mutation NB - Paternal Origin,Transition - Purine/Purine,G>A
152787388,rs113444701,CC,CC,CG,100,88,68,NC_000005.10,Mutation NB - Maternal Origin,Transversion - Purine/Pyrimidine,Unsolved
155719256,rs13180627,AA,AG,GG,91,39,12,NC_000005.10,Mutation NB - Paternal Origin,Transition - Purine/Purine,A>G
155886905,rs112157476,CC,TT,TT,91,73,30,NC_000005.10,Mutation NB - Paternal Origin,Transition - Pyrimidine/Pyrimidine,C>T
166810251,rs13157099,GG,GA,AA,82,1,12,NC_000005.10,Mutation NB - Paternal Origin,Transition - Purine/Purine,G>A
169263445,rs1766268567,TT,TT,TG,91,76,68,NC_000005.10,Mutation NB - Maternal Origin,Transition - Pyrimidine/Pyrimidine,Transversion - Purine/Pyrimidine,Unsolved
169303636,rs1422028,CC,CC,CG,91,100,58,NC_000005.10,Mutation NB - Paternal Origin,Transversion - Purine/Pyrimidine,Unsolved
169935078,rs6895199,AA,GG,GG,85,67,12,NC_000005.10,Mutation NB - Paternal Origin,Transition - Purine/Purine,A>G
170007562,rs79368497,CC,CC,CT,100,82,99,NC_000005.10,Mutation NB - Maternal Origin,Transition - Pyrimidine/Pyrimidine,Unsolved
170393499,rs10042648,TT,TT,CC,100,70,9,NC_000005.10,Mutation NB - Maternal Origin,Transition - Pyrimidine/Pyrimidine,Unsolved
170770680,rs10475957,GG,GG,GC,70,100,56,NC_000005.10,Mutation NB - Paternal Origin,Transition - Purine/Purine,Transversion - Purine/Pyrimidine,Unsolved
171048830,rs2446050,AG,GG,AA,44,70,0,NC_000005.10,Mutation NB - Maternal Origin,Transition - Purine/Purine,G>A
171220262,.,AA,AA,AG,82,61,53,NC_000005.10,Mutation NB - Maternal Origin,Transition - Purine/Purine,Unsolved
172725057,rs60559942,GG,GG,GA,100,76,33,NC_000005.10,Mutation NB - Maternal Origin,Transition - Purine/Purine,Unsolved
172919625,rs145129114,CC,TT,TT,85,67,0,NC_000005.10,Mutation NB - Paternal Origin,Transition - Pyrimidine/Pyrimidine,C>T
172919635,rs148365360,TT,GG,GG,85,67,0,NC_000005.10,Mutation NB - Paternal Origin,Transversion - Purine/Pyrimidine,T>G
173543634,.,GG,GG,GA,79,58,47,NC_000005.10,Mutation NB - Maternal Origin,Transition - Purine/Purine,Unsolved
173735626,rs4868309,GG,AA,AA,85,88,0,NC_000005.10,Mutation NB - Paternal Origin,Transition - Purine/Purine,G>A
174068132,rs67489925,AA,AA,AC,85,73,61,NC_000005.10,Mutation NB - Maternal Origin,Transversion - Purine/Pyrimidine,Unsolved
174148074,rs73328844,TT,TT,TC,100,79,99,NC_000005.10,Mutation NB - Maternal Origin,Transition - Pyrimidine/Pyrimidine,Unsolved
174293618,rs11134834,GG,AA,AA,100,76,12,NC_000005.10,Mutation NB - Paternal Origin,Transition - Purine/Purine,G>A
174819668,rs6874836,TT,CC,TT,100,91,0,NC_000005.10,Mutation NB - Maternal Origin,Transition - Pyrimidine/Pyrimidine,C>T
175730180,.,TT,TT,TC,73,79,65,NC_000005.10,Mutation NB - Paternal Origin,Transition - Pyrimidine/Pyrimidine,Unsolved
176687842,.,AA,AA,AG,82,79,55,NC_000005.10,Mutation NB - Maternal Origin,Transition - Purine/Purine,Unsolved
178469651,rs67085711,CC,CC,CT,100,79,71,NC_000005.10,Mutation NB - Maternal Origin,Transition - Pyrimidine/Pyrimidine,Unsolved
179919466,rs7717213,CC,CC,CT,100,79,99,NC_000005.10,Mutation NB - Maternal Origin,Transition - Pyrimidine/Pyrimidine,Unsolved
180647627,rs307815,TC,CC,TT,32,85,0,NC_000005.10,Mutation NB - Maternal Origin,Transversion - Purine/Pyrimidine,C>T
181100309,rs6601174,CC,CA,AA,88,44,24,NC_000005.10,Mutation NB - Paternal Origin,Transversion - Purine/Pyrimidine,C>A
181262808,rs141722248,TT,CC,TT,85,91,21,NC_000005.10,Mutation NB - Maternal Origin,Transition - Pyrimidine/Pyrimidine,C>T
2523317,rs1341696,CC,CG,GG,91,67,12,NC_000006.12,Mutation NB - Paternal Origin,Transversion - Purine/Pyrimidine,C>G
3262181,rs35009357,CC,CT,TT,100,1,21,NC_000006.12,Mutation NB - Paternal Origin,Transition - Pyrimidine/Pyrimidine,C>T
3496389,.,TT,TT,TC,70,64,56,NC_000006.12,Mutation NB - Maternal Origin,Transition - Pyrimidine/Pyrimidine,Unsolved
3732853,.,TT,TT,TC,79,64,47,NC_000006.12,Mutation NB - Maternal Origin,Transition - Pyrimidine/Pyrimidine,Unsolved
4480508,rs4959295,CT,TT,CC,1,91,0,NC_000006.12,Mutation NB - Maternal Origin,Transition - Pyrimidine/Pyrimidine,T>C
4515681,rs6932387,GG,AA,GG,88,82,0,NC_000006.12,Mutation NB - Maternal Origin,Transition - Purine/Purine,A>G
4515696,rs111798438,AG,AA,GG,29,79,18,NC_000006.12,Mutation NB - Maternal Origin,Transition - Purine/Purine,A>G
5043042,rs1771874,GG,CC,GG,88,88,9,NC_000006.12,Mutation NB - Maternal Origin,Transversion - Purine/Pyrimidine,C>G
7512147,rs2757613,CC,TT,CC,79,88,0,NC_000006.12,Mutation NB - Maternal Origin,Transition - Pyrimidine/Pyrimidine,T>C
7899795,rs1225954,TT,TT,TC,91,85,27,NC_000006.12,Mutation NB - Maternal Origin,Transition - Pyrimidine/Pyrimidine,Unsolved
8619144,rs2094610,CC,CT,TT,76,79,9,NC_000006.12,Mutation NB - Paternal Origin,Transition - Pyrimidine/Pyrimidine,C>T
9551940,rs7771930,TT,CC,CC,88,55,27,NC_000006.12,Mutation NB - Paternal Origin,Transition - Pyrimidine/Pyrimidine,T>C
14585930,rs9349952,CC,GG,GG,100,46,81,NC_000006.12,Mutation NB - Paternal Origin,Transversion - Purine/Pyrimidine,C>G
17447020,rs926584,AA,GG,GG,82,100,0,NC_000006.12,Mutation NB - Paternal Origin,Transition - Purine/Purine,A>G
17447034,rs926585,TT,AA,AA,82,100,0,NC_000006.12,Mutation NB - Paternal Origin,Transversion - Purine/Pyrimidine,T>A
17843269,rs745194,GG,GG,GT,95,49,65,NC_000006.12,Mutation NB - Maternal Origin,Transversion - Purine/Pyrimidine,Unsolved
17976233,rs190642478,GG,AA,AA,88,58,0,NC_000006.12,Mutation NB - Paternal Origin,Transition - Purine/Purine,G>A
19135140,rs58009840,CC,CC,CT,100,76,99,NC_000006.12,Mutation NB - Maternal Origin,Transition - Pyrimidine/Pyrimidine,Unsolved
19210672,rs1294364,TT,CC,CC,88,82,15,NC_000006.12,Mutation NB - Paternal Origin,Transition - Pyrimidine/Pyrimidine,T>C
19210709,rs4235992,GG,GG,GC,88,85,30,NC_000006.12,Mutation NB - Maternal Origin,Transition - Purine/Purine,Transversion - Purine/Pyrimidine,Unsolved
24436236,rs9467151,AA,AA,AG,100,82,92,NC_000006.12,Mutation NB - Maternal Origin,Transition - Purine/Purine,Unsolved
33685861,rs6915878,CC,CC,CT,82,67,68,NC_000006.12,Mutation NB - Maternal Origin,Transition - Pyrimidine/Pyrimidine,Unsolved
33883412,.,TT,TT,TA,82,85,65,NC_000006.12,Mutation NB - Paternal Origin,Transition - Pyrimidine/Pyrimidine,Transversion - Purine/Pyrimidine,Unsolved
33947164,rs9357168,TT,TT,TC,88,67,99,NC_000006.12,Mutation NB - Maternal Origin,Transition - Pyrimidine/Pyrimidine,Unsolved
34084435,rs2499706,AA,GG,AA,79,76,9,NC_000006.12,Mutation NB - Maternal Origin,Transition - Purine/Purine,G>A
34269970,rs1776890,GG,AA,AA,100,79,33,NC_000006.12,Mutation NB - Paternal Origin,Transition - Purine/Purine,G>A
34270020,rs2797961,GG,AA,AA,100,79,33,NC_000006.12,Mutation NB - Paternal Origin,Transition - Purine/Purine,G>A
35597063,.,AA,AA,AG,88,85,39,NC_000006.12,Mutation NB - Maternal Origin,Transition - Purine/Purine,Unsolved
36510312,rs12110954,TT,CC,CC,76,88,0,NC_000006.12,Mutation NB - Paternal Origin,Transition - Pyrimidine/Pyrimidine,T>C
36974456,rs76813240,TT,CC,TT,85,70,0,NC_000006.12,Mutation NB - Maternal Origin,Transition - Pyrimidine/Pyrimidine,C>T
38687182,.,TT,TT,TC,91,70,41,NC_000006.12,Mutation NB - Maternal Origin,Transition - Pyrimidine/Pyrimidine,Unsolved
39294158,rs2815062,GG,GG,CG,88,91,99,NC_000006.12,Mutation NB - Paternal Origin,Transition - Purine/Purine,Transversion - Purine/Pyrimidine,Unsolved
40259688,rs9369187,CC,CC,CT,100,76,94,NC_000006.12,Mutation NB - Maternal Origin,Transition - Pyrimidine/Pyrimidine,Unsolved
40800715,rs4714386,AA,CC,CC,100,79,9,NC_000006.12,Mutation NB - Paternal Origin,Transversion - Purine/Pyrimidine,A>C
41105899,rs9381037,GG,GG,GA,100,76,99,NC_000006.12,Mutation NB - Maternal Origin,Transition - Purine/Purine,Unsolved
42118564,rs9381145,CC,CC,CT,85,88,65,NC_000006.12,Mutation NB - Paternal Origin,Transition - Pyrimidine/Pyrimidine,Unsolved
43971182,rs1768831252,TT,TT,TC,67,73,56,NC_000006.12,Mutation NB - Paternal Origin,Transition - Pyrimidine/Pyrimidine,Unsolved
43999060,rs114680250,GG,AA,AA,79,73,12,NC_000006.12,Mutation NB - Paternal Origin,Transition - Purine/Purine,G>A
44741723,rs111810959,CC,CC,CA,82,70,99,NC_000006.12,Mutation NB - Maternal Origin,Transversion - Purine/Pyrimidine,Unsolved
46900309,rs220701,GG,AA,AA,76,58,9,NC_000006.12,Mutation NB - Paternal Origin,Transition - Purine/Purine,G>A
52914409,rs12202200,GG,GG,GA,100,91,33,NC_000006.12,Mutation NB - Maternal Origin,Transition - Purine/Purine,Unsolved
65509025,rs9363381,CC,CC,AC,88,64,99,NC_000006.12,Mutation NB - Maternal Origin,Transversion - Purine/Pyrimidine,Unsolved
67308760,rs13208720,GG,AA,GG,91,79,0,NC_000006.12,Mutation NB - Maternal Origin,Transition - Purine/Purine,A>G
70501609,rs9455133,GG,AA,AA,91,76,36,NC_000006.12,Mutation NB - Paternal Origin,Transition - Purine/Purine,G>A
73350204,rs58838601,GG,GG,GC,88,100,99,NC_000006.12,Mutation NB - Paternal Origin,Transition - Purine/Purine,Transversion - Purine/Pyrimidine,Unsolved
85326252,.,CC,CC,CT,88,76,72,NC_000006.12,Mutation NB - Maternal Origin,Transition - Pyrimidine/Pyrimidine,Unsolved
87357597,rs406981,TT,CC,CC,100,70,33,NC_000006.12,Mutation NB - Paternal Origin,Transition - Pyrimidine/Pyrimidine,T>C
88754659,rs1021850602,TT,TT,TC,91,43,62,NC_000006.12,Mutation NB - Maternal Origin,Transition - Pyrimidine/Pyrimidine,Unsolved
93025356,rs1590392,GG,TT,TT,91,85,12,NC_000006.12,Mutation NB - Paternal Origin,Transversion - Purine/Pyrimidine,G>T
96260172,rs12207345,AA,AG,GG,100,38,48,NC_000006.12,Mutation NB - Paternal Origin,Transition - Purine/Purine,A>G
96762271,rs2179540,GA,GG,AA,67,100,36,NC_000006.12,Mutation NB - Maternal Origin,Transition - Purine/Purine,G>A
98042139,rs17058157,GG,GG,GA,88,88,99,NC_000006.12,Mutation NB - Paternal or Maternal,Transition - Purine/Purine,Unsolved
98422812,rs2221616,GG,AA,AA,82,73,18,NC_000006.12,Mutation NB - Paternal Origin,Transition - Purine/Purine,G>A
98785572,rs3923049,TT,TT,TC,76,73,99,NC_000006.12,Mutation NB - Maternal Origin,Transition - Pyrimidine/Pyrimidine,Unsolved
99014124,rs12529995,AA,AA,AG,100,70,59,NC_000006.12,Mutation NB - Maternal Origin,Transition - Purine/Purine,Unsolved
105751034,.,CC,CC,CT,91,79,68,NC_000006.12,Mutation NB - Maternal Origin,Transition - Pyrimidine/Pyrimidine,Unsolved
107215221,.,AA,AA,AG,70,49,56,NC_000006.12,Mutation NB - Maternal Origin,Transition - Purine/Purine,Unsolved
107916920,rs72937370,AA,AA,AC,88,100,99,NC_000006.12,Mutation NB - Paternal Origin,Transversion - Purine/Pyrimidine,Unsolved
108053334,rs9398158,AA,GG,AA,82,79,0,NC_000006.12,Mutation NB - Maternal Origin,Transition - Purine/Purine,G>A
108759254,rs555772,GG,AG,AA,88,1,27,NC_000006.12,Mutation NB - Paternal Origin,Transition - Purine/Purine,G>A
109509855,rs6568578,TC,CC,TT,67,85,0,NC_000006.12,Mutation NB - Maternal Origin,Transversion - Purine/Pyrimidine,C>T
111603863,.,TT,TT,TC,91,82,49,NC_000006.12,Mutation NB - Maternal Origin,Transition - Pyrimidine/Pyrimidine,Unsolved
111760596,rs1965583,GG,GG,GA,100,76,59,NC_000006.12,Mutation NB - Maternal Origin,Transition - Purine/Purine,Unsolved
115308798,rs62415564,GG,GG,GA,82,100,30,NC_000006.12,Mutation NB - Paternal Origin,Transition - Purine/Purine,Unsolved
115736121,rs148209365,GG,GG,GA,82,82,56,NC_000006.12,Mutation NB - Paternal or Maternal,Transition - Purine/Purine,Unsolved
118031469,rs9387543,GG,GA,AA,100,36,18,NC_000006.12,Mutation NB - Paternal Origin,Transition - Purine/Purine,G>A
118031513,rs9374702,GG,GA,AA,100,32,18,NC_000006.12,Mutation NB - Paternal Origin,Transition - Purine/Purine,G>A
118684622,rs11754023,TT,CC,CC,100,67,36,NC_000006.12,Mutation NB - Paternal Origin,Transition - Pyrimidine/Pyrimidine,T>C
123203300,.,AA,AA,AG,82,55,67,NC_000006.12,Mutation NB - Maternal Origin,Transition - Purine/Purine,Unsolved
124071954,rs112105215,CC,AA,AA,91,61,36,NC_000006.12,Mutation NB - Paternal Origin,Transversion - Purine/Pyrimidine,C>A
125192414,rs3806999,AA,CC,AA,88,88,39,NC_000006.12,Mutation NB - Maternal Origin,Transversion - Purine/Pyrimidine,C>A
125245510,.,AA,AA,AG,67,70,59,NC_000006.12,Mutation NB - Paternal Origin,Transition - Purine/Purine,Unsolved
128760133,.,CC,CC,CT,88,82,48,NC_000006.12,Mutation NB - Maternal Origin,Transition - Pyrimidine/Pyrimidine,Unsolved
128863543,rs78855065,GG,GG,GA,100,85,99,NC_000006.12,Mutation NB - Maternal Origin,Transition - Purine/Purine,Unsolved
132635375,rs6918955,CC,GG,GG,91,91,30,NC_000006.12,Mutation NB - Paternal Origin,Transversion - Purine/Pyrimidine,C>G
134633134,rs112837079,CC,CC,CT,88,100,98,NC_000006.12,Mutation NB - Paternal Origin,Transition - Pyrimidine/Pyrimidine,Unsolved
134850125,rs737153,CC,AA,AA,67,64,24,NC_000006.12,Mutation NB - Paternal Origin,Transversion - Purine/Pyrimidine,C>A
135604595,rs6570019,GG,AG,AA,85,1,21,NC_000006.12,Mutation NB - Paternal Origin,Transition - Purine/Purine,G>A
135604607,rs6570020,GG,AG,AA,85,1,21,NC_000006.12,Mutation NB - Paternal Origin,Transition - Purine/Purine,G>A
141618497,rs7742236,CC,TT,CC,73,76,11,NC_000006.12,Mutation NB - Maternal Origin,Transition - Pyrimidine/Pyrimidine,T>C
145531553,rs388394,CC,CC,CT,100,49,99,NC_000006.12,Mutation NB - Maternal Origin,Transition - Pyrimidine/Pyrimidine,Unsolved
147558620,.,TT,TT,TC,82,79,48,NC_000006.12,Mutation NB - Maternal Origin,Transition - Pyrimidine/Pyrimidine,Unsolved
157651015,rs73791282,GG,AA,AA,91,88,21,NC_000006.12,Mutation NB - Paternal Origin,Transition - Purine/Purine,G>A
157709137,rs2364960,TT,CT,CC,79,1,57,NC_000006.12,Mutation NB - Paternal Origin,Transition - Pyrimidine/Pyrimidine,T>C
158558732,rs7742892,CC,CC,CT,100,85,61,NC_000006.12,Mutation NB - Maternal Origin,Transition - Pyrimidine/Pyrimidine,Unsolved
159134954,rs1965303,GG,CC,GG,73,100,9,NC_000006.12,Mutation NB - Maternal Origin,Transversion - Purine/Pyrimidine,C>G
159299282,rs1875816,AA,AA,AG,100,100,30,NC_000006.12,Mutation NB - Paternal or Maternal,Transition - Purine/Purine,Unsolved
160277145,rs316037,AA,AA,AG,100,73,65,NC_000006.12,Mutation NB - Maternal Origin,Transition - Purine/Purine,Unsolved
160748707,rs783178,CC,TT,TT,85,70,54,NC_000006.12,Mutation NB - Paternal Origin,Transition - Pyrimidine/Pyrimidine,C>T
161138008,rs7754215,TT,CC,CC,79,85,12,NC_000006.12,Mutation NB - Paternal Origin,Transition - Pyrimidine/Pyrimidine,T>C
162073465,rs9458449,TT,CC,TT,91,85,0,NC_000006.12,Mutation NB - Maternal Origin,Transition - Pyrimidine/Pyrimidine,C>T
164962669,rs2104163,CC,CG,GG,100,35,18,NC_000006.12,Mutation NB - Paternal Origin,Transversion - Purine/Pyrimidine,C>G
165518437,rs114775583,CC,CC,GG,100,79,15,NC_000006.12,Mutation NB - Maternal Origin,Transversion - Purine/Pyrimidine,Unsolved
167305795,.,AA,AA,AG,67,79,44,NC_000006.12,Mutation NB - Paternal Origin,Transition - Purine/Purine,Unsolved
168052313,rs6910648,TT,CC,TT,91,91,12,NC_000006.12,Mutation NB - Maternal Origin,Transition - Pyrimidine/Pyrimidine,C>T
168085033,rs6455479,AA,GG,AA,85,85,12,NC_000006.12,Mutation NB - Maternal Origin,Transition - Purine/Purine,G>A
168356277,.,AA,AA,AG,79,70,53,NC_000006.12,Mutation NB - Maternal Origin,Transition - Purine/Purine,Unsolved
169401255,rs76410361,AG,AA,GG,67,76,12,NC_000006.12,Mutation NB - Maternal Origin,Transition - Purine/Purine,A>G
169995100,rs968365170,GG,GG,GA,88,100,68,NC_000006.12,Mutation NB - Paternal Origin,Transition - Purine/Purine,Unsolved
170230058,.,GG,GG,GA,58,85,54,NC_000006.12,Mutation NB - Paternal Origin,Transition - Purine/Purine,Unsolved
348542,rs36160666,TC,CC,TT,38,70,0,NC_000007.14,Mutation NB - Maternal Origin,Transversion - Purine/Pyrimidine,C>T
963375,rs7777565,CC,AA,CC,85,76,0,NC_000007.14,Mutation NB - Maternal Origin,Transversion - Purine/Pyrimidine,A>C
963405,rs7784701,AG,GG,AA,25,76,0,NC_000007.14,Mutation NB - Maternal Origin,Transition - Purine/Purine,G>A
1254634,rs6957131,CC,GG,GG,100,52,9,NC_000007.14,Mutation NB - Paternal Origin,Transversion - Purine/Pyrimidine,C>G
1452480,rs62435326,AA,CC,AA,82,70,0,NC_000007.14,Mutation NB - Maternal Origin,Transversion - Purine/Pyrimidine,C>A
1847229,rs6954521,CC,AA,AA,82,76,9,NC_000007.14,Mutation NB - Paternal Origin,Transversion - Purine/Pyrimidine,C>A
1847236,rs6978048,TT,GG,GG,82,76,9,NC_000007.14,Mutation NB - Paternal Origin,Transversion - Purine/Pyrimidine,T>G
1864558,rs537138143,AA,AA,AG,70,91,68,NC_000007.14,Mutation NB - Paternal Origin,Transition - Purine/Purine,Unsolved
2053630,rs73283510,GG,GG,GA,100,67,97,NC_000007.14,Mutation NB - Maternal Origin,Transition - Purine/Purine,Unsolved
2523240,rs62444249,AA,AA,AT,100,70,99,NC_000007.14,Mutation NB - Maternal Origin,Transversion - Purine/Pyrimidine,Unsolved
2584794,rs2917735,CC,TT,TT,100,67,12,NC_000007.14,Mutation NB - Paternal Origin,Transition - Pyrimidine/Pyrimidine,C>T
3273238,rs2049477,CC,AA,AA,76,79,0,NC_000007.14,Mutation NB - Paternal Origin,Transversion - Purine/Pyrimidine,C>A
4089240,rs13236488,GG,AA,AA,76,67,0,NC_000007.14,Mutation NB - Paternal Origin,Transition - Purine/Purine,G>A
5690865,rs852261,CC,CC,CT,100,85,75,NC_000007.14,Mutation NB - Maternal Origin,Transition - Pyrimidine/Pyrimidine,Unsolved
14601038,rs1525083,CC,AC,AA,73,1,0,NC_000007.14,Mutation NB - Paternal Origin,Transversion - Purine/Pyrimidine,C>A
16420633,rs6944511,TT,TT,TC,91,91,33,NC_000007.14,Mutation NB - Paternal or Maternal,Transition - Pyrimidine/Pyrimidine,Unsolved
18821596,rs28636374,AA,AG,GG,85,17,27,NC_000007.14,Mutation NB - Paternal Origin,Transition - Purine/Purine,A>G
22052302,.,TT,TT,TC,88,85,97,NC_000007.14,Mutation NB - Maternal Origin,Transition - Pyrimidine/Pyrimidine,Unsolved
24733067,rs2521766,TT,TT,TG,88,79,65,NC_000007.14,Mutation NB - Maternal Origin,Transition - Pyrimidine/Pyrimidine,Transversion - Purine/Pyrimidine,Unsolved
25385707,rs75656780,GG,CC,GG,91,88,12,NC_000007.14,Mutation NB - Maternal Origin,Transversion - Purine/Pyrimidine,C>G
26376302,rs2249325,GG,GG,GC,100,88,99,NC_000007.14,Mutation NB - Maternal Origin,Transition - Purine/Purine,Transversion - Purine/Pyrimidine,Unsolved
26562923,rs11771436,TT,CC,TT,88,100,27,NC_000007.14,Mutation NB - Maternal Origin,Transition - Pyrimidine/Pyrimidine,C>T
26866293,.,TT,TT,TC,64,79,65,NC_000007.14,Mutation NB - Paternal Origin,Transition - Pyrimidine/Pyrimidine,Unsolved
27758827,rs76403389,GG,GG,GC,88,82,68,NC_000007.14,Mutation NB - Maternal Origin,Transition - Purine/Purine,Transversion - Purine/Pyrimidine,Unsolved
27792968,rs1236321663,AA,AA,AG,82,64,62,NC_000007.14,Mutation NB - Maternal Origin,Transition - Purine/Purine,Unsolved
29134149,rs6966319,TT,TT,TG,91,85,33,NC_000007.14,Mutation NB - Maternal Origin,Transition - Pyrimidine/Pyrimidine,Transversion - Purine/Pyrimidine,Unsolved
29577729,rs58976792,TT,TT,TC,100,85,99,NC_000007.14,Mutation NB - Maternal Origin,Transition - Pyrimidine/Pyrimidine,Unsolved
31005207,rs17159802,AG,AA,GG,32,70,9,NC_000007.14,Mutation NB - Maternal Origin,Transition - Purine/Purine,A>G
33070528,rs1358978183,AA,AA,AG,79,76,47,NC_000007.14,Mutation NB - Maternal Origin,Transition - Purine/Purine,Unsolved
34622131,rs10951423,CC,CC,TT,100,91,9,NC_000007.14,Mutation NB - Maternal Origin,Transition - Pyrimidine/Pyrimidine,Unsolved
35846993,rs2727852,AA,AA,AG,100,73,24,NC_000007.14,Mutation NB - Maternal Origin,Transition - Purine/Purine,Unsolved
36194074,.,TT,TT,TC,79,82,59,NC_000007.14,Mutation NB - Paternal Origin,Transition - Pyrimidine/Pyrimidine,Unsolved
36904584,rs7776759,CC,CT,TT,85,1,12,NC_000007.14,Mutation NB - Paternal Origin,Transition - Pyrimidine/Pyrimidine,C>T
38913432,rs62443575,GG,GG,GC,91,100,30,NC_000007.14,Mutation NB - Paternal Origin,Transition - Purine/Purine,Transversion - Purine/Pyrimidine,Unsolved
43878005,rs2232098,CC,CC,CT,100,61,99,NC_000007.14,Mutation NB - Maternal Origin,Transition - Pyrimidine/Pyrimidine,Unsolved
43984965,.,GG,GG,GA,64,61,53,NC_000007.14,Mutation NB - Maternal Origin,Transition - Purine/Purine,Unsolved
44274331,rs12702074,AA,AA,AC,100,100,27,NC_000007.14,Mutation NB - Paternal or Maternal,Transversion - Purine/Pyrimidine,Unsolved
46049548,rs788724,CC,TT,CC,82,88,21,NC_000007.14,Mutation NB - Maternal Origin,Transition - Pyrimidine/Pyrimidine,T>C
46541441,rs10234273,TT,TT,TC,79,58,98,NC_000007.14,Mutation NB - Maternal Origin,Transition - Pyrimidine/Pyrimidine,Unsolved
47531772,rs7786087,AG,AA,GG,41,100,18,NC_000007.14,Mutation NB - Maternal Origin,Transition - Purine/Purine,A>G
48560411,rs58486673,CC,AA,AA,88,73,21,NC_000007.14,Mutation NB - Paternal Origin,Transversion - Purine/Pyrimidine,C>A
48560441,rs61602397,GG,CC,CC,88,73,21,NC_000007.14,Mutation NB - Paternal Origin,Transversion - Purine/Pyrimidine,G>C
49768408,rs6955088,GG,GG,GA,100,79,30,NC_000007.14,Mutation NB - Maternal Origin,Transition - Purine/Purine,Unsolved
49864544,rs6583395,GG,AA,AA,91,91,0,NC_000007.14,Mutation NB - Paternal Origin,Transition - Purine/Purine,G>A
50597639,rs6966169,TT,TT,TC,100,100,99,NC_000007.14,Mutation NB - Paternal or Maternal,Transition - Pyrimidine/Pyrimidine,Unsolved
50636550,rs2108353,AA,AC,CC,85,38,9,NC_000007.14,Mutation NB - Paternal Origin,Transversion - Purine/Pyrimidine,A>C
51026519,rs2285841,CC,TT,CC,82,82,12,NC_000007.14,Mutation NB - Maternal Origin,Transition - Pyrimidine/Pyrimidine,T>C
51389129,rs186250390,AC,AA,CC,38,76,18,NC_000007.14,Mutation NB - Maternal Origin,A>C
53005300,rs145314851,CC,CC,CG,100,88,62,NC_000007.14,Mutation NB - Maternal Origin,Transversion - Purine/Pyrimidine,Unsolved
53484266,rs73696155,CC,TT,TT,76,82,30,NC_000007.14,Mutation NB - Paternal Origin,Transition - Pyrimidine/Pyrimidine,C>T
55582543,rs4948040,CT,TT,CC,32,79,0,NC_000007.14,Mutation NB - Maternal Origin,Transition - Pyrimidine/Pyrimidine,T>C
56023185,rs13241866,CC,GG,CC,91,85,9,NC_000007.14,Mutation NB - Maternal Origin,Transversion - Purine/Pyrimidine,G>C
56494989,rs10232838,AA,AA,AG,100,64,99,NC_000007.14,Mutation NB - Maternal Origin,Transition - Purine/Purine,Unsolved
57808717,rs1387071761,GG,GG,GA,85,85,53,NC_000007.14,Mutation NB - Paternal or Maternal,Transition - Purine/Purine,Unsolved
57822942,.,AA,AA,AG,85,70,56,NC_000007.14,Mutation NB - Maternal Origin,Transition - Purine/Purine,Unsolved
62275477,rs113565149,CC,GG,CC,85,55,0,NC_000007.14,Mutation NB - Maternal Origin,Transversion - Purine/Pyrimidine,G>C
63976214,rs73700122,CC,CC,CT,85,55,30,NC_000007.14,Mutation NB - Maternal Origin,Transition - Pyrimidine/Pyrimidine,Unsolved
66598119,rs139270822,CC,TT,TT,88,79,12,NC_000007.14,Mutation NB - Paternal Origin,Transition - Pyrimidine/Pyrimidine,C>T
66623218,rs113716973,TT,AA,AA,91,82,15,NC_000007.14,Mutation NB - Paternal Origin,Transversion - Purine/Pyrimidine,T>A
68583808,rs6460460,CC,TT,CC,100,79,12,NC_000007.14,Mutation NB - Maternal Origin,Transition - Pyrimidine/Pyrimidine,T>C
68791698,rs2711506,GA,AA,GG,35,91,12,NC_000007.14,Mutation NB - Maternal Origin,Transition - Purine/Purine,A>G
69704908,rs505949,GG,CG,CC,76,1,24,NC_000007.14,Mutation NB - Paternal Origin,Transversion - Purine/Pyrimidine,G>C
70786386,rs6959597,AA,TT,TT,88,73,12,NC_000007.14,Mutation NB - Paternal Origin,Transversion - Purine/Pyrimidine,A>T
70948940,rs62460368,GG,CC,GG,85,85,0,NC_000007.14,Mutation NB - Maternal Origin,Transversion - Purine/Pyrimidine,C>G
71136079,rs2158735,CC,CC,CG,91,100,68,NC_000007.14,Mutation NB - Paternal Origin,Transversion - Purine/Pyrimidine,Unsolved
71770265,.,TT,TT,TC,67,82,56,NC_000007.14,Mutation NB - Paternal Origin,Transition - Pyrimidine/Pyrimidine,Unsolved
84400078,rs559041,CC,CC,CT,100,85,99,NC_000007.14,Mutation NB - Maternal Origin,Transition - Pyrimidine/Pyrimidine,Unsolved
86494777,rs1320795,TT,TT,CT,82,88,99,NC_000007.14,Mutation NB - Paternal Origin,Transition - Pyrimidine/Pyrimidine,Unsolved
88330351,rs73205938,AA,GG,GG,88,82,12,NC_000007.14,Mutation NB - Paternal Origin,Transition - Purine/Purine,A>G
91211116,rs4610656,GG,AA,AA,88,85,0,NC_000007.14,Mutation NB - Paternal Origin,Transition - Purine/Purine,G>A
91398500,rs13246435,CC,CC,CT,67,100,62,NC_000007.14,Mutation NB - Paternal Origin,Transition - Pyrimidine/Pyrimidine,Unsolved
92140263,rs7787995,GG,AA,AA,91,85,12,NC_000007.14,Mutation NB - Paternal Origin,Transition - Purine/Purine,G>A
97316971,rs7796251,GG,AA,AA,100,88,9,NC_000007.14,Mutation NB - Paternal Origin,Transition - Purine/Purine,G>A
97971244,rs1350071988,CC,CC,CT,100,95,50,NC_000007.14,Mutation NB - Maternal Origin,Transition - Pyrimidine/Pyrimidine,Unsolved
98236146,rs4727388,TT,CC,TT,73,49,0,NC_000007.14,Mutation NB - Maternal Origin,Transition - Pyrimidine/Pyrimidine,C>T
98421766,rs118166744,GG,GG,GT,82,100,99,NC_000007.14,Mutation NB - Paternal Origin,Transversion - Purine/Pyrimidine,Unsolved
99404831,.,AA,AA,AG,91,73,65,NC_000007.14,Mutation NB - Maternal Origin,Transition - Purine/Purine,Unsolved
100163350,rs2405440,GG,AA,GG,91,100,9,NC_000007.14,Mutation NB - Maternal Origin,Transition - Purine/Purine,A>G
100390182,rs7783550,CC,CC,CT,88,76,71,NC_000007.14,Mutation NB - Maternal Origin,Transition - Pyrimidine/Pyrimidine,Unsolved
100803476,rs112803997,CC,CC,CA,100,79,99,NC_000007.14,Mutation NB - Maternal Origin,Transversion - Purine/Pyrimidine,Unsolved
101127249,rs554013240,GG,GG,GA,100,79,99,NC_000007.14,Mutation NB - Maternal Origin,Transition - Purine/Purine,Unsolved
102210888,rs438635,GA,AA,GG,32,73,0,NC_000007.14,Mutation NB - Maternal Origin,Transition - Purine/Purine,A>G
102289757,rs2960270,AA,GA,GG,67,1,0,NC_000007.14,Mutation NB - Paternal Origin,Transition - Purine/Purine,A>G
103890171,rs6947643,GA,GG,AA,35,100,18,NC_000007.14,Mutation NB - Maternal Origin,Transition - Purine/Purine,G>A
105997553,rs17288241,GG,GG,GA,79,100,62,NC_000007.14,Mutation NB - Paternal Origin,Transition - Purine/Purine,Unsolved
107832708,rs714583,AA,TT,AA,67,61,18,NC_000007.14,Mutation NB - Maternal Origin,Transversion - Purine/Pyrimidine,T>A
108626407,rs1485732554,TT,TT,TC,76,67,53,NC_000007.14,Mutation NB - Maternal Origin,Transition - Pyrimidine/Pyrimidine,Unsolved
110519949,rs12705702,AA,GG,GG,82,67,12,NC_000007.14,Mutation NB - Paternal Origin,Transition - Purine/Purine,A>G
110736163,rs35965326,AA,AC,CC,82,1,24,NC_000007.14,Mutation NB - Paternal Origin,Transversion - Purine/Pyrimidine,A>C
115206753,rs57077008,CC,TT,TT,100,73,18,NC_000007.14,Mutation NB - Paternal Origin,Transition - Pyrimidine/Pyrimidine,C>T
120845146,.,AA,AA,AG,79,52,56,NC_000007.14,Mutation NB - Maternal Origin,Transition - Purine/Purine,Unsolved
121463873,rs2141365,CC,AA,AA,91,76,12,NC_000007.14,Mutation NB - Paternal Origin,Transversion - Purine/Pyrimidine,C>A
122725787,rs528654933,AA,AA,AG,70,64,45,NC_000007.14,Mutation NB - Maternal Origin,Transition - Purine/Purine,Unsolved
123499118,rs10282084,CC,TT,CC,88,91,12,NC_000007.14,Mutation NB - Maternal Origin,Transition - Pyrimidine/Pyrimidine,T>C
129791212,rs2727473,CC,TT,TT,100,67,27,NC_000007.14,Mutation NB - Paternal Origin,Transition - Pyrimidine/Pyrimidine,C>T
130895393,rs28662387,AA,TT,TT,91,73,5,NC_000007.14,Mutation NB - Paternal Origin,Transversion - Purine/Pyrimidine,A>T
137249782,rs17133397,AA,AA,AG,82,100,99,NC_000007.14,Mutation NB - Paternal Origin,Transition - Purine/Purine,Unsolved
138621037,rs3734945,TT,TC,CC,100,41,21,NC_000007.14,Mutation NB - Paternal Origin,Transition - Pyrimidine/Pyrimidine,T>C
139803541,rs2079845,CC,TT,CC,85,91,12,NC_000007.14,Mutation NB - Maternal Origin,Transition - Pyrimidine/Pyrimidine,T>C
140248684,rs58263911,GG,GG,GA,100,91,71,NC_000007.14,Mutation NB - Maternal Origin,Transition - Purine/Purine,Unsolved
141057169,.,AA,AA,AG,79,67,63,NC_000007.14,Mutation NB - Maternal Origin,Transition - Purine/Purine,Unsolved
148949476,rs1094560,GG,GG,CG,85,73,63,NC_000007.14,Mutation NB - Maternal Origin,Transition - Purine/Purine,Transversion - Purine/Pyrimidine,Unsolved
149778687,.,TT,TT,TC,76,55,41,NC_000007.14,Mutation NB - Maternal Origin,Transition - Pyrimidine/Pyrimidine,Unsolved
149803384,rs10952229,AA,GG,GG,100,67,21,NC_000007.14,Mutation NB - Paternal Origin,Transition - Purine/Purine,A>G
150361996,rs962563024,GG,GG,GA,91,70,40,NC_000007.14,Mutation NB - Maternal Origin,Transition - Purine/Purine,Unsolved
150858914,rs1049748,TT,CC,TT,91,76,0,NC_000007.14,Mutation NB - Maternal Origin,Transition - Pyrimidine/Pyrimidine,C>T
151005503,rs3918187,GG,AA,AA,79,82,15,NC_000007.14,Mutation NB - Paternal Origin,Transition - Purine/Purine,G>A
151679406,rs62478167,GG,AA,GG,91,82,12,NC_000007.14,Mutation NB - Maternal Origin,Transition - Purine/Purine,A>G
151680361,rs7805002,AA,AA,AG,100,79,65,NC_000007.14,Mutation NB - Maternal Origin,Transition - Purine/Purine,Unsolved
152729534,rs7804501,CC,TC,TT,79,1,0,NC_000007.14,Mutation NB - Paternal Origin,Transition - Pyrimidine/Pyrimidine,C>T
154860833,rs4960624,GG,AA,AA,79,70,51,NC_000007.14,Mutation NB - Paternal Origin,Transition - Purine/Purine,G>A
155358822,rs10242931,AA,AA,AG,100,88,99,NC_000007.14,Mutation NB - Maternal Origin,Transition - Purine/Purine,Unsolved
155358869,rs10242824,AA,AA,AG,100,88,99,NC_000007.14,Mutation NB - Maternal Origin,Transition - Purine/Purine,Unsolved
155358889,rs10233517,GG,GG,GA,91,91,99,NC_000007.14,Mutation NB - Paternal or Maternal,Transition - Purine/Purine,Unsolved
155412638,.,AA,AA,AG,82,85,71,NC_000007.14,Mutation NB - Paternal Origin,Transition - Purine/Purine,Unsolved
157017085,rs10253080,GG,GG,GA,100,82,99,NC_000007.14,Mutation NB - Maternal Origin,Transition - Purine/Purine,Unsolved
157017124,rs10224633,CC,CC,CT,100,82,93,NC_000007.14,Mutation NB - Maternal Origin,Transition - Pyrimidine/Pyrimidine,Unsolved
157346871,rs6459766,TT,CC,TT,91,100,27,NC_000007.14,Mutation NB - Maternal Origin,Transition - Pyrimidine/Pyrimidine,C>T
157468986,rs10251154,AA,GG,GG,79,82,33,NC_000007.14,Mutation NB - Paternal Origin,Transition - Purine/Purine,A>G
157519913,rs10949653,TC,CC,TT,29,91,9,NC_000007.14,Mutation NB - Maternal Origin,Transversion - Purine/Pyrimidine,C>T
158102872,rs12698140,GA,GG,AA,32,82,15,NC_000007.14,Mutation NB - Maternal Origin,Transition - Purine/Purine,G>A
158495446,rs56063566,TC,CC,TT,67,82,0,NC_000007.14,Mutation NB - Maternal Origin,Transversion - Purine/Pyrimidine,C>T
158920141,rs62476509,CC,TT,CC,88,88,21,NC_000007.14,Mutation NB - Maternal Origin,Transition - Pyrimidine/Pyrimidine,T>C
159049736,rs114872854,CC,CC,CT,100,85,99,NC_000007.14,Mutation NB - Maternal Origin,Transition - Pyrimidine/Pyrimidine,Unsolved
283551,rs17065504,GG,GC,CC,88,1,30,NC_000008.11,Mutation NB - Paternal Origin,Transversion - Purine/Pyrimidine,G>C
283610,rs60509049,CC,CT,TT,85,1,21,NC_000008.11,Mutation NB - Paternal Origin,Transition - Pyrimidine/Pyrimidine,C>T
598313,rs115277856,TT,GG,GG,88,85,12,NC_000008.11,Mutation NB - Paternal Origin,Transversion - Purine/Pyrimidine,T>G
706052,rs7827833,GG,CC,GG,91,91,9,NC_000008.11,Mutation NB - Maternal Origin,Transversion - Purine/Pyrimidine,C>G
3078495,rs74954089,TT,TT,TC,100,67,99,NC_000008.11,Mutation NB - Maternal Origin,Transition - Pyrimidine/Pyrimidine,Unsolved
3661471,rs2623630,TT,CC,TT,80,82,9,NC_000008.11,Mutation NB - Maternal Origin,Transition - Pyrimidine/Pyrimidine,C>T
4583188,rs112991131,CC,CC,CG,88,67,65,NC_000008.11,Mutation NB - Maternal Origin,Transversion - Purine/Pyrimidine,Unsolved
4740123,rs1676936,AA,AA,AC,100,73,65,NC_000008.11,Mutation NB - Maternal Origin,Transversion - Purine/Pyrimidine,Unsolved
6139463,rs2552216,GC,CC,GG,42,82,0,NC_000008.11,Mutation NB - Maternal Origin,Transversion - Purine/Pyrimidine,C>G
6166401,rs2552274,TT,CC,CC,100,52,24,NC_000008.11,Mutation NB - Paternal Origin,Transition - Pyrimidine/Pyrimidine,T>C
6586929,rs2959782,GG,AA,AA,88,85,9,NC_000008.11,Mutation NB - Paternal Origin,Transition - Purine/Purine,G>A
15298001,rs7007257,GG,GG,GC,100,70,99,NC_000008.11,Mutation NB - Maternal Origin,Transition - Purine/Purine,Transversion - Purine/Pyrimidine,Unsolved
16058697,.,AA,AA,AG,79,91,56,NC_000008.11,Mutation NB - Paternal Origin,Transition - Purine/Purine,Unsolved
17337491,rs17124417,GG,GG,GA,100,79,27,NC_000008.11,Mutation NB - Maternal Origin,Transition - Purine/Purine,Unsolved
17785556,rs4592086,TT,AA,TT,100,91,0,NC_000008.11,Mutation NB - Maternal Origin,Transversion - Purine/Pyrimidine,A>T
18189013,rs140887746,GG,GG,GA,100,100,88,NC_000008.11,Mutation NB - Paternal or Maternal,Transition - Purine/Purine,Unsolved
18189017,rs1329887699,GG,GG,GA,98,100,88,NC_000008.11,Mutation NB - Paternal Origin,Transition - Purine/Purine,Unsolved
19793910,.,CC,CC,CA,100,91,78,NC_000008.11,Mutation NB - Maternal Origin,Transversion - Purine/Pyrimidine,Unsolved
21779416,rs112870548,CC,GG,CC,91,91,36,NC_000008.11,Mutation NB - Maternal Origin,Transversion - Purine/Pyrimidine,G>C
22104681,.,TT,TT,TC,64,67,45,NC_000008.11,Mutation NB - Paternal Origin,Transition - Pyrimidine/Pyrimidine,Unsolved
22250802,.,AA,AA,AG,79,88,41,NC_000008.11,Mutation NB - Paternal Origin,Transition - Purine/Purine,Unsolved
25052533,rs950324,TT,CC,CC,85,79,0,NC_000008.11,Mutation NB - Paternal Origin,Transition - Pyrimidine/Pyrimidine,T>C
25384125,rs2709600,CT,CC,TT,70,100,15,NC_000008.11,Mutation NB - Maternal Origin,Transversion - Purine/Pyrimidine,C>T
27651636,rs2246847,GG,AA,GG,85,76,0,NC_000008.11,Mutation NB - Maternal Origin,Transition - Purine/Purine,A>G
27697344,rs693841,CC,TT,CC,79,88,21,NC_000008.11,Mutation NB - Maternal Origin,Transition - Pyrimidine/Pyrimidine,T>C
27750662,rs17477565,GG,AA,GG,70,91,45,NC_000008.11,Mutation NB - Maternal Origin,Transition - Purine/Purine,A>G
28439697,rs13276415,GG,GA,AA,100,35,15,NC_000008.11,Mutation NB - Paternal Origin,Transition - Purine/Purine,G>A
33633878,rs7011142,GG,GA,AA,91,92,14,NC_000008.11,Mutation NB - Paternal Origin,Transition - Purine/Purine,G>A
37129319,.,AA,AA,AG,79,61,56,NC_000008.11,Mutation NB - Maternal Origin,Transition - Purine/Purine,Unsolved
37570076,.,AA,AA,AG,91,76,40,NC_000008.11,Mutation NB - Maternal Origin,Transition - Purine/Purine,Unsolved
40796656,rs4736882,TC,CC,TT,70,82,0,NC_000008.11,Mutation NB - Maternal Origin,Transversion - Purine/Pyrimidine,C>T
46139548,rs11136132,CC,CC,CT,85,100,98,NC_000008.11,Mutation NB - Paternal Origin,Transition - Pyrimidine/Pyrimidine,Unsolved
46189462,.,CC,CC,CT,88,85,41,NC_000008.11,Mutation NB - Maternal Origin,Transition - Pyrimidine/Pyrimidine,Unsolved
46199808,.,AA,AA,AG,73,67,64,NC_000008.11,Mutation NB - Maternal Origin,Transition - Purine/Purine,Unsolved
46236547,.,AA,AA,AG,82,73,44,NC_000008.11,Mutation NB - Maternal Origin,Transition - Purine/Purine,Unsolved
46250946,rs4872699,TC,TT,CC,1,100,21,NC_000008.11,Mutation NB - Maternal Origin,Transition - Pyrimidine/Pyrimidine,T>C
46272451,rs359783,AA,AG,GG,82,1,15,NC_000008.11,Mutation NB - Paternal Origin,Transition - Purine/Purine,A>G
48675949,rs6983178,TT,TT,TA,91,82,71,NC_000008.11,Mutation NB - Maternal Origin,Transition - Pyrimidine/Pyrimidine,Transversion - Purine/Pyrimidine,Unsolved
48841614,rs7816893,TT,CC,CC,88,28,60,NC_000008.11,Mutation NB - Paternal Origin,Transition - Pyrimidine/Pyrimidine,T>C
49072052,rs753639100,CC,CC,CT,67,43,47,NC_000008.11,Mutation NB - Maternal Origin,Transition - Pyrimidine/Pyrimidine,Unsolved
49502693,rs368989130,AA,GG,GG,71,64,18,NC_000008.11,Mutation NB - Paternal Origin,Transition - Purine/Purine,A>G
51636863,rs10102654,CC,GG,GG,88,88,0,NC_000008.11,Mutation NB - Paternal Origin,Transversion - Purine/Pyrimidine,C>G
53140705,rs1838323,CC,TT,TT,79,52,0,NC_000008.11,Mutation NB - Paternal Origin,Transition - Pyrimidine/Pyrimidine,C>T
53278137,rs9792126,CC,CC,CT,100,76,53,NC_000008.11,Mutation NB - Maternal Origin,Transition - Pyrimidine/Pyrimidine,Unsolved
53334785,rs10092984,CC,CC,CA,100,61,33,NC_000008.11,Mutation NB - Maternal Origin,Transversion - Purine/Pyrimidine,Unsolved
56143100,rs111413261,AA,CC,CC,70,88,12,NC_000008.11,Mutation NB - Paternal Origin,Transversion - Purine/Pyrimidine,A>C
59990081,rs585514,GG,GG,GA,82,88,99,NC_000008.11,Mutation NB - Paternal Origin,Transition - Purine/Purine,Unsolved
61030304,rs10110912,CC,CC,CG,88,79,99,NC_000008.11,Mutation NB - Maternal Origin,Transversion - Purine/Pyrimidine,Unsolved
63014032,rs4279586,CC,TT,CC,91,91,9,NC_000008.11,Mutation NB - Maternal Origin,Transition - Pyrimidine/Pyrimidine,T>C
68888884,rs529997088,GG,GG,GA,64,64,92,NC_000008.11,Mutation NB - Paternal or Maternal,Transition - Purine/Purine,Unsolved
69705005,rs111794230,CC,CC,CT,100,61,99,NC_000008.11,Mutation NB - Maternal Origin,Transition - Pyrimidine/Pyrimidine,Unsolved
71582418,rs2194621,AA,AA,AG,100,82,68,NC_000008.11,Mutation NB - Maternal Origin,Transition - Purine/Purine,Unsolved
73770803,rs9643417,CC,CC,CA,88,100,68,NC_000008.11,Mutation NB - Paternal Origin,Transversion - Purine/Pyrimidine,Unsolved
76054449,.,AA,AA,AG,79,88,40,NC_000008.11,Mutation NB - Paternal Origin,Transition - Purine/Purine,Unsolved
76971716,rs78890145,GC,GG,CC,6,100,42,NC_000008.11,Mutation NB - Maternal Origin,Transversion - Purine/Pyrimidine,G>C
76990155,rs117937089,AA,AA,AC,100,88,21,NC_000008.11,Mutation NB - Maternal Origin,Transversion - Purine/Pyrimidine,Unsolved
80944103,rs72671990,GG,GA,AA,91,41,12,NC_000008.11,Mutation NB - Paternal Origin,Transition - Purine/Purine,G>A
81227437,.,TT,TT,TC,70,40,55,NC_000008.11,Mutation NB - Maternal Origin,Transition - Pyrimidine/Pyrimidine,Unsolved
83460410,rs7814102,CC,TT,CC,85,82,9,NC_000008.11,Mutation NB - Maternal Origin,Transition - Pyrimidine/Pyrimidine,T>C
87184134,.,TT,TT,TC,91,40,44,NC_000008.11,Mutation NB - Maternal Origin,Transition - Pyrimidine/Pyrimidine,Unsolved
87184314,.,AA,AA,AG,88,70,53,NC_000008.11,Mutation NB - Maternal Origin,Transition - Purine/Purine,Unsolved
88350292,rs76428953,AA,AA,AT,82,61,86,NC_000008.11,Mutation NB - Maternal Origin,Transversion - Purine/Pyrimidine,Unsolved
90609476,rs10956750,GC,GG,CC,70,88,9,NC_000008.11,Mutation NB - Maternal Origin,Transversion - Purine/Pyrimidine,G>C
91816617,.,TT,TT,TC,88,79,47,NC_000008.11,Mutation NB - Maternal Origin,Transition - Pyrimidine/Pyrimidine,Unsolved
91867026,rs735288,CC,TT,TT,88,79,21,NC_000008.11,Mutation NB - Paternal Origin,Transition - Pyrimidine/Pyrimidine,C>T
98173269,.,AA,AA,AG,79,67,52,NC_000008.11,Mutation NB - Maternal Origin,Transition - Purine/Purine,Unsolved
99634317,.,AA,AA,AG,82,85,71,NC_000008.11,Mutation NB - Paternal Origin,Transition - Purine/Purine,Unsolved
100658387,rs1612817,CC,CC,CT,70,85,51,NC_000008.11,Mutation NB - Paternal Origin,Transition - Pyrimidine/Pyrimidine,Unsolved
102789338,.,GG,GG,GA,85,64,62,NC_000008.11,Mutation NB - Maternal Origin,Transition - Purine/Purine,Unsolved
104124928,rs7464325,AG,AA,GG,70,91,33,NC_000008.11,Mutation NB - Maternal Origin,Transition - Purine/Purine,A>G
104309352,rs7016168,TT,CC,CC,85,91,0,NC_000008.11,Mutation NB - Paternal Origin,Transition - Pyrimidine/Pyrimidine,T>C
109691711,rs77812896,GG,GA,AA,88,1,12,NC_000008.11,Mutation NB - Paternal Origin,Transition - Purine/Purine,G>A
109691730,rs75907245,AA,GG,GG,88,67,0,NC_000008.11,Mutation NB - Paternal Origin,Transition - Purine/Purine,A>G
110892717,rs182581525,CC,CC,CA,100,64,93,NC_000008.11,Mutation NB - Maternal Origin,Transversion - Purine/Pyrimidine,Unsolved
112079785,rs4436153,CC,CT,TT,100,1,21,NC_000008.11,Mutation NB - Paternal Origin,Transition - Pyrimidine/Pyrimidine,C>T
120089458,.,AA,AA,AG,82,67,55,NC_000008.11,Mutation NB - Maternal Origin,Transition - Purine/Purine,Unsolved
122884624,rs5015913,AA,TT,AA,91,82,0,NC_000008.11,Mutation NB - Maternal Origin,Transversion - Purine/Pyrimidine,T>A
122931404,rs116090257,AG,AA,GG,35,82,9,NC_000008.11,Mutation NB - Maternal Origin,Transition - Purine/Purine,A>G
123057314,rs12676466,TT,TT,TG,100,67,65,NC_000008.11,Mutation NB - Maternal Origin,Transition - Pyrimidine/Pyrimidine,Transversion - Purine/Pyrimidine,Unsolved
123755619,.,TT,TT,TC,91,73,62,NC_000008.11,Mutation NB - Maternal Origin,Transition - Pyrimidine/Pyrimidine,Unsolved
125641458,rs192288890,TT,CC,CC,85,64,15,NC_000008.11,Mutation NB - Paternal Origin,Transition - Pyrimidine/Pyrimidine,T>C
127960703,.,TT,TT,TC,79,64,65,NC_000008.11,Mutation NB - Maternal Origin,Transition - Pyrimidine/Pyrimidine,Unsolved
132901280,rs853322,GG,AA,GG,76,100,42,NC_000008.11,Mutation NB - Maternal Origin,Transition - Purine/Purine,A>G
133535094,rs79021415,GG,GG,GA,100,61,99,NC_000008.11,Mutation NB - Maternal Origin,Transition - Purine/Purine,Unsolved
133759384,.,AA,AA,AG,88,82,99,NC_000008.11,Mutation NB - Maternal Origin,Transition - Purine/Purine,Unsolved
134445602,rs13278825,CC,GG,CC,82,100,12,NC_000008.11,Mutation NB - Maternal Origin,Transversion - Purine/Pyrimidine,G>C
134725096,rs1987218,AA,TT,AA,79,52,0,NC_000008.11,Mutation NB - Maternal Origin,Transversion - Purine/Pyrimidine,T>A
136919217,rs6983316,CC,GG,GG,100,76,42,NC_000008.11,Mutation NB - Paternal Origin,Transversion - Purine/Pyrimidine,C>G
138093215,rs7832486,AA,AC,CC,100,34,27,NC_000008.11,Mutation NB - Paternal Origin,Transversion - Purine/Pyrimidine,A>C
138184584,rs4294233,TG,GG,TT,47,91,0,NC_000008.11,Mutation NB - Maternal Origin,Transversion - Purine/Pyrimidine,G>T
138250740,.,CC,CC,CT,73,76,48,NC_000008.11,Mutation NB - Paternal Origin,Transition - Pyrimidine/Pyrimidine,Unsolved
139170929,rs60625327,AA,AA,AG,100,67,30,NC_000008.11,Mutation NB - Maternal Origin,Transition - Purine/Purine,Unsolved
141106043,rs925358,GG,GG,GA,79,88,71,NC_000008.11,Mutation NB - Paternal Origin,Transition - Purine/Purine,Unsolved
141122224,rs1001849,TT,CC,CC,100,67,9,NC_000008.11,Mutation NB - Paternal Origin,Transition - Pyrimidine/Pyrimidine,T>C
141283012,rs11779865,CC,TC,TT,91,28,15,NC_000008.11,Mutation NB - Paternal Origin,Transition - Pyrimidine/Pyrimidine,C>T
141493272,rs2402037,CC,GG,GG,91,88,24,NC_000008.11,Mutation NB - Paternal Origin,Transversion - Purine/Pyrimidine,C>G
141551652,rs114623385,TT,TT,TA,100,85,99,NC_000008.11,Mutation NB - Maternal Origin,Transition - Pyrimidine/Pyrimidine,Transversion - Purine/Pyrimidine,Unsolved
141623349,rs4907368,GG,GC,CC,82,70,24,NC_000008.11,Mutation NB - Paternal Origin,Transversion - Purine/Pyrimidine,G>C
142174381,.,AA,AA,AG,91,58,41,NC_000008.11,Mutation NB - Maternal Origin,Transition - Purine/Purine,Unsolved
142297735,rs12682233,TT,TT,TC,100,64,99,NC_000008.11,Mutation NB - Maternal Origin,Transition - Pyrimidine/Pyrimidine,Unsolved
142369298,.,AA,AA,AG,91,85,53,NC_000008.11,Mutation NB - Maternal Origin,Transition - Purine/Purine,Unsolved
142956052,rs73715286,TT,TT,TC,79,73,99,NC_000008.11,Mutation NB - Maternal Origin,Transition - Pyrimidine/Pyrimidine,Unsolved
143293714,rs11136281,CC,CC,CG,73,100,99,NC_000008.11,Mutation NB - Paternal Origin,Transversion - Purine/Pyrimidine,Unsolved
143421003,rs1487887,AA,GG,GG,91,67,12,NC_000008.11,Mutation NB - Paternal Origin,Transition - Purine/Purine,A>G
144499920,.,AA,AA,AG,64,88,56,NC_000008.11,Mutation NB - Paternal Origin,Transition - Purine/Purine,Unsolved
1871282,rs73389641,AA,GG,GG,88,85,15,NC_000009.12,Mutation NB - Paternal Origin,Transition - Purine/Purine,A>G
5112288,rs3780378,CC,CC,CT,88,82,68,NC_000009.12,Mutation NB - Maternal Origin,Transition - Pyrimidine/Pyrimidine,Unsolved
6173499,rs34282845,GG,GC,CC,88,3,21,NC_000009.12,Mutation NB - Paternal Origin,Transversion - Purine/Pyrimidine,G>C
6632061,rs1260463,AA,AA,GG,91,91,0,NC_000009.12,Mutation NB - Paternal or Maternal,Transition - Purine/Purine,Unsolved
6632102,rs1260464,CC,CC,GG,91,91,0,NC_000009.12,Mutation NB - Paternal or Maternal,Transversion - Purine/Pyrimidine,Unsolved
6632104,rs72695579,TT,TT,GG,91,91,21,NC_000009.12,Mutation NB - Paternal or Maternal,Transition - Purine/Purine,Transversion - Purine/Pyrimidine,Unsolved
6744867,rs7033740,GG,AG,AA,85,67,0,NC_000009.12,Mutation NB - Paternal Origin,Transition - Purine/Purine,G>A
7729162,.,AA,AA,AG,88,82,68,NC_000009.12,Mutation NB - Maternal Origin,Transition - Purine/Purine,Unsolved
8036783,rs2381693,GG,AA,AA,100,55,15,NC_000009.12,Mutation NB - Paternal Origin,Transition - Purine/Purine,G>A
11868796,rs10756301,CC,CC,CG,91,100,99,NC_000009.12,Mutation NB - Paternal Origin,Transversion - Purine/Pyrimidine,Unsolved
11928189,rs62550685,TT,TT,TC,76,100,60,NC_000009.12,Mutation NB - Paternal Origin,Transition - Pyrimidine/Pyrimidine,Unsolved
16650179,.,TT,TT,TC,70,79,51,NC_000009.12,Mutation NB - Paternal Origin,Transition - Pyrimidine/Pyrimidine,Unsolved
18006003,rs1419161,CC,GG,CC,88,64,12,NC_000009.12,Mutation NB - Maternal Origin,Transversion - Purine/Pyrimidine,G>C
20542959,rs7041971,TT,TT,TA,91,100,99,NC_000009.12,Mutation NB - Paternal Origin,Transition - Pyrimidine/Pyrimidine,Transversion - Purine/Pyrimidine,Unsolved
20891712,rs13290452,TT,CC,CC,88,73,33,NC_000009.12,Mutation NB - Paternal Origin,Transition - Pyrimidine/Pyrimidine,T>C
21015707,.,TT,TT,TC,88,73,52,NC_000009.12,Mutation NB - Maternal Origin,Transition - Pyrimidine/Pyrimidine,Unsolved
21803881,rs871024,AA,CA,CC,91,67,0,NC_000009.12,Mutation NB - Paternal Origin,Transversion - Purine/Pyrimidine,A>C
25226365,rs9406869,TA,TT,AA,67,79,15,NC_000009.12,Mutation NB - Maternal Origin,Transversion - Purine/Pyrimidine,T>A
26491999,rs148709978,CC,CC,CT,100,88,56,NC_000009.12,Mutation NB - Maternal Origin,Transition - Pyrimidine/Pyrimidine,Unsolved
28278253,rs10968431,AG,AA,GG,1,88,15,NC_000009.12,Mutation NB - Maternal Origin,Transition - Purine/Purine,A>G
31950697,.,AA,AA,AG,67,40,50,NC_000009.12,Mutation NB - Maternal Origin,Transition - Purine/Purine,Unsolved
32572814,rs73479443,GG,GG,GC,100,73,30,NC_000009.12,Mutation NB - Maternal Origin,Transition - Purine/Purine,Transversion - Purine/Pyrimidine,Unsolved
36297099,rs1554670923,CC,CC,CT,76,88,53,NC_000009.12,Mutation NB - Paternal Origin,Transition - Pyrimidine/Pyrimidine,Unsolved
37683663,rs7035688,AA,GG,GG,91,79,29,NC_000009.12,Mutation NB - Paternal Origin,Transition - Purine/Purine,A>G
37947604,rs7044501,TT,TT,TC,100,55,99,NC_000009.12,Mutation NB - Maternal Origin,Transition - Pyrimidine/Pyrimidine,Unsolved
38393212,rs4242647,CC,TT,CC,88,100,18,NC_000009.12,Mutation NB - Maternal Origin,Transition - Pyrimidine/Pyrimidine,T>C
69027222,.,AA,AA,AG,67,61,53,NC_000009.12,Mutation NB - Maternal Origin,Transition - Purine/Purine,Unsolved
70764068,rs7875949,CC,CC,CG,88,91,55,NC_000009.12,Mutation NB - Paternal Origin,Transversion - Purine/Pyrimidine,Unsolved
72198953,.,AA,AA,AG,76,70,39,NC_000009.12,Mutation NB - Maternal Origin,Transition - Purine/Purine,Unsolved
79842483,rs7035737,GG,AA,GG,82,82,18,NC_000009.12,Mutation NB - Maternal Origin,Transition - Purine/Purine,A>G
80938589,rs11794367,AA,GG,AA,100,85,0,NC_000009.12,Mutation NB - Maternal Origin,Transition - Purine/Purine,G>A
83121649,rs549450535,AA,TT,TT,77,61,42,NC_000009.12,Mutation NB - Paternal Origin,Transversion - Purine/Pyrimidine,A>T
84057574,rs10780646,AA,AA,AG,100,88,99,NC_000009.12,Mutation NB - Maternal Origin,Transition - Purine/Purine,Unsolved
86099099,rs7860798,AA,AA,CA,91,67,94,NC_000009.12,Mutation NB - Maternal Origin,Transversion - Purine/Pyrimidine,Unsolved
87647478,rs2274607,AA,GG,GG,82,64,42,NC_000009.12,Mutation NB - Paternal Origin,Transition - Purine/Purine,A>G
87677144,.,TT,TT,TA,73,76,58,NC_000009.12,Mutation NB - Paternal Origin,Transition - Pyrimidine/Pyrimidine,Transversion - Purine/Pyrimidine,Unsolved
90449783,rs1529333,CC,TT,CC,82,76,51,NC_000009.12,Mutation NB - Maternal Origin,Transition - Pyrimidine/Pyrimidine,T>C
90903443,.,TT,TT,TC,85,88,65,NC_000009.12,Mutation NB - Paternal Origin,Transition - Pyrimidine/Pyrimidine,Unsolved
93107500,rs7028778,TT,CC,CC,88,85,51,NC_000009.12,Mutation NB - Paternal Origin,Transition - Pyrimidine/Pyrimidine,T>C
93620487,rs1825808019,AA,AA,AG,79,58,63,NC_000009.12,Mutation NB - Maternal Origin,Transition - Purine/Purine,Unsolved
93669538,rs3750361,TT,CC,CC,91,91,0,NC_000009.12,Mutation NB - Paternal Origin,Transition - Pyrimidine/Pyrimidine,T>C
93669577,rs3750362,GG,AA,GG,91,100,21,NC_000009.12,Mutation NB - Maternal Origin,Transition - Purine/Purine,A>G
95112910,rs4647532,CC,CC,CT,100,82,72,NC_000009.12,Mutation NB - Maternal Origin,Transition - Pyrimidine/Pyrimidine,Unsolved
97374288,rs3747493,AA,GG,GG,85,100,27,NC_000009.12,Mutation NB - Paternal Origin,Transition - Purine/Purine,A>G
98727817,.,AA,AA,AG,67,67,47,NC_000009.12,Mutation NB - Paternal or Maternal,Transition - Purine/Purine,Unsolved
98780598,rs7865233,CC,TT,TT,88,64,0,NC_000009.12,Mutation NB - Paternal Origin,Transition - Pyrimidine/Pyrimidine,C>T
98916825,rs78905055,GG,CC,CC,91,88,9,NC_000009.12,Mutation NB - Paternal Origin,Transversion - Purine/Pyrimidine,G>C
99066490,rs16918198,AA,GG,AA,85,88,9,NC_000009.12,Mutation NB - Maternal Origin,Transition - Purine/Purine,G>A
99649657,.,AA,AA,AG,61,43,50,NC_000009.12,Mutation NB - Maternal Origin,Transition - Purine/Purine,Unsolved
100029592,rs932845733,AA,AA,AG,82,52,56,NC_000009.12,Mutation NB - Maternal Origin,Transition - Purine/Purine,Unsolved
103581058,rs1489515485,AA,AA,AG,67,82,56,NC_000009.12,Mutation NB - Paternal Origin,Transition - Purine/Purine,Unsolved
112167151,rs10739334,CC,CC,TC,91,73,12,NC_000009.12,Mutation NB - Maternal Origin,Transition - Pyrimidine/Pyrimidine,Unsolved
113947080,rs10982014,GG,GG,GC,100,58,99,NC_000009.12,Mutation NB - Maternal Origin,Transition - Purine/Purine,Transversion - Purine/Pyrimidine,Unsolved
113990618,rs10759669,CC,GG,CC,79,64,0,NC_000009.12,Mutation NB - Maternal Origin,Transversion - Purine/Pyrimidine,G>C
114470543,rs7036135,GC,CC,GG,35,79,9,NC_000009.12,Mutation NB - Maternal Origin,Transversion - Purine/Pyrimidine,C>G
117386612,.,AA,AA,AT,79,64,68,NC_000009.12,Mutation NB - Maternal Origin,Transversion - Purine/Pyrimidine,Unsolved
121582038,rs883094,TT,TT,TC,91,88,67,NC_000009.12,Mutation NB - Maternal Origin,Transition - Pyrimidine/Pyrimidine,Unsolved
124200203,rs2807612,GG,GG,GA,91,79,48,NC_000009.12,Mutation NB - Maternal Origin,Transition - Purine/Purine,Unsolved
124218621,rs10760334,CC,GG,GG,100,58,15,NC_000009.12,Mutation NB - Paternal Origin,Transversion - Purine/Pyrimidine,C>G
125411024,rs111615602,CC,CC,CT,100,76,27,NC_000009.12,Mutation NB - Maternal Origin,Transition - Pyrimidine/Pyrimidine,Unsolved
126578413,rs7868155,GG,GG,GA,88,76,33,NC_000009.12,Mutation NB - Maternal Origin,Transition - Purine/Purine,Unsolved
127136440,rs946428,AA,AG,GG,100,70,27,NC_000009.12,Mutation NB - Paternal Origin,Transition - Purine/Purine,A>G
127349060,rs1251996594,AA,AA,AG,79,79,41,NC_000009.12,Mutation NB - Paternal or Maternal,Transition - Purine/Purine,Unsolved
127727279,rs472144,AA,AG,GG,82,69,15,NC_000009.12,Mutation NB - Paternal Origin,Transition - Purine/Purine,A>G
129514960,.,GG,GG,GA,91,76,59,NC_000009.12,Mutation NB - Maternal Origin,Transition - Purine/Purine,Unsolved
130385930,rs2210623,AA,AA,AG,100,67,99,NC_000009.12,Mutation NB - Maternal Origin,Transition - Purine/Purine,Unsolved
131038047,rs3780275,GG,AA,AA,85,82,27,NC_000009.12,Mutation NB - Paternal Origin,Transition - Purine/Purine,G>A
131038176,rs3780274,CC,TT,CC,88,85,0,NC_000009.12,Mutation NB - Maternal Origin,Transition - Pyrimidine/Pyrimidine,T>C
131067758,rs10901340,CC,GG,CC,85,85,0,NC_000009.12,Mutation NB - Maternal Origin,Transversion - Purine/Pyrimidine,G>C
131067794,rs34873763,CC,TT,CC,91,85,0,NC_000009.12,Mutation NB - Maternal Origin,Transition - Pyrimidine/Pyrimidine,T>C
131219207,rs1196361276,AA,AA,AC,64,70,51,NC_000009.12,Mutation NB - Paternal Origin,Transversion - Purine/Pyrimidine,Unsolved
132226867,rs2149171,CT,TT,CC,28,76,0,NC_000009.12,Mutation NB - Maternal Origin,Transition - Pyrimidine/Pyrimidine,T>C
132848676,.,TT,TT,TC,73,82,47,NC_000009.12,Mutation NB - Paternal Origin,Transition - Pyrimidine/Pyrimidine,Unsolved
133685876,rs2519120,CT,CC,TT,47,100,39,NC_000009.12,Mutation NB - Maternal Origin,Transversion - Purine/Pyrimidine,C>T
133797806,rs7865299,GG,AA,GG,91,100,9,NC_000009.12,Mutation NB - Maternal Origin,Transition - Purine/Purine,A>G
133982271,rs375884101,GG,GG,GT,100,64,99,NC_000009.12,Mutation NB - Maternal Origin,Transversion - Purine/Pyrimidine,Unsolved
133984396,rs113217241,GG,GG,GT,85,100,99,NC_000009.12,Mutation NB - Paternal Origin,Transversion - Purine/Pyrimidine,Unsolved
134319785,rs1468997148,TT,TT,TC,88,91,50,NC_000009.12,Mutation NB - Paternal Origin,Transition - Pyrimidine/Pyrimidine,Unsolved
134377761,rs34835001,CC,CT,TT,100,46,12,NC_000009.12,Mutation NB - Paternal Origin,Transition - Pyrimidine/Pyrimidine,C>T
134420149,rs34159610,GG,GG,AA,91,100,12,NC_000009.12,Mutation NB - Paternal Origin,Transition - Purine/Purine,Unsolved
134678613,.,TT,TT,TC,97,97,67,NC_000009.12,Mutation NB - Paternal or Maternal,Transition - Pyrimidine/Pyrimidine,Unsolved
135257471,rs7858399,CC,TT,TT,91,76,27,NC_000009.12,Mutation NB - Paternal Origin,Transition - Pyrimidine/Pyrimidine,C>T
135309897,.,CC,CC,CT,76,73,44,NC_000009.12,Mutation NB - Maternal Origin,Transition - Pyrimidine/Pyrimidine,Unsolved
135329151,.,CC,CC,CT,91,91,89,NC_000009.12,Mutation NB - Paternal or Maternal,Transition - Pyrimidine/Pyrimidine,Unsolved
135888435,rs62585184,CC,CC,CT,76,100,99,NC_000009.12,Mutation NB - Paternal Origin,Transition - Pyrimidine/Pyrimidine,Unsolved
135891053,rs73561616,GG,GG,GA,100,79,68,NC_000009.12,Mutation NB - Maternal Origin,Transition - Purine/Purine,Unsolved
135926654,rs7030382,TT,CC,CC,91,85,27,NC_000009.12,Mutation NB - Paternal Origin,Transition - Pyrimidine/Pyrimidine,T>C
136367481,rs3812555,TT,CC,CC,91,100,9,NC_000009.12,Mutation NB - Paternal Origin,Transition - Pyrimidine/Pyrimidine,T>C
136759203,rs9411227,GG,AA,AA,85,88,15,NC_000009.12,Mutation NB - Paternal Origin,Transition - Purine/Purine,G>A
136961329,.,AA,AA,AG,61,73,60,NC_000009.12,Mutation NB - Paternal Origin,Transition - Purine/Purine,Unsolved
137271672,rs115578760,GG,GG,GT,82,100,97,NC_000009.12,Mutation NB - Paternal Origin,Transversion - Purine/Pyrimidine,Unsolved
137297182,.,TG,TT,GG,99,100,9,NC_000009.12,Mutation NB - Maternal Origin,Transversion - Purine/Pyrimidine,T>G
137348182,rs4078069,GG,GG,CC,91,91,21,NC_000009.12,Mutation NB - Paternal or Maternal,Transversion - Purine/Pyrimidine,Unsolved
137817430,rs73578877,AA,AC,CC,100,1,30,NC_000009.12,Mutation NB - Paternal Origin,Transversion - Purine/Pyrimidine,A>C
137984722,rs59194462,GG,GG,GA,88,64,99,NC_000009.12,Mutation NB - Maternal Origin,Transition - Purine/Purine,Unsolved
138048363,rs7020939,AA,AA,AG,100,64,99,NC_000009.12,Mutation NB - Maternal Origin,Transition - Purine/Purine,Unsolved
1116910,.,AA,AA,AG,91,67,56,NC_000010.11,Mutation NB - Maternal Origin,Transition - Purine/Purine,Unsolved
1429364,rs2820652,CC,TC,TT,85,35,0,NC_000010.11,Mutation NB - Paternal Origin,Transition - Pyrimidine/Pyrimidine,C>T
1552106,rs10736942,AA,AA,AT,91,76,27,NC_000010.11,Mutation NB - Maternal Origin,Transversion - Purine/Pyrimidine,Unsolved
1552139,rs7070465,CC,CC,TT,91,82,0,NC_000010.11,Mutation NB - Maternal Origin,Transition - Pyrimidine/Pyrimidine,Unsolved
1659594,rs10751812,TT,CC,TT,85,79,18,NC_000010.11,Mutation NB - Maternal Origin,Transition - Pyrimidine/Pyrimidine,C>T
3132832,rs9423485,TC,CC,TT,73,79,0,NC_000010.11,Mutation NB - Maternal Origin,Transversion - Purine/Pyrimidine,C>T
5504436,rs9423437,AA,AC,CC,100,1,45,NC_000010.11,Mutation NB - Paternal Origin,Transversion - Purine/Pyrimidine,A>C
6145803,rs11256977,TT,TT,TC,85,100,67,NC_000010.11,Mutation NB - Paternal Origin,Transition - Pyrimidine/Pyrimidine,Unsolved
6757307,rs353189,GG,GG,AG,64,79,11,NC_000010.11,Mutation NB - Paternal Origin,Transition - Purine/Purine,Unsolved
11231789,rs7091391,CC,TT,TT,100,79,24,NC_000010.11,Mutation NB - Paternal Origin,Transition - Pyrimidine/Pyrimidine,C>T
11688237,rs17150721,GG,CC,CC,88,91,0,NC_000010.11,Mutation NB - Paternal Origin,Transversion - Purine/Pyrimidine,G>C
14103388,.,AA,AA,AG,85,64,39,NC_000010.11,Mutation NB - Maternal Origin,Transition - Purine/Purine,Unsolved
18261035,rs536234420,CC,CC,CA,100,88,91,NC_000010.11,Mutation NB - Maternal Origin,Transversion - Purine/Pyrimidine,Unsolved
25104497,rs16925371,GG,CC,CC,88,91,0,NC_000010.11,Mutation NB - Paternal Origin,Transversion - Purine/Pyrimidine,G>C
26517107,.,CC,CC,CT,76,55,42,NC_000010.11,Mutation NB - Maternal Origin,Transition - Pyrimidine/Pyrimidine,Unsolved
26637876,rs55850114,GG,GG,GC,85,100,59,NC_000010.11,Mutation NB - Paternal Origin,Transition - Purine/Purine,Transversion - Purine/Pyrimidine,Unsolved
27858020,.,TT,TT,TC,85,67,53,NC_000010.11,Mutation NB - Maternal Origin,Transition - Pyrimidine/Pyrimidine,Unsolved
28752708,.,TT,TT,TC,76,49,48,NC_000010.11,Mutation NB - Maternal Origin,Transition - Pyrimidine/Pyrimidine,Unsolved
28849582,rs787326,CC,GG,CC,76,73,0,NC_000010.11,Mutation NB - Maternal Origin,Transversion - Purine/Pyrimidine,G>C
29056744,rs2783612,CC,CC,CA,100,76,99,NC_000010.11,Mutation NB - Maternal Origin,Transversion - Purine/Pyrimidine,Unsolved
29081501,rs534145,TC,CC,TT,5,85,27,NC_000010.11,Mutation NB - Maternal Origin,Transversion - Purine/Pyrimidine,C>T
29214411,rs509855,GG,AA,AA,88,100,15,NC_000010.11,Mutation NB - Paternal Origin,Transition - Purine/Purine,G>A
29806064,rs12220639,AA,AA,AG,79,100,67,NC_000010.11,Mutation NB - Paternal Origin,Transition - Purine/Purine,Unsolved
31116223,rs114495505,AA,AA,AT,100,73,99,NC_000010.11,Mutation NB - Maternal Origin,Transversion - Purine/Pyrimidine,Unsolved
31116249,rs116499747,CC,CC,CT,100,73,99,NC_000010.11,Mutation NB - Maternal Origin,Transition - Pyrimidine/Pyrimidine,Unsolved
33480658,rs1889949,CC,GC,GG,88,48,36,NC_000010.11,Mutation NB - Paternal Origin,Transversion - Purine/Pyrimidine,C>G
34860861,rs12218243,AA,CC,CC,88,64,12,NC_000010.11,Mutation NB - Paternal Origin,Transversion - Purine/Pyrimidine,A>C
35117285,.,TT,TT,TC,58,70,41,NC_000010.11,Mutation NB - Paternal Origin,Transition - Pyrimidine/Pyrimidine,Unsolved
35759234,.,TT,TT,TC,88,73,50,NC_000010.11,Mutation NB - Maternal Origin,Transition - Pyrimidine/Pyrimidine,Unsolved
36569940,.,AA,AA,AG,76,52,56,NC_000010.11,Mutation NB - Maternal Origin,Transition - Purine/Purine,Unsolved
36770736,rs2804972,CC,CC,TT,100,85,12,NC_000010.11,Mutation NB - Maternal Origin,Transition - Pyrimidine/Pyrimidine,Unsolved
37678205,rs12250012,CC,TT,TT,85,79,15,NC_000010.11,Mutation NB - Paternal Origin,Transition - Pyrimidine/Pyrimidine,C>T
38300550,.,AA,AA,AG,61,61,41,NC_000010.11,Mutation NB - Paternal or Maternal,Transition - Purine/Purine,Unsolved
44239462,rs647854,CC,CC,CA,88,85,99,NC_000010.11,Mutation NB - Maternal Origin,Transversion - Purine/Pyrimidine,Unsolved
46312097,rs73291039,TC,TT,CC,1,82,21,NC_000010.11,Mutation NB - Maternal Origin,Transition - Pyrimidine/Pyrimidine,T>C
47409245,rs11813656,AA,AA,AG,100,73,27,NC_000010.11,Mutation NB - Maternal Origin,Transition - Purine/Purine,Unsolved
48763324,rs1871606,AA,AA,GA,73,82,18,NC_000010.11,Mutation NB - Paternal Origin,Transition - Purine/Purine,Unsolved
48915471,.,AA,AA,AG,82,43,44,NC_000010.11,Mutation NB - Maternal Origin,Transition - Purine/Purine,Unsolved
48945464,rs2671718,GG,GG,AG,85,70,30,NC_000010.11,Mutation NB - Maternal Origin,Transition - Purine/Purine,Unsolved
49058244,rs7070387,AA,GA,GG,85,1,0,NC_000010.11,Mutation NB - Paternal Origin,Transition - Purine/Purine,A>G
49117010,rs11100990,GG,CG,CC,85,41,0,NC_000010.11,Mutation NB - Paternal Origin,Transversion - Purine/Pyrimidine,G>C
49326817,rs12411843,TT,TT,TC,88,97,99,NC_000010.11,Mutation NB - Paternal Origin,Transition - Pyrimidine/Pyrimidine,Unsolved
49351091,rs7477494,AA,CA,CC,91,1,27,NC_000010.11,Mutation NB - Paternal Origin,Transversion - Purine/Pyrimidine,A>C
50642827,rs61858152,AA,CC,CC,91,79,9,NC_000010.11,Mutation NB - Paternal Origin,Transversion - Purine/Pyrimidine,A>C
53222100,rs1903931,AA,GG,GG,100,79,18,NC_000010.11,Mutation NB - Paternal Origin,Transition - Purine/Purine,A>G
53370404,.,AA,AA,AT,76,67,59,NC_000010.11,Mutation NB - Maternal Origin,Transversion - Purine/Pyrimidine,Unsolved
58081364,rs55775510,AA,GG,GG,91,55,0,NC_000010.11,Mutation NB - Paternal Origin,Transition - Purine/Purine,A>G
60312946,rs10761477,TT,CC,CC,100,79,33,NC_000010.11,Mutation NB - Paternal Origin,Transition - Pyrimidine/Pyrimidine,T>C
67722027,rs79699741,TT,TT,TC,88,88,99,NC_000010.11,Mutation NB - Paternal or Maternal,Transition - Pyrimidine/Pyrimidine,Unsolved
69232494,rs4746828,TT,CT,CC,85,82,0,NC_000010.11,Mutation NB - Paternal Origin,Transition - Pyrimidine/Pyrimidine,T>C
69660734,rs1564145,GT,GG,TT,64,100,9,NC_000010.11,Mutation NB - Maternal Origin,Transversion - Purine/Pyrimidine,G>T
69921889,.,AA,AA,AG,73,55,56,NC_000010.11,Mutation NB - Maternal Origin,Transition - Purine/Purine,Unsolved
70107715,rs7905431,CC,CC,CT,91,55,99,NC_000010.11,Mutation NB - Maternal Origin,Transition - Pyrimidine/Pyrimidine,Unsolved
70622774,rs72813240,GG,GG,AA,85,88,9,NC_000010.11,Mutation NB - Paternal Origin,Transition - Purine/Purine,Unsolved
70871480,rs852121,GG,GA,AA,100,70,24,NC_000010.11,Mutation NB - Paternal Origin,Transition - Purine/Purine,G>A
71533654,rs10823776,TT,CC,CC,100,67,12,NC_000010.11,Mutation NB - Paternal Origin,Transition - Pyrimidine/Pyrimidine,T>C
73235038,.,TT,TT,TC,76,58,57,NC_000010.11,Mutation NB - Maternal Origin,Transition - Pyrimidine/Pyrimidine,Unsolved
79179377,rs12098743,GG,GG,GC,100,88,68,NC_000010.11,Mutation NB - Maternal Origin,Transition - Purine/Purine,Transversion - Purine/Pyrimidine,Unsolved
79301967,rs10824740,GG,GG,GA,100,70,99,NC_000010.11,Mutation NB - Maternal Origin,Transition - Purine/Purine,Unsolved
79317538,rs11002924,GG,GG,GA,88,46,99,NC_000010.11,Mutation NB - Maternal Origin,Transition - Purine/Purine,Unsolved
84004379,rs2350106,TT,CC,TT,73,79,0,NC_000010.11,Mutation NB - Maternal Origin,Transition - Pyrimidine/Pyrimidine,C>T
84155430,rs7096124,CC,TT,TT,88,85,24,NC_000010.11,Mutation NB - Paternal Origin,Transition - Pyrimidine/Pyrimidine,C>T
84972615,rs773556956,TT,CC,TT,82,85,42,NC_000010.11,Mutation NB - Maternal Origin,Transition - Pyrimidine/Pyrimidine,C>T
85000170,rs1538433,CC,CC,CA,82,100,71,NC_000010.11,Mutation NB - Paternal Origin,Transversion - Purine/Pyrimidine,Unsolved
85213953,rs12783023,CC,CA,AA,91,67,15,NC_000010.11,Mutation NB - Paternal Origin,Transversion - Purine/Pyrimidine,C>A
85451360,rs7081147,TT,CC,CC,100,88,27,NC_000010.11,Mutation NB - Paternal Origin,Transition - Pyrimidine/Pyrimidine,T>C
85451378,rs7077501,AA,GG,GG,100,88,27,NC_000010.11,Mutation NB - Paternal Origin,Transition - Purine/Purine,A>G
85451383,rs7093977,CC,TT,TT,100,88,27,NC_000010.11,Mutation NB - Paternal Origin,Transition - Pyrimidine/Pyrimidine,C>T
86675375,rs12240646,TT,TC,CC,70,1,9,NC_000010.11,Mutation NB - Paternal Origin,Transition - Pyrimidine/Pyrimidine,T>C
88985459,rs11202921,TT,TG,GG,73,1,15,NC_000010.11,Mutation NB - Paternal Origin,Transversion - Purine/Pyrimidine,T>G
90770130,.,TT,TT,TC,79,55,53,NC_000010.11,Mutation NB - Maternal Origin,Transition - Pyrimidine/Pyrimidine,Unsolved
91880534,.,TT,TT,TC,82,76,56,NC_000010.11,Mutation NB - Maternal Origin,Transition - Pyrimidine/Pyrimidine,Unsolved
93630117,rs72822871,GG,GG,GA,76,99,75,NC_000010.11,Mutation NB - Paternal Origin,Transition - Purine/Purine,Unsolved
93630119,rs10882288,CC,CC,CT,76,100,75,NC_000010.11,Mutation NB - Paternal Origin,Transition - Pyrimidine/Pyrimidine,Unsolved
93630259,rs3824752,CC,CG,GG,85,1,6,NC_000010.11,Mutation NB - Paternal Origin,Transversion - Purine/Pyrimidine,C>G
93845444,rs532553186,GG,GG,GT,100,79,68,NC_000010.11,Mutation NB - Maternal Origin,Transversion - Purine/Pyrimidine,Unsolved
93845490,.,CC,CC,CT,82,79,72,NC_000010.11,Mutation NB - Maternal Origin,Transition - Pyrimidine/Pyrimidine,Unsolved
95616339,rs749049,TT,TT,AT,91,70,98,NC_000010.11,Mutation NB - Maternal Origin,Transition - Pyrimidine/Pyrimidine,Transversion - Purine/Pyrimidine,Unsolved
95616358,rs749050,AA,GG,GG,91,70,30,NC_000010.11,Mutation NB - Paternal Origin,Transition - Purine/Purine,A>G
95687616,rs10786229,AA,TT,TT,58,73,12,NC_000010.11,Mutation NB - Paternal Origin,Transversion - Purine/Pyrimidine,A>T
97605362,rs4919116,GG,TT,TT,100,82,30,NC_000010.11,Mutation NB - Paternal Origin,Transversion - Purine/Pyrimidine,G>T
97750311,rs3750614,TT,GT,GG,85,1,0,NC_000010.11,Mutation NB - Paternal Origin,Transversion - Purine/Pyrimidine,T>G
98124788,rs1048824815,AA,AA,AG,91,79,59,NC_000010.11,Mutation NB - Maternal Origin,Transition - Purine/Purine,Unsolved
98124813,rs141430013,TT,TT,TC,100,79,99,NC_000010.11,Mutation NB - Maternal Origin,Transition - Pyrimidine/Pyrimidine,Unsolved
101242225,.,AA,AA,AT,76,79,59,NC_000010.11,Mutation NB - Paternal Origin,Transversion - Purine/Pyrimidine,Unsolved
113559827,rs3781382,AA,AA,AG,100,70,97,NC_000010.11,Mutation NB - Maternal Origin,Transition - Purine/Purine,Unsolved
116627442,rs9787450,TT,CC,CC,100,70,39,NC_000010.11,Mutation NB - Paternal Origin,Transition - Pyrimidine/Pyrimidine,T>C
116627446,rs9787451,TT,CC,CC,100,70,39,NC_000010.11,Mutation NB - Paternal Origin,Transition - Pyrimidine/Pyrimidine,T>C
117140596,rs10886044,AA,GG,GG,88,55,0,NC_000010.11,Mutation NB - Paternal Origin,Transition - Purine/Purine,A>G
117140605,rs4752032,GG,AA,AA,85,55,15,NC_000010.11,Mutation NB - Paternal Origin,Transition - Purine/Purine,G>A
118408077,rs10787829,GG,GG,AG,82,49,99,NC_000010.11,Mutation NB - Maternal Origin,Transition - Purine/Purine,Unsolved
118408091,rs1246889,GG,GG,GA,100,46,99,NC_000010.11,Mutation NB - Maternal Origin,Transition - Purine/Purine,Unsolved
118583781,rs573157396,CC,CC,CG,100,70,99,NC_000010.11,Mutation NB - Maternal Origin,Transversion - Purine/Pyrimidine,Unsolved
120475879,.,TT,TT,TC,85,67,59,NC_000010.11,Mutation NB - Maternal Origin,Transition - Pyrimidine/Pyrimidine,Unsolved
120737446,rs12769476,TT,TT,TC,91,100,92,NC_000010.11,Mutation NB - Paternal Origin,Transition - Pyrimidine/Pyrimidine,Unsolved
122786443,rs115664339,TT,TT,TC,100,40,99,NC_000010.11,Mutation NB - Maternal Origin,Transition - Pyrimidine/Pyrimidine,Unsolved
124017234,rs9422271,GG,AA,AA,88,70,18,NC_000010.11,Mutation NB - Paternal Origin,Transition - Purine/Purine,G>A
124264858,rs73374235,GG,GG,GC,100,82,99,NC_000010.11,Mutation NB - Maternal Origin,Transition - Purine/Purine,Transversion - Purine/Pyrimidine,Unsolved
124322158,.,AA,AA,AG,79,55,56,NC_000010.11,Mutation NB - Maternal Origin,Transition - Purine/Purine,Unsolved
124468287,rs2807046,AA,AA,AG,100,76,30,NC_000010.11,Mutation NB - Maternal Origin,Transition - Purine/Purine,Unsolved
124468354,rs4962579,CC,TT,CC,91,79,0,NC_000010.11,Mutation NB - Maternal Origin,Transition - Pyrimidine/Pyrimidine,T>C
124593322,rs11245306,CC,AA,AA,88,73,15,NC_000010.11,Mutation NB - Paternal Origin,Transversion - Purine/Pyrimidine,C>A
124718093,.,CC,CC,CA,88,76,39,NC_000010.11,Mutation NB - Maternal Origin,Transversion - Purine/Pyrimidine,Unsolved
125788305,rs2281958,TT,TC,CC,100,1,12,NC_000010.11,Mutation NB - Paternal Origin,Transition - Pyrimidine/Pyrimidine,T>C
125991421,rs11598195,CC,GG,CC,79,100,33,NC_000010.11,Mutation NB - Maternal Origin,Transversion - Purine/Pyrimidine,G>C
126454259,rs7070839,GG,AA,AA,82,82,0,NC_000010.11,Mutation NB - Paternal Origin,Transition - Purine/Purine,G>A
126470762,rs11244993,AA,AA,AG,100,91,99,NC_000010.11,Mutation NB - Maternal Origin,Transition - Purine/Purine,Unsolved
128096057,rs74974581,GG,GA,AA,76,1,24,NC_000010.11,Mutation NB - Paternal Origin,Transition - Purine/Purine,G>A
128324127,rs11598662,TT,TT,TC,76,100,99,NC_000010.11,Mutation NB - Paternal Origin,Transition - Pyrimidine/Pyrimidine,Unsolved
129405541,rs1771445,GG,GG,AG,82,67,99,NC_000010.11,Mutation NB - Maternal Origin,Transition - Purine/Purine,Unsolved
129730313,.,AA,AA,AG,61,73,47,NC_000010.11,Mutation NB - Paternal Origin,Transition - Purine/Purine,Unsolved
130040741,rs7090364,AA,CA,CC,91,32,0,NC_000010.11,Mutation NB - Paternal Origin,Transversion - Purine/Pyrimidine,A>C
130429090,.,TT,TT,TC,76,88,83,NC_000010.11,Mutation NB - Paternal Origin,Transition - Pyrimidine/Pyrimidine,Unsolved
130657761,rs116590002,GA,GG,AA,1,79,45,NC_000010.11,Mutation NB - Maternal Origin,Transition - Purine/Purine,G>A
131519607,rs10765078,GG,AA,GG,85,88,9,NC_000010.11,Mutation NB - Maternal Origin,Transition - Purine/Purine,A>G
131519643,rs72851717,TC,TT,CC,70,88,9,NC_000010.11,Mutation NB - Maternal Origin,Transition - Pyrimidine/Pyrimidine,T>C
131773612,rs9419598,GG,AG,AA,79,9,0,NC_000010.11,Mutation NB - Paternal Origin,Transition - Purine/Purine,G>A
131773693,.,AA,AA,AG,76,70,50,NC_000010.11,Mutation NB - Maternal Origin,Transition - Purine/Purine,Unsolved
131830705,rs78358020,TT,CC,CC,88,91,12,NC_000010.11,Mutation NB - Paternal Origin,Transition - Pyrimidine/Pyrimidine,T>C
132121512,rs11146194,GG,AA,AA,91,91,9,NC_000010.11,Mutation NB - Paternal Origin,Transition - Purine/Purine,G>A
132244119,rs10870276,GG,TT,GG,91,91,18,NC_000010.11,Mutation NB - Maternal Origin,Transition - Purine/Purine,Transversion - Purine/Pyrimidine,T>G
132278276,rs996486217,CC,CC,CT,88,67,62,NC_000010.11,Mutation NB - Maternal Origin,Transition - Pyrimidine/Pyrimidine,Unsolved
132354971,rs2497645,TT,TC,CC,76,1,9,NC_000010.11,Mutation NB - Paternal Origin,Transition - Pyrimidine/Pyrimidine,T>C
132429746,rs113352107,GG,GG,GA,100,67,99,NC_000010.11,Mutation NB - Maternal Origin,Transition - Purine/Purine,Unsolved
132444543,rs12269409,TT,TT,TC,79,79,99,NC_000010.11,Mutation NB - Paternal or Maternal,Transition - Pyrimidine/Pyrimidine,Unsolved
132451980,rs375105761,TT,TT,TC,100,43,62,NC_000010.11,Mutation NB - Maternal Origin,Transition - Pyrimidine/Pyrimidine,Unsolved
132659720,rs34448059,AA,AA,AG,85,100,21,NC_000010.11,Mutation NB - Paternal Origin,Transition - Purine/Purine,Unsolved
133102489,rs7905581,GG,CC,CC,100,82,18,NC_000010.11,Mutation NB - Paternal Origin,Transversion - Purine/Pyrimidine,G>C
397331,rs200371913,GG,GG,GC,91,88,21,NC_000011.10,Mutation NB - Maternal Origin,Transition - Purine/Purine,Transversion - Purine/Pyrimidine,Unsolved
1362622,rs7481150,AT,TT,AA,67,85,9,NC_000011.10,Mutation NB - Maternal Origin,Transversion - Purine/Pyrimidine,T>A
1448326,rs11028212,GG,GG,GC,100,88,99,NC_000011.10,Mutation NB - Maternal Origin,Transition - Purine/Purine,Transversion - Purine/Pyrimidine,Unsolved
2217574,rs554729288,CC,CC,CT,91,82,62,NC_000011.10,Mutation NB - Maternal Origin,Transition - Pyrimidine/Pyrimidine,Unsolved
2217575,rs7104239,GG,GG,GC,100,82,99,NC_000011.10,Mutation NB - Maternal Origin,Transition - Purine/Purine,Transversion - Purine/Pyrimidine,Unsolved
5678141,rs58515362,CC,AA,AA,91,67,30,NC_000011.10,Mutation NB - Paternal Origin,Transversion - Purine/Pyrimidine,C>A
6012432,rs140715679,GA,GG,AA,1,91,6,NC_000011.10,Mutation NB - Maternal Origin,Transition - Purine/Purine,G>A
6533711,rs4282961,CC,CC,CA,100,85,99,NC_000011.10,Mutation NB - Maternal Origin,Transversion - Purine/Pyrimidine,Unsolved
6612308,rs3176309,GG,GG,GT,79,100,79,NC_000011.10,Mutation NB - Paternal Origin,Transversion - Purine/Pyrimidine,Unsolved
8236637,rs7121476,AG,AA,GG,35,100,15,NC_000011.10,Mutation NB - Maternal Origin,Transition - Purine/Purine,A>G
8309069,rs897104,AA,AA,AG,88,100,99,NC_000011.10,Mutation NB - Paternal Origin,Transition - Purine/Purine,Unsolved
8337300,.,CC,CC,CA,88,91,68,NC_000011.10,Mutation NB - Paternal Origin,Transversion - Purine/Pyrimidine,Unsolved
8714115,rs931756,AA,GG,AA,91,100,27,NC_000011.10,Mutation NB - Maternal Origin,Transition - Purine/Purine,G>A
10715746,rs28620710,CC,TT,TT,100,70,15,NC_000011.10,Mutation NB - Paternal Origin,Transition - Pyrimidine/Pyrimidine,C>T
10715755,rs28725289,CC,GG,GG,100,70,15,NC_000011.10,Mutation NB - Paternal Origin,Transversion - Purine/Pyrimidine,C>G
11417606,rs10831610,GC,CC,GG,1,73,0,NC_000011.10,Mutation NB - Maternal Origin,Transversion - Purine/Pyrimidine,C>G
11825199,rs72854898,GG,CC,CC,91,79,15,NC_000011.10,Mutation NB - Paternal Origin,Transversion - Purine/Pyrimidine,G>C
12362787,.,CC,CC,CT,91,61,47,NC_000011.10,Mutation NB - Maternal Origin,Transition - Pyrimidine/Pyrimidine,Unsolved
13261605,rs10160685,GG,GG,AA,100,100,27,NC_000011.10,Mutation NB - Paternal or Maternal,Transition - Purine/Purine,Unsolved
14260887,.,AA,AA,AG,88,70,54,NC_000011.10,Mutation NB - Maternal Origin,Transition - Purine/Purine,Unsolved
17159923,.,CC,CC,CA,79,100,50,NC_000011.10,Mutation NB - Paternal Origin,Transversion - Purine/Pyrimidine,Unsolved
18786195,rs534719065,GG,GG,GT,100,88,68,NC_000011.10,Mutation NB - Maternal Origin,Transversion - Purine/Pyrimidine,Unsolved
18897766,rs11024870,CC,TT,TT,100,70,9,NC_000011.10,Mutation NB - Paternal Origin,Transition - Pyrimidine/Pyrimidine,C>T
21931674,rs7121268,GG,GA,AA,76,1,12,NC_000011.10,Mutation NB - Paternal Origin,Transition - Purine/Purine,G>A
23321596,rs11027144,GG,GA,AA,100,1,15,NC_000011.10,Mutation NB - Paternal Origin,Transition - Purine/Purine,G>A
24475149,rs9971391,AA,CC,CC,91,70,21,NC_000011.10,Mutation NB - Paternal Origin,Transversion - Purine/Pyrimidine,A>C
25351418,rs2896741,TC,CC,TT,73,76,0,NC_000011.10,Mutation NB - Maternal Origin,Transversion - Purine/Pyrimidine,C>T
27615023,.,CC,CC,CT,82,82,44,NC_000011.10,Mutation NB - Paternal or Maternal,Transition - Pyrimidine/Pyrimidine,Unsolved
29361507,.,AA,AA,AG,85,79,59,NC_000011.10,Mutation NB - Maternal Origin,Transition - Purine/Purine,Unsolved
31861606,.,CC,CC,CT,91,85,71,NC_000011.10,Mutation NB - Maternal Origin,Transition - Pyrimidine/Pyrimidine,Unsolved
32358975,rs7118294,TT,TT,TC,91,100,58,NC_000011.10,Mutation NB - Paternal Origin,Transition - Pyrimidine/Pyrimidine,Unsolved
39785605,rs12804066,GA,AA,GG,25,79,0,NC_000011.10,Mutation NB - Maternal Origin,Transition - Purine/Purine,A>G
39785629,rs12803902,CT,TT,CC,25,79,0,NC_000011.10,Mutation NB - Maternal Origin,Transition - Pyrimidine/Pyrimidine,T>C
43944803,.,AA,AA,AG,100,82,47,NC_000011.10,Mutation NB - Maternal Origin,Transition - Purine/Purine,Unsolved
44099205,rs1181262869,AA,AA,AG,76,73,50,NC_000011.10,Mutation NB - Maternal Origin,Transition - Purine/Purine,Unsolved
45163655,.,TT,TT,TC,61,64,47,NC_000011.10,Mutation NB - Paternal Origin,Transition - Pyrimidine/Pyrimidine,Unsolved
45907839,rs74900698,GG,GG,GA,100,82,71,NC_000011.10,Mutation NB - Maternal Origin,Transition - Purine/Purine,Unsolved
49267554,rs1825675,TT,TT,TG,100,70,99,NC_000011.10,Mutation NB - Maternal Origin,Transition - Pyrimidine/Pyrimidine,Transversion - Purine/Pyrimidine,Unsolved
50214747,.,CC,CC,CT,91,76,51,NC_000011.10,Mutation NB - Maternal Origin,Transition - Pyrimidine/Pyrimidine,Unsolved
54838533,rs11246479,TT,TT,TA,100,88,56,NC_000011.10,Mutation NB - Maternal Origin,Transition - Pyrimidine/Pyrimidine,Transversion - Purine/Pyrimidine,Unsolved
55514588,rs12417844,GA,AA,GG,76,85,0,NC_000011.10,Mutation NB - Maternal Origin,Transition - Purine/Purine,A>G
56459442,rs10896403,CC,CC,CT,100,79,99,NC_000011.10,Mutation NB - Maternal Origin,Transition - Pyrimidine/Pyrimidine,Unsolved
57006358,.,GG,GG,GA,85,85,40,NC_000011.10,Mutation NB - Paternal or Maternal,Transition - Purine/Purine,Unsolved
57910910,.,TT,TT,TC,88,61,44,NC_000011.10,Mutation NB - Maternal Origin,Transition - Pyrimidine/Pyrimidine,Unsolved
59355953,rs114752491,GG,GG,GA,91,88,65,NC_000011.10,Mutation NB - Maternal Origin,Transition - Purine/Purine,Unsolved
59713128,rs1410589668,AA,AA,AG,52,67,44,NC_000011.10,Mutation NB - Paternal Origin,Transition - Purine/Purine,Unsolved
60498834,.,AA,AA,AG,82,64,95,NC_000011.10,Mutation NB - Maternal Origin,Transition - Purine/Purine,Unsolved
60934448,rs2469884,TT,CC,TT,61,100,15,NC_000011.10,Mutation NB - Maternal Origin,Transition - Pyrimidine/Pyrimidine,C>T
61056810,.,CC,CC,CT,79,43,42,NC_000011.10,Mutation NB - Maternal Origin,Transition - Pyrimidine/Pyrimidine,Unsolved
62851734,rs498751,GG,GG,GA,76,100,99,NC_000011.10,Mutation NB - Paternal Origin,Transition - Purine/Purine,Unsolved
63599898,.,AA,AA,AG,73,79,59,NC_000011.10,Mutation NB - Paternal Origin,Transition - Purine/Purine,Unsolved
63614504,rs3809072,CC,CA,AA,82,67,18,NC_000011.10,Mutation NB - Paternal Origin,Transversion - Purine/Pyrimidine,C>A
63614551,rs2030729,AA,CA,CC,85,76,18,NC_000011.10,Mutation NB - Paternal Origin,Transversion - Purine/Pyrimidine,A>C
65021722,rs664226,CC,TT,CC,88,82,27,NC_000011.10,Mutation NB - Maternal Origin,Transition - Pyrimidine/Pyrimidine,T>C
66266101,rs754160371,TT,TT,TC,88,64,44,NC_000011.10,Mutation NB - Maternal Origin,Transition - Pyrimidine/Pyrimidine,Unsolved
66956994,.,AA,AA,AG,73,85,43,NC_000011.10,Mutation NB - Paternal Origin,Transition - Purine/Purine,Unsolved
68710739,rs10750832,AA,AG,GG,100,35,18,NC_000011.10,Mutation NB - Paternal Origin,Transition - Purine/Purine,A>G
68737439,rs7103131,CC,CC,CT,91,67,99,NC_000011.10,Mutation NB - Maternal Origin,Transition - Pyrimidine/Pyrimidine,Unsolved
68896782,rs3802749,CC,CC,CT,91,82,95,NC_000011.10,Mutation NB - Maternal Origin,Transition - Pyrimidine/Pyrimidine,Unsolved
69274177,rs1854889320,TT,TT,TC,82,67,47,NC_000011.10,Mutation NB - Maternal Origin,Transition - Pyrimidine/Pyrimidine,Unsolved
69285732,.,TT,TT,TA,82,82,65,NC_000011.10,Mutation NB - Paternal or Maternal,Transition - Pyrimidine/Pyrimidine,Transversion - Purine/Pyrimidine,Unsolved
69862486,rs7936223,CC,AA,CC,100,88,0,NC_000011.10,Mutation NB - Maternal Origin,Transversion - Purine/Pyrimidine,A>C
71237051,rs79742697,GG,CC,CC,79,49,36,NC_000011.10,Mutation NB - Paternal Origin,Transversion - Purine/Pyrimidine,G>C
73221125,.,TT,TT,TC,88,73,52,NC_000011.10,Mutation NB - Maternal Origin,Transition - Pyrimidine/Pyrimidine,Unsolved
74582494,rs7935260,AA,GA,GG,85,1,9,NC_000011.10,Mutation NB - Paternal Origin,Transition - Purine/Purine,A>G
76289196,rs61354318,GG,GT,TT,100,66,51,NC_000011.10,Mutation NB - Paternal Origin,Transversion - Purine/Pyrimidine,G>T
79247568,rs9634033,AA,AA,GG,85,88,0,NC_000011.10,Mutation NB - Paternal Origin,Transition - Purine/Purine,Unsolved
82749365,rs35976718,CC,CT,TT,88,1,21,NC_000011.10,Mutation NB - Paternal Origin,Transition - Pyrimidine/Pyrimidine,C>T
84795445,rs115884548,AA,GG,GG,88,70,18,NC_000011.10,Mutation NB - Paternal Origin,Transition - Purine/Purine,A>G
90381987,rs112308321,TT,TT,TC,100,70,99,NC_000011.10,Mutation NB - Maternal Origin,Transition - Pyrimidine/Pyrimidine,Unsolved
96460695,rs11021596,GG,GG,GA,91,79,99,NC_000011.10,Mutation NB - Maternal Origin,Transition - Purine/Purine,Unsolved
96487084,rs10831531,TT,CC,TT,100,85,0,NC_000011.10,Mutation NB - Maternal Origin,Transition - Pyrimidine/Pyrimidine,C>T
96487118,rs11605361,CC,TT,CC,85,85,0,NC_000011.10,Mutation NB - Maternal Origin,Transition - Pyrimidine/Pyrimidine,T>C
96817028,.,AA,AA,AG,61,76,44,NC_000011.10,Mutation NB - Paternal Origin,Transition - Purine/Purine,Unsolved
98208040,rs11214375,TT,CC,TT,91,82,0,NC_000011.10,Mutation NB - Maternal Origin,Transition - Pyrimidine/Pyrimidine,C>T
99424608,.,GG,GG,GA,91,91,56,NC_000011.10,Mutation NB - Paternal or Maternal,Transition - Purine/Purine,Unsolved
100612789,rs11224318,GG,GG,GC,82,82,3,NC_000011.10,Mutation NB - Paternal or Maternal,Transition - Purine/Purine,Transversion - Purine/Pyrimidine,Unsolved
105411587,rs60064890,GG,AA,GG,85,91,21,NC_000011.10,Mutation NB - Maternal Origin,Transition - Purine/Purine,A>G
110514184,rs139388924,GG,AA,AA,82,76,51,NC_000011.10,Mutation NB - Paternal Origin,Transition - Purine/Purine,G>A
111730317,.,AA,AA,AG,70,76,56,NC_000011.10,Mutation NB - Paternal Origin,Transition - Purine/Purine,Unsolved
112736185,rs79176220,CC,TT,CC,85,82,0,NC_000011.10,Mutation NB - Maternal Origin,Transition - Pyrimidine/Pyrimidine,T>C
114847237,rs4936304,GC,GG,CC,67,100,15,NC_000011.10,Mutation NB - Maternal Origin,Transversion - Purine/Pyrimidine,G>C
115745414,rs2285254,GC,GG,CC,73,88,12,NC_000011.10,Mutation NB - Maternal Origin,Transversion - Purine/Pyrimidine,G>C
115916434,rs10502209,AA,AA,AG,85,79,99,NC_000011.10,Mutation NB - Maternal Origin,Transition - Purine/Purine,Unsolved
116559471,rs560012971,GA,GG,AA,60,88,3,NC_000011.10,Mutation NB - Maternal Origin,Transition - Purine/Purine,G>A
116817950,rs145859971,GG,GG,GA,100,73,65,NC_000011.10,Mutation NB - Maternal Origin,Transition - Purine/Purine,Unsolved
117534230,rs76746136,GG,GG,GA,100,91,33,NC_000011.10,Mutation NB - Maternal Origin,Transition - Purine/Purine,Unsolved
118663373,rs10790256,CC,CC,TT,88,100,21,NC_000011.10,Mutation NB - Paternal Origin,Transition - Pyrimidine/Pyrimidine,Unsolved
118942605,rs73557345,TT,TT,TC,100,85,27,NC_000011.10,Mutation NB - Maternal Origin,Transition - Pyrimidine/Pyrimidine,Unsolved
119601958,rs58254953,GG,AA,AA,91,91,9,NC_000011.10,Mutation NB - Paternal Origin,Transition - Purine/Purine,G>A
119982721,rs595167,CC,TT,TT,91,49,0,NC_000011.10,Mutation NB - Paternal Origin,Transition - Pyrimidine/Pyrimidine,C>T
121187392,rs12574902,CC,CC,CT,100,64,27,NC_000011.10,Mutation NB - Maternal Origin,Transition - Pyrimidine/Pyrimidine,Unsolved
123229054,rs557652,GG,AG,AA,79,1,0,NC_000011.10,Mutation NB - Paternal Origin,Transition - Purine/Purine,G>A
123291287,rs10790571,TT,TC,CC,100,50,15,NC_000011.10,Mutation NB - Paternal Origin,Transition - Pyrimidine/Pyrimidine,T>C
124870092,rs4936957,CC,TT,CC,67,94,45,NC_000011.10,Mutation NB - Maternal Origin,Transition - Pyrimidine/Pyrimidine,T>C
125416770,rs77306306,GG,GG,GT,100,64,67,NC_000011.10,Mutation NB - Maternal Origin,Transversion - Purine/Pyrimidine,Unsolved
126275993,.,TT,TT,TC,91,85,72,NC_000011.10,Mutation NB - Maternal Origin,Transition - Pyrimidine/Pyrimidine,Unsolved
126394833,rs10893504,TG,GG,TT,70,79,0,NC_000011.10,Mutation NB - Maternal Origin,Transversion - Purine/Pyrimidine,G>T
129312883,rs11221660,GG,AA,AA,91,85,18,NC_000011.10,Mutation NB - Paternal Origin,Transition - Purine/Purine,G>A
129480372,rs7123712,TT,CC,CC,91,76,27,NC_000011.10,Mutation NB - Paternal Origin,Transition - Pyrimidine/Pyrimidine,T>C
129759811,rs115404665,GG,AA,AA,88,91,15,NC_000011.10,Mutation NB - Paternal Origin,Transition - Purine/Purine,G>A
130095817,rs73583487,TT,TT,TC,82,55,99,NC_000011.10,Mutation NB - Maternal Origin,Transition - Pyrimidine/Pyrimidine,Unsolved
130337714,rs265310,AA,GG,GG,79,70,9,NC_000011.10,Mutation NB - Paternal Origin,Transition - Purine/Purine,A>G
130462443,rs11604959,AG,GG,AA,29,85,9,NC_000011.10,Mutation NB - Maternal Origin,Transition - Purine/Purine,G>A
130473525,rs139836940,GA,GG,AA,70,91,12,NC_000011.10,Mutation NB - Maternal Origin,Transition - Purine/Purine,G>A
131227894,rs1113927,TT,GG,GG,85,76,12,NC_000011.10,Mutation NB - Paternal Origin,Transversion - Purine/Pyrimidine,T>G
131227909,rs76044229,AA,CC,CC,85,76,12,NC_000011.10,Mutation NB - Paternal Origin,Transversion - Purine/Pyrimidine,A>C
131503209,rs570994092,CC,CC,CT,73,64,42,NC_000011.10,Mutation NB - Maternal Origin,Transition - Pyrimidine/Pyrimidine,Unsolved
131572807,rs318951,TT,CC,CC,100,76,27,NC_000011.10,Mutation NB - Paternal Origin,Transition - Pyrimidine/Pyrimidine,T>C
133019102,.,TT,TT,TG,79,88,53,NC_000011.10,Mutation NB - Paternal Origin,Transition - Pyrimidine/Pyrimidine,Transversion - Purine/Pyrimidine,Unsolved
134394612,rs75373472,TT,TG,GG,91,35,18,NC_000011.10,Mutation NB - Paternal Origin,Transversion - Purine/Pyrimidine,T>G
134394635,rs111711955,AA,AG,GG,91,35,18,NC_000011.10,Mutation NB - Paternal Origin,Transition - Purine/Purine,A>G
134438784,rs10894813,CC,TT,TT,100,79,12,NC_000011.10,Mutation NB - Paternal Origin,Transition - Pyrimidine/Pyrimidine,C>T
134521699,rs12420612,CC,CC,CT,94,100,12,NC_000011.10,Mutation NB - Paternal Origin,Transition - Pyrimidine/Pyrimidine,Unsolved
1501941,rs929316,AG,AA,GG,70,73,9,NC_000012.12,Mutation NB - Maternal Origin,Transition - Purine/Purine,A>G
2948397,.,TT,TT,TC,64,79,59,NC_000012.12,Mutation NB - Paternal Origin,Transition - Pyrimidine/Pyrimidine,Unsolved
3201607,rs7488997,GT,GG,TT,35,91,12,NC_000012.12,Mutation NB - Maternal Origin,Transversion - Purine/Pyrimidine,G>T
3431357,rs2335981,CC,TT,CC,91,88,24,NC_000012.12,Mutation NB - Maternal Origin,Transition - Pyrimidine/Pyrimidine,T>C
3538926,rs7962508,GG,AA,AA,88,70,24,NC_000012.12,Mutation NB - Paternal Origin,Transition - Purine/Purine,G>A
4383106,.,TT,TT,TA,88,70,43,NC_000012.12,Mutation NB - Maternal Origin,Transition - Pyrimidine/Pyrimidine,Transversion - Purine/Pyrimidine,Unsolved
5711955,rs4930747,GG,GG,GA,100,76,99,NC_000012.12,Mutation NB - Maternal Origin,Transition - Purine/Purine,Unsolved
5982039,rs2286938,CC,CC,CT,80,52,99,NC_000012.12,Mutation NB - Maternal Origin,Transition - Pyrimidine/Pyrimidine,Unsolved
6305993,rs11064137,GG,AA,AA,91,70,27,NC_000012.12,Mutation NB - Paternal Origin,Transition - Purine/Purine,G>A
6453644,rs2532500,AA,GG,AA,88,79,24,NC_000012.12,Mutation NB - Maternal Origin,Transition - Purine/Purine,G>A
7031909,.,AA,AA,AG,82,46,44,NC_000012.12,Mutation NB - Maternal Origin,Transition - Purine/Purine,Unsolved
7862504,rs28750840,CC,AA,AA,91,73,15,NC_000012.12,Mutation NB - Paternal Origin,Transversion - Purine/Pyrimidine,C>A
8482397,rs7977464,GG,GG,GA,88,82,75,NC_000012.12,Mutation NB - Maternal Origin,Transition - Purine/Purine,Unsolved
8482398,rs7977465,GG,GG,GA,88,82,75,NC_000012.12,Mutation NB - Maternal Origin,Transition - Purine/Purine,Unsolved
9335707,rs4141479,CC,TT,TT,91,61,9,NC_000012.12,Mutation NB - Paternal Origin,Transition - Pyrimidine/Pyrimidine,C>T
9449603,rs11830335,TT,CC,TT,100,61,30,NC_000012.12,Mutation NB - Maternal Origin,Transition - Pyrimidine/Pyrimidine,C>T
10551751,rs10772314,AA,TT,TT,91,91,0,NC_000012.12,Mutation NB - Paternal Origin,Transversion - Purine/Pyrimidine,A>T
11814776,rs732868,GG,AA,AA,100,64,30,NC_000012.12,Mutation NB - Paternal Origin,Transition - Purine/Purine,G>A
13449460,rs55725203,CC,CC,CT,100,70,99,NC_000012.12,Mutation NB - Maternal Origin,Transition - Pyrimidine/Pyrimidine,Unsolved
18278570,.,AA,AA,AG,70,73,41,NC_000012.12,Mutation NB - Paternal Origin,Transition - Purine/Purine,Unsolved
26114715,rs7972367,TT,CC,CC,76,73,9,NC_000012.12,Mutation NB - Paternal Origin,Transition - Pyrimidine/Pyrimidine,T>C
30603949,rs12315407,CT,CC,TT,37,91,9,NC_000012.12,Mutation NB - Maternal Origin,Transversion - Purine/Pyrimidine,C>T
30981203,.,GG,GG,GA,79,64,41,NC_000012.12,Mutation NB - Maternal Origin,Transition - Purine/Purine,Unsolved
32614155,rs73083477,CC,CC,CT,100,67,99,NC_000012.12,Mutation NB - Maternal Origin,Transition - Pyrimidine/Pyrimidine,Unsolved
34485177,rs116166584,GA,GG,AA,38,70,15,NC_000012.12,Mutation NB - Maternal Origin,Transition - Purine/Purine,G>A
38121070,rs1969363,GG,GG,GA,76,82,99,NC_000012.12,Mutation NB - Paternal Origin,Transition - Purine/Purine,Unsolved
39619672,.,AA,AA,AG,88,91,33,NC_000012.12,Mutation NB - Paternal Origin,Transition - Purine/Purine,Unsolved
40714781,rs11178015,CC,CC,CT,91,100,71,NC_000012.12,Mutation NB - Paternal Origin,Transition - Pyrimidine/Pyrimidine,Unsolved
42173189,.,TT,TT,TG,82,76,62,NC_000012.12,Mutation NB - Maternal Origin,Transition - Pyrimidine/Pyrimidine,Transversion - Purine/Pyrimidine,Unsolved
42610290,rs10785355,TT,CC,TT,82,73,18,NC_000012.12,Mutation NB - Maternal Origin,Transition - Pyrimidine/Pyrimidine,C>T
44502052,rs7299010,TT,TC,CC,100,1,18,NC_000012.12,Mutation NB - Paternal Origin,Transition - Pyrimidine/Pyrimidine,T>C
45577049,rs11183116,CC,CT,TT,82,73,12,NC_000012.12,Mutation NB - Paternal Origin,Transition - Pyrimidine/Pyrimidine,C>T
46077950,rs571320561,CC,CC,CA,100,88,71,NC_000012.12,Mutation NB - Maternal Origin,Transversion - Purine/Pyrimidine,Unsolved
49893163,rs17124080,GG,GG,GT,91,91,99,NC_000012.12,Mutation NB - Paternal or Maternal,Transversion - Purine/Pyrimidine,Unsolved
49897768,rs2603099,AA,CA,CC,85,29,24,NC_000012.12,Mutation NB - Paternal Origin,Transversion - Purine/Pyrimidine,A>C
50908899,rs59647483,CC,CC,CT,91,76,24,NC_000012.12,Mutation NB - Maternal Origin,Transition - Pyrimidine/Pyrimidine,Unsolved
50908922,rs116510409,CC,CC,CT,91,76,24,NC_000012.12,Mutation NB - Maternal Origin,Transition - Pyrimidine/Pyrimidine,Unsolved
52186408,rs17126397,CC,CC,CT,100,73,67,NC_000012.12,Mutation NB - Maternal Origin,Transition - Pyrimidine/Pyrimidine,Unsolved
52250628,rs12581578,GG,GG,AG,88,85,68,NC_000012.12,Mutation NB - Maternal Origin,Transition - Purine/Purine,Unsolved
52403752,.,AA,AA,AG,88,70,44,NC_000012.12,Mutation NB - Maternal Origin,Transition - Purine/Purine,Unsolved
52488772,rs3907935,TT,TT,TA,100,82,71,NC_000012.12,Mutation NB - Maternal Origin,Transition - Pyrimidine/Pyrimidine,Transversion - Purine/Pyrimidine,Unsolved
52805276,.,AA,AA,AG,100,73,41,NC_000012.12,Mutation NB - Maternal Origin,Transition - Purine/Purine,Unsolved
52846564,rs10876363,GG,GG,GA,100,79,99,NC_000012.12,Mutation NB - Maternal Origin,Transition - Purine/Purine,Unsolved
53127874,rs12581102,CC,CC,TT,88,73,14,NC_000012.12,Mutation NB - Maternal Origin,Transition - Pyrimidine/Pyrimidine,Unsolved
54581014,rs34376731,CC,CC,CT,91,88,99,NC_000012.12,Mutation NB - Maternal Origin,Transition - Pyrimidine/Pyrimidine,Unsolved
55695499,rs1438236905,AA,AA,AC,89,80,99,NC_000012.12,Mutation NB - Maternal Origin,Transversion - Purine/Pyrimidine,Unsolved
57656884,rs1678525,GA,AA,GG,1,58,0,NC_000012.12,Mutation NB - Maternal Origin,Transition - Purine/Purine,A>G
58860841,rs6581221,CC,CC,CT,100,88,99,NC_000012.12,Mutation NB - Maternal Origin,Transition - Pyrimidine/Pyrimidine,Unsolved
61265491,rs111607997,AA,AA,AG,100,88,99,NC_000012.12,Mutation NB - Maternal Origin,Transition - Purine/Purine,Unsolved
61907671,rs2198784,GG,CC,CC,91,76,39,NC_000012.12,Mutation NB - Paternal Origin,Transversion - Purine/Pyrimidine,G>C
62676737,rs934007046,AA,GG,GG,88,85,12,NC_000012.12,Mutation NB - Paternal Origin,Transition - Purine/Purine,A>G
63167958,rs77725925,GG,GG,GT,100,49,99,NC_000012.12,Mutation NB - Maternal Origin,Transversion - Purine/Pyrimidine,Unsolved
68574858,rs1550563,TC,CC,TT,67,73,21,NC_000012.12,Mutation NB - Maternal Origin,Transversion - Purine/Pyrimidine,C>T
69951207,rs79859554,TT,CC,CC,76,82,21,NC_000012.12,Mutation NB - Paternal Origin,Transition - Pyrimidine/Pyrimidine,T>C
72932273,rs141280620,CC,TT,TT,85,82,9,NC_000012.12,Mutation NB - Paternal Origin,Transition - Pyrimidine/Pyrimidine,C>T
78477610,rs4842413,AA,AG,GG,100,1,21,NC_000012.12,Mutation NB - Paternal Origin,Transition - Purine/Purine,A>G
82361475,rs10862480,TT,CC,TT,91,100,14,NC_000012.12,Mutation NB - Maternal Origin,Transition - Pyrimidine/Pyrimidine,C>T
83232945,.,AA,AA,AC,88,79,51,NC_000012.12,Mutation NB - Maternal Origin,Transversion - Purine/Pyrimidine,Unsolved
85093106,rs11615246,AG,AA,GG,70,100,9,NC_000012.12,Mutation NB - Maternal Origin,Transition - Purine/Purine,A>G
86484575,rs73191477,CC,CC,CT,82,91,33,NC_000012.12,Mutation NB - Paternal Origin,Transition - Pyrimidine/Pyrimidine,Unsolved
90061403,rs7303035,TC,CC,TT,73,91,9,NC_000012.12,Mutation NB - Maternal Origin,Transversion - Purine/Pyrimidine,C>T
92752603,rs1006460,AA,CA,CC,88,41,0,NC_000012.12,Mutation NB - Paternal Origin,Transversion - Purine/Pyrimidine,A>C
95959420,rs7963900,AA,TT,TT,91,73,18,NC_000012.12,Mutation NB - Paternal Origin,Transversion - Purine/Pyrimidine,A>T
96463718,rs7131980,CC,CG,GG,100,1,42,NC_000012.12,Mutation NB - Paternal Origin,Transversion - Purine/Pyrimidine,C>G
97559668,.,TT,TT,TC,91,79,68,NC_000012.12,Mutation NB - Maternal Origin,Transition - Pyrimidine/Pyrimidine,Unsolved
99321049,.,TT,TT,TC,85,70,50,NC_000012.12,Mutation NB - Maternal Origin,Transition - Pyrimidine/Pyrimidine,Unsolved
104099617,rs2466554,TT,TA,AA,88,24,9,NC_000012.12,Mutation NB - Paternal Origin,Transversion - Purine/Pyrimidine,T>A
104523863,.,AA,AA,AG,82,67,56,NC_000012.12,Mutation NB - Maternal Origin,Transition - Purine/Purine,Unsolved
104780523,rs2245929,TT,CT,CC,91,1,36,NC_000012.12,Mutation NB - Paternal Origin,Transition - Pyrimidine/Pyrimidine,T>C
104780542,rs2245927,TT,CT,CC,91,1,36,NC_000012.12,Mutation NB - Paternal Origin,Transition - Pyrimidine/Pyrimidine,T>C
107492683,rs7297300,AA,GG,GG,91,79,42,NC_000012.12,Mutation NB - Paternal Origin,Transition - Purine/Purine,A>G
108029783,.,TT,TT,TC,67,76,44,NC_000012.12,Mutation NB - Paternal Origin,Transition - Pyrimidine/Pyrimidine,Unsolved
108365214,rs1351632730,TT,TT,TC,85,79,47,NC_000012.12,Mutation NB - Maternal Origin,Transition - Pyrimidine/Pyrimidine,Unsolved
109742414,rs17616406,AA,GG,AA,85,91,15,NC_000012.12,Mutation NB - Maternal Origin,Transition - Purine/Purine,G>A
110073331,rs73205062,GG,GG,GC,79,85,99,NC_000012.12,Mutation NB - Paternal Origin,Transition - Purine/Purine,Transversion - Purine/Pyrimidine,Unsolved
111411802,.,GG,GG,GT,91,82,61,NC_000012.12,Mutation NB - Maternal Origin,Transversion - Purine/Pyrimidine,Unsolved
111444681,rs2238154,CC,CC,CA,100,79,65,NC_000012.12,Mutation NB - Maternal Origin,Transversion - Purine/Pyrimidine,Unsolved
112667060,.,TT,TT,TC,91,82,62,NC_000012.12,Mutation NB - Maternal Origin,Transition - Pyrimidine/Pyrimidine,Unsolved
113052248,rs2255285,AA,GG,GG,100,70,9,NC_000012.12,Mutation NB - Paternal Origin,Transition - Purine/Purine,A>G
113620706,rs6489903,TT,CT,CC,88,3,21,NC_000012.12,Mutation NB - Paternal Origin,Transition - Pyrimidine/Pyrimidine,T>C
113697490,rs4767114,CC,CC,CT,85,61,92,NC_000012.12,Mutation NB - Maternal Origin,Transition - Pyrimidine/Pyrimidine,Unsolved
113820958,rs35763329,GG,CG,CC,70,14,42,NC_000012.12,Mutation NB - Paternal Origin,Transversion - Purine/Pyrimidine,G>C
113940489,rs930914,TT,TT,TC,100,70,99,NC_000012.12,Mutation NB - Maternal Origin,Transition - Pyrimidine/Pyrimidine,Unsolved
113957846,rs10850256,TT,TT,CC,100,52,18,NC_000012.12,Mutation NB - Maternal Origin,Transition - Pyrimidine/Pyrimidine,Unsolved
117097336,rs7303346,TT,TT,TC,100,67,99,NC_000012.12,Mutation NB - Maternal Origin,Transition - Pyrimidine/Pyrimidine,Unsolved
119094589,rs7294450,GA,GG,AA,39,88,18,NC_000012.12,Mutation NB - Maternal Origin,Transition - Purine/Purine,G>A
119485909,rs116227254,GG,GG,GA,100,73,99,NC_000012.12,Mutation NB - Maternal Origin,Transition - Purine/Purine,Unsolved
119515204,rs116691326,AA,GG,GG,82,82,0,NC_000012.12,Mutation NB - Paternal Origin,Transition - Purine/Purine,A>G
122924350,rs116180860,GG,GG,GA,100,73,18,NC_000012.12,Mutation NB - Maternal Origin,Transition - Purine/Purine,Unsolved
124326422,rs1006100,CC,TT,TT,100,88,18,NC_000012.12,Mutation NB - Paternal Origin,Transition - Pyrimidine/Pyrimidine,C>T
124484937,.,CC,CC,CA,85,85,39,NC_000012.12,Mutation NB - Paternal or Maternal,Transversion - Purine/Pyrimidine,Unsolved
125396521,.,GG,GG,GA,52,79,59,NC_000012.12,Mutation NB - Paternal Origin,Transition - Purine/Purine,Unsolved
126691782,.,GG,GG,GA,73,58,50,NC_000012.12,Mutation NB - Maternal Origin,Transition - Purine/Purine,Unsolved
126838040,rs6489139,GG,AA,AA,100,67,15,NC_000012.12,Mutation NB - Paternal Origin,Transition - Purine/Purine,G>A
127973022,.,AA,AA,AG,85,91,48,NC_000012.12,Mutation NB - Paternal Origin,Transition - Purine/Purine,Unsolved
129652021,.,CC,CC,CT,88,88,47,NC_000012.12,Mutation NB - Paternal or Maternal,Transition - Pyrimidine/Pyrimidine,Unsolved
130661615,rs10848175,TT,CC,CC,100,85,24,NC_000012.12,Mutation NB - Paternal Origin,Transition - Pyrimidine/Pyrimidine,T>C
130661648,rs11829654,AA,AA,AT,91,100,99,NC_000012.12,Mutation NB - Paternal Origin,Transversion - Purine/Pyrimidine,Unsolved
130661649,rs11830126,TT,TT,TA,91,100,99,NC_000012.12,Mutation NB - Paternal Origin,Transition - Pyrimidine/Pyrimidine,Transversion - Purine/Pyrimidine,Unsolved
130661747,rs7965634,AA,GG,GG,100,79,21,NC_000012.12,Mutation NB - Paternal Origin,Transition - Purine/Purine,A>G
130661770,rs7978547,GG,AA,AA,100,79,21,NC_000012.12,Mutation NB - Paternal Origin,Transition - Purine/Purine,G>A
130661782,rs7979388,CC,TT,TT,100,79,21,NC_000012.12,Mutation NB - Paternal Origin,Transition - Pyrimidine/Pyrimidine,C>T
130773105,rs12809684,TT,TT,TC,88,100,30,NC_000012.12,Mutation NB - Paternal Origin,Transition - Pyrimidine/Pyrimidine,Unsolved
131221772,rs11608870,AA,AA,AC,100,55,99,NC_000012.12,Mutation NB - Maternal Origin,Transversion - Purine/Pyrimidine,Unsolved
131987068,rs61944563,CC,GG,GG,91,85,9,NC_000012.12,Mutation NB - Paternal Origin,Transversion - Purine/Pyrimidine,C>G
132434153,.,AG,AA,GG,22,64,15,NC_000012.12,Mutation NB - Maternal Origin,Transition - Purine/Purine,A>G
132434157,.,CT,CC,TT,22,64,15,NC_000012.12,Mutation NB - Maternal Origin,Transversion - Purine/Pyrimidine,C>T
132434164,.,CG,CC,GG,22,64,15,NC_000012.12,Mutation NB - Maternal Origin,Transversion - Purine/Pyrimidine,C>G
132547743,rs4883519,CC,TC,TT,88,32,15,NC_000012.12,Mutation NB - Paternal Origin,Transition - Pyrimidine/Pyrimidine,C>T
132595308,rs7135957,CC,TT,TT,82,79,0,NC_000012.12,Mutation NB - Paternal Origin,Transition - Pyrimidine/Pyrimidine,C>T
19362742,.,GG,GG,GA,67,70,92,NC_000013.11,Mutation NB - Paternal Origin,Transition - Purine/Purine,Unsolved
20303727,rs7323769,AA,AA,AG,91,100,99,NC_000013.11,Mutation NB - Paternal Origin,Transition - Purine/Purine,Unsolved
20320347,.,TT,TT,TA,88,70,39,NC_000013.11,Mutation NB - Maternal Origin,Transition - Pyrimidine/Pyrimidine,Transversion - Purine/Pyrimidine,Unsolved
21169292,rs9509576,AA,GG,AA,88,91,9,NC_000013.11,Mutation NB - Maternal Origin,Transition - Purine/Purine,G>A
24672472,rs184056417,CC,CT,TT,79,38,33,NC_000013.11,Mutation NB - Paternal Origin,Transition - Pyrimidine/Pyrimidine,C>T
25021880,rs4769398,TT,GG,GG,91,70,27,NC_000013.11,Mutation NB - Paternal Origin,Transversion - Purine/Pyrimidine,T>G
26832712,rs9512415,CT,TT,CC,35,91,9,NC_000013.11,Mutation NB - Maternal Origin,Transition - Pyrimidine/Pyrimidine,T>C
28383793,rs139782279,GG,AA,AA,91,82,24,NC_000013.11,Mutation NB - Paternal Origin,Transition - Purine/Purine,G>A
28535097,rs1467838057,TT,TT,TC,91,82,53,NC_000013.11,Mutation NB - Maternal Origin,Transition - Pyrimidine/Pyrimidine,Unsolved
28622585,rs4304890,TT,CC,CC,100,67,24,NC_000013.11,Mutation NB - Paternal Origin,Transition - Pyrimidine/Pyrimidine,T>C
28684360,.,TT,TT,TC,82,79,44,NC_000013.11,Mutation NB - Maternal Origin,Transition - Pyrimidine/Pyrimidine,Unsolved
29090882,.,TT,TT,TC,100,25,47,NC_000013.11,Mutation NB - Maternal Origin,Transition - Pyrimidine/Pyrimidine,Unsolved
29363022,.,TT,TT,TC,85,82,44,NC_000013.11,Mutation NB - Maternal Origin,Transition - Pyrimidine/Pyrimidine,Unsolved
29538177,rs78139552,GG,GG,GA,91,73,65,NC_000013.11,Mutation NB - Maternal Origin,Transition - Purine/Purine,Unsolved
29889898,rs9578147,AA,AA,AG,100,100,99,NC_000013.11,Mutation NB - Paternal or Maternal,Transition - Purine/Purine,Unsolved
31295886,rs9573517,AA,GG,AA,82,91,12,NC_000013.11,Mutation NB - Maternal Origin,Transition - Purine/Purine,G>A
31492812,rs4943465,TT,CC,TT,73,85,21,NC_000013.11,Mutation NB - Maternal Origin,Transition - Pyrimidine/Pyrimidine,C>T
31492928,rs56167300,CC,AA,CC,79,91,18,NC_000013.11,Mutation NB - Maternal Origin,Transversion - Purine/Pyrimidine,A>C
31492955,rs1000214798,AA,AA,GG,79,91,18,NC_000013.11,Mutation NB - Paternal Origin,Transition - Purine/Purine,Unsolved
34055040,rs562596538,AA,AA,AG,88,46,53,NC_000013.11,Mutation NB - Maternal Origin,Transition - Purine/Purine,Unsolved
37471991,.,TT,TT,TC,85,61,48,NC_000013.11,Mutation NB - Maternal Origin,Transition - Pyrimidine/Pyrimidine,Unsolved
40352218,rs10870739,GG,GG,GA,100,91,72,NC_000013.11,Mutation NB - Maternal Origin,Transition - Purine/Purine,Unsolved
44666662,rs9567457,CC,TT,CC,88,91,9,NC_000013.11,Mutation NB - Maternal Origin,Transition - Pyrimidine/Pyrimidine,T>C
45139822,.,AA,AA,AG,79,76,71,NC_000013.11,Mutation NB - Maternal Origin,Transition - Purine/Purine,Unsolved
45356570,rs35191030,AA,AG,GG,79,1,12,NC_000013.11,Mutation NB - Paternal Origin,Transition - Purine/Purine,A>G
45539849,rs2985994,CT,CC,TT,35,100,33,NC_000013.11,Mutation NB - Maternal Origin,Transversion - Purine/Pyrimidine,C>T
45786694,rs9562617,TT,GG,TT,70,88,24,NC_000013.11,Mutation NB - Maternal Origin,Transversion - Purine/Pyrimidine,G>T
47115165,rs73178129,CC,CA,AA,91,1,2,NC_000013.11,Mutation NB - Paternal Origin,Transversion - Purine/Pyrimidine,C>A
50724746,rs17350448,CC,CC,CT,100,79,99,NC_000013.11,Mutation NB - Maternal Origin,Transition - Pyrimidine/Pyrimidine,Unsolved
51768410,rs1058141,AA,AA,AG,100,85,99,NC_000013.11,Mutation NB - Maternal Origin,Transition - Purine/Purine,Unsolved
51837080,rs7323551,GG,GG,GA,100,70,99,NC_000013.11,Mutation NB - Maternal Origin,Transition - Purine/Purine,Unsolved
52039138,rs61958804,GG,AA,AA,88,73,8,NC_000013.11,Mutation NB - Paternal Origin,Transition - Purine/Purine,G>A
52904636,rs75111298,GG,AA,GG,91,88,0,NC_000013.11,Mutation NB - Maternal Origin,Transition - Purine/Purine,A>G
52925928,.,AA,AA,AG,91,82,63,NC_000013.11,Mutation NB - Maternal Origin,Transition - Purine/Purine,Unsolved
52947927,rs9652206,TT,CC,CC,85,67,0,NC_000013.11,Mutation NB - Paternal Origin,Transition - Pyrimidine/Pyrimidine,T>C
58239677,.,TT,TT,TC,82,76,41,NC_000013.11,Mutation NB - Maternal Origin,Transition - Pyrimidine/Pyrimidine,Unsolved
62045838,rs77428653,GG,GG,GA,100,70,99,NC_000013.11,Mutation NB - Maternal Origin,Transition - Purine/Purine,Unsolved
63405962,rs1564753,GG,GG,GT,100,85,99,NC_000013.11,Mutation NB - Maternal Origin,Transversion - Purine/Pyrimidine,Unsolved
64748163,rs1390517,AA,GG,GG,91,64,39,NC_000013.11,Mutation NB - Paternal Origin,Transition - Purine/Purine,A>G
66047779,.,TT,TT,TC,85,61,46,NC_000013.11,Mutation NB - Maternal Origin,Transition - Pyrimidine/Pyrimidine,Unsolved
66268749,rs1928959,CC,CC,GG,100,91,18,NC_000013.11,Mutation NB - Maternal Origin,Transversion - Purine/Pyrimidine,Unsolved
70565031,rs9529778,CC,CC,CT,100,64,99,NC_000013.11,Mutation NB - Maternal Origin,Transition - Pyrimidine/Pyrimidine,Unsolved
70565056,rs114087171,TT,CC,CC,91,64,30,NC_000013.11,Mutation NB - Paternal Origin,Transition - Pyrimidine/Pyrimidine,T>C
72852036,rs2147807,CC,CC,TC,88,74,99,NC_000013.11,Mutation NB - Maternal Origin,Transition - Pyrimidine/Pyrimidine,Unsolved
74718697,rs9565117,GG,AA,AA,100,85,15,NC_000013.11,Mutation NB - Paternal Origin,Transition - Purine/Purine,G>A
80658118,rs142071505,CC,CC,CT,100,73,99,NC_000013.11,Mutation NB - Maternal Origin,Transition - Pyrimidine/Pyrimidine,Unsolved
81990987,rs1280002,GG,GG,AG,67,79,99,NC_000013.11,Mutation NB - Paternal Origin,Transition - Purine/Purine,Unsolved
82164342,.,TT,TT,TC,73,70,76,NC_000013.11,Mutation NB - Maternal Origin,Transition - Pyrimidine/Pyrimidine,Unsolved
83906726,rs113918245,CC,CC,CA,100,67,99,NC_000013.11,Mutation NB - Maternal Origin,Transversion - Purine/Pyrimidine,Unsolved
85896159,rs9547426,CC,AA,AA,100,85,30,NC_000013.11,Mutation NB - Paternal Origin,Transversion - Purine/Pyrimidine,C>A
86838716,.,AA,AA,AG,91,85,50,NC_000013.11,Mutation NB - Maternal Origin,Transition - Purine/Purine,Unsolved
88092910,rs2162453,GG,GG,GA,79,82,99,NC_000013.11,Mutation NB - Paternal Origin,Transition - Purine/Purine,Unsolved
89577796,rs115235760,TT,TT,AA,100,82,9,NC_000013.11,Mutation NB - Maternal Origin,Transition - Purine/Purine,Transversion - Purine/Pyrimidine,Unsolved
89577803,rs883616,AA,AA,GG,100,82,9,NC_000013.11,Mutation NB - Maternal Origin,Transition - Purine/Purine,Unsolved
91611870,rs72632626,AG,AA,GG,1,73,9,NC_000013.11,Mutation NB - Maternal Origin,Transition - Purine/Purine,A>G
91611881,rs9523378,GG,TT,GG,79,73,0,NC_000013.11,Mutation NB - Maternal Origin,Transition - Purine/Purine,Transversion - Purine/Pyrimidine,T>G
91722118,rs383194,AA,AG,GG,100,1,30,NC_000013.11,Mutation NB - Paternal Origin,Transition - Purine/Purine,A>G
92694035,rs939643559,GG,GG,GA,88,79,56,NC_000013.11,Mutation NB - Maternal Origin,Transition - Purine/Purine,Unsolved
93825428,rs1338451140,CC,CC,CT,88,64,62,NC_000013.11,Mutation NB - Maternal Origin,Transition - Pyrimidine/Pyrimidine,Unsolved
94514720,rs9561596,GG,GG,GA,85,100,99,NC_000013.11,Mutation NB - Paternal Origin,Transition - Purine/Purine,Unsolved
94967663,.,TT,TT,TC,88,79,68,NC_000013.11,Mutation NB - Maternal Origin,Transition - Pyrimidine/Pyrimidine,Unsolved
97593199,rs116114253,GG,GG,GA,100,100,99,NC_000013.11,Mutation NB - Paternal or Maternal,Transition - Purine/Purine,Unsolved
98349891,rs685038,AA,GA,GG,70,1,0,NC_000013.11,Mutation NB - Paternal Origin,Transition - Purine/Purine,A>G
98411820,.,CC,CC,CT,73,79,39,NC_000013.11,Mutation NB - Paternal Origin,Transition - Pyrimidine/Pyrimidine,Unsolved
98414877,rs74111025,GG,GG,GC,100,91,67,NC_000013.11,Mutation NB - Maternal Origin,Transition - Purine/Purine,Transversion - Purine/Pyrimidine,Unsolved
99883749,rs9300571,CC,TT,TT,100,40,36,NC_000013.11,Mutation NB - Paternal Origin,Transition - Pyrimidine/Pyrimidine,C>T
103537005,.,TT,TT,TC,82,79,50,NC_000013.11,Mutation NB - Maternal Origin,Transition - Pyrimidine/Pyrimidine,Unsolved
106516301,rs7320751,GG,CC,GG,85,100,12,NC_000013.11,Mutation NB - Maternal Origin,Transversion - Purine/Pyrimidine,C>G
106684261,rs116619456,GG,GG,GT,88,61,99,NC_000013.11,Mutation NB - Maternal Origin,Transversion - Purine/Pyrimidine,Unsolved
106920952,rs74113749,AA,GG,GG,88,91,0,NC_000013.11,Mutation NB - Paternal Origin,Transition - Purine/Purine,A>G
108836158,rs4771615,AA,AA,AG,100,64,27,NC_000013.11,Mutation NB - Maternal Origin,Transition - Purine/Purine,Unsolved
110013074,rs8001815,AA,GG,GG,82,82,27,NC_000013.11,Mutation NB - Paternal Origin,Transition - Purine/Purine,A>G
110013097,rs8001511,GG,AA,AA,82,82,27,NC_000013.11,Mutation NB - Paternal Origin,Transition - Purine/Purine,G>A
110013142,rs8001673,TT,CC,CC,82,82,27,NC_000013.11,Mutation NB - Paternal Origin,Transition - Pyrimidine/Pyrimidine,T>C
110019048,rs4773110,CC,AA,AA,100,49,51,NC_000013.11,Mutation NB - Paternal Origin,Transversion - Purine/Pyrimidine,C>A
110955139,rs58933215,GG,AA,GG,88,85,21,NC_000013.11,Mutation NB - Maternal Origin,Transition - Purine/Purine,A>G
111396597,rs74129404,TT,CC,CC,79,88,9,NC_000013.11,Mutation NB - Paternal Origin,Transition - Pyrimidine/Pyrimidine,T>C
111573021,rs538498208,CC,CC,CT,76,100,68,NC_000013.11,Mutation NB - Paternal Origin,Transition - Pyrimidine/Pyrimidine,Unsolved
111953125,rs1878648841,TT,TT,TG,76,76,50,NC_000013.11,Mutation NB - Paternal or Maternal,Transition - Pyrimidine/Pyrimidine,Transversion - Purine/Pyrimidine,Unsolved
20390821,rs1013410452,AA,AA,AG,88,46,56,NC_000014.9,Mutation NB - Maternal Origin,Transition - Purine/Purine,Unsolved
21071232,.,AA,AA,AG,91,82,48,NC_000014.9,Mutation NB - Maternal Origin,Transition - Purine/Purine,Unsolved
21780622,rs12893700,TT,CC,TT,85,85,27,NC_000014.9,Mutation NB - Maternal Origin,Transition - Pyrimidine/Pyrimidine,C>T
22554078,rs34273114,CC,CT,TT,100,17,12,NC_000014.9,Mutation NB - Paternal Origin,Transition - Pyrimidine/Pyrimidine,C>T
24416548,.,AA,AA,AG,91,79,53,NC_000014.9,Mutation NB - Maternal Origin,Transition - Purine/Purine,Unsolved
30077592,rs377400,GG,GA,AA,100,1,18,NC_000014.9,Mutation NB - Paternal Origin,Transition - Purine/Purine,G>A
30547716,.,TT,TT,TC,88,88,44,NC_000014.9,Mutation NB - Paternal or Maternal,Transition - Pyrimidine/Pyrimidine,Unsolved
31288396,.,CC,CC,CT,85,73,53,NC_000014.9,Mutation NB - Maternal Origin,Transition - Pyrimidine/Pyrimidine,Unsolved
31705120,.,TT,TT,TC,76,67,56,NC_000014.9,Mutation NB - Maternal Origin,Transition - Pyrimidine/Pyrimidine,Unsolved
31954424,rs1278951,AA,AA,AC,100,70,99,NC_000014.9,Mutation NB - Maternal Origin,Transversion - Purine/Pyrimidine,Unsolved
32239933,rs8014494,CC,AA,CC,73,100,36,NC_000014.9,Mutation NB - Maternal Origin,Transversion - Purine/Pyrimidine,A>C
35337631,.,AA,AA,AG,82,1,41,NC_000014.9,Mutation NB - Maternal Origin,Transition - Purine/Purine,Unsolved
40203207,rs7159676,CC,TT,CC,76,82,15,NC_000014.9,Mutation NB - Maternal Origin,Transition - Pyrimidine/Pyrimidine,T>C
40854152,.,CC,CC,CT,82,79,44,NC_000014.9,Mutation NB - Maternal Origin,Transition - Pyrimidine/Pyrimidine,Unsolved
41256110,rs1318948880,GG,GG,GA,85,79,33,NC_000014.9,Mutation NB - Maternal Origin,Transition - Purine/Purine,Unsolved
41349359,.,AA,AA,AG,79,40,39,NC_000014.9,Mutation NB - Maternal Origin,Transition - Purine/Purine,Unsolved
52151522,.,AA,AA,AC,91,91,33,NC_000014.9,Mutation NB - Paternal or Maternal,Transversion - Purine/Pyrimidine,Unsolved
54612020,rs8009628,AA,CC,CC,91,67,33,NC_000014.9,Mutation NB - Paternal Origin,Transversion - Purine/Pyrimidine,A>C
54859144,rs12589758,AA,AT,TT,88,1,33,NC_000014.9,Mutation NB - Paternal Origin,Transversion - Purine/Pyrimidine,A>T
55074856,rs9323278,GG,CC,CC,73,67,18,NC_000014.9,Mutation NB - Paternal Origin,Transversion - Purine/Pyrimidine,G>C
55258209,rs10467798,TT,CC,TT,76,55,24,NC_000014.9,Mutation NB - Maternal Origin,Transition - Pyrimidine/Pyrimidine,C>T
57364587,rs4901772,AA,GG,GG,91,88,39,NC_000014.9,Mutation NB - Paternal Origin,Transition - Purine/Purine,A>G
57364605,rs7145855,GG,AA,AA,100,88,36,NC_000014.9,Mutation NB - Paternal Origin,Transition - Purine/Purine,G>A
59130869,rs6573244,AA,AA,AG,82,70,99,NC_000014.9,Mutation NB - Maternal Origin,Transition - Purine/Purine,Unsolved
59552095,rs113423887,AA,GG,GG,100,88,30,NC_000014.9,Mutation NB - Paternal Origin,Transition - Purine/Purine,A>G
59807358,.,AA,AA,AG,91,61,41,NC_000014.9,Mutation NB - Maternal Origin,Transition - Purine/Purine,Unsolved
60042081,rs219419,AA,CC,CC,100,79,12,NC_000014.9,Mutation NB - Paternal Origin,Transversion - Purine/Pyrimidine,A>C
61543140,.,GG,GG,GA,85,58,47,NC_000014.9,Mutation NB - Maternal Origin,Transition - Purine/Purine,Unsolved
69573164,rs4902734,GG,CG,CC,85,70,0,NC_000014.9,Mutation NB - Paternal Origin,Transversion - Purine/Pyrimidine,G>C
70346347,.,GG,GG,GA,91,76,56,NC_000014.9,Mutation NB - Maternal Origin,Transition - Purine/Purine,Unsolved
71139951,rs221896,CC,GG,CC,91,73,0,NC_000014.9,Mutation NB - Maternal Origin,Transversion - Purine/Pyrimidine,G>C
73062100,.,TT,TT,TC,91,82,60,NC_000014.9,Mutation NB - Maternal Origin,Transition - Pyrimidine/Pyrimidine,Unsolved
73718235,rs111854480,GG,AA,AA,91,82,42,NC_000014.9,Mutation NB - Paternal Origin,Transition - Purine/Purine,G>A
73718236,rs4899476,AA,AA,AG,85,100,99,NC_000014.9,Mutation NB - Paternal Origin,Transition - Purine/Purine,Unsolved
73718261,.,GG,GG,GA,85,82,42,NC_000014.9,Mutation NB - Maternal Origin,Transition - Purine/Purine,Unsolved
74042716,rs7153017,GG,AA,AA,88,67,36,NC_000014.9,Mutation NB - Paternal Origin,Transition - Purine/Purine,G>A
75431728,rs1884806535,TT,TT,TC,91,88,48,NC_000014.9,Mutation NB - Maternal Origin,Transition - Pyrimidine/Pyrimidine,Unsolved
78127979,rs17106916,GG,GG,GT,91,100,99,NC_000014.9,Mutation NB - Paternal Origin,Transversion - Purine/Pyrimidine,Unsolved
79433111,rs7141420,CT,CC,TT,35,91,12,NC_000014.9,Mutation NB - Maternal Origin,Transversion - Purine/Pyrimidine,C>T
83148499,rs7148342,TT,CC,CC,82,79,0,NC_000014.9,Mutation NB - Paternal Origin,Transition - Pyrimidine/Pyrimidine,T>C
84398509,rs61984251,CC,CC,CT,100,67,99,NC_000014.9,Mutation NB - Maternal Origin,Transition - Pyrimidine/Pyrimidine,Unsolved
87821118,.,TT,TT,TC,79,79,48,NC_000014.9,Mutation NB - Paternal or Maternal,Transition - Pyrimidine/Pyrimidine,Unsolved
90452558,rs1294521,AA,CC,AA,82,88,9,NC_000014.9,Mutation NB - Maternal Origin,Transversion - Purine/Pyrimidine,C>A
92736613,rs79132724,AA,GG,GG,91,88,21,NC_000014.9,Mutation NB - Paternal Origin,Transition - Purine/Purine,A>G
97730560,rs111591081,GG,GG,GT,100,79,99,NC_000014.9,Mutation NB - Maternal Origin,Transversion - Purine/Pyrimidine,Unsolved
97848853,rs75717205,TT,CC,CC,100,76,9,NC_000014.9,Mutation NB - Paternal Origin,Transition - Pyrimidine/Pyrimidine,T>C
97857915,rs12878655,AA,GG,GG,85,88,15,NC_000014.9,Mutation NB - Paternal Origin,Transition - Purine/Purine,A>G
98342093,rs72708204,GG,TT,TT,98,58,21,NC_000014.9,Mutation NB - Paternal Origin,Transversion - Purine/Pyrimidine,G>T
99947243,.,TT,TT,TC,79,88,53,NC_000014.9,Mutation NB - Paternal Origin,Transition - Pyrimidine/Pyrimidine,Unsolved
101030237,rs12435041,CC,CC,CT,85,100,75,NC_000014.9,Mutation NB - Paternal Origin,Transition - Pyrimidine/Pyrimidine,Unsolved
101030242,rs12435042,CC,CC,CG,85,100,75,NC_000014.9,Mutation NB - Paternal Origin,Transversion - Purine/Pyrimidine,Unsolved
103219912,.,GG,GG,GA,91,79,49,NC_000014.9,Mutation NB - Maternal Origin,Transition - Purine/Purine,Unsolved
103238985,.,CC,CC,CT,70,70,65,NC_000014.9,Mutation NB - Paternal or Maternal,Transition - Pyrimidine/Pyrimidine,Unsolved
103681040,rs11540512,TT,CC,CC,88,79,18,NC_000014.9,Mutation NB - Paternal Origin,Transition - Pyrimidine/Pyrimidine,T>C
104097345,rs35432379,CC,GG,GG,88,79,18,NC_000014.9,Mutation NB - Paternal Origin,Transversion - Purine/Pyrimidine,C>G
104400144,rs11626476,CC,CT,TT,85,1,36,NC_000014.9,Mutation NB - Paternal Origin,Transition - Pyrimidine/Pyrimidine,C>T
104753873,rs7151424,GG,GG,AA,100,85,9,NC_000014.9,Mutation NB - Maternal Origin,Transition - Purine/Purine,Unsolved
104924797,rs2582530,GG,GG,AG,85,64,99,NC_000014.9,Mutation NB - Maternal Origin,Transition - Purine/Purine,Unsolved
105097361,.,AA,AA,AG,67,61,41,NC_000014.9,Mutation NB - Maternal Origin,Transition - Purine/Purine,Unsolved
105483884,rs7158977,CT,TT,CC,1,70,15,NC_000014.9,Mutation NB - Maternal Origin,Transition - Pyrimidine/Pyrimidine,T>C
105496322,rs7492357,GG,GG,GA,88,61,99,NC_000014.9,Mutation NB - Maternal Origin,Transition - Purine/Purine,Unsolved
105496379,rs74091206,CC,GG,CC,88,64,33,NC_000014.9,Mutation NB - Maternal Origin,Transversion - Purine/Pyrimidine,G>C
25477982,rs6576430,TT,CC,CC,100,79,27,NC_000015.10,Mutation NB - Paternal Origin,Transition - Pyrimidine/Pyrimidine,T>C
25802604,rs4906635,GG,AA,AA,88,67,27,NC_000015.10,Mutation NB - Paternal Origin,Transition - Purine/Purine,G>A
26065212,.,TT,TT,TC,85,79,78,NC_000015.10,Mutation NB - Maternal Origin,Transition - Pyrimidine/Pyrimidine,Unsolved
26065220,.,AA,AA,AG,85,79,78,NC_000015.10,Mutation NB - Maternal Origin,Transition - Purine/Purine,Unsolved
26295301,rs4261503,GA,GG,AA,28,55,15,NC_000015.10,Mutation NB - Maternal Origin,Transition - Purine/Purine,G>A
26306241,.,AA,AA,AT,82,88,53,NC_000015.10,Mutation NB - Paternal Origin,Transversion - Purine/Pyrimidine,Unsolved
27094565,rs4555125,GG,AA,GG,88,79,9,NC_000015.10,Mutation NB - Maternal Origin,Transition - Purine/Purine,A>G
33518882,rs735545,TT,GG,GG,88,67,18,NC_000015.10,Mutation NB - Paternal Origin,Transversion - Purine/Pyrimidine,T>G
34370158,.,TT,TT,TC,88,91,68,NC_000015.10,Mutation NB - Paternal Origin,Transition - Pyrimidine/Pyrimidine,Unsolved
34917899,rs12904279,GG,AG,AA,91,33,0,NC_000015.10,Mutation NB - Paternal Origin,Transition - Purine/Purine,G>A
40677024,rs7176221,GG,CC,GG,76,100,27,NC_000015.10,Mutation NB - Maternal Origin,Transversion - Purine/Pyrimidine,C>G
41211156,.,TT,TT,TC,91,73,65,NC_000015.10,Mutation NB - Maternal Origin,Transition - Pyrimidine/Pyrimidine,Unsolved
41848916,rs1197667,CC,CC,CT,100,82,30,NC_000015.10,Mutation NB - Maternal Origin,Transition - Pyrimidine/Pyrimidine,Unsolved
44968731,rs7165977,TT,CC,CC,91,91,12,NC_000015.10,Mutation NB - Paternal Origin,Transition - Pyrimidine/Pyrimidine,T>C
45314487,rs11855527,GA,AA,GG,28,79,9,NC_000015.10,Mutation NB - Maternal Origin,Transition - Purine/Purine,A>G
48875023,rs11635924,TT,TT,TC,100,82,65,NC_000015.10,Mutation NB - Maternal Origin,Transition - Pyrimidine/Pyrimidine,Unsolved
48965459,.,AA,AA,AG,88,82,56,NC_000015.10,Mutation NB - Maternal Origin,Transition - Purine/Purine,Unsolved
52309022,rs142699003,CC,CC,CT,100,52,99,NC_000015.10,Mutation NB - Maternal Origin,Transition - Pyrimidine/Pyrimidine,Unsolved
53762521,rs690481,GG,TT,GG,76,67,9,NC_000015.10,Mutation NB - Maternal Origin,Transition - Purine/Purine,Transversion - Purine/Pyrimidine,T>G
56340759,rs2713928,AA,AA,AG,100,73,99,NC_000015.10,Mutation NB - Maternal Origin,Transition - Purine/Purine,Unsolved
58027038,rs117823281,GG,GG,AA,91,100,9,NC_000015.10,Mutation NB - Paternal Origin,Transition - Purine/Purine,Unsolved
59225430,rs28601756,TG,TT,GG,67,49,9,NC_000015.10,Mutation NB - Maternal Origin,Transversion - Purine/Pyrimidine,T>G
61820093,rs10851702,CC,CC,CT,61,100,68,NC_000015.10,Mutation NB - Paternal Origin,Transition - Pyrimidine/Pyrimidine,Unsolved
62243577,rs78768855,CC,CC,CT,100,49,49,NC_000015.10,Mutation NB - Maternal Origin,Transition - Pyrimidine/Pyrimidine,Unsolved
62335711,rs289100,CC,GG,CC,91,100,9,NC_000015.10,Mutation NB - Maternal Origin,Transversion - Purine/Pyrimidine,G>C
62572969,rs1369284,CC,GG,GG,91,91,12,NC_000015.10,Mutation NB - Paternal Origin,Transversion - Purine/Pyrimidine,C>G
63879320,rs74966589,CC,CC,CT,88,82,68,NC_000015.10,Mutation NB - Maternal Origin,Transition - Pyrimidine/Pyrimidine,Unsolved
66557439,rs34968502,AA,AA,AC,61,100,65,NC_000015.10,Mutation NB - Paternal Origin,Transversion - Purine/Pyrimidine,Unsolved
66837074,rs8026949,TT,AA,AA,88,91,0,NC_000015.10,Mutation NB - Paternal Origin,Transversion - Purine/Pyrimidine,T>A
67174541,rs2278545,TT,TT,GG,100,91,15,NC_000015.10,Mutation NB - Maternal Origin,Transition - Purine/Purine,Transversion - Purine/Pyrimidine,Unsolved
67402428,rs11071951,CC,CC,CT,88,100,67,NC_000015.10,Mutation NB - Paternal Origin,Transition - Pyrimidine/Pyrimidine,Unsolved
67402442,rs11071952,AA,AA,AT,88,100,68,NC_000015.10,Mutation NB - Paternal Origin,Transversion - Purine/Pyrimidine,Unsolved
68683655,rs11636025,CC,TT,CC,91,85,0,NC_000015.10,Mutation NB - Maternal Origin,Transition - Pyrimidine/Pyrimidine,T>C
69594045,rs28473707,AA,CC,AA,91,73,15,NC_000015.10,Mutation NB - Maternal Origin,Transversion - Purine/Pyrimidine,C>A
71409113,rs7172574,CT,TT,CC,41,91,9,NC_000015.10,Mutation NB - Maternal Origin,Transition - Pyrimidine/Pyrimidine,T>C
71409138,rs7172592,CT,TT,CC,3,91,9,NC_000015.10,Mutation NB - Maternal Origin,Transition - Pyrimidine/Pyrimidine,T>C
72818627,rs12907817,CC,CC,CA,76,100,68,NC_000015.10,Mutation NB - Paternal Origin,Transversion - Purine/Pyrimidine,Unsolved
73730951,rs11072438,AA,AA,CA,88,73,99,NC_000015.10,Mutation NB - Maternal Origin,Transversion - Purine/Pyrimidine,Unsolved
73960067,rs10152173,TT,CC,CC,88,88,18,NC_000015.10,Mutation NB - Paternal Origin,Transition - Pyrimidine/Pyrimidine,T>C
74594693,.,TT,TT,TC,70,82,59,NC_000015.10,Mutation NB - Paternal Origin,Transition - Pyrimidine/Pyrimidine,Unsolved
75959003,rs11638364,CC,CC,CT,85,100,65,NC_000015.10,Mutation NB - Paternal Origin,Transition - Pyrimidine/Pyrimidine,Unsolved
77039364,rs113800772,CT,CC,TT,1,76,12,NC_000015.10,Mutation NB - Maternal Origin,Transversion - Purine/Pyrimidine,C>T
77986142,rs11072717,AA,GG,AA,88,100,42,NC_000015.10,Mutation NB - Maternal Origin,Transition - Purine/Purine,G>A
78946832,rs56148823,TT,CC,TT,82,70,24,NC_000015.10,Mutation NB - Maternal Origin,Transition - Pyrimidine/Pyrimidine,C>T
79168687,rs8027411,GG,TT,GG,79,76,0,NC_000015.10,Mutation NB - Maternal Origin,Transition - Purine/Purine,Transversion - Purine/Pyrimidine,T>G
80797768,rs56067815,CG,GG,CC,32,82,0,NC_000015.10,Mutation NB - Maternal Origin,Transversion - Purine/Pyrimidine,G>C
82699762,rs9652567,TG,GG,TT,1,70,0,NC_000015.10,Mutation NB - Maternal Origin,Transversion - Purine/Pyrimidine,G>T
85099161,rs16974844,GC,GG,CC,67,82,9,NC_000015.10,Mutation NB - Maternal Origin,Transversion - Purine/Pyrimidine,G>C
87533113,rs34334266,CC,TT,CC,85,70,0,NC_000015.10,Mutation NB - Maternal Origin,Transition - Pyrimidine/Pyrimidine,T>C
89471714,rs2072693,GG,TG,TT,82,1,9,NC_000015.10,Mutation NB - Paternal Origin,Transversion - Purine/Pyrimidine,G>T
89667032,rs2304795,AA,GG,AA,85,64,0,NC_000015.10,Mutation NB - Maternal Origin,Transition - Purine/Purine,G>A
90164614,rs545418731,TT,TT,TC,91,100,33,NC_000015.10,Mutation NB - Paternal Origin,Transition - Pyrimidine/Pyrimidine,Unsolved
90590831,rs8031714,CC,GG,GG,85,88,0,NC_000015.10,Mutation NB - Paternal Origin,Transversion - Purine/Pyrimidine,C>G
90884958,rs76642265,AA,GG,AA,79,88,5,NC_000015.10,Mutation NB - Maternal Origin,Transition - Purine/Purine,G>A
90884967,rs2071382,TC,TT,CC,1,100,21,NC_000015.10,Mutation NB - Maternal Origin,Transition - Pyrimidine/Pyrimidine,T>C
92077787,rs1404493309,TT,TT,TC,79,85,44,NC_000015.10,Mutation NB - Paternal Origin,Transition - Pyrimidine/Pyrimidine,Unsolved
92232527,rs1479526,GG,GG,GT,100,79,99,NC_000015.10,Mutation NB - Maternal Origin,Transversion - Purine/Pyrimidine,Unsolved
96155868,.,TT,TT,TC,79,64,46,NC_000015.10,Mutation NB - Maternal Origin,Transition - Pyrimidine/Pyrimidine,Unsolved
96351397,.,AA,AA,AG,79,79,59,NC_000015.10,Mutation NB - Paternal or Maternal,Transition - Purine/Purine,Unsolved
98607633,rs6598535,GG,GG,AA,100,100,12,NC_000015.10,Mutation NB - Paternal or Maternal,Transition - Purine/Purine,Unsolved
98668851,rs28411710,TT,GG,GG,79,88,21,NC_000015.10,Mutation NB - Paternal Origin,Transversion - Purine/Pyrimidine,T>G
98704789,rs4966014,TT,CT,CC,67,1,0,NC_000015.10,Mutation NB - Paternal Origin,Transition - Pyrimidine/Pyrimidine,T>C
99097453,.,TT,TT,TA,76,67,53,NC_000015.10,Mutation NB - Maternal Origin,Transition - Pyrimidine/Pyrimidine,Transversion - Purine/Pyrimidine,Unsolved
99932949,rs1561050,CC,CC,TC,76,91,9,NC_000015.10,Mutation NB - Paternal Origin,Transition - Pyrimidine/Pyrimidine,Unsolved
389618,rs11641180,GG,TT,TT,100,85,15,NC_000016.10,Mutation NB - Paternal Origin,Transversion - Purine/Pyrimidine,G>T
392805,rs390499,AA,CC,CC,85,73,0,NC_000016.10,Mutation NB - Paternal Origin,Transversion - Purine/Pyrimidine,A>C
575384,rs2384978,CC,CC,TC,91,82,99,NC_000016.10,Mutation NB - Maternal Origin,Transition - Pyrimidine/Pyrimidine,Unsolved
575388,rs2384977,TT,TT,CT,91,82,99,NC_000016.10,Mutation NB - Maternal Origin,Transition - Pyrimidine/Pyrimidine,Unsolved
578302,rs3752568,AG,GG,AA,32,70,0,NC_000016.10,Mutation NB - Maternal Origin,Transition - Purine/Purine,G>A
606842,rs12149951,GG,TT,GG,73,91,45,NC_000016.10,Mutation NB - Maternal Origin,Transition - Purine/Purine,Transversion - Purine/Pyrimidine,T>G
663747,rs4984908,GG,AA,GG,76,100,12,NC_000016.10,Mutation NB - Maternal Origin,Transition - Purine/Purine,A>G
762273,rs9925870,GG,AA,AA,91,76,0,NC_000016.10,Mutation NB - Paternal Origin,Transition - Purine/Purine,G>A
914363,rs11866415,CC,CC,CT,100,85,99,NC_000016.10,Mutation NB - Maternal Origin,Transition - Pyrimidine/Pyrimidine,Unsolved
1142213,rs4566170,AA,AA,AG,100,82,99,NC_000016.10,Mutation NB - Maternal Origin,Transition - Purine/Purine,Unsolved
1443758,rs12596752,TT,CC,CC,88,79,30,NC_000016.10,Mutation NB - Paternal Origin,Transition - Pyrimidine/Pyrimidine,T>C
1463573,rs2281195,GG,AA,AA,82,49,15,NC_000016.10,Mutation NB - Paternal Origin,Transition - Purine/Purine,G>A
1494224,rs115681894,GG,GG,GA,91,82,24,NC_000016.10,Mutation NB - Maternal Origin,Transition - Purine/Purine,Unsolved
1509837,rs3180228,TT,TT,TC,91,76,12,NC_000016.10,Mutation NB - Maternal Origin,Transition - Pyrimidine/Pyrimidine,Unsolved
1776022,rs9929680,GG,AA,GG,88,76,0,NC_000016.10,Mutation NB - Maternal Origin,Transition - Purine/Purine,A>G
2212065,rs11403,GG,AA,AA,91,76,0,NC_000016.10,Mutation NB - Paternal Origin,Transition - Purine/Purine,G>A
2212112,rs1126,CC,GG,GG,91,76,0,NC_000016.10,Mutation NB - Paternal Origin,Transversion - Purine/Pyrimidine,C>G
2475540,rs112329743,GG,GG,GC,100,91,33,NC_000016.10,Mutation NB - Maternal Origin,Transition - Purine/Purine,Transversion - Purine/Pyrimidine,Unsolved
3577537,rs28756312,TT,TT,TC,91,85,33,NC_000016.10,Mutation NB - Maternal Origin,Transition - Pyrimidine/Pyrimidine,Unsolved
5495252,rs13335830,TT,CC,TT,91,91,18,NC_000016.10,Mutation NB - Maternal Origin,Transition - Pyrimidine/Pyrimidine,C>T
7031092,rs11645481,GC,CC,GG,6,82,0,NC_000016.10,Mutation NB - Maternal Origin,Transversion - Purine/Pyrimidine,C>G
9626339,rs553844778,AA,AA,AG,79,79,68,NC_000016.10,Mutation NB - Paternal or Maternal,Transition - Purine/Purine,Unsolved
10279115,rs1097871,GG,AA,AA,85,64,36,NC_000016.10,Mutation NB - Paternal Origin,Transition - Purine/Purine,G>A
10415108,.,AA,AA,AG,76,70,39,NC_000016.10,Mutation NB - Maternal Origin,Transition - Purine/Purine,Unsolved
11217210,rs193763,AA,AA,GA,88,91,27,NC_000016.10,Mutation NB - Paternal Origin,Transition - Purine/Purine,Unsolved
11673926,rs2050282033,AA,AA,AG,79,88,77,NC_000016.10,Mutation NB - Paternal Origin,Transition - Purine/Purine,Unsolved
12152416,rs74484387,GG,GG,GC,100,82,33,NC_000016.10,Mutation NB - Maternal Origin,Transition - Purine/Purine,Transversion - Purine/Pyrimidine,Unsolved
12818924,rs74245916,GG,TT,TT,91,73,15,NC_000016.10,Mutation NB - Paternal Origin,Transversion - Purine/Pyrimidine,G>T
13829511,rs35374379,AA,AT,TT,79,32,9,NC_000016.10,Mutation NB - Paternal Origin,Transversion - Purine/Pyrimidine,A>T
19323652,rs12448236,CC,CC,CT,91,100,65,NC_000016.10,Mutation NB - Paternal Origin,Transition - Pyrimidine/Pyrimidine,Unsolved
19342082,.,AA,AA,AG,85,70,45,NC_000016.10,Mutation NB - Maternal Origin,Transition - Purine/Purine,Unsolved
19342107,rs4782233,CC,TT,TT,94,70,39,NC_000016.10,Mutation NB - Paternal Origin,Transition - Pyrimidine/Pyrimidine,C>T
19602444,rs116442520,AA,GG,GG,88,88,15,NC_000016.10,Mutation NB - Paternal Origin,Transition - Purine/Purine,A>G
24303542,rs1596634760,AA,AA,AC,100,88,99,NC_000016.10,Mutation NB - Maternal Origin,Transversion - Purine/Pyrimidine,Unsolved
25911546,rs12923276,GG,GG,GA,100,88,24,NC_000016.10,Mutation NB - Maternal Origin,Transition - Purine/Purine,Unsolved
26164712,rs375282362,CC,CC,CT,82,76,99,NC_000016.10,Mutation NB - Maternal Origin,Transition - Pyrimidine/Pyrimidine,Unsolved
27099107,rs2347642,GG,GG,TT,100,91,18,NC_000016.10,Mutation NB - Maternal Origin,Transversion - Purine/Pyrimidine,Unsolved
30774503,rs11642862,CC,CC,CT,100,91,99,NC_000016.10,Mutation NB - Maternal Origin,Transition - Pyrimidine/Pyrimidine,Unsolved
30985550,rs12443808,CC,CC,CG,85,100,27,NC_000016.10,Mutation NB - Paternal Origin,Transversion - Purine/Pyrimidine,Unsolved
30985551,rs12443627,GG,GG,GC,85,100,27,NC_000016.10,Mutation NB - Paternal Origin,Transition - Purine/Purine,Transversion - Purine/Pyrimidine,Unsolved
31871136,rs78676501,GG,GG,GA,100,70,41,NC_000016.10,Mutation NB - Maternal Origin,Transition - Purine/Purine,Unsolved
47855900,rs28688663,TT,TT,TA,100,73,72,NC_000016.10,Mutation NB - Maternal Origin,Transition - Pyrimidine/Pyrimidine,Transversion - Purine/Pyrimidine,Unsolved
48894435,rs978202063,AA,AA,AG,88,88,65,NC_000016.10,Mutation NB - Paternal or Maternal,Transition - Purine/Purine,Unsolved
49080566,rs9972798,CC,GG,GG,88,76,0,NC_000016.10,Mutation NB - Paternal Origin,Transversion - Purine/Pyrimidine,C>G
49416435,.,AA,AA,AG,85,88,56,NC_000016.10,Mutation NB - Paternal Origin,Transition - Purine/Purine,Unsolved
50684240,rs115809314,CC,CC,CT,88,73,99,NC_000016.10,Mutation NB - Maternal Origin,Transition - Pyrimidine/Pyrimidine,Unsolved
52732330,rs13331669,TT,TT,TG,82,85,52,NC_000016.10,Mutation NB - Paternal Origin,Transition - Pyrimidine/Pyrimidine,Transversion - Purine/Pyrimidine,Unsolved
52732340,rs111619180,AA,AA,GA,82,85,71,NC_000016.10,Mutation NB - Paternal Origin,Transition - Purine/Purine,Unsolved
54012397,rs2098371,CC,AA,CC,46,85,15,NC_000016.10,Mutation NB - Maternal Origin,Transversion - Purine/Pyrimidine,A>C
54012401,rs2098372,GG,AA,GG,46,85,15,NC_000016.10,Mutation NB - Maternal Origin,Transition - Purine/Purine,A>G
54713928,rs9929251,GG,GG,GA,70,100,95,NC_000016.10,Mutation NB - Paternal Origin,Transition - Purine/Purine,Unsolved
55068934,rs4783870,GG,GC,CC,100,1,27,NC_000016.10,Mutation NB - Paternal Origin,Transversion - Purine/Pyrimidine,G>C
55115890,rs8064070,AC,CC,AA,67,67,0,NC_000016.10,Mutation NB - Maternal Origin,Transversion - Purine/Pyrimidine,C>A
56767195,rs548557610,CC,CC,CT,70,28,41,NC_000016.10,Mutation NB - Maternal Origin,Transition - Pyrimidine/Pyrimidine,Unsolved
56972466,rs11076175,AA,AG,GG,91,32,15,NC_000016.10,Mutation NB - Paternal Origin,Transition - Purine/Purine,A>G
57049394,rs78216030,CC,CC,CT,100,70,99,NC_000016.10,Mutation NB - Maternal Origin,Transition - Pyrimidine/Pyrimidine,Unsolved
58403298,rs761630827,CC,CC,CT,79,82,43,NC_000016.10,Mutation NB - Paternal Origin,Transition - Pyrimidine/Pyrimidine,Unsolved
58786667,rs11862312,AA,GG,GG,91,58,12,NC_000016.10,Mutation NB - Paternal Origin,Transition - Purine/Purine,A>G
66773309,rs9929734,TT,TG,GG,100,35,21,NC_000016.10,Mutation NB - Paternal Origin,Transversion - Purine/Pyrimidine,T>G
67676914,rs1250603846,GG,GG,GA,79,61,42,NC_000016.10,Mutation NB - Maternal Origin,Transition - Purine/Purine,Unsolved
68526993,rs698715,AA,GG,GG,85,73,21,NC_000016.10,Mutation NB - Paternal Origin,Transition - Purine/Purine,A>G
70721982,.,TT,TT,TC,79,58,47,NC_000016.10,Mutation NB - Maternal Origin,Transition - Pyrimidine/Pyrimidine,Unsolved
81241663,rs6564852,AA,CC,CC,91,88,9,NC_000016.10,Mutation NB - Paternal Origin,Transversion - Purine/Pyrimidine,A>C
81241677,rs6564853,CC,GG,GG,91,85,9,NC_000016.10,Mutation NB - Paternal Origin,Transversion - Purine/Pyrimidine,C>G
81634149,rs184851820,CC,CC,CA,100,85,71,NC_000016.10,Mutation NB - Maternal Origin,Transversion - Purine/Pyrimidine,Unsolved
81679969,rs9927938,CC,TT,TT,88,76,27,NC_000016.10,Mutation NB - Paternal Origin,Transition - Pyrimidine/Pyrimidine,C>T
81952896,rs8050257,CC,CC,CA,85,79,99,NC_000016.10,Mutation NB - Maternal Origin,Transversion - Purine/Pyrimidine,Unsolved
82387119,rs4627337,AG,GG,AA,28,85,0,NC_000016.10,Mutation NB - Maternal Origin,Transition - Purine/Purine,G>A
82489343,rs549991650,CC,CC,CT,82,82,98,NC_000016.10,Mutation NB - Paternal or Maternal,Transition - Pyrimidine/Pyrimidine,Unsolved
82683224,.,TT,TT,TC,82,82,53,NC_000016.10,Mutation NB - Paternal or Maternal,Transition - Pyrimidine/Pyrimidine,Unsolved
82692391,rs75462278,AA,AA,AG,100,79,71,NC_000016.10,Mutation NB - Maternal Origin,Transition - Purine/Purine,Unsolved
83146609,rs8053417,CC,AC,AA,91,47,39,NC_000016.10,Mutation NB - Paternal Origin,Transversion - Purine/Pyrimidine,C>A
83526042,rs61379921,AA,TT,TT,91,76,9,NC_000016.10,Mutation NB - Paternal Origin,Transversion - Purine/Pyrimidine,A>T
83733507,rs447813,CT,TT,CC,67,64,0,NC_000016.10,Mutation NB - Maternal Origin,Transition - Pyrimidine/Pyrimidine,T>C
83733528,rs403740,GC,CC,GG,67,64,0,NC_000016.10,Mutation NB - Maternal Origin,Transversion - Purine/Pyrimidine,C>G
84069200,rs17725839,GG,GG,GT,91,85,27,NC_000016.10,Mutation NB - Maternal Origin,Transversion - Purine/Pyrimidine,Unsolved
84333101,rs72802684,GG,GA,AA,100,1,18,NC_000016.10,Mutation NB - Paternal Origin,Transition - Purine/Purine,G>A
85332569,rs56341712,CC,CC,CT,100,82,40,NC_000016.10,Mutation NB - Maternal Origin,Transition - Pyrimidine/Pyrimidine,Unsolved
85440709,rs114260177,CC,AA,AA,67,70,27,NC_000016.10,Mutation NB - Paternal Origin,Transversion - Purine/Pyrimidine,C>A
85455290,rs7185114,AA,GG,GG,85,55,27,NC_000016.10,Mutation NB - Paternal Origin,Transition - Purine/Purine,A>G
85504036,rs6564126,TG,TT,GG,76,100,15,NC_000016.10,Mutation NB - Maternal Origin,Transversion - Purine/Pyrimidine,T>G
85735111,rs1862733,CC,CT,TT,100,32,12,NC_000016.10,Mutation NB - Paternal Origin,Transition - Pyrimidine/Pyrimidine,C>T
85979729,rs1401886,TT,TT,CC,100,100,9,NC_000016.10,Mutation NB - Paternal or Maternal,Transition - Pyrimidine/Pyrimidine,Unsolved
86045398,rs4843336,TT,CC,TT,91,85,9,NC_000016.10,Mutation NB - Maternal Origin,Transition - Pyrimidine/Pyrimidine,C>T
86527996,rs9940025,TT,CC,TT,88,79,0,NC_000016.10,Mutation NB - Maternal Origin,Transition - Pyrimidine/Pyrimidine,C>T
86918201,rs9925927,CC,GG,GG,79,79,0,NC_000016.10,Mutation NB - Paternal Origin,Transversion - Purine/Pyrimidine,C>G
87370482,rs889603,CC,GG,GG,76,61,18,NC_000016.10,Mutation NB - Paternal Origin,Transversion - Purine/Pyrimidine,C>G
87613619,rs8053193,GG,CC,CC,91,91,9,NC_000016.10,Mutation NB - Paternal Origin,Transversion - Purine/Pyrimidine,G>C
87872257,rs13380740,GG,AA,AA,76,67,0,NC_000016.10,Mutation NB - Paternal Origin,Transition - Purine/Purine,G>A
87872265,rs7195729,AA,GG,GG,76,67,27,NC_000016.10,Mutation NB - Paternal Origin,Transition - Purine/Purine,A>G
88111101,rs8052204,CC,CC,GG,82,100,12,NC_000016.10,Mutation NB - Paternal Origin,Transversion - Purine/Pyrimidine,Unsolved
88610356,.,GG,GG,GA,61,67,47,NC_000016.10,Mutation NB - Paternal Origin,Transition - Purine/Purine,Unsolved
88650126,rs3812948,AA,GG,AA,91,88,0,NC_000016.10,Mutation NB - Maternal Origin,Transition - Purine/Purine,G>A
88690933,rs9932972,AA,AA,AG,100,67,99,NC_000016.10,Mutation NB - Maternal Origin,Transition - Purine/Purine,Unsolved
88727450,rs2242170,TT,CT,CC,79,18,0,NC_000016.10,Mutation NB - Paternal Origin,Transition - Pyrimidine/Pyrimidine,T>C
88870675,rs79233876,CC,CC,CT,100,85,99,NC_000016.10,Mutation NB - Maternal Origin,Transition - Pyrimidine/Pyrimidine,Unsolved
88904304,rs74750667,GG,GG,GA,88,85,33,NC_000016.10,Mutation NB - Maternal Origin,Transition - Purine/Purine,Unsolved
88904368,rs475796,CC,CC,CG,88,85,33,NC_000016.10,Mutation NB - Maternal Origin,Transversion - Purine/Pyrimidine,Unsolved
88986157,rs9932354,CC,AA,CC,91,85,0,NC_000016.10,Mutation NB - Maternal Origin,Transversion - Purine/Pyrimidine,A>C
89010309,.,AA,AA,AG,91,70,54,NC_000016.10,Mutation NB - Maternal Origin,Transition - Purine/Purine,Unsolved
89405773,rs28644774,CC,GC,GG,88,1,0,NC_000016.10,Mutation NB - Paternal Origin,Transversion - Purine/Pyrimidine,C>G
89746527,rs17233595,CC,CC,CT,100,61,99,NC_000016.10,Mutation NB - Maternal Origin,Transition - Pyrimidine/Pyrimidine,Unsolved
89762584,rs74518441,GG,GG,GA,88,100,57,NC_000016.10,Mutation NB - Paternal Origin,Transition - Purine/Purine,Unsolved
804775,rs61467117,TT,TT,TC,82,88,99,NC_000017.11,Mutation NB - Paternal Origin,Transition - Pyrimidine/Pyrimidine,Unsolved
918755,rs55758827,CC,CC,CT,91,73,98,NC_000017.11,Mutation NB - Maternal Origin,Transition - Pyrimidine/Pyrimidine,Unsolved
1886921,.,AA,AA,AC,91,91,68,NC_000017.11,Mutation NB - Paternal or Maternal,Transversion - Purine/Pyrimidine,Unsolved
1896662,rs7406953,CC,TT,TT,100,88,18,NC_000017.11,Mutation NB - Paternal Origin,Transition - Pyrimidine/Pyrimidine,C>T
2267207,rs72819571,GG,TT,GG,85,88,15,NC_000017.11,Mutation NB - Maternal Origin,Transition - Purine/Purine,Transversion - Purine/Pyrimidine,T>G
2896866,rs11655694,GG,CC,CC,85,100,9,NC_000017.11,Mutation NB - Paternal Origin,Transversion - Purine/Pyrimidine,G>C
3004186,rs79731228,AA,AA,AG,100,64,68,NC_000017.11,Mutation NB - Maternal Origin,Transition - Purine/Purine,Unsolved
3534518,rs4790146,CC,GG,GG,91,85,0,NC_000017.11,Mutation NB - Paternal Origin,Transversion - Purine/Pyrimidine,C>G
6503411,rs3809836,CC,TT,TT,67,46,0,NC_000017.11,Mutation NB - Paternal Origin,Transition - Pyrimidine/Pyrimidine,C>T
8169978,rs6503089,CC,TT,TT,73,46,0,NC_000017.11,Mutation NB - Paternal Origin,Transition - Pyrimidine/Pyrimidine,C>T
8717311,rs2101938,CC,TT,CC,82,58,12,NC_000017.11,Mutation NB - Maternal Origin,Transition - Pyrimidine/Pyrimidine,T>C
8749207,rs150748680,TT,CC,CC,91,61,18,NC_000017.11,Mutation NB - Paternal Origin,Transition - Pyrimidine/Pyrimidine,T>C
10333376,.,AA,AA,AG,88,88,64,NC_000017.11,Mutation NB - Paternal or Maternal,Transition - Purine/Purine,Unsolved
11442808,rs1513753,GG,GG,GA,100,91,99,NC_000017.11,Mutation NB - Maternal Origin,Transition - Purine/Purine,Unsolved
12893442,rs2108542,AA,GG,GG,76,49,0,NC_000017.11,Mutation NB - Paternal Origin,Transition - Purine/Purine,A>G
12989299,rs56259289,CC,CC,TT,79,100,18,NC_000017.11,Mutation NB - Paternal Origin,Transition - Pyrimidine/Pyrimidine,Unsolved
13115327,rs2215079,AA,GG,GG,100,58,39,NC_000017.11,Mutation NB - Paternal Origin,Transition - Purine/Purine,A>G
13115365,rs28508339,CC,CC,CG,100,61,99,NC_000017.11,Mutation NB - Maternal Origin,Transversion - Purine/Pyrimidine,Unsolved
15742284,.,TT,TT,TC,76,79,41,NC_000017.11,Mutation NB - Paternal Origin,Transition - Pyrimidine/Pyrimidine,Unsolved
16398714,.,TT,TT,TC,70,88,47,NC_000017.11,Mutation NB - Paternal Origin,Transition - Pyrimidine/Pyrimidine,Unsolved
16475606,rs1558243,CC,TT,TT,91,100,9,NC_000017.11,Mutation NB - Paternal Origin,Transition - Pyrimidine/Pyrimidine,C>T
17422637,rs16961675,GG,TT,GG,73,100,30,NC_000017.11,Mutation NB - Maternal Origin,Transition - Purine/Purine,Transversion - Purine/Pyrimidine,T>G
19453150,rs4924993,AA,TA,TT,91,1,15,NC_000017.11,Mutation NB - Paternal Origin,Transversion - Purine/Pyrimidine,A>T
21004530,rs77191285,GG,CC,CC,91,88,18,NC_000017.11,Mutation NB - Paternal Origin,Transversion - Purine/Pyrimidine,G>C
27346612,rs34691242,TT,CC,CC,91,73,21,NC_000017.11,Mutation NB - Paternal Origin,Transition - Pyrimidine/Pyrimidine,T>C
27387046,rs11655161,GG,CC,CC,85,88,0,NC_000017.11,Mutation NB - Paternal Origin,Transversion - Purine/Pyrimidine,G>C
27702318,.,AA,AA,AC,79,70,56,NC_000017.11,Mutation NB - Maternal Origin,Transversion - Purine/Pyrimidine,Unsolved
29576246,rs775458461,TT,TT,TC,73,70,50,NC_000017.11,Mutation NB - Maternal Origin,Transition - Pyrimidine/Pyrimidine,Unsolved
30279564,rs7208052,AC,CC,AA,1,85,15,NC_000017.11,Mutation NB - Maternal Origin,Transversion - Purine/Pyrimidine,C>A
32686872,rs2909515,GG,GG,GA,73,82,59,NC_000017.11,Mutation NB - Paternal Origin,Transition - Purine/Purine,Unsolved
33034079,rs117460785,GG,AA,AA,85,76,18,NC_000017.11,Mutation NB - Paternal Origin,Transition - Purine/Purine,G>A
33329358,rs149266217,TT,CC,CC,91,67,24,NC_000017.11,Mutation NB - Paternal Origin,Transition - Pyrimidine/Pyrimidine,T>C
33969585,rs1981148,GG,GG,GT,49,100,99,NC_000017.11,Mutation NB - Paternal Origin,Transversion - Purine/Pyrimidine,Unsolved
33969587,rs1981147,AA,AA,AT,49,100,99,NC_000017.11,Mutation NB - Paternal Origin,Transversion - Purine/Pyrimidine,Unsolved
35204160,rs9899066,GG,GG,GA,100,70,59,NC_000017.11,Mutation NB - Maternal Origin,Transition - Purine/Purine,Unsolved
35742974,rs226418,CC,GG,GG,98,82,18,NC_000017.11,Mutation NB - Paternal Origin,Transversion - Purine/Pyrimidine,C>G
40199799,.,TT,TT,TC,85,79,48,NC_000017.11,Mutation NB - Maternal Origin,Transition - Pyrimidine/Pyrimidine,Unsolved
40199805,.,CC,CC,CT,85,79,48,NC_000017.11,Mutation NB - Maternal Origin,Transition - Pyrimidine/Pyrimidine,Unsolved
40476882,rs7224214,AA,AA,CA,91,70,99,NC_000017.11,Mutation NB - Maternal Origin,Transversion - Purine/Pyrimidine,Unsolved
41160230,rs366700,CC,CC,CG,100,76,95,NC_000017.11,Mutation NB - Maternal Origin,Transversion - Purine/Pyrimidine,Unsolved
42127662,rs731152,GG,GG,GA,82,82,99,NC_000017.11,Mutation NB - Paternal or Maternal,Transition - Purine/Purine,Unsolved
44610413,rs3897484,GG,AA,GG,91,55,0,NC_000017.11,Mutation NB - Maternal Origin,Transition - Purine/Purine,A>G
44902821,rs8079308,GG,AA,GG,91,49,0,NC_000017.11,Mutation NB - Maternal Origin,Transition - Purine/Purine,A>G
45023133,.,GG,GG,GA,58,46,44,NC_000017.11,Mutation NB - Maternal Origin,Transition - Purine/Purine,Unsolved
47908027,.,AA,AA,AG,82,76,59,NC_000017.11,Mutation NB - Maternal Origin,Transition - Purine/Purine,Unsolved
49464560,rs77733799,AA,GG,GG,88,82,18,NC_000017.11,Mutation NB - Paternal Origin,Transition - Purine/Purine,A>G
49761154,rs149884158,GG,GG,GC,91,67,68,NC_000017.11,Mutation NB - Maternal Origin,Transition - Purine/Purine,Transversion - Purine/Pyrimidine,Unsolved
50531590,rs2277627,CC,TT,TT,100,85,12,NC_000017.11,Mutation NB - Paternal Origin,Transition - Pyrimidine/Pyrimidine,C>T
51872010,rs9894061,TT,TT,TC,100,67,99,NC_000017.11,Mutation NB - Maternal Origin,Transition - Pyrimidine/Pyrimidine,Unsolved
52985929,rs74255164,CC,TT,CC,88,91,0,NC_000017.11,Mutation NB - Maternal Origin,Transition - Pyrimidine/Pyrimidine,T>C
55993052,rs11079205,TT,GG,TT,91,85,0,NC_000017.11,Mutation NB - Maternal Origin,Transversion - Purine/Pyrimidine,G>T
56103369,.,AA,AA,AG,64,70,39,NC_000017.11,Mutation NB - Paternal Origin,Transition - Purine/Purine,Unsolved
56797498,rs72837340,TT,CC,CC,91,76,36,NC_000017.11,Mutation NB - Paternal Origin,Transition - Pyrimidine/Pyrimidine,T>C
56797540,rs72837341,TT,CC,CC,91,79,36,NC_000017.11,Mutation NB - Paternal Origin,Transition - Pyrimidine/Pyrimidine,T>C
57097197,rs3785483,TT,CC,CC,91,91,12,NC_000017.11,Mutation NB - Paternal Origin,Transition - Pyrimidine/Pyrimidine,T>C
57498468,.,CC,CC,CT,85,85,68,NC_000017.11,Mutation NB - Paternal or Maternal,Transition - Pyrimidine/Pyrimidine,Unsolved
57532192,rs145819079,GG,GG,GC,91,100,33,NC_000017.11,Mutation NB - Paternal Origin,Transition - Purine/Purine,Transversion - Purine/Pyrimidine,Unsolved
57656625,.,TT,TT,TC,91,64,47,NC_000017.11,Mutation NB - Maternal Origin,Transition - Pyrimidine/Pyrimidine,Unsolved
57831175,rs2586029,GG,AA,AA,88,43,33,NC_000017.11,Mutation NB - Paternal Origin,Transition - Purine/Purine,G>A
60769418,rs8069867,AA,GG,AA,91,88,9,NC_000017.11,Mutation NB - Maternal Origin,Transition - Purine/Purine,G>A
61770095,.,TT,TT,TC,88,76,64,NC_000017.11,Mutation NB - Maternal Origin,Transition - Pyrimidine/Pyrimidine,Unsolved
64388020,rs9906431,CC,CC,TC,91,64,12,NC_000017.11,Mutation NB - Maternal Origin,Transition - Pyrimidine/Pyrimidine,Unsolved
66049612,rs35850189,AA,GG,GG,88,85,27,NC_000017.11,Mutation NB - Paternal Origin,Transition - Purine/Purine,A>G
66049665,rs2102842,CC,TT,TT,88,85,36,NC_000017.11,Mutation NB - Paternal Origin,Transition - Pyrimidine/Pyrimidine,C>T
66049666,rs34489012,AA,GG,GG,88,85,36,NC_000017.11,Mutation NB - Paternal Origin,Transition - Purine/Purine,A>G
68100378,rs145820732,GG,GG,GC,100,52,99,NC_000017.11,Mutation NB - Maternal Origin,Transition - Purine/Purine,Transversion - Purine/Pyrimidine,Unsolved
68135274,rs7210299,TT,CT,CC,92,76,0,NC_000017.11,Mutation NB - Paternal Origin,Transition - Pyrimidine/Pyrimidine,T>C
69813065,rs146291990,GG,GG,GC,100,85,27,NC_000017.11,Mutation NB - Maternal Origin,Transition - Purine/Purine,Transversion - Purine/Pyrimidine,Unsolved
72111654,rs9904984,GG,AA,AA,82,73,9,NC_000017.11,Mutation NB - Paternal Origin,Transition - Purine/Purine,G>A
72973540,rs73349336,AA,AA,AC,100,61,98,NC_000017.11,Mutation NB - Maternal Origin,Transversion - Purine/Pyrimidine,Unsolved
73118939,rs921262,TT,TT,TG,100,79,99,NC_000017.11,Mutation NB - Maternal Origin,Transition - Pyrimidine/Pyrimidine,Transversion - Purine/Pyrimidine,Unsolved
73581624,rs790083,TT,TT,TC,100,46,59,NC_000017.11,Mutation NB - Maternal Origin,Transition - Pyrimidine/Pyrimidine,Unsolved
73784463,rs9893480,GG,GC,CC,91,1,39,NC_000017.11,Mutation NB - Paternal Origin,Transversion - Purine/Pyrimidine,G>C
75498882,rs9894026,AA,AA,GA,82,79,12,NC_000017.11,Mutation NB - Maternal Origin,Transition - Purine/Purine,Unsolved
75581487,rs3862480,CC,TT,TT,91,82,18,NC_000017.11,Mutation NB - Paternal Origin,Transition - Pyrimidine/Pyrimidine,C>T
75897811,.,GG,GG,GT,79,64,68,NC_000017.11,Mutation NB - Maternal Origin,Transversion - Purine/Pyrimidine,Unsolved
76155336,.,TT,TT,TC,73,55,99,NC_000017.11,Mutation NB - Maternal Origin,Transition - Pyrimidine/Pyrimidine,Unsolved
76878391,.,AA,AA,AG,91,73,62,NC_000017.11,Mutation NB - Maternal Origin,Transition - Purine/Purine,Unsolved
76911957,rs12951234,GG,TG,TT,85,32,0,NC_000017.11,Mutation NB - Paternal Origin,Transversion - Purine/Pyrimidine,G>T
77075191,rs9915587,GG,CG,CC,91,70,0,NC_000017.11,Mutation NB - Paternal Origin,Transversion - Purine/Pyrimidine,G>C
78366632,rs28539061,AA,AA,AG,64,91,99,NC_000017.11,Mutation NB - Paternal Origin,Transition - Purine/Purine,Unsolved
78483081,rs8064394,CC,TT,CC,88,100,9,NC_000017.11,Mutation NB - Maternal Origin,Transition - Pyrimidine/Pyrimidine,T>C
78483101,rs8081738,AG,AA,GG,28,100,9,NC_000017.11,Mutation NB - Maternal Origin,Transition - Purine/Purine,A>G
78492202,rs11077372,GG,GG,GA,100,100,24,NC_000017.11,Mutation NB - Paternal or Maternal,Transition - Purine/Purine,Unsolved
78641824,rs9904610,TT,CC,CC,85,73,0,NC_000017.11,Mutation NB - Paternal Origin,Transition - Pyrimidine/Pyrimidine,T>C
79118966,rs1795954,AA,CA,CC,85,28,0,NC_000017.11,Mutation NB - Paternal Origin,Transversion - Purine/Pyrimidine,A>C
79170242,rs764904021,GG,GG,GC,49,58,48,NC_000017.11,Mutation NB - Paternal Origin,Transition - Purine/Purine,Transversion - Purine/Pyrimidine,Unsolved
79743143,.,AA,AA,AG,76,88,62,NC_000017.11,Mutation NB - Paternal Origin,Transition - Purine/Purine,Unsolved
80583882,rs35856510,GG,AA,GG,100,88,18,NC_000017.11,Mutation NB - Maternal Origin,Transition - Purine/Purine,A>G
80740231,rs12947053,TT,CC,TT,91,85,0,NC_000017.11,Mutation NB - Maternal Origin,Transition - Pyrimidine/Pyrimidine,C>T
80884862,rs2672877,AA,GG,AA,88,85,0,NC_000017.11,Mutation NB - Maternal Origin,Transition - Purine/Purine,G>A
80961634,rs113945356,GG,GG,GA,100,70,99,NC_000017.11,Mutation NB - Maternal Origin,Transition - Purine/Purine,Unsolved
81389928,rs3744146,CC,TT,TT,91,91,12,NC_000017.11,Mutation NB - Paternal Origin,Transition - Pyrimidine/Pyrimidine,C>T
81451744,rs61746096,CC,CC,CT,73,100,99,NC_000017.11,Mutation NB - Paternal Origin,Transition - Pyrimidine/Pyrimidine,Unsolved
82332705,rs8079688,AA,AA,GA,91,76,68,NC_000017.11,Mutation NB - Maternal Origin,Transition - Purine/Purine,Unsolved
186854,rs115676441,TT,TT,CC,100,85,9,NC_000018.10,Mutation NB - Maternal Origin,Transition - Pyrimidine/Pyrimidine,Unsolved
3922060,rs7239546,TC,CC,TT,1,67,0,NC_000018.10,Mutation NB - Maternal Origin,Transversion - Purine/Pyrimidine,C>T
4761437,rs72873401,CC,TT,TT,70,73,0,NC_000018.10,Mutation NB - Paternal Origin,Transition - Pyrimidine/Pyrimidine,C>T
7600733,.,TT,TT,TC,100,43,62,NC_000018.10,Mutation NB - Maternal Origin,Transition - Pyrimidine/Pyrimidine,Unsolved
7894047,rs60247500,GG,CC,CC,73,85,0,NC_000018.10,Mutation NB - Paternal Origin,Transversion - Purine/Pyrimidine,G>C
8847914,rs690518,TT,TT,CT,91,79,99,NC_000018.10,Mutation NB - Maternal Origin,Transition - Pyrimidine/Pyrimidine,Unsolved
9805284,rs537783504,AA,AA,AT,100,91,15,NC_000018.10,Mutation NB - Maternal Origin,Transversion - Purine/Pyrimidine,Unsolved
9982100,rs652817,CC,TT,CC,76,52,0,NC_000018.10,Mutation NB - Maternal Origin,Transition - Pyrimidine/Pyrimidine,T>C
13421326,rs375898341,GG,AA,AA,88,76,24,NC_000018.10,Mutation NB - Paternal Origin,Transition - Purine/Purine,G>A
24560987,.,TT,TT,TC,79,70,39,NC_000018.10,Mutation NB - Maternal Origin,Transition - Pyrimidine/Pyrimidine,Unsolved
27263762,rs137963791,TT,TT,TC,76,52,99,NC_000018.10,Mutation NB - Maternal Origin,Transition - Pyrimidine/Pyrimidine,Unsolved
27429052,rs11083214,AA,TT,TT,85,70,18,NC_000018.10,Mutation NB - Paternal Origin,Transversion - Purine/Pyrimidine,A>T
27860836,rs11659332,AG,GG,AA,1,91,33,NC_000018.10,Mutation NB - Maternal Origin,Transition - Purine/Purine,G>A
31675007,rs9960668,TT,TT,TC,100,91,99,NC_000018.10,Mutation NB - Maternal Origin,Transition - Pyrimidine/Pyrimidine,Unsolved
36361930,rs16960066,AA,GG,GG,70,76,0,NC_000018.10,Mutation NB - Paternal Origin,Transition - Purine/Purine,A>G
37519576,rs2099954786,AA,AA,AG,82,52,53,NC_000018.10,Mutation NB - Maternal Origin,Transition - Purine/Purine,Unsolved
44946202,.,TT,TT,TC,55,61,50,NC_000018.10,Mutation NB - Paternal Origin,Transition - Pyrimidine/Pyrimidine,Unsolved
45976948,.,GG,GG,GA,85,73,42,NC_000018.10,Mutation NB - Maternal Origin,Transition - Purine/Purine,Unsolved
46135540,rs1791403,GG,GG,AG,82,95,99,NC_000018.10,Mutation NB - Paternal Origin,Transition - Purine/Purine,Unsolved
48194710,rs8096699,AA,AA,AG,88,100,99,NC_000018.10,Mutation NB - Paternal Origin,Transition - Purine/Purine,Unsolved
49454440,rs77874806,CC,CC,CT,100,79,56,NC_000018.10,Mutation NB - Maternal Origin,Transition - Pyrimidine/Pyrimidine,Unsolved
54770895,rs12605161,TT,TC,CC,91,32,12,NC_000018.10,Mutation NB - Paternal Origin,Transition - Pyrimidine/Pyrimidine,T>C
58001137,rs113262649,TT,TT,TA,85,100,99,NC_000018.10,Mutation NB - Paternal Origin,Transition - Pyrimidine/Pyrimidine,Transversion - Purine/Pyrimidine,Unsolved
58107709,rs58114490,CC,CC,GC,85,44,92,NC_000018.10,Mutation NB - Maternal Origin,Transversion - Purine/Pyrimidine,Unsolved
59275267,rs557766580,TT,TT,TC,82,73,40,NC_000018.10,Mutation NB - Maternal Origin,Transition - Pyrimidine/Pyrimidine,Unsolved
59559229,rs12454073,GG,GA,AA,100,1,33,NC_000018.10,Mutation NB - Paternal Origin,Transition - Purine/Purine,G>A
60010605,rs116122801,TT,CC,CC,64,76,0,NC_000018.10,Mutation NB - Paternal Origin,Transition - Pyrimidine/Pyrimidine,T>C
60751500,rs1455501,AA,GG,AA,79,70,0,NC_000018.10,Mutation NB - Maternal Origin,Transition - Purine/Purine,G>A
60751503,rs1455500,GG,AA,GG,79,70,0,NC_000018.10,Mutation NB - Maternal Origin,Transition - Purine/Purine,A>G
61890537,rs8086397,AA,AG,GG,82,1,21,NC_000018.10,Mutation NB - Paternal Origin,Transition - Purine/Purine,A>G
71028574,rs73965493,CC,CC,CA,100,61,99,NC_000018.10,Mutation NB - Maternal Origin,Transversion - Purine/Pyrimidine,Unsolved
72456228,rs4513188,GG,GG,GA,100,79,99,NC_000018.10,Mutation NB - Maternal Origin,Transition - Purine/Purine,Unsolved
73918926,.,AA,AA,AG,79,82,45,NC_000018.10,Mutation NB - Paternal Origin,Transition - Purine/Purine,Unsolved
73965820,rs115589445,GG,GG,GA,100,82,99,NC_000018.10,Mutation NB - Maternal Origin,Transition - Purine/Purine,Unsolved
74209782,rs57844166,TT,CC,CC,91,85,0,NC_000018.10,Mutation NB - Paternal Origin,Transition - Pyrimidine/Pyrimidine,T>C
74441939,rs1559805,AA,CC,CC,91,76,15,NC_000018.10,Mutation NB - Paternal Origin,Transversion - Purine/Pyrimidine,A>C
75075430,rs906515,AA,GA,GG,85,35,0,NC_000018.10,Mutation NB - Paternal Origin,Transition - Purine/Purine,A>G
75731683,rs8095204,AA,GG,GG,91,91,9,NC_000018.10,Mutation NB - Paternal Origin,Transition - Purine/Purine,A>G
75801121,rs8087298,CC,TT,CC,85,91,0,NC_000018.10,Mutation NB - Maternal Origin,Transition - Pyrimidine/Pyrimidine,T>C
76085332,rs2897284,AA,GA,GG,85,1,18,NC_000018.10,Mutation NB - Paternal Origin,Transition - Purine/Purine,A>G
76639499,rs7232313,TT,CC,CC,100,70,36,NC_000018.10,Mutation NB - Paternal Origin,Transition - Pyrimidine/Pyrimidine,T>C
76747880,rs1599270527,AA,AA,AC,52,34,44,NC_000018.10,Mutation NB - Maternal Origin,Transversion - Purine/Pyrimidine,Unsolved
77955777,rs76086154,GG,GG,GA,100,91,71,NC_000018.10,Mutation NB - Maternal Origin,Transition - Purine/Purine,Unsolved
78016019,rs66849675,GG,CC,CC,88,70,21,NC_000018.10,Mutation NB - Paternal Origin,Transversion - Purine/Pyrimidine,G>C
79903863,rs12928,AA,AA,AG,88,82,68,NC_000018.10,Mutation NB - Maternal Origin,Transition - Purine/Purine,Unsolved
80067299,rs9961036,GG,GG,GT,100,64,99,NC_000018.10,Mutation NB - Maternal Origin,Transversion - Purine/Pyrimidine,Unsolved
80218944,rs114626591,GG,GG,GT,100,91,99,NC_000018.10,Mutation NB - Maternal Origin,Transversion - Purine/Pyrimidine,Unsolved
586584,.,TT,TT,TC,88,73,65,NC_000019.10,Mutation NB - Maternal Origin,Transition - Pyrimidine/Pyrimidine,Unsolved
725558,rs35267146,CC,GC,GG,85,28,9,NC_000019.10,Mutation NB - Paternal Origin,Transversion - Purine/Pyrimidine,C>G
789454,rs10405462,TT,CC,TT,82,79,21,NC_000019.10,Mutation NB - Maternal Origin,Transition - Pyrimidine/Pyrimidine,C>T
1010974,rs8100391,AA,GA,GG,82,39,0,NC_000019.10,Mutation NB - Paternal Origin,Transition - Purine/Purine,A>G
1066929,rs12981369,TT,GG,TT,82,100,9,NC_000019.10,Mutation NB - Maternal Origin,Transversion - Purine/Pyrimidine,G>T
1488148,rs4807120,TT,CC,TT,73,100,18,NC_000019.10,Mutation NB - Maternal Origin,Transition - Pyrimidine/Pyrimidine,C>T
2216895,rs148762998,GG,GG,GT,100,70,65,NC_000019.10,Mutation NB - Maternal Origin,Transversion - Purine/Pyrimidine,Unsolved
2617424,rs10411547,AA,AA,AC,100,88,99,NC_000019.10,Mutation NB - Maternal Origin,Transversion - Purine/Pyrimidine,Unsolved
2734824,.,TT,TT,TC,91,85,71,NC_000019.10,Mutation NB - Maternal Origin,Transition - Pyrimidine/Pyrimidine,Unsolved
2823613,rs4807338,TT,CC,CC,91,91,18,NC_000019.10,Mutation NB - Paternal Origin,Transition - Pyrimidine/Pyrimidine,T>C
3624142,rs117491710,CC,CC,CT,91,100,62,NC_000019.10,Mutation NB - Paternal Origin,Transition - Pyrimidine/Pyrimidine,Unsolved
3768134,.,TT,TT,TC,73,82,65,NC_000019.10,Mutation NB - Paternal Origin,Transition - Pyrimidine/Pyrimidine,Unsolved
4107729,.,AA,AA,AG,91,91,41,NC_000019.10,Mutation NB - Paternal or Maternal,Transition - Purine/Purine,Unsolved
4134643,.,AA,AA,AG,76,64,50,NC_000019.10,Mutation NB - Maternal Origin,Transition - Purine/Purine,Unsolved
4408250,rs568452750,TT,TT,TA,100,76,65,NC_000019.10,Mutation NB - Maternal Origin,Transition - Pyrimidine/Pyrimidine,Transversion - Purine/Pyrimidine,Unsolved
5112442,.,TT,TT,TC,88,70,63,NC_000019.10,Mutation NB - Maternal Origin,Transition - Pyrimidine/Pyrimidine,Unsolved
5150232,rs111302614,CC,CA,AA,100,20,54,NC_000019.10,Mutation NB - Paternal Origin,Transversion - Purine/Pyrimidine,C>A
5154850,rs1017819,AA,GG,GG,100,67,15,NC_000019.10,Mutation NB - Paternal Origin,Transition - Purine/Purine,A>G
6778982,rs11667864,TT,CC,TT,82,82,45,NC_000019.10,Mutation NB - Maternal Origin,Transition - Pyrimidine/Pyrimidine,C>T
7467366,rs2303142,CC,GG,GG,91,79,0,NC_000019.10,Mutation NB - Paternal Origin,Transversion - Purine/Pyrimidine,C>G
8376075,rs113484749,TT,CC,CC,88,88,18,NC_000019.10,Mutation NB - Paternal Origin,Transition - Pyrimidine/Pyrimidine,T>C
8507855,rs8112520,TT,TA,AA,91,73,12,NC_000019.10,Mutation NB - Paternal Origin,Transversion - Purine/Pyrimidine,T>A
8591397,rs8106916,TT,TT,CT,91,85,30,NC_000019.10,Mutation NB - Maternal Origin,Transition - Pyrimidine/Pyrimidine,Unsolved
8698550,rs10410943,GA,GG,AA,28,76,18,NC_000019.10,Mutation NB - Maternal Origin,Transition - Purine/Purine,G>A
8847971,rs62118937,TT,CC,CC,100,73,12,NC_000019.10,Mutation NB - Paternal Origin,Transition - Pyrimidine/Pyrimidine,T>C
9118479,rs80224299,AA,CC,CC,91,88,12,NC_000019.10,Mutation NB - Paternal Origin,Transversion - Purine/Pyrimidine,A>C
9118515,rs6511878,GG,GA,AA,91,99,12,NC_000019.10,Mutation NB - Paternal Origin,Transition - Purine/Purine,G>A
9977595,rs2161468,CC,GG,CC,88,91,15,NC_000019.10,Mutation NB - Maternal Origin,Transversion - Purine/Pyrimidine,G>C
11252470,rs8113582,AA,TT,TT,100,43,65,NC_000019.10,Mutation NB - Paternal Origin,Transversion - Purine/Pyrimidine,A>T
12696956,.,CC,CC,CT,70,58,47,NC_000019.10,Mutation NB - Maternal Origin,Transition - Pyrimidine/Pyrimidine,Unsolved
13070068,rs2016679458,AA,AA,AG,76,61,56,NC_000019.10,Mutation NB - Maternal Origin,Transition - Purine/Purine,Unsolved
13164598,rs62109930,GG,GA,AA,100,35,9,NC_000019.10,Mutation NB - Paternal Origin,Transition - Purine/Purine,G>A
15272408,rs2047598303,AA,AA,AG,82,88,58,NC_000019.10,Mutation NB - Paternal Origin,Transition - Purine/Purine,Unsolved
15977090,rs73928293,TT,GG,TT,73,85,12,NC_000019.10,Mutation NB - Maternal Origin,Transversion - Purine/Pyrimidine,G>T
16320516,rs11878384,AA,AG,GG,100,5,15,NC_000019.10,Mutation NB - Paternal Origin,Transition - Purine/Purine,A>G
17403631,rs919265,GG,CC,CC,88,91,24,NC_000019.10,Mutation NB - Paternal Origin,Transversion - Purine/Pyrimidine,G>C
17863414,rs7508025,CC,TT,CC,88,100,21,NC_000019.10,Mutation NB - Maternal Origin,Transition - Pyrimidine/Pyrimidine,T>C
17946278,rs11086085,GG,GG,GA,91,79,58,NC_000019.10,Mutation NB - Maternal Origin,Transition - Purine/Purine,Unsolved
18246448,rs4569399,GG,GA,AA,82,70,15,NC_000019.10,Mutation NB - Paternal Origin,Transition - Purine/Purine,G>A
18257914,rs1163731555,CC,CC,CT,88,76,65,NC_000019.10,Mutation NB - Maternal Origin,Transition - Pyrimidine/Pyrimidine,Unsolved
19647381,rs892035,CC,TT,TT,85,70,0,NC_000019.10,Mutation NB - Paternal Origin,Transition - Pyrimidine/Pyrimidine,C>T
20246130,rs79425771,CC,TT,CC,91,88,15,NC_000019.10,Mutation NB - Maternal Origin,Transition - Pyrimidine/Pyrimidine,T>C
20661586,rs10413287,GG,AA,AA,91,88,27,NC_000019.10,Mutation NB - Paternal Origin,Transition - Purine/Purine,G>A
20661614,rs7253419,CC,TT,TT,91,88,27,NC_000019.10,Mutation NB - Paternal Origin,Transition - Pyrimidine/Pyrimidine,C>T
22802275,rs1973572155,CC,CC,CT,70,55,47,NC_000019.10,Mutation NB - Maternal Origin,Transition - Pyrimidine/Pyrimidine,Unsolved
28298228,rs35124376,AA,AT,TT,88,1,9,NC_000019.10,Mutation NB - Paternal Origin,Transversion - Purine/Pyrimidine,A>T
28921624,rs116784590,CC,GG,GG,91,82,24,NC_000019.10,Mutation NB - Paternal Origin,Transversion - Purine/Pyrimidine,C>G
29562458,.,CC,CC,CT,76,88,59,NC_000019.10,Mutation NB - Paternal Origin,Transition - Pyrimidine/Pyrimidine,Unsolved
31277510,rs3745784,GG,AA,AA,88,82,21,NC_000019.10,Mutation NB - Paternal Origin,Transition - Purine/Purine,G>A
33405550,rs4805882,CT,CC,TT,1,67,18,NC_000019.10,Mutation NB - Maternal Origin,Transversion - Purine/Pyrimidine,C>T
33629622,rs187233023,GG,GG,GA,100,88,99,NC_000019.10,Mutation NB - Maternal Origin,Transition - Purine/Purine,Unsolved
33758044,rs460191,CC,CC,CT,100,79,99,NC_000019.10,Mutation NB - Maternal Origin,Transition - Pyrimidine/Pyrimidine,Unsolved
33801816,rs287103,AA,AG,GG,91,38,12,NC_000019.10,Mutation NB - Paternal Origin,Transition - Purine/Purine,A>G
33803996,rs4805059,GA,GG,AA,1,100,15,NC_000019.10,Mutation NB - Maternal Origin,Transition - Purine/Purine,G>A
35228117,rs541169,TT,CT,CC,61,1,9,NC_000019.10,Mutation NB - Paternal Origin,Transition - Pyrimidine/Pyrimidine,T>C
35948323,rs2142075,TA,AA,TT,29,70,0,NC_000019.10,Mutation NB - Maternal Origin,Transversion - Purine/Pyrimidine,A>T
44993518,rs57204168,AA,AA,AG,91,85,33,NC_000019.10,Mutation NB - Maternal Origin,Transition - Purine/Purine,Unsolved
46355855,rs1972276270,AA,AA,AG,79,61,47,NC_000019.10,Mutation NB - Maternal Origin,Transition - Purine/Purine,Unsolved
47390276,rs746493256,CC,CC,CT,85,85,33,NC_000019.10,Mutation NB - Paternal or Maternal,Transition - Pyrimidine/Pyrimidine,Unsolved
47536176,.,TT,TT,TC,85,64,50,NC_000019.10,Mutation NB - Maternal Origin,Transition - Pyrimidine/Pyrimidine,Unsolved
47763273,rs4801733,AA,GG,GG,88,88,15,NC_000019.10,Mutation NB - Paternal Origin,Transition - Purine/Purine,A>G
48086162,rs10405547,GG,GT,TT,91,73,9,NC_000019.10,Mutation NB - Paternal Origin,Transversion - Purine/Pyrimidine,G>T
49225758,rs59633746,TT,CC,CC,91,73,42,NC_000019.10,Mutation NB - Paternal Origin,Transition - Pyrimidine/Pyrimidine,T>C
50742410,rs66493224,CC,CT,TT,100,17,36,NC_000019.10,Mutation NB - Paternal Origin,Transition - Pyrimidine/Pyrimidine,C>T
51039534,rs10401766,CC,TT,CC,91,91,9,NC_000019.10,Mutation NB - Maternal Origin,Transition - Pyrimidine/Pyrimidine,T>C
53588621,rs77916680,AA,GG,AA,76,88,15,NC_000019.10,Mutation NB - Maternal Origin,Transition - Purine/Purine,G>A
55096769,rs193025346,GG,GG,CC,91,79,9,NC_000019.10,Mutation NB - Maternal Origin,Transversion - Purine/Pyrimidine,Unsolved
55473650,rs77038562,CC,CC,CG,100,70,99,NC_000019.10,Mutation NB - Maternal Origin,Transversion - Purine/Pyrimidine,Unsolved
56367107,rs34157829,CC,CT,TT,100,76,39,NC_000019.10,Mutation NB - Paternal Origin,Transition - Pyrimidine/Pyrimidine,C>T
57770012,rs114411987,AA,TT,AA,88,76,9,NC_000019.10,Mutation NB - Maternal Origin,Transversion - Purine/Pyrimidine,T>A
58242283,rs877797,GG,GG,GA,88,58,98,NC_000019.10,Mutation NB - Maternal Origin,Transition - Purine/Purine,Unsolved
421409,rs6051899,GG,AA,AA,100,73,30,NC_000020.11,Mutation NB - Paternal Origin,Transition - Purine/Purine,G>A
2151167,rs73606121,GG,GA,AA,91,1,9,NC_000020.11,Mutation NB - Paternal Origin,Transition - Purine/Purine,G>A
3194910,rs2295549,CC,CG,GG,100,1,21,NC_000020.11,Mutation NB - Paternal Origin,Transversion - Purine/Pyrimidine,C>G
3243764,rs6107264,AA,AA,AG,100,58,99,NC_000020.11,Mutation NB - Maternal Origin,Transition - Purine/Purine,Unsolved
3521782,.,AA,AA,AG,82,52,56,NC_000020.11,Mutation NB - Maternal Origin,Transition - Purine/Purine,Unsolved
3852998,rs6052124,TT,TC,CC,91,1,27,NC_000020.11,Mutation NB - Paternal Origin,Transition - Pyrimidine/Pyrimidine,T>C
5179719,.,TT,TT,TC,79,61,47,NC_000020.11,Mutation NB - Maternal Origin,Transition - Pyrimidine/Pyrimidine,Unsolved
5214983,rs6116696,AA,AA,AG,100,76,59,NC_000020.11,Mutation NB - Maternal Origin,Transition - Purine/Purine,Unsolved
7364816,rs111478576,GG,GG,GT,100,82,99,NC_000020.11,Mutation NB - Maternal Origin,Transversion - Purine/Pyrimidine,Unsolved
7626011,rs6055200,GG,GG,GC,91,64,99,NC_000020.11,Mutation NB - Maternal Origin,Transition - Purine/Purine,Transversion - Purine/Pyrimidine,Unsolved
9605155,.,GG,GG,GA,82,67,43,NC_000020.11,Mutation NB - Maternal Origin,Transition - Purine/Purine,Unsolved
12646631,rs73090366,AA,AA,AG,91,100,68,NC_000020.11,Mutation NB - Paternal Origin,Transition - Purine/Purine,Unsolved
15979263,rs6131754,AA,AA,AG,82,100,99,NC_000020.11,Mutation NB - Paternal Origin,Transition - Purine/Purine,Unsolved
16599300,.,TT,TT,TC,91,61,67,NC_000020.11,Mutation NB - Maternal Origin,Transition - Pyrimidine/Pyrimidine,Unsolved
20310341,rs2145057,GG,GG,CG,76,73,99,NC_000020.11,Mutation NB - Maternal Origin,Transition - Purine/Purine,Transversion - Purine/Pyrimidine,Unsolved
23890060,rs113150036,GG,GT,TT,91,1,12,NC_000020.11,Mutation NB - Paternal Origin,Transversion - Purine/Pyrimidine,G>T
24339257,rs2206649,AA,TT,AA,85,82,0,NC_000020.11,Mutation NB - Maternal Origin,Transversion - Purine/Pyrimidine,T>A
24583020,rs571056450,GG,GG,GA,100,40,99,NC_000020.11,Mutation NB - Maternal Origin,Transition - Purine/Purine,Unsolved
24723355,rs2424625,GG,AA,GG,85,88,0,NC_000020.11,Mutation NB - Maternal Origin,Transition - Purine/Purine,A>G
24809109,rs148002609,CC,TT,CC,88,91,12,NC_000020.11,Mutation NB - Maternal Origin,Transition - Pyrimidine/Pyrimidine,T>C
25145367,rs910102,AA,GG,GG,88,67,27,NC_000020.11,Mutation NB - Paternal Origin,Transition - Purine/Purine,A>G
25227137,rs6138542,CC,AA,AA,88,91,30,NC_000020.11,Mutation NB - Paternal Origin,Transversion - Purine/Pyrimidine,C>A
25296461,.,AA,AA,AG,79,82,71,NC_000020.11,Mutation NB - Paternal Origin,Transition - Purine/Purine,Unsolved
29267027,rs1179009278,CC,AA,AA,82,67,15,NC_000020.11,Mutation NB - Paternal Origin,Transversion - Purine/Pyrimidine,C>A
29768525,rs1465028369,CC,CC,GG,100,100,30,NC_000020.11,Mutation NB - Paternal or Maternal,Transversion - Purine/Pyrimidine,Unsolved
32795436,.,AA,AA,AG,67,100,47,NC_000020.11,Mutation NB - Paternal Origin,Transition - Purine/Purine,Unsolved
32878581,rs13037762,AA,AG,GG,100,1,27,NC_000020.11,Mutation NB - Paternal Origin,Transition - Purine/Purine,A>G
35843795,rs1600814340,TT,TT,TC,82,79,59,NC_000020.11,Mutation NB - Maternal Origin,Transition - Pyrimidine/Pyrimidine,Unsolved
36419655,rs4504054,CC,TT,CC,85,100,33,NC_000020.11,Mutation NB - Maternal Origin,Transition - Pyrimidine/Pyrimidine,T>C
36551093,rs694379,GG,GG,GA,100,85,68,NC_000020.11,Mutation NB - Maternal Origin,Transition - Purine/Purine,Unsolved
36784415,.,GG,GG,GA,73,64,47,NC_000020.11,Mutation NB - Maternal Origin,Transition - Purine/Purine,Unsolved
40682193,rs62209877,AA,AA,AG,100,88,68,NC_000020.11,Mutation NB - Maternal Origin,Transition - Purine/Purine,Unsolved
40813570,rs6016437,AG,AA,GG,6,58,12,NC_000020.11,Mutation NB - Maternal Origin,Transition - Purine/Purine,A>G
42033095,rs62208672,CC,CC,CT,91,100,33,NC_000020.11,Mutation NB - Paternal Origin,Transition - Pyrimidine/Pyrimidine,Unsolved
43417576,rs1014732,AA,CC,AA,91,70,9,NC_000020.11,Mutation NB - Maternal Origin,Transversion - Purine/Pyrimidine,C>A
44115947,rs74352869,GG,GG,GC,100,88,99,NC_000020.11,Mutation NB - Maternal Origin,Transition - Purine/Purine,Transversion - Purine/Pyrimidine,Unsolved
44300139,rs111653635,GC,GG,CC,2,70,12,NC_000020.11,Mutation NB - Maternal Origin,Transversion - Purine/Pyrimidine,G>C
44444726,rs6065729,CC,TT,TT,76,82,9,NC_000020.11,Mutation NB - Paternal Origin,Transition - Pyrimidine/Pyrimidine,C>T
44584917,rs1568822434,TT,TT,TC,85,70,44,NC_000020.11,Mutation NB - Maternal Origin,Transition - Pyrimidine/Pyrimidine,Unsolved
46754236,rs11086180,AA,TT,AA,100,88,0,NC_000020.11,Mutation NB - Maternal Origin,Transversion - Purine/Pyrimidine,T>A
47896023,rs796742697,AA,AA,AG,100,73,99,NC_000020.11,Mutation NB - Maternal Origin,Transition - Purine/Purine,Unsolved
47896026,rs796814557,TT,TT,TC,100,85,99,NC_000020.11,Mutation NB - Maternal Origin,Transition - Pyrimidine/Pyrimidine,Unsolved
48194778,rs144804039,GG,GG,GA,67,76,62,NC_000020.11,Mutation NB - Paternal Origin,Transition - Purine/Purine,Unsolved
51296776,.,TT,TT,TC,73,49,56,NC_000020.11,Mutation NB - Maternal Origin,Transition - Pyrimidine/Pyrimidine,Unsolved
52561088,rs6126609,AA,GG,AA,91,91,0,NC_000020.11,Mutation NB - Maternal Origin,Transition - Purine/Purine,G>A
53525054,rs58555586,GG,GG,GC,100,73,99,NC_000020.11,Mutation NB - Maternal Origin,Transition - Purine/Purine,Transversion - Purine/Pyrimidine,Unsolved
56272258,.,GG,GG,GA,67,85,45,NC_000020.11,Mutation NB - Paternal Origin,Transition - Purine/Purine,Unsolved
56522176,rs4810026,AA,AA,AC,88,100,99,NC_000020.11,Mutation NB - Paternal Origin,Transversion - Purine/Pyrimidine,Unsolved
56880608,rs13038467,AA,GG,AA,88,100,36,NC_000020.11,Mutation NB - Maternal Origin,Transition - Purine/Purine,G>A
56880635,rs13038077,GG,AA,GG,88,100,36,NC_000020.11,Mutation NB - Maternal Origin,Transition - Purine/Purine,A>G
56884837,rs2094649,CT,CC,TT,47,100,39,NC_000020.11,Mutation NB - Maternal Origin,Transversion - Purine/Pyrimidine,C>T
57427615,rs2426723,CC,AC,AA,82,1,0,NC_000020.11,Mutation NB - Paternal Origin,Transversion - Purine/Pyrimidine,C>A
57652718,rs6015051,AA,AA,AG,100,88,67,NC_000020.11,Mutation NB - Maternal Origin,Transition - Purine/Purine,Unsolved
58066120,rs4811959,CC,CC,CT,76,100,99,NC_000020.11,Mutation NB - Paternal Origin,Transition - Pyrimidine/Pyrimidine,Unsolved
58549467,rs975632277,GG,GG,GA,40,58,56,NC_000020.11,Mutation NB - Paternal Origin,Transition - Purine/Purine,Unsolved
58568643,rs12480563,GG,GA,AA,100,32,24,NC_000020.11,Mutation NB - Paternal Origin,Transition - Purine/Purine,G>A
59308760,rs149770,TT,CC,CC,82,52,57,NC_000020.11,Mutation NB - Paternal Origin,Transition - Pyrimidine/Pyrimidine,T>C
60347841,rs1461178,CC,TT,CC,70,79,9,NC_000020.11,Mutation NB - Maternal Origin,Transition - Pyrimidine/Pyrimidine,T>C
61056978,rs62199151,CC,CC,TT,88,91,15,NC_000020.11,Mutation NB - Paternal Origin,Transition - Pyrimidine/Pyrimidine,Unsolved
61216486,rs11906985,GG,GG,GA,82,100,30,NC_000020.11,Mutation NB - Paternal Origin,Transition - Purine/Purine,Unsolved
61262501,rs73311200,GG,GG,AA,85,91,18,NC_000020.11,Mutation NB - Paternal Origin,Transition - Purine/Purine,Unsolved
61776533,rs4925280,TT,CC,TT,91,85,0,NC_000020.11,Mutation NB - Maternal Origin,Transition - Pyrimidine/Pyrimidine,C>T
62057216,.,CC,CC,CA,85,49,45,NC_000020.11,Mutation NB - Maternal Origin,Transversion - Purine/Pyrimidine,Unsolved
62057238,rs6089632,CC,CC,CT,100,49,65,NC_000020.11,Mutation NB - Maternal Origin,Transition - Pyrimidine/Pyrimidine,Unsolved
62338439,rs2151512,TT,CC,TT,82,76,0,NC_000020.11,Mutation NB - Maternal Origin,Transition - Pyrimidine/Pyrimidine,C>T
62572328,rs4577357,GG,TT,TT,91,88,9,NC_000020.11,Mutation NB - Paternal Origin,Transversion - Purine/Pyrimidine,G>T
62589031,rs28739502,AA,GG,AA,91,79,0,NC_000020.11,Mutation NB - Maternal Origin,Transition - Purine/Purine,G>A
63022703,rs6010811,TT,GG,GG,100,73,42,NC_000020.11,Mutation NB - Paternal Origin,Transversion - Purine/Pyrimidine,T>G
63106815,rs6090241,GG,AA,GG,85,85,0,NC_000020.11,Mutation NB - Maternal Origin,Transition - Purine/Purine,A>G
63238723,rs744590,TT,CC,CC,88,88,0,NC_000020.11,Mutation NB - Paternal Origin,Transition - Pyrimidine/Pyrimidine,T>C
63321623,rs77972714,CC,CC,CG,100,76,98,NC_000020.11,Mutation NB - Maternal Origin,Transversion - Purine/Pyrimidine,Unsolved
17369438,rs9981375,TA,AA,TT,25,88,0,NC_000021.9,Mutation NB - Maternal Origin,Transversion - Purine/Pyrimidine,A>T
17369460,rs9977838,GA,AA,GG,25,88,0,NC_000021.9,Mutation NB - Maternal Origin,Transition - Purine/Purine,A>G
17999895,rs158077,TT,GG,TT,73,88,12,NC_000021.9,Mutation NB - Maternal Origin,Transversion - Purine/Pyrimidine,G>T
18713129,rs2225413,CC,CC,CT,82,100,99,NC_000021.9,Mutation NB - Paternal Origin,Transition - Pyrimidine/Pyrimidine,Unsolved
19477454,.,TT,TT,TC,82,76,44,NC_000021.9,Mutation NB - Maternal Origin,Transition - Pyrimidine/Pyrimidine,Unsolved
19477460,rs62212579,AA,AA,AG,82,100,99,NC_000021.9,Mutation NB - Paternal Origin,Transition - Purine/Purine,Unsolved
21211666,.,AA,AA,AG,82,64,50,NC_000021.9,Mutation NB - Maternal Origin,Transition - Purine/Purine,Unsolved
23251566,rs2827992,CC,TT,TT,100,76,12,NC_000021.9,Mutation NB - Paternal Origin,Transition - Pyrimidine/Pyrimidine,C>T
25892213,rs113878877,AA,AA,AG,100,73,99,NC_000021.9,Mutation NB - Maternal Origin,Transition - Purine/Purine,Unsolved
26420430,rs4817114,TT,GG,TT,85,100,18,NC_000021.9,Mutation NB - Maternal Origin,Transversion - Purine/Pyrimidine,G>T
26420443,rs4817115,GG,AA,GG,85,100,18,NC_000021.9,Mutation NB - Maternal Origin,Transition - Purine/Purine,A>G
28196880,rs7277546,CC,TT,CC,88,88,0,NC_000021.9,Mutation NB - Maternal Origin,Transition - Pyrimidine/Pyrimidine,T>C
28493418,rs2831861,TT,CT,CC,91,33,12,NC_000021.9,Mutation NB - Paternal Origin,Transition - Pyrimidine/Pyrimidine,T>C
31750262,rs16988471,AA,AA,AC,100,73,99,NC_000021.9,Mutation NB - Maternal Origin,Transversion - Purine/Pyrimidine,Unsolved
33116215,rs11700973,CC,CC,CG,85,100,56,NC_000021.9,Mutation NB - Paternal Origin,Transversion - Purine/Pyrimidine,Unsolved
33134427,rs933121,TT,AA,AA,100,88,18,NC_000021.9,Mutation NB - Paternal Origin,Transversion - Purine/Pyrimidine,T>A
33134458,rs933122,AA,TT,TT,100,88,18,NC_000021.9,Mutation NB - Paternal Origin,Transversion - Purine/Pyrimidine,A>T
33857632,rs9984660,TT,CC,CC,85,55,36,NC_000021.9,Mutation NB - Paternal Origin,Transition - Pyrimidine/Pyrimidine,T>C
33863243,rs11910140,GA,GG,AA,67,58,15,NC_000021.9,Mutation NB - Maternal Origin,Transition - Purine/Purine,G>A
34872301,rs73201074,AA,CC,CC,82,82,0,NC_000021.9,Mutation NB - Paternal Origin,Transversion - Purine/Pyrimidine,A>C
36132604,.,AA,AA,AG,88,76,61,NC_000021.9,Mutation NB - Maternal Origin,Transition - Purine/Purine,Unsolved
36446773,rs8134233,AA,AA,AG,91,76,99,NC_000021.9,Mutation NB - Maternal Origin,Transition - Purine/Purine,Unsolved
36554928,rs448659,CC,TT,TT,100,67,33,NC_000021.9,Mutation NB - Paternal Origin,Transition - Pyrimidine/Pyrimidine,C>T
37552214,rs2835807,GG,GG,GC,100,70,99,NC_000021.9,Mutation NB - Maternal Origin,Transition - Purine/Purine,Transversion - Purine/Pyrimidine,Unsolved
37831718,.,TT,TT,TG,82,76,62,NC_000021.9,Mutation NB - Maternal Origin,Transition - Pyrimidine/Pyrimidine,Transversion - Purine/Pyrimidine,Unsolved
39390692,rs375240839,TT,TT,TC,79,70,53,NC_000021.9,Mutation NB - Maternal Origin,Transition - Pyrimidine/Pyrimidine,Unsolved
41209521,rs746064,GG,AA,AA,100,76,24,NC_000021.9,Mutation NB - Paternal Origin,Transition - Purine/Purine,G>A
41847151,rs2277793,CC,TT,TT,91,82,18,NC_000021.9,Mutation NB - Paternal Origin,Transition - Pyrimidine/Pyrimidine,C>T
42383303,rs8129105,CC,TT,TT,91,91,0,NC_000021.9,Mutation NB - Paternal Origin,Transition - Pyrimidine/Pyrimidine,C>T
43212317,rs74902529,TT,TT,TC,100,85,62,NC_000021.9,Mutation NB - Maternal Origin,Transition - Pyrimidine/Pyrimidine,Unsolved
43324558,rs535757599,GG,GG,AA,91,91,9,NC_000021.9,Mutation NB - Paternal or Maternal,Transition - Purine/Purine,Unsolved
43747098,rs4819306,AA,AA,GA,67,61,18,NC_000021.9,Mutation NB - Maternal Origin,Transition - Purine/Purine,Unsolved
43802355,.,AA,AA,AT,76,64,44,NC_000021.9,Mutation NB - Maternal Origin,Transversion - Purine/Pyrimidine,Unsolved
44666490,rs12481809,CC,TT,CC,88,91,15,NC_000021.9,Mutation NB - Maternal Origin,Transition - Pyrimidine/Pyrimidine,T>C
44666540,rs12483730,GG,AA,GG,88,91,15,NC_000021.9,Mutation NB - Maternal Origin,Transition - Purine/Purine,A>G
44930864,rs991340,AA,GG,GG,91,91,0,NC_000021.9,Mutation NB - Paternal Origin,Transition - Purine/Purine,A>G
45072355,rs2838769,GG,AA,GG,79,64,0,NC_000021.9,Mutation NB - Maternal Origin,Transition - Purine/Purine,A>G
45244989,rs2838832,GG,GG,GA,100,70,33,NC_000021.9,Mutation NB - Maternal Origin,Transition - Purine/Purine,Unsolved
45245040,rs4819046,CC,CC,CT,100,70,33,NC_000021.9,Mutation NB - Maternal Origin,Transition - Pyrimidine/Pyrimidine,Unsolved
45464881,rs114761147,CC,CC,CT,100,88,33,NC_000021.9,Mutation NB - Maternal Origin,Transition - Pyrimidine/Pyrimidine,Unsolved
45493056,rs2297289,AA,TT,TT,76,64,9,NC_000021.9,Mutation NB - Paternal Origin,Transversion - Purine/Pyrimidine,A>T
45979448,rs9974925,CC,TT,TT,76,76,15,NC_000021.9,Mutation NB - Paternal Origin,Transition - Pyrimidine/Pyrimidine,C>T
46279686,rs17182643,CC,CC,CT,100,76,99,NC_000021.9,Mutation NB - Maternal Origin,Transition - Pyrimidine/Pyrimidine,Unsolved
46421404,rs77912328,CC,CC,CT,100,58,99,NC_000021.9,Mutation NB - Maternal Origin,Transition - Pyrimidine/Pyrimidine,Unsolved
46432668,rs2300561,AA,GG,GG,100,85,36,NC_000021.9,Mutation NB - Paternal Origin,Transition - Purine/Purine,A>G
19132032,rs45604134,CC,CC,CT,100,76,99,NC_000022.11,Mutation NB - Maternal Origin,Transition - Pyrimidine/Pyrimidine,Unsolved
19166204,rs1206470,TT,AT,AA,88,67,0,NC_000022.11,Mutation NB - Paternal Origin,Transversion - Purine/Pyrimidine,T>A
19853978,rs35169076,TT,TT,TC,100,88,99,NC_000022.11,Mutation NB - Maternal Origin,Transition - Pyrimidine/Pyrimidine,Unsolved
19871211,rs56291622,CC,CC,CT,100,76,27,NC_000022.11,Mutation NB - Maternal Origin,Transition - Pyrimidine/Pyrimidine,Unsolved
19970236,rs9332384,CC,GG,CC,85,49,15,NC_000022.11,Mutation NB - Maternal Origin,Transversion - Purine/Pyrimidine,G>C
20132189,rs9606258,AA,GG,AA,61,76,0,NC_000022.11,Mutation NB - Maternal Origin,Transition - Purine/Purine,G>A
20175098,rs737826,GA,GG,AA,67,88,9,NC_000022.11,Mutation NB - Maternal Origin,Transition - Purine/Purine,G>A
20208927,rs67477750,AA,GG,GG,85,70,18,NC_000022.11,Mutation NB - Paternal Origin,Transition - Purine/Purine,A>G
20537281,rs2269831,AA,GG,AA,82,91,12,NC_000022.11,Mutation NB - Maternal Origin,Transition - Purine/Purine,G>A
20804279,.,TT,TT,TC,73,73,50,NC_000022.11,Mutation NB - Paternal or Maternal,Transition - Pyrimidine/Pyrimidine,Unsolved
20999862,rs186210017,GG,GG,GA,85,55,77,NC_000022.11,Mutation NB - Maternal Origin,Transition - Purine/Purine,Unsolved
21015165,rs71314758,AA,AA,AG,91,91,99,NC_000022.11,Mutation NB - Paternal or Maternal,Transition - Purine/Purine,Unsolved
21074234,rs421166,AA,GG,GG,82,67,24,NC_000022.11,Mutation NB - Paternal Origin,Transition - Purine/Purine,A>G
21624663,rs74736093,TT,TT,TC,100,70,95,NC_000022.11,Mutation NB - Maternal Origin,Transition - Pyrimidine/Pyrimidine,Unsolved
22186286,.,AA,AA,AG,55,70,53,NC_000022.11,Mutation NB - Paternal Origin,Transition - Purine/Purine,Unsolved
23016379,rs1204870652,GG,GG,GA,91,85,56,NC_000022.11,Mutation NB - Maternal Origin,Transition - Purine/Purine,Unsolved
23289636,rs62219796,TT,CC,TT,67,85,9,NC_000022.11,Mutation NB - Maternal Origin,Transition - Pyrimidine/Pyrimidine,C>T
24112762,rs117448407,GG,GG,GA,100,82,58,NC_000022.11,Mutation NB - Maternal Origin,Transition - Purine/Purine,Unsolved
24729033,rs738823,GG,GG,AG,85,67,99,NC_000022.11,Mutation NB - Maternal Origin,Transition - Purine/Purine,Unsolved
24776714,rs149061511,CC,CC,CT,100,64,99,NC_000022.11,Mutation NB - Maternal Origin,Transition - Pyrimidine/Pyrimidine,Unsolved
25178070,.,TT,TT,TC,91,85,71,NC_000022.11,Mutation NB - Maternal Origin,Transition - Pyrimidine/Pyrimidine,Unsolved
25954137,rs5997008,CC,CC,CT,73,100,27,NC_000022.11,Mutation NB - Paternal Origin,Transition - Pyrimidine/Pyrimidine,Unsolved
25998621,rs8139267,CC,CC,CT,100,100,54,NC_000022.11,Mutation NB - Paternal or Maternal,Transition - Pyrimidine/Pyrimidine,Unsolved
26931043,.,TT,TT,TC,88,79,46,NC_000022.11,Mutation NB - Maternal Origin,Transition - Pyrimidine/Pyrimidine,Unsolved
27473157,rs4822886,GG,AA,AA,82,88,12,NC_000022.11,Mutation NB - Paternal Origin,Transition - Purine/Purine,G>A
27667628,rs12484986,TT,CC,TT,88,82,9,NC_000022.11,Mutation NB - Maternal Origin,Transition - Pyrimidine/Pyrimidine,C>T
30386084,rs1933594915,TT,TT,TG,79,73,62,NC_000022.11,Mutation NB - Maternal Origin,Transition - Pyrimidine/Pyrimidine,Transversion - Purine/Pyrimidine,Unsolved
32210144,rs55962192,GG,GG,AA,91,100,9,NC_000022.11,Mutation NB - Paternal Origin,Transition - Purine/Purine,Unsolved
33440247,rs5998943,TT,CC,CC,100,76,24,NC_000022.11,Mutation NB - Paternal Origin,Transition - Pyrimidine/Pyrimidine,T>C
34225138,rs113073031,CC,CC,CT,64,70,39,NC_000022.11,Mutation NB - Paternal Origin,Transition - Pyrimidine/Pyrimidine,Unsolved
34380892,rs11705596,GG,TG,TT,91,1,9,NC_000022.11,Mutation NB - Paternal Origin,Transversion - Purine/Pyrimidine,G>T
35154238,rs134271,GG,GG,GA,67,79,99,NC_000022.11,Mutation NB - Paternal Origin,Transition - Purine/Purine,Unsolved
36288308,rs2269529,TT,CC,TT,79,73,18,NC_000022.11,Mutation NB - Maternal Origin,Transition - Pyrimidine/Pyrimidine,C>T
36288312,rs2269530,CC,AA,CC,79,73,18,NC_000022.11,Mutation NB - Maternal Origin,Transversion - Purine/Pyrimidine,A>C
36761121,rs130566,CC,AC,AA,76,2,0,NC_000022.11,Mutation NB - Paternal Origin,Transversion - Purine/Pyrimidine,C>A
37028807,rs8141597,TT,TT,TC,100,100,97,NC_000022.11,Mutation NB - Paternal or Maternal,Transition - Pyrimidine/Pyrimidine,Unsolved
37032877,rs138240855,CC,CC,CG,91,64,99,NC_000022.11,Mutation NB - Maternal Origin,Transversion - Purine/Pyrimidine,Unsolved
37076815,rs855789,TT,TT,TC,100,85,68,NC_000022.11,Mutation NB - Maternal Origin,Transition - Pyrimidine/Pyrimidine,Unsolved
37128579,rs228942,TT,GG,GG,85,85,0,NC_000022.11,Mutation NB - Paternal Origin,Transversion - Purine/Pyrimidine,T>G
37136132,rs2281089,GG,AA,AA,91,49,27,NC_000022.11,Mutation NB - Paternal Origin,Transition - Purine/Purine,G>A
37373672,rs144139706,AA,GG,GG,82,73,15,NC_000022.11,Mutation NB - Paternal Origin,Transition - Purine/Purine,A>G
38345788,rs5750597,CC,CA,AA,100,38,12,NC_000022.11,Mutation NB - Paternal Origin,Transversion - Purine/Pyrimidine,C>A
39253898,rs35243573,GG,CC,GG,88,91,9,NC_000022.11,Mutation NB - Maternal Origin,Transversion - Purine/Pyrimidine,C>G
39604437,rs5757746,GG,GA,AA,91,28,12,NC_000022.11,Mutation NB - Paternal Origin,Transition - Purine/Purine,G>A
41584888,rs4481089,CC,TT,TT,85,67,0,NC_000022.11,Mutation NB - Paternal Origin,Transition - Pyrimidine/Pyrimidine,C>T
41939230,.,AA,AA,AG,85,82,43,NC_000022.11,Mutation NB - Maternal Origin,Transition - Purine/Purine,Unsolved
42339382,rs1569213273,TT,TT,TC,85,79,44,NC_000022.11,Mutation NB - Maternal Origin,Transition - Pyrimidine/Pyrimidine,Unsolved
43086640,.,AA,AA,AG,70,49,53,NC_000022.11,Mutation NB - Maternal Origin,Transition - Purine/Purine,Unsolved
43113611,rs1883263,AA,CC,CC,73,100,0,NC_000022.11,Mutation NB - Paternal Origin,Transversion - Purine/Pyrimidine,A>C
43270742,rs139036,TT,CC,CC,82,67,12,NC_000022.11,Mutation NB - Paternal Origin,Transition - Pyrimidine/Pyrimidine,T>C
43466007,.,TT,TT,TC,88,76,49,NC_000022.11,Mutation NB - Maternal Origin,Transition - Pyrimidine/Pyrimidine,Unsolved
44260701,rs135437,CT,TT,CC,67,88,9,NC_000022.11,Mutation NB - Maternal Origin,Transition - Pyrimidine/Pyrimidine,T>C
44391771,rs78392639,AA,AA,AG,100,73,62,NC_000022.11,Mutation NB - Maternal Origin,Transition - Purine/Purine,Unsolved
44732408,rs5764979,GG,CC,CC,100,70,21,NC_000022.11,Mutation NB - Paternal Origin,Transversion - Purine/Pyrimidine,G>C
45236228,rs11704685,GG,AA,GG,70,55,0,NC_000022.11,Mutation NB - Maternal Origin,Transition - Purine/Purine,A>G
45935151,rs28360507,CC,CC,CA,100,67,86,NC_000022.11,Mutation NB - Maternal Origin,Transversion - Purine/Pyrimidine,Unsolved
45964385,rs74458768,GG,GG,GA,100,85,97,NC_000022.11,Mutation NB - Maternal Origin,Transition - Purine/Purine,Unsolved
46551640,rs2072772,CT,TT,CC,1,67,0,NC_000022.11,Mutation NB - Maternal Origin,Transition - Pyrimidine/Pyrimidine,T>C
46991454,.,AA,AA,AG,73,73,50,NC_000022.11,Mutation NB - Paternal or Maternal,Transition - Purine/Purine,Unsolved
47192798,rs58169806,GG,CC,CC,91,91,0,NC_000022.11,Mutation NB - Paternal Origin,Transversion - Purine/Pyrimidine,G>C
47208197,rs5767587,CC,TT,CC,88,67,27,NC_000022.11,Mutation NB - Maternal Origin,Transition - Pyrimidine/Pyrimidine,T>C
47461546,rs135450,CC,TT,TT,82,85,9,NC_000022.11,Mutation NB - Paternal Origin,Transition - Pyrimidine/Pyrimidine,C>T
48484815,rs73431801,TT,CC,TT,85,88,0,NC_000022.11,Mutation NB - Maternal Origin,Transition - Pyrimidine/Pyrimidine,C>T
48564597,rs5767194,AA,GG,GG,100,52,15,NC_000022.11,Mutation NB - Paternal Origin,Transition - Purine/Purine,A>G
48752077,rs76388026,CC,CC,CT,100,73,99,NC_000022.11,Mutation NB - Maternal Origin,Transition - Pyrimidine/Pyrimidine,Unsolved
48974942,rs5770635,AA,GG,GG,100,82,18,NC_000022.11,Mutation NB - Paternal Origin,Transition - Purine/Purine,A>G
49152213,rs12329931,CC,CC,GC,73,91,99,NC_000022.11,Mutation NB - Paternal Origin,Transversion - Purine/Pyrimidine,Unsolved
49191214,rs713897,GG,CC,CC,88,76,12,NC_000022.11,Mutation NB - Paternal Origin,Transversion - Purine/Pyrimidine,G>C
49271513,.,AA,AA,AG,91,61,50,NC_000022.11,Mutation NB - Maternal Origin,Transition - Purine/Purine,Unsolved
49552575,rs135791,TT,CC,CC,85,82,6,NC_000022.11,Mutation NB - Paternal Origin,Transition - Pyrimidine/Pyrimidine,T>C
49718241,rs79596476,TT,TT,TC,100,73,33,NC_000022.11,Mutation NB - Maternal Origin,Transition - Pyrimidine/Pyrimidine,Unsolved
49755134,rs139830,CC,CC,AA,100,100,15,NC_000022.11,Mutation NB - Paternal or Maternal,Transversion - Purine/Pyrimidine,Unsolved
49761034,rs6009870,TT,TT,CC,100,100,24,NC_000022.11,Mutation NB - Paternal or Maternal,Transition - Pyrimidine/Pyrimidine,Unsolved
50063953,rs1401654868,AA,AA,CC,100,88,9,NC_000022.11,Mutation NB - Maternal Origin,Transversion - Purine/Pyrimidine,Unsolved
