973862,rs3829739,AA,AA,AG,73,100,99,NC_000001.11,Mutation NB - Paternal Origin,Transition - Purine/Purine,Unsolved
1922424,rs28680721,TT,TT,TC,79,91,68,NC_000001.11,Mutation NB - Paternal Origin,Transition - Pyrimidine/Pyrimidine,Unsolved
2069159,rs554292471,CC,CT,TT,61,1,33,NC_000001.11,Mutation NB - Paternal Origin,Transition - Pyrimidine/Pyrimidine,C>T
2441948,rs6669420,CC,CC,CA,73,100,21,NC_000001.11,Mutation NB - Paternal Origin,Transversion - Purine/Pyrimidine,Unsolved
2811239,rs10909880,CC,CC,CT,100,70,99,NC_000001.11,Mutation NB - Maternal Origin,Transition - Pyrimidine/Pyrimidine,Unsolved
3610954,.,AA,AA,AG,88,82,53,NC_000001.11,Mutation NB - Maternal Origin,Transition - Purine/Purine,Unsolved
3785016,rs57217928,CC,CC,GC,85,73,99,NC_000001.11,Mutation NB - Maternal Origin,Transversion - Purine/Pyrimidine,Unsolved
3870048,rs5013486,CC,CC,CT,100,91,65,NC_000001.11,Mutation NB - Maternal Origin,Transition - Pyrimidine/Pyrimidine,Unsolved
4027648,rs57920188,TT,TT,TG,88,88,99,NC_000001.11,Mutation NB - Paternal or Maternal,Transition - Pyrimidine/Pyrimidine,Transversion - Purine/Pyrimidine,Unsolved
4330229,rs625079,CC,TT,TT,67,64,0,NC_000001.11,Mutation NB - Paternal Origin,Transition - Pyrimidine/Pyrimidine,C>T
4519350,rs115548278,GG,GG,GA,85,73,51,NC_000001.11,Mutation NB - Maternal Origin,Transition - Purine/Purine,Unsolved
4625162,rs1107467,GG,GG,GA,85,100,99,NC_000001.11,Mutation NB - Paternal Origin,Transition - Purine/Purine,Unsolved
5821692,rs9661578,CC,CC,CT,100,88,99,NC_000001.11,Mutation NB - Maternal Origin,Transition - Pyrimidine/Pyrimidine,Unsolved
6796837,rs114335619,CT,CC,TT,73,91,9,NC_000001.11,Mutation NB - Maternal Origin,Transversion - Purine/Pyrimidine,C>T
7196258,rs13375090,TG,TT,GG,47,82,18,NC_000001.11,Mutation NB - Maternal Origin,Transversion - Purine/Pyrimidine,T>G
7496436,rs1750845,CC,CC,TC,34,82,5,NC_000001.11,Mutation NB - Paternal Origin,Transition - Pyrimidine/Pyrimidine,Unsolved
8349612,rs10864351,AA,CC,CC,28,55,0,NC_000001.11,Mutation NB - Paternal Origin,Transversion - Purine/Pyrimidine,A>C
9306959,rs114774166,GG,GG,GA,100,79,30,NC_000001.11,Mutation NB - Maternal Origin,Transition - Purine/Purine,Unsolved
10930764,rs2764890,GA,AA,GG,2,70,0,NC_000001.11,Mutation NB - Maternal Origin,Transition - Purine/Purine,A>G
11638584,.,AA,AA,AG,81,79,43,NC_000001.11,Mutation NB - Maternal Origin,Transition - Purine/Purine,Unsolved
11953770,rs6703931,TT,TT,TC,100,88,29,NC_000001.11,Mutation NB - Maternal Origin,Transition - Pyrimidine/Pyrimidine,Unsolved
12037511,rs11121850,CC,TT,CC,91,88,24,NC_000001.11,Mutation NB - Maternal Origin,Transition - Pyrimidine/Pyrimidine,T>C
12729362,rs7546011,TT,TT,TC,100,73,99,NC_000001.11,Mutation NB - Maternal Origin,Transition - Pyrimidine/Pyrimidine,Unsolved
12796833,rs1736770,AG,AA,GG,1,88,24,NC_000001.11,Mutation NB - Maternal Origin,Transition - Purine/Purine,A>G
13460537,rs10803324,GG,GG,GT,79,100,62,NC_000001.11,Mutation NB - Paternal Origin,Transversion - Purine/Pyrimidine,Unsolved
13712774,rs12026871,AA,CC,AA,79,91,18,NC_000001.11,Mutation NB - Maternal Origin,Transversion - Purine/Pyrimidine,C>A
14552420,rs1435748590,CC,CC,CT,76,82,56,NC_000001.11,Mutation NB - Paternal Origin,Transition - Pyrimidine/Pyrimidine,Unsolved
14638922,rs1680214067,TT,TT,TC,73,73,44,NC_000001.11,Mutation NB - Paternal or Maternal,Transition - Pyrimidine/Pyrimidine,Unsolved
15502209,rs4646068,TC,TT,CC,77,100,24,NC_000001.11,Mutation NB - Maternal Origin,Transition - Pyrimidine/Pyrimidine,T>C
16619942,rs2262202,CC,CC,CT,91,64,99,NC_000001.11,Mutation NB - Maternal Origin,Transition - Pyrimidine/Pyrimidine,Unsolved
17768774,rs4920634,GG,GG,GT,91,100,99,NC_000001.11,Mutation NB - Paternal Origin,Transversion - Purine/Pyrimidine,Unsolved
17964401,rs1211531,TG,GG,TT,1,64,0,NC_000001.11,Mutation NB - Maternal Origin,Transversion - Purine/Pyrimidine,G>T
18666059,rs736399,AA,AA,AG,100,79,65,NC_000001.11,Mutation NB - Maternal Origin,Transition - Purine/Purine,Unsolved
18835373,rs11261088,CC,TT,CC,91,91,0,NC_000001.11,Mutation NB - Maternal Origin,Transition - Pyrimidine/Pyrimidine,T>C
18861739,rs35217608,CC,CC,CT,76,82,99,NC_000001.11,Mutation NB - Paternal Origin,Transition - Pyrimidine/Pyrimidine,Unsolved
20683895,rs56662683,CC,CG,GG,88,1,54,NC_000001.11,Mutation NB - Paternal Origin,Transversion - Purine/Pyrimidine,C>G
20708615,rs6426644,CC,GG,GG,100,76,24,NC_000001.11,Mutation NB - Paternal Origin,Transversion - Purine/Pyrimidine,C>G
21266774,rs7540310,GG,GG,GA,100,85,29,NC_000001.11,Mutation NB - Maternal Origin,Transition - Purine/Purine,Unsolved
21814713,rs10917051,AA,CC,CC,100,82,33,NC_000001.11,Mutation NB - Paternal Origin,Transversion - Purine/Pyrimidine,A>C
22172106,rs2807368,GG,AA,GG,49,100,99,NC_000001.11,Mutation NB - Maternal Origin,Transition - Purine/Purine,A>G
22420411,rs10917228,GG,AA,AA,73,85,9,NC_000001.11,Mutation NB - Paternal Origin,Transition - Purine/Purine,G>A
23171359,rs533778,GA,GG,AA,73,85,12,NC_000001.11,Mutation NB - Maternal Origin,Transition - Purine/Purine,G>A
23210126,rs613395,CC,TC,TT,76,35,18,NC_000001.11,Mutation NB - Paternal Origin,Transition - Pyrimidine/Pyrimidine,C>T
24086284,rs4397608,AA,AA,AG,88,91,41,NC_000001.11,Mutation NB - Paternal Origin,Transition - Purine/Purine,Unsolved
24908617,rs962544,CC,TT,TT,73,85,0,NC_000001.11,Mutation NB - Paternal Origin,Transition - Pyrimidine/Pyrimidine,C>T
27274776,.,AA,AA,AG,73,79,68,NC_000001.11,Mutation NB - Paternal Origin,Transition - Purine/Purine,Unsolved
28206348,.,TT,TT,TC,70,76,99,NC_000001.11,Mutation NB - Paternal Origin,Transition - Pyrimidine/Pyrimidine,Unsolved
28889585,rs74065144,GG,GG,GA,100,55,99,NC_000001.11,Mutation NB - Maternal Origin,Transition - Purine/Purine,Unsolved
29135343,rs497853,CC,GC,GG,61,1,0,NC_000001.11,Mutation NB - Paternal Origin,Transversion - Purine/Pyrimidine,C>G
29406960,rs111466343,CC,CC,CT,91,91,99,NC_000001.11,Mutation NB - Paternal or Maternal,Transition - Pyrimidine/Pyrimidine,Unsolved
29449763,rs9426356,AA,GG,AA,85,91,0,NC_000001.11,Mutation NB - Maternal Origin,Transition - Purine/Purine,G>A
29640689,rs4949264,GG,GA,AA,100,1,9,NC_000001.11,Mutation NB - Paternal Origin,Transition - Purine/Purine,G>A
29670802,.,CC,CC,CG,91,88,52,NC_000001.11,Mutation NB - Maternal Origin,Transversion - Purine/Pyrimidine,Unsolved
29845906,rs10798897,AA,AA,GA,88,55,99,NC_000001.11,Mutation NB - Maternal Origin,Transition - Purine/Purine,Unsolved
30006149,rs452132,AA,AA,AG,88,100,99,NC_000001.11,Mutation NB - Paternal Origin,Transition - Purine/Purine,Unsolved
30124682,.,GG,GG,GA,79,85,59,NC_000001.11,Mutation NB - Paternal Origin,Transition - Purine/Purine,Unsolved
30267695,rs1830508,AA,AA,GG,100,100,18,NC_000001.11,Mutation NB - Paternal or Maternal,Transition - Purine/Purine,Unsolved
30268649,rs730842,TT,TT,AA,100,100,24,NC_000001.11,Mutation NB - Paternal or Maternal,Transition - Purine/Purine,Transversion - Purine/Pyrimidine,Unsolved
30268685,rs730839,TT,TT,CC,100,100,24,NC_000001.11,Mutation NB - Paternal or Maternal,Transition - Pyrimidine/Pyrimidine,Unsolved
31681163,rs2297684,CC,CC,CT,85,100,65,NC_000001.11,Mutation NB - Paternal Origin,Transition - Pyrimidine/Pyrimidine,Unsolved
37406384,rs2811620,CC,TT,CC,98,91,9,NC_000001.11,Mutation NB - Maternal Origin,Transition - Pyrimidine/Pyrimidine,T>C
38273412,rs2773159,AA,GG,GG,100,67,69,NC_000001.11,Mutation NB - Paternal Origin,Transition - Purine/Purine,A>G
38352002,rs115279019,AA,AA,AG,91,67,65,NC_000001.11,Mutation NB - Maternal Origin,Transition - Purine/Purine,Unsolved
38605533,rs2985773,GG,AG,AA,85,1,33,NC_000001.11,Mutation NB - Paternal Origin,Transition - Purine/Purine,G>A
40317936,rs80068944,GG,GA,AA,82,2,18,NC_000001.11,Mutation NB - Paternal Origin,Transition - Purine/Purine,G>A
41017656,rs77061292,CC,CC,CT,85,76,99,NC_000001.11,Mutation NB - Maternal Origin,Transition - Pyrimidine/Pyrimidine,Unsolved
43234469,rs2483688,AA,GG,GG,100,82,9,NC_000001.11,Mutation NB - Paternal Origin,Transition - Purine/Purine,A>G
43778195,rs7543520,CC,TC,TT,91,1,18,NC_000001.11,Mutation NB - Paternal Origin,Transition - Pyrimidine/Pyrimidine,C>T
44026233,rs72683987,CC,CC,CT,100,82,97,NC_000001.11,Mutation NB - Maternal Origin,Transition - Pyrimidine/Pyrimidine,Unsolved
47153138,rs114311331,CC,CT,TT,70,1,18,NC_000001.11,Mutation NB - Paternal Origin,Transition - Pyrimidine/Pyrimidine,C>T
53088030,rs1288400,AA,GG,AA,100,85,0,NC_000001.11,Mutation NB - Maternal Origin,Transition - Purine/Purine,G>A
53145934,rs1769320,GG,GG,AA,100,100,21,NC_000001.11,Mutation NB - Paternal or Maternal,Transition - Purine/Purine,Unsolved
53439309,rs1288599,TC,TT,CC,70,85,12,NC_000001.11,Mutation NB - Maternal Origin,Transition - Pyrimidine/Pyrimidine,T>C
53442625,rs10888791,AA,AA,AG,85,100,99,NC_000001.11,Mutation NB - Paternal Origin,Transition - Purine/Purine,Unsolved
53514716,rs41313369,CC,TT,CC,91,98,15,NC_000001.11,Mutation NB - Maternal Origin,Transition - Pyrimidine/Pyrimidine,T>C
53672879,rs2141081,CT,CC,TT,54,100,24,NC_000001.11,Mutation NB - Maternal Origin,Transversion - Purine/Pyrimidine,C>T
54448616,rs4268303,AA,AA,AG,100,82,15,NC_000001.11,Mutation NB - Maternal Origin,Transition - Purine/Purine,Unsolved
54448643,rs11206359,GG,GG,GA,100,85,56,NC_000001.11,Mutation NB - Maternal Origin,Transition - Purine/Purine,Unsolved
54743850,rs6703415,AA,AA,AT,100,73,99,NC_000001.11,Mutation NB - Maternal Origin,Transversion - Purine/Pyrimidine,Unsolved
54998441,rs1003768,AA,GG,AA,100,88,9,NC_000001.11,Mutation NB - Maternal Origin,Transition - Purine/Purine,G>A
57423772,rs7552354,CC,CC,CG,70,100,68,NC_000001.11,Mutation NB - Paternal Origin,Transversion - Purine/Pyrimidine,Unsolved
59327759,rs835375,CC,TC,TT,79,29,0,NC_000001.11,Mutation NB - Paternal Origin,Transition - Pyrimidine/Pyrimidine,C>T
62327778,.,TT,TT,TC,34,58,53,NC_000001.11,Mutation NB - Paternal Origin,Transition - Pyrimidine/Pyrimidine,Unsolved
65343619,rs4915688,CC,GG,GG,85,91,0,NC_000001.11,Mutation NB - Paternal Origin,Transversion - Purine/Pyrimidine,C>G
67558526,rs11209115,TT,TT,CT,91,79,24,NC_000001.11,Mutation NB - Maternal Origin,Transition - Pyrimidine/Pyrimidine,Unsolved
69374118,rs288935,GA,GG,AA,29,100,30,NC_000001.11,Mutation NB - Maternal Origin,Transition - Purine/Purine,G>A
71023307,rs2284361,TT,CC,CC,61,70,21,NC_000001.11,Mutation NB - Paternal Origin,Transition - Pyrimidine/Pyrimidine,T>C
72760645,rs11210053,GG,TT,GG,100,73,9,NC_000001.11,Mutation NB - Maternal Origin,Transition - Purine/Purine,Transversion - Purine/Pyrimidine,T>G
73152939,rs4633240,GG,CC,CC,88,88,36,NC_000001.11,Mutation NB - Paternal Origin,Transversion - Purine/Pyrimidine,G>C
73152946,rs4454488,AA,GG,GG,88,88,36,NC_000001.11,Mutation NB - Paternal Origin,Transition - Purine/Purine,A>G
76947736,.,AA,AA,AG,79,96,68,NC_000001.11,Mutation NB - Paternal Origin,Transition - Purine/Purine,Unsolved
76947758,rs555437558,AT,AA,TT,79,67,15,NC_000001.11,Mutation NB - Maternal Origin,Transversion - Purine/Pyrimidine,A>T
78258094,rs4650394,CA,CC,AA,1,100,45,NC_000001.11,Mutation NB - Maternal Origin,Transversion - Purine/Pyrimidine,C>A
83115989,rs323939,AA,GA,GG,88,32,0,NC_000001.11,Mutation NB - Paternal Origin,Transition - Purine/Purine,A>G
84274374,.,AA,AA,AG,64,58,50,NC_000001.11,Mutation NB - Maternal Origin,Transition - Purine/Purine,Unsolved
89964201,.,AA,AA,AG,88,82,62,NC_000001.11,Mutation NB - Maternal Origin,Transition - Purine/Purine,Unsolved
90670938,rs1159517,GG,AA,GG,85,76,9,NC_000001.11,Mutation NB - Maternal Origin,Transition - Purine/Purine,A>G
94821102,rs6676991,CA,AA,CC,1,58,0,NC_000001.11,Mutation NB - Maternal Origin,A>C
99705639,.,AA,AA,AG,88,46,59,NC_000001.11,Mutation NB - Maternal Origin,Transition - Purine/Purine,Unsolved
100713250,rs77760708,CC,CC,CT,85,100,62,NC_000001.11,Mutation NB - Paternal Origin,Transition - Pyrimidine/Pyrimidine,Unsolved
102121100,rs6577305,TT,CC,TT,73,55,60,NC_000001.11,Mutation NB - Maternal Origin,Transition - Pyrimidine/Pyrimidine,C>T
102852969,rs1648841206,GG,GG,GT,100,85,99,NC_000001.11,Mutation NB - Maternal Origin,Transversion - Purine/Pyrimidine,Unsolved
104217480,rs144445796,CC,CC,CT,100,82,99,NC_000001.11,Mutation NB - Maternal Origin,Transition - Pyrimidine/Pyrimidine,Unsolved
109067915,rs28715911,CC,CC,CT,100,55,99,NC_000001.11,Mutation NB - Maternal Origin,Transition - Pyrimidine/Pyrimidine,Unsolved
110734818,rs343615,TT,GG,GG,100,67,36,NC_000001.11,Mutation NB - Paternal Origin,Transversion - Purine/Pyrimidine,T>G
110734821,rs12046121,GG,GG,GA,100,64,99,NC_000001.11,Mutation NB - Maternal Origin,Transition - Purine/Purine,Unsolved
114061502,rs2358815,TT,CC,CC,88,82,24,NC_000001.11,Mutation NB - Paternal Origin,Transition - Pyrimidine/Pyrimidine,T>C
114088545,rs2774291,AG,AA,GG,1,100,18,NC_000001.11,Mutation NB - Maternal Origin,Transition - Purine/Purine,A>G
115695115,.,TT,TT,TC,85,76,53,NC_000001.11,Mutation NB - Maternal Origin,Transition - Pyrimidine/Pyrimidine,Unsolved
115703034,rs12402684,GG,GG,GC,88,91,33,NC_000001.11,Mutation NB - Paternal Origin,Transition - Purine/Purine,Transversion - Purine/Pyrimidine,Unsolved
119382841,rs2298027,GG,GA,AA,100,35,21,NC_000001.11,Mutation NB - Paternal Origin,Transition - Purine/Purine,G>A
125145981,rs1652581875,AA,AA,AG,85,64,44,NC_000001.11,Mutation NB - Maternal Origin,Transition - Purine/Purine,Unsolved
152912731,rs1224248286,TT,TT,TC,58,73,41,NC_000001.11,Mutation NB - Paternal Origin,Transition - Pyrimidine/Pyrimidine,Unsolved
153619294,rs9330299,TC,CC,TT,1,67,0,NC_000001.11,Mutation NB - Maternal Origin,Transversion - Purine/Pyrimidine,C>T
155166081,rs11264338,GG,AA,AA,91,58,66,NC_000001.11,Mutation NB - Paternal Origin,Transition - Purine/Purine,G>A
156232849,rs2736609,TT,CC,CC,70,85,0,NC_000001.11,Mutation NB - Paternal Origin,Transition - Pyrimidine/Pyrimidine,T>C
157161535,rs11264626,AA,AA,GG,100,91,15,NC_000001.11,Mutation NB - Maternal Origin,Transition - Purine/Purine,Unsolved
157176887,rs946578,CC,CC,CG,100,73,65,NC_000001.11,Mutation NB - Maternal Origin,Transversion - Purine/Pyrimidine,Unsolved
157748640,rs2275232,TT,TT,TG,91,100,65,NC_000001.11,Mutation NB - Paternal Origin,Transition - Pyrimidine/Pyrimidine,Transversion - Purine/Pyrimidine,Unsolved
160811980,.,TT,TT,TC,61,58,42,NC_000001.11,Mutation NB - Maternal Origin,Transition - Pyrimidine/Pyrimidine,Unsolved
160921763,rs11265523,GG,GA,AA,100,1,18,NC_000001.11,Mutation NB - Paternal Origin,Transition - Purine/Purine,G>A
162355579,rs34771279,GG,GG,GA,61,100,99,NC_000001.11,Mutation NB - Paternal Origin,Transition - Purine/Purine,Unsolved
162778235,rs1780007,AA,CC,AA,100,91,0,NC_000001.11,Mutation NB - Maternal Origin,Transversion - Purine/Pyrimidine,C>A
164428711,.,TT,TT,TC,67,52,70,NC_000001.11,Mutation NB - Maternal Origin,Transition - Pyrimidine/Pyrimidine,Unsolved
166147693,rs12031538,GG,GA,AA,91,67,9,NC_000001.11,Mutation NB - Paternal Origin,Transition - Purine/Purine,G>A
166730483,rs7545628,AT,TT,AA,35,76,0,NC_000001.11,Mutation NB - Maternal Origin,Transversion - Purine/Pyrimidine,T>A
167598162,rs1657139240,GG,GG,GA,85,82,53,NC_000001.11,Mutation NB - Maternal Origin,Transition - Purine/Purine,Unsolved
169401296,.,AA,AA,AG,82,70,56,NC_000001.11,Mutation NB - Maternal Origin,Transition - Purine/Purine,Unsolved
169662211,rs112961336,AA,GA,GG,85,82,15,NC_000001.11,Mutation NB - Paternal Origin,Transition - Purine/Purine,A>G
172894808,rs2157453,GA,GG,AA,1,100,75,NC_000001.11,Mutation NB - Maternal Origin,Transition - Purine/Purine,G>A
175553458,rs11579540,TT,TG,GG,82,1,18,NC_000001.11,Mutation NB - Paternal Origin,Transversion - Purine/Pyrimidine,T>G
177375699,rs12028782,GG,CG,CC,91,2,18,NC_000001.11,Mutation NB - Paternal Origin,Transversion - Purine/Pyrimidine,G>C
179024487,.,CC,CC,CG,73,79,39,NC_000001.11,Mutation NB - Paternal Origin,Transversion - Purine/Pyrimidine,Unsolved
183581302,rs370048375,GG,GG,GA,58,100,99,NC_000001.11,Mutation NB - Paternal Origin,Transition - Purine/Purine,Unsolved
183581306,rs1275212544,GG,GG,GA,58,89,99,NC_000001.11,Mutation NB - Paternal Origin,Transition - Purine/Purine,Unsolved
184220811,rs57882451,AA,AA,AG,82,100,99,NC_000001.11,Mutation NB - Paternal Origin,Transition - Purine/Purine,Unsolved
185324065,rs17641003,TT,CC,TT,85,85,15,NC_000001.11,Mutation NB - Maternal Origin,Transition - Pyrimidine/Pyrimidine,C>T
201938853,rs2819366,TT,TT,TC,100,91,41,NC_000001.11,Mutation NB - Maternal Origin,Transition - Pyrimidine/Pyrimidine,Unsolved
203955009,rs67555406,TC,TT,CC,1,88,24,NC_000001.11,Mutation NB - Maternal Origin,Transition - Pyrimidine/Pyrimidine,T>C
205366346,rs11240458,CC,GG,GG,100,79,24,NC_000001.11,Mutation NB - Paternal Origin,Transversion - Purine/Pyrimidine,C>G
205527475,rs45601536,TT,AA,TT,91,100,21,NC_000001.11,Mutation NB - Maternal Origin,Transversion - Purine/Pyrimidine,A>T
205661765,rs3761916,AA,GG,GG,100,85,24,NC_000001.11,Mutation NB - Paternal Origin,Transition - Purine/Purine,A>G
205795512,rs823156,GG,AA,AA,100,85,12,NC_000001.11,Mutation NB - Paternal Origin,Transition - Purine/Purine,G>A
208185219,.,CC,CC,CT,46,46,62,NC_000001.11,Mutation NB - Paternal or Maternal,Transition - Pyrimidine/Pyrimidine,Unsolved
212685106,rs906365,GG,AA,GG,91,85,33,NC_000001.11,Mutation NB - Maternal Origin,Transition - Purine/Purine,A>G
214621368,rs17023278,AA,AA,AG,88,100,99,NC_000001.11,Mutation NB - Paternal Origin,Transition - Purine/Purine,Unsolved
215754979,rs2820727,TT,CC,TT,91,100,9,NC_000001.11,Mutation NB - Maternal Origin,Transition - Pyrimidine/Pyrimidine,C>T
216285108,rs6695375,CT,TT,CC,67,91,0,NC_000001.11,Mutation NB - Maternal Origin,Transition - Pyrimidine/Pyrimidine,T>C
217136588,rs115242239,GG,GG,GA,70,100,99,NC_000001.11,Mutation NB - Paternal Origin,Transition - Purine/Purine,Unsolved
218633359,rs72742440,TT,CC,TT,88,91,0,NC_000001.11,Mutation NB - Maternal Origin,Transition - Pyrimidine/Pyrimidine,C>T
219112034,.,TT,TT,TC,70,76,65,NC_000001.11,Mutation NB - Paternal Origin,Transition - Pyrimidine/Pyrimidine,Unsolved
219753716,rs11118409,CC,CC,TC,83,91,99,NC_000001.11,Mutation NB - Paternal Origin,Transition - Pyrimidine/Pyrimidine,Unsolved
219817461,rs12082170,CC,TT,TT,88,88,27,NC_000001.11,Mutation NB - Paternal Origin,Transition - Pyrimidine/Pyrimidine,C>T
223764139,rs751128,TC,CC,TT,1,85,15,NC_000001.11,Mutation NB - Maternal Origin,Transversion - Purine/Pyrimidine,C>T
224736758,rs79808484,GG,GG,GA,58,100,99,NC_000001.11,Mutation NB - Paternal Origin,Transition - Purine/Purine,Unsolved
225824985,rs3753658,GG,GG,GT,91,100,26,NC_000001.11,Mutation NB - Paternal Origin,Transversion - Purine/Pyrimidine,Unsolved
225825016,rs3753659,TT,TT,TC,91,100,26,NC_000001.11,Mutation NB - Paternal Origin,Transition - Pyrimidine/Pyrimidine,Unsolved
227470762,rs146644675,GG,GA,AA,100,1,24,NC_000001.11,Mutation NB - Paternal Origin,Transition - Purine/Purine,G>A
227630269,.,TT,TT,TC,76,55,41,NC_000001.11,Mutation NB - Maternal Origin,Transition - Pyrimidine/Pyrimidine,Unsolved
227760776,.,TT,TT,TC,49,73,41,NC_000001.11,Mutation NB - Paternal Origin,Transition - Pyrimidine/Pyrimidine,Unsolved
228334717,.,TT,TT,TC,70,85,44,NC_000001.11,Mutation NB - Paternal Origin,Transition - Pyrimidine/Pyrimidine,Unsolved
228353736,rs883748,CT,CC,TT,70,100,12,NC_000001.11,Mutation NB - Maternal Origin,Transversion - Purine/Pyrimidine,C>T
228844014,rs3103805,AA,GG,AA,88,85,14,NC_000001.11,Mutation NB - Maternal Origin,Transition - Purine/Purine,G>A
229207926,rs58019265,AA,CC,AA,88,85,9,NC_000001.11,Mutation NB - Maternal Origin,Transversion - Purine/Pyrimidine,C>A
229257535,rs10916456,TC,TT,CC,24,100,39,NC_000001.11,Mutation NB - Maternal Origin,Transition - Pyrimidine/Pyrimidine,T>C
230202957,.,TT,TT,TC,76,70,41,NC_000001.11,Mutation NB - Maternal Origin,Transition - Pyrimidine/Pyrimidine,Unsolved
230203044,.,TT,TT,TC,79,91,59,NC_000001.11,Mutation NB - Paternal Origin,Transition - Pyrimidine/Pyrimidine,Unsolved
231210375,rs780256558,CC,CC,CT,82,58,50,NC_000001.11,Mutation NB - Maternal Origin,Transition - Pyrimidine/Pyrimidine,Unsolved
231446538,rs1769815,CC,CC,CT,100,91,65,NC_000001.11,Mutation NB - Maternal Origin,Transition - Pyrimidine/Pyrimidine,Unsolved
231446581,rs1765804,AA,AA,AG,100,91,65,NC_000001.11,Mutation NB - Maternal Origin,Transition - Purine/Purine,Unsolved
232746935,rs1447277639,CC,CC,CT,55,73,45,NC_000001.11,Mutation NB - Paternal Origin,Transition - Pyrimidine/Pyrimidine,Unsolved
234291870,rs593937,TC,CC,TT,38,79,0,NC_000001.11,Mutation NB - Maternal Origin,Transversion - Purine/Pyrimidine,C>T
235027992,rs28704543,CC,GG,CC,67,61,0,NC_000001.11,Mutation NB - Maternal Origin,Transversion - Purine/Pyrimidine,G>C
237814701,rs790888,GG,GG,GC,100,88,27,NC_000001.11,Mutation NB - Maternal Origin,Transition - Purine/Purine,Transversion - Purine/Pyrimidine,Unsolved
237865200,rs16835956,CC,CC,CT,70,100,99,NC_000001.11,Mutation NB - Paternal Origin,Transition - Pyrimidine/Pyrimidine,Unsolved
239297008,.,TT,TT,TA,64,64,50,NC_000001.11,Mutation NB - Paternal or Maternal,Transition - Pyrimidine/Pyrimidine,Transversion - Purine/Pyrimidine,Unsolved
240042757,rs1539199,GA,AA,GG,29,88,0,NC_000001.11,Mutation NB - Maternal Origin,Transition - Purine/Purine,A>G
245880412,rs12737156,TT,TT,TC,100,91,33,NC_000001.11,Mutation NB - Maternal Origin,Transition - Pyrimidine/Pyrimidine,Unsolved
246220304,rs968808208,AA,AA,AC,100,88,99,NC_000001.11,Mutation NB - Maternal Origin,Transversion - Purine/Pyrimidine,Unsolved
246220308,rs978804124,GG,GG,GC,82,88,99,NC_000001.11,Mutation NB - Paternal Origin,Transition - Purine/Purine,Transversion - Purine/Pyrimidine,Unsolved
246220313,rs1031687242,AA,AA,AC,82,88,99,NC_000001.11,Mutation NB - Paternal Origin,Transversion - Purine/Pyrimidine,Unsolved
246694333,rs3007408,GG,AA,GG,61,76,0,NC_000001.11,Mutation NB - Maternal Origin,Transition - Purine/Purine,A>G
246782719,rs4926457,GG,CC,CC,40,64,12,NC_000001.11,Mutation NB - Paternal Origin,Transversion - Purine/Pyrimidine,G>C
247184413,rs6660243,CC,CC,CG,91,100,65,NC_000001.11,Mutation NB - Paternal Origin,Transversion - Purine/Pyrimidine,Unsolved
562776,rs2724926,TT,CC,TT,46,82,0,NC_000002.12,Mutation NB - Maternal Origin,Transition - Pyrimidine/Pyrimidine,C>T
652247,rs7608050,GG,GG,GA,76,100,36,NC_000002.12,Mutation NB - Paternal Origin,Transition - Purine/Purine,Unsolved
652272,rs6760274,GG,GG,GA,76,100,33,NC_000002.12,Mutation NB - Paternal Origin,Transition - Purine/Purine,Unsolved
672745,rs34848618,TT,TC,CC,100,35,24,NC_000002.12,Mutation NB - Paternal Origin,Transition - Pyrimidine/Pyrimidine,T>C
927232,rs72490782,TT,TT,CT,82,88,99,NC_000002.12,Mutation NB - Paternal Origin,Transition - Pyrimidine/Pyrimidine,Unsolved
1738866,rs7589609,TT,CC,TT,91,100,15,NC_000002.12,Mutation NB - Maternal Origin,Transition - Pyrimidine/Pyrimidine,C>T
1738867,rs7580445,CC,AA,CC,91,100,15,NC_000002.12,Mutation NB - Maternal Origin,Transversion - Purine/Pyrimidine,A>C
2993404,.,TT,TT,TC,79,85,53,NC_000002.12,Mutation NB - Paternal Origin,Transition - Pyrimidine/Pyrimidine,Unsolved
3267456,.,AA,AA,AG,52,64,50,NC_000002.12,Mutation NB - Paternal Origin,Transition - Purine/Purine,Unsolved
3270179,rs2602754,TT,CC,CC,88,91,9,NC_000002.12,Mutation NB - Paternal Origin,Transition - Pyrimidine/Pyrimidine,T>C
4641186,rs13427490,CC,CC,CA,82,91,99,NC_000002.12,Mutation NB - Paternal Origin,Transversion - Purine/Pyrimidine,Unsolved
5471650,.,AA,AA,AG,55,25,53,NC_000002.12,Mutation NB - Maternal Origin,Transition - Purine/Purine,Unsolved
6173948,rs142444233,GG,GG,GA,70,85,99,NC_000002.12,Mutation NB - Paternal Origin,Transition - Purine/Purine,Unsolved
8302606,rs186975,GG,CC,GG,67,86,36,NC_000002.12,Mutation NB - Maternal Origin,Transversion - Purine/Pyrimidine,C>G
8302630,rs366385,AA,AA,AC,67,85,99,NC_000002.12,Mutation NB - Paternal Origin,Transversion - Purine/Pyrimidine,Unsolved
8395979,rs28637933,GG,TT,TT,85,67,18,NC_000002.12,Mutation NB - Paternal Origin,Transversion - Purine/Pyrimidine,G>T
8658434,rs75770618,CC,CC,CG,55,100,76,NC_000002.12,Mutation NB - Paternal Origin,Transversion - Purine/Pyrimidine,Unsolved
8658453,rs7606418,TT,TT,TC,55,100,83,NC_000002.12,Mutation NB - Paternal Origin,Transition - Pyrimidine/Pyrimidine,Unsolved
8658526,rs7606528,TT,TT,TG,55,100,99,NC_000002.12,Mutation NB - Paternal Origin,Transition - Pyrimidine/Pyrimidine,Transversion - Purine/Pyrimidine,Unsolved
9188647,rs7556775,CT,TT,CC,67,76,15,NC_000002.12,Mutation NB - Maternal Origin,Transition - Pyrimidine/Pyrimidine,T>C
9188674,rs16866946,CC,GG,CC,100,76,15,NC_000002.12,Mutation NB - Maternal Origin,Transversion - Purine/Pyrimidine,G>C
9188685,rs16866947,AG,GG,AA,67,76,15,NC_000002.12,Mutation NB - Maternal Origin,Transition - Purine/Purine,G>A
9240209,rs6758205,AA,GG,GG,82,88,21,NC_000002.12,Mutation NB - Paternal Origin,Transition - Purine/Purine,A>G
9283014,rs72773400,CC,TT,CC,85,95,39,NC_000002.12,Mutation NB - Maternal Origin,Transition - Pyrimidine/Pyrimidine,T>C
9477231,rs7584220,CC,CC,CT,91,100,65,NC_000002.12,Mutation NB - Paternal Origin,Transition - Pyrimidine/Pyrimidine,Unsolved
9665854,rs75645181,AA,AA,AG,88,100,99,NC_000002.12,Mutation NB - Paternal Origin,Transition - Purine/Purine,Unsolved
9995675,rs142658721,GG,GG,GT,85,100,88,NC_000002.12,Mutation NB - Paternal Origin,Transversion - Purine/Pyrimidine,Unsolved
10078519,rs13021733,TT,CT,CC,64,5,0,NC_000002.12,Mutation NB - Paternal Origin,Transition - Pyrimidine/Pyrimidine,T>C
10197359,rs78622053,GA,GG,AA,63,79,12,NC_000002.12,Mutation NB - Maternal Origin,Transition - Purine/Purine,G>A
10407975,rs10189719,AA,AG,GG,100,53,18,NC_000002.12,Mutation NB - Paternal Origin,Transition - Purine/Purine,A>G
10407981,rs12467741,CC,CC,CT,100,85,99,NC_000002.12,Mutation NB - Maternal Origin,Transition - Pyrimidine/Pyrimidine,Unsolved
10841335,rs62120278,CC,TT,CC,61,88,48,NC_000002.12,Mutation NB - Maternal Origin,Transition - Pyrimidine/Pyrimidine,T>C
10971020,rs12611688,CC,CC,CA,85,73,99,NC_000002.12,Mutation NB - Maternal Origin,Transversion - Purine/Pyrimidine,Unsolved
11023985,rs16857051,TT,CC,CC,91,82,36,NC_000002.12,Mutation NB - Paternal Origin,Transition - Pyrimidine/Pyrimidine,T>C
12200051,rs13388795,GG,GG,GA,100,79,99,NC_000002.12,Mutation NB - Maternal Origin,Transition - Purine/Purine,Unsolved
14183499,rs28412028,AA,AT,TT,100,11,24,NC_000002.12,Mutation NB - Paternal Origin,Transversion - Purine/Pyrimidine,A>T
16100913,rs28434042,CC,TT,CC,91,91,0,NC_000002.12,Mutation NB - Maternal Origin,Transition - Pyrimidine/Pyrimidine,T>C
16685227,rs115478559,AA,AT,TT,88,38,24,NC_000002.12,Mutation NB - Paternal Origin,Transversion - Purine/Pyrimidine,A>T
16818423,rs73217834,CC,CC,CT,73,91,99,NC_000002.12,Mutation NB - Paternal Origin,Transition - Pyrimidine/Pyrimidine,Unsolved
19349712,rs45611132,GG,GG,GA,100,91,27,NC_000002.12,Mutation NB - Maternal Origin,Transition - Purine/Purine,Unsolved
20936790,rs12710749,CC,AC,AA,58,1,33,NC_000002.12,Mutation NB - Paternal Origin,Transversion - Purine/Pyrimidine,C>A
24805617,rs12713396,GG,AA,GG,91,91,0,NC_000002.12,Mutation NB - Maternal Origin,Transition - Purine/Purine,A>G
26778552,.,TT,TT,TC,82,88,40,NC_000002.12,Mutation NB - Paternal Origin,Transition - Pyrimidine/Pyrimidine,Unsolved
28253682,rs72784748,CC,CC,CA,58,100,99,NC_000002.12,Mutation NB - Paternal Origin,Transversion - Purine/Pyrimidine,Unsolved
28934577,rs1473932901,AA,AA,AG,85,82,50,NC_000002.12,Mutation NB - Maternal Origin,Transition - Purine/Purine,Unsolved
29244602,rs11894279,TT,GT,GG,88,41,33,NC_000002.12,Mutation NB - Paternal Origin,Transversion - Purine/Pyrimidine,T>G
29251706,rs72790270,AA,AA,AG,100,73,62,NC_000002.12,Mutation NB - Maternal Origin,Transition - Purine/Purine,Unsolved
30455376,.,GG,GG,GA,86,58,43,NC_000002.12,Mutation NB - Maternal Origin,Transition - Purine/Purine,Unsolved
30732252,rs35481680,TT,GG,GG,88,64,15,NC_000002.12,Mutation NB - Paternal Origin,Transversion - Purine/Pyrimidine,T>G
30732256,rs2681678,GG,CC,CC,85,64,15,NC_000002.12,Mutation NB - Paternal Origin,Transversion - Purine/Pyrimidine,G>C
30950958,rs971709,GG,GG,AA,82,91,9,NC_000002.12,Mutation NB - Paternal Origin,Transition - Purine/Purine,Unsolved
31257629,rs597644,CC,CC,CA,100,100,99,NC_000002.12,Mutation NB - Paternal or Maternal,Transversion - Purine/Pyrimidine,Unsolved
32178817,.,TT,TT,TC,64,61,41,NC_000002.12,Mutation NB - Maternal Origin,Transition - Pyrimidine/Pyrimidine,Unsolved
32215799,rs212695,GG,TT,TT,85,79,12,NC_000002.12,Mutation NB - Paternal Origin,Transversion - Purine/Pyrimidine,G>T
34111544,rs62133669,TT,TT,CT,91,82,99,NC_000002.12,Mutation NB - Maternal Origin,Transition - Pyrimidine/Pyrimidine,Unsolved
37327362,.,TT,TT,TC,91,85,62,NC_000002.12,Mutation NB - Maternal Origin,Transition - Pyrimidine/Pyrimidine,Unsolved
38380293,rs6730201,GG,AA,AA,88,85,0,NC_000002.12,Mutation NB - Paternal Origin,Transition - Purine/Purine,G>A
41696000,.,TT,TT,TC,52,46,48,NC_000002.12,Mutation NB - Maternal Origin,Transition - Pyrimidine/Pyrimidine,Unsolved
42824191,rs1673705020,TT,TT,TC,58,58,41,NC_000002.12,Mutation NB - Paternal or Maternal,Transition - Pyrimidine/Pyrimidine,Unsolved
42864023,rs6727165,GC,CC,GG,38,79,0,NC_000002.12,Mutation NB - Maternal Origin,Transversion - Purine/Pyrimidine,C>G
45502064,.,AA,AA,AG,79,76,41,NC_000002.12,Mutation NB - Maternal Origin,Transition - Purine/Purine,Unsolved
46998597,rs1676467470,AA,AA,AG,82,79,44,NC_000002.12,Mutation NB - Maternal Origin,Transition - Purine/Purine,Unsolved
49665763,rs539804153,CC,CC,CA,88,100,59,NC_000002.12,Mutation NB - Paternal Origin,Transversion - Purine/Pyrimidine,Unsolved
49860359,.,TT,TT,TC,91,70,47,NC_000002.12,Mutation NB - Maternal Origin,Transition - Pyrimidine/Pyrimidine,Unsolved
51437193,rs1919416,TT,CT,CC,73,82,0,NC_000002.12,Mutation NB - Paternal Origin,Transition - Pyrimidine/Pyrimidine,T>C
58709622,rs17615120,AA,GG,GG,91,85,21,NC_000002.12,Mutation NB - Paternal Origin,Transition - Purine/Purine,A>G
65719434,rs12990354,AA,GG,GG,88,82,15,NC_000002.12,Mutation NB - Paternal Origin,Transition - Purine/Purine,A>G
65719460,rs13016586,CC,TC,TT,88,32,15,NC_000002.12,Mutation NB - Paternal Origin,Transition - Pyrimidine/Pyrimidine,C>T
66299134,rs6704551,GG,AA,AA,88,70,33,NC_000002.12,Mutation NB - Paternal Origin,Transition - Purine/Purine,G>A
66525424,rs62144057,CC,GG,CC,91,91,0,NC_000002.12,Mutation NB - Maternal Origin,Transversion - Purine/Pyrimidine,G>C
67606086,rs13025376,AA,CC,CC,100,82,12,NC_000002.12,Mutation NB - Paternal Origin,Transversion - Purine/Pyrimidine,A>C
68777120,.,AA,AA,AG,55,76,65,NC_000002.12,Mutation NB - Paternal Origin,Transition - Purine/Purine,Unsolved
70940011,rs6750310,TT,GG,GG,67,67,0,NC_000002.12,Mutation NB - Paternal Origin,Transversion - Purine/Pyrimidine,T>G
71251093,rs6750088,TT,TT,TA,70,100,59,NC_000002.12,Mutation NB - Paternal Origin,Transition - Pyrimidine/Pyrimidine,Transversion - Purine/Pyrimidine,Unsolved
71993435,rs4144821,AA,GA,GG,85,1,0,NC_000002.12,Mutation NB - Paternal Origin,Transition - Purine/Purine,A>G
72128389,rs7606254,CC,CC,CT,67,100,99,NC_000002.12,Mutation NB - Paternal Origin,Transition - Pyrimidine/Pyrimidine,Unsolved
72134831,rs2241057,AA,AA,AG,88,91,53,NC_000002.12,Mutation NB - Paternal Origin,Transition - Purine/Purine,Unsolved
76378865,rs908958,CG,GG,CC,41,79,0,NC_000002.12,Mutation NB - Maternal Origin,Transversion - Purine/Pyrimidine,G>C
76568992,rs72810871,TT,TT,TC,100,85,92,NC_000002.12,Mutation NB - Maternal Origin,Transition - Pyrimidine/Pyrimidine,Unsolved
79342774,.,TT,TT,TC,61,76,53,NC_000002.12,Mutation NB - Paternal Origin,Transition - Pyrimidine/Pyrimidine,Unsolved
80149059,rs11887750,TT,TT,TG,100,85,99,NC_000002.12,Mutation NB - Maternal Origin,Transition - Pyrimidine/Pyrimidine,Transversion - Purine/Pyrimidine,Unsolved
80815934,rs10182594,AC,CC,AA,1,76,0,NC_000002.12,Mutation NB - Maternal Origin,Transversion - Purine/Pyrimidine,C>A
88130412,rs3891700,GG,AA,GG,82,82,36,NC_000002.12,Mutation NB - Maternal Origin,Transition - Purine/Purine,A>G
88459095,rs72843967,GG,AA,AA,82,91,0,NC_000002.12,Mutation NB - Paternal Origin,Transition - Purine/Purine,G>A
90069431,rs1526069,GG,GG,GT,100,79,80,NC_000002.12,Mutation NB - Maternal Origin,Transversion - Purine/Pyrimidine,Unsolved
95007866,.,GG,GG,GA,52,58,71,NC_000002.12,Mutation NB - Paternal Origin,Transition - Purine/Purine,Unsolved
96138368,rs72825845,GG,GG,GA,88,100,90,NC_000002.12,Mutation NB - Paternal Origin,Transition - Purine/Purine,Unsolved
98920832,rs6739503,CC,AC,AA,91,1,0,NC_000002.12,Mutation NB - Paternal Origin,Transversion - Purine/Pyrimidine,C>A
100480594,rs1422074676,GG,GG,GA,91,88,99,NC_000002.12,Mutation NB - Maternal Origin,Transition - Purine/Purine,Unsolved
101328363,rs1234625599,AA,AA,AG,55,67,56,NC_000002.12,Mutation NB - Paternal Origin,Transition - Purine/Purine,Unsolved
101387659,.,AA,AA,AT,70,55,50,NC_000002.12,Mutation NB - Maternal Origin,Transversion - Purine/Pyrimidine,Unsolved
102120794,rs6736803,GA,AA,GG,12,88,33,NC_000002.12,Mutation NB - Maternal Origin,Transition - Purine/Purine,A>G
102120802,rs72820106,CC,CC,CG,67,88,99,NC_000002.12,Mutation NB - Paternal Origin,Transversion - Purine/Pyrimidine,Unsolved
105452544,rs62153388,GA,GG,AA,67,100,15,NC_000002.12,Mutation NB - Maternal Origin,Transition - Purine/Purine,G>A
105479257,rs7563316,CC,CC,CT,100,85,30,NC_000002.12,Mutation NB - Maternal Origin,Transition - Pyrimidine/Pyrimidine,Unsolved
105526550,rs2139111,GC,CC,GG,43,76,24,NC_000002.12,Mutation NB - Maternal Origin,Transversion - Purine/Pyrimidine,C>G
105526559,rs116590496,CC,GG,CC,67,76,24,NC_000002.12,Mutation NB - Maternal Origin,Transversion - Purine/Pyrimidine,G>C
105985712,rs2113858,AA,GG,GG,85,82,30,NC_000002.12,Mutation NB - Paternal Origin,Transition - Purine/Purine,A>G
108947472,.,TT,TT,TC,61,55,41,NC_000002.12,Mutation NB - Maternal Origin,Transition - Pyrimidine/Pyrimidine,Unsolved
109341923,.,AA,AA,AG,88,82,68,NC_000002.12,Mutation NB - Maternal Origin,Transition - Purine/Purine,Unsolved
109387785,rs576090388,CC,CC,CT,76,100,99,NC_000002.12,Mutation NB - Paternal Origin,Transition - Pyrimidine/Pyrimidine,Unsolved
109422601,rs72945397,GG,CG,CC,91,73,9,NC_000002.12,Mutation NB - Paternal Origin,Transversion - Purine/Pyrimidine,G>C
110806690,.,CC,CC,CA,85,91,47,NC_000002.12,Mutation NB - Paternal Origin,Transversion - Purine/Pyrimidine,Unsolved
113340350,.,TT,TT,TC,61,73,57,NC_000002.12,Mutation NB - Paternal Origin,Transition - Pyrimidine/Pyrimidine,Unsolved
116497271,rs11683338,GG,AA,GG,91,88,9,NC_000002.12,Mutation NB - Maternal Origin,Transition - Purine/Purine,A>G
119440195,rs75716989,GG,GG,GA,76,100,99,NC_000002.12,Mutation NB - Paternal Origin,Transition - Purine/Purine,Unsolved
120377799,rs10169628,AA,GG,GG,76,88,24,NC_000002.12,Mutation NB - Paternal Origin,Transition - Purine/Purine,A>G
120899530,rs166746,CC,CC,CG,76,100,99,NC_000002.12,Mutation NB - Paternal Origin,Transversion - Purine/Pyrimidine,Unsolved
123177446,rs6734319,GG,AA,GG,49,82,36,NC_000002.12,Mutation NB - Maternal Origin,Transition - Purine/Purine,A>G
123333905,rs1608940,GA,GG,AA,1,100,24,NC_000002.12,Mutation NB - Maternal Origin,Transition - Purine/Purine,G>A
123966137,rs1214048,TC,TT,CC,67,91,9,NC_000002.12,Mutation NB - Maternal Origin,Transition - Pyrimidine/Pyrimidine,T>C
124300932,rs116454786,TT,TT,TC,61,100,99,NC_000002.12,Mutation NB - Paternal Origin,Transition - Pyrimidine/Pyrimidine,Unsolved
126691413,rs2280238,AA,AA,GA,85,88,63,NC_000002.12,Mutation NB - Paternal Origin,Transition - Purine/Purine,Unsolved
127050540,rs12466912,GG,CG,CC,88,6,9,NC_000002.12,Mutation NB - Paternal Origin,Transversion - Purine/Pyrimidine,G>C
127050551,rs12466914,GG,CG,CC,88,6,9,NC_000002.12,Mutation NB - Paternal Origin,Transversion - Purine/Pyrimidine,G>C
129557437,rs12692097,CT,TT,CC,1,85,0,NC_000002.12,Mutation NB - Maternal Origin,Transition - Pyrimidine/Pyrimidine,T>C
134809581,rs11902999,TT,TT,TC,100,58,59,NC_000002.12,Mutation NB - Maternal Origin,Transition - Pyrimidine/Pyrimidine,Unsolved
136313615,rs72982118,TT,TT,TC,88,91,30,NC_000002.12,Mutation NB - Paternal Origin,Transition - Pyrimidine/Pyrimidine,Unsolved
137358861,rs4594503,TT,GG,GG,85,79,0,NC_000002.12,Mutation NB - Paternal Origin,Transversion - Purine/Pyrimidine,T>G
137716012,rs10186030,CC,CT,TT,79,11,72,NC_000002.12,Mutation NB - Paternal Origin,Transition - Pyrimidine/Pyrimidine,C>T
139018432,rs58924129,CC,CC,TC,55,91,99,NC_000002.12,Mutation NB - Paternal Origin,Transition - Pyrimidine/Pyrimidine,Unsolved
139018433,rs61502038,TT,TT,AT,55,91,99,NC_000002.12,Mutation NB - Paternal Origin,Transition - Pyrimidine/Pyrimidine,Transversion - Purine/Pyrimidine,Unsolved
140402091,rs73964214,CC,TT,CC,76,67,18,NC_000002.12,Mutation NB - Maternal Origin,Transition - Pyrimidine/Pyrimidine,T>C
142928987,rs77013148,GG,GG,GA,85,100,30,NC_000002.12,Mutation NB - Paternal Origin,Transition - Purine/Purine,Unsolved
147393145,.,TT,TT,TC,91,85,60,NC_000002.12,Mutation NB - Maternal Origin,Transition - Pyrimidine/Pyrimidine,Unsolved
150543501,rs1687234428,TT,TT,TC,88,91,72,NC_000002.12,Mutation NB - Paternal Origin,Transition - Pyrimidine/Pyrimidine,Unsolved
152032962,rs12616066,AT,TT,AA,38,79,0,NC_000002.12,Mutation NB - Maternal Origin,Transversion - Purine/Pyrimidine,T>A
152958576,rs4531882,TG,GG,TT,28,91,15,NC_000002.12,Mutation NB - Maternal Origin,Transversion - Purine/Pyrimidine,G>T
152958698,rs4619556,AG,GG,AA,76,88,30,NC_000002.12,Mutation NB - Maternal Origin,Transition - Purine/Purine,G>A
153267379,rs13010919,TT,GG,GG,82,82,39,NC_000002.12,Mutation NB - Paternal Origin,Transversion - Purine/Pyrimidine,T>G
159174085,rs10929936,TT,GG,TT,70,70,9,NC_000002.12,Mutation NB - Maternal Origin,Transversion - Purine/Pyrimidine,G>T
166005538,rs80312165,TT,TT,TC,76,100,65,NC_000002.12,Mutation NB - Paternal Origin,Transition - Pyrimidine/Pyrimidine,Unsolved
172587428,rs11902810,TT,TT,TC,100,73,99,NC_000002.12,Mutation NB - Maternal Origin,Transition - Pyrimidine/Pyrimidine,Unsolved
172614243,rs12476204,CC,CC,CT,100,82,99,NC_000002.12,Mutation NB - Maternal Origin,Transition - Pyrimidine/Pyrimidine,Unsolved
172629761,rs2606070,CC,CC,AC,88,88,99,NC_000002.12,Mutation NB - Paternal or Maternal,Transversion - Purine/Pyrimidine,Unsolved
173717454,rs558882599,TT,CC,CC,85,64,30,NC_000002.12,Mutation NB - Paternal Origin,Transition - Pyrimidine/Pyrimidine,T>C
173853564,rs13005687,AA,TT,TT,88,100,9,NC_000002.12,Mutation NB - Paternal Origin,Transversion - Purine/Pyrimidine,A>T
173963573,.,AA,AA,AG,88,91,33,NC_000002.12,Mutation NB - Paternal Origin,Transition - Purine/Purine,Unsolved
174601713,rs6756690,GG,AA,AA,100,73,45,NC_000002.12,Mutation NB - Paternal Origin,Transition - Purine/Purine,G>A
175733955,rs66900011,AA,AA,AG,91,100,30,NC_000002.12,Mutation NB - Paternal Origin,Transition - Purine/Purine,Unsolved
176466719,rs567442470,GG,GG,GA,88,88,99,NC_000002.12,Mutation NB - Paternal or Maternal,Transition - Purine/Purine,Unsolved
178792266,rs72647852,AA,AA,AC,85,100,99,NC_000002.12,Mutation NB - Paternal Origin,Transversion - Purine/Pyrimidine,Unsolved
185771356,rs2887762,AA,AA,AG,100,85,99,NC_000002.12,Mutation NB - Maternal Origin,Transition - Purine/Purine,Unsolved
190158909,rs72913451,CC,CC,CT,67,100,99,NC_000002.12,Mutation NB - Paternal Origin,Transition - Pyrimidine/Pyrimidine,Unsolved
192172064,rs2356957,CC,CT,TT,100,1,33,NC_000002.12,Mutation NB - Paternal Origin,Transition - Pyrimidine/Pyrimidine,C>T
193820172,rs1919640,CC,CC,GC,91,85,98,NC_000002.12,Mutation NB - Maternal Origin,Transversion - Purine/Pyrimidine,Unsolved
195516751,rs35785148,GG,GG,GA,73,100,99,NC_000002.12,Mutation NB - Paternal Origin,Transition - Purine/Purine,Unsolved
196022641,rs12473508,TT,AA,TT,85,73,9,NC_000002.12,Mutation NB - Maternal Origin,Transversion - Purine/Pyrimidine,A>T
196677423,.,AA,AA,AG,88,79,43,NC_000002.12,Mutation NB - Maternal Origin,Transition - Purine/Purine,Unsolved
196677434,.,TT,TT,TC,88,79,50,NC_000002.12,Mutation NB - Maternal Origin,Transition - Pyrimidine/Pyrimidine,Unsolved
200619254,rs6753463,GT,TT,GG,77,82,9,NC_000002.12,Mutation NB - Maternal Origin,Transversion - Purine/Pyrimidine,T>G
201122993,rs1246428247,GG,GG,GA,88,55,46,NC_000002.12,Mutation NB - Maternal Origin,Transition - Purine/Purine,Unsolved
208248691,rs1688069036,TT,TT,TC,88,82,39,NC_000002.12,Mutation NB - Maternal Origin,Transition - Pyrimidine/Pyrimidine,Unsolved
210394597,rs2370952,CG,GG,CC,1,73,0,NC_000002.12,Mutation NB - Maternal Origin,Transversion - Purine/Pyrimidine,G>C
215398983,rs2577298,AA,GG,AA,82,100,9,NC_000002.12,Mutation NB - Maternal Origin,Transition - Purine/Purine,G>A
218290058,rs992157,GA,GG,AA,29,85,18,NC_000002.12,Mutation NB - Maternal Origin,Transition - Purine/Purine,G>A
219111664,rs60498053,GG,GG,GC,43,100,79,NC_000002.12,Mutation NB - Paternal Origin,Transition - Purine/Purine,Transversion - Purine/Pyrimidine,Unsolved
219325544,.,TT,TT,TC,43,61,50,NC_000002.12,Mutation NB - Paternal Origin,Transition - Pyrimidine/Pyrimidine,Unsolved
219332485,rs2048737,TT,CC,TT,91,82,9,NC_000002.12,Mutation NB - Maternal Origin,Transition - Pyrimidine/Pyrimidine,C>T
219601477,rs620698,TT,GG,TT,76,99,42,NC_000002.12,Mutation NB - Maternal Origin,Transversion - Purine/Pyrimidine,G>T
220481534,rs55791301,CC,AA,CC,85,85,9,NC_000002.12,Mutation NB - Maternal Origin,Transversion - Purine/Pyrimidine,A>C
225003058,rs647915,CC,CC,CA,100,82,99,NC_000002.12,Mutation NB - Maternal Origin,Transversion - Purine/Pyrimidine,Unsolved
229891375,.,AA,AA,AG,58,76,44,NC_000002.12,Mutation NB - Paternal Origin,Transition - Purine/Purine,Unsolved
230590663,rs10933346,CC,CT,TT,88,32,21,NC_000002.12,Mutation NB - Paternal Origin,Transition - Pyrimidine/Pyrimidine,C>T
230590698,rs10933347,TT,TA,AA,88,42,21,NC_000002.12,Mutation NB - Paternal Origin,Transversion - Purine/Pyrimidine,T>A
232375033,rs2741311,CC,TT,CC,82,100,18,NC_000002.12,Mutation NB - Maternal Origin,Transition - Pyrimidine/Pyrimidine,T>C
233796100,rs759172,CC,GG,CC,79,100,12,NC_000002.12,Mutation NB - Maternal Origin,Transversion - Purine/Pyrimidine,G>C
233952992,rs10169266,AG,AA,GG,29,91,24,NC_000002.12,Mutation NB - Maternal Origin,Transition - Purine/Purine,A>G
234603594,rs13427094,GG,GA,AA,100,32,30,NC_000002.12,Mutation NB - Paternal Origin,Transition - Purine/Purine,G>A
235031472,rs6431331,CC,TT,CC,61,82,0,NC_000002.12,Mutation NB - Maternal Origin,Transition - Pyrimidine/Pyrimidine,T>C
235704141,rs539529566,CC,CC,CT,82,100,17,NC_000002.12,Mutation NB - Paternal Origin,Transition - Pyrimidine/Pyrimidine,Unsolved
235840631,rs12692180,GG,GG,AG,91,70,55,NC_000002.12,Mutation NB - Maternal Origin,Transition - Purine/Purine,Unsolved
236940303,rs7559244,CA,CC,AA,1,88,39,NC_000002.12,Mutation NB - Maternal Origin,Transversion - Purine/Pyrimidine,C>A
236940322,rs7559250,CT,CC,TT,1,88,39,NC_000002.12,Mutation NB - Maternal Origin,Transversion - Purine/Pyrimidine,C>T
237379157,rs36092870,CC,CC,CT,100,61,99,NC_000002.12,Mutation NB - Maternal Origin,Transition - Pyrimidine/Pyrimidine,Unsolved
237379219,rs34904623,CC,CC,CT,100,61,99,NC_000002.12,Mutation NB - Maternal Origin,Transition - Pyrimidine/Pyrimidine,Unsolved
238545221,rs13402441,GG,GG,GA,100,85,99,NC_000002.12,Mutation NB - Maternal Origin,Transition - Purine/Purine,Unsolved
240214620,rs72998775,AA,AG,GG,82,32,12,NC_000002.12,Mutation NB - Paternal Origin,Transition - Purine/Purine,A>G
240263152,.,TT,TT,TC,62,55,47,NC_000002.12,Mutation NB - Maternal Origin,Transition - Pyrimidine/Pyrimidine,Unsolved
240285117,rs7589471,GG,GG,GA,79,100,99,NC_000002.12,Mutation NB - Paternal Origin,Transition - Purine/Purine,Unsolved
240302072,rs145922604,TT,TT,TC,100,82,91,NC_000002.12,Mutation NB - Maternal Origin,Transition - Pyrimidine/Pyrimidine,Unsolved
240432119,rs6744696,GG,GG,GT,100,73,99,NC_000002.12,Mutation NB - Maternal Origin,Transversion - Purine/Pyrimidine,Unsolved
240568787,rs140598905,GG,GG,GC,88,100,62,NC_000002.12,Mutation NB - Paternal Origin,Transition - Purine/Purine,Transversion - Purine/Pyrimidine,Unsolved
240643703,.,AA,AA,AG,79,70,44,NC_000002.12,Mutation NB - Maternal Origin,Transition - Purine/Purine,Unsolved
240889150,.,TT,TT,TC,58,73,47,NC_000002.12,Mutation NB - Paternal Origin,Transition - Pyrimidine/Pyrimidine,Unsolved
241307450,rs62186419,CC,TT,CC,85,79,0,NC_000002.12,Mutation NB - Maternal Origin,Transition - Pyrimidine/Pyrimidine,T>C
241307460,rs62186420,TT,CC,TT,85,79,0,NC_000002.12,Mutation NB - Maternal Origin,Transition - Pyrimidine/Pyrimidine,C>T
967355,rs11921889,AA,GA,GG,85,9,0,NC_000003.12,Mutation NB - Paternal Origin,Transition - Purine/Purine,A>G
2353570,.,AA,AA,AG,67,79,47,NC_000003.12,Mutation NB - Paternal Origin,Transition - Purine/Purine,Unsolved
4098986,rs2675202,CC,TT,TT,100,76,12,NC_000003.12,Mutation NB - Paternal Origin,Transition - Pyrimidine/Pyrimidine,C>T
5664324,.,AA,AA,AC,79,76,68,NC_000003.12,Mutation NB - Maternal Origin,Transversion - Purine/Pyrimidine,Unsolved
6667091,rs2221111,GT,GG,TT,29,88,9,NC_000003.12,Mutation NB - Maternal Origin,Transversion - Purine/Pyrimidine,G>T
7906523,rs7626806,AA,GG,GG,91,79,21,NC_000003.12,Mutation NB - Paternal Origin,Transition - Purine/Purine,A>G
9727341,.,AA,AA,AG,61,73,47,NC_000003.12,Mutation NB - Paternal Origin,Transition - Purine/Purine,Unsolved
10163382,rs780279,CC,TT,TT,95,91,30,NC_000003.12,Mutation NB - Paternal Origin,Transition - Pyrimidine/Pyrimidine,C>T
10234479,rs708035,AA,TT,TT,85,79,0,NC_000003.12,Mutation NB - Paternal Origin,Transversion - Purine/Pyrimidine,A>T
10234570,.,GG,GG,GA,85,91,61,NC_000003.12,Mutation NB - Paternal Origin,Transition - Purine/Purine,Unsolved
10501266,rs76949847,CC,CC,CT,100,88,61,NC_000003.12,Mutation NB - Maternal Origin,Transition - Pyrimidine/Pyrimidine,Unsolved
10738912,rs184929,AA,GG,AA,76,73,0,NC_000003.12,Mutation NB - Maternal Origin,Transition - Purine/Purine,G>A
11493932,.,GG,GG,GA,82,85,53,NC_000003.12,Mutation NB - Paternal Origin,Transition - Purine/Purine,Unsolved
11647175,rs62245784,GG,GG,GA,100,79,99,NC_000003.12,Mutation NB - Maternal Origin,Transition - Purine/Purine,Unsolved
11790196,rs2291825,CC,GC,GG,82,70,9,NC_000003.12,Mutation NB - Paternal Origin,Transversion - Purine/Pyrimidine,C>G
12895352,rs2600325,CC,GG,CC,52,100,30,NC_000003.12,Mutation NB - Maternal Origin,Transversion - Purine/Pyrimidine,G>C
13004439,rs892272,CC,TT,CC,91,91,0,NC_000003.12,Mutation NB - Maternal Origin,Transition - Pyrimidine/Pyrimidine,T>C
13025035,rs2648701,CC,TT,CC,91,100,24,NC_000003.12,Mutation NB - Maternal Origin,Transition - Pyrimidine/Pyrimidine,T>C
14256907,rs62231959,AA,AG,GG,88,88,27,NC_000003.12,Mutation NB - Paternal Origin,Transition - Purine/Purine,A>G
14907761,rs9818644,TT,CC,TT,91,100,30,NC_000003.12,Mutation NB - Maternal Origin,Transition - Pyrimidine/Pyrimidine,C>T
16323110,rs567541,GG,AA,AA,73,79,0,NC_000003.12,Mutation NB - Paternal Origin,Transition - Purine/Purine,G>A
19938876,rs13081502,GA,GG,AA,41,91,63,NC_000003.12,Mutation NB - Maternal Origin,Transition - Purine/Purine,G>A
20180206,rs3913938,GG,AA,GG,67,52,15,NC_000003.12,Mutation NB - Maternal Origin,Transition - Purine/Purine,A>G
28959018,rs4680796,AA,AA,AC,100,91,71,NC_000003.12,Mutation NB - Maternal Origin,Transversion - Purine/Pyrimidine,Unsolved
31816880,rs4955207,CC,CC,CT,100,34,99,NC_000003.12,Mutation NB - Maternal Origin,Transition - Pyrimidine/Pyrimidine,Unsolved
33104873,rs4441606,GG,AA,GG,91,82,0,NC_000003.12,Mutation NB - Maternal Origin,Transition - Purine/Purine,A>G
33104875,rs11719213,TT,TT,CC,100,79,9,NC_000003.12,Mutation NB - Maternal Origin,Transition - Pyrimidine/Pyrimidine,Unsolved
33169835,rs9854123,GG,GG,GA,100,58,99,NC_000003.12,Mutation NB - Maternal Origin,Transition - Purine/Purine,Unsolved
33169856,rs56348148,GG,GG,GA,82,61,99,NC_000003.12,Mutation NB - Maternal Origin,Transition - Purine/Purine,Unsolved
33924361,rs9311037,CC,TC,TT,88,67,39,NC_000003.12,Mutation NB - Paternal Origin,Transition - Pyrimidine/Pyrimidine,C>T
37737200,.,AA,AA,AG,61,40,50,NC_000003.12,Mutation NB - Maternal Origin,Transition - Purine/Purine,Unsolved
38093187,.,AA,AA,AG,79,67,56,NC_000003.12,Mutation NB - Maternal Origin,Transition - Purine/Purine,Unsolved
38632117,.,TT,TT,TC,91,46,53,NC_000003.12,Mutation NB - Maternal Origin,Transition - Pyrimidine/Pyrimidine,Unsolved
39714479,rs113735989,CC,CC,CT,100,82,60,NC_000003.12,Mutation NB - Maternal Origin,Transition - Pyrimidine/Pyrimidine,Unsolved
41304909,rs12152412,AG,GG,AA,1,86,48,NC_000003.12,Mutation NB - Maternal Origin,Transition - Purine/Purine,G>A
41309405,rs56835559,GG,AG,AA,88,70,21,NC_000003.12,Mutation NB - Paternal Origin,Transition - Purine/Purine,G>A
42165240,rs4683333,GG,CC,GG,91,88,0,NC_000003.12,Mutation NB - Maternal Origin,Transversion - Purine/Pyrimidine,C>G
42979515,rs6773223,CG,CC,GG,70,100,18,NC_000003.12,Mutation NB - Maternal Origin,Transversion - Purine/Pyrimidine,C>G
43089772,.,TT,TT,TC,82,67,49,NC_000003.12,Mutation NB - Maternal Origin,Transition - Pyrimidine/Pyrimidine,Unsolved
43951193,rs4682923,GG,GG,AG,79,91,62,NC_000003.12,Mutation NB - Paternal Origin,Transition - Purine/Purine,Unsolved
44280846,rs996764,TT,CC,CC,100,82,24,NC_000003.12,Mutation NB - Paternal Origin,Transition - Pyrimidine/Pyrimidine,T>C
46683620,rs9810659,AG,GG,AA,1,82,0,NC_000003.12,Mutation NB - Maternal Origin,Transition - Purine/Purine,G>A
46683630,rs9868213,TG,GG,TT,1,82,0,NC_000003.12,Mutation NB - Maternal Origin,Transversion - Purine/Pyrimidine,G>T
46733920,rs12496832,GA,GG,AA,1,70,15,NC_000003.12,Mutation NB - Maternal Origin,Transition - Purine/Purine,G>A
46994245,rs749511,TT,TT,TG,91,64,99,NC_000003.12,Mutation NB - Maternal Origin,Transition - Pyrimidine/Pyrimidine,Transversion - Purine/Pyrimidine,Unsolved
49891300,.,TT,TT,TC,85,64,53,NC_000003.12,Mutation NB - Maternal Origin,Transition - Pyrimidine/Pyrimidine,Unsolved
54252725,rs9850014,CC,CG,GG,100,1,45,NC_000003.12,Mutation NB - Paternal Origin,Transversion - Purine/Pyrimidine,C>G
56934857,rs61382210,GG,GG,AA,100,67,30,NC_000003.12,Mutation NB - Maternal Origin,Transition - Purine/Purine,Unsolved
57448351,rs12494989,GG,CC,GG,82,100,24,NC_000003.12,Mutation NB - Maternal Origin,Transversion - Purine/Pyrimidine,C>G
57448352,rs12488495,GG,AA,GG,82,100,24,NC_000003.12,Mutation NB - Maternal Origin,Transition - Purine/Purine,A>G
58298781,rs62259315,TT,TT,TC,100,82,97,NC_000003.12,Mutation NB - Maternal Origin,Transition - Pyrimidine/Pyrimidine,Unsolved
58581608,rs77372721,GG,GG,GA,88,100,24,NC_000003.12,Mutation NB - Paternal Origin,Transition - Purine/Purine,Unsolved
58581866,rs67691350,TT,TT,TC,70,100,99,NC_000003.12,Mutation NB - Paternal Origin,Transition - Pyrimidine/Pyrimidine,Unsolved
59254770,rs12638242,AA,AC,CC,79,38,15,NC_000003.12,Mutation NB - Paternal Origin,Transversion - Purine/Pyrimidine,A>C
59451193,rs12639338,AA,GG,AA,82,79,0,NC_000003.12,Mutation NB - Maternal Origin,Transition - Purine/Purine,G>A
59698409,.,AA,AA,AG,55,73,41,NC_000003.12,Mutation NB - Paternal Origin,Transition - Purine/Purine,Unsolved
62995599,rs1221268867,TT,TT,TC,61,78,53,NC_000003.12,Mutation NB - Paternal Origin,Transition - Pyrimidine/Pyrimidine,Unsolved
62995661,rs1577868347,TT,TT,TC,61,37,53,NC_000003.12,Mutation NB - Maternal Origin,Transition - Pyrimidine/Pyrimidine,Unsolved
68174989,rs772003273,AA,AA,AG,55,79,59,NC_000003.12,Mutation NB - Paternal Origin,Transition - Purine/Purine,Unsolved
73443479,rs201121441,CC,CC,TT,100,100,14,NC_000003.12,Mutation NB - Paternal or Maternal,Transition - Pyrimidine/Pyrimidine,Unsolved
73821724,rs2323169,TA,TT,AA,1,100,24,NC_000003.12,Mutation NB - Maternal Origin,Transversion - Purine/Pyrimidine,T>A
74051984,rs67990588,AA,GG,AA,91,85,27,NC_000003.12,Mutation NB - Maternal Origin,Transition - Purine/Purine,G>A
74535531,rs9812449,CC,AA,AA,91,91,15,NC_000003.12,Mutation NB - Paternal Origin,Transversion - Purine/Pyrimidine,C>A
75137009,rs6770381,TT,CC,CC,91,73,21,NC_000003.12,Mutation NB - Paternal Origin,Transition - Pyrimidine/Pyrimidine,T>C
75250248,rs4677487,GA,GG,AA,1,85,12,NC_000003.12,Mutation NB - Maternal Origin,Transition - Purine/Purine,G>A
82375775,rs9855963,AA,AA,AG,85,73,99,NC_000003.12,Mutation NB - Maternal Origin,Transition - Purine/Purine,Unsolved
94498401,rs4428183,GG,AA,AA,79,82,0,NC_000003.12,Mutation NB - Paternal Origin,Transition - Purine/Purine,G>A
99651502,rs12487332,AA,AG,GG,73,1,30,NC_000003.12,Mutation NB - Paternal Origin,Transition - Purine/Purine,A>G
105345342,.,TT,TT,TC,64,70,53,NC_000003.12,Mutation NB - Paternal Origin,Transition - Pyrimidine/Pyrimidine,Unsolved
106523473,rs2590196,AA,AG,GG,100,46,9,NC_000003.12,Mutation NB - Paternal Origin,Transition - Purine/Purine,A>G
106908349,rs1399724,GG,AA,AA,79,76,9,NC_000003.12,Mutation NB - Paternal Origin,Transition - Purine/Purine,G>A
107408324,rs871211,GA,GG,AA,2,58,12,NC_000003.12,Mutation NB - Maternal Origin,Transition - Purine/Purine,G>A
118335107,rs1665969,GG,GG,AA,91,82,0,NC_000003.12,Mutation NB - Maternal Origin,Transition - Purine/Purine,Unsolved
120021697,.,GG,GG,GA,67,37,71,NC_000003.12,Mutation NB - Maternal Origin,Transition - Purine/Purine,Unsolved
123339071,rs531202615,TT,TT,TC,88,82,47,NC_000003.12,Mutation NB - Maternal Origin,Transition - Pyrimidine/Pyrimidine,Unsolved
124649498,rs2669917,AG,AA,GG,53,100,21,NC_000003.12,Mutation NB - Maternal Origin,Transition - Purine/Purine,A>G
126014682,rs2244835,GG,CC,GG,82,91,12,NC_000003.12,Mutation NB - Maternal Origin,Transversion - Purine/Pyrimidine,C>G
126570363,rs13078546,AA,GG,GG,76,85,0,NC_000003.12,Mutation NB - Paternal Origin,Transition - Purine/Purine,A>G
127084688,.,CC,CC,CA,79,76,55,NC_000003.12,Mutation NB - Maternal Origin,Transversion - Purine/Pyrimidine,Unsolved
127457851,rs10212239,TT,CC,TT,82,85,18,NC_000003.12,Mutation NB - Maternal Origin,Transition - Pyrimidine/Pyrimidine,C>T
127457853,rs78007488,TT,TT,TG,82,85,99,NC_000003.12,Mutation NB - Paternal Origin,Transition - Pyrimidine/Pyrimidine,Transversion - Purine/Pyrimidine,Unsolved
127675264,rs924527691,CT,TT,CC,83,78,0,NC_000003.12,Mutation NB - Maternal Origin,Transition - Pyrimidine/Pyrimidine,T>C
127995150,rs9849853,CC,CC,CT,91,100,27,NC_000003.12,Mutation NB - Paternal Origin,Transition - Pyrimidine/Pyrimidine,Unsolved
128050565,rs1473246,AA,GG,GG,91,91,0,NC_000003.12,Mutation NB - Paternal Origin,Transition - Purine/Purine,A>G
129577939,rs75404673,GG,GG,GA,100,88,30,NC_000003.12,Mutation NB - Maternal Origin,Transition - Purine/Purine,Unsolved
130491577,rs1567296,GG,GG,GA,100,58,99,NC_000003.12,Mutation NB - Maternal Origin,Transition - Purine/Purine,Unsolved
130491579,rs60132841,CC,CC,CT,100,58,99,NC_000003.12,Mutation NB - Maternal Origin,Transition - Pyrimidine/Pyrimidine,Unsolved
132968953,rs4854671,TT,TC,CC,85,63,9,NC_000003.12,Mutation NB - Paternal Origin,Transition - Pyrimidine/Pyrimidine,T>C
134957453,rs6439537,GG,AA,AA,88,100,30,NC_000003.12,Mutation NB - Paternal Origin,Transition - Purine/Purine,G>A
135335130,.,TT,TT,TC,70,79,42,NC_000003.12,Mutation NB - Paternal Origin,Transition - Pyrimidine/Pyrimidine,Unsolved
135916800,.,TT,TT,TC,73,70,62,NC_000003.12,Mutation NB - Maternal Origin,Transition - Pyrimidine/Pyrimidine,Unsolved
136236958,rs1153872,GG,AA,AA,100,91,15,NC_000003.12,Mutation NB - Paternal Origin,Transition - Purine/Purine,G>A
143095573,rs13321817,TT,TT,TC,88,100,97,NC_000003.12,Mutation NB - Paternal Origin,Transition - Pyrimidine/Pyrimidine,Unsolved
149572021,rs16862004,GA,GG,AA,1,100,30,NC_000003.12,Mutation NB - Maternal Origin,Transition - Purine/Purine,G>A
150687320,rs59341156,GG,GA,AA,100,67,9,NC_000003.12,Mutation NB - Paternal Origin,Transition - Purine/Purine,G>A
160025486,.,AA,AA,AG,79,88,44,NC_000003.12,Mutation NB - Paternal Origin,Transition - Purine/Purine,Unsolved
161978356,rs116512545,CC,TT,TT,82,67,21,NC_000003.12,Mutation NB - Paternal Origin,Transition - Pyrimidine/Pyrimidine,C>T
162600134,rs903262530,GG,GC,CC,64,1,18,NC_000003.12,Mutation NB - Paternal Origin,Transversion - Purine/Pyrimidine,G>C
164401944,rs112646613,AA,GG,AA,73,91,39,NC_000003.12,Mutation NB - Maternal Origin,Transition - Purine/Purine,G>A
173750952,rs1160538167,AA,AA,AG,61,70,56,NC_000003.12,Mutation NB - Paternal Origin,Transition - Purine/Purine,Unsolved
176794668,rs1481819743,AA,AA,AG,76,46,50,NC_000003.12,Mutation NB - Maternal Origin,Transition - Purine/Purine,Unsolved
177182292,rs1997394,TT,CC,CC,73,73,9,NC_000003.12,Mutation NB - Paternal Origin,Transition - Pyrimidine/Pyrimidine,T>C
180133177,rs73885417,GC,GG,CC,67,82,15,NC_000003.12,Mutation NB - Maternal Origin,Transversion - Purine/Pyrimidine,G>C
182572202,rs9290743,AA,TT,TT,76,73,9,NC_000003.12,Mutation NB - Paternal Origin,Transversion - Purine/Pyrimidine,A>T
183478838,.,AA,AA,AG,79,73,53,NC_000003.12,Mutation NB - Maternal Origin,Transition - Purine/Purine,Unsolved
184188266,.,CC,CC,CT,55,64,41,NC_000003.12,Mutation NB - Paternal Origin,Transition - Pyrimidine/Pyrimidine,Unsolved
184229376,rs9826243,GG,GG,GT,100,88,71,NC_000003.12,Mutation NB - Maternal Origin,Transversion - Purine/Pyrimidine,Unsolved
184229606,rs710444,GG,AA,GG,61,100,36,NC_000003.12,Mutation NB - Maternal Origin,Transition - Purine/Purine,A>G
184628651,rs115228086,AA,GG,GG,98,79,27,NC_000003.12,Mutation NB - Paternal Origin,Transition - Purine/Purine,A>G
185470085,rs59319531,GG,GT,TT,82,1,9,NC_000003.12,Mutation NB - Paternal Origin,Transversion - Purine/Pyrimidine,G>T
191404504,rs4677633,AA,AA,AG,85,100,33,NC_000003.12,Mutation NB - Paternal Origin,Transition - Purine/Purine,Unsolved
191653312,rs6768840,AA,TT,TT,85,79,30,NC_000003.12,Mutation NB - Paternal Origin,Transversion - Purine/Pyrimidine,A>T
192535543,rs7615521,GG,AA,AA,91,88,12,NC_000003.12,Mutation NB - Paternal Origin,Transition - Purine/Purine,G>A
192757816,rs1505448,CC,AA,AA,55,55,2,NC_000003.12,Mutation NB - Paternal Origin,Transversion - Purine/Pyrimidine,C>A
194985832,.,AA,AA,AG,58,61,47,NC_000003.12,Mutation NB - Paternal Origin,Transition - Purine/Purine,Unsolved
196066034,rs9852883,CC,AA,CC,82,73,15,NC_000003.12,Mutation NB - Maternal Origin,Transversion - Purine/Pyrimidine,A>C
196990685,.,CC,CC,CT,76,67,53,NC_000003.12,Mutation NB - Maternal Origin,Transition - Pyrimidine/Pyrimidine,Unsolved
628599,rs10031968,AA,CC,CC,88,76,33,NC_000004.12,Mutation NB - Paternal Origin,Transversion - Purine/Pyrimidine,A>C
628632,.,TT,TT,TC,88,76,50,NC_000004.12,Mutation NB - Maternal Origin,Transition - Pyrimidine/Pyrimidine,Unsolved
784588,rs3733356,GG,GG,GA,100,91,27,NC_000004.12,Mutation NB - Maternal Origin,Transition - Purine/Purine,Unsolved
1361563,rs74491073,CC,CC,CT,100,85,65,NC_000004.12,Mutation NB - Maternal Origin,Transition - Pyrimidine/Pyrimidine,Unsolved
1396704,.,TT,TT,TC,64,79,41,NC_000004.12,Mutation NB - Paternal Origin,Transition - Pyrimidine/Pyrimidine,Unsolved
1762687,rs28373714,GC,GG,CC,70,82,18,NC_000004.12,Mutation NB - Maternal Origin,Transversion - Purine/Pyrimidine,G>C
2033870,rs7377932,TT,CC,TT,85,91,0,NC_000004.12,Mutation NB - Maternal Origin,Transition - Pyrimidine/Pyrimidine,C>T
2450222,rs2239735,GG,AA,GG,91,100,30,NC_000004.12,Mutation NB - Maternal Origin,Transition - Purine/Purine,A>G
3733504,rs2857966,AA,AA,AG,100,82,56,NC_000004.12,Mutation NB - Maternal Origin,Transition - Purine/Purine,Unsolved
5215359,.,TT,TT,TC,85,85,57,NC_000004.12,Mutation NB - Paternal or Maternal,Transition - Pyrimidine/Pyrimidine,Unsolved
5767159,rs11939647,CC,TT,CC,67,100,72,NC_000004.12,Mutation NB - Maternal Origin,Transition - Pyrimidine/Pyrimidine,T>C
5936433,rs12640751,GG,GG,GT,85,91,56,NC_000004.12,Mutation NB - Paternal Origin,Transversion - Purine/Pyrimidine,Unsolved
5974457,rs78713401,GG,GG,GC,85,100,21,NC_000004.12,Mutation NB - Paternal Origin,Transition - Purine/Purine,Transversion - Purine/Pyrimidine,Unsolved
6047116,rs6837074,AA,GG,GG,88,91,0,NC_000004.12,Mutation NB - Paternal Origin,Transition - Purine/Purine,A>G
6278722,rs4689391,GA,GG,AA,5,79,24,NC_000004.12,Mutation NB - Maternal Origin,Transition - Purine/Purine,G>A
6597249,rs6857025,GG,GG,GA,100,61,99,NC_000004.12,Mutation NB - Maternal Origin,Transition - Purine/Purine,Unsolved
7330879,rs13142240,GG,AA,GG,73,88,39,NC_000004.12,Mutation NB - Maternal Origin,Transition - Purine/Purine,A>G
7631276,rs6824296,GG,GG,GC,82,88,33,NC_000004.12,Mutation NB - Paternal Origin,Transition - Purine/Purine,Transversion - Purine/Pyrimidine,Unsolved
8509820,rs6858542,CC,GG,GG,76,73,12,NC_000004.12,Mutation NB - Paternal Origin,Transversion - Purine/Pyrimidine,C>G
8509840,rs3103099,GG,AA,AA,76,76,12,NC_000004.12,Mutation NB - Paternal Origin,Transition - Purine/Purine,G>A
8607736,rs13104605,GG,CC,CC,82,91,0,NC_000004.12,Mutation NB - Paternal Origin,Transversion - Purine/Pyrimidine,G>C
10020435,rs12647117,TT,TT,TC,100,100,99,NC_000004.12,Mutation NB - Paternal or Maternal,Transition - Pyrimidine/Pyrimidine,Unsolved
10461487,rs11722522,AA,CC,AA,55,100,39,NC_000004.12,Mutation NB - Maternal Origin,Transversion - Purine/Pyrimidine,C>A
10978678,rs7670123,AA,AG,GG,100,5,27,NC_000004.12,Mutation NB - Paternal Origin,Transition - Purine/Purine,A>G
12675991,rs73092274,AA,GG,GG,91,82,72,NC_000004.12,Mutation NB - Paternal Origin,Transition - Purine/Purine,A>G
15132989,rs6449103,CC,AA,AA,91,100,9,NC_000004.12,Mutation NB - Paternal Origin,Transversion - Purine/Pyrimidine,C>A
15884587,rs560866040,AA,AA,AG,40,85,47,NC_000004.12,Mutation NB - Paternal Origin,Transition - Purine/Purine,Unsolved
17137736,rs12651694,GG,GG,GA,100,70,99,NC_000004.12,Mutation NB - Maternal Origin,Transition - Purine/Purine,Unsolved
17414478,rs6848623,CC,CC,TT,85,100,21,NC_000004.12,Mutation NB - Paternal Origin,Transition - Pyrimidine/Pyrimidine,Unsolved
25954404,rs28469550,TT,CC,TT,70,100,51,NC_000004.12,Mutation NB - Maternal Origin,Transition - Pyrimidine/Pyrimidine,C>T
25993650,rs13148227,GG,GG,GT,100,85,62,NC_000004.12,Mutation NB - Maternal Origin,Transversion - Purine/Pyrimidine,Unsolved
26029597,rs12498488,GG,CC,CC,88,85,0,NC_000004.12,Mutation NB - Paternal Origin,Transversion - Purine/Pyrimidine,G>C
28709074,rs34208776,TC,CC,TT,32,91,0,NC_000004.12,Mutation NB - Maternal Origin,Transversion - Purine/Pyrimidine,C>T
29706634,rs2310081,CC,CC,AC,91,85,99,NC_000004.12,Mutation NB - Maternal Origin,Transversion - Purine/Pyrimidine,Unsolved
29741522,rs11943733,TT,TC,CC,70,2,2,NC_000004.12,Mutation NB - Paternal Origin,Transition - Pyrimidine/Pyrimidine,T>C
32494681,rs11732748,TT,GG,GG,91,88,9,NC_000004.12,Mutation NB - Paternal Origin,Transversion - Purine/Pyrimidine,T>G
37673743,rs894936448,TT,TT,TC,49,67,44,NC_000004.12,Mutation NB - Paternal Origin,Transition - Pyrimidine/Pyrimidine,Unsolved
43752914,rs6847345,TT,CC,CC,91,100,18,NC_000004.12,Mutation NB - Paternal Origin,Transition - Pyrimidine/Pyrimidine,T>C
53104799,rs1366242141,CC,CC,CT,67,25,41,NC_000004.12,Mutation NB - Maternal Origin,Transition - Pyrimidine/Pyrimidine,Unsolved
56314450,rs11723379,CC,GG,GG,76,76,27,NC_000004.12,Mutation NB - Paternal Origin,Transversion - Purine/Pyrimidine,C>G
57653007,.,AA,AA,AG,64,70,46,NC_000004.12,Mutation NB - Paternal Origin,Transition - Purine/Purine,Unsolved
58102879,rs2169055,AA,AG,GG,100,1,99,NC_000004.12,Mutation NB - Paternal Origin,Transition - Purine/Purine,A>G
58109975,rs13128816,GA,GG,AA,38,82,66,NC_000004.12,Mutation NB - Maternal Origin,Transition - Purine/Purine,G>A
61816869,rs1194714602,AA,AA,AG,70,91,44,NC_000004.12,Mutation NB - Paternal Origin,Transition - Purine/Purine,Unsolved
62362277,rs10025813,CC,CC,TT,91,85,27,NC_000004.12,Mutation NB - Maternal Origin,Transition - Pyrimidine/Pyrimidine,Unsolved
62388420,rs10006858,GG,CC,GG,91,85,0,NC_000004.12,Mutation NB - Maternal Origin,Transversion - Purine/Pyrimidine,C>G
63460669,rs2090191,TT,TT,GT,88,37,99,NC_000004.12,Mutation NB - Maternal Origin,Transition - Pyrimidine/Pyrimidine,Transversion - Purine/Pyrimidine,Unsolved
64564179,rs1834370,AA,GG,AA,91,82,12,NC_000004.12,Mutation NB - Maternal Origin,Transition - Purine/Purine,G>A
65035136,rs7683347,AA,AA,AG,100,85,33,NC_000004.12,Mutation NB - Maternal Origin,Transition - Purine/Purine,Unsolved
71615010,rs73826780,AT,AA,TT,76,100,15,NC_000004.12,Mutation NB - Maternal Origin,Transversion - Purine/Pyrimidine,A>T
74382827,rs2367708,TT,CT,CC,91,3,0,NC_000004.12,Mutation NB - Paternal Origin,Transition - Pyrimidine/Pyrimidine,T>C
76260880,rs2904221,CC,CC,TC,88,91,0,NC_000004.12,Mutation NB - Paternal Origin,Transition - Pyrimidine/Pyrimidine,Unsolved
78284545,rs12504081,TA,AA,TT,38,67,0,NC_000004.12,Mutation NB - Maternal Origin,Transversion - Purine/Pyrimidine,A>T
78775095,rs72659092,CC,CC,CT,64,91,62,NC_000004.12,Mutation NB - Paternal Origin,Transition - Pyrimidine/Pyrimidine,Unsolved
82404695,rs13125973,GG,TT,GG,91,79,0,NC_000004.12,Mutation NB - Maternal Origin,Transition - Purine/Purine,Transversion - Purine/Pyrimidine,T>G
82614251,rs1965430,CC,AA,CC,79,100,33,NC_000004.12,Mutation NB - Maternal Origin,Transversion - Purine/Pyrimidine,A>C
84051251,rs72660830,GA,GG,AA,1,85,18,NC_000004.12,Mutation NB - Maternal Origin,Transition - Purine/Purine,G>A
85195747,rs11726403,AA,AA,CC,100,88,18,NC_000004.12,Mutation NB - Maternal Origin,Transversion - Purine/Pyrimidine,Unsolved
85283234,rs57977252,CA,CC,AA,32,100,9,NC_000004.12,Mutation NB - Maternal Origin,Transversion - Purine/Pyrimidine,C>A
85852958,rs11097078,TT,CT,CC,64,36,0,NC_000004.12,Mutation NB - Paternal Origin,Transition - Pyrimidine/Pyrimidine,T>C
86529195,.,TT,TT,TC,73,79,41,NC_000004.12,Mutation NB - Paternal Origin,Transition - Pyrimidine/Pyrimidine,Unsolved
91128147,rs6532278,CC,GG,GG,100,61,48,NC_000004.12,Mutation NB - Paternal Origin,Transversion - Purine/Pyrimidine,C>G
91181142,rs4552432,GG,TT,TT,85,82,39,NC_000004.12,Mutation NB - Paternal Origin,Transversion - Purine/Pyrimidine,G>T
94339534,rs724260,AA,GG,AA,85,91,18,NC_000004.12,Mutation NB - Maternal Origin,Transition - Purine/Purine,G>A
96398090,rs11732132,GG,CC,CC,67,79,9,NC_000004.12,Mutation NB - Paternal Origin,Transversion - Purine/Pyrimidine,G>C
96630024,rs7680300,CC,TT,TT,40,79,0,NC_000004.12,Mutation NB - Paternal Origin,Transition - Pyrimidine/Pyrimidine,C>T
100196559,rs145164319,AA,GG,GG,61,79,0,NC_000004.12,Mutation NB - Paternal Origin,Transition - Purine/Purine,A>G
100224587,rs4639080,AA,AA,TA,76,85,99,NC_000004.12,Mutation NB - Paternal Origin,Transversion - Purine/Pyrimidine,Unsolved
101141378,.,AA,AC,CC,91,73,9,NC_000004.12,Mutation NB - Paternal Origin,Transversion - Purine/Pyrimidine,A>C
101906009,.,AA,AA,AG,55,88,53,NC_000004.12,Mutation NB - Paternal Origin,Transition - Purine/Purine,Unsolved
104344622,rs1034671,CC,TC,TT,67,1,3,NC_000004.12,Mutation NB - Paternal Origin,Transition - Pyrimidine/Pyrimidine,C>T
105596842,rs10516519,CC,CC,CG,73,100,62,NC_000004.12,Mutation NB - Paternal Origin,Transversion - Purine/Pyrimidine,Unsolved
112357355,rs4834267,CC,TT,TT,85,79,18,NC_000004.12,Mutation NB - Paternal Origin,Transition - Pyrimidine/Pyrimidine,C>T
116260782,rs2087328,GG,AA,AA,91,88,0,NC_000004.12,Mutation NB - Paternal Origin,Transition - Purine/Purine,G>A
119781267,.,AA,AA,AG,37,52,62,NC_000004.12,Mutation NB - Paternal Origin,Transition - Purine/Purine,Unsolved
120772524,rs111357579,AG,AA,GG,35,91,9,NC_000004.12,Mutation NB - Maternal Origin,Transition - Purine/Purine,A>G
126843648,rs2102215,CC,TT,CC,91,76,9,NC_000004.12,Mutation NB - Maternal Origin,Transition - Pyrimidine/Pyrimidine,T>C
127542775,rs11730901,GG,GG,AA,85,85,21,NC_000004.12,Mutation NB - Paternal or Maternal,Transition - Purine/Purine,Unsolved
127559512,rs72916456,CC,CC,CT,88,79,65,NC_000004.12,Mutation NB - Maternal Origin,Transition - Pyrimidine/Pyrimidine,Unsolved
129897886,rs2391516,CC,TT,TT,76,85,9,NC_000004.12,Mutation NB - Paternal Origin,Transition - Pyrimidine/Pyrimidine,C>T
130633663,.,AA,AA,AC,70,73,44,NC_000004.12,Mutation NB - Paternal Origin,Transversion - Purine/Pyrimidine,Unsolved
133682732,rs1395763,AA,AA,GG,79,82,12,NC_000004.12,Mutation NB - Paternal Origin,Transition - Purine/Purine,Unsolved
134277806,.,TT,TT,TC,67,52,47,NC_000004.12,Mutation NB - Maternal Origin,Transition - Pyrimidine/Pyrimidine,Unsolved
135111871,rs190099035,AA,AA,AG,91,85,56,NC_000004.12,Mutation NB - Maternal Origin,Transition - Purine/Purine,Unsolved
136749474,rs2406057,GA,GG,AA,1,73,15,NC_000004.12,Mutation NB - Maternal Origin,Transition - Purine/Purine,G>A
137000736,rs72710912,CC,TT,TT,88,91,9,NC_000004.12,Mutation NB - Paternal Origin,Transition - Pyrimidine/Pyrimidine,C>T
141690033,.,TT,TT,TC,91,70,55,NC_000004.12,Mutation NB - Maternal Origin,Transition - Pyrimidine/Pyrimidine,Unsolved
146047590,rs1019444574,CC,CC,CT,100,85,99,NC_000004.12,Mutation NB - Maternal Origin,Transition - Pyrimidine/Pyrimidine,Unsolved
146368523,.,TT,TT,TC,67,58,41,NC_000004.12,Mutation NB - Maternal Origin,Transition - Pyrimidine/Pyrimidine,Unsolved
147273889,rs6537465,AA,AA,GA,76,67,9,NC_000004.12,Mutation NB - Maternal Origin,Transition - Purine/Purine,Unsolved
148653515,rs72734095,TT,TC,CC,100,11,27,NC_000004.12,Mutation NB - Paternal Origin,Transition - Pyrimidine/Pyrimidine,T>C
150503468,rs2102276,TT,CC,TT,91,100,93,NC_000004.12,Mutation NB - Maternal Origin,Transition - Pyrimidine/Pyrimidine,C>T
151857859,rs361211,GG,AA,GG,76,100,24,NC_000004.12,Mutation NB - Maternal Origin,Transition - Purine/Purine,A>G
152128713,rs35289137,GG,GG,GA,85,100,56,NC_000004.12,Mutation NB - Paternal Origin,Transition - Purine/Purine,Unsolved
159663687,.,AA,AA,AG,55,49,50,NC_000004.12,Mutation NB - Maternal Origin,Transition - Purine/Purine,Unsolved
159878280,rs142566358,AA,AT,TT,73,1,30,NC_000004.12,Mutation NB - Paternal Origin,Transversion - Purine/Pyrimidine,A>T
160747014,rs10017232,AA,GG,GG,82,79,0,NC_000004.12,Mutation NB - Paternal Origin,Transition - Purine/Purine,A>G
161003762,rs13105399,CC,TT,CC,70,82,27,NC_000004.12,Mutation NB - Maternal Origin,Transition - Pyrimidine/Pyrimidine,T>C
164334045,rs75285812,TT,TT,TC,100,52,99,NC_000004.12,Mutation NB - Maternal Origin,Transition - Pyrimidine/Pyrimidine,Unsolved
166996381,rs728112,AA,GG,AA,70,73,18,NC_000004.12,Mutation NB - Maternal Origin,Transition - Purine/Purine,G>A
168399226,rs866492509,GG,GG,GA,70,55,43,NC_000004.12,Mutation NB - Maternal Origin,Transition - Purine/Purine,Unsolved
170127125,rs1600586,GG,TT,TT,100,67,63,NC_000004.12,Mutation NB - Paternal Origin,Transversion - Purine/Pyrimidine,G>T
170127133,rs1842441,CC,GG,GG,100,67,63,NC_000004.12,Mutation NB - Paternal Origin,Transversion - Purine/Pyrimidine,C>G
170510599,rs6848640,GG,AG,AA,88,1,24,NC_000004.12,Mutation NB - Paternal Origin,Transition - Purine/Purine,G>A
170510605,rs6823577,TT,CT,CC,88,1,24,NC_000004.12,Mutation NB - Paternal Origin,Transition - Pyrimidine/Pyrimidine,T>C
172369602,rs3903474,TT,CC,TT,79,100,18,NC_000004.12,Mutation NB - Maternal Origin,Transition - Pyrimidine/Pyrimidine,C>T
173457214,rs73872601,CC,TT,CC,88,91,12,NC_000004.12,Mutation NB - Maternal Origin,Transition - Pyrimidine/Pyrimidine,T>C
175134822,rs330534,TC,CC,TT,67,85,0,NC_000004.12,Mutation NB - Maternal Origin,Transversion - Purine/Pyrimidine,C>T
178977013,rs13102434,CC,TT,TT,82,82,15,NC_000004.12,Mutation NB - Paternal Origin,Transition - Pyrimidine/Pyrimidine,C>T
183069465,rs2714520,GA,GG,AA,44,58,18,NC_000004.12,Mutation NB - Maternal Origin,Transition - Purine/Purine,G>A
183544618,rs56114082,CC,CC,CT,73,100,99,NC_000004.12,Mutation NB - Paternal Origin,Transition - Pyrimidine/Pyrimidine,Unsolved
184114908,rs4862311,TT,CC,TT,79,100,15,NC_000004.12,Mutation NB - Maternal Origin,Transition - Pyrimidine/Pyrimidine,C>T
186158633,rs6833211,AA,GG,AA,76,91,57,NC_000004.12,Mutation NB - Maternal Origin,Transition - Purine/Purine,G>A
186740914,.,AA,AA,AG,40,70,44,NC_000004.12,Mutation NB - Paternal Origin,Transition - Purine/Purine,Unsolved
313647,rs2672767,GG,GA,AA,100,1,39,NC_000005.10,Mutation NB - Paternal Origin,Transition - Purine/Purine,G>A
1193812,rs62331274,GG,GG,GC,82,82,99,NC_000005.10,Mutation NB - Paternal or Maternal,Transition - Purine/Purine,Transversion - Purine/Pyrimidine,Unsolved
1247561,.,TT,TT,TC,85,79,47,NC_000005.10,Mutation NB - Maternal Origin,Transition - Pyrimidine/Pyrimidine,Unsolved
1270868,rs11742908,CC,CC,CG,100,85,99,NC_000005.10,Mutation NB - Maternal Origin,Transversion - Purine/Pyrimidine,Unsolved
1737530,rs11742644,TT,CC,CC,67,85,18,NC_000005.10,Mutation NB - Paternal Origin,Transition - Pyrimidine/Pyrimidine,T>C
1949417,rs7736516,CC,CC,CT,70,91,99,NC_000005.10,Mutation NB - Paternal Origin,Transition - Pyrimidine/Pyrimidine,Unsolved
2859239,rs923895,AA,GA,GG,76,5,30,NC_000005.10,Mutation NB - Paternal Origin,Transition - Purine/Purine,A>G
2859255,rs73039424,GG,GG,GA,100,70,99,NC_000005.10,Mutation NB - Maternal Origin,Transition - Purine/Purine,Unsolved
3024418,rs7727714,AA,TT,TT,91,76,36,NC_000005.10,Mutation NB - Paternal Origin,Transversion - Purine/Pyrimidine,A>T
3950225,rs636046,AA,GG,GG,100,82,9,NC_000005.10,Mutation NB - Paternal Origin,Transition - Purine/Purine,A>G
5536537,rs2578533,AA,AG,GG,85,67,9,NC_000005.10,Mutation NB - Paternal Origin,Transition - Purine/Purine,A>G
5609740,rs4416573,CC,CT,TT,100,1,12,NC_000005.10,Mutation NB - Paternal Origin,Transition - Pyrimidine/Pyrimidine,C>T
5609779,rs13180049,AA,AG,GG,100,1,12,NC_000005.10,Mutation NB - Paternal Origin,Transition - Purine/Purine,A>G
5624824,rs7715115,AA,AA,AC,100,73,99,NC_000005.10,Mutation NB - Maternal Origin,Transversion - Purine/Pyrimidine,Unsolved
6755206,rs274675,CC,TT,CC,91,91,12,NC_000005.10,Mutation NB - Maternal Origin,Transition - Pyrimidine/Pyrimidine,T>C
9190696,rs1806092,GG,AA,AA,91,76,9,NC_000005.10,Mutation NB - Paternal Origin,Transition - Purine/Purine,G>A
10636142,rs900530,AA,GA,GG,82,42,9,NC_000005.10,Mutation NB - Paternal Origin,Transition - Purine/Purine,A>G
10652005,rs6894331,CT,CC,TT,29,100,9,NC_000005.10,Mutation NB - Maternal Origin,Transversion - Purine/Pyrimidine,C>T
13409899,rs2401802,TC,CC,TT,32,76,0,NC_000005.10,Mutation NB - Maternal Origin,Transversion - Purine/Pyrimidine,C>T
14547415,rs11740449,AA,AA,AG,100,49,99,NC_000005.10,Mutation NB - Maternal Origin,Transition - Purine/Purine,Unsolved
14566728,rs32634,GG,AA,GG,100,82,15,NC_000005.10,Mutation NB - Maternal Origin,Transition - Purine/Purine,A>G
15583648,rs2402165,AA,GG,GG,79,67,12,NC_000005.10,Mutation NB - Paternal Origin,Transition - Purine/Purine,A>G
25200059,rs190375997,CC,CC,CT,100,79,99,NC_000005.10,Mutation NB - Maternal Origin,Transition - Pyrimidine/Pyrimidine,Unsolved
26227461,rs10077797,CC,CC,CT,95,100,95,NC_000005.10,Mutation NB - Paternal Origin,Transition - Pyrimidine/Pyrimidine,Unsolved
27439615,rs4437342,CC,CC,CT,49,100,99,NC_000005.10,Mutation NB - Paternal Origin,Transition - Pyrimidine/Pyrimidine,Unsolved
27616922,rs4867160,GA,AA,GG,29,88,42,NC_000005.10,Mutation NB - Maternal Origin,Transition - Purine/Purine,A>G
27616976,rs4866989,GA,AA,GG,29,88,39,NC_000005.10,Mutation NB - Maternal Origin,Transition - Purine/Purine,A>G
32379096,.,AA,AA,AG,76,58,83,NC_000005.10,Mutation NB - Maternal Origin,Transition - Purine/Purine,Unsolved
35127147,.,AA,AA,AG,70,49,53,NC_000005.10,Mutation NB - Maternal Origin,Transition - Purine/Purine,Unsolved
36759500,rs245670,AA,GG,GG,91,82,18,NC_000005.10,Mutation NB - Paternal Origin,Transition - Purine/Purine,A>G
37904922,rs1862579,CT,CC,TT,1,73,9,NC_000005.10,Mutation NB - Maternal Origin,Transversion - Purine/Pyrimidine,C>T
41203917,.,TT,TT,TC,88,85,53,NC_000005.10,Mutation NB - Maternal Origin,Transition - Pyrimidine/Pyrimidine,Unsolved
44212496,.,TT,TT,TC,61,46,44,NC_000005.10,Mutation NB - Maternal Origin,Transition - Pyrimidine/Pyrimidine,Unsolved
44579698,.,TT,TT,TC,64,67,71,NC_000005.10,Mutation NB - Paternal Origin,Transition - Pyrimidine/Pyrimidine,Unsolved
44603433,rs10155570,CA,CC,AA,32,91,9,NC_000005.10,Mutation NB - Maternal Origin,Transversion - Purine/Pyrimidine,C>A
44793039,rs1358398207,AA,AA,AG,82,76,39,NC_000005.10,Mutation NB - Maternal Origin,Transition - Purine/Purine,Unsolved
65852425,rs13161201,AA,GG,GG,85,88,0,NC_000005.10,Mutation NB - Paternal Origin,Transition - Purine/Purine,A>G
66987692,rs9283706,GG,CG,CC,76,32,5,NC_000005.10,Mutation NB - Paternal Origin,Transversion - Purine/Pyrimidine,G>C
67637927,rs13172995,GA,GG,AA,67,100,9,NC_000005.10,Mutation NB - Maternal Origin,Transition - Purine/Purine,G>A
73199288,rs10056798,TC,TT,CC,53,100,45,NC_000005.10,Mutation NB - Maternal Origin,Transition - Pyrimidine/Pyrimidine,T>C
74248340,rs962604,AA,GG,AA,82,85,0,NC_000005.10,Mutation NB - Maternal Origin,Transition - Purine/Purine,G>A
74371585,.,AA,AA,AT,100,88,68,NC_000005.10,Mutation NB - Maternal Origin,Transversion - Purine/Pyrimidine,Unsolved
74545195,rs398884,TA,AA,TT,70,88,0,NC_000005.10,Mutation NB - Maternal Origin,Transversion - Purine/Pyrimidine,A>T
74545210,rs398199,TG,GG,TT,28,88,0,NC_000005.10,Mutation NB - Maternal Origin,Transversion - Purine/Pyrimidine,G>T
74745299,rs6453078,TT,CC,CC,88,91,9,NC_000005.10,Mutation NB - Paternal Origin,Transition - Pyrimidine/Pyrimidine,T>C
75716296,.,TT,TT,TC,73,82,53,NC_000005.10,Mutation NB - Paternal Origin,Transition - Pyrimidine/Pyrimidine,Unsolved
78772490,rs11742892,TT,TT,CT,79,73,99,NC_000005.10,Mutation NB - Maternal Origin,Transition - Pyrimidine/Pyrimidine,Unsolved
80345867,rs13188220,CC,AA,AA,91,76,21,NC_000005.10,Mutation NB - Paternal Origin,Transversion - Purine/Pyrimidine,C>A
82585005,.,CC,CC,CT,91,55,56,NC_000005.10,Mutation NB - Maternal Origin,Transition - Pyrimidine/Pyrimidine,Unsolved
83843111,rs4425486,TT,CC,CC,85,100,0,NC_000005.10,Mutation NB - Paternal Origin,Transition - Pyrimidine/Pyrimidine,T>C
84242883,rs10942346,GG,AA,AA,88,100,0,NC_000005.10,Mutation NB - Paternal Origin,Transition - Purine/Purine,G>A
87035661,.,TT,TT,TC,82,55,39,NC_000005.10,Mutation NB - Maternal Origin,Transition - Pyrimidine/Pyrimidine,Unsolved
88115630,.,AA,AA,AG,82,88,39,NC_000005.10,Mutation NB - Paternal Origin,Transition - Purine/Purine,Unsolved
91464173,rs12188929,CC,TT,CC,79,88,21,NC_000005.10,Mutation NB - Maternal Origin,Transition - Pyrimidine/Pyrimidine,T>C
92712088,rs10075131,AA,AG,GG,100,1,69,NC_000005.10,Mutation NB - Paternal Origin,Transition - Purine/Purine,A>G
95845347,rs942092804,TT,TT,TC,91,76,47,NC_000005.10,Mutation NB - Maternal Origin,Transition - Pyrimidine/Pyrimidine,Unsolved
96284478,rs1393448641,TT,TT,TC,67,55,41,NC_000005.10,Mutation NB - Maternal Origin,Transition - Pyrimidine/Pyrimidine,Unsolved
100797920,rs371837871,TT,TT,TC,82,76,48,NC_000005.10,Mutation NB - Maternal Origin,Transition - Pyrimidine/Pyrimidine,Unsolved
104224537,rs13436776,CC,CC,CA,91,100,14,NC_000005.10,Mutation NB - Paternal Origin,Transversion - Purine/Pyrimidine,Unsolved
106730565,rs56359661,CG,CC,GG,5,79,9,NC_000005.10,Mutation NB - Maternal Origin,Transversion - Purine/Pyrimidine,C>G
112612157,rs56101585,GG,TT,TT,88,79,63,NC_000005.10,Mutation NB - Paternal Origin,Transversion - Purine/Pyrimidine,G>T
114938927,rs1840097,AA,GG,GG,91,85,0,NC_000005.10,Mutation NB - Paternal Origin,Transition - Purine/Purine,A>G
115452154,rs2546474,GG,AA,GG,73,100,33,NC_000005.10,Mutation NB - Maternal Origin,Transition - Purine/Purine,A>G
115452222,rs11739562,GG,GA,AA,100,1,66,NC_000005.10,Mutation NB - Paternal Origin,Transition - Purine/Purine,G>A
117455929,rs1194220451,AA,AA,AG,55,61,44,NC_000005.10,Mutation NB - Paternal Origin,Transition - Purine/Purine,Unsolved
118723413,rs17144458,TT,TC,CC,85,70,9,NC_000005.10,Mutation NB - Paternal Origin,Transition - Pyrimidine/Pyrimidine,T>C
118800485,rs76479809,AA,AA,AG,100,46,99,NC_000005.10,Mutation NB - Maternal Origin,Transition - Purine/Purine,Unsolved
120573573,.,AA,AA,AG,85,73,33,NC_000005.10,Mutation NB - Maternal Origin,Transition - Purine/Purine,Unsolved
121419505,rs6864296,CT,TT,CC,32,85,0,NC_000005.10,Mutation NB - Maternal Origin,Transition - Pyrimidine/Pyrimidine,T>C
123401278,rs62376436,GG,AA,GG,100,67,0,NC_000005.10,Mutation NB - Maternal Origin,Transition - Purine/Purine,A>G
125730518,rs902592,TT,CC,TT,55,100,50,NC_000005.10,Mutation NB - Maternal Origin,Transition - Pyrimidine/Pyrimidine,C>T
126613687,.,AA,AA,AG,67,79,56,NC_000005.10,Mutation NB - Paternal Origin,Transition - Purine/Purine,Unsolved
127183083,rs248106,GG,CC,CC,85,55,48,NC_000005.10,Mutation NB - Paternal Origin,Transversion - Purine/Pyrimidine,G>C
127183140,rs248107,CC,TT,TT,97,55,48,NC_000005.10,Mutation NB - Paternal Origin,Transition - Pyrimidine/Pyrimidine,C>T
132921806,rs10051796,AA,GG,AA,85,79,0,NC_000005.10,Mutation NB - Maternal Origin,Transition - Purine/Purine,G>A
133083121,rs111243648,CC,CC,CG,88,100,99,NC_000005.10,Mutation NB - Paternal Origin,Transversion - Purine/Pyrimidine,Unsolved
133703642,.,AA,AA,AG,79,82,59,NC_000005.10,Mutation NB - Paternal Origin,Transition - Purine/Purine,Unsolved
134072601,rs2548976,AA,GA,GG,88,1,0,NC_000005.10,Mutation NB - Paternal Origin,Transition - Purine/Purine,A>G
135227395,rs1486197232,CC,CT,TT,85,32,9,NC_000005.10,Mutation NB - Paternal Origin,Transition - Pyrimidine/Pyrimidine,C>T
136815197,rs55928671,AA,AA,GA,91,91,30,NC_000005.10,Mutation NB - Paternal or Maternal,Transition - Purine/Purine,Unsolved
137604527,rs6878439,GG,GA,AA,100,3,24,NC_000005.10,Mutation NB - Paternal Origin,Transition - Purine/Purine,G>A
138164005,.,AA,AA,AG,61,58,44,NC_000005.10,Mutation NB - Maternal Origin,Transition - Purine/Purine,Unsolved
139513100,.,AA,AA,AG,67,49,56,NC_000005.10,Mutation NB - Maternal Origin,Transition - Purine/Purine,Unsolved
143385176,rs7716360,CC,CC,TC,82,88,99,NC_000005.10,Mutation NB - Paternal Origin,Transition - Pyrimidine/Pyrimidine,Unsolved
146343270,rs141879380,CC,CT,TT,88,1,9,NC_000005.10,Mutation NB - Paternal Origin,Transition - Pyrimidine/Pyrimidine,C>T
148915115,rs2400709,GG,AA,GG,70,88,42,NC_000005.10,Mutation NB - Maternal Origin,Transition - Purine/Purine,A>G
150446307,rs13177918,TT,CC,CC,91,100,0,NC_000005.10,Mutation NB - Paternal Origin,Transition - Pyrimidine/Pyrimidine,T>C
151639320,.,AA,AA,AG,67,55,56,NC_000005.10,Mutation NB - Maternal Origin,Transition - Purine/Purine,Unsolved
151811670,rs1433041,GG,AA,AA,100,75,18,NC_000005.10,Mutation NB - Paternal Origin,Transition - Purine/Purine,G>A
153508205,rs34029119,AA,CC,AA,91,91,21,NC_000005.10,Mutation NB - Maternal Origin,Transversion - Purine/Pyrimidine,C>A
158946979,rs12153783,AA,AA,AT,100,100,33,NC_000005.10,Mutation NB - Paternal or Maternal,Transversion - Purine/Pyrimidine,Unsolved
160056515,rs1757551277,AA,AA,AG,46,64,47,NC_000005.10,Mutation NB - Paternal Origin,Transition - Purine/Purine,Unsolved
160998598,rs6872861,GG,GG,AA,100,100,9,NC_000005.10,Mutation NB - Paternal or Maternal,Transition - Purine/Purine,Unsolved
163334102,rs2161132,TT,GT,GG,88,73,21,NC_000005.10,Mutation NB - Paternal Origin,Transversion - Purine/Pyrimidine,T>G
163437799,rs1172403565,GG,GG,GA,79,100,80,NC_000005.10,Mutation NB - Paternal Origin,Transition - Purine/Purine,Unsolved
163562485,rs17061914,AA,AG,GG,85,1,24,NC_000005.10,Mutation NB - Paternal Origin,Transition - Purine/Purine,A>G
169272466,.,AA,AA,AT,85,85,67,NC_000005.10,Mutation NB - Paternal or Maternal,Transversion - Purine/Pyrimidine,Unsolved
169272693,.,TT,TT,TC,91,82,59,NC_000005.10,Mutation NB - Maternal Origin,Transition - Pyrimidine/Pyrimidine,Unsolved
174982962,.,TT,TT,TC,79,91,29,NC_000005.10,Mutation NB - Paternal Origin,Transition - Pyrimidine/Pyrimidine,Unsolved
176721464,rs11741850,AA,TA,TT,88,1,0,NC_000005.10,Mutation NB - Paternal Origin,Transversion - Purine/Pyrimidine,A>T
178000571,rs55712631,GG,AA,GG,82,70,0,NC_000005.10,Mutation NB - Maternal Origin,Transition - Purine/Purine,A>G
178333400,rs2973683,TT,CC,CC,91,100,18,NC_000005.10,Mutation NB - Paternal Origin,Transition - Pyrimidine/Pyrimidine,T>C
178723168,rs56070635,AA,AA,AC,91,79,99,NC_000005.10,Mutation NB - Maternal Origin,Transversion - Purine/Pyrimidine,Unsolved
178723180,rs56027952,CC,CC,CA,91,76,99,NC_000005.10,Mutation NB - Maternal Origin,Transversion - Purine/Pyrimidine,Unsolved
178973249,rs73336535,AG,AA,GG,47,100,18,NC_000005.10,Mutation NB - Maternal Origin,Transition - Purine/Purine,A>G
180431971,rs62406427,TC,TT,CC,1,100,33,NC_000005.10,Mutation NB - Maternal Origin,Transition - Pyrimidine/Pyrimidine,T>C
180555111,rs6888805,CC,AA,AA,88,67,27,NC_000005.10,Mutation NB - Paternal Origin,Transversion - Purine/Pyrimidine,C>A
180638455,rs4700745,AA,AG,GG,88,32,9,NC_000005.10,Mutation NB - Paternal Origin,Transition - Purine/Purine,A>G
180860720,rs887000215,TT,TT,GG,91,100,18,NC_000005.10,Mutation NB - Paternal Origin,Transition - Purine/Purine,Transversion - Purine/Pyrimidine,Unsolved
907460,rs1414782,GG,GG,AG,88,91,89,NC_000006.12,Mutation NB - Paternal Origin,Transition - Purine/Purine,Unsolved
1336421,rs12207513,GG,GG,GA,100,85,99,NC_000006.12,Mutation NB - Maternal Origin,Transition - Purine/Purine,Unsolved
2468046,rs10458064,GG,CC,CC,88,85,12,NC_000006.12,Mutation NB - Paternal Origin,Transversion - Purine/Pyrimidine,G>C
2914521,rs318498,CC,CC,CA,28,100,99,NC_000006.12,Mutation NB - Paternal Origin,Transversion - Purine/Pyrimidine,Unsolved
3064289,rs12196777,CC,TT,CC,100,88,0,NC_000006.12,Mutation NB - Maternal Origin,Transition - Pyrimidine/Pyrimidine,T>C
3084115,rs17513318,CC,CC,CA,70,100,99,NC_000006.12,Mutation NB - Paternal Origin,Transversion - Purine/Pyrimidine,Unsolved
3267476,rs9328157,TC,CC,TT,32,88,9,NC_000006.12,Mutation NB - Maternal Origin,Transversion - Purine/Pyrimidine,C>T
3284686,rs9503522,TT,CC,TT,100,85,0,NC_000006.12,Mutation NB - Maternal Origin,Transition - Pyrimidine/Pyrimidine,C>T
4480471,rs13195445,GG,GG,AG,91,88,99,NC_000006.12,Mutation NB - Maternal Origin,Transition - Purine/Purine,Unsolved
4480508,rs4959295,TT,TT,CT,91,91,99,NC_000006.12,Mutation NB - Paternal or Maternal,Transition - Pyrimidine/Pyrimidine,Unsolved
4515681,rs6932387,GG,GG,GA,100,61,99,NC_000006.12,Mutation NB - Maternal Origin,Transition - Purine/Purine,Unsolved
6762474,rs9504920,TT,TC,CC,100,82,33,NC_000006.12,Mutation NB - Paternal Origin,Transition - Pyrimidine/Pyrimidine,T>C
6762491,rs9504921,TT,TC,CC,100,82,33,NC_000006.12,Mutation NB - Paternal Origin,Transition - Pyrimidine/Pyrimidine,T>C
7247132,.,AA,AA,AG,91,85,95,NC_000006.12,Mutation NB - Maternal Origin,Transition - Purine/Purine,Unsolved
7315562,rs62387353,TT,TT,TC,37,100,99,NC_000006.12,Mutation NB - Paternal Origin,Transition - Pyrimidine/Pyrimidine,Unsolved
8102770,rs3757095,GG,AG,AA,82,35,0,NC_000006.12,Mutation NB - Paternal Origin,Transition - Purine/Purine,G>A
10292894,rs7755102,GG,GG,GA,91,100,30,NC_000006.12,Mutation NB - Paternal Origin,Transition - Purine/Purine,Unsolved
10977843,.,AA,AA,AG,70,64,53,NC_000006.12,Mutation NB - Maternal Origin,Transition - Purine/Purine,Unsolved
16607848,.,TT,TT,TC,46,73,47,NC_000006.12,Mutation NB - Paternal Origin,Transition - Pyrimidine/Pyrimidine,Unsolved
17744474,rs9396800,GG,GG,GA,88,100,40,NC_000006.12,Mutation NB - Paternal Origin,Transition - Purine/Purine,Unsolved
22513885,rs9460750,GC,GG,CC,37,85,42,NC_000006.12,Mutation NB - Maternal Origin,Transversion - Purine/Pyrimidine,G>C
22513905,rs17495976,CT,CC,TT,44,88,42,NC_000006.12,Mutation NB - Maternal Origin,Transversion - Purine/Pyrimidine,C>T
24761606,.,AA,AA,AG,40,58,50,NC_000006.12,Mutation NB - Paternal Origin,Transition - Purine/Purine,Unsolved
36363381,rs6457901,CC,CC,CA,73,67,99,NC_000006.12,Mutation NB - Maternal Origin,Transversion - Purine/Pyrimidine,Unsolved
36363390,rs6457902,AA,AA,AG,73,67,99,NC_000006.12,Mutation NB - Maternal Origin,Transition - Purine/Purine,Unsolved
37487866,rs4714068,TT,TG,GG,91,32,15,NC_000006.12,Mutation NB - Paternal Origin,Transversion - Purine/Pyrimidine,T>G
37732982,.,TT,TT,TC,67,55,50,NC_000006.12,Mutation NB - Maternal Origin,Transition - Pyrimidine/Pyrimidine,Unsolved
37756498,rs11758115,GG,GA,AA,100,1,60,NC_000006.12,Mutation NB - Paternal Origin,Transition - Purine/Purine,G>A
40743887,rs7742181,TT,TT,TC,85,91,99,NC_000006.12,Mutation NB - Paternal Origin,Transition - Pyrimidine/Pyrimidine,Unsolved
40813872,.,GG,GG,GA,61,67,52,NC_000006.12,Mutation NB - Paternal Origin,Transition - Purine/Purine,Unsolved
41332509,rs12204965,CC,CT,TT,100,1,12,NC_000006.12,Mutation NB - Paternal Origin,Transition - Pyrimidine/Pyrimidine,C>T
42270197,rs1474866,GG,CC,GG,70,76,0,NC_000006.12,Mutation NB - Maternal Origin,Transversion - Purine/Pyrimidine,C>G
43413681,.,CC,CC,CT,61,67,44,NC_000006.12,Mutation NB - Paternal Origin,Transition - Pyrimidine/Pyrimidine,Unsolved
43826407,rs2148252,GG,GG,GA,91,100,68,NC_000006.12,Mutation NB - Paternal Origin,Transition - Purine/Purine,Unsolved
44594724,rs680620,CC,TT,TT,100,43,60,NC_000006.12,Mutation NB - Paternal Origin,Transition - Pyrimidine/Pyrimidine,C>T
45307251,rs12527586,CC,CC,CG,76,73,92,NC_000006.12,Mutation NB - Maternal Origin,Transversion - Purine/Pyrimidine,Unsolved
45685231,rs1491144,TT,TT,TC,82,100,99,NC_000006.12,Mutation NB - Paternal Origin,Transition - Pyrimidine/Pyrimidine,Unsolved
47151843,rs1687138,TT,AA,AA,88,79,9,NC_000006.12,Mutation NB - Paternal Origin,Transversion - Purine/Pyrimidine,T>A
48157007,.,TT,TT,TC,73,61,47,NC_000006.12,Mutation NB - Maternal Origin,Transition - Pyrimidine/Pyrimidine,Unsolved
48982848,.,TT,TT,TC,94,73,65,NC_000006.12,Mutation NB - Maternal Origin,Transition - Pyrimidine/Pyrimidine,Unsolved
49563720,rs12195674,CC,GG,GG,85,82,0,NC_000006.12,Mutation NB - Paternal Origin,Transversion - Purine/Pyrimidine,C>G
49599214,.,TT,TT,TC,79,73,56,NC_000006.12,Mutation NB - Maternal Origin,Transition - Pyrimidine/Pyrimidine,Unsolved
52657401,rs73433304,CC,CC,CT,100,73,99,NC_000006.12,Mutation NB - Maternal Origin,Transition - Pyrimidine/Pyrimidine,Unsolved
70974788,rs11962166,TT,CT,CC,91,1,18,NC_000006.12,Mutation NB - Paternal Origin,Transition - Pyrimidine/Pyrimidine,T>C
72007130,.,CC,CC,CT,49,88,53,NC_000006.12,Mutation NB - Paternal Origin,Transition - Pyrimidine/Pyrimidine,Unsolved
72692414,.,GG,GG,GA,82,64,47,NC_000006.12,Mutation NB - Maternal Origin,Transition - Purine/Purine,Unsolved
72737821,.,TT,TT,TC,91,88,33,NC_000006.12,Mutation NB - Maternal Origin,Transition - Pyrimidine/Pyrimidine,Unsolved
74223381,rs2788966,AA,GG,AA,61,100,24,NC_000006.12,Mutation NB - Maternal Origin,Transition - Purine/Purine,G>A
85752120,rs76039915,CC,CC,CT,43,100,99,NC_000006.12,Mutation NB - Paternal Origin,Transition - Pyrimidine/Pyrimidine,Unsolved
87092507,rs9444471,TT,TT,CT,85,88,71,NC_000006.12,Mutation NB - Paternal Origin,Transition - Pyrimidine/Pyrimidine,Unsolved
89130986,.,AA,AA,AG,70,73,50,NC_000006.12,Mutation NB - Paternal Origin,Transition - Purine/Purine,Unsolved
89130998,rs72915671,TT,CC,TT,88,58,18,NC_000006.12,Mutation NB - Maternal Origin,Transition - Pyrimidine/Pyrimidine,C>T
90415446,rs9345013,AA,AA,GG,88,88,0,NC_000006.12,Mutation NB - Paternal or Maternal,Transition - Purine/Purine,Unsolved
90569406,rs1353226,GG,GG,GC,67,85,99,NC_000006.12,Mutation NB - Paternal Origin,Transition - Purine/Purine,Transversion - Purine/Pyrimidine,Unsolved
90928973,rs115769445,GG,AA,AA,85,100,0,NC_000006.12,Mutation NB - Paternal Origin,Transition - Purine/Purine,G>A
96423979,rs2223238,GG,AA,AA,85,76,12,NC_000006.12,Mutation NB - Paternal Origin,Transition - Purine/Purine,G>A
96990874,rs1206108,AA,AG,GG,100,1,12,NC_000006.12,Mutation NB - Paternal Origin,Transition - Purine/Purine,A>G
97411981,.,TT,TT,TC,76,70,77,NC_000006.12,Mutation NB - Maternal Origin,Transition - Pyrimidine/Pyrimidine,Unsolved
99021468,rs6917190,AA,TT,TT,73,82,0,NC_000006.12,Mutation NB - Paternal Origin,Transversion - Purine/Pyrimidine,A>T
99049479,rs4839738,CC,GG,GG,73,82,0,NC_000006.12,Mutation NB - Paternal Origin,Transversion - Purine/Pyrimidine,C>G
99677392,rs1770973937,AA,AA,AG,85,70,39,NC_000006.12,Mutation NB - Maternal Origin,Transition - Purine/Purine,Unsolved
106961909,rs947702325,TT,CC,CC,85,70,15,NC_000006.12,Mutation NB - Paternal Origin,Transition - Pyrimidine/Pyrimidine,T>C
108168806,rs2235997,GA,GG,AA,31,100,48,NC_000006.12,Mutation NB - Maternal Origin,Transition - Purine/Purine,G>A
108513792,rs149477237,AA,TA,TT,79,1,30,NC_000006.12,Mutation NB - Paternal Origin,Transversion - Purine/Pyrimidine,A>T
112444593,rs7768717,TT,TT,TC,49,100,99,NC_000006.12,Mutation NB - Paternal Origin,Transition - Pyrimidine/Pyrimidine,Unsolved
116584324,rs1983721,AA,AA,AG,88,73,59,NC_000006.12,Mutation NB - Maternal Origin,Transition - Purine/Purine,Unsolved
118778983,rs79476754,TT,CC,TT,100,91,18,NC_000006.12,Mutation NB - Maternal Origin,Transition - Pyrimidine/Pyrimidine,C>T
119416381,.,TT,TT,TC,85,73,68,NC_000006.12,Mutation NB - Maternal Origin,Transition - Pyrimidine/Pyrimidine,Unsolved
125453659,rs1587008,TT,CC,TT,91,94,18,NC_000006.12,Mutation NB - Maternal Origin,Transition - Pyrimidine/Pyrimidine,C>T
132342936,.,TT,TT,TC,64,73,53,NC_000006.12,Mutation NB - Paternal Origin,Transition - Pyrimidine/Pyrimidine,Unsolved
134103070,rs62423787,GG,GA,AA,91,72,18,NC_000006.12,Mutation NB - Paternal Origin,Transition - Purine/Purine,G>A
136890514,rs9389448,GG,GT,TT,100,14,12,NC_000006.12,Mutation NB - Paternal Origin,Transversion - Purine/Pyrimidine,G>T
140115137,.,TT,TT,TC,88,82,74,NC_000006.12,Mutation NB - Maternal Origin,Transition - Pyrimidine/Pyrimidine,Unsolved
143337875,rs6901152,TT,CC,CC,88,73,12,NC_000006.12,Mutation NB - Paternal Origin,Transition - Pyrimidine/Pyrimidine,T>C
143534576,rs4895617,AG,AA,GG,73,100,42,NC_000006.12,Mutation NB - Maternal Origin,Transition - Purine/Purine,A>G
144494355,.,TT,TT,TC,88,70,41,NC_000006.12,Mutation NB - Maternal Origin,Transition - Pyrimidine/Pyrimidine,Unsolved
148064603,rs79003613,GG,GG,GA,100,82,33,NC_000006.12,Mutation NB - Maternal Origin,Transition - Purine/Purine,Unsolved
148981069,rs2449382,GG,GG,GA,73,79,65,NC_000006.12,Mutation NB - Paternal Origin,Transition - Purine/Purine,Unsolved
149093903,rs6901019,TT,TT,CT,76,79,99,NC_000006.12,Mutation NB - Paternal Origin,Transition - Pyrimidine/Pyrimidine,Unsolved
150056503,rs7764605,GG,GT,TT,100,32,9,NC_000006.12,Mutation NB - Paternal Origin,Transversion - Purine/Pyrimidine,G>T
151000619,rs2057108,CC,CC,CT,76,95,99,NC_000006.12,Mutation NB - Paternal Origin,Transition - Pyrimidine/Pyrimidine,Unsolved
151562795,rs9397431,CC,CC,CT,79,91,27,NC_000006.12,Mutation NB - Paternal Origin,Transition - Pyrimidine/Pyrimidine,Unsolved
157645283,rs10499312,GG,AA,AA,82,85,21,NC_000006.12,Mutation NB - Paternal Origin,Transition - Purine/Purine,G>A
158525367,rs9457392,TC,TT,CC,42,100,15,NC_000006.12,Mutation NB - Maternal Origin,Transition - Pyrimidine/Pyrimidine,T>C
158663106,rs1004638083,AA,AA,AG,70,67,47,NC_000006.12,Mutation NB - Maternal Origin,Transition - Purine/Purine,Unsolved
159057276,rs9457545,CC,TT,CC,76,91,0,NC_000006.12,Mutation NB - Maternal Origin,Transition - Pyrimidine/Pyrimidine,T>C
159141338,rs537460,TT,CT,CC,85,1,0,NC_000006.12,Mutation NB - Paternal Origin,Transition - Pyrimidine/Pyrimidine,T>C
160087140,rs3798176,CC,TT,TT,85,100,12,NC_000006.12,Mutation NB - Paternal Origin,Transition - Pyrimidine/Pyrimidine,C>T
160983736,.,TT,TT,TC,76,76,47,NC_000006.12,Mutation NB - Paternal or Maternal,Transition - Pyrimidine/Pyrimidine,Unsolved
161823661,rs9346883,TT,AT,AA,88,1,0,NC_000006.12,Mutation NB - Paternal Origin,Transversion - Purine/Pyrimidine,T>A
163325543,rs9458794,CC,GG,GG,85,100,0,NC_000006.12,Mutation NB - Paternal Origin,Transversion - Purine/Pyrimidine,C>G
163814844,.,TT,TT,TC,79,88,40,NC_000006.12,Mutation NB - Paternal Origin,Transition - Pyrimidine/Pyrimidine,Unsolved
164081196,rs183275,CC,CC,CT,61,100,99,NC_000006.12,Mutation NB - Paternal Origin,Transition - Pyrimidine/Pyrimidine,Unsolved
165219853,rs475691,AA,CC,AA,82,88,0,NC_000006.12,Mutation NB - Maternal Origin,Transversion - Purine/Pyrimidine,C>A
166315350,rs7454264,CC,CC,GG,100,79,9,NC_000006.12,Mutation NB - Maternal Origin,Transversion - Purine/Pyrimidine,Unsolved
166315365,rs4318852,AA,GA,GG,82,1,0,NC_000006.12,Mutation NB - Paternal Origin,Transition - Purine/Purine,A>G
166665623,rs9347144,AA,GG,AA,100,88,9,NC_000006.12,Mutation NB - Maternal Origin,Transition - Purine/Purine,G>A
167111410,rs2023305,CT,CC,TT,1,100,15,NC_000006.12,Mutation NB - Maternal Origin,Transversion - Purine/Pyrimidine,C>T
167154796,rs16899904,CC,CC,CT,64,100,99,NC_000006.12,Mutation NB - Paternal Origin,Transition - Pyrimidine/Pyrimidine,Unsolved
169267049,rs78722593,GG,GG,GA,91,100,58,NC_000006.12,Mutation NB - Paternal Origin,Transition - Purine/Purine,Unsolved
170031304,rs62423397,CC,CC,CT,88,91,58,NC_000006.12,Mutation NB - Paternal Origin,Transition - Pyrimidine/Pyrimidine,Unsolved
170088485,rs13216839,CC,TT,TT,100,46,75,NC_000006.12,Mutation NB - Paternal Origin,Transition - Pyrimidine/Pyrimidine,C>T
170145559,rs35989582,GG,GA,AA,100,1,51,NC_000006.12,Mutation NB - Paternal Origin,Transition - Purine/Purine,G>A
170608926,.,GG,GG,GA,91,88,63,NC_000006.12,Mutation NB - Maternal Origin,Transition - Purine/Purine,Unsolved
419283,rs374333990,AA,AA,AG,100,73,74,NC_000007.14,Mutation NB - Maternal Origin,Transition - Purine/Purine,Unsolved
429124,rs545480235,GG,GG,GA,100,76,99,NC_000007.14,Mutation NB - Maternal Origin,Transition - Purine/Purine,Unsolved
882921,rs7808288,GG,GG,AG,91,88,47,NC_000007.14,Mutation NB - Maternal Origin,Transition - Purine/Purine,Unsolved
1007270,rs6947257,TC,TT,CC,1,88,42,NC_000007.14,Mutation NB - Maternal Origin,Transition - Pyrimidine/Pyrimidine,T>C
1023865,rs2362534,CC,CC,CT,100,88,99,NC_000007.14,Mutation NB - Maternal Origin,Transition - Pyrimidine/Pyrimidine,Unsolved
1381953,rs73036586,AG,AA,GG,1,88,15,NC_000007.14,Mutation NB - Maternal Origin,Transition - Purine/Purine,A>G
1396617,.,TT,TT,TC,70,64,46,NC_000007.14,Mutation NB - Maternal Origin,Transition - Pyrimidine/Pyrimidine,Unsolved
1640529,rs12703010,CC,CC,CT,100,79,59,NC_000007.14,Mutation NB - Maternal Origin,Transition - Pyrimidine/Pyrimidine,Unsolved
1716850,rs12535075,GG,GG,GC,100,85,96,NC_000007.14,Mutation NB - Maternal Origin,Transition - Purine/Purine,Transversion - Purine/Pyrimidine,Unsolved
1750981,rs11770039,AA,GG,AA,85,82,9,NC_000007.14,Mutation NB - Maternal Origin,Transition - Purine/Purine,G>A
1842593,rs79698194,CC,CC,CG,91,82,99,NC_000007.14,Mutation NB - Maternal Origin,Transversion - Purine/Pyrimidine,Unsolved
1922178,rs28728306,CC,CA,AA,76,1,45,NC_000007.14,Mutation NB - Paternal Origin,Transversion - Purine/Pyrimidine,C>A
2000648,rs73043511,TG,TT,GG,14,76,5,NC_000007.14,Mutation NB - Maternal Origin,Transversion - Purine/Pyrimidine,T>G
2152249,rs1620530,TT,CC,TT,91,91,0,NC_000007.14,Mutation NB - Maternal Origin,Transition - Pyrimidine/Pyrimidine,C>T
2529136,rs2895,TT,TT,TC,100,85,99,NC_000007.14,Mutation NB - Maternal Origin,Transition - Pyrimidine/Pyrimidine,Unsolved
2539963,.,AA,AA,AG,67,76,56,NC_000007.14,Mutation NB - Paternal Origin,Transition - Purine/Purine,Unsolved
3862294,rs78178460,CC,CC,CA,91,85,71,NC_000007.14,Mutation NB - Maternal Origin,Transversion - Purine/Pyrimidine,Unsolved
4003251,rs11973065,CG,CC,GG,1,70,24,NC_000007.14,Mutation NB - Maternal Origin,Transversion - Purine/Pyrimidine,C>G
4003279,rs11977366,TA,TT,AA,1,70,21,NC_000007.14,Mutation NB - Maternal Origin,Transversion - Purine/Pyrimidine,T>A
4793885,rs139997541,CC,CC,CT,82,70,39,NC_000007.14,Mutation NB - Maternal Origin,Transition - Pyrimidine/Pyrimidine,Unsolved
4806853,.,CC,CC,CG,64,43,45,NC_000007.14,Mutation NB - Maternal Origin,Transversion - Purine/Pyrimidine,Unsolved
6513309,rs7785258,CC,CC,CG,100,100,33,NC_000007.14,Mutation NB - Paternal or Maternal,Transversion - Purine/Pyrimidine,Unsolved
8265719,rs1392700202,TT,GG,GG,92,100,0,NC_000007.14,Mutation NB - Paternal Origin,Transversion - Purine/Pyrimidine,T>G
10011773,rs6955215,CC,CC,GG,79,88,9,NC_000007.14,Mutation NB - Paternal Origin,Transversion - Purine/Pyrimidine,Unsolved
20557306,rs17143056,AA,AA,AG,85,76,30,NC_000007.14,Mutation NB - Maternal Origin,Transition - Purine/Purine,Unsolved
21002886,rs10240922,AA,AA,AG,79,100,99,NC_000007.14,Mutation NB - Paternal Origin,Transition - Purine/Purine,Unsolved
23913198,rs141716557,CC,CT,TT,88,73,9,NC_000007.14,Mutation NB - Paternal Origin,Transition - Pyrimidine/Pyrimidine,C>T
26035474,rs10486491,GG,GG,GA,100,88,71,NC_000007.14,Mutation NB - Maternal Origin,Transition - Purine/Purine,Unsolved
27130526,rs6944345,TT,GG,GG,100,79,12,NC_000007.14,Mutation NB - Paternal Origin,Transversion - Purine/Pyrimidine,T>G
27203602,rs2023843,CC,CC,TT,100,100,45,NC_000007.14,Mutation NB - Paternal or Maternal,Transition - Pyrimidine/Pyrimidine,Unsolved
27203619,rs2023844,GG,GG,AA,100,100,45,NC_000007.14,Mutation NB - Paternal or Maternal,Transition - Purine/Purine,Unsolved
29302265,rs35000683,CC,CC,CT,100,82,99,NC_000007.14,Mutation NB - Maternal Origin,Transition - Pyrimidine/Pyrimidine,Unsolved
30797558,rs1557910,TT,TT,CC,100,100,21,NC_000007.14,Mutation NB - Paternal or Maternal,Transition - Pyrimidine/Pyrimidine,Unsolved
32088476,rs11980258,CT,CC,TT,39,100,9,NC_000007.14,Mutation NB - Maternal Origin,Transversion - Purine/Pyrimidine,C>T
32275306,rs6962795,AA,AG,GG,88,1,12,NC_000007.14,Mutation NB - Paternal Origin,Transition - Purine/Purine,A>G
34883218,rs6966582,CC,CC,AA,100,100,48,NC_000007.14,Mutation NB - Paternal or Maternal,Transversion - Purine/Pyrimidine,Unsolved
36180581,rs1041987133,GG,GG,GA,85,73,68,NC_000007.14,Mutation NB - Maternal Origin,Transition - Purine/Purine,Unsolved
38345828,rs142475202,TT,CC,CC,88,79,9,NC_000007.14,Mutation NB - Paternal Origin,Transition - Pyrimidine/Pyrimidine,T>C
42262275,rs13438667,TT,TT,TC,100,73,99,NC_000007.14,Mutation NB - Maternal Origin,Transition - Pyrimidine/Pyrimidine,Unsolved
44222379,rs732360,GG,AA,GG,73,70,0,NC_000007.14,Mutation NB - Maternal Origin,Transition - Purine/Purine,A>G
45185293,rs12702123,TT,TA,AA,76,1,12,NC_000007.14,Mutation NB - Paternal Origin,Transversion - Purine/Pyrimidine,T>A
46213037,rs10215374,GG,TG,TT,82,2,9,NC_000007.14,Mutation NB - Paternal Origin,Transversion - Purine/Pyrimidine,G>T
46811943,.,AA,AA,AG,64,67,59,NC_000007.14,Mutation NB - Paternal Origin,Transition - Purine/Purine,Unsolved
47096874,rs11524610,TT,TT,TG,100,79,93,NC_000007.14,Mutation NB - Maternal Origin,Transition - Pyrimidine/Pyrimidine,Transversion - Purine/Pyrimidine,Unsolved
47481875,rs148429529,CC,CC,CA,88,100,99,NC_000007.14,Mutation NB - Paternal Origin,Transversion - Purine/Pyrimidine,Unsolved
47782231,.,CC,CC,CT,70,73,59,NC_000007.14,Mutation NB - Paternal Origin,Transition - Pyrimidine/Pyrimidine,Unsolved
50380264,rs111325893,GG,GG,GT,100,70,30,NC_000007.14,Mutation NB - Maternal Origin,Transversion - Purine/Pyrimidine,Unsolved
50811041,rs55642644,GG,GG,GT,100,61,62,NC_000007.14,Mutation NB - Maternal Origin,Transversion - Purine/Pyrimidine,Unsolved
51011531,rs7800490,TT,TT,TA,73,91,99,NC_000007.14,Mutation NB - Paternal Origin,Transition - Pyrimidine/Pyrimidine,Transversion - Purine/Pyrimidine,Unsolved
56152990,rs816252,AA,AA,AT,70,85,51,NC_000007.14,Mutation NB - Paternal Origin,Transversion - Purine/Pyrimidine,Unsolved
57388730,.,TT,TT,TC,70,67,56,NC_000007.14,Mutation NB - Maternal Origin,Transition - Pyrimidine/Pyrimidine,Unsolved
62275477,rs113565149,CC,CG,GG,100,1,69,NC_000007.14,Mutation NB - Paternal Origin,Transversion - Purine/Pyrimidine,C>G
62865902,rs73121767,CT,TT,CC,1,82,57,NC_000007.14,Mutation NB - Maternal Origin,Transition - Pyrimidine/Pyrimidine,T>C
65220758,rs62469326,AA,AA,TT,91,100,12,NC_000007.14,Mutation NB - Paternal Origin,Transversion - Purine/Pyrimidine,Unsolved
65220761,rs62469327,CC,CC,GG,91,100,12,NC_000007.14,Mutation NB - Paternal Origin,Transversion - Purine/Pyrimidine,Unsolved
66133216,.,TT,TT,TC,67,85,50,NC_000007.14,Mutation NB - Paternal Origin,Transition - Pyrimidine/Pyrimidine,Unsolved
68535257,.,AA,AA,AG,52,55,48,NC_000007.14,Mutation NB - Paternal Origin,Transition - Purine/Purine,Unsolved
68715940,rs10245809,TC,TT,CC,79,100,30,NC_000007.14,Mutation NB - Maternal Origin,Transition - Pyrimidine/Pyrimidine,T>C
74360601,.,AA,AA,AG,55,64,43,NC_000007.14,Mutation NB - Paternal Origin,Transition - Purine/Purine,Unsolved
75593746,rs807876,AA,GG,GG,91,82,21,NC_000007.14,Mutation NB - Paternal Origin,Transition - Purine/Purine,A>G
78870441,rs521851,GG,AA,AA,91,100,0,NC_000007.14,Mutation NB - Paternal Origin,Transition - Purine/Purine,G>A
86494783,.,GG,GG,GA,67,73,53,NC_000007.14,Mutation NB - Paternal Origin,Transition - Purine/Purine,Unsolved
93039490,rs2374596,CC,TT,TT,88,82,15,NC_000007.14,Mutation NB - Paternal Origin,Transition - Pyrimidine/Pyrimidine,C>T
93349479,rs74933991,GG,GC,CC,85,1,9,NC_000007.14,Mutation NB - Paternal Origin,Transversion - Purine/Pyrimidine,G>C
95606341,rs147294522,CC,CC,CG,100,67,99,NC_000007.14,Mutation NB - Maternal Origin,Transversion - Purine/Pyrimidine,Unsolved
95656178,rs1682724,TT,TT,TA,73,100,99,NC_000007.14,Mutation NB - Paternal Origin,Transition - Pyrimidine/Pyrimidine,Transversion - Purine/Pyrimidine,Unsolved
97317100,rs7796040,GG,AA,AA,64,73,0,NC_000007.14,Mutation NB - Paternal Origin,Transition - Purine/Purine,G>A
97542172,rs10230492,CC,GG,GG,85,52,51,NC_000007.14,Mutation NB - Paternal Origin,Transversion - Purine/Pyrimidine,C>G
97542191,rs10230256,AA,CC,CC,85,76,18,NC_000007.14,Mutation NB - Paternal Origin,Transversion - Purine/Pyrimidine,A>C
97971176,rs1584157761,TT,TT,TC,61,79,51,NC_000007.14,Mutation NB - Paternal Origin,Transition - Pyrimidine/Pyrimidine,Unsolved
98286373,rs10226454,CC,CA,AA,88,38,12,NC_000007.14,Mutation NB - Paternal Origin,Transversion - Purine/Pyrimidine,C>A
98287823,.,TT,TT,TA,70,64,50,NC_000007.14,Mutation NB - Maternal Origin,Transition - Pyrimidine/Pyrimidine,Transversion - Purine/Pyrimidine,Unsolved
98647779,rs900479,GG,AA,AA,85,85,12,NC_000007.14,Mutation NB - Paternal Origin,Transition - Purine/Purine,G>A
98988731,rs1793259589,AA,AA,AG,58,67,59,NC_000007.14,Mutation NB - Paternal Origin,Transition - Purine/Purine,Unsolved
99686839,rs1032696107,AA,AA,AG,82,73,59,NC_000007.14,Mutation NB - Maternal Origin,Transition - Purine/Purine,Unsolved
99700265,rs1399452834,TT,TT,TC,94,49,68,NC_000007.14,Mutation NB - Maternal Origin,Transition - Pyrimidine/Pyrimidine,Unsolved
100610637,rs1445762698,TT,TT,TC,64,55,50,NC_000007.14,Mutation NB - Maternal Origin,Transition - Pyrimidine/Pyrimidine,Unsolved
101207457,rs1432617511,CC,CC,CT,61,79,40,NC_000007.14,Mutation NB - Paternal Origin,Transition - Pyrimidine/Pyrimidine,Unsolved
102158116,rs7801220,CC,CC,CG,100,58,69,NC_000007.14,Mutation NB - Maternal Origin,Transversion - Purine/Pyrimidine,Unsolved
102871385,rs6947387,TT,TT,AT,80,91,33,NC_000007.14,Mutation NB - Paternal Origin,Transition - Pyrimidine/Pyrimidine,Transversion - Purine/Pyrimidine,Unsolved
103520843,rs2711853,TT,CC,CC,79,88,0,NC_000007.14,Mutation NB - Paternal Origin,Transition - Pyrimidine/Pyrimidine,T>C
103919406,rs1476928,GC,GA,CC,44,42,21,NC_000007.14,Mutation NB - Maternal Origin,Transversion - Purine/Pyrimidine,G>C
106060045,rs3886536,GG,AA,GG,85,100,21,NC_000007.14,Mutation NB - Maternal Origin,Transition - Purine/Purine,A>G
111622314,rs6960900,AA,GG,GG,91,88,0,NC_000007.14,Mutation NB - Paternal Origin,Transition - Purine/Purine,A>G
112575720,.,AA,AA,AG,64,96,47,NC_000007.14,Mutation NB - Paternal Origin,Transition - Purine/Purine,Unsolved
113946246,rs576410446,GG,GG,GA,88,88,98,NC_000007.14,Mutation NB - Paternal or Maternal,Transition - Purine/Purine,Unsolved
116781913,rs6947629,TT,TT,CC,100,100,12,NC_000007.14,Mutation NB - Paternal or Maternal,Transition - Pyrimidine/Pyrimidine,Unsolved
121368953,rs2536159,AA,AA,GG,88,91,9,NC_000007.14,Mutation NB - Paternal Origin,Transition - Purine/Purine,Unsolved
123031328,.,AA,AA,AG,85,76,53,NC_000007.14,Mutation NB - Maternal Origin,Transition - Purine/Purine,Unsolved
123068451,rs73229955,GG,GG,GA,91,100,68,NC_000007.14,Mutation NB - Paternal Origin,Transition - Purine/Purine,Unsolved
123499118,rs10282084,CC,CC,CT,70,100,65,NC_000007.14,Mutation NB - Paternal Origin,Transition - Pyrimidine/Pyrimidine,Unsolved
125468825,rs12113468,CT,CC,TT,35,91,9,NC_000007.14,Mutation NB - Maternal Origin,Transversion - Purine/Pyrimidine,C>T
127297234,rs77391463,CC,CA,AA,91,67,24,NC_000007.14,Mutation NB - Paternal Origin,Transversion - Purine/Pyrimidine,C>A
127340206,rs17864197,TT,TT,CT,82,91,99,NC_000007.14,Mutation NB - Paternal Origin,Transition - Pyrimidine/Pyrimidine,Unsolved
128746218,rs12539363,TT,TT,TC,82,88,53,NC_000007.14,Mutation NB - Paternal Origin,Transition - Pyrimidine/Pyrimidine,Unsolved
131912092,.,AA,AA,AG,73,70,53,NC_000007.14,Mutation NB - Maternal Origin,Transition - Purine/Purine,Unsolved
134412078,.,GG,GG,GA,82,64,59,NC_000007.14,Mutation NB - Maternal Origin,Transition - Purine/Purine,Unsolved
134413565,rs76423280,TT,CC,CC,95,82,81,NC_000007.14,Mutation NB - Paternal Origin,Transition - Pyrimidine/Pyrimidine,T>C
138942997,rs12707404,TT,CC,TT,88,82,9,NC_000007.14,Mutation NB - Maternal Origin,Transition - Pyrimidine/Pyrimidine,C>T
139803541,rs2079845,TC,CC,TT,73,73,9,NC_000007.14,Mutation NB - Maternal Origin,Transversion - Purine/Pyrimidine,C>T
140332141,rs4295574,TT,TT,TC,79,76,99,NC_000007.14,Mutation NB - Maternal Origin,Transition - Pyrimidine/Pyrimidine,Unsolved
140449301,.,TT,TT,TC,85,70,62,NC_000007.14,Mutation NB - Maternal Origin,Transition - Pyrimidine/Pyrimidine,Unsolved
140573302,.,AA,AA,AG,64,73,39,NC_000007.14,Mutation NB - Paternal Origin,Transition - Purine/Purine,Unsolved
141268593,.,AA,AA,AG,70,73,89,NC_000007.14,Mutation NB - Paternal Origin,Transition - Purine/Purine,Unsolved
144891687,rs1406716,GG,GG,GA,100,100,99,NC_000007.14,Mutation NB - Paternal or Maternal,Transition - Purine/Purine,Unsolved
145696845,rs850553,CC,CA,AA,100,62,30,NC_000007.14,Mutation NB - Paternal Origin,Transversion - Purine/Pyrimidine,C>A
150858827,rs10893,AA,GG,GG,67,43,21,NC_000007.14,Mutation NB - Paternal Origin,Transition - Purine/Purine,A>G
150888517,rs62492394,GG,GA,AA,79,1,42,NC_000007.14,Mutation NB - Paternal Origin,Transition - Purine/Purine,G>A
151582147,rs115500668,AA,GG,GG,91,88,9,NC_000007.14,Mutation NB - Paternal Origin,Transition - Purine/Purine,A>G
151731346,rs2256079,AG,GG,AA,44,85,0,NC_000007.14,Mutation NB - Maternal Origin,Transition - Purine/Purine,G>A
151872645,rs2080244479,GG,GG,GA,82,85,99,NC_000007.14,Mutation NB - Paternal Origin,Transition - Purine/Purine,Unsolved
153467085,rs72617377,AA,AA,AG,76,100,99,NC_000007.14,Mutation NB - Paternal Origin,Transition - Purine/Purine,Unsolved
154317262,rs10215728,TT,CC,TT,88,91,18,NC_000007.14,Mutation NB - Maternal Origin,Transition - Pyrimidine/Pyrimidine,C>T
154317266,rs117806281,GG,GG,AA,100,91,18,NC_000007.14,Mutation NB - Maternal Origin,Transition - Purine/Purine,Unsolved
154407493,rs6972828,CC,CC,CT,88,64,68,NC_000007.14,Mutation NB - Maternal Origin,Transition - Pyrimidine/Pyrimidine,Unsolved
154860569,rs878742,CC,CC,CT,82,100,99,NC_000007.14,Mutation NB - Paternal Origin,Transition - Pyrimidine/Pyrimidine,Unsolved
154871839,rs11768385,CC,TT,CC,76,100,15,NC_000007.14,Mutation NB - Maternal Origin,Transition - Pyrimidine/Pyrimidine,T>C
155211852,rs11515018,TT,CC,CC,85,91,0,NC_000007.14,Mutation NB - Paternal Origin,Transition - Pyrimidine/Pyrimidine,T>C
155247049,rs28715381,GG,AA,GG,85,85,9,NC_000007.14,Mutation NB - Maternal Origin,Transition - Purine/Purine,A>G
157346843,.,TT,TT,TC,82,58,62,NC_000007.14,Mutation NB - Maternal Origin,Transition - Pyrimidine/Pyrimidine,Unsolved
157346871,rs6459766,CC,CT,TT,100,1,21,NC_000007.14,Mutation NB - Paternal Origin,Transition - Pyrimidine/Pyrimidine,C>T
157414509,.,CC,CC,CT,85,70,44,NC_000007.14,Mutation NB - Maternal Origin,Transition - Pyrimidine/Pyrimidine,Unsolved
157444818,.,AA,AA,AG,58,25,39,NC_000007.14,Mutation NB - Maternal Origin,Transition - Purine/Purine,Unsolved
157941956,rs10248460,GG,AA,GG,79,67,9,NC_000007.14,Mutation NB - Maternal Origin,Transition - Purine/Purine,A>G
158784449,rs842454,GG,AA,AA,79,61,30,NC_000007.14,Mutation NB - Paternal Origin,Transition - Purine/Purine,G>A
569235,rs1669643,CC,AA,CC,67,88,24,NC_000008.11,Mutation NB - Maternal Origin,Transversion - Purine/Pyrimidine,A>C
4459180,rs77307145,GG,GG,GC,100,82,99,NC_000008.11,Mutation NB - Maternal Origin,Transition - Purine/Purine,Transversion - Purine/Pyrimidine,Unsolved
5736846,rs2669268,GG,TG,TT,88,73,0,NC_000008.11,Mutation NB - Paternal Origin,Transversion - Purine/Pyrimidine,G>T
5969861,rs2840507,AA,GG,AA,91,64,9,NC_000008.11,Mutation NB - Maternal Origin,Transition - Purine/Purine,G>A
5969875,rs2840508,CC,AA,CC,91,64,9,NC_000008.11,Mutation NB - Maternal Origin,Transversion - Purine/Pyrimidine,A>C
6139323,rs2570703,TT,GT,GG,92,1,0,NC_000008.11,Mutation NB - Paternal Origin,Transversion - Purine/Pyrimidine,T>G
6361330,rs10108654,TT,GG,TT,38,100,45,NC_000008.11,Mutation NB - Maternal Origin,Transversion - Purine/Pyrimidine,G>T
6444686,rs1247384323,TT,TT,TC,100,67,50,NC_000008.11,Mutation NB - Maternal Origin,Transition - Pyrimidine/Pyrimidine,Unsolved
18605049,rs2410576,CC,TT,CC,73,100,42,NC_000008.11,Mutation NB - Maternal Origin,Transition - Pyrimidine/Pyrimidine,T>C
20278713,.,TT,TT,TC,76,82,59,NC_000008.11,Mutation NB - Paternal Origin,Transition - Pyrimidine/Pyrimidine,Unsolved
21065177,.,AA,AA,AG,55,70,45,NC_000008.11,Mutation NB - Paternal Origin,Transition - Purine/Purine,Unsolved
22376213,rs4871995,CC,AA,AA,91,67,27,NC_000008.11,Mutation NB - Paternal Origin,Transversion - Purine/Pyrimidine,C>A
25305100,rs1014680120,AA,AA,AG,79,67,68,NC_000008.11,Mutation NB - Maternal Origin,Transition - Purine/Purine,Unsolved
25970709,rs10086999,CC,GC,GG,91,60,0,NC_000008.11,Mutation NB - Paternal Origin,Transversion - Purine/Pyrimidine,C>G
27404678,rs1367088,CC,CT,TT,100,44,18,NC_000008.11,Mutation NB - Paternal Origin,Transition - Pyrimidine/Pyrimidine,C>T
27697334,rs693832,TT,CC,TT,88,94,60,NC_000008.11,Mutation NB - Maternal Origin,Transition - Pyrimidine/Pyrimidine,C>T
27697344,rs693841,TT,CC,TT,88,88,60,NC_000008.11,Mutation NB - Maternal Origin,Transition - Pyrimidine/Pyrimidine,C>T
28326915,rs7831650,GG,AA,GG,79,70,18,NC_000008.11,Mutation NB - Maternal Origin,Transition - Purine/Purine,A>G
39428927,rs7829308,GG,AG,AA,76,1,18,NC_000008.11,Mutation NB - Paternal Origin,Transition - Purine/Purine,G>A
40859830,rs1467108,CC,TT,TT,100,73,60,NC_000008.11,Mutation NB - Paternal Origin,Transition - Pyrimidine/Pyrimidine,C>T
41529012,rs3808637,CC,CC,CG,82,100,59,NC_000008.11,Mutation NB - Paternal Origin,Transversion - Purine/Pyrimidine,Unsolved
41557373,rs12677229,GG,GA,AA,82,1,9,NC_000008.11,Mutation NB - Paternal Origin,Transition - Purine/Purine,G>A
42245938,.,GG,GG,GA,64,58,40,NC_000008.11,Mutation NB - Maternal Origin,Transition - Purine/Purine,Unsolved
46438567,rs2354252,CC,CT,TT,100,67,18,NC_000008.11,Mutation NB - Paternal Origin,Transition - Pyrimidine/Pyrimidine,C>T
48150800,rs3923232,CC,CC,CT,76,100,99,NC_000008.11,Mutation NB - Paternal Origin,Transition - Pyrimidine/Pyrimidine,Unsolved
48235420,rs137958392,GG,GG,GA,100,79,62,NC_000008.11,Mutation NB - Maternal Origin,Transition - Purine/Purine,Unsolved
51855495,.,TT,TT,TC,40,52,39,NC_000008.11,Mutation NB - Paternal Origin,Transition - Pyrimidine/Pyrimidine,Unsolved
53070467,.,CC,GG,CC,73,91,45,NC_000008.11,Mutation NB - Maternal Origin,Transversion - Purine/Pyrimidine,G>C
53202201,rs1425894,CC,CT,TT,100,8,27,NC_000008.11,Mutation NB - Paternal Origin,Transition - Pyrimidine/Pyrimidine,C>T
53334751,rs10107460,GG,AG,AA,91,1,66,NC_000008.11,Mutation NB - Paternal Origin,Transition - Purine/Purine,G>A
53334785,rs10092984,AA,CA,CC,67,1,33,NC_000008.11,Mutation NB - Paternal Origin,Transversion - Purine/Pyrimidine,A>C
55259114,rs10097293,AA,AG,GG,88,1,81,NC_000008.11,Mutation NB - Paternal Origin,Transition - Purine/Purine,A>G
55259115,rs10097294,AA,AT,TT,88,1,81,NC_000008.11,Mutation NB - Paternal Origin,Transversion - Purine/Pyrimidine,A>T
55633421,rs144193232,AA,AA,AT,91,85,47,NC_000008.11,Mutation NB - Maternal Origin,Transversion - Purine/Pyrimidine,Unsolved
62582568,rs1383192,TC,CC,TT,1,73,12,NC_000008.11,Mutation NB - Maternal Origin,Transversion - Purine/Pyrimidine,C>T
66220814,rs2446439,GA,AA,GG,1,79,0,NC_000008.11,Mutation NB - Maternal Origin,Transition - Purine/Purine,A>G
69464590,rs2244817,TT,CC,CC,100,22,99,NC_000008.11,Mutation NB - Paternal Origin,Transition - Pyrimidine/Pyrimidine,T>C
75752417,.,CC,CC,CT,61,79,50,NC_000008.11,Mutation NB - Paternal Origin,Transition - Pyrimidine/Pyrimidine,Unsolved
76901601,rs9643714,GG,GG,GA,100,79,68,NC_000008.11,Mutation NB - Maternal Origin,Transition - Purine/Purine,Unsolved
81584589,rs1585862060,CC,TT,CC,76,98,12,NC_000008.11,Mutation NB - Maternal Origin,Transition - Pyrimidine/Pyrimidine,T>C
83460410,rs7814102,TC,CC,TT,73,97,27,NC_000008.11,Mutation NB - Maternal Origin,Transversion - Purine/Pyrimidine,C>T
83731552,rs12544306,CC,CC,GG,100,82,9,NC_000008.11,Mutation NB - Maternal Origin,Transversion - Purine/Pyrimidine,Unsolved
86180666,rs66918501,TT,CC,TT,55,70,54,NC_000008.11,Mutation NB - Maternal Origin,Transition - Pyrimidine/Pyrimidine,C>T
90681759,rs10808626,AA,GG,AA,85,82,12,NC_000008.11,Mutation NB - Maternal Origin,Transition - Purine/Purine,G>A
91867026,rs735288,TT,CC,TT,88,88,18,NC_000008.11,Mutation NB - Maternal Origin,Transition - Pyrimidine/Pyrimidine,C>T
94572912,rs3102851,AA,CC,AA,88,85,0,NC_000008.11,Mutation NB - Maternal Origin,Transversion - Purine/Pyrimidine,C>A
94895944,rs78578254,CC,CT,TT,85,38,21,NC_000008.11,Mutation NB - Paternal Origin,Transition - Pyrimidine/Pyrimidine,C>T
95730602,rs6471558,GA,GG,AA,35,61,12,NC_000008.11,Mutation NB - Maternal Origin,Transition - Purine/Purine,G>A
97335523,rs7838967,AG,GG,AA,38,76,0,NC_000008.11,Mutation NB - Maternal Origin,Transition - Purine/Purine,G>A
97529891,.,AA,AA,AG,55,64,39,NC_000008.11,Mutation NB - Paternal Origin,Transition - Purine/Purine,Unsolved
97826360,rs2449537,TT,TC,CC,82,41,12,NC_000008.11,Mutation NB - Paternal Origin,Transition - Pyrimidine/Pyrimidine,T>C
99967206,rs6468701,TT,TT,CT,82,79,24,NC_000008.11,Mutation NB - Maternal Origin,Transition - Pyrimidine/Pyrimidine,Unsolved
100758172,rs2978094,TT,CC,CC,88,67,0,NC_000008.11,Mutation NB - Paternal Origin,Transition - Pyrimidine/Pyrimidine,T>C
101828650,rs7827304,GG,AG,AA,88,3,42,NC_000008.11,Mutation NB - Paternal Origin,Transition - Purine/Purine,G>A
103108982,rs10111377,AA,GG,AA,100,91,0,NC_000008.11,Mutation NB - Maternal Origin,Transition - Purine/Purine,G>A
104309352,rs7016168,CC,CT,TT,100,14,18,NC_000008.11,Mutation NB - Paternal Origin,Transition - Pyrimidine/Pyrimidine,C>T
106231790,rs12547139,AA,GG,AA,70,100,57,NC_000008.11,Mutation NB - Maternal Origin,Transition - Purine/Purine,G>A
111611917,rs28538317,CC,CC,CT,100,64,99,NC_000008.11,Mutation NB - Maternal Origin,Transition - Pyrimidine/Pyrimidine,Unsolved
111612055,rs1813964751,GG,GG,GA,70,40,41,NC_000008.11,Mutation NB - Maternal Origin,Transition - Purine/Purine,Unsolved
112219195,rs11991589,AA,AG,GG,100,28,9,NC_000008.11,Mutation NB - Paternal Origin,Transition - Purine/Purine,A>G
114981625,.,AA,AA,AC,70,79,53,NC_000008.11,Mutation NB - Paternal Origin,Transversion - Purine/Pyrimidine,Unsolved
117539603,rs72672139,TC,TT,CC,1,88,15,NC_000008.11,Mutation NB - Maternal Origin,Transition - Pyrimidine/Pyrimidine,T>C
118436844,rs4443692,CC,TT,TT,100,76,21,NC_000008.11,Mutation NB - Paternal Origin,Transition - Pyrimidine/Pyrimidine,C>T
122402916,rs10095999,AA,GG,AA,88,82,12,NC_000008.11,Mutation NB - Maternal Origin,Transition - Purine/Purine,G>A
124006898,.,AA,AA,AG,76,55,42,NC_000008.11,Mutation NB - Maternal Origin,Transition - Purine/Purine,Unsolved
124129025,rs9792331,GG,GG,GC,91,73,71,NC_000008.11,Mutation NB - Maternal Origin,Transition - Purine/Purine,Transversion - Purine/Pyrimidine,Unsolved
124266993,rs68047305,CC,CC,CT,91,67,99,NC_000008.11,Mutation NB - Maternal Origin,Transition - Pyrimidine/Pyrimidine,Unsolved
125204832,.,TT,TT,TC,67,76,50,NC_000008.11,Mutation NB - Paternal Origin,Transition - Pyrimidine/Pyrimidine,Unsolved
126914187,rs7015430,TT,TT,TC,85,76,99,NC_000008.11,Mutation NB - Maternal Origin,Transition - Pyrimidine/Pyrimidine,Unsolved
131592980,rs402478,CC,CC,GG,100,100,9,NC_000008.11,Mutation NB - Paternal or Maternal,Transversion - Purine/Pyrimidine,Unsolved
132900499,rs3739281,AA,CC,CC,91,70,0,NC_000008.11,Mutation NB - Paternal Origin,Transversion - Purine/Pyrimidine,A>C
133114403,rs7836183,GT,TT,GG,41,61,0,NC_000008.11,Mutation NB - Maternal Origin,Transversion - Purine/Pyrimidine,T>G
133322049,.,AA,AA,AG,40,55,89,NC_000008.11,Mutation NB - Paternal Origin,Transition - Purine/Purine,Unsolved
133456465,rs4736674,AA,AA,TT,91,100,9,NC_000008.11,Mutation NB - Paternal Origin,Transversion - Purine/Pyrimidine,Unsolved
133518155,rs59137899,TT,TT,TG,100,67,66,NC_000008.11,Mutation NB - Maternal Origin,Transition - Pyrimidine/Pyrimidine,Transversion - Purine/Pyrimidine,Unsolved
134272099,rs7817297,AA,TT,AA,88,82,0,NC_000008.11,Mutation NB - Maternal Origin,Transversion - Purine/Pyrimidine,T>A
134363441,rs4543574,CC,CT,TT,100,39,15,NC_000008.11,Mutation NB - Paternal Origin,Transition - Pyrimidine/Pyrimidine,C>T
134363575,rs4997070,TT,TC,CC,100,73,12,NC_000008.11,Mutation NB - Paternal Origin,Transition - Pyrimidine/Pyrimidine,T>C
134363580,rs921003717,AA,GG,GG,91,85,0,NC_000008.11,Mutation NB - Paternal Origin,Transition - Purine/Purine,A>G
134882423,rs4382428,GG,GA,AA,70,52,9,NC_000008.11,Mutation NB - Paternal Origin,Transition - Purine/Purine,G>A
135625608,rs59439225,GG,GG,GA,100,76,31,NC_000008.11,Mutation NB - Maternal Origin,Transition - Purine/Purine,Unsolved
135726290,rs6577664,CT,TT,CC,8,91,12,NC_000008.11,Mutation NB - Maternal Origin,Transition - Pyrimidine/Pyrimidine,T>C
136583042,rs7815091,GA,GG,AA,45,82,9,NC_000008.11,Mutation NB - Maternal Origin,Transition - Purine/Purine,G>A
138390835,rs883972,TT,AA,TT,91,100,9,NC_000008.11,Mutation NB - Maternal Origin,Transversion - Purine/Pyrimidine,A>T
139276445,.,TT,TT,TC,82,58,41,NC_000008.11,Mutation NB - Maternal Origin,Transition - Pyrimidine/Pyrimidine,Unsolved
139825045,rs73726668,CC,CC,CT,100,100,68,NC_000008.11,Mutation NB - Paternal or Maternal,Transition - Pyrimidine/Pyrimidine,Unsolved
140545434,rs2977478,GG,GG,GA,73,67,99,NC_000008.11,Mutation NB - Maternal Origin,Transition - Purine/Purine,Unsolved
141331659,rs13279009,TC,CC,TT,1,61,12,NC_000008.11,Mutation NB - Maternal Origin,Transversion - Purine/Pyrimidine,C>T
141331683,rs11997579,AT,TT,AA,1,61,12,NC_000008.11,Mutation NB - Maternal Origin,Transversion - Purine/Pyrimidine,T>A
141706567,rs76849780,AA,AA,AG,100,79,27,NC_000008.11,Mutation NB - Maternal Origin,Transition - Purine/Purine,Unsolved
141907430,rs1530590,AA,AA,AG,19,100,99,NC_000008.11,Mutation NB - Paternal Origin,Transition - Purine/Purine,Unsolved
142000322,rs4917270,GG,GG,GA,100,85,27,NC_000008.11,Mutation NB - Maternal Origin,Transition - Purine/Purine,Unsolved
142000353,rs4917271,CC,CC,CT,100,85,27,NC_000008.11,Mutation NB - Maternal Origin,Transition - Pyrimidine/Pyrimidine,Unsolved
142267558,rs59160902,CC,AA,AA,88,89,57,NC_000008.11,Mutation NB - Paternal Origin,Transversion - Purine/Pyrimidine,C>A
142267614,rs61546730,TT,TC,CC,91,1,54,NC_000008.11,Mutation NB - Paternal Origin,Transition - Pyrimidine/Pyrimidine,T>C
142314989,rs117247571,CC,CC,CG,100,82,88,NC_000008.11,Mutation NB - Maternal Origin,Transversion - Purine/Pyrimidine,Unsolved
142350671,rs11996196,CC,TT,TT,82,79,0,NC_000008.11,Mutation NB - Paternal Origin,Transition - Pyrimidine/Pyrimidine,C>T
142361822,rs7007696,GG,GG,GC,88,88,99,NC_000008.11,Mutation NB - Paternal or Maternal,Transition - Purine/Purine,Transversion - Purine/Pyrimidine,Unsolved
142429126,rs13280670,CC,CC,TC,82,76,24,NC_000008.11,Mutation NB - Maternal Origin,Transition - Pyrimidine/Pyrimidine,Unsolved
142429132,rs13272253,TT,TT,CT,82,76,24,NC_000008.11,Mutation NB - Maternal Origin,Transition - Pyrimidine/Pyrimidine,Unsolved
142506152,rs79494011,GG,GG,GA,82,100,99,NC_000008.11,Mutation NB - Paternal Origin,Transition - Purine/Purine,Unsolved
142541840,rs116050017,CC,CC,CT,73,100,99,NC_000008.11,Mutation NB - Paternal Origin,Transition - Pyrimidine/Pyrimidine,Unsolved
142572102,rs4977107,GG,TT,TT,100,70,33,NC_000008.11,Mutation NB - Paternal Origin,Transversion - Purine/Pyrimidine,G>T
142800888,rs79364532,TT,TT,TG,100,100,68,NC_000008.11,Mutation NB - Paternal or Maternal,Transition - Pyrimidine/Pyrimidine,Transversion - Purine/Pyrimidine,Unsolved
903461,rs4740965,GG,AA,AA,82,70,18,NC_000009.12,Mutation NB - Paternal Origin,Transition - Purine/Purine,G>A
997156,.,AA,AA,AG,76,82,63,NC_000009.12,Mutation NB - Paternal Origin,Transition - Purine/Purine,Unsolved
1000254,rs67580838,GG,GG,GA,70,100,21,NC_000009.12,Mutation NB - Paternal Origin,Transition - Purine/Purine,Unsolved
2177170,rs16937852,AA,CC,CC,100,76,27,NC_000009.12,Mutation NB - Paternal Origin,Transversion - Purine/Pyrimidine,A>C
2514546,rs10966659,CC,CT,TT,100,35,21,NC_000009.12,Mutation NB - Paternal Origin,Transition - Pyrimidine/Pyrimidine,C>T
4195530,rs7039241,AA,CC,CC,82,94,24,NC_000009.12,Mutation NB - Paternal Origin,Transversion - Purine/Pyrimidine,A>C
7713572,rs1905762,CC,AA,CC,91,79,21,NC_000009.12,Mutation NB - Maternal Origin,Transversion - Purine/Pyrimidine,A>C
8280928,rs12339066,GG,AA,AA,91,73,15,NC_000009.12,Mutation NB - Paternal Origin,Transition - Purine/Purine,G>A
8280950,rs1392508,AA,CC,AA,91,73,15,NC_000009.12,Mutation NB - Maternal Origin,Transversion - Purine/Pyrimidine,C>A
8280981,rs1392509,AA,GG,AA,91,73,15,NC_000009.12,Mutation NB - Maternal Origin,Transition - Purine/Purine,G>A
14567166,rs7028531,GG,GA,AA,91,29,9,NC_000009.12,Mutation NB - Paternal Origin,Transition - Purine/Purine,G>A
15618138,rs7864402,GG,CC,CC,91,85,18,NC_000009.12,Mutation NB - Paternal Origin,Transversion - Purine/Pyrimidine,G>C
16053712,rs1556045,GG,AA,GG,76,91,0,NC_000009.12,Mutation NB - Maternal Origin,Transition - Purine/Purine,A>G
28241330,.,GG,GG,GA,100,100,40,NC_000009.12,Mutation NB - Paternal or Maternal,Transition - Purine/Purine,Unsolved
28365518,rs7851678,TT,AA,TT,85,85,9,NC_000009.12,Mutation NB - Maternal Origin,Transversion - Purine/Pyrimidine,A>T
32001063,rs10970657,GG,GG,TT,100,76,15,NC_000009.12,Mutation NB - Maternal Origin,Transversion - Purine/Pyrimidine,Unsolved
32001065,rs117308518,CC,CC,TT,100,76,15,NC_000009.12,Mutation NB - Maternal Origin,Transition - Pyrimidine/Pyrimidine,Unsolved
32380091,rs73644905,CC,CT,TT,79,29,18,NC_000009.12,Mutation NB - Paternal Origin,Transition - Pyrimidine/Pyrimidine,C>T
32464137,rs9695310,GC,CC,GG,1,88,9,NC_000009.12,Mutation NB - Maternal Origin,Transversion - Purine/Pyrimidine,C>G
33163951,.,GG,GG,GA,73,55,47,NC_000009.12,Mutation NB - Maternal Origin,Transition - Purine/Purine,Unsolved
33965777,rs72727369,AA,GG,GG,85,82,0,NC_000009.12,Mutation NB - Paternal Origin,Transition - Purine/Purine,A>G
36345154,rs7042226,TT,CC,TT,64,100,42,NC_000009.12,Mutation NB - Maternal Origin,Transition - Pyrimidine/Pyrimidine,C>T
36982748,rs3018183,CC,GG,GG,100,86,18,NC_000009.12,Mutation NB - Paternal Origin,Transversion - Purine/Pyrimidine,C>G
37716703,rs16934425,TT,TT,TC,85,73,99,NC_000009.12,Mutation NB - Maternal Origin,Transition - Pyrimidine/Pyrimidine,Unsolved
38006416,rs117724440,GG,GG,GA,100,91,98,NC_000009.12,Mutation NB - Maternal Origin,Transition - Purine/Purine,Unsolved
38146187,rs7035809,TT,CC,CC,100,79,12,NC_000009.12,Mutation NB - Paternal Origin,Transition - Pyrimidine/Pyrimidine,T>C
69013291,rs3730386,GG,GG,GC,100,79,99,NC_000009.12,Mutation NB - Maternal Origin,Transition - Purine/Purine,Transversion - Purine/Pyrimidine,Unsolved
69363921,rs6559489,CC,TT,CC,67,100,27,NC_000009.12,Mutation NB - Maternal Origin,Transition - Pyrimidine/Pyrimidine,T>C
70550162,rs10780947,CC,TT,CC,85,79,0,NC_000009.12,Mutation NB - Maternal Origin,Transition - Pyrimidine/Pyrimidine,T>C
71557512,rs35456528,TT,CC,TT,67,82,21,NC_000009.12,Mutation NB - Maternal Origin,Transition - Pyrimidine/Pyrimidine,C>T
73219239,.,CC,CC,CT,91,85,33,NC_000009.12,Mutation NB - Maternal Origin,Transition - Pyrimidine/Pyrimidine,Unsolved
75210103,rs13440448,CC,CC,CA,91,100,99,NC_000009.12,Mutation NB - Paternal Origin,Transversion - Purine/Pyrimidine,Unsolved
76356337,rs7034265,TT,TT,TC,100,91,99,NC_000009.12,Mutation NB - Maternal Origin,Transition - Pyrimidine/Pyrimidine,Unsolved
79863585,rs11138389,TC,CC,TT,1,76,0,NC_000009.12,Mutation NB - Maternal Origin,Transversion - Purine/Pyrimidine,C>T
79863586,rs55765712,GA,AA,GG,1,76,0,NC_000009.12,Mutation NB - Maternal Origin,Transition - Purine/Purine,A>G
81363991,rs11792869,TC,TT,CC,67,85,9,NC_000009.12,Mutation NB - Maternal Origin,Transition - Pyrimidine/Pyrimidine,T>C
81655485,rs2796449,CT,TT,CC,1,79,0,NC_000009.12,Mutation NB - Maternal Origin,Transition - Pyrimidine/Pyrimidine,T>C
82333021,.,AA,AA,AG,70,64,44,NC_000009.12,Mutation NB - Maternal Origin,Transition - Purine/Purine,Unsolved
84177143,rs7042904,CC,CC,CT,100,85,64,NC_000009.12,Mutation NB - Maternal Origin,Transition - Pyrimidine/Pyrimidine,Unsolved
85525844,rs55798430,AA,AA,AG,100,70,99,NC_000009.12,Mutation NB - Maternal Origin,Transition - Purine/Purine,Unsolved
85882979,rs12005928,CC,CC,CT,76,100,99,NC_000009.12,Mutation NB - Paternal Origin,Transition - Pyrimidine/Pyrimidine,Unsolved
88076281,rs944632,CC,GG,CC,79,100,15,NC_000009.12,Mutation NB - Maternal Origin,Transversion - Purine/Pyrimidine,G>C
88076465,.,AA,AA,AG,67,88,56,NC_000009.12,Mutation NB - Paternal Origin,Transition - Purine/Purine,Unsolved
88320610,rs1826015002,CC,CC,CT,73,87,41,NC_000009.12,Mutation NB - Paternal Origin,Transition - Pyrimidine/Pyrimidine,Unsolved
90346615,rs4111336,GG,GG,GA,100,64,99,NC_000009.12,Mutation NB - Maternal Origin,Transition - Purine/Purine,Unsolved
91817650,rs550887314,AA,GG,GG,85,73,9,NC_000009.12,Mutation NB - Paternal Origin,Transition - Purine/Purine,A>G
93235804,.,TT,TT,TC,67,88,70,NC_000009.12,Mutation NB - Paternal Origin,Transition - Pyrimidine/Pyrimidine,Unsolved
93582360,.,AA,AA,AG,58,73,42,NC_000009.12,Mutation NB - Paternal Origin,Transition - Purine/Purine,Unsolved
93903485,rs1890379,AA,AG,GG,100,32,9,NC_000009.12,Mutation NB - Paternal Origin,Transition - Purine/Purine,A>G
93903530,rs1890380,GG,GA,AA,91,38,9,NC_000009.12,Mutation NB - Paternal Origin,Transition - Purine/Purine,G>A
93909946,.,TT,TT,TC,43,73,40,NC_000009.12,Mutation NB - Paternal Origin,Transition - Pyrimidine/Pyrimidine,Unsolved
93999986,rs2094929,TT,TT,TC,100,73,21,NC_000009.12,Mutation NB - Maternal Origin,Transition - Pyrimidine/Pyrimidine,Unsolved
94944492,rs116603812,CC,CC,CT,67,91,99,NC_000009.12,Mutation NB - Paternal Origin,Transition - Pyrimidine/Pyrimidine,Unsolved
95730018,rs2571348,AA,GG,GG,91,67,33,NC_000009.12,Mutation NB - Paternal Origin,Transition - Purine/Purine,A>G
96485476,rs10991346,CT,CC,TT,3,100,12,NC_000009.12,Mutation NB - Maternal Origin,Transversion - Purine/Pyrimidine,C>T
98302734,.,TT,TT,TC,25,73,41,NC_000009.12,Mutation NB - Paternal Origin,Transition - Pyrimidine/Pyrimidine,Unsolved
98570810,.,GG,GG,GA,61,85,44,NC_000009.12,Mutation NB - Paternal Origin,Transition - Purine/Purine,Unsolved
98960366,rs10819515,CC,CC,CT,76,100,99,NC_000009.12,Mutation NB - Paternal Origin,Transition - Pyrimidine/Pyrimidine,Unsolved
99368956,.,AA,AA,AG,73,88,45,NC_000009.12,Mutation NB - Paternal Origin,Transition - Purine/Purine,Unsolved
101738339,rs1337676,GG,GA,AA,100,70,36,NC_000009.12,Mutation NB - Paternal Origin,Transition - Purine/Purine,G>A
101807631,rs35212089,TT,TT,CC,91,100,9,NC_000009.12,Mutation NB - Paternal Origin,Transition - Pyrimidine/Pyrimidine,Unsolved
102114829,rs12377882,TT,CC,CC,85,88,45,NC_000009.12,Mutation NB - Paternal Origin,Transition - Pyrimidine/Pyrimidine,T>C
108605871,rs959244,TT,TT,CT,52,58,99,NC_000009.12,Mutation NB - Paternal Origin,Transition - Pyrimidine/Pyrimidine,Unsolved
109518319,rs6477709,GG,AA,GG,70,100,21,NC_000009.12,Mutation NB - Maternal Origin,Transition - Purine/Purine,A>G
116819420,rs2416571,GG,AA,GG,73,100,42,NC_000009.12,Mutation NB - Maternal Origin,Transition - Purine/Purine,A>G
116986237,rs145623966,CC,CC,CT,91,88,99,NC_000009.12,Mutation NB - Maternal Origin,Transition - Pyrimidine/Pyrimidine,Unsolved
120358889,rs6478472,AA,AG,GG,100,13,18,NC_000009.12,Mutation NB - Paternal Origin,Transition - Purine/Purine,A>G
121858508,rs4836866,GG,AA,AA,85,79,78,NC_000009.12,Mutation NB - Paternal Origin,Transition - Purine/Purine,G>A
121858517,rs4837905,CC,TT,TT,85,79,78,NC_000009.12,Mutation NB - Paternal Origin,Transition - Pyrimidine/Pyrimidine,C>T
122239898,rs1831385670,AA,AA,AG,91,88,44,NC_000009.12,Mutation NB - Maternal Origin,Transition - Purine/Purine,Unsolved
124218621,rs10760334,CC,CG,GG,100,1,27,NC_000009.12,Mutation NB - Paternal Origin,Transversion - Purine/Pyrimidine,C>G
124344864,rs1408096,CC,GG,GG,76,76,0,NC_000009.12,Mutation NB - Paternal Origin,Transversion - Purine/Pyrimidine,C>G
124477719,rs1832074107,TT,TT,TC,91,70,41,NC_000009.12,Mutation NB - Maternal Origin,Transition - Pyrimidine/Pyrimidine,Unsolved
126034299,rs4838314,TT,TG,GG,100,67,9,NC_000009.12,Mutation NB - Paternal Origin,Transversion - Purine/Pyrimidine,T>G
126450135,rs10739674,AA,GG,GG,91,88,9,NC_000009.12,Mutation NB - Paternal Origin,Transition - Purine/Purine,A>G
126583685,.,TT,TT,TC,86,70,68,NC_000009.12,Mutation NB - Maternal Origin,Transition - Pyrimidine/Pyrimidine,Unsolved
127145955,rs72764394,CC,TT,CC,91,91,12,NC_000009.12,Mutation NB - Maternal Origin,Transition - Pyrimidine/Pyrimidine,T>C
127474310,rs2250184,GG,CC,GG,79,88,18,NC_000009.12,Mutation NB - Maternal Origin,Transversion - Purine/Pyrimidine,C>G
127948447,rs4837212,AG,GG,AA,73,79,0,NC_000009.12,Mutation NB - Maternal Origin,Transition - Purine/Purine,G>A
128542908,rs140448473,TT,AA,AA,79,85,0,NC_000009.12,Mutation NB - Paternal Origin,Transversion - Purine/Pyrimidine,T>A
128605405,.,GG,GG,GC,85,91,56,NC_000009.12,Mutation NB - Paternal Origin,Transition - Purine/Purine,Transversion - Purine/Pyrimidine,Unsolved
128635200,rs4837291,AA,GG,AA,85,100,21,NC_000009.12,Mutation NB - Maternal Origin,Transition - Purine/Purine,G>A
128654590,rs7849746,CC,TT,CC,79,100,18,NC_000009.12,Mutation NB - Maternal Origin,Transition - Pyrimidine/Pyrimidine,T>C
128835613,.,TT,TT,TC,67,70,54,NC_000009.12,Mutation NB - Paternal Origin,Transition - Pyrimidine/Pyrimidine,Unsolved
130321432,rs919560314,AT,AA,TT,32,100,24,NC_000009.12,Mutation NB - Maternal Origin,Transversion - Purine/Pyrimidine,A>T
130382297,.,AA,AA,AG,67,70,50,NC_000009.12,Mutation NB - Paternal Origin,Transition - Purine/Purine,Unsolved
130880367,rs12005009,CC,TT,TT,76,88,30,NC_000009.12,Mutation NB - Paternal Origin,Transition - Pyrimidine/Pyrimidine,C>T
131067485,rs12551970,AA,GG,AA,70,100,57,NC_000009.12,Mutation NB - Maternal Origin,Transition - Purine/Purine,G>A
131841562,rs36092834,GG,GG,GA,100,76,99,NC_000009.12,Mutation NB - Maternal Origin,Transition - Purine/Purine,Unsolved
132241844,rs374514879,CC,CC,CT,100,58,33,NC_000009.12,Mutation NB - Maternal Origin,Transition - Pyrimidine/Pyrimidine,Unsolved
132949576,.,TT,TT,TC,76,73,68,NC_000009.12,Mutation NB - Maternal Origin,Transition - Pyrimidine/Pyrimidine,Unsolved
134145007,rs28588875,CC,CT,TT,100,45,42,NC_000009.12,Mutation NB - Paternal Origin,Transition - Pyrimidine/Pyrimidine,C>T
134231001,rs72768707,CC,TT,TT,64,91,27,NC_000009.12,Mutation NB - Paternal Origin,Transition - Pyrimidine/Pyrimidine,C>T
134443675,rs3118523,GG,AA,AA,91,91,54,NC_000009.12,Mutation NB - Paternal Origin,Transition - Purine/Purine,G>A
134695782,rs4596720,GG,AG,AA,91,70,0,NC_000009.12,Mutation NB - Paternal Origin,Transition - Purine/Purine,G>A
134967719,rs56171858,GA,AA,GG,1,88,33,NC_000009.12,Mutation NB - Maternal Origin,Transition - Purine/Purine,A>G
134993715,rs2279264,AG,AA,GG,70,100,18,NC_000009.12,Mutation NB - Maternal Origin,Transition - Purine/Purine,A>G
134993753,rs17039620,AG,AA,GG,32,100,21,NC_000009.12,Mutation NB - Maternal Origin,Transition - Purine/Purine,A>G
135346028,rs10745403,AG,GG,AA,41,88,9,NC_000009.12,Mutation NB - Maternal Origin,Transition - Purine/Purine,G>A
135457316,rs10776815,GA,GG,AA,67,100,15,NC_000009.12,Mutation NB - Maternal Origin,Transition - Purine/Purine,G>A
135551030,rs72766553,GG,AA,AA,73,79,9,NC_000009.12,Mutation NB - Paternal Origin,Transition - Purine/Purine,G>A
136073424,rs10776876,CC,TT,TT,85,91,0,NC_000009.12,Mutation NB - Paternal Origin,Transition - Pyrimidine/Pyrimidine,C>T
136158130,rs1164889,CC,TT,CC,40,100,60,NC_000009.12,Mutation NB - Maternal Origin,Transition - Pyrimidine/Pyrimidine,T>C
136332186,rs4073879,AA,AA,AG,100,82,99,NC_000009.12,Mutation NB - Maternal Origin,Transition - Purine/Purine,Unsolved
136529900,.,TT,TT,TC,73,82,65,NC_000009.12,Mutation NB - Paternal Origin,Transition - Pyrimidine/Pyrimidine,Unsolved
136950052,rs10870148,CC,TC,TT,91,32,9,NC_000009.12,Mutation NB - Paternal Origin,Transition - Pyrimidine/Pyrimidine,C>T
137079177,rs7390710,AC,CC,AA,25,91,0,NC_000009.12,Mutation NB - Maternal Origin,Transversion - Purine/Pyrimidine,C>A
137343347,rs188307530,CC,CC,CT,49,100,99,NC_000009.12,Mutation NB - Paternal Origin,Transition - Pyrimidine/Pyrimidine,Unsolved
533929,rs816640,AA,AG,GG,91,32,57,NC_000010.11,Mutation NB - Paternal Origin,Transition - Purine/Purine,A>G
605932,rs11814657,TT,GG,GG,91,61,24,NC_000010.11,Mutation NB - Paternal Origin,Transversion - Purine/Pyrimidine,T>G
805617,rs75043170,GG,GG,GA,79,85,99,NC_000010.11,Mutation NB - Paternal Origin,Transition - Purine/Purine,Unsolved
1710385,rs35780237,TC,TT,CC,13,88,15,NC_000010.11,Mutation NB - Maternal Origin,Transition - Pyrimidine/Pyrimidine,T>C
1776835,rs12256501,TT,TT,TG,94,94,58,NC_000010.11,Mutation NB - Paternal or Maternal,Transition - Pyrimidine/Pyrimidine,Transversion - Purine/Pyrimidine,Unsolved
1852239,rs7077765,GG,TT,GG,82,91,0,NC_000010.11,Mutation NB - Maternal Origin,Transition - Purine/Purine,Transversion - Purine/Pyrimidine,T>G
2128486,rs73594559,CC,CC,CT,82,100,57,NC_000010.11,Mutation NB - Paternal Origin,Transition - Pyrimidine/Pyrimidine,Unsolved
2175082,rs73596553,CC,AA,CC,100,85,0,NC_000010.11,Mutation NB - Maternal Origin,Transversion - Purine/Pyrimidine,A>C
2322798,rs4468275,GG,AA,GG,91,91,9,NC_000010.11,Mutation NB - Maternal Origin,Transition - Purine/Purine,A>G
5477975,.,TT,TT,TC,73,79,53,NC_000010.11,Mutation NB - Paternal Origin,Transition - Pyrimidine/Pyrimidine,Unsolved
5660285,rs2386643,TT,TT,CT,84,91,29,NC_000010.11,Mutation NB - Paternal Origin,Transition - Pyrimidine/Pyrimidine,Unsolved
11679103,rs12358692,CT,CC,TT,1,100,15,NC_000010.11,Mutation NB - Maternal Origin,Transversion - Purine/Pyrimidine,C>T
11679120,rs11257242,CG,CC,GG,1,100,15,NC_000010.11,Mutation NB - Maternal Origin,Transversion - Purine/Pyrimidine,C>G
11707985,rs11257268,GG,AA,AA,88,67,15,NC_000010.11,Mutation NB - Paternal Origin,Transition - Purine/Purine,G>A
13454479,rs7079554,GG,AA,GG,88,79,0,NC_000010.11,Mutation NB - Maternal Origin,Transition - Purine/Purine,A>G
16429484,rs75016790,CC,CC,CT,88,100,68,NC_000010.11,Mutation NB - Paternal Origin,Transition - Pyrimidine/Pyrimidine,Unsolved
18274137,.,AA,AA,AG,79,73,47,NC_000010.11,Mutation NB - Maternal Origin,Transition - Purine/Purine,Unsolved
18778521,.,AA,AA,AG,88,79,47,NC_000010.11,Mutation NB - Maternal Origin,Transition - Purine/Purine,Unsolved
20339341,rs7913312,TT,CC,TT,67,79,24,NC_000010.11,Mutation NB - Maternal Origin,Transition - Pyrimidine/Pyrimidine,C>T
24117677,.,TT,TT,TC,67,76,59,NC_000010.11,Mutation NB - Paternal Origin,Transition - Pyrimidine/Pyrimidine,Unsolved
25013806,rs12773928,GA,AA,GG,1,91,9,NC_000010.11,Mutation NB - Maternal Origin,Transition - Purine/Purine,A>G
25912330,rs11014851,GT,GG,TT,36,73,9,NC_000010.11,Mutation NB - Maternal Origin,Transversion - Purine/Pyrimidine,G>T
26941279,rs139761689,AA,AA,AG,100,52,99,NC_000010.11,Mutation NB - Maternal Origin,Transition - Purine/Purine,Unsolved
27876786,rs7077304,GG,AG,AA,79,38,0,NC_000010.11,Mutation NB - Paternal Origin,Transition - Purine/Purine,G>A
31135515,rs1250301,AA,AA,AG,100,76,65,NC_000010.11,Mutation NB - Maternal Origin,Transition - Purine/Purine,Unsolved
31762517,rs2808065,GG,AA,AA,100,67,24,NC_000010.11,Mutation NB - Paternal Origin,Transition - Purine/Purine,G>A
33275530,rs2776926,TT,CC,CC,100,88,12,NC_000010.11,Mutation NB - Paternal Origin,Transition - Pyrimidine/Pyrimidine,T>C
37703090,rs1814077,GG,GC,CC,100,1,36,NC_000010.11,Mutation NB - Paternal Origin,Transversion - Purine/Pyrimidine,G>C
43062923,rs962002399,GG,GG,GA,85,82,41,NC_000010.11,Mutation NB - Maternal Origin,Transition - Purine/Purine,Unsolved
44559219,.,AA,AA,AG,79,61,50,NC_000010.11,Mutation NB - Maternal Origin,Transition - Purine/Purine,Unsolved
47214670,.,AA,AA,AG,67,40,41,NC_000010.11,Mutation NB - Maternal Origin,Transition - Purine/Purine,Unsolved
49410035,rs7096349,AA,AA,GA,67,73,3,NC_000010.11,Mutation NB - Paternal Origin,Transition - Purine/Purine,Unsolved
49781730,rs7073860,AT,AA,TT,70,100,39,NC_000010.11,Mutation NB - Maternal Origin,Transversion - Purine/Pyrimidine,A>T
50279613,.,AA,AA,AG,67,64,49,NC_000010.11,Mutation NB - Maternal Origin,Transition - Purine/Purine,Unsolved
53222421,rs11003466,TT,TT,GT,88,79,97,NC_000010.11,Mutation NB - Maternal Origin,Transition - Pyrimidine/Pyrimidine,Transversion - Purine/Pyrimidine,Unsolved
58404800,rs11006137,GG,GG,GA,100,85,99,NC_000010.11,Mutation NB - Maternal Origin,Transition - Purine/Purine,Unsolved
62762354,rs224033,GG,CC,GG,67,100,30,NC_000010.11,Mutation NB - Maternal Origin,Transversion - Purine/Pyrimidine,C>G
69633932,.,TT,TT,TC,73,67,53,NC_000010.11,Mutation NB - Maternal Origin,Transition - Pyrimidine/Pyrimidine,Unsolved
71602093,.,TT,TT,TC,82,76,41,NC_000010.11,Mutation NB - Maternal Origin,Transition - Pyrimidine/Pyrimidine,Unsolved
75702017,.,TT,TT,TC,64,98,38,NC_000010.11,Mutation NB - Paternal Origin,Transition - Pyrimidine/Pyrimidine,Unsolved
77370385,.,AA,AA,AG,91,91,62,NC_000010.11,Mutation NB - Paternal or Maternal,Transition - Purine/Purine,Unsolved
77969379,rs72806035,GG,AA,AA,91,88,15,NC_000010.11,Mutation NB - Paternal Origin,Transition - Purine/Purine,G>A
79507835,rs1250778,TT,CC,CC,85,82,0,NC_000010.11,Mutation NB - Paternal Origin,Transition - Pyrimidine/Pyrimidine,T>C
80335502,.,AA,AA,AC,88,91,49,NC_000010.11,Mutation NB - Paternal Origin,Transversion - Purine/Pyrimidine,Unsolved
80588076,rs2138287,TT,CC,CC,88,55,0,NC_000010.11,Mutation NB - Paternal Origin,Transition - Pyrimidine/Pyrimidine,T>C
85320124,rs117437136,GG,AA,GG,58,70,45,NC_000010.11,Mutation NB - Maternal Origin,Transition - Purine/Purine,A>G
86132794,.,TT,TT,TC,70,85,68,NC_000010.11,Mutation NB - Paternal Origin,Transition - Pyrimidine/Pyrimidine,Unsolved
86188381,.,AA,AA,AG,67,76,44,NC_000010.11,Mutation NB - Paternal Origin,Transition - Purine/Purine,Unsolved
86405674,rs767989,CC,CC,CA,79,100,92,NC_000010.11,Mutation NB - Paternal Origin,Transversion - Purine/Pyrimidine,Unsolved
87615710,rs180890673,TT,TT,TA,76,91,72,NC_000010.11,Mutation NB - Paternal Origin,Transition - Pyrimidine/Pyrimidine,Transversion - Purine/Pyrimidine,Unsolved
87615711,rs549301817,AA,AA,AT,76,91,72,NC_000010.11,Mutation NB - Paternal Origin,Transversion - Purine/Pyrimidine,Unsolved
93845433,rs11187706,TT,TT,TC,100,73,27,NC_000010.11,Mutation NB - Maternal Origin,Transition - Pyrimidine/Pyrimidine,Unsolved
97197673,rs12098374,AA,AG,GG,79,35,18,NC_000010.11,Mutation NB - Paternal Origin,Transition - Purine/Purine,A>G
97368746,rs61863816,GA,GG,AA,32,67,12,NC_000010.11,Mutation NB - Maternal Origin,Transition - Purine/Purine,G>A
97750311,rs3750614,GG,TT,TT,100,76,36,NC_000010.11,Mutation NB - Paternal Origin,Transversion - Purine/Pyrimidine,G>T
98261915,rs79859523,CC,CC,CT,85,85,68,NC_000010.11,Mutation NB - Paternal or Maternal,Transition - Pyrimidine/Pyrimidine,Unsolved
100878772,rs74154228,TA,TT,AA,67,58,9,NC_000010.11,Mutation NB - Maternal Origin,Transversion - Purine/Pyrimidine,T>A
102515661,rs1884929,TT,CT,CC,76,1,0,NC_000010.11,Mutation NB - Paternal Origin,Transition - Pyrimidine/Pyrimidine,T>C
106955853,rs822087,CT,CC,TT,22,100,18,NC_000010.11,Mutation NB - Maternal Origin,Transversion - Purine/Pyrimidine,C>T
109509854,.,AA,AA,AC,52,58,48,NC_000010.11,Mutation NB - Paternal Origin,Transversion - Purine/Pyrimidine,Unsolved
109575443,rs4412698,TT,CT,CC,64,1,0,NC_000010.11,Mutation NB - Paternal Origin,Transition - Pyrimidine/Pyrimidine,T>C
111127653,rs915016423,TT,TT,TC,100,73,99,NC_000010.11,Mutation NB - Maternal Origin,Transition - Pyrimidine/Pyrimidine,Unsolved
111709833,rs114207301,TT,AA,AA,82,73,15,NC_000010.11,Mutation NB - Paternal Origin,Transversion - Purine/Pyrimidine,T>A
112123105,rs2803593,AA,AA,AG,91,100,99,NC_000010.11,Mutation NB - Paternal Origin,Transition - Purine/Purine,Unsolved
113144651,rs56260041,GG,AA,AA,82,79,12,NC_000010.11,Mutation NB - Paternal Origin,Transition - Purine/Purine,G>A
117213029,rs2532816,GG,AG,AA,85,1,0,NC_000010.11,Mutation NB - Paternal Origin,Transition - Purine/Purine,G>A
118410980,rs10886237,TT,CC,CC,88,61,33,NC_000010.11,Mutation NB - Paternal Origin,Transition - Pyrimidine/Pyrimidine,T>C
121620310,rs2247640,GG,GG,AG,85,76,8,NC_000010.11,Mutation NB - Maternal Origin,Transition - Purine/Purine,Unsolved
123587163,rs115558190,AA,AA,AG,61,100,99,NC_000010.11,Mutation NB - Paternal Origin,Transition - Purine/Purine,Unsolved
123761242,rs1863738,GA,AA,GG,1,85,12,NC_000010.11,Mutation NB - Maternal Origin,Transition - Purine/Purine,A>G
123762074,rs10794567,GA,AA,GG,1,85,12,NC_000010.11,Mutation NB - Maternal Origin,Transition - Purine/Purine,A>G
124468455,rs2459211,CC,AC,AA,85,2,0,NC_000010.11,Mutation NB - Paternal Origin,Transversion - Purine/Pyrimidine,C>A
124741306,rs10901813,AA,GG,AA,91,85,4,NC_000010.11,Mutation NB - Maternal Origin,Transition - Purine/Purine,G>A
125953707,rs4403725,AA,GG,AA,91,82,0,NC_000010.11,Mutation NB - Maternal Origin,Transition - Purine/Purine,G>A
128017836,rs11016014,GG,CC,CC,88,82,15,NC_000010.11,Mutation NB - Paternal Origin,Transversion - Purine/Pyrimidine,G>C
128457285,.,CC,CC,CA,67,52,47,NC_000010.11,Mutation NB - Maternal Origin,Transversion - Purine/Pyrimidine,Unsolved
128461958,rs12268789,AA,GG,AA,88,79,0,NC_000010.11,Mutation NB - Maternal Origin,Transition - Purine/Purine,G>A
128602933,rs4460733,AA,CC,AA,79,100,9,NC_000010.11,Mutation NB - Maternal Origin,Transversion - Purine/Pyrimidine,C>A
128821103,rs5026308,GG,AG,AA,85,32,9,NC_000010.11,Mutation NB - Paternal Origin,Transition - Purine/Purine,G>A
128821149,rs5026309,TT,CT,CC,85,32,9,NC_000010.11,Mutation NB - Paternal Origin,Transition - Pyrimidine/Pyrimidine,T>C
129883538,rs11816120,AA,AA,AG,100,91,44,NC_000010.11,Mutation NB - Maternal Origin,Transition - Purine/Purine,Unsolved
130355227,rs4751197,AA,GG,AA,88,67,0,NC_000010.11,Mutation NB - Maternal Origin,Transition - Purine/Purine,G>A
130615692,.,AA,AA,AT,58,70,59,NC_000010.11,Mutation NB - Paternal Origin,Transversion - Purine/Pyrimidine,Unsolved
130654610,rs11017389,GA,GG,AA,1,79,27,NC_000010.11,Mutation NB - Maternal Origin,Transition - Purine/Purine,G>A
130799342,rs72845143,CC,CC,CT,100,67,27,NC_000010.11,Mutation NB - Maternal Origin,Transition - Pyrimidine/Pyrimidine,Unsolved
131519607,rs10765078,GA,AA,GG,70,76,12,NC_000010.11,Mutation NB - Maternal Origin,Transition - Purine/Purine,A>G
131752421,rs4897734,CC,TT,CC,61,100,33,NC_000010.11,Mutation NB - Maternal Origin,Transition - Pyrimidine/Pyrimidine,T>C
132113779,rs10870259,AA,CC,AA,82,88,0,NC_000010.11,Mutation NB - Maternal Origin,Transversion - Purine/Pyrimidine,C>A
133459959,rs731947,GG,CC,GG,85,100,33,NC_000010.11,Mutation NB - Maternal Origin,Transversion - Purine/Pyrimidine,C>G
722709,rs10902205,CC,CC,TT,100,91,9,NC_000011.10,Mutation NB - Maternal Origin,Transition - Pyrimidine/Pyrimidine,Unsolved
782563,rs11246310,CC,GG,CC,64,79,12,NC_000011.10,Mutation NB - Maternal Origin,Transversion - Purine/Pyrimidine,G>C
1251628,rs4963059,CC,CT,TT,100,1,99,NC_000011.10,Mutation NB - Paternal Origin,Transition - Pyrimidine/Pyrimidine,C>T
1254362,rs56088961,AA,GG,GG,85,91,12,NC_000011.10,Mutation NB - Paternal Origin,Transition - Purine/Purine,A>G
1254363,rs56352092,AA,CC,CC,85,91,12,NC_000011.10,Mutation NB - Paternal Origin,Transversion - Purine/Pyrimidine,A>C
1455778,rs12577343,CC,TT,CC,91,100,30,NC_000011.10,Mutation NB - Maternal Origin,Transition - Pyrimidine/Pyrimidine,T>C
1455887,rs73411413,CT,CC,TT,88,73,9,NC_000011.10,Mutation NB - Maternal Origin,Transversion - Purine/Pyrimidine,C>T
2203451,rs7480065,CC,CC,CT,91,100,72,NC_000011.10,Mutation NB - Paternal Origin,Transition - Pyrimidine/Pyrimidine,Unsolved
2217575,rs7104239,CC,GG,CC,58,100,51,NC_000011.10,Mutation NB - Maternal Origin,Transversion - Purine/Pyrimidine,G>C
2248474,rs7949152,CC,TT,CC,82,100,63,NC_000011.10,Mutation NB - Maternal Origin,Transition - Pyrimidine/Pyrimidine,T>C
2728554,.,AA,AA,AG,82,70,56,NC_000011.10,Mutation NB - Maternal Origin,Transition - Purine/Purine,Unsolved
3671239,rs78161306,CC,CC,CT,82,100,99,NC_000011.10,Mutation NB - Paternal Origin,Transition - Pyrimidine/Pyrimidine,Unsolved
3900552,.,AA,AA,AG,49,70,45,NC_000011.10,Mutation NB - Paternal Origin,Transition - Purine/Purine,Unsolved
4088293,.,CC,CC,CT,52,70,45,NC_000011.10,Mutation NB - Paternal Origin,Transition - Pyrimidine/Pyrimidine,Unsolved
5514938,.,AA,AA,AG,79,61,59,NC_000011.10,Mutation NB - Maternal Origin,Transition - Purine/Purine,Unsolved
5731453,rs11038881,TC,TT,CC,44,82,9,NC_000011.10,Mutation NB - Maternal Origin,Transition - Pyrimidine/Pyrimidine,T>C
6631387,rs2659871,CC,CT,TT,100,1,9,NC_000011.10,Mutation NB - Paternal Origin,Transition - Pyrimidine/Pyrimidine,C>T
8093430,rs74390539,AA,AG,GG,67,32,9,NC_000011.10,Mutation NB - Paternal Origin,Transition - Purine/Purine,A>G
8260745,.,AA,AA,AG,61,76,45,NC_000011.10,Mutation NB - Paternal Origin,Transition - Purine/Purine,Unsolved
10413035,rs10743141,TT,GG,GG,100,91,12,NC_000011.10,Mutation NB - Paternal Origin,Transversion - Purine/Pyrimidine,T>G
11500508,rs12286347,CC,TC,TT,88,70,9,NC_000011.10,Mutation NB - Paternal Origin,Transition - Pyrimidine/Pyrimidine,C>T
12045391,rs7122901,AA,GA,GG,88,67,0,NC_000011.10,Mutation NB - Paternal Origin,Transition - Purine/Purine,A>G
13293502,rs11022755,TC,TT,CC,35,82,15,NC_000011.10,Mutation NB - Maternal Origin,Transition - Pyrimidine/Pyrimidine,T>C
15239295,rs12798114,GG,TT,TT,88,85,9,NC_000011.10,Mutation NB - Paternal Origin,Transversion - Purine/Pyrimidine,G>T
17749286,rs7110441,AA,TT,AA,85,85,9,NC_000011.10,Mutation NB - Maternal Origin,Transversion - Purine/Pyrimidine,T>A
19419680,rs2729924,AA,GG,AA,91,100,9,NC_000011.10,Mutation NB - Maternal Origin,Transition - Purine/Purine,G>A
20131565,.,AA,AA,AG,55,49,50,NC_000011.10,Mutation NB - Maternal Origin,Transition - Purine/Purine,Unsolved
20639763,rs10766708,AA,AG,GG,100,1,24,NC_000011.10,Mutation NB - Paternal Origin,Transition - Purine/Purine,A>G
22567873,rs1010641294,TT,TT,TC,64,49,41,NC_000011.10,Mutation NB - Maternal Origin,Transition - Pyrimidine/Pyrimidine,Unsolved
29717074,.,TT,TT,TC,55,64,39,NC_000011.10,Mutation NB - Paternal Origin,Transition - Pyrimidine/Pyrimidine,Unsolved
34737772,rs11607300,CT,CC,TT,28,88,21,NC_000011.10,Mutation NB - Maternal Origin,Transversion - Purine/Pyrimidine,C>T
34837583,rs1244737750,TT,TT,TC,67,82,46,NC_000011.10,Mutation NB - Paternal Origin,Transition - Pyrimidine/Pyrimidine,Unsolved
36936001,.,AA,AA,AG,67,73,50,NC_000011.10,Mutation NB - Paternal Origin,Transition - Purine/Purine,Unsolved
41057071,rs7103962,TT,TT,CC,88,88,0,NC_000011.10,Mutation NB - Paternal or Maternal,Transition - Pyrimidine/Pyrimidine,Unsolved
42661328,rs61900789,CC,TT,TT,76,91,9,NC_000011.10,Mutation NB - Paternal Origin,Transition - Pyrimidine/Pyrimidine,C>T
43060104,rs11037228,CC,TC,TT,67,2,0,NC_000011.10,Mutation NB - Paternal Origin,Transition - Pyrimidine/Pyrimidine,C>T
44354279,rs17603380,CC,CC,CT,91,76,30,NC_000011.10,Mutation NB - Maternal Origin,Transition - Pyrimidine/Pyrimidine,Unsolved
46143404,.,TT,TT,TC,67,73,47,NC_000011.10,Mutation NB - Paternal Origin,Transition - Pyrimidine/Pyrimidine,Unsolved
47415129,.,TT,TT,TC,88,70,68,NC_000011.10,Mutation NB - Maternal Origin,Transition - Pyrimidine/Pyrimidine,Unsolved
47924010,rs969894000,AA,AA,AT,100,100,45,NC_000011.10,Mutation NB - Paternal or Maternal,Transversion - Purine/Pyrimidine,Unsolved
50315507,rs7128387,CC,CG,GG,73,1,18,NC_000011.10,Mutation NB - Paternal Origin,Transversion - Purine/Pyrimidine,C>G
55702636,rs78415839,AA,CC,CC,82,85,45,NC_000011.10,Mutation NB - Paternal Origin,Transversion - Purine/Pyrimidine,A>C
57894274,.,TT,TT,TC,73,70,47,NC_000011.10,Mutation NB - Maternal Origin,Transition - Pyrimidine/Pyrimidine,Unsolved
60301236,rs1458087227,AA,AA,AG,52,58,44,NC_000011.10,Mutation NB - Paternal Origin,Transition - Purine/Purine,Unsolved
60864527,rs78060915,GA,GG,AA,1,85,15,NC_000011.10,Mutation NB - Maternal Origin,Transition - Purine/Purine,G>A
63132846,rs150964545,AA,AA,AG,82,100,56,NC_000011.10,Mutation NB - Paternal Origin,Transition - Purine/Purine,Unsolved
63148731,.,AA,AA,AG,61,82,56,NC_000011.10,Mutation NB - Paternal Origin,Transition - Purine/Purine,Unsolved
63614504,rs3809072,AA,CC,AA,88,100,21,NC_000011.10,Mutation NB - Maternal Origin,Transversion - Purine/Pyrimidine,C>A
64246867,rs866716979,CC,TT,TT,91,85,0,NC_000011.10,Mutation NB - Paternal Origin,Transition - Pyrimidine/Pyrimidine,C>T
64246872,rs1443481195,CC,GG,GG,91,85,9,NC_000011.10,Mutation NB - Paternal Origin,Transversion - Purine/Pyrimidine,C>G
64830034,rs3741395,TC,CC,TT,11,40,0,NC_000011.10,Mutation NB - Maternal Origin,Transversion - Purine/Pyrimidine,C>T
67074914,.,AA,AA,AG,88,64,50,NC_000011.10,Mutation NB - Maternal Origin,Transition - Purine/Purine,Unsolved
68378305,rs1784237,CT,TT,CC,32,88,0,NC_000011.10,Mutation NB - Maternal Origin,Transition - Pyrimidine/Pyrimidine,T>C
68378306,rs10896321,GA,GG,AA,25,88,12,NC_000011.10,Mutation NB - Maternal Origin,Transition - Purine/Purine,G>A
71233663,.,AA,AA,AG,76,73,52,NC_000011.10,Mutation NB - Maternal Origin,Transition - Purine/Purine,Unsolved
71308119,rs117222427,TT,CC,CC,82,70,12,NC_000011.10,Mutation NB - Paternal Origin,Transition - Pyrimidine/Pyrimidine,T>C
72822666,rs4944806,GG,GG,AG,82,73,33,NC_000011.10,Mutation NB - Maternal Origin,Transition - Purine/Purine,Unsolved
73964814,rs77430927,CC,CC,CT,94,73,63,NC_000011.10,Mutation NB - Maternal Origin,Transition - Pyrimidine/Pyrimidine,Unsolved
75263333,.,AA,AA,AG,79,79,50,NC_000011.10,Mutation NB - Paternal or Maternal,Transition - Purine/Purine,Unsolved
75449168,rs473462,GG,AA,AA,100,85,33,NC_000011.10,Mutation NB - Paternal Origin,Transition - Purine/Purine,G>A
76179186,rs584406,AA,AA,AG,79,100,99,NC_000011.10,Mutation NB - Paternal Origin,Transition - Purine/Purine,Unsolved
76179403,.,CC,CC,CT,79,82,53,NC_000011.10,Mutation NB - Paternal Origin,Transition - Pyrimidine/Pyrimidine,Unsolved
76737477,rs7112291,TT,AA,TT,88,85,0,NC_000011.10,Mutation NB - Maternal Origin,Transversion - Purine/Pyrimidine,A>T
77209292,rs868658,GG,AA,GG,67,58,0,NC_000011.10,Mutation NB - Maternal Origin,Transition - Purine/Purine,A>G
79298720,rs503267,GG,AA,AA,85,73,0,NC_000011.10,Mutation NB - Paternal Origin,Transition - Purine/Purine,G>A
80210143,rs139994967,AA,AA,AG,79,88,98,NC_000011.10,Mutation NB - Paternal Origin,Transition - Purine/Purine,Unsolved
82851444,rs10898038,TT,TT,CT,88,85,17,NC_000011.10,Mutation NB - Maternal Origin,Transition - Pyrimidine/Pyrimidine,Unsolved
82851480,rs11233345,GG,GG,GA,100,64,99,NC_000011.10,Mutation NB - Maternal Origin,Transition - Purine/Purine,Unsolved
83556005,rs581178,GG,AA,AA,100,88,15,NC_000011.10,Mutation NB - Paternal Origin,Transition - Purine/Purine,G>A
88392088,.,TT,TT,TC,73,49,41,NC_000011.10,Mutation NB - Maternal Origin,Transition - Pyrimidine/Pyrimidine,Unsolved
92648610,rs569591,GG,GG,GA,79,79,95,NC_000011.10,Mutation NB - Paternal or Maternal,Transition - Purine/Purine,Unsolved
93758298,rs653939,AA,GG,AA,58,79,12,NC_000011.10,Mutation NB - Maternal Origin,Transition - Purine/Purine,G>A
94671577,rs11020892,GG,GA,AA,100,1,39,NC_000011.10,Mutation NB - Paternal Origin,Transition - Purine/Purine,G>A
98184799,rs11214253,TT,TC,CC,64,1,27,NC_000011.10,Mutation NB - Paternal Origin,Transition - Pyrimidine/Pyrimidine,T>C
102288498,.,TT,TT,TC,91,79,53,NC_000011.10,Mutation NB - Maternal Origin,Transition - Pyrimidine/Pyrimidine,Unsolved
102288511,.,AA,AA,AG,91,79,53,NC_000011.10,Mutation NB - Maternal Origin,Transition - Purine/Purine,Unsolved
103495954,rs11225837,GG,CC,CC,89,70,39,NC_000011.10,Mutation NB - Paternal Origin,Transversion - Purine/Pyrimidine,G>C
105411587,rs60064890,GG,GG,GA,100,55,99,NC_000011.10,Mutation NB - Maternal Origin,Transition - Purine/Purine,Unsolved
110598773,rs613646,GG,GG,GA,82,100,99,NC_000011.10,Mutation NB - Paternal Origin,Transition - Purine/Purine,Unsolved
113219458,rs677642,CC,GG,GG,88,91,15,NC_000011.10,Mutation NB - Paternal Origin,Transversion - Purine/Pyrimidine,C>G
114847237,rs4936304,GG,CC,CC,100,79,42,NC_000011.10,Mutation NB - Paternal Origin,Transversion - Purine/Pyrimidine,G>C
114929805,rs7112905,GG,GG,GA,91,100,33,NC_000011.10,Mutation NB - Paternal Origin,Transition - Purine/Purine,Unsolved
116227917,rs10790114,CC,TC,TT,61,1,27,NC_000011.10,Mutation NB - Paternal Origin,Transition - Pyrimidine/Pyrimidine,C>T
116252670,rs114320331,GG,GA,AA,82,2,15,NC_000011.10,Mutation NB - Paternal Origin,Transition - Purine/Purine,G>A
118679094,rs659969,CC,CC,CT,100,49,62,NC_000011.10,Mutation NB - Maternal Origin,Transition - Pyrimidine/Pyrimidine,Unsolved
120114155,rs543584,CC,TT,CC,76,85,0,NC_000011.10,Mutation NB - Maternal Origin,Transition - Pyrimidine/Pyrimidine,T>C
120166289,rs521556,CC,CC,CT,91,100,55,NC_000011.10,Mutation NB - Paternal Origin,Transition - Pyrimidine/Pyrimidine,Unsolved
121453498,rs17125349,CC,TT,TT,91,91,9,NC_000011.10,Mutation NB - Paternal Origin,Transition - Pyrimidine/Pyrimidine,C>T
123011903,.,TT,TT,TC,58,85,44,NC_000011.10,Mutation NB - Paternal Origin,Transition - Pyrimidine/Pyrimidine,Unsolved
124790288,rs659357,AC,CC,AA,74,88,0,NC_000011.10,Mutation NB - Maternal Origin,Transversion - Purine/Pyrimidine,C>A
128775554,rs557107,AA,GG,AA,61,88,0,NC_000011.10,Mutation NB - Maternal Origin,Transition - Purine/Purine,G>A
129312883,rs11221660,AA,GA,GG,73,88,0,NC_000011.10,Mutation NB - Paternal Origin,Transition - Purine/Purine,A>G
131283707,rs1793850,CG,CC,GG,25,100,21,NC_000011.10,Mutation NB - Maternal Origin,Transversion - Purine/Pyrimidine,C>G
131283746,rs1793550,CG,CC,GG,63,100,18,NC_000011.10,Mutation NB - Maternal Origin,Transversion - Purine/Pyrimidine,C>G
131683384,rs2658843,TT,TT,TC,91,67,99,NC_000011.10,Mutation NB - Maternal Origin,Transition - Pyrimidine/Pyrimidine,Unsolved
132509427,rs1389312060,AA,AA,AG,82,85,59,NC_000011.10,Mutation NB - Paternal Origin,Transition - Purine/Purine,Unsolved
133581364,.,AA,AA,AG,91,85,42,NC_000011.10,Mutation NB - Maternal Origin,Transition - Purine/Purine,Unsolved
134366866,rs11223771,GG,AA,AA,88,67,57,NC_000011.10,Mutation NB - Paternal Origin,Transition - Purine/Purine,G>A
3053288,rs9669251,AA,AA,AC,100,82,98,NC_000012.12,Mutation NB - Maternal Origin,Transversion - Purine/Pyrimidine,Unsolved
3257920,rs73047072,GG,GG,GA,91,88,30,NC_000012.12,Mutation NB - Maternal Origin,Transition - Purine/Purine,Unsolved
3278283,rs571206,AA,AA,AG,82,100,50,NC_000012.12,Mutation NB - Paternal Origin,Transition - Purine/Purine,Unsolved
6118951,rs2885753,GG,GG,GA,76,100,33,NC_000012.12,Mutation NB - Paternal Origin,Transition - Purine/Purine,Unsolved
6190282,rs10774412,AA,AG,GG,100,31,45,NC_000012.12,Mutation NB - Paternal Origin,Transition - Purine/Purine,A>G
6479806,rs2532514,AA,AC,CC,91,1,81,NC_000012.12,Mutation NB - Paternal Origin,Transversion - Purine/Pyrimidine,A>C
8495930,rs7132871,TT,GG,GG,100,88,9,NC_000012.12,Mutation NB - Paternal Origin,Transversion - Purine/Pyrimidine,T>G
9065977,rs10771308,TT,GG,GG,91,88,0,NC_000012.12,Mutation NB - Paternal Origin,Transversion - Purine/Pyrimidine,T>G
9066010,rs10771309,AA,CC,CC,91,85,0,NC_000012.12,Mutation NB - Paternal Origin,Transversion - Purine/Pyrimidine,A>C
9170857,rs2377744,CC,TT,CC,88,91,15,NC_000012.12,Mutation NB - Maternal Origin,Transition - Pyrimidine/Pyrimidine,T>C
9232362,rs16918212,CC,CC,CA,100,88,67,NC_000012.12,Mutation NB - Maternal Origin,Transversion - Purine/Pyrimidine,Unsolved
12989008,rs850919,AA,CC,AA,76,100,15,NC_000012.12,Mutation NB - Maternal Origin,Transversion - Purine/Pyrimidine,C>A
14320436,rs11055924,GG,GG,GC,55,100,99,NC_000012.12,Mutation NB - Paternal Origin,Transition - Purine/Purine,Transversion - Purine/Pyrimidine,Unsolved
14589542,.,TT,TT,TC,82,85,53,NC_000012.12,Mutation NB - Paternal Origin,Transition - Pyrimidine/Pyrimidine,Unsolved
19839099,rs1358291,GG,AA,GG,85,100,30,NC_000012.12,Mutation NB - Maternal Origin,Transition - Purine/Purine,A>G
22614106,rs148300525,AA,AA,AG,91,73,40,NC_000012.12,Mutation NB - Maternal Origin,Transition - Purine/Purine,Unsolved
22953035,rs115743187,GG,GG,GA,79,34,95,NC_000012.12,Mutation NB - Maternal Origin,Transition - Purine/Purine,Unsolved
26316709,rs11048460,AA,GG,AA,91,79,15,NC_000012.12,Mutation NB - Maternal Origin,Transition - Purine/Purine,G>A
30952149,rs1990830,TC,CC,TT,32,85,0,NC_000012.12,Mutation NB - Maternal Origin,Transversion - Purine/Pyrimidine,C>T
31031205,rs35035,AA,GG,GG,82,91,0,NC_000012.12,Mutation NB - Paternal Origin,Transition - Purine/Purine,A>G
38261322,rs78272615,CC,CC,CT,85,100,99,NC_000012.12,Mutation NB - Paternal Origin,Transition - Pyrimidine/Pyrimidine,Unsolved
38721176,rs73099152,AA,CC,CC,91,91,12,NC_000012.12,Mutation NB - Paternal Origin,Transversion - Purine/Pyrimidine,A>C
39301539,.,AA,AA,AG,52,79,41,NC_000012.12,Mutation NB - Paternal Origin,Transition - Purine/Purine,Unsolved
40662822,rs117826669,CC,AA,CC,73,76,27,NC_000012.12,Mutation NB - Maternal Origin,Transversion - Purine/Pyrimidine,A>C
43177678,.,CC,CC,CT,76,70,60,NC_000012.12,Mutation NB - Maternal Origin,Transition - Pyrimidine/Pyrimidine,Unsolved
43887646,rs1731427,TC,TT,CC,33,100,12,NC_000012.12,Mutation NB - Maternal Origin,Transition - Pyrimidine/Pyrimidine,T>C
47040358,rs17097518,AA,AA,AG,73,100,99,NC_000012.12,Mutation NB - Paternal Origin,Transition - Purine/Purine,Unsolved
47740517,rs12828238,AA,GG,GG,88,76,18,NC_000012.12,Mutation NB - Paternal Origin,Transition - Purine/Purine,A>G
49224347,rs75145560,AA,GG,GG,95,91,9,NC_000012.12,Mutation NB - Paternal Origin,Transition - Purine/Purine,A>G
49910805,rs487165,AA,TT,TT,100,70,48,NC_000012.12,Mutation NB - Paternal Origin,Transversion - Purine/Pyrimidine,A>T
50121982,rs11169275,CC,TC,TT,70,1,0,NC_000012.12,Mutation NB - Paternal Origin,Transition - Pyrimidine/Pyrimidine,C>T
50938134,rs12580702,AA,GG,GG,88,88,12,NC_000012.12,Mutation NB - Paternal Origin,Transition - Purine/Purine,A>G
52697782,rs1567759,CC,AA,CC,100,91,0,NC_000012.12,Mutation NB - Maternal Origin,Transversion - Purine/Pyrimidine,A>C
54827195,rs114377068,CC,CC,TC,61,70,15,NC_000012.12,Mutation NB - Paternal Origin,Transition - Pyrimidine/Pyrimidine,Unsolved
56809521,rs12367339,CC,CC,CT,100,79,99,NC_000012.12,Mutation NB - Maternal Origin,Transition - Pyrimidine/Pyrimidine,Unsolved
57175730,rs1800180,GG,AA,GG,79,73,12,NC_000012.12,Mutation NB - Maternal Origin,Transition - Purine/Purine,A>G
62479639,rs12230478,GG,AA,GG,73,98,57,NC_000012.12,Mutation NB - Maternal Origin,Transition - Purine/Purine,A>G
63167634,rs1482572535,AA,AA,AG,64,55,50,NC_000012.12,Mutation NB - Maternal Origin,Transition - Purine/Purine,Unsolved
66472748,rs12581152,GG,CC,GG,100,88,0,NC_000012.12,Mutation NB - Maternal Origin,Transversion - Purine/Pyrimidine,C>G
66749632,rs1592806287,AA,AA,AG,52,49,53,NC_000012.12,Mutation NB - Maternal Origin,Transition - Purine/Purine,Unsolved
67268577,rs17103634,GG,GG,GT,100,85,99,NC_000012.12,Mutation NB - Maternal Origin,Transversion - Purine/Pyrimidine,Unsolved
67894127,rs7959346,CC,CC,CT,100,61,50,NC_000012.12,Mutation NB - Maternal Origin,Transition - Pyrimidine/Pyrimidine,Unsolved
70531103,rs4761218,GG,GG,GT,82,100,98,NC_000012.12,Mutation NB - Paternal Origin,Transversion - Purine/Pyrimidine,Unsolved
70681389,rs115071105,TT,CC,CC,91,67,51,NC_000012.12,Mutation NB - Paternal Origin,Transition - Pyrimidine/Pyrimidine,T>C
74559687,rs111883162,CC,CC,CT,91,76,99,NC_000012.12,Mutation NB - Maternal Origin,Transition - Pyrimidine/Pyrimidine,Unsolved
76243882,.,AA,AA,AG,91,82,45,NC_000012.12,Mutation NB - Maternal Origin,Transition - Purine/Purine,Unsolved
83496301,rs3110202,CG,CC,GG,1,76,24,NC_000012.12,Mutation NB - Maternal Origin,Transversion - Purine/Pyrimidine,C>G
85653414,rs2219708,GG,CC,GG,100,82,15,NC_000012.12,Mutation NB - Maternal Origin,Transversion - Purine/Pyrimidine,C>G
85697395,rs10863049,GG,GG,AA,100,76,9,NC_000012.12,Mutation NB - Maternal Origin,Transition - Purine/Purine,Unsolved
85697613,.,TT,TT,TC,91,85,71,NC_000012.12,Mutation NB - Maternal Origin,Transition - Pyrimidine/Pyrimidine,Unsolved
85697647,rs10863050,AA,AA,TT,91,85,12,NC_000012.12,Mutation NB - Maternal Origin,Transversion - Purine/Pyrimidine,Unsolved
87784014,rs1675574,CC,TT,TT,100,79,9,NC_000012.12,Mutation NB - Paternal Origin,Transition - Pyrimidine/Pyrimidine,C>T
90914433,rs59127021,TT,TT,TC,100,67,94,NC_000012.12,Mutation NB - Maternal Origin,Transition - Pyrimidine/Pyrimidine,Unsolved
94201608,rs4761591,GA,AA,GG,63,88,12,NC_000012.12,Mutation NB - Maternal Origin,Transition - Purine/Purine,A>G
94633044,rs7132857,TT,CC,CC,91,91,66,NC_000012.12,Mutation NB - Paternal Origin,Transition - Pyrimidine/Pyrimidine,T>C
100216213,rs61478210,CC,TT,CC,88,85,48,NC_000012.12,Mutation NB - Maternal Origin,Transition - Pyrimidine/Pyrimidine,T>C
103686767,rs11831493,AA,AA,GA,73,98,99,NC_000012.12,Mutation NB - Paternal Origin,Transition - Purine/Purine,Unsolved
105995805,.,AA,AA,AG,79,64,43,NC_000012.12,Mutation NB - Maternal Origin,Transition - Purine/Purine,Unsolved
107319919,rs111260184,AA,GG,GG,73,82,9,NC_000012.12,Mutation NB - Paternal Origin,Transition - Purine/Purine,A>G
108153530,.,TT,TT,TC,70,70,41,NC_000012.12,Mutation NB - Paternal or Maternal,Transition - Pyrimidine/Pyrimidine,Unsolved
108153609,.,AA,AA,AG,46,43,47,NC_000012.12,Mutation NB - Maternal Origin,Transition - Purine/Purine,Unsolved
109115044,rs34263,AA,GG,AA,88,82,12,NC_000012.12,Mutation NB - Maternal Origin,Transition - Purine/Purine,G>A
109276836,rs11066064,AA,CC,AA,88,88,0,NC_000012.12,Mutation NB - Maternal Origin,Transversion - Purine/Pyrimidine,C>A
111308695,rs3843673,AG,GG,AA,28,73,0,NC_000012.12,Mutation NB - Maternal Origin,Transition - Purine/Purine,G>A
113158818,rs1952167237,AA,AA,AG,82,82,50,NC_000012.12,Mutation NB - Paternal or Maternal,Transition - Purine/Purine,Unsolved
119094753,rs77531719,GG,GG,GC,100,91,99,NC_000012.12,Mutation NB - Maternal Origin,Transition - Purine/Purine,Transversion - Purine/Pyrimidine,Unsolved
121002460,rs41279096,GG,GG,GA,88,91,67,NC_000012.12,Mutation NB - Paternal Origin,Transition - Purine/Purine,Unsolved
122191335,rs67032306,CC,CC,CT,85,88,99,NC_000012.12,Mutation NB - Paternal Origin,Transition - Pyrimidine/Pyrimidine,Unsolved
124143086,rs79609643,GG,AA,AA,88,88,78,NC_000012.12,Mutation NB - Paternal Origin,Transition - Purine/Purine,G>A
125530249,rs113017463,AG,GG,AA,32,77,0,NC_000012.12,Mutation NB - Maternal Origin,Transition - Purine/Purine,G>A
125530265,rs1205482,TT,TT,CC,88,82,0,NC_000012.12,Mutation NB - Maternal Origin,Transition - Pyrimidine/Pyrimidine,Unsolved
129836342,.,TT,TT,TC,85,76,41,NC_000012.12,Mutation NB - Maternal Origin,Transition - Pyrimidine/Pyrimidine,Unsolved
130661869,rs7953972,TT,CC,TT,82,79,15,NC_000012.12,Mutation NB - Maternal Origin,Transition - Pyrimidine/Pyrimidine,C>T
131686678,rs10902430,GG,AA,AA,88,82,0,NC_000012.12,Mutation NB - Paternal Origin,Transition - Purine/Purine,G>A
132610444,rs10870480,CC,CC,TC,70,79,21,NC_000012.12,Mutation NB - Paternal Origin,Transition - Pyrimidine/Pyrimidine,Unsolved
133173047,rs73163677,TT,CC,CC,85,82,12,NC_000012.12,Mutation NB - Paternal Origin,Transition - Pyrimidine/Pyrimidine,T>C
19151630,rs2774450,TT,CC,CC,100,91,24,NC_000013.11,Mutation NB - Paternal Origin,Transition - Pyrimidine/Pyrimidine,T>C
20227705,rs945366,AA,GG,GG,88,85,12,NC_000013.11,Mutation NB - Paternal Origin,Transition - Purine/Purine,A>G
20456514,rs9315592,AA,GG,GG,82,100,0,NC_000013.11,Mutation NB - Paternal Origin,Transition - Purine/Purine,A>G
20700668,rs9579928,GG,CC,CC,100,64,15,NC_000013.11,Mutation NB - Paternal Origin,Transversion - Purine/Pyrimidine,G>C
21327735,rs4770135,AA,GG,AA,76,88,12,NC_000013.11,Mutation NB - Maternal Origin,Transition - Purine/Purine,G>A
21353014,rs4770142,CC,AA,AA,100,88,15,NC_000013.11,Mutation NB - Paternal Origin,Transversion - Purine/Pyrimidine,C>A
24359488,rs11840418,TT,CC,CC,67,61,27,NC_000013.11,Mutation NB - Paternal Origin,Transition - Pyrimidine/Pyrimidine,T>C
30698633,rs9315028,AA,GG,GG,82,100,0,NC_000013.11,Mutation NB - Paternal Origin,Transition - Purine/Purine,A>G
30698668,rs9315029,AA,CC,CC,82,100,0,NC_000013.11,Mutation NB - Paternal Origin,Transversion - Purine/Pyrimidine,A>C
30901353,rs2872396,GC,GG,CC,1,82,9,NC_000013.11,Mutation NB - Maternal Origin,Transversion - Purine/Pyrimidine,G>C
30935607,rs4941921,GA,GG,AA,71,88,9,NC_000013.11,Mutation NB - Maternal Origin,Transition - Purine/Purine,G>A
31492812,rs4943465,TT,CC,TT,73,88,27,NC_000013.11,Mutation NB - Maternal Origin,Transition - Pyrimidine/Pyrimidine,C>T
36674410,rs877918,GG,GG,GA,100,76,99,NC_000013.11,Mutation NB - Maternal Origin,Transition - Purine/Purine,Unsolved
39856826,rs2985248,GG,GG,AA,88,88,21,NC_000013.11,Mutation NB - Paternal or Maternal,Transition - Purine/Purine,Unsolved
40351988,rs4280108,AA,GG,GG,100,85,27,NC_000013.11,Mutation NB - Paternal Origin,Transition - Purine/Purine,A>G
42642740,.,CC,CC,CT,61,76,41,NC_000013.11,Mutation NB - Paternal Origin,Transition - Pyrimidine/Pyrimidine,Unsolved
44210813,.,TT,TT,TC,91,79,33,NC_000013.11,Mutation NB - Maternal Origin,Transition - Pyrimidine/Pyrimidine,Unsolved
45043642,rs12870946,CC,TC,TT,58,79,0,NC_000013.11,Mutation NB - Paternal Origin,Transition - Pyrimidine/Pyrimidine,C>T
45693961,rs9567565,GG,AA,AA,82,88,9,NC_000013.11,Mutation NB - Paternal Origin,Transition - Purine/Purine,G>A
45819918,rs9534230,GA,GG,AA,1,88,48,NC_000013.11,Mutation NB - Maternal Origin,Transition - Purine/Purine,G>A
48118407,rs9316354,GG,AA,GG,73,82,48,NC_000013.11,Mutation NB - Maternal Origin,Transition - Purine/Purine,A>G
48646057,rs2406939,CC,GC,GG,82,47,0,NC_000013.11,Mutation NB - Paternal Origin,Transversion - Purine/Pyrimidine,C>G
49303815,rs9568181,GG,GG,GA,70,85,99,NC_000013.11,Mutation NB - Paternal Origin,Transition - Purine/Purine,Unsolved
49486415,rs1958599487,GG,GG,GA,67,67,44,NC_000013.11,Mutation NB - Paternal or Maternal,Transition - Purine/Purine,Unsolved
50559690,.,TT,TT,TC,73,64,39,NC_000013.11,Mutation NB - Maternal Origin,Transition - Pyrimidine/Pyrimidine,Unsolved
50753294,rs476444,GG,AA,GG,88,88,15,NC_000013.11,Mutation NB - Maternal Origin,Transition - Purine/Purine,A>G
51343318,rs1955312652,AA,AA,AG,82,64,95,NC_000013.11,Mutation NB - Maternal Origin,Transition - Purine/Purine,Unsolved
52869378,rs1274581,CC,TT,CC,79,82,24,NC_000013.11,Mutation NB - Maternal Origin,Transition - Pyrimidine/Pyrimidine,T>C
52904636,rs75111298,GG,GG,GA,91,82,68,NC_000013.11,Mutation NB - Maternal Origin,Transition - Purine/Purine,Unsolved
55265363,rs35629455,GA,GG,AA,1,64,9,NC_000013.11,Mutation NB - Maternal Origin,Transition - Purine/Purine,G>A
55551064,rs600394,AA,AA,GA,82,79,11,NC_000013.11,Mutation NB - Maternal Origin,Transition - Purine/Purine,Unsolved
60179040,.,TT,TT,TC,85,67,53,NC_000013.11,Mutation NB - Maternal Origin,Transition - Pyrimidine/Pyrimidine,Unsolved
61766976,rs2153567,CC,CC,CT,100,73,85,NC_000013.11,Mutation NB - Maternal Origin,Transition - Pyrimidine/Pyrimidine,Unsolved
62106096,rs308680,CC,TT,TT,91,79,9,NC_000013.11,Mutation NB - Paternal Origin,Transition - Pyrimidine/Pyrimidine,C>T
70982505,.,AA,AA,AG,79,61,44,NC_000013.11,Mutation NB - Maternal Origin,Transition - Purine/Purine,Unsolved
72852036,rs2147807,TT,CC,CC,100,88,18,NC_000013.11,Mutation NB - Paternal Origin,Transition - Pyrimidine/Pyrimidine,T>C
76928897,rs583970,GG,GA,AA,100,1,9,NC_000013.11,Mutation NB - Paternal Origin,Transition - Purine/Purine,G>A
78877329,rs9544909,CC,AA,CC,91,91,12,NC_000013.11,Mutation NB - Maternal Origin,Transversion - Purine/Pyrimidine,A>C
83107203,.,TT,TT,TC,76,82,64,NC_000013.11,Mutation NB - Paternal Origin,Transition - Pyrimidine/Pyrimidine,Unsolved
86157252,rs9576028,GG,AG,AA,91,70,12,NC_000013.11,Mutation NB - Paternal Origin,Transition - Purine/Purine,G>A
91887448,rs2352191,TT,TT,TG,76,100,99,NC_000013.11,Mutation NB - Paternal Origin,Transition - Pyrimidine/Pyrimidine,Transversion - Purine/Pyrimidine,Unsolved
93792310,.,TT,TT,TA,85,79,41,NC_000013.11,Mutation NB - Maternal Origin,Transition - Pyrimidine/Pyrimidine,Transversion - Purine/Pyrimidine,Unsolved
94514720,rs9561596,GG,GG,GA,100,79,99,NC_000013.11,Mutation NB - Maternal Origin,Transition - Purine/Purine,Unsolved
97593247,rs1576127,TT,CC,CC,100,82,60,NC_000013.11,Mutation NB - Paternal Origin,Transition - Pyrimidine/Pyrimidine,T>C
98475731,rs7997785,TT,TT,TA,64,100,65,NC_000013.11,Mutation NB - Paternal Origin,Transition - Pyrimidine/Pyrimidine,Transversion - Purine/Pyrimidine,Unsolved
98475783,rs7996629,CC,CC,CT,67,100,65,NC_000013.11,Mutation NB - Paternal Origin,Transition - Pyrimidine/Pyrimidine,Unsolved
106100585,rs61974890,AG,AA,GG,70,79,9,NC_000013.11,Mutation NB - Maternal Origin,Transition - Purine/Purine,A>G
106483905,rs7990530,TT,TT,TC,100,85,99,NC_000013.11,Mutation NB - Maternal Origin,Transition - Pyrimidine/Pyrimidine,Unsolved
106516301,rs7320751,CC,CG,GG,88,1,12,NC_000013.11,Mutation NB - Paternal Origin,Transversion - Purine/Pyrimidine,C>G
110476429,rs9521797,TT,CT,CC,82,8,0,NC_000013.11,Mutation NB - Paternal Origin,Transition - Pyrimidine/Pyrimidine,T>C
110633642,rs72661650,GG,GG,GA,100,88,24,NC_000013.11,Mutation NB - Maternal Origin,Transition - Purine/Purine,Unsolved
110781921,rs2766706,AA,TT,AA,76,100,9,NC_000013.11,Mutation NB - Maternal Origin,Transversion - Purine/Pyrimidine,T>A
111656920,rs7330449,AA,AA,AG,85,52,99,NC_000013.11,Mutation NB - Maternal Origin,Transition - Purine/Purine,Unsolved
113049458,rs9577442,GG,GG,AG,82,99,99,NC_000013.11,Mutation NB - Paternal Origin,Transition - Purine/Purine,Unsolved
113090104,rs966071397,CC,TT,CC,88,88,9,NC_000013.11,Mutation NB - Maternal Origin,Transition - Pyrimidine/Pyrimidine,T>C
19892473,rs1686623,TC,TT,CC,8,88,27,NC_000014.9,Mutation NB - Maternal Origin,Transition - Pyrimidine/Pyrimidine,T>C
21336399,rs61977488,GG,TT,TT,82,79,33,NC_000014.9,Mutation NB - Paternal Origin,Transversion - Purine/Pyrimidine,G>T
21797328,rs34668860,GG,GG,GA,64,100,99,NC_000014.9,Mutation NB - Paternal Origin,Transition - Purine/Purine,Unsolved
22371945,rs60291771,GG,AA,AA,64,22,99,NC_000014.9,Mutation NB - Paternal Origin,Transition - Purine/Purine,G>A
22550713,rs1263658,GC,CC,GG,1,85,18,NC_000014.9,Mutation NB - Maternal Origin,Transversion - Purine/Pyrimidine,C>G
26308937,rs4290410,GG,AA,AA,100,85,24,NC_000014.9,Mutation NB - Paternal Origin,Transition - Purine/Purine,G>A
31812123,.,TT,TT,TC,82,55,39,NC_000014.9,Mutation NB - Maternal Origin,Transition - Pyrimidine/Pyrimidine,Unsolved
35340146,rs12436154,CC,TT,CC,91,73,15,NC_000014.9,Mutation NB - Maternal Origin,Transition - Pyrimidine/Pyrimidine,T>C
35340155,.,AA,AA,AC,91,85,99,NC_000014.9,Mutation NB - Maternal Origin,Transversion - Purine/Pyrimidine,Unsolved
41349404,.,AA,AA,AG,76,85,41,NC_000014.9,Mutation NB - Paternal Origin,Transition - Purine/Purine,Unsolved
43591907,.,CC,CC,CA,61,85,47,NC_000014.9,Mutation NB - Paternal Origin,Transversion - Purine/Pyrimidine,Unsolved
48095320,rs1883020822,AA,AA,AG,85,82,61,NC_000014.9,Mutation NB - Maternal Origin,Transition - Purine/Purine,Unsolved
49401373,.,AA,AA,AG,82,88,65,NC_000014.9,Mutation NB - Paternal Origin,Transition - Purine/Purine,Unsolved
55434564,rs11848576,CC,CC,CT,79,88,33,NC_000014.9,Mutation NB - Paternal Origin,Transition - Pyrimidine/Pyrimidine,Unsolved
56874560,.,AA,AA,AG,91,76,59,NC_000014.9,Mutation NB - Maternal Origin,Transition - Purine/Purine,Unsolved
60589188,.,AA,AA,AG,34,70,39,NC_000014.9,Mutation NB - Paternal Origin,Transition - Purine/Purine,Unsolved
62387314,rs2022792,AA,AG,GG,88,79,9,NC_000014.9,Mutation NB - Paternal Origin,Transition - Purine/Purine,A>G
63663973,rs28673874,CC,CC,CA,82,100,65,NC_000014.9,Mutation NB - Paternal Origin,Transversion - Purine/Pyrimidine,Unsolved
69483435,.,TT,TT,TC,82,61,75,NC_000014.9,Mutation NB - Maternal Origin,Transition - Pyrimidine/Pyrimidine,Unsolved
69860700,rs11847221,CC,CG,GG,100,1,72,NC_000014.9,Mutation NB - Paternal Origin,Transversion - Purine/Pyrimidine,C>G
70210764,rs56299900,AA,TT,TT,85,55,27,NC_000014.9,Mutation NB - Paternal Origin,Transversion - Purine/Pyrimidine,A>T
71188094,rs4902915,AA,AT,TT,100,1,54,NC_000014.9,Mutation NB - Paternal Origin,Transversion - Purine/Pyrimidine,A>T
71646489,.,TT,TT,TG,91,67,40,NC_000014.9,Mutation NB - Maternal Origin,Transition - Pyrimidine/Pyrimidine,Transversion - Purine/Pyrimidine,Unsolved
72853761,rs150234896,GG,GG,GA,100,76,62,NC_000014.9,Mutation NB - Maternal Origin,Transition - Purine/Purine,Unsolved
73621530,rs12878358,GG,GG,GC,100,91,65,NC_000014.9,Mutation NB - Maternal Origin,Transition - Purine/Purine,Transversion - Purine/Pyrimidine,Unsolved
74937736,rs11845259,AA,AA,GG,88,55,3,NC_000014.9,Mutation NB - Maternal Origin,Transition - Purine/Purine,Unsolved
74937752,rs11845260,AA,AA,GG,88,55,3,NC_000014.9,Mutation NB - Maternal Origin,Transition - Purine/Purine,Unsolved
75379374,rs11628633,CC,CC,CT,100,73,99,NC_000014.9,Mutation NB - Maternal Origin,Transition - Pyrimidine/Pyrimidine,Unsolved
75421435,rs78250888,GG,GG,GA,100,54,99,NC_000014.9,Mutation NB - Maternal Origin,Transition - Purine/Purine,Unsolved
76098309,.,AA,AA,AG,76,76,68,NC_000014.9,Mutation NB - Paternal or Maternal,Transition - Purine/Purine,Unsolved
76308859,rs4903399,CC,CC,CT,100,37,24,NC_000014.9,Mutation NB - Maternal Origin,Transition - Pyrimidine/Pyrimidine,Unsolved
77619045,rs942099954,GG,AA,GG,91,82,15,NC_000014.9,Mutation NB - Maternal Origin,Transition - Purine/Purine,A>G
78504253,rs11159366,AA,GG,AA,91,91,15,NC_000014.9,Mutation NB - Maternal Origin,Transition - Purine/Purine,G>A
81306688,rs12588234,AA,CC,AA,55,100,39,NC_000014.9,Mutation NB - Maternal Origin,Transversion - Purine/Pyrimidine,C>A
81366503,rs28680192,AA,AA,GA,82,85,99,NC_000014.9,Mutation NB - Paternal Origin,Transition - Purine/Purine,Unsolved
81540470,rs7144408,CC,CC,CT,100,79,67,NC_000014.9,Mutation NB - Maternal Origin,Transition - Pyrimidine/Pyrimidine,Unsolved
81823845,rs1571380,CC,TT,CC,49,52,0,NC_000014.9,Mutation NB - Maternal Origin,Transition - Pyrimidine/Pyrimidine,T>C
88950551,rs911455,AA,CC,AA,79,100,9,NC_000014.9,Mutation NB - Maternal Origin,Transversion - Purine/Pyrimidine,C>A
89339521,rs28709837,AA,GG,AA,91,100,24,NC_000014.9,Mutation NB - Maternal Origin,Transition - Purine/Purine,G>A
90266359,rs17260827,GG,GG,AA,91,100,12,NC_000014.9,Mutation NB - Paternal Origin,Transition - Purine/Purine,Unsolved
90397526,rs12886752,CC,CC,CT,100,88,30,NC_000014.9,Mutation NB - Maternal Origin,Transition - Pyrimidine/Pyrimidine,Unsolved
90487354,rs8003325,GA,GG,AA,32,100,18,NC_000014.9,Mutation NB - Maternal Origin,Transition - Purine/Purine,G>A
90578805,rs61987002,TT,CC,TT,88,91,12,NC_000014.9,Mutation NB - Maternal Origin,Transition - Pyrimidine/Pyrimidine,C>T
91455121,rs941761,GG,GG,GA,64,100,98,NC_000014.9,Mutation NB - Paternal Origin,Transition - Purine/Purine,Unsolved
92058375,rs1595430918,AA,AA,AG,76,64,45,NC_000014.9,Mutation NB - Maternal Origin,Transition - Purine/Purine,Unsolved
92263563,rs4904855,TT,TT,TG,76,100,68,NC_000014.9,Mutation NB - Paternal Origin,Transition - Pyrimidine/Pyrimidine,Transversion - Purine/Pyrimidine,Unsolved
92450927,rs12894869,CC,GG,CC,88,91,0,NC_000014.9,Mutation NB - Maternal Origin,Transversion - Purine/Pyrimidine,G>C
95795847,rs12433854,AA,GG,AA,91,88,0,NC_000014.9,Mutation NB - Maternal Origin,Transition - Purine/Purine,G>A
96663411,rs142214965,CC,GG,GG,61,58,0,NC_000014.9,Mutation NB - Paternal Origin,Transversion - Purine/Pyrimidine,C>G
97151287,rs12586826,GG,GG,GA,82,100,68,NC_000014.9,Mutation NB - Paternal Origin,Transition - Purine/Purine,Unsolved
97250995,rs2887697,GG,GG,GC,91,100,99,NC_000014.9,Mutation NB - Paternal Origin,Transition - Purine/Purine,Transversion - Purine/Pyrimidine,Unsolved
99427636,.,TT,TT,TC,67,61,56,NC_000014.9,Mutation NB - Maternal Origin,Transition - Pyrimidine/Pyrimidine,Unsolved
99517151,.,CC,CC,CA,82,88,33,NC_000014.9,Mutation NB - Paternal Origin,Transversion - Purine/Pyrimidine,Unsolved
99567476,rs12888314,AA,GG,AA,82,88,0,NC_000014.9,Mutation NB - Maternal Origin,Transition - Purine/Purine,G>A
99589871,rs12897979,GG,AA,AA,100,64,45,NC_000014.9,Mutation NB - Paternal Origin,Transition - Purine/Purine,G>A
99931265,rs911646653,AA,AA,AC,100,100,49,NC_000014.9,Mutation NB - Paternal or Maternal,Transversion - Purine/Pyrimidine,Unsolved
100727598,rs72698729,AA,TT,TT,91,79,9,NC_000014.9,Mutation NB - Paternal Origin,Transversion - Purine/Pyrimidine,A>T
100734108,rs17577779,CC,TT,CC,55,100,15,NC_000014.9,Mutation NB - Maternal Origin,Transition - Pyrimidine/Pyrimidine,T>C
100901312,rs73349365,CC,TT,CC,88,76,0,NC_000014.9,Mutation NB - Maternal Origin,Transition - Pyrimidine/Pyrimidine,T>C
102924046,rs1190226,TT,TT,TC,52,100,99,NC_000014.9,Mutation NB - Paternal Origin,Transition - Pyrimidine/Pyrimidine,Unsolved
104201658,rs12146969,CT,CC,TT,1,82,12,NC_000014.9,Mutation NB - Maternal Origin,Transversion - Purine/Pyrimidine,C>T
104342198,rs4906452,AG,GG,AA,32,91,9,NC_000014.9,Mutation NB - Maternal Origin,Transition - Purine/Purine,G>A
104371369,rs147428118,GG,GG,GT,100,85,65,NC_000014.9,Mutation NB - Maternal Origin,Transversion - Purine/Pyrimidine,Unsolved
104676609,rs4983521,TT,CC,CC,100,76,12,NC_000014.9,Mutation NB - Paternal Origin,Transition - Pyrimidine/Pyrimidine,T>C
104753639,rs12889167,TT,CC,CC,88,91,9,NC_000014.9,Mutation NB - Paternal Origin,Transition - Pyrimidine/Pyrimidine,T>C
104790244,rs2498787,TC,CC,TT,38,88,15,NC_000014.9,Mutation NB - Maternal Origin,Transversion - Purine/Pyrimidine,C>T
105003090,rs113972850,AA,AG,GG,91,76,12,NC_000014.9,Mutation NB - Paternal Origin,Transition - Purine/Purine,A>G
24900857,rs7173262,TG,GG,TT,1,79,0,NC_000015.10,Mutation NB - Maternal Origin,Transversion - Purine/Pyrimidine,G>T
25973434,rs74004378,AA,GG,GG,91,79,21,NC_000015.10,Mutation NB - Paternal Origin,Transition - Purine/Purine,A>G
25973504,rs77987693,AA,GG,GG,91,97,3,NC_000015.10,Mutation NB - Paternal Origin,Transition - Purine/Purine,A>G
26326867,rs4523900,CC,CT,TT,88,67,9,NC_000015.10,Mutation NB - Paternal Origin,Transition - Pyrimidine/Pyrimidine,C>T
27536692,rs73373632,GG,AA,GG,91,85,15,NC_000015.10,Mutation NB - Maternal Origin,Transition - Purine/Purine,A>G
38233573,rs12904932,CC,TT,CC,82,100,9,NC_000015.10,Mutation NB - Maternal Origin,Transition - Pyrimidine/Pyrimidine,T>C
46627369,rs510080,AG,AA,GG,73,100,57,NC_000015.10,Mutation NB - Maternal Origin,Transition - Purine/Purine,A>G
47796244,rs7170807,TT,GG,TT,52,91,72,NC_000015.10,Mutation NB - Maternal Origin,Transversion - Purine/Pyrimidine,G>T
53384538,rs8037058,AA,GA,GG,73,67,0,NC_000015.10,Mutation NB - Paternal Origin,Transition - Purine/Purine,A>G
57393991,rs2942045,CC,TT,TT,100,82,24,NC_000015.10,Mutation NB - Paternal Origin,Transition - Pyrimidine/Pyrimidine,C>T
58270071,rs12904030,TT,CC,CC,91,79,18,NC_000015.10,Mutation NB - Paternal Origin,Transition - Pyrimidine/Pyrimidine,T>C
63548258,rs12910209,TT,GG,GG,88,91,12,NC_000015.10,Mutation NB - Paternal Origin,Transversion - Purine/Pyrimidine,T>G
65668135,.,AA,AA,AG,58,79,47,NC_000015.10,Mutation NB - Paternal Origin,Transition - Purine/Purine,Unsolved
68403698,rs11630750,GG,GG,GA,67,100,99,NC_000015.10,Mutation NB - Paternal Origin,Transition - Purine/Purine,Unsolved
68560572,.,GG,GG,GA,91,79,58,NC_000015.10,Mutation NB - Maternal Origin,Transition - Purine/Purine,Unsolved
68654124,rs2046925,CC,CC,CT,73,100,24,NC_000015.10,Mutation NB - Paternal Origin,Transition - Pyrimidine/Pyrimidine,Unsolved
70526823,rs7162398,AA,GG,AA,100,91,18,NC_000015.10,Mutation NB - Maternal Origin,Transition - Purine/Purine,G>A
71724183,rs12437539,AA,AA,GA,73,85,14,NC_000015.10,Mutation NB - Paternal Origin,Transition - Purine/Purine,Unsolved
75200785,rs150347286,CA,CC,AA,6,85,15,NC_000015.10,Mutation NB - Maternal Origin,Transversion - Purine/Pyrimidine,C>A
75333866,rs58122506,GG,GG,GA,88,100,99,NC_000015.10,Mutation NB - Paternal Origin,Transition - Purine/Purine,Unsolved
77552174,rs907372,TT,TT,GT,77,82,99,NC_000015.10,Mutation NB - Paternal Origin,Transition - Pyrimidine/Pyrimidine,Transversion - Purine/Pyrimidine,Unsolved
77860607,.,TT,TT,TC,70,61,44,NC_000015.10,Mutation NB - Maternal Origin,Transition - Pyrimidine/Pyrimidine,Unsolved
81651670,rs2090109,TT,TT,GG,100,91,15,NC_000015.10,Mutation NB - Maternal Origin,Transition - Purine/Purine,Transversion - Purine/Pyrimidine,Unsolved
83000258,rs74030873,AA,AA,AT,100,79,99,NC_000015.10,Mutation NB - Maternal Origin,Transversion - Purine/Pyrimidine,Unsolved
83210866,rs8027193,GG,GG,GT,100,85,99,NC_000015.10,Mutation NB - Maternal Origin,Transversion - Purine/Pyrimidine,Unsolved
84655395,.,CC,CC,CT,70,46,44,NC_000015.10,Mutation NB - Maternal Origin,Transition - Pyrimidine/Pyrimidine,Unsolved
85815424,rs4843113,GG,TT,GG,73,61,0,NC_000015.10,Mutation NB - Maternal Origin,Transition - Purine/Purine,Transversion - Purine/Pyrimidine,T>G
87747278,rs11634467,CC,TT,CC,100,91,0,NC_000015.10,Mutation NB - Maternal Origin,Transition - Pyrimidine/Pyrimidine,T>C
87953766,rs12101812,CC,CC,CG,100,79,99,NC_000015.10,Mutation NB - Maternal Origin,Transversion - Purine/Pyrimidine,Unsolved
88431646,rs10220837,TT,TT,TC,100,70,99,NC_000015.10,Mutation NB - Maternal Origin,Transition - Pyrimidine/Pyrimidine,Unsolved
89630200,rs143669426,GG,GG,GA,91,100,99,NC_000015.10,Mutation NB - Paternal Origin,Transition - Purine/Purine,Unsolved
91724363,rs11857444,GG,CC,GG,100,85,0,NC_000015.10,Mutation NB - Maternal Origin,Transversion - Purine/Pyrimidine,C>G
91947928,rs12917237,CT,TT,CC,70,88,63,NC_000015.10,Mutation NB - Maternal Origin,Transition - Pyrimidine/Pyrimidine,T>C
92108943,rs207964,TT,CC,CC,88,88,9,NC_000015.10,Mutation NB - Paternal Origin,Transition - Pyrimidine/Pyrimidine,T>C
93458403,rs1873114,GG,AG,AA,85,1,0,NC_000015.10,Mutation NB - Paternal Origin,Transition - Purine/Purine,G>A
94427369,.,AA,AA,AG,79,82,53,NC_000015.10,Mutation NB - Paternal Origin,Transition - Purine/Purine,Unsolved
94505294,rs7177819,AA,GA,GG,88,73,27,NC_000015.10,Mutation NB - Paternal Origin,Transition - Purine/Purine,A>G
94745686,rs16949445,TT,TC,CC,76,43,21,NC_000015.10,Mutation NB - Paternal Origin,Transition - Pyrimidine/Pyrimidine,T>C
96155901,.,AA,AA,AG,67,67,39,NC_000015.10,Mutation NB - Paternal or Maternal,Transition - Purine/Purine,Unsolved
97501395,rs57311152,GG,AA,GG,70,79,33,NC_000015.10,Mutation NB - Maternal Origin,Transition - Purine/Purine,A>G
97908625,rs144670369,AA,AT,TT,85,67,9,NC_000015.10,Mutation NB - Paternal Origin,Transversion - Purine/Pyrimidine,A>T
98162414,rs34442731,GG,GG,GA,61,94,99,NC_000015.10,Mutation NB - Paternal Origin,Transition - Purine/Purine,Unsolved
99402620,rs11247088,AA,GG,GG,100,67,42,NC_000015.10,Mutation NB - Paternal Origin,Transition - Purine/Purine,A>G
606804,.,CC,CC,CT,70,28,47,NC_000016.10,Mutation NB - Maternal Origin,Transition - Pyrimidine/Pyrimidine,Unsolved
1042871,rs513000,CC,CC,CT,100,73,61,NC_000016.10,Mutation NB - Maternal Origin,Transition - Pyrimidine/Pyrimidine,Unsolved
1142375,rs8051668,AA,AA,AG,100,79,33,NC_000016.10,Mutation NB - Maternal Origin,Transition - Purine/Purine,Unsolved
1272109,rs9933940,GG,AG,AA,91,25,9,NC_000016.10,Mutation NB - Paternal Origin,Transition - Purine/Purine,G>A
1272131,rs9923479,GG,CG,CC,91,25,9,NC_000016.10,Mutation NB - Paternal Origin,Transversion - Purine/Pyrimidine,G>C
1277433,rs8057707,GG,CC,CC,91,91,9,NC_000016.10,Mutation NB - Paternal Origin,Transversion - Purine/Pyrimidine,G>C
1339152,rs7202563,CA,AA,CC,35,70,0,NC_000016.10,Mutation NB - Maternal Origin,A>C
1431864,rs4984837,GG,GG,CC,91,91,0,NC_000016.10,Mutation NB - Paternal or Maternal,Transversion - Purine/Pyrimidine,Unsolved
1452856,rs12926089,CC,CC,CT,85,52,99,NC_000016.10,Mutation NB - Maternal Origin,Transition - Pyrimidine/Pyrimidine,Unsolved
1486356,rs112226694,AA,GG,GG,79,91,30,NC_000016.10,Mutation NB - Paternal Origin,Transition - Purine/Purine,A>G
1823086,rs104843,CC,AA,AA,100,88,21,NC_000016.10,Mutation NB - Paternal Origin,Transversion - Purine/Pyrimidine,C>A
2082570,rs74002774,GG,GG,GA,100,70,99,NC_000016.10,Mutation NB - Maternal Origin,Transition - Purine/Purine,Unsolved
3023659,.,TT,TT,TC,40,52,50,NC_000016.10,Mutation NB - Paternal Origin,Transition - Pyrimidine/Pyrimidine,Unsolved
3076853,rs2360171,CC,TT,CC,76,91,0,NC_000016.10,Mutation NB - Maternal Origin,Transition - Pyrimidine/Pyrimidine,T>C
3267178,rs1149487,CC,TT,CC,85,85,0,NC_000016.10,Mutation NB - Maternal Origin,Transition - Pyrimidine/Pyrimidine,T>C
5419995,rs12444295,AA,AG,GG,76,1,1,NC_000016.10,Mutation NB - Paternal Origin,Transition - Purine/Purine,A>G
5449171,rs7206266,TT,CT,CC,85,1,0,NC_000016.10,Mutation NB - Paternal Origin,Transition - Pyrimidine/Pyrimidine,T>C
5556842,rs11640221,AA,AA,AG,100,67,99,NC_000016.10,Mutation NB - Maternal Origin,Transition - Purine/Purine,Unsolved
5556853,rs11644816,GG,GG,GC,100,67,99,NC_000016.10,Mutation NB - Maternal Origin,Transition - Purine/Purine,Transversion - Purine/Pyrimidine,Unsolved
5556878,rs11645142,CC,CC,CT,100,67,99,NC_000016.10,Mutation NB - Maternal Origin,Transition - Pyrimidine/Pyrimidine,Unsolved
6419950,rs7190164,CC,CA,AA,100,1,21,NC_000016.10,Mutation NB - Paternal Origin,Transversion - Purine/Pyrimidine,C>A
7581484,rs17144186,GG,TT,TT,100,88,18,NC_000016.10,Mutation NB - Paternal Origin,Transversion - Purine/Pyrimidine,G>T
7843544,rs76322238,GG,AA,AA,70,64,69,NC_000016.10,Mutation NB - Paternal Origin,Transition - Purine/Purine,G>A
9650654,rs316379,GA,GG,AA,35,100,12,NC_000016.10,Mutation NB - Maternal Origin,Transition - Purine/Purine,G>A
9650681,rs2540161,TA,TT,AA,35,100,12,NC_000016.10,Mutation NB - Maternal Origin,Transversion - Purine/Pyrimidine,T>A
10327285,.,AA,AA,AG,82,67,62,NC_000016.10,Mutation NB - Maternal Origin,Transition - Purine/Purine,Unsolved
10664341,rs7194053,AA,CC,AA,91,76,9,NC_000016.10,Mutation NB - Maternal Origin,Transversion - Purine/Pyrimidine,C>A
10983891,.,AA,AA,AG,79,82,68,NC_000016.10,Mutation NB - Paternal Origin,Transition - Purine/Purine,Unsolved
11080385,.,TT,TT,TC,49,61,42,NC_000016.10,Mutation NB - Paternal Origin,Transition - Pyrimidine/Pyrimidine,Unsolved
11276170,rs200072135,GG,GG,GA,100,88,99,NC_000016.10,Mutation NB - Maternal Origin,Transition - Purine/Purine,Unsolved
11391784,rs12599460,TT,CC,TT,82,100,63,NC_000016.10,Mutation NB - Maternal Origin,Transition - Pyrimidine/Pyrimidine,C>T
12566779,rs1560116,AA,AA,AG,82,100,33,NC_000016.10,Mutation NB - Paternal Origin,Transition - Purine/Purine,Unsolved
12566813,rs75173036,GG,GG,GA,85,100,33,NC_000016.10,Mutation NB - Paternal Origin,Transition - Purine/Purine,Unsolved
12566816,rs72775241,CG,GG,CC,36,91,0,NC_000016.10,Mutation NB - Maternal Origin,Transversion - Purine/Pyrimidine,G>C
13045901,rs17240162,GG,AA,AA,91,88,45,NC_000016.10,Mutation NB - Paternal Origin,Transition - Purine/Purine,G>A
13829516,rs34415747,CC,TC,TT,85,1,0,NC_000016.10,Mutation NB - Paternal Origin,Transition - Pyrimidine/Pyrimidine,C>T
14364760,rs35906054,TT,CC,CC,65,100,0,NC_000016.10,Mutation NB - Paternal Origin,Transition - Pyrimidine/Pyrimidine,T>C
19597473,rs226859,AG,AA,GG,70,100,21,NC_000016.10,Mutation NB - Maternal Origin,Transition - Purine/Purine,A>G
19670167,rs74011492,GG,GA,AA,82,1,12,NC_000016.10,Mutation NB - Paternal Origin,Transition - Purine/Purine,G>A
20668830,rs16970500,TT,TT,TG,91,85,67,NC_000016.10,Mutation NB - Maternal Origin,Transition - Pyrimidine/Pyrimidine,Transversion - Purine/Pyrimidine,Unsolved
24103215,rs367977,GG,AA,AA,100,82,9,NC_000016.10,Mutation NB - Paternal Origin,Transition - Purine/Purine,G>A
25231668,.,TT,TT,TA,76,67,50,NC_000016.10,Mutation NB - Maternal Origin,Transition - Pyrimidine/Pyrimidine,Transversion - Purine/Pyrimidine,Unsolved
25819372,rs72778992,GG,GG,GA,100,82,21,NC_000016.10,Mutation NB - Maternal Origin,Transition - Purine/Purine,Unsolved
26623986,rs237166,AA,GA,GG,76,1,9,NC_000016.10,Mutation NB - Paternal Origin,Transition - Purine/Purine,A>G
27181523,.,CC,CC,CT,91,82,47,NC_000016.10,Mutation NB - Maternal Origin,Transition - Pyrimidine/Pyrimidine,Unsolved
27189518,rs4356484,AC,CC,AA,70,88,0,NC_000016.10,Mutation NB - Maternal Origin,Transversion - Purine/Pyrimidine,C>A
27332194,rs2107354,TT,TC,CC,79,5,12,NC_000016.10,Mutation NB - Paternal Origin,Transition - Pyrimidine/Pyrimidine,T>C
27881861,rs2384822,GG,AA,GG,88,91,0,NC_000016.10,Mutation NB - Maternal Origin,Transition - Purine/Purine,A>G
31392983,rs9929179,GC,GG,CC,29,88,9,NC_000016.10,Mutation NB - Maternal Origin,Transversion - Purine/Pyrimidine,G>C
48719074,rs957533,GT,AG,TT,33,70,36,NC_000016.10,Mutation NB - Maternal Origin,Transversion - Purine/Pyrimidine,G>T,A>T
49193893,.,AA,AA,AC,67,64,39,NC_000016.10,Mutation NB - Maternal Origin,Transversion - Purine/Pyrimidine,Unsolved
49679893,rs11640296,TG,GG,TT,1,73,0,NC_000016.10,Mutation NB - Maternal Origin,Transversion - Purine/Pyrimidine,G>T
50239376,rs77826425,AA,AA,AT,91,100,63,NC_000016.10,Mutation NB - Paternal Origin,Transversion - Purine/Pyrimidine,Unsolved
50239384,rs7190107,TT,TT,TA,91,100,55,NC_000016.10,Mutation NB - Paternal Origin,Transition - Pyrimidine/Pyrimidine,Transversion - Purine/Pyrimidine,Unsolved
50996702,rs114454109,GA,GG,AA,67,82,12,NC_000016.10,Mutation NB - Maternal Origin,Transition - Purine/Purine,G>A
54317823,rs752173,TT,CC,TT,73,55,12,NC_000016.10,Mutation NB - Maternal Origin,Transition - Pyrimidine/Pyrimidine,C>T
54950676,rs7185730,GA,AA,GG,38,85,0,NC_000016.10,Mutation NB - Maternal Origin,Transition - Purine/Purine,A>G
55466308,rs7187258,GG,AA,GG,82,100,45,NC_000016.10,Mutation NB - Maternal Origin,Transition - Purine/Purine,A>G
56918186,rs9921780,AA,AG,GG,100,2,12,NC_000016.10,Mutation NB - Paternal Origin,Transition - Purine/Purine,A>G
57082602,rs27194,TT,AA,AA,100,82,12,NC_000016.10,Mutation NB - Paternal Origin,Transversion - Purine/Pyrimidine,T>A
57813972,rs2081248,TT,CC,TT,85,82,0,NC_000016.10,Mutation NB - Maternal Origin,Transition - Pyrimidine/Pyrimidine,C>T
58491408,rs62040067,CC,CC,CT,100,88,99,NC_000016.10,Mutation NB - Maternal Origin,Transition - Pyrimidine/Pyrimidine,Unsolved
59706268,rs9924531,AA,GG,AA,64,100,39,NC_000016.10,Mutation NB - Maternal Origin,Transition - Purine/Purine,G>A
64381011,rs7200771,TT,GG,TT,85,100,12,NC_000016.10,Mutation NB - Maternal Origin,Transversion - Purine/Pyrimidine,G>T
64381028,rs7201877,CC,TT,CC,88,100,12,NC_000016.10,Mutation NB - Maternal Origin,Transition - Pyrimidine/Pyrimidine,T>C
64481701,rs114586809,AA,AG,GG,88,1,15,NC_000016.10,Mutation NB - Paternal Origin,Transition - Purine/Purine,A>G
64770240,rs231119,TT,TA,AA,100,73,30,NC_000016.10,Mutation NB - Paternal Origin,Transversion - Purine/Pyrimidine,T>A
67282697,rs7200919,AA,GG,AA,85,79,42,NC_000016.10,Mutation NB - Maternal Origin,Transition - Purine/Purine,G>A
70471111,rs115967077,CC,CC,CT,58,100,99,NC_000016.10,Mutation NB - Paternal Origin,Transition - Pyrimidine/Pyrimidine,Unsolved
70687049,rs76657913,AA,AA,GA,91,91,99,NC_000016.10,Mutation NB - Paternal or Maternal,Transition - Purine/Purine,Unsolved
77239900,.,AA,AA,AG,85,64,41,NC_000016.10,Mutation NB - Maternal Origin,Transition - Purine/Purine,Unsolved
78032472,rs11150034,GG,GG,GA,82,73,63,NC_000016.10,Mutation NB - Maternal Origin,Transition - Purine/Purine,Unsolved
78064200,.,TT,TT,TC,46,46,44,NC_000016.10,Mutation NB - Paternal or Maternal,Transition - Pyrimidine/Pyrimidine,Unsolved
78275388,rs57248936,AA,AA,AT,73,100,99,NC_000016.10,Mutation NB - Paternal Origin,Transversion - Purine/Pyrimidine,Unsolved
79261793,rs1308224445,TT,TT,TC,79,85,54,NC_000016.10,Mutation NB - Paternal Origin,Transition - Pyrimidine/Pyrimidine,Unsolved
81069221,.,TT,TT,TC,82,85,50,NC_000016.10,Mutation NB - Paternal Origin,Transition - Pyrimidine/Pyrimidine,Unsolved
81069223,.,TT,TT,TC,82,85,50,NC_000016.10,Mutation NB - Paternal Origin,Transition - Pyrimidine/Pyrimidine,Unsolved
81488564,rs74393516,GG,GG,GA,100,49,43,NC_000016.10,Mutation NB - Maternal Origin,Transition - Purine/Purine,Unsolved
81744886,rs4888173,GG,GA,AA,100,1,15,NC_000016.10,Mutation NB - Paternal Origin,Transition - Purine/Purine,G>A
83514921,rs4476163,GG,AA,GG,100,91,0,NC_000016.10,Mutation NB - Maternal Origin,Transition - Purine/Purine,A>G
84229651,rs10221043,AA,AA,AG,100,100,99,NC_000016.10,Mutation NB - Paternal or Maternal,Transition - Purine/Purine,Unsolved
84229652,rs12449018,TT,TT,TA,100,70,99,NC_000016.10,Mutation NB - Maternal Origin,Transition - Pyrimidine/Pyrimidine,Transversion - Purine/Pyrimidine,Unsolved
85006126,rs6564093,GG,GG,GA,100,88,99,NC_000016.10,Mutation NB - Maternal Origin,Transition - Purine/Purine,Unsolved
85077297,rs12597000,GG,GG,CC,85,82,0,NC_000016.10,Mutation NB - Maternal Origin,Transversion - Purine/Pyrimidine,Unsolved
85090156,rs3751756,GG,GG,TT,91,73,0,NC_000016.10,Mutation NB - Maternal Origin,Transversion - Purine/Pyrimidine,Unsolved
85364371,rs10438603,GG,GG,GC,79,100,99,NC_000016.10,Mutation NB - Paternal Origin,Transition - Purine/Purine,Transversion - Purine/Pyrimidine,Unsolved
86045398,rs4843336,TT,CC,TT,79,85,0,NC_000016.10,Mutation NB - Maternal Origin,Transition - Pyrimidine/Pyrimidine,C>T
86954282,.,AA,AA,AG,79,58,39,NC_000016.10,Mutation NB - Maternal Origin,Transition - Purine/Purine,Unsolved
87196133,rs7185688,GG,AA,AA,91,85,0,NC_000016.10,Mutation NB - Paternal Origin,Transition - Purine/Purine,G>A
87588110,rs949281132,GG,GG,GA,76,88,99,NC_000016.10,Mutation NB - Paternal Origin,Transition - Purine/Purine,Unsolved
87635929,rs863752,GC,CC,GG,1,88,0,NC_000016.10,Mutation NB - Maternal Origin,Transversion - Purine/Pyrimidine,C>G
87850115,rs6540092,AA,CC,CC,82,88,12,NC_000016.10,Mutation NB - Paternal Origin,Transversion - Purine/Pyrimidine,A>C
88082953,rs7501378,CT,CC,TT,32,100,12,NC_000016.10,Mutation NB - Maternal Origin,Transversion - Purine/Pyrimidine,C>T
88770512,.,GG,GG,GA,55,76,44,NC_000016.10,Mutation NB - Paternal Origin,Transition - Purine/Purine,Unsolved
88811949,rs8191469,GG,GG,GT,73,100,21,NC_000016.10,Mutation NB - Paternal Origin,Transversion - Purine/Pyrimidine,Unsolved
88854614,rs9937138,GG,CC,CC,88,88,0,NC_000016.10,Mutation NB - Paternal Origin,Transversion - Purine/Pyrimidine,G>C
88917532,.,CC,CC,CT,58,52,92,NC_000016.10,Mutation NB - Maternal Origin,Transition - Pyrimidine/Pyrimidine,Unsolved
89153752,rs74659525,CC,CC,CG,100,79,99,NC_000016.10,Mutation NB - Maternal Origin,Transversion - Purine/Pyrimidine,Unsolved
89581543,rs352936,GG,CC,CC,100,52,21,NC_000016.10,Mutation NB - Paternal Origin,Transversion - Purine/Pyrimidine,G>C
805291,rs2295478,CC,CC,TC,79,91,71,NC_000017.11,Mutation NB - Paternal Origin,Transition - Pyrimidine/Pyrimidine,Unsolved
1488503,rs34582191,TT,CT,CC,85,43,0,NC_000017.11,Mutation NB - Paternal Origin,Transition - Pyrimidine/Pyrimidine,T>C
2896866,rs11655694,CC,CC,CG,100,100,62,NC_000017.11,Mutation NB - Paternal or Maternal,Transversion - Purine/Pyrimidine,Unsolved
4481793,.,AA,AA,AG,91,82,51,NC_000017.11,Mutation NB - Maternal Origin,Transition - Purine/Purine,Unsolved
4898675,rs12940036,GA,GG,AA,70,88,9,NC_000017.11,Mutation NB - Maternal Origin,Transition - Purine/Purine,G>A
5392633,rs72837878,CC,CC,CA,88,100,30,NC_000017.11,Mutation NB - Paternal Origin,Transversion - Purine/Pyrimidine,Unsolved
5584745,rs925595,GG,GG,GC,91,100,59,NC_000017.11,Mutation NB - Paternal Origin,Transition - Purine/Purine,Transversion - Purine/Pyrimidine,Unsolved
7031912,rs450680,GG,CC,CC,52,52,0,NC_000017.11,Mutation NB - Paternal Origin,Transversion - Purine/Pyrimidine,G>C
7734406,.,AA,AA,AG,73,64,44,NC_000017.11,Mutation NB - Maternal Origin,Transition - Purine/Purine,Unsolved
7934722,rs12451479,CC,CC,CT,85,100,61,NC_000017.11,Mutation NB - Paternal Origin,Transition - Pyrimidine/Pyrimidine,Unsolved
9022894,.,TT,TT,TC,79,73,44,NC_000017.11,Mutation NB - Maternal Origin,Transition - Pyrimidine/Pyrimidine,Unsolved
9771448,rs1324846528,AA,AA,AG,85,91,50,NC_000017.11,Mutation NB - Paternal Origin,Transition - Purine/Purine,Unsolved
10831304,rs58258138,TT,CC,CC,85,55,0,NC_000017.11,Mutation NB - Paternal Origin,Transition - Pyrimidine/Pyrimidine,T>C
11369638,rs11651764,CC,CC,CT,100,52,99,NC_000017.11,Mutation NB - Maternal Origin,Transition - Pyrimidine/Pyrimidine,Unsolved
11456621,rs72807176,CC,CC,CT,100,70,99,NC_000017.11,Mutation NB - Maternal Origin,Transition - Pyrimidine/Pyrimidine,Unsolved
12989299,rs56259289,TT,CC,CC,91,64,9,NC_000017.11,Mutation NB - Paternal Origin,Transition - Pyrimidine/Pyrimidine,T>C
14556742,rs7224307,GG,AA,AA,79,88,33,NC_000017.11,Mutation NB - Paternal Origin,Transition - Purine/Purine,G>A
15168769,rs7213602,AA,AA,AT,100,88,56,NC_000017.11,Mutation NB - Maternal Origin,Transversion - Purine/Pyrimidine,Unsolved
15389066,rs10852831,TT,CC,CC,100,70,33,NC_000017.11,Mutation NB - Paternal Origin,Transition - Pyrimidine/Pyrimidine,T>C
15908557,rs859248,CC,CC,CG,70,91,99,NC_000017.11,Mutation NB - Paternal Origin,Transversion - Purine/Pyrimidine,Unsolved
17120446,.,TT,TT,TA,31,70,59,NC_000017.11,Mutation NB - Paternal Origin,Transition - Pyrimidine/Pyrimidine,Transversion - Purine/Pyrimidine,Unsolved
17422637,rs16961675,TT,GG,GG,67,70,33,NC_000017.11,Mutation NB - Paternal Origin,Transversion - Purine/Pyrimidine,T>G
17777845,.,TT,TT,TC,73,61,65,NC_000017.11,Mutation NB - Maternal Origin,Transition - Pyrimidine/Pyrimidine,Unsolved
19705639,rs12601430,AA,GG,GG,88,76,18,NC_000017.11,Mutation NB - Paternal Origin,Transition - Purine/Purine,A>G
19705661,rs11204410,AA,GG,GG,88,76,18,NC_000017.11,Mutation NB - Paternal Origin,Transition - Purine/Purine,A>G
21284371,rs28365971,TT,TT,GT,64,82,99,NC_000017.11,Mutation NB - Paternal Origin,Transition - Pyrimidine/Pyrimidine,Transversion - Purine/Pyrimidine,Unsolved
21707858,rs1443299586,GG,GG,GC,100,88,80,NC_000017.11,Mutation NB - Maternal Origin,Transition - Purine/Purine,Transversion - Purine/Pyrimidine,Unsolved
27245446,.,AA,AA,AG,76,76,44,NC_000017.11,Mutation NB - Paternal or Maternal,Transition - Purine/Purine,Unsolved
27281359,.,AA,AA,AG,67,61,56,NC_000017.11,Mutation NB - Maternal Origin,Transition - Purine/Purine,Unsolved
27387046,rs11655161,CC,CC,CG,100,76,99,NC_000017.11,Mutation NB - Maternal Origin,Transversion - Purine/Pyrimidine,Unsolved
28408124,rs9905973,GG,GA,AA,100,1,36,NC_000017.11,Mutation NB - Paternal Origin,Transition - Purine/Purine,G>A
30783178,rs1054397,TT,TC,CC,70,5,18,NC_000017.11,Mutation NB - Paternal Origin,Transition - Pyrimidine/Pyrimidine,T>C
32686872,rs2909515,GA,GG,AA,14,100,51,NC_000017.11,Mutation NB - Maternal Origin,Transition - Purine/Purine,G>A
34488055,rs12051749,CC,GG,GG,88,76,9,NC_000017.11,Mutation NB - Paternal Origin,Transversion - Purine/Pyrimidine,C>G
35002629,rs2074522,GG,GG,GA,88,88,99,NC_000017.11,Mutation NB - Paternal or Maternal,Transition - Purine/Purine,Unsolved
39005428,.,CC,CC,CT,40,76,59,NC_000017.11,Mutation NB - Paternal Origin,Transition - Pyrimidine/Pyrimidine,Unsolved
39027906,rs4483896,AA,AA,AG,79,100,99,NC_000017.11,Mutation NB - Paternal Origin,Transition - Purine/Purine,Unsolved
40016890,rs25645,AA,GG,GG,91,91,36,NC_000017.11,Mutation NB - Paternal Origin,Transition - Purine/Purine,A>G
40492197,.,AA,AA,AG,82,85,55,NC_000017.11,Mutation NB - Paternal Origin,Transition - Purine/Purine,Unsolved
41587174,rs7350916,AA,GG,AA,85,100,30,NC_000017.11,Mutation NB - Maternal Origin,Transition - Purine/Purine,G>A
42713594,rs12453215,GG,AG,AA,85,1,9,NC_000017.11,Mutation NB - Paternal Origin,Transition - Purine/Purine,G>A
43742039,rs1973987293,AA,AA,AG,79,79,50,NC_000017.11,Mutation NB - Paternal or Maternal,Transition - Purine/Purine,Unsolved
48933728,rs3785953,CC,AA,CC,67,70,60,NC_000017.11,Mutation NB - Maternal Origin,Transversion - Purine/Pyrimidine,A>C
55179935,rs171509,GG,AG,AA,64,2,0,NC_000017.11,Mutation NB - Paternal Origin,Transition - Purine/Purine,G>A
58462906,rs3803752,CC,CC,CT,100,100,33,NC_000017.11,Mutation NB - Paternal or Maternal,Transition - Pyrimidine/Pyrimidine,Unsolved
60769418,rs8069867,AA,GA,GG,59,1,0,NC_000017.11,Mutation NB - Paternal Origin,Transition - Purine/Purine,A>G
63510201,rs12947354,CC,CC,AA,98,82,12,NC_000017.11,Mutation NB - Maternal Origin,Transversion - Purine/Pyrimidine,Unsolved
63701329,rs11542436,CC,AA,AA,85,76,0,NC_000017.11,Mutation NB - Paternal Origin,Transversion - Purine/Pyrimidine,C>A
65204750,.,AA,AA,AG,76,61,44,NC_000017.11,Mutation NB - Maternal Origin,Transition - Purine/Purine,Unsolved
67474838,rs2949919,GG,AA,GG,85,88,12,NC_000017.11,Mutation NB - Maternal Origin,Transition - Purine/Purine,A>G
68135274,rs7210299,TT,CT,CC,58,91,9,NC_000017.11,Mutation NB - Paternal Origin,Transition - Pyrimidine/Pyrimidine,T>C
68183406,rs34746800,CC,CC,CA,91,85,99,NC_000017.11,Mutation NB - Maternal Origin,Transversion - Purine/Pyrimidine,Unsolved
68836218,rs6501781,CC,CC,CT,100,67,99,NC_000017.11,Mutation NB - Maternal Origin,Transition - Pyrimidine/Pyrimidine,Unsolved
69962434,.,TT,TT,TC,85,82,65,NC_000017.11,Mutation NB - Maternal Origin,Transition - Pyrimidine/Pyrimidine,Unsolved
70594485,rs12949221,CC,CC,TC,91,70,89,NC_000017.11,Mutation NB - Maternal Origin,Transition - Pyrimidine/Pyrimidine,Unsolved
72412005,rs1338957498,CC,CC,CT,70,43,54,NC_000017.11,Mutation NB - Maternal Origin,Transition - Pyrimidine/Pyrimidine,Unsolved
73522509,rs12451245,CT,CC,TT,1,100,12,NC_000017.11,Mutation NB - Maternal Origin,Transversion - Purine/Pyrimidine,C>T
73563532,rs1806682,TT,AA,AA,85,91,12,NC_000017.11,Mutation NB - Paternal Origin,Transversion - Purine/Pyrimidine,T>A
73825325,.,AA,AA,AG,79,82,49,NC_000017.11,Mutation NB - Paternal Origin,Transition - Purine/Purine,Unsolved
74424236,rs2670837,CG,CC,GG,6,79,9,NC_000017.11,Mutation NB - Maternal Origin,Transversion - Purine/Pyrimidine,C>G
75020526,rs1044228,CC,CC,CT,91,88,99,NC_000017.11,Mutation NB - Maternal Origin,Transition - Pyrimidine/Pyrimidine,Unsolved
75032828,rs1491765,GG,GA,AA,97,1,39,NC_000017.11,Mutation NB - Paternal Origin,Transition - Purine/Purine,G>A
75501358,rs8075850,GG,GA,AA,100,1,27,NC_000017.11,Mutation NB - Paternal Origin,Transition - Purine/Purine,G>A
76000497,rs111284362,AA,AA,AT,82,100,53,NC_000017.11,Mutation NB - Paternal Origin,Transversion - Purine/Pyrimidine,Unsolved
76143613,rs2598427,GG,AA,AA,88,91,60,NC_000017.11,Mutation NB - Paternal Origin,Transition - Purine/Purine,G>A
77378851,rs1452294867,AA,AA,AC,100,91,99,NC_000017.11,Mutation NB - Maternal Origin,Transversion - Purine/Pyrimidine,Unsolved
77378855,rs1288726738,TT,TT,TC,100,91,99,NC_000017.11,Mutation NB - Maternal Origin,Transition - Pyrimidine/Pyrimidine,Unsolved
77942295,rs9896016,CC,CC,CT,82,88,49,NC_000017.11,Mutation NB - Paternal Origin,Transition - Pyrimidine/Pyrimidine,Unsolved
78039193,rs148761747,TT,TT,TC,61,91,86,NC_000017.11,Mutation NB - Paternal Origin,Transition - Pyrimidine/Pyrimidine,Unsolved
79259272,rs12450030,GG,GG,GA,85,76,99,NC_000017.11,Mutation NB - Maternal Origin,Transition - Purine/Purine,Unsolved
79509026,rs34195330,GG,GG,GA,85,88,18,NC_000017.11,Mutation NB - Paternal Origin,Transition - Purine/Purine,Unsolved
79707846,rs11869574,AA,AA,AG,79,100,99,NC_000017.11,Mutation NB - Paternal Origin,Transition - Purine/Purine,Unsolved
79732281,rs34491636,AA,AA,AG,79,100,99,NC_000017.11,Mutation NB - Paternal Origin,Transition - Purine/Purine,Unsolved
79915432,rs1663190,AA,GG,GG,100,85,9,NC_000017.11,Mutation NB - Paternal Origin,Transition - Purine/Purine,A>G
79952692,rs4889804,GA,GG,AA,67,100,9,NC_000017.11,Mutation NB - Maternal Origin,Transition - Purine/Purine,G>A
80064758,rs9901556,GA,GG,AA,35,85,12,NC_000017.11,Mutation NB - Maternal Origin,Transition - Purine/Purine,G>A
80171419,rs2039902180,AA,AA,AG,43,70,50,NC_000017.11,Mutation NB - Paternal Origin,Transition - Purine/Purine,Unsolved
81373618,rs112770697,GG,GG,GA,82,85,99,NC_000017.11,Mutation NB - Paternal Origin,Transition - Purine/Purine,Unsolved
81373624,.,GG,GG,GA,82,85,44,NC_000017.11,Mutation NB - Paternal Origin,Transition - Purine/Purine,Unsolved
81446928,rs72853266,TT,CC,CC,79,82,0,NC_000017.11,Mutation NB - Paternal Origin,Transition - Pyrimidine/Pyrimidine,T>C
82020718,rs4246443,TT,TC,CC,79,2,42,NC_000017.11,Mutation NB - Paternal Origin,Transition - Pyrimidine/Pyrimidine,T>C
82087271,rs17848935,GG,AA,AA,85,91,9,NC_000017.11,Mutation NB - Paternal Origin,Transition - Purine/Purine,G>A
82089881,.,TT,TT,TC,58,67,50,NC_000017.11,Mutation NB - Paternal Origin,Transition - Pyrimidine/Pyrimidine,Unsolved
82121559,rs11654584,TT,TA,AA,85,99,18,NC_000017.11,Mutation NB - Paternal Origin,Transversion - Purine/Pyrimidine,T>A
82884375,rs3744159,GG,GG,GA,88,100,91,NC_000017.11,Mutation NB - Paternal Origin,Transition - Purine/Purine,Unsolved
186741,rs9964035,GG,TT,TT,100,76,27,NC_000018.10,Mutation NB - Paternal Origin,Transversion - Purine/Pyrimidine,G>T
2913699,.,AA,AA,AG,82,61,56,NC_000018.10,Mutation NB - Maternal Origin,Transition - Purine/Purine,Unsolved
4454150,rs2320747,CC,GG,CC,76,100,9,NC_000018.10,Mutation NB - Maternal Origin,Transversion - Purine/Pyrimidine,G>C
7603571,rs16952201,TT,CC,CC,91,85,12,NC_000018.10,Mutation NB - Paternal Origin,Transition - Pyrimidine/Pyrimidine,T>C
9726087,rs2045229,CC,TT,TT,79,85,0,NC_000018.10,Mutation NB - Paternal Origin,Transition - Pyrimidine/Pyrimidine,C>T
10263639,rs968594411,AA,AA,AG,70,43,53,NC_000018.10,Mutation NB - Maternal Origin,Transition - Purine/Purine,Unsolved
12061813,rs11872277,CC,TT,TT,85,100,0,NC_000018.10,Mutation NB - Paternal Origin,Transition - Pyrimidine/Pyrimidine,C>T
12754776,rs11874945,CC,TT,TT,91,91,15,NC_000018.10,Mutation NB - Paternal Origin,Transition - Pyrimidine/Pyrimidine,C>T
23959048,.,CC,CC,CT,58,49,72,NC_000018.10,Mutation NB - Maternal Origin,Transition - Pyrimidine/Pyrimidine,Unsolved
26284164,.,TT,TT,TC,91,70,48,NC_000018.10,Mutation NB - Maternal Origin,Transition - Pyrimidine/Pyrimidine,Unsolved
27093080,.,AA,AA,AG,73,82,65,NC_000018.10,Mutation NB - Paternal Origin,Transition - Purine/Purine,Unsolved
31343101,rs9945187,AA,GG,GG,100,91,15,NC_000018.10,Mutation NB - Paternal Origin,Transition - Purine/Purine,A>G
31724917,rs8096135,AA,AA,AG,58,100,99,NC_000018.10,Mutation NB - Paternal Origin,Transition - Purine/Purine,Unsolved
31782303,rs12967237,GG,GG,GC,100,82,99,NC_000018.10,Mutation NB - Maternal Origin,Transition - Purine/Purine,Transversion - Purine/Pyrimidine,Unsolved
36155162,rs11663315,AA,CC,AA,82,88,0,NC_000018.10,Mutation NB - Maternal Origin,Transversion - Purine/Pyrimidine,C>A
36495757,rs78668740,AA,AA,AG,91,100,67,NC_000018.10,Mutation NB - Paternal Origin,Transition - Purine/Purine,Unsolved
37493559,rs1053555681,AA,GG,GG,79,82,0,NC_000018.10,Mutation NB - Paternal Origin,Transition - Purine/Purine,A>G
38985457,rs72902523,CC,CT,TT,55,1,21,NC_000018.10,Mutation NB - Paternal Origin,Transition - Pyrimidine/Pyrimidine,C>T
49575632,rs2276269,TT,TC,CC,79,1,9,NC_000018.10,Mutation NB - Paternal Origin,Transition - Pyrimidine/Pyrimidine,T>C
50859921,.,AA,AA,AG,73,79,50,NC_000018.10,Mutation NB - Paternal Origin,Transition - Purine/Purine,Unsolved
52063345,rs115005693,GG,GG,GA,100,58,93,NC_000018.10,Mutation NB - Maternal Origin,Transition - Purine/Purine,Unsolved
58798892,rs12327537,GG,GG,CG,74,70,56,NC_000018.10,Mutation NB - Maternal Origin,Transition - Purine/Purine,Transversion - Purine/Pyrimidine,Unsolved
60795342,rs79766015,GG,GG,GA,100,73,72,NC_000018.10,Mutation NB - Maternal Origin,Transition - Purine/Purine,Unsolved
60795355,rs112714205,AA,AA,AG,100,73,72,NC_000018.10,Mutation NB - Maternal Origin,Transition - Purine/Purine,Unsolved
64851765,rs1787920,GG,GG,GA,76,61,99,NC_000018.10,Mutation NB - Maternal Origin,Transition - Purine/Purine,Unsolved
67960919,rs12326816,TT,TT,TC,100,46,99,NC_000018.10,Mutation NB - Maternal Origin,Transition - Pyrimidine/Pyrimidine,Unsolved
70723085,.,AA,AA,AG,67,61,50,NC_000018.10,Mutation NB - Maternal Origin,Transition - Purine/Purine,Unsolved
70985390,rs79260057,AA,AA,AG,67,100,99,NC_000018.10,Mutation NB - Paternal Origin,Transition - Purine/Purine,Unsolved
73053588,rs2194631,TT,CC,CC,88,82,0,NC_000018.10,Mutation NB - Paternal Origin,Transition - Pyrimidine/Pyrimidine,T>C
73188782,.,TT,TT,TC,49,61,57,NC_000018.10,Mutation NB - Paternal Origin,Transition - Pyrimidine/Pyrimidine,Unsolved
73405864,rs4353546,TT,CC,CC,82,88,18,NC_000018.10,Mutation NB - Paternal Origin,Transition - Pyrimidine/Pyrimidine,T>C
75075430,rs906515,GG,AA,GG,73,82,0,NC_000018.10,Mutation NB - Maternal Origin,Transition - Purine/Purine,A>G
75249582,rs11664048,GG,AG,AA,76,1,0,NC_000018.10,Mutation NB - Paternal Origin,Transition - Purine/Purine,G>A
77070188,rs58704082,CC,CC,CT,91,79,30,NC_000018.10,Mutation NB - Maternal Origin,Transition - Pyrimidine/Pyrimidine,Unsolved
77070216,rs58191673,TT,TT,TC,91,79,30,NC_000018.10,Mutation NB - Maternal Origin,Transition - Pyrimidine/Pyrimidine,Unsolved
77656412,rs609342,CC,TT,TT,100,91,27,NC_000018.10,Mutation NB - Paternal Origin,Transition - Pyrimidine/Pyrimidine,C>T
78910689,rs936505,CC,CC,CT,76,64,99,NC_000018.10,Mutation NB - Maternal Origin,Transition - Pyrimidine/Pyrimidine,Unsolved
79517474,rs3826572,GG,AA,AA,100,91,9,NC_000018.10,Mutation NB - Paternal Origin,Transition - Purine/Purine,G>A
79898598,rs4798925,CC,CC,TC,82,91,17,NC_000018.10,Mutation NB - Paternal Origin,Transition - Pyrimidine/Pyrimidine,Unsolved
79944512,rs3809933,CC,CC,CG,100,100,99,NC_000018.10,Mutation NB - Paternal or Maternal,Transversion - Purine/Pyrimidine,Unsolved
310404,rs72984420,AA,AG,GG,88,1,9,NC_000019.10,Mutation NB - Paternal Origin,Transition - Purine/Purine,A>G
899567,rs2930885,CC,CC,GG,100,100,15,NC_000019.10,Mutation NB - Paternal or Maternal,Transversion - Purine/Pyrimidine,Unsolved
1001270,rs4312418,CC,GG,CC,76,88,12,NC_000019.10,Mutation NB - Maternal Origin,Transversion - Purine/Pyrimidine,G>C
1503803,.,GG,GG,GC,73,86,99,NC_000019.10,Mutation NB - Paternal Origin,Transition - Purine/Purine,Transversion - Purine/Pyrimidine,Unsolved
2427109,.,CC,CC,CT,70,79,75,NC_000019.10,Mutation NB - Paternal Origin,Transition - Pyrimidine/Pyrimidine,Unsolved
2565659,rs6510687,GG,AA,GG,64,100,24,NC_000019.10,Mutation NB - Maternal Origin,Transition - Purine/Purine,A>G
2582608,rs62123671,AA,AA,AT,100,70,99,NC_000019.10,Mutation NB - Maternal Origin,Transversion - Purine/Pyrimidine,Unsolved
2582727,rs73522569,AA,AA,AG,100,79,59,NC_000019.10,Mutation NB - Maternal Origin,Transition - Purine/Purine,Unsolved
2706471,rs9807887,TT,CT,CC,82,7,0,NC_000019.10,Mutation NB - Paternal Origin,Transition - Pyrimidine/Pyrimidine,T>C
3829652,.,AA,AA,AG,79,76,53,NC_000019.10,Mutation NB - Maternal Origin,Transition - Purine/Purine,Unsolved
4210385,rs72980936,CC,CC,TT,76,73,12,NC_000019.10,Mutation NB - Maternal Origin,Transition - Pyrimidine/Pyrimidine,Unsolved
4444745,rs78869060,AA,AG,GG,100,4,39,NC_000019.10,Mutation NB - Paternal Origin,Transition - Purine/Purine,A>G
4834263,rs11670827,TT,TT,TC,100,88,26,NC_000019.10,Mutation NB - Maternal Origin,Transition - Pyrimidine/Pyrimidine,Unsolved
4957122,rs4807003,AA,GG,AA,91,100,18,NC_000019.10,Mutation NB - Maternal Origin,Transition - Purine/Purine,G>A
5026432,.,TT,TT,TC,67,76,60,NC_000019.10,Mutation NB - Paternal Origin,Transition - Pyrimidine/Pyrimidine,Unsolved
5035880,rs117716247,TT,CC,TT,100,85,0,NC_000019.10,Mutation NB - Maternal Origin,Transition - Pyrimidine/Pyrimidine,C>T
5282248,.,TT,TT,TC,55,73,53,NC_000019.10,Mutation NB - Paternal Origin,Transition - Pyrimidine/Pyrimidine,Unsolved
5908958,rs10404195,GG,AA,AA,61,79,18,NC_000019.10,Mutation NB - Paternal Origin,Transition - Purine/Purine,G>A
6325832,rs79888284,GG,GG,GA,79,100,52,NC_000019.10,Mutation NB - Paternal Origin,Transition - Purine/Purine,Unsolved
6641331,rs12979435,CC,CA,AA,100,1,51,NC_000019.10,Mutation NB - Paternal Origin,Transversion - Purine/Pyrimidine,C>A
6645513,rs1494123,TC,TT,CC,85,100,63,NC_000019.10,Mutation NB - Maternal Origin,Transition - Pyrimidine/Pyrimidine,T>C
6905094,rs4807110,CC,GG,GG,88,82,27,NC_000019.10,Mutation NB - Paternal Origin,Transversion - Purine/Pyrimidine,C>G
8847971,rs62118937,CC,TT,TT,73,100,0,NC_000019.10,Mutation NB - Paternal Origin,Transition - Pyrimidine/Pyrimidine,C>T
8871470,rs3752140,GG,TG,TT,79,1,30,NC_000019.10,Mutation NB - Paternal Origin,Transversion - Purine/Pyrimidine,G>T
8910371,rs751016860,CC,CC,CT,64,73,53,NC_000019.10,Mutation NB - Paternal Origin,Transition - Pyrimidine/Pyrimidine,Unsolved
9393303,rs6512094,TT,CC,TT,100,88,0,NC_000019.10,Mutation NB - Maternal Origin,Transition - Pyrimidine/Pyrimidine,C>T
9393330,rs7246082,TT,CC,TT,100,88,0,NC_000019.10,Mutation NB - Maternal Origin,Transition - Pyrimidine/Pyrimidine,C>T
13319841,rs2419247,CC,CT,TT,79,41,21,NC_000019.10,Mutation NB - Paternal Origin,Transition - Pyrimidine/Pyrimidine,C>T
13319933,rs1502019,GG,GG,GA,79,100,99,NC_000019.10,Mutation NB - Paternal Origin,Transition - Purine/Purine,Unsolved
13319972,rs1502020,GG,GG,GA,79,100,98,NC_000019.10,Mutation NB - Paternal Origin,Transition - Purine/Purine,Unsolved
14764389,rs7253782,GG,TT,TT,100,88,21,NC_000019.10,Mutation NB - Paternal Origin,Transversion - Purine/Pyrimidine,G>T
16656474,rs148539556,CC,TT,CC,85,82,12,NC_000019.10,Mutation NB - Maternal Origin,Transition - Pyrimidine/Pyrimidine,T>C
17946278,rs11086085,GG,GG,GA,67,67,65,NC_000019.10,Mutation NB - Paternal or Maternal,Transition - Purine/Purine,Unsolved
18446847,rs2303692,TT,CC,CC,91,70,15,NC_000019.10,Mutation NB - Paternal Origin,Transition - Pyrimidine/Pyrimidine,T>C
18603510,.,GG,GG,GA,88,91,43,NC_000019.10,Mutation NB - Paternal Origin,Transition - Purine/Purine,Unsolved
18674608,rs906554138,GG,GG,GA,82,76,94,NC_000019.10,Mutation NB - Maternal Origin,Transition - Purine/Purine,Unsolved
18959693,.,TT,TT,TC,91,88,68,NC_000019.10,Mutation NB - Maternal Origin,Transition - Pyrimidine/Pyrimidine,Unsolved
19275530,rs11882123,AA,GG,GG,100,91,41,NC_000019.10,Mutation NB - Paternal Origin,Transition - Purine/Purine,A>G
19348406,rs968525,CC,TT,CC,67,49,0,NC_000019.10,Mutation NB - Maternal Origin,Transition - Pyrimidine/Pyrimidine,T>C
22010915,.,TT,TT,TC,97,97,50,NC_000019.10,Mutation NB - Paternal or Maternal,Transition - Pyrimidine/Pyrimidine,Unsolved
22602041,rs11670104,GG,TT,TT,82,100,30,NC_000019.10,Mutation NB - Paternal Origin,Transversion - Purine/Pyrimidine,G>T
22605136,rs80066075,GG,AA,GG,70,88,39,NC_000019.10,Mutation NB - Maternal Origin,Transition - Purine/Purine,A>G
23415989,rs603909,CC,CG,GG,88,35,18,NC_000019.10,Mutation NB - Paternal Origin,Transversion - Purine/Pyrimidine,C>G
24347483,rs2606300,GG,GG,GA,91,100,33,NC_000019.10,Mutation NB - Paternal Origin,Transition - Purine/Purine,Unsolved
27813958,.,AA,AA,AG,88,88,68,NC_000019.10,Mutation NB - Paternal or Maternal,Transition - Purine/Purine,Unsolved
27895848,rs149067613,TT,TT,TC,76,100,79,NC_000019.10,Mutation NB - Paternal Origin,Transition - Pyrimidine/Pyrimidine,Unsolved
28314692,rs12977566,AA,AA,AG,82,91,99,NC_000019.10,Mutation NB - Paternal Origin,Transition - Purine/Purine,Unsolved
28468966,rs4805214,GG,GG,AG,88,85,95,NC_000019.10,Mutation NB - Maternal Origin,Transition - Purine/Purine,Unsolved
29321308,.,AA,AA,AG,76,76,50,NC_000019.10,Mutation NB - Paternal or Maternal,Transition - Purine/Purine,Unsolved
31502877,rs12984317,AA,AA,AG,70,100,99,NC_000019.10,Mutation NB - Paternal Origin,Transition - Purine/Purine,Unsolved
32626760,rs6510271,CC,TT,CC,82,100,12,NC_000019.10,Mutation NB - Maternal Origin,Transition - Pyrimidine/Pyrimidine,T>C
32637617,rs1549159,TT,CC,TT,70,100,42,NC_000019.10,Mutation NB - Maternal Origin,Transition - Pyrimidine/Pyrimidine,C>T
32965211,.,CC,CC,CT,76,76,48,NC_000019.10,Mutation NB - Paternal or Maternal,Transition - Pyrimidine/Pyrimidine,Unsolved
33626800,rs373430282,CC,CC,CT,100,100,89,NC_000019.10,Mutation NB - Paternal or Maternal,Transition - Pyrimidine/Pyrimidine,Unsolved
33801816,rs287103,GG,AA,GG,61,76,33,NC_000019.10,Mutation NB - Maternal Origin,Transition - Purine/Purine,A>G
35948323,rs2142075,AA,TA,TT,70,1,0,NC_000019.10,Mutation NB - Paternal Origin,Transversion - Purine/Pyrimidine,A>T
38288333,rs1043816535,TT,CC,CC,85,79,27,NC_000019.10,Mutation NB - Paternal Origin,Transition - Pyrimidine/Pyrimidine,T>C
41424623,rs1599964814,CC,CC,AC,85,99,11,NC_000019.10,Mutation NB - Paternal Origin,Transversion - Purine/Pyrimidine,Unsolved
41424629,rs74372796,CC,CC,AC,88,99,5,NC_000019.10,Mutation NB - Paternal Origin,Transversion - Purine/Pyrimidine,Unsolved
41823194,.,AA,AA,AG,58,67,48,NC_000019.10,Mutation NB - Paternal Origin,Transition - Purine/Purine,Unsolved
41838245,rs2290695,GA,GG,AA,38,82,42,NC_000019.10,Mutation NB - Maternal Origin,Transition - Purine/Purine,G>A
42206087,rs185041563,AA,AA,AT,100,100,99,NC_000019.10,Mutation NB - Paternal or Maternal,Transversion - Purine/Pyrimidine,Unsolved
42470303,rs10405445,GG,GA,AA,100,76,9,NC_000019.10,Mutation NB - Paternal Origin,Transition - Purine/Purine,G>A
43221183,rs2159136,GG,AA,GG,67,85,36,NC_000019.10,Mutation NB - Maternal Origin,Transition - Purine/Purine,A>G
47352883,rs1064202,GG,GG,CC,100,100,9,NC_000019.10,Mutation NB - Paternal or Maternal,Transversion - Purine/Pyrimidine,Unsolved
47843787,rs112809965,TT,CC,CC,91,91,9,NC_000019.10,Mutation NB - Paternal Origin,Transition - Pyrimidine/Pyrimidine,T>C
49333989,rs1465697,CC,CC,CT,100,79,99,NC_000019.10,Mutation NB - Maternal Origin,Transition - Pyrimidine/Pyrimidine,Unsolved
50770588,.,GG,GG,GA,100,88,59,NC_000019.10,Mutation NB - Maternal Origin,Transition - Purine/Purine,Unsolved
50859048,rs11084034,CT,CC,TT,1,85,21,NC_000019.10,Mutation NB - Maternal Origin,Transversion - Purine/Pyrimidine,C>T
51342302,rs1035454,TC,CC,TT,1,85,0,NC_000019.10,Mutation NB - Maternal Origin,Transversion - Purine/Pyrimidine,C>T
51422097,rs60538328,AA,CC,CC,82,85,33,NC_000019.10,Mutation NB - Paternal Origin,Transversion - Purine/Pyrimidine,A>C
53358528,rs7254073,GG,CC,GG,58,64,0,NC_000019.10,Mutation NB - Maternal Origin,Transversion - Purine/Pyrimidine,C>G
56720570,.,AA,AA,AG,76,85,39,NC_000019.10,Mutation NB - Paternal Origin,Transition - Purine/Purine,Unsolved
56793437,rs2870475,CT,CC,TT,35,100,14,NC_000019.10,Mutation NB - Maternal Origin,Transversion - Purine/Pyrimidine,C>T
57770006,rs2285614,GG,GG,GA,70,100,99,NC_000019.10,Mutation NB - Paternal Origin,Transition - Purine/Purine,Unsolved
263692,rs8125338,GG,AA,AA,91,91,18,NC_000020.11,Mutation NB - Paternal Origin,Transition - Purine/Purine,G>A
3194760,rs146176449,AA,GG,GG,85,73,27,NC_000020.11,Mutation NB - Paternal Origin,Transition - Purine/Purine,A>G
3739387,.,TT,TT,TC,55,76,44,NC_000020.11,Mutation NB - Paternal Origin,Transition - Pyrimidine/Pyrimidine,Unsolved
6034001,rs6038333,AA,AA,GG,70,100,15,NC_000020.11,Mutation NB - Paternal Origin,Transition - Purine/Purine,Unsolved
6274664,rs3852946,AA,GA,GG,91,38,18,NC_000020.11,Mutation NB - Paternal Origin,Transition - Purine/Purine,A>G
7324930,rs6038778,CC,TT,CC,91,88,12,NC_000020.11,Mutation NB - Maternal Origin,Transition - Pyrimidine/Pyrimidine,T>C
10159804,.,AA,AA,AG,76,67,50,NC_000020.11,Mutation NB - Maternal Origin,Transition - Purine/Purine,Unsolved
11458604,rs2180099,AA,CC,CC,100,88,24,NC_000020.11,Mutation NB - Paternal Origin,Transversion - Purine/Pyrimidine,A>C
13604766,rs6042240,AA,GA,GG,91,67,0,NC_000020.11,Mutation NB - Paternal Origin,Transition - Purine/Purine,A>G
14591788,rs189137739,GG,GG,GA,100,79,71,NC_000020.11,Mutation NB - Maternal Origin,Transition - Purine/Purine,Unsolved
15281905,rs6079724,TC,TT,CC,1,100,51,NC_000020.11,Mutation NB - Maternal Origin,Transition - Pyrimidine/Pyrimidine,T>C
16228820,rs76344218,GG,AA,AA,88,86,15,NC_000020.11,Mutation NB - Paternal Origin,Transition - Purine/Purine,G>A
16346019,rs2328018,CC,CC,TC,58,76,3,NC_000020.11,Mutation NB - Paternal Origin,Transition - Pyrimidine/Pyrimidine,Unsolved
17083724,rs56816227,TT,TT,TG,88,67,65,NC_000020.11,Mutation NB - Maternal Origin,Transition - Pyrimidine/Pyrimidine,Transversion - Purine/Pyrimidine,Unsolved
17083774,rs11905272,CC,CC,CT,88,67,65,NC_000020.11,Mutation NB - Maternal Origin,Transition - Pyrimidine/Pyrimidine,Unsolved
17991835,rs1325804744,CC,CC,CT,83,100,43,NC_000020.11,Mutation NB - Paternal Origin,Transition - Pyrimidine/Pyrimidine,Unsolved
22755032,rs113780049,TG,TT,GG,29,79,24,NC_000020.11,Mutation NB - Maternal Origin,Transversion - Purine/Pyrimidine,T>G
23163433,rs6083025,GG,AA,AA,100,91,18,NC_000020.11,Mutation NB - Paternal Origin,Transition - Purine/Purine,G>A
23163461,rs6076033,AA,GG,GG,100,91,21,NC_000020.11,Mutation NB - Paternal Origin,Transition - Purine/Purine,A>G
23509587,rs238667,CT,CC,TT,32,76,9,NC_000020.11,Mutation NB - Maternal Origin,Transversion - Purine/Pyrimidine,C>T
23565785,rs74537411,GG,GG,GA,73,70,99,NC_000020.11,Mutation NB - Maternal Origin,Transition - Purine/Purine,Unsolved
23927224,rs2260455,TT,AA,TT,79,79,18,NC_000020.11,Mutation NB - Maternal Origin,Transversion - Purine/Pyrimidine,A>T
24746308,rs111525611,CC,CA,AA,100,67,9,NC_000020.11,Mutation NB - Paternal Origin,Transversion - Purine/Pyrimidine,C>A
24894029,rs6050092,TT,TT,TC,100,91,99,NC_000020.11,Mutation NB - Maternal Origin,Transition - Pyrimidine/Pyrimidine,Unsolved
24917323,rs111932920,AA,AA,AG,70,100,99,NC_000020.11,Mutation NB - Paternal Origin,Transition - Purine/Purine,Unsolved
25186443,rs6050411,CC,AA,AA,100,91,42,NC_000020.11,Mutation NB - Paternal Origin,Transversion - Purine/Pyrimidine,C>A
25214074,.,TT,TT,TC,40,64,47,NC_000020.11,Mutation NB - Paternal Origin,Transition - Pyrimidine/Pyrimidine,Unsolved
25318901,rs112642904,CC,CC,CT,79,79,99,NC_000020.11,Mutation NB - Paternal or Maternal,Transition - Pyrimidine/Pyrimidine,Unsolved
32771985,.,AA,AA,AG,61,67,44,NC_000020.11,Mutation NB - Paternal Origin,Transition - Purine/Purine,Unsolved
33160065,rs7263452,GG,GG,GA,64,100,68,NC_000020.11,Mutation NB - Paternal Origin,Transition - Purine/Purine,Unsolved
33920952,rs4911373,TT,CC,TT,85,91,0,NC_000020.11,Mutation NB - Maternal Origin,Transition - Pyrimidine/Pyrimidine,C>T
35631574,rs6579255,TT,TC,CC,100,70,30,NC_000020.11,Mutation NB - Paternal Origin,Transition - Pyrimidine/Pyrimidine,T>C
35843723,rs149805550,CC,CC,CT,100,88,99,NC_000020.11,Mutation NB - Maternal Origin,Transition - Pyrimidine/Pyrimidine,Unsolved
36070759,rs35537163,AA,AA,AG,100,67,62,NC_000020.11,Mutation NB - Maternal Origin,Transition - Purine/Purine,Unsolved
36162827,rs138935110,CC,CC,CT,61,100,30,NC_000020.11,Mutation NB - Paternal Origin,Transition - Pyrimidine/Pyrimidine,Unsolved
36251187,rs188647136,CC,CC,CA,52,100,56,NC_000020.11,Mutation NB - Paternal Origin,Transversion - Purine/Pyrimidine,Unsolved
36493540,rs113073888,GG,GA,AA,82,1,21,NC_000020.11,Mutation NB - Paternal Origin,Transition - Purine/Purine,G>A
36784431,rs2298308,AA,GA,GG,46,11,0,NC_000020.11,Mutation NB - Paternal Origin,Transition - Purine/Purine,A>G
38169973,rs11700046,GG,GG,GA,76,100,99,NC_000020.11,Mutation NB - Paternal Origin,Transition - Purine/Purine,Unsolved
38169978,rs11698634,TT,TT,TC,76,100,99,NC_000020.11,Mutation NB - Paternal Origin,Transition - Pyrimidine/Pyrimidine,Unsolved
40716027,rs6102106,AA,TT,AA,73,67,0,NC_000020.11,Mutation NB - Maternal Origin,Transversion - Purine/Pyrimidine,T>A
41192718,rs2037139120,TT,TT,TC,82,85,58,NC_000020.11,Mutation NB - Paternal Origin,Transition - Pyrimidine/Pyrimidine,Unsolved
44071878,rs6073306,GG,GG,GA,64,100,76,NC_000020.11,Mutation NB - Paternal Origin,Transition - Purine/Purine,Unsolved
44773499,rs114371167,AA,AA,AC,73,100,90,NC_000020.11,Mutation NB - Paternal Origin,Transversion - Purine/Pyrimidine,Unsolved
45930100,rs113963381,TT,CC,CC,85,91,0,NC_000020.11,Mutation NB - Paternal Origin,Transition - Pyrimidine/Pyrimidine,T>C
46005181,rs3848722,AG,AA,GG,1,100,30,NC_000020.11,Mutation NB - Maternal Origin,Transition - Purine/Purine,A>G
46256047,rs3888728,TT,TG,GG,100,35,18,NC_000020.11,Mutation NB - Paternal Origin,Transversion - Purine/Pyrimidine,T>G
46318606,rs6017770,TT,CC,CC,91,70,42,NC_000020.11,Mutation NB - Paternal Origin,Transition - Pyrimidine/Pyrimidine,T>C
46557269,rs16991487,TT,TT,TC,70,100,99,NC_000020.11,Mutation NB - Paternal Origin,Transition - Pyrimidine/Pyrimidine,Unsolved
47425417,rs6018475,AA,GG,AA,82,88,9,NC_000020.11,Mutation NB - Maternal Origin,Transition - Purine/Purine,G>A
48163493,rs827941,CC,TT,TT,91,91,0,NC_000020.11,Mutation NB - Paternal Origin,Transition - Pyrimidine/Pyrimidine,C>T
48205599,rs59763061,AA,AG,GG,79,1,12,NC_000020.11,Mutation NB - Paternal Origin,Transition - Purine/Purine,A>G
48580206,rs59924179,TT,TT,TC,73,100,99,NC_000020.11,Mutation NB - Paternal Origin,Transition - Pyrimidine/Pyrimidine,Unsolved
48736641,rs6125448,GG,GG,GA,100,91,95,NC_000020.11,Mutation NB - Maternal Origin,Transition - Purine/Purine,Unsolved
51347898,rs1984947572,TT,TT,TC,82,73,59,NC_000020.11,Mutation NB - Maternal Origin,Transition - Pyrimidine/Pyrimidine,Unsolved
51814102,rs1282225095,GG,AA,GG,85,91,9,NC_000020.11,Mutation NB - Maternal Origin,Transition - Purine/Purine,A>G
53307536,rs1567664,TT,GG,TT,73,85,27,NC_000020.11,Mutation NB - Maternal Origin,Transversion - Purine/Pyrimidine,G>T
54103991,rs158530,GG,AG,AA,91,73,9,NC_000020.11,Mutation NB - Paternal Origin,Transition - Purine/Purine,G>A
54855921,rs6069013,AA,GG,AA,85,88,9,NC_000020.11,Mutation NB - Maternal Origin,Transition - Purine/Purine,G>A
55897473,rs2208144,CT,CC,TT,6,100,27,NC_000020.11,Mutation NB - Maternal Origin,Transversion - Purine/Pyrimidine,C>T
56901438,rs12479501,GA,GG,AA,35,67,27,NC_000020.11,Mutation NB - Maternal Origin,Transition - Purine/Purine,G>A
57405538,.,GG,GG,GT,64,64,44,NC_000020.11,Mutation NB - Paternal or Maternal,Transversion - Purine/Pyrimidine,Unsolved
57433235,.,AA,AA,AG,91,88,69,NC_000020.11,Mutation NB - Maternal Origin,Transition - Purine/Purine,Unsolved
59185668,rs260013,AG,GG,AA,32,88,21,NC_000020.11,Mutation NB - Maternal Origin,Transition - Purine/Purine,G>A
59784054,rs6027101,AA,GG,GG,91,88,12,NC_000020.11,Mutation NB - Paternal Origin,Transition - Purine/Purine,A>G
59819554,rs1007760856,GG,GG,GA,100,100,42,NC_000020.11,Mutation NB - Paternal or Maternal,Transition - Purine/Purine,Unsolved
60333260,rs117549158,GG,GA,AA,82,1,18,NC_000020.11,Mutation NB - Paternal Origin,Transition - Purine/Purine,G>A
60333285,rs117890179,CC,CT,TT,82,1,18,NC_000020.11,Mutation NB - Paternal Origin,Transition - Pyrimidine/Pyrimidine,C>T
60333406,rs6100868,GG,GA,AA,91,32,12,NC_000020.11,Mutation NB - Paternal Origin,Transition - Purine/Purine,G>A
60346419,rs6027541,AG,AA,GG,1,100,30,NC_000020.11,Mutation NB - Maternal Origin,Transition - Purine/Purine,A>G
61163855,rs17203492,CC,CC,CA,100,76,99,NC_000020.11,Mutation NB - Maternal Origin,Transversion - Purine/Pyrimidine,Unsolved
61881335,rs6121826,CC,GG,CC,51,100,8,NC_000020.11,Mutation NB - Maternal Origin,Transversion - Purine/Pyrimidine,G>C
62402808,rs2236203,GG,GG,TG,85,88,68,NC_000020.11,Mutation NB - Paternal Origin,Transversion - Purine/Pyrimidine,Unsolved
62589028,rs76330264,GG,GG,GA,73,82,94,NC_000020.11,Mutation NB - Paternal Origin,Transition - Purine/Purine,Unsolved
62907308,.,CC,CC,CA,91,79,54,NC_000020.11,Mutation NB - Maternal Origin,Transversion - Purine/Pyrimidine,Unsolved
63092340,rs6062806,GG,AA,GG,79,76,27,NC_000020.11,Mutation NB - Maternal Origin,Transition - Purine/Purine,A>G
63261160,rs2281566,CC,AA,AA,100,61,42,NC_000020.11,Mutation NB - Paternal Origin,Transversion - Purine/Pyrimidine,C>A
63562885,rs34996572,CC,CC,CT,100,76,69,NC_000020.11,Mutation NB - Maternal Origin,Transition - Pyrimidine/Pyrimidine,Unsolved
15194030,rs2823130,AA,GG,AA,97,88,15,NC_000021.9,Mutation NB - Maternal Origin,Transition - Purine/Purine,G>A
19177027,rs1475899,GG,AA,AA,91,91,0,NC_000021.9,Mutation NB - Paternal Origin,Transition - Purine/Purine,G>A
23251566,rs2827992,CC,CT,TT,76,1,15,NC_000021.9,Mutation NB - Paternal Origin,Transition - Pyrimidine/Pyrimidine,C>T
23838969,rs71329944,GG,GG,GT,88,100,99,NC_000021.9,Mutation NB - Paternal Origin,Transversion - Purine/Pyrimidine,Unsolved
27056049,rs11702460,TT,CC,TT,61,76,45,NC_000021.9,Mutation NB - Maternal Origin,Transition - Pyrimidine/Pyrimidine,C>T
27446241,rs239632,GG,GG,AA,100,100,12,NC_000021.9,Mutation NB - Paternal or Maternal,Transition - Purine/Purine,Unsolved
29933351,rs9982938,TT,TT,GT,64,82,99,NC_000021.9,Mutation NB - Paternal Origin,Transition - Pyrimidine/Pyrimidine,Transversion - Purine/Pyrimidine,Unsolved
29933357,rs9982699,CC,CC,AC,64,82,99,NC_000021.9,Mutation NB - Paternal Origin,Transversion - Purine/Pyrimidine,Unsolved
30922199,.,AA,AA,AG,40,67,76,NC_000021.9,Mutation NB - Paternal Origin,Transition - Purine/Purine,Unsolved
31524138,.,TT,TT,TC,73,76,42,NC_000021.9,Mutation NB - Paternal Origin,Transition - Pyrimidine/Pyrimidine,Unsolved
31796125,rs116788680,TT,TT,TC,91,91,33,NC_000021.9,Mutation NB - Paternal or Maternal,Transition - Pyrimidine/Pyrimidine,Unsolved
32525893,rs147140124,CC,CC,CG,88,100,99,NC_000021.9,Mutation NB - Paternal Origin,Transversion - Purine/Pyrimidine,Unsolved
32575419,rs59453134,TT,CC,CC,88,79,18,NC_000021.9,Mutation NB - Paternal Origin,Transition - Pyrimidine/Pyrimidine,T>C
32917357,.,TT,TT,TC,64,67,51,NC_000021.9,Mutation NB - Paternal Origin,Transition - Pyrimidine/Pyrimidine,Unsolved
34129674,rs7281374,AA,AA,AG,100,70,99,NC_000021.9,Mutation NB - Maternal Origin,Transition - Purine/Purine,Unsolved
35200051,rs116702054,CC,TT,TT,76,88,21,NC_000021.9,Mutation NB - Paternal Origin,Transition - Pyrimidine/Pyrimidine,C>T
36447260,rs16994103,GG,TT,TT,85,85,0,NC_000021.9,Mutation NB - Paternal Origin,Transversion - Purine/Pyrimidine,G>T
36447416,rs116073286,GA,GG,AA,44,88,12,NC_000021.9,Mutation NB - Maternal Origin,Transition - Purine/Purine,G>A
36459562,rs219785,GC,GG,CC,28,82,12,NC_000021.9,Mutation NB - Maternal Origin,Transversion - Purine/Pyrimidine,G>C
37895943,rs8129611,GG,GG,TG,85,88,99,NC_000021.9,Mutation NB - Paternal Origin,Transversion - Purine/Pyrimidine,Unsolved
39121069,rs454349,GG,AA,GG,58,79,24,NC_000021.9,Mutation NB - Maternal Origin,Transition - Purine/Purine,A>G
40897397,rs4818189,TT,CC,TT,85,91,9,NC_000021.9,Mutation NB - Maternal Origin,Transition - Pyrimidine/Pyrimidine,C>T
40897418,rs10854409,TT,AA,TT,85,91,9,NC_000021.9,Mutation NB - Maternal Origin,Transversion - Purine/Pyrimidine,A>T
42049183,rs377656355,CC,TT,CC,76,82,0,NC_000021.9,Mutation NB - Maternal Origin,Transition - Pyrimidine/Pyrimidine,T>C
42082768,rs56712315,AA,AG,GG,100,1,69,NC_000021.9,Mutation NB - Paternal Origin,Transition - Purine/Purine,A>G
42128583,rs220160,AA,GG,GG,100,52,42,NC_000021.9,Mutation NB - Paternal Origin,Transition - Purine/Purine,A>G
42294469,rs474142,GG,GG,GA,67,100,99,NC_000021.9,Mutation NB - Paternal Origin,Transition - Purine/Purine,Unsolved
42540130,rs228069,GA,GG,AA,26,100,39,NC_000021.9,Mutation NB - Maternal Origin,Transition - Purine/Purine,G>A
43267510,.,TT,TT,TC,55,49,51,NC_000021.9,Mutation NB - Maternal Origin,Transition - Pyrimidine/Pyrimidine,Unsolved
43724132,rs2838355,GG,GC,CC,100,32,9,NC_000021.9,Mutation NB - Paternal Origin,Transversion - Purine/Pyrimidine,G>C
43724164,rs4819304,CC,CG,GG,100,32,9,NC_000021.9,Mutation NB - Paternal Origin,Transversion - Purine/Pyrimidine,C>G
44320237,.,CC,CC,CA,76,61,42,NC_000021.9,Mutation NB - Maternal Origin,Transversion - Purine/Pyrimidine,Unsolved
44419171,rs371061124,AA,GG,GG,88,91,15,NC_000021.9,Mutation NB - Paternal Origin,Transition - Purine/Purine,A>G
44987422,rs73226669,CC,TT,CC,82,85,24,NC_000021.9,Mutation NB - Maternal Origin,Transition - Pyrimidine/Pyrimidine,T>C
45072355,rs2838769,GG,GG,GA,100,79,99,NC_000021.9,Mutation NB - Maternal Origin,Transition - Purine/Purine,Unsolved
45597053,rs13050787,AA,AG,GG,76,1,9,NC_000021.9,Mutation NB - Paternal Origin,Transition - Purine/Purine,A>G
45617197,rs73230571,CC,TT,CC,76,85,42,NC_000021.9,Mutation NB - Maternal Origin,Transition - Pyrimidine/Pyrimidine,T>C
45902422,rs2839040,AA,GG,AA,85,91,30,NC_000021.9,Mutation NB - Maternal Origin,Transition - Purine/Purine,G>A
46039360,rs35743884,AA,AA,AC,91,100,19,NC_000021.9,Mutation NB - Paternal Origin,Transversion - Purine/Pyrimidine,Unsolved
46482945,rs1045080348,AA,AA,AG,79,100,99,NC_000021.9,Mutation NB - Paternal Origin,Transition - Purine/Purine,Unsolved
46483195,rs2839284,GG,GA,AA,100,64,18,NC_000021.9,Mutation NB - Paternal Origin,Transition - Purine/Purine,G>A
46483218,rs2839285,GG,GA,AA,100,64,18,NC_000021.9,Mutation NB - Paternal Origin,Transition - Purine/Purine,G>A
16697125,rs16981497,CC,CT,TT,76,35,9,NC_000022.11,Mutation NB - Paternal Origin,Transition - Pyrimidine/Pyrimidine,C>T
19694202,rs1989780,GG,GG,GA,100,88,60,NC_000022.11,Mutation NB - Maternal Origin,Transition - Purine/Purine,Unsolved
19812799,rs2073765,TT,TT,TC,85,100,49,NC_000022.11,Mutation NB - Paternal Origin,Transition - Pyrimidine/Pyrimidine,Unsolved
19936498,rs6518591,AA,AA,GG,100,82,9,NC_000022.11,Mutation NB - Maternal Origin,Transition - Purine/Purine,Unsolved
19953984,rs3087869,AA,GG,GG,88,79,21,NC_000022.11,Mutation NB - Paternal Origin,Transition - Purine/Purine,A>G
19964978,rs165737,CC,CC,CT,100,67,99,NC_000022.11,Mutation NB - Maternal Origin,Transition - Pyrimidine/Pyrimidine,Unsolved
19968361,rs9332378,CC,GG,GG,91,91,9,NC_000022.11,Mutation NB - Paternal Origin,Transversion - Purine/Pyrimidine,C>G
20108791,rs1633442,GG,AA,AA,91,82,15,NC_000022.11,Mutation NB - Paternal Origin,Transition - Purine/Purine,G>A
20994625,rs4822790,CC,TT,CC,76,82,15,NC_000022.11,Mutation NB - Maternal Origin,Transition - Pyrimidine/Pyrimidine,T>C
23281745,rs191817263,GG,GG,GA,82,52,99,NC_000022.11,Mutation NB - Maternal Origin,Transition - Purine/Purine,Unsolved
23289636,rs62219796,CC,TT,CC,76,100,60,NC_000022.11,Mutation NB - Maternal Origin,Transition - Pyrimidine/Pyrimidine,T>C
24697688,.,TT,TT,TC,73,64,62,NC_000022.11,Mutation NB - Maternal Origin,Transition - Pyrimidine/Pyrimidine,Unsolved
25178115,.,CC,CC,CT,70,73,46,NC_000022.11,Mutation NB - Paternal Origin,Transition - Pyrimidine/Pyrimidine,Unsolved
25245951,rs9620501,AA,AG,GG,100,1,21,NC_000022.11,Mutation NB - Paternal Origin,Transition - Purine/Purine,A>G
26680070,rs12628661,CC,TT,CC,91,91,18,NC_000022.11,Mutation NB - Maternal Origin,Transition - Pyrimidine/Pyrimidine,T>C
26847956,rs2331335,AA,GG,AA,91,91,0,NC_000022.11,Mutation NB - Maternal Origin,Transition - Purine/Purine,G>A
28675739,rs7286815,AT,AA,AG,1,64,76,NC_000022.11,Mutation NB - Paternal Origin,Transversion - Purine/Pyrimidine,Unsolved
29309019,rs75273393,CC,CC,CT,100,91,99,NC_000022.11,Mutation NB - Maternal Origin,Transition - Pyrimidine/Pyrimidine,Unsolved
29840455,rs2097352,AA,TT,AA,85,88,0,NC_000022.11,Mutation NB - Maternal Origin,Transversion - Purine/Pyrimidine,T>A
30383222,rs5753111,TT,CC,CC,100,91,36,NC_000022.11,Mutation NB - Paternal Origin,Transition - Pyrimidine/Pyrimidine,T>C
30858049,rs5997786,TT,CC,CC,79,70,0,NC_000022.11,Mutation NB - Paternal Origin,Transition - Pyrimidine/Pyrimidine,T>C
31096795,rs34292278,CC,CC,CT,100,91,99,NC_000022.11,Mutation NB - Maternal Origin,Transition - Pyrimidine/Pyrimidine,Unsolved
32207354,rs5998301,CC,CC,GG,88,88,12,NC_000022.11,Mutation NB - Paternal or Maternal,Transversion - Purine/Pyrimidine,Unsolved
32319572,rs5753966,AA,CC,AA,79,91,21,NC_000022.11,Mutation NB - Maternal Origin,Transversion - Purine/Pyrimidine,C>A
33440197,.,AA,AA,AG,91,100,41,NC_000022.11,Mutation NB - Paternal Origin,Transition - Purine/Purine,Unsolved
35058829,rs4432561,CC,CC,CT,100,82,68,NC_000022.11,Mutation NB - Maternal Origin,Transition - Pyrimidine/Pyrimidine,Unsolved
36363770,rs136213,AA,GG,GG,100,91,42,NC_000022.11,Mutation NB - Paternal Origin,Transition - Purine/Purine,A>G
38218122,rs4821767,AA,CC,AA,73,100,27,NC_000022.11,Mutation NB - Maternal Origin,Transversion - Purine/Pyrimidine,C>A
39547118,.,TT,TT,TC,61,70,44,NC_000022.11,Mutation NB - Paternal Origin,Transition - Pyrimidine/Pyrimidine,Unsolved
40678769,rs133070,GA,AA,GG,1,76,0,NC_000022.11,Mutation NB - Maternal Origin,Transition - Purine/Purine,A>G
43823228,rs138053,AA,GG,GG,91,91,27,NC_000022.11,Mutation NB - Paternal Origin,Transition - Purine/Purine,A>G
44409950,rs5766269,CT,TT,CC,1,73,0,NC_000022.11,Mutation NB - Maternal Origin,Transition - Pyrimidine/Pyrimidine,T>C
44449713,rs133765,TT,CC,TT,79,82,9,NC_000022.11,Mutation NB - Maternal Origin,Transition - Pyrimidine/Pyrimidine,C>T
44820182,rs35001704,CC,CC,CG,97,64,99,NC_000022.11,Mutation NB - Maternal Origin,Transversion - Purine/Pyrimidine,Unsolved
44847891,rs2269542,GG,GA,AA,88,31,12,NC_000022.11,Mutation NB - Paternal Origin,Transition - Purine/Purine,G>A
44865448,rs2014741,TT,CC,TT,70,82,30,NC_000022.11,Mutation NB - Maternal Origin,Transition - Pyrimidine/Pyrimidine,C>T
46086105,rs8135478,CC,TT,TT,91,88,0,NC_000022.11,Mutation NB - Paternal Origin,Transition - Pyrimidine/Pyrimidine,C>T
46589890,rs61314860,CG,CC,GG,32,100,15,NC_000022.11,Mutation NB - Maternal Origin,Transversion - Purine/Pyrimidine,C>G
47394969,rs7288904,TT,GG,TT,100,88,21,NC_000022.11,Mutation NB - Maternal Origin,Transversion - Purine/Pyrimidine,G>T
48097010,rs9754388,GG,GC,CC,100,1,26,NC_000022.11,Mutation NB - Paternal Origin,Transversion - Purine/Pyrimidine,G>C
48554918,rs133465,GG,GG,GT,100,70,99,NC_000022.11,Mutation NB - Maternal Origin,Transversion - Purine/Pyrimidine,Unsolved
48604617,rs35617297,CC,GG,GG,85,91,0,NC_000022.11,Mutation NB - Paternal Origin,Transversion - Purine/Pyrimidine,C>G
48627224,.,TT,TT,TG,64,73,50,NC_000022.11,Mutation NB - Paternal Origin,Transition - Pyrimidine/Pyrimidine,Transversion - Purine/Pyrimidine,Unsolved
48663270,rs9628588,GA,GG,AA,3,100,24,NC_000022.11,Mutation NB - Maternal Origin,Transition - Purine/Purine,G>A
48709153,rs132241,GG,GG,AG,91,76,50,NC_000022.11,Mutation NB - Maternal Origin,Transition - Purine/Purine,Unsolved
48709350,rs5771997,AG,GG,AA,1,76,72,NC_000022.11,Mutation NB - Maternal Origin,Transition - Purine/Purine,G>A
48974942,rs5770635,AA,GG,GG,100,70,15,NC_000022.11,Mutation NB - Paternal Origin,Transition - Purine/Purine,A>G
49032292,rs2073224,TT,GG,TT,91,91,0,NC_000022.11,Mutation NB - Maternal Origin,Transversion - Purine/Pyrimidine,G>T
49187049,rs762933,GG,AA,GG,85,100,33,NC_000022.11,Mutation NB - Maternal Origin,Transition - Purine/Purine,A>G
49470200,rs1033372,AA,AG,GG,100,94,12,NC_000022.11,Mutation NB - Paternal Origin,Transition - Purine/Purine,A>G
49490948,rs9616653,CC,CC,CA,100,85,68,NC_000022.11,Mutation NB - Maternal Origin,Transversion - Purine/Pyrimidine,Unsolved
50015399,rs137877,GG,TG,TT,91,28,15,NC_000022.11,Mutation NB - Paternal Origin,Transversion - Purine/Pyrimidine,G>T
