1124794,rs7548798,TT,CC,CC,85,49,45,NC_000001.11,Mutation NB - Paternal Origin,Transition - Pyrimidine/Pyrimidine,T>C
1124795,rs7556082,CC,CC,TC,85,49,38,NC_000001.11,Mutation NB - Maternal Origin,Transition - Pyrimidine/Pyrimidine,Unsolved
1985451,rs3795280,CC,CC,CT,91,67,99,NC_000001.11,Mutation NB - Maternal Origin,Transition - Pyrimidine/Pyrimidine,Unsolved
2328611,rs2645063,AA,GG,GG,88,79,12,NC_000001.11,Mutation NB - Paternal Origin,Transition - Purine/Purine,A>G
2358704,rs34587196,GG,GG,GA,91,79,98,NC_000001.11,Mutation NB - Maternal Origin,Transition - Purine/Purine,Unsolved
2447177,.,AA,AA,AG,91,76,71,NC_000001.11,Mutation NB - Maternal Origin,Transition - Purine/Purine,Unsolved
3131734,rs2817180,TT,TC,CC,100,33,33,NC_000001.11,Mutation NB - Paternal Origin,Transition - Pyrimidine/Pyrimidine,T>C
3505395,rs200837804,GG,GG,GC,82,100,33,NC_000001.11,Mutation NB - Paternal Origin,Transition - Purine/Purine,Transversion - Purine/Pyrimidine,Unsolved
3631886,rs866885243,TT,TT,TG,100,82,99,NC_000001.11,Mutation NB - Maternal Origin,Transition - Pyrimidine/Pyrimidine,Transversion - Purine/Pyrimidine,Unsolved
3887137,rs12136187,CC,CC,AA,100,67,9,NC_000001.11,Mutation NB - Maternal Origin,Transversion - Purine/Pyrimidine,Unsolved
4388729,.,GG,GG,GA,58,70,62,NC_000001.11,Mutation NB - Paternal Origin,Transition - Purine/Purine,Unsolved
4638211,rs75645239,GG,GG,GT,100,85,27,NC_000001.11,Mutation NB - Maternal Origin,Transversion - Purine/Pyrimidine,Unsolved
5250520,rs10915396,CC,TT,CC,82,85,12,NC_000001.11,Mutation NB - Maternal Origin,Transition - Pyrimidine/Pyrimidine,T>C
5459950,.,AA,AA,AG,82,73,47,NC_000001.11,Mutation NB - Maternal Origin,Transition - Purine/Purine,Unsolved
6031838,rs11584431,GG,GG,GA,100,67,15,NC_000001.11,Mutation NB - Maternal Origin,Transition - Purine/Purine,Unsolved
6320685,rs7555762,TT,TT,TC,100,82,99,NC_000001.11,Mutation NB - Maternal Origin,Transition - Pyrimidine/Pyrimidine,Unsolved
6362072,.,GG,GG,GA,61,40,56,NC_000001.11,Mutation NB - Maternal Origin,Transition - Purine/Purine,Unsolved
7641869,.,AA,AA,AG,91,46,47,NC_000001.11,Mutation NB - Maternal Origin,Transition - Purine/Purine,Unsolved
8104909,.,TT,TT,TC,100,100,50,NC_000001.11,Mutation NB - Paternal or Maternal,Transition - Pyrimidine/Pyrimidine,Unsolved
10982760,rs35285563,AA,GG,AA,91,91,0,NC_000001.11,Mutation NB - Maternal Origin,Transition - Purine/Purine,G>A
11551880,.,TT,TT,TC,43,22,77,NC_000001.11,Mutation NB - Maternal Origin,Transition - Pyrimidine/Pyrimidine,Unsolved
11780136,.,AA,AA,AG,91,64,59,NC_000001.11,Mutation NB - Maternal Origin,Transition - Purine/Purine,Unsolved
11949166,rs7418108,CC,GC,GG,88,32,0,NC_000001.11,Mutation NB - Paternal Origin,Transversion - Purine/Pyrimidine,C>G
11953770,rs6703931,CC,TC,TT,85,5,0,NC_000001.11,Mutation NB - Paternal Origin,Transition - Pyrimidine/Pyrimidine,C>T
14136257,rs4661476,CC,GG,GG,82,79,12,NC_000001.11,Mutation NB - Paternal Origin,Transversion - Purine/Pyrimidine,C>G
14871413,rs2803396,TT,CC,CC,82,31,51,NC_000001.11,Mutation NB - Paternal Origin,Transition - Pyrimidine/Pyrimidine,T>C
15271295,rs112152918,AA,GG,GG,91,55,36,NC_000001.11,Mutation NB - Paternal Origin,Transition - Purine/Purine,A>G
15602355,rs72871747,GG,CC,CC,82,64,90,NC_000001.11,Mutation NB - Paternal Origin,Transversion - Purine/Pyrimidine,G>C
15886217,rs2070734960,AA,AA,AG,85,64,50,NC_000001.11,Mutation NB - Maternal Origin,Transition - Purine/Purine,Unsolved
16131679,.,AA,AA,AG,82,88,71,NC_000001.11,Mutation NB - Paternal Origin,Transition - Purine/Purine,Unsolved
16960806,rs76576326,AA,GG,AA,82,70,93,NC_000001.11,Mutation NB - Maternal Origin,Transition - Purine/Purine,G>A
17082887,rs2647187,CC,TT,CC,91,100,27,NC_000001.11,Mutation NB - Maternal Origin,Transition - Pyrimidine/Pyrimidine,T>C
17531911,.,AA,AA,AG,73,52,62,NC_000001.11,Mutation NB - Maternal Origin,Transition - Purine/Purine,Unsolved
17635519,rs1105150,TT,TT,TC,88,100,62,NC_000001.11,Mutation NB - Paternal Origin,Transition - Pyrimidine/Pyrimidine,Unsolved
17694911,rs905389,CC,TT,CC,61,91,24,NC_000001.11,Mutation NB - Maternal Origin,Transition - Pyrimidine/Pyrimidine,T>C
17694949,rs41267491,GT,GG,TT,1,91,24,NC_000001.11,Mutation NB - Maternal Origin,Transversion - Purine/Pyrimidine,G>T
18072884,rs9662797,CC,CC,CT,100,79,24,NC_000001.11,Mutation NB - Maternal Origin,Transition - Pyrimidine/Pyrimidine,Unsolved
18120242,rs61765734,AA,GG,GG,91,88,18,NC_000001.11,Mutation NB - Paternal Origin,Transition - Purine/Purine,A>G
18224095,rs995672,GG,GG,CC,76,100,18,NC_000001.11,Mutation NB - Paternal Origin,Transversion - Purine/Pyrimidine,Unsolved
18224096,rs1361556,CC,CC,TT,95,100,18,NC_000001.11,Mutation NB - Paternal Origin,Transition - Pyrimidine/Pyrimidine,Unsolved
18823153,rs12564323,CC,CC,CT,100,73,99,NC_000001.11,Mutation NB - Maternal Origin,Transition - Pyrimidine/Pyrimidine,Unsolved
19420105,rs3790759,TT,TT,CT,91,76,59,NC_000001.11,Mutation NB - Maternal Origin,Transition - Pyrimidine/Pyrimidine,Unsolved
19584449,rs2792035,GG,AA,AA,82,64,1,NC_000001.11,Mutation NB - Paternal Origin,Transition - Purine/Purine,G>A
20319941,rs12061079,GG,GG,GT,100,88,99,NC_000001.11,Mutation NB - Maternal Origin,Transversion - Purine/Pyrimidine,Unsolved
21215244,.,TT,TT,TC,91,85,50,NC_000001.11,Mutation NB - Maternal Origin,Transition - Pyrimidine/Pyrimidine,Unsolved
21832254,rs6688720,CC,CC,CA,58,100,99,NC_000001.11,Mutation NB - Paternal Origin,Transversion - Purine/Pyrimidine,Unsolved
21946817,.,CC,CC,CG,76,83,39,NC_000001.11,Mutation NB - Paternal Origin,Transversion - Purine/Pyrimidine,Unsolved
22402915,.,AA,AA,AG,85,61,59,NC_000001.11,Mutation NB - Maternal Origin,Transition - Purine/Purine,Unsolved
23191426,rs200044723,CC,CC,CT,100,69,63,NC_000001.11,Mutation NB - Maternal Origin,Transition - Pyrimidine/Pyrimidine,Unsolved
24303384,rs113733725,GG,GG,GA,100,82,30,NC_000001.11,Mutation NB - Maternal Origin,Transition - Purine/Purine,Unsolved
25811771,rs760597,TT,CC,CC,100,88,33,NC_000001.11,Mutation NB - Paternal Origin,Transition - Pyrimidine/Pyrimidine,T>C
30513338,rs10915141,CC,CA,AA,73,1,24,NC_000001.11,Mutation NB - Paternal Origin,Transversion - Purine/Pyrimidine,C>A
30550960,.,AA,AA,AG,88,40,41,NC_000001.11,Mutation NB - Maternal Origin,Transition - Purine/Purine,Unsolved
31593606,rs78873083,CC,CC,CT,79,98,63,NC_000001.11,Mutation NB - Paternal Origin,Transition - Pyrimidine/Pyrimidine,Unsolved
31684381,rs10914466,AA,AA,AT,100,67,99,NC_000001.11,Mutation NB - Maternal Origin,Transversion - Purine/Pyrimidine,Unsolved
32873090,rs10753269,AA,TT,AA,88,91,24,NC_000001.11,Mutation NB - Maternal Origin,Transversion - Purine/Pyrimidine,T>A
37586368,.,TT,TT,TC,58,10,44,NC_000001.11,Mutation NB - Maternal Origin,Transition - Pyrimidine/Pyrimidine,Unsolved
37902990,rs113399157,AA,GG,AA,82,73,24,NC_000001.11,Mutation NB - Maternal Origin,Transition - Purine/Purine,G>A
38176520,rs11799790,CC,TT,TT,67,52,54,NC_000001.11,Mutation NB - Paternal Origin,Transition - Pyrimidine/Pyrimidine,C>T
38605600,rs2985774,GG,GG,GA,100,79,68,NC_000001.11,Mutation NB - Maternal Origin,Transition - Purine/Purine,Unsolved
39601285,.,TT,TT,TC,64,64,48,NC_000001.11,Mutation NB - Paternal or Maternal,Transition - Pyrimidine/Pyrimidine,Unsolved
39672118,rs9660121,GG,AA,AA,85,91,9,NC_000001.11,Mutation NB - Paternal Origin,Transition - Purine/Purine,G>A
41506196,rs2492080,CC,AA,CC,100,85,15,NC_000001.11,Mutation NB - Maternal Origin,Transversion - Purine/Pyrimidine,A>C
41804416,.,AA,AA,AG,73,58,50,NC_000001.11,Mutation NB - Maternal Origin,Transition - Purine/Purine,Unsolved
42840082,rs12034000,GG,AA,GG,88,88,12,NC_000001.11,Mutation NB - Maternal Origin,Transition - Purine/Purine,A>G
44291753,rs1295803,TT,TC,CC,100,1,48,NC_000001.11,Mutation NB - Paternal Origin,Transition - Pyrimidine/Pyrimidine,T>C
44937989,rs1226572,AA,AA,AT,100,49,99,NC_000001.11,Mutation NB - Maternal Origin,Transversion - Purine/Pyrimidine,Unsolved
48784563,.,AA,AA,AG,85,52,47,NC_000001.11,Mutation NB - Maternal Origin,Transition - Purine/Purine,Unsolved
50357559,rs17382199,TT,CC,TT,85,88,18,NC_000001.11,Mutation NB - Maternal Origin,Transition - Pyrimidine/Pyrimidine,C>T
51086887,.,CC,CC,CT,79,73,44,NC_000001.11,Mutation NB - Maternal Origin,Transition - Pyrimidine/Pyrimidine,Unsolved
52305736,rs2753402,CC,CC,CG,85,82,64,NC_000001.11,Mutation NB - Maternal Origin,Transversion - Purine/Pyrimidine,Unsolved
52306350,.,TT,TT,TC,88,67,65,NC_000001.11,Mutation NB - Maternal Origin,Transition - Pyrimidine/Pyrimidine,Unsolved
53005269,.,AA,AA,AG,76,76,59,NC_000001.11,Mutation NB - Paternal or Maternal,Transition - Purine/Purine,Unsolved
53146168,rs80249120,AA,GG,GG,91,85,0,NC_000001.11,Mutation NB - Paternal Origin,Transition - Purine/Purine,A>G
53405159,rs1288588,AG,GG,AA,35,85,21,NC_000001.11,Mutation NB - Maternal Origin,Transition - Purine/Purine,G>A
53642439,rs6699114,GG,AA,AA,100,85,48,NC_000001.11,Mutation NB - Paternal Origin,Transition - Purine/Purine,G>A
54122437,rs7516442,CT,TT,CC,70,91,0,NC_000001.11,Mutation NB - Maternal Origin,Transition - Pyrimidine/Pyrimidine,T>C
54122467,rs7528149,AG,GG,AA,70,91,0,NC_000001.11,Mutation NB - Maternal Origin,Transition - Purine/Purine,G>A
54175906,rs611903,CT,TT,CC,35,73,0,NC_000001.11,Mutation NB - Maternal Origin,Transition - Pyrimidine/Pyrimidine,T>C
54998441,rs1003768,GG,AA,AA,91,82,0,NC_000001.11,Mutation NB - Paternal Origin,Transition - Purine/Purine,G>A
57368196,rs12566690,TT,TT,CT,91,91,27,NC_000001.11,Mutation NB - Paternal or Maternal,Transition - Pyrimidine/Pyrimidine,Unsolved
57973364,.,TT,TT,TA,58,52,50,NC_000001.11,Mutation NB - Maternal Origin,Transition - Pyrimidine/Pyrimidine,Transversion - Purine/Pyrimidine,Unsolved
58371916,rs56131443,AA,AC,CC,82,1,9,NC_000001.11,Mutation NB - Paternal Origin,Transversion - Purine/Pyrimidine,A>C
58927109,rs17118414,CC,CC,CG,76,100,68,NC_000001.11,Mutation NB - Paternal Origin,Transversion - Purine/Pyrimidine,Unsolved
63648218,rs855330,TT,TC,CC,100,1,27,NC_000001.11,Mutation NB - Paternal Origin,Transition - Pyrimidine/Pyrimidine,T>C
64854988,rs1655836948,TT,TT,TC,85,88,62,NC_000001.11,Mutation NB - Paternal Origin,Transition - Pyrimidine/Pyrimidine,Unsolved
67063406,rs2815347,AA,AA,GA,82,85,33,NC_000001.11,Mutation NB - Paternal Origin,Transition - Purine/Purine,Unsolved
68896933,.,AA,AA,AG,85,55,47,NC_000001.11,Mutation NB - Maternal Origin,Transition - Purine/Purine,Unsolved
69879657,rs6695130,CC,CC,TT,100,100,15,NC_000001.11,Mutation NB - Paternal or Maternal,Transition - Pyrimidine/Pyrimidine,Unsolved
73983814,rs67082658,CC,TT,TT,100,76,12,NC_000001.11,Mutation NB - Paternal Origin,Transition - Pyrimidine/Pyrimidine,C>T
74589794,.,TT,TT,TC,88,85,54,NC_000001.11,Mutation NB - Maternal Origin,Transition - Pyrimidine/Pyrimidine,Unsolved
74740395,.,CC,CC,CT,52,34,59,NC_000001.11,Mutation NB - Maternal Origin,Transition - Pyrimidine/Pyrimidine,Unsolved
75112173,rs618312,GG,AG,AA,55,1,69,NC_000001.11,Mutation NB - Paternal Origin,Transition - Purine/Purine,G>A
80098235,rs6696196,CC,TT,TT,100,70,21,NC_000001.11,Mutation NB - Paternal Origin,Transition - Pyrimidine/Pyrimidine,C>T
80239483,rs1776294,GG,TT,TT,100,73,30,NC_000001.11,Mutation NB - Paternal Origin,Transversion - Purine/Pyrimidine,G>T
82967177,rs10493732,TT,AA,AA,88,91,18,NC_000001.11,Mutation NB - Paternal Origin,Transversion - Purine/Pyrimidine,T>A
83115989,rs323939,GG,AA,AA,100,70,12,NC_000001.11,Mutation NB - Paternal Origin,Transition - Purine/Purine,G>A
83983224,rs35969331,GG,AA,AA,100,91,9,NC_000001.11,Mutation NB - Paternal Origin,Transition - Purine/Purine,G>A
84606921,rs2911604,AG,AA,GG,1,100,30,NC_000001.11,Mutation NB - Maternal Origin,Transition - Purine/Purine,A>G
85284481,rs61771976,CC,CC,CT,100,85,71,NC_000001.11,Mutation NB - Maternal Origin,Transition - Pyrimidine/Pyrimidine,Unsolved
86125672,rs117871299,AA,AG,GG,79,1,21,NC_000001.11,Mutation NB - Paternal Origin,Transition - Purine/Purine,A>G
93434690,rs2162277,CC,TT,TT,100,91,9,NC_000001.11,Mutation NB - Paternal Origin,Transition - Pyrimidine/Pyrimidine,C>T
94715324,rs78100317,GG,GG,GC,100,73,53,NC_000001.11,Mutation NB - Maternal Origin,Transition - Purine/Purine,Transversion - Purine/Pyrimidine,Unsolved
96486976,rs7513962,TT,CT,CC,88,1,0,NC_000001.11,Mutation NB - Paternal Origin,Transition - Pyrimidine/Pyrimidine,T>C
98134654,rs11165955,TT,CC,TT,88,100,18,NC_000001.11,Mutation NB - Maternal Origin,Transition - Pyrimidine/Pyrimidine,C>T
98616066,rs4336904,TC,CC,TT,67,91,0,NC_000001.11,Mutation NB - Maternal Origin,Transversion - Purine/Pyrimidine,C>T
101125737,rs35363849,AA,AG,GG,49,1,18,NC_000001.11,Mutation NB - Paternal Origin,Transition - Purine/Purine,A>G
101689550,rs1351839,TT,CC,TT,67,100,24,NC_000001.11,Mutation NB - Maternal Origin,Transition - Pyrimidine/Pyrimidine,C>T
110267273,rs4838973,CC,CC,CG,100,100,99,NC_000001.11,Mutation NB - Paternal or Maternal,Transversion - Purine/Pyrimidine,Unsolved
112000224,rs10857917,AA,AA,AG,100,82,99,NC_000001.11,Mutation NB - Maternal Origin,Transition - Purine/Purine,Unsolved
114088545,rs2774291,AA,AG,GG,100,1,24,NC_000001.11,Mutation NB - Paternal Origin,Transition - Purine/Purine,A>G
115477620,rs2182629,TT,CC,CC,100,67,18,NC_000001.11,Mutation NB - Paternal Origin,Transition - Pyrimidine/Pyrimidine,T>C
118543266,rs2102337,GG,AA,AA,85,100,0,NC_000001.11,Mutation NB - Paternal Origin,Transition - Purine/Purine,G>A
119077020,rs12045196,CC,GG,CC,91,91,33,NC_000001.11,Mutation NB - Maternal Origin,Transversion - Purine/Pyrimidine,G>C
119382841,rs2298027,GA,GG,AA,35,58,9,NC_000001.11,Mutation NB - Maternal Origin,Transition - Purine/Purine,G>A
150258135,.,TT,TT,TC,79,82,56,NC_000001.11,Mutation NB - Paternal Origin,Transition - Pyrimidine/Pyrimidine,Unsolved
152580227,rs1182133810,TT,TT,TC,85,70,50,NC_000001.11,Mutation NB - Maternal Origin,Transition - Pyrimidine/Pyrimidine,Unsolved
157107785,rs6689840,GG,GG,GT,100,49,99,NC_000001.11,Mutation NB - Maternal Origin,Transversion - Purine/Pyrimidine,Unsolved
158046206,rs1925033,TT,AT,AA,85,70,0,NC_000001.11,Mutation NB - Paternal Origin,Transversion - Purine/Pyrimidine,T>A
158304745,.,AA,AA,AG,76,52,56,NC_000001.11,Mutation NB - Maternal Origin,Transition - Purine/Purine,Unsolved
158455302,rs1158106270,GG,GG,GA,76,40,41,NC_000001.11,Mutation NB - Maternal Origin,Transition - Purine/Purine,Unsolved
161226014,.,CC,CC,CT,82,82,47,NC_000001.11,Mutation NB - Paternal or Maternal,Transition - Pyrimidine/Pyrimidine,Unsolved
161995227,rs4657132,GG,CC,CC,100,52,96,NC_000001.11,Mutation NB - Paternal Origin,Transversion - Purine/Pyrimidine,G>C
164516368,.,AA,AA,AG,67,61,44,NC_000001.11,Mutation NB - Maternal Origin,Transition - Purine/Purine,Unsolved
166797005,rs858798,TT,CC,CC,100,88,30,NC_000001.11,Mutation NB - Paternal Origin,Transition - Pyrimidine/Pyrimidine,T>C
166816323,rs972525,AG,AA,GG,1,79,24,NC_000001.11,Mutation NB - Maternal Origin,Transition - Purine/Purine,A>G
169787353,.,AA,AA,AC,58,61,41,NC_000001.11,Mutation NB - Paternal Origin,Transversion - Purine/Pyrimidine,Unsolved
170367299,rs10919364,TT,TC,CC,100,1,30,NC_000001.11,Mutation NB - Paternal Origin,Transition - Pyrimidine/Pyrimidine,T>C
175616429,rs4319279,AA,TT,TT,76,49,24,NC_000001.11,Mutation NB - Paternal Origin,Transversion - Purine/Pyrimidine,A>T
175783051,rs1409142,AA,GG,AA,61,73,9,NC_000001.11,Mutation NB - Maternal Origin,Transition - Purine/Purine,G>A
179774058,rs68141282,GG,GA,AA,88,1,27,NC_000001.11,Mutation NB - Paternal Origin,Transition - Purine/Purine,G>A
181124087,.,CC,CC,CA,73,76,40,NC_000001.11,Mutation NB - Paternal Origin,Transversion - Purine/Pyrimidine,Unsolved
181889083,rs12076743,GG,CG,CC,82,1,24,NC_000001.11,Mutation NB - Paternal Origin,Transversion - Purine/Pyrimidine,G>C
185324065,rs17641003,TT,TC,CC,88,3,39,NC_000001.11,Mutation NB - Paternal Origin,Transition - Pyrimidine/Pyrimidine,T>C
187947556,rs1832277,TT,TT,TC,100,85,30,NC_000001.11,Mutation NB - Maternal Origin,Transition - Pyrimidine/Pyrimidine,Unsolved
188013400,rs588078,AA,GA,GG,52,1,36,NC_000001.11,Mutation NB - Paternal Origin,Transition - Purine/Purine,A>G
191026141,rs10801008,CC,CC,CT,1,100,99,NC_000001.11,Mutation NB - Paternal Origin,Transition - Pyrimidine/Pyrimidine,Unsolved
192752155,rs12409129,TT,GG,TT,61,79,0,NC_000001.11,Mutation NB - Maternal Origin,Transversion - Purine/Pyrimidine,G>T
196808952,rs668633,AA,GG,GG,91,85,30,NC_000001.11,Mutation NB - Paternal Origin,Transition - Purine/Purine,A>G
196809016,rs525391,GG,AA,AA,100,1,99,NC_000001.11,Mutation NB - Paternal Origin,Transition - Purine/Purine,G>A
196809150,rs421199,GG,AA,AA,43,1,99,NC_000001.11,Mutation NB - Paternal Origin,Transition - Purine/Purine,G>A
196809797,rs1738735,CC,TT,TT,79,1,39,NC_000001.11,Mutation NB - Paternal Origin,Transition - Pyrimidine/Pyrimidine,C>T
196809904,rs11801119,GG,TT,TT,64,22,39,NC_000001.11,Mutation NB - Paternal Origin,Transversion - Purine/Pyrimidine,G>T
201311493,rs1772853,AA,GG,GG,88,79,48,NC_000001.11,Mutation NB - Paternal Origin,Transition - Purine/Purine,A>G
201311521,rs832152,CC,CA,AA,88,1,48,NC_000001.11,Mutation NB - Paternal Origin,Transversion - Purine/Pyrimidine,C>A
202167962,rs4950773,TC,CC,TT,29,82,0,NC_000001.11,Mutation NB - Maternal Origin,Transversion - Purine/Pyrimidine,C>T
202283517,rs906690707,CC,CC,CG,70,85,41,NC_000001.11,Mutation NB - Paternal Origin,Transversion - Purine/Pyrimidine,Unsolved
204258399,.,TT,TT,TC,67,73,58,NC_000001.11,Mutation NB - Paternal Origin,Transition - Pyrimidine/Pyrimidine,Unsolved
205492095,rs11240492,CC,GC,GG,82,1,0,NC_000001.11,Mutation NB - Paternal Origin,Transversion - Purine/Pyrimidine,C>G
205492122,rs11240493,TT,CT,CC,88,1,24,NC_000001.11,Mutation NB - Paternal Origin,Transition - Pyrimidine/Pyrimidine,T>C
205492407,rs1041310,TT,AT,AA,85,1,24,NC_000001.11,Mutation NB - Paternal Origin,Transversion - Purine/Pyrimidine,T>A
205541114,rs12751472,CC,CT,TT,100,1,24,NC_000001.11,Mutation NB - Paternal Origin,Transition - Pyrimidine/Pyrimidine,C>T
205817807,rs823082,CC,TT,TT,82,52,12,NC_000001.11,Mutation NB - Paternal Origin,Transition - Pyrimidine/Pyrimidine,C>T
206001007,rs990146930,AA,GG,AA,100,85,0,NC_000001.11,Mutation NB - Maternal Origin,Transition - Purine/Purine,G>A
206112629,rs35810727,TT,GG,GG,88,79,27,NC_000001.11,Mutation NB - Paternal Origin,Transversion - Purine/Pyrimidine,T>G
206934883,rs291104,AG,AA,GG,1,100,15,NC_000001.11,Mutation NB - Maternal Origin,Transition - Purine/Purine,A>G
210908943,rs1777250,TT,CT,CC,85,70,0,NC_000001.11,Mutation NB - Paternal Origin,Transition - Pyrimidine/Pyrimidine,T>C
212081878,.,TT,TT,TC,79,1,47,NC_000001.11,Mutation NB - Maternal Origin,Transition - Pyrimidine/Pyrimidine,Unsolved
212352908,.,TT,TT,TC,82,40,40,NC_000001.11,Mutation NB - Maternal Origin,Transition - Pyrimidine/Pyrimidine,Unsolved
215389649,.,CC,CC,CT,61,52,50,NC_000001.11,Mutation NB - Maternal Origin,Transition - Pyrimidine/Pyrimidine,Unsolved
215433247,rs7539365,GG,AA,GG,91,100,12,NC_000001.11,Mutation NB - Maternal Origin,Transition - Purine/Purine,A>G
216285108,rs6695375,TT,TT,CT,91,82,68,NC_000001.11,Mutation NB - Maternal Origin,Transition - Pyrimidine/Pyrimidine,Unsolved
217969477,rs6677498,CT,CC,TT,22,100,12,NC_000001.11,Mutation NB - Maternal Origin,Transversion - Purine/Pyrimidine,C>T
221262843,rs9431466,GG,CC,CC,79,76,0,NC_000001.11,Mutation NB - Paternal Origin,Transversion - Purine/Pyrimidine,G>C
222241595,.,CC,CC,CT,76,92,63,NC_000001.11,Mutation NB - Paternal Origin,Transition - Pyrimidine/Pyrimidine,Unsolved
222944951,rs2039781,GG,AG,AA,79,70,0,NC_000001.11,Mutation NB - Paternal Origin,Transition - Purine/Purine,G>A
226414855,rs2695235,AA,GG,AA,91,88,9,NC_000001.11,Mutation NB - Maternal Origin,Transition - Purine/Purine,G>A
226425718,rs34185854,TT,CC,CC,82,82,21,NC_000001.11,Mutation NB - Paternal Origin,Transition - Pyrimidine/Pyrimidine,T>C
228774609,rs4654656,CC,AA,AA,61,16,21,NC_000001.11,Mutation NB - Paternal Origin,Transversion - Purine/Pyrimidine,C>A
230336361,.,TT,TT,TC,40,55,68,NC_000001.11,Mutation NB - Paternal Origin,Transition - Pyrimidine/Pyrimidine,Unsolved
231723199,.,TT,TT,TC,64,61,47,NC_000001.11,Mutation NB - Maternal Origin,Transition - Pyrimidine/Pyrimidine,Unsolved
232887331,rs117635991,AA,TT,AA,91,91,0,NC_000001.11,Mutation NB - Maternal Origin,Transversion - Purine/Pyrimidine,T>A
232941054,rs9424515,TT,TT,TG,91,91,68,NC_000001.11,Mutation NB - Paternal or Maternal,Transition - Pyrimidine/Pyrimidine,Transversion - Purine/Pyrimidine,Unsolved
233087077,rs10752798,AA,CC,CC,88,73,0,NC_000001.11,Mutation NB - Paternal Origin,Transversion - Purine/Pyrimidine,A>C
235062355,rs910441108,GG,GA,AA,79,1,18,NC_000001.11,Mutation NB - Paternal Origin,Transition - Purine/Purine,G>A
240900789,rs71648636,CC,CC,TC,88,88,99,NC_000001.11,Mutation NB - Paternal or Maternal,Transition - Pyrimidine/Pyrimidine,Unsolved
241846770,rs3754092,GG,GT,TT,76,1,27,NC_000001.11,Mutation NB - Paternal Origin,Transversion - Purine/Pyrimidine,G>T
242651802,rs7534989,CC,GG,GG,100,91,24,NC_000001.11,Mutation NB - Paternal Origin,Transversion - Purine/Pyrimidine,C>G
246785308,rs144112118,AA,AA,AG,100,91,30,NC_000001.11,Mutation NB - Maternal Origin,Transition - Purine/Purine,Unsolved
652272,rs6760274,GG,AA,GG,85,52,0,NC_000002.12,Mutation NB - Maternal Origin,Transition - Purine/Purine,A>G
885956,rs10183763,AG,AA,GG,1,85,24,NC_000002.12,Mutation NB - Maternal Origin,Transition - Purine/Purine,A>G
1557678,rs55761535,AA,GG,GG,91,91,9,NC_000002.12,Mutation NB - Paternal Origin,Transition - Purine/Purine,A>G
1958838,.,TT,TT,TC,70,70,41,NC_000002.12,Mutation NB - Paternal or Maternal,Transition - Pyrimidine/Pyrimidine,Unsolved
3183927,rs11682390,GG,AA,GG,100,85,0,NC_000002.12,Mutation NB - Maternal Origin,Transition - Purine/Purine,A>G
3815006,rs146758323,CC,TT,TT,88,82,9,NC_000002.12,Mutation NB - Paternal Origin,Transition - Pyrimidine/Pyrimidine,C>T
4105235,rs1347685,AA,GG,GG,88,67,33,NC_000002.12,Mutation NB - Paternal Origin,Transition - Purine/Purine,A>G
4255556,.,AA,AA,AG,1,1,56,NC_000002.12,Mutation NB - Paternal or Maternal,Transition - Purine/Purine,Unsolved
4369251,rs3908110,CC,CC,CA,100,73,91,NC_000002.12,Mutation NB - Maternal Origin,Transversion - Purine/Pyrimidine,Unsolved
5694570,.,GG,GG,GA,91,88,50,NC_000002.12,Mutation NB - Maternal Origin,Transition - Purine/Purine,Unsolved
6173948,rs142444233,GG,GA,AA,61,1,18,NC_000002.12,Mutation NB - Paternal Origin,Transition - Purine/Purine,G>A
6356489,rs76199274,CC,TT,TT,98,76,24,NC_000002.12,Mutation NB - Paternal Origin,Transition - Pyrimidine/Pyrimidine,C>T
6525324,rs3919811,TT,CC,CC,91,85,12,NC_000002.12,Mutation NB - Paternal Origin,Transition - Pyrimidine/Pyrimidine,T>C
6625070,rs1666954226,CC,CC,CT,70,82,44,NC_000002.12,Mutation NB - Paternal Origin,Transition - Pyrimidine/Pyrimidine,Unsolved
8220306,.,TT,TT,TC,67,37,44,NC_000002.12,Mutation NB - Maternal Origin,Transition - Pyrimidine/Pyrimidine,Unsolved
8583543,rs4669294,GG,GG,GA,100,91,30,NC_000002.12,Mutation NB - Maternal Origin,Transition - Purine/Purine,Unsolved
8647844,rs4668586,CC,CC,CA,100,76,99,NC_000002.12,Mutation NB - Maternal Origin,Transversion - Purine/Pyrimidine,Unsolved
8709408,.,TT,TT,TC,82,7,52,NC_000002.12,Mutation NB - Maternal Origin,Transition - Pyrimidine/Pyrimidine,Unsolved
11162255,rs76262581,TT,TT,TG,85,88,65,NC_000002.12,Mutation NB - Paternal Origin,Transition - Pyrimidine/Pyrimidine,Transversion - Purine/Pyrimidine,Unsolved
12252437,rs13027897,AA,TA,TT,88,1,9,NC_000002.12,Mutation NB - Paternal Origin,Transversion - Purine/Pyrimidine,A>T
12296528,.,AA,AA,AG,43,40,41,NC_000002.12,Mutation NB - Maternal Origin,Transition - Purine/Purine,Unsolved
14118289,rs6736673,AA,GG,AA,91,82,0,NC_000002.12,Mutation NB - Maternal Origin,Transition - Purine/Purine,G>A
15846342,rs10929395,GG,AG,AA,16,1,12,NC_000002.12,Mutation NB - Paternal Origin,Transition - Purine/Purine,G>A
16089301,rs56655317,AA,CC,AA,91,91,0,NC_000002.12,Mutation NB - Maternal Origin,Transversion - Purine/Pyrimidine,C>A
17177147,.,AA,AA,AG,40,31,41,NC_000002.12,Mutation NB - Maternal Origin,Transition - Purine/Purine,Unsolved
19777330,rs34001466,AA,GG,AA,88,100,24,NC_000002.12,Mutation NB - Maternal Origin,Transition - Purine/Purine,G>A
20490383,rs2046335,GG,AA,AA,88,91,15,NC_000002.12,Mutation NB - Paternal Origin,Transition - Purine/Purine,G>A
20668323,rs75339712,GA,GG,AA,2,88,9,NC_000002.12,Mutation NB - Maternal Origin,Transition - Purine/Purine,G>A
22806035,rs75954046,CC,CC,CT,37,100,99,NC_000002.12,Mutation NB - Paternal Origin,Transition - Pyrimidine/Pyrimidine,Unsolved
24216407,rs13021828,GG,GG,GC,91,91,68,NC_000002.12,Mutation NB - Paternal or Maternal,Transition - Purine/Purine,Transversion - Purine/Pyrimidine,Unsolved
26732442,.,TT,TT,TC,88,76,56,NC_000002.12,Mutation NB - Maternal Origin,Transition - Pyrimidine/Pyrimidine,Unsolved
27815213,rs4464229,CC,CT,TT,88,32,13,NC_000002.12,Mutation NB - Paternal Origin,Transition - Pyrimidine/Pyrimidine,C>T
28447537,rs2940797,TT,TT,TC,100,82,62,NC_000002.12,Mutation NB - Maternal Origin,Transition - Pyrimidine/Pyrimidine,Unsolved
29024056,rs61630439,AA,GG,AA,73,79,9,NC_000002.12,Mutation NB - Maternal Origin,Transition - Purine/Purine,G>A
29569236,rs11694370,TG,TT,GG,35,73,15,NC_000002.12,Mutation NB - Maternal Origin,Transversion - Purine/Pyrimidine,T>G
30220875,.,TT,TT,TC,73,79,46,NC_000002.12,Mutation NB - Paternal Origin,Transition - Pyrimidine/Pyrimidine,Unsolved
31257629,rs597644,CC,AA,AA,100,52,51,NC_000002.12,Mutation NB - Paternal Origin,Transversion - Purine/Pyrimidine,C>A
31318060,rs207417,TT,CC,TT,73,91,0,NC_000002.12,Mutation NB - Maternal Origin,Transition - Pyrimidine/Pyrimidine,C>T
33125267,.,AA,AA,AG,70,73,53,NC_000002.12,Mutation NB - Paternal Origin,Transition - Purine/Purine,Unsolved
37501855,rs17020835,CC,GG,GG,91,82,15,NC_000002.12,Mutation NB - Paternal Origin,Transversion - Purine/Pyrimidine,C>G
37731367,rs6725117,CC,CC,CT,100,85,30,NC_000002.12,Mutation NB - Maternal Origin,Transition - Pyrimidine/Pyrimidine,Unsolved
37962744,rs6544120,CC,CC,CT,85,100,99,NC_000002.12,Mutation NB - Paternal Origin,Transition - Pyrimidine/Pyrimidine,Unsolved
39514787,rs11124685,TT,TT,CT,82,55,65,NC_000002.12,Mutation NB - Maternal Origin,Transition - Pyrimidine/Pyrimidine,Unsolved
39732413,.,AA,AA,AG,76,61,43,NC_000002.12,Mutation NB - Maternal Origin,Transition - Purine/Purine,Unsolved
39799443,rs11124695,GG,AA,GG,76,79,0,NC_000002.12,Mutation NB - Maternal Origin,Transition - Purine/Purine,A>G
40228264,rs417464,GG,GG,GA,70,37,99,NC_000002.12,Mutation NB - Maternal Origin,Transition - Purine/Purine,Unsolved
40355209,rs990270,AA,CC,CC,82,73,12,NC_000002.12,Mutation NB - Paternal Origin,Transversion - Purine/Pyrimidine,A>C
41030349,rs12995653,GG,GG,AG,67,85,59,NC_000002.12,Mutation NB - Paternal Origin,Transition - Purine/Purine,Unsolved
42578536,rs6544565,GG,GG,GC,88,52,99,NC_000002.12,Mutation NB - Maternal Origin,Transition - Purine/Purine,Transversion - Purine/Pyrimidine,Unsolved
42797756,rs11124893,TT,TT,TC,100,34,59,NC_000002.12,Mutation NB - Maternal Origin,Transition - Pyrimidine/Pyrimidine,Unsolved
43206118,rs10865189,CC,GG,CC,91,100,27,NC_000002.12,Mutation NB - Maternal Origin,Transversion - Purine/Pyrimidine,G>C
44163512,.,AA,AA,AG,76,82,51,NC_000002.12,Mutation NB - Paternal Origin,Transition - Purine/Purine,Unsolved
45024729,rs2921990,GG,GT,TT,70,1,42,NC_000002.12,Mutation NB - Paternal Origin,Transversion - Purine/Pyrimidine,G>T
47026755,.,AA,AA,AG,79,64,41,NC_000002.12,Mutation NB - Maternal Origin,Transition - Purine/Purine,Unsolved
53258979,rs195589,GG,AA,AA,100,1,45,NC_000002.12,Mutation NB - Paternal Origin,Transition - Purine/Purine,G>A
56540933,rs6730224,GA,GG,AA,64,100,12,NC_000002.12,Mutation NB - Maternal Origin,Transition - Purine/Purine,G>A
58211319,.,AA,AA,AG,76,70,56,NC_000002.12,Mutation NB - Maternal Origin,Transition - Purine/Purine,Unsolved
62192573,rs11686874,CC,CC,CA,85,76,99,NC_000002.12,Mutation NB - Maternal Origin,Transversion - Purine/Pyrimidine,Unsolved
62632996,rs2129508,AA,GG,AA,91,100,15,NC_000002.12,Mutation NB - Maternal Origin,Transition - Purine/Purine,G>A
63457481,.,AA,AA,AG,58,90,65,NC_000002.12,Mutation NB - Paternal Origin,Transition - Purine/Purine,Unsolved
65719434,rs12990354,GA,GG,AA,67,100,15,NC_000002.12,Mutation NB - Maternal Origin,Transition - Purine/Purine,G>A
65719460,rs13016586,CC,TT,CC,91,100,15,NC_000002.12,Mutation NB - Maternal Origin,Transition - Pyrimidine/Pyrimidine,T>C
67264695,.,TT,TT,TC,73,58,42,NC_000002.12,Mutation NB - Maternal Origin,Transition - Pyrimidine/Pyrimidine,Unsolved
67745328,rs4485547,GG,AA,AA,88,85,30,NC_000002.12,Mutation NB - Paternal Origin,Transition - Purine/Purine,G>A
69103152,rs4241349,AA,GA,GG,88,67,0,NC_000002.12,Mutation NB - Paternal Origin,Transition - Purine/Purine,A>G
69750565,rs7605867,GG,GG,GA,100,91,99,NC_000002.12,Mutation NB - Maternal Origin,Transition - Purine/Purine,Unsolved
70720905,rs1409433159,TT,TT,TC,67,43,47,NC_000002.12,Mutation NB - Maternal Origin,Transition - Pyrimidine/Pyrimidine,Unsolved
71154522,rs357732,CC,CC,CT,100,100,72,NC_000002.12,Mutation NB - Paternal or Maternal,Transition - Pyrimidine/Pyrimidine,Unsolved
72006489,rs147035077,GG,GG,GA,61,79,72,NC_000002.12,Mutation NB - Paternal Origin,Transition - Purine/Purine,Unsolved
75409881,.,AA,AA,AG,70,52,44,NC_000002.12,Mutation NB - Maternal Origin,Transition - Purine/Purine,Unsolved
75444869,rs6547001,TA,AA,TT,1,31,0,NC_000002.12,Mutation NB - Maternal Origin,Transversion - Purine/Pyrimidine,A>T
76378865,rs908958,CC,GG,GG,100,79,24,NC_000002.12,Mutation NB - Paternal Origin,Transversion - Purine/Pyrimidine,C>G
78540434,.,AA,AA,AG,76,76,62,NC_000002.12,Mutation NB - Paternal or Maternal,Transition - Purine/Purine,Unsolved
79837118,rs6723861,AA,TT,TT,100,85,9,NC_000002.12,Mutation NB - Paternal Origin,Transversion - Purine/Pyrimidine,A>T
80148936,rs1900263,TT,TT,TC,85,100,65,NC_000002.12,Mutation NB - Paternal Origin,Transition - Pyrimidine/Pyrimidine,Unsolved
80262497,rs548575368,GG,AA,GG,85,82,9,NC_000002.12,Mutation NB - Maternal Origin,Transition - Purine/Purine,A>G
80747365,rs66987955,AA,CA,CC,76,1,9,NC_000002.12,Mutation NB - Paternal Origin,Transversion - Purine/Pyrimidine,A>C
88094457,rs2970907,AA,AG,GG,76,32,24,NC_000002.12,Mutation NB - Paternal Origin,Transition - Purine/Purine,A>G
88256221,rs1310455000,AA,AA,AG,73,34,77,NC_000002.12,Mutation NB - Maternal Origin,Transition - Purine/Purine,Unsolved
88458837,rs72843965,GG,CC,GG,85,88,15,NC_000002.12,Mutation NB - Maternal Origin,Transversion - Purine/Pyrimidine,C>G
88822515,rs139911160,CC,CC,CT,100,34,84,NC_000002.12,Mutation NB - Maternal Origin,Transition - Pyrimidine/Pyrimidine,Unsolved
101593785,rs62153494,AA,GG,GG,82,49,9,NC_000002.12,Mutation NB - Paternal Origin,Transition - Purine/Purine,A>G
105588307,.,AA,AA,AG,76,25,41,NC_000002.12,Mutation NB - Maternal Origin,Transition - Purine/Purine,Unsolved
105902045,rs2377341,GC,CC,GG,1,46,0,NC_000002.12,Mutation NB - Maternal Origin,Transversion - Purine/Pyrimidine,C>G
105924444,.,TT,TT,TC,64,52,59,NC_000002.12,Mutation NB - Maternal Origin,Transition - Pyrimidine/Pyrimidine,Unsolved
107416095,rs62159042,TT,CC,CC,82,70,9,NC_000002.12,Mutation NB - Paternal Origin,Transition - Pyrimidine/Pyrimidine,T>C
107602908,rs1516224,GG,AA,AA,85,76,9,NC_000002.12,Mutation NB - Paternal Origin,Transition - Purine/Purine,G>A
109410217,rs3924090,AG,AA,GG,1,100,39,NC_000002.12,Mutation NB - Maternal Origin,Transition - Purine/Purine,A>G
109494838,rs36142841,GG,AA,AA,91,82,21,NC_000002.12,Mutation NB - Paternal Origin,Transition - Purine/Purine,G>A
109671227,rs13029553,GG,AA,GG,88,91,21,NC_000002.12,Mutation NB - Maternal Origin,Transition - Purine/Purine,A>G
110746269,.,AA,AA,AG,73,82,50,NC_000002.12,Mutation NB - Paternal Origin,Transition - Purine/Purine,Unsolved
112999200,rs13033104,GG,TT,GG,88,88,15,NC_000002.12,Mutation NB - Maternal Origin,Transition - Purine/Purine,Transversion - Purine/Pyrimidine,T>G
112999244,rs6542109,CC,TT,CC,88,82,15,NC_000002.12,Mutation NB - Maternal Origin,Transition - Pyrimidine/Pyrimidine,T>C
114414122,.,TT,TT,TC,91,85,59,NC_000002.12,Mutation NB - Maternal Origin,Transition - Pyrimidine/Pyrimidine,Unsolved
116497271,rs11683338,GG,AA,GG,85,100,9,NC_000002.12,Mutation NB - Maternal Origin,Transition - Purine/Purine,A>G
116582373,.,AA,AA,AG,67,88,53,NC_000002.12,Mutation NB - Paternal Origin,Transition - Purine/Purine,Unsolved
120783155,rs115208083,GG,GG,GA,79,100,99,NC_000002.12,Mutation NB - Paternal Origin,Transition - Purine/Purine,Unsolved
121096072,rs7602673,TT,TT,TC,100,61,18,NC_000002.12,Mutation NB - Maternal Origin,Transition - Pyrimidine/Pyrimidine,Unsolved
121200037,rs11122850,TT,AA,TT,91,91,24,NC_000002.12,Mutation NB - Maternal Origin,Transversion - Purine/Pyrimidine,A>T
121249124,rs7562700,GG,GC,CC,100,88,18,NC_000002.12,Mutation NB - Paternal Origin,Transversion - Purine/Pyrimidine,G>C
124300983,.,AA,AA,AG,67,34,50,NC_000002.12,Mutation NB - Maternal Origin,Transition - Purine/Purine,Unsolved
124367162,rs74818965,TT,CC,CC,85,52,39,NC_000002.12,Mutation NB - Paternal Origin,Transition - Pyrimidine/Pyrimidine,T>C
126004674,rs72860088,CC,CA,AA,100,67,9,NC_000002.12,Mutation NB - Paternal Origin,Transversion - Purine/Pyrimidine,C>A
127192867,rs56409904,GG,GG,GA,91,70,99,NC_000002.12,Mutation NB - Maternal Origin,Transition - Purine/Purine,Unsolved
127408065,rs932189,CA,AA,CC,37,88,0,NC_000002.12,Mutation NB - Maternal Origin,A>C
127846720,.,AA,AA,AG,91,82,65,NC_000002.12,Mutation NB - Maternal Origin,Transition - Purine/Purine,Unsolved
127994655,.,AA,AA,AG,82,91,54,NC_000002.12,Mutation NB - Paternal Origin,Transition - Purine/Purine,Unsolved
128444234,rs1455934,TT,TT,TC,100,76,31,NC_000002.12,Mutation NB - Maternal Origin,Transition - Pyrimidine/Pyrimidine,Unsolved
129318746,rs3940590,CC,CC,CT,88,100,71,NC_000002.12,Mutation NB - Paternal Origin,Transition - Pyrimidine/Pyrimidine,Unsolved
130768456,rs148244456,GG,GG,GA,61,58,68,NC_000002.12,Mutation NB - Maternal Origin,Transition - Purine/Purine,Unsolved
135817509,rs202186209,CC,CT,TT,85,40,21,NC_000002.12,Mutation NB - Paternal Origin,Transition - Pyrimidine/Pyrimidine,C>T
137952626,rs2054101,GT,TT,GG,29,88,0,NC_000002.12,Mutation NB - Maternal Origin,Transversion - Purine/Pyrimidine,T>G
137952660,rs2054100,CG,GG,CC,29,88,0,NC_000002.12,Mutation NB - Maternal Origin,Transversion - Purine/Pyrimidine,G>C
137952676,rs2054099,GA,AA,GG,29,88,0,NC_000002.12,Mutation NB - Maternal Origin,Transition - Purine/Purine,A>G
139180446,rs2217961,TT,AA,AA,85,76,12,NC_000002.12,Mutation NB - Paternal Origin,Transversion - Purine/Pyrimidine,T>A
139553542,rs345616,GG,CC,CC,91,76,0,NC_000002.12,Mutation NB - Paternal Origin,Transversion - Purine/Pyrimidine,G>C
140414942,rs13393727,GG,GA,AA,100,1,12,NC_000002.12,Mutation NB - Paternal Origin,Transition - Purine/Purine,G>A
147311395,.,TT,TT,TC,76,52,43,NC_000002.12,Mutation NB - Maternal Origin,Transition - Pyrimidine/Pyrimidine,Unsolved
149765984,rs59909682,GA,AA,GG,1,85,0,NC_000002.12,Mutation NB - Maternal Origin,Transition - Purine/Purine,A>G
151038574,rs1463609,AA,GG,AA,73,64,0,NC_000002.12,Mutation NB - Maternal Origin,Transition - Purine/Purine,G>A
153772987,rs112681713,CC,TT,TT,91,1,39,NC_000002.12,Mutation NB - Paternal Origin,Transition - Pyrimidine/Pyrimidine,C>T
157839299,.,CC,CC,CT,85,61,62,NC_000002.12,Mutation NB - Maternal Origin,Transition - Pyrimidine/Pyrimidine,Unsolved
159637962,rs357033,TT,TT,TC,100,79,58,NC_000002.12,Mutation NB - Maternal Origin,Transition - Pyrimidine/Pyrimidine,Unsolved
161044635,.,GG,GG,GA,67,58,41,NC_000002.12,Mutation NB - Maternal Origin,Transition - Purine/Purine,Unsolved
169616031,rs7369046,GG,AA,GG,79,91,15,NC_000002.12,Mutation NB - Maternal Origin,Transition - Purine/Purine,A>G
171520712,rs7586174,GG,AA,GG,100,64,0,NC_000002.12,Mutation NB - Maternal Origin,Transition - Purine/Purine,A>G
172481631,rs11896937,GG,GG,GA,88,82,99,NC_000002.12,Mutation NB - Maternal Origin,Transition - Purine/Purine,Unsolved
173301278,rs116503284,GG,GG,GA,91,100,88,NC_000002.12,Mutation NB - Paternal Origin,Transition - Purine/Purine,Unsolved
176386132,.,AA,AA,AG,49,1,44,NC_000002.12,Mutation NB - Maternal Origin,Transition - Purine/Purine,Unsolved
178352755,rs1836203,CC,CC,CT,82,100,99,NC_000002.12,Mutation NB - Paternal Origin,Transition - Pyrimidine/Pyrimidine,Unsolved
179386544,rs147131859,AA,TA,TT,91,76,0,NC_000002.12,Mutation NB - Paternal Origin,Transversion - Purine/Pyrimidine,A>T
179630265,rs4600606,CC,GG,GG,91,91,12,NC_000002.12,Mutation NB - Paternal Origin,Transversion - Purine/Pyrimidine,C>G
180061957,rs76080127,AA,GG,AA,91,91,15,NC_000002.12,Mutation NB - Maternal Origin,Transition - Purine/Purine,G>A
181383014,rs34041332,AA,GA,GG,91,35,18,NC_000002.12,Mutation NB - Paternal Origin,Transition - Purine/Purine,A>G
184530796,rs72895640,AA,AA,AT,85,82,33,NC_000002.12,Mutation NB - Maternal Origin,Transversion - Purine/Pyrimidine,Unsolved
184530798,rs72895642,CC,CC,CA,85,82,33,NC_000002.12,Mutation NB - Maternal Origin,Transversion - Purine/Pyrimidine,Unsolved
185144721,.,TT,TT,TC,79,61,56,NC_000002.12,Mutation NB - Maternal Origin,Transition - Pyrimidine/Pyrimidine,Unsolved
187890588,rs6744035,TT,CC,TT,88,100,21,NC_000002.12,Mutation NB - Maternal Origin,Transition - Pyrimidine/Pyrimidine,C>T
188777492,rs4666764,TT,TT,CT,88,82,99,NC_000002.12,Mutation NB - Maternal Origin,Transition - Pyrimidine/Pyrimidine,Unsolved
196680401,rs7589871,GT,TT,GG,67,85,0,NC_000002.12,Mutation NB - Maternal Origin,Transversion - Purine/Pyrimidine,T>G
197643107,.,AA,AA,AG,91,76,50,NC_000002.12,Mutation NB - Maternal Origin,Transition - Purine/Purine,Unsolved
198974211,rs1553518109,AA,AA,AG,19,1,44,NC_000002.12,Mutation NB - Maternal Origin,Transition - Purine/Purine,Unsolved
199740333,.,GG,GG,GA,88,85,56,NC_000002.12,Mutation NB - Maternal Origin,Transition - Purine/Purine,Unsolved
201974706,rs1009608,TT,CT,CC,85,1,0,NC_000002.12,Mutation NB - Paternal Origin,Transition - Pyrimidine/Pyrimidine,T>C
201974743,rs17476817,TT,CT,CC,85,1,0,NC_000002.12,Mutation NB - Paternal Origin,Transition - Pyrimidine/Pyrimidine,T>C
204098492,rs11886316,CT,TT,CC,70,85,9,NC_000002.12,Mutation NB - Maternal Origin,Transition - Pyrimidine/Pyrimidine,T>C
204296450,rs73063863,AA,GG,AA,100,82,9,NC_000002.12,Mutation NB - Maternal Origin,Transition - Purine/Purine,G>A
211097000,rs1583633,CC,TT,TT,82,55,24,NC_000002.12,Mutation NB - Paternal Origin,Transition - Pyrimidine/Pyrimidine,C>T
214204352,rs56393190,TT,CC,CC,100,28,39,NC_000002.12,Mutation NB - Paternal Origin,Transition - Pyrimidine/Pyrimidine,T>C
214559457,.,GG,GG,GA,73,67,53,NC_000002.12,Mutation NB - Maternal Origin,Transition - Purine/Purine,Unsolved
216855745,rs10178069,AA,AA,AG,100,91,67,NC_000002.12,Mutation NB - Maternal Origin,Transition - Purine/Purine,Unsolved
219485865,rs1397429,TT,CC,CC,88,85,0,NC_000002.12,Mutation NB - Paternal Origin,Transition - Pyrimidine/Pyrimidine,T>C
220900369,rs16861881,AA,GG,AA,79,76,9,NC_000002.12,Mutation NB - Maternal Origin,Transition - Purine/Purine,G>A
222090331,rs349008,GG,CG,CC,82,32,0,NC_000002.12,Mutation NB - Paternal Origin,Transversion - Purine/Pyrimidine,G>C
224027353,.,GG,GG,GA,70,25,65,NC_000002.12,Mutation NB - Maternal Origin,Transition - Purine/Purine,Unsolved
227028944,rs6735069,AG,AA,GG,67,100,9,NC_000002.12,Mutation NB - Maternal Origin,Transition - Purine/Purine,A>G
228401719,rs6756615,GG,AA,AA,76,85,9,NC_000002.12,Mutation NB - Paternal Origin,Transition - Purine/Purine,G>A
229798075,rs4972914,AA,GG,GG,100,82,12,NC_000002.12,Mutation NB - Paternal Origin,Transition - Purine/Purine,A>G
230309705,rs6707578,AA,GA,GG,91,38,24,NC_000002.12,Mutation NB - Paternal Origin,Transition - Purine/Purine,A>G
230894712,rs58398059,CC,GG,CC,76,49,0,NC_000002.12,Mutation NB - Maternal Origin,Transversion - Purine/Pyrimidine,G>C
232362479,rs1543173,CC,CC,AA,91,82,9,NC_000002.12,Mutation NB - Maternal Origin,Transversion - Purine/Pyrimidine,Unsolved
234379369,rs1017345386,TT,TT,CT,90,79,9,NC_000002.12,Mutation NB - Maternal Origin,Transition - Pyrimidine/Pyrimidine,Unsolved
235487518,rs10803643,CT,TT,CC,73,91,0,NC_000002.12,Mutation NB - Maternal Origin,Transition - Pyrimidine/Pyrimidine,T>C
235931957,rs59053279,CC,CG,GG,85,36,15,NC_000002.12,Mutation NB - Paternal Origin,Transversion - Purine/Pyrimidine,C>G
237337568,rs34387889,AA,AA,AG,100,1,99,NC_000002.12,Mutation NB - Maternal Origin,Transition - Purine/Purine,Unsolved
238580559,rs13028317,CC,CC,CT,82,100,30,NC_000002.12,Mutation NB - Paternal Origin,Transition - Pyrimidine/Pyrimidine,Unsolved
238580571,rs13028325,CC,CC,CA,82,100,26,NC_000002.12,Mutation NB - Paternal Origin,Transversion - Purine/Pyrimidine,Unsolved
238634153,rs1332663970,TT,TT,TC,73,64,50,NC_000002.12,Mutation NB - Maternal Origin,Transition - Pyrimidine/Pyrimidine,Unsolved
238678404,rs6749720,TT,TT,TC,88,91,99,NC_000002.12,Mutation NB - Paternal Origin,Transition - Pyrimidine/Pyrimidine,Unsolved
239107438,rs75384151,GG,GG,GT,100,52,69,NC_000002.12,Mutation NB - Maternal Origin,Transversion - Purine/Pyrimidine,Unsolved
239352670,rs10168694,GG,GG,GA,73,88,50,NC_000002.12,Mutation NB - Paternal Origin,Transition - Purine/Purine,Unsolved
239505228,rs756575287,AA,AA,AT,100,73,72,NC_000002.12,Mutation NB - Maternal Origin,Transversion - Purine/Pyrimidine,Unsolved
240432307,rs147152877,CC,TT,TT,85,79,45,NC_000002.12,Mutation NB - Paternal Origin,Transition - Pyrimidine/Pyrimidine,C>T
240603286,rs5030952,CC,CT,TT,70,1,60,NC_000002.12,Mutation NB - Paternal Origin,Transition - Pyrimidine/Pyrimidine,C>T
241565653,rs9288727,TT,TT,TC,91,100,99,NC_000002.12,Mutation NB - Paternal Origin,Transition - Pyrimidine/Pyrimidine,Unsolved
412240,rs6765968,TT,TT,GT,88,91,99,NC_000003.12,Mutation NB - Paternal Origin,Transition - Pyrimidine/Pyrimidine,Transversion - Purine/Pyrimidine,Unsolved
2960024,rs34427053,GG,AA,AA,85,73,0,NC_000003.12,Mutation NB - Paternal Origin,Transition - Purine/Purine,G>A
4229967,rs6799351,TA,TT,AA,38,88,12,NC_000003.12,Mutation NB - Maternal Origin,Transversion - Purine/Pyrimidine,T>A
4357036,rs1688412,CC,AA,CC,85,88,0,NC_000003.12,Mutation NB - Maternal Origin,Transversion - Purine/Pyrimidine,A>C
4810554,rs874131,TT,CC,CC,91,100,9,NC_000003.12,Mutation NB - Paternal Origin,Transition - Pyrimidine/Pyrimidine,T>C
5218332,rs1575595219,AA,AA,AG,88,91,36,NC_000003.12,Mutation NB - Paternal Origin,Transition - Purine/Purine,Unsolved
6667091,rs2221111,GG,GT,TT,73,1,12,NC_000003.12,Mutation NB - Paternal Origin,Transversion - Purine/Pyrimidine,G>T
6840488,rs342017,TT,TC,CC,85,1,30,NC_000003.12,Mutation NB - Paternal Origin,Transition - Pyrimidine/Pyrimidine,T>C
8506055,rs9854497,CC,CC,CA,100,73,99,NC_000003.12,Mutation NB - Maternal Origin,Transversion - Purine/Pyrimidine,Unsolved
8867842,rs7616874,GG,AG,AA,79,1,57,NC_000003.12,Mutation NB - Paternal Origin,Transition - Purine/Purine,G>A
9249038,.,AA,AA,AG,79,85,50,NC_000003.12,Mutation NB - Paternal Origin,Transition - Purine/Purine,Unsolved
9859792,rs1687742,AA,GG,GG,70,100,30,NC_000003.12,Mutation NB - Paternal Origin,Transition - Purine/Purine,A>G
9859795,rs1695432,GG,TT,TT,70,100,30,NC_000003.12,Mutation NB - Paternal Origin,Transversion - Purine/Pyrimidine,G>T
10367310,.,TT,TT,TC,79,85,56,NC_000003.12,Mutation NB - Paternal Origin,Transition - Pyrimidine/Pyrimidine,Unsolved
10385407,rs878210,TT,CC,TT,82,82,21,NC_000003.12,Mutation NB - Maternal Origin,Transition - Pyrimidine/Pyrimidine,C>T
10577208,rs77980156,CC,CC,CT,73,100,30,NC_000003.12,Mutation NB - Paternal Origin,Transition - Pyrimidine/Pyrimidine,Unsolved
11790196,rs2291825,CC,GC,GG,85,73,0,NC_000003.12,Mutation NB - Paternal Origin,Transversion - Purine/Pyrimidine,C>G
12198352,rs1663070,CC,TT,TT,100,55,33,NC_000003.12,Mutation NB - Paternal Origin,Transition - Pyrimidine/Pyrimidine,C>T
12478559,rs535077806,AA,CC,AA,100,94,15,NC_000003.12,Mutation NB - Maternal Origin,Transversion - Purine/Pyrimidine,C>A
12840975,rs62240719,GG,GG,GA,100,85,59,NC_000003.12,Mutation NB - Maternal Origin,Transition - Purine/Purine,Unsolved
13122788,.,GG,GG,GC,76,79,53,NC_000003.12,Mutation NB - Paternal Origin,Transition - Purine/Purine,Transversion - Purine/Pyrimidine,Unsolved
13633071,rs908810,AA,GG,AA,85,100,15,NC_000003.12,Mutation NB - Maternal Origin,Transition - Purine/Purine,G>A
13870700,rs12632968,GG,GA,AA,100,1,33,NC_000003.12,Mutation NB - Paternal Origin,Transition - Purine/Purine,G>A
13870724,rs12635908,TT,TC,CC,100,1,33,NC_000003.12,Mutation NB - Paternal Origin,Transition - Pyrimidine/Pyrimidine,T>C
14243892,rs4684188,AA,GA,GG,91,32,0,NC_000003.12,Mutation NB - Paternal Origin,Transition - Purine/Purine,A>G
15412479,rs9841038,GG,GG,GT,100,1,99,NC_000003.12,Mutation NB - Maternal Origin,Transversion - Purine/Pyrimidine,Unsolved
15530565,rs9876049,TT,TT,CC,100,85,2,NC_000003.12,Mutation NB - Maternal Origin,Transition - Pyrimidine/Pyrimidine,Unsolved
19938725,rs13081007,TT,CC,CC,91,31,12,NC_000003.12,Mutation NB - Paternal Origin,Transition - Pyrimidine/Pyrimidine,T>C
19962797,rs59086970,TT,GT,GG,91,2,9,NC_000003.12,Mutation NB - Paternal Origin,Transversion - Purine/Pyrimidine,T>G
22907224,.,TT,TT,TA,76,76,55,NC_000003.12,Mutation NB - Paternal or Maternal,Transition - Pyrimidine/Pyrimidine,Transversion - Purine/Pyrimidine,Unsolved
24504776,rs755292,TT,TC,CC,100,1,39,NC_000003.12,Mutation NB - Paternal Origin,Transition - Pyrimidine/Pyrimidine,T>C
28959018,rs4680796,CC,CC,AA,91,88,0,NC_000003.12,Mutation NB - Maternal Origin,Transversion - Purine/Pyrimidine,Unsolved
31675639,rs2013777,AA,CC,CC,100,43,30,NC_000003.12,Mutation NB - Paternal Origin,Transversion - Purine/Pyrimidine,A>C
36401612,rs73057906,TT,TT,TG,100,79,68,NC_000003.12,Mutation NB - Maternal Origin,Transition - Pyrimidine/Pyrimidine,Transversion - Purine/Pyrimidine,Unsolved
37526817,rs61147797,AA,AA,AT,79,91,33,NC_000003.12,Mutation NB - Paternal Origin,Transversion - Purine/Pyrimidine,Unsolved
37737124,rs2276866,AA,TT,AA,91,85,9,NC_000003.12,Mutation NB - Maternal Origin,Transversion - Purine/Pyrimidine,T>A
42050471,.,TT,TT,TC,58,64,50,NC_000003.12,Mutation NB - Paternal Origin,Transition - Pyrimidine/Pyrimidine,Unsolved
42355916,.,TT,TT,TC,73,19,65,NC_000003.12,Mutation NB - Maternal Origin,Transition - Pyrimidine/Pyrimidine,Unsolved
42965041,rs1071276,GG,AA,AA,85,82,0,NC_000003.12,Mutation NB - Paternal Origin,Transition - Purine/Purine,G>A
43031215,rs643663,AG,AA,GG,67,79,21,NC_000003.12,Mutation NB - Maternal Origin,Transition - Purine/Purine,A>G
44386738,rs9637423,TT,AA,AA,88,82,9,NC_000003.12,Mutation NB - Paternal Origin,Transversion - Purine/Pyrimidine,T>A
45641871,rs62242182,AA,GG,AA,91,100,12,NC_000003.12,Mutation NB - Maternal Origin,Transition - Purine/Purine,G>A
45642189,rs9846194,TT,CC,TT,85,91,12,NC_000003.12,Mutation NB - Maternal Origin,Transition - Pyrimidine/Pyrimidine,C>T
46706210,.,TT,TT,TC,76,61,44,NC_000003.12,Mutation NB - Maternal Origin,Transition - Pyrimidine/Pyrimidine,Unsolved
48645225,rs34638686,CC,CC,CT,100,85,68,NC_000003.12,Mutation NB - Maternal Origin,Transition - Pyrimidine/Pyrimidine,Unsolved
48997359,.,TT,TT,TC,49,70,44,NC_000003.12,Mutation NB - Paternal Origin,Transition - Pyrimidine/Pyrimidine,Unsolved
49399589,rs2048687375,TT,TT,TC,91,94,77,NC_000003.12,Mutation NB - Paternal Origin,Transition - Pyrimidine/Pyrimidine,Unsolved
49712543,rs34823813,GG,GG,GA,100,91,59,NC_000003.12,Mutation NB - Maternal Origin,Transition - Purine/Purine,Unsolved
50320438,rs709210,CC,AC,AA,85,5,0,NC_000003.12,Mutation NB - Paternal Origin,Transversion - Purine/Pyrimidine,C>A
51877102,rs3036712,CC,TT,TT,91,38,33,NC_000003.12,Mutation NB - Paternal Origin,Transition - Pyrimidine/Pyrimidine,C>T
52589144,rs753112917,AA,AA,AG,79,58,41,NC_000003.12,Mutation NB - Maternal Origin,Transition - Purine/Purine,Unsolved
53599095,rs3821851,TT,TT,CC,79,91,0,NC_000003.12,Mutation NB - Paternal Origin,Transition - Pyrimidine/Pyrimidine,Unsolved
55367419,rs62249072,CC,CC,CT,91,91,99,NC_000003.12,Mutation NB - Paternal or Maternal,Transition - Pyrimidine/Pyrimidine,Unsolved
56987536,rs1169661720,AA,AA,AG,79,82,53,NC_000003.12,Mutation NB - Paternal Origin,Transition - Purine/Purine,Unsolved
58292517,rs7626140,AA,GG,AA,91,85,15,NC_000003.12,Mutation NB - Maternal Origin,Transition - Purine/Purine,G>A
58581608,rs77372721,AA,GG,GG,88,49,18,NC_000003.12,Mutation NB - Paternal Origin,Transition - Purine/Purine,A>G
60487300,rs2734352,AC,AA,CC,1,31,18,NC_000003.12,Mutation NB - Maternal Origin,A>C
61052459,rs11130815,CC,GG,CC,82,91,15,NC_000003.12,Mutation NB - Maternal Origin,Transversion - Purine/Pyrimidine,G>C
62669258,.,CC,CC,CT,46,1,74,NC_000003.12,Mutation NB - Maternal Origin,Transition - Pyrimidine/Pyrimidine,Unsolved
64601045,rs13098177,AA,AA,AG,100,88,33,NC_000003.12,Mutation NB - Maternal Origin,Transition - Purine/Purine,Unsolved
71508714,rs17718831,AA,GG,GG,58,1,45,NC_000003.12,Mutation NB - Paternal Origin,Transition - Purine/Purine,A>G
72316247,rs72956956,CC,TT,TT,76,88,12,NC_000003.12,Mutation NB - Paternal Origin,Transition - Pyrimidine/Pyrimidine,C>T
73821300,rs146940678,AA,GG,AA,73,82,0,NC_000003.12,Mutation NB - Maternal Origin,Transition - Purine/Purine,G>A
84757200,.,AA,AA,AG,58,73,48,NC_000003.12,Mutation NB - Paternal Origin,Transition - Purine/Purine,Unsolved
85360938,rs13099750,TT,AA,TT,88,28,0,NC_000003.12,Mutation NB - Maternal Origin,Transversion - Purine/Pyrimidine,A>T
85863608,.,CC,CC,CT,67,43,62,NC_000003.12,Mutation NB - Maternal Origin,Transition - Pyrimidine/Pyrimidine,Unsolved
87324744,rs4859055,CC,TT,TT,100,79,9,NC_000003.12,Mutation NB - Paternal Origin,Transition - Pyrimidine/Pyrimidine,C>T
88346246,.,TT,TT,TC,55,1,54,NC_000003.12,Mutation NB - Maternal Origin,Transition - Pyrimidine/Pyrimidine,Unsolved
88747509,.,AA,AA,AG,52,61,55,NC_000003.12,Mutation NB - Paternal Origin,Transition - Purine/Purine,Unsolved
89593437,rs6780506,CC,TT,TT,100,46,18,NC_000003.12,Mutation NB - Paternal Origin,Transition - Pyrimidine/Pyrimidine,C>T
95233748,rs12633640,TT,CC,CC,79,40,12,NC_000003.12,Mutation NB - Paternal Origin,Transition - Pyrimidine/Pyrimidine,T>C
96416400,.,GG,GG,GA,52,28,68,NC_000003.12,Mutation NB - Maternal Origin,Transition - Purine/Purine,Unsolved
97525722,.,TT,TT,TC,88,49,62,NC_000003.12,Mutation NB - Maternal Origin,Transition - Pyrimidine/Pyrimidine,Unsolved
98275078,rs114741951,AA,TT,TT,64,49,15,NC_000003.12,Mutation NB - Paternal Origin,Transversion - Purine/Pyrimidine,A>T
101135744,rs6441582,TT,CC,CC,82,100,15,NC_000003.12,Mutation NB - Paternal Origin,Transition - Pyrimidine/Pyrimidine,T>C
101970683,.,TT,TT,TC,88,88,53,NC_000003.12,Mutation NB - Paternal or Maternal,Transition - Pyrimidine/Pyrimidine,Unsolved
106307825,rs927733294,CC,CC,CT,82,85,65,NC_000003.12,Mutation NB - Paternal Origin,Transition - Pyrimidine/Pyrimidine,Unsolved
110495382,rs6771696,GG,AG,AA,88,29,15,NC_000003.12,Mutation NB - Paternal Origin,Transition - Purine/Purine,G>A
119084604,rs947857508,TT,TT,TC,91,61,41,NC_000003.12,Mutation NB - Maternal Origin,Transition - Pyrimidine/Pyrimidine,Unsolved
119205310,.,AA,AA,AG,73,1,44,NC_000003.12,Mutation NB - Maternal Origin,Transition - Purine/Purine,Unsolved
120651626,.,AA,AA,AG,40,40,41,NC_000003.12,Mutation NB - Paternal or Maternal,Transition - Purine/Purine,Unsolved
121634444,rs34667636,GG,AA,GG,76,85,18,NC_000003.12,Mutation NB - Maternal Origin,Transition - Purine/Purine,A>G
126133795,rs2069033,AA,CC,CC,91,79,15,NC_000003.12,Mutation NB - Paternal Origin,Transversion - Purine/Pyrimidine,A>C
126422313,rs16837452,GG,GG,GA,100,49,99,NC_000003.12,Mutation NB - Maternal Origin,Transition - Purine/Purine,Unsolved
126768102,rs56036679,GG,GG,GA,73,100,65,NC_000003.12,Mutation NB - Paternal Origin,Transition - Purine/Purine,Unsolved
127083043,.,TT,TT,TC,91,91,64,NC_000003.12,Mutation NB - Paternal or Maternal,Transition - Pyrimidine/Pyrimidine,Unsolved
127457990,rs902752670,AA,AA,AG,85,61,40,NC_000003.12,Mutation NB - Maternal Origin,Transition - Purine/Purine,Unsolved
127751323,rs7651814,CC,CC,CT,76,100,99,NC_000003.12,Mutation NB - Paternal Origin,Transition - Pyrimidine/Pyrimidine,Unsolved
128050565,rs1473246,AA,GG,GG,85,91,0,NC_000003.12,Mutation NB - Paternal Origin,Transition - Purine/Purine,A>G
128050756,rs1549873,GG,AA,AA,88,91,15,NC_000003.12,Mutation NB - Paternal Origin,Transition - Purine/Purine,G>A
128684381,rs6797317,GG,AA,GG,79,76,12,NC_000003.12,Mutation NB - Maternal Origin,Transition - Purine/Purine,A>G
129578380,rs1110168,CC,CC,CG,58,100,99,NC_000003.12,Mutation NB - Paternal Origin,Transversion - Purine/Pyrimidine,Unsolved
129964136,.,TT,TT,TC,91,79,46,NC_000003.12,Mutation NB - Maternal Origin,Transition - Pyrimidine/Pyrimidine,Unsolved
132968953,rs4854671,TT,TT,CC,100,100,18,NC_000003.12,Mutation NB - Paternal or Maternal,Transition - Pyrimidine/Pyrimidine,Unsolved
133428604,rs2073676832,GG,GG,GA,67,76,53,NC_000003.12,Mutation NB - Paternal Origin,Transition - Purine/Purine,Unsolved
135837277,.,TT,TT,TA,76,61,59,NC_000003.12,Mutation NB - Maternal Origin,Transition - Pyrimidine/Pyrimidine,Transversion - Purine/Pyrimidine,Unsolved
139435093,rs6774691,GG,GG,GA,100,46,99,NC_000003.12,Mutation NB - Maternal Origin,Transition - Purine/Purine,Unsolved
140616023,.,AA,AA,AG,52,52,41,NC_000003.12,Mutation NB - Paternal or Maternal,Transition - Purine/Purine,Unsolved
141268075,rs2086181,CC,GG,GG,91,91,9,NC_000003.12,Mutation NB - Paternal Origin,Transversion - Purine/Pyrimidine,C>G
143923251,.,TT,TT,TC,67,19,44,NC_000003.12,Mutation NB - Maternal Origin,Transition - Pyrimidine/Pyrimidine,Unsolved
143968789,.,TT,TT,TC,58,52,77,NC_000003.12,Mutation NB - Maternal Origin,Transition - Pyrimidine/Pyrimidine,Unsolved
147713165,rs13085866,CC,TT,TT,88,88,18,NC_000003.12,Mutation NB - Paternal Origin,Transition - Pyrimidine/Pyrimidine,C>T
150652258,rs6796952,CC,CC,CA,82,85,68,NC_000003.12,Mutation NB - Paternal Origin,Transversion - Purine/Pyrimidine,Unsolved
151432634,rs3732771,CC,CC,CT,91,100,99,NC_000003.12,Mutation NB - Paternal Origin,Transition - Pyrimidine/Pyrimidine,Unsolved
156319595,rs4680259,CC,TT,TT,88,55,0,NC_000003.12,Mutation NB - Paternal Origin,Transition - Pyrimidine/Pyrimidine,C>T
159574698,rs9859904,CC,CT,TT,88,1,9,NC_000003.12,Mutation NB - Paternal Origin,Transition - Pyrimidine/Pyrimidine,C>T
159574732,rs9822068,AA,GG,GG,88,70,9,NC_000003.12,Mutation NB - Paternal Origin,Transition - Purine/Purine,A>G
160126934,rs11926233,TT,TT,TC,82,88,50,NC_000003.12,Mutation NB - Paternal Origin,Transition - Pyrimidine/Pyrimidine,Unsolved
160126964,rs116472907,GG,GG,GA,82,88,57,NC_000003.12,Mutation NB - Paternal Origin,Transition - Purine/Purine,Unsolved
160126966,rs115317177,AA,AA,AC,82,88,57,NC_000003.12,Mutation NB - Paternal Origin,Transversion - Purine/Pyrimidine,Unsolved
160126968,rs114050713,CC,CC,CG,82,88,57,NC_000003.12,Mutation NB - Paternal Origin,Transversion - Purine/Pyrimidine,Unsolved
160312176,rs55687857,CC,GG,GG,88,79,12,NC_000003.12,Mutation NB - Paternal Origin,Transversion - Purine/Pyrimidine,C>G
162600024,rs112571876,CG,CC,GG,1,19,45,NC_000003.12,Mutation NB - Maternal Origin,Transversion - Purine/Pyrimidine,C>G
162600134,rs903262530,GC,GG,CC,1,64,36,NC_000003.12,Mutation NB - Maternal Origin,Transversion - Purine/Pyrimidine,G>C
163107785,rs28760994,TT,CC,TT,85,88,9,NC_000003.12,Mutation NB - Maternal Origin,Transition - Pyrimidine/Pyrimidine,C>T
170513941,.,TT,TT,TC,88,85,43,NC_000003.12,Mutation NB - Maternal Origin,Transition - Pyrimidine/Pyrimidine,Unsolved
176305060,rs1384823,TT,GG,GG,100,82,18,NC_000003.12,Mutation NB - Paternal Origin,Transversion - Purine/Pyrimidine,T>G
176794557,.,GG,GG,GA,82,34,42,NC_000003.12,Mutation NB - Maternal Origin,Transition - Purine/Purine,Unsolved
184260993,rs843353,TT,TC,CC,91,22,27,NC_000003.12,Mutation NB - Paternal Origin,Transition - Pyrimidine/Pyrimidine,T>C
184629820,rs13070897,AA,GG,AA,1,1,99,NC_000003.12,Mutation NB - Maternal Origin,Transition - Purine/Purine,G>A
184635167,rs61099371,GG,CC,GG,88,76,81,NC_000003.12,Mutation NB - Maternal Origin,Transversion - Purine/Pyrimidine,C>G
184635204,rs61424161,TT,CC,TT,97,76,42,NC_000003.12,Mutation NB - Maternal Origin,Transition - Pyrimidine/Pyrimidine,C>T
187265468,.,AA,AA,AT,79,67,56,NC_000003.12,Mutation NB - Maternal Origin,Transversion - Purine/Pyrimidine,Unsolved
187567061,rs186102952,GG,GG,GC,88,100,65,NC_000003.12,Mutation NB - Paternal Origin,Transition - Purine/Purine,Transversion - Purine/Pyrimidine,Unsolved
192113210,.,TT,TT,TC,55,13,50,NC_000003.12,Mutation NB - Maternal Origin,Transition - Pyrimidine/Pyrimidine,Unsolved
193683226,.,TT,TT,TC,73,49,43,NC_000003.12,Mutation NB - Maternal Origin,Transition - Pyrimidine/Pyrimidine,Unsolved
194249639,rs6778204,GG,AA,GG,85,100,60,NC_000003.12,Mutation NB - Maternal Origin,Transition - Purine/Purine,A>G
195265381,rs1393775599,GG,GG,GA,91,85,52,NC_000003.12,Mutation NB - Maternal Origin,Transition - Purine/Purine,Unsolved
196908083,rs4916579,CC,TC,TT,91,25,0,NC_000003.12,Mutation NB - Paternal Origin,Transition - Pyrimidine/Pyrimidine,C>T
196970018,rs473301,GG,GG,GA,100,91,99,NC_000003.12,Mutation NB - Maternal Origin,Transition - Purine/Purine,Unsolved
197254341,.,AA,AA,AG,25,1,69,NC_000003.12,Mutation NB - Maternal Origin,Transition - Purine/Purine,Unsolved
198738,.,AA,AA,AG,79,64,47,NC_000004.12,Mutation NB - Maternal Origin,Transition - Purine/Purine,Unsolved
617624,rs1733720436,CC,TT,TT,98,86,40,NC_000004.12,Mutation NB - Paternal Origin,Transition - Pyrimidine/Pyrimidine,C>T
764578,rs899393,TT,CC,TT,64,55,45,NC_000004.12,Mutation NB - Maternal Origin,Transition - Pyrimidine/Pyrimidine,C>T
774493,rs13127733,GG,AA,GG,58,10,54,NC_000004.12,Mutation NB - Maternal Origin,Transition - Purine/Purine,A>G
874712,.,TT,TT,TC,76,46,56,NC_000004.12,Mutation NB - Maternal Origin,Transition - Pyrimidine/Pyrimidine,Unsolved
1292174,rs11727297,AA,CC,CC,94,79,78,NC_000004.12,Mutation NB - Paternal Origin,Transversion - Purine/Pyrimidine,A>C
1313409,.,CC,CC,CT,79,82,41,NC_000004.12,Mutation NB - Paternal Origin,Transition - Pyrimidine/Pyrimidine,Unsolved
3041175,rs2471343,CC,AA,CC,73,88,30,NC_000004.12,Mutation NB - Maternal Origin,Transversion - Purine/Pyrimidine,A>C
3499715,rs11736835,AA,GG,GG,91,91,0,NC_000004.12,Mutation NB - Paternal Origin,Transition - Purine/Purine,A>G
3677764,rs6827536,CC,TT,CC,91,79,0,NC_000004.12,Mutation NB - Maternal Origin,Transition - Pyrimidine/Pyrimidine,T>C
4019147,rs562960719,CC,CC,CT,73,64,62,NC_000004.12,Mutation NB - Maternal Origin,Transition - Pyrimidine/Pyrimidine,Unsolved
5015794,.,AA,AA,AG,79,46,53,NC_000004.12,Mutation NB - Maternal Origin,Transition - Purine/Purine,Unsolved
5168335,.,TT,TT,TC,79,85,68,NC_000004.12,Mutation NB - Paternal Origin,Transition - Pyrimidine/Pyrimidine,Unsolved
5193279,rs10937630,CC,CG,GG,100,5,48,NC_000004.12,Mutation NB - Paternal Origin,Transversion - Purine/Pyrimidine,C>G
5424005,rs2526313,TT,TT,CT,64,79,68,NC_000004.12,Mutation NB - Paternal Origin,Transition - Pyrimidine/Pyrimidine,Unsolved
5863131,rs6446400,AA,AA,AT,100,79,26,NC_000004.12,Mutation NB - Maternal Origin,Transversion - Purine/Pyrimidine,Unsolved
6294023,rs6820509,AA,GG,GG,82,1,78,NC_000004.12,Mutation NB - Paternal Origin,Transition - Purine/Purine,A>G
6441415,rs13150377,AA,CC,AA,88,76,27,NC_000004.12,Mutation NB - Maternal Origin,Transversion - Purine/Pyrimidine,C>A
7048883,rs9986037,GG,GG,GA,85,100,30,NC_000004.12,Mutation NB - Paternal Origin,Transition - Purine/Purine,Unsolved
7133228,.,TT,TT,TC,61,52,41,NC_000004.12,Mutation NB - Maternal Origin,Transition - Pyrimidine/Pyrimidine,Unsolved
7234789,rs1109908,TT,TC,CC,100,1,27,NC_000004.12,Mutation NB - Paternal Origin,Transition - Pyrimidine/Pyrimidine,T>C
7466553,rs62277628,CC,TT,CC,100,79,33,NC_000004.12,Mutation NB - Maternal Origin,Transition - Pyrimidine/Pyrimidine,T>C
7631175,rs4689145,GG,AA,GG,79,70,0,NC_000004.12,Mutation NB - Maternal Origin,Transition - Purine/Purine,A>G
7712294,rs1076227,AA,GG,AA,91,91,9,NC_000004.12,Mutation NB - Maternal Origin,Transition - Purine/Purine,G>A
7811320,rs885260,CC,GG,GG,76,46,33,NC_000004.12,Mutation NB - Paternal Origin,Transversion - Purine/Pyrimidine,C>G
7826518,rs78298754,CC,TT,TT,76,67,24,NC_000004.12,Mutation NB - Paternal Origin,Transition - Pyrimidine/Pyrimidine,C>T
8097941,rs1316348,CC,CC,CG,100,82,99,NC_000004.12,Mutation NB - Maternal Origin,Transversion - Purine/Pyrimidine,Unsolved
8153646,rs6840085,TC,CC,TT,67,85,0,NC_000004.12,Mutation NB - Maternal Origin,Transversion - Purine/Pyrimidine,C>T
10621595,.,AA,AA,AG,82,88,56,NC_000004.12,Mutation NB - Paternal Origin,Transition - Purine/Purine,Unsolved
12130354,rs1600313,AA,AG,GG,85,1,15,NC_000004.12,Mutation NB - Paternal Origin,Transition - Purine/Purine,A>G
14313923,rs76217571,AA,AG,GG,73,8,9,NC_000004.12,Mutation NB - Paternal Origin,Transition - Purine/Purine,A>G
15132972,rs13136309,TT,TT,TC,100,76,59,NC_000004.12,Mutation NB - Maternal Origin,Transition - Pyrimidine/Pyrimidine,Unsolved
15132989,rs6449103,AA,AC,CC,100,1,24,NC_000004.12,Mutation NB - Paternal Origin,Transversion - Purine/Pyrimidine,A>C
16373054,.,GG,GG,GA,82,91,68,NC_000004.12,Mutation NB - Paternal Origin,Transition - Purine/Purine,Unsolved
17274356,rs10028913,GG,AG,AA,91,70,0,NC_000004.12,Mutation NB - Paternal Origin,Transition - Purine/Purine,G>A
19854557,rs73236239,TT,TA,AA,100,35,12,NC_000004.12,Mutation NB - Paternal Origin,Transversion - Purine/Pyrimidine,T>A
21997536,rs7672660,AC,AA,CC,1,100,27,NC_000004.12,Mutation NB - Maternal Origin,A>C
22147138,rs28842236,AA,AG,GG,76,1,45,NC_000004.12,Mutation NB - Paternal Origin,Transition - Purine/Purine,A>G
22390993,.,TT,TT,TC,76,43,62,NC_000004.12,Mutation NB - Maternal Origin,Transition - Pyrimidine/Pyrimidine,Unsolved
24983968,rs57666655,AA,TT,AA,43,73,51,NC_000004.12,Mutation NB - Maternal Origin,Transversion - Purine/Pyrimidine,T>A
25308086,rs316805,AC,CC,AA,32,55,0,NC_000004.12,Mutation NB - Maternal Origin,Transversion - Purine/Pyrimidine,C>A
25545442,rs60102030,TT,TT,TC,88,100,33,NC_000004.12,Mutation NB - Paternal Origin,Transition - Pyrimidine/Pyrimidine,Unsolved
28813465,.,AA,AA,AG,70,76,41,NC_000004.12,Mutation NB - Paternal Origin,Transition - Purine/Purine,Unsolved
28829133,rs28703048,TT,TT,TC,100,34,99,NC_000004.12,Mutation NB - Maternal Origin,Transition - Pyrimidine/Pyrimidine,Unsolved
29595775,rs2310037,GG,TT,TT,100,49,15,NC_000004.12,Mutation NB - Paternal Origin,Transversion - Purine/Pyrimidine,G>T
29746824,rs6858067,CC,AA,CC,91,85,9,NC_000004.12,Mutation NB - Maternal Origin,Transversion - Purine/Pyrimidine,A>C
32053956,.,TT,TT,TC,82,64,62,NC_000004.12,Mutation NB - Maternal Origin,Transition - Pyrimidine/Pyrimidine,Unsolved
35102936,rs2375216,CC,TT,CC,100,70,0,NC_000004.12,Mutation NB - Maternal Origin,Transition - Pyrimidine/Pyrimidine,T>C
35494112,rs7670106,AT,AA,TT,1,76,42,NC_000004.12,Mutation NB - Maternal Origin,Transversion - Purine/Pyrimidine,A>T
35494152,rs7675274,TC,TT,CC,1,76,42,NC_000004.12,Mutation NB - Maternal Origin,Transition - Pyrimidine/Pyrimidine,T>C
36420318,rs7691137,GG,CC,GG,55,52,0,NC_000004.12,Mutation NB - Maternal Origin,Transversion - Purine/Pyrimidine,C>G
36439700,rs4382060,AA,AA,GG,91,88,15,NC_000004.12,Mutation NB - Maternal Origin,Transition - Purine/Purine,Unsolved
37594276,rs2939744,GG,AA,AA,82,73,0,NC_000004.12,Mutation NB - Paternal Origin,Transition - Purine/Purine,G>A
37602948,rs2973280,CC,CT,TT,88,32,12,NC_000004.12,Mutation NB - Paternal Origin,Transition - Pyrimidine/Pyrimidine,C>T
38057143,rs17425670,AG,AA,GG,1,76,12,NC_000004.12,Mutation NB - Maternal Origin,Transition - Purine/Purine,A>G
38188252,rs4832994,CC,TT,CC,46,58,27,NC_000004.12,Mutation NB - Maternal Origin,Transition - Pyrimidine/Pyrimidine,T>C
38529551,.,AA,AA,AG,64,55,41,NC_000004.12,Mutation NB - Maternal Origin,Transition - Purine/Purine,Unsolved
38541962,rs34969895,CC,AC,AA,85,76,12,NC_000004.12,Mutation NB - Paternal Origin,Transversion - Purine/Pyrimidine,C>A
39991034,rs115484916,GG,AA,AA,91,91,2,NC_000004.12,Mutation NB - Paternal Origin,Transition - Purine/Purine,G>A
45705300,rs1275454225,CC,CC,CT,82,82,59,NC_000004.12,Mutation NB - Paternal or Maternal,Transition - Pyrimidine/Pyrimidine,Unsolved
47419941,rs4493516,TT,CT,CC,67,1,0,NC_000004.12,Mutation NB - Paternal Origin,Transition - Pyrimidine/Pyrimidine,T>C
51943037,rs1316498,TT,TA,AA,100,32,33,NC_000004.12,Mutation NB - Paternal Origin,Transversion - Purine/Pyrimidine,T>A
51952498,rs2102278,AA,AG,GG,100,35,39,NC_000004.12,Mutation NB - Paternal Origin,Transition - Purine/Purine,A>G
52117151,rs17084932,GG,GG,GA,100,79,99,NC_000004.12,Mutation NB - Maternal Origin,Transition - Purine/Purine,Unsolved
55169591,rs13128075,CC,TT,TT,76,82,0,NC_000004.12,Mutation NB - Paternal Origin,Transition - Pyrimidine/Pyrimidine,C>T
55611361,rs57178140,CC,TT,TT,91,73,30,NC_000004.12,Mutation NB - Paternal Origin,Transition - Pyrimidine/Pyrimidine,C>T
57064295,rs11573075,CC,CC,AA,91,100,9,NC_000004.12,Mutation NB - Paternal Origin,Transversion - Purine/Pyrimidine,Unsolved
67004290,rs11131667,AT,AA,TT,67,88,12,NC_000004.12,Mutation NB - Maternal Origin,Transversion - Purine/Pyrimidine,A>T
67597562,rs6850853,TT,TT,TC,88,100,21,NC_000004.12,Mutation NB - Paternal Origin,Transition - Pyrimidine/Pyrimidine,Unsolved
71300142,rs1478867159,TT,TT,TC,76,40,47,NC_000004.12,Mutation NB - Maternal Origin,Transition - Pyrimidine/Pyrimidine,Unsolved
71697189,rs428473,AA,GG,AA,91,91,0,NC_000004.12,Mutation NB - Maternal Origin,Transition - Purine/Purine,G>A
72632910,rs57416357,TT,TT,TC,91,100,68,NC_000004.12,Mutation NB - Paternal Origin,Transition - Pyrimidine/Pyrimidine,Unsolved
77060623,rs4252858,TT,TT,TC,100,46,99,NC_000004.12,Mutation NB - Maternal Origin,Transition - Pyrimidine/Pyrimidine,Unsolved
77453808,rs894439,GG,AA,GG,67,67,30,NC_000004.12,Mutation NB - Maternal Origin,Transition - Purine/Purine,A>G
78083276,.,TT,TT,TC,46,61,47,NC_000004.12,Mutation NB - Paternal Origin,Transition - Pyrimidine/Pyrimidine,Unsolved
83320421,rs4693609,CC,TT,TT,100,91,15,NC_000004.12,Mutation NB - Paternal Origin,Transition - Pyrimidine/Pyrimidine,C>T
84987993,rs561492627,CC,CC,CT,91,88,56,NC_000004.12,Mutation NB - Maternal Origin,Transition - Pyrimidine/Pyrimidine,Unsolved
87311544,rs6820688,TT,TT,TA,91,100,27,NC_000004.12,Mutation NB - Paternal Origin,Transition - Pyrimidine/Pyrimidine,Transversion - Purine/Pyrimidine,Unsolved
87717458,rs72655730,TT,TT,TC,100,61,99,NC_000004.12,Mutation NB - Maternal Origin,Transition - Pyrimidine/Pyrimidine,Unsolved
88930681,.,TT,TT,TC,40,67,56,NC_000004.12,Mutation NB - Paternal Origin,Transition - Pyrimidine/Pyrimidine,Unsolved
94339534,rs724260,GG,AA,GG,91,100,15,NC_000004.12,Mutation NB - Maternal Origin,Transition - Purine/Purine,A>G
95139480,.,TT,TT,TC,82,88,47,NC_000004.12,Mutation NB - Paternal Origin,Transition - Pyrimidine/Pyrimidine,Unsolved
96494709,.,TT,TT,TC,67,67,50,NC_000004.12,Mutation NB - Paternal or Maternal,Transition - Pyrimidine/Pyrimidine,Unsolved
99176546,rs6845578,CC,TT,TT,91,67,15,NC_000004.12,Mutation NB - Paternal Origin,Transition - Pyrimidine/Pyrimidine,C>T
101021326,rs10000538,TT,TT,TC,91,100,62,NC_000004.12,Mutation NB - Paternal Origin,Transition - Pyrimidine/Pyrimidine,Unsolved
104345792,rs12643378,AA,GG,GG,88,85,0,NC_000004.12,Mutation NB - Paternal Origin,Transition - Purine/Purine,A>G
108434309,.,TT,TT,TA,79,85,65,NC_000004.12,Mutation NB - Paternal Origin,Transition - Pyrimidine/Pyrimidine,Transversion - Purine/Pyrimidine,Unsolved
109005071,rs1405153,GG,CC,CC,88,88,12,NC_000004.12,Mutation NB - Paternal Origin,Transversion - Purine/Pyrimidine,G>C
112076065,.,CC,CC,CT,73,16,44,NC_000004.12,Mutation NB - Maternal Origin,Transition - Pyrimidine/Pyrimidine,Unsolved
112392830,rs4834272,TT,TT,TC,100,58,99,NC_000004.12,Mutation NB - Maternal Origin,Transition - Pyrimidine/Pyrimidine,Unsolved
135184046,rs77146151,CC,CC,CT,79,100,68,NC_000004.12,Mutation NB - Paternal Origin,Transition - Pyrimidine/Pyrimidine,Unsolved
138688751,.,AA,AA,AG,64,19,47,NC_000004.12,Mutation NB - Maternal Origin,Transition - Purine/Purine,Unsolved
139651189,rs12643234,TT,AA,TT,79,79,27,NC_000004.12,Mutation NB - Maternal Origin,Transversion - Purine/Pyrimidine,A>T
139841266,rs6840907,CC,CC,CT,88,100,99,NC_000004.12,Mutation NB - Paternal Origin,Transition - Pyrimidine/Pyrimidine,Unsolved
143558860,rs924233,AA,GG,GG,91,91,0,NC_000004.12,Mutation NB - Paternal Origin,Transition - Purine/Purine,A>G
145228651,rs60819113,CC,CC,CT,79,100,71,NC_000004.12,Mutation NB - Paternal Origin,Transition - Pyrimidine/Pyrimidine,Unsolved
145519846,rs56837794,CC,TT,CC,82,73,0,NC_000004.12,Mutation NB - Maternal Origin,Transition - Pyrimidine/Pyrimidine,T>C
146119100,.,TT,TT,TG,82,85,65,NC_000004.12,Mutation NB - Paternal Origin,Transition - Pyrimidine/Pyrimidine,Transversion - Purine/Pyrimidine,Unsolved
148521288,rs59109853,GG,GG,GC,88,85,68,NC_000004.12,Mutation NB - Maternal Origin,Transition - Purine/Purine,Transversion - Purine/Pyrimidine,Unsolved
152940027,.,TT,TT,TC,88,82,56,NC_000004.12,Mutation NB - Maternal Origin,Transition - Pyrimidine/Pyrimidine,Unsolved
153137134,rs1579176524,TT,TT,TC,85,76,53,NC_000004.12,Mutation NB - Maternal Origin,Transition - Pyrimidine/Pyrimidine,Unsolved
153874349,rs55669059,CC,CA,AA,100,1,15,NC_000004.12,Mutation NB - Paternal Origin,Transversion - Purine/Pyrimidine,C>A
155097531,rs7669404,AA,GG,AA,67,58,15,NC_000004.12,Mutation NB - Maternal Origin,Transition - Purine/Purine,G>A
155247565,rs10014344,CC,AC,AA,82,1,21,NC_000004.12,Mutation NB - Paternal Origin,Transversion - Purine/Pyrimidine,C>A
156230184,rs9998388,CC,AA,CC,100,88,0,NC_000004.12,Mutation NB - Maternal Origin,Transversion - Purine/Pyrimidine,A>C
156711014,rs9884619,GG,CC,CC,97,1,36,NC_000004.12,Mutation NB - Paternal Origin,Transversion - Purine/Pyrimidine,G>C
157574411,rs6818718,CC,TT,CC,91,91,15,NC_000004.12,Mutation NB - Maternal Origin,Transition - Pyrimidine/Pyrimidine,T>C
160900302,rs76541004,CC,TT,CC,85,94,39,NC_000004.12,Mutation NB - Maternal Origin,Transition - Pyrimidine/Pyrimidine,T>C
161047041,.,TT,TT,TC,70,64,59,NC_000004.12,Mutation NB - Maternal Origin,Transition - Pyrimidine/Pyrimidine,Unsolved
161291275,rs10034535,CC,TC,TT,91,1,9,NC_000004.12,Mutation NB - Paternal Origin,Transition - Pyrimidine/Pyrimidine,C>T
165700346,rs2611258,AA,GA,GG,91,31,0,NC_000004.12,Mutation NB - Paternal Origin,Transition - Purine/Purine,A>G
169757842,rs11540095,TT,TC,CC,100,1,9,NC_000004.12,Mutation NB - Paternal Origin,Transition - Pyrimidine/Pyrimidine,T>C
175020481,rs77386045,GG,CC,CC,70,94,48,NC_000004.12,Mutation NB - Paternal Origin,Transversion - Purine/Pyrimidine,G>C
178636792,rs1368868,AA,AA,AG,100,70,65,NC_000004.12,Mutation NB - Maternal Origin,Transition - Purine/Purine,Unsolved
179966939,rs11721659,GG,AG,AA,82,1,9,NC_000004.12,Mutation NB - Paternal Origin,Transition - Purine/Purine,G>A
180635651,rs2613009,TC,TT,CC,67,64,12,NC_000004.12,Mutation NB - Maternal Origin,Transition - Pyrimidine/Pyrimidine,T>C
180866173,rs4861876,GG,GG,GA,85,91,59,NC_000004.12,Mutation NB - Paternal Origin,Transition - Purine/Purine,Unsolved
180866184,rs190856029,GG,AA,GG,85,91,24,NC_000004.12,Mutation NB - Maternal Origin,Transition - Purine/Purine,A>G
181595298,rs115544065,AA,AA,AC,82,88,68,NC_000004.12,Mutation NB - Paternal Origin,Transversion - Purine/Pyrimidine,Unsolved
183045274,rs4599456,CC,CG,GG,100,1,99,NC_000004.12,Mutation NB - Paternal Origin,Transversion - Purine/Pyrimidine,C>G
184288300,rs6839034,GG,GG,GA,100,88,65,NC_000004.12,Mutation NB - Maternal Origin,Transition - Purine/Purine,Unsolved
184748595,.,TT,TT,TC,79,1,53,NC_000004.12,Mutation NB - Maternal Origin,Transition - Pyrimidine/Pyrimidine,Unsolved
184888335,rs6828765,CC,GG,GG,100,91,12,NC_000004.12,Mutation NB - Paternal Origin,Transversion - Purine/Pyrimidine,C>G
185627244,.,TT,TT,TC,79,76,71,NC_000004.12,Mutation NB - Maternal Origin,Transition - Pyrimidine/Pyrimidine,Unsolved
1297373,rs2736108,CC,CC,CT,85,76,99,NC_000005.10,Mutation NB - Maternal Origin,Transition - Pyrimidine/Pyrimidine,Unsolved
1852402,rs190680108,GG,GG,GA,100,76,99,NC_000005.10,Mutation NB - Maternal Origin,Transition - Purine/Purine,Unsolved
1945998,.,TT,TT,TC,55,61,44,NC_000005.10,Mutation NB - Paternal Origin,Transition - Pyrimidine/Pyrimidine,Unsolved
3160290,rs666410,GG,GG,AG,82,88,30,NC_000005.10,Mutation NB - Paternal Origin,Transition - Purine/Purine,Unsolved
3214590,rs1661071,AA,AA,AG,85,85,99,NC_000005.10,Mutation NB - Paternal or Maternal,Transition - Purine/Purine,Unsolved
3738310,rs13161765,TT,GG,TT,52,1,24,NC_000005.10,Mutation NB - Maternal Origin,Transversion - Purine/Pyrimidine,G>T
5350461,rs2964144,CC,TT,TT,91,91,9,NC_000005.10,Mutation NB - Paternal Origin,Transition - Pyrimidine/Pyrimidine,C>T
5350462,rs7736076,AA,CC,CC,91,91,9,NC_000005.10,Mutation NB - Paternal Origin,Transversion - Purine/Pyrimidine,A>C
5610043,rs367579,AA,AA,GA,91,79,6,NC_000005.10,Mutation NB - Maternal Origin,Transition - Purine/Purine,Unsolved
6324887,rs13158634,TT,CC,TT,79,82,0,NC_000005.10,Mutation NB - Maternal Origin,Transition - Pyrimidine/Pyrimidine,C>T
6360222,rs271424,AA,AA,AC,85,82,65,NC_000005.10,Mutation NB - Maternal Origin,Transversion - Purine/Pyrimidine,Unsolved
6826903,rs275443,TT,CC,TT,88,100,15,NC_000005.10,Mutation NB - Maternal Origin,Transition - Pyrimidine/Pyrimidine,C>T
6933846,.,TT,TT,TC,46,40,77,NC_000005.10,Mutation NB - Maternal Origin,Transition - Pyrimidine/Pyrimidine,Unsolved
8229416,rs57971177,CC,CG,GG,91,1,18,NC_000005.10,Mutation NB - Paternal Origin,Transversion - Purine/Pyrimidine,C>G
9781159,rs1043011704,AA,AT,TT,82,2,18,NC_000005.10,Mutation NB - Paternal Origin,Transversion - Purine/Pyrimidine,A>T
9782663,rs2905183,GG,AA,GG,82,100,21,NC_000005.10,Mutation NB - Maternal Origin,Transition - Purine/Purine,A>G
11120332,.,AA,AA,AG,46,82,65,NC_000005.10,Mutation NB - Paternal Origin,Transition - Purine/Purine,Unsolved
11191024,.,AA,AA,AG,67,34,50,NC_000005.10,Mutation NB - Maternal Origin,Transition - Purine/Purine,Unsolved
12081385,rs10462586,CC,GG,GG,100,25,45,NC_000005.10,Mutation NB - Paternal Origin,Transversion - Purine/Pyrimidine,C>G
12789384,rs9505706,AA,GG,AA,82,52,15,NC_000005.10,Mutation NB - Maternal Origin,Transition - Purine/Purine,G>A
14850985,rs61394862,CC,CC,TT,100,100,9,NC_000005.10,Mutation NB - Paternal or Maternal,Transition - Pyrimidine/Pyrimidine,Unsolved
16594888,rs168899,TT,GG,GG,88,76,12,NC_000005.10,Mutation NB - Paternal Origin,Transversion - Purine/Pyrimidine,T>G
16868298,rs16869187,TT,TC,CC,91,29,12,NC_000005.10,Mutation NB - Paternal Origin,Transition - Pyrimidine/Pyrimidine,T>C
16868344,rs7710720,CC,TC,TT,91,37,12,NC_000005.10,Mutation NB - Paternal Origin,Transition - Pyrimidine/Pyrimidine,C>T
19248285,rs62353123,AG,AA,GG,38,100,15,NC_000005.10,Mutation NB - Maternal Origin,Transition - Purine/Purine,A>G
28448483,rs115229518,AA,AA,AG,88,100,23,NC_000005.10,Mutation NB - Paternal Origin,Transition - Purine/Purine,Unsolved
28634110,rs1458474395,TT,TT,TC,67,52,44,NC_000005.10,Mutation NB - Maternal Origin,Transition - Pyrimidine/Pyrimidine,Unsolved
28706401,rs184646546,AA,TT,TT,79,58,0,NC_000005.10,Mutation NB - Paternal Origin,Transversion - Purine/Pyrimidine,A>T
28706402,rs188722639,TT,CC,CC,79,58,0,NC_000005.10,Mutation NB - Paternal Origin,Transition - Pyrimidine/Pyrimidine,T>C
31531649,rs753762654,AA,AA,AG,46,59,41,NC_000005.10,Mutation NB - Paternal Origin,Transition - Purine/Purine,Unsolved
35975341,rs7702219,AA,CC,AA,73,100,9,NC_000005.10,Mutation NB - Maternal Origin,Transversion - Purine/Pyrimidine,C>A
37665426,rs60556806,GG,GA,AA,100,1,12,NC_000005.10,Mutation NB - Paternal Origin,Transition - Purine/Purine,G>A
38102960,rs2453341,CC,TT,TT,76,91,9,NC_000005.10,Mutation NB - Paternal Origin,Transition - Pyrimidine/Pyrimidine,C>T
38357131,rs2451008,CC,CC,CG,100,100,24,NC_000005.10,Mutation NB - Paternal or Maternal,Transversion - Purine/Pyrimidine,Unsolved
39622262,rs13171421,GG,CC,GG,88,88,12,NC_000005.10,Mutation NB - Maternal Origin,Transversion - Purine/Pyrimidine,C>G
39622280,rs113552478,GG,GG,GC,88,88,30,NC_000005.10,Mutation NB - Paternal or Maternal,Transition - Purine/Purine,Transversion - Purine/Pyrimidine,Unsolved
40385859,rs1742907038,AA,AA,AG,79,67,62,NC_000005.10,Mutation NB - Maternal Origin,Transition - Purine/Purine,Unsolved
43283918,rs11740128,TT,GG,GG,70,79,0,NC_000005.10,Mutation NB - Paternal Origin,Transversion - Purine/Pyrimidine,T>G
54903981,rs76856832,GG,GA,AA,64,1,9,NC_000005.10,Mutation NB - Paternal Origin,Transition - Purine/Purine,G>A
56196852,rs160011,CC,CC,CT,85,79,99,NC_000005.10,Mutation NB - Maternal Origin,Transition - Pyrimidine/Pyrimidine,Unsolved
58016686,rs1454917,CC,CC,CT,100,100,30,NC_000005.10,Mutation NB - Paternal or Maternal,Transition - Pyrimidine/Pyrimidine,Unsolved
60122740,rs2113076,GA,GG,AA,29,100,9,NC_000005.10,Mutation NB - Maternal Origin,Transition - Purine/Purine,G>A
61262147,rs12696981,GG,CC,CC,91,82,0,NC_000005.10,Mutation NB - Paternal Origin,Transversion - Purine/Pyrimidine,G>C
61389930,rs4490539,AA,AA,AG,100,88,30,NC_000005.10,Mutation NB - Maternal Origin,Transition - Purine/Purine,Unsolved
61652099,.,AA,AA,AG,76,79,47,NC_000005.10,Mutation NB - Paternal Origin,Transition - Purine/Purine,Unsolved
62162395,rs2940579,GG,GG,AA,88,88,0,NC_000005.10,Mutation NB - Paternal or Maternal,Transition - Purine/Purine,Unsolved
63020678,rs2363837,TT,TC,CC,79,1,9,NC_000005.10,Mutation NB - Paternal Origin,Transition - Pyrimidine/Pyrimidine,T>C
65065584,.,CC,CC,CT,88,58,47,NC_000005.10,Mutation NB - Maternal Origin,Transition - Pyrimidine/Pyrimidine,Unsolved
68352995,.,TT,TT,TC,52,25,41,NC_000005.10,Mutation NB - Maternal Origin,Transition - Pyrimidine/Pyrimidine,Unsolved
73729056,rs16870747,GA,GG,AA,3,100,12,NC_000005.10,Mutation NB - Maternal Origin,Transition - Purine/Purine,G>A
75102316,rs4354015,GG,AG,AA,70,1,0,NC_000005.10,Mutation NB - Paternal Origin,Transition - Purine/Purine,G>A
76083417,rs936442091,GG,GG,GA,82,100,99,NC_000005.10,Mutation NB - Paternal Origin,Transition - Purine/Purine,Unsolved
78595755,rs1743803733,AA,AA,AG,55,49,41,NC_000005.10,Mutation NB - Maternal Origin,Transition - Purine/Purine,Unsolved
80983307,rs72769227,AA,AG,GG,100,67,9,NC_000005.10,Mutation NB - Paternal Origin,Transition - Purine/Purine,A>G
82042885,rs77249436,CC,CC,CT,100,76,99,NC_000005.10,Mutation NB - Maternal Origin,Transition - Pyrimidine/Pyrimidine,Unsolved
86463654,rs4099114,AA,GG,AA,82,100,9,NC_000005.10,Mutation NB - Maternal Origin,Transition - Purine/Purine,G>A
86463690,rs1819988,AA,GG,AA,82,100,9,NC_000005.10,Mutation NB - Maternal Origin,Transition - Purine/Purine,G>A
90698244,rs76537827,TT,TT,TG,91,100,65,NC_000005.10,Mutation NB - Paternal Origin,Transition - Pyrimidine/Pyrimidine,Transversion - Purine/Pyrimidine,Unsolved
92856704,.,TT,TT,TC,70,82,62,NC_000005.10,Mutation NB - Paternal Origin,Transition - Pyrimidine/Pyrimidine,Unsolved
95845349,.,AA,AA,AG,67,49,48,NC_000005.10,Mutation NB - Maternal Origin,Transition - Purine/Purine,Unsolved
97089589,rs6556945,AA,TT,AA,73,58,0,NC_000005.10,Mutation NB - Maternal Origin,Transversion - Purine/Pyrimidine,T>A
97299130,rs2697600,TT,CT,CC,91,35,0,NC_000005.10,Mutation NB - Paternal Origin,Transition - Pyrimidine/Pyrimidine,T>C
97299134,rs11135497,GG,GA,AA,91,28,12,NC_000005.10,Mutation NB - Paternal Origin,Transition - Purine/Purine,G>A
101769165,rs13166666,GG,AA,AA,88,88,9,NC_000005.10,Mutation NB - Paternal Origin,Transition - Purine/Purine,G>A
102410183,rs12519179,AA,GG,GG,70,1,99,NC_000005.10,Mutation NB - Paternal Origin,Transition - Purine/Purine,A>G
107158736,rs63352464,GC,CC,GG,62,67,0,NC_000005.10,Mutation NB - Maternal Origin,Transversion - Purine/Pyrimidine,C>G
107743672,rs142763256,GG,GG,GC,100,96,59,NC_000005.10,Mutation NB - Maternal Origin,Transition - Purine/Purine,Transversion - Purine/Pyrimidine,Unsolved
108278696,rs1849011,TT,GG,TT,82,88,9,NC_000005.10,Mutation NB - Maternal Origin,Transversion - Purine/Pyrimidine,G>T
112734897,.,TT,TT,TC,82,67,62,NC_000005.10,Mutation NB - Maternal Origin,Transition - Pyrimidine/Pyrimidine,Unsolved
113076159,rs6876512,TT,TT,TG,85,88,99,NC_000005.10,Mutation NB - Paternal Origin,Transition - Pyrimidine/Pyrimidine,Transversion - Purine/Pyrimidine,Unsolved
114486500,rs72801872,AA,GA,GG,91,1,12,NC_000005.10,Mutation NB - Paternal Origin,Transition - Purine/Purine,A>G
115452154,rs2546474,AA,GG,AA,100,25,0,NC_000005.10,Mutation NB - Maternal Origin,Transition - Purine/Purine,G>A
116584704,rs1274041592,GG,GG,GA,79,76,47,NC_000005.10,Mutation NB - Maternal Origin,Transition - Purine/Purine,Unsolved
118240368,rs11241451,GG,GG,GA,100,85,71,NC_000005.10,Mutation NB - Maternal Origin,Transition - Purine/Purine,Unsolved
118853288,.,AA,AA,AG,70,43,43,NC_000005.10,Mutation NB - Maternal Origin,Transition - Purine/Purine,Unsolved
123014750,.,AA,AA,AG,70,55,41,NC_000005.10,Mutation NB - Maternal Origin,Transition - Purine/Purine,Unsolved
123890758,rs330429,TT,CC,TT,91,64,0,NC_000005.10,Mutation NB - Maternal Origin,Transition - Pyrimidine/Pyrimidine,C>T
124286014,rs187678,GG,GG,TT,91,91,0,NC_000005.10,Mutation NB - Paternal or Maternal,Transversion - Purine/Pyrimidine,Unsolved
125823566,rs327838,GG,GT,TT,82,1,12,NC_000005.10,Mutation NB - Paternal Origin,Transversion - Purine/Pyrimidine,G>T
127183177,rs248108,AA,GG,GG,76,100,0,NC_000005.10,Mutation NB - Paternal Origin,Transition - Purine/Purine,A>G
131408479,.,AA,AA,AG,88,70,44,NC_000005.10,Mutation NB - Maternal Origin,Transition - Purine/Purine,Unsolved
134245902,.,TT,TT,TC,55,73,41,NC_000005.10,Mutation NB - Paternal Origin,Transition - Pyrimidine/Pyrimidine,Unsolved
135122797,.,CC,CC,CT,85,88,33,NC_000005.10,Mutation NB - Paternal Origin,Transition - Pyrimidine/Pyrimidine,Unsolved
135463157,rs251563,CC,CC,CT,100,52,99,NC_000005.10,Mutation NB - Maternal Origin,Transition - Pyrimidine/Pyrimidine,Unsolved
135831327,rs714090,TT,GG,GG,85,88,0,NC_000005.10,Mutation NB - Paternal Origin,Transversion - Purine/Pyrimidine,T>G
139065114,rs968555501,AA,AA,AG,55,40,47,NC_000005.10,Mutation NB - Maternal Origin,Transition - Purine/Purine,Unsolved
141637954,.,TT,TT,TC,49,100,47,NC_000005.10,Mutation NB - Paternal Origin,Transition - Pyrimidine/Pyrimidine,Unsolved
141640263,rs11742646,GG,CC,CC,82,88,0,NC_000005.10,Mutation NB - Paternal Origin,Transversion - Purine/Pyrimidine,G>C
142656631,rs61341368,AA,CC,CT,88,88,72,NC_000005.10,Mutation NB - Paternal Origin,Transversion - Purine/Pyrimidine,A>T
145539375,.,TT,TT,TC,88,70,41,NC_000005.10,Mutation NB - Maternal Origin,Transition - Pyrimidine/Pyrimidine,Unsolved
148005047,.,TT,TT,TC,49,40,41,NC_000005.10,Mutation NB - Maternal Origin,Transition - Pyrimidine/Pyrimidine,Unsolved
149413249,.,TT,TT,TA,82,91,57,NC_000005.10,Mutation NB - Paternal Origin,Transition - Pyrimidine/Pyrimidine,Transversion - Purine/Pyrimidine,Unsolved
149413251,.,CC,CC,CG,82,91,57,NC_000005.10,Mutation NB - Paternal Origin,Transversion - Purine/Pyrimidine,Unsolved
150174184,rs2282812,GG,AA,AA,100,82,15,NC_000005.10,Mutation NB - Paternal Origin,Transition - Purine/Purine,G>A
151135962,rs62379670,CT,CC,TT,1,85,9,NC_000005.10,Mutation NB - Maternal Origin,Transversion - Purine/Pyrimidine,C>T
151157546,.,AA,AA,AG,79,70,47,NC_000005.10,Mutation NB - Maternal Origin,Transition - Purine/Purine,Unsolved
152465261,rs62393532,TT,TT,TG,91,100,68,NC_000005.10,Mutation NB - Paternal Origin,Transition - Pyrimidine/Pyrimidine,Transversion - Purine/Pyrimidine,Unsolved
154765500,rs7723269,TT,TT,TC,82,100,71,NC_000005.10,Mutation NB - Paternal Origin,Transition - Pyrimidine/Pyrimidine,Unsolved
155361739,rs7713997,CC,GC,GG,79,1,0,NC_000005.10,Mutation NB - Paternal Origin,Transversion - Purine/Pyrimidine,C>G
157376928,.,AA,AA,AG,76,85,99,NC_000005.10,Mutation NB - Paternal Origin,Transition - Purine/Purine,Unsolved
157381548,rs55738502,GG,GG,GA,76,100,95,NC_000005.10,Mutation NB - Paternal Origin,Transition - Purine/Purine,Unsolved
158946979,rs12153783,TT,AA,TT,91,100,12,NC_000005.10,Mutation NB - Maternal Origin,Transversion - Purine/Pyrimidine,A>T
168409501,rs72830909,CC,CG,GG,82,1,24,NC_000005.10,Mutation NB - Paternal Origin,Transversion - Purine/Pyrimidine,C>G
168772786,.,CC,CC,CT,79,64,53,NC_000005.10,Mutation NB - Maternal Origin,Transition - Pyrimidine/Pyrimidine,Unsolved
169273571,rs6860744,TT,GT,GG,82,32,12,NC_000005.10,Mutation NB - Paternal Origin,Transversion - Purine/Pyrimidine,T>G
169298244,rs2338526,TT,CC,TT,55,25,63,NC_000005.10,Mutation NB - Maternal Origin,Transition - Pyrimidine/Pyrimidine,C>T
175804203,rs890736,CC,TT,TT,100,88,12,NC_000005.10,Mutation NB - Paternal Origin,Transition - Pyrimidine/Pyrimidine,C>T
176814226,.,CC,CC,CG,55,34,68,NC_000005.10,Mutation NB - Maternal Origin,Transversion - Purine/Pyrimidine,Unsolved
177036955,.,TT,TT,TC,91,88,53,NC_000005.10,Mutation NB - Maternal Origin,Transition - Pyrimidine/Pyrimidine,Unsolved
177537046,rs114539300,TG,TT,GG,9,55,36,NC_000005.10,Mutation NB - Maternal Origin,Transversion - Purine/Pyrimidine,T>G
178332209,rs527315579,CC,AA,CC,85,91,27,NC_000005.10,Mutation NB - Maternal Origin,Transversion - Purine/Pyrimidine,A>C
625268,rs9405865,AA,CC,CC,91,67,0,NC_000006.12,Mutation NB - Paternal Origin,Transversion - Purine/Pyrimidine,A>C
2876003,rs318428,CC,GG,CC,91,100,21,NC_000006.12,Mutation NB - Maternal Origin,Transversion - Purine/Pyrimidine,G>C
4189642,rs9503947,AA,AG,GG,79,1,9,NC_000006.12,Mutation NB - Paternal Origin,Transition - Purine/Purine,A>G
4714563,rs72821405,CC,CC,CT,40,100,99,NC_000006.12,Mutation NB - Paternal Origin,Transition - Pyrimidine/Pyrimidine,Unsolved
6694273,rs78030557,GG,GG,GC,70,100,99,NC_000006.12,Mutation NB - Paternal Origin,Transition - Purine/Purine,Transversion - Purine/Pyrimidine,Unsolved
6762474,rs9504920,CC,TC,TT,67,1,42,NC_000006.12,Mutation NB - Paternal Origin,Transition - Pyrimidine/Pyrimidine,C>T
6762491,rs9504921,CC,TC,TT,67,1,42,NC_000006.12,Mutation NB - Paternal Origin,Transition - Pyrimidine/Pyrimidine,C>T
7032530,rs6904651,TT,TT,TG,100,70,33,NC_000006.12,Mutation NB - Maternal Origin,Transition - Pyrimidine/Pyrimidine,Transversion - Purine/Pyrimidine,Unsolved
7197710,.,TT,TT,TC,76,25,41,NC_000006.12,Mutation NB - Maternal Origin,Transition - Pyrimidine/Pyrimidine,Unsolved
7868836,rs1228633,CC,TT,TT,100,76,27,NC_000006.12,Mutation NB - Paternal Origin,Transition - Pyrimidine/Pyrimidine,C>T
7869915,rs1225926,GG,GG,CC,100,82,9,NC_000006.12,Mutation NB - Maternal Origin,Transversion - Purine/Pyrimidine,Unsolved
7887610,rs1326664813,AA,AA,AG,76,85,53,NC_000006.12,Mutation NB - Paternal Origin,Transition - Purine/Purine,Unsolved
8115109,rs12197203,TT,CC,TT,82,88,9,NC_000006.12,Mutation NB - Maternal Origin,Transition - Pyrimidine/Pyrimidine,C>T
8115113,rs1556643,CC,TT,CC,82,88,0,NC_000006.12,Mutation NB - Maternal Origin,Transition - Pyrimidine/Pyrimidine,T>C
11602804,rs515246,CC,CC,CT,100,79,99,NC_000006.12,Mutation NB - Maternal Origin,Transition - Pyrimidine/Pyrimidine,Unsolved
11819602,rs7760480,GG,AA,AA,91,79,15,NC_000006.12,Mutation NB - Paternal Origin,Transition - Purine/Purine,G>A
14852257,.,TT,TT,TC,76,1,50,NC_000006.12,Mutation NB - Maternal Origin,Transition - Pyrimidine/Pyrimidine,Unsolved
16031964,rs7747831,GG,CG,CC,79,32,0,NC_000006.12,Mutation NB - Paternal Origin,Transversion - Purine/Pyrimidine,G>C
16336722,.,TT,TT,TC,64,46,44,NC_000006.12,Mutation NB - Maternal Origin,Transition - Pyrimidine/Pyrimidine,Unsolved
17034084,rs7740186,CT,TT,CC,1,73,21,NC_000006.12,Mutation NB - Maternal Origin,Transition - Pyrimidine/Pyrimidine,T>C
20810242,rs115160594,CC,TT,CC,85,91,9,NC_000006.12,Mutation NB - Maternal Origin,Transition - Pyrimidine/Pyrimidine,T>C
22231012,.,TT,TT,TC,67,64,47,NC_000006.12,Mutation NB - Maternal Origin,Transition - Pyrimidine/Pyrimidine,Unsolved
24522260,rs2251547,AA,AA,AG,100,34,99,NC_000006.12,Mutation NB - Maternal Origin,Transition - Purine/Purine,Unsolved
24538879,rs6925171,AA,AC,CC,79,43,9,NC_000006.12,Mutation NB - Paternal Origin,Transversion - Purine/Pyrimidine,A>C
25787589,rs2096386,GG,AA,AA,91,70,9,NC_000006.12,Mutation NB - Paternal Origin,Transition - Purine/Purine,G>A
26566576,rs6456733,TT,TT,CC,88,91,0,NC_000006.12,Mutation NB - Paternal Origin,Transition - Pyrimidine/Pyrimidine,Unsolved
33642074,rs9469537,TT,CC,TT,82,100,18,NC_000006.12,Mutation NB - Maternal Origin,Transition - Pyrimidine/Pyrimidine,C>T
33863995,rs115037224,AA,GG,AA,85,91,9,NC_000006.12,Mutation NB - Maternal Origin,Transition - Purine/Purine,G>A
33864044,rs34064476,TT,CC,TT,85,91,9,NC_000006.12,Mutation NB - Maternal Origin,Transition - Pyrimidine/Pyrimidine,C>T
33947164,rs9357168,CC,CC,TC,79,1,18,NC_000006.12,Mutation NB - Maternal Origin,Transition - Pyrimidine/Pyrimidine,Unsolved
34178970,.,AA,AA,AG,73,82,56,NC_000006.12,Mutation NB - Paternal Origin,Transition - Purine/Purine,Unsolved
34563523,rs10947510,CC,TT,CC,91,88,9,NC_000006.12,Mutation NB - Maternal Origin,Transition - Pyrimidine/Pyrimidine,T>C
35521998,rs749523,GG,GG,GA,100,100,57,NC_000006.12,Mutation NB - Paternal or Maternal,Transition - Purine/Purine,Unsolved
39335818,rs9462531,GA,GG,AA,67,100,24,NC_000006.12,Mutation NB - Maternal Origin,Transition - Purine/Purine,G>A
41493125,rs77859550,AA,GG,GG,88,82,18,NC_000006.12,Mutation NB - Paternal Origin,Transition - Purine/Purine,A>G
42118564,rs9381145,CC,CC,CT,91,55,99,NC_000006.12,Mutation NB - Maternal Origin,Transition - Pyrimidine/Pyrimidine,Unsolved
42149756,rs6899392,GG,AA,GG,88,100,24,NC_000006.12,Mutation NB - Maternal Origin,Transition - Purine/Purine,A>G
42545530,.,TT,TT,TC,76,1,47,NC_000006.12,Mutation NB - Maternal Origin,Transition - Pyrimidine/Pyrimidine,Unsolved
45228656,rs529824467,AA,AA,AT,88,73,41,NC_000006.12,Mutation NB - Maternal Origin,Transversion - Purine/Pyrimidine,Unsolved
45736403,rs1470649,AA,AG,GG,100,32,18,NC_000006.12,Mutation NB - Paternal Origin,Transition - Purine/Purine,A>G
48983577,rs146109929,TT,CC,CC,91,88,18,NC_000006.12,Mutation NB - Paternal Origin,Transition - Pyrimidine/Pyrimidine,T>C
51303269,.,AA,AA,AG,70,1,44,NC_000006.12,Mutation NB - Maternal Origin,Transition - Purine/Purine,Unsolved
53706687,rs4128134,TT,CC,CC,82,58,36,NC_000006.12,Mutation NB - Paternal Origin,Transition - Pyrimidine/Pyrimidine,T>C
55341210,rs2397180,GG,TT,GG,67,100,21,NC_000006.12,Mutation NB - Maternal Origin,Transition - Purine/Purine,Transversion - Purine/Pyrimidine,T>G
56133796,rs72874292,AA,AA,AG,100,79,99,NC_000006.12,Mutation NB - Maternal Origin,Transition - Purine/Purine,Unsolved
56520253,rs78116064,TT,GG,TT,91,91,15,NC_000006.12,Mutation NB - Maternal Origin,Transversion - Purine/Pyrimidine,G>T
57457148,rs201737840,GG,AG,AA,76,1,0,NC_000006.12,Mutation NB - Paternal Origin,Transition - Purine/Purine,G>A
64896190,rs9445433,AA,GG,GG,85,100,12,NC_000006.12,Mutation NB - Paternal Origin,Transition - Purine/Purine,A>G
66748279,rs6921025,CC,GG,CC,73,46,12,NC_000006.12,Mutation NB - Maternal Origin,Transversion - Purine/Pyrimidine,G>C
66779516,rs12215933,AA,GG,GG,79,10,30,NC_000006.12,Mutation NB - Paternal Origin,Transition - Purine/Purine,A>G
66796317,rs12214955,AA,CC,CC,88,40,27,NC_000006.12,Mutation NB - Paternal Origin,Transversion - Purine/Pyrimidine,A>C
67901178,rs115930063,GA,GG,AA,1,28,39,NC_000006.12,Mutation NB - Maternal Origin,Transition - Purine/Purine,G>A
69816167,rs1572897,CC,CC,TC,79,70,99,NC_000006.12,Mutation NB - Maternal Origin,Transition - Pyrimidine/Pyrimidine,Unsolved
73891988,rs1837082,GG,AA,GG,52,85,12,NC_000006.12,Mutation NB - Maternal Origin,Transition - Purine/Purine,A>G
73997340,rs111906069,TT,CC,CC,91,79,63,NC_000006.12,Mutation NB - Paternal Origin,Transition - Pyrimidine/Pyrimidine,T>C
74035503,rs68031106,GT,TT,GG,1,88,21,NC_000006.12,Mutation NB - Maternal Origin,Transversion - Purine/Pyrimidine,T>G
76379270,rs2504634,AA,AT,TT,100,11,36,NC_000006.12,Mutation NB - Paternal Origin,Transversion - Purine/Pyrimidine,A>T
78643748,rs7740665,TT,CC,CC,88,73,24,NC_000006.12,Mutation NB - Paternal Origin,Transition - Pyrimidine/Pyrimidine,T>C
80293297,.,TT,TT,TG,85,82,59,NC_000006.12,Mutation NB - Maternal Origin,Transition - Pyrimidine/Pyrimidine,Transversion - Purine/Pyrimidine,Unsolved
81865877,rs6940839,GG,AA,GG,88,100,21,NC_000006.12,Mutation NB - Maternal Origin,Transition - Purine/Purine,A>G
83597192,.,TT,TT,TC,64,19,44,NC_000006.12,Mutation NB - Maternal Origin,Transition - Pyrimidine/Pyrimidine,Unsolved
83637906,rs542702432,CC,CC,CT,46,34,41,NC_000006.12,Mutation NB - Maternal Origin,Transition - Pyrimidine/Pyrimidine,Unsolved
85705518,rs2475787,TT,TC,CC,100,1,18,NC_000006.12,Mutation NB - Paternal Origin,Transition - Pyrimidine/Pyrimidine,T>C
85706095,rs1173416,GG,GA,AA,100,1,21,NC_000006.12,Mutation NB - Paternal Origin,Transition - Purine/Purine,G>A
86234568,rs6909019,TC,CC,TT,1,70,0,NC_000006.12,Mutation NB - Maternal Origin,Transversion - Purine/Pyrimidine,C>T
87092507,rs9444471,CC,TT,TT,100,49,21,NC_000006.12,Mutation NB - Paternal Origin,Transition - Pyrimidine/Pyrimidine,C>T
88764147,rs6918005,AA,AA,AG,91,67,99,NC_000006.12,Mutation NB - Maternal Origin,Transition - Purine/Purine,Unsolved
89130998,rs72915671,TT,CC,CC,85,67,87,NC_000006.12,Mutation NB - Paternal Origin,Transition - Pyrimidine/Pyrimidine,T>C
91634483,rs427118,CC,TC,TT,76,1,0,NC_000006.12,Mutation NB - Paternal Origin,Transition - Pyrimidine/Pyrimidine,C>T
93848224,.,TT,TT,TC,31,28,44,NC_000006.12,Mutation NB - Maternal Origin,Transition - Pyrimidine/Pyrimidine,Unsolved
94337476,rs6922538,TT,AA,TT,79,91,18,NC_000006.12,Mutation NB - Maternal Origin,Transversion - Purine/Pyrimidine,A>T
96287302,rs58858018,GG,GG,GA,55,100,72,NC_000006.12,Mutation NB - Paternal Origin,Transition - Purine/Purine,Unsolved
96768560,.,TT,TT,TC,55,13,41,NC_000006.12,Mutation NB - Maternal Origin,Transition - Pyrimidine/Pyrimidine,Unsolved
100521509,rs1774309858,GG,GG,GA,79,70,62,NC_000006.12,Mutation NB - Maternal Origin,Transition - Purine/Purine,Unsolved
105339256,rs112402966,AA,AA,AG,73,88,68,NC_000006.12,Mutation NB - Paternal Origin,Transition - Purine/Purine,Unsolved
107939255,rs2064200,CC,AA,CC,79,73,8,NC_000006.12,Mutation NB - Maternal Origin,Transversion - Purine/Pyrimidine,A>C
110006125,rs1771573924,AA,AA,AG,79,46,56,NC_000006.12,Mutation NB - Maternal Origin,Transition - Purine/Purine,Unsolved
118861245,.,AA,AA,GG,88,82,9,NC_000006.12,Mutation NB - Maternal Origin,Transition - Purine/Purine,Unsolved
123783323,rs342620,TC,TT,CC,36,100,12,NC_000006.12,Mutation NB - Maternal Origin,Transition - Pyrimidine/Pyrimidine,T>C
124978656,.,CC,CC,CT,88,91,91,NC_000006.12,Mutation NB - Paternal Origin,Transition - Pyrimidine/Pyrimidine,Unsolved
126789809,.,AA,AA,AG,76,67,66,NC_000006.12,Mutation NB - Maternal Origin,Transition - Purine/Purine,Unsolved
126882412,rs35697500,TT,TA,AA,88,3,12,NC_000006.12,Mutation NB - Paternal Origin,Transversion - Purine/Pyrimidine,T>A
129774974,.,TT,TT,TC,100,19,44,NC_000006.12,Mutation NB - Maternal Origin,Transition - Pyrimidine/Pyrimidine,Unsolved
132116910,rs1569450,CC,CC,CT,88,64,99,NC_000006.12,Mutation NB - Maternal Origin,Transition - Pyrimidine/Pyrimidine,Unsolved
137708772,rs604927,TT,CC,CC,100,91,18,NC_000006.12,Mutation NB - Paternal Origin,Transition - Pyrimidine/Pyrimidine,T>C
138617981,.,AA,AA,AG,73,67,53,NC_000006.12,Mutation NB - Maternal Origin,Transition - Purine/Purine,Unsolved
138869822,rs10457680,CC,CC,CA,82,100,33,NC_000006.12,Mutation NB - Paternal Origin,Transversion - Purine/Pyrimidine,Unsolved
138987179,rs9495296,GA,GG,AA,73,82,9,NC_000006.12,Mutation NB - Maternal Origin,Transition - Purine/Purine,G>A
143534576,rs4895617,AA,AA,GG,100,82,27,NC_000006.12,Mutation NB - Maternal Origin,Transition - Purine/Purine,Unsolved
146919724,rs9390439,GG,GG,CC,100,100,9,NC_000006.12,Mutation NB - Paternal or Maternal,Transversion - Purine/Pyrimidine,Unsolved
150258238,.,TT,TT,TC,82,91,67,NC_000006.12,Mutation NB - Paternal Origin,Transition - Pyrimidine/Pyrimidine,Unsolved
150745233,.,AA,AA,AT,88,88,60,NC_000006.12,Mutation NB - Paternal or Maternal,Transversion - Purine/Pyrimidine,Unsolved
151565004,rs4334998,CC,TT,TT,100,37,90,NC_000006.12,Mutation NB - Paternal Origin,Transition - Pyrimidine/Pyrimidine,C>T
154833905,rs9375,TT,CC,CC,82,64,0,NC_000006.12,Mutation NB - Paternal Origin,Transition - Pyrimidine/Pyrimidine,T>C
157695611,rs117242971,CG,CC,GG,76,91,15,NC_000006.12,Mutation NB - Maternal Origin,Transversion - Purine/Pyrimidine,C>G
158077971,rs3818457,TT,TT,TC,70,91,72,NC_000006.12,Mutation NB - Paternal Origin,Transition - Pyrimidine/Pyrimidine,Unsolved
159290897,rs534519,AC,CC,AA,33,85,0,NC_000006.12,Mutation NB - Maternal Origin,Transversion - Purine/Pyrimidine,C>A
160386129,rs1317652,CT,TT,CC,29,91,12,NC_000006.12,Mutation NB - Maternal Origin,Transition - Pyrimidine/Pyrimidine,T>C
162144593,rs1242623285,GG,GG,GA,70,37,59,NC_000006.12,Mutation NB - Maternal Origin,Transition - Purine/Purine,Unsolved
162972285,rs13220475,TC,TT,CC,29,100,12,NC_000006.12,Mutation NB - Maternal Origin,Transition - Pyrimidine/Pyrimidine,T>C
163383220,.,AA,AA,AG,58,1,61,NC_000006.12,Mutation NB - Maternal Origin,Transition - Purine/Purine,Unsolved
165765309,rs7755876,GG,GA,AA,82,1,66,NC_000006.12,Mutation NB - Paternal Origin,Transition - Purine/Purine,G>A
166061399,rs4458652,AA,AA,AG,100,100,94,NC_000006.12,Mutation NB - Paternal or Maternal,Transition - Purine/Purine,Unsolved
166470651,rs6902946,GG,GG,GA,100,82,99,NC_000006.12,Mutation NB - Maternal Origin,Transition - Purine/Purine,Unsolved
166988662,rs404222,GG,GG,GA,100,61,18,NC_000006.12,Mutation NB - Maternal Origin,Transition - Purine/Purine,Unsolved
167488560,rs7759122,AA,GG,AA,85,70,0,NC_000006.12,Mutation NB - Maternal Origin,Transition - Purine/Purine,G>A
167968347,rs9346635,AA,GG,AA,85,76,9,NC_000006.12,Mutation NB - Maternal Origin,Transition - Purine/Purine,G>A
170057329,rs372521491,CC,CC,CA,76,82,99,NC_000006.12,Mutation NB - Paternal Origin,Transversion - Purine/Pyrimidine,Unsolved
1323073,rs7782793,AA,CC,AA,76,100,27,NC_000007.14,Mutation NB - Maternal Origin,Transversion - Purine/Pyrimidine,C>A
1495996,rs6971387,CC,CT,TT,100,42,18,NC_000007.14,Mutation NB - Paternal Origin,Transition - Pyrimidine/Pyrimidine,C>T
1640529,rs12703010,CC,TT,CC,100,67,0,NC_000007.14,Mutation NB - Maternal Origin,Transition - Pyrimidine/Pyrimidine,T>C
2152249,rs1620530,CC,CC,TC,85,95,99,NC_000007.14,Mutation NB - Paternal Origin,Transition - Pyrimidine/Pyrimidine,Unsolved
2683211,.,TT,TT,TC,85,76,53,NC_000007.14,Mutation NB - Maternal Origin,Transition - Pyrimidine/Pyrimidine,Unsolved
2886858,rs1583343445,AA,AA,AG,100,100,39,NC_000007.14,Mutation NB - Paternal or Maternal,Transition - Purine/Purine,Unsolved
3510782,rs4496870,CC,GG,CC,88,76,0,NC_000007.14,Mutation NB - Maternal Origin,Transversion - Purine/Pyrimidine,G>C
4203038,rs12669193,AA,CC,AA,88,70,18,NC_000007.14,Mutation NB - Maternal Origin,Transversion - Purine/Pyrimidine,C>A
4203072,rs17304836,CC,TT,CC,88,70,18,NC_000007.14,Mutation NB - Maternal Origin,Transition - Pyrimidine/Pyrimidine,T>C
4444226,rs172707,AA,GG,AA,88,79,0,NC_000007.14,Mutation NB - Maternal Origin,Transition - Purine/Purine,G>A
6424857,.,AA,AA,AG,82,79,59,NC_000007.14,Mutation NB - Maternal Origin,Transition - Purine/Purine,Unsolved
10451282,rs3823849,TC,TT,CC,1,55,30,NC_000007.14,Mutation NB - Maternal Origin,Transition - Pyrimidine/Pyrimidine,T>C
18665266,rs2285443,GG,AA,GG,64,79,0,NC_000007.14,Mutation NB - Maternal Origin,Transition - Purine/Purine,A>G
20557306,rs17143056,AA,AA,AG,100,37,99,NC_000007.14,Mutation NB - Maternal Origin,Transition - Purine/Purine,Unsolved
21329426,rs57913445,GG,AA,AA,88,85,15,NC_000007.14,Mutation NB - Paternal Origin,Transition - Purine/Purine,G>A
21963619,rs6953045,TT,AA,TT,88,82,15,NC_000007.14,Mutation NB - Maternal Origin,Transversion - Purine/Pyrimidine,A>T
25561888,rs2999575,GG,AG,AA,91,35,24,NC_000007.14,Mutation NB - Paternal Origin,Transition - Purine/Purine,G>A
26132557,.,AA,AA,AG,58,64,50,NC_000007.14,Mutation NB - Paternal Origin,Transition - Purine/Purine,Unsolved
29360694,rs6960085,CC,TT,CC,88,91,24,NC_000007.14,Mutation NB - Maternal Origin,Transition - Pyrimidine/Pyrimidine,T>C
32596796,.,AA,AA,AG,70,58,44,NC_000007.14,Mutation NB - Maternal Origin,Transition - Purine/Purine,Unsolved
33722707,.,AA,AA,AG,82,52,47,NC_000007.14,Mutation NB - Maternal Origin,Transition - Purine/Purine,Unsolved
36221593,rs2110813,AA,AA,AT,91,100,30,NC_000007.14,Mutation NB - Paternal Origin,Transversion - Purine/Pyrimidine,Unsolved
37406066,rs1425125,CC,CC,CT,61,100,99,NC_000007.14,Mutation NB - Paternal Origin,Transition - Pyrimidine/Pyrimidine,Unsolved
37839490,rs2598067,GG,GG,TG,88,67,99,NC_000007.14,Mutation NB - Maternal Origin,Transversion - Purine/Pyrimidine,Unsolved
42262275,rs13438667,TT,TC,CC,100,1,18,NC_000007.14,Mutation NB - Paternal Origin,Transition - Pyrimidine/Pyrimidine,T>C
42291865,rs11764025,GG,GG,GT,100,73,21,NC_000007.14,Mutation NB - Maternal Origin,Transversion - Purine/Pyrimidine,Unsolved
43808524,rs2528369,TT,CC,CC,85,28,51,NC_000007.14,Mutation NB - Paternal Origin,Transition - Pyrimidine/Pyrimidine,T>C
44276417,rs62459111,GA,GG,AA,1,79,9,NC_000007.14,Mutation NB - Maternal Origin,Transition - Purine/Purine,G>A
44431020,rs10254986,AA,AA,AG,91,100,99,NC_000007.14,Mutation NB - Paternal Origin,Transition - Purine/Purine,Unsolved
46898671,rs2190017,GG,AA,GG,82,67,0,NC_000007.14,Mutation NB - Maternal Origin,Transition - Purine/Purine,A>G
47586799,rs7798316,AA,TT,TT,91,73,24,NC_000007.14,Mutation NB - Paternal Origin,Transversion - Purine/Pyrimidine,A>T
47677004,rs566991805,GG,GG,GA,100,85,99,NC_000007.14,Mutation NB - Maternal Origin,Transition - Purine/Purine,Unsolved
47811861,.,AA,AA,AG,88,85,68,NC_000007.14,Mutation NB - Maternal Origin,Transition - Purine/Purine,Unsolved
47937274,rs2708879,CC,CC,GG,100,73,7,NC_000007.14,Mutation NB - Maternal Origin,Transversion - Purine/Pyrimidine,Unsolved
48036154,.,AA,AA,AT,43,28,47,NC_000007.14,Mutation NB - Maternal Origin,Transversion - Purine/Pyrimidine,Unsolved
49754931,rs12538372,AA,GG,AA,43,64,0,NC_000007.14,Mutation NB - Maternal Origin,Transition - Purine/Purine,G>A
49790651,rs769606,GG,TT,GG,91,100,15,NC_000007.14,Mutation NB - Maternal Origin,Transition - Purine/Purine,Transversion - Purine/Pyrimidine,T>G
50755614,rs757774,AA,GG,GG,85,100,0,NC_000007.14,Mutation NB - Paternal Origin,Transition - Purine/Purine,A>G
53114672,rs974254,GG,AA,AA,100,82,9,NC_000007.14,Mutation NB - Paternal Origin,Transition - Purine/Purine,G>A
53365051,.,CC,CC,CT,58,67,56,NC_000007.14,Mutation NB - Paternal Origin,Transition - Pyrimidine/Pyrimidine,Unsolved
63103215,.,TT,TT,TC,91,82,47,NC_000007.14,Mutation NB - Maternal Origin,Transition - Pyrimidine/Pyrimidine,Unsolved
64081801,rs4570020,GA,AA,GG,77,85,0,NC_000007.14,Mutation NB - Maternal Origin,Transition - Purine/Purine,A>G
64550543,.,CC,CC,CT,88,73,53,NC_000007.14,Mutation NB - Maternal Origin,Transition - Pyrimidine/Pyrimidine,Unsolved
66662819,rs3857688,AA,GG,GG,82,91,0,NC_000007.14,Mutation NB - Paternal Origin,Transition - Purine/Purine,A>G
67488787,rs73132015,CC,CC,CT,100,82,33,NC_000007.14,Mutation NB - Maternal Origin,Transition - Pyrimidine/Pyrimidine,Unsolved
67654473,rs10253439,GG,TT,TT,79,70,9,NC_000007.14,Mutation NB - Paternal Origin,Transversion - Purine/Pyrimidine,G>T
70801529,rs1105953,GG,AA,AA,70,34,0,NC_000007.14,Mutation NB - Paternal Origin,Transition - Purine/Purine,G>A
74151560,rs434773,AA,GG,AA,85,91,0,NC_000007.14,Mutation NB - Maternal Origin,Transition - Purine/Purine,G>A
75681312,rs2285870,GG,AA,GG,88,100,18,NC_000007.14,Mutation NB - Maternal Origin,Transition - Purine/Purine,A>G
76216765,rs60717745,GG,CC,CC,85,88,0,NC_000007.14,Mutation NB - Paternal Origin,Transversion - Purine/Pyrimidine,G>C
77626505,rs10245582,AA,AA,CC,88,91,0,NC_000007.14,Mutation NB - Paternal Origin,Transversion - Purine/Pyrimidine,Unsolved
78036704,rs757861,TT,TT,TC,91,100,68,NC_000007.14,Mutation NB - Paternal Origin,Transition - Pyrimidine/Pyrimidine,Unsolved
83341750,rs2371669,GG,AG,AA,91,42,0,NC_000007.14,Mutation NB - Paternal Origin,Transition - Purine/Purine,G>A
88545178,.,TT,TT,TA,100,1,38,NC_000007.14,Mutation NB - Maternal Origin,Transition - Pyrimidine/Pyrimidine,Transversion - Purine/Pyrimidine,Unsolved
92140263,rs7787995,GA,GG,AA,48,100,12,NC_000007.14,Mutation NB - Maternal Origin,Transition - Purine/Purine,G>A
92906498,.,GG,GG,GT,70,76,44,NC_000007.14,Mutation NB - Paternal Origin,Transversion - Purine/Pyrimidine,Unsolved
98665907,rs6964252,TT,GG,TT,88,73,18,NC_000007.14,Mutation NB - Maternal Origin,Transversion - Purine/Pyrimidine,G>T
100756385,.,TT,TT,TC,79,73,59,NC_000007.14,Mutation NB - Maternal Origin,Transition - Pyrimidine/Pyrimidine,Unsolved
101099045,.,TT,TT,TC,91,82,45,NC_000007.14,Mutation NB - Maternal Origin,Transition - Pyrimidine/Pyrimidine,Unsolved
101553685,rs13222730,CC,CC,TC,79,79,33,NC_000007.14,Mutation NB - Paternal or Maternal,Transition - Pyrimidine/Pyrimidine,Unsolved
101558209,rs10264537,GG,GG,GC,100,91,99,NC_000007.14,Mutation NB - Maternal Origin,Transition - Purine/Purine,Transversion - Purine/Pyrimidine,Unsolved
102142784,rs382228,CC,AA,CC,88,100,33,NC_000007.14,Mutation NB - Maternal Origin,Transversion - Purine/Pyrimidine,A>C
103890303,rs1524802,AA,AG,GG,100,1,75,NC_000007.14,Mutation NB - Paternal Origin,Transition - Purine/Purine,A>G
106331561,rs2704956,GG,GG,GT,91,82,33,NC_000007.14,Mutation NB - Maternal Origin,Transversion - Purine/Pyrimidine,Unsolved
106634563,rs957728360,GG,GG,GA,88,43,47,NC_000007.14,Mutation NB - Maternal Origin,Transition - Purine/Purine,Unsolved
107630099,.,AA,AA,AG,61,70,45,NC_000007.14,Mutation NB - Paternal Origin,Transition - Purine/Purine,Unsolved
112562367,rs3111442,AA,TT,AA,88,91,0,NC_000007.14,Mutation NB - Maternal Origin,Transversion - Purine/Pyrimidine,T>A
116228255,rs4727829,AA,AA,AG,70,100,68,NC_000007.14,Mutation NB - Paternal Origin,Transition - Purine/Purine,Unsolved
126832693,rs2157752,AA,AG,GG,100,70,9,NC_000007.14,Mutation NB - Paternal Origin,Transition - Purine/Purine,A>G
128123867,.,AA,AA,AG,88,88,80,NC_000007.14,Mutation NB - Paternal or Maternal,Transition - Purine/Purine,Unsolved
128695376,.,TT,TT,TC,82,49,59,NC_000007.14,Mutation NB - Maternal Origin,Transition - Pyrimidine/Pyrimidine,Unsolved
128746151,rs339050,GG,GA,AA,100,1,15,NC_000007.14,Mutation NB - Paternal Origin,Transition - Purine/Purine,G>A
131108255,.,CC,CC,CT,85,91,55,NC_000007.14,Mutation NB - Paternal Origin,Transition - Pyrimidine/Pyrimidine,Unsolved
132453045,rs10954376,AA,GG,GG,82,82,21,NC_000007.14,Mutation NB - Paternal Origin,Transition - Purine/Purine,A>G
132474636,rs181866360,AA,AA,AG,76,100,91,NC_000007.14,Mutation NB - Paternal Origin,Transition - Purine/Purine,Unsolved
139803541,rs2079845,CC,TC,TT,88,32,0,NC_000007.14,Mutation NB - Paternal Origin,Transition - Pyrimidine/Pyrimidine,C>T
141219373,rs2017515,AC,CC,AA,44,82,0,NC_000007.14,Mutation NB - Maternal Origin,Transversion - Purine/Pyrimidine,C>A
141296124,rs10952498,GG,AA,AA,88,76,12,NC_000007.14,Mutation NB - Paternal Origin,Transition - Purine/Purine,G>A
145002221,.,AA,AA,AG,67,69,43,NC_000007.14,Mutation NB - Paternal Origin,Transition - Purine/Purine,Unsolved
145030875,rs6972159,GG,AA,GG,76,91,21,NC_000007.14,Mutation NB - Maternal Origin,Transition - Purine/Purine,A>G
145448218,.,TT,TT,TC,19,16,68,NC_000007.14,Mutation NB - Maternal Origin,Transition - Pyrimidine/Pyrimidine,Unsolved
149345358,.,TT,TT,TC,82,70,83,NC_000007.14,Mutation NB - Maternal Origin,Transition - Pyrimidine/Pyrimidine,Unsolved
149358256,rs36022446,GG,GA,AA,91,2,9,NC_000007.14,Mutation NB - Paternal Origin,Transition - Purine/Purine,G>A
150695788,rs62490385,TT,TT,GG,100,100,9,NC_000007.14,Mutation NB - Paternal or Maternal,Transition - Purine/Purine,Transversion - Purine/Pyrimidine,Unsolved
150722312,rs35370936,GA,GG,AA,1,100,15,NC_000007.14,Mutation NB - Maternal Origin,Transition - Purine/Purine,G>A
150824976,rs62490442,GG,GT,TT,82,1,9,NC_000007.14,Mutation NB - Paternal Origin,Transversion - Purine/Pyrimidine,G>T
151453222,rs35248505,CC,CT,TT,82,67,12,NC_000007.14,Mutation NB - Paternal Origin,Transition - Pyrimidine/Pyrimidine,C>T
151680361,rs7805002,AA,AG,GG,100,1,27,NC_000007.14,Mutation NB - Paternal Origin,Transition - Purine/Purine,A>G
151681955,rs12535248,CC,CG,GG,100,67,15,NC_000007.14,Mutation NB - Paternal Origin,Transversion - Purine/Pyrimidine,C>G
151695239,rs190030706,AA,CC,CC,82,73,48,NC_000007.14,Mutation NB - Paternal Origin,Transversion - Purine/Pyrimidine,A>C
153646520,.,CC,CC,CT,67,43,44,NC_000007.14,Mutation NB - Maternal Origin,Transition - Pyrimidine/Pyrimidine,Unsolved
153925387,rs2215194,CC,TT,TT,79,73,21,NC_000007.14,Mutation NB - Paternal Origin,Transition - Pyrimidine/Pyrimidine,C>T
154871839,rs11768385,CC,CC,TC,79,70,99,NC_000007.14,Mutation NB - Maternal Origin,Transition - Pyrimidine/Pyrimidine,Unsolved
154911624,rs2037610,GG,TT,TT,100,85,12,NC_000007.14,Mutation NB - Paternal Origin,Transversion - Purine/Pyrimidine,G>T
155141738,rs893108,GG,GG,GA,100,85,99,NC_000007.14,Mutation NB - Maternal Origin,Transition - Purine/Purine,Unsolved
155940098,rs10263106,AA,CC,AA,91,88,0,NC_000007.14,Mutation NB - Maternal Origin,Transversion - Purine/Pyrimidine,C>A
156472620,.,TT,TT,TC,73,64,41,NC_000007.14,Mutation NB - Maternal Origin,Transition - Pyrimidine/Pyrimidine,Unsolved
157844140,rs6459814,GG,AA,GG,79,100,21,NC_000007.14,Mutation NB - Maternal Origin,Transition - Purine/Purine,A>G
158743935,rs66478815,GG,AA,AA,85,70,33,NC_000007.14,Mutation NB - Paternal Origin,Transition - Purine/Purine,G>A
158850257,rs73527648,TT,CC,CC,73,82,15,NC_000007.14,Mutation NB - Paternal Origin,Transition - Pyrimidine/Pyrimidine,T>C
3076313,rs67273276,TT,CC,CC,88,61,30,NC_000008.11,Mutation NB - Paternal Origin,Transition - Pyrimidine/Pyrimidine,T>C
3076455,.,TT,TT,TC,82,31,50,NC_000008.11,Mutation NB - Maternal Origin,Transition - Pyrimidine/Pyrimidine,Unsolved
3767373,rs13261305,GG,CC,GG,82,85,15,NC_000008.11,Mutation NB - Maternal Origin,Transversion - Purine/Pyrimidine,C>G
3873513,rs62482704,GG,GG,GC,100,73,62,NC_000008.11,Mutation NB - Maternal Origin,Transition - Purine/Purine,Transversion - Purine/Pyrimidine,Unsolved
4114708,rs10106149,CC,GG,CC,76,100,12,NC_000008.11,Mutation NB - Maternal Origin,Transversion - Purine/Pyrimidine,G>C
4907824,rs2028236,GG,GG,GC,82,100,68,NC_000008.11,Mutation NB - Paternal Origin,Transition - Purine/Purine,Transversion - Purine/Pyrimidine,Unsolved
5332406,rs1799426660,GG,GG,GA,79,31,50,NC_000008.11,Mutation NB - Maternal Origin,Transition - Purine/Purine,Unsolved
15298001,rs7007257,CC,GG,CC,79,16,12,NC_000008.11,Mutation NB - Maternal Origin,Transversion - Purine/Pyrimidine,G>C
15389374,rs1565916,CC,TT,CC,91,100,24,NC_000008.11,Mutation NB - Maternal Origin,Transition - Pyrimidine/Pyrimidine,T>C
18658823,rs17127008,CC,GG,GG,88,85,15,NC_000008.11,Mutation NB - Paternal Origin,Transversion - Purine/Pyrimidine,C>G
19682926,rs4921665,AA,GG,GG,100,82,18,NC_000008.11,Mutation NB - Paternal Origin,Transition - Purine/Purine,A>G
21102707,.,AA,AA,AG,88,55,53,NC_000008.11,Mutation NB - Maternal Origin,Transition - Purine/Purine,Unsolved
21723669,rs28673758,GG,GA,AA,85,1,9,NC_000008.11,Mutation NB - Paternal Origin,Transition - Purine/Purine,G>A
21724475,.,TT,TT,TC,79,79,47,NC_000008.11,Mutation NB - Paternal or Maternal,Transition - Pyrimidine/Pyrimidine,Unsolved
21924121,rs1810381508,GG,GG,GA,70,70,44,NC_000008.11,Mutation NB - Paternal or Maternal,Transition - Purine/Purine,Unsolved
23084260,rs7815953,GG,TT,TT,76,34,18,NC_000008.11,Mutation NB - Paternal Origin,Transversion - Purine/Pyrimidine,G>T
23084267,rs7815960,GG,CC,CC,76,34,18,NC_000008.11,Mutation NB - Paternal Origin,Transversion - Purine/Pyrimidine,G>C
23327506,rs7009461,TC,CC,TT,38,85,39,NC_000008.11,Mutation NB - Maternal Origin,Transversion - Purine/Pyrimidine,C>T
23827866,rs310323,GG,AG,AA,85,76,0,NC_000008.11,Mutation NB - Paternal Origin,Transition - Purine/Purine,G>A
23827882,rs310324,GG,AG,AA,85,76,0,NC_000008.11,Mutation NB - Paternal Origin,Transition - Purine/Purine,G>A
24734271,rs11997946,TT,CC,CC,100,76,30,NC_000008.11,Mutation NB - Paternal Origin,Transition - Pyrimidine/Pyrimidine,T>C
24955215,rs1258315149,TT,TT,CC,94,100,1,NC_000008.11,Mutation NB - Paternal Origin,Transition - Pyrimidine/Pyrimidine,Unsolved
25004300,rs2976411,TT,TC,CC,100,38,9,NC_000008.11,Mutation NB - Paternal Origin,Transition - Pyrimidine/Pyrimidine,T>C
26042502,.,AA,AA,AG,73,85,49,NC_000008.11,Mutation NB - Paternal Origin,Transition - Purine/Purine,Unsolved
26483937,rs59762660,CC,CT,TT,85,28,9,NC_000008.11,Mutation NB - Paternal Origin,Transition - Pyrimidine/Pyrimidine,C>T
27558242,rs80110910,CC,CC,CA,100,91,33,NC_000008.11,Mutation NB - Maternal Origin,Transversion - Purine/Pyrimidine,Unsolved
27697334,rs693832,CC,CC,CT,95,19,99,NC_000008.11,Mutation NB - Maternal Origin,Transition - Pyrimidine/Pyrimidine,Unsolved
27697344,rs693841,CC,CC,CT,91,19,99,NC_000008.11,Mutation NB - Maternal Origin,Transition - Pyrimidine/Pyrimidine,Unsolved
28331781,.,TT,TT,TC,79,67,62,NC_000008.11,Mutation NB - Maternal Origin,Transition - Pyrimidine/Pyrimidine,Unsolved
29096135,rs112577477,CC,CC,CT,91,76,99,NC_000008.11,Mutation NB - Maternal Origin,Transition - Pyrimidine/Pyrimidine,Unsolved
29340155,rs583034,AA,GG,AA,91,85,0,NC_000008.11,Mutation NB - Maternal Origin,Transition - Purine/Purine,G>A
29585043,rs13252027,GG,GG,GA,85,88,30,NC_000008.11,Mutation NB - Paternal Origin,Transition - Purine/Purine,Unsolved
30696749,rs2978303,GG,GA,AA,91,35,12,NC_000008.11,Mutation NB - Paternal Origin,Transition - Purine/Purine,G>A
34477731,rs2044358,GG,AA,GG,73,82,0,NC_000008.11,Mutation NB - Maternal Origin,Transition - Purine/Purine,A>G
34477752,rs2044357,CC,TT,CC,73,82,0,NC_000008.11,Mutation NB - Maternal Origin,Transition - Pyrimidine/Pyrimidine,T>C
34477765,rs2044356,CC,TT,CC,73,82,0,NC_000008.11,Mutation NB - Maternal Origin,Transition - Pyrimidine/Pyrimidine,T>C
35840039,.,TT,TT,TG,67,100,40,NC_000008.11,Mutation NB - Paternal Origin,Transition - Pyrimidine/Pyrimidine,Transversion - Purine/Pyrimidine,Unsolved
37279659,rs390274,CC,CC,CT,79,85,24,NC_000008.11,Mutation NB - Paternal Origin,Transition - Pyrimidine/Pyrimidine,Unsolved
38567221,rs10105598,TT,CC,CC,91,76,15,NC_000008.11,Mutation NB - Paternal Origin,Transition - Pyrimidine/Pyrimidine,T>C
38601613,.,TT,TT,TC,76,85,72,NC_000008.11,Mutation NB - Paternal Origin,Transition - Pyrimidine/Pyrimidine,Unsolved
40460568,rs1560346,GG,CC,CC,91,82,21,NC_000008.11,Mutation NB - Paternal Origin,Transversion - Purine/Pyrimidine,G>C
40871594,.,AA,AA,AG,76,28,44,NC_000008.11,Mutation NB - Maternal Origin,Transition - Purine/Purine,Unsolved
46183684,rs13250380,GA,GG,AA,28,100,24,NC_000008.11,Mutation NB - Maternal Origin,Transition - Purine/Purine,G>A
46228724,rs13279903,GG,GG,AA,88,100,21,NC_000008.11,Mutation NB - Paternal Origin,Transition - Purine/Purine,Unsolved
46764371,rs13252367,GG,GG,GA,67,58,50,NC_000008.11,Mutation NB - Maternal Origin,Transition - Purine/Purine,Unsolved
48420070,rs72639013,AA,GG,GG,91,91,24,NC_000008.11,Mutation NB - Paternal Origin,Transition - Purine/Purine,A>G
55587729,rs62516455,CC,CC,CT,82,100,99,NC_000008.11,Mutation NB - Paternal Origin,Transition - Pyrimidine/Pyrimidine,Unsolved
58332269,rs6982401,AA,GG,AA,85,100,9,NC_000008.11,Mutation NB - Maternal Origin,Transition - Purine/Purine,G>A
64251161,rs893827,TT,TG,GG,76,1,12,NC_000008.11,Mutation NB - Paternal Origin,Transversion - Purine/Pyrimidine,T>G
71903702,rs2128109,TT,TC,CC,100,2,36,NC_000008.11,Mutation NB - Paternal Origin,Transition - Pyrimidine/Pyrimidine,T>C
74220134,rs10087653,TT,TT,TC,100,88,62,NC_000008.11,Mutation NB - Maternal Origin,Transition - Pyrimidine/Pyrimidine,Unsolved
79901726,rs56326326,CC,TT,CC,70,70,0,NC_000008.11,Mutation NB - Maternal Origin,Transition - Pyrimidine/Pyrimidine,T>C
86790290,.,TT,TT,TC,91,64,43,NC_000008.11,Mutation NB - Maternal Origin,Transition - Pyrimidine/Pyrimidine,Unsolved
89057406,rs1240062,AA,TT,AA,73,91,12,NC_000008.11,Mutation NB - Maternal Origin,Transversion - Purine/Pyrimidine,T>A
91665292,rs4734101,AA,GG,GG,76,76,15,NC_000008.11,Mutation NB - Paternal Origin,Transition - Purine/Purine,A>G
94965166,rs1349763,AA,GG,GG,94,85,18,NC_000008.11,Mutation NB - Paternal Origin,Transition - Purine/Purine,A>G
96039613,rs2438059,TT,GG,GG,100,88,9,NC_000008.11,Mutation NB - Paternal Origin,Transversion - Purine/Pyrimidine,T>G
96254956,rs112598672,TT,TG,GG,91,35,9,NC_000008.11,Mutation NB - Paternal Origin,Transversion - Purine/Pyrimidine,T>G
97576709,.,AA,AA,AG,88,76,51,NC_000008.11,Mutation NB - Maternal Origin,Transition - Purine/Purine,Unsolved
101294831,rs140216156,CC,CC,CT,85,100,99,NC_000008.11,Mutation NB - Paternal Origin,Transition - Pyrimidine/Pyrimidine,Unsolved
101416452,rs1264472,GG,GA,AA,100,35,21,NC_000008.11,Mutation NB - Paternal Origin,Transition - Purine/Purine,G>A
105566026,rs746581376,TT,TT,CC,91,31,18,NC_000008.11,Mutation NB - Maternal Origin,Transition - Pyrimidine/Pyrimidine,Unsolved
108550789,rs952571802,AA,AA,AG,73,7,65,NC_000008.11,Mutation NB - Maternal Origin,Transition - Purine/Purine,Unsolved
108906815,rs6988622,TT,CC,TT,82,100,42,NC_000008.11,Mutation NB - Maternal Origin,Transition - Pyrimidine/Pyrimidine,C>T
119300665,rs2432966,TT,AA,AA,100,82,9,NC_000008.11,Mutation NB - Paternal Origin,Transversion - Purine/Pyrimidine,T>A
120397728,rs7844850,GG,GG,AG,91,64,99,NC_000008.11,Mutation NB - Maternal Origin,Transition - Purine/Purine,Unsolved
122536807,.,AA,AA,AG,67,55,53,NC_000008.11,Mutation NB - Maternal Origin,Transition - Purine/Purine,Unsolved
124223507,rs1688243581,AA,AA,AG,67,88,56,NC_000008.11,Mutation NB - Paternal Origin,Transition - Purine/Purine,Unsolved
126421674,rs72718086,CC,CC,CA,82,49,99,NC_000008.11,Mutation NB - Maternal Origin,Transversion - Purine/Pyrimidine,Unsolved
127964467,.,CC,CC,CA,76,70,59,NC_000008.11,Mutation NB - Maternal Origin,Transversion - Purine/Pyrimidine,Unsolved
131592980,rs402478,CC,CG,GG,100,35,18,NC_000008.11,Mutation NB - Paternal Origin,Transversion - Purine/Pyrimidine,C>G
131969436,rs62521274,CT,TT,CC,1,58,0,NC_000008.11,Mutation NB - Maternal Origin,Transition - Pyrimidine/Pyrimidine,T>C
133371148,.,AA,AA,AG,91,79,44,NC_000008.11,Mutation NB - Maternal Origin,Transition - Purine/Purine,Unsolved
134882219,rs1341313417,AA,AA,AG,99,61,53,NC_000008.11,Mutation NB - Maternal Origin,Transition - Purine/Purine,Unsolved
135036069,rs1815834302,GG,GG,GA,70,73,86,NC_000008.11,Mutation NB - Paternal Origin,Transition - Purine/Purine,Unsolved
137434741,rs7832934,CC,CC,CG,82,100,58,NC_000008.11,Mutation NB - Paternal Origin,Transversion - Purine/Pyrimidine,Unsolved
137619331,rs1818413466,AA,AA,AG,49,28,41,NC_000008.11,Mutation NB - Maternal Origin,Transition - Purine/Purine,Unsolved
138154060,rs6997531,CC,TT,TT,91,64,24,NC_000008.11,Mutation NB - Paternal Origin,Transition - Pyrimidine/Pyrimidine,C>T
138403372,rs1401600,CC,CC,CT,82,100,68,NC_000008.11,Mutation NB - Paternal Origin,Transition - Pyrimidine/Pyrimidine,Unsolved
138993832,rs137917705,TT,GG,GG,91,91,12,NC_000008.11,Mutation NB - Paternal Origin,Transversion - Purine/Pyrimidine,T>G
139700268,rs199211,GG,GG,GC,100,40,69,NC_000008.11,Mutation NB - Maternal Origin,Transition - Purine/Purine,Transversion - Purine/Pyrimidine,Unsolved
140047544,rs4440615,GG,AA,AA,91,88,24,NC_000008.11,Mutation NB - Paternal Origin,Transition - Purine/Purine,G>A
141216009,rs892364,TT,CC,TT,85,79,9,NC_000008.11,Mutation NB - Maternal Origin,Transition - Pyrimidine/Pyrimidine,C>T
141476525,rs2613646,TT,CT,CC,88,29,15,NC_000008.11,Mutation NB - Paternal Origin,Transition - Pyrimidine/Pyrimidine,T>C
142106676,rs79774246,CC,CC,CT,100,82,99,NC_000008.11,Mutation NB - Maternal Origin,Transition - Pyrimidine/Pyrimidine,Unsolved
142211029,.,GG,GG,GA,73,67,44,NC_000008.11,Mutation NB - Maternal Origin,Transition - Purine/Purine,Unsolved
142268715,rs188060204,GG,GG,GA,100,70,99,NC_000008.11,Mutation NB - Maternal Origin,Transition - Purine/Purine,Unsolved
142765175,rs12541206,CC,TT,TT,91,85,33,NC_000008.11,Mutation NB - Paternal Origin,Transition - Pyrimidine/Pyrimidine,C>T
143957097,rs11777239,GG,GG,AA,100,100,27,NC_000008.11,Mutation NB - Paternal or Maternal,Transition - Purine/Purine,Unsolved
143985172,.,AA,AA,AG,85,79,45,NC_000008.11,Mutation NB - Maternal Origin,Transition - Purine/Purine,Unsolved
144098297,rs373467092,TT,TT,TC,97,94,72,NC_000008.11,Mutation NB - Maternal Origin,Transition - Pyrimidine/Pyrimidine,Unsolved
144260823,rs4072202,CC,CC,CT,100,1,99,NC_000008.11,Mutation NB - Maternal Origin,Transition - Pyrimidine/Pyrimidine,Unsolved
2876109,rs4013819,GG,CG,CC,91,5,9,NC_000009.12,Mutation NB - Paternal Origin,Transversion - Purine/Pyrimidine,G>C
2934076,rs34036572,CC,GG,CC,88,73,9,NC_000009.12,Mutation NB - Maternal Origin,Transversion - Purine/Pyrimidine,G>C
3312648,rs2920368,TT,GG,TT,82,91,15,NC_000009.12,Mutation NB - Maternal Origin,Transversion - Purine/Pyrimidine,G>T
6114483,rs444826,CC,GC,GG,91,1,0,NC_000009.12,Mutation NB - Paternal Origin,Transversion - Purine/Pyrimidine,C>G
7776419,rs9408705,GG,GG,GA,70,100,99,NC_000009.12,Mutation NB - Paternal Origin,Transition - Purine/Purine,Unsolved
8473169,rs2381803,CC,CC,CT,88,100,99,NC_000009.12,Mutation NB - Paternal Origin,Transition - Pyrimidine/Pyrimidine,Unsolved
9310326,.,TT,TT,TC,88,64,41,NC_000009.12,Mutation NB - Maternal Origin,Transition - Pyrimidine/Pyrimidine,Unsolved
10779081,rs11789594,TT,CC,TT,82,88,12,NC_000009.12,Mutation NB - Maternal Origin,Transition - Pyrimidine/Pyrimidine,C>T
10779104,.,TT,TT,TC,82,88,71,NC_000009.12,Mutation NB - Paternal Origin,Transition - Pyrimidine/Pyrimidine,Unsolved
12368777,rs7862655,TT,AT,AA,82,11,15,NC_000009.12,Mutation NB - Paternal Origin,Transversion - Purine/Pyrimidine,T>A
12955134,rs4741259,TT,CC,TT,91,85,12,NC_000009.12,Mutation NB - Maternal Origin,Transition - Pyrimidine/Pyrimidine,C>T
16294956,rs6475030,CC,CC,GG,100,100,9,NC_000009.12,Mutation NB - Paternal or Maternal,Transversion - Purine/Pyrimidine,Unsolved
16294979,rs6475031,AA,AA,GG,100,100,9,NC_000009.12,Mutation NB - Paternal or Maternal,Transition - Purine/Purine,Unsolved
17843277,rs10756918,AG,AA,GG,32,79,15,NC_000009.12,Mutation NB - Maternal Origin,Transition - Purine/Purine,A>G
18338651,rs10963578,GG,GA,AA,73,1,24,NC_000009.12,Mutation NB - Paternal Origin,Transition - Purine/Purine,G>A
18987355,.,AA,AA,AG,73,43,50,NC_000009.12,Mutation NB - Maternal Origin,Transition - Purine/Purine,Unsolved
20014360,rs9406773,GG,GG,GT,91,100,62,NC_000009.12,Mutation NB - Paternal Origin,Transversion - Purine/Pyrimidine,Unsolved
20597757,.,AA,AA,AG,79,49,44,NC_000009.12,Mutation NB - Maternal Origin,Transition - Purine/Purine,Unsolved
22572854,rs62572353,AA,AA,AC,79,76,11,NC_000009.12,Mutation NB - Maternal Origin,Transversion - Purine/Pyrimidine,Unsolved
28444747,.,TT,TT,TC,61,52,41,NC_000009.12,Mutation NB - Maternal Origin,Transition - Pyrimidine/Pyrimidine,Unsolved
31334862,rs4879512,GA,AA,GG,67,91,9,NC_000009.12,Mutation NB - Maternal Origin,Transition - Purine/Purine,A>G
31941639,rs61468007,TT,TT,TC,97,28,99,NC_000009.12,Mutation NB - Maternal Origin,Transition - Pyrimidine/Pyrimidine,Unsolved
33891753,.,TT,TT,TC,70,70,56,NC_000009.12,Mutation NB - Paternal or Maternal,Transition - Pyrimidine/Pyrimidine,Unsolved
34672941,rs9408253,AA,CC,CC,100,73,18,NC_000009.12,Mutation NB - Paternal Origin,Transversion - Purine/Pyrimidine,A>C
34675474,rs2812351,AA,AG,GG,100,70,18,NC_000009.12,Mutation NB - Paternal Origin,Transition - Purine/Purine,A>G
35077996,.,TT,TT,TC,79,88,42,NC_000009.12,Mutation NB - Paternal Origin,Transition - Pyrimidine/Pyrimidine,Unsolved
36137349,rs752353,AA,AA,AG,100,100,71,NC_000009.12,Mutation NB - Paternal or Maternal,Transition - Purine/Purine,Unsolved
36137372,rs10758347,AA,AA,AG,100,100,71,NC_000009.12,Mutation NB - Paternal or Maternal,Transition - Purine/Purine,Unsolved
36874425,rs1009718802,CC,CC,CT,82,100,65,NC_000009.12,Mutation NB - Paternal Origin,Transition - Pyrimidine/Pyrimidine,Unsolved
37921935,rs776007,TT,GG,GG,82,88,30,NC_000009.12,Mutation NB - Paternal Origin,Transversion - Purine/Pyrimidine,T>G
37921962,rs776008,CC,GG,GG,82,88,30,NC_000009.12,Mutation NB - Paternal Origin,Transversion - Purine/Pyrimidine,C>G
38272470,rs1923425,CC,AA,AA,100,52,33,NC_000009.12,Mutation NB - Paternal Origin,Transversion - Purine/Pyrimidine,C>A
38729730,.,TT,TT,TC,67,61,65,NC_000009.12,Mutation NB - Maternal Origin,Transition - Pyrimidine/Pyrimidine,Unsolved
72716935,rs1584126,CC,TT,TT,70,34,0,NC_000009.12,Mutation NB - Paternal Origin,Transition - Pyrimidine/Pyrimidine,C>T
72716944,rs1584127,CC,TT,TT,70,34,0,NC_000009.12,Mutation NB - Paternal Origin,Transition - Pyrimidine/Pyrimidine,C>T
73434792,rs1825570302,AA,AA,AG,85,88,68,NC_000009.12,Mutation NB - Paternal Origin,Transition - Purine/Purine,Unsolved
74308423,rs1817182,TT,TT,GT,82,88,33,NC_000009.12,Mutation NB - Paternal Origin,Transition - Pyrimidine/Pyrimidine,Transversion - Purine/Pyrimidine,Unsolved
77161416,rs10512064,GG,AA,AA,91,82,9,NC_000009.12,Mutation NB - Paternal Origin,Transition - Purine/Purine,G>A
79143073,rs6559456,GG,GG,GA,100,37,9,NC_000009.12,Mutation NB - Maternal Origin,Transition - Purine/Purine,Unsolved
81102293,rs72739743,GG,GG,GC,100,64,53,NC_000009.12,Mutation NB - Maternal Origin,Transition - Purine/Purine,Transversion - Purine/Pyrimidine,Unsolved
82600606,rs62579067,GG,GG,GA,100,76,14,NC_000009.12,Mutation NB - Maternal Origin,Transition - Purine/Purine,Unsolved
82674346,rs10867870,GG,GG,GA,100,82,68,NC_000009.12,Mutation NB - Maternal Origin,Transition - Purine/Purine,Unsolved
83290619,.,TT,TT,TC,70,85,65,NC_000009.12,Mutation NB - Paternal Origin,Transition - Pyrimidine/Pyrimidine,Unsolved
84029850,rs4413850,CC,CC,CA,34,94,99,NC_000009.12,Mutation NB - Paternal Origin,Transversion - Purine/Pyrimidine,Unsolved
84559877,rs13301023,AA,AA,AG,61,100,99,NC_000009.12,Mutation NB - Paternal Origin,Transition - Purine/Purine,Unsolved
84573760,rs11140671,GG,GA,AA,100,1,27,NC_000009.12,Mutation NB - Paternal Origin,Transition - Purine/Purine,G>A
84573764,rs11140672,AA,AA,AG,100,55,98,NC_000009.12,Mutation NB - Maternal Origin,Transition - Purine/Purine,Unsolved
85143063,.,AA,AA,AG,82,82,59,NC_000009.12,Mutation NB - Paternal or Maternal,Transition - Purine/Purine,Unsolved
85882914,.,GG,GG,GA,76,61,57,NC_000009.12,Mutation NB - Maternal Origin,Transition - Purine/Purine,Unsolved
86135478,.,TT,TT,TC,82,70,59,NC_000009.12,Mutation NB - Maternal Origin,Transition - Pyrimidine/Pyrimidine,Unsolved
86280597,rs1174467805,AA,AA,AG,85,94,30,NC_000009.12,Mutation NB - Paternal Origin,Transition - Purine/Purine,Unsolved
88076325,rs59278368,TT,TT,TG,70,88,99,NC_000009.12,Mutation NB - Paternal Origin,Transition - Pyrimidine/Pyrimidine,Transversion - Purine/Pyrimidine,Unsolved
88787002,rs1254508463,CC,CC,CT,46,22,47,NC_000009.12,Mutation NB - Maternal Origin,Transition - Pyrimidine/Pyrimidine,Unsolved
90758476,.,GG,GG,GA,49,37,79,NC_000009.12,Mutation NB - Maternal Origin,Transition - Purine/Purine,Unsolved
91720711,.,TT,TT,TC,73,37,39,NC_000009.12,Mutation NB - Maternal Origin,Transition - Pyrimidine/Pyrimidine,Unsolved
92135868,.,AA,AA,AG,58,73,41,NC_000009.12,Mutation NB - Paternal Origin,Transition - Purine/Purine,Unsolved
92884838,rs12685086,TC,CC,TT,47,70,0,NC_000009.12,Mutation NB - Maternal Origin,Transversion - Purine/Pyrimidine,C>T
93049686,.,AA,AA,AG,76,19,53,NC_000009.12,Mutation NB - Maternal Origin,Transition - Purine/Purine,Unsolved
93682204,rs6479503,GG,AA,GG,85,100,30,NC_000009.12,Mutation NB - Maternal Origin,Transition - Purine/Purine,A>G
93814896,rs4744283,TC,CC,TT,1,79,0,NC_000009.12,Mutation NB - Maternal Origin,Transversion - Purine/Pyrimidine,C>T
93909893,rs7045700,TT,TT,AT,82,91,99,NC_000009.12,Mutation NB - Paternal Origin,Transition - Pyrimidine/Pyrimidine,Transversion - Purine/Pyrimidine,Unsolved
93909906,rs7029071,GG,GG,GA,82,100,99,NC_000009.12,Mutation NB - Paternal Origin,Transition - Purine/Purine,Unsolved
94847165,rs1319630967,CC,CC,CG,37,1,99,NC_000009.12,Mutation NB - Maternal Origin,Transversion - Purine/Pyrimidine,Unsolved
95099836,rs4647558,TT,CC,TT,91,100,15,NC_000009.12,Mutation NB - Maternal Origin,Transition - Pyrimidine/Pyrimidine,C>T
95218396,.,TT,TT,TC,91,85,53,NC_000009.12,Mutation NB - Maternal Origin,Transition - Pyrimidine/Pyrimidine,Unsolved
95707731,.,AA,AA,AG,49,55,41,NC_000009.12,Mutation NB - Paternal Origin,Transition - Purine/Purine,Unsolved
96485476,rs10991346,CC,CC,CT,40,100,99,NC_000009.12,Mutation NB - Paternal Origin,Transition - Pyrimidine/Pyrimidine,Unsolved
97368063,rs4366181,TT,CC,TT,79,100,15,NC_000009.12,Mutation NB - Maternal Origin,Transition - Pyrimidine/Pyrimidine,C>T
100363736,rs10989070,CC,TC,TT,88,1,0,NC_000009.12,Mutation NB - Paternal Origin,Transition - Pyrimidine/Pyrimidine,C>T
101807631,rs35212089,TC,TT,CC,1,100,36,NC_000009.12,Mutation NB - Maternal Origin,Transition - Pyrimidine/Pyrimidine,T>C
102337812,rs9409377,CT,CC,TT,1,100,15,NC_000009.12,Mutation NB - Maternal Origin,Transversion - Purine/Pyrimidine,C>T
102337858,rs9409378,GT,GG,TT,1,100,15,NC_000009.12,Mutation NB - Maternal Origin,Transversion - Purine/Pyrimidine,G>T
103505003,rs1509035,CC,AA,CC,85,88,9,NC_000009.12,Mutation NB - Maternal Origin,Transversion - Purine/Pyrimidine,A>C
107358680,rs113077699,GG,GG,GA,67,100,99,NC_000009.12,Mutation NB - Paternal Origin,Transition - Purine/Purine,Unsolved
107675006,rs59767327,TT,TC,CC,100,20,63,NC_000009.12,Mutation NB - Paternal Origin,Transition - Pyrimidine/Pyrimidine,T>C
111316117,.,TT,TT,TC,64,4,74,NC_000009.12,Mutation NB - Maternal Origin,Transition - Pyrimidine/Pyrimidine,Unsolved
114541631,rs10513249,CC,CC,CG,100,91,33,NC_000009.12,Mutation NB - Maternal Origin,Transversion - Purine/Pyrimidine,Unsolved
116748301,.,TT,TT,TC,76,46,83,NC_000009.12,Mutation NB - Maternal Origin,Transition - Pyrimidine/Pyrimidine,Unsolved
117054950,.,CC,CC,CT,55,16,62,NC_000009.12,Mutation NB - Maternal Origin,Transition - Pyrimidine/Pyrimidine,Unsolved
119826805,.,CC,CC,CT,91,85,72,NC_000009.12,Mutation NB - Maternal Origin,Transition - Pyrimidine/Pyrimidine,Unsolved
120848469,rs10985054,TT,CC,CC,82,46,30,NC_000009.12,Mutation NB - Paternal Origin,Transition - Pyrimidine/Pyrimidine,T>C
120941860,rs2416807,AA,AA,AG,91,100,62,NC_000009.12,Mutation NB - Paternal Origin,Transition - Purine/Purine,Unsolved
124854044,rs10760380,GG,GC,CC,91,32,9,NC_000009.12,Mutation NB - Paternal Origin,Transversion - Purine/Pyrimidine,G>C
126817002,.,AA,AA,AG,85,70,47,NC_000009.12,Mutation NB - Maternal Origin,Transition - Purine/Purine,Unsolved
127140903,rs1538502,CC,CT,TT,79,41,18,NC_000009.12,Mutation NB - Paternal Origin,Transition - Pyrimidine/Pyrimidine,C>T
127479887,rs1539567,GG,GG,AG,76,64,99,NC_000009.12,Mutation NB - Maternal Origin,Transition - Purine/Purine,Unsolved
128558997,rs76483781,TT,TT,TC,100,31,99,NC_000009.12,Mutation NB - Maternal Origin,Transition - Pyrimidine/Pyrimidine,Unsolved
130194522,rs758849,GG,CC,CA,82,88,99,NC_000009.12,Mutation NB - Paternal Origin,Transition - Purine/Purine,G>C
130376175,rs7022412,AT,AA,TT,1,100,42,NC_000009.12,Mutation NB - Maternal Origin,Transversion - Purine/Pyrimidine,A>T
133893694,.,CC,CC,CT,85,61,89,NC_000009.12,Mutation NB - Maternal Origin,Transition - Pyrimidine/Pyrimidine,Unsolved
134209602,rs60376287,CC,CC,CT,100,79,99,NC_000009.12,Mutation NB - Maternal Origin,Transition - Pyrimidine/Pyrimidine,Unsolved
134937448,rs77480471,GG,CC,CC,88,61,39,NC_000009.12,Mutation NB - Paternal Origin,Transversion - Purine/Pyrimidine,G>C
134989486,rs1418419427,AA,AA,AG,100,97,21,NC_000009.12,Mutation NB - Maternal Origin,Transition - Purine/Purine,Unsolved
135401370,rs1463857329,GG,GG,GA,91,82,56,NC_000009.12,Mutation NB - Maternal Origin,Transition - Purine/Purine,Unsolved
135688929,rs480422,AA,AA,AG,100,58,72,NC_000009.12,Mutation NB - Maternal Origin,Transition - Purine/Purine,Unsolved
135864322,rs13299821,TT,TT,TC,82,100,59,NC_000009.12,Mutation NB - Paternal Origin,Transition - Pyrimidine/Pyrimidine,Unsolved
135994506,rs66659574,CC,CT,TT,88,29,12,NC_000009.12,Mutation NB - Paternal Origin,Transition - Pyrimidine/Pyrimidine,C>T
136054819,rs1021736248,CC,CC,CT,85,82,66,NC_000009.12,Mutation NB - Maternal Origin,Transition - Pyrimidine/Pyrimidine,Unsolved
136054824,.,TT,TT,TC,85,82,66,NC_000009.12,Mutation NB - Maternal Origin,Transition - Pyrimidine/Pyrimidine,Unsolved
136228197,rs7861829,CC,CC,CG,79,100,99,NC_000009.12,Mutation NB - Paternal Origin,Transversion - Purine/Pyrimidine,Unsolved
136529923,rs1056516526,CC,CC,CT,76,67,44,NC_000009.12,Mutation NB - Maternal Origin,Transition - Pyrimidine/Pyrimidine,Unsolved
137488253,rs11137287,TT,CC,TT,76,85,0,NC_000009.12,Mutation NB - Maternal Origin,Transition - Pyrimidine/Pyrimidine,C>T
137645961,rs10217292,TT,TT,TG,88,100,99,NC_000009.12,Mutation NB - Paternal Origin,Transition - Pyrimidine/Pyrimidine,Transversion - Purine/Pyrimidine,Unsolved
375969,rs1961530715,TT,TT,TC,79,88,33,NC_000010.11,Mutation NB - Paternal Origin,Transition - Pyrimidine/Pyrimidine,Unsolved
997529,rs2242271,TT,CC,CC,88,46,27,NC_000010.11,Mutation NB - Paternal Origin,Transition - Pyrimidine/Pyrimidine,T>C
1339572,.,AA,AA,AG,79,76,53,NC_000010.11,Mutation NB - Maternal Origin,Transition - Purine/Purine,Unsolved
1401786,rs2805520,TT,TA,AA,70,1,15,NC_000010.11,Mutation NB - Paternal Origin,Transversion - Purine/Pyrimidine,T>A
1404479,.,AA,AA,AG,76,52,59,NC_000010.11,Mutation NB - Maternal Origin,Transition - Purine/Purine,Unsolved
1504434,rs72764937,GA,GG,AA,35,73,9,NC_000010.11,Mutation NB - Maternal Origin,Transition - Purine/Purine,G>A
1504474,rs2813432,TC,CC,TT,35,73,12,NC_000010.11,Mutation NB - Maternal Origin,Transversion - Purine/Pyrimidine,C>T
2174939,.,GG,GG,GA,85,73,80,NC_000010.11,Mutation NB - Maternal Origin,Transition - Purine/Purine,Unsolved
5032585,rs111390133,GA,GG,AA,1,73,26,NC_000010.11,Mutation NB - Maternal Origin,Transition - Purine/Purine,G>A
6304405,rs934834607,TT,TT,TC,64,46,50,NC_000010.11,Mutation NB - Maternal Origin,Transition - Pyrimidine/Pyrimidine,Unsolved
6477021,.,GG,GG,GA,88,58,50,NC_000010.11,Mutation NB - Maternal Origin,Transition - Purine/Purine,Unsolved
7580112,rs12262854,CC,CC,GC,85,88,33,NC_000010.11,Mutation NB - Paternal Origin,Transversion - Purine/Pyrimidine,Unsolved
9109288,.,TT,TT,TC,64,61,46,NC_000010.11,Mutation NB - Maternal Origin,Transition - Pyrimidine/Pyrimidine,Unsolved
12177809,.,GG,GG,GA,82,64,53,NC_000010.11,Mutation NB - Maternal Origin,Transition - Purine/Purine,Unsolved
12308376,rs11257698,CC,GG,GG,85,79,9,NC_000010.11,Mutation NB - Paternal Origin,Transversion - Purine/Pyrimidine,C>G
12308381,rs11257699,CC,TT,TT,85,79,9,NC_000010.11,Mutation NB - Paternal Origin,Transition - Pyrimidine/Pyrimidine,C>T
15214573,rs1402918333,GG,GG,GA,76,79,41,NC_000010.11,Mutation NB - Paternal Origin,Transition - Purine/Purine,Unsolved
15322163,rs1878624,TT,TT,TC,100,76,99,NC_000010.11,Mutation NB - Maternal Origin,Transition - Pyrimidine/Pyrimidine,Unsolved
16594429,rs915521117,AA,AA,AG,64,76,53,NC_000010.11,Mutation NB - Paternal Origin,Transition - Purine/Purine,Unsolved
16597300,rs79812749,CC,CT,TT,76,1,12,NC_000010.11,Mutation NB - Paternal Origin,Transition - Pyrimidine/Pyrimidine,C>T
18044895,rs116888582,AA,AA,GG,100,91,12,NC_000010.11,Mutation NB - Maternal Origin,Transition - Purine/Purine,Unsolved
19511985,rs61841378,CT,CC,TT,76,85,12,NC_000010.11,Mutation NB - Maternal Origin,Transversion - Purine/Pyrimidine,C>T
19852131,rs72784121,GG,AA,AA,91,85,12,NC_000010.11,Mutation NB - Paternal Origin,Transition - Purine/Purine,G>A
19854114,.,TT,TT,TC,73,25,44,NC_000010.11,Mutation NB - Maternal Origin,Transition - Pyrimidine/Pyrimidine,Unsolved
20574316,rs12355783,CC,TT,TT,88,73,21,NC_000010.11,Mutation NB - Paternal Origin,Transition - Pyrimidine/Pyrimidine,C>T
21147793,rs313793,AA,AA,AG,88,100,99,NC_000010.11,Mutation NB - Paternal Origin,Transition - Purine/Purine,Unsolved
23142689,rs2057599,CA,CC,AA,29,85,15,NC_000010.11,Mutation NB - Maternal Origin,Transversion - Purine/Pyrimidine,C>A
24245536,.,CC,CC,CT,70,61,44,NC_000010.11,Mutation NB - Maternal Origin,Transition - Pyrimidine/Pyrimidine,Unsolved
25852482,rs1123383,AA,AG,GG,100,32,12,NC_000010.11,Mutation NB - Paternal Origin,Transition - Purine/Purine,A>G
26907120,rs2765426,TT,CC,CC,100,88,21,NC_000010.11,Mutation NB - Paternal Origin,Transition - Pyrimidine/Pyrimidine,T>C
26907127,rs7095977,CC,CC,CT,100,88,99,NC_000010.11,Mutation NB - Maternal Origin,Transition - Pyrimidine/Pyrimidine,Unsolved
26907145,rs112538928,GG,GG,GA,100,88,99,NC_000010.11,Mutation NB - Maternal Origin,Transition - Purine/Purine,Unsolved
28791128,.,GG,GG,GA,49,28,50,NC_000010.11,Mutation NB - Maternal Origin,Transition - Purine/Purine,Unsolved
29394736,rs2182757,TT,TT,TC,100,85,99,NC_000010.11,Mutation NB - Maternal Origin,Transition - Pyrimidine/Pyrimidine,Unsolved
29647038,rs74131920,AA,GG,AA,76,88,9,NC_000010.11,Mutation NB - Maternal Origin,Transition - Purine/Purine,G>A
32226642,.,TT,TT,TC,79,46,65,NC_000010.11,Mutation NB - Maternal Origin,Transition - Pyrimidine/Pyrimidine,Unsolved
32625766,rs2139663,CC,CC,CA,100,79,99,NC_000010.11,Mutation NB - Maternal Origin,Transversion - Purine/Pyrimidine,Unsolved
33773136,rs12762603,CC,CC,CT,100,34,99,NC_000010.11,Mutation NB - Maternal Origin,Transition - Pyrimidine/Pyrimidine,Unsolved
34784234,.,TT,TT,TC,91,91,65,NC_000010.11,Mutation NB - Paternal or Maternal,Transition - Pyrimidine/Pyrimidine,Unsolved
37556564,.,AA,AA,AG,91,82,65,NC_000010.11,Mutation NB - Maternal Origin,Transition - Purine/Purine,Unsolved
43927240,rs1254855,CC,TT,CC,67,100,33,NC_000010.11,Mutation NB - Maternal Origin,Transition - Pyrimidine/Pyrimidine,T>C
44016367,rs4948818,CC,CC,GC,73,1,99,NC_000010.11,Mutation NB - Maternal Origin,Transversion - Purine/Pyrimidine,Unsolved
44576709,.,AA,AA,AG,73,97,53,NC_000010.11,Mutation NB - Paternal Origin,Transition - Purine/Purine,Unsolved
44581615,rs749001,CC,CC,CT,85,85,99,NC_000010.11,Mutation NB - Paternal or Maternal,Transition - Pyrimidine/Pyrimidine,Unsolved
44581651,rs749000,GG,GG,GC,82,85,99,NC_000010.11,Mutation NB - Paternal Origin,Transition - Purine/Purine,Transversion - Purine/Pyrimidine,Unsolved
44594924,.,AA,AA,AG,88,55,65,NC_000010.11,Mutation NB - Maternal Origin,Transition - Purine/Purine,Unsolved
44889752,rs17507375,GG,GA,AA,100,1,24,NC_000010.11,Mutation NB - Paternal Origin,Transition - Purine/Purine,G>A
46269108,rs12775238,CC,TT,TT,85,79,18,NC_000010.11,Mutation NB - Paternal Origin,Transition - Pyrimidine/Pyrimidine,C>T
47227485,rs4598610,CC,CA,AA,88,1,9,NC_000010.11,Mutation NB - Paternal Origin,Transversion - Purine/Pyrimidine,C>A
48684924,rs2377608,CC,TT,CC,58,67,24,NC_000010.11,Mutation NB - Maternal Origin,Transition - Pyrimidine/Pyrimidine,T>C
49027574,rs12765128,CC,CC,TT,85,85,15,NC_000010.11,Mutation NB - Paternal or Maternal,Transition - Pyrimidine/Pyrimidine,Unsolved
49284339,rs4838489,AA,GG,GG,100,22,39,NC_000010.11,Mutation NB - Paternal Origin,Transition - Purine/Purine,A>G
49739265,.,AA,AA,AG,73,76,41,NC_000010.11,Mutation NB - Paternal Origin,Transition - Purine/Purine,Unsolved
50668182,rs3001860,AA,AG,GG,100,70,9,NC_000010.11,Mutation NB - Paternal Origin,Transition - Purine/Purine,A>G
50679255,rs145722347,TT,CC,CC,99,19,78,NC_000010.11,Mutation NB - Paternal Origin,Transition - Pyrimidine/Pyrimidine,T>C
51630740,rs7911842,AA,GA,GG,79,1,0,NC_000010.11,Mutation NB - Paternal Origin,Transition - Purine/Purine,A>G
51879749,rs6480535,TA,AA,TT,85,76,0,NC_000010.11,Mutation NB - Maternal Origin,Transversion - Purine/Pyrimidine,A>T
53167918,rs11003436,CC,TT,TT,91,76,18,NC_000010.11,Mutation NB - Paternal Origin,Transition - Pyrimidine/Pyrimidine,C>T
53991007,rs10825185,CC,TT,TT,31,1,99,NC_000010.11,Mutation NB - Paternal Origin,Transition - Pyrimidine/Pyrimidine,C>T
59780322,rs1913514,CC,TT,CC,91,70,0,NC_000010.11,Mutation NB - Maternal Origin,Transition - Pyrimidine/Pyrimidine,T>C
60680195,rs117435470,AA,AA,AG,100,91,67,NC_000010.11,Mutation NB - Maternal Origin,Transition - Purine/Purine,Unsolved
61964482,.,TT,TT,TC,67,37,53,NC_000010.11,Mutation NB - Maternal Origin,Transition - Pyrimidine/Pyrimidine,Unsolved
62924655,rs56764378,AG,AA,GG,1,64,42,NC_000010.11,Mutation NB - Maternal Origin,Transition - Purine/Purine,A>G
63911328,rs7904895,AA,GG,GG,79,79,0,NC_000010.11,Mutation NB - Paternal Origin,Transition - Purine/Purine,A>G
63911503,rs7904940,TT,CC,TT,91,82,15,NC_000010.11,Mutation NB - Maternal Origin,Transition - Pyrimidine/Pyrimidine,C>T
69749922,rs2704492,CC,CC,TC,94,67,12,NC_000010.11,Mutation NB - Maternal Origin,Transition - Pyrimidine/Pyrimidine,Unsolved
70321267,rs10762364,AA,GG,GG,91,76,12,NC_000010.11,Mutation NB - Paternal Origin,Transition - Purine/Purine,A>G
71554661,.,AA,AA,AG,61,67,65,NC_000010.11,Mutation NB - Paternal Origin,Transition - Purine/Purine,Unsolved
72788583,rs1844111927,CC,CC,CT,91,91,65,NC_000010.11,Mutation NB - Paternal or Maternal,Transition - Pyrimidine/Pyrimidine,Unsolved
76269115,rs7099295,CC,CG,GG,100,32,39,NC_000010.11,Mutation NB - Paternal Origin,Transversion - Purine/Pyrimidine,C>G
76397814,rs10509373,TT,CC,CC,100,82,15,NC_000010.11,Mutation NB - Paternal Origin,Transition - Pyrimidine/Pyrimidine,T>C
78063703,.,CC,CC,CT,79,55,47,NC_000010.11,Mutation NB - Maternal Origin,Transition - Pyrimidine/Pyrimidine,Unsolved
78358220,rs890683,TC,CC,TT,47,67,21,NC_000010.11,Mutation NB - Maternal Origin,Transversion - Purine/Pyrimidine,C>T
78713249,rs157987,GG,GG,AG,64,82,21,NC_000010.11,Mutation NB - Paternal Origin,Transition - Purine/Purine,Unsolved
80612432,rs7097564,TC,CC,TT,76,55,0,NC_000010.11,Mutation NB - Maternal Origin,Transversion - Purine/Pyrimidine,C>T
82778988,rs7477796,TT,CC,CC,79,91,18,NC_000010.11,Mutation NB - Paternal Origin,Transition - Pyrimidine/Pyrimidine,T>C
82829330,rs201820974,GG,GG,GA,85,73,99,NC_000010.11,Mutation NB - Maternal Origin,Transition - Purine/Purine,Unsolved
83806898,rs662270,CC,CC,TT,88,91,9,NC_000010.11,Mutation NB - Paternal Origin,Transition - Pyrimidine/Pyrimidine,Unsolved
83878156,rs183019873,GG,AA,GG,82,91,15,NC_000010.11,Mutation NB - Maternal Origin,Transition - Purine/Purine,A>G
84830814,.,TT,TT,TC,64,70,41,NC_000010.11,Mutation NB - Paternal Origin,Transition - Pyrimidine/Pyrimidine,Unsolved
86387427,.,TT,TT,TC,67,73,41,NC_000010.11,Mutation NB - Paternal Origin,Transition - Pyrimidine/Pyrimidine,Unsolved
88151012,rs75497992,GG,CC,CC,73,64,0,NC_000010.11,Mutation NB - Paternal Origin,Transversion - Purine/Pyrimidine,G>C
89358166,.,TT,TT,TC,70,58,50,NC_000010.11,Mutation NB - Maternal Origin,Transition - Pyrimidine/Pyrimidine,Unsolved
90942016,rs11186372,CC,CC,CT,100,28,99,NC_000010.11,Mutation NB - Maternal Origin,Transition - Pyrimidine/Pyrimidine,Unsolved
93862385,rs10882360,CC,TT,TT,100,67,54,NC_000010.11,Mutation NB - Paternal Origin,Transition - Pyrimidine/Pyrimidine,C>T
95542767,rs10786218,CC,CA,AA,100,70,15,NC_000010.11,Mutation NB - Paternal Origin,Transversion - Purine/Pyrimidine,C>A
96494294,.,TT,TT,TC,85,85,39,NC_000010.11,Mutation NB - Paternal or Maternal,Transition - Pyrimidine/Pyrimidine,Unsolved
97512664,.,TT,TT,TC,73,58,44,NC_000010.11,Mutation NB - Maternal Origin,Transition - Pyrimidine/Pyrimidine,Unsolved
99232396,rs1187535307,TT,TT,TC,82,79,59,NC_000010.11,Mutation NB - Maternal Origin,Transition - Pyrimidine/Pyrimidine,Unsolved
101156197,rs4919531,AA,AA,AT,76,79,98,NC_000010.11,Mutation NB - Paternal Origin,Transversion - Purine/Pyrimidine,Unsolved
102780808,rs674816,GG,GG,GC,100,82,65,NC_000010.11,Mutation NB - Maternal Origin,Transition - Purine/Purine,Transversion - Purine/Pyrimidine,Unsolved
103035190,rs10786733,GG,GA,AA,100,60,15,NC_000010.11,Mutation NB - Paternal Origin,Transition - Purine/Purine,G>A
103304449,.,TT,TT,TC,88,85,59,NC_000010.11,Mutation NB - Maternal Origin,Transition - Pyrimidine/Pyrimidine,Unsolved
103458747,rs2033188819,AA,AA,AC,88,88,33,NC_000010.11,Mutation NB - Paternal or Maternal,Transversion - Purine/Pyrimidine,Unsolved
103804387,.,TT,TT,TC,88,61,59,NC_000010.11,Mutation NB - Maternal Origin,Transition - Pyrimidine/Pyrimidine,Unsolved
103851638,rs1161645373,TT,TT,TC,46,61,53,NC_000010.11,Mutation NB - Paternal Origin,Transition - Pyrimidine/Pyrimidine,Unsolved
104405780,rs186086737,GG,GG,GA,100,49,68,NC_000010.11,Mutation NB - Maternal Origin,Transition - Purine/Purine,Unsolved
105366851,rs4418729,TT,AA,TT,91,91,18,NC_000010.11,Mutation NB - Maternal Origin,Transversion - Purine/Pyrimidine,A>T
107133230,rs12763639,GA,AA,GG,1,1,0,NC_000010.11,Mutation NB - Maternal Origin,Transition - Purine/Purine,A>G
109490236,.,AA,AA,AG,82,40,47,NC_000010.11,Mutation NB - Maternal Origin,Transition - Purine/Purine,Unsolved
110151004,.,TT,TT,TC,76,85,86,NC_000010.11,Mutation NB - Paternal Origin,Transition - Pyrimidine/Pyrimidine,Unsolved
111226602,.,AA,AA,AG,74,100,53,NC_000010.11,Mutation NB - Paternal Origin,Transition - Purine/Purine,Unsolved
111709883,.,GG,GG,GA,70,73,42,NC_000010.11,Mutation NB - Paternal Origin,Transition - Purine/Purine,Unsolved
111856991,rs73364578,AC,AA,CC,73,43,15,NC_000010.11,Mutation NB - Maternal Origin,A>C
111875522,rs670625,GG,AA,GG,88,91,15,NC_000010.11,Mutation NB - Maternal Origin,Transition - Purine/Purine,A>G
112295751,rs10509959,AG,AA,GG,1,82,21,NC_000010.11,Mutation NB - Maternal Origin,Transition - Purine/Purine,A>G
112327019,rs1887141,CC,TT,TT,100,79,15,NC_000010.11,Mutation NB - Paternal Origin,Transition - Pyrimidine/Pyrimidine,C>T
118410980,rs10886237,TT,CC,TT,79,43,45,NC_000010.11,Mutation NB - Maternal Origin,Transition - Pyrimidine/Pyrimidine,C>T
118842785,rs116291382,GG,GG,GA,79,100,99,NC_000010.11,Mutation NB - Paternal Origin,Transition - Purine/Purine,Unsolved
118861776,.,AA,AA,AG,88,55,41,NC_000010.11,Mutation NB - Maternal Origin,Transition - Purine/Purine,Unsolved
119126545,.,AA,AA,AG,79,82,56,NC_000010.11,Mutation NB - Paternal Origin,Transition - Purine/Purine,Unsolved
120588085,rs34954484,GG,CC,GG,91,82,9,NC_000010.11,Mutation NB - Maternal Origin,Transversion - Purine/Pyrimidine,C>G
121670608,rs1219517,TT,CC,TT,91,67,33,NC_000010.11,Mutation NB - Maternal Origin,Transition - Pyrimidine/Pyrimidine,C>T
121670615,rs10886963,AA,AA,AG,91,67,92,NC_000010.11,Mutation NB - Maternal Origin,Transition - Purine/Purine,Unsolved
121997142,rs17102837,TT,AT,AA,85,1,42,NC_000010.11,Mutation NB - Paternal Origin,Transversion - Purine/Pyrimidine,T>A
122479794,rs4391763,CC,AA,CC,31,31,0,NC_000010.11,Mutation NB - Maternal Origin,Transversion - Purine/Pyrimidine,A>C
123318932,rs7100241,CC,CC,CT,91,91,68,NC_000010.11,Mutation NB - Paternal or Maternal,Transition - Pyrimidine/Pyrimidine,Unsolved
124220716,rs1052088213,CC,CC,CG,91,100,62,NC_000010.11,Mutation NB - Paternal Origin,Transversion - Purine/Pyrimidine,Unsolved
125072588,.,CC,CC,CT,73,52,44,NC_000010.11,Mutation NB - Maternal Origin,Transition - Pyrimidine/Pyrimidine,Unsolved
126552652,rs7920905,TT,CC,CC,61,67,21,NC_000010.11,Mutation NB - Paternal Origin,Transition - Pyrimidine/Pyrimidine,T>C
126552661,rs376595692,CC,CC,CT,64,67,99,NC_000010.11,Mutation NB - Paternal Origin,Transition - Pyrimidine/Pyrimidine,Unsolved
127006165,rs9418676,GG,GG,GC,88,100,67,NC_000010.11,Mutation NB - Paternal Origin,Transition - Purine/Purine,Transversion - Purine/Pyrimidine,Unsolved
127024341,rs867004,TT,TT,CC,85,100,33,NC_000010.11,Mutation NB - Paternal Origin,Transition - Pyrimidine/Pyrimidine,Unsolved
127076892,rs11597085,CC,CC,CT,91,100,65,NC_000010.11,Mutation NB - Paternal Origin,Transition - Pyrimidine/Pyrimidine,Unsolved
128435693,rs4641378,CC,AA,AA,88,61,0,NC_000010.11,Mutation NB - Paternal Origin,Transversion - Purine/Pyrimidine,C>A
128464738,rs12773236,AA,GG,AA,82,91,12,NC_000010.11,Mutation NB - Maternal Origin,Transition - Purine/Purine,G>A
129934724,rs1984104,TC,CC,TT,1,91,0,NC_000010.11,Mutation NB - Maternal Origin,Transversion - Purine/Pyrimidine,C>T
130301072,rs359099,CC,GG,GG,46,22,75,NC_000010.11,Mutation NB - Paternal Origin,Transversion - Purine/Pyrimidine,C>G
130301184,rs61874449,CC,CT,TT,70,1,57,NC_000010.11,Mutation NB - Paternal Origin,Transition - Pyrimidine/Pyrimidine,C>T
130879654,rs1703686,AA,GG,AA,91,85,21,NC_000010.11,Mutation NB - Maternal Origin,Transition - Purine/Purine,G>A
131373446,rs35102209,AA,AA,AT,100,88,99,NC_000010.11,Mutation NB - Maternal Origin,Transversion - Purine/Pyrimidine,Unsolved
131373461,rs61863190,CC,GG,GG,91,88,36,NC_000010.11,Mutation NB - Paternal Origin,Transversion - Purine/Pyrimidine,C>G
131433790,rs566761795,GG,GG,GA,100,70,99,NC_000010.11,Mutation NB - Maternal Origin,Transition - Purine/Purine,Unsolved
131691730,rs57628098,GG,CC,CC,85,40,75,NC_000010.11,Mutation NB - Paternal Origin,Transversion - Purine/Pyrimidine,G>C
131743955,rs10735735,GG,AA,GG,82,88,15,NC_000010.11,Mutation NB - Maternal Origin,Transition - Purine/Purine,A>G
132069922,rs2026123,GG,AA,GG,100,85,0,NC_000010.11,Mutation NB - Maternal Origin,Transition - Purine/Purine,A>G
132730743,rs913193,TC,TT,CC,70,91,9,NC_000010.11,Mutation NB - Maternal Origin,Transition - Pyrimidine/Pyrimidine,T>C
132773008,rs36090389,GG,GG,GA,100,1,99,NC_000010.11,Mutation NB - Maternal Origin,Transition - Purine/Purine,Unsolved
133590854,rs7075572,TT,TT,TC,100,91,99,NC_000010.11,Mutation NB - Maternal Origin,Transition - Pyrimidine/Pyrimidine,Unsolved
372165,.,AA,AA,AG,100,91,99,NC_000011.10,Mutation NB - Maternal Origin,Transition - Purine/Purine,Unsolved
782563,rs11246310,GG,CC,CC,100,73,60,NC_000011.10,Mutation NB - Paternal Origin,Transversion - Purine/Pyrimidine,G>C
1752906,rs8839,TT,TG,GG,100,1,99,NC_000011.10,Mutation NB - Paternal Origin,Transversion - Purine/Pyrimidine,T>G
3100456,rs72844062,TT,CC,TT,64,88,57,NC_000011.10,Mutation NB - Maternal Origin,Transition - Pyrimidine/Pyrimidine,C>T
3100462,rs72844063,CC,TT,CC,64,88,57,NC_000011.10,Mutation NB - Maternal Origin,Transition - Pyrimidine/Pyrimidine,T>C
3144182,rs4468331,GG,AA,AA,82,70,27,NC_000011.10,Mutation NB - Paternal Origin,Transition - Purine/Purine,G>A
3200736,rs61873170,CT,CC,TT,67,100,15,NC_000011.10,Mutation NB - Maternal Origin,Transversion - Purine/Pyrimidine,C>T
5877756,rs7105255,TT,CT,CC,88,1,21,NC_000011.10,Mutation NB - Paternal Origin,Transition - Pyrimidine/Pyrimidine,T>C
5877797,rs7105371,TT,CT,CC,88,1,21,NC_000011.10,Mutation NB - Paternal Origin,Transition - Pyrimidine/Pyrimidine,T>C
8017370,.,AA,AA,AT,46,52,49,NC_000011.10,Mutation NB - Paternal Origin,Transversion - Purine/Pyrimidine,Unsolved
8311114,rs874811,AA,CA,CC,88,79,0,NC_000011.10,Mutation NB - Paternal Origin,Transversion - Purine/Pyrimidine,A>C
8332916,rs874360,AA,GG,GG,88,70,0,NC_000011.10,Mutation NB - Paternal Origin,Transition - Purine/Purine,A>G
10101692,.,TT,TT,TG,46,46,46,NC_000011.10,Mutation NB - Paternal or Maternal,Transition - Pyrimidine/Pyrimidine,Transversion - Purine/Pyrimidine,Unsolved
11976732,rs76892590,GG,GG,GA,91,91,99,NC_000011.10,Mutation NB - Paternal or Maternal,Transition - Purine/Purine,Unsolved
12830521,rs1440271,GG,AA,AA,91,79,9,NC_000011.10,Mutation NB - Paternal Origin,Transition - Purine/Purine,G>A
13296006,rs10500779,TT,TC,CC,91,79,12,NC_000011.10,Mutation NB - Paternal Origin,Transition - Pyrimidine/Pyrimidine,T>C
18773769,rs150447418,GG,AA,GG,88,91,0,NC_000011.10,Mutation NB - Maternal Origin,Transition - Purine/Purine,A>G
19972983,rs12786819,GG,GG,GT,100,1,99,NC_000011.10,Mutation NB - Maternal Origin,Transversion - Purine/Pyrimidine,Unsolved
22218566,rs4543996,CC,TC,TT,85,38,0,NC_000011.10,Mutation NB - Paternal Origin,Transition - Pyrimidine/Pyrimidine,C>T
22988269,rs10833877,GG,GG,AA,100,91,12,NC_000011.10,Mutation NB - Maternal Origin,Transition - Purine/Purine,Unsolved
25756111,rs6484170,TT,CC,CC,91,88,9,NC_000011.10,Mutation NB - Paternal Origin,Transition - Pyrimidine/Pyrimidine,T>C
25756150,rs7123017,TT,CC,CC,91,88,9,NC_000011.10,Mutation NB - Paternal Origin,Transition - Pyrimidine/Pyrimidine,T>C
25921839,rs1590110822,TT,TT,TC,55,43,47,NC_000011.10,Mutation NB - Maternal Origin,Transition - Pyrimidine/Pyrimidine,Unsolved
26608908,rs11029641,GG,GA,AA,100,1,81,NC_000011.10,Mutation NB - Paternal Origin,Transition - Purine/Purine,G>A
26882153,.,CC,CC,CT,82,88,56,NC_000011.10,Mutation NB - Paternal Origin,Transition - Pyrimidine/Pyrimidine,Unsolved
32365252,rs116128609,GG,GG,GT,91,85,67,NC_000011.10,Mutation NB - Maternal Origin,Transversion - Purine/Pyrimidine,Unsolved
32463048,rs3858458,CC,TT,CC,100,88,12,NC_000011.10,Mutation NB - Maternal Origin,Transition - Pyrimidine/Pyrimidine,T>C
39984675,rs4756568,CC,TC,TT,73,5,12,NC_000011.10,Mutation NB - Paternal Origin,Transition - Pyrimidine/Pyrimidine,C>T
44517998,rs1981991,CC,TT,CC,88,82,18,NC_000011.10,Mutation NB - Maternal Origin,Transition - Pyrimidine/Pyrimidine,T>C
44582047,rs744222,TT,TT,TC,100,91,68,NC_000011.10,Mutation NB - Maternal Origin,Transition - Pyrimidine/Pyrimidine,Unsolved
44615289,rs883752,TT,CC,CC,67,49,78,NC_000011.10,Mutation NB - Paternal Origin,Transition - Pyrimidine/Pyrimidine,T>C
44707207,.,AA,AA,AG,67,22,56,NC_000011.10,Mutation NB - Maternal Origin,Transition - Purine/Purine,Unsolved
45288576,rs113885168,CC,CC,CA,82,100,65,NC_000011.10,Mutation NB - Paternal Origin,Transversion - Purine/Pyrimidine,Unsolved
50615839,rs10901995,CC,TT,TT,100,88,15,NC_000011.10,Mutation NB - Paternal Origin,Transition - Pyrimidine/Pyrimidine,C>T
50642796,rs1592598,AA,GG,GG,100,43,36,NC_000011.10,Mutation NB - Paternal Origin,Transition - Purine/Purine,A>G
55238309,rs2164122,GG,GG,GA,100,100,99,NC_000011.10,Mutation NB - Paternal or Maternal,Transition - Purine/Purine,Unsolved
57591527,.,AA,AA,AG,55,70,53,NC_000011.10,Mutation NB - Paternal Origin,Transition - Purine/Purine,Unsolved
60498935,rs10792280,AA,GG,GG,68,98,0,NC_000011.10,Mutation NB - Paternal Origin,Transition - Purine/Purine,A>G
60831924,rs475601,GG,GG,GA,100,91,99,NC_000011.10,Mutation NB - Maternal Origin,Transition - Purine/Purine,Unsolved
64458101,rs6591850,GG,GT,TT,91,67,27,NC_000011.10,Mutation NB - Paternal Origin,Transversion - Purine/Pyrimidine,G>T
64620633,.,TT,TT,TC,88,28,47,NC_000011.10,Mutation NB - Maternal Origin,Transition - Pyrimidine/Pyrimidine,Unsolved
65622170,rs1457258628,TT,TT,GG,100,100,13,NC_000011.10,Mutation NB - Paternal or Maternal,Transition - Purine/Purine,Transversion - Purine/Pyrimidine,Unsolved
68378306,rs10896321,AA,GA,GG,91,29,18,NC_000011.10,Mutation NB - Paternal Origin,Transition - Purine/Purine,A>G
68935770,rs500314,CC,TC,TT,88,73,0,NC_000011.10,Mutation NB - Paternal Origin,Transition - Pyrimidine/Pyrimidine,C>T
69340171,rs116029856,TT,CC,TT,91,91,9,NC_000011.10,Mutation NB - Maternal Origin,Transition - Pyrimidine/Pyrimidine,C>T
69382342,.,TT,TT,TC,64,25,50,NC_000011.10,Mutation NB - Maternal Origin,Transition - Pyrimidine/Pyrimidine,Unsolved
69597648,.,TT,TT,TC,91,79,33,NC_000011.10,Mutation NB - Maternal Origin,Transition - Pyrimidine/Pyrimidine,Unsolved
70059110,.,TT,TT,TC,88,88,65,NC_000011.10,Mutation NB - Paternal or Maternal,Transition - Pyrimidine/Pyrimidine,Unsolved
70134124,rs2509178,GG,AA,AA,91,91,0,NC_000011.10,Mutation NB - Paternal Origin,Transition - Purine/Purine,G>A
70743405,rs12803650,GG,AA,AA,85,64,0,NC_000011.10,Mutation NB - Paternal Origin,Transition - Purine/Purine,G>A
71061104,rs36149635,TT,TC,CC,91,67,9,NC_000011.10,Mutation NB - Paternal Origin,Transition - Pyrimidine/Pyrimidine,T>C
72016376,rs1057992,AA,AA,AC,100,85,62,NC_000011.10,Mutation NB - Maternal Origin,Transversion - Purine/Pyrimidine,Unsolved
73738949,rs35749087,AA,TT,AA,88,88,39,NC_000011.10,Mutation NB - Maternal Origin,Transversion - Purine/Pyrimidine,T>A
76480593,rs10793171,AA,AA,AG,100,61,50,NC_000011.10,Mutation NB - Maternal Origin,Transition - Purine/Purine,Unsolved
77104182,rs73493641,GG,GG,GC,100,91,99,NC_000011.10,Mutation NB - Maternal Origin,Transition - Purine/Purine,Transversion - Purine/Pyrimidine,Unsolved
77149707,rs7131484,GG,AA,GG,91,88,12,NC_000011.10,Mutation NB - Maternal Origin,Transition - Purine/Purine,A>G
77394074,.,AA,AA,AG,79,58,50,NC_000011.10,Mutation NB - Maternal Origin,Transition - Purine/Purine,Unsolved
78179683,rs230656,GG,AA,GG,91,100,9,NC_000011.10,Mutation NB - Maternal Origin,Transition - Purine/Purine,A>G
79611882,rs146202881,AA,GG,AA,88,91,15,NC_000011.10,Mutation NB - Maternal Origin,Transition - Purine/Purine,G>A
80531987,rs55663814,GG,AA,GG,25,25,27,NC_000011.10,Mutation NB - Maternal Origin,Transition - Purine/Purine,A>G
83304155,rs476453,GG,AA,AA,88,52,33,NC_000011.10,Mutation NB - Paternal Origin,Transition - Purine/Purine,G>A
83837546,.,TT,TT,TC,58,16,41,NC_000011.10,Mutation NB - Maternal Origin,Transition - Pyrimidine/Pyrimidine,Unsolved
86409866,rs12289721,AA,AA,AG,82,100,62,NC_000011.10,Mutation NB - Paternal Origin,Transition - Purine/Purine,Unsolved
86644819,.,AA,AA,AG,70,46,40,NC_000011.10,Mutation NB - Maternal Origin,Transition - Purine/Purine,Unsolved
86973541,rs76437513,TT,TT,TC,88,100,58,NC_000011.10,Mutation NB - Paternal Origin,Transition - Pyrimidine/Pyrimidine,Unsolved
87672304,.,AA,AA,AG,76,73,53,NC_000011.10,Mutation NB - Maternal Origin,Transition - Purine/Purine,Unsolved
92802955,.,TT,TT,TC,76,43,44,NC_000011.10,Mutation NB - Maternal Origin,Transition - Pyrimidine/Pyrimidine,Unsolved
94359369,rs12795443,CC,TT,TT,100,64,27,NC_000011.10,Mutation NB - Paternal Origin,Transition - Pyrimidine/Pyrimidine,C>T
99676624,rs626566,TT,CC,TT,91,88,9,NC_000011.10,Mutation NB - Maternal Origin,Transition - Pyrimidine/Pyrimidine,C>T
104038562,.,AA,AA,AG,88,61,44,NC_000011.10,Mutation NB - Maternal Origin,Transition - Purine/Purine,Unsolved
106246985,rs7121763,CC,CC,CT,100,55,99,NC_000011.10,Mutation NB - Maternal Origin,Transition - Pyrimidine/Pyrimidine,Unsolved
107294553,rs11212138,CC,GG,CC,79,91,0,NC_000011.10,Mutation NB - Maternal Origin,Transversion - Purine/Pyrimidine,G>C
113999190,rs534191504,GG,AA,AA,91,88,30,NC_000011.10,Mutation NB - Paternal Origin,Transition - Purine/Purine,G>A
114216225,rs672455,GG,AA,AA,85,100,0,NC_000011.10,Mutation NB - Paternal Origin,Transition - Purine/Purine,G>A
114253386,.,TT,TT,TC,49,70,44,NC_000011.10,Mutation NB - Paternal Origin,Transition - Pyrimidine/Pyrimidine,Unsolved
114276123,rs1307284980,TT,TT,CC,100,100,33,NC_000011.10,Mutation NB - Paternal or Maternal,Transition - Pyrimidine/Pyrimidine,Unsolved
114928274,rs56353139,GG,GG,GA,73,91,27,NC_000011.10,Mutation NB - Paternal Origin,Transition - Purine/Purine,Unsolved
114929805,rs7112905,GG,GG,GA,79,100,33,NC_000011.10,Mutation NB - Paternal Origin,Transition - Purine/Purine,Unsolved
115249737,rs1942529692,TT,TT,TC,73,79,47,NC_000011.10,Mutation NB - Paternal Origin,Transition - Pyrimidine/Pyrimidine,Unsolved
116667498,rs1784126,TT,TG,GG,100,70,18,NC_000011.10,Mutation NB - Paternal Origin,Transversion - Purine/Pyrimidine,T>G
117336910,rs520315,TC,TT,CC,1,100,75,NC_000011.10,Mutation NB - Maternal Origin,Transition - Pyrimidine/Pyrimidine,T>C
117336912,rs620848,CG,CC,GG,1,100,75,NC_000011.10,Mutation NB - Maternal Origin,Transversion - Purine/Pyrimidine,C>G
117506675,rs2510852,GG,GG,GC,82,82,99,NC_000011.10,Mutation NB - Paternal or Maternal,Transition - Purine/Purine,Transversion - Purine/Pyrimidine,Unsolved
117520659,rs11216436,AA,GG,GG,88,73,15,NC_000011.10,Mutation NB - Paternal Origin,Transition - Purine/Purine,A>G
118643304,rs613243,CC,CG,GG,70,76,21,NC_000011.10,Mutation NB - Paternal Origin,Transversion - Purine/Pyrimidine,C>G
118961054,rs61900158,TT,TA,AA,70,1,93,NC_000011.10,Mutation NB - Paternal Origin,Transversion - Purine/Pyrimidine,T>A
119449101,rs66461646,TT,TC,CC,88,82,15,NC_000011.10,Mutation NB - Paternal Origin,Transition - Pyrimidine/Pyrimidine,T>C
119783072,rs1466052,CC,TT,TT,76,91,0,NC_000011.10,Mutation NB - Paternal Origin,Transition - Pyrimidine/Pyrimidine,C>T
120108342,.,AA,AA,AG,95,73,50,NC_000011.10,Mutation NB - Maternal Origin,Transition - Purine/Purine,Unsolved
121394925,rs297504,TT,CC,CC,91,88,27,NC_000011.10,Mutation NB - Paternal Origin,Transition - Pyrimidine/Pyrimidine,T>C
126373610,rs3862629,TT,TT,CT,86,88,67,NC_000011.10,Mutation NB - Paternal Origin,Transition - Pyrimidine/Pyrimidine,Unsolved
126443814,rs546093025,GG,AA,AA,88,91,12,NC_000011.10,Mutation NB - Paternal Origin,Transition - Purine/Purine,G>A
126483916,.,TT,TT,TC,79,49,50,NC_000011.10,Mutation NB - Maternal Origin,Transition - Pyrimidine/Pyrimidine,Unsolved
127183122,rs1944819,AG,GG,AA,1,25,0,NC_000011.10,Mutation NB - Maternal Origin,Transition - Purine/Purine,G>A
129612800,rs10791030,CC,CC,CT,91,100,33,NC_000011.10,Mutation NB - Paternal Origin,Transition - Pyrimidine/Pyrimidine,Unsolved
132175197,rs7950239,AA,GG,GG,100,46,36,NC_000011.10,Mutation NB - Paternal Origin,Transition - Purine/Purine,A>G
132509724,.,AA,AA,AG,70,73,53,NC_000011.10,Mutation NB - Paternal Origin,Transition - Purine/Purine,Unsolved
132509763,rs557398343,CC,CC,CT,88,88,53,NC_000011.10,Mutation NB - Paternal or Maternal,Transition - Pyrimidine/Pyrimidine,Unsolved
133350096,rs6421616,GG,AG,AA,85,26,18,NC_000011.10,Mutation NB - Paternal Origin,Transition - Purine/Purine,G>A
133705405,rs4245123,TT,CC,CC,55,82,18,NC_000011.10,Mutation NB - Paternal Origin,Transition - Pyrimidine/Pyrimidine,T>C
134529700,rs4936236,GA,AA,GG,76,91,0,NC_000011.10,Mutation NB - Maternal Origin,Transition - Purine/Purine,A>G
134682250,.,AA,AA,AG,70,19,44,NC_000011.10,Mutation NB - Maternal Origin,Transition - Purine/Purine,Unsolved
135042986,.,AA,AA,AG,67,43,59,NC_000011.10,Mutation NB - Maternal Origin,Transition - Purine/Purine,Unsolved
135056860,rs6590788,GA,AA,GG,53,67,0,NC_000011.10,Mutation NB - Maternal Origin,Transition - Purine/Purine,A>G
1451510,rs560832004,AA,AA,AG,67,58,40,NC_000012.12,Mutation NB - Maternal Origin,Transition - Purine/Purine,Unsolved
2750408,rs6489389,TT,CT,CC,91,2,0,NC_000012.12,Mutation NB - Paternal Origin,Transition - Pyrimidine/Pyrimidine,T>C
3457164,rs61014454,AA,GG,GG,91,82,21,NC_000012.12,Mutation NB - Paternal Origin,Transition - Purine/Purine,A>G
3677718,rs242026,CC,CC,CT,100,10,99,NC_000012.12,Mutation NB - Maternal Origin,Transition - Pyrimidine/Pyrimidine,Unsolved
4498230,.,TT,TT,TC,61,25,41,NC_000012.12,Mutation NB - Maternal Origin,Transition - Pyrimidine/Pyrimidine,Unsolved
6470646,rs2072376,TT,TT,TC,100,58,99,NC_000012.12,Mutation NB - Maternal Origin,Transition - Pyrimidine/Pyrimidine,Unsolved
6913277,rs1452770915,TT,TT,TG,91,100,65,NC_000012.12,Mutation NB - Paternal Origin,Transition - Pyrimidine/Pyrimidine,Transversion - Purine/Pyrimidine,Unsolved
10083072,rs10772231,CC,AA,AA,100,70,9,NC_000012.12,Mutation NB - Paternal Origin,Transversion - Purine/Pyrimidine,C>A
11847085,rs4763728,CA,CC,AA,41,22,9,NC_000012.12,Mutation NB - Maternal Origin,Transversion - Purine/Pyrimidine,C>A
16194374,rs3942536,GG,AA,GG,82,70,0,NC_000012.12,Mutation NB - Maternal Origin,Transition - Purine/Purine,A>G
16750212,rs9645758,GG,GA,AA,91,2,18,NC_000012.12,Mutation NB - Paternal Origin,Transition - Purine/Purine,G>A
17300446,rs2965670,GA,AA,GG,1,91,0,NC_000012.12,Mutation NB - Maternal Origin,Transition - Purine/Purine,A>G
19362764,rs10743321,AA,CC,CC,100,91,9,NC_000012.12,Mutation NB - Paternal Origin,Transversion - Purine/Pyrimidine,A>C
22741662,rs1954621201,TT,TT,TC,82,76,46,NC_000012.12,Mutation NB - Maternal Origin,Transition - Pyrimidine/Pyrimidine,Unsolved
24574840,rs6487399,GG,TT,GG,82,91,0,NC_000012.12,Mutation NB - Maternal Origin,Transition - Purine/Purine,Transversion - Purine/Pyrimidine,T>G
26158615,.,AA,AA,AG,70,31,41,NC_000012.12,Mutation NB - Maternal Origin,Transition - Purine/Purine,Unsolved
29093131,rs2099529,CC,TC,TT,85,1,9,NC_000012.12,Mutation NB - Paternal Origin,Transition - Pyrimidine/Pyrimidine,C>T
30176550,rs58085051,GG,AA,GG,82,91,9,NC_000012.12,Mutation NB - Maternal Origin,Transition - Purine/Purine,A>G
30374127,.,AA,AA,AG,64,58,44,NC_000012.12,Mutation NB - Maternal Origin,Transition - Purine/Purine,Unsolved
30859217,rs542802,GG,GG,GA,100,70,68,NC_000012.12,Mutation NB - Maternal Origin,Transition - Purine/Purine,Unsolved
30863628,rs256708,CT,CC,TT,67,100,9,NC_000012.12,Mutation NB - Maternal Origin,Transversion - Purine/Pyrimidine,C>T
30951988,rs1990831,TT,TC,CC,100,67,9,NC_000012.12,Mutation NB - Paternal Origin,Transition - Pyrimidine/Pyrimidine,T>C
31482673,rs4931504,GG,GG,GA,85,100,68,NC_000012.12,Mutation NB - Paternal Origin,Transition - Purine/Purine,Unsolved
32932264,rs10844390,CC,CC,CT,82,100,52,NC_000012.12,Mutation NB - Paternal Origin,Transition - Pyrimidine/Pyrimidine,Unsolved
33199564,rs11052515,GG,CC,GG,100,64,0,NC_000012.12,Mutation NB - Maternal Origin,Transversion - Purine/Pyrimidine,C>G
33240774,rs11835508,CC,TT,CC,91,55,9,NC_000012.12,Mutation NB - Maternal Origin,Transition - Pyrimidine/Pyrimidine,T>C
33802530,rs34118460,CC,CC,CG,100,85,99,NC_000012.12,Mutation NB - Maternal Origin,Transversion - Purine/Pyrimidine,Unsolved
34065602,rs1372093631,AA,AA,AG,76,64,92,NC_000012.12,Mutation NB - Maternal Origin,Transition - Purine/Purine,Unsolved
38146958,rs7967598,CT,TT,CC,32,88,9,NC_000012.12,Mutation NB - Maternal Origin,Transition - Pyrimidine/Pyrimidine,T>C
43765072,rs4251446,GG,GG,GA,100,25,99,NC_000012.12,Mutation NB - Maternal Origin,Transition - Purine/Purine,Unsolved
44275417,rs145876671,TT,CC,CC,91,70,9,NC_000012.12,Mutation NB - Paternal Origin,Transition - Pyrimidine/Pyrimidine,T>C
45201163,.,AA,AA,AG,70,85,50,NC_000012.12,Mutation NB - Paternal Origin,Transition - Purine/Purine,Unsolved
46048582,rs7301249,CC,TC,TT,82,1,0,NC_000012.12,Mutation NB - Paternal Origin,Transition - Pyrimidine/Pyrimidine,C>T
50121982,rs11169275,TT,TC,CC,73,1,18,NC_000012.12,Mutation NB - Paternal Origin,Transition - Pyrimidine/Pyrimidine,T>C
50122025,rs10875999,CC,CT,TT,73,1,18,NC_000012.12,Mutation NB - Paternal Origin,Transition - Pyrimidine/Pyrimidine,C>T
50909120,.,AA,AA,AG,58,34,47,NC_000012.12,Mutation NB - Maternal Origin,Transition - Purine/Purine,Unsolved
51520680,rs139364908,AA,GG,GG,91,88,18,NC_000012.12,Mutation NB - Paternal Origin,Transition - Purine/Purine,A>G
52211802,.,TT,TT,TC,49,40,47,NC_000012.12,Mutation NB - Maternal Origin,Transition - Pyrimidine/Pyrimidine,Unsolved
52245518,rs2608009,GG,CC,CC,55,70,24,NC_000012.12,Mutation NB - Paternal Origin,Transversion - Purine/Pyrimidine,G>C
52377290,rs1791619,TT,CC,TT,85,82,0,NC_000012.12,Mutation NB - Maternal Origin,Transition - Pyrimidine/Pyrimidine,C>T
52377592,rs1732283,CC,CC,CA,70,100,99,NC_000012.12,Mutation NB - Paternal Origin,Transversion - Purine/Pyrimidine,Unsolved
53014065,rs9706050,AA,AA,AG,88,100,99,NC_000012.12,Mutation NB - Paternal Origin,Transition - Purine/Purine,Unsolved
54827196,rs866898627,TT,TT,TC,96,69,94,NC_000012.12,Mutation NB - Maternal Origin,Transition - Pyrimidine/Pyrimidine,Unsolved
55963786,.,AA,AA,AG,19,7,53,NC_000012.12,Mutation NB - Maternal Origin,Transition - Purine/Purine,Unsolved
57194344,rs34554486,CC,CC,CT,82,100,71,NC_000012.12,Mutation NB - Paternal Origin,Transition - Pyrimidine/Pyrimidine,Unsolved
65325449,rs6581627,GG,CC,GG,91,88,0,NC_000012.12,Mutation NB - Maternal Origin,Transversion - Purine/Pyrimidine,C>G
66522397,rs61925958,CT,CC,TT,1,100,24,NC_000012.12,Mutation NB - Maternal Origin,Transversion - Purine/Pyrimidine,C>T
66759071,.,TT,TT,TC,62,31,65,NC_000012.12,Mutation NB - Maternal Origin,Transition - Pyrimidine/Pyrimidine,Unsolved
67398121,rs1920436,AA,CC,CC,100,79,33,NC_000012.12,Mutation NB - Paternal Origin,Transversion - Purine/Pyrimidine,A>C
68574858,rs1550563,TT,TC,CC,100,1,18,NC_000012.12,Mutation NB - Paternal Origin,Transition - Pyrimidine/Pyrimidine,T>C
71112324,rs7301236,TT,CT,CC,85,2,0,NC_000012.12,Mutation NB - Paternal Origin,Transition - Pyrimidine/Pyrimidine,T>C
71971309,.,TT,TT,TC,22,64,57,NC_000012.12,Mutation NB - Paternal Origin,Transition - Pyrimidine/Pyrimidine,Unsolved
71971310,.,AA,AA,AG,22,64,57,NC_000012.12,Mutation NB - Paternal Origin,Transition - Purine/Purine,Unsolved
77313181,rs7295880,TT,GT,GG,25,1,3,NC_000012.12,Mutation NB - Paternal Origin,Transversion - Purine/Pyrimidine,T>G
83681918,rs11833517,GG,GG,GC,91,100,33,NC_000012.12,Mutation NB - Paternal Origin,Transition - Purine/Purine,Transversion - Purine/Pyrimidine,Unsolved
85653414,rs2219708,CC,GG,GG,85,79,15,NC_000012.12,Mutation NB - Paternal Origin,Transversion - Purine/Pyrimidine,C>G
87784014,rs1675574,CT,CC,TT,1,85,15,NC_000012.12,Mutation NB - Maternal Origin,Transversion - Purine/Pyrimidine,C>T
90061403,rs7303035,TT,TT,CC,100,100,15,NC_000012.12,Mutation NB - Paternal or Maternal,Transition - Pyrimidine/Pyrimidine,Unsolved
93596777,rs12230050,GG,GG,AG,91,91,71,NC_000012.12,Mutation NB - Paternal or Maternal,Transition - Purine/Purine,Unsolved
94498048,rs2366626,CG,CC,GG,1,85,12,NC_000012.12,Mutation NB - Maternal Origin,Transversion - Purine/Pyrimidine,C>G
95627606,rs7973528,GG,GG,GC,70,100,21,NC_000012.12,Mutation NB - Paternal Origin,Transition - Purine/Purine,Transversion - Purine/Pyrimidine,Unsolved
96122843,rs256182,GG,GG,GT,91,100,99,NC_000012.12,Mutation NB - Paternal Origin,Transversion - Purine/Pyrimidine,Unsolved
96516440,rs7980971,TT,AA,AA,70,52,0,NC_000012.12,Mutation NB - Paternal Origin,Transversion - Purine/Pyrimidine,T>A
97696686,rs841963,AA,GG,GG,88,58,27,NC_000012.12,Mutation NB - Paternal Origin,Transition - Purine/Purine,A>G
104784663,rs2463429,CC,CC,TC,88,91,65,NC_000012.12,Mutation NB - Paternal Origin,Transition - Pyrimidine/Pyrimidine,Unsolved
105062103,rs10778366,TT,CC,CC,91,82,9,NC_000012.12,Mutation NB - Paternal Origin,Transition - Pyrimidine/Pyrimidine,T>C
106898805,rs58343609,GG,GG,GA,91,82,99,NC_000012.12,Mutation NB - Maternal Origin,Transition - Purine/Purine,Unsolved
107492683,rs7297300,GA,AA,GG,1,70,0,NC_000012.12,Mutation NB - Maternal Origin,Transition - Purine/Purine,A>G
107500818,.,TT,TT,TC,76,13,44,NC_000012.12,Mutation NB - Maternal Origin,Transition - Pyrimidine/Pyrimidine,Unsolved
108581141,rs10861949,TT,CC,TT,85,100,9,NC_000012.12,Mutation NB - Maternal Origin,Transition - Pyrimidine/Pyrimidine,C>T
109146550,rs741402,AA,AG,GG,100,35,48,NC_000012.12,Mutation NB - Paternal Origin,Transition - Purine/Purine,A>G
109227437,rs60293430,GG,GG,GA,79,100,99,NC_000012.12,Mutation NB - Paternal Origin,Transition - Purine/Purine,Unsolved
109920945,rs16939767,CC,CC,CT,85,100,99,NC_000012.12,Mutation NB - Paternal Origin,Transition - Pyrimidine/Pyrimidine,Unsolved
110692907,.,TT,TT,TC,88,79,53,NC_000012.12,Mutation NB - Maternal Origin,Transition - Pyrimidine/Pyrimidine,Unsolved
113958154,rs73401073,TT,CC,CC,82,91,18,NC_000012.12,Mutation NB - Paternal Origin,Transition - Pyrimidine/Pyrimidine,T>C
116718234,rs76879767,GG,AA,GG,91,88,27,NC_000012.12,Mutation NB - Maternal Origin,Transition - Purine/Purine,A>G
118026883,rs5745870,AA,GG,GG,88,76,9,NC_000012.12,Mutation NB - Paternal Origin,Transition - Purine/Purine,A>G
118067129,.,AA,AA,AG,88,91,59,NC_000012.12,Mutation NB - Paternal Origin,Transition - Purine/Purine,Unsolved
118371498,rs514826,AG,GG,AA,94,91,30,NC_000012.12,Mutation NB - Maternal Origin,Transition - Purine/Purine,G>A
120543827,rs7488320,GG,GG,GT,100,91,62,NC_000012.12,Mutation NB - Maternal Origin,Transversion - Purine/Pyrimidine,Unsolved
120715164,rs556001,AA,GG,AA,85,43,0,NC_000012.12,Mutation NB - Maternal Origin,Transition - Purine/Purine,G>A
120929150,.,TT,TT,TC,58,25,59,NC_000012.12,Mutation NB - Maternal Origin,Transition - Pyrimidine/Pyrimidine,Unsolved
122046388,rs1916334,GG,GA,AA,100,1,24,NC_000012.12,Mutation NB - Paternal Origin,Transition - Purine/Purine,G>A
122456802,rs12314537,AA,GG,GG,88,76,27,NC_000012.12,Mutation NB - Paternal Origin,Transition - Purine/Purine,A>G
122855189,.,AA,AA,AG,73,67,39,NC_000012.12,Mutation NB - Maternal Origin,Transition - Purine/Purine,Unsolved
123044509,rs11608811,GG,AA,AA,88,70,0,NC_000012.12,Mutation NB - Paternal Origin,Transition - Purine/Purine,G>A
124164309,rs4257077,TT,CC,CC,91,100,0,NC_000012.12,Mutation NB - Paternal Origin,Transition - Pyrimidine/Pyrimidine,T>C
124653002,rs117928648,GG,GG,GA,100,79,95,NC_000012.12,Mutation NB - Maternal Origin,Transition - Purine/Purine,Unsolved
124663405,rs11057737,TT,CC,TT,73,79,24,NC_000012.12,Mutation NB - Maternal Origin,Transition - Pyrimidine/Pyrimidine,C>T
125675020,rs16919388,GA,GG,AA,1,85,12,NC_000012.12,Mutation NB - Maternal Origin,Transition - Purine/Purine,G>A
126550361,rs7958173,AA,GG,GG,88,85,24,NC_000012.12,Mutation NB - Paternal Origin,Transition - Purine/Purine,A>G
126642257,rs11058760,TT,CC,TT,82,85,30,NC_000012.12,Mutation NB - Maternal Origin,Transition - Pyrimidine/Pyrimidine,C>T
129101086,rs11060131,GG,GG,GA,100,7,99,NC_000012.12,Mutation NB - Maternal Origin,Transition - Purine/Purine,Unsolved
130086520,rs963865519,GG,GG,GA,46,55,44,NC_000012.12,Mutation NB - Paternal Origin,Transition - Purine/Purine,Unsolved
130149386,rs74845259,GG,CC,GG,91,91,21,NC_000012.12,Mutation NB - Maternal Origin,Transversion - Purine/Pyrimidine,C>G
130180081,rs1269983249,GG,GG,GC,88,73,53,NC_000012.12,Mutation NB - Maternal Origin,Transition - Purine/Purine,Transversion - Purine/Pyrimidine,Unsolved
130576115,.,AA,AA,AG,82,79,41,NC_000012.12,Mutation NB - Maternal Origin,Transition - Purine/Purine,Unsolved
131122303,rs10848290,AA,AA,AG,61,13,53,NC_000012.12,Mutation NB - Maternal Origin,Transition - Purine/Purine,Unsolved
131296778,rs59005826,CC,CC,CT,76,100,48,NC_000012.12,Mutation NB - Paternal Origin,Transition - Pyrimidine/Pyrimidine,Unsolved
132432295,.,GG,GG,GC,91,76,99,NC_000012.12,Mutation NB - Maternal Origin,Transition - Purine/Purine,Transversion - Purine/Pyrimidine,Unsolved
132451844,.,CC,CC,CG,82,100,99,NC_000012.12,Mutation NB - Paternal Origin,Transversion - Purine/Pyrimidine,Unsolved
132629069,rs4883541,GG,GA,AA,100,1,12,NC_000012.12,Mutation NB - Paternal Origin,Transition - Purine/Purine,G>A
132644388,.,AA,AA,AG,70,61,47,NC_000012.12,Mutation NB - Maternal Origin,Transition - Purine/Purine,Unsolved
19048003,rs11617984,AA,GG,GG,85,88,0,NC_000013.11,Mutation NB - Paternal Origin,Transition - Purine/Purine,A>G
19669419,.,TT,TT,TC,73,61,50,NC_000013.11,Mutation NB - Maternal Origin,Transition - Pyrimidine/Pyrimidine,Unsolved
20456514,rs9315592,AA,GG,GG,76,43,0,NC_000013.11,Mutation NB - Paternal Origin,Transition - Purine/Purine,A>G
21916228,.,AA,AA,AG,76,67,65,NC_000013.11,Mutation NB - Maternal Origin,Transition - Purine/Purine,Unsolved
24003971,rs6490853,GG,TT,GG,88,82,12,NC_000013.11,Mutation NB - Maternal Origin,Transition - Purine/Purine,Transversion - Purine/Pyrimidine,T>G
24225950,.,GG,GG,GA,19,73,44,NC_000013.11,Mutation NB - Paternal Origin,Transition - Purine/Purine,Unsolved
25372691,rs115775210,GG,GG,GC,85,100,75,NC_000013.11,Mutation NB - Paternal Origin,Transition - Purine/Purine,Transversion - Purine/Pyrimidine,Unsolved
26699917,rs9581716,CC,CT,TT,91,67,9,NC_000013.11,Mutation NB - Paternal Origin,Transition - Pyrimidine/Pyrimidine,C>T
26832712,rs9512415,TT,CT,CC,85,1,0,NC_000013.11,Mutation NB - Paternal Origin,Transition - Pyrimidine/Pyrimidine,T>C
27220565,rs9512585,CC,TT,CC,1,1,99,NC_000013.11,Mutation NB - Maternal Origin,Transition - Pyrimidine/Pyrimidine,T>C
28001279,rs2481949,AA,AA,AG,100,100,99,NC_000013.11,Mutation NB - Paternal or Maternal,Transition - Purine/Purine,Unsolved
29005128,rs3886761,CC,CC,TT,85,100,24,NC_000013.11,Mutation NB - Paternal Origin,Transition - Pyrimidine/Pyrimidine,Unsolved
30297090,rs34854766,GG,AA,AA,91,88,9,NC_000013.11,Mutation NB - Paternal Origin,Transition - Purine/Purine,G>A
31365100,rs7335960,CC,TC,TT,88,42,24,NC_000013.11,Mutation NB - Paternal Origin,Transition - Pyrimidine/Pyrimidine,C>T
31365135,rs7335987,CC,TC,TT,88,72,42,NC_000013.11,Mutation NB - Paternal Origin,Transition - Pyrimidine/Pyrimidine,C>T
33024849,rs526906,GG,AA,GG,91,100,18,NC_000013.11,Mutation NB - Maternal Origin,Transition - Purine/Purine,A>G
33209972,rs9596962,AA,GG,GG,79,91,0,NC_000013.11,Mutation NB - Paternal Origin,Transition - Purine/Purine,A>G
34186974,rs1556765,AA,AA,AT,100,88,68,NC_000013.11,Mutation NB - Maternal Origin,Transversion - Purine/Pyrimidine,Unsolved
36109184,.,AA,AA,AG,67,28,50,NC_000013.11,Mutation NB - Maternal Origin,Transition - Purine/Purine,Unsolved
36545536,.,AA,AA,AG,58,58,65,NC_000013.11,Mutation NB - Paternal or Maternal,Transition - Purine/Purine,Unsolved
38086490,rs9603319,CC,CC,CT,100,79,30,NC_000013.11,Mutation NB - Maternal Origin,Transition - Pyrimidine/Pyrimidine,Unsolved
40268962,rs7981919,CC,CC,CT,82,100,72,NC_000013.11,Mutation NB - Paternal Origin,Transition - Pyrimidine/Pyrimidine,Unsolved
40351988,rs4280108,GG,AA,AA,91,100,0,NC_000013.11,Mutation NB - Paternal Origin,Transition - Purine/Purine,G>A
41107458,.,AA,AA,AG,70,58,44,NC_000013.11,Mutation NB - Maternal Origin,Transition - Purine/Purine,Unsolved
42948374,rs2038983110,CC,CC,CT,85,22,80,NC_000013.11,Mutation NB - Maternal Origin,Transition - Pyrimidine/Pyrimidine,Unsolved
43965225,rs1445555,TT,TT,TC,100,88,99,NC_000013.11,Mutation NB - Maternal Origin,Transition - Pyrimidine/Pyrimidine,Unsolved
44374177,rs956663492,CC,CC,CG,85,80,52,NC_000013.11,Mutation NB - Maternal Origin,Transversion - Purine/Pyrimidine,Unsolved
45387009,rs6561226,GG,GG,AG,85,91,29,NC_000013.11,Mutation NB - Paternal Origin,Transition - Purine/Purine,Unsolved
45654786,rs7323798,CC,CC,CG,100,67,99,NC_000013.11,Mutation NB - Maternal Origin,Transversion - Purine/Pyrimidine,Unsolved
45915170,rs2573278,TT,CC,CC,100,1,99,NC_000013.11,Mutation NB - Paternal Origin,Transition - Pyrimidine/Pyrimidine,T>C
46211952,rs9595429,CT,CC,TT,39,100,15,NC_000013.11,Mutation NB - Maternal Origin,Transversion - Purine/Pyrimidine,C>T
49370394,rs6561522,TT,GG,GG,88,58,0,NC_000013.11,Mutation NB - Paternal Origin,Transversion - Purine/Pyrimidine,T>G
49470845,rs7994566,GG,AA,AA,79,79,0,NC_000013.11,Mutation NB - Paternal Origin,Transition - Purine/Purine,G>A
49539864,.,AA,AA,AG,73,40,41,NC_000013.11,Mutation NB - Maternal Origin,Transition - Purine/Purine,Unsolved
52787207,.,AA,AA,AG,70,49,58,NC_000013.11,Mutation NB - Maternal Origin,Transition - Purine/Purine,Unsolved
52947927,rs9652206,CC,CT,TT,55,1,42,NC_000013.11,Mutation NB - Paternal Origin,Transition - Pyrimidine/Pyrimidine,C>T
53325794,rs2053608,CC,CC,CA,100,52,65,NC_000013.11,Mutation NB - Maternal Origin,Transversion - Purine/Pyrimidine,Unsolved
55769660,rs7337763,GG,AA,AA,88,82,9,NC_000013.11,Mutation NB - Paternal Origin,Transition - Purine/Purine,G>A
55885756,rs2801610,CC,TT,CC,67,85,15,NC_000013.11,Mutation NB - Maternal Origin,Transition - Pyrimidine/Pyrimidine,T>C
57873506,rs9537839,CT,TT,CC,29,79,0,NC_000013.11,Mutation NB - Maternal Origin,Transition - Pyrimidine/Pyrimidine,T>C
58347430,.,AA,AA,AG,61,64,50,NC_000013.11,Mutation NB - Paternal Origin,Transition - Purine/Purine,Unsolved
59004257,.,TT,TT,TC,55,57,44,NC_000013.11,Mutation NB - Paternal Origin,Transition - Pyrimidine/Pyrimidine,Unsolved
59563021,.,AA,AA,AG,76,85,47,NC_000013.11,Mutation NB - Paternal Origin,Transition - Purine/Purine,Unsolved
60331330,.,TT,TT,TC,73,76,53,NC_000013.11,Mutation NB - Paternal Origin,Transition - Pyrimidine/Pyrimidine,Unsolved
61485722,rs73486607,AA,AA,AG,82,100,68,NC_000013.11,Mutation NB - Paternal Origin,Transition - Purine/Purine,Unsolved
64130558,rs9317388,TT,CC,CC,91,100,9,NC_000013.11,Mutation NB - Paternal Origin,Transition - Pyrimidine/Pyrimidine,T>C
66268749,rs1928959,CG,CC,GG,42,100,33,NC_000013.11,Mutation NB - Maternal Origin,Transversion - Purine/Pyrimidine,C>G
68384977,rs9564448,AA,CC,CC,100,61,30,NC_000013.11,Mutation NB - Paternal Origin,Transversion - Purine/Pyrimidine,A>C
68428703,rs737560,AA,TT,TT,100,82,12,NC_000013.11,Mutation NB - Paternal Origin,Transversion - Purine/Pyrimidine,A>T
70170840,rs2479918,AG,AA,GG,28,88,18,NC_000013.11,Mutation NB - Maternal Origin,Transition - Purine/Purine,A>G
78497021,rs192209027,CC,CC,GC,71,46,51,NC_000013.11,Mutation NB - Maternal Origin,Transversion - Purine/Pyrimidine,Unsolved
87168044,.,AA,AA,AG,34,10,47,NC_000013.11,Mutation NB - Maternal Origin,Transition - Purine/Purine,Unsolved
90961165,rs9523211,GG,GG,GA,100,82,99,NC_000013.11,Mutation NB - Maternal Origin,Transition - Purine/Purine,Unsolved
94683583,.,AA,AA,AG,70,40,56,NC_000013.11,Mutation NB - Maternal Origin,Transition - Purine/Purine,Unsolved
96701990,rs12864425,TT,GG,TT,88,79,0,NC_000013.11,Mutation NB - Maternal Origin,Transversion - Purine/Pyrimidine,G>T
96773241,rs7998221,GT,TT,GG,1,19,0,NC_000013.11,Mutation NB - Maternal Origin,Transversion - Purine/Pyrimidine,T>G
105809091,rs16967398,AA,GA,GG,91,70,6,NC_000013.11,Mutation NB - Paternal Origin,Transition - Purine/Purine,A>G
106415373,rs57762306,GG,GA,AA,85,2,15,NC_000013.11,Mutation NB - Paternal Origin,Transition - Purine/Purine,G>A
109405133,rs78014503,CC,CC,CT,82,37,99,NC_000013.11,Mutation NB - Maternal Origin,Transition - Pyrimidine/Pyrimidine,Unsolved
109892386,.,AA,AA,AG,85,64,68,NC_000013.11,Mutation NB - Maternal Origin,Transition - Purine/Purine,Unsolved
110193158,rs686746,CT,CC,TT,32,85,45,NC_000013.11,Mutation NB - Maternal Origin,Transversion - Purine/Pyrimidine,C>T
110193340,rs34706214,CC,CC,CG,100,67,71,NC_000013.11,Mutation NB - Maternal Origin,Transversion - Purine/Pyrimidine,Unsolved
110193348,rs687617,GG,GA,AA,100,1,12,NC_000013.11,Mutation NB - Paternal Origin,Transition - Purine/Purine,G>A
111268911,rs4773339,TT,TT,CC,100,100,18,NC_000013.11,Mutation NB - Paternal or Maternal,Transition - Pyrimidine/Pyrimidine,Unsolved
113011441,rs9549332,TC,CC,TT,32,85,0,NC_000013.11,Mutation NB - Maternal Origin,Transversion - Purine/Pyrimidine,C>T
113408133,rs745905891,CC,CC,CT,100,73,99,NC_000013.11,Mutation NB - Maternal Origin,Transition - Pyrimidine/Pyrimidine,Unsolved
113426561,rs3892381,GT,GG,TT,1,91,9,NC_000013.11,Mutation NB - Maternal Origin,Transversion - Purine/Pyrimidine,G>T
113508032,rs2490970,GG,GG,GA,91,85,99,NC_000013.11,Mutation NB - Maternal Origin,Transition - Purine/Purine,Unsolved
113513099,rs2258368,CC,CT,TT,79,70,12,NC_000013.11,Mutation NB - Paternal Origin,Transition - Pyrimidine/Pyrimidine,C>T
113602985,rs74116255,AA,AA,AC,91,100,19,NC_000013.11,Mutation NB - Paternal Origin,Transversion - Purine/Pyrimidine,Unsolved
113803096,rs1001778062,CC,TT,CC,76,73,21,NC_000013.11,Mutation NB - Maternal Origin,Transition - Pyrimidine/Pyrimidine,T>C
113803204,rs9550235,GG,AA,GG,88,82,9,NC_000013.11,Mutation NB - Maternal Origin,Transition - Purine/Purine,A>G
113814566,rs2051382887,GG,GG,GA,88,88,50,NC_000013.11,Mutation NB - Paternal or Maternal,Transition - Purine/Purine,Unsolved
20383870,rs1760904,AG,GG,AA,32,82,0,NC_000014.9,Mutation NB - Maternal Origin,Transition - Purine/Purine,G>A
21853154,rs12892111,GG,GG,GA,82,100,99,NC_000014.9,Mutation NB - Paternal Origin,Transition - Purine/Purine,Unsolved
22052753,rs2072613,CC,CG,GG,100,1,48,NC_000014.9,Mutation NB - Paternal Origin,Transversion - Purine/Pyrimidine,C>G
22467777,rs531262225,AA,AA,AG,76,76,68,NC_000014.9,Mutation NB - Paternal or Maternal,Transition - Purine/Purine,Unsolved
23630073,.,TT,TT,TC,58,25,44,NC_000014.9,Mutation NB - Maternal Origin,Transition - Pyrimidine/Pyrimidine,Unsolved
28127946,rs28609325,CA,CC,AA,50,97,9,NC_000014.9,Mutation NB - Maternal Origin,Transversion - Purine/Pyrimidine,C>A
28710246,rs11161030,AA,TT,AA,79,79,0,NC_000014.9,Mutation NB - Maternal Origin,Transversion - Purine/Pyrimidine,T>A
30829487,rs2378783,GG,CC,GG,85,85,17,NC_000014.9,Mutation NB - Maternal Origin,Transversion - Purine/Pyrimidine,C>G
36451665,.,AA,AA,AG,64,82,65,NC_000014.9,Mutation NB - Paternal Origin,Transition - Purine/Purine,Unsolved
36699547,rs2415359,AA,AG,GG,91,32,12,NC_000014.9,Mutation NB - Paternal Origin,Transition - Purine/Purine,A>G
36976194,rs12881808,CC,AA,AA,82,85,12,NC_000014.9,Mutation NB - Paternal Origin,Transversion - Purine/Pyrimidine,C>A
37264609,rs1950883,TT,CT,CC,91,11,9,NC_000014.9,Mutation NB - Paternal Origin,Transition - Pyrimidine/Pyrimidine,T>C
38478266,rs12101030,GG,CC,CC,100,64,21,NC_000014.9,Mutation NB - Paternal Origin,Transversion - Purine/Pyrimidine,G>C
38880563,.,TT,TT,TC,64,52,47,NC_000014.9,Mutation NB - Maternal Origin,Transition - Pyrimidine/Pyrimidine,Unsolved
39249186,.,AA,AA,AG,79,31,50,NC_000014.9,Mutation NB - Maternal Origin,Transition - Purine/Purine,Unsolved
40162528,rs4638474,TT,CC,TT,82,58,15,NC_000014.9,Mutation NB - Maternal Origin,Transition - Pyrimidine/Pyrimidine,C>T
42571072,rs12878925,GG,GG,GC,100,85,68,NC_000014.9,Mutation NB - Maternal Origin,Transition - Purine/Purine,Transversion - Purine/Pyrimidine,Unsolved
44446750,.,GG,GG,GA,55,25,41,NC_000014.9,Mutation NB - Maternal Origin,Transition - Purine/Purine,Unsolved
49293600,rs72674497,TT,CC,TT,82,55,0,NC_000014.9,Mutation NB - Maternal Origin,Transition - Pyrimidine/Pyrimidine,C>T
50783114,rs10143816,AA,GG,AA,82,100,12,NC_000014.9,Mutation NB - Maternal Origin,Transition - Purine/Purine,G>A
55845393,rs4901614,CC,TT,CC,37,100,57,NC_000014.9,Mutation NB - Maternal Origin,Transition - Pyrimidine/Pyrimidine,T>C
56270904,.,TT,TT,TC,61,16,44,NC_000014.9,Mutation NB - Maternal Origin,Transition - Pyrimidine/Pyrimidine,Unsolved
56270917,.,TT,TT,TC,61,16,44,NC_000014.9,Mutation NB - Maternal Origin,Transition - Pyrimidine/Pyrimidine,Unsolved
58330922,rs12891852,TT,CC,CC,91,76,0,NC_000014.9,Mutation NB - Paternal Origin,Transition - Pyrimidine/Pyrimidine,T>C
58330929,rs58231973,AA,GG,GG,91,76,0,NC_000014.9,Mutation NB - Paternal Origin,Transition - Purine/Purine,A>G
61388286,rs1186532228,AA,AA,AG,91,55,44,NC_000014.9,Mutation NB - Maternal Origin,Transition - Purine/Purine,Unsolved
63972444,rs1455340220,TT,TT,TC,76,37,53,NC_000014.9,Mutation NB - Maternal Origin,Transition - Pyrimidine/Pyrimidine,Unsolved
66145611,.,AA,AA,AG,55,52,47,NC_000014.9,Mutation NB - Maternal Origin,Transition - Purine/Purine,Unsolved
74856091,rs8014204,AA,AA,GA,67,58,0,NC_000014.9,Mutation NB - Maternal Origin,Transition - Purine/Purine,Unsolved
75278848,rs2239615,AA,TT,AA,85,100,18,NC_000014.9,Mutation NB - Maternal Origin,Transversion - Purine/Pyrimidine,T>A
75589656,rs73305470,CC,CT,TT,100,1,45,NC_000014.9,Mutation NB - Paternal Origin,Transition - Pyrimidine/Pyrimidine,C>T
76121191,rs12886269,GG,TG,TT,79,32,0,NC_000014.9,Mutation NB - Paternal Origin,Transversion - Purine/Pyrimidine,G>T
81561537,rs8007402,TT,GG,TT,85,82,0,NC_000014.9,Mutation NB - Maternal Origin,Transversion - Purine/Pyrimidine,G>T
84027615,.,TT,TT,TC,67,73,45,NC_000014.9,Mutation NB - Paternal Origin,Transition - Pyrimidine/Pyrimidine,Unsolved
85011921,rs57543927,AA,GA,GG,79,68,0,NC_000014.9,Mutation NB - Paternal Origin,Transition - Purine/Purine,A>G
85011933,rs4904227,GG,GA,AA,79,78,21,NC_000014.9,Mutation NB - Paternal Origin,Transition - Purine/Purine,G>A
85609647,rs11627505,AA,AA,AG,100,79,68,NC_000014.9,Mutation NB - Maternal Origin,Transition - Purine/Purine,Unsolved
87693761,.,AA,AA,AG,64,91,47,NC_000014.9,Mutation NB - Paternal Origin,Transition - Purine/Purine,Unsolved
88238634,rs2093207,AA,AA,AG,100,37,99,NC_000014.9,Mutation NB - Maternal Origin,Transition - Purine/Purine,Unsolved
88801714,rs74966615,CC,CT,TT,91,1,24,NC_000014.9,Mutation NB - Paternal Origin,Transition - Pyrimidine/Pyrimidine,C>T
88801724,rs79125574,GG,AA,AA,91,76,24,NC_000014.9,Mutation NB - Paternal Origin,Transition - Purine/Purine,G>A
88925799,rs1885188,CC,AA,CC,88,100,12,NC_000014.9,Mutation NB - Maternal Origin,Transversion - Purine/Pyrimidine,A>C
89141597,rs1886795105,AA,AA,AG,73,82,56,NC_000014.9,Mutation NB - Paternal Origin,Transition - Purine/Purine,Unsolved
89339521,rs28709837,GG,GG,GA,82,82,31,NC_000014.9,Mutation NB - Paternal or Maternal,Transition - Purine/Purine,Unsolved
89520230,.,GG,GG,GT,64,52,40,NC_000014.9,Mutation NB - Maternal Origin,Transversion - Purine/Pyrimidine,Unsolved
90583406,rs1286478,GG,GG,GA,76,100,27,NC_000014.9,Mutation NB - Paternal Origin,Transition - Purine/Purine,Unsolved
91276580,rs7153397,TT,CC,TT,88,88,12,NC_000014.9,Mutation NB - Maternal Origin,Transition - Pyrimidine/Pyrimidine,C>T
92221580,rs1241767,CC,AA,CC,91,85,12,NC_000014.9,Mutation NB - Maternal Origin,Transversion - Purine/Pyrimidine,A>C
94633641,rs77160644,GT,GG,TT,1,100,30,NC_000014.9,Mutation NB - Maternal Origin,Transversion - Purine/Pyrimidine,G>T
94800797,rs1885670175,TT,TT,TC,76,49,44,NC_000014.9,Mutation NB - Maternal Origin,Transition - Pyrimidine/Pyrimidine,Unsolved
95035700,rs10146402,GG,AA,GG,91,100,15,NC_000014.9,Mutation NB - Maternal Origin,Transition - Purine/Purine,A>G
95475665,rs79224249,CC,CC,CT,91,85,99,NC_000014.9,Mutation NB - Maternal Origin,Transition - Pyrimidine/Pyrimidine,Unsolved
95519720,.,AA,AA,AG,88,85,65,NC_000014.9,Mutation NB - Maternal Origin,Transition - Purine/Purine,Unsolved
95871654,.,TT,TT,TC,73,70,62,NC_000014.9,Mutation NB - Maternal Origin,Transition - Pyrimidine/Pyrimidine,Unsolved
97231668,.,TT,TT,TC,91,73,62,NC_000014.9,Mutation NB - Maternal Origin,Transition - Pyrimidine/Pyrimidine,Unsolved
99027929,rs11629216,TT,TT,TG,88,88,99,NC_000014.9,Mutation NB - Paternal or Maternal,Transition - Pyrimidine/Pyrimidine,Transversion - Purine/Pyrimidine,Unsolved
99068386,rs807366,TT,GG,TT,85,88,0,NC_000014.9,Mutation NB - Maternal Origin,Transversion - Purine/Pyrimidine,G>T
100104862,rs1219902696,AA,AA,AG,82,91,66,NC_000014.9,Mutation NB - Paternal Origin,Transition - Purine/Purine,Unsolved
100323773,rs1893290158,GG,GG,GA,61,70,51,NC_000014.9,Mutation NB - Paternal Origin,Transition - Purine/Purine,Unsolved
104283786,rs11622102,GG,AA,GG,85,100,12,NC_000014.9,Mutation NB - Maternal Origin,Transition - Purine/Purine,A>G
104877956,rs61995995,TT,TT,CT,79,82,3,NC_000014.9,Mutation NB - Paternal Origin,Transition - Pyrimidine/Pyrimidine,Unsolved
104969225,rs1899402510,AA,AA,AG,91,52,41,NC_000014.9,Mutation NB - Maternal Origin,Transition - Purine/Purine,Unsolved
105074132,rs4581644,AA,GG,GG,100,73,9,NC_000014.9,Mutation NB - Paternal Origin,Transition - Purine/Purine,A>G
105205913,rs8010782,TT,CC,TT,76,100,39,NC_000014.9,Mutation NB - Maternal Origin,Transition - Pyrimidine/Pyrimidine,C>T
105256576,rs118005222,GG,AA,GG,91,55,60,NC_000014.9,Mutation NB - Maternal Origin,Transition - Purine/Purine,A>G
105440185,rs56130943,AA,AA,AC,79,100,95,NC_000014.9,Mutation NB - Paternal Origin,Transversion - Purine/Pyrimidine,Unsolved
24859700,rs7359176,AA,GG,AA,82,100,15,NC_000015.10,Mutation NB - Maternal Origin,Transition - Purine/Purine,G>A
26862341,rs28827910,TT,CC,CC,100,73,12,NC_000015.10,Mutation NB - Paternal Origin,Transition - Pyrimidine/Pyrimidine,T>C
27702020,rs1580790,GG,AG,AA,79,1,18,NC_000015.10,Mutation NB - Paternal Origin,Transition - Purine/Purine,G>A
36067567,rs789894,CC,CC,CT,100,64,24,NC_000015.10,Mutation NB - Maternal Origin,Transition - Pyrimidine/Pyrimidine,Unsolved
37978569,rs12443080,TT,TT,TC,82,40,99,NC_000015.10,Mutation NB - Maternal Origin,Transition - Pyrimidine/Pyrimidine,Unsolved
38233573,rs12904932,TT,CC,CC,100,70,15,NC_000015.10,Mutation NB - Paternal Origin,Transition - Pyrimidine/Pyrimidine,T>C
40905148,rs1040993658,AA,AA,AG,64,7,99,NC_000015.10,Mutation NB - Maternal Origin,Transition - Purine/Purine,Unsolved
41561886,.,CC,CC,CG,70,97,44,NC_000015.10,Mutation NB - Paternal Origin,Transversion - Purine/Pyrimidine,Unsolved
43412267,rs690263,CC,CC,CG,88,91,58,NC_000015.10,Mutation NB - Paternal Origin,Transversion - Purine/Pyrimidine,Unsolved
44110505,.,TT,TT,TC,70,67,56,NC_000015.10,Mutation NB - Maternal Origin,Transition - Pyrimidine/Pyrimidine,Unsolved
45094091,.,AA,AA,AG,85,85,62,NC_000015.10,Mutation NB - Paternal or Maternal,Transition - Purine/Purine,Unsolved
45809383,rs2248216,AA,GG,GG,88,82,0,NC_000015.10,Mutation NB - Paternal Origin,Transition - Purine/Purine,A>G
45837860,rs7174097,CG,CC,GG,1,19,30,NC_000015.10,Mutation NB - Maternal Origin,Transversion - Purine/Pyrimidine,C>G
46105412,rs7162264,GG,GG,GT,100,88,18,NC_000015.10,Mutation NB - Maternal Origin,Transversion - Purine/Pyrimidine,Unsolved
46627369,rs510080,AA,GG,AA,73,70,0,NC_000015.10,Mutation NB - Maternal Origin,Transition - Purine/Purine,G>A
47459640,rs11070586,AA,TT,TT,100,82,12,NC_000015.10,Mutation NB - Paternal Origin,Transversion - Purine/Pyrimidine,A>T
50192549,rs4238382,AA,TT,AA,79,100,27,NC_000015.10,Mutation NB - Maternal Origin,Transversion - Purine/Pyrimidine,T>A
50431051,.,AA,AA,AG,76,58,47,NC_000015.10,Mutation NB - Maternal Origin,Transition - Purine/Purine,Unsolved
51751680,rs76930538,GG,AA,AA,70,85,12,NC_000015.10,Mutation NB - Paternal Origin,Transition - Purine/Purine,G>A
53936494,rs12185070,AA,CC,CC,85,85,9,NC_000015.10,Mutation NB - Paternal Origin,Transversion - Purine/Pyrimidine,A>C
57386438,rs1706396,GG,AA,AA,82,82,15,NC_000015.10,Mutation NB - Paternal Origin,Transition - Purine/Purine,G>A
57402415,rs1396229016,TT,TT,TC,88,43,60,NC_000015.10,Mutation NB - Maternal Origin,Transition - Pyrimidine/Pyrimidine,Unsolved
57868014,rs74794218,AA,AA,AC,100,64,75,NC_000015.10,Mutation NB - Maternal Origin,Transversion - Purine/Pyrimidine,Unsolved
59225149,.,TT,TT,TC,76,73,48,NC_000015.10,Mutation NB - Maternal Origin,Transition - Pyrimidine/Pyrimidine,Unsolved
61701104,rs13380413,TT,GG,GG,91,91,0,NC_000015.10,Mutation NB - Paternal Origin,Transversion - Purine/Pyrimidine,T>G
62284930,.,TT,TT,TC,88,91,65,NC_000015.10,Mutation NB - Paternal Origin,Transition - Pyrimidine/Pyrimidine,Unsolved
63436290,rs141953048,CC,CC,CT,100,79,33,NC_000015.10,Mutation NB - Maternal Origin,Transition - Pyrimidine/Pyrimidine,Unsolved
63805938,rs4267257,AG,AA,GG,1,85,3,NC_000015.10,Mutation NB - Maternal Origin,Transition - Purine/Purine,A>G
67180345,rs7178824,GG,GG,CC,100,100,12,NC_000015.10,Mutation NB - Paternal or Maternal,Transversion - Purine/Pyrimidine,Unsolved
67360843,.,AA,AA,AG,79,61,65,NC_000015.10,Mutation NB - Maternal Origin,Transition - Purine/Purine,Unsolved
67576687,rs6494672,GG,AG,AA,88,2,0,NC_000015.10,Mutation NB - Paternal Origin,Transition - Purine/Purine,G>A
68275143,rs924983949,TT,TT,TC,46,25,68,NC_000015.10,Mutation NB - Maternal Origin,Transition - Pyrimidine/Pyrimidine,Unsolved
68331837,rs7167822,TT,CC,TT,82,85,18,NC_000015.10,Mutation NB - Maternal Origin,Transition - Pyrimidine/Pyrimidine,C>T
68342057,rs2169214,TT,GT,GG,76,1,15,NC_000015.10,Mutation NB - Paternal Origin,Transversion - Purine/Pyrimidine,T>G
68558403,rs1975513,TT,TT,TC,100,52,99,NC_000015.10,Mutation NB - Maternal Origin,Transition - Pyrimidine/Pyrimidine,Unsolved
68575236,rs11631477,CC,CC,CT,100,67,99,NC_000015.10,Mutation NB - Maternal Origin,Transition - Pyrimidine/Pyrimidine,Unsolved
71724183,rs12437539,AA,GG,AA,91,100,33,NC_000015.10,Mutation NB - Maternal Origin,Transition - Purine/Purine,G>A
72649051,rs2249314,AA,AA,AG,100,61,99,NC_000015.10,Mutation NB - Maternal Origin,Transition - Purine/Purine,Unsolved
73369652,rs1378651078,CC,CC,CA,73,73,47,NC_000015.10,Mutation NB - Paternal or Maternal,Transversion - Purine/Pyrimidine,Unsolved
73730676,rs2279154,AA,GG,AA,76,100,48,NC_000015.10,Mutation NB - Maternal Origin,Transition - Purine/Purine,G>A
74169466,rs1260025604,GG,GG,GA,91,76,47,NC_000015.10,Mutation NB - Maternal Origin,Transition - Purine/Purine,Unsolved
77552174,rs907372,GG,TT,TT,100,40,78,NC_000015.10,Mutation NB - Paternal Origin,Transversion - Purine/Pyrimidine,G>T
78608359,rs138544659,GG,TT,GG,85,100,54,NC_000015.10,Mutation NB - Maternal Origin,Transition - Purine/Purine,Transversion - Purine/Pyrimidine,T>G
79846229,rs2733103,CC,CC,CT,91,100,95,NC_000015.10,Mutation NB - Paternal Origin,Transition - Pyrimidine/Pyrimidine,Unsolved
80038109,.,TT,TT,TC,61,76,47,NC_000015.10,Mutation NB - Paternal Origin,Transition - Pyrimidine/Pyrimidine,Unsolved
80308127,rs4778783,CG,GG,CC,38,55,0,NC_000015.10,Mutation NB - Maternal Origin,Transversion - Purine/Pyrimidine,G>C
81414854,.,TT,TT,TC,76,1,62,NC_000015.10,Mutation NB - Maternal Origin,Transition - Pyrimidine/Pyrimidine,Unsolved
81692111,rs7180569,GG,AA,AA,91,82,18,NC_000015.10,Mutation NB - Paternal Origin,Transition - Purine/Purine,G>A
86007096,rs72748012,GG,GG,GT,100,70,30,NC_000015.10,Mutation NB - Maternal Origin,Transversion - Purine/Pyrimidine,Unsolved
86147239,rs4887324,GT,TT,GG,35,76,0,NC_000015.10,Mutation NB - Maternal Origin,Transversion - Purine/Pyrimidine,T>G
86935991,rs7166106,TT,TC,CC,82,1,33,NC_000015.10,Mutation NB - Paternal Origin,Transition - Pyrimidine/Pyrimidine,T>C
86936056,rs4887521,CC,CG,GG,85,1,45,NC_000015.10,Mutation NB - Paternal Origin,Transversion - Purine/Pyrimidine,C>G
91302079,.,AA,AA,AG,88,40,65,NC_000015.10,Mutation NB - Maternal Origin,Transition - Purine/Purine,Unsolved
91967883,rs2138849,TT,GG,GG,85,55,90,NC_000015.10,Mutation NB - Paternal Origin,Transversion - Purine/Pyrimidine,T>G
92417767,rs3848152,GG,AA,GG,91,91,0,NC_000015.10,Mutation NB - Maternal Origin,Transition - Purine/Purine,A>G
92417782,rs3848153,CC,TT,CC,91,91,0,NC_000015.10,Mutation NB - Maternal Origin,Transition - Pyrimidine/Pyrimidine,T>C
93135692,rs7180858,GG,TT,TT,91,58,9,NC_000015.10,Mutation NB - Paternal Origin,Transversion - Purine/Pyrimidine,G>T
95228917,rs969587,AA,TT,AA,76,58,0,NC_000015.10,Mutation NB - Maternal Origin,Transversion - Purine/Pyrimidine,T>A
98519321,rs11630542,GG,CC,CC,91,73,12,NC_000015.10,Mutation NB - Paternal Origin,Transversion - Purine/Pyrimidine,G>C
98519322,rs76482136,AA,TT,TT,91,73,12,NC_000015.10,Mutation NB - Paternal Origin,Transversion - Purine/Pyrimidine,A>T
99148802,rs1703761,TT,CT,CC,73,1,24,NC_000015.10,Mutation NB - Paternal Origin,Transition - Pyrimidine/Pyrimidine,T>C
99969876,rs12903084,AA,AA,AG,100,85,65,NC_000015.10,Mutation NB - Maternal Origin,Transition - Purine/Purine,Unsolved
100103281,.,GG,GG,GA,73,82,56,NC_000015.10,Mutation NB - Paternal Origin,Transition - Purine/Purine,Unsolved
100635619,.,CC,CC,CT,100,100,68,NC_000015.10,Mutation NB - Paternal or Maternal,Transition - Pyrimidine/Pyrimidine,Unsolved
100899614,rs56063524,AC,AA,CC,35,85,9,NC_000015.10,Mutation NB - Maternal Origin,A>C
101394081,rs10400809,CC,TC,TT,85,32,9,NC_000015.10,Mutation NB - Paternal Origin,Transition - Pyrimidine/Pyrimidine,C>T
276826,rs3809656,CC,GG,CC,88,79,0,NC_000016.10,Mutation NB - Maternal Origin,Transversion - Purine/Pyrimidine,G>C
833130,rs4984936,TT,GG,TT,70,88,0,NC_000016.10,Mutation NB - Maternal Origin,Transversion - Purine/Pyrimidine,G>T
1607317,.,AA,AA,AG,85,43,56,NC_000016.10,Mutation NB - Maternal Origin,Transition - Purine/Purine,Unsolved
1768151,rs2076430,CT,CC,TT,1,100,99,NC_000016.10,Mutation NB - Maternal Origin,Transversion - Purine/Pyrimidine,C>T
1768152,rs2437734,CC,TT,CC,43,100,99,NC_000016.10,Mutation NB - Maternal Origin,Transition - Pyrimidine/Pyrimidine,T>C
1982874,rs2238412,CC,CC,CT,79,37,99,NC_000016.10,Mutation NB - Maternal Origin,Transition - Pyrimidine/Pyrimidine,Unsolved
2933137,rs2074363,TT,CC,CC,88,91,39,NC_000016.10,Mutation NB - Paternal Origin,Transition - Pyrimidine/Pyrimidine,T>C
3267178,rs1149487,TT,CC,CC,91,73,0,NC_000016.10,Mutation NB - Paternal Origin,Transition - Pyrimidine/Pyrimidine,T>C
3357258,rs4578649,AA,AG,GG,73,2,8,NC_000016.10,Mutation NB - Paternal Origin,Transition - Purine/Purine,A>G
4023669,rs142702928,TT,TT,TC,100,82,86,NC_000016.10,Mutation NB - Maternal Origin,Transition - Pyrimidine/Pyrimidine,Unsolved
5078901,rs2110338,CC,TC,TT,88,76,0,NC_000016.10,Mutation NB - Paternal Origin,Transition - Pyrimidine/Pyrimidine,C>T
5196224,rs75384490,AA,GG,GG,88,85,24,NC_000016.10,Mutation NB - Paternal Origin,Transition - Purine/Purine,A>G
7394820,rs1361249383,GG,GG,GA,85,58,47,NC_000016.10,Mutation NB - Maternal Origin,Transition - Purine/Purine,Unsolved
8217041,rs151157622,AA,AA,AG,100,46,99,NC_000016.10,Mutation NB - Maternal Origin,Transition - Purine/Purine,Unsolved
8485180,rs968660769,GG,GG,GA,79,55,72,NC_000016.10,Mutation NB - Maternal Origin,Transition - Purine/Purine,Unsolved
8485181,rs978665111,GG,GG,GA,79,76,72,NC_000016.10,Mutation NB - Maternal Origin,Transition - Purine/Purine,Unsolved
9443528,rs12599915,GA,AA,GG,67,91,0,NC_000016.10,Mutation NB - Maternal Origin,Transition - Purine/Purine,A>G
9681303,rs11639989,CG,CC,GG,42,88,9,NC_000016.10,Mutation NB - Maternal Origin,Transversion - Purine/Pyrimidine,C>G
9681324,rs11639697,GT,GG,TT,42,88,9,NC_000016.10,Mutation NB - Maternal Origin,Transversion - Purine/Pyrimidine,G>T
9681339,rs1420046,CG,GG,CC,36,88,9,NC_000016.10,Mutation NB - Maternal Origin,Transversion - Purine/Pyrimidine,G>C
11413163,rs8047823,AA,GG,GG,73,73,12,NC_000016.10,Mutation NB - Paternal Origin,Transition - Purine/Purine,A>G
12258420,.,GG,GG,GA,73,79,50,NC_000016.10,Mutation NB - Paternal Origin,Transition - Purine/Purine,Unsolved
12496319,rs9806891,CT,TT,CC,1,85,36,NC_000016.10,Mutation NB - Maternal Origin,Transition - Pyrimidine/Pyrimidine,T>C
12496813,rs11639922,GG,AG,AA,88,1,24,NC_000016.10,Mutation NB - Paternal Origin,Transition - Purine/Purine,G>A
12512823,rs9932336,AA,AA,AG,100,76,65,NC_000016.10,Mutation NB - Maternal Origin,Transition - Purine/Purine,Unsolved
12588099,rs11865055,CC,GG,CC,82,100,15,NC_000016.10,Mutation NB - Maternal Origin,Transversion - Purine/Pyrimidine,G>C
12588389,rs11075108,AA,GG,AA,91,91,12,NC_000016.10,Mutation NB - Maternal Origin,Transition - Purine/Purine,G>A
13424225,rs60043487,CC,TT,TT,82,61,0,NC_000016.10,Mutation NB - Paternal Origin,Transition - Pyrimidine/Pyrimidine,C>T
13637603,rs4781517,GG,TT,GG,85,100,12,NC_000016.10,Mutation NB - Maternal Origin,Transition - Purine/Purine,Transversion - Purine/Pyrimidine,T>G
13766628,.,GG,GG,GA,88,70,44,NC_000016.10,Mutation NB - Maternal Origin,Transition - Purine/Purine,Unsolved
13829511,rs35374379,AA,TT,TT,88,64,12,NC_000016.10,Mutation NB - Paternal Origin,Transversion - Purine/Pyrimidine,A>T
14285979,rs246173,AA,AA,AG,91,85,71,NC_000016.10,Mutation NB - Maternal Origin,Transition - Purine/Purine,Unsolved
20668830,rs16970500,GG,GG,TG,91,91,18,NC_000016.10,Mutation NB - Paternal or Maternal,Transversion - Purine/Pyrimidine,Unsolved
23790586,.,TT,TT,TC,55,46,50,NC_000016.10,Mutation NB - Maternal Origin,Transition - Pyrimidine/Pyrimidine,Unsolved
24092730,.,AA,AA,AG,82,31,68,NC_000016.10,Mutation NB - Maternal Origin,Transition - Purine/Purine,Unsolved
26623986,rs237166,AA,GG,GG,76,82,0,NC_000016.10,Mutation NB - Paternal Origin,Transition - Purine/Purine,A>G
27025725,rs77552565,TT,GT,GG,85,1,0,NC_000016.10,Mutation NB - Paternal Origin,Transversion - Purine/Pyrimidine,T>G
27870855,rs12920776,GG,AA,GG,76,58,55,NC_000016.10,Mutation NB - Maternal Origin,Transition - Purine/Purine,A>G
29288088,rs13337460,CT,CC,TT,18,85,27,NC_000016.10,Mutation NB - Maternal Origin,Transversion - Purine/Pyrimidine,C>T
30028857,rs7204852,CC,CC,CG,88,88,62,NC_000016.10,Mutation NB - Paternal or Maternal,Transversion - Purine/Pyrimidine,Unsolved
48629753,rs28481630,GG,CC,CC,88,82,15,NC_000016.10,Mutation NB - Paternal Origin,Transversion - Purine/Pyrimidine,G>C
48759317,rs13339037,GG,GG,GC,100,76,98,NC_000016.10,Mutation NB - Maternal Origin,Transition - Purine/Purine,Transversion - Purine/Pyrimidine,Unsolved
49623720,rs933564,CC,TT,CC,79,85,0,NC_000016.10,Mutation NB - Maternal Origin,Transition - Pyrimidine/Pyrimidine,T>C
50239384,rs7190107,TT,AA,TT,85,52,0,NC_000016.10,Mutation NB - Maternal Origin,Transversion - Purine/Pyrimidine,A>T
50298262,rs7191958,GG,AG,AA,91,1,15,NC_000016.10,Mutation NB - Paternal Origin,Transition - Purine/Purine,G>A
54317823,rs752173,CC,TT,TT,100,40,48,NC_000016.10,Mutation NB - Paternal Origin,Transition - Pyrimidine/Pyrimidine,C>T
54950676,rs7185730,GG,GG,GA,100,88,99,NC_000016.10,Mutation NB - Maternal Origin,Transition - Purine/Purine,Unsolved
55068934,rs4783870,GG,GG,CC,100,100,39,NC_000016.10,Mutation NB - Paternal or Maternal,Transversion - Purine/Pyrimidine,Unsolved
55074198,rs16954228,GG,GG,GA,100,79,99,NC_000016.10,Mutation NB - Maternal Origin,Transition - Purine/Purine,Unsolved
55124503,rs2397372,TT,GG,GG,100,91,42,NC_000016.10,Mutation NB - Paternal Origin,Transversion - Purine/Pyrimidine,T>G
55502817,.,CC,CC,CT,67,88,52,NC_000016.10,Mutation NB - Paternal Origin,Transition - Pyrimidine/Pyrimidine,Unsolved
57558986,rs141572371,CC,CC,CT,100,91,68,NC_000016.10,Mutation NB - Maternal Origin,Transition - Pyrimidine/Pyrimidine,Unsolved
57957113,rs16959598,AG,GG,AA,67,88,27,NC_000016.10,Mutation NB - Maternal Origin,Transition - Purine/Purine,G>A
58920764,rs13335427,TT,CC,CC,82,88,18,NC_000016.10,Mutation NB - Paternal Origin,Transition - Pyrimidine/Pyrimidine,T>C
58921044,rs115317180,AA,AG,GG,91,70,9,NC_000016.10,Mutation NB - Paternal Origin,Transition - Purine/Purine,A>G
59130552,rs4598902,GA,AA,GG,1,73,0,NC_000016.10,Mutation NB - Maternal Origin,Transition - Purine/Purine,A>G
61457952,.,AA,AA,AG,52,52,42,NC_000016.10,Mutation NB - Paternal or Maternal,Transition - Purine/Purine,Unsolved
65906697,rs385488,CC,TT,CC,82,79,0,NC_000016.10,Mutation NB - Maternal Origin,Transition - Pyrimidine/Pyrimidine,T>C
66954542,rs377212074,CC,AC,AA,92,97,0,NC_000016.10,Mutation NB - Paternal Origin,Transversion - Purine/Pyrimidine,C>A
68368783,rs9931501,GG,GG,AG,88,49,99,NC_000016.10,Mutation NB - Maternal Origin,Transition - Purine/Purine,Unsolved
68651292,rs562310431,GG,GG,GA,61,88,41,NC_000016.10,Mutation NB - Paternal Origin,Transition - Purine/Purine,Unsolved
75394576,rs468079,AA,GG,GG,91,82,21,NC_000016.10,Mutation NB - Paternal Origin,Transition - Purine/Purine,A>G
75866991,rs7203789,TT,AA,TT,58,100,24,NC_000016.10,Mutation NB - Maternal Origin,Transversion - Purine/Pyrimidine,A>T
78275223,rs1124584,TC,CC,TT,1,70,0,NC_000016.10,Mutation NB - Maternal Origin,Transversion - Purine/Pyrimidine,C>T
78902174,rs559481480,CC,CC,CT,49,73,68,NC_000016.10,Mutation NB - Paternal Origin,Transition - Pyrimidine/Pyrimidine,Unsolved
81264097,rs12923433,GG,GG,AG,76,40,99,NC_000016.10,Mutation NB - Maternal Origin,Transition - Purine/Purine,Unsolved
81704864,rs67199619,TT,TT,TG,100,73,99,NC_000016.10,Mutation NB - Maternal Origin,Transition - Pyrimidine/Pyrimidine,Transversion - Purine/Pyrimidine,Unsolved
81704920,rs67044703,CC,CC,CT,100,73,99,NC_000016.10,Mutation NB - Maternal Origin,Transition - Pyrimidine/Pyrimidine,Unsolved
82723094,rs922301,CC,TT,CC,91,91,9,NC_000016.10,Mutation NB - Maternal Origin,Transition - Pyrimidine/Pyrimidine,T>C
82840686,rs8055035,CC,AA,CC,73,85,21,NC_000016.10,Mutation NB - Maternal Origin,Transversion - Purine/Pyrimidine,A>C
83272654,rs16960065,CC,CC,CG,100,79,67,NC_000016.10,Mutation NB - Maternal Origin,Transversion - Purine/Pyrimidine,Unsolved
83272966,rs8182199,GA,GG,AA,67,91,12,NC_000016.10,Mutation NB - Maternal Origin,Transition - Purine/Purine,G>A
83788013,rs13336343,AA,AA,AG,91,88,62,NC_000016.10,Mutation NB - Maternal Origin,Transition - Purine/Purine,Unsolved
83947544,rs11149613,CC,TT,CC,76,79,0,NC_000016.10,Mutation NB - Maternal Origin,Transition - Pyrimidine/Pyrimidine,T>C
84199012,rs4782901,GG,AA,GG,100,88,0,NC_000016.10,Mutation NB - Maternal Origin,Transition - Purine/Purine,A>G
84506132,rs556634,TT,TT,CT,91,91,99,NC_000016.10,Mutation NB - Paternal or Maternal,Transition - Pyrimidine/Pyrimidine,Unsolved
84678448,rs113734828,CC,CC,CG,91,100,99,NC_000016.10,Mutation NB - Paternal Origin,Transversion - Purine/Pyrimidine,Unsolved
84678451,rs113837869,AA,AA,AG,91,100,99,NC_000016.10,Mutation NB - Paternal Origin,Transition - Purine/Purine,Unsolved
85003692,rs7192289,AA,CC,CC,100,88,15,NC_000016.10,Mutation NB - Paternal Origin,Transversion - Purine/Pyrimidine,A>C
85011392,.,AA,AA,AG,46,46,41,NC_000016.10,Mutation NB - Paternal or Maternal,Transition - Purine/Purine,Unsolved
85011450,rs2270846,GA,GG,AA,1,100,18,NC_000016.10,Mutation NB - Maternal Origin,Transition - Purine/Purine,G>A
85142142,rs11149713,AA,TT,TT,79,43,60,NC_000016.10,Mutation NB - Paternal Origin,Transversion - Purine/Pyrimidine,A>T
85762118,rs988212426,TT,TT,TC,85,85,56,NC_000016.10,Mutation NB - Paternal or Maternal,Transition - Pyrimidine/Pyrimidine,Unsolved
86094548,rs7198119,GG,GG,GC,100,64,50,NC_000016.10,Mutation NB - Maternal Origin,Transition - Purine/Purine,Transversion - Purine/Pyrimidine,Unsolved
86227280,rs1704444,CC,CC,TC,79,91,68,NC_000016.10,Mutation NB - Paternal Origin,Transition - Pyrimidine/Pyrimidine,Unsolved
87256069,rs9925600,AA,CC,CC,100,91,15,NC_000016.10,Mutation NB - Paternal Origin,Transversion - Purine/Pyrimidine,A>C
87829507,rs60120326,GG,GG,GA,100,100,27,NC_000016.10,Mutation NB - Paternal or Maternal,Transition - Purine/Purine,Unsolved
87835368,rs7186542,CC,CC,CG,91,100,30,NC_000016.10,Mutation NB - Paternal Origin,Transversion - Purine/Pyrimidine,Unsolved
88479997,rs56071907,CC,CC,CT,100,88,68,NC_000016.10,Mutation NB - Maternal Origin,Transition - Pyrimidine/Pyrimidine,Unsolved
88589033,.,TT,TT,TC,91,67,50,NC_000016.10,Mutation NB - Maternal Origin,Transition - Pyrimidine/Pyrimidine,Unsolved
88758661,rs735818,GG,GG,GA,100,52,99,NC_000016.10,Mutation NB - Maternal Origin,Transition - Purine/Purine,Unsolved
88857749,rs1646239,CC,CC,GC,85,91,65,NC_000016.10,Mutation NB - Paternal Origin,Transversion - Purine/Pyrimidine,Unsolved
1468179,rs8079811,CC,GG,GG,91,85,33,NC_000017.11,Mutation NB - Paternal Origin,Transversion - Purine/Pyrimidine,C>G
1488503,rs34582191,CC,CC,CT,91,85,72,NC_000017.11,Mutation NB - Maternal Origin,Transition - Pyrimidine/Pyrimidine,Unsolved
1956614,rs12603209,TT,CC,CC,82,34,48,NC_000017.11,Mutation NB - Paternal Origin,Transition - Pyrimidine/Pyrimidine,T>C
3534361,.,CC,CC,CT,82,73,44,NC_000017.11,Mutation NB - Maternal Origin,Transition - Pyrimidine/Pyrimidine,Unsolved
3534518,rs4790146,GG,GG,GC,82,100,99,NC_000017.11,Mutation NB - Paternal Origin,Transition - Purine/Purine,Transversion - Purine/Pyrimidine,Unsolved
5797796,rs60011242,CC,CC,CT,100,91,99,NC_000017.11,Mutation NB - Maternal Origin,Transition - Pyrimidine/Pyrimidine,Unsolved
7072858,.,AA,AA,AG,70,73,68,NC_000017.11,Mutation NB - Paternal Origin,Transition - Purine/Purine,Unsolved
8147419,rs885747,GG,CC,CC,88,97,75,NC_000017.11,Mutation NB - Paternal Origin,Transversion - Purine/Pyrimidine,G>C
8503856,rs12939638,AA,AA,AG,100,64,99,NC_000017.11,Mutation NB - Maternal Origin,Transition - Purine/Purine,Unsolved
10616725,rs201623,CC,CC,CA,91,76,99,NC_000017.11,Mutation NB - Maternal Origin,Transversion - Purine/Pyrimidine,Unsolved
11969441,.,AA,AA,AG,31,22,55,NC_000017.11,Mutation NB - Maternal Origin,Transition - Purine/Purine,Unsolved
12424250,rs12452790,GG,TT,GG,91,85,0,NC_000017.11,Mutation NB - Maternal Origin,Transition - Purine/Purine,Transversion - Purine/Pyrimidine,T>G
12893537,rs1170877690,AA,AA,AG,70,49,56,NC_000017.11,Mutation NB - Maternal Origin,Transition - Purine/Purine,Unsolved
12982737,rs1056784154,AA,AA,AG,58,1,74,NC_000017.11,Mutation NB - Maternal Origin,Transition - Purine/Purine,Unsolved
14041969,rs11649962,CC,CC,AA,91,91,12,NC_000017.11,Mutation NB - Paternal or Maternal,Transversion - Purine/Pyrimidine,Unsolved
14214987,rs4792448,AA,AG,GG,100,76,15,NC_000017.11,Mutation NB - Paternal Origin,Transition - Purine/Purine,A>G
14318263,rs78838348,CT,CC,TT,33,73,12,NC_000017.11,Mutation NB - Maternal Origin,Transversion - Purine/Pyrimidine,C>T
14403912,rs9913599,GG,GG,GA,82,100,68,NC_000017.11,Mutation NB - Paternal Origin,Transition - Purine/Purine,Unsolved
15388925,rs72818914,CC,TT,CC,67,73,18,NC_000017.11,Mutation NB - Maternal Origin,Transition - Pyrimidine/Pyrimidine,T>C
15389066,rs10852831,CC,TT,CC,55,58,9,NC_000017.11,Mutation NB - Maternal Origin,Transition - Pyrimidine/Pyrimidine,T>C
21010971,rs10512422,CC,GG,GG,91,88,9,NC_000017.11,Mutation NB - Paternal Origin,Transversion - Purine/Pyrimidine,C>G
21385725,rs55865652,TT,CC,CC,88,49,39,NC_000017.11,Mutation NB - Paternal Origin,Transition - Pyrimidine/Pyrimidine,T>C
27001852,.,TT,TT,TC,64,34,53,NC_000017.11,Mutation NB - Maternal Origin,Transition - Pyrimidine/Pyrimidine,Unsolved
27810348,rs2779254,AA,CA,CC,82,4,0,NC_000017.11,Mutation NB - Paternal Origin,Transversion - Purine/Pyrimidine,A>C
28520969,rs76979848,CC,CC,CT,28,100,99,NC_000017.11,Mutation NB - Paternal Origin,Transition - Pyrimidine/Pyrimidine,Unsolved
32256603,rs9906766,AA,AA,GA,91,67,92,NC_000017.11,Mutation NB - Maternal Origin,Transition - Purine/Purine,Unsolved
33547822,rs57177930,TT,TT,TC,88,100,99,NC_000017.11,Mutation NB - Paternal Origin,Transition - Pyrimidine/Pyrimidine,Unsolved
33601549,.,GG,GG,GA,76,55,47,NC_000017.11,Mutation NB - Maternal Origin,Transition - Purine/Purine,Unsolved
34488055,rs12051749,GG,CC,GG,67,70,9,NC_000017.11,Mutation NB - Maternal Origin,Transversion - Purine/Pyrimidine,C>G
35549106,.,TT,TT,TC,58,70,44,NC_000017.11,Mutation NB - Paternal Origin,Transition - Pyrimidine/Pyrimidine,Unsolved
41945521,rs79175247,TT,AA,AA,82,91,27,NC_000017.11,Mutation NB - Paternal Origin,Transversion - Purine/Pyrimidine,T>A
47772349,rs11079789,GG,AA,AA,85,91,9,NC_000017.11,Mutation NB - Paternal Origin,Transition - Purine/Purine,G>A
48709194,rs7215226,AA,GG,GG,88,91,18,NC_000017.11,Mutation NB - Paternal Origin,Transition - Purine/Purine,A>G
54980532,rs9903444,CT,CC,TT,67,79,24,NC_000017.11,Mutation NB - Maternal Origin,Transversion - Purine/Pyrimidine,C>T
55393744,rs4476230,TG,TT,GG,32,91,9,NC_000017.11,Mutation NB - Maternal Origin,Transversion - Purine/Pyrimidine,T>G
56877453,.,TT,TT,TC,49,67,74,NC_000017.11,Mutation NB - Paternal Origin,Transition - Pyrimidine/Pyrimidine,Unsolved
57284462,.,TT,TT,TC,76,64,44,NC_000017.11,Mutation NB - Maternal Origin,Transition - Pyrimidine/Pyrimidine,Unsolved
58927426,rs1971659,AA,GG,GG,91,64,15,NC_000017.11,Mutation NB - Paternal Origin,Transition - Purine/Purine,A>G
59113084,.,AA,AA,AG,88,85,44,NC_000017.11,Mutation NB - Maternal Origin,Transition - Purine/Purine,Unsolved
63165536,rs9895619,GG,AA,AA,100,70,15,NC_000017.11,Mutation NB - Paternal Origin,Transition - Purine/Purine,G>A
63933143,rs12452767,GG,GG,GA,73,100,99,NC_000017.11,Mutation NB - Paternal Origin,Transition - Purine/Purine,Unsolved
66276134,.,TT,TT,TC,82,82,47,NC_000017.11,Mutation NB - Paternal or Maternal,Transition - Pyrimidine/Pyrimidine,Unsolved
66386448,rs9891191,CC,CC,TT,88,79,30,NC_000017.11,Mutation NB - Maternal Origin,Transition - Pyrimidine/Pyrimidine,Unsolved
66386457,rs9652866,TT,TT,GG,88,40,30,NC_000017.11,Mutation NB - Maternal Origin,Transition - Purine/Purine,Transversion - Purine/Pyrimidine,Unsolved
67299002,rs117346268,GG,GG,GA,88,100,65,NC_000017.11,Mutation NB - Paternal Origin,Transition - Purine/Purine,Unsolved
67474838,rs2949919,AA,GG,AA,100,91,0,NC_000017.11,Mutation NB - Maternal Origin,Transition - Purine/Purine,G>A
68544006,.,AA,AA,AT,85,55,62,NC_000017.11,Mutation NB - Maternal Origin,Transversion - Purine/Pyrimidine,Unsolved
70594485,rs12949221,TT,CC,TT,88,40,21,NC_000017.11,Mutation NB - Maternal Origin,Transition - Pyrimidine/Pyrimidine,C>T
70984252,.,AA,AA,AG,91,58,47,NC_000017.11,Mutation NB - Maternal Origin,Transition - Purine/Purine,Unsolved
72663749,rs16977310,GG,GA,AA,91,28,9,NC_000017.11,Mutation NB - Paternal Origin,Transition - Purine/Purine,G>A
73199694,rs1009111,TT,TC,CC,100,70,12,NC_000017.11,Mutation NB - Paternal Origin,Transition - Pyrimidine/Pyrimidine,T>C
73453385,rs373250909,TT,CT,CC,96,57,0,NC_000017.11,Mutation NB - Paternal Origin,Transition - Pyrimidine/Pyrimidine,T>C
73723093,rs2620010,GG,GT,TT,73,1,21,NC_000017.11,Mutation NB - Paternal Origin,Transversion - Purine/Pyrimidine,G>T
73825194,.,AA,AA,AG,79,73,56,NC_000017.11,Mutation NB - Maternal Origin,Transition - Purine/Purine,Unsolved
73986683,rs75839894,CC,TT,CC,16,19,78,NC_000017.11,Mutation NB - Maternal Origin,Transition - Pyrimidine/Pyrimidine,T>C
74008194,rs7503924,TT,CC,TT,88,82,12,NC_000017.11,Mutation NB - Maternal Origin,Transition - Pyrimidine/Pyrimidine,C>T
74550826,rs1699567,GG,AG,AA,85,1,60,NC_000017.11,Mutation NB - Paternal Origin,Transition - Purine/Purine,G>A
75020526,rs1044228,CT,TT,CC,1,85,96,NC_000017.11,Mutation NB - Maternal Origin,Transition - Pyrimidine/Pyrimidine,T>C
75773459,rs56936829,CC,CC,CT,100,49,99,NC_000017.11,Mutation NB - Maternal Origin,Transition - Pyrimidine/Pyrimidine,Unsolved
75916309,rs116063622,CC,AA,CC,88,88,15,NC_000017.11,Mutation NB - Maternal Origin,Transversion - Purine/Pyrimidine,A>C
76124400,rs2585740,CC,TT,TT,100,79,30,NC_000017.11,Mutation NB - Paternal Origin,Transition - Pyrimidine/Pyrimidine,C>T
76124410,rs2598442,CC,TT,TT,100,79,30,NC_000017.11,Mutation NB - Paternal Origin,Transition - Pyrimidine/Pyrimidine,C>T
76903881,rs76936,AA,GG,AA,88,100,12,NC_000017.11,Mutation NB - Maternal Origin,Transition - Purine/Purine,G>A
76925995,rs76031159,CC,CC,CT,91,82,62,NC_000017.11,Mutation NB - Maternal Origin,Transition - Pyrimidine/Pyrimidine,Unsolved
77407682,rs74000233,GG,AA,GG,88,88,0,NC_000017.11,Mutation NB - Maternal Origin,Transition - Purine/Purine,A>G
77521601,rs1865740,TT,GG,TT,82,100,15,NC_000017.11,Mutation NB - Maternal Origin,Transversion - Purine/Pyrimidine,G>T
77653850,rs7224694,AA,AA,TA,91,64,33,NC_000017.11,Mutation NB - Maternal Origin,Transversion - Purine/Pyrimidine,Unsolved
78269723,rs58724615,CC,TT,CC,88,85,12,NC_000017.11,Mutation NB - Maternal Origin,Transition - Pyrimidine/Pyrimidine,T>C
78510525,rs867654,GG,GA,AA,100,1,15,NC_000017.11,Mutation NB - Paternal Origin,Transition - Purine/Purine,G>A
78630534,rs4796822,CC,CT,TT,91,1,75,NC_000017.11,Mutation NB - Paternal Origin,Transition - Pyrimidine/Pyrimidine,C>T
79152022,.,AA,AA,AG,79,88,56,NC_000017.11,Mutation NB - Paternal Origin,Transition - Purine/Purine,Unsolved
79915166,rs1663187,CC,AA,AA,100,79,15,NC_000017.11,Mutation NB - Paternal Origin,Transversion - Purine/Pyrimidine,C>A
80248862,rs9904116,TT,CC,CC,82,88,18,NC_000017.11,Mutation NB - Paternal Origin,Transition - Pyrimidine/Pyrimidine,T>C
80558253,.,AA,AA,AG,73,10,56,NC_000017.11,Mutation NB - Maternal Origin,Transition - Purine/Purine,Unsolved
80850534,rs6565483,CC,AA,AA,91,91,9,NC_000017.11,Mutation NB - Paternal Origin,Transversion - Purine/Pyrimidine,C>A
81000874,rs9907676,GG,AA,GG,49,55,99,NC_000017.11,Mutation NB - Maternal Origin,Transition - Purine/Purine,A>G
81442163,rs12952981,GG,AA,GG,91,82,0,NC_000017.11,Mutation NB - Maternal Origin,Transition - Purine/Purine,A>G
81547103,rs11552304,GG,GA,AA,88,1,12,NC_000017.11,Mutation NB - Paternal Origin,Transition - Purine/Purine,G>A
81688202,rs11867435,GG,GA,AA,76,1,48,NC_000017.11,Mutation NB - Paternal Origin,Transition - Purine/Purine,G>A
81967678,rs34501582,CC,CC,CT,91,85,99,NC_000017.11,Mutation NB - Maternal Origin,Transition - Pyrimidine/Pyrimidine,Unsolved
82128282,rs6502061,CC,TT,CC,91,76,0,NC_000017.11,Mutation NB - Maternal Origin,Transition - Pyrimidine/Pyrimidine,T>C
82205037,.,GG,GG,GA,46,70,44,NC_000017.11,Mutation NB - Paternal Origin,Transition - Purine/Purine,Unsolved
83170487,.,AA,AA,AG,61,64,43,NC_000017.11,Mutation NB - Paternal Origin,Transition - Purine/Purine,Unsolved
186421,rs149483154,AA,AA,AG,100,79,62,NC_000018.10,Mutation NB - Maternal Origin,Transition - Purine/Purine,Unsolved
2639565,rs4797078,AA,AA,AG,82,82,68,NC_000018.10,Mutation NB - Paternal or Maternal,Transition - Purine/Purine,Unsolved
2842682,rs67613849,AA,GG,GG,52,40,39,NC_000018.10,Mutation NB - Paternal Origin,Transition - Purine/Purine,A>G
3698487,.,TT,TT,TC,55,55,80,NC_000018.10,Mutation NB - Paternal or Maternal,Transition - Pyrimidine/Pyrimidine,Unsolved
5175137,.,AA,AA,AC,67,85,48,NC_000018.10,Mutation NB - Paternal Origin,Transversion - Purine/Pyrimidine,Unsolved
5245544,.,CC,CC,CT,73,55,50,NC_000018.10,Mutation NB - Maternal Origin,Transition - Pyrimidine/Pyrimidine,Unsolved
7023595,rs529821,GG,AG,AA,91,1,9,NC_000018.10,Mutation NB - Paternal Origin,Transition - Purine/Purine,G>A
7348391,.,GG,GG,GA,88,70,53,NC_000018.10,Mutation NB - Maternal Origin,Transition - Purine/Purine,Unsolved
7578165,.,GG,GG,GA,49,7,54,NC_000018.10,Mutation NB - Maternal Origin,Transition - Purine/Purine,Unsolved
11479781,rs489812,CC,TT,TT,88,88,12,NC_000018.10,Mutation NB - Paternal Origin,Transition - Pyrimidine/Pyrimidine,C>T
11951641,rs689390,AA,GG,GG,100,58,66,NC_000018.10,Mutation NB - Paternal Origin,Transition - Purine/Purine,A>G
12046432,rs949231,GA,GG,AA,1,100,15,NC_000018.10,Mutation NB - Maternal Origin,Transition - Purine/Purine,G>A
12047198,rs2851906,AA,AG,GG,100,41,33,NC_000018.10,Mutation NB - Paternal Origin,Transition - Purine/Purine,A>G
12061347,rs12970461,AG,GG,AA,42,91,24,NC_000018.10,Mutation NB - Maternal Origin,Transition - Purine/Purine,G>A
12423989,rs579225,GG,TT,TT,88,91,0,NC_000018.10,Mutation NB - Paternal Origin,Transversion - Purine/Pyrimidine,G>T
13474385,rs116191888,AA,AG,GG,61,1,15,NC_000018.10,Mutation NB - Paternal Origin,Transition - Purine/Purine,A>G
13988537,rs1941099,CG,GG,CC,32,82,15,NC_000018.10,Mutation NB - Maternal Origin,Transversion - Purine/Pyrimidine,G>C
23014493,rs7230571,TT,CC,CC,100,91,9,NC_000018.10,Mutation NB - Paternal Origin,Transition - Pyrimidine/Pyrimidine,T>C
24398723,rs12956161,AG,AA,GG,1,70,18,NC_000018.10,Mutation NB - Maternal Origin,Transition - Purine/Purine,A>G
25598491,.,AA,AA,AG,43,25,50,NC_000018.10,Mutation NB - Maternal Origin,Transition - Purine/Purine,Unsolved
26089633,rs7505331,CC,CC,CT,91,100,72,NC_000018.10,Mutation NB - Paternal Origin,Transition - Pyrimidine/Pyrimidine,Unsolved
27093334,.,GG,GG,GA,85,73,77,NC_000018.10,Mutation NB - Maternal Origin,Transition - Purine/Purine,Unsolved
29176303,.,AA,AA,AG,55,58,56,NC_000018.10,Mutation NB - Paternal Origin,Transition - Purine/Purine,Unsolved
29726860,rs1602737,AA,GG,GG,91,91,12,NC_000018.10,Mutation NB - Paternal Origin,Transition - Purine/Purine,A>G
30175188,rs28754900,GC,CC,GG,40,79,0,NC_000018.10,Mutation NB - Maternal Origin,Transversion - Purine/Pyrimidine,C>G
30208736,rs66907707,TT,TT,TC,76,100,24,NC_000018.10,Mutation NB - Paternal Origin,Transition - Pyrimidine/Pyrimidine,Unsolved
31696845,rs71361341,GA,GG,AA,67,88,9,NC_000018.10,Mutation NB - Maternal Origin,Transition - Purine/Purine,G>A
37436254,rs6507201,GG,GG,GA,73,100,30,NC_000018.10,Mutation NB - Paternal Origin,Transition - Purine/Purine,Unsolved
42661223,rs28812012,GG,AA,GG,82,88,0,NC_000018.10,Mutation NB - Maternal Origin,Transition - Purine/Purine,A>G
44889620,.,TT,TT,TC,19,19,49,NC_000018.10,Mutation NB - Paternal or Maternal,Transition - Pyrimidine/Pyrimidine,Unsolved
45792366,rs7230514,TT,AA,AA,100,61,18,NC_000018.10,Mutation NB - Paternal Origin,Transversion - Purine/Pyrimidine,T>A
45843126,rs72916296,AA,GG,AA,88,82,9,NC_000018.10,Mutation NB - Maternal Origin,Transition - Purine/Purine,G>A
47049869,rs2060416,GG,CC,CC,88,76,36,NC_000018.10,Mutation NB - Paternal Origin,Transversion - Purine/Pyrimidine,G>C
47287573,.,GG,GG,GA,91,52,45,NC_000018.10,Mutation NB - Maternal Origin,Transition - Purine/Purine,Unsolved
48172361,rs9947568,GG,CC,GG,88,100,15,NC_000018.10,Mutation NB - Maternal Origin,Transversion - Purine/Pyrimidine,C>G
48223122,rs11877525,GG,AA,AA,88,88,9,NC_000018.10,Mutation NB - Paternal Origin,Transition - Purine/Purine,G>A
50601657,.,CC,CC,CT,49,1,55,NC_000018.10,Mutation NB - Maternal Origin,Transition - Pyrimidine/Pyrimidine,Unsolved
51203248,rs59537157,AA,CC,CC,88,82,24,NC_000018.10,Mutation NB - Paternal Origin,Transversion - Purine/Pyrimidine,A>C
56056663,.,TT,TT,TC,61,1,53,NC_000018.10,Mutation NB - Maternal Origin,Transition - Pyrimidine/Pyrimidine,Unsolved
57205621,.,TT,TT,TC,91,76,59,NC_000018.10,Mutation NB - Maternal Origin,Transition - Pyrimidine/Pyrimidine,Unsolved
58353561,rs17064859,GG,AA,GG,85,91,12,NC_000018.10,Mutation NB - Maternal Origin,Transition - Purine/Purine,A>G
58353579,rs4940667,GA,GG,AA,73,100,12,NC_000018.10,Mutation NB - Maternal Origin,Transition - Purine/Purine,G>A
58482874,.,TT,TT,TC,85,25,47,NC_000018.10,Mutation NB - Maternal Origin,Transition - Pyrimidine/Pyrimidine,Unsolved
61394746,rs7237834,TT,GG,GG,100,67,15,NC_000018.10,Mutation NB - Paternal Origin,Transversion - Purine/Pyrimidine,T>G
62032515,.,AA,AA,AG,91,79,62,NC_000018.10,Mutation NB - Maternal Origin,Transition - Purine/Purine,Unsolved
63710410,rs1395269,TT,TT,GG,85,100,12,NC_000018.10,Mutation NB - Paternal Origin,Transition - Purine/Purine,Transversion - Purine/Pyrimidine,Unsolved
64418264,.,CC,CC,CT,82,55,46,NC_000018.10,Mutation NB - Maternal Origin,Transition - Pyrimidine/Pyrimidine,Unsolved
66375715,rs4352134,GG,GG,GT,100,85,65,NC_000018.10,Mutation NB - Maternal Origin,Transversion - Purine/Pyrimidine,Unsolved
68019389,rs7234351,AA,CC,AA,91,100,15,NC_000018.10,Mutation NB - Maternal Origin,Transversion - Purine/Pyrimidine,C>A
68693416,rs309225,TC,TT,CC,1,82,21,NC_000018.10,Mutation NB - Maternal Origin,Transition - Pyrimidine/Pyrimidine,T>C
68833069,rs499977,AA,AA,AG,100,100,99,NC_000018.10,Mutation NB - Paternal or Maternal,Transition - Purine/Purine,Unsolved
69495949,rs1596223,GG,GA,AA,85,5,9,NC_000018.10,Mutation NB - Paternal Origin,Transition - Purine/Purine,G>A
71674877,rs1942401,CC,AC,AA,79,1,0,NC_000018.10,Mutation NB - Paternal Origin,Transversion - Purine/Pyrimidine,C>A
71674878,rs1942400,GG,TG,TT,79,1,0,NC_000018.10,Mutation NB - Paternal Origin,Transversion - Purine/Pyrimidine,G>T
72653130,rs8086033,TT,AA,TT,85,88,0,NC_000018.10,Mutation NB - Maternal Origin,Transversion - Purine/Pyrimidine,A>T
74209782,rs57844166,CC,CC,CT,100,79,24,NC_000018.10,Mutation NB - Maternal Origin,Transition - Pyrimidine/Pyrimidine,Unsolved
74487175,rs2346060,AA,AA,AG,91,91,12,NC_000018.10,Mutation NB - Paternal or Maternal,Transition - Purine/Purine,Unsolved
76085448,rs12454528,AA,GG,GG,94,86,16,NC_000018.10,Mutation NB - Paternal Origin,Transition - Purine/Purine,A>G
76641750,rs4891176,AA,GA,GG,88,35,0,NC_000018.10,Mutation NB - Paternal Origin,Transition - Purine/Purine,A>G
78074869,rs4344842,CC,TT,TT,91,79,9,NC_000018.10,Mutation NB - Paternal Origin,Transition - Pyrimidine/Pyrimidine,C>T
79384183,rs9966936,GG,GG,GA,82,82,99,NC_000018.10,Mutation NB - Paternal or Maternal,Transition - Purine/Purine,Unsolved
79517478,rs71366535,AA,GG,GG,91,70,33,NC_000018.10,Mutation NB - Paternal Origin,Transition - Purine/Purine,A>G
79736857,rs579441,GG,AA,GG,88,88,36,NC_000018.10,Mutation NB - Maternal Origin,Transition - Purine/Purine,A>G
80201024,rs11877955,CC,TT,CC,70,82,18,NC_000018.10,Mutation NB - Maternal Origin,Transition - Pyrimidine/Pyrimidine,T>C
509569,rs8106333,TT,TT,CT,91,91,71,NC_000019.10,Mutation NB - Paternal or Maternal,Transition - Pyrimidine/Pyrimidine,Unsolved
605093,rs55839339,GG,GG,GA,100,4,99,NC_000019.10,Mutation NB - Maternal Origin,Transition - Purine/Purine,Unsolved
789890,rs351967,TT,TT,TC,100,91,99,NC_000019.10,Mutation NB - Maternal Origin,Transition - Pyrimidine/Pyrimidine,Unsolved
1314104,rs10421051,GG,AA,AA,91,67,21,NC_000019.10,Mutation NB - Paternal Origin,Transition - Purine/Purine,G>A
1314107,rs57234276,TT,GG,GG,91,67,21,NC_000019.10,Mutation NB - Paternal Origin,Transversion - Purine/Pyrimidine,T>G
2250529,rs8112524,GG,AA,AA,100,46,66,NC_000019.10,Mutation NB - Paternal Origin,Transition - Purine/Purine,G>A
2602451,rs8107038,CC,TT,CC,52,1,0,NC_000019.10,Mutation NB - Maternal Origin,Transition - Pyrimidine/Pyrimidine,T>C
2758124,rs10424287,AA,AA,AG,100,67,68,NC_000019.10,Mutation NB - Maternal Origin,Transition - Purine/Purine,Unsolved
2781327,rs878893,AA,AA,GG,100,91,12,NC_000019.10,Mutation NB - Maternal Origin,Transition - Purine/Purine,Unsolved
4834263,rs11670827,TC,TT,CC,32,100,15,NC_000019.10,Mutation NB - Maternal Origin,Transition - Pyrimidine/Pyrimidine,T>C
6584844,rs10418808,TT,CC,CC,82,88,24,NC_000019.10,Mutation NB - Paternal Origin,Transition - Pyrimidine/Pyrimidine,T>C
6881275,rs11882777,TT,TC,CC,100,1,51,NC_000019.10,Mutation NB - Paternal Origin,Transition - Pyrimidine/Pyrimidine,T>C
7585796,rs11880434,AA,AA,TT,91,88,0,NC_000019.10,Mutation NB - Maternal Origin,Transversion - Purine/Pyrimidine,Unsolved
7767400,rs557094,CC,GG,CC,91,76,21,NC_000019.10,Mutation NB - Maternal Origin,Transversion - Purine/Pyrimidine,G>C
8843883,rs35387559,GG,AA,AA,88,88,24,NC_000019.10,Mutation NB - Paternal Origin,Transition - Purine/Purine,G>A
9393303,rs6512094,TT,CC,CC,100,82,12,NC_000019.10,Mutation NB - Paternal Origin,Transition - Pyrimidine/Pyrimidine,T>C
9393330,rs7246082,TT,CC,CC,100,82,12,NC_000019.10,Mutation NB - Paternal Origin,Transition - Pyrimidine/Pyrimidine,T>C
9456203,rs188238369,CC,CC,CT,100,82,99,NC_000019.10,Mutation NB - Maternal Origin,Transition - Pyrimidine/Pyrimidine,Unsolved
9880961,rs62104260,AC,CC,AA,67,91,0,NC_000019.10,Mutation NB - Maternal Origin,Transversion - Purine/Pyrimidine,C>A
10308162,rs35063123,GG,GG,GA,100,76,99,NC_000019.10,Mutation NB - Maternal Origin,Transition - Purine/Purine,Unsolved
11514640,rs7253585,GG,CG,CC,88,32,54,NC_000019.10,Mutation NB - Paternal Origin,Transversion - Purine/Pyrimidine,G>C
12515340,rs7254035,AA,GG,AA,85,91,24,NC_000019.10,Mutation NB - Maternal Origin,Transition - Purine/Purine,G>A
12767863,.,TT,TT,TC,91,91,53,NC_000019.10,Mutation NB - Paternal or Maternal,Transition - Pyrimidine/Pyrimidine,Unsolved
15280460,rs2047695102,CC,CC,CT,58,55,41,NC_000019.10,Mutation NB - Maternal Origin,Transition - Pyrimidine/Pyrimidine,Unsolved
16124498,rs10410723,CC,CC,AA,100,85,15,NC_000019.10,Mutation NB - Maternal Origin,Transversion - Purine/Pyrimidine,Unsolved
16135947,rs56405081,CC,CT,TT,91,1,30,NC_000019.10,Mutation NB - Paternal Origin,Transition - Pyrimidine/Pyrimidine,C>T
18649764,rs917154641,AA,AA,AC,66,100,78,NC_000019.10,Mutation NB - Paternal Origin,Transversion - Purine/Pyrimidine,Unsolved
18859923,rs4808861,AA,GG,GG,91,79,18,NC_000019.10,Mutation NB - Paternal Origin,Transition - Purine/Purine,A>G
19137402,.,TT,TT,TC,82,91,33,NC_000019.10,Mutation NB - Paternal Origin,Transition - Pyrimidine/Pyrimidine,Unsolved
19160723,rs1001918664,AA,AA,AG,82,55,62,NC_000019.10,Mutation NB - Maternal Origin,Transition - Purine/Purine,Unsolved
19750363,rs247792,TT,TT,TC,100,100,99,NC_000019.10,Mutation NB - Paternal or Maternal,Transition - Pyrimidine/Pyrimidine,Unsolved
24040340,.,GG,GG,GC,67,64,47,NC_000019.10,Mutation NB - Maternal Origin,Transition - Purine/Purine,Transversion - Purine/Pyrimidine,Unsolved
24373845,rs1474566266,AA,AA,AG,100,49,47,NC_000019.10,Mutation NB - Maternal Origin,Transition - Purine/Purine,Unsolved
27324793,rs8189705,AC,AA,CC,35,85,12,NC_000019.10,Mutation NB - Maternal Origin,A>C
27357284,rs71231253,TT,TT,TC,100,100,65,NC_000019.10,Mutation NB - Paternal or Maternal,Transition - Pyrimidine/Pyrimidine,Unsolved
27357297,rs62111167,AA,AA,AG,91,91,61,NC_000019.10,Mutation NB - Paternal or Maternal,Transition - Purine/Purine,Unsolved
28815240,rs7260194,TT,CC,CC,67,28,18,NC_000019.10,Mutation NB - Paternal Origin,Transition - Pyrimidine/Pyrimidine,T>C
30172209,rs11671700,AA,GG,AA,91,79,0,NC_000019.10,Mutation NB - Maternal Origin,Transition - Purine/Purine,G>A
30331812,rs4805549,GG,GT,TT,100,1,27,NC_000019.10,Mutation NB - Paternal Origin,Transversion - Purine/Pyrimidine,G>T
31317919,.,TT,TT,TC,88,70,53,NC_000019.10,Mutation NB - Maternal Origin,Transition - Pyrimidine/Pyrimidine,Unsolved
32635270,rs10405549,TT,TC,CC,85,1,15,NC_000019.10,Mutation NB - Paternal Origin,Transition - Pyrimidine/Pyrimidine,T>C
33719877,rs284669,GA,AA,GG,36,91,0,NC_000019.10,Mutation NB - Maternal Origin,Transition - Purine/Purine,A>G
33758138,rs541625277,TT,GG,TT,82,92,0,NC_000019.10,Mutation NB - Maternal Origin,Transversion - Purine/Pyrimidine,G>T
34350347,rs3786885,GG,GG,GA,79,100,88,NC_000019.10,Mutation NB - Paternal Origin,Transition - Purine/Purine,Unsolved
34421307,rs62123390,GG,AA,AA,85,100,0,NC_000019.10,Mutation NB - Paternal Origin,Transition - Purine/Purine,G>A
34421319,rs62123391,GG,AA,AA,85,100,0,NC_000019.10,Mutation NB - Paternal Origin,Transition - Purine/Purine,G>A
34568466,rs8106541,GG,GG,GA,73,100,99,NC_000019.10,Mutation NB - Paternal Origin,Transition - Purine/Purine,Unsolved
36088765,rs59105883,GG,GA,AA,85,1,33,NC_000019.10,Mutation NB - Paternal Origin,Transition - Purine/Purine,G>A
38135536,rs4803802,GG,GG,GA,43,76,99,NC_000019.10,Mutation NB - Paternal Origin,Transition - Purine/Purine,Unsolved
38506683,rs2915957,TT,TC,CC,91,28,9,NC_000019.10,Mutation NB - Paternal Origin,Transition - Pyrimidine/Pyrimidine,T>C
40434228,rs73046396,CC,CC,CA,100,91,99,NC_000019.10,Mutation NB - Maternal Origin,Transversion - Purine/Pyrimidine,Unsolved
40434232,.,TT,TT,TC,76,91,44,NC_000019.10,Mutation NB - Paternal Origin,Transition - Pyrimidine/Pyrimidine,Unsolved
40434256,rs73046397,AA,AA,AT,100,91,99,NC_000019.10,Mutation NB - Maternal Origin,Transversion - Purine/Pyrimidine,Unsolved
41272489,.,CC,CC,CT,19,13,56,NC_000019.10,Mutation NB - Maternal Origin,Transition - Pyrimidine/Pyrimidine,Unsolved
41949271,rs9749440,CC,CT,TT,100,1,33,NC_000019.10,Mutation NB - Paternal Origin,Transition - Pyrimidine/Pyrimidine,C>T
44920812,rs751938720,GG,GG,GA,70,40,47,NC_000019.10,Mutation NB - Maternal Origin,Transition - Purine/Purine,Unsolved
44990553,.,CC,CC,CT,73,76,50,NC_000019.10,Mutation NB - Paternal Origin,Transition - Pyrimidine/Pyrimidine,Unsolved
45123304,rs75899039,AA,AA,AG,82,100,99,NC_000019.10,Mutation NB - Paternal Origin,Transition - Purine/Purine,Unsolved
45714602,.,AA,AA,AG,91,79,50,NC_000019.10,Mutation NB - Maternal Origin,Transition - Purine/Purine,Unsolved
46032710,.,TT,TT,TC,85,79,50,NC_000019.10,Mutation NB - Maternal Origin,Transition - Pyrimidine/Pyrimidine,Unsolved
46411664,rs34186470,AA,GG,GG,88,82,9,NC_000019.10,Mutation NB - Paternal Origin,Transition - Purine/Purine,A>G
48381692,rs275844,AA,GG,GG,91,80,42,NC_000019.10,Mutation NB - Paternal Origin,Transition - Purine/Purine,A>G
48592904,rs16982163,AA,CC,CC,73,49,42,NC_000019.10,Mutation NB - Paternal Origin,Transversion - Purine/Pyrimidine,A>C
51318471,.,AA,AA,AC,79,70,48,NC_000019.10,Mutation NB - Maternal Origin,Transversion - Purine/Pyrimidine,Unsolved
57078917,rs9676793,CC,CC,CT,82,67,99,NC_000019.10,Mutation NB - Maternal Origin,Transition - Pyrimidine/Pyrimidine,Unsolved
57334407,rs7250886,TT,CC,CC,79,28,99,NC_000019.10,Mutation NB - Paternal Origin,Transition - Pyrimidine/Pyrimidine,T>C
615471,rs282155,TG,TT,GG,67,88,9,NC_000020.11,Mutation NB - Maternal Origin,Transversion - Purine/Pyrimidine,T>G
904771,rs6055747,CC,CC,TT,91,100,15,NC_000020.11,Mutation NB - Paternal Origin,Transition - Pyrimidine/Pyrimidine,Unsolved
1029446,rs6039511,CC,CC,TT,91,88,15,NC_000020.11,Mutation NB - Maternal Origin,Transition - Pyrimidine/Pyrimidine,Unsolved
3145492,rs864141,CC,TT,TT,100,67,39,NC_000020.11,Mutation NB - Paternal Origin,Transition - Pyrimidine/Pyrimidine,C>T
3366061,.,AA,AA,AG,76,55,56,NC_000020.11,Mutation NB - Maternal Origin,Transition - Purine/Purine,Unsolved
3698145,rs41297628,AA,AA,AC,100,88,99,NC_000020.11,Mutation NB - Maternal Origin,Transversion - Purine/Pyrimidine,Unsolved
3698194,rs76500013,GG,GG,GT,100,88,99,NC_000020.11,Mutation NB - Maternal Origin,Transversion - Purine/Pyrimidine,Unsolved
4164014,rs1741310,GG,AA,GG,34,79,57,NC_000020.11,Mutation NB - Maternal Origin,Transition - Purine/Purine,A>G
4760204,rs1241242214,TT,TT,TC,76,58,50,NC_000020.11,Mutation NB - Maternal Origin,Transition - Pyrimidine/Pyrimidine,Unsolved
5025971,rs73070435,CC,CC,CA,100,79,99,NC_000020.11,Mutation NB - Maternal Origin,Transversion - Purine/Pyrimidine,Unsolved
7637430,rs6086132,GG,AG,AA,82,1,0,NC_000020.11,Mutation NB - Paternal Origin,Transition - Purine/Purine,G>A
13274942,rs1885411,GG,GG,AA,91,73,0,NC_000020.11,Mutation NB - Maternal Origin,Transition - Purine/Purine,Unsolved
15032193,rs58953722,GG,GG,GA,100,34,42,NC_000020.11,Mutation NB - Maternal Origin,Transition - Purine/Purine,Unsolved
15634583,rs73103742,CC,CC,CT,88,100,68,NC_000020.11,Mutation NB - Paternal Origin,Transition - Pyrimidine/Pyrimidine,Unsolved
16062601,rs6043708,CC,CC,CT,76,64,89,NC_000020.11,Mutation NB - Maternal Origin,Transition - Pyrimidine/Pyrimidine,Unsolved
16553778,rs2143986,TT,CC,TT,88,100,21,NC_000020.11,Mutation NB - Maternal Origin,Transition - Pyrimidine/Pyrimidine,C>T
18257623,rs6045300,TC,TT,CC,1,61,21,NC_000020.11,Mutation NB - Maternal Origin,Transition - Pyrimidine/Pyrimidine,T>C
18720919,rs76095763,AA,AA,AG,100,67,58,NC_000020.11,Mutation NB - Maternal Origin,Transition - Purine/Purine,Unsolved
18904044,.,AA,AA,AG,70,79,65,NC_000020.11,Mutation NB - Paternal Origin,Transition - Purine/Purine,Unsolved
22226331,rs1090292,TT,CC,TT,91,91,9,NC_000020.11,Mutation NB - Maternal Origin,Transition - Pyrimidine/Pyrimidine,C>T
22494412,rs16984013,CC,CC,CT,100,76,99,NC_000020.11,Mutation NB - Maternal Origin,Transition - Pyrimidine/Pyrimidine,Unsolved
22655464,.,AA,AA,AG,73,73,47,NC_000020.11,Mutation NB - Paternal or Maternal,Transition - Purine/Purine,Unsolved
23842404,rs114534335,GG,GA,AA,19,1,72,NC_000020.11,Mutation NB - Paternal Origin,Transition - Purine/Purine,G>A
24201040,rs1353878872,AA,AA,AC,70,82,44,NC_000020.11,Mutation NB - Paternal Origin,Transversion - Purine/Pyrimidine,Unsolved
24201978,rs1009810,GG,GG,GA,100,82,99,NC_000020.11,Mutation NB - Maternal Origin,Transition - Purine/Purine,Unsolved
24779741,rs11698988,GA,GG,AA,76,91,9,NC_000020.11,Mutation NB - Maternal Origin,Transition - Purine/Purine,G>A
24934076,rs6114939,GG,AA,AA,85,88,0,NC_000020.11,Mutation NB - Paternal Origin,Transition - Purine/Purine,G>A
25751199,.,TT,TT,TC,73,82,47,NC_000020.11,Mutation NB - Paternal Origin,Transition - Pyrimidine/Pyrimidine,Unsolved
28949579,rs1276080117,TT,GG,TT,91,100,15,NC_000020.11,Mutation NB - Maternal Origin,Transversion - Purine/Pyrimidine,G>T
29689467,rs1271717891,AA,CC,CC,85,79,0,NC_000020.11,Mutation NB - Paternal Origin,Transversion - Purine/Pyrimidine,A>C
29689468,rs1344497605,GG,AA,AA,85,79,0,NC_000020.11,Mutation NB - Paternal Origin,Transition - Purine/Purine,G>A
32260764,rs970593989,AA,AA,AG,91,85,50,NC_000020.11,Mutation NB - Maternal Origin,Transition - Purine/Purine,Unsolved
32518764,rs6141741,TT,CC,CC,88,70,0,NC_000020.11,Mutation NB - Paternal Origin,Transition - Pyrimidine/Pyrimidine,T>C
38213289,.,CC,CC,CA,91,91,49,NC_000020.11,Mutation NB - Paternal or Maternal,Transversion - Purine/Pyrimidine,Unsolved
38641767,.,CC,CC,CT,70,64,50,NC_000020.11,Mutation NB - Maternal Origin,Transition - Pyrimidine/Pyrimidine,Unsolved
41388197,rs4812501,CC,GG,GG,88,91,12,NC_000020.11,Mutation NB - Paternal Origin,Transversion - Purine/Pyrimidine,C>G
43009824,rs6065565,CC,TT,TT,70,64,18,NC_000020.11,Mutation NB - Paternal Origin,Transition - Pyrimidine/Pyrimidine,C>T
43417576,rs1014732,CC,AA,CC,73,100,21,NC_000020.11,Mutation NB - Maternal Origin,Transversion - Purine/Pyrimidine,A>C
48163640,.,AA,AA,AG,82,76,59,NC_000020.11,Mutation NB - Maternal Origin,Transition - Purine/Purine,Unsolved
48399072,rs4809688,AG,GG,AA,35,91,0,NC_000020.11,Mutation NB - Maternal Origin,Transition - Purine/Purine,G>A
48447733,rs6019191,TT,CC,CC,100,70,12,NC_000020.11,Mutation NB - Paternal Origin,Transition - Pyrimidine/Pyrimidine,T>C
49923614,rs1076693,AA,AA,AG,100,79,99,NC_000020.11,Mutation NB - Maternal Origin,Transition - Purine/Purine,Unsolved
50415335,rs926611,CC,TT,CC,100,85,18,NC_000020.11,Mutation NB - Maternal Origin,Transition - Pyrimidine/Pyrimidine,T>C
51303301,rs6013135,CC,CT,TT,100,32,21,NC_000020.11,Mutation NB - Paternal Origin,Transition - Pyrimidine/Pyrimidine,C>T
56439671,rs927173,GG,GG,GC,73,100,99,NC_000020.11,Mutation NB - Paternal Origin,Transition - Purine/Purine,Transversion - Purine/Pyrimidine,Unsolved
56901438,rs12479501,GG,AA,GG,64,73,33,NC_000020.11,Mutation NB - Maternal Origin,Transition - Purine/Purine,A>G
57427615,rs2426723,AA,CC,CC,100,55,51,NC_000020.11,Mutation NB - Paternal Origin,Transversion - Purine/Pyrimidine,A>C
58056497,rs6015170,CC,TT,TT,82,79,0,NC_000020.11,Mutation NB - Paternal Origin,Transition - Pyrimidine/Pyrimidine,C>T
58993442,.,TT,TT,TC,85,70,44,NC_000020.11,Mutation NB - Maternal Origin,Transition - Pyrimidine/Pyrimidine,Unsolved
59359746,rs149884172,TT,CC,CC,91,91,12,NC_000020.11,Mutation NB - Paternal Origin,Transition - Pyrimidine/Pyrimidine,T>C
59756188,rs11086676,TT,CC,TT,73,100,21,NC_000020.11,Mutation NB - Maternal Origin,Transition - Pyrimidine/Pyrimidine,C>T
60489574,rs1438969,GG,TT,GG,88,88,0,NC_000020.11,Mutation NB - Maternal Origin,Transition - Purine/Purine,Transversion - Purine/Pyrimidine,T>G
60489786,rs6064927,GG,CC,GG,67,76,0,NC_000020.11,Mutation NB - Maternal Origin,Transversion - Purine/Pyrimidine,C>G
61500680,.,AA,AA,AG,55,40,44,NC_000020.11,Mutation NB - Maternal Origin,Transition - Purine/Purine,Unsolved
61599068,rs2064551,AA,GA,GG,88,1,21,NC_000020.11,Mutation NB - Paternal Origin,Transition - Purine/Purine,A>G
61607808,rs877697,CC,CC,CA,100,100,67,NC_000020.11,Mutation NB - Paternal or Maternal,Transversion - Purine/Pyrimidine,Unsolved
62402808,rs2236203,TT,TG,GG,100,1,33,NC_000020.11,Mutation NB - Paternal Origin,Transversion - Purine/Pyrimidine,T>G
62417168,rs2427325,CC,CC,TC,55,91,99,NC_000020.11,Mutation NB - Paternal Origin,Transition - Pyrimidine/Pyrimidine,Unsolved
62850747,rs4809426,TT,TT,TG,100,82,99,NC_000020.11,Mutation NB - Maternal Origin,Transition - Pyrimidine/Pyrimidine,Transversion - Purine/Pyrimidine,Unsolved
62885120,rs6010776,CC,CC,CT,88,64,99,NC_000020.11,Mutation NB - Maternal Origin,Transition - Pyrimidine/Pyrimidine,Unsolved
63031878,rs6062393,AA,GG,GG,82,85,0,NC_000020.11,Mutation NB - Paternal Origin,Transition - Purine/Purine,A>G
63106815,rs6090241,GG,AA,GG,88,88,0,NC_000020.11,Mutation NB - Maternal Origin,Transition - Purine/Purine,A>G
63502863,.,GG,GG,TT,37,10,9,NC_000020.11,Mutation NB - Maternal Origin,Transversion - Purine/Pyrimidine,Unsolved
5220426,rs1223353890,CC,CC,CA,100,52,99,NC_000021.9,Mutation NB - Maternal Origin,Transversion - Purine/Pyrimidine,Unsolved
13871262,rs76841878,TT,TT,TA,100,55,99,NC_000021.9,Mutation NB - Maternal Origin,Transition - Pyrimidine/Pyrimidine,Transversion - Purine/Pyrimidine,Unsolved
21644919,rs2408136,GA,GG,AA,1,40,60,NC_000021.9,Mutation NB - Maternal Origin,Transition - Purine/Purine,G>A
24668428,rs2829246,AA,CC,AA,85,82,0,NC_000021.9,Mutation NB - Maternal Origin,Transversion - Purine/Pyrimidine,C>A
25848617,rs6516697,AA,AA,AG,67,100,24,NC_000021.9,Mutation NB - Paternal Origin,Transition - Purine/Purine,Unsolved
31888189,rs79914947,CC,CA,AA,88,1,24,NC_000021.9,Mutation NB - Paternal Origin,Transversion - Purine/Pyrimidine,C>A
36070334,rs25678,GG,GG,CC,79,100,12,NC_000021.9,Mutation NB - Paternal Origin,Transversion - Purine/Pyrimidine,Unsolved
37188136,.,AA,AA,AG,76,28,47,NC_000021.9,Mutation NB - Maternal Origin,Transition - Purine/Purine,Unsolved
39018863,rs55910511,GG,GG,GC,100,100,62,NC_000021.9,Mutation NB - Paternal or Maternal,Transition - Purine/Purine,Transversion - Purine/Pyrimidine,Unsolved
39727679,.,TT,TT,TC,82,49,41,NC_000021.9,Mutation NB - Maternal Origin,Transition - Pyrimidine/Pyrimidine,Unsolved
39938446,rs2837309,GG,CC,CC,88,88,9,NC_000021.9,Mutation NB - Paternal Origin,Transversion - Purine/Pyrimidine,G>C
41210593,rs2410407,AA,GG,AA,64,96,39,NC_000021.9,Mutation NB - Maternal Origin,Transition - Purine/Purine,G>A
41429201,rs458255,GG,AA,GG,82,76,0,NC_000021.9,Mutation NB - Maternal Origin,Transition - Purine/Purine,A>G
41847382,rs73361527,CC,AA,CC,88,73,15,NC_000021.9,Mutation NB - Maternal Origin,Transversion - Purine/Pyrimidine,A>C
42374277,rs748371,GG,CC,CC,91,91,0,NC_000021.9,Mutation NB - Paternal Origin,Transversion - Purine/Pyrimidine,G>C
42374278,rs748372,GG,CC,CC,91,91,0,NC_000021.9,Mutation NB - Paternal Origin,Transversion - Purine/Pyrimidine,G>C
42547956,rs228083,AA,AA,AG,91,91,92,NC_000021.9,Mutation NB - Paternal or Maternal,Transition - Purine/Purine,Unsolved
42548105,rs228084,GG,GG,GT,82,100,99,NC_000021.9,Mutation NB - Paternal Origin,Transversion - Purine/Pyrimidine,Unsolved
42854573,.,GG,GG,GA,58,28,44,NC_000021.9,Mutation NB - Maternal Origin,Transition - Purine/Purine,Unsolved
43267667,rs2876833,GG,GG,GC,85,88,68,NC_000021.9,Mutation NB - Paternal Origin,Transition - Purine/Purine,Transversion - Purine/Pyrimidine,Unsolved
43955880,rs57524571,AA,TT,TT,91,79,12,NC_000021.9,Mutation NB - Paternal Origin,Transversion - Purine/Pyrimidine,A>T
44327569,rs2047551605,TT,TT,TC,79,52,41,NC_000021.9,Mutation NB - Maternal Origin,Transition - Pyrimidine/Pyrimidine,Unsolved
44929581,rs1721,CC,TT,TT,85,85,15,NC_000021.9,Mutation NB - Paternal Origin,Transition - Pyrimidine/Pyrimidine,C>T
45337084,rs9637195,AA,GG,GG,91,88,36,NC_000021.9,Mutation NB - Paternal Origin,Transition - Purine/Purine,A>G
45555389,rs139887213,TT,TC,CC,100,1,12,NC_000021.9,Mutation NB - Paternal Origin,Transition - Pyrimidine/Pyrimidine,T>C
45869570,rs34760831,CC,CT,TT,91,1,12,NC_000021.9,Mutation NB - Paternal Origin,Transition - Pyrimidine/Pyrimidine,C>T
46267230,rs2839183,GG,GA,AA,100,32,15,NC_000021.9,Mutation NB - Paternal Origin,Transition - Purine/Purine,G>A
46412105,rs73907502,TT,TT,TC,85,67,30,NC_000021.9,Mutation NB - Maternal Origin,Transition - Pyrimidine/Pyrimidine,Unsolved
46412115,rs73379348,TT,TT,TG,85,67,30,NC_000021.9,Mutation NB - Maternal Origin,Transition - Pyrimidine/Pyrimidine,Transversion - Purine/Pyrimidine,Unsolved
46412126,rs73909504,GG,GG,GA,85,67,27,NC_000021.9,Mutation NB - Maternal Origin,Transition - Purine/Purine,Unsolved
16044284,rs1363570406,CC,TT,TT,61,85,27,NC_000022.11,Mutation NB - Paternal Origin,Transition - Pyrimidine/Pyrimidine,C>T
19546891,rs5748274,GG,GG,CG,85,91,71,NC_000022.11,Mutation NB - Paternal Origin,Transition - Purine/Purine,Transversion - Purine/Pyrimidine,Unsolved
19904808,rs737862,CC,GG,CC,88,88,12,NC_000022.11,Mutation NB - Maternal Origin,Transversion - Purine/Pyrimidine,G>C
19964978,rs165737,CC,CC,CT,100,67,99,NC_000022.11,Mutation NB - Maternal Origin,Transition - Pyrimidine/Pyrimidine,Unsolved
20038428,rs11703292,TT,CC,TT,85,85,9,NC_000022.11,Mutation NB - Maternal Origin,Transition - Pyrimidine/Pyrimidine,C>T
20174856,rs2050767390,CC,CC,CT,91,91,40,NC_000022.11,Mutation NB - Paternal or Maternal,Transition - Pyrimidine/Pyrimidine,Unsolved
20458960,rs5753802,TT,TC,CC,91,32,18,NC_000022.11,Mutation NB - Paternal Origin,Transition - Pyrimidine/Pyrimidine,T>C
23249536,rs5759664,GG,AA,AA,91,91,12,NC_000022.11,Mutation NB - Paternal Origin,Transition - Purine/Purine,G>A
23695006,.,AA,AA,AG,85,76,44,NC_000022.11,Mutation NB - Maternal Origin,Transition - Purine/Purine,Unsolved
25462187,rs112613397,AA,AA,AG,82,79,99,NC_000022.11,Mutation NB - Maternal Origin,Transition - Purine/Purine,Unsolved
26372389,rs669318,AG,AA,GG,38,100,30,NC_000022.11,Mutation NB - Maternal Origin,Transition - Purine/Purine,A>G
26680070,rs12628661,CC,CC,CT,79,100,99,NC_000022.11,Mutation NB - Paternal Origin,Transition - Pyrimidine/Pyrimidine,Unsolved
27404874,rs136939,GC,GG,CC,35,100,9,NC_000022.11,Mutation NB - Maternal Origin,Transversion - Purine/Pyrimidine,G>C
34844126,rs5999566,CC,TT,TT,91,82,21,NC_000022.11,Mutation NB - Paternal Origin,Transition - Pyrimidine/Pyrimidine,C>T
35580525,rs5750121,AA,GG,GG,88,58,27,NC_000022.11,Mutation NB - Paternal Origin,Transition - Purine/Purine,A>G
37779470,rs5756813,GG,GG,GT,100,100,95,NC_000022.11,Mutation NB - Paternal or Maternal,Transversion - Purine/Pyrimidine,Unsolved
37911561,rs713922,GG,GG,GA,82,100,99,NC_000022.11,Mutation NB - Paternal Origin,Transition - Purine/Purine,Unsolved
39704615,.,TT,TT,TC,70,19,47,NC_000022.11,Mutation NB - Maternal Origin,Transition - Pyrimidine/Pyrimidine,Unsolved
39704619,.,CC,CC,CT,70,19,47,NC_000022.11,Mutation NB - Maternal Origin,Transition - Pyrimidine/Pyrimidine,Unsolved
42764139,rs5996233,CC,CC,CA,91,100,33,NC_000022.11,Mutation NB - Paternal Origin,Transversion - Purine/Pyrimidine,Unsolved
42768762,rs8141004,AA,GG,GG,91,82,0,NC_000022.11,Mutation NB - Paternal Origin,Transition - Purine/Purine,A>G
42785581,rs7286822,TT,CC,CC,91,70,0,NC_000022.11,Mutation NB - Paternal Origin,Transition - Pyrimidine/Pyrimidine,T>C
43426732,rs5759339,CC,TT,CC,82,91,21,NC_000022.11,Mutation NB - Maternal Origin,Transition - Pyrimidine/Pyrimidine,T>C
43530484,rs5764159,GG,AA,AA,88,91,21,NC_000022.11,Mutation NB - Paternal Origin,Transition - Purine/Purine,G>A
44683924,rs12165506,AA,AA,AG,88,100,99,NC_000022.11,Mutation NB - Paternal Origin,Transition - Purine/Purine,Unsolved
44683928,rs12169183,CC,CC,CG,88,100,99,NC_000022.11,Mutation NB - Paternal Origin,Transversion - Purine/Pyrimidine,Unsolved
44720291,rs62228465,GG,AA,AA,100,79,39,NC_000022.11,Mutation NB - Paternal Origin,Transition - Purine/Purine,G>A
45015297,.,TT,TT,TC,82,88,44,NC_000022.11,Mutation NB - Paternal Origin,Transition - Pyrimidine/Pyrimidine,Unsolved
45088919,rs5766404,CC,TT,CC,76,85,0,NC_000022.11,Mutation NB - Maternal Origin,Transition - Pyrimidine/Pyrimidine,T>C
47356209,rs1037347865,GG,GG,GA,85,82,65,NC_000022.11,Mutation NB - Maternal Origin,Transition - Purine/Purine,Unsolved
47367339,rs131852,CG,CC,GG,70,100,15,NC_000022.11,Mutation NB - Maternal Origin,Transversion - Purine/Pyrimidine,C>G
47698693,.,TT,TT,TC,79,70,51,NC_000022.11,Mutation NB - Maternal Origin,Transition - Pyrimidine/Pyrimidine,Unsolved
48347437,rs5768543,AA,AA,AG,100,79,33,NC_000022.11,Mutation NB - Maternal Origin,Transition - Purine/Purine,Unsolved
48586070,rs76222821,GG,AA,AA,76,76,24,NC_000022.11,Mutation NB - Paternal Origin,Transition - Purine/Purine,G>A
48604421,rs28679477,CC,CT,TT,85,70,9,NC_000022.11,Mutation NB - Paternal Origin,Transition - Pyrimidine/Pyrimidine,C>T
48604649,rs79520784,AA,GG,GG,91,61,12,NC_000022.11,Mutation NB - Paternal Origin,Transition - Purine/Purine,A>G
48631071,rs13056382,CC,TT,CC,76,79,45,NC_000022.11,Mutation NB - Maternal Origin,Transition - Pyrimidine/Pyrimidine,T>C
49063174,rs13058132,TT,CC,CC,55,64,0,NC_000022.11,Mutation NB - Paternal Origin,Transition - Pyrimidine/Pyrimidine,T>C
49063184,rs13057243,AA,GG,GG,55,67,0,NC_000022.11,Mutation NB - Paternal Origin,Transition - Purine/Purine,A>G
49108029,rs78934391,TT,CC,CC,73,73,12,NC_000022.11,Mutation NB - Paternal Origin,Transition - Pyrimidine/Pyrimidine,T>C
49108031,rs13057443,TT,TC,CC,73,44,12,NC_000022.11,Mutation NB - Paternal Origin,Transition - Pyrimidine/Pyrimidine,T>C
49793076,.,TT,TT,TC,76,70,41,NC_000022.11,Mutation NB - Maternal Origin,Transition - Pyrimidine/Pyrimidine,Unsolved
49955381,rs62231871,GG,AA,GG,91,91,12,NC_000022.11,Mutation NB - Maternal Origin,Transition - Purine/Purine,A>G
50319112,rs62241233,CC,TT,TT,91,91,12,NC_000022.11,Mutation NB - Paternal Origin,Transition - Pyrimidine/Pyrimidine,C>T
50619367,rs113397237,AA,AA,AG,100,37,62,NC_000022.11,Mutation NB - Maternal Origin,Transition - Purine/Purine,Unsolved
