898676,rs28482280,AA,AA,AC,100,88,70,NC_000001.11,Mutation NB - Maternal Origin,Transversion - Purine/Pyrimidine,Unsolved
929375,rs2340589,AA,GG,AA,79,67,9,NC_000001.11,Mutation NB - Maternal Origin,Transition - Purine/Purine,G>A
929377,rs2340588,GG,AA,GG,79,67,9,NC_000001.11,Mutation NB - Maternal Origin,Transition - Purine/Purine,A>G
973858,rs3829740,CC,GG,CC,79,100,15,NC_000001.11,Mutation NB - Maternal Origin,Transversion - Purine/Pyrimidine,G>C
973929,rs3829738,TT,TC,CC,73,1,9,NC_000001.11,Mutation NB - Paternal Origin,Transition - Pyrimidine/Pyrimidine,T>C
973946,rs61573829,TT,CC,CC,73,73,9,NC_000001.11,Mutation NB - Paternal Origin,Transition - Pyrimidine/Pyrimidine,T>C
1026447,rs3121556,GG,AA,GG,58,76,0,NC_000001.11,Mutation NB - Maternal Origin,Transition - Purine/Purine,A>G
1039753,rs3121579,TT,AA,TT,76,55,0,NC_000001.11,Mutation NB - Maternal Origin,Transversion - Purine/Pyrimidine,A>T
1124795,rs7556082,TT,CC,TT,91,82,15,NC_000001.11,Mutation NB - Maternal Origin,Transition - Pyrimidine/Pyrimidine,C>T
2883789,rs61763695,GG,GG,GT,82,79,99,NC_000001.11,Mutation NB - Maternal Origin,Transversion - Purine/Pyrimidine,Unsolved
3024861,rs61206069,AA,GA,GG,91,67,9,NC_000001.11,Mutation NB - Paternal Origin,Transition - Purine/Purine,A>G
3112648,rs10909875,CC,CC,CT,88,82,30,NC_000001.11,Mutation NB - Maternal Origin,Transition - Pyrimidine/Pyrimidine,Unsolved
3496429,rs74050557,AA,GG,GG,79,79,0,NC_000001.11,Mutation NB - Paternal Origin,Transition - Purine/Purine,A>G
3566119,rs60955331,CT,CC,TT,1,76,15,NC_000001.11,Mutation NB - Maternal Origin,Transversion - Purine/Pyrimidine,C>T
3720895,rs12731705,CC,TT,TT,64,82,21,NC_000001.11,Mutation NB - Paternal Origin,Transition - Pyrimidine/Pyrimidine,C>T
3762743,rs4648557,TT,CC,TT,79,73,0,NC_000001.11,Mutation NB - Maternal Origin,Transition - Pyrimidine/Pyrimidine,C>T
3870730,rs74586717,AA,GG,AA,85,88,9,NC_000001.11,Mutation NB - Maternal Origin,Transition - Purine/Purine,G>A
4053760,rs112463927,TT,TT,TC,100,73,27,NC_000001.11,Mutation NB - Maternal Origin,Transition - Pyrimidine/Pyrimidine,Unsolved
4217632,rs113247997,GG,AA,AA,91,85,15,NC_000001.11,Mutation NB - Paternal Origin,Transition - Purine/Purine,G>A
4467331,.,AA,AA,AG,52,77,56,NC_000001.11,Mutation NB - Paternal Origin,Transition - Purine/Purine,Unsolved
4709765,rs4654593,GT,GG,TT,1,76,12,NC_000001.11,Mutation NB - Maternal Origin,Transversion - Purine/Pyrimidine,G>T
4964858,.,GG,GG,GA,88,76,57,NC_000001.11,Mutation NB - Maternal Origin,Transition - Purine/Purine,Unsolved
5798306,rs7532649,AA,GG,AA,100,82,9,NC_000001.11,Mutation NB - Maternal Origin,Transition - Purine/Purine,G>A
5878266,.,TT,TT,TC,61,34,68,NC_000001.11,Mutation NB - Maternal Origin,Transition - Pyrimidine/Pyrimidine,Unsolved
6345225,rs3789478,GG,GG,GA,100,79,71,NC_000001.11,Mutation NB - Maternal Origin,Transition - Purine/Purine,Unsolved
6351977,rs3789474,CC,CC,CT,88,91,33,NC_000001.11,Mutation NB - Paternal Origin,Transition - Pyrimidine/Pyrimidine,Unsolved
6443309,.,AA,AA,AG,52,88,50,NC_000001.11,Mutation NB - Paternal Origin,Transition - Purine/Purine,Unsolved
6499624,rs1645273723,GG,GG,GA,67,52,40,NC_000001.11,Mutation NB - Maternal Origin,Transition - Purine/Purine,Unsolved
7806405,rs228645,AC,CC,AA,67,70,0,NC_000001.11,Mutation NB - Maternal Origin,Transversion - Purine/Pyrimidine,C>A
8313520,rs75597554,TT,TT,TG,100,85,99,NC_000001.11,Mutation NB - Maternal Origin,Transition - Pyrimidine/Pyrimidine,Transversion - Purine/Pyrimidine,Unsolved
8349612,rs10864351,CC,AA,AA,82,70,9,NC_000001.11,Mutation NB - Paternal Origin,Transversion - Purine/Pyrimidine,C>A
8349644,rs80184934,GG,GG,GA,100,76,25,NC_000001.11,Mutation NB - Maternal Origin,Transition - Purine/Purine,Unsolved
10788941,.,AA,AA,AG,82,76,46,NC_000001.11,Mutation NB - Maternal Origin,Transition - Purine/Purine,Unsolved
13823349,rs1046333,TA,AA,TT,67,76,0,NC_000001.11,Mutation NB - Maternal Origin,Transversion - Purine/Pyrimidine,A>T
16446579,rs12130061,TT,TT,TC,100,76,62,NC_000001.11,Mutation NB - Maternal Origin,Transition - Pyrimidine/Pyrimidine,Unsolved
17695009,.,AA,AA,AG,85,70,68,NC_000001.11,Mutation NB - Maternal Origin,Transition - Purine/Purine,Unsolved
17909965,rs1339934,AA,AG,GG,100,1,9,NC_000001.11,Mutation NB - Paternal Origin,Transition - Purine/Purine,A>G
18268661,rs11260967,GG,GG,GA,100,49,47,NC_000001.11,Mutation NB - Maternal Origin,Transition - Purine/Purine,Unsolved
20097199,rs1463279426,CC,CC,CT,67,76,66,NC_000001.11,Mutation NB - Paternal Origin,Transition - Pyrimidine/Pyrimidine,Unsolved
22293385,rs12059598,CT,TT,CC,32,91,0,NC_000001.11,Mutation NB - Maternal Origin,Transition - Pyrimidine/Pyrimidine,T>C
24086227,rs4233048,TT,TC,CC,100,18,9,NC_000001.11,Mutation NB - Paternal Origin,Transition - Pyrimidine/Pyrimidine,T>C
24086284,rs4397608,AA,AG,GG,100,14,9,NC_000001.11,Mutation NB - Paternal Origin,Transition - Purine/Purine,A>G
28827676,.,GG,GG,GA,76,58,47,NC_000001.11,Mutation NB - Maternal Origin,Transition - Purine/Purine,Unsolved
29206720,rs12743830,TT,TT,TC,91,61,52,NC_000001.11,Mutation NB - Maternal Origin,Transition - Pyrimidine/Pyrimidine,Unsolved
29369975,.,AA,AA,AG,85,73,69,NC_000001.11,Mutation NB - Maternal Origin,Transition - Purine/Purine,Unsolved
29670486,.,TT,TT,TC,70,79,44,NC_000001.11,Mutation NB - Paternal Origin,Transition - Pyrimidine/Pyrimidine,Unsolved
31542071,rs6425766,GG,GG,GA,100,73,55,NC_000001.11,Mutation NB - Maternal Origin,Transition - Purine/Purine,Unsolved
32606293,rs28697250,CT,CC,TT,32,67,21,NC_000001.11,Mutation NB - Maternal Origin,Transversion - Purine/Pyrimidine,C>T
32871796,rs10798919,GG,AA,AA,100,76,12,NC_000001.11,Mutation NB - Paternal Origin,Transition - Purine/Purine,G>A
33983048,rs57053137,TT,CC,CC,85,70,9,NC_000001.11,Mutation NB - Paternal Origin,Transition - Pyrimidine/Pyrimidine,T>C
34356230,rs12064632,CC,CT,TT,85,1,8,NC_000001.11,Mutation NB - Paternal Origin,Transition - Pyrimidine/Pyrimidine,C>T
37029495,rs1569586211,TT,TT,TC,88,55,62,NC_000001.11,Mutation NB - Maternal Origin,Transition - Pyrimidine/Pyrimidine,Unsolved
37455465,rs2660571,AA,GA,GG,76,35,0,NC_000001.11,Mutation NB - Paternal Origin,Transition - Purine/Purine,A>G
37455481,rs2660570,GG,AG,AA,79,35,0,NC_000001.11,Mutation NB - Paternal Origin,Transition - Purine/Purine,G>A
38273533,.,AA,AA,AG,82,58,62,NC_000001.11,Mutation NB - Maternal Origin,Transition - Purine/Purine,Unsolved
39844759,.,TT,TT,TC,76,55,72,NC_000001.11,Mutation NB - Maternal Origin,Transition - Pyrimidine/Pyrimidine,Unsolved
41865508,rs6678302,AG,GG,AA,1,49,0,NC_000001.11,Mutation NB - Maternal Origin,Transition - Purine/Purine,G>A
43573424,rs11590773,CC,AA,CC,79,67,0,NC_000001.11,Mutation NB - Maternal Origin,Transversion - Purine/Pyrimidine,A>C
43778195,rs7543520,CC,CC,TC,91,91,27,NC_000001.11,Mutation NB - Paternal or Maternal,Transition - Pyrimidine/Pyrimidine,Unsolved
45771791,rs1643804553,CC,CC,CT,88,55,42,NC_000001.11,Mutation NB - Maternal Origin,Transition - Pyrimidine/Pyrimidine,Unsolved
46561727,rs115053687,TT,TT,TC,100,76,59,NC_000001.11,Mutation NB - Maternal Origin,Transition - Pyrimidine/Pyrimidine,Unsolved
47004609,rs7543950,TT,TT,TA,100,91,66,NC_000001.11,Mutation NB - Maternal Origin,Transition - Pyrimidine/Pyrimidine,Transversion - Purine/Pyrimidine,Unsolved
47246106,rs35856603,GG,AA,GG,76,73,0,NC_000001.11,Mutation NB - Maternal Origin,Transition - Purine/Purine,A>G
47491409,rs17379854,GG,AA,AA,79,64,12,NC_000001.11,Mutation NB - Paternal Origin,Transition - Purine/Purine,G>A
47994550,rs113207784,CC,CC,CT,88,67,30,NC_000001.11,Mutation NB - Maternal Origin,Transition - Pyrimidine/Pyrimidine,Unsolved
48257489,rs12070926,AA,GG,GG,79,76,0,NC_000001.11,Mutation NB - Paternal Origin,Transition - Purine/Purine,A>G
48513588,rs2798093,TG,GG,TT,32,76,15,NC_000001.11,Mutation NB - Maternal Origin,Transversion - Purine/Pyrimidine,G>T
48577718,.,TT,TT,TC,67,79,56,NC_000001.11,Mutation NB - Paternal Origin,Transition - Pyrimidine/Pyrimidine,Unsolved
49983280,rs12030045,GG,AA,GG,70,82,12,NC_000001.11,Mutation NB - Maternal Origin,Transition - Purine/Purine,A>G
51789186,rs77202186,AA,AA,CC,100,79,9,NC_000001.11,Mutation NB - Maternal Origin,Transversion - Purine/Pyrimidine,Unsolved
52802290,rs12057696,GG,AA,AA,85,85,21,NC_000001.11,Mutation NB - Paternal Origin,Transition - Purine/Purine,G>A
53026965,rs6689450,AA,TT,TT,70,67,0,NC_000001.11,Mutation NB - Paternal Origin,Transversion - Purine/Pyrimidine,A>T
53672713,rs115260871,TT,TT,TC,100,88,71,NC_000001.11,Mutation NB - Maternal Origin,Transition - Pyrimidine/Pyrimidine,Unsolved
53672879,rs2141081,CC,TT,TT,100,76,12,NC_000001.11,Mutation NB - Paternal Origin,Transition - Pyrimidine/Pyrimidine,C>T
54110244,.,AA,AA,AG,64,73,64,NC_000001.11,Mutation NB - Paternal Origin,Transition - Purine/Purine,Unsolved
54118174,rs17109803,CC,CC,CT,91,76,71,NC_000001.11,Mutation NB - Maternal Origin,Transition - Pyrimidine/Pyrimidine,Unsolved
54144016,rs33981514,AA,GG,AA,91,76,0,NC_000001.11,Mutation NB - Maternal Origin,Transition - Purine/Purine,G>A
55578203,rs12127175,CC,TT,TT,100,76,15,NC_000001.11,Mutation NB - Paternal Origin,Transition - Pyrimidine/Pyrimidine,C>T
58878395,rs2716162,TT,AA,AA,82,82,12,NC_000001.11,Mutation NB - Paternal Origin,Transversion - Purine/Pyrimidine,T>A
59017757,rs932771,CT,TT,CC,1,25,9,NC_000001.11,Mutation NB - Maternal Origin,Transition - Pyrimidine/Pyrimidine,T>C
61654666,.,AA,AA,AG,67,76,40,NC_000001.11,Mutation NB - Paternal Origin,Transition - Purine/Purine,Unsolved
63648218,rs855330,TC,CC,TT,70,85,9,NC_000001.11,Mutation NB - Maternal Origin,Transversion - Purine/Pyrimidine,C>T
64297266,rs10889475,CC,TT,TT,88,85,9,NC_000001.11,Mutation NB - Paternal Origin,Transition - Pyrimidine/Pyrimidine,C>T
64532412,rs611154,TT,AA,AA,76,58,0,NC_000001.11,Mutation NB - Paternal Origin,Transversion - Purine/Pyrimidine,T>A
66058575,rs6588183,AA,CA,CC,88,8,18,NC_000001.11,Mutation NB - Paternal Origin,Transversion - Purine/Pyrimidine,A>C
68153329,rs6687951,CT,CC,TT,32,88,9,NC_000001.11,Mutation NB - Maternal Origin,Transversion - Purine/Pyrimidine,C>T
76151664,rs434587,GA,AA,GG,73,82,0,NC_000001.11,Mutation NB - Maternal Origin,Transition - Purine/Purine,A>G
77412724,.,TT,TT,TG,88,58,41,NC_000001.11,Mutation NB - Maternal Origin,Transition - Pyrimidine/Pyrimidine,Transversion - Purine/Pyrimidine,Unsolved
81574293,rs11800016,TT,TT,TG,100,79,68,NC_000001.11,Mutation NB - Maternal Origin,Transition - Pyrimidine/Pyrimidine,Transversion - Purine/Pyrimidine,Unsolved
82240205,rs786371,CC,GG,GG,100,88,21,NC_000001.11,Mutation NB - Paternal Origin,Transversion - Purine/Pyrimidine,C>G
88618359,rs138304271,TT,TC,CC,76,41,9,NC_000001.11,Mutation NB - Paternal Origin,Transition - Pyrimidine/Pyrimidine,T>C
89984652,rs2816869,AA,AA,AC,91,52,96,NC_000001.11,Mutation NB - Maternal Origin,Transversion - Purine/Pyrimidine,Unsolved
93976809,rs743116,AC,CC,AA,1,70,0,NC_000001.11,Mutation NB - Maternal Origin,Transversion - Purine/Pyrimidine,C>A
94887200,rs7550014,CT,CC,TT,1,52,12,NC_000001.11,Mutation NB - Maternal Origin,Transversion - Purine/Pyrimidine,C>T
95682430,rs76960565,GG,GG,GA,100,76,60,NC_000001.11,Mutation NB - Maternal Origin,Transition - Purine/Purine,Unsolved
100369990,rs494571,AT,TT,AA,18,85,0,NC_000001.11,Mutation NB - Maternal Origin,Transversion - Purine/Pyrimidine,T>A
102230487,rs6694201,CC,GG,GG,91,64,39,NC_000001.11,Mutation NB - Paternal Origin,Transversion - Purine/Pyrimidine,C>G
104586794,rs12041079,GG,GG,GA,85,100,68,NC_000001.11,Mutation NB - Paternal Origin,Transition - Purine/Purine,Unsolved
108819763,rs12022247,TT,AA,AA,85,76,12,NC_000001.11,Mutation NB - Paternal Origin,Transversion - Purine/Pyrimidine,T>A
109803493,rs7517624,AA,GG,AA,76,73,27,NC_000001.11,Mutation NB - Maternal Origin,Transition - Purine/Purine,G>A
109803525,rs7520586,TT,GG,TT,76,73,27,NC_000001.11,Mutation NB - Maternal Origin,Transversion - Purine/Pyrimidine,G>T
110513989,rs114451537,TT,CC,CC,88,55,24,NC_000001.11,Mutation NB - Paternal Origin,Transition - Pyrimidine/Pyrimidine,T>C
119308648,rs1418024,AA,GG,GG,91,70,15,NC_000001.11,Mutation NB - Paternal Origin,Transition - Purine/Purine,A>G
119807742,.,AA,AA,AG,67,55,50,NC_000001.11,Mutation NB - Maternal Origin,Transition - Purine/Purine,Unsolved
152310884,.,TT,TT,TC,61,73,40,NC_000001.11,Mutation NB - Paternal Origin,Transition - Pyrimidine/Pyrimidine,Unsolved
152311859,rs766121080,GG,GG,GA,67,70,65,NC_000001.11,Mutation NB - Paternal Origin,Transition - Purine/Purine,Unsolved
153947002,rs1192646566,TT,TT,TC,67,82,58,NC_000001.11,Mutation NB - Paternal Origin,Transition - Pyrimidine/Pyrimidine,Unsolved
154577840,rs201452114,GG,GG,GA,73,70,41,NC_000001.11,Mutation NB - Maternal Origin,Transition - Purine/Purine,Unsolved
156232849,rs2736609,CT,TT,CC,83,85,0,NC_000001.11,Mutation NB - Maternal Origin,Transition - Pyrimidine/Pyrimidine,T>C
156394928,rs7551218,AA,GG,AA,88,79,12,NC_000001.11,Mutation NB - Maternal Origin,Transition - Purine/Purine,G>A
157228801,rs74119229,AA,GG,GG,85,61,9,NC_000001.11,Mutation NB - Paternal Origin,Transition - Purine/Purine,A>G
157232050,rs73010250,AA,AA,AG,100,70,99,NC_000001.11,Mutation NB - Maternal Origin,Transition - Purine/Purine,Unsolved
157748990,rs3818814,AA,GG,GG,82,58,15,NC_000001.11,Mutation NB - Paternal Origin,Transition - Purine/Purine,A>G
159896000,rs6660528,GG,GG,GA,91,82,27,NC_000001.11,Mutation NB - Maternal Origin,Transition - Purine/Purine,Unsolved
160246931,rs10908771,CC,GG,CC,88,91,12,NC_000001.11,Mutation NB - Maternal Origin,Transversion - Purine/Pyrimidine,G>C
160530060,rs11265424,CC,AA,CC,82,100,21,NC_000001.11,Mutation NB - Maternal Origin,Transversion - Purine/Pyrimidine,A>C
160921763,rs11265523,GG,AA,GG,85,91,0,NC_000001.11,Mutation NB - Maternal Origin,Transition - Purine/Purine,A>G
163513487,rs72699445,CC,CG,GG,100,1,48,NC_000001.11,Mutation NB - Paternal Origin,Transversion - Purine/Pyrimidine,C>G
163513503,rs78929218,CC,CG,GG,100,1,48,NC_000001.11,Mutation NB - Paternal Origin,Transversion - Purine/Pyrimidine,C>G
165609633,rs10918221,GG,GG,GT,100,55,72,NC_000001.11,Mutation NB - Maternal Origin,Transversion - Purine/Pyrimidine,Unsolved
165856908,rs1233349758,TT,TT,TG,98,67,37,NC_000001.11,Mutation NB - Maternal Origin,Transition - Pyrimidine/Pyrimidine,Transversion - Purine/Pyrimidine,Unsolved
165876407,rs6687465,TT,CC,CC,100,91,9,NC_000001.11,Mutation NB - Paternal Origin,Transition - Pyrimidine/Pyrimidine,T>C
166552685,rs181554089,CC,CC,CA,100,73,68,NC_000001.11,Mutation NB - Maternal Origin,Transversion - Purine/Pyrimidine,Unsolved
167153192,rs12143783,TT,CC,CC,85,49,18,NC_000001.11,Mutation NB - Paternal Origin,Transition - Pyrimidine/Pyrimidine,T>C
170464640,rs4294468,AA,AA,GG,88,64,0,NC_000001.11,Mutation NB - Maternal Origin,Transition - Purine/Purine,Unsolved
170750046,rs991230,GA,GG,AA,32,91,9,NC_000001.11,Mutation NB - Maternal Origin,Transition - Purine/Purine,G>A
175108463,rs59487376,GG,GG,GC,100,64,74,NC_000001.11,Mutation NB - Maternal Origin,Transition - Purine/Purine,Transversion - Purine/Pyrimidine,Unsolved
175575923,rs72725454,GG,GG,GA,100,76,99,NC_000001.11,Mutation NB - Maternal Origin,Transition - Purine/Purine,Unsolved
177760228,rs3131329,CC,TT,TT,91,88,0,NC_000001.11,Mutation NB - Paternal Origin,Transition - Pyrimidine/Pyrimidine,C>T
180191349,rs2281844,GG,CC,GG,82,100,9,NC_000001.11,Mutation NB - Maternal Origin,Transversion - Purine/Pyrimidine,C>G
182380457,rs4636415,AA,AA,AC,91,100,29,NC_000001.11,Mutation NB - Paternal Origin,Transversion - Purine/Pyrimidine,Unsolved
184542355,.,TT,TT,TC,79,79,71,NC_000001.11,Mutation NB - Paternal or Maternal,Transition - Pyrimidine/Pyrimidine,Unsolved
185648247,rs12067056,AA,AA,AG,100,61,78,NC_000001.11,Mutation NB - Maternal Origin,Transition - Purine/Purine,Unsolved
191908834,rs12143906,GG,GG,GT,82,100,71,NC_000001.11,Mutation NB - Paternal Origin,Transversion - Purine/Pyrimidine,Unsolved
199989985,.,AA,AA,AG,82,67,68,NC_000001.11,Mutation NB - Maternal Origin,Transition - Purine/Purine,Unsolved
201347873,rs769031387,TT,CC,TT,85,85,12,NC_000001.11,Mutation NB - Maternal Origin,Transition - Pyrimidine/Pyrimidine,C>T
202169198,rs73085656,TT,AA,AA,79,61,0,NC_000001.11,Mutation NB - Paternal Origin,Transversion - Purine/Pyrimidine,T>A
203364278,.,TT,TT,TC,67,73,39,NC_000001.11,Mutation NB - Paternal Origin,Transition - Pyrimidine/Pyrimidine,Unsolved
204178058,rs7513165,TC,CC,TT,1,64,0,NC_000001.11,Mutation NB - Maternal Origin,Transversion - Purine/Pyrimidine,C>T
205492407,rs1041310,TT,AA,AA,91,82,9,NC_000001.11,Mutation NB - Paternal Origin,Transversion - Purine/Pyrimidine,T>A
205541114,rs12751472,CC,CT,TT,100,29,9,NC_000001.11,Mutation NB - Paternal Origin,Transition - Pyrimidine/Pyrimidine,C>T
206964069,rs12145249,TC,CC,TT,73,49,0,NC_000001.11,Mutation NB - Maternal Origin,Transversion - Purine/Pyrimidine,C>T
210903957,rs17017032,GG,GG,GA,88,67,33,NC_000001.11,Mutation NB - Maternal Origin,Transition - Purine/Purine,Unsolved
211660697,rs1822568,GC,CC,GG,1,40,0,NC_000001.11,Mutation NB - Maternal Origin,Transversion - Purine/Pyrimidine,C>G
213556568,rs79861752,GG,GG,GT,67,100,92,NC_000001.11,Mutation NB - Paternal Origin,Transversion - Purine/Pyrimidine,Unsolved
215645016,rs2797229,AA,GG,GG,82,61,0,NC_000001.11,Mutation NB - Paternal Origin,Transition - Purine/Purine,A>G
216973243,rs1339214,TT,TT,TC,85,88,99,NC_000001.11,Mutation NB - Paternal Origin,Transition - Pyrimidine/Pyrimidine,Unsolved
217179147,rs17696625,GG,AA,GG,91,91,9,NC_000001.11,Mutation NB - Maternal Origin,Transition - Purine/Purine,A>G
222050112,rs2584319,TT,CC,CC,67,58,9,NC_000001.11,Mutation NB - Paternal Origin,Transition - Pyrimidine/Pyrimidine,T>C
226379307,rs732284,CC,CC,CG,100,79,99,NC_000001.11,Mutation NB - Maternal Origin,Transversion - Purine/Pyrimidine,Unsolved
227093856,rs501772,CC,CC,GG,100,85,12,NC_000001.11,Mutation NB - Maternal Origin,Transversion - Purine/Pyrimidine,Unsolved
227760736,rs567115255,CC,GG,CC,88,73,39,NC_000001.11,Mutation NB - Maternal Origin,Transversion - Purine/Pyrimidine,G>C
230103479,.,TT,TT,TC,91,73,62,NC_000001.11,Mutation NB - Maternal Origin,Transition - Pyrimidine/Pyrimidine,Unsolved
230265467,rs12724657,AA,AA,AG,76,67,57,NC_000001.11,Mutation NB - Maternal Origin,Transition - Purine/Purine,Unsolved
232088003,rs9727875,GG,TT,GG,88,79,0,NC_000001.11,Mutation NB - Maternal Origin,Transition - Purine/Purine,Transversion - Purine/Pyrimidine,T>G
233938331,.,AA,AA,AG,67,52,50,NC_000001.11,Mutation NB - Maternal Origin,Transition - Purine/Purine,Unsolved
236085100,rs2734820,GG,AA,GG,82,79,0,NC_000001.11,Mutation NB - Maternal Origin,Transition - Purine/Purine,A>G
236960879,rs1417304,TT,TT,CT,91,76,97,NC_000001.11,Mutation NB - Maternal Origin,Transition - Pyrimidine/Pyrimidine,Unsolved
237108554,rs6691537,CC,CT,TT,100,1,18,NC_000001.11,Mutation NB - Paternal Origin,Transition - Pyrimidine/Pyrimidine,C>T
237162751,rs10925334,AA,TA,TT,79,1,9,NC_000001.11,Mutation NB - Paternal Origin,Transversion - Purine/Pyrimidine,A>T
238248797,rs7547035,GG,GG,GA,91,100,33,NC_000001.11,Mutation NB - Paternal Origin,Transition - Purine/Purine,Unsolved
242724662,rs4658857,GG,CC,CC,79,73,0,NC_000001.11,Mutation NB - Paternal Origin,Transversion - Purine/Pyrimidine,G>C
244005086,rs55704249,AA,AT,TT,82,1,15,NC_000001.11,Mutation NB - Paternal Origin,Transversion - Purine/Pyrimidine,A>T
245155788,rs11805982,TT,TT,CC,100,82,9,NC_000001.11,Mutation NB - Maternal Origin,Transition - Pyrimidine/Pyrimidine,Unsolved
245954748,rs6695279,TT,CT,CC,88,1,0,NC_000001.11,Mutation NB - Paternal Origin,Transition - Pyrimidine/Pyrimidine,T>C
246672587,.,AA,AA,AG,82,64,56,NC_000001.11,Mutation NB - Maternal Origin,Transition - Purine/Purine,Unsolved
246799152,.,CC,CC,CT,91,79,65,NC_000001.11,Mutation NB - Maternal Origin,Transition - Pyrimidine/Pyrimidine,Unsolved
247851293,rs10749634,TT,CC,CC,100,85,21,NC_000001.11,Mutation NB - Paternal Origin,Transition - Pyrimidine/Pyrimidine,T>C
247851313,rs10749635,AA,GG,GG,100,85,21,NC_000001.11,Mutation NB - Paternal Origin,Transition - Purine/Purine,A>G
248671873,rs28665859,CC,TT,TT,100,88,24,NC_000001.11,Mutation NB - Paternal Origin,Transition - Pyrimidine/Pyrimidine,C>T
476502,.,CC,CC,CT,85,64,52,NC_000002.12,Mutation NB - Maternal Origin,Transition - Pyrimidine/Pyrimidine,Unsolved
587649,rs17042065,AA,AA,AG,64,100,94,NC_000002.12,Mutation NB - Paternal Origin,Transition - Purine/Purine,Unsolved
1051786,.,GG,GG,GA,91,58,58,NC_000002.12,Mutation NB - Maternal Origin,Transition - Purine/Purine,Unsolved
1550036,rs13431491,TT,TT,TA,91,91,36,NC_000002.12,Mutation NB - Paternal or Maternal,Transition - Pyrimidine/Pyrimidine,Transversion - Purine/Pyrimidine,Unsolved
1550037,rs13423300,CC,CC,CA,91,91,36,NC_000002.12,Mutation NB - Paternal or Maternal,Transversion - Purine/Pyrimidine,Unsolved
2850011,rs823175,AG,GG,AA,1,79,0,NC_000002.12,Mutation NB - Maternal Origin,Transition - Purine/Purine,G>A
3117929,rs6740461,TT,TT,TC,91,64,99,NC_000002.12,Mutation NB - Maternal Origin,Transition - Pyrimidine/Pyrimidine,Unsolved
3176355,rs7591433,AA,CC,AA,88,79,0,NC_000002.12,Mutation NB - Maternal Origin,Transversion - Purine/Pyrimidine,C>A
3205783,rs138638420,CC,CC,CG,100,67,33,NC_000002.12,Mutation NB - Maternal Origin,Transversion - Purine/Pyrimidine,Unsolved
3205827,rs896932,AG,GG,AA,73,67,0,NC_000002.12,Mutation NB - Maternal Origin,Transition - Purine/Purine,G>A
3335305,rs11885867,GG,GG,GA,100,76,68,NC_000002.12,Mutation NB - Maternal Origin,Transition - Purine/Purine,Unsolved
3613279,rs17017752,GG,GG,GA,100,67,88,NC_000002.12,Mutation NB - Maternal Origin,Transition - Purine/Purine,Unsolved
3650781,rs13031619,GG,AA,GG,88,85,9,NC_000002.12,Mutation NB - Maternal Origin,Transition - Purine/Purine,A>G
3650923,rs116115406,TG,TT,GG,29,76,15,NC_000002.12,Mutation NB - Maternal Origin,Transversion - Purine/Pyrimidine,T>G
6152944,rs10207231,AA,AA,AG,100,64,68,NC_000002.12,Mutation NB - Maternal Origin,Transition - Purine/Purine,Unsolved
6541539,rs7565668,AA,GG,AA,67,100,24,NC_000002.12,Mutation NB - Maternal Origin,Transition - Purine/Purine,G>A
8220128,rs73912641,GA,GG,AA,67,76,12,NC_000002.12,Mutation NB - Maternal Origin,Transition - Purine/Purine,G>A
9995675,rs142658721,GG,GG,TT,100,67,9,NC_000002.12,Mutation NB - Maternal Origin,Transversion - Purine/Pyrimidine,Unsolved
9995727,rs11674576,TT,TT,CC,100,73,9,NC_000002.12,Mutation NB - Maternal Origin,Transition - Pyrimidine/Pyrimidine,Unsolved
11147883,rs4297854,CC,CC,CT,88,82,99,NC_000002.12,Mutation NB - Maternal Origin,Transition - Pyrimidine/Pyrimidine,Unsolved
12153702,rs7579042,TT,CT,CC,91,2,36,NC_000002.12,Mutation NB - Paternal Origin,Transition - Pyrimidine/Pyrimidine,T>C
15653958,rs36047816,CC,CG,GG,100,1,12,NC_000002.12,Mutation NB - Paternal Origin,Transversion - Purine/Pyrimidine,C>G
20171852,rs1107851,TT,CC,TT,100,88,0,NC_000002.12,Mutation NB - Maternal Origin,Transition - Pyrimidine/Pyrimidine,C>T
20490804,rs342063,CC,AC,AA,64,1,0,NC_000002.12,Mutation NB - Paternal Origin,Transversion - Purine/Pyrimidine,C>A
21193474,rs62133415,TT,AA,AA,100,64,18,NC_000002.12,Mutation NB - Paternal Origin,Transversion - Purine/Pyrimidine,T>A
21235000,.,AA,AA,AG,70,55,65,NC_000002.12,Mutation NB - Maternal Origin,Transition - Purine/Purine,Unsolved
21468299,rs73921205,CC,CT,TT,88,8,12,NC_000002.12,Mutation NB - Paternal Origin,Transition - Pyrimidine/Pyrimidine,C>T
21781097,rs11676898,CC,CC,CT,100,70,62,NC_000002.12,Mutation NB - Maternal Origin,Transition - Pyrimidine/Pyrimidine,Unsolved
23414704,rs58743544,GG,TT,TT,88,91,12,NC_000002.12,Mutation NB - Paternal Origin,Transversion - Purine/Pyrimidine,G>T
25688435,rs11892454,AA,GG,AA,73,46,0,NC_000002.12,Mutation NB - Maternal Origin,Transition - Purine/Purine,G>A
26721432,rs34552049,GG,AG,AA,91,48,0,NC_000002.12,Mutation NB - Paternal Origin,Transition - Purine/Purine,G>A
28351082,rs76021984,CC,CT,TT,91,1,30,NC_000002.12,Mutation NB - Paternal Origin,Transition - Pyrimidine/Pyrimidine,C>T
28543387,rs11127164,TC,TT,CC,5,76,12,NC_000002.12,Mutation NB - Maternal Origin,Transition - Pyrimidine/Pyrimidine,T>C
30223506,rs79713994,GG,GG,GT,58,100,99,NC_000002.12,Mutation NB - Paternal Origin,Transversion - Purine/Pyrimidine,Unsolved
30223536,rs76844524,TT,TT,TA,61,100,99,NC_000002.12,Mutation NB - Paternal Origin,Transition - Pyrimidine/Pyrimidine,Transversion - Purine/Pyrimidine,Unsolved
30732252,rs35481680,GG,TT,TT,100,88,21,NC_000002.12,Mutation NB - Paternal Origin,Transversion - Purine/Pyrimidine,G>T
31071835,rs7565689,CC,AA,CC,85,79,15,NC_000002.12,Mutation NB - Maternal Origin,Transversion - Purine/Pyrimidine,A>C
32514386,rs77417254,AA,AA,AG,100,73,66,NC_000002.12,Mutation NB - Maternal Origin,Transition - Purine/Purine,Unsolved
32920642,rs114125571,GG,CC,CC,91,88,15,NC_000002.12,Mutation NB - Paternal Origin,Transversion - Purine/Pyrimidine,G>C
33863398,rs76264262,GG,TT,TT,82,73,9,NC_000002.12,Mutation NB - Paternal Origin,Transversion - Purine/Pyrimidine,G>T
39585674,rs112018838,TT,CC,CC,98,85,12,NC_000002.12,Mutation NB - Paternal Origin,Transition - Pyrimidine/Pyrimidine,T>C
41781350,rs6711135,GG,AA,GG,73,55,12,NC_000002.12,Mutation NB - Maternal Origin,Transition - Purine/Purine,A>G
41879757,rs6544492,CC,CC,GC,91,82,33,NC_000002.12,Mutation NB - Maternal Origin,Transversion - Purine/Pyrimidine,Unsolved
42969786,rs11124904,TC,TT,CC,32,67,15,NC_000002.12,Mutation NB - Maternal Origin,Transition - Pyrimidine/Pyrimidine,T>C
43131651,.,TT,TT,TC,79,67,41,NC_000002.12,Mutation NB - Maternal Origin,Transition - Pyrimidine/Pyrimidine,Unsolved
43152903,rs10207292,GG,GG,GA,79,58,99,NC_000002.12,Mutation NB - Maternal Origin,Transition - Purine/Purine,Unsolved
44060114,rs6708311,CC,TT,TT,88,46,15,NC_000002.12,Mutation NB - Paternal Origin,Transition - Pyrimidine/Pyrimidine,C>T
45083248,rs72797983,GG,GG,GA,61,100,99,NC_000002.12,Mutation NB - Paternal Origin,Transition - Purine/Purine,Unsolved
45883286,rs735112,AA,AA,AG,85,100,33,NC_000002.12,Mutation NB - Paternal Origin,Transition - Purine/Purine,Unsolved
46027132,rs6731152,AA,GG,GG,79,64,48,NC_000002.12,Mutation NB - Paternal Origin,Transition - Purine/Purine,A>G
46181113,rs2594490,TT,AT,AA,79,35,9,NC_000002.12,Mutation NB - Paternal Origin,Transversion - Purine/Pyrimidine,T>A
46797529,rs72882860,GG,GG,GA,100,79,99,NC_000002.12,Mutation NB - Maternal Origin,Transition - Purine/Purine,Unsolved
46865613,.,CC,CC,CT,64,85,41,NC_000002.12,Mutation NB - Paternal Origin,Transition - Pyrimidine/Pyrimidine,Unsolved
46909811,rs35433380,TT,GT,GG,79,42,24,NC_000002.12,Mutation NB - Paternal Origin,Transversion - Purine/Pyrimidine,T>G
47073890,rs3739099,GG,AA,GG,79,64,15,NC_000002.12,Mutation NB - Maternal Origin,Transition - Purine/Purine,A>G
47552122,rs9989878,CC,CC,GG,88,91,12,NC_000002.12,Mutation NB - Paternal Origin,Transversion - Purine/Pyrimidine,Unsolved
48971087,rs115329519,AA,AA,AG,100,55,99,NC_000002.12,Mutation NB - Maternal Origin,Transition - Purine/Purine,Unsolved
49502793,rs2350321,TT,CC,CC,88,79,9,NC_000002.12,Mutation NB - Paternal Origin,Transition - Pyrimidine/Pyrimidine,T>C
51780444,rs147720357,CC,CC,TT,100,70,15,NC_000002.12,Mutation NB - Maternal Origin,Transition - Pyrimidine/Pyrimidine,Unsolved
53217198,rs10164592,AA,GG,GG,82,64,36,NC_000002.12,Mutation NB - Paternal Origin,Transition - Purine/Purine,A>G
55437950,rs73942132,TT,TT,TA,88,82,62,NC_000002.12,Mutation NB - Maternal Origin,Transition - Pyrimidine/Pyrimidine,Transversion - Purine/Pyrimidine,Unsolved
60125077,rs13402029,AA,GG,GG,88,73,0,NC_000002.12,Mutation NB - Paternal Origin,Transition - Purine/Purine,A>G
60429963,rs11889919,CC,CC,CA,100,58,57,NC_000002.12,Mutation NB - Maternal Origin,Transversion - Purine/Pyrimidine,Unsolved
60526458,rs356992,CG,GG,CC,70,85,24,NC_000002.12,Mutation NB - Maternal Origin,Transversion - Purine/Pyrimidine,G>C
64969330,rs6723004,TT,CC,TT,85,58,18,NC_000002.12,Mutation NB - Maternal Origin,Transition - Pyrimidine/Pyrimidine,C>T
65166650,.,TT,TT,TC,79,88,57,NC_000002.12,Mutation NB - Paternal Origin,Transition - Pyrimidine/Pyrimidine,Unsolved
65564456,rs4671132,TT,TC,CC,79,1,9,NC_000002.12,Mutation NB - Paternal Origin,Transition - Pyrimidine/Pyrimidine,T>C
67373657,rs1027000,CC,TT,TT,88,100,0,NC_000002.12,Mutation NB - Paternal Origin,Transition - Pyrimidine/Pyrimidine,C>T
70689961,rs13401890,AA,AA,GA,91,91,71,NC_000002.12,Mutation NB - Paternal or Maternal,Transition - Purine/Purine,Unsolved
71021204,rs4852746,TT,GG,TT,82,67,12,NC_000002.12,Mutation NB - Maternal Origin,Transversion - Purine/Pyrimidine,G>T
71586780,.,GG,GG,GA,58,73,51,NC_000002.12,Mutation NB - Paternal Origin,Transition - Purine/Purine,Unsolved
71973543,.,AA,AA,AG,55,49,47,NC_000002.12,Mutation NB - Maternal Origin,Transition - Purine/Purine,Unsolved
72128341,rs79976551,CC,CC,CT,85,73,99,NC_000002.12,Mutation NB - Maternal Origin,Transition - Pyrimidine/Pyrimidine,Unsolved
72134831,rs2241057,GG,AA,AA,91,88,0,NC_000002.12,Mutation NB - Paternal Origin,Transition - Purine/Purine,G>A
73487989,rs802113,GG,AA,AA,91,91,9,NC_000002.12,Mutation NB - Paternal Origin,Transition - Purine/Purine,G>A
74833099,.,TT,TT,TC,79,82,33,NC_000002.12,Mutation NB - Paternal Origin,Transition - Pyrimidine/Pyrimidine,Unsolved
78779914,rs78513074,CC,CC,CT,88,100,99,NC_000002.12,Mutation NB - Paternal Origin,Transition - Pyrimidine/Pyrimidine,Unsolved
78926952,rs2077819,AA,GG,GG,88,91,18,NC_000002.12,Mutation NB - Paternal Origin,Transition - Purine/Purine,A>G
79083555,rs1522857,AA,GG,GG,100,82,12,NC_000002.12,Mutation NB - Paternal Origin,Transition - Purine/Purine,A>G
79221410,rs77295261,AG,AA,GG,67,91,9,NC_000002.12,Mutation NB - Maternal Origin,Transition - Purine/Purine,A>G
80238398,rs7599126,GG,AA,AA,88,82,18,NC_000002.12,Mutation NB - Paternal Origin,Transition - Purine/Purine,G>A
85331276,rs566700609,TT,TT,TC,91,100,53,NC_000002.12,Mutation NB - Paternal Origin,Transition - Pyrimidine/Pyrimidine,Unsolved
86227148,rs1559511,CC,TT,CC,76,76,12,NC_000002.12,Mutation NB - Maternal Origin,Transition - Pyrimidine/Pyrimidine,T>C
88334341,rs1713930,AA,GG,GG,85,76,0,NC_000002.12,Mutation NB - Paternal Origin,Transition - Purine/Purine,A>G
88886175,rs750789287,AA,AA,AG,40,67,53,NC_000002.12,Mutation NB - Paternal Origin,Transition - Purine/Purine,Unsolved
96287095,rs3171927,AA,AA,AG,100,76,99,NC_000002.12,Mutation NB - Maternal Origin,Transition - Purine/Purine,Unsolved
99256398,rs11676581,AA,GG,GG,82,70,9,NC_000002.12,Mutation NB - Paternal Origin,Transition - Purine/Purine,A>G
101351698,rs4585047,TT,CC,CC,88,70,12,NC_000002.12,Mutation NB - Paternal Origin,Transition - Pyrimidine/Pyrimidine,T>C
101563141,rs7606836,GG,AG,AA,67,1,15,NC_000002.12,Mutation NB - Paternal Origin,Transition - Purine/Purine,G>A
102502029,.,TT,TT,TC,88,61,68,NC_000002.12,Mutation NB - Maternal Origin,Transition - Pyrimidine/Pyrimidine,Unsolved
102502100,rs2075190,AA,TT,TT,100,73,15,NC_000002.12,Mutation NB - Paternal Origin,Transversion - Purine/Pyrimidine,A>T
103614427,rs114208404,CC,CC,CT,100,85,58,NC_000002.12,Mutation NB - Maternal Origin,Transition - Pyrimidine/Pyrimidine,Unsolved
105526477,rs2139110,CC,CT,TT,91,1,9,NC_000002.12,Mutation NB - Paternal Origin,Transition - Pyrimidine/Pyrimidine,C>T
105526556,rs2139112,CC,CA,AA,88,1,9,NC_000002.12,Mutation NB - Paternal Origin,Transversion - Purine/Pyrimidine,C>A
105526559,rs116590496,GG,CG,CC,88,1,9,NC_000002.12,Mutation NB - Paternal Origin,Transversion - Purine/Pyrimidine,G>C
105557662,rs72821546,GG,GG,GA,100,67,15,NC_000002.12,Mutation NB - Maternal Origin,Transition - Purine/Purine,Unsolved
105574111,rs34743126,GG,GG,AA,91,91,12,NC_000002.12,Mutation NB - Paternal or Maternal,Transition - Purine/Purine,Unsolved
106576008,rs4302209,AA,GG,GG,91,85,0,NC_000002.12,Mutation NB - Paternal Origin,Transition - Purine/Purine,A>G
106576013,rs4622714,CC,GG,GG,91,85,0,NC_000002.12,Mutation NB - Paternal Origin,Transversion - Purine/Pyrimidine,C>G
106671371,rs114934299,CC,CC,CT,85,88,91,NC_000002.12,Mutation NB - Paternal Origin,Transition - Pyrimidine/Pyrimidine,Unsolved
107409824,rs1684104368,AA,AA,AG,88,73,71,NC_000002.12,Mutation NB - Maternal Origin,Transition - Purine/Purine,Unsolved
109487923,rs137928913,TT,CC,CC,88,85,15,NC_000002.12,Mutation NB - Paternal Origin,Transition - Pyrimidine/Pyrimidine,T>C
112333763,rs6758110,GG,AG,AA,91,1,12,NC_000002.12,Mutation NB - Paternal Origin,Transition - Purine/Purine,G>A
113242159,rs13015478,GG,GT,TT,88,1,15,NC_000002.12,Mutation NB - Paternal Origin,Transversion - Purine/Pyrimidine,G>T
114113760,rs898319011,TT,TT,TC,76,76,56,NC_000002.12,Mutation NB - Paternal or Maternal,Transition - Pyrimidine/Pyrimidine,Unsolved
117637146,rs2263642,TT,TT,CC,88,91,0,NC_000002.12,Mutation NB - Paternal Origin,Transition - Pyrimidine/Pyrimidine,Unsolved
118573947,rs7604059,AA,AA,AG,91,79,26,NC_000002.12,Mutation NB - Maternal Origin,Transition - Purine/Purine,Unsolved
121031556,.,AA,AA,AG,91,73,68,NC_000002.12,Mutation NB - Maternal Origin,Transition - Purine/Purine,Unsolved
124657605,rs62171285,AT,AA,TT,1,82,9,NC_000002.12,Mutation NB - Maternal Origin,Transversion - Purine/Pyrimidine,A>T
126838602,rs1055714639,AA,AA,AG,91,82,30,NC_000002.12,Mutation NB - Maternal Origin,Transition - Purine/Purine,Unsolved
127063993,.,TT,TT,TA,88,88,68,NC_000002.12,Mutation NB - Paternal or Maternal,Transition - Pyrimidine/Pyrimidine,Transversion - Purine/Pyrimidine,Unsolved
128371947,rs744211,TT,TT,TC,100,61,99,NC_000002.12,Mutation NB - Maternal Origin,Transition - Pyrimidine/Pyrimidine,Unsolved
128543792,rs11677331,GG,GC,CC,100,1,24,NC_000002.12,Mutation NB - Paternal Origin,Transversion - Purine/Pyrimidine,G>C
128996146,rs17040198,TT,TG,GG,82,1,15,NC_000002.12,Mutation NB - Paternal Origin,Transversion - Purine/Pyrimidine,T>G
129253003,rs1019617533,TT,TT,TC,88,76,50,NC_000002.12,Mutation NB - Maternal Origin,Transition - Pyrimidine/Pyrimidine,Unsolved
129253023,rs837830,TT,TC,CC,100,82,30,NC_000002.12,Mutation NB - Paternal Origin,Transition - Pyrimidine/Pyrimidine,T>C
129319301,rs13024232,GG,AA,GG,91,79,12,NC_000002.12,Mutation NB - Maternal Origin,Transition - Purine/Purine,A>G
129734049,rs6710206,GG,AA,AA,100,79,9,NC_000002.12,Mutation NB - Paternal Origin,Transition - Purine/Purine,G>A
130302716,rs7564180,TG,GG,TT,36,70,0,NC_000002.12,Mutation NB - Maternal Origin,Transversion - Purine/Pyrimidine,G>T
134975815,.,AA,AA,AG,91,67,52,NC_000002.12,Mutation NB - Maternal Origin,Transition - Purine/Purine,Unsolved
137707378,rs77063446,AA,GG,GG,91,91,15,NC_000002.12,Mutation NB - Paternal Origin,Transition - Purine/Purine,A>G
142615388,rs12993708,AA,AA,AG,88,88,30,NC_000002.12,Mutation NB - Paternal or Maternal,Transition - Purine/Purine,Unsolved
142615432,rs12998819,AA,AA,AG,88,88,27,NC_000002.12,Mutation NB - Paternal or Maternal,Transition - Purine/Purine,Unsolved
145936698,.,AA,AA,AG,85,82,62,NC_000002.12,Mutation NB - Maternal Origin,Transition - Purine/Purine,Unsolved
149765984,rs59909682,GG,AA,GG,91,88,12,NC_000002.12,Mutation NB - Maternal Origin,Transition - Purine/Purine,A>G
150963584,rs6733693,AA,CC,AA,76,100,30,NC_000002.12,Mutation NB - Maternal Origin,Transversion - Purine/Pyrimidine,C>A
153267422,rs13010958,GG,TG,TT,79,1,0,NC_000002.12,Mutation NB - Paternal Origin,Transversion - Purine/Pyrimidine,G>T
158771340,rs1878100,CC,AA,CC,91,100,9,NC_000002.12,Mutation NB - Maternal Origin,Transversion - Purine/Pyrimidine,A>C
159919866,rs80018320,AT,AA,TT,67,82,9,NC_000002.12,Mutation NB - Maternal Origin,Transversion - Purine/Pyrimidine,A>T
166085630,rs11904006,TT,CC,CC,82,52,36,NC_000002.12,Mutation NB - Paternal Origin,Transition - Pyrimidine/Pyrimidine,T>C
168285270,.,AA,AA,AG,61,52,50,NC_000002.12,Mutation NB - Maternal Origin,Transition - Purine/Purine,Unsolved
175668275,rs62188180,GG,AA,GG,100,91,9,NC_000002.12,Mutation NB - Maternal Origin,Transition - Purine/Purine,A>G
175668310,rs1823134,TT,CC,TT,100,91,0,NC_000002.12,Mutation NB - Maternal Origin,Transition - Pyrimidine/Pyrimidine,C>T
183154116,rs549531589,CC,CC,CT,100,73,58,NC_000002.12,Mutation NB - Maternal Origin,Transition - Pyrimidine/Pyrimidine,Unsolved
188605880,rs116146684,AA,GG,GG,85,88,18,NC_000002.12,Mutation NB - Paternal Origin,Transition - Purine/Purine,A>G
201474950,.,AA,AA,AG,64,82,50,NC_000002.12,Mutation NB - Paternal Origin,Transition - Purine/Purine,Unsolved
204222889,rs66761445,GG,GG,GA,82,100,68,NC_000002.12,Mutation NB - Paternal Origin,Transition - Purine/Purine,Unsolved
204249360,rs13407072,CC,TT,CC,85,85,0,NC_000002.12,Mutation NB - Maternal Origin,Transition - Pyrimidine/Pyrimidine,T>C
213278397,rs2708161,CC,CC,CT,100,64,33,NC_000002.12,Mutation NB - Maternal Origin,Transition - Pyrimidine/Pyrimidine,Unsolved
216717770,rs59354839,GG,TT,TT,88,88,0,NC_000002.12,Mutation NB - Paternal Origin,Transversion - Purine/Pyrimidine,G>T
216717780,rs58153457,CC,TT,TT,88,88,0,NC_000002.12,Mutation NB - Paternal Origin,Transition - Pyrimidine/Pyrimidine,C>T
218273902,rs6758540,GG,AA,AA,82,82,0,NC_000002.12,Mutation NB - Paternal Origin,Transition - Purine/Purine,G>A
219601477,rs620698,GG,TT,TT,100,91,15,NC_000002.12,Mutation NB - Paternal Origin,Transversion - Purine/Pyrimidine,G>T
219796339,rs13408400,CC,TT,TT,88,79,33,NC_000002.12,Mutation NB - Paternal Origin,Transition - Pyrimidine/Pyrimidine,C>T
220104976,rs10191081,GG,GT,TT,91,74,12,NC_000002.12,Mutation NB - Paternal Origin,Transversion - Purine/Pyrimidine,G>T
220212421,.,AA,AA,AG,91,76,59,NC_000002.12,Mutation NB - Maternal Origin,Transition - Purine/Purine,Unsolved
227225451,rs34460159,TT,TT,TG,100,73,83,NC_000002.12,Mutation NB - Maternal Origin,Transition - Pyrimidine/Pyrimidine,Transversion - Purine/Pyrimidine,Unsolved
230525968,rs1678152,GG,AA,AA,79,64,12,NC_000002.12,Mutation NB - Paternal Origin,Transition - Purine/Purine,G>A
232327335,rs58232069,TT,CC,CC,91,91,27,NC_000002.12,Mutation NB - Paternal Origin,Transition - Pyrimidine/Pyrimidine,T>C
232375033,rs2741311,CC,TC,TT,85,1,9,NC_000002.12,Mutation NB - Paternal Origin,Transition - Pyrimidine/Pyrimidine,C>T
235364930,rs62189312,TT,CC,CC,67,70,0,NC_000002.12,Mutation NB - Paternal Origin,Transition - Pyrimidine/Pyrimidine,T>C
235840612,rs13412150,AA,GG,GG,88,67,0,NC_000002.12,Mutation NB - Paternal Origin,Transition - Purine/Purine,A>G
235898041,rs2873334,AA,AG,GG,100,1,18,NC_000002.12,Mutation NB - Paternal Origin,Transition - Purine/Purine,A>G
236589271,.,TT,TT,TC,91,67,56,NC_000002.12,Mutation NB - Maternal Origin,Transition - Pyrimidine/Pyrimidine,Unsolved
236680461,rs11689136,TT,TC,CC,91,67,9,NC_000002.12,Mutation NB - Paternal Origin,Transition - Pyrimidine/Pyrimidine,T>C
236860143,rs879123,AA,CC,CC,88,61,0,NC_000002.12,Mutation NB - Paternal Origin,Transversion - Purine/Pyrimidine,A>C
236989133,rs34313874,CC,GG,GG,85,85,9,NC_000002.12,Mutation NB - Paternal Origin,Transversion - Purine/Pyrimidine,C>G
237193152,rs6711726,GG,AA,AA,100,76,15,NC_000002.12,Mutation NB - Paternal Origin,Transition - Purine/Purine,G>A
237575598,rs908871256,AA,AA,AG,82,73,68,NC_000002.12,Mutation NB - Maternal Origin,Transition - Purine/Purine,Unsolved
237797490,.,TT,TT,TA,85,79,23,NC_000002.12,Mutation NB - Maternal Origin,Transition - Pyrimidine/Pyrimidine,Transversion - Purine/Pyrimidine,Unsolved
239007340,rs7591946,TT,TT,CT,91,91,36,NC_000002.12,Mutation NB - Paternal or Maternal,Transition - Pyrimidine/Pyrimidine,Unsolved
239007349,rs7591952,TT,TT,CT,91,91,36,NC_000002.12,Mutation NB - Paternal or Maternal,Transition - Pyrimidine/Pyrimidine,Unsolved
239029299,rs6704807,CC,TT,CC,85,76,9,NC_000002.12,Mutation NB - Maternal Origin,Transition - Pyrimidine/Pyrimidine,T>C
239115785,.,AA,AA,AG,88,70,59,NC_000002.12,Mutation NB - Maternal Origin,Transition - Purine/Purine,Unsolved
239300927,rs13000297,GG,AA,AA,100,70,18,NC_000002.12,Mutation NB - Paternal Origin,Transition - Purine/Purine,G>A
239339934,rs10170311,CC,CC,CG,100,91,93,NC_000002.12,Mutation NB - Maternal Origin,Transversion - Purine/Pyrimidine,Unsolved
239582625,rs113553240,AA,AA,AG,82,64,99,NC_000002.12,Mutation NB - Maternal Origin,Transition - Purine/Purine,Unsolved
240167598,rs4854002,AA,AG,GG,58,5,12,NC_000002.12,Mutation NB - Paternal Origin,Transition - Purine/Purine,A>G
240622701,rs2953152,GA,GG,AA,31,79,15,NC_000002.12,Mutation NB - Maternal Origin,Transition - Purine/Purine,G>A
240643758,rs186199436,CC,CC,CT,52,58,47,NC_000002.12,Mutation NB - Paternal Origin,Transition - Pyrimidine/Pyrimidine,Unsolved
240874371,rs10933641,TT,CC,CC,73,61,9,NC_000002.12,Mutation NB - Paternal Origin,Transition - Pyrimidine/Pyrimidine,T>C
240901094,.,TT,TT,TC,73,46,44,NC_000002.12,Mutation NB - Maternal Origin,Transition - Pyrimidine/Pyrimidine,Unsolved
240932430,rs34726174,GA,AA,GG,32,73,0,NC_000002.12,Mutation NB - Maternal Origin,Transition - Purine/Purine,A>G
241144095,rs758070,TG,TT,GG,1,79,12,NC_000002.12,Mutation NB - Maternal Origin,Transversion - Purine/Pyrimidine,T>G
241144114,rs758071,GA,GG,AA,1,79,12,NC_000002.12,Mutation NB - Maternal Origin,Transition - Purine/Purine,G>A
241576101,rs62191740,TT,CC,CC,88,82,27,NC_000002.12,Mutation NB - Paternal Origin,Transition - Pyrimidine/Pyrimidine,T>C
628168,rs9842022,TT,CC,TT,88,76,33,NC_000003.12,Mutation NB - Maternal Origin,Transition - Pyrimidine/Pyrimidine,C>T
861094,rs66529148,AA,AA,AC,91,91,99,NC_000003.12,Mutation NB - Paternal or Maternal,Transversion - Purine/Pyrimidine,Unsolved
5944289,rs7617354,TT,CC,CC,79,49,24,NC_000003.12,Mutation NB - Paternal Origin,Transition - Pyrimidine/Pyrimidine,T>C
5965933,rs2176245,CC,CC,GG,100,100,9,NC_000003.12,Mutation NB - Paternal or Maternal,Transversion - Purine/Pyrimidine,Unsolved
10227681,rs1678598,GG,GG,GT,91,82,75,NC_000003.12,Mutation NB - Maternal Origin,Transversion - Purine/Pyrimidine,Unsolved
10348443,rs115073134,TT,CC,CC,88,61,30,NC_000003.12,Mutation NB - Paternal Origin,Transition - Pyrimidine/Pyrimidine,T>C
10610975,rs6803645,AA,AA,AG,85,100,71,NC_000003.12,Mutation NB - Paternal Origin,Transition - Purine/Purine,Unsolved
11467358,rs60445355,TT,TT,CC,91,67,9,NC_000003.12,Mutation NB - Maternal Origin,Transition - Pyrimidine/Pyrimidine,Unsolved
11493943,rs904475,GG,AA,GG,73,73,0,NC_000003.12,Mutation NB - Maternal Origin,Transition - Purine/Purine,A>G
11545997,rs9850938,TG,TT,GG,82,76,21,NC_000003.12,Mutation NB - Maternal Origin,Transversion - Purine/Pyrimidine,T>G
11581956,rs74994750,GA,GG,AA,32,82,12,NC_000003.12,Mutation NB - Maternal Origin,Transition - Purine/Purine,G>A
12228953,.,TT,TT,TC,73,64,53,NC_000003.12,Mutation NB - Maternal Origin,Transition - Pyrimidine/Pyrimidine,Unsolved
13299792,rs7622096,GG,AA,AA,88,64,0,NC_000003.12,Mutation NB - Paternal Origin,Transition - Purine/Purine,G>A
13676666,rs4438633,GG,GG,AA,82,88,0,NC_000003.12,Mutation NB - Paternal Origin,Transition - Purine/Purine,Unsolved
13681136,rs4383497,GG,AA,AA,91,100,0,NC_000003.12,Mutation NB - Paternal Origin,Transition - Purine/Purine,G>A
13870700,rs12632968,AA,GG,GG,85,91,18,NC_000003.12,Mutation NB - Paternal Origin,Transition - Purine/Purine,A>G
13870724,rs12635908,CC,TT,TT,85,91,18,NC_000003.12,Mutation NB - Paternal Origin,Transition - Pyrimidine/Pyrimidine,C>T
14801883,rs183011210,GG,GG,GA,100,76,99,NC_000003.12,Mutation NB - Maternal Origin,Transition - Purine/Purine,Unsolved
14907761,rs9818644,TT,CC,CC,79,67,18,NC_000003.12,Mutation NB - Paternal Origin,Transition - Pyrimidine/Pyrimidine,T>C
21702218,rs7612616,CC,TT,CC,88,91,0,NC_000003.12,Mutation NB - Maternal Origin,Transition - Pyrimidine/Pyrimidine,T>C
22706921,rs9815075,GG,AA,GG,88,70,9,NC_000003.12,Mutation NB - Maternal Origin,Transition - Purine/Purine,A>G
29797435,.,TT,TT,TC,67,55,59,NC_000003.12,Mutation NB - Maternal Origin,Transition - Pyrimidine/Pyrimidine,Unsolved
30255496,rs116093626,GG,GG,GT,100,67,99,NC_000003.12,Mutation NB - Maternal Origin,Transversion - Purine/Pyrimidine,Unsolved
31933230,.,AA,AA,AG,82,28,41,NC_000003.12,Mutation NB - Maternal Origin,Transition - Purine/Purine,Unsolved
32636265,rs7615958,GG,AA,AA,85,52,0,NC_000003.12,Mutation NB - Paternal Origin,Transition - Purine/Purine,G>A
32636302,rs7615967,GG,AA,AA,85,82,0,NC_000003.12,Mutation NB - Paternal Origin,Transition - Purine/Purine,G>A
34120068,rs12495732,TT,CC,CC,100,52,9,NC_000003.12,Mutation NB - Paternal Origin,Transition - Pyrimidine/Pyrimidine,T>C
35000073,rs80355659,CG,CC,GG,70,82,12,NC_000003.12,Mutation NB - Maternal Origin,Transversion - Purine/Pyrimidine,C>G
37027478,rs9852810,GG,AA,AA,79,82,9,NC_000003.12,Mutation NB - Paternal Origin,Transition - Purine/Purine,G>A
37661890,rs2298415,GG,AG,AA,85,1,24,NC_000003.12,Mutation NB - Paternal Origin,Transition - Purine/Purine,G>A
38565097,rs7427447,CC,TT,CC,88,85,9,NC_000003.12,Mutation NB - Maternal Origin,Transition - Pyrimidine/Pyrimidine,T>C
40631980,rs1057104484,CC,CC,CT,88,73,44,NC_000003.12,Mutation NB - Maternal Origin,Transition - Pyrimidine/Pyrimidine,Unsolved
41358705,rs56908202,TT,CC,CC,88,79,9,NC_000003.12,Mutation NB - Paternal Origin,Transition - Pyrimidine/Pyrimidine,T>C
42427313,.,TT,TT,TG,91,88,71,NC_000003.12,Mutation NB - Maternal Origin,Transition - Pyrimidine/Pyrimidine,Transversion - Purine/Pyrimidine,Unsolved
42991660,rs704918,CC,CC,CG,100,73,63,NC_000003.12,Mutation NB - Maternal Origin,Transversion - Purine/Pyrimidine,Unsolved
43518007,.,AA,AA,AG,67,79,53,NC_000003.12,Mutation NB - Paternal Origin,Transition - Purine/Purine,Unsolved
45244251,rs972850,TT,GG,GG,70,92,0,NC_000003.12,Mutation NB - Paternal Origin,Transversion - Purine/Pyrimidine,T>G
46497025,rs883740,GG,AA,AA,100,85,12,NC_000003.12,Mutation NB - Paternal Origin,Transition - Purine/Purine,G>A
46994245,rs749511,GG,GG,TG,91,88,37,NC_000003.12,Mutation NB - Maternal Origin,Transversion - Purine/Pyrimidine,Unsolved
46994410,rs749512,CC,TT,TT,100,55,15,NC_000003.12,Mutation NB - Paternal Origin,Transition - Pyrimidine/Pyrimidine,C>T
47265404,rs11130126,AG,GG,AA,32,79,0,NC_000003.12,Mutation NB - Maternal Origin,Transition - Purine/Purine,G>A
47618611,rs883661,TT,CC,CC,100,82,18,NC_000003.12,Mutation NB - Paternal Origin,Transition - Pyrimidine/Pyrimidine,T>C
49182704,rs7631586,GG,AA,AA,64,52,0,NC_000003.12,Mutation NB - Paternal Origin,Transition - Purine/Purine,G>A
52162532,rs9815010,TT,CC,CC,76,82,18,NC_000003.12,Mutation NB - Paternal Origin,Transition - Pyrimidine/Pyrimidine,T>C
52292805,rs145182754,AA,GG,GG,91,61,15,NC_000003.12,Mutation NB - Paternal Origin,Transition - Purine/Purine,A>G
54299111,rs62254144,GG,AA,AA,91,91,9,NC_000003.12,Mutation NB - Paternal Origin,Transition - Purine/Purine,G>A
54579332,rs6445700,GG,GG,GA,100,46,99,NC_000003.12,Mutation NB - Maternal Origin,Transition - Purine/Purine,Unsolved
54579343,rs6785722,GG,GG,GC,100,46,99,NC_000003.12,Mutation NB - Maternal Origin,Transition - Purine/Purine,Transversion - Purine/Pyrimidine,Unsolved
56979106,rs13069086,AG,AA,GG,32,88,12,NC_000003.12,Mutation NB - Maternal Origin,Transition - Purine/Purine,A>G
61220067,rs17064653,TT,AA,AA,100,46,21,NC_000003.12,Mutation NB - Paternal Origin,Transversion - Purine/Pyrimidine,T>A
62137457,rs75983274,TC,TT,CC,1,76,18,NC_000003.12,Mutation NB - Maternal Origin,Transition - Pyrimidine/Pyrimidine,T>C
66898187,rs7614165,AA,GG,GG,88,79,15,NC_000003.12,Mutation NB - Paternal Origin,Transition - Purine/Purine,A>G
69128355,rs114342328,TT,CC,TT,91,82,0,NC_000003.12,Mutation NB - Maternal Origin,Transition - Pyrimidine/Pyrimidine,C>T
69128373,rs4615083,CC,TT,CC,91,82,0,NC_000003.12,Mutation NB - Maternal Origin,Transition - Pyrimidine/Pyrimidine,T>C
69573458,rs969186,GG,AA,GG,73,40,33,NC_000003.12,Mutation NB - Maternal Origin,Transition - Purine/Purine,A>G
69824679,rs9862205,TC,CC,TT,1,64,0,NC_000003.12,Mutation NB - Maternal Origin,Transversion - Purine/Pyrimidine,C>T
72000937,rs2174546,GA,AA,GG,70,85,0,NC_000003.12,Mutation NB - Maternal Origin,Transition - Purine/Purine,A>G
74865335,rs116325734,AA,AA,AG,91,91,72,NC_000003.12,Mutation NB - Paternal or Maternal,Transition - Purine/Purine,Unsolved
82505355,rs186714019,CC,TT,CC,85,91,0,NC_000003.12,Mutation NB - Maternal Origin,Transition - Pyrimidine/Pyrimidine,T>C
82641194,rs4515057,CT,CC,TT,73,88,9,NC_000003.12,Mutation NB - Maternal Origin,Transversion - Purine/Pyrimidine,C>T
82650517,rs1262504871,GG,GG,GA,88,79,40,NC_000003.12,Mutation NB - Maternal Origin,Transition - Purine/Purine,Unsolved
82849772,rs79149840,TT,CC,CC,85,73,21,NC_000003.12,Mutation NB - Paternal Origin,Transition - Pyrimidine/Pyrimidine,T>C
86390961,rs1706842608,TT,TT,TC,76,82,56,NC_000003.12,Mutation NB - Paternal Origin,Transition - Pyrimidine/Pyrimidine,Unsolved
93906493,rs8178632,GG,GG,GA,79,73,37,NC_000003.12,Mutation NB - Maternal Origin,Transition - Purine/Purine,Unsolved
96069551,rs36050921,TT,CC,CC,88,85,12,NC_000003.12,Mutation NB - Paternal Origin,Transition - Pyrimidine/Pyrimidine,T>C
96801279,rs6796334,AA,AA,AT,100,70,99,NC_000003.12,Mutation NB - Maternal Origin,Transversion - Purine/Pyrimidine,Unsolved
96962097,rs62263705,TT,CC,CC,82,67,18,NC_000003.12,Mutation NB - Paternal Origin,Transition - Pyrimidine/Pyrimidine,T>C
97162145,rs111991789,GG,GG,GA,100,76,83,NC_000003.12,Mutation NB - Maternal Origin,Transition - Purine/Purine,Unsolved
99041801,rs2448999,TT,CC,CC,91,79,0,NC_000003.12,Mutation NB - Paternal Origin,Transition - Pyrimidine/Pyrimidine,T>C
99041814,rs2449000,GG,AA,AA,91,76,0,NC_000003.12,Mutation NB - Paternal Origin,Transition - Purine/Purine,G>A
100026850,rs2064931314,CC,CC,CT,73,58,68,NC_000003.12,Mutation NB - Maternal Origin,Transition - Pyrimidine/Pyrimidine,Unsolved
103966368,rs9853651,CC,CC,CG,100,70,33,NC_000003.12,Mutation NB - Maternal Origin,Transversion - Purine/Pyrimidine,Unsolved
111583320,.,TT,TT,TC,91,79,62,NC_000003.12,Mutation NB - Maternal Origin,Transition - Pyrimidine/Pyrimidine,Unsolved
115322286,rs192033798,GG,AA,AA,82,91,9,NC_000003.12,Mutation NB - Paternal Origin,Transition - Purine/Purine,G>A
118438417,.,AA,AA,AG,79,55,83,NC_000003.12,Mutation NB - Maternal Origin,Transition - Purine/Purine,Unsolved
119218167,rs9867127,TT,TT,CT,73,88,3,NC_000003.12,Mutation NB - Paternal Origin,Transition - Pyrimidine/Pyrimidine,Unsolved
122967942,rs6438774,AA,GG,GG,82,70,24,NC_000003.12,Mutation NB - Paternal Origin,Transition - Purine/Purine,A>G
123726046,.,AA,AA,AG,64,79,47,NC_000003.12,Mutation NB - Paternal Origin,Transition - Purine/Purine,Unsolved
124796651,rs2291087,CC,TT,TT,91,67,18,NC_000003.12,Mutation NB - Paternal Origin,Transition - Pyrimidine/Pyrimidine,C>T
126156559,rs4646706,GG,GG,GC,88,67,64,NC_000003.12,Mutation NB - Maternal Origin,Transition - Purine/Purine,Transversion - Purine/Pyrimidine,Unsolved
127473009,rs67235138,GG,GG,GA,79,100,99,NC_000003.12,Mutation NB - Paternal Origin,Transition - Purine/Purine,Unsolved
127968084,.,AA,AA,AG,82,46,60,NC_000003.12,Mutation NB - Maternal Origin,Transition - Purine/Purine,Unsolved
128983854,.,GG,GG,GA,82,61,40,NC_000003.12,Mutation NB - Maternal Origin,Transition - Purine/Purine,Unsolved
129578380,rs1110168,CC,GG,CC,88,76,0,NC_000003.12,Mutation NB - Maternal Origin,Transversion - Purine/Pyrimidine,G>C
129583031,rs2811464,GG,AA,GG,88,88,0,NC_000003.12,Mutation NB - Maternal Origin,Transition - Purine/Purine,A>G
132962417,rs11918073,GG,TG,TT,91,73,0,NC_000003.12,Mutation NB - Paternal Origin,Transversion - Purine/Pyrimidine,G>T
133362210,rs75892477,GA,GG,AA,41,61,15,NC_000003.12,Mutation NB - Maternal Origin,Transition - Purine/Purine,G>A
138910173,rs12695690,GG,GA,AA,82,5,9,NC_000003.12,Mutation NB - Paternal Origin,Transition - Purine/Purine,G>A
141242980,rs6762331,CC,CC,CT,91,100,68,NC_000003.12,Mutation NB - Paternal Origin,Transition - Pyrimidine/Pyrimidine,Unsolved
141392994,rs6776453,TT,CC,TT,70,76,9,NC_000003.12,Mutation NB - Maternal Origin,Transition - Pyrimidine/Pyrimidine,C>T
143096419,rs9808965,GG,GG,AA,100,70,9,NC_000003.12,Mutation NB - Maternal Origin,Transition - Purine/Purine,Unsolved
143267048,rs12493372,AA,TT,TT,91,82,0,NC_000003.12,Mutation NB - Paternal Origin,Transversion - Purine/Pyrimidine,A>T
143537347,rs58337567,GG,GG,GC,100,76,59,NC_000003.12,Mutation NB - Maternal Origin,Transition - Purine/Purine,Transversion - Purine/Pyrimidine,Unsolved
143723932,rs7645701,AA,GG,AA,85,73,18,NC_000003.12,Mutation NB - Maternal Origin,Transition - Purine/Purine,G>A
145516497,rs6440358,GG,AA,AA,85,79,0,NC_000003.12,Mutation NB - Paternal Origin,Transition - Purine/Purine,G>A
145980688,.,TT,TT,TC,70,85,44,NC_000003.12,Mutation NB - Paternal Origin,Transition - Pyrimidine/Pyrimidine,Unsolved
146611313,.,TT,TT,TC,91,79,51,NC_000003.12,Mutation NB - Maternal Origin,Transition - Pyrimidine/Pyrimidine,Unsolved
147245631,rs13085506,CC,CC,CT,100,67,30,NC_000003.12,Mutation NB - Maternal Origin,Transition - Pyrimidine/Pyrimidine,Unsolved
148830237,rs11717064,AA,GG,GG,82,55,24,NC_000003.12,Mutation NB - Paternal Origin,Transition - Purine/Purine,A>G
149114431,rs73015088,CT,CC,TT,35,85,12,NC_000003.12,Mutation NB - Maternal Origin,Transversion - Purine/Pyrimidine,C>T
149410418,rs60706027,TT,TT,TG,100,85,98,NC_000003.12,Mutation NB - Maternal Origin,Transition - Pyrimidine/Pyrimidine,Transversion - Purine/Pyrimidine,Unsolved
150148742,rs1906112,GG,TT,GG,85,70,9,NC_000003.12,Mutation NB - Maternal Origin,Transition - Purine/Purine,Transversion - Purine/Pyrimidine,T>G
150350090,rs1376025,TT,CC,TT,55,94,18,NC_000003.12,Mutation NB - Maternal Origin,Transition - Pyrimidine/Pyrimidine,C>T
152847119,rs141732486,AA,AA,AG,100,43,21,NC_000003.12,Mutation NB - Maternal Origin,Transition - Purine/Purine,Unsolved
153913329,.,GG,GG,GA,79,67,51,NC_000003.12,Mutation NB - Maternal Origin,Transition - Purine/Purine,Unsolved
155117933,rs10513469,CC,AA,AA,85,76,12,NC_000003.12,Mutation NB - Paternal Origin,Transversion - Purine/Pyrimidine,C>A
166248928,rs9874569,GG,AT,GG,64,41,9,NC_000003.12,Mutation NB - Maternal Origin,Transversion - Purine/Pyrimidine,Transition - Pyrimidine/Pyrimidine,A>G,T>G
167722698,.,TT,TT,TA,91,82,68,NC_000003.12,Mutation NB - Maternal Origin,Transition - Pyrimidine/Pyrimidine,Transversion - Purine/Pyrimidine,Unsolved
168114192,rs67431016,CC,CC,CT,100,76,99,NC_000003.12,Mutation NB - Maternal Origin,Transition - Pyrimidine/Pyrimidine,Unsolved
168450082,rs1426806,AA,TT,TT,88,64,18,NC_000003.12,Mutation NB - Paternal Origin,Transversion - Purine/Pyrimidine,A>T
168450084,rs1426805,AA,GG,GG,88,64,18,NC_000003.12,Mutation NB - Paternal Origin,Transition - Purine/Purine,A>G
169921533,rs1990804,GG,GG,CG,85,70,58,NC_000003.12,Mutation NB - Maternal Origin,Transition - Purine/Purine,Transversion - Purine/Pyrimidine,Unsolved
169923372,rs1713128112,AA,AA,AG,82,70,59,NC_000003.12,Mutation NB - Maternal Origin,Transition - Purine/Purine,Unsolved
171612186,rs57922951,TT,TT,CC,100,82,12,NC_000003.12,Mutation NB - Maternal Origin,Transition - Pyrimidine/Pyrimidine,Unsolved
174498729,rs73040509,AA,AA,AG,88,70,21,NC_000003.12,Mutation NB - Maternal Origin,Transition - Purine/Purine,Unsolved
177271719,rs9883512,TT,CC,CC,85,58,18,NC_000003.12,Mutation NB - Paternal Origin,Transition - Pyrimidine/Pyrimidine,T>C
177271765,rs12498117,GG,GG,AA,85,64,18,NC_000003.12,Mutation NB - Maternal Origin,Transition - Purine/Purine,Unsolved
183028420,rs34822404,CC,CC,CT,91,91,30,NC_000003.12,Mutation NB - Paternal or Maternal,Transition - Pyrimidine/Pyrimidine,Unsolved
183101261,rs6443851,AA,GG,AA,91,85,9,NC_000003.12,Mutation NB - Maternal Origin,Transition - Purine/Purine,G>A
184144910,rs963477013,AA,AA,AG,85,85,65,NC_000003.12,Mutation NB - Paternal or Maternal,Transition - Purine/Purine,Unsolved
185044536,rs6765837,TT,CC,TT,91,82,9,NC_000003.12,Mutation NB - Maternal Origin,Transition - Pyrimidine/Pyrimidine,C>T
186642106,.,GG,GG,GA,82,91,53,NC_000003.12,Mutation NB - Paternal Origin,Transition - Purine/Purine,Unsolved
187046689,rs1718309075,AA,AA,AG,82,67,62,NC_000003.12,Mutation NB - Maternal Origin,Transition - Purine/Purine,Unsolved
190038644,rs1666393,TT,TT,CT,76,79,21,NC_000003.12,Mutation NB - Paternal Origin,Transition - Pyrimidine/Pyrimidine,Unsolved
194623797,rs709011,GG,GC,CC,100,1,9,NC_000003.12,Mutation NB - Paternal Origin,Transversion - Purine/Pyrimidine,G>C
194669888,rs1773230,GG,CC,GG,85,58,0,NC_000003.12,Mutation NB - Maternal Origin,Transversion - Purine/Pyrimidine,C>G
196884427,rs34611437,GG,AA,GG,85,79,21,NC_000003.12,Mutation NB - Maternal Origin,Transition - Purine/Purine,A>G
458278,.,TT,TT,TC,70,70,65,NC_000004.12,Mutation NB - Paternal or Maternal,Transition - Pyrimidine/Pyrimidine,Unsolved
505650,rs57099085,AA,TT,TT,95,73,21,NC_000004.12,Mutation NB - Paternal Origin,Transversion - Purine/Pyrimidine,A>T
774653,rs7683551,TT,TT,TC,100,64,59,NC_000004.12,Mutation NB - Maternal Origin,Transition - Pyrimidine/Pyrimidine,Unsolved
867709,rs73207789,GG,GG,GA,88,91,30,NC_000004.12,Mutation NB - Paternal Origin,Transition - Purine/Purine,Unsolved
892257,.,AA,AA,AG,79,22,45,NC_000004.12,Mutation NB - Maternal Origin,Transition - Purine/Purine,Unsolved
1015915,rs116709547,GG,GG,TT,100,61,9,NC_000004.12,Mutation NB - Maternal Origin,Transversion - Purine/Pyrimidine,Unsolved
1228775,rs1732110,TT,CC,CC,100,82,18,NC_000004.12,Mutation NB - Paternal Origin,Transition - Pyrimidine/Pyrimidine,T>C
1231160,rs12643212,AA,GG,AA,88,88,9,NC_000004.12,Mutation NB - Maternal Origin,Transition - Purine/Purine,G>A
3268761,rs2798221,TT,TC,CC,91,53,18,NC_000004.12,Mutation NB - Paternal Origin,Transition - Pyrimidine/Pyrimidine,T>C
3661855,rs59070560,TT,CC,CC,82,76,0,NC_000004.12,Mutation NB - Paternal Origin,Transition - Pyrimidine/Pyrimidine,T>C
5384344,rs16837076,AA,AC,CC,79,35,18,NC_000004.12,Mutation NB - Paternal Origin,Transversion - Purine/Pyrimidine,A>C
5767159,rs11939647,CC,TC,TT,67,1,0,NC_000004.12,Mutation NB - Paternal Origin,Transition - Pyrimidine/Pyrimidine,C>T
5995541,rs7698553,CC,GG,GG,85,67,0,NC_000004.12,Mutation NB - Paternal Origin,Transversion - Purine/Pyrimidine,C>G
6177984,rs60046962,CT,TT,CC,56,91,0,NC_000004.12,Mutation NB - Maternal Origin,Transition - Pyrimidine/Pyrimidine,T>C
6291969,rs1801213,CC,CC,CG,100,91,30,NC_000004.12,Mutation NB - Maternal Origin,Transversion - Purine/Pyrimidine,Unsolved
7310877,.,AA,AA,AG,98,99,56,NC_000004.12,Mutation NB - Paternal Origin,Transition - Purine/Purine,Unsolved
7381739,rs4367172,CT,CC,TT,64,88,15,NC_000004.12,Mutation NB - Maternal Origin,Transversion - Purine/Pyrimidine,C>T
7381743,rs4367173,CG,CC,GG,64,88,15,NC_000004.12,Mutation NB - Maternal Origin,Transversion - Purine/Pyrimidine,C>G
7485176,rs28685600,GG,GG,GT,91,52,99,NC_000004.12,Mutation NB - Maternal Origin,Transversion - Purine/Pyrimidine,Unsolved
7623930,rs4689803,AA,TT,AA,88,100,9,NC_000004.12,Mutation NB - Maternal Origin,Transversion - Purine/Pyrimidine,T>A
8125517,rs1847466050,CC,CC,CT,85,61,62,NC_000004.12,Mutation NB - Maternal Origin,Transition - Pyrimidine/Pyrimidine,Unsolved
8268071,rs79635807,CC,CC,CT,100,90,99,NC_000004.12,Mutation NB - Maternal Origin,Transition - Pyrimidine/Pyrimidine,Unsolved
8496466,rs2631761,GG,TT,TT,76,67,0,NC_000004.12,Mutation NB - Paternal Origin,Transversion - Purine/Pyrimidine,G>T
8504025,rs59872851,TT,CC,CC,91,85,9,NC_000004.12,Mutation NB - Paternal Origin,Transition - Pyrimidine/Pyrimidine,T>C
8542511,rs16842560,AA,GG,AA,85,95,12,NC_000004.12,Mutation NB - Maternal Origin,Transition - Purine/Purine,G>A
9710010,rs66534644,CC,CG,GG,79,8,9,NC_000004.12,Mutation NB - Paternal Origin,Transversion - Purine/Pyrimidine,C>G
9947205,rs998675,TT,CC,CC,85,100,12,NC_000004.12,Mutation NB - Paternal Origin,Transition - Pyrimidine/Pyrimidine,T>C
9947244,rs4408959,TT,CC,CC,85,100,12,NC_000004.12,Mutation NB - Paternal Origin,Transition - Pyrimidine/Pyrimidine,T>C
9947246,rs4276278,CC,TT,TT,85,100,12,NC_000004.12,Mutation NB - Paternal Origin,Transition - Pyrimidine/Pyrimidine,C>T
10099676,rs34104130,GG,GG,GT,91,100,33,NC_000004.12,Mutation NB - Paternal Origin,Transversion - Purine/Pyrimidine,Unsolved
10303533,rs4698025,AA,GG,AA,55,76,0,NC_000004.12,Mutation NB - Maternal Origin,Transition - Purine/Purine,G>A
10978678,rs7670123,GG,AA,AA,91,100,0,NC_000004.12,Mutation NB - Paternal Origin,Transition - Purine/Purine,G>A
10978718,rs7670290,GG,AA,AA,91,100,0,NC_000004.12,Mutation NB - Paternal Origin,Transition - Purine/Purine,G>A
11738638,rs10939368,CC,TT,TT,100,91,9,NC_000004.12,Mutation NB - Paternal Origin,Transition - Pyrimidine/Pyrimidine,C>T
13159164,rs10017077,TT,TT,TC,88,100,30,NC_000004.12,Mutation NB - Paternal Origin,Transition - Pyrimidine/Pyrimidine,Unsolved
17436102,rs146028853,AA,GG,GG,85,49,15,NC_000004.12,Mutation NB - Paternal Origin,Transition - Purine/Purine,A>G
18158630,rs2174221,GG,GG,GC,100,100,99,NC_000004.12,Mutation NB - Paternal or Maternal,Transition - Purine/Purine,Transversion - Purine/Pyrimidine,Unsolved
28116620,rs12643515,AA,CC,AA,85,79,9,NC_000004.12,Mutation NB - Maternal Origin,Transversion - Purine/Pyrimidine,C>A
31996673,rs4498170,GG,CC,CC,88,58,9,NC_000004.12,Mutation NB - Paternal Origin,Transversion - Purine/Pyrimidine,G>C
32053683,.,AA,AA,AG,64,55,62,NC_000004.12,Mutation NB - Maternal Origin,Transition - Purine/Purine,Unsolved
37885355,.,AA,AA,AG,88,49,68,NC_000004.12,Mutation NB - Maternal Origin,Transition - Purine/Purine,Unsolved
38983205,rs11943282,TT,TT,TC,85,67,27,NC_000004.12,Mutation NB - Maternal Origin,Transition - Pyrimidine/Pyrimidine,Unsolved
38983232,rs11946488,GG,GG,GA,85,67,27,NC_000004.12,Mutation NB - Maternal Origin,Transition - Purine/Purine,Unsolved
40641878,rs4861294,AA,CC,CC,91,85,12,NC_000004.12,Mutation NB - Paternal Origin,Transversion - Purine/Pyrimidine,A>C
43713121,.,TT,TT,TC,67,70,53,NC_000004.12,Mutation NB - Paternal Origin,Transition - Pyrimidine/Pyrimidine,Unsolved
51943037,rs1316498,AA,TT,TT,91,79,9,NC_000004.12,Mutation NB - Paternal Origin,Transversion - Purine/Pyrimidine,A>T
56619783,rs28437760,CC,TT,TT,91,85,15,NC_000004.12,Mutation NB - Paternal Origin,Transition - Pyrimidine/Pyrimidine,C>T
59814629,rs59194490,AA,AA,AG,67,4,99,NC_000004.12,Mutation NB - Maternal Origin,Transition - Purine/Purine,Unsolved
60638258,rs12715691,CC,TT,TT,100,61,42,NC_000004.12,Mutation NB - Paternal Origin,Transition - Pyrimidine/Pyrimidine,C>T
63076844,rs10023633,CC,CG,GG,82,1,15,NC_000004.12,Mutation NB - Paternal Origin,Transversion - Purine/Pyrimidine,C>G
64674817,rs6851752,GG,AA,GG,79,58,0,NC_000004.12,Mutation NB - Maternal Origin,Transition - Purine/Purine,A>G
64759410,rs6849900,TC,CC,TT,70,70,9,NC_000004.12,Mutation NB - Maternal Origin,Transversion - Purine/Pyrimidine,C>T
71722120,rs842980,CC,CC,CT,88,82,65,NC_000004.12,Mutation NB - Maternal Origin,Transition - Pyrimidine/Pyrimidine,Unsolved
72211636,rs1113024,TT,AA,TT,79,79,15,NC_000004.12,Mutation NB - Maternal Origin,Transversion - Purine/Pyrimidine,A>T
77570857,rs183164340,CC,CC,CT,100,85,62,NC_000004.12,Mutation NB - Maternal Origin,Transition - Pyrimidine/Pyrimidine,Unsolved
77865484,rs146723124,CC,CC,CT,88,76,59,NC_000004.12,Mutation NB - Maternal Origin,Transition - Pyrimidine/Pyrimidine,Unsolved
78057258,rs28433362,CC,TT,CC,85,100,12,NC_000004.12,Mutation NB - Maternal Origin,Transition - Pyrimidine/Pyrimidine,T>C
80303003,rs6830225,GG,CC,CC,91,82,24,NC_000004.12,Mutation NB - Paternal Origin,Transversion - Purine/Pyrimidine,G>C
82281195,rs57705857,AA,TT,TT,91,91,15,NC_000004.12,Mutation NB - Paternal Origin,Transversion - Purine/Pyrimidine,A>T
87200161,rs112878085,AA,AA,GA,91,83,4,NC_000004.12,Mutation NB - Maternal Origin,Transition - Purine/Purine,Unsolved
91701914,rs7694831,AA,GA,GG,91,1,18,NC_000004.12,Mutation NB - Paternal Origin,Transition - Purine/Purine,A>G
92119394,.,AA,AA,AG,70,49,69,NC_000004.12,Mutation NB - Maternal Origin,Transition - Purine/Purine,Unsolved
93746000,.,AA,AA,AG,85,67,68,NC_000004.12,Mutation NB - Maternal Origin,Transition - Purine/Purine,Unsolved
93786307,rs56787924,GG,AA,AA,88,88,15,NC_000004.12,Mutation NB - Paternal Origin,Transition - Purine/Purine,G>A
96398090,rs11732132,GG,GG,GC,88,76,27,NC_000004.12,Mutation NB - Maternal Origin,Transition - Purine/Purine,Transversion - Purine/Pyrimidine,Unsolved
99344955,rs1693425,CC,CC,CT,100,76,56,NC_000004.12,Mutation NB - Maternal Origin,Transition - Pyrimidine/Pyrimidine,Unsolved
104344622,rs1034671,CC,TC,TT,67,1,15,NC_000004.12,Mutation NB - Paternal Origin,Transition - Pyrimidine/Pyrimidine,C>T
106090164,.,CC,CC,CA,70,74,42,NC_000004.12,Mutation NB - Paternal Origin,Transversion - Purine/Pyrimidine,Unsolved
108221143,rs4956042,CC,AC,AA,82,28,0,NC_000004.12,Mutation NB - Paternal Origin,Transversion - Purine/Pyrimidine,C>A
108298809,rs7662497,GA,GG,AA,32,100,12,NC_000004.12,Mutation NB - Maternal Origin,Transition - Purine/Purine,G>A
109323278,rs1726207411,TT,TT,TC,85,76,72,NC_000004.12,Mutation NB - Maternal Origin,Transition - Pyrimidine/Pyrimidine,Unsolved
109609805,rs11098036,GG,AG,AA,82,1,12,NC_000004.12,Mutation NB - Paternal Origin,Transition - Purine/Purine,G>A
112698841,rs10000519,GA,GG,AA,41,100,12,NC_000004.12,Mutation NB - Maternal Origin,Transition - Purine/Purine,G>A
117626145,rs1304736,CC,CC,CT,76,70,99,NC_000004.12,Mutation NB - Maternal Origin,Transition - Pyrimidine/Pyrimidine,Unsolved
125837029,.,AA,AA,AG,73,64,59,NC_000004.12,Mutation NB - Maternal Origin,Transition - Purine/Purine,Unsolved
130091204,rs13116547,CG,GG,CC,1,85,0,NC_000004.12,Mutation NB - Maternal Origin,Transversion - Purine/Pyrimidine,G>C
136848220,rs4453988,GG,AA,GG,75,100,9,NC_000004.12,Mutation NB - Maternal Origin,Transition - Purine/Purine,A>G
137000512,rs72710910,GG,GG,GA,100,64,92,NC_000004.12,Mutation NB - Maternal Origin,Transition - Purine/Purine,Unsolved
142089018,.,AA,AA,AG,55,58,56,NC_000004.12,Mutation NB - Paternal Origin,Transition - Purine/Purine,Unsolved
147355859,rs4835078,GA,AA,GG,1,85,9,NC_000004.12,Mutation NB - Maternal Origin,Transition - Purine/Purine,A>G
152933101,.,GG,GG,GA,64,52,53,NC_000004.12,Mutation NB - Maternal Origin,Transition - Purine/Purine,Unsolved
154852610,rs7689249,CC,GG,GG,100,82,45,NC_000004.12,Mutation NB - Paternal Origin,Transversion - Purine/Pyrimidine,C>G
160385485,.,TT,TT,TC,79,58,63,NC_000004.12,Mutation NB - Maternal Origin,Transition - Pyrimidine/Pyrimidine,Unsolved
164478864,rs1394807,TT,GG,TT,88,91,15,NC_000004.12,Mutation NB - Maternal Origin,Transversion - Purine/Pyrimidine,G>T
175923525,rs2877908,GG,TT,TT,91,88,12,NC_000004.12,Mutation NB - Paternal Origin,Transversion - Purine/Pyrimidine,G>T
177324015,rs987467,TT,CC,TT,70,52,0,NC_000004.12,Mutation NB - Maternal Origin,Transition - Pyrimidine/Pyrimidine,C>T
177496574,rs61452241,TT,CC,TT,76,91,0,NC_000004.12,Mutation NB - Maternal Origin,Transition - Pyrimidine/Pyrimidine,C>T
178268649,rs183863334,CC,AA,AA,88,85,15,NC_000004.12,Mutation NB - Paternal Origin,Transversion - Purine/Pyrimidine,C>A
180515862,rs75404735,GG,GG,GA,85,91,71,NC_000004.12,Mutation NB - Paternal Origin,Transition - Purine/Purine,Unsolved
181963437,rs9685589,GA,AA,GG,44,73,0,NC_000004.12,Mutation NB - Maternal Origin,Transition - Purine/Purine,A>G
183378579,rs13123028,TC,CC,TT,38,79,15,NC_000004.12,Mutation NB - Maternal Origin,Transversion - Purine/Pyrimidine,C>T
183733064,rs6821075,GA,GG,AA,12,100,18,NC_000004.12,Mutation NB - Maternal Origin,Transition - Purine/Purine,G>A
184152170,rs28496970,GG,CC,CC,85,79,12,NC_000004.12,Mutation NB - Paternal Origin,Transversion - Purine/Pyrimidine,G>C
184152174,rs62340150,AA,GG,GG,85,79,12,NC_000004.12,Mutation NB - Paternal Origin,Transition - Purine/Purine,A>G
184261542,rs11727655,TT,CC,CC,91,85,12,NC_000004.12,Mutation NB - Paternal Origin,Transition - Pyrimidine/Pyrimidine,T>C
184448912,rs3775574,GG,AA,GG,76,70,0,NC_000004.12,Mutation NB - Maternal Origin,Transition - Purine/Purine,A>G
186841161,rs7697279,GT,TT,GG,1,79,0,NC_000004.12,Mutation NB - Maternal Origin,Transversion - Purine/Pyrimidine,T>G
186859689,rs322409,CC,AA,AA,100,79,9,NC_000004.12,Mutation NB - Paternal Origin,Transversion - Purine/Pyrimidine,C>A
758056,rs11134231,AA,AA,AT,61,58,99,NC_000005.10,Mutation NB - Maternal Origin,Transversion - Purine/Pyrimidine,Unsolved
1179312,rs11133660,TT,CC,TT,91,88,9,NC_000005.10,Mutation NB - Maternal Origin,Transition - Pyrimidine/Pyrimidine,C>T
1179318,rs11133661,GG,AA,GG,91,88,9,NC_000005.10,Mutation NB - Maternal Origin,Transition - Purine/Purine,A>G
1621632,rs1252009124,AA,AA,AC,100,67,99,NC_000005.10,Mutation NB - Maternal Origin,Transversion - Purine/Pyrimidine,Unsolved
1733052,rs55953919,AA,GG,GG,76,82,0,NC_000005.10,Mutation NB - Paternal Origin,Transition - Purine/Purine,A>G
1852126,rs151244234,TT,CC,CC,91,76,24,NC_000005.10,Mutation NB - Paternal Origin,Transition - Pyrimidine/Pyrimidine,T>C
3218390,rs1661075,TT,TT,CT,85,88,99,NC_000005.10,Mutation NB - Paternal Origin,Transition - Pyrimidine/Pyrimidine,Unsolved
3308470,rs9313043,TT,CC,TT,67,67,0,NC_000005.10,Mutation NB - Maternal Origin,Transition - Pyrimidine/Pyrimidine,C>T
3363995,rs72722907,CC,GG,CC,88,85,0,NC_000005.10,Mutation NB - Maternal Origin,Transversion - Purine/Pyrimidine,G>C
3649517,rs34450480,TT,TT,TC,100,64,66,NC_000005.10,Mutation NB - Maternal Origin,Transition - Pyrimidine/Pyrimidine,Unsolved
3657875,rs28608637,GG,AA,AA,91,85,15,NC_000005.10,Mutation NB - Paternal Origin,Transition - Purine/Purine,G>A
4198323,rs6555261,TC,CC,TT,1,82,0,NC_000005.10,Mutation NB - Maternal Origin,Transversion - Purine/Pyrimidine,C>T
4942349,rs116601577,GG,GG,GC,100,82,99,NC_000005.10,Mutation NB - Maternal Origin,Transition - Purine/Purine,Transversion - Purine/Pyrimidine,Unsolved
5229373,rs2399736,CC,GG,CC,64,82,0,NC_000005.10,Mutation NB - Maternal Origin,Transversion - Purine/Pyrimidine,G>C
5229375,rs62338167,GG,GG,GA,100,82,33,NC_000005.10,Mutation NB - Maternal Origin,Transition - Purine/Purine,Unsolved
5244161,rs1175344967,TT,TT,TC,88,61,63,NC_000005.10,Mutation NB - Maternal Origin,Transition - Pyrimidine/Pyrimidine,Unsolved
6577354,rs522158,AA,GG,GG,82,67,18,NC_000005.10,Mutation NB - Paternal Origin,Transition - Purine/Purine,A>G
6577416,rs522961,CC,TT,TT,82,61,0,NC_000005.10,Mutation NB - Paternal Origin,Transition - Pyrimidine/Pyrimidine,C>T
7243868,rs4537030,TT,GG,GG,100,61,30,NC_000005.10,Mutation NB - Paternal Origin,Transversion - Purine/Pyrimidine,T>G
8663871,rs200086,GG,GG,GA,100,88,99,NC_000005.10,Mutation NB - Maternal Origin,Transition - Purine/Purine,Unsolved
9547931,rs62342602,GG,CC,GG,85,67,0,NC_000005.10,Mutation NB - Maternal Origin,Transversion - Purine/Pyrimidine,C>G
10686712,.,AA,AA,AG,79,49,62,NC_000005.10,Mutation NB - Maternal Origin,Transition - Purine/Purine,Unsolved
11870442,rs4701924,TT,GG,TT,91,82,0,NC_000005.10,Mutation NB - Maternal Origin,Transversion - Purine/Pyrimidine,G>T
11870454,rs4702838,CC,TT,CC,91,82,0,NC_000005.10,Mutation NB - Maternal Origin,Transition - Pyrimidine/Pyrimidine,T>C
13388108,rs1735571904,AA,AA,AG,76,73,62,NC_000005.10,Mutation NB - Maternal Origin,Transition - Purine/Purine,Unsolved
15214849,rs1737212890,GG,GG,GA,70,64,48,NC_000005.10,Mutation NB - Maternal Origin,Transition - Purine/Purine,Unsolved
15743675,rs75481455,GC,GG,CC,1,52,18,NC_000005.10,Mutation NB - Maternal Origin,Transversion - Purine/Pyrimidine,G>C
19304446,rs57182181,GA,GG,AA,2,79,24,NC_000005.10,Mutation NB - Maternal Origin,Transition - Purine/Purine,G>A
22910524,rs7715926,TT,CC,TT,80,55,0,NC_000005.10,Mutation NB - Maternal Origin,Transition - Pyrimidine/Pyrimidine,C>T
23218018,rs10473630,GA,GG,AA,29,91,12,NC_000005.10,Mutation NB - Maternal Origin,Transition - Purine/Purine,G>A
23946440,rs10052352,CC,CT,TT,91,1,12,NC_000005.10,Mutation NB - Paternal Origin,Transition - Pyrimidine/Pyrimidine,C>T
26324857,rs6874102,CC,TC,TT,70,1,0,NC_000005.10,Mutation NB - Paternal Origin,Transition - Pyrimidine/Pyrimidine,C>T
33108580,rs6450943,CC,TT,TT,73,55,0,NC_000005.10,Mutation NB - Paternal Origin,Transition - Pyrimidine/Pyrimidine,C>T
34440779,rs9688141,TT,TC,CC,88,1,18,NC_000005.10,Mutation NB - Paternal Origin,Transition - Pyrimidine/Pyrimidine,T>C
34862020,rs11744123,CC,CT,TT,91,79,24,NC_000005.10,Mutation NB - Paternal Origin,Transition - Pyrimidine/Pyrimidine,C>T
35531950,rs286392,CC,GG,GG,100,70,15,NC_000005.10,Mutation NB - Paternal Origin,Transversion - Purine/Pyrimidine,C>G
35933717,rs6892087,GG,AA,GG,76,88,18,NC_000005.10,Mutation NB - Maternal Origin,Transition - Purine/Purine,A>G
39209924,rs260085,TT,AA,AA,88,82,15,NC_000005.10,Mutation NB - Paternal Origin,Transversion - Purine/Pyrimidine,T>A
42591695,rs62371988,TT,TC,CC,100,8,18,NC_000005.10,Mutation NB - Paternal Origin,Transition - Pyrimidine/Pyrimidine,T>C
44884102,.,AA,AA,AG,85,82,68,NC_000005.10,Mutation NB - Maternal Origin,Transition - Purine/Purine,Unsolved
52113684,rs10940230,CC,TT,TT,82,73,9,NC_000005.10,Mutation NB - Paternal Origin,Transition - Pyrimidine/Pyrimidine,C>T
54406125,rs10055058,CC,TT,TT,85,79,12,NC_000005.10,Mutation NB - Paternal Origin,Transition - Pyrimidine/Pyrimidine,C>T
54648507,rs7704197,AA,GG,GG,100,70,9,NC_000005.10,Mutation NB - Paternal Origin,Transition - Purine/Purine,A>G
54952085,rs13356798,AG,GG,AA,35,64,0,NC_000005.10,Mutation NB - Maternal Origin,Transition - Purine/Purine,G>A
56488871,rs11740483,AA,CC,CC,61,88,0,NC_000005.10,Mutation NB - Paternal Origin,Transversion - Purine/Pyrimidine,A>C
62693040,.,TT,TT,TC,64,73,56,NC_000005.10,Mutation NB - Paternal Origin,Transition - Pyrimidine/Pyrimidine,Unsolved
62809226,rs2591766,CC,TT,CC,85,85,0,NC_000005.10,Mutation NB - Maternal Origin,Transition - Pyrimidine/Pyrimidine,T>C
62862562,rs1608059,CC,TT,CC,46,58,0,NC_000005.10,Mutation NB - Maternal Origin,Transition - Pyrimidine/Pyrimidine,T>C
66970398,rs73768765,AA,GG,GG,88,79,18,NC_000005.10,Mutation NB - Paternal Origin,Transition - Purine/Purine,A>G
68122160,rs1584959,CC,GG,CC,76,73,15,NC_000005.10,Mutation NB - Maternal Origin,Transversion - Purine/Pyrimidine,G>C
68122187,rs1584960,GG,AA,GG,76,73,15,NC_000005.10,Mutation NB - Maternal Origin,Transition - Purine/Purine,A>G
68437295,rs256454,TT,TC,CC,100,10,21,NC_000005.10,Mutation NB - Paternal Origin,Transition - Pyrimidine/Pyrimidine,T>C
71678749,rs281128,AA,GA,GG,64,1,0,NC_000005.10,Mutation NB - Paternal Origin,Transition - Purine/Purine,A>G
73197439,rs7702108,GG,AA,AA,88,49,27,NC_000005.10,Mutation NB - Paternal Origin,Transition - Purine/Purine,G>A
74096898,rs72774502,AA,CC,AA,82,76,9,NC_000005.10,Mutation NB - Maternal Origin,Transversion - Purine/Pyrimidine,C>A
76656231,rs2161218,TC,CC,TT,28,76,9,NC_000005.10,Mutation NB - Maternal Origin,Transversion - Purine/Pyrimidine,C>T
92890507,rs1010127,GG,AG,AA,79,31,9,NC_000005.10,Mutation NB - Paternal Origin,Transition - Purine/Purine,G>A
95013082,rs72777375,CC,TT,CC,76,82,36,NC_000005.10,Mutation NB - Maternal Origin,Transition - Pyrimidine/Pyrimidine,T>C
101806519,rs6866634,GG,CC,CC,82,64,0,NC_000005.10,Mutation NB - Paternal Origin,Transversion - Purine/Pyrimidine,G>C
102145321,rs649983,AA,CC,AA,82,70,18,NC_000005.10,Mutation NB - Maternal Origin,Transversion - Purine/Pyrimidine,C>A
107500881,rs1148172,CC,CC,CA,100,88,71,NC_000005.10,Mutation NB - Maternal Origin,Transversion - Purine/Pyrimidine,Unsolved
111717341,rs78786686,GG,GG,AA,91,100,12,NC_000005.10,Mutation NB - Paternal Origin,Transition - Purine/Purine,Unsolved
113897663,rs731603,AA,GA,GG,91,32,9,NC_000005.10,Mutation NB - Paternal Origin,Transition - Purine/Purine,A>G
115036563,rs13360458,CC,TT,TT,100,70,27,NC_000005.10,Mutation NB - Paternal Origin,Transition - Pyrimidine/Pyrimidine,C>T
119635075,rs2434600,CC,CC,CT,100,85,99,NC_000005.10,Mutation NB - Maternal Origin,Transition - Pyrimidine/Pyrimidine,Unsolved
121171444,rs77937491,AA,TT,TT,91,91,3,NC_000005.10,Mutation NB - Paternal Origin,Transversion - Purine/Pyrimidine,A>T
124545962,rs7731218,AA,AC,CC,100,35,12,NC_000005.10,Mutation NB - Paternal Origin,Transversion - Purine/Pyrimidine,A>C
124902180,rs7716491,GG,GA,AA,88,45,9,NC_000005.10,Mutation NB - Paternal Origin,Transition - Purine/Purine,G>A
125730518,rs902592,CC,CC,CT,100,58,51,NC_000005.10,Mutation NB - Maternal Origin,Transition - Pyrimidine/Pyrimidine,Unsolved
132005424,rs1755350138,CC,CC,CT,91,91,71,NC_000005.10,Mutation NB - Paternal or Maternal,Transition - Pyrimidine/Pyrimidine,Unsolved
132157682,rs75624804,AA,AA,AG,85,100,62,NC_000005.10,Mutation NB - Paternal Origin,Transition - Purine/Purine,Unsolved
133201163,rs10900815,TT,TC,CC,82,5,12,NC_000005.10,Mutation NB - Paternal Origin,Transition - Pyrimidine/Pyrimidine,T>C
133800078,rs9327672,CC,TT,TT,76,100,33,NC_000005.10,Mutation NB - Paternal Origin,Transition - Pyrimidine/Pyrimidine,C>T
135434590,rs17168309,CC,TT,TT,91,85,36,NC_000005.10,Mutation NB - Paternal Origin,Transition - Pyrimidine/Pyrimidine,C>T
138452138,rs6885818,TT,TA,AA,91,2,9,NC_000005.10,Mutation NB - Paternal Origin,Transversion - Purine/Pyrimidine,T>A
140808990,rs2879087,GC,CC,GG,1,49,0,NC_000005.10,Mutation NB - Maternal Origin,Transversion - Purine/Pyrimidine,C>G
140842992,rs144435690,TT,CC,CC,91,64,27,NC_000005.10,Mutation NB - Paternal Origin,Transition - Pyrimidine/Pyrimidine,T>C
140843056,rs6580012,GG,GG,AG,91,70,99,NC_000005.10,Mutation NB - Maternal Origin,Transition - Purine/Purine,Unsolved
151998365,rs79174897,CC,CC,CT,100,70,62,NC_000005.10,Mutation NB - Maternal Origin,Transition - Pyrimidine/Pyrimidine,Unsolved
156882315,rs554537542,TT,CC,CC,91,91,21,NC_000005.10,Mutation NB - Paternal Origin,Transition - Pyrimidine/Pyrimidine,T>C
157381516,rs7707655,GG,GA,AA,100,1,24,NC_000005.10,Mutation NB - Paternal Origin,Transition - Purine/Purine,G>A
157381548,rs55738502,GG,GG,AA,100,100,9,NC_000005.10,Mutation NB - Paternal or Maternal,Transition - Purine/Purine,Unsolved
157880333,.,TT,TT,TC,82,94,75,NC_000005.10,Mutation NB - Paternal Origin,Transition - Pyrimidine/Pyrimidine,Unsolved
158765539,.,AA,AA,AG,73,79,50,NC_000005.10,Mutation NB - Paternal Origin,Transition - Purine/Purine,Unsolved
158940059,rs79564882,CC,CC,CT,100,76,27,NC_000005.10,Mutation NB - Maternal Origin,Transition - Pyrimidine/Pyrimidine,Unsolved
163334102,rs2161132,TT,GT,GG,88,29,12,NC_000005.10,Mutation NB - Paternal Origin,Transversion - Purine/Pyrimidine,T>G
163562485,rs17061914,AA,AA,AG,76,100,68,NC_000005.10,Mutation NB - Paternal Origin,Transition - Purine/Purine,Unsolved
165108706,rs12054850,AG,GG,AA,1,82,15,NC_000005.10,Mutation NB - Maternal Origin,Transition - Purine/Purine,G>A
169341946,rs7706761,CC,AA,CC,91,100,15,NC_000005.10,Mutation NB - Maternal Origin,Transversion - Purine/Pyrimidine,A>C
170562875,rs13155413,CC,AA,AA,100,91,27,NC_000005.10,Mutation NB - Paternal Origin,Transversion - Purine/Pyrimidine,C>A
170770680,rs10475957,GG,GG,GC,70,100,99,NC_000005.10,Mutation NB - Paternal Origin,Transition - Purine/Purine,Transversion - Purine/Pyrimidine,Unsolved
171660397,rs75843599,TT,CC,CC,88,70,15,NC_000005.10,Mutation NB - Paternal Origin,Transition - Pyrimidine/Pyrimidine,T>C
171675159,rs7722148,CC,TT,TT,88,37,18,NC_000005.10,Mutation NB - Paternal Origin,Transition - Pyrimidine/Pyrimidine,C>T
171892416,rs17670615,GG,GG,GA,88,85,68,NC_000005.10,Mutation NB - Maternal Origin,Transition - Purine/Purine,Unsolved
172919625,rs145129114,CC,TT,TT,85,67,9,NC_000005.10,Mutation NB - Paternal Origin,Transition - Pyrimidine/Pyrimidine,C>T
172919635,rs148365360,TT,GG,GG,85,67,9,NC_000005.10,Mutation NB - Paternal Origin,Transversion - Purine/Pyrimidine,T>G
174490264,.,TT,TT,TC,76,85,59,NC_000005.10,Mutation NB - Paternal Origin,Transition - Pyrimidine/Pyrimidine,Unsolved
174819668,rs6874836,TT,CC,CC,100,91,12,NC_000005.10,Mutation NB - Paternal Origin,Transition - Pyrimidine/Pyrimidine,T>C
176273255,rs56349257,GG,GG,GT,100,82,33,NC_000005.10,Mutation NB - Maternal Origin,Transversion - Purine/Pyrimidine,Unsolved
178086214,rs5023958,AA,AA,GA,91,67,99,NC_000005.10,Mutation NB - Maternal Origin,Transition - Purine/Purine,Unsolved
178854564,rs10050787,GG,GA,AA,100,72,30,NC_000005.10,Mutation NB - Paternal Origin,Transition - Purine/Purine,G>A
179172616,rs1530499,GA,GG,AA,1,100,30,NC_000005.10,Mutation NB - Maternal Origin,Transition - Purine/Purine,G>A
179222282,rs13173873,GG,GG,GA,100,91,68,NC_000005.10,Mutation NB - Maternal Origin,Transition - Purine/Purine,Unsolved
180214407,.,TT,TT,TC,85,67,33,NC_000005.10,Mutation NB - Maternal Origin,Transition - Pyrimidine/Pyrimidine,Unsolved
180431971,rs62406427,TC,TT,CC,41,55,12,NC_000005.10,Mutation NB - Maternal Origin,Transition - Pyrimidine/Pyrimidine,T>C
180432021,rs56029423,CC,TT,CC,73,35,0,NC_000005.10,Mutation NB - Maternal Origin,Transition - Pyrimidine/Pyrimidine,T>C
180647248,rs307814,TC,CC,TT,66,76,12,NC_000005.10,Mutation NB - Maternal Origin,Transversion - Purine/Pyrimidine,C>T
180647627,rs307815,TC,CC,TT,32,85,9,NC_000005.10,Mutation NB - Maternal Origin,Transversion - Purine/Pyrimidine,C>T
180797518,rs35418092,AG,AA,GG,32,70,15,NC_000005.10,Mutation NB - Maternal Origin,Transition - Purine/Purine,A>G
180926677,rs145431049,TT,TT,TG,100,85,26,NC_000005.10,Mutation NB - Maternal Origin,Transition - Pyrimidine/Pyrimidine,Transversion - Purine/Pyrimidine,Unsolved
181024833,rs10479593,AA,TT,TT,61,85,0,NC_000005.10,Mutation NB - Paternal Origin,Transversion - Purine/Pyrimidine,A>T
181024849,rs10479594,CC,TT,TT,61,85,0,NC_000005.10,Mutation NB - Paternal Origin,Transition - Pyrimidine/Pyrimidine,C>T
1001057,.,AA,AA,AG,76,76,63,NC_000006.12,Mutation NB - Paternal or Maternal,Transition - Purine/Purine,Unsolved
1526818,rs2816281,TT,CC,CC,67,58,0,NC_000006.12,Mutation NB - Paternal Origin,Transition - Pyrimidine/Pyrimidine,T>C
3251787,rs1757585898,AA,AA,AG,79,76,62,NC_000006.12,Mutation NB - Maternal Origin,Transition - Purine/Purine,Unsolved
5086324,rs436556,AA,CA,CC,85,1,15,NC_000006.12,Mutation NB - Paternal Origin,Transversion - Purine/Pyrimidine,A>C
7115694,rs1285875,GG,GC,CC,91,1,12,NC_000006.12,Mutation NB - Paternal Origin,Transversion - Purine/Pyrimidine,G>C
7127754,rs3863228,AA,AG,GG,100,1,18,NC_000006.12,Mutation NB - Paternal Origin,Transition - Purine/Purine,A>G
7512147,rs2757613,CC,TT,CC,79,88,30,NC_000006.12,Mutation NB - Maternal Origin,Transition - Pyrimidine/Pyrimidine,T>C
7803039,rs13199729,GG,AA,AA,88,76,0,NC_000006.12,Mutation NB - Paternal Origin,Transition - Purine/Purine,G>A
7803055,rs1322241,CC,TC,TT,88,1,0,NC_000006.12,Mutation NB - Paternal Origin,Transition - Pyrimidine/Pyrimidine,C>T
9551940,rs7771930,TT,CC,CC,88,55,18,NC_000006.12,Mutation NB - Paternal Origin,Transition - Pyrimidine/Pyrimidine,T>C
11149808,rs9393951,CC,TT,TT,88,73,0,NC_000006.12,Mutation NB - Paternal Origin,Transition - Pyrimidine/Pyrimidine,C>T
14177192,.,TT,TT,TC,73,37,53,NC_000006.12,Mutation NB - Maternal Origin,Transition - Pyrimidine/Pyrimidine,Unsolved
14585930,rs9349952,CC,GG,GG,100,46,38,NC_000006.12,Mutation NB - Paternal Origin,Transversion - Purine/Pyrimidine,C>G
14655800,rs857418,TT,CC,TT,73,76,9,NC_000006.12,Mutation NB - Maternal Origin,Transition - Pyrimidine/Pyrimidine,C>T
15790919,rs191986,CT,GG,GG,1,79,12,NC_000006.12,Mutation NB - Paternal Origin,Transversion - Purine/Pyrimidine,C>G,T>G
16720117,.,TT,TT,TC,64,46,44,NC_000006.12,Mutation NB - Maternal Origin,Transition - Pyrimidine/Pyrimidine,Unsolved
17843269,rs745194,GG,GG,GT,95,49,56,NC_000006.12,Mutation NB - Maternal Origin,Transversion - Purine/Pyrimidine,Unsolved
19135140,rs58009840,CC,CC,TT,100,76,12,NC_000006.12,Mutation NB - Maternal Origin,Transition - Pyrimidine/Pyrimidine,Unsolved
19210672,rs1294364,TT,CC,CC,88,82,9,NC_000006.12,Mutation NB - Paternal Origin,Transition - Pyrimidine/Pyrimidine,T>C
19210709,rs4235992,GG,GG,GC,88,85,33,NC_000006.12,Mutation NB - Maternal Origin,Transition - Purine/Purine,Transversion - Purine/Pyrimidine,Unsolved
22213525,rs72836129,CC,CC,CG,67,76,99,NC_000006.12,Mutation NB - Paternal Origin,Transversion - Purine/Pyrimidine,Unsolved
22513885,rs9460750,CC,GC,GG,82,1,0,NC_000006.12,Mutation NB - Paternal Origin,Transversion - Purine/Pyrimidine,C>G
22513886,rs9460751,AA,CA,CC,82,1,0,NC_000006.12,Mutation NB - Paternal Origin,Transversion - Purine/Pyrimidine,A>C
24378870,rs714452,TC,CC,TT,47,61,0,NC_000006.12,Mutation NB - Maternal Origin,Transversion - Purine/Pyrimidine,C>T
24436236,rs9467151,AA,AA,AG,100,82,1,NC_000006.12,Mutation NB - Maternal Origin,Transition - Purine/Purine,Unsolved
25603394,rs721803,AA,GG,AA,91,100,9,NC_000006.12,Mutation NB - Maternal Origin,Transition - Purine/Purine,G>A
33685861,rs6915878,CC,CC,CT,82,67,71,NC_000006.12,Mutation NB - Maternal Origin,Transition - Pyrimidine/Pyrimidine,Unsolved
33947164,rs9357168,TT,TT,TC,88,67,68,NC_000006.12,Mutation NB - Maternal Origin,Transition - Pyrimidine/Pyrimidine,Unsolved
34084435,rs2499706,AA,GG,AA,79,76,12,NC_000006.12,Mutation NB - Maternal Origin,Transition - Purine/Purine,G>A
34269970,rs1776890,GG,AA,AA,100,79,18,NC_000006.12,Mutation NB - Paternal Origin,Transition - Purine/Purine,G>A
34270020,rs2797961,GG,AA,AA,100,79,18,NC_000006.12,Mutation NB - Paternal Origin,Transition - Purine/Purine,G>A
36974456,rs76813240,TT,CC,TT,85,70,0,NC_000006.12,Mutation NB - Maternal Origin,Transition - Pyrimidine/Pyrimidine,C>T
39212663,rs1771362981,TT,TT,TC,70,85,50,NC_000006.12,Mutation NB - Paternal Origin,Transition - Pyrimidine/Pyrimidine,Unsolved
40259688,rs9369187,CC,CC,CT,100,76,62,NC_000006.12,Mutation NB - Maternal Origin,Transition - Pyrimidine/Pyrimidine,Unsolved
40612178,rs860152,AA,TT,TT,91,91,9,NC_000006.12,Mutation NB - Paternal Origin,Transversion - Purine/Pyrimidine,A>T
40800715,rs4714386,AA,CC,CC,100,79,30,NC_000006.12,Mutation NB - Paternal Origin,Transversion - Purine/Pyrimidine,A>C
40843093,.,TT,TT,TC,82,79,71,NC_000006.12,Mutation NB - Maternal Origin,Transition - Pyrimidine/Pyrimidine,Unsolved
41105899,rs9381037,GG,GG,GA,100,76,99,NC_000006.12,Mutation NB - Maternal Origin,Transition - Purine/Purine,Unsolved
41209636,.,AA,AA,AG,100,64,56,NC_000006.12,Mutation NB - Maternal Origin,Transition - Purine/Purine,Unsolved
41319254,rs9471545,TT,CC,CC,91,64,0,NC_000006.12,Mutation NB - Paternal Origin,Transition - Pyrimidine/Pyrimidine,T>C
41642309,rs9471614,CT,TT,CC,1,85,0,NC_000006.12,Mutation NB - Maternal Origin,Transition - Pyrimidine/Pyrimidine,T>C
41744334,.,TT,TT,TC,85,58,50,NC_000006.12,Mutation NB - Maternal Origin,Transition - Pyrimidine/Pyrimidine,Unsolved
42118564,rs9381145,CC,CC,CT,85,88,61,NC_000006.12,Mutation NB - Paternal Origin,Transition - Pyrimidine/Pyrimidine,Unsolved
43223341,.,GG,GG,GA,76,76,56,NC_000006.12,Mutation NB - Paternal or Maternal,Transition - Purine/Purine,Unsolved
43999045,rs114128030,GG,GG,GA,100,73,99,NC_000006.12,Mutation NB - Maternal Origin,Transition - Purine/Purine,Unsolved
43999066,rs112041121,CC,CC,CT,100,73,99,NC_000006.12,Mutation NB - Maternal Origin,Transition - Pyrimidine/Pyrimidine,Unsolved
46291654,rs1230477993,CC,CC,CT,82,73,61,NC_000006.12,Mutation NB - Maternal Origin,Transition - Pyrimidine/Pyrimidine,Unsolved
51523129,rs9357698,TT,CC,CC,88,58,15,NC_000006.12,Mutation NB - Paternal Origin,Transition - Pyrimidine/Pyrimidine,T>C
56931442,rs34752771,CC,AA,CC,88,61,0,NC_000006.12,Mutation NB - Maternal Origin,Transversion - Purine/Pyrimidine,A>C
65509025,rs9363381,CC,CC,AC,88,64,99,NC_000006.12,Mutation NB - Maternal Origin,Transversion - Purine/Pyrimidine,Unsolved
65557954,rs6932247,GG,GG,CC,91,70,12,NC_000006.12,Mutation NB - Maternal Origin,Transversion - Purine/Pyrimidine,Unsolved
65558536,rs1411853,GG,AA,GG,79,85,0,NC_000006.12,Mutation NB - Maternal Origin,Transition - Purine/Purine,A>G
70501609,rs9455133,GG,AA,AA,91,76,15,NC_000006.12,Mutation NB - Paternal Origin,Transition - Purine/Purine,G>A
75731340,.,AA,AA,AC,91,73,33,NC_000006.12,Mutation NB - Maternal Origin,Transversion - Purine/Pyrimidine,Unsolved
84592827,rs10944019,CG,GG,CC,1,82,0,NC_000006.12,Mutation NB - Maternal Origin,Transversion - Purine/Pyrimidine,G>C
84717200,.,TT,TT,TC,91,70,56,NC_000006.12,Mutation NB - Maternal Origin,Transition - Pyrimidine/Pyrimidine,Unsolved
85414515,.,CC,CC,CA,79,70,56,NC_000006.12,Mutation NB - Maternal Origin,Transversion - Purine/Pyrimidine,Unsolved
86710637,rs594046,TT,AT,AA,82,1,0,NC_000006.12,Mutation NB - Paternal Origin,Transversion - Purine/Pyrimidine,T>A
87357597,rs406981,TT,CC,CC,100,70,24,NC_000006.12,Mutation NB - Paternal Origin,Transition - Pyrimidine/Pyrimidine,T>C
88177703,rs9444590,TC,TT,CC,45,67,24,NC_000006.12,Mutation NB - Maternal Origin,Transition - Pyrimidine/Pyrimidine,T>C
91655393,rs1768978087,TT,TT,TC,88,82,33,NC_000006.12,Mutation NB - Maternal Origin,Transition - Pyrimidine/Pyrimidine,Unsolved
93025356,rs1590392,GG,TT,TT,91,85,9,NC_000006.12,Mutation NB - Paternal Origin,Transversion - Purine/Pyrimidine,G>T
98422812,rs2221616,GG,AA,AA,82,73,24,NC_000006.12,Mutation NB - Paternal Origin,Transition - Purine/Purine,G>A
99279108,.,AA,AA,AG,85,58,50,NC_000006.12,Mutation NB - Maternal Origin,Transition - Purine/Purine,Unsolved
100394455,rs9390345,GG,GA,AA,100,39,15,NC_000006.12,Mutation NB - Paternal Origin,Transition - Purine/Purine,G>A
110622711,rs9487465,TT,CC,TT,76,64,0,NC_000006.12,Mutation NB - Maternal Origin,Transition - Pyrimidine/Pyrimidine,C>T
110693276,rs9372264,AA,GG,GG,85,70,0,NC_000006.12,Mutation NB - Paternal Origin,Transition - Purine/Purine,A>G
111489237,rs2025269,GG,GA,AA,85,13,21,NC_000006.12,Mutation NB - Paternal Origin,Transition - Purine/Purine,G>A
111603710,rs174402,GG,AA,GG,88,64,9,NC_000006.12,Mutation NB - Maternal Origin,Transition - Purine/Purine,A>G
111717471,.,TT,TT,TC,73,58,65,NC_000006.12,Mutation NB - Maternal Origin,Transition - Pyrimidine/Pyrimidine,Unsolved
111760596,rs1965583,GG,GG,GA,100,76,21,NC_000006.12,Mutation NB - Maternal Origin,Transition - Purine/Purine,Unsolved
115736121,rs148209365,GG,GG,GA,82,82,65,NC_000006.12,Mutation NB - Paternal or Maternal,Transition - Purine/Purine,Unsolved
118031469,rs9387543,GG,GA,AA,100,36,15,NC_000006.12,Mutation NB - Paternal Origin,Transition - Purine/Purine,G>A
118031513,rs9374702,GG,GA,AA,100,32,15,NC_000006.12,Mutation NB - Paternal Origin,Transition - Purine/Purine,G>A
118684622,rs11754023,TT,CC,CC,100,67,27,NC_000006.12,Mutation NB - Paternal Origin,Transition - Pyrimidine/Pyrimidine,T>C
119319725,rs6918913,CC,CA,AA,91,76,12,NC_000006.12,Mutation NB - Paternal Origin,Transversion - Purine/Pyrimidine,C>A
124071954,rs112105215,CC,AA,AA,91,61,12,NC_000006.12,Mutation NB - Paternal Origin,Transversion - Purine/Pyrimidine,C>A
125192414,rs3806999,AA,CC,AA,88,88,21,NC_000006.12,Mutation NB - Maternal Origin,Transversion - Purine/Pyrimidine,C>A
128863543,rs78855065,GG,GG,GA,100,85,99,NC_000006.12,Mutation NB - Maternal Origin,Transition - Purine/Purine,Unsolved
132635375,rs6918955,CC,GG,GG,91,91,21,NC_000006.12,Mutation NB - Paternal Origin,Transversion - Purine/Pyrimidine,C>G
134633134,rs112837079,CC,CC,TT,88,100,9,NC_000006.12,Mutation NB - Paternal Origin,Transition - Pyrimidine/Pyrimidine,Unsolved
134850125,rs737153,CC,AA,AA,67,64,9,NC_000006.12,Mutation NB - Paternal Origin,Transversion - Purine/Pyrimidine,C>A
135604595,rs6570019,GG,AG,AA,85,1,9,NC_000006.12,Mutation NB - Paternal Origin,Transition - Purine/Purine,G>A
135604607,rs6570020,GG,AG,AA,85,1,9,NC_000006.12,Mutation NB - Paternal Origin,Transition - Purine/Purine,G>A
141618497,rs7742236,CC,TT,CC,73,76,18,NC_000006.12,Mutation NB - Maternal Origin,Transition - Pyrimidine/Pyrimidine,T>C
141967324,.,AA,AA,AG,73,58,59,NC_000006.12,Mutation NB - Maternal Origin,Transition - Purine/Purine,Unsolved
145531553,rs388394,CC,CC,CT,100,49,95,NC_000006.12,Mutation NB - Maternal Origin,Transition - Pyrimidine/Pyrimidine,Unsolved
150424407,rs6929376,TT,CC,CC,100,85,9,NC_000006.12,Mutation NB - Paternal Origin,Transition - Pyrimidine/Pyrimidine,T>C
150717067,.,TT,TT,TC,88,55,57,NC_000006.12,Mutation NB - Maternal Origin,Transition - Pyrimidine/Pyrimidine,Unsolved
151582584,rs6910761,AA,GG,AA,88,64,0,NC_000006.12,Mutation NB - Maternal Origin,Transition - Purine/Purine,G>A
153790254,rs9397655,AA,GG,AA,82,70,0,NC_000006.12,Mutation NB - Maternal Origin,Transition - Purine/Purine,G>A
155636459,.,TT,TT,TC,76,88,50,NC_000006.12,Mutation NB - Paternal Origin,Transition - Pyrimidine/Pyrimidine,Unsolved
155880363,rs117626653,TT,TG,GG,79,1,12,NC_000006.12,Mutation NB - Paternal Origin,Transversion - Purine/Pyrimidine,T>G
159134954,rs1965303,GG,CC,GG,73,100,9,NC_000006.12,Mutation NB - Maternal Origin,Transversion - Purine/Pyrimidine,C>G
159219533,rs419626,CC,TT,CC,76,74,21,NC_000006.12,Mutation NB - Maternal Origin,Transition - Pyrimidine/Pyrimidine,T>C
159299282,rs1875816,AA,AA,GG,100,100,12,NC_000006.12,Mutation NB - Paternal or Maternal,Transition - Purine/Purine,Unsolved
160277145,rs316037,AA,AA,AG,100,73,98,NC_000006.12,Mutation NB - Maternal Origin,Transition - Purine/Purine,Unsolved
160748707,rs783178,CC,TT,TT,85,70,12,NC_000006.12,Mutation NB - Paternal Origin,Transition - Pyrimidine/Pyrimidine,C>T
162073307,rs77015433,GA,GG,AA,28,91,12,NC_000006.12,Mutation NB - Maternal Origin,Transition - Purine/Purine,G>A
162073465,rs9458449,TT,CC,TT,91,85,18,NC_000006.12,Mutation NB - Maternal Origin,Transition - Pyrimidine/Pyrimidine,C>T
162310311,rs6930668,CC,TC,TT,88,29,9,NC_000006.12,Mutation NB - Paternal Origin,Transition - Pyrimidine/Pyrimidine,C>T
165686904,rs76240156,GG,AA,AA,73,46,0,NC_000006.12,Mutation NB - Paternal Origin,Transition - Purine/Purine,G>A
165764683,rs79663716,GG,AA,GG,73,76,12,NC_000006.12,Mutation NB - Maternal Origin,Transition - Purine/Purine,A>G
166509635,rs1782393523,AA,AA,AG,67,70,53,NC_000006.12,Mutation NB - Paternal Origin,Transition - Purine/Purine,Unsolved
167400342,rs6905928,TC,CC,TT,32,91,0,NC_000006.12,Mutation NB - Maternal Origin,Transversion - Purine/Pyrimidine,C>T
168085033,rs6455479,AA,GG,AA,85,85,0,NC_000006.12,Mutation NB - Maternal Origin,Transition - Purine/Purine,G>A
168329605,.,CG,CC,GG,73,64,18,NC_000006.12,Mutation NB - Maternal Origin,Transversion - Purine/Pyrimidine,C>G
168515514,rs2248434,AG,GG,AA,1,64,0,NC_000006.12,Mutation NB - Maternal Origin,Transition - Purine/Purine,G>A
169188482,.,TT,TT,TC,88,43,62,NC_000006.12,Mutation NB - Maternal Origin,Transition - Pyrimidine/Pyrimidine,Unsolved
169938509,rs879216555,GG,GG,AG,91,76,99,NC_000006.12,Mutation NB - Maternal Origin,Transition - Purine/Purine,Unsolved
170145559,rs35989582,GG,GG,GA,79,100,99,NC_000006.12,Mutation NB - Paternal Origin,Transition - Purine/Purine,Unsolved
170230082,rs9460083,GG,AA,AA,58,85,0,NC_000006.12,Mutation NB - Paternal Origin,Transition - Purine/Purine,G>A
1007270,rs6947257,TT,TT,TC,100,85,99,NC_000007.14,Mutation NB - Maternal Origin,Transition - Pyrimidine/Pyrimidine,Unsolved
1164260,rs182388396,AA,GG,GG,91,58,12,NC_000007.14,Mutation NB - Paternal Origin,Transition - Purine/Purine,A>G
1254634,rs6957131,CC,GG,CC,100,52,0,NC_000007.14,Mutation NB - Maternal Origin,Transversion - Purine/Pyrimidine,G>C
1558198,rs12702926,TT,CC,CC,85,52,18,NC_000007.14,Mutation NB - Paternal Origin,Transition - Pyrimidine/Pyrimidine,T>C
1730252,.,CC,CC,CG,100,80,55,NC_000007.14,Mutation NB - Maternal Origin,Transversion - Purine/Pyrimidine,Unsolved
1842591,rs12540579,CC,AA,CC,91,79,9,NC_000007.14,Mutation NB - Maternal Origin,Transversion - Purine/Pyrimidine,A>C
1919947,.,AA,AA,AG,76,73,56,NC_000007.14,Mutation NB - Maternal Origin,Transition - Purine/Purine,Unsolved
1936821,rs1801368,CC,TT,TT,76,88,33,NC_000007.14,Mutation NB - Paternal Origin,Transition - Pyrimidine/Pyrimidine,C>T
2221833,rs6461233,GG,AA,GG,79,82,0,NC_000007.14,Mutation NB - Maternal Origin,Transition - Purine/Purine,A>G
2359526,rs12533699,CC,CC,CG,100,88,69,NC_000007.14,Mutation NB - Maternal Origin,Transversion - Purine/Pyrimidine,Unsolved
2359544,rs12533700,CC,CC,CT,100,70,99,NC_000007.14,Mutation NB - Maternal Origin,Transition - Pyrimidine/Pyrimidine,Unsolved
2584794,rs2917735,CC,TT,TT,100,67,9,NC_000007.14,Mutation NB - Paternal Origin,Transition - Pyrimidine/Pyrimidine,C>T
2585774,rs2917734,CG,GG,CC,1,73,0,NC_000007.14,Mutation NB - Maternal Origin,Transversion - Purine/Pyrimidine,G>C
2600961,rs1107690,TT,GG,GG,91,82,9,NC_000007.14,Mutation NB - Paternal Origin,Transversion - Purine/Pyrimidine,T>G
2637706,.,AA,AA,AG,58,34,44,NC_000007.14,Mutation NB - Maternal Origin,Transition - Purine/Purine,Unsolved
4146944,rs649186,GA,AA,GG,73,79,21,NC_000007.14,Mutation NB - Maternal Origin,Transition - Purine/Purine,A>G
4187490,rs73674225,AA,TT,TT,79,67,0,NC_000007.14,Mutation NB - Paternal Origin,Transversion - Purine/Pyrimidine,A>T
4273207,rs934411963,AA,AA,AG,100,61,33,NC_000007.14,Mutation NB - Maternal Origin,Transition - Purine/Purine,Unsolved
4444226,rs172707,AG,GG,AA,32,76,9,NC_000007.14,Mutation NB - Maternal Origin,Transition - Purine/Purine,G>A
4836543,rs749323076,CC,GG,GG,85,85,18,NC_000007.14,Mutation NB - Paternal Origin,Transversion - Purine/Pyrimidine,C>G
5238851,rs35480613,AA,CC,CC,91,88,12,NC_000007.14,Mutation NB - Paternal Origin,Transversion - Purine/Pyrimidine,A>C
7089382,rs10270231,AA,GA,GG,82,1,0,NC_000007.14,Mutation NB - Paternal Origin,Transition - Purine/Purine,A>G
12519173,rs7804782,TC,CC,TT,38,76,0,NC_000007.14,Mutation NB - Maternal Origin,Transversion - Purine/Pyrimidine,C>T
22208909,rs1345251,GG,GG,TG,76,98,33,NC_000007.14,Mutation NB - Paternal Origin,Transversion - Purine/Pyrimidine,Unsolved
23827927,rs113731919,AA,AA,AG,100,73,91,NC_000007.14,Mutation NB - Maternal Origin,Transition - Purine/Purine,Unsolved
24347587,rs17149302,GG,TT,TT,79,70,39,NC_000007.14,Mutation NB - Paternal Origin,Transversion - Purine/Pyrimidine,G>T
25266225,rs7805436,CC,TT,TT,91,82,9,NC_000007.14,Mutation NB - Paternal Origin,Transition - Pyrimidine/Pyrimidine,C>T
26132414,rs1783758040,CC,CC,CT,85,70,62,NC_000007.14,Mutation NB - Maternal Origin,Transition - Pyrimidine/Pyrimidine,Unsolved
28765706,rs6959280,CC,TT,CC,82,64,0,NC_000007.14,Mutation NB - Maternal Origin,Transition - Pyrimidine/Pyrimidine,T>C
32275306,rs6962795,AA,AA,AG,76,100,99,NC_000007.14,Mutation NB - Paternal Origin,Transition - Purine/Purine,Unsolved
34886049,rs10215263,AA,GG,AA,82,85,0,NC_000007.14,Mutation NB - Maternal Origin,Transition - Purine/Purine,G>A
35391202,rs2592860,GG,CC,GG,91,100,15,NC_000007.14,Mutation NB - Maternal Origin,Transversion - Purine/Pyrimidine,C>G
36237054,rs10274036,CC,TC,TT,82,1,9,NC_000007.14,Mutation NB - Paternal Origin,Transition - Pyrimidine/Pyrimidine,C>T
37401081,rs7788477,AA,CC,AA,67,70,0,NC_000007.14,Mutation NB - Maternal Origin,Transversion - Purine/Pyrimidine,C>A
37406212,rs35902668,AA,GG,GG,85,64,21,NC_000007.14,Mutation NB - Paternal Origin,Transition - Purine/Purine,A>G
39042542,rs139458498,TA,TT,AA,1,67,24,NC_000007.14,Mutation NB - Maternal Origin,Transversion - Purine/Pyrimidine,T>A
42103061,rs1949974,AA,AG,GG,100,1,21,NC_000007.14,Mutation NB - Paternal Origin,Transition - Purine/Purine,A>G
43878005,rs2232098,CC,CC,CT,100,61,99,NC_000007.14,Mutation NB - Maternal Origin,Transition - Pyrimidine/Pyrimidine,Unsolved
43984966,rs62458704,TG,GG,TT,1,64,0,NC_000007.14,Mutation NB - Maternal Origin,Transversion - Purine/Pyrimidine,G>T
44431324,.,TT,TT,TC,76,88,59,NC_000007.14,Mutation NB - Paternal Origin,Transition - Pyrimidine/Pyrimidine,Unsolved
44802192,rs57534886,TT,CC,CC,82,100,0,NC_000007.14,Mutation NB - Paternal Origin,Transition - Pyrimidine/Pyrimidine,T>C
45011244,.,TT,TT,TC,85,70,62,NC_000007.14,Mutation NB - Maternal Origin,Transition - Pyrimidine/Pyrimidine,Unsolved
45374085,rs10253666,TT,CC,CC,85,67,0,NC_000007.14,Mutation NB - Paternal Origin,Transition - Pyrimidine/Pyrimidine,T>C
45510110,rs73108094,TG,GG,TT,1,79,0,NC_000007.14,Mutation NB - Maternal Origin,Transversion - Purine/Pyrimidine,G>T
45510111,rs116019550,TG,GG,TT,1,79,0,NC_000007.14,Mutation NB - Maternal Origin,Transversion - Purine/Pyrimidine,G>T
45510113,rs34304109,AT,TT,AA,1,79,0,NC_000007.14,Mutation NB - Maternal Origin,Transversion - Purine/Pyrimidine,T>A
45526212,rs1525655,TC,CC,TT,35,55,0,NC_000007.14,Mutation NB - Maternal Origin,Transversion - Purine/Pyrimidine,C>T
45864899,rs7794738,GG,TT,GG,91,88,21,NC_000007.14,Mutation NB - Maternal Origin,Transition - Purine/Purine,Transversion - Purine/Pyrimidine,T>G
46049548,rs788724,CC,TT,CC,82,88,33,NC_000007.14,Mutation NB - Maternal Origin,Transition - Pyrimidine/Pyrimidine,T>C
46088614,rs12333440,TT,CC,CC,73,40,9,NC_000007.14,Mutation NB - Paternal Origin,Transition - Pyrimidine/Pyrimidine,T>C
46088651,rs1723929,GG,GA,AA,73,1,9,NC_000007.14,Mutation NB - Paternal Origin,Transition - Purine/Purine,G>A
46360821,.,CC,CC,CT,88,67,66,NC_000007.14,Mutation NB - Maternal Origin,Transition - Pyrimidine/Pyrimidine,Unsolved
46541353,rs6958257,GA,GG,AA,32,61,12,NC_000007.14,Mutation NB - Maternal Origin,Transition - Purine/Purine,G>A
47379991,rs150839042,GG,GG,AA,91,82,9,NC_000007.14,Mutation NB - Maternal Origin,Transition - Purine/Purine,Unsolved
47406538,.,AA,AA,AG,79,79,41,NC_000007.14,Mutation NB - Paternal or Maternal,Transition - Purine/Purine,Unsolved
47531772,rs7786087,AG,AA,GG,41,100,18,NC_000007.14,Mutation NB - Maternal Origin,Transition - Purine/Purine,A>G
48560411,rs58486673,CC,AA,AA,88,73,12,NC_000007.14,Mutation NB - Paternal Origin,Transversion - Purine/Pyrimidine,C>A
48560441,rs61602397,GG,CC,CC,88,73,12,NC_000007.14,Mutation NB - Paternal Origin,Transversion - Purine/Pyrimidine,G>C
50597639,rs6966169,TT,TT,TC,100,100,53,NC_000007.14,Mutation NB - Paternal or Maternal,Transition - Pyrimidine/Pyrimidine,Unsolved
51026519,rs2285841,CC,TT,CC,82,82,12,NC_000007.14,Mutation NB - Maternal Origin,Transition - Pyrimidine/Pyrimidine,T>C
51389129,rs186250390,AC,AA,CC,38,76,18,NC_000007.14,Mutation NB - Maternal Origin,A>C
53005136,rs12718735,GG,AA,AA,88,70,21,NC_000007.14,Mutation NB - Paternal Origin,Transition - Purine/Purine,G>A
53484266,rs73696155,CC,TT,TT,76,82,9,NC_000007.14,Mutation NB - Paternal Origin,Transition - Pyrimidine/Pyrimidine,C>T
54454878,rs1917577,AG,GG,AA,1,67,0,NC_000007.14,Mutation NB - Maternal Origin,Transition - Purine/Purine,G>A
54468641,rs4591978,CC,AA,AA,85,91,9,NC_000007.14,Mutation NB - Paternal Origin,Transversion - Purine/Pyrimidine,C>A
54789779,rs60269836,AA,GG,AA,91,88,0,NC_000007.14,Mutation NB - Maternal Origin,Transition - Purine/Purine,G>A
68998273,rs7457790,GG,AA,GG,82,79,21,NC_000007.14,Mutation NB - Maternal Origin,Transition - Purine/Purine,A>G
71136079,rs2158735,CC,CC,CG,91,100,33,NC_000007.14,Mutation NB - Paternal Origin,Transversion - Purine/Pyrimidine,Unsolved
71221639,rs12668663,GC,GG,CC,1,88,12,NC_000007.14,Mutation NB - Maternal Origin,Transversion - Purine/Pyrimidine,G>C
74042542,.,AA,AA,AT,82,76,65,NC_000007.14,Mutation NB - Maternal Origin,Transversion - Purine/Pyrimidine,Unsolved
74283978,.,TT,TT,TC,85,70,71,NC_000007.14,Mutation NB - Maternal Origin,Transition - Pyrimidine/Pyrimidine,Unsolved
77999846,rs13438504,GT,AA,AA,1,64,0,NC_000007.14,Mutation NB - Maternal Origin,Transition - Purine/Purine,A>G,T>A
81137211,rs10272094,TT,TC,CC,91,85,27,NC_000007.14,Mutation NB - Paternal Origin,Transition - Pyrimidine/Pyrimidine,T>C
86494777,rs1320795,TT,TT,CC,82,88,0,NC_000007.14,Mutation NB - Paternal Origin,Transition - Pyrimidine/Pyrimidine,Unsolved
88330351,rs73205938,AA,GG,GG,88,82,24,NC_000007.14,Mutation NB - Paternal Origin,Transition - Purine/Purine,A>G
91398500,rs13246435,CC,CC,CT,67,100,99,NC_000007.14,Mutation NB - Paternal Origin,Transition - Pyrimidine/Pyrimidine,Unsolved
93059098,rs1414051544,AA,AA,AG,88,85,71,NC_000007.14,Mutation NB - Maternal Origin,Transition - Purine/Purine,Unsolved
97316971,rs7796251,GG,AA,AA,100,88,12,NC_000007.14,Mutation NB - Paternal Origin,Transition - Purine/Purine,G>A
98022674,.,TT,TT,TC,73,43,47,NC_000007.14,Mutation NB - Maternal Origin,Transition - Pyrimidine/Pyrimidine,Unsolved
98791147,rs4727411,GT,GG,TT,5,61,15,NC_000007.14,Mutation NB - Maternal Origin,Transversion - Purine/Pyrimidine,G>T
99693714,rs776745,TG,TT,GG,5,88,12,NC_000007.14,Mutation NB - Maternal Origin,Transversion - Purine/Pyrimidine,T>G
101127249,rs554013240,GG,GG,AA,100,79,9,NC_000007.14,Mutation NB - Maternal Origin,Transition - Purine/Purine,Unsolved
101994005,rs202158,CG,GG,CC,41,70,0,NC_000007.14,Mutation NB - Maternal Origin,Transversion - Purine/Pyrimidine,G>C
103890171,rs6947643,GA,GG,AA,35,100,9,NC_000007.14,Mutation NB - Maternal Origin,Transition - Purine/Purine,G>A
105711698,rs1793933097,AA,AA,AG,64,92,71,NC_000007.14,Mutation NB - Paternal Origin,Transition - Purine/Purine,Unsolved
108656498,.,TT,TT,TC,82,85,47,NC_000007.14,Mutation NB - Paternal Origin,Transition - Pyrimidine/Pyrimidine,Unsolved
112117432,rs2729560,GG,GG,GA,88,88,68,NC_000007.14,Mutation NB - Paternal or Maternal,Transition - Purine/Purine,Unsolved
112180423,rs2729543,TT,GG,GG,85,70,15,NC_000007.14,Mutation NB - Paternal Origin,Transversion - Purine/Pyrimidine,T>G
112556720,rs3111448,TT,TT,TA,100,67,62,NC_000007.14,Mutation NB - Maternal Origin,Transition - Pyrimidine/Pyrimidine,Transversion - Purine/Pyrimidine,Unsolved
114055699,rs7809231,CC,CG,GG,100,60,12,NC_000007.14,Mutation NB - Paternal Origin,Transversion - Purine/Pyrimidine,C>G
115206753,rs57077008,CC,TT,CC,100,73,15,NC_000007.14,Mutation NB - Maternal Origin,Transition - Pyrimidine/Pyrimidine,T>C
117597274,rs2078753,CC,CC,CT,100,49,99,NC_000007.14,Mutation NB - Maternal Origin,Transition - Pyrimidine/Pyrimidine,Unsolved
118661287,rs11772159,CC,TT,CC,85,91,18,NC_000007.14,Mutation NB - Maternal Origin,Transition - Pyrimidine/Pyrimidine,T>C
119188523,rs11505941,AA,TA,TT,85,1,9,NC_000007.14,Mutation NB - Paternal Origin,Transversion - Purine/Pyrimidine,A>T
119188536,rs73221155,GG,GA,AA,85,1,9,NC_000007.14,Mutation NB - Paternal Origin,Transition - Purine/Purine,G>A
121463873,rs2141365,CC,AA,CC,91,76,9,NC_000007.14,Mutation NB - Maternal Origin,Transversion - Purine/Pyrimidine,A>C
122494329,rs115909133,CC,CC,CT,100,64,58,NC_000007.14,Mutation NB - Maternal Origin,Transition - Pyrimidine/Pyrimidine,Unsolved
126988137,rs2106188,TT,TT,TC,100,73,53,NC_000007.14,Mutation NB - Maternal Origin,Transition - Pyrimidine/Pyrimidine,Unsolved
128166120,rs12155392,CC,TT,TT,91,91,12,NC_000007.14,Mutation NB - Paternal Origin,Transition - Pyrimidine/Pyrimidine,C>T
128859784,rs371879817,CC,AA,AA,88,64,24,NC_000007.14,Mutation NB - Paternal Origin,Transversion - Purine/Pyrimidine,C>A
129798444,rs62491470,GG,GA,AA,79,1,33,NC_000007.14,Mutation NB - Paternal Origin,Transition - Purine/Purine,G>A
130895393,rs28662387,AA,TT,TT,91,73,0,NC_000007.14,Mutation NB - Paternal Origin,Transversion - Purine/Pyrimidine,A>T
131627740,rs4731801,CC,TT,TT,88,67,9,NC_000007.14,Mutation NB - Paternal Origin,Transition - Pyrimidine/Pyrimidine,C>T
132227324,rs11761061,AA,TT,TT,79,58,15,NC_000007.14,Mutation NB - Paternal Origin,Transversion - Purine/Pyrimidine,A>T
134657775,rs1364440,TT,CC,CC,100,85,12,NC_000007.14,Mutation NB - Paternal Origin,Transition - Pyrimidine/Pyrimidine,T>C
139483188,rs1860150,GG,TT,TT,82,61,0,NC_000007.14,Mutation NB - Paternal Origin,Transversion - Purine/Pyrimidine,G>T
140508822,rs4725722,CC,AA,AA,100,70,9,NC_000007.14,Mutation NB - Paternal Origin,Transversion - Purine/Pyrimidine,C>A
141339290,rs13235788,TT,TT,TC,85,61,33,NC_000007.14,Mutation NB - Maternal Origin,Transition - Pyrimidine/Pyrimidine,Unsolved
149103240,rs141394431,AC,AA,CC,1,40,9,NC_000007.14,Mutation NB - Maternal Origin,A>C
149345378,rs4727063,CC,CC,GC,88,82,24,NC_000007.14,Mutation NB - Maternal Origin,Transversion - Purine/Pyrimidine,Unsolved
149803384,rs10952229,AA,GG,GG,100,67,15,NC_000007.14,Mutation NB - Paternal Origin,Transition - Purine/Purine,A>G
149815989,rs2240362,GG,CC,GG,85,91,27,NC_000007.14,Mutation NB - Maternal Origin,Transversion - Purine/Pyrimidine,C>G
150335820,rs9942696,CC,CC,CT,85,58,68,NC_000007.14,Mutation NB - Maternal Origin,Transition - Pyrimidine/Pyrimidine,Unsolved
150824976,rs62490442,GG,TT,GG,88,91,0,NC_000007.14,Mutation NB - Maternal Origin,Transition - Purine/Purine,Transversion - Purine/Pyrimidine,T>G
150858827,rs10893,AA,GG,GG,100,58,18,NC_000007.14,Mutation NB - Paternal Origin,Transition - Purine/Purine,A>G
150858914,rs1049748,TT,CC,TT,91,76,15,NC_000007.14,Mutation NB - Maternal Origin,Transition - Pyrimidine/Pyrimidine,C>T
151498190,.,AA,AA,AG,79,61,41,NC_000007.14,Mutation NB - Maternal Origin,Transition - Purine/Purine,Unsolved
152058953,rs6959600,GG,GT,TT,100,1,12,NC_000007.14,Mutation NB - Paternal Origin,Transversion - Purine/Pyrimidine,G>T
152729534,rs7804501,CC,TC,TT,79,1,12,NC_000007.14,Mutation NB - Paternal Origin,Transition - Pyrimidine/Pyrimidine,C>T
153503875,rs3110881,TC,CC,TT,32,79,0,NC_000007.14,Mutation NB - Maternal Origin,Transversion - Purine/Pyrimidine,C>T
153503956,rs3111265,TT,TT,CT,91,82,71,NC_000007.14,Mutation NB - Maternal Origin,Transition - Pyrimidine/Pyrimidine,Unsolved
154860833,rs4960624,GG,AA,AA,79,70,45,NC_000007.14,Mutation NB - Paternal Origin,Transition - Purine/Purine,G>A
155303340,rs62471612,GG,AA,AA,73,55,12,NC_000007.14,Mutation NB - Paternal Origin,Transition - Purine/Purine,G>A
155358869,rs10242824,AA,AA,AG,100,88,99,NC_000007.14,Mutation NB - Maternal Origin,Transition - Purine/Purine,Unsolved
155358889,rs10233517,GG,GG,GA,91,91,78,NC_000007.14,Mutation NB - Paternal or Maternal,Transition - Purine/Purine,Unsolved
155359966,rs6949387,GG,GG,GA,100,70,68,NC_000007.14,Mutation NB - Maternal Origin,Transition - Purine/Purine,Unsolved
156167232,rs67157709,CT,CC,TT,1,85,9,NC_000007.14,Mutation NB - Maternal Origin,Transversion - Purine/Pyrimidine,C>T
156461847,.,CC,CC,CT,67,58,47,NC_000007.14,Mutation NB - Maternal Origin,Transition - Pyrimidine/Pyrimidine,Unsolved
157346871,rs6459766,TT,CC,TT,91,100,12,NC_000007.14,Mutation NB - Maternal Origin,Transition - Pyrimidine/Pyrimidine,C>T
157468986,rs10251154,AA,GG,GG,79,82,15,NC_000007.14,Mutation NB - Paternal Origin,Transition - Purine/Purine,A>G
157860437,rs57426645,TG,TT,GG,1,58,9,NC_000007.14,Mutation NB - Maternal Origin,Transversion - Purine/Pyrimidine,T>G
158254893,.,AA,AA,AT,70,64,47,NC_000007.14,Mutation NB - Maternal Origin,Transversion - Purine/Pyrimidine,Unsolved
158920141,rs62476509,CC,TT,CC,88,88,12,NC_000007.14,Mutation NB - Maternal Origin,Transition - Pyrimidine/Pyrimidine,T>C
159049736,rs114872854,CC,CC,CT,100,85,99,NC_000007.14,Mutation NB - Maternal Origin,Transition - Pyrimidine/Pyrimidine,Unsolved
579903,rs368451416,GG,GG,GA,100,67,99,NC_000008.11,Mutation NB - Maternal Origin,Transition - Purine/Purine,Unsolved
598308,rs906894,GG,AG,AA,88,32,0,NC_000008.11,Mutation NB - Paternal Origin,Transition - Purine/Purine,G>A
598313,rs115277856,TT,GG,GG,88,85,12,NC_000008.11,Mutation NB - Paternal Origin,Transversion - Purine/Pyrimidine,T>G
4127129,rs66503142,AA,CA,CC,85,1,0,NC_000008.11,Mutation NB - Paternal Origin,Transversion - Purine/Pyrimidine,A>C
6359290,rs2916698,CC,AA,CC,46,70,15,NC_000008.11,Mutation NB - Maternal Origin,Transversion - Purine/Pyrimidine,A>C
6379876,rs6997285,TT,CC,TT,85,73,0,NC_000008.11,Mutation NB - Maternal Origin,Transition - Pyrimidine/Pyrimidine,C>T
6379909,rs7015567,CC,TT,CC,85,70,0,NC_000008.11,Mutation NB - Maternal Origin,Transition - Pyrimidine/Pyrimidine,T>C
17337603,rs2239876,GG,AA,AA,85,82,21,NC_000008.11,Mutation NB - Paternal Origin,Transition - Purine/Purine,G>A
17640556,rs6586614,TC,CC,TT,32,79,12,NC_000008.11,Mutation NB - Maternal Origin,Transversion - Purine/Pyrimidine,C>T
17640598,rs6586615,AG,GG,AA,32,82,12,NC_000008.11,Mutation NB - Maternal Origin,Transition - Purine/Purine,G>A
17785556,rs4592086,TT,AA,AA,100,91,15,NC_000008.11,Mutation NB - Paternal Origin,Transversion - Purine/Pyrimidine,T>A
18083728,rs17126208,GG,CC,CC,88,61,36,NC_000008.11,Mutation NB - Paternal Origin,Transversion - Purine/Pyrimidine,G>C
18189013,rs140887746,GG,GG,GA,100,100,99,NC_000008.11,Mutation NB - Paternal or Maternal,Transition - Purine/Purine,Unsolved
18189017,rs1329887699,GG,GG,GA,98,100,99,NC_000008.11,Mutation NB - Paternal Origin,Transition - Purine/Purine,Unsolved
18605049,rs2410576,CC,TC,TT,88,1,0,NC_000008.11,Mutation NB - Paternal Origin,Transition - Pyrimidine/Pyrimidine,C>T
19757960,rs1388941,GG,AA,AA,91,100,9,NC_000008.11,Mutation NB - Paternal Origin,Transition - Purine/Purine,G>A
20459750,rs112712936,GG,AA,AA,82,55,15,NC_000008.11,Mutation NB - Paternal Origin,Transition - Purine/Purine,G>A
21100925,rs80042324,AA,AA,AG,100,79,99,NC_000008.11,Mutation NB - Maternal Origin,Transition - Purine/Purine,Unsolved
21779416,rs112870548,CC,GG,CC,91,91,9,NC_000008.11,Mutation NB - Maternal Origin,Transversion - Purine/Pyrimidine,G>C
22992266,rs2042013,CC,CC,TC,91,82,24,NC_000008.11,Mutation NB - Maternal Origin,Transition - Pyrimidine/Pyrimidine,Unsolved
23722768,rs12542660,AG,GG,AA,1,19,12,NC_000008.11,Mutation NB - Maternal Origin,Transition - Purine/Purine,G>A
27651636,rs2246847,GG,AA,GG,85,76,0,NC_000008.11,Mutation NB - Maternal Origin,Transition - Purine/Purine,A>G
27697344,rs693841,CC,TT,CC,79,88,0,NC_000008.11,Mutation NB - Maternal Origin,Transition - Pyrimidine/Pyrimidine,T>C
27750662,rs17477565,GG,AA,GG,70,91,12,NC_000008.11,Mutation NB - Maternal Origin,Transition - Purine/Purine,A>G
27957964,rs62496810,CT,CC,TT,2,79,9,NC_000008.11,Mutation NB - Maternal Origin,Transversion - Purine/Pyrimidine,C>T
28189897,.,AA,AA,AG,85,79,62,NC_000008.11,Mutation NB - Maternal Origin,Transition - Purine/Purine,Unsolved
28331832,rs2614111,CC,GG,GG,100,61,12,NC_000008.11,Mutation NB - Paternal Origin,Transversion - Purine/Pyrimidine,C>G
28331870,rs2722931,CC,TT,TT,100,61,9,NC_000008.11,Mutation NB - Paternal Origin,Transition - Pyrimidine/Pyrimidine,C>T
29339960,rs909139835,AC,AA,CC,67,82,21,NC_000008.11,Mutation NB - Maternal Origin,A>C
30028119,rs10090849,GG,AA,AA,91,88,9,NC_000008.11,Mutation NB - Paternal Origin,Transition - Purine/Purine,G>A
36904954,rs6468383,TT,CC,CC,76,43,9,NC_000008.11,Mutation NB - Paternal Origin,Transition - Pyrimidine/Pyrimidine,T>C
37129461,rs535885,CC,TT,CC,67,61,0,NC_000008.11,Mutation NB - Maternal Origin,Transition - Pyrimidine/Pyrimidine,T>C
40512650,rs2565078,GA,GG,AA,29,100,12,NC_000008.11,Mutation NB - Maternal Origin,Transition - Purine/Purine,G>A
41622175,rs62509855,AA,AG,GG,91,1,12,NC_000008.11,Mutation NB - Paternal Origin,Transition - Purine/Purine,A>G
48497878,.,AA,AA,AG,91,64,53,NC_000008.11,Mutation NB - Maternal Origin,Transition - Purine/Purine,Unsolved
48707500,rs4873285,AA,CC,AA,100,73,0,NC_000008.11,Mutation NB - Maternal Origin,Transversion - Purine/Pyrimidine,C>A
48841614,rs7816893,TT,CC,CC,88,28,21,NC_000008.11,Mutation NB - Paternal Origin,Transition - Pyrimidine/Pyrimidine,T>C
49196996,rs6992674,TT,CC,TT,91,82,0,NC_000008.11,Mutation NB - Maternal Origin,Transition - Pyrimidine/Pyrimidine,C>T
49197000,rs7007122,CC,TT,CC,91,82,0,NC_000008.11,Mutation NB - Maternal Origin,Transition - Pyrimidine/Pyrimidine,T>C
49197030,rs7007136,CC,TT,CC,91,82,0,NC_000008.11,Mutation NB - Maternal Origin,Transition - Pyrimidine/Pyrimidine,T>C
49502693,rs368989130,AA,GG,GG,71,64,15,NC_000008.11,Mutation NB - Paternal Origin,Transition - Purine/Purine,A>G
51526130,rs36035820,GT,GG,TT,50,82,9,NC_000008.11,Mutation NB - Maternal Origin,Transversion - Purine/Pyrimidine,G>T
51636863,rs10102654,CC,GG,GG,88,88,0,NC_000008.11,Mutation NB - Paternal Origin,Transversion - Purine/Pyrimidine,C>G
51681590,rs7837379,TT,CT,CC,91,1,0,NC_000008.11,Mutation NB - Paternal Origin,Transition - Pyrimidine/Pyrimidine,T>C
53278137,rs9792126,CC,CC,CT,100,76,65,NC_000008.11,Mutation NB - Maternal Origin,Transition - Pyrimidine/Pyrimidine,Unsolved
53334785,rs10092984,CC,CC,CA,100,61,68,NC_000008.11,Mutation NB - Maternal Origin,Transversion - Purine/Pyrimidine,Unsolved
53623741,rs1805205240,AA,AA,AG,76,79,33,NC_000008.11,Mutation NB - Paternal Origin,Transition - Purine/Purine,Unsolved
53775963,rs55876329,AG,AA,GG,5,61,21,NC_000008.11,Mutation NB - Maternal Origin,Transition - Purine/Purine,A>G
55155182,rs10958445,AA,GG,GG,79,88,0,NC_000008.11,Mutation NB - Paternal Origin,Transition - Purine/Purine,A>G
58399138,rs1030431,GG,AG,AA,91,4,12,NC_000008.11,Mutation NB - Paternal Origin,Transition - Purine/Purine,G>A
59585944,rs4278140,TT,CC,TT,82,79,18,NC_000008.11,Mutation NB - Maternal Origin,Transition - Pyrimidine/Pyrimidine,C>T
59643478,rs57310682,AA,TT,AA,79,92,12,NC_000008.11,Mutation NB - Maternal Origin,Transversion - Purine/Pyrimidine,T>A
60086539,rs1980238,AA,GG,GG,91,79,0,NC_000008.11,Mutation NB - Paternal Origin,Transition - Purine/Purine,A>G
66220814,rs2446439,GG,AA,GG,85,91,0,NC_000008.11,Mutation NB - Maternal Origin,Transition - Purine/Purine,A>G
69705005,rs111794230,CC,CC,CT,100,61,99,NC_000008.11,Mutation NB - Maternal Origin,Transition - Pyrimidine/Pyrimidine,Unsolved
71582418,rs2194621,AA,AA,AG,100,82,20,NC_000008.11,Mutation NB - Maternal Origin,Transition - Purine/Purine,Unsolved
71903702,rs2128109,TT,TC,CC,100,35,12,NC_000008.11,Mutation NB - Paternal Origin,Transition - Pyrimidine/Pyrimidine,T>C
72303686,rs11778198,GG,AG,AA,64,1,0,NC_000008.11,Mutation NB - Paternal Origin,Transition - Purine/Purine,G>A
73770803,rs9643417,CC,CC,AA,88,100,15,NC_000008.11,Mutation NB - Paternal Origin,Transversion - Purine/Pyrimidine,Unsolved
76990155,rs117937089,AA,AA,CC,100,88,12,NC_000008.11,Mutation NB - Maternal Origin,Transversion - Purine/Pyrimidine,Unsolved
79816218,rs13259642,CC,CC,CT,85,100,99,NC_000008.11,Mutation NB - Paternal Origin,Transition - Pyrimidine/Pyrimidine,Unsolved
83769321,rs113753223,AA,CC,AA,91,82,12,NC_000008.11,Mutation NB - Maternal Origin,Transversion - Purine/Pyrimidine,C>A
88350292,rs76428953,AA,AA,AT,82,61,53,NC_000008.11,Mutation NB - Maternal Origin,Transversion - Purine/Pyrimidine,Unsolved
91744201,rs9657003,TT,AA,TT,88,76,0,NC_000008.11,Mutation NB - Maternal Origin,Transversion - Purine/Pyrimidine,A>T
91867026,rs735288,CC,TT,CC,88,79,0,NC_000008.11,Mutation NB - Maternal Origin,Transition - Pyrimidine/Pyrimidine,T>C
100908496,rs2102291,GG,TG,TT,88,32,0,NC_000008.11,Mutation NB - Paternal Origin,Transversion - Purine/Pyrimidine,G>T
104309352,rs7016168,TT,CC,TT,85,91,15,NC_000008.11,Mutation NB - Maternal Origin,Transition - Pyrimidine/Pyrimidine,C>T
105902825,.,CC,CC,CT,82,61,50,NC_000008.11,Mutation NB - Maternal Origin,Transition - Pyrimidine/Pyrimidine,Unsolved
108181013,.,TT,TT,TC,88,82,62,NC_000008.11,Mutation NB - Maternal Origin,Transition - Pyrimidine/Pyrimidine,Unsolved
110892717,rs182581525,CC,CC,CA,100,64,99,NC_000008.11,Mutation NB - Maternal Origin,Transversion - Purine/Pyrimidine,Unsolved
111611901,rs571441431,AA,AA,GG,91,76,21,NC_000008.11,Mutation NB - Maternal Origin,Transition - Purine/Purine,Unsolved
114386491,rs172349,CG,GG,CC,1,13,0,NC_000008.11,Mutation NB - Maternal Origin,Transversion - Purine/Pyrimidine,G>C
114952409,rs1872780,AA,AA,AG,79,100,99,NC_000008.11,Mutation NB - Paternal Origin,Transition - Purine/Purine,Unsolved
114981707,rs584392,AA,GG,AA,73,49,12,NC_000008.11,Mutation NB - Maternal Origin,Transition - Purine/Purine,G>A
115158903,rs2642796,TT,CT,CC,85,1,36,NC_000008.11,Mutation NB - Paternal Origin,Transition - Pyrimidine/Pyrimidine,T>C
115714592,rs377430347,TT,TT,TC,52,67,56,NC_000008.11,Mutation NB - Paternal Origin,Transition - Pyrimidine/Pyrimidine,Unsolved
117685051,.,TT,TT,TC,88,82,68,NC_000008.11,Mutation NB - Maternal Origin,Transition - Pyrimidine/Pyrimidine,Unsolved
117938034,.,CC,CC,CT,82,61,40,NC_000008.11,Mutation NB - Maternal Origin,Transition - Pyrimidine/Pyrimidine,Unsolved
118628585,rs1300127406,AA,AA,AG,73,76,59,NC_000008.11,Mutation NB - Paternal Origin,Transition - Purine/Purine,Unsolved
121666703,rs7843192,GG,GG,GA,100,76,36,NC_000008.11,Mutation NB - Maternal Origin,Transition - Purine/Purine,Unsolved
121666725,rs7842975,CC,CC,CT,100,76,36,NC_000008.11,Mutation NB - Maternal Origin,Transition - Pyrimidine/Pyrimidine,Unsolved
122884624,rs5015913,AA,TT,AA,91,82,0,NC_000008.11,Mutation NB - Maternal Origin,Transversion - Purine/Pyrimidine,T>A
123916894,rs11987138,TT,TC,CC,91,1,21,NC_000008.11,Mutation NB - Paternal Origin,Transition - Pyrimidine/Pyrimidine,T>C
124266993,rs68047305,CC,TT,CC,85,73,12,NC_000008.11,Mutation NB - Maternal Origin,Transition - Pyrimidine/Pyrimidine,T>C
125303276,.,AA,AA,AG,76,55,44,NC_000008.11,Mutation NB - Maternal Origin,Transition - Purine/Purine,Unsolved
125641458,rs192288890,TT,CC,TT,85,64,9,NC_000008.11,Mutation NB - Maternal Origin,Transition - Pyrimidine/Pyrimidine,C>T
130499850,.,TT,TT,TC,49,46,65,NC_000008.11,Mutation NB - Maternal Origin,Transition - Pyrimidine/Pyrimidine,Unsolved
130538711,rs9642893,TT,TT,TA,85,79,99,NC_000008.11,Mutation NB - Maternal Origin,Transition - Pyrimidine/Pyrimidine,Transversion - Purine/Pyrimidine,Unsolved
132354350,rs930896,TT,CC,CC,85,88,24,NC_000008.11,Mutation NB - Paternal Origin,Transition - Pyrimidine/Pyrimidine,T>C
133518201,rs721591,GG,CC,CC,85,76,0,NC_000008.11,Mutation NB - Paternal Origin,Transversion - Purine/Pyrimidine,G>C
137741216,rs13281797,CC,CT,TT,100,1,9,NC_000008.11,Mutation NB - Paternal Origin,Transition - Pyrimidine/Pyrimidine,C>T
138216399,rs7001598,AA,GG,GG,88,91,9,NC_000008.11,Mutation NB - Paternal Origin,Transition - Purine/Purine,A>G
138216413,rs7005611,TT,GG,GG,85,91,9,NC_000008.11,Mutation NB - Paternal Origin,Transversion - Purine/Pyrimidine,T>G
138250842,.,TT,TT,TC,49,70,47,NC_000008.11,Mutation NB - Paternal Origin,Transition - Pyrimidine/Pyrimidine,Unsolved
139672116,rs7823196,AA,GG,AA,79,67,0,NC_000008.11,Mutation NB - Maternal Origin,Transition - Purine/Purine,G>A
139838176,.,TT,TT,TC,82,73,59,NC_000008.11,Mutation NB - Maternal Origin,Transition - Pyrimidine/Pyrimidine,Unsolved
140629450,rs11786629,CC,AA,CC,88,100,15,NC_000008.11,Mutation NB - Maternal Origin,Transversion - Purine/Pyrimidine,A>C
141249128,rs11987243,GG,CG,CC,88,35,9,NC_000008.11,Mutation NB - Paternal Origin,Transversion - Purine/Pyrimidine,G>C
141331659,rs13279009,TT,CC,TT,79,76,21,NC_000008.11,Mutation NB - Maternal Origin,Transition - Pyrimidine/Pyrimidine,C>T
141331683,rs11997579,AA,TT,AA,79,76,21,NC_000008.11,Mutation NB - Maternal Origin,Transversion - Purine/Pyrimidine,T>A
141494383,rs56803826,GG,AA,GG,91,82,21,NC_000008.11,Mutation NB - Maternal Origin,Transition - Purine/Purine,A>G
141628455,rs149815695,CC,CC,CT,82,100,71,NC_000008.11,Mutation NB - Paternal Origin,Transition - Pyrimidine/Pyrimidine,Unsolved
141739233,rs62512964,GT,GG,TT,1,49,15,NC_000008.11,Mutation NB - Maternal Origin,Transversion - Purine/Pyrimidine,G>T
141979080,rs13279953,CC,TC,TT,85,1,0,NC_000008.11,Mutation NB - Paternal Origin,Transition - Pyrimidine/Pyrimidine,C>T
142486565,rs6583636,CC,CC,CT,100,67,21,NC_000008.11,Mutation NB - Maternal Origin,Transition - Pyrimidine/Pyrimidine,Unsolved
142736085,rs3736010,TT,TT,TC,100,55,68,NC_000008.11,Mutation NB - Maternal Origin,Transition - Pyrimidine/Pyrimidine,Unsolved
142916791,rs11779229,GG,GG,GA,100,67,62,NC_000008.11,Mutation NB - Maternal Origin,Transition - Purine/Purine,Unsolved
143293844,rs4503113,GG,GC,CC,100,1,33,NC_000008.11,Mutation NB - Paternal Origin,Transversion - Purine/Pyrimidine,G>C
143421003,rs1487887,AA,GG,AA,91,67,12,NC_000008.11,Mutation NB - Maternal Origin,Transition - Purine/Purine,G>A
143921861,rs7833924,GG,AG,AA,85,1,0,NC_000008.11,Mutation NB - Paternal Origin,Transition - Purine/Purine,G>A
143927616,rs3135109,AA,AG,GG,79,70,12,NC_000008.11,Mutation NB - Paternal Origin,Transition - Purine/Purine,A>G
144438201,rs1011212,CC,TC,TT,88,67,0,NC_000008.11,Mutation NB - Paternal Origin,Transition - Pyrimidine/Pyrimidine,C>T
144524239,.,GG,GG,GA,52,58,44,NC_000008.11,Mutation NB - Paternal Origin,Transition - Purine/Purine,Unsolved
144817218,rs2727243,CC,AC,AA,82,1,0,NC_000008.11,Mutation NB - Paternal Origin,Transversion - Purine/Pyrimidine,C>A
144849497,.,AA,AA,AG,64,61,56,NC_000008.11,Mutation NB - Maternal Origin,Transition - Purine/Purine,Unsolved
144876361,rs144643156,AA,AA,AT,85,82,97,NC_000008.11,Mutation NB - Maternal Origin,Transversion - Purine/Pyrimidine,Unsolved
1588758,rs2209008,GG,CC,CC,100,73,15,NC_000009.12,Mutation NB - Paternal Origin,Transversion - Purine/Pyrimidine,G>C
3624557,rs58276821,AA,GG,AA,82,91,12,NC_000009.12,Mutation NB - Maternal Origin,Transition - Purine/Purine,G>A
3819085,rs1378328,GG,AA,GG,85,100,9,NC_000009.12,Mutation NB - Maternal Origin,Transition - Purine/Purine,A>G
11500424,rs10959867,GG,AA,AA,88,73,15,NC_000009.12,Mutation NB - Paternal Origin,Transition - Purine/Purine,G>A
14343411,rs927521,AA,AA,AG,100,70,30,NC_000009.12,Mutation NB - Maternal Origin,Transition - Purine/Purine,Unsolved
14689635,rs12708257,TT,CC,TT,88,76,0,NC_000009.12,Mutation NB - Maternal Origin,Transition - Pyrimidine/Pyrimidine,C>T
15562034,.,GG,GG,GA,88,67,56,NC_000009.12,Mutation NB - Maternal Origin,Transition - Purine/Purine,Unsolved
17019106,rs263641,TT,GG,GG,85,76,15,NC_000009.12,Mutation NB - Paternal Origin,Transversion - Purine/Pyrimidine,T>G
17019123,rs263640,AA,GG,GG,85,76,15,NC_000009.12,Mutation NB - Paternal Origin,Transition - Purine/Purine,A>G
17791193,rs16935988,GG,GG,GA,100,82,99,NC_000009.12,Mutation NB - Maternal Origin,Transition - Purine/Purine,Unsolved
23045415,rs1856496,TT,TT,TC,100,46,99,NC_000009.12,Mutation NB - Maternal Origin,Transition - Pyrimidine/Pyrimidine,Unsolved
23219699,rs10811875,AA,GG,GG,70,67,18,NC_000009.12,Mutation NB - Paternal Origin,Transition - Purine/Purine,A>G
25807844,rs1034175,AA,GG,GG,82,70,15,NC_000009.12,Mutation NB - Paternal Origin,Transition - Purine/Purine,A>G
26702846,.,TT,TT,TC,88,82,71,NC_000009.12,Mutation NB - Maternal Origin,Transition - Pyrimidine/Pyrimidine,Unsolved
27615374,.,CC,CC,CT,91,85,61,NC_000009.12,Mutation NB - Maternal Origin,Transition - Pyrimidine/Pyrimidine,Unsolved
28043292,rs1198007,AA,CC,CC,88,61,12,NC_000009.12,Mutation NB - Paternal Origin,Transversion - Purine/Pyrimidine,A>C
35138813,rs10972339,TT,CC,CC,85,100,0,NC_000009.12,Mutation NB - Paternal Origin,Transition - Pyrimidine/Pyrimidine,T>C
36384565,rs9407038,GG,AG,AA,82,38,9,NC_000009.12,Mutation NB - Paternal Origin,Transition - Purine/Purine,G>A
38019461,rs7034351,AA,GG,GG,100,73,9,NC_000009.12,Mutation NB - Paternal Origin,Transition - Purine/Purine,A>G
40884902,rs74392799,GG,GG,GT,92,52,91,NC_000009.12,Mutation NB - Maternal Origin,Transversion - Purine/Pyrimidine,Unsolved
42773294,rs28541884,TT,GT,GG,76,70,0,NC_000009.12,Mutation NB - Paternal Origin,Transversion - Purine/Pyrimidine,T>G
60545749,rs28775016,AA,GG,AA,91,88,0,NC_000009.12,Mutation NB - Maternal Origin,Transition - Purine/Purine,G>A
68609002,rs10869115,AA,GG,AA,91,91,12,NC_000009.12,Mutation NB - Maternal Origin,Transition - Purine/Purine,G>A
68788190,rs1889937,GG,AA,AA,91,85,9,NC_000009.12,Mutation NB - Paternal Origin,Transition - Purine/Purine,G>A
69060991,.,AA,AA,AG,82,58,57,NC_000009.12,Mutation NB - Maternal Origin,Transition - Purine/Purine,Unsolved
70764117,rs56201767,GG,AA,GG,100,91,0,NC_000009.12,Mutation NB - Maternal Origin,Transition - Purine/Purine,A>G
72575869,rs13292261,TT,TT,TC,100,64,99,NC_000009.12,Mutation NB - Maternal Origin,Transition - Pyrimidine/Pyrimidine,Unsolved
72716944,rs1584127,TT,TT,TC,100,46,97,NC_000009.12,Mutation NB - Maternal Origin,Transition - Pyrimidine/Pyrimidine,Unsolved
74712484,rs113746069,GG,GG,GC,100,70,61,NC_000009.12,Mutation NB - Maternal Origin,Transition - Purine/Purine,Transversion - Purine/Pyrimidine,Unsolved
80938589,rs11794367,AA,GG,GG,100,85,12,NC_000009.12,Mutation NB - Paternal Origin,Transition - Purine/Purine,A>G
82037754,.,TT,TT,TC,67,64,65,NC_000009.12,Mutation NB - Maternal Origin,Transition - Pyrimidine/Pyrimidine,Unsolved
84852361,rs1822420,TT,CC,CC,88,79,12,NC_000009.12,Mutation NB - Paternal Origin,Transition - Pyrimidine/Pyrimidine,T>C
86596996,rs61618840,GG,AA,AA,100,76,15,NC_000009.12,Mutation NB - Paternal Origin,Transition - Purine/Purine,G>A
87837480,rs9314779,AA,AA,AG,100,46,99,NC_000009.12,Mutation NB - Maternal Origin,Transition - Purine/Purine,Unsolved
87952027,rs588075,CT,TT,CC,67,91,9,NC_000009.12,Mutation NB - Maternal Origin,Transition - Pyrimidine/Pyrimidine,T>C
88387372,rs3750493,AA,GG,GG,91,76,0,NC_000009.12,Mutation NB - Paternal Origin,Transition - Purine/Purine,A>G
88922309,rs7036867,CC,TT,TT,65,49,0,NC_000009.12,Mutation NB - Paternal Origin,Transition - Pyrimidine/Pyrimidine,C>T
89024873,rs9410299,GG,CC,GG,88,52,0,NC_000009.12,Mutation NB - Maternal Origin,Transversion - Purine/Pyrimidine,C>G
89072693,rs7872974,TC,TT,CC,1,88,12,NC_000009.12,Mutation NB - Maternal Origin,Transition - Pyrimidine/Pyrimidine,T>C
89711531,rs11788218,CC,CG,GG,100,82,9,NC_000009.12,Mutation NB - Paternal Origin,Transversion - Purine/Pyrimidine,C>G
89848369,rs987321415,AA,AA,AG,100,85,30,NC_000009.12,Mutation NB - Maternal Origin,Transition - Purine/Purine,Unsolved
90449783,rs1529333,CC,TT,CC,82,76,36,NC_000009.12,Mutation NB - Maternal Origin,Transition - Pyrimidine/Pyrimidine,T>C
90861097,rs914929,AT,TT,AA,41,88,0,NC_000009.12,Mutation NB - Maternal Origin,Transversion - Purine/Pyrimidine,T>A
91739513,rs143584454,TA,TT,AA,50,85,15,NC_000009.12,Mutation NB - Maternal Origin,Transversion - Purine/Pyrimidine,T>A
93107500,rs7028778,TT,CC,CC,88,85,30,NC_000009.12,Mutation NB - Paternal Origin,Transition - Pyrimidine/Pyrimidine,T>C
93509085,rs10821147,TT,TT,TC,100,70,99,NC_000009.12,Mutation NB - Maternal Origin,Transition - Pyrimidine/Pyrimidine,Unsolved
93669577,rs3750362,GG,AA,GG,91,100,9,NC_000009.12,Mutation NB - Maternal Origin,Transition - Purine/Purine,A>G
95112910,rs4647532,CC,CC,CT,100,82,72,NC_000009.12,Mutation NB - Maternal Origin,Transition - Pyrimidine/Pyrimidine,Unsolved
97374288,rs3747493,AA,GG,GG,85,100,9,NC_000009.12,Mutation NB - Paternal Origin,Transition - Purine/Purine,A>G
98916825,rs78905055,GG,CC,CC,91,88,9,NC_000009.12,Mutation NB - Paternal Origin,Transversion - Purine/Pyrimidine,G>C
104678352,rs13293314,TT,CC,CC,88,73,9,NC_000009.12,Mutation NB - Paternal Origin,Transition - Pyrimidine/Pyrimidine,T>C
104700754,rs6479276,TT,GG,GG,73,85,0,NC_000009.12,Mutation NB - Paternal Origin,Transversion - Purine/Pyrimidine,T>G
105760520,.,TT,TT,TC,91,61,83,NC_000009.12,Mutation NB - Maternal Origin,Transition - Pyrimidine/Pyrimidine,Unsolved
108394638,rs7026572,GG,AA,AA,73,58,0,NC_000009.12,Mutation NB - Paternal Origin,Transition - Purine/Purine,G>A
108659943,rs2417916,TT,AA,AA,79,64,0,NC_000009.12,Mutation NB - Paternal Origin,Transversion - Purine/Pyrimidine,T>A
111983459,rs2762491,TT,CC,CC,82,61,0,NC_000009.12,Mutation NB - Paternal Origin,Transition - Pyrimidine/Pyrimidine,T>C
113947080,rs10982014,GG,GG,GC,100,58,99,NC_000009.12,Mutation NB - Maternal Origin,Transition - Purine/Purine,Transversion - Purine/Pyrimidine,Unsolved
113990618,rs10759669,CC,GG,CC,79,64,18,NC_000009.12,Mutation NB - Maternal Origin,Transversion - Purine/Pyrimidine,G>C
116819420,rs2416571,GG,AA,AA,85,91,9,NC_000009.12,Mutation NB - Paternal Origin,Transition - Purine/Purine,G>A
117386740,rs2416596,CA,AA,CC,3,40,0,NC_000009.12,Mutation NB - Maternal Origin,A>C
118242910,rs4595201,TT,CC,TT,82,52,0,NC_000009.12,Mutation NB - Maternal Origin,Transition - Pyrimidine/Pyrimidine,C>T
118767241,rs10818236,GA,AA,GG,1,67,9,NC_000009.12,Mutation NB - Maternal Origin,Transition - Purine/Purine,A>G
119414515,rs10491527,AA,GG,AA,88,76,0,NC_000009.12,Mutation NB - Maternal Origin,Transition - Purine/Purine,G>A
121582038,rs883094,TT,TT,TC,91,88,40,NC_000009.12,Mutation NB - Maternal Origin,Transition - Pyrimidine/Pyrimidine,Unsolved
124080938,rs10760316,CT,TT,CC,38,85,33,NC_000009.12,Mutation NB - Maternal Origin,Transition - Pyrimidine/Pyrimidine,T>C
124458969,rs7850739,TT,AA,TT,76,67,0,NC_000009.12,Mutation NB - Maternal Origin,Transversion - Purine/Pyrimidine,A>T
126578413,rs7868155,GG,GG,GA,88,76,27,NC_000009.12,Mutation NB - Maternal Origin,Transition - Purine/Purine,Unsolved
127136440,rs946428,AA,AG,GG,100,70,9,NC_000009.12,Mutation NB - Paternal Origin,Transition - Purine/Purine,A>G
127167959,rs73595460,AA,AA,AG,100,79,72,NC_000009.12,Mutation NB - Maternal Origin,Transition - Purine/Purine,Unsolved
127749792,rs2233500,GG,AA,GG,85,82,9,NC_000009.12,Mutation NB - Maternal Origin,Transition - Purine/Purine,A>G
128836729,rs2759009,CC,TT,CC,88,82,0,NC_000009.12,Mutation NB - Maternal Origin,Transition - Pyrimidine/Pyrimidine,T>C
128908989,.,TT,TT,TC,64,79,42,NC_000009.12,Mutation NB - Paternal Origin,Transition - Pyrimidine/Pyrimidine,Unsolved
129023624,rs4837333,TT,CT,CC,70,1,0,NC_000009.12,Mutation NB - Paternal Origin,Transition - Pyrimidine/Pyrimidine,T>C
130408923,rs10793975,GG,AA,AA,85,67,9,NC_000009.12,Mutation NB - Paternal Origin,Transition - Purine/Purine,G>A
131038134,.,CC,CC,CA,88,88,65,NC_000009.12,Mutation NB - Paternal or Maternal,Transversion - Purine/Pyrimidine,Unsolved
132598260,rs306542,AC,CC,AA,1,64,0,NC_000009.12,Mutation NB - Maternal Origin,Transversion - Purine/Pyrimidine,C>A
132948745,.,AA,AA,AG,61,19,56,NC_000009.12,Mutation NB - Maternal Origin,Transition - Purine/Purine,Unsolved
133703719,rs2427992,TT,TC,CC,91,2,15,NC_000009.12,Mutation NB - Paternal Origin,Transition - Pyrimidine/Pyrimidine,T>C
133761987,rs115854104,TT,CC,CC,82,73,12,NC_000009.12,Mutation NB - Paternal Origin,Transition - Pyrimidine/Pyrimidine,T>C
133912683,rs2810503,AA,AG,GG,100,1,15,NC_000009.12,Mutation NB - Paternal Origin,Transition - Purine/Purine,A>G
134374996,.,CC,CC,CT,79,67,53,NC_000009.12,Mutation NB - Maternal Origin,Transition - Pyrimidine/Pyrimidine,Unsolved
134443675,rs3118523,GG,AA,AA,100,61,9,NC_000009.12,Mutation NB - Paternal Origin,Transition - Purine/Purine,G>A
134695922,rs4841924,AA,AA,GA,61,82,15,NC_000009.12,Mutation NB - Paternal Origin,Transition - Purine/Purine,Unsolved
134780534,.,TT,TT,TC,67,82,56,NC_000009.12,Mutation NB - Paternal Origin,Transition - Pyrimidine/Pyrimidine,Unsolved
135303267,rs4841961,AA,AA,CA,79,85,71,NC_000009.12,Mutation NB - Paternal Origin,Transversion - Purine/Pyrimidine,Unsolved
135328856,rs9410016,CC,CC,CG,100,58,93,NC_000009.12,Mutation NB - Maternal Origin,Transversion - Purine/Pyrimidine,Unsolved
135712008,rs13301711,CC,CC,CT,100,55,49,NC_000009.12,Mutation NB - Maternal Origin,Transition - Pyrimidine/Pyrimidine,Unsolved
136367481,rs3812555,TT,CC,TT,91,100,15,NC_000009.12,Mutation NB - Maternal Origin,Transition - Pyrimidine/Pyrimidine,C>T
136759203,rs9411227,GG,AA,GG,85,88,21,NC_000009.12,Mutation NB - Maternal Origin,Transition - Purine/Purine,A>G
136950052,rs10870148,CC,TC,TT,88,67,0,NC_000009.12,Mutation NB - Paternal Origin,Transition - Pyrimidine/Pyrimidine,C>T
137788155,rs4333684,TT,CC,TT,79,58,21,NC_000009.12,Mutation NB - Maternal Origin,Transition - Pyrimidine/Pyrimidine,C>T
138048341,.,TT,TT,TC,85,67,56,NC_000009.12,Mutation NB - Maternal Origin,Transition - Pyrimidine/Pyrimidine,Unsolved
489204,rs76892215,CC,CC,CG,100,88,72,NC_000010.11,Mutation NB - Maternal Origin,Transversion - Purine/Pyrimidine,Unsolved
703736,rs1473648788,AA,AA,AG,100,61,66,NC_000010.11,Mutation NB - Maternal Origin,Transition - Purine/Purine,Unsolved
1108626,rs1482623269,AA,AA,AG,70,58,44,NC_000010.11,Mutation NB - Maternal Origin,Transition - Purine/Purine,Unsolved
1180066,rs7081909,AA,GG,AA,100,76,0,NC_000010.11,Mutation NB - Maternal Origin,Transition - Purine/Purine,G>A
1180133,rs7097304,GG,CC,GG,100,76,0,NC_000010.11,Mutation NB - Maternal Origin,Transversion - Purine/Pyrimidine,C>G
1284987,rs2804101,TC,CC,TT,1,70,0,NC_000010.11,Mutation NB - Maternal Origin,Transversion - Purine/Pyrimidine,C>T
1659594,rs10751812,TT,CC,TT,85,79,12,NC_000010.11,Mutation NB - Maternal Origin,Transition - Pyrimidine/Pyrimidine,C>T
2117701,rs2016400,GG,GG,GA,100,79,68,NC_000010.11,Mutation NB - Maternal Origin,Transition - Purine/Purine,Unsolved
2616452,rs11593772,GG,AA,GG,70,61,9,NC_000010.11,Mutation NB - Maternal Origin,Transition - Purine/Purine,A>G
2988646,rs11597690,AA,GG,AA,88,79,15,NC_000010.11,Mutation NB - Maternal Origin,Transition - Purine/Purine,G>A
2988648,rs11598228,TT,CC,TT,88,79,15,NC_000010.11,Mutation NB - Maternal Origin,Transition - Pyrimidine/Pyrimidine,C>T
5525951,rs4589188,GG,AA,GG,79,76,12,NC_000010.11,Mutation NB - Maternal Origin,Transition - Purine/Purine,A>G
5601906,rs12762520,TT,TC,CC,76,1,12,NC_000010.11,Mutation NB - Paternal Origin,Transition - Pyrimidine/Pyrimidine,T>C
8918380,rs290916,CC,CC,CT,88,100,99,NC_000010.11,Mutation NB - Paternal Origin,Transition - Pyrimidine/Pyrimidine,Unsolved
11231789,rs7091391,CC,TT,TT,100,79,15,NC_000010.11,Mutation NB - Paternal Origin,Transition - Pyrimidine/Pyrimidine,C>T
12322954,rs192880024,GA,GG,AA,42,85,9,NC_000010.11,Mutation NB - Maternal Origin,Transition - Purine/Purine,G>A
12698083,rs10906209,AC,CC,AA,1,91,0,NC_000010.11,Mutation NB - Maternal Origin,Transversion - Purine/Pyrimidine,C>A
22706234,.,AA,AA,AG,82,64,62,NC_000010.11,Mutation NB - Maternal Origin,Transition - Purine/Purine,Unsolved
23595169,rs75476584,CC,CC,CT,100,91,40,NC_000010.11,Mutation NB - Maternal Origin,Transition - Pyrimidine/Pyrimidine,Unsolved
24865691,rs75604132,TT,TT,TC,100,73,33,NC_000010.11,Mutation NB - Maternal Origin,Transition - Pyrimidine/Pyrimidine,Unsolved
24992835,.,GG,GG,GT,67,76,39,NC_000010.11,Mutation NB - Paternal Origin,Transversion - Purine/Pyrimidine,Unsolved
25104497,rs16925371,GG,CC,GG,88,91,15,NC_000010.11,Mutation NB - Maternal Origin,Transversion - Purine/Pyrimidine,C>G
26517155,rs181589171,GG,GG,GT,100,70,99,NC_000010.11,Mutation NB - Maternal Origin,Transversion - Purine/Pyrimidine,Unsolved
28060490,rs6481498,GG,GG,GT,88,76,99,NC_000010.11,Mutation NB - Maternal Origin,Transversion - Purine/Pyrimidine,Unsolved
28849582,rs787326,CC,GG,GG,76,73,9,NC_000010.11,Mutation NB - Paternal Origin,Transversion - Purine/Pyrimidine,C>G
29015863,rs2184607,TT,CC,TT,85,88,0,NC_000010.11,Mutation NB - Maternal Origin,Transition - Pyrimidine/Pyrimidine,C>T
30482514,rs302422,AA,AC,CC,100,32,15,NC_000010.11,Mutation NB - Paternal Origin,Transversion - Purine/Pyrimidine,A>C
30752386,rs11812238,GG,AA,GG,85,79,0,NC_000010.11,Mutation NB - Maternal Origin,Transition - Purine/Purine,A>G
33703283,rs116522910,CC,CC,CT,100,91,33,NC_000010.11,Mutation NB - Maternal Origin,Transition - Pyrimidine/Pyrimidine,Unsolved
34860861,rs12218243,AA,CC,CC,88,64,0,NC_000010.11,Mutation NB - Paternal Origin,Transversion - Purine/Pyrimidine,A>C
36569932,.,AA,AA,AG,76,52,68,NC_000010.11,Mutation NB - Maternal Origin,Transition - Purine/Purine,Unsolved
36570052,rs2503057,CC,CC,CG,100,79,99,NC_000010.11,Mutation NB - Maternal Origin,Transversion - Purine/Pyrimidine,Unsolved
37678205,rs12250012,CC,TT,TT,85,79,0,NC_000010.11,Mutation NB - Paternal Origin,Transition - Pyrimidine/Pyrimidine,C>T
42879065,rs73256296,AA,GG,GG,91,82,9,NC_000010.11,Mutation NB - Paternal Origin,Transition - Purine/Purine,A>G
42879095,rs3123752,TT,CT,CC,91,1,9,NC_000010.11,Mutation NB - Paternal Origin,Transition - Pyrimidine/Pyrimidine,T>C
43096710,rs2505537,CC,TC,TT,73,25,0,NC_000010.11,Mutation NB - Paternal Origin,Transition - Pyrimidine/Pyrimidine,C>T
44559314,rs11598916,GG,GG,GA,100,79,30,NC_000010.11,Mutation NB - Maternal Origin,Transition - Purine/Purine,Unsolved
44565082,rs10900065,GG,CC,GG,88,100,12,NC_000010.11,Mutation NB - Maternal Origin,Transversion - Purine/Pyrimidine,C>G
44565102,rs10900066,AA,GG,AA,91,100,12,NC_000010.11,Mutation NB - Maternal Origin,Transition - Purine/Purine,G>A
44972613,.,AA,AA,AG,88,88,47,NC_000010.11,Mutation NB - Paternal or Maternal,Transition - Purine/Purine,Unsolved
48334337,rs10745269,CC,TT,TT,100,64,15,NC_000010.11,Mutation NB - Paternal Origin,Transition - Pyrimidine/Pyrimidine,C>T
49351441,rs201703798,GG,GG,GT,100,52,36,NC_000010.11,Mutation NB - Maternal Origin,Transversion - Purine/Pyrimidine,Unsolved
49424990,rs7920327,TT,CC,CC,91,79,9,NC_000010.11,Mutation NB - Paternal Origin,Transition - Pyrimidine/Pyrimidine,T>C
50021728,rs148870862,CA,CC,AA,37,91,18,NC_000010.11,Mutation NB - Maternal Origin,Transversion - Purine/Pyrimidine,C>A
50642827,rs61858152,AA,CC,AA,91,79,12,NC_000010.11,Mutation NB - Maternal Origin,Transversion - Purine/Pyrimidine,C>A
52889759,rs7897451,GG,GG,GA,100,64,67,NC_000010.11,Mutation NB - Maternal Origin,Transition - Purine/Purine,Unsolved
53643605,rs11003727,AA,AA,AG,88,82,33,NC_000010.11,Mutation NB - Maternal Origin,Transition - Purine/Purine,Unsolved
56570437,rs7085098,TT,CC,TT,88,91,12,NC_000010.11,Mutation NB - Maternal Origin,Transition - Pyrimidine/Pyrimidine,C>T
57818635,rs871262,TT,TA,AA,100,32,12,NC_000010.11,Mutation NB - Paternal Origin,Transversion - Purine/Pyrimidine,T>A
58081364,rs55775510,AA,GG,GG,91,55,27,NC_000010.11,Mutation NB - Paternal Origin,Transition - Purine/Purine,A>G
60486642,rs111754174,CC,CC,TT,100,73,12,NC_000010.11,Mutation NB - Maternal Origin,Transition - Pyrimidine/Pyrimidine,Unsolved
61552032,rs1869925,AA,AA,AG,91,67,56,NC_000010.11,Mutation NB - Maternal Origin,Transition - Purine/Purine,Unsolved
67865294,.,AA,AA,AG,88,73,56,NC_000010.11,Mutation NB - Maternal Origin,Transition - Purine/Purine,Unsolved
70382095,rs1371437325,CC,CC,CT,91,76,68,NC_000010.11,Mutation NB - Maternal Origin,Transition - Pyrimidine/Pyrimidine,Unsolved
71328021,rs10999776,CT,TT,CC,1,73,0,NC_000010.11,Mutation NB - Maternal Origin,Transition - Pyrimidine/Pyrimidine,T>C
71667105,rs1665630,CC,TT,CC,82,82,0,NC_000010.11,Mutation NB - Maternal Origin,Transition - Pyrimidine/Pyrimidine,T>C
75687672,.,TT,TT,TC,85,67,41,NC_000010.11,Mutation NB - Maternal Origin,Transition - Pyrimidine/Pyrimidine,Unsolved
76009059,.,GG,GG,GA,91,73,71,NC_000010.11,Mutation NB - Maternal Origin,Transition - Purine/Purine,Unsolved
78294202,rs918679482,CC,CC,CT,91,100,57,NC_000010.11,Mutation NB - Paternal Origin,Transition - Pyrimidine/Pyrimidine,Unsolved
78831307,rs753384,TT,CC,TT,91,91,9,NC_000010.11,Mutation NB - Maternal Origin,Transition - Pyrimidine/Pyrimidine,C>T
79110764,.,AA,AA,AG,61,64,44,NC_000010.11,Mutation NB - Paternal Origin,Transition - Purine/Purine,Unsolved
81309138,rs11189313,TT,CT,CC,91,1,0,NC_000010.11,Mutation NB - Paternal Origin,Transition - Pyrimidine/Pyrimidine,T>C
81653802,rs142297862,GG,GG,GA,100,85,64,NC_000010.11,Mutation NB - Maternal Origin,Transition - Purine/Purine,Unsolved
84589003,rs12765932,GA,GG,AA,70,85,24,NC_000010.11,Mutation NB - Maternal Origin,Transition - Purine/Purine,G>A
85400252,rs4611153,GG,CC,GG,79,100,42,NC_000010.11,Mutation NB - Maternal Origin,Transversion - Purine/Pyrimidine,C>G
85451360,rs7081147,TT,CC,CC,100,88,9,NC_000010.11,Mutation NB - Paternal Origin,Transition - Pyrimidine/Pyrimidine,T>C
85451378,rs7077501,AA,GG,GG,100,88,9,NC_000010.11,Mutation NB - Paternal Origin,Transition - Purine/Purine,A>G
85451383,rs7093977,CC,TT,TT,100,88,9,NC_000010.11,Mutation NB - Paternal Origin,Transition - Pyrimidine/Pyrimidine,C>T
86405647,rs767988,TA,TT,AA,28,73,12,NC_000010.11,Mutation NB - Maternal Origin,Transversion - Purine/Pyrimidine,T>A
90823068,rs76933610,CC,CC,TT,100,52,15,NC_000010.11,Mutation NB - Maternal Origin,Transition - Pyrimidine/Pyrimidine,Unsolved
91165586,rs12218813,CC,CT,TT,55,54,12,NC_000010.11,Mutation NB - Paternal Origin,Transition - Pyrimidine/Pyrimidine,C>T
92876610,rs1409387,AA,GA,GG,82,1,0,NC_000010.11,Mutation NB - Paternal Origin,Transition - Purine/Purine,A>G
95434159,.,CC,CC,CG,76,73,54,NC_000010.11,Mutation NB - Maternal Origin,Transversion - Purine/Pyrimidine,Unsolved
95454661,rs10450393,CC,TC,TT,82,35,0,NC_000010.11,Mutation NB - Paternal Origin,Transition - Pyrimidine/Pyrimidine,C>T
96177112,rs10748662,GG,AA,AA,79,61,12,NC_000010.11,Mutation NB - Paternal Origin,Transition - Purine/Purine,G>A
96416256,.,TT,TT,TC,79,82,59,NC_000010.11,Mutation NB - Paternal Origin,Transition - Pyrimidine/Pyrimidine,Unsolved
97821499,rs4919150,CT,TT,CC,32,61,0,NC_000010.11,Mutation NB - Maternal Origin,Transition - Pyrimidine/Pyrimidine,T>C
97821519,rs7088778,TG,GG,TT,32,61,0,NC_000010.11,Mutation NB - Maternal Origin,Transversion - Purine/Pyrimidine,G>T
98601723,rs12356526,GG,AA,AA,100,55,21,NC_000010.11,Mutation NB - Paternal Origin,Transition - Purine/Purine,G>A
99126085,.,GG,GG,GA,85,91,48,NC_000010.11,Mutation NB - Paternal Origin,Transition - Purine/Purine,Unsolved
99563915,rs1473176,GC,CC,GG,70,49,15,NC_000010.11,Mutation NB - Maternal Origin,Transversion - Purine/Pyrimidine,C>G
100655264,rs4376836,CC,TC,TT,85,70,0,NC_000010.11,Mutation NB - Paternal Origin,Transition - Pyrimidine/Pyrimidine,C>T
102668959,rs12262998,CC,CT,TT,76,8,9,NC_000010.11,Mutation NB - Paternal Origin,Transition - Pyrimidine/Pyrimidine,C>T
108215776,.,TT,TT,TC,79,40,65,NC_000010.11,Mutation NB - Maternal Origin,Transition - Pyrimidine/Pyrimidine,Unsolved
109585053,.,AA,AA,AG,88,88,68,NC_000010.11,Mutation NB - Paternal or Maternal,Transition - Purine/Purine,Unsolved
110190082,rs935350337,AA,GG,GG,88,85,24,NC_000010.11,Mutation NB - Paternal Origin,Transition - Purine/Purine,A>G
110345991,rs146699099,AA,GG,GG,95,67,0,NC_000010.11,Mutation NB - Paternal Origin,Transition - Purine/Purine,A>G
113590629,rs11575691,CC,CC,CT,91,88,99,NC_000010.11,Mutation NB - Maternal Origin,Transition - Pyrimidine/Pyrimidine,Unsolved
113961757,rs58903696,CC,TT,TT,79,58,15,NC_000010.11,Mutation NB - Paternal Origin,Transition - Pyrimidine/Pyrimidine,C>T
116126507,rs10510014,GG,AA,GG,79,73,0,NC_000010.11,Mutation NB - Maternal Origin,Transition - Purine/Purine,A>G
117140596,rs10886044,AA,GG,AA,88,55,9,NC_000010.11,Mutation NB - Maternal Origin,Transition - Purine/Purine,G>A
117140605,rs4752032,GG,AA,GG,85,55,9,NC_000010.11,Mutation NB - Maternal Origin,Transition - Purine/Purine,A>G
117484846,.,AA,AA,AG,73,67,44,NC_000010.11,Mutation NB - Maternal Origin,Transition - Purine/Purine,Unsolved
118408077,rs10787829,GG,GG,AG,82,49,99,NC_000010.11,Mutation NB - Maternal Origin,Transition - Purine/Purine,Unsolved
118408091,rs1246889,GG,GG,GA,100,46,99,NC_000010.11,Mutation NB - Maternal Origin,Transition - Purine/Purine,Unsolved
119826086,rs3847492,CC,CC,CT,85,82,68,NC_000010.11,Mutation NB - Maternal Origin,Transition - Pyrimidine/Pyrimidine,Unsolved
122786443,rs115664339,TT,TT,TC,100,40,24,NC_000010.11,Mutation NB - Maternal Origin,Transition - Pyrimidine/Pyrimidine,Unsolved
124017234,rs9422271,GG,AA,AA,88,70,12,NC_000010.11,Mutation NB - Paternal Origin,Transition - Purine/Purine,G>A
124264858,rs73374235,GG,GG,CC,100,82,9,NC_000010.11,Mutation NB - Maternal Origin,Transversion - Purine/Pyrimidine,Unsolved
124468287,rs2807046,AA,AA,GG,100,76,9,NC_000010.11,Mutation NB - Maternal Origin,Transition - Purine/Purine,Unsolved
124468354,rs4962579,CC,TT,CC,91,79,9,NC_000010.11,Mutation NB - Maternal Origin,Transition - Pyrimidine/Pyrimidine,T>C
124537603,rs10901754,TT,TT,TA,85,91,72,NC_000010.11,Mutation NB - Paternal Origin,Transition - Pyrimidine/Pyrimidine,Transversion - Purine/Pyrimidine,Unsolved
124537604,rs10901755,CC,CC,CG,85,91,72,NC_000010.11,Mutation NB - Paternal Origin,Transversion - Purine/Pyrimidine,Unsolved
124949657,rs7092008,GG,GG,GA,70,100,30,NC_000010.11,Mutation NB - Paternal Origin,Transition - Purine/Purine,Unsolved
125026397,rs3012075,AA,GG,AA,67,79,0,NC_000010.11,Mutation NB - Maternal Origin,Transition - Purine/Purine,G>A
125440709,rs566838136,CC,CC,CT,67,61,62,NC_000010.11,Mutation NB - Maternal Origin,Transition - Pyrimidine/Pyrimidine,Unsolved
126470762,rs11244993,AA,AA,AG,100,91,51,NC_000010.11,Mutation NB - Maternal Origin,Transition - Purine/Purine,Unsolved
127826518,rs1327561,CC,CC,CT,79,100,99,NC_000010.11,Mutation NB - Paternal Origin,Transition - Pyrimidine/Pyrimidine,Unsolved
128207505,rs72851178,GG,GG,GT,88,88,65,NC_000010.11,Mutation NB - Paternal or Maternal,Transversion - Purine/Pyrimidine,Unsolved
128522732,rs11016302,CC,CA,AA,88,76,9,NC_000010.11,Mutation NB - Paternal Origin,Transversion - Purine/Pyrimidine,C>A
129725728,rs11598124,CT,CC,TT,1,67,12,NC_000010.11,Mutation NB - Maternal Origin,Transversion - Purine/Pyrimidine,C>T
130654414,rs747251,GG,GG,GA,91,100,99,NC_000010.11,Mutation NB - Paternal Origin,Transition - Purine/Purine,Unsolved
131125618,rs10829907,AA,GG,GG,88,64,12,NC_000010.11,Mutation NB - Paternal Origin,Transition - Purine/Purine,A>G
131815082,rs12241414,CC,GG,CC,91,79,3,NC_000010.11,Mutation NB - Maternal Origin,Transversion - Purine/Pyrimidine,G>C
131830705,rs78358020,TT,CC,CC,88,91,15,NC_000010.11,Mutation NB - Paternal Origin,Transition - Pyrimidine/Pyrimidine,T>C
132244119,rs10870276,GG,TT,GG,91,91,15,NC_000010.11,Mutation NB - Maternal Origin,Transition - Purine/Purine,Transversion - Purine/Pyrimidine,T>G
132444543,rs12269409,TT,TT,TC,79,79,99,NC_000010.11,Mutation NB - Paternal or Maternal,Transition - Pyrimidine/Pyrimidine,Unsolved
132451980,rs375105761,TT,TT,TC,100,43,99,NC_000010.11,Mutation NB - Maternal Origin,Transition - Pyrimidine/Pyrimidine,Unsolved
132659720,rs34448059,AA,AA,AG,85,100,65,NC_000010.11,Mutation NB - Paternal Origin,Transition - Purine/Purine,Unsolved
132773016,rs113239290,CT,CC,TT,73,70,21,NC_000010.11,Mutation NB - Maternal Origin,Transversion - Purine/Pyrimidine,C>T
132847165,rs376079983,GC,GG,CC,1,64,9,NC_000010.11,Mutation NB - Maternal Origin,Transversion - Purine/Pyrimidine,G>C
133072196,rs7094939,TT,TC,CC,76,1,9,NC_000010.11,Mutation NB - Paternal Origin,Transition - Pyrimidine/Pyrimidine,T>C
133102489,rs7905581,GG,CC,CC,100,82,14,NC_000010.11,Mutation NB - Paternal Origin,Transversion - Purine/Pyrimidine,G>C
397331,rs200371913,GG,GG,GC,91,88,27,NC_000011.10,Mutation NB - Maternal Origin,Transition - Purine/Purine,Transversion - Purine/Pyrimidine,Unsolved
884543,rs7479983,TT,CC,TT,82,88,0,NC_000011.10,Mutation NB - Maternal Origin,Transition - Pyrimidine/Pyrimidine,C>T
1397220,rs12808343,AA,AG,GG,73,25,21,NC_000011.10,Mutation NB - Paternal Origin,Transition - Purine/Purine,A>G
6012445,.,AA,AA,AG,73,91,56,NC_000011.10,Mutation NB - Paternal Origin,Transition - Purine/Purine,Unsolved
6533711,rs4282961,CC,CC,CA,100,85,68,NC_000011.10,Mutation NB - Maternal Origin,Transversion - Purine/Pyrimidine,Unsolved
6612308,rs3176309,GG,GG,GT,79,100,60,NC_000011.10,Mutation NB - Paternal Origin,Transversion - Purine/Pyrimidine,Unsolved
8236637,rs7121476,AG,AA,GG,35,100,18,NC_000011.10,Mutation NB - Maternal Origin,Transition - Purine/Purine,A>G
8714115,rs931756,AA,GG,AA,91,100,15,NC_000011.10,Mutation NB - Maternal Origin,Transition - Purine/Purine,G>A
10715746,rs28620710,CC,TT,TT,100,70,15,NC_000011.10,Mutation NB - Paternal Origin,Transition - Pyrimidine/Pyrimidine,C>T
10715755,rs28725289,CC,GG,GG,100,70,15,NC_000011.10,Mutation NB - Paternal Origin,Transversion - Purine/Pyrimidine,C>G
11825199,rs72854898,GG,CC,CC,91,79,9,NC_000011.10,Mutation NB - Paternal Origin,Transversion - Purine/Pyrimidine,G>C
12122309,.,AA,AA,AG,82,70,47,NC_000011.10,Mutation NB - Maternal Origin,Transition - Purine/Purine,Unsolved
13261605,rs10160685,GG,GG,AA,100,100,21,NC_000011.10,Mutation NB - Paternal or Maternal,Transition - Purine/Purine,Unsolved
14189325,rs10832230,AC,AA,CC,44,64,18,NC_000011.10,Mutation NB - Maternal Origin,A>C
17378740,rs4757510,CC,CC,TT,100,91,9,NC_000011.10,Mutation NB - Maternal Origin,Transition - Pyrimidine/Pyrimidine,Unsolved
17378741,rs10766392,GG,TT,GG,91,91,0,NC_000011.10,Mutation NB - Maternal Origin,Transition - Purine/Purine,Transversion - Purine/Pyrimidine,T>G
17765948,.,TT,TT,TC,82,46,45,NC_000011.10,Mutation NB - Maternal Origin,Transition - Pyrimidine/Pyrimidine,Unsolved
18913941,rs1848684232,CC,CC,CT,61,40,53,NC_000011.10,Mutation NB - Maternal Origin,Transition - Pyrimidine/Pyrimidine,Unsolved
19097772,rs1848488067,TT,TT,TC,88,76,33,NC_000011.10,Mutation NB - Maternal Origin,Transition - Pyrimidine/Pyrimidine,Unsolved
19419493,rs2702742,TT,CC,TT,85,88,9,NC_000011.10,Mutation NB - Maternal Origin,Transition - Pyrimidine/Pyrimidine,C>T
19450195,.,AA,AA,AG,88,64,53,NC_000011.10,Mutation NB - Maternal Origin,Transition - Purine/Purine,Unsolved
20639763,rs10766708,GG,AG,AA,82,47,9,NC_000011.10,Mutation NB - Paternal Origin,Transition - Purine/Purine,G>A
27161296,rs141481356,AA,AA,AG,100,58,62,NC_000011.10,Mutation NB - Maternal Origin,Transition - Purine/Purine,Unsolved
28857434,rs61887468,GA,GG,AA,28,88,12,NC_000011.10,Mutation NB - Maternal Origin,Transition - Purine/Purine,G>A
30775622,rs61884767,GG,CC,CC,79,82,15,NC_000011.10,Mutation NB - Paternal Origin,Transversion - Purine/Pyrimidine,G>C
33392630,rs57702339,TT,CC,CC,85,76,12,NC_000011.10,Mutation NB - Paternal Origin,Transition - Pyrimidine/Pyrimidine,T>C
33392724,rs16924272,GG,GG,GA,88,76,59,NC_000011.10,Mutation NB - Maternal Origin,Transition - Purine/Purine,Unsolved
35599466,rs113311088,GG,GG,GA,88,64,99,NC_000011.10,Mutation NB - Maternal Origin,Transition - Purine/Purine,Unsolved
41623163,rs2124999,GG,AA,AA,94,76,12,NC_000011.10,Mutation NB - Paternal Origin,Transition - Purine/Purine,G>A
42881728,rs7125163,CC,CC,CT,100,76,99,NC_000011.10,Mutation NB - Maternal Origin,Transition - Pyrimidine/Pyrimidine,Unsolved
43999395,rs2106641,GG,GG,AG,73,73,21,NC_000011.10,Mutation NB - Paternal or Maternal,Transition - Purine/Purine,Unsolved
45620858,.,TT,TT,TC,52,34,45,NC_000011.10,Mutation NB - Maternal Origin,Transition - Pyrimidine/Pyrimidine,Unsolved
56560974,rs2156781,TC,TT,CC,36,100,15,NC_000011.10,Mutation NB - Maternal Origin,Transition - Pyrimidine/Pyrimidine,T>C
56569833,rs1945261,AA,GG,GG,88,70,15,NC_000011.10,Mutation NB - Paternal Origin,Transition - Purine/Purine,A>G
58675163,rs629839,CC,GC,GG,79,1,0,NC_000011.10,Mutation NB - Paternal Origin,Transversion - Purine/Pyrimidine,C>G
61046993,.,GG,GG,GA,82,64,62,NC_000011.10,Mutation NB - Maternal Origin,Transition - Purine/Purine,Unsolved
61875824,.,AA,AA,AG,82,67,33,NC_000011.10,Mutation NB - Maternal Origin,Transition - Purine/Purine,Unsolved
64835310,rs11605623,TT,CT,CC,61,1,0,NC_000011.10,Mutation NB - Paternal Origin,Transition - Pyrimidine/Pyrimidine,T>C
65021722,rs664226,CC,TT,TT,88,82,0,NC_000011.10,Mutation NB - Paternal Origin,Transition - Pyrimidine/Pyrimidine,C>T
66425995,.,TT,TT,TC,82,85,59,NC_000011.10,Mutation NB - Paternal Origin,Transition - Pyrimidine/Pyrimidine,Unsolved
68939291,rs665258,CC,CC,CT,85,100,99,NC_000011.10,Mutation NB - Paternal Origin,Transition - Pyrimidine/Pyrimidine,Unsolved
69862486,rs7936223,CC,AA,AA,100,88,36,NC_000011.10,Mutation NB - Paternal Origin,Transversion - Purine/Pyrimidine,C>A
70760949,rs895208,TT,CC,TT,82,100,21,NC_000011.10,Mutation NB - Maternal Origin,Transition - Pyrimidine/Pyrimidine,C>T
71061788,rs1052886668,AG,AA,GG,1,52,15,NC_000011.10,Mutation NB - Maternal Origin,Transition - Purine/Purine,A>G
71387222,.,AA,AA,AG,79,67,47,NC_000011.10,Mutation NB - Maternal Origin,Transition - Purine/Purine,Unsolved
71583949,rs10751119,TT,TA,AA,100,1,24,NC_000011.10,Mutation NB - Paternal Origin,Transversion - Purine/Pyrimidine,T>A
72690250,rs11820191,GG,AG,AA,76,82,0,NC_000011.10,Mutation NB - Paternal Origin,Transition - Purine/Purine,G>A
73250624,rs11821263,TT,CC,TT,91,100,12,NC_000011.10,Mutation NB - Maternal Origin,Transition - Pyrimidine/Pyrimidine,C>T
74006209,rs1800006,AG,AA,GG,28,55,18,NC_000011.10,Mutation NB - Maternal Origin,Transition - Purine/Purine,A>G
74071374,rs1442496517,AA,AA,AG,82,64,53,NC_000011.10,Mutation NB - Maternal Origin,Transition - Purine/Purine,Unsolved
74534628,rs645541,GG,AA,GG,88,100,15,NC_000011.10,Mutation NB - Maternal Origin,Transition - Purine/Purine,A>G
76155547,rs4639959,GG,GG,GC,100,91,61,NC_000011.10,Mutation NB - Maternal Origin,Transition - Purine/Purine,Transversion - Purine/Pyrimidine,Unsolved
76480593,rs10793171,AA,GG,AA,91,64,12,NC_000011.10,Mutation NB - Maternal Origin,Transition - Purine/Purine,G>A
77073258,.,AA,AA,AG,76,85,47,NC_000011.10,Mutation NB - Paternal Origin,Transition - Purine/Purine,Unsolved
77209292,rs868658,GG,GG,GA,100,76,65,NC_000011.10,Mutation NB - Maternal Origin,Transition - Purine/Purine,Unsolved
77394112,rs74651273,CC,CG,GG,89,5,9,NC_000011.10,Mutation NB - Paternal Origin,Transversion - Purine/Pyrimidine,C>G
92015247,rs1945860,TT,CC,CC,88,76,0,NC_000011.10,Mutation NB - Paternal Origin,Transition - Pyrimidine/Pyrimidine,T>C
95404412,rs4121864,TC,CC,TT,48,85,0,NC_000011.10,Mutation NB - Maternal Origin,Transversion - Purine/Pyrimidine,C>T
96460695,rs11021596,GG,GG,GA,91,79,65,NC_000011.10,Mutation NB - Maternal Origin,Transition - Purine/Purine,Unsolved
97610672,rs7944193,GA,GG,AA,34,70,12,NC_000011.10,Mutation NB - Maternal Origin,Transition - Purine/Purine,G>A
100612789,rs11224318,GG,GG,GC,82,82,72,NC_000011.10,Mutation NB - Paternal or Maternal,Transition - Purine/Purine,Transversion - Purine/Pyrimidine,Unsolved
108207130,rs11605442,GG,AA,GG,79,82,12,NC_000011.10,Mutation NB - Maternal Origin,Transition - Purine/Purine,A>G
110514184,rs139388924,GG,AA,AA,82,76,9,NC_000011.10,Mutation NB - Paternal Origin,Transition - Purine/Purine,G>A
117903679,rs59590191,AA,AG,GG,85,1,9,NC_000011.10,Mutation NB - Paternal Origin,Transition - Purine/Purine,A>G
118165879,rs2076884,TT,CC,CC,88,82,12,NC_000011.10,Mutation NB - Paternal Origin,Transition - Pyrimidine/Pyrimidine,T>C
118284285,rs58520343,TT,AA,TT,85,61,12,NC_000011.10,Mutation NB - Maternal Origin,Transversion - Purine/Pyrimidine,A>T
118663373,rs10790256,CC,CC,TT,88,100,12,NC_000011.10,Mutation NB - Paternal Origin,Transition - Pyrimidine/Pyrimidine,Unsolved
119601958,rs58254953,GG,AA,GG,91,91,15,NC_000011.10,Mutation NB - Maternal Origin,Transition - Purine/Purine,A>G
120613728,.,AA,AA,AG,73,58,59,NC_000011.10,Mutation NB - Maternal Origin,Transition - Purine/Purine,Unsolved
124821373,.,TT,TT,TC,91,73,68,NC_000011.10,Mutation NB - Maternal Origin,Transition - Pyrimidine/Pyrimidine,Unsolved
124877941,rs7933204,AA,GA,GG,85,35,0,NC_000011.10,Mutation NB - Paternal Origin,Transition - Purine/Purine,A>G
127938855,rs773878098,TT,TC,CC,88,94,9,NC_000011.10,Mutation NB - Paternal Origin,Transition - Pyrimidine/Pyrimidine,T>C
128215513,rs479122,CC,TT,TT,100,79,24,NC_000011.10,Mutation NB - Paternal Origin,Transition - Pyrimidine/Pyrimidine,C>T
128935060,rs2186833,CC,TT,TT,82,67,9,NC_000011.10,Mutation NB - Paternal Origin,Transition - Pyrimidine/Pyrimidine,C>T
129345445,rs12280857,GG,AA,GG,85,88,0,NC_000011.10,Mutation NB - Maternal Origin,Transition - Purine/Purine,A>G
129759811,rs115404665,GG,AA,AA,88,91,12,NC_000011.10,Mutation NB - Paternal Origin,Transition - Purine/Purine,G>A
130337565,rs112061711,GG,GG,GA,100,64,33,NC_000011.10,Mutation NB - Maternal Origin,Transition - Purine/Purine,Unsolved
131227894,rs1113927,TT,GG,GG,85,76,12,NC_000011.10,Mutation NB - Paternal Origin,Transversion - Purine/Pyrimidine,T>G
131227909,rs76044229,AA,CC,CC,85,76,12,NC_000011.10,Mutation NB - Paternal Origin,Transversion - Purine/Pyrimidine,A>C
133153057,rs61632329,TT,GG,GG,73,43,0,NC_000011.10,Mutation NB - Paternal Origin,Transversion - Purine/Pyrimidine,T>G
133990144,rs12364540,CC,TT,TT,100,88,15,NC_000011.10,Mutation NB - Paternal Origin,Transition - Pyrimidine/Pyrimidine,C>T
3113799,rs10848805,CC,GG,CC,52,64,0,NC_000012.12,Mutation NB - Maternal Origin,Transversion - Purine/Pyrimidine,G>C
3538926,rs7962508,GG,AA,AA,88,70,12,NC_000012.12,Mutation NB - Paternal Origin,Transition - Purine/Purine,G>A
5982039,rs2286938,CC,CC,CT,80,52,99,NC_000012.12,Mutation NB - Maternal Origin,Transition - Pyrimidine/Pyrimidine,Unsolved
6142563,rs183962111,CC,CG,GG,70,1,9,NC_000012.12,Mutation NB - Paternal Origin,Transversion - Purine/Pyrimidine,C>G
6305993,rs11064137,GG,AA,AA,91,70,27,NC_000012.12,Mutation NB - Paternal Origin,Transition - Purine/Purine,G>A
6453644,rs2532500,AA,GG,AA,88,79,21,NC_000012.12,Mutation NB - Maternal Origin,Transition - Purine/Purine,G>A
7862504,rs28750840,CC,AA,CC,91,73,9,NC_000012.12,Mutation NB - Maternal Origin,Transversion - Purine/Pyrimidine,A>C
8482397,rs7977464,GG,GG,GA,88,82,78,NC_000012.12,Mutation NB - Maternal Origin,Transition - Purine/Purine,Unsolved
8482398,rs7977465,GG,GG,GA,88,82,78,NC_000012.12,Mutation NB - Maternal Origin,Transition - Purine/Purine,Unsolved
9335707,rs4141479,CC,TT,TT,91,61,15,NC_000012.12,Mutation NB - Paternal Origin,Transition - Pyrimidine/Pyrimidine,C>T
13449460,rs55725203,CC,CC,CT,100,70,99,NC_000012.12,Mutation NB - Maternal Origin,Transition - Pyrimidine/Pyrimidine,Unsolved
13489688,rs11055476,AA,AA,AG,100,85,99,NC_000012.12,Mutation NB - Maternal Origin,Transition - Purine/Purine,Unsolved
26131017,rs11048415,AA,AA,AG,88,79,68,NC_000012.12,Mutation NB - Maternal Origin,Transition - Purine/Purine,Unsolved
30603949,rs12315407,CT,CC,TT,37,91,9,NC_000012.12,Mutation NB - Maternal Origin,Transversion - Purine/Pyrimidine,C>T
38121070,rs1969363,GG,GG,GA,76,82,62,NC_000012.12,Mutation NB - Paternal Origin,Transition - Purine/Purine,Unsolved
38470629,.,AA,AA,AT,88,85,48,NC_000012.12,Mutation NB - Maternal Origin,Transversion - Purine/Pyrimidine,Unsolved
39064862,.,AA,AA,AG,79,46,65,NC_000012.12,Mutation NB - Maternal Origin,Transition - Purine/Purine,Unsolved
40147395,rs2638269,TT,GT,GG,82,1,0,NC_000012.12,Mutation NB - Paternal Origin,Transversion - Purine/Pyrimidine,T>G
42610290,rs10785355,TT,CC,TT,82,73,9,NC_000012.12,Mutation NB - Maternal Origin,Transition - Pyrimidine/Pyrimidine,C>T
44502052,rs7299010,TT,TC,CC,100,1,9,NC_000012.12,Mutation NB - Paternal Origin,Transition - Pyrimidine/Pyrimidine,T>C
46077950,rs571320561,CC,CC,CA,100,88,30,NC_000012.12,Mutation NB - Maternal Origin,Transversion - Purine/Pyrimidine,Unsolved
48041351,.,AA,AA,AG,58,88,68,NC_000012.12,Mutation NB - Paternal Origin,Transition - Purine/Purine,Unsolved
49897768,rs2603099,AA,CA,CC,85,29,9,NC_000012.12,Mutation NB - Paternal Origin,Transversion - Purine/Pyrimidine,A>C
50242476,rs1048190573,CC,CC,CA,91,82,71,NC_000012.12,Mutation NB - Maternal Origin,Transversion - Purine/Pyrimidine,Unsolved
52186408,rs17126397,CC,CC,CT,100,73,33,NC_000012.12,Mutation NB - Maternal Origin,Transition - Pyrimidine/Pyrimidine,Unsolved
52250628,rs12581578,GG,GG,AG,88,85,99,NC_000012.12,Mutation NB - Maternal Origin,Transition - Purine/Purine,Unsolved
52721571,rs77515165,GA,GG,AA,39,91,12,NC_000012.12,Mutation NB - Maternal Origin,Transition - Purine/Purine,G>A
52742155,rs4761952,AG,GG,AA,5,68,0,NC_000012.12,Mutation NB - Maternal Origin,Transition - Purine/Purine,G>A
53843932,rs11170722,CC,TC,TT,88,29,0,NC_000012.12,Mutation NB - Paternal Origin,Transition - Pyrimidine/Pyrimidine,C>T
55068485,.,TT,TT,TC,61,73,62,NC_000012.12,Mutation NB - Paternal Origin,Transition - Pyrimidine/Pyrimidine,Unsolved
55964047,rs112449360,GT,GG,TT,32,85,9,NC_000012.12,Mutation NB - Maternal Origin,Transversion - Purine/Pyrimidine,G>T
59804550,.,TT,TT,TC,100,64,56,NC_000012.12,Mutation NB - Maternal Origin,Transition - Pyrimidine/Pyrimidine,Unsolved
61265491,rs111607997,AA,AA,AG,100,88,60,NC_000012.12,Mutation NB - Maternal Origin,Transition - Purine/Purine,Unsolved
61907671,rs2198784,GG,CC,CC,91,76,12,NC_000012.12,Mutation NB - Paternal Origin,Transversion - Purine/Pyrimidine,G>C
63167958,rs77725925,GG,GG,GT,100,49,91,NC_000012.12,Mutation NB - Maternal Origin,Transversion - Purine/Pyrimidine,Unsolved
70531103,rs4761218,GG,GT,TT,91,47,9,NC_000012.12,Mutation NB - Paternal Origin,Transversion - Purine/Pyrimidine,G>T
75690626,.,AA,AA,AG,67,70,68,NC_000012.12,Mutation NB - Paternal Origin,Transition - Purine/Purine,Unsolved
78477610,rs4842413,AA,AG,GG,100,1,24,NC_000012.12,Mutation NB - Paternal Origin,Transition - Purine/Purine,A>G
78480946,.,TT,TT,TC,85,85,40,NC_000012.12,Mutation NB - Paternal or Maternal,Transition - Pyrimidine/Pyrimidine,Unsolved
85093106,rs11615246,AG,AA,GG,70,100,9,NC_000012.12,Mutation NB - Maternal Origin,Transition - Purine/Purine,A>G
94856322,rs17023366,GG,AA,GG,70,85,12,NC_000012.12,Mutation NB - Maternal Origin,Transition - Purine/Purine,A>G
95959420,rs7963900,AA,TT,TT,91,73,30,NC_000012.12,Mutation NB - Paternal Origin,Transversion - Purine/Pyrimidine,A>T
99530279,rs2373012,CC,TT,CC,88,85,0,NC_000012.12,Mutation NB - Maternal Origin,Transition - Pyrimidine/Pyrimidine,T>C
106102393,rs11112866,AG,AA,GG,99,88,12,NC_000012.12,Mutation NB - Maternal Origin,Transition - Purine/Purine,A>G
107492683,rs7297300,AA,GG,GG,91,79,24,NC_000012.12,Mutation NB - Paternal Origin,Transition - Purine/Purine,A>G
108825804,rs1157696964,TT,TT,TC,70,76,47,NC_000012.12,Mutation NB - Paternal Origin,Transition - Pyrimidine/Pyrimidine,Unsolved
110073331,rs73205062,GG,GG,CC,79,85,12,NC_000012.12,Mutation NB - Paternal Origin,Transversion - Purine/Pyrimidine,Unsolved
113052248,rs2255285,AA,GG,AA,100,70,0,NC_000012.12,Mutation NB - Maternal Origin,Transition - Purine/Purine,G>A
113094812,rs12427377,AA,GG,AA,82,88,9,NC_000012.12,Mutation NB - Maternal Origin,Transition - Purine/Purine,G>A
113940489,rs930914,TT,TT,TC,100,70,68,NC_000012.12,Mutation NB - Maternal Origin,Transition - Pyrimidine/Pyrimidine,Unsolved
115350093,.,AA,AA,AG,85,73,65,NC_000012.12,Mutation NB - Maternal Origin,Transition - Purine/Purine,Unsolved
116878607,rs73393797,GG,GG,GA,88,79,99,NC_000012.12,Mutation NB - Maternal Origin,Transition - Purine/Purine,Unsolved
118057938,rs11068795,AA,AA,AC,100,88,26,NC_000012.12,Mutation NB - Maternal Origin,Transversion - Purine/Pyrimidine,Unsolved
118147770,rs1726386,TT,TT,CC,100,100,9,NC_000012.12,Mutation NB - Paternal or Maternal,Transition - Pyrimidine/Pyrimidine,Unsolved
119068409,rs114319928,GG,GG,GA,100,91,72,NC_000012.12,Mutation NB - Maternal Origin,Transition - Purine/Purine,Unsolved
120093969,rs190116381,CT,CC,TT,1,97,17,NC_000012.12,Mutation NB - Maternal Origin,Transversion - Purine/Pyrimidine,C>T
120997784,rs2259816,GG,GT,TT,85,1,9,NC_000012.12,Mutation NB - Paternal Origin,Transversion - Purine/Pyrimidine,G>T
121521237,rs138375696,GG,GA,AA,70,1,12,NC_000012.12,Mutation NB - Paternal Origin,Transition - Purine/Purine,G>A
121521331,.,AA,AA,AG,79,67,59,NC_000012.12,Mutation NB - Maternal Origin,Transition - Purine/Purine,Unsolved
122924350,rs116180860,GG,GG,GA,100,73,62,NC_000012.12,Mutation NB - Maternal Origin,Transition - Purine/Purine,Unsolved
124027445,.,AA,AA,AG,79,70,50,NC_000012.12,Mutation NB - Maternal Origin,Transition - Purine/Purine,Unsolved
124457270,rs2277341,TT,TT,TC,100,82,27,NC_000012.12,Mutation NB - Maternal Origin,Transition - Pyrimidine/Pyrimidine,Unsolved
124663368,rs1869912970,CC,CC,CA,91,85,71,NC_000012.12,Mutation NB - Maternal Origin,Transversion - Purine/Pyrimidine,Unsolved
125349561,.,AA,AA,AG,58,49,44,NC_000012.12,Mutation NB - Maternal Origin,Transition - Purine/Purine,Unsolved
126838040,rs6489139,GG,AA,AA,100,67,9,NC_000012.12,Mutation NB - Paternal Origin,Transition - Purine/Purine,G>A
130661615,rs10848175,TT,CC,CC,100,85,18,NC_000012.12,Mutation NB - Paternal Origin,Transition - Pyrimidine/Pyrimidine,T>C
130661648,rs11829654,AA,AA,AT,91,100,27,NC_000012.12,Mutation NB - Paternal Origin,Transversion - Purine/Pyrimidine,Unsolved
130661649,rs11830126,TT,TT,TA,91,100,27,NC_000012.12,Mutation NB - Paternal Origin,Transition - Pyrimidine/Pyrimidine,Transversion - Purine/Pyrimidine,Unsolved
130708646,rs7962716,AA,GG,AA,73,82,0,NC_000012.12,Mutation NB - Maternal Origin,Transition - Purine/Purine,G>A
130952412,rs10848259,TT,TC,CC,82,35,15,NC_000012.12,Mutation NB - Paternal Origin,Transition - Pyrimidine/Pyrimidine,T>C
130952424,rs10848260,TT,TC,CC,82,34,12,NC_000012.12,Mutation NB - Paternal Origin,Transition - Pyrimidine/Pyrimidine,T>C
131025073,.,TT,TT,TC,82,67,47,NC_000012.12,Mutation NB - Maternal Origin,Transition - Pyrimidine/Pyrimidine,Unsolved
131122207,rs1211609,CC,GG,CC,94,85,0,NC_000012.12,Mutation NB - Maternal Origin,Transversion - Purine/Pyrimidine,G>C
131221772,rs11608870,AA,AA,AC,100,55,99,NC_000012.12,Mutation NB - Maternal Origin,Transversion - Purine/Pyrimidine,Unsolved
131354920,rs4129615,AA,TT,AA,91,76,0,NC_000012.12,Mutation NB - Maternal Origin,Transversion - Purine/Pyrimidine,T>A
131622025,.,TT,TT,TC,70,16,42,NC_000012.12,Mutation NB - Maternal Origin,Transition - Pyrimidine/Pyrimidine,Unsolved
131987068,rs61944563,CC,GG,GG,91,85,9,NC_000012.12,Mutation NB - Paternal Origin,Transversion - Purine/Pyrimidine,C>G
132404906,rs28629966,GG,GG,GA,100,100,68,NC_000012.12,Mutation NB - Paternal or Maternal,Transition - Purine/Purine,Unsolved
132430467,.,AA,GG,AA,73,67,0,NC_000012.12,Mutation NB - Maternal Origin,Transition - Purine/Purine,G>A
132434303,.,GG,GG,GA,100,73,68,NC_000012.12,Mutation NB - Maternal Origin,Transition - Purine/Purine,Unsolved
132547743,rs4883519,CC,TC,TT,88,32,15,NC_000012.12,Mutation NB - Paternal Origin,Transition - Pyrimidine/Pyrimidine,C>T
132604839,rs11146964,GG,AA,GG,73,61,12,NC_000012.12,Mutation NB - Maternal Origin,Transition - Purine/Purine,A>G
18945219,rs9580627,AA,AC,CC,82,50,27,NC_000013.11,Mutation NB - Paternal Origin,Transversion - Purine/Pyrimidine,A>C
20345952,.,AA,AA,AG,64,82,56,NC_000013.11,Mutation NB - Paternal Origin,Transition - Purine/Purine,Unsolved
20685198,rs7333812,AA,AG,GG,100,1,33,NC_000013.11,Mutation NB - Paternal Origin,Transition - Purine/Purine,A>G
20685229,rs7333838,AA,AT,TT,100,1,33,NC_000013.11,Mutation NB - Paternal Origin,Transversion - Purine/Pyrimidine,A>T
21169292,rs9509576,AA,GG,GG,88,91,9,NC_000013.11,Mutation NB - Paternal Origin,Transition - Purine/Purine,A>G
22372164,rs9510131,TT,TT,TG,73,100,83,NC_000013.11,Mutation NB - Paternal Origin,Transition - Pyrimidine/Pyrimidine,Transversion - Purine/Pyrimidine,Unsolved
25021880,rs4769398,TT,GG,GG,91,70,12,NC_000013.11,Mutation NB - Paternal Origin,Transversion - Purine/Pyrimidine,T>G
26294319,rs793113,CC,TT,CC,100,79,9,NC_000013.11,Mutation NB - Maternal Origin,Transition - Pyrimidine/Pyrimidine,T>C
27472447,rs9512712,AG,GG,AA,1,91,0,NC_000013.11,Mutation NB - Maternal Origin,Transition - Purine/Purine,G>A
29889898,rs9578147,AA,AA,AG,100,100,99,NC_000013.11,Mutation NB - Paternal or Maternal,Transition - Purine/Purine,Unsolved
29964057,rs11841228,AA,GA,GG,79,1,0,NC_000013.11,Mutation NB - Paternal Origin,Transition - Purine/Purine,A>G
31295886,rs9573517,AA,GG,GG,82,91,27,NC_000013.11,Mutation NB - Paternal Origin,Transition - Purine/Purine,A>G
31939462,rs9566835,GG,GG,GA,100,91,65,NC_000013.11,Mutation NB - Maternal Origin,Transition - Purine/Purine,Unsolved
42107289,rs9645982,GG,GA,AA,82,77,12,NC_000013.11,Mutation NB - Paternal Origin,Transition - Purine/Purine,G>A
45786694,rs9562617,TT,GG,TT,70,88,0,NC_000013.11,Mutation NB - Maternal Origin,Transversion - Purine/Pyrimidine,G>T
46762190,rs11148014,CC,CC,CT,100,82,68,NC_000013.11,Mutation NB - Maternal Origin,Transition - Pyrimidine/Pyrimidine,Unsolved
48316155,.,CC,CC,CT,76,58,53,NC_000013.11,Mutation NB - Maternal Origin,Transition - Pyrimidine/Pyrimidine,Unsolved
49370394,rs6561522,GG,TT,GG,76,85,12,NC_000013.11,Mutation NB - Maternal Origin,Transition - Purine/Purine,Transversion - Purine/Pyrimidine,T>G
52842538,rs74088315,CC,TT,TT,100,85,15,NC_000013.11,Mutation NB - Paternal Origin,Transition - Pyrimidine/Pyrimidine,C>T
55178567,rs1832487,GG,AA,AA,61,61,0,NC_000013.11,Mutation NB - Paternal Origin,Transition - Purine/Purine,G>A
58052350,rs7318351,AA,TT,TT,82,79,12,NC_000013.11,Mutation NB - Paternal Origin,Transversion - Purine/Pyrimidine,A>T
58239686,rs6561959,CC,TC,TT,82,3,9,NC_000013.11,Mutation NB - Paternal Origin,Transition - Pyrimidine/Pyrimidine,C>T
59647131,rs7981305,AC,CC,AA,1,64,0,NC_000013.11,Mutation NB - Maternal Origin,Transversion - Purine/Pyrimidine,C>A
60673071,rs34500959,TT,TT,TC,100,76,64,NC_000013.11,Mutation NB - Maternal Origin,Transition - Pyrimidine/Pyrimidine,Unsolved
61145883,rs9563885,GG,AA,AA,100,79,15,NC_000013.11,Mutation NB - Paternal Origin,Transition - Purine/Purine,G>A
61921726,.,TT,TT,TC,70,73,56,NC_000013.11,Mutation NB - Paternal Origin,Transition - Pyrimidine/Pyrimidine,Unsolved
62116434,rs75844902,TT,TC,CC,91,1,15,NC_000013.11,Mutation NB - Paternal Origin,Transition - Pyrimidine/Pyrimidine,T>C
62116444,rs308666,TT,TC,CC,91,1,12,NC_000013.11,Mutation NB - Paternal Origin,Transition - Pyrimidine/Pyrimidine,T>C
63405928,rs581487,CC,TT,CC,88,85,30,NC_000013.11,Mutation NB - Maternal Origin,Transition - Pyrimidine/Pyrimidine,T>C
65553610,rs9571425,AA,GG,GG,73,76,0,NC_000013.11,Mutation NB - Paternal Origin,Transition - Purine/Purine,A>G
65843362,rs12871195,CC,CT,TT,88,32,9,NC_000013.11,Mutation NB - Paternal Origin,Transition - Pyrimidine/Pyrimidine,C>T
70565051,rs9529779,AA,GG,GG,91,64,0,NC_000013.11,Mutation NB - Paternal Origin,Transition - Purine/Purine,A>G
70565056,rs114087171,TT,CC,CC,91,64,0,NC_000013.11,Mutation NB - Paternal Origin,Transition - Pyrimidine/Pyrimidine,T>C
74384772,rs2325595,GG,AA,AA,91,73,21,NC_000013.11,Mutation NB - Paternal Origin,Transition - Purine/Purine,G>A
80658118,rs142071505,CC,CC,CT,100,73,99,NC_000013.11,Mutation NB - Maternal Origin,Transition - Pyrimidine/Pyrimidine,Unsolved
83906726,rs113918245,CC,CC,CA,100,67,99,NC_000013.11,Mutation NB - Maternal Origin,Transversion - Purine/Pyrimidine,Unsolved
85896159,rs9547426,CC,AA,AA,100,85,24,NC_000013.11,Mutation NB - Paternal Origin,Transversion - Purine/Pyrimidine,C>A
89883881,rs141481669,TT,CC,TT,82,85,12,NC_000013.11,Mutation NB - Maternal Origin,Transition - Pyrimidine/Pyrimidine,C>T
95493114,rs9302075,GG,GT,TT,100,1,12,NC_000013.11,Mutation NB - Paternal Origin,Transversion - Purine/Pyrimidine,G>T
97593199,rs116114253,GG,GG,GA,100,100,65,NC_000013.11,Mutation NB - Paternal or Maternal,Transition - Purine/Purine,Unsolved
98414877,rs74111025,GG,GG,GC,100,91,99,NC_000013.11,Mutation NB - Maternal Origin,Transition - Purine/Purine,Transversion - Purine/Pyrimidine,Unsolved
98888246,rs2274643,AA,GG,AA,85,82,15,NC_000013.11,Mutation NB - Maternal Origin,Transition - Purine/Purine,G>A
99883749,rs9300571,CC,TT,TT,100,40,12,NC_000013.11,Mutation NB - Paternal Origin,Transition - Pyrimidine/Pyrimidine,C>T
105305025,rs16966313,CT,TT,CC,44,85,15,NC_000013.11,Mutation NB - Maternal Origin,Transition - Pyrimidine/Pyrimidine,T>C
106516301,rs7320751,GG,CC,CC,85,100,0,NC_000013.11,Mutation NB - Paternal Origin,Transversion - Purine/Pyrimidine,G>C
106647728,rs2391310,TC,TT,CC,1,88,18,NC_000013.11,Mutation NB - Maternal Origin,Transition - Pyrimidine/Pyrimidine,T>C
106684261,rs116619456,GG,GG,GT,88,61,94,NC_000013.11,Mutation NB - Maternal Origin,Transversion - Purine/Pyrimidine,Unsolved
109507648,rs146333440,TT,TC,CC,70,1,9,NC_000013.11,Mutation NB - Paternal Origin,Transition - Pyrimidine/Pyrimidine,T>C
110013142,rs8001673,TT,CC,CC,82,82,9,NC_000013.11,Mutation NB - Paternal Origin,Transition - Pyrimidine/Pyrimidine,T>C
110338938,rs7322495,CC,CC,CT,76,91,49,NC_000013.11,Mutation NB - Paternal Origin,Transition - Pyrimidine/Pyrimidine,Unsolved
111389975,rs1178819,GG,CG,CC,91,1,0,NC_000013.11,Mutation NB - Paternal Origin,Transversion - Purine/Pyrimidine,G>C
111396597,rs74129404,TT,CC,TT,79,88,15,NC_000013.11,Mutation NB - Maternal Origin,Transition - Pyrimidine/Pyrimidine,C>T
112152857,.,TT,TT,TC,91,88,59,NC_000013.11,Mutation NB - Maternal Origin,Transition - Pyrimidine/Pyrimidine,Unsolved
112569947,rs9604361,TC,CC,TT,28,46,0,NC_000013.11,Mutation NB - Maternal Origin,Transversion - Purine/Pyrimidine,C>T
21780622,rs12893700,TT,CC,TT,85,85,30,NC_000014.9,Mutation NB - Maternal Origin,Transition - Pyrimidine/Pyrimidine,C>T
22554078,rs34273114,CC,CT,TT,100,17,18,NC_000014.9,Mutation NB - Paternal Origin,Transition - Pyrimidine/Pyrimidine,C>T
30756125,rs179556,GG,GG,TG,88,88,24,NC_000014.9,Mutation NB - Paternal or Maternal,Transversion - Purine/Pyrimidine,Unsolved
30756147,rs179555,GG,GG,TG,88,85,24,NC_000014.9,Mutation NB - Maternal Origin,Transversion - Purine/Pyrimidine,Unsolved
32239933,rs8014494,CC,AA,CC,73,100,9,NC_000014.9,Mutation NB - Maternal Origin,Transversion - Purine/Pyrimidine,A>C
34633040,rs4982196,AA,TT,TT,91,91,3,NC_000014.9,Mutation NB - Paternal Origin,Transversion - Purine/Pyrimidine,A>T
35156155,rs79579891,GG,GG,GT,100,58,68,NC_000014.9,Mutation NB - Maternal Origin,Transversion - Purine/Pyrimidine,Unsolved
35340208,rs12436216,AA,GG,AA,88,100,18,NC_000014.9,Mutation NB - Maternal Origin,Transition - Purine/Purine,G>A
35416080,rs8018407,TT,CC,CC,100,67,24,NC_000014.9,Mutation NB - Paternal Origin,Transition - Pyrimidine/Pyrimidine,T>C
38373602,rs1168535,TT,TT,TG,100,76,99,NC_000014.9,Mutation NB - Maternal Origin,Transition - Pyrimidine/Pyrimidine,Transversion - Purine/Pyrimidine,Unsolved
38627488,.,GG,GG,GA,85,64,52,NC_000014.9,Mutation NB - Maternal Origin,Transition - Purine/Purine,Unsolved
39441965,rs910371,CC,AA,AA,79,67,12,NC_000014.9,Mutation NB - Paternal Origin,Transversion - Purine/Pyrimidine,C>A
39534409,rs12894906,GG,AG,AA,91,35,12,NC_000014.9,Mutation NB - Paternal Origin,Transition - Purine/Purine,G>A
43565179,rs963388846,GG,GG,GC,100,64,95,NC_000014.9,Mutation NB - Maternal Origin,Transition - Purine/Purine,Transversion - Purine/Pyrimidine,Unsolved
46166493,rs58523661,GG,GG,GT,100,79,68,NC_000014.9,Mutation NB - Maternal Origin,Transversion - Purine/Pyrimidine,Unsolved
52123251,rs11157879,AA,GA,GG,79,44,0,NC_000014.9,Mutation NB - Paternal Origin,Transition - Purine/Purine,A>G
53837243,rs10467797,TT,TT,TC,100,82,72,NC_000014.9,Mutation NB - Maternal Origin,Transition - Pyrimidine/Pyrimidine,Unsolved
55258209,rs10467798,TT,CC,CC,76,55,0,NC_000014.9,Mutation NB - Paternal Origin,Transition - Pyrimidine/Pyrimidine,T>C
56194511,.,GG,GG,GT,82,79,68,NC_000014.9,Mutation NB - Maternal Origin,Transversion - Purine/Pyrimidine,Unsolved
56470129,rs1761038,CC,AA,AA,70,76,18,NC_000014.9,Mutation NB - Paternal Origin,Transversion - Purine/Pyrimidine,C>A
57364587,rs4901772,AA,GG,GG,91,88,0,NC_000014.9,Mutation NB - Paternal Origin,Transition - Purine/Purine,A>G
57364605,rs7145855,GG,AA,AA,100,88,21,NC_000014.9,Mutation NB - Paternal Origin,Transition - Purine/Purine,G>A
58255821,rs6573196,AG,GG,AA,32,73,0,NC_000014.9,Mutation NB - Maternal Origin,Transition - Purine/Purine,G>A
63647647,rs61985671,CC,CC,CT,100,70,79,NC_000014.9,Mutation NB - Maternal Origin,Transition - Pyrimidine/Pyrimidine,Unsolved
64769560,rs229598,AA,AA,AG,100,61,99,NC_000014.9,Mutation NB - Maternal Origin,Transition - Purine/Purine,Unsolved
66006058,rs1959359,AG,GG,AA,10,58,0,NC_000014.9,Mutation NB - Maternal Origin,Transition - Purine/Purine,G>A
68344159,rs10144669,GT,TT,GG,83,73,0,NC_000014.9,Mutation NB - Maternal Origin,Transversion - Purine/Pyrimidine,T>G
68427244,rs1956535,CC,CT,TT,76,1,15,NC_000014.9,Mutation NB - Paternal Origin,Transition - Pyrimidine/Pyrimidine,C>T
68629130,rs2145154,AA,GA,GG,88,19,9,NC_000014.9,Mutation NB - Paternal Origin,Transition - Purine/Purine,A>G
73718236,rs4899476,AA,AA,AG,85,100,56,NC_000014.9,Mutation NB - Paternal Origin,Transition - Purine/Purine,Unsolved
74530490,rs6574180,TT,CC,TT,58,40,24,NC_000014.9,Mutation NB - Maternal Origin,Transition - Pyrimidine/Pyrimidine,C>T
77067001,rs2216310,AA,AA,GA,91,76,21,NC_000014.9,Mutation NB - Maternal Origin,Transition - Purine/Purine,Unsolved
77276239,rs7158951,TT,CT,CC,88,46,0,NC_000014.9,Mutation NB - Paternal Origin,Transition - Pyrimidine/Pyrimidine,T>C
77293928,rs4903568,AA,TA,TT,85,1,0,NC_000014.9,Mutation NB - Paternal Origin,Transversion - Purine/Pyrimidine,A>T
77609804,rs111457375,TT,TT,TC,100,82,23,NC_000014.9,Mutation NB - Maternal Origin,Transition - Pyrimidine/Pyrimidine,Unsolved
78127979,rs17106916,GG,GG,GT,91,100,65,NC_000014.9,Mutation NB - Paternal Origin,Transversion - Purine/Pyrimidine,Unsolved
84398509,rs61984251,CC,CC,CT,100,67,99,NC_000014.9,Mutation NB - Maternal Origin,Transition - Pyrimidine/Pyrimidine,Unsolved
92788464,rs1956989,TT,CC,TT,91,85,0,NC_000014.9,Mutation NB - Maternal Origin,Transition - Pyrimidine/Pyrimidine,C>T
94464619,rs12891900,CC,TT,TT,91,64,0,NC_000014.9,Mutation NB - Paternal Origin,Transition - Pyrimidine/Pyrimidine,C>T
94690484,rs8017593,AA,CC,AA,91,64,0,NC_000014.9,Mutation NB - Maternal Origin,Transversion - Purine/Pyrimidine,C>A
94699275,rs10150038,TC,CC,TT,32,82,0,NC_000014.9,Mutation NB - Maternal Origin,Transversion - Purine/Pyrimidine,C>T
95418174,rs1740644,AA,GG,GG,91,82,9,NC_000014.9,Mutation NB - Paternal Origin,Transition - Purine/Purine,A>G
95418177,rs12434804,CC,GG,GG,91,79,0,NC_000014.9,Mutation NB - Paternal Origin,Transversion - Purine/Pyrimidine,C>G
96636255,rs4905514,AA,AA,AC,100,76,99,NC_000014.9,Mutation NB - Maternal Origin,Transversion - Purine/Pyrimidine,Unsolved
96636279,rs4900332,TT,TT,TC,100,76,99,NC_000014.9,Mutation NB - Maternal Origin,Transition - Pyrimidine/Pyrimidine,Unsolved
98684248,.,TT,TT,TC,82,73,62,NC_000014.9,Mutation NB - Maternal Origin,Transition - Pyrimidine/Pyrimidine,Unsolved
98803499,rs61979274,GG,GT,TT,100,1,9,NC_000014.9,Mutation NB - Paternal Origin,Transversion - Purine/Pyrimidine,G>T
100658583,rs7140222,GG,GG,CG,73,52,21,NC_000014.9,Mutation NB - Maternal Origin,Transition - Purine/Purine,Transversion - Purine/Pyrimidine,Unsolved
101115276,rs77379184,TT,CC,CC,88,79,36,NC_000014.9,Mutation NB - Paternal Origin,Transition - Pyrimidine/Pyrimidine,T>C
104676609,rs4983521,CC,TT,TT,88,85,0,NC_000014.9,Mutation NB - Paternal Origin,Transition - Pyrimidine/Pyrimidine,C>T
104715514,rs4247031,CC,CT,TT,100,1,21,NC_000014.9,Mutation NB - Paternal Origin,Transition - Pyrimidine/Pyrimidine,C>T
104889212,rs2289453,CC,TT,TT,100,49,18,NC_000014.9,Mutation NB - Paternal Origin,Transition - Pyrimidine/Pyrimidine,C>T
104924668,rs2841277,CC,CT,TT,73,1,18,NC_000014.9,Mutation NB - Paternal Origin,Transition - Pyrimidine/Pyrimidine,C>T
105219972,.,AA,AA,AG,91,88,61,NC_000014.9,Mutation NB - Maternal Origin,Transition - Purine/Purine,Unsolved
105463408,rs74092385,TT,CT,CC,88,1,9,NC_000014.9,Mutation NB - Paternal Origin,Transition - Pyrimidine/Pyrimidine,T>C
25230097,rs59837807,TT,TT,TA,100,76,68,NC_000015.10,Mutation NB - Maternal Origin,Transition - Pyrimidine/Pyrimidine,Transversion - Purine/Pyrimidine,Unsolved
25477982,rs6576430,TT,CC,TT,100,79,0,NC_000015.10,Mutation NB - Maternal Origin,Transition - Pyrimidine/Pyrimidine,C>T
34917899,rs12904279,GG,AG,AA,91,33,0,NC_000015.10,Mutation NB - Paternal Origin,Transition - Purine/Purine,G>A
38719385,.,TT,TT,TC,79,76,53,NC_000015.10,Mutation NB - Maternal Origin,Transition - Pyrimidine/Pyrimidine,Unsolved
40677024,rs7176221,GG,CC,GG,76,100,15,NC_000015.10,Mutation NB - Maternal Origin,Transversion - Purine/Pyrimidine,C>G
42138337,rs650392,GG,GG,TT,100,91,9,NC_000015.10,Mutation NB - Maternal Origin,Transversion - Purine/Pyrimidine,Unsolved
45429924,rs1288848,TT,CC,CC,85,88,12,NC_000015.10,Mutation NB - Paternal Origin,Transition - Pyrimidine/Pyrimidine,T>C
46979829,rs74011568,CT,CC,TT,67,91,9,NC_000015.10,Mutation NB - Maternal Origin,Transversion - Purine/Pyrimidine,C>T
52257258,.,AA,AA,AG,82,73,65,NC_000015.10,Mutation NB - Maternal Origin,Transition - Purine/Purine,Unsolved
53762521,rs690481,GG,TT,GG,76,67,9,NC_000015.10,Mutation NB - Maternal Origin,Transition - Purine/Purine,Transversion - Purine/Pyrimidine,T>G
55008797,rs1528471,AA,AC,CC,67,1,9,NC_000015.10,Mutation NB - Paternal Origin,Transversion - Purine/Pyrimidine,A>C
55527251,rs113773447,AA,CC,AA,79,82,12,NC_000015.10,Mutation NB - Maternal Origin,Transversion - Purine/Pyrimidine,C>A
58247464,.,TT,TT,TC,85,82,56,NC_000015.10,Mutation NB - Maternal Origin,Transition - Pyrimidine/Pyrimidine,Unsolved
62706440,.,CC,CC,CT,85,70,71,NC_000015.10,Mutation NB - Maternal Origin,Transition - Pyrimidine/Pyrimidine,Unsolved
65841441,rs28362100,AG,AA,GG,2,100,30,NC_000015.10,Mutation NB - Maternal Origin,Transition - Purine/Purine,A>G
66557439,rs34968502,AA,AA,AC,61,100,61,NC_000015.10,Mutation NB - Paternal Origin,Transversion - Purine/Pyrimidine,Unsolved
66843527,rs6416478,CC,TT,TT,79,79,0,NC_000015.10,Mutation NB - Paternal Origin,Transition - Pyrimidine/Pyrimidine,C>T
67127344,rs7178291,AA,GG,GG,79,49,12,NC_000015.10,Mutation NB - Paternal Origin,Transition - Purine/Purine,A>G
68694976,rs11072043,AA,CC,CC,100,52,18,NC_000015.10,Mutation NB - Paternal Origin,Transversion - Purine/Pyrimidine,A>C
68695002,rs7359311,AA,GG,GG,100,55,18,NC_000015.10,Mutation NB - Paternal Origin,Transition - Purine/Purine,A>G
70432074,rs7163141,GG,AG,AA,76,1,15,NC_000015.10,Mutation NB - Paternal Origin,Transition - Purine/Purine,G>A
71788719,rs146006128,GG,AA,AA,82,61,9,NC_000015.10,Mutation NB - Paternal Origin,Transition - Purine/Purine,G>A
73974085,rs12907609,GG,AA,GG,79,76,0,NC_000015.10,Mutation NB - Maternal Origin,Transition - Purine/Purine,A>G
76875927,rs12903331,CC,CC,CG,91,73,60,NC_000015.10,Mutation NB - Maternal Origin,Transversion - Purine/Pyrimidine,Unsolved
78246234,rs111863419,GG,GG,GA,100,76,27,NC_000015.10,Mutation NB - Maternal Origin,Transition - Purine/Purine,Unsolved
79433950,.,TT,TT,TC,70,64,63,NC_000015.10,Mutation NB - Maternal Origin,Transition - Pyrimidine/Pyrimidine,Unsolved
83923944,.,CC,CC,CT,85,52,44,NC_000015.10,Mutation NB - Maternal Origin,Transition - Pyrimidine/Pyrimidine,Unsolved
85182428,rs6496791,CC,TT,CC,88,73,0,NC_000015.10,Mutation NB - Maternal Origin,Transition - Pyrimidine/Pyrimidine,T>C
85330453,rs1533124,TT,CT,CC,73,1,0,NC_000015.10,Mutation NB - Paternal Origin,Transition - Pyrimidine/Pyrimidine,T>C
85815424,rs4843113,TT,TT,GG,88,55,0,NC_000015.10,Mutation NB - Maternal Origin,Transition - Purine/Purine,Transversion - Purine/Pyrimidine,Unsolved
86935991,rs7166106,TC,CC,TT,1,85,12,NC_000015.10,Mutation NB - Maternal Origin,Transversion - Purine/Pyrimidine,C>T
87117690,rs2133569,TT,TT,TC,73,49,99,NC_000015.10,Mutation NB - Maternal Origin,Transition - Pyrimidine/Pyrimidine,Unsolved
87262099,rs9806478,AA,AA,AT,91,91,71,NC_000015.10,Mutation NB - Paternal or Maternal,Transversion - Purine/Pyrimidine,Unsolved
88392758,rs182182679,TT,TT,TC,76,49,69,NC_000015.10,Mutation NB - Maternal Origin,Transition - Pyrimidine/Pyrimidine,Unsolved
89471802,rs2072692,AA,AA,AG,88,100,33,NC_000015.10,Mutation NB - Paternal Origin,Transition - Purine/Purine,Unsolved
89647716,rs112333674,TT,TT,TC,100,61,99,NC_000015.10,Mutation NB - Maternal Origin,Transition - Pyrimidine/Pyrimidine,Unsolved
90884958,rs76642265,AA,GG,AA,79,88,21,NC_000015.10,Mutation NB - Maternal Origin,Transition - Purine/Purine,G>A
91105758,rs75139284,TT,TT,CT,91,85,33,NC_000015.10,Mutation NB - Maternal Origin,Transition - Pyrimidine/Pyrimidine,Unsolved
95044774,rs8031253,CC,TT,CC,91,100,9,NC_000015.10,Mutation NB - Maternal Origin,Transition - Pyrimidine/Pyrimidine,T>C
98607633,rs6598535,GG,GG,AA,100,100,9,NC_000015.10,Mutation NB - Paternal or Maternal,Transition - Purine/Purine,Unsolved
98668851,rs28411710,TT,GG,GG,79,88,12,NC_000015.10,Mutation NB - Paternal Origin,Transversion - Purine/Pyrimidine,T>G
100128351,rs11856684,CC,TT,CC,96,82,0,NC_000015.10,Mutation NB - Maternal Origin,Transition - Pyrimidine/Pyrimidine,T>C
100794019,rs11630356,GA,AA,GG,67,91,9,NC_000015.10,Mutation NB - Maternal Origin,Transition - Purine/Purine,A>G
101068812,.,GG,GG,GC,100,82,40,NC_000015.10,Mutation NB - Maternal Origin,Transition - Purine/Purine,Transversion - Purine/Pyrimidine,Unsolved
101111984,rs60120204,CC,TT,CC,76,64,0,NC_000015.10,Mutation NB - Maternal Origin,Transition - Pyrimidine/Pyrimidine,T>C
101310363,.,AA,AA,AG,82,88,65,NC_000015.10,Mutation NB - Paternal Origin,Transition - Purine/Purine,Unsolved
101327282,rs1471656,CT,CC,TT,35,82,15,NC_000015.10,Mutation NB - Maternal Origin,Transversion - Purine/Pyrimidine,C>T
101347876,rs875293,CT,CC,TT,67,100,15,NC_000015.10,Mutation NB - Maternal Origin,Transversion - Purine/Pyrimidine,C>T
74473,rs2562155,CC,CC,TC,85,52,99,NC_000016.10,Mutation NB - Maternal Origin,Transition - Pyrimidine/Pyrimidine,Unsolved
606842,rs12149951,GG,TT,GG,73,91,9,NC_000016.10,Mutation NB - Maternal Origin,Transition - Purine/Purine,Transversion - Purine/Pyrimidine,T>G
663747,rs4984908,GG,AA,GG,76,100,21,NC_000016.10,Mutation NB - Maternal Origin,Transition - Purine/Purine,A>G
762273,rs9925870,GG,AA,AA,91,76,0,NC_000016.10,Mutation NB - Paternal Origin,Transition - Purine/Purine,G>A
1022085,rs1959279986,GG,GG,GA,85,91,60,NC_000016.10,Mutation NB - Paternal Origin,Transition - Purine/Purine,Unsolved
1443758,rs12596752,TT,CC,CC,88,79,0,NC_000016.10,Mutation NB - Paternal Origin,Transition - Pyrimidine/Pyrimidine,T>C
1768151,rs2076430,TT,CC,CC,76,88,0,NC_000016.10,Mutation NB - Paternal Origin,Transition - Pyrimidine/Pyrimidine,T>C
1788377,rs143740630,CC,CC,CT,100,40,65,NC_000016.10,Mutation NB - Maternal Origin,Transition - Pyrimidine/Pyrimidine,Unsolved
1975764,rs12927588,AA,GG,AA,91,82,0,NC_000016.10,Mutation NB - Maternal Origin,Transition - Purine/Purine,G>A
2287992,rs313909,GG,AA,AA,91,88,9,NC_000016.10,Mutation NB - Paternal Origin,Transition - Purine/Purine,G>A
2426373,rs4786281,CC,GG,CC,70,10,0,NC_000016.10,Mutation NB - Maternal Origin,Transversion - Purine/Pyrimidine,G>C
2739729,rs3094787,TT,TT,CT,91,58,99,NC_000016.10,Mutation NB - Maternal Origin,Transition - Pyrimidine/Pyrimidine,Unsolved
2972664,rs4149808,CC,TT,TT,88,67,15,NC_000016.10,Mutation NB - Paternal Origin,Transition - Pyrimidine/Pyrimidine,C>T
5495252,rs13335830,TT,CC,TT,91,91,15,NC_000016.10,Mutation NB - Maternal Origin,Transition - Pyrimidine/Pyrimidine,C>T
5562375,rs2342531,CC,GG,CC,91,88,9,NC_000016.10,Mutation NB - Maternal Origin,Transversion - Purine/Pyrimidine,G>C
6378380,rs1468612,TT,TT,CT,76,88,18,NC_000016.10,Mutation NB - Paternal Origin,Transition - Pyrimidine/Pyrimidine,Unsolved
6419950,rs7190164,AA,CC,AA,91,82,9,NC_000016.10,Mutation NB - Maternal Origin,Transversion - Purine/Pyrimidine,C>A
9058164,rs62033721,GG,CC,CC,91,79,9,NC_000016.10,Mutation NB - Paternal Origin,Transversion - Purine/Pyrimidine,G>C
10279115,rs1097871,GG,AA,AA,85,64,33,NC_000016.10,Mutation NB - Paternal Origin,Transition - Purine/Purine,G>A
11403293,.,AA,AA,AG,82,61,53,NC_000016.10,Mutation NB - Maternal Origin,Transition - Purine/Purine,Unsolved
11672098,rs8191290,CC,CA,AA,100,1,36,NC_000016.10,Mutation NB - Paternal Origin,Transversion - Purine/Pyrimidine,C>A
11673903,rs1404171931,TT,TT,TC,73,64,50,NC_000016.10,Mutation NB - Maternal Origin,Transition - Pyrimidine/Pyrimidine,Unsolved
12152416,rs74484387,GG,GG,GC,100,82,97,NC_000016.10,Mutation NB - Maternal Origin,Transition - Purine/Purine,Transversion - Purine/Pyrimidine,Unsolved
12377217,rs190441579,AA,AA,CC,100,91,12,NC_000016.10,Mutation NB - Maternal Origin,Transversion - Purine/Pyrimidine,Unsolved
19342107,rs4782233,CC,TT,TT,94,70,30,NC_000016.10,Mutation NB - Paternal Origin,Transition - Pyrimidine/Pyrimidine,C>T
22999423,rs8054525,GG,CG,CC,85,1,0,NC_000016.10,Mutation NB - Paternal Origin,Transversion - Purine/Pyrimidine,G>C
26101191,rs4488447,TT,GG,TT,82,28,18,NC_000016.10,Mutation NB - Maternal Origin,Transversion - Purine/Pyrimidine,G>T
26164712,rs375282362,CC,CC,CT,82,76,68,NC_000016.10,Mutation NB - Maternal Origin,Transition - Pyrimidine/Pyrimidine,Unsolved
27647164,.,CC,CC,CT,91,73,66,NC_000016.10,Mutation NB - Maternal Origin,Transition - Pyrimidine/Pyrimidine,Unsolved
27806075,.,CC,CC,CT,76,79,56,NC_000016.10,Mutation NB - Paternal Origin,Transition - Pyrimidine/Pyrimidine,Unsolved
29339400,rs1003305272,CC,CC,CT,85,70,62,NC_000016.10,Mutation NB - Maternal Origin,Transition - Pyrimidine/Pyrimidine,Unsolved
30769163,.,TT,TT,TC,79,70,59,NC_000016.10,Mutation NB - Maternal Origin,Transition - Pyrimidine/Pyrimidine,Unsolved
30985550,rs12443808,CC,CC,CG,85,100,30,NC_000016.10,Mutation NB - Paternal Origin,Transversion - Purine/Pyrimidine,Unsolved
30985551,rs12443627,GG,GG,GC,85,100,30,NC_000016.10,Mutation NB - Paternal Origin,Transition - Purine/Purine,Transversion - Purine/Pyrimidine,Unsolved
31832541,.,AA,AA,AG,91,67,52,NC_000016.10,Mutation NB - Maternal Origin,Transition - Purine/Purine,Unsolved
31871136,rs78676501,GG,GG,GA,100,70,83,NC_000016.10,Mutation NB - Maternal Origin,Transition - Purine/Purine,Unsolved
47055716,rs11247543,CC,TT,CC,82,79,0,NC_000016.10,Mutation NB - Maternal Origin,Transition - Pyrimidine/Pyrimidine,T>C
47855900,rs28688663,TT,TT,TA,100,73,87,NC_000016.10,Mutation NB - Maternal Origin,Transition - Pyrimidine/Pyrimidine,Transversion - Purine/Pyrimidine,Unsolved
49679893,rs11640296,TT,TG,GG,79,29,9,NC_000016.10,Mutation NB - Paternal Origin,Transversion - Purine/Pyrimidine,T>G
49839616,.,TT,TT,TC,76,64,52,NC_000016.10,Mutation NB - Maternal Origin,Transition - Pyrimidine/Pyrimidine,Unsolved
50684240,rs115809314,CC,CC,CT,88,73,68,NC_000016.10,Mutation NB - Maternal Origin,Transition - Pyrimidine/Pyrimidine,Unsolved
54713928,rs9929251,GG,GG,GA,70,100,95,NC_000016.10,Mutation NB - Paternal Origin,Transition - Purine/Purine,Unsolved
54999782,rs11076064,CC,TT,TT,88,49,9,NC_000016.10,Mutation NB - Paternal Origin,Transition - Pyrimidine/Pyrimidine,C>T
55068934,rs4783870,GG,GC,CC,100,1,9,NC_000016.10,Mutation NB - Paternal Origin,Transversion - Purine/Pyrimidine,G>C
55424218,rs1961436599,CC,CC,CA,61,70,48,NC_000016.10,Mutation NB - Paternal Origin,Transversion - Purine/Pyrimidine,Unsolved
55502911,rs17860007,CC,CC,CT,100,79,30,NC_000016.10,Mutation NB - Maternal Origin,Transition - Pyrimidine/Pyrimidine,Unsolved
57760976,rs2965799,TT,AA,TT,88,64,12,NC_000016.10,Mutation NB - Maternal Origin,Transversion - Purine/Pyrimidine,A>T
58491356,rs79664261,CC,CT,TT,82,1,14,NC_000016.10,Mutation NB - Paternal Origin,Transition - Pyrimidine/Pyrimidine,C>T
58762316,rs8047097,CC,GG,CC,91,85,9,NC_000016.10,Mutation NB - Maternal Origin,Transversion - Purine/Pyrimidine,G>C
61581573,rs7195559,TT,CC,CC,85,100,0,NC_000016.10,Mutation NB - Paternal Origin,Transition - Pyrimidine/Pyrimidine,T>C
63005560,.,AA,AA,AG,64,79,59,NC_000016.10,Mutation NB - Paternal Origin,Transition - Purine/Purine,Unsolved
68526993,rs698715,AA,GG,AA,85,73,0,NC_000016.10,Mutation NB - Maternal Origin,Transition - Purine/Purine,G>A
72100932,rs2269918,CA,CC,AA,30,100,15,NC_000016.10,Mutation NB - Maternal Origin,Transversion - Purine/Pyrimidine,C>A
74746054,rs241377,AA,AA,GA,79,88,64,NC_000016.10,Mutation NB - Paternal Origin,Transition - Purine/Purine,Unsolved
79429430,rs34292262,TT,GT,GG,85,1,18,NC_000016.10,Mutation NB - Paternal Origin,Transversion - Purine/Pyrimidine,T>G
81121467,.,AA,AA,AG,91,85,36,NC_000016.10,Mutation NB - Maternal Origin,Transition - Purine/Purine,Unsolved
81207644,rs72831349,AA,TA,TT,88,1,9,NC_000016.10,Mutation NB - Paternal Origin,Transversion - Purine/Pyrimidine,A>T
81207664,rs4077826,AA,GA,GG,88,1,9,NC_000016.10,Mutation NB - Paternal Origin,Transition - Purine/Purine,A>G
81245515,rs28370522,CC,TT,TT,76,67,0,NC_000016.10,Mutation NB - Paternal Origin,Transition - Pyrimidine/Pyrimidine,C>T
81634149,rs184851820,CC,CC,CA,100,85,30,NC_000016.10,Mutation NB - Maternal Origin,Transversion - Purine/Pyrimidine,Unsolved
81679969,rs9927938,CC,TT,TT,88,76,15,NC_000016.10,Mutation NB - Paternal Origin,Transition - Pyrimidine/Pyrimidine,C>T
82387119,rs4627337,AG,GG,AA,28,85,0,NC_000016.10,Mutation NB - Maternal Origin,Transition - Purine/Purine,G>A
82489343,rs549991650,CC,CC,CT,82,82,68,NC_000016.10,Mutation NB - Paternal or Maternal,Transition - Pyrimidine/Pyrimidine,Unsolved
83281309,.,TT,TT,TC,85,88,33,NC_000016.10,Mutation NB - Paternal Origin,Transition - Pyrimidine/Pyrimidine,Unsolved
83859563,rs390721,CC,CC,TC,91,85,99,NC_000016.10,Mutation NB - Maternal Origin,Transition - Pyrimidine/Pyrimidine,Unsolved
83859585,rs401359,GG,GG,AG,91,85,99,NC_000016.10,Mutation NB - Maternal Origin,Transition - Purine/Purine,Unsolved
85006126,rs6564093,GG,GA,AA,100,1,24,NC_000016.10,Mutation NB - Paternal Origin,Transition - Purine/Purine,G>A
85077636,rs1399001947,CC,CC,CG,100,91,65,NC_000016.10,Mutation NB - Maternal Origin,Transversion - Purine/Pyrimidine,Unsolved
85114133,rs62051668,AA,GG,GG,79,82,0,NC_000016.10,Mutation NB - Paternal Origin,Transition - Purine/Purine,A>G
86142623,rs55975334,GG,AA,GG,82,82,0,NC_000016.10,Mutation NB - Maternal Origin,Transition - Purine/Purine,A>G
86198683,rs35570289,CC,CC,CG,100,76,30,NC_000016.10,Mutation NB - Maternal Origin,Transversion - Purine/Pyrimidine,Unsolved
86447077,rs11646726,AA,GG,GG,91,79,9,NC_000016.10,Mutation NB - Paternal Origin,Transition - Purine/Purine,A>G
86730412,rs16942004,CC,CC,CA,100,82,99,NC_000016.10,Mutation NB - Maternal Origin,Transversion - Purine/Pyrimidine,Unsolved
86918201,rs9925927,CC,GG,CC,79,79,24,NC_000016.10,Mutation NB - Maternal Origin,Transversion - Purine/Pyrimidine,G>C
86926044,rs74348516,GG,GG,GA,70,100,99,NC_000016.10,Mutation NB - Paternal Origin,Transition - Purine/Purine,Unsolved
87856040,rs72814368,CC,CT,TT,82,32,18,NC_000016.10,Mutation NB - Paternal Origin,Transition - Pyrimidine/Pyrimidine,C>T
88074068,rs3936121,CC,TT,CC,85,73,0,NC_000016.10,Mutation NB - Maternal Origin,Transition - Pyrimidine/Pyrimidine,T>C
88429600,rs12918876,TT,CC,TT,100,79,12,NC_000016.10,Mutation NB - Maternal Origin,Transition - Pyrimidine/Pyrimidine,C>T
88738874,rs57044148,CC,CC,CT,100,85,30,NC_000016.10,Mutation NB - Maternal Origin,Transition - Pyrimidine/Pyrimidine,Unsolved
88748550,rs56305262,GG,GG,GA,91,88,68,NC_000016.10,Mutation NB - Maternal Origin,Transition - Purine/Purine,Unsolved
88871948,rs8056410,CC,CC,CT,91,67,99,NC_000016.10,Mutation NB - Maternal Origin,Transition - Pyrimidine/Pyrimidine,Unsolved
88917544,rs75467683,AA,CC,CC,91,70,21,NC_000016.10,Mutation NB - Paternal Origin,Transversion - Purine/Pyrimidine,A>C
88917584,rs80043174,CC,TT,TT,91,70,21,NC_000016.10,Mutation NB - Paternal Origin,Transition - Pyrimidine/Pyrimidine,C>T
88984598,rs1973003249,AA,AA,AG,91,76,54,NC_000016.10,Mutation NB - Maternal Origin,Transition - Purine/Purine,Unsolved
89019978,rs144068376,CT,CC,TT,38,52,12,NC_000016.10,Mutation NB - Maternal Origin,Transversion - Purine/Pyrimidine,C>T
89312958,rs1443232948,TT,TT,TC,82,64,50,NC_000016.10,Mutation NB - Maternal Origin,Transition - Pyrimidine/Pyrimidine,Unsolved
89520048,rs1362526977,AA,AA,AG,79,64,43,NC_000016.10,Mutation NB - Maternal Origin,Transition - Purine/Purine,Unsolved
1844734,rs4790827,AG,GG,AA,60,88,9,NC_000017.11,Mutation NB - Maternal Origin,Transition - Purine/Purine,G>A
1896662,rs7406953,CC,TT,CC,100,88,12,NC_000017.11,Mutation NB - Maternal Origin,Transition - Pyrimidine/Pyrimidine,T>C
1943537,rs4516268,CC,AA,CC,85,58,15,NC_000017.11,Mutation NB - Maternal Origin,Transversion - Purine/Pyrimidine,A>C
2007148,rs67810169,AA,AA,AG,100,82,68,NC_000017.11,Mutation NB - Maternal Origin,Transition - Purine/Purine,Unsolved
2069545,rs910530227,GG,GG,GA,67,74,80,NC_000017.11,Mutation NB - Paternal Origin,Transition - Purine/Purine,Unsolved
2267207,rs72819571,GG,TT,TT,85,88,9,NC_000017.11,Mutation NB - Paternal Origin,Transversion - Purine/Pyrimidine,G>T
2882338,rs6502605,GG,CC,CC,100,76,30,NC_000017.11,Mutation NB - Paternal Origin,Transversion - Purine/Pyrimidine,G>C
2937468,rs4790104,GA,AA,GG,1,91,9,NC_000017.11,Mutation NB - Maternal Origin,Transition - Purine/Purine,A>G
2937496,rs8078257,TC,TT,CC,1,91,9,NC_000017.11,Mutation NB - Maternal Origin,Transition - Pyrimidine/Pyrimidine,T>C
3532641,rs454738,CA,AA,CC,1,88,9,NC_000017.11,Mutation NB - Maternal Origin,A>C
3540798,rs143218780,CC,CC,CT,100,76,29,NC_000017.11,Mutation NB - Maternal Origin,Transition - Pyrimidine/Pyrimidine,Unsolved
3601032,rs161380,AG,GG,AA,32,82,0,NC_000017.11,Mutation NB - Maternal Origin,Transition - Purine/Purine,G>A
3683748,rs67438155,AA,GG,AA,82,73,0,NC_000017.11,Mutation NB - Maternal Origin,Transition - Purine/Purine,G>A
3810952,.,TT,TT,TC,82,67,62,NC_000017.11,Mutation NB - Maternal Origin,Transition - Pyrimidine/Pyrimidine,Unsolved
3935332,rs2074991,TC,CC,TT,1,91,15,NC_000017.11,Mutation NB - Maternal Origin,Transversion - Purine/Pyrimidine,C>T
3977070,rs16942527,GG,GG,GA,100,58,99,NC_000017.11,Mutation NB - Maternal Origin,Transition - Purine/Purine,Unsolved
4559529,.,TT,TT,TC,79,82,61,NC_000017.11,Mutation NB - Paternal Origin,Transition - Pyrimidine/Pyrimidine,Unsolved
4622073,rs115566301,AA,AA,AG,91,52,65,NC_000017.11,Mutation NB - Maternal Origin,Transition - Purine/Purine,Unsolved
4878595,rs2302322,AA,AA,GA,76,52,99,NC_000017.11,Mutation NB - Maternal Origin,Transition - Purine/Purine,Unsolved
5321495,rs2075354626,AA,AA,AG,73,46,60,NC_000017.11,Mutation NB - Maternal Origin,Transition - Purine/Purine,Unsolved
5554518,rs11654176,TT,TT,TC,100,88,61,NC_000017.11,Mutation NB - Maternal Origin,Transition - Pyrimidine/Pyrimidine,Unsolved
8253992,rs9891699,CC,TT,TT,91,70,33,NC_000017.11,Mutation NB - Paternal Origin,Transition - Pyrimidine/Pyrimidine,C>T
8717311,rs2101938,CC,TT,TT,82,58,9,NC_000017.11,Mutation NB - Paternal Origin,Transition - Pyrimidine/Pyrimidine,C>T
9261048,rs12938346,GG,AA,GG,85,82,9,NC_000017.11,Mutation NB - Maternal Origin,Transition - Purine/Purine,A>G
9955974,rs8074549,CC,TA,AA,91,1,9,NC_000017.11,Mutation NB - Paternal Origin,Transversion - Purine/Pyrimidine,C>A
10232164,rs8069782,AA,AA,AT,91,100,65,NC_000017.11,Mutation NB - Paternal Origin,Transversion - Purine/Pyrimidine,Unsolved
11002216,rs1859994,GA,AA,GG,1,67,0,NC_000017.11,Mutation NB - Maternal Origin,Transition - Purine/Purine,A>G
11442808,rs1513753,GG,GG,GA,100,91,62,NC_000017.11,Mutation NB - Maternal Origin,Transition - Purine/Purine,Unsolved
13115327,rs2215079,AA,GG,GG,100,58,18,NC_000017.11,Mutation NB - Paternal Origin,Transition - Purine/Purine,A>G
13115365,rs28508339,CC,CC,CG,100,61,99,NC_000017.11,Mutation NB - Maternal Origin,Transversion - Purine/Pyrimidine,Unsolved
15389066,rs10852831,TT,CC,TT,88,73,0,NC_000017.11,Mutation NB - Maternal Origin,Transition - Pyrimidine/Pyrimidine,C>T
17364952,rs8075306,GG,TT,GG,55,91,21,NC_000017.11,Mutation NB - Maternal Origin,Transition - Purine/Purine,Transversion - Purine/Pyrimidine,T>G
17824629,rs9899634,AA,TT,TT,70,85,24,NC_000017.11,Mutation NB - Paternal Origin,Transversion - Purine/Pyrimidine,A>T
20105590,rs9907788,CC,TT,TT,82,73,0,NC_000017.11,Mutation NB - Paternal Origin,Transition - Pyrimidine/Pyrimidine,C>T
20228450,rs16960735,GG,AA,GG,91,88,12,NC_000017.11,Mutation NB - Maternal Origin,Transition - Purine/Purine,A>G
21406312,rs4247127,GG,AA,AA,76,76,18,NC_000017.11,Mutation NB - Paternal Origin,Transition - Purine/Purine,G>A
22462553,rs994983650,TT,AA,TT,67,88,15,NC_000017.11,Mutation NB - Maternal Origin,Transversion - Purine/Pyrimidine,A>T
22694046,.,CC,CC,CT,82,85,71,NC_000017.11,Mutation NB - Paternal Origin,Transition - Pyrimidine/Pyrimidine,Unsolved
27000357,rs28374124,TT,TT,CC,89,84,3,NC_000017.11,Mutation NB - Maternal Origin,Transition - Pyrimidine/Pyrimidine,Unsolved
27242616,rs7212136,CC,GG,GG,88,76,0,NC_000017.11,Mutation NB - Paternal Origin,Transversion - Purine/Pyrimidine,C>G
27566201,rs2945400,TT,TC,CC,100,1,12,NC_000017.11,Mutation NB - Paternal Origin,Transition - Pyrimidine/Pyrimidine,T>C
29576397,.,CC,CC,CG,76,67,33,NC_000017.11,Mutation NB - Maternal Origin,Transversion - Purine/Pyrimidine,Unsolved
32099208,rs72825750,TT,AA,TT,31,31,0,NC_000017.11,Mutation NB - Maternal Origin,Transversion - Purine/Pyrimidine,A>T
32099258,rs72825751,GA,AA,GG,1,64,21,NC_000017.11,Mutation NB - Maternal Origin,Transition - Purine/Purine,A>G
33034079,rs117460785,GG,AA,AA,85,76,12,NC_000017.11,Mutation NB - Paternal Origin,Transition - Purine/Purine,G>A
33329358,rs149266217,TT,CC,CC,91,67,9,NC_000017.11,Mutation NB - Paternal Origin,Transition - Pyrimidine/Pyrimidine,T>C
34008646,rs8064267,CC,TT,TT,88,82,0,NC_000017.11,Mutation NB - Paternal Origin,Transition - Pyrimidine/Pyrimidine,C>T
35204160,rs9899066,GG,GG,GA,100,70,95,NC_000017.11,Mutation NB - Maternal Origin,Transition - Purine/Purine,Unsolved
35698441,rs2523116,CC,TC,TT,91,29,0,NC_000017.11,Mutation NB - Paternal Origin,Transition - Pyrimidine/Pyrimidine,C>T
38936035,rs7209687,TT,GG,GG,91,88,9,NC_000017.11,Mutation NB - Paternal Origin,Transversion - Purine/Pyrimidine,T>G
39151997,rs11869501,CC,TT,TT,82,61,0,NC_000017.11,Mutation NB - Paternal Origin,Transition - Pyrimidine/Pyrimidine,C>T
40476882,rs7224214,AA,AA,CA,91,70,99,NC_000017.11,Mutation NB - Maternal Origin,Transversion - Purine/Pyrimidine,Unsolved
41160230,rs366700,CC,CC,CG,100,76,68,NC_000017.11,Mutation NB - Maternal Origin,Transversion - Purine/Pyrimidine,Unsolved
41587174,rs7350916,GG,AA,AA,91,82,9,NC_000017.11,Mutation NB - Paternal Origin,Transition - Purine/Purine,G>A
42127662,rs731152,GG,GG,GA,82,82,99,NC_000017.11,Mutation NB - Paternal or Maternal,Transition - Purine/Purine,Unsolved
42778077,rs873084,GG,AA,GG,82,73,12,NC_000017.11,Mutation NB - Maternal Origin,Transition - Purine/Purine,A>G
42778081,rs146349982,GC,GG,CC,35,73,12,NC_000017.11,Mutation NB - Maternal Origin,Transversion - Purine/Pyrimidine,G>C
44093503,rs117519930,CC,TT,CC,91,79,0,NC_000017.11,Mutation NB - Maternal Origin,Transition - Pyrimidine/Pyrimidine,T>C
44257582,rs2252501,CC,TT,TT,91,76,0,NC_000017.11,Mutation NB - Paternal Origin,Transition - Pyrimidine/Pyrimidine,C>T
44610593,rs3897486,TT,CC,CC,73,55,12,NC_000017.11,Mutation NB - Paternal Origin,Transition - Pyrimidine/Pyrimidine,T>C
49526154,rs2671650,AA,CC,CC,85,73,0,NC_000017.11,Mutation NB - Paternal Origin,Transversion - Purine/Pyrimidine,A>C
49761154,rs149884158,GG,GG,GC,91,67,33,NC_000017.11,Mutation NB - Maternal Origin,Transition - Purine/Purine,Transversion - Purine/Pyrimidine,Unsolved
50531590,rs2277627,CC,TT,TT,100,85,15,NC_000017.11,Mutation NB - Paternal Origin,Transition - Pyrimidine/Pyrimidine,C>T
52076498,rs2970045,AA,CC,CC,91,82,9,NC_000017.11,Mutation NB - Paternal Origin,Transversion - Purine/Pyrimidine,A>C
56797498,rs72837340,TT,CC,CC,91,76,15,NC_000017.11,Mutation NB - Paternal Origin,Transition - Pyrimidine/Pyrimidine,T>C
56797540,rs72837341,TT,CC,CC,91,79,15,NC_000017.11,Mutation NB - Paternal Origin,Transition - Pyrimidine/Pyrimidine,T>C
58193839,rs36066186,TT,CC,CC,79,52,24,NC_000017.11,Mutation NB - Paternal Origin,Transition - Pyrimidine/Pyrimidine,T>C
63699178,rs3817181,GG,CC,CC,100,52,15,NC_000017.11,Mutation NB - Paternal Origin,Transversion - Purine/Pyrimidine,G>C
65611304,rs903282675,TT,TT,TC,79,52,53,NC_000017.11,Mutation NB - Maternal Origin,Transition - Pyrimidine/Pyrimidine,Unsolved
66403485,rs9674779,GG,AA,GG,85,100,18,NC_000017.11,Mutation NB - Maternal Origin,Transition - Purine/Purine,A>G
70029671,.,AA,AA,AG,82,73,65,NC_000017.11,Mutation NB - Maternal Origin,Transition - Purine/Purine,Unsolved
74015480,rs745375,TT,CC,CC,91,67,33,NC_000017.11,Mutation NB - Paternal Origin,Transition - Pyrimidine/Pyrimidine,T>C
74368873,.,GG,GG,GT,85,67,53,NC_000017.11,Mutation NB - Maternal Origin,Transversion - Purine/Pyrimidine,Unsolved
75724558,rs820166,CC,TT,TT,100,64,15,NC_000017.11,Mutation NB - Paternal Origin,Transition - Pyrimidine/Pyrimidine,C>T
76918008,rs115984759,AA,GG,GG,85,79,18,NC_000017.11,Mutation NB - Paternal Origin,Transition - Purine/Purine,A>G
77075191,rs9915587,GG,CG,CC,91,70,12,NC_000017.11,Mutation NB - Paternal Origin,Transversion - Purine/Pyrimidine,G>C
77113952,rs517459,CC,CC,CT,88,88,99,NC_000017.11,Mutation NB - Paternal or Maternal,Transition - Pyrimidine/Pyrimidine,Unsolved
77370498,rs11077904,GG,GA,AA,76,1,18,NC_000017.11,Mutation NB - Paternal Origin,Transition - Purine/Purine,G>A
77735500,.,CC,CC,CT,67,79,47,NC_000017.11,Mutation NB - Paternal Origin,Transition - Pyrimidine/Pyrimidine,Unsolved
78306128,rs59862272,GG,TT,GG,85,88,12,NC_000017.11,Mutation NB - Maternal Origin,Transition - Purine/Purine,Transversion - Purine/Pyrimidine,T>G
78315075,rs62079110,GG,AA,GG,85,79,0,NC_000017.11,Mutation NB - Maternal Origin,Transition - Purine/Purine,A>G
78641890,.,CC,CC,CT,91,85,68,NC_000017.11,Mutation NB - Maternal Origin,Transition - Pyrimidine/Pyrimidine,Unsolved
78881280,rs8069845,TC,CC,TT,32,85,0,NC_000017.11,Mutation NB - Maternal Origin,Transversion - Purine/Pyrimidine,C>T
79125917,rs1675267,AG,AA,GG,41,100,18,NC_000017.11,Mutation NB - Maternal Origin,Transition - Purine/Purine,A>G
79134602,rs2707027,GG,GC,CC,88,1,27,NC_000017.11,Mutation NB - Paternal Origin,Transversion - Purine/Pyrimidine,G>C
79419623,rs67634527,CC,CC,CT,70,91,57,NC_000017.11,Mutation NB - Paternal Origin,Transition - Pyrimidine/Pyrimidine,Unsolved
80144770,rs12940486,CC,TT,CC,88,91,21,NC_000017.11,Mutation NB - Maternal Origin,Transition - Pyrimidine/Pyrimidine,T>C
80204006,rs2289540,CC,CC,CG,100,88,68,NC_000017.11,Mutation NB - Maternal Origin,Transversion - Purine/Pyrimidine,Unsolved
80884862,rs2672877,AA,GG,AA,88,85,18,NC_000017.11,Mutation NB - Maternal Origin,Transition - Purine/Purine,G>A
81527817,rs1433214069,GG,GG,GA,73,58,55,NC_000017.11,Mutation NB - Maternal Origin,Transition - Purine/Purine,Unsolved
81612848,rs3935543,TT,CC,TT,79,70,0,NC_000017.11,Mutation NB - Maternal Origin,Transition - Pyrimidine/Pyrimidine,C>T
82552913,rs4789790,GG,AA,GG,91,67,12,NC_000017.11,Mutation NB - Maternal Origin,Transition - Purine/Purine,A>G
2639565,rs4797078,GG,AA,AA,91,88,9,NC_000018.10,Mutation NB - Paternal Origin,Transition - Purine/Purine,G>A
2823588,rs501395,CC,TT,TT,85,70,9,NC_000018.10,Mutation NB - Paternal Origin,Transition - Pyrimidine/Pyrimidine,C>T
4396034,rs12456026,TT,TT,TC,100,70,72,NC_000018.10,Mutation NB - Maternal Origin,Transition - Pyrimidine/Pyrimidine,Unsolved
5601404,rs1785418,GG,AA,AA,100,88,9,NC_000018.10,Mutation NB - Paternal Origin,Transition - Purine/Purine,G>A
6084867,rs73938724,AT,AA,TT,32,79,9,NC_000018.10,Mutation NB - Maternal Origin,Transversion - Purine/Pyrimidine,A>T
6134859,rs56293452,GG,GA,AA,91,35,12,NC_000018.10,Mutation NB - Paternal Origin,Transition - Purine/Purine,G>A
6988676,rs4384671,AA,AA,AG,100,100,68,NC_000018.10,Mutation NB - Paternal or Maternal,Transition - Purine/Purine,Unsolved
7618718,.,TT,TT,TC,67,67,43,NC_000018.10,Mutation NB - Paternal or Maternal,Transition - Pyrimidine/Pyrimidine,Unsolved
7947848,rs7239786,TT,CC,CC,85,73,21,NC_000018.10,Mutation NB - Paternal Origin,Transition - Pyrimidine/Pyrimidine,T>C
8355510,rs1841170,GG,TT,GG,58,61,0,NC_000018.10,Mutation NB - Maternal Origin,Transition - Purine/Purine,Transversion - Purine/Pyrimidine,T>G
9005733,.,TT,TT,TC,82,64,60,NC_000018.10,Mutation NB - Maternal Origin,Transition - Pyrimidine/Pyrimidine,Unsolved
9637076,rs73942124,GG,AA,AA,91,49,9,NC_000018.10,Mutation NB - Paternal Origin,Transition - Purine/Purine,G>A
13421326,rs375898341,GG,AA,AA,88,76,0,NC_000018.10,Mutation NB - Paternal Origin,Transition - Purine/Purine,G>A
13485018,rs79925486,GG,GG,GA,91,88,24,NC_000018.10,Mutation NB - Maternal Origin,Transition - Purine/Purine,Unsolved
14257670,rs62081994,GA,GG,AA,35,58,12,NC_000018.10,Mutation NB - Maternal Origin,Transition - Purine/Purine,G>A
24644526,rs1668120,CC,AA,AA,91,68,0,NC_000018.10,Mutation NB - Paternal Origin,Transversion - Purine/Pyrimidine,C>A
25744264,rs1823079,CC,AA,AA,88,88,9,NC_000018.10,Mutation NB - Paternal Origin,Transversion - Purine/Pyrimidine,C>A
29898217,rs113205359,AC,CC,AA,1,76,0,NC_000018.10,Mutation NB - Maternal Origin,Transversion - Purine/Pyrimidine,C>A
36422615,rs10853434,GG,AA,AA,100,88,21,NC_000018.10,Mutation NB - Paternal Origin,Transition - Purine/Purine,G>A
37286288,.,AA,AA,AG,88,85,58,NC_000018.10,Mutation NB - Maternal Origin,Transition - Purine/Purine,Unsolved
37873421,rs4799971,AA,GG,GG,76,64,0,NC_000018.10,Mutation NB - Paternal Origin,Transition - Purine/Purine,A>G
39151280,rs1015360451,AA,AA,AG,79,79,56,NC_000018.10,Mutation NB - Paternal or Maternal,Transition - Purine/Purine,Unsolved
46135540,rs1791403,GG,GG,AG,82,95,29,NC_000018.10,Mutation NB - Paternal Origin,Transition - Purine/Purine,Unsolved
48123788,.,AA,AA,AG,82,79,67,NC_000018.10,Mutation NB - Maternal Origin,Transition - Purine/Purine,Unsolved
48194710,rs8096699,AA,AA,AG,88,100,68,NC_000018.10,Mutation NB - Paternal Origin,Transition - Purine/Purine,Unsolved
49236812,rs7240563,CC,AA,AA,91,64,12,NC_000018.10,Mutation NB - Paternal Origin,Transversion - Purine/Pyrimidine,C>A
51123683,rs112041351,AA,GG,GG,82,61,36,NC_000018.10,Mutation NB - Paternal Origin,Transition - Purine/Purine,A>G
58379148,.,AA,AA,AG,91,64,33,NC_000018.10,Mutation NB - Maternal Origin,Transition - Purine/Purine,Unsolved
58798892,rs12327537,CC,GG,GG,100,76,12,NC_000018.10,Mutation NB - Paternal Origin,Transversion - Purine/Pyrimidine,C>G
59402640,.,TT,TT,TC,70,64,99,NC_000018.10,Mutation NB - Maternal Origin,Transition - Pyrimidine/Pyrimidine,Unsolved
65477442,rs79995306,CC,CC,CT,100,76,98,NC_000018.10,Mutation NB - Maternal Origin,Transition - Pyrimidine/Pyrimidine,Unsolved
65706526,rs7235205,GG,AG,AA,91,44,9,NC_000018.10,Mutation NB - Paternal Origin,Transition - Purine/Purine,G>A
71211802,rs9962907,AA,AA,AG,73,100,99,NC_000018.10,Mutation NB - Paternal Origin,Transition - Purine/Purine,Unsolved
71339028,rs28685159,CC,CC,CT,100,58,99,NC_000018.10,Mutation NB - Maternal Origin,Transition - Pyrimidine/Pyrimidine,Unsolved
72509644,rs4891480,CC,TT,CC,76,88,0,NC_000018.10,Mutation NB - Maternal Origin,Transition - Pyrimidine/Pyrimidine,T>C
74441939,rs1559805,AA,CC,CC,91,76,9,NC_000018.10,Mutation NB - Paternal Origin,Transversion - Purine/Pyrimidine,A>C
75731683,rs8095204,AA,GG,AA,91,91,0,NC_000018.10,Mutation NB - Maternal Origin,Transition - Purine/Purine,G>A
75801121,rs8087298,CC,TT,CC,85,91,0,NC_000018.10,Mutation NB - Maternal Origin,Transition - Pyrimidine/Pyrimidine,T>C
76639499,rs7232313,TT,CC,CC,100,70,18,NC_000018.10,Mutation NB - Paternal Origin,Transition - Pyrimidine/Pyrimidine,T>C
79773358,rs12958366,TT,CC,TT,88,88,0,NC_000018.10,Mutation NB - Maternal Origin,Transition - Pyrimidine/Pyrimidine,C>T
586330,rs10413962,AA,TT,TT,88,67,9,NC_000019.10,Mutation NB - Paternal Origin,Transversion - Purine/Pyrimidine,A>T
789454,rs10405462,TT,CC,TT,82,79,9,NC_000019.10,Mutation NB - Maternal Origin,Transition - Pyrimidine/Pyrimidine,C>T
1010909,rs7248769,AA,GG,AA,70,79,9,NC_000019.10,Mutation NB - Maternal Origin,Transition - Purine/Purine,G>A
1010911,rs7252527,TT,CC,TT,70,79,9,NC_000019.10,Mutation NB - Maternal Origin,Transition - Pyrimidine/Pyrimidine,C>T
1066929,rs12981369,TT,GG,TT,82,100,9,NC_000019.10,Mutation NB - Maternal Origin,Transversion - Purine/Pyrimidine,G>T
1488148,rs4807120,TT,CC,TT,73,100,9,NC_000019.10,Mutation NB - Maternal Origin,Transition - Pyrimidine/Pyrimidine,C>T
2337409,rs55710409,CC,CT,TT,61,35,9,NC_000019.10,Mutation NB - Paternal Origin,Transition - Pyrimidine/Pyrimidine,C>T
2988136,.,TT,TT,TC,76,73,62,NC_000019.10,Mutation NB - Maternal Origin,Transition - Pyrimidine/Pyrimidine,Unsolved
3101251,rs113975777,GG,GG,GA,88,61,33,NC_000019.10,Mutation NB - Maternal Origin,Transition - Purine/Purine,Unsolved
3890924,rs62133058,TT,CC,CC,88,85,15,NC_000019.10,Mutation NB - Paternal Origin,Transition - Pyrimidine/Pyrimidine,T>C
5051644,rs12611002,CC,CC,CT,100,70,27,NC_000019.10,Mutation NB - Maternal Origin,Transition - Pyrimidine/Pyrimidine,Unsolved
6286968,rs76369673,CC,TT,TT,91,67,0,NC_000019.10,Mutation NB - Paternal Origin,Transition - Pyrimidine/Pyrimidine,C>T
6778982,rs11667864,TT,CC,TT,82,82,12,NC_000019.10,Mutation NB - Maternal Origin,Transition - Pyrimidine/Pyrimidine,C>T
7187605,rs7257324,CC,CC,CG,100,100,30,NC_000019.10,Mutation NB - Paternal or Maternal,Transversion - Purine/Pyrimidine,Unsolved
7467366,rs2303142,CC,GG,CC,91,79,12,NC_000019.10,Mutation NB - Maternal Origin,Transversion - Purine/Pyrimidine,G>C
8054555,rs74708714,CC,CC,CA,100,85,27,NC_000019.10,Mutation NB - Maternal Origin,Transversion - Purine/Pyrimidine,Unsolved
8376075,rs113484749,TT,CC,CC,88,88,0,NC_000019.10,Mutation NB - Paternal Origin,Transition - Pyrimidine/Pyrimidine,T>C
8507045,rs11259989,AA,AG,GG,88,1,9,NC_000019.10,Mutation NB - Paternal Origin,Transition - Purine/Purine,A>G
8673697,rs2967682,AA,CC,CC,70,61,21,NC_000019.10,Mutation NB - Paternal Origin,Transversion - Purine/Pyrimidine,A>C
9322584,rs58580615,AA,AA,AG,82,52,68,NC_000019.10,Mutation NB - Maternal Origin,Transition - Purine/Purine,Unsolved
9322623,rs140117058,AA,GG,GG,82,52,21,NC_000019.10,Mutation NB - Paternal Origin,Transition - Purine/Purine,A>G
9548963,rs200207615,AA,AA,AC,100,82,99,NC_000019.10,Mutation NB - Maternal Origin,Transversion - Purine/Pyrimidine,Unsolved
9548964,rs7259783,GG,GG,GA,100,82,99,NC_000019.10,Mutation NB - Maternal Origin,Transition - Purine/Purine,Unsolved
9561112,.,GG,GG,GA,82,82,46,NC_000019.10,Mutation NB - Paternal or Maternal,Transition - Purine/Purine,Unsolved
9663716,rs7248869,GG,GG,GA,100,85,27,NC_000019.10,Mutation NB - Maternal Origin,Transition - Purine/Purine,Unsolved
10492072,rs1914693931,GG,GG,GA,91,67,56,NC_000019.10,Mutation NB - Maternal Origin,Transition - Purine/Purine,Unsolved
14799136,rs137933275,CC,CC,CG,100,88,30,NC_000019.10,Mutation NB - Maternal Origin,Transversion - Purine/Pyrimidine,Unsolved
17101291,rs12461009,CC,TT,TT,91,91,0,NC_000019.10,Mutation NB - Paternal Origin,Transition - Pyrimidine/Pyrimidine,C>T
17168169,rs4808583,TT,GT,GG,91,6,0,NC_000019.10,Mutation NB - Paternal Origin,Transversion - Purine/Pyrimidine,T>G
17403631,rs919265,GG,CC,GG,88,91,0,NC_000019.10,Mutation NB - Maternal Origin,Transversion - Purine/Pyrimidine,C>G
17481988,rs12983319,CA,AA,CC,70,82,0,NC_000019.10,Mutation NB - Maternal Origin,A>C
17481990,rs12983501,CT,TT,CC,70,82,0,NC_000019.10,Mutation NB - Maternal Origin,Transition - Pyrimidine/Pyrimidine,T>C
17863414,rs7508025,CC,TT,CC,88,100,9,NC_000019.10,Mutation NB - Maternal Origin,Transition - Pyrimidine/Pyrimidine,T>C
18674601,rs1025048777,GG,GG,GA,97,94,4,NC_000019.10,Mutation NB - Maternal Origin,Transition - Purine/Purine,Unsolved
18674608,rs906554138,GG,GG,GA,73,85,71,NC_000019.10,Mutation NB - Paternal Origin,Transition - Purine/Purine,Unsolved
20246130,rs79425771,CC,TT,CC,91,88,21,NC_000019.10,Mutation NB - Maternal Origin,Transition - Pyrimidine/Pyrimidine,T>C
20661671,rs10413663,CC,CC,CT,100,76,33,NC_000019.10,Mutation NB - Maternal Origin,Transition - Pyrimidine/Pyrimidine,Unsolved
21234342,rs584725,GA,AA,GG,32,61,0,NC_000019.10,Mutation NB - Maternal Origin,Transition - Purine/Purine,A>G
28040531,rs60300481,AA,AA,AC,100,88,27,NC_000019.10,Mutation NB - Maternal Origin,Transversion - Purine/Pyrimidine,Unsolved
28466434,rs58290166,TT,TT,TC,100,82,68,NC_000019.10,Mutation NB - Maternal Origin,Transition - Pyrimidine/Pyrimidine,Unsolved
29019928,rs4805324,TC,CC,TT,1,76,9,NC_000019.10,Mutation NB - Maternal Origin,Transversion - Purine/Pyrimidine,C>T
29112900,rs10404671,AA,GG,AA,85,76,15,NC_000019.10,Mutation NB - Maternal Origin,Transition - Purine/Purine,G>A
29188715,rs11882233,AG,AA,GG,67,82,15,NC_000019.10,Mutation NB - Maternal Origin,Transition - Purine/Purine,A>G
29417604,rs10426820,AA,AA,AG,100,76,99,NC_000019.10,Mutation NB - Maternal Origin,Transition - Purine/Purine,Unsolved
29665748,rs8105689,GG,GG,GT,76,61,99,NC_000019.10,Mutation NB - Maternal Origin,Transversion - Purine/Pyrimidine,Unsolved
29669439,rs1971605804,CC,CC,CT,58,76,47,NC_000019.10,Mutation NB - Paternal Origin,Transition - Pyrimidine/Pyrimidine,Unsolved
29782291,rs73925739,CT,CC,TT,1,85,9,NC_000019.10,Mutation NB - Maternal Origin,Transversion - Purine/Pyrimidine,C>T
31272763,.,TT,TT,TC,85,67,65,NC_000019.10,Mutation NB - Maternal Origin,Transition - Pyrimidine/Pyrimidine,Unsolved
31289450,rs76236075,AA,AG,GG,85,1,12,NC_000019.10,Mutation NB - Paternal Origin,Transition - Purine/Purine,A>G
32945484,rs7254739,CC,CT,TT,91,1,9,NC_000019.10,Mutation NB - Paternal Origin,Transition - Pyrimidine/Pyrimidine,C>T
33438188,rs17760970,CC,TT,TT,79,52,0,NC_000019.10,Mutation NB - Paternal Origin,Transition - Pyrimidine/Pyrimidine,C>T
33887304,.,AA,AA,AT,73,37,50,NC_000019.10,Mutation NB - Maternal Origin,Transversion - Purine/Pyrimidine,Unsolved
34964226,rs2546030,GA,GG,AA,67,100,9,NC_000019.10,Mutation NB - Maternal Origin,Transition - Purine/Purine,G>A
36986843,.,AA,AA,AG,85,82,56,NC_000019.10,Mutation NB - Maternal Origin,Transition - Purine/Purine,Unsolved
37579173,.,GG,GG,GT,61,52,59,NC_000019.10,Mutation NB - Maternal Origin,Transversion - Purine/Pyrimidine,Unsolved
42809272,rs146924079,GG,GG,GA,100,70,24,NC_000019.10,Mutation NB - Maternal Origin,Transition - Purine/Purine,Unsolved
44876425,rs385982,AA,CC,AA,61,34,12,NC_000019.10,Mutation NB - Maternal Origin,Transversion - Purine/Pyrimidine,C>A
44993518,rs57204168,AA,AA,AG,91,85,69,NC_000019.10,Mutation NB - Maternal Origin,Transition - Purine/Purine,Unsolved
47758437,rs113996495,GG,GG,GC,100,85,14,NC_000019.10,Mutation NB - Maternal Origin,Transition - Purine/Purine,Transversion - Purine/Pyrimidine,Unsolved
48204144,rs3745717,GG,TT,GG,85,70,0,NC_000019.10,Mutation NB - Maternal Origin,Transition - Purine/Purine,Transversion - Purine/Pyrimidine,T>G
48319564,rs545418268,GG,GG,GA,100,67,74,NC_000019.10,Mutation NB - Maternal Origin,Transition - Purine/Purine,Unsolved
48592910,rs4802495,AA,GG,GG,88,73,12,NC_000019.10,Mutation NB - Paternal Origin,Transition - Purine/Purine,A>G
49050504,rs59596379,CT,CC,TT,32,82,9,NC_000019.10,Mutation NB - Maternal Origin,Transversion - Purine/Pyrimidine,C>T
49952094,rs10405621,CC,CC,TT,91,100,12,NC_000019.10,Mutation NB - Paternal Origin,Transition - Pyrimidine/Pyrimidine,Unsolved
49969253,rs56220430,GG,GG,AA,100,79,24,NC_000019.10,Mutation NB - Maternal Origin,Transition - Purine/Purine,Unsolved
50877346,rs198974,TG,TT,GG,1,74,12,NC_000019.10,Mutation NB - Maternal Origin,Transversion - Purine/Pyrimidine,T>G
50968634,rs73600182,CC,CC,CT,88,85,30,NC_000019.10,Mutation NB - Maternal Origin,Transition - Pyrimidine/Pyrimidine,Unsolved
51039534,rs10401766,CC,TT,TT,91,91,0,NC_000019.10,Mutation NB - Paternal Origin,Transition - Pyrimidine/Pyrimidine,C>T
55175984,rs77500505,AA,TT,TT,91,88,15,NC_000019.10,Mutation NB - Paternal Origin,Transversion - Purine/Pyrimidine,A>T
55245612,rs3745920,AA,AG,GG,88,29,9,NC_000019.10,Mutation NB - Paternal Origin,Transition - Purine/Purine,A>G
55473759,rs55993407,GG,TT,TT,85,85,15,NC_000019.10,Mutation NB - Paternal Origin,Transversion - Purine/Pyrimidine,G>T
56071913,rs34825674,AA,GG,AA,79,88,27,NC_000019.10,Mutation NB - Maternal Origin,Transition - Purine/Purine,G>A
56071917,rs2087114,TT,TT,CC,79,88,0,NC_000019.10,Mutation NB - Paternal Origin,Transition - Pyrimidine/Pyrimidine,Unsolved
56071940,rs2087115,CC,CC,CT,79,100,15,NC_000019.10,Mutation NB - Paternal Origin,Transition - Pyrimidine/Pyrimidine,Unsolved
187882,rs762622304,AA,AA,AG,70,43,47,NC_000020.11,Mutation NB - Maternal Origin,Transition - Purine/Purine,Unsolved
421409,rs6051899,GG,AA,AA,100,73,27,NC_000020.11,Mutation NB - Paternal Origin,Transition - Purine/Purine,G>A
721926,rs6085580,CC,CT,TT,100,67,9,NC_000020.11,Mutation NB - Paternal Origin,Transition - Pyrimidine/Pyrimidine,C>T
722092,rs11905469,AA,GG,GG,91,91,0,NC_000020.11,Mutation NB - Paternal Origin,Transition - Purine/Purine,A>G
1671142,rs2273330,AA,GG,GG,100,37,12,NC_000020.11,Mutation NB - Paternal Origin,Transition - Purine/Purine,A>G
1803759,rs67351061,GG,AA,GG,64,82,0,NC_000020.11,Mutation NB - Maternal Origin,Transition - Purine/Purine,A>G
2327784,rs6106524,CC,CC,CT,79,100,65,NC_000020.11,Mutation NB - Paternal Origin,Transition - Pyrimidine/Pyrimidine,Unsolved
3378243,rs568357941,AA,AA,AG,73,73,65,NC_000020.11,Mutation NB - Paternal or Maternal,Transition - Purine/Purine,Unsolved
3671095,rs528557,GG,CG,CC,88,76,0,NC_000020.11,Mutation NB - Paternal Origin,Transversion - Purine/Pyrimidine,G>C
4068477,rs6052297,TC,TT,CC,1,79,2,NC_000020.11,Mutation NB - Maternal Origin,Transition - Pyrimidine/Pyrimidine,T>C
4161283,rs6052411,GG,CC,CC,91,67,12,NC_000020.11,Mutation NB - Paternal Origin,Transversion - Purine/Pyrimidine,G>C
5215082,rs4815773,GA,AA,GG,32,70,0,NC_000020.11,Mutation NB - Maternal Origin,Transition - Purine/Purine,A>G
5827639,.,CC,CC,CA,79,67,65,NC_000020.11,Mutation NB - Maternal Origin,Transversion - Purine/Pyrimidine,Unsolved
7419548,rs16993560,TT,CC,CC,91,82,9,NC_000020.11,Mutation NB - Paternal Origin,Transition - Pyrimidine/Pyrimidine,T>C
10159623,.,TT,TT,TC,73,58,41,NC_000020.11,Mutation NB - Maternal Origin,Transition - Pyrimidine/Pyrimidine,Unsolved
15100753,.,TT,TT,TC,88,86,33,NC_000020.11,Mutation NB - Maternal Origin,Transition - Pyrimidine/Pyrimidine,Unsolved
15979263,rs6131754,AA,AA,AG,82,100,99,NC_000020.11,Mutation NB - Paternal Origin,Transition - Purine/Purine,Unsolved
16062763,rs16997056,CT,CC,TT,70,88,9,NC_000020.11,Mutation NB - Maternal Origin,Transversion - Purine/Pyrimidine,C>T
17999726,rs6080928,GA,AA,GG,21,49,0,NC_000020.11,Mutation NB - Maternal Origin,Transition - Purine/Purine,A>G
18943984,.,AA,AA,AG,79,61,59,NC_000020.11,Mutation NB - Maternal Origin,Transition - Purine/Purine,Unsolved
20310341,rs2145057,GG,GG,CG,76,73,72,NC_000020.11,Mutation NB - Maternal Origin,Transition - Purine/Purine,Transversion - Purine/Pyrimidine,Unsolved
21504875,rs73127854,TT,AA,AA,85,85,9,NC_000020.11,Mutation NB - Paternal Origin,Transversion - Purine/Pyrimidine,T>A
23187849,rs62206882,CC,TT,CC,85,55,9,NC_000020.11,Mutation NB - Maternal Origin,Transition - Pyrimidine/Pyrimidine,T>C
23668815,.,AA,AA,AG,91,82,52,NC_000020.11,Mutation NB - Maternal Origin,Transition - Purine/Purine,Unsolved
23688821,.,AA,AA,AG,91,85,53,NC_000020.11,Mutation NB - Maternal Origin,Transition - Purine/Purine,Unsolved
23826723,rs6106732,GG,GG,GA,82,100,33,NC_000020.11,Mutation NB - Paternal Origin,Transition - Purine/Purine,Unsolved
23828334,rs73094557,CC,CT,TT,76,1,15,NC_000020.11,Mutation NB - Paternal Origin,Transition - Pyrimidine/Pyrimidine,C>T
24583020,rs571056450,GG,GG,GA,100,40,99,NC_000020.11,Mutation NB - Maternal Origin,Transition - Purine/Purine,Unsolved
24809109,rs148002609,CC,TT,CC,88,91,9,NC_000020.11,Mutation NB - Maternal Origin,Transition - Pyrimidine/Pyrimidine,T>C
24921641,.,AA,AA,AG,73,58,60,NC_000020.11,Mutation NB - Maternal Origin,Transition - Purine/Purine,Unsolved
25145367,rs910102,AA,GG,GG,88,67,12,NC_000020.11,Mutation NB - Paternal Origin,Transition - Purine/Purine,A>G
25214189,.,AA,AA,AG,79,52,50,NC_000020.11,Mutation NB - Maternal Origin,Transition - Purine/Purine,Unsolved
25227137,rs6138542,CC,AA,AA,88,91,12,NC_000020.11,Mutation NB - Paternal Origin,Transversion - Purine/Pyrimidine,C>A
29267027,rs1179009278,CC,AA,AA,82,67,18,NC_000020.11,Mutation NB - Paternal Origin,Transversion - Purine/Pyrimidine,C>A
29768525,rs1465028369,CC,CC,GG,100,100,21,NC_000020.11,Mutation NB - Paternal or Maternal,Transversion - Purine/Pyrimidine,Unsolved
32007579,rs6058511,CC,TT,CC,88,46,9,NC_000020.11,Mutation NB - Maternal Origin,Transition - Pyrimidine/Pyrimidine,T>C
32878581,rs13037762,AA,AG,GG,100,1,15,NC_000020.11,Mutation NB - Paternal Origin,Transition - Purine/Purine,A>G
33225328,rs4911305,TT,CC,CC,91,79,12,NC_000020.11,Mutation NB - Paternal Origin,Transition - Pyrimidine/Pyrimidine,T>C
34898793,rs6120756,GG,GA,AA,76,1,9,NC_000020.11,Mutation NB - Paternal Origin,Transition - Purine/Purine,G>A
34998440,.,TT,TT,TC,40,7,41,NC_000020.11,Mutation NB - Maternal Origin,Transition - Pyrimidine/Pyrimidine,Unsolved
36419655,rs4504054,CC,TT,CC,85,100,18,NC_000020.11,Mutation NB - Maternal Origin,Transition - Pyrimidine/Pyrimidine,T>C
40682193,rs62209877,AA,AA,AG,100,88,65,NC_000020.11,Mutation NB - Maternal Origin,Transition - Purine/Purine,Unsolved
42033095,rs62208672,CC,CC,CT,91,100,71,NC_000020.11,Mutation NB - Paternal Origin,Transition - Pyrimidine/Pyrimidine,Unsolved
43417576,rs1014732,AA,CC,AA,91,70,0,NC_000020.11,Mutation NB - Maternal Origin,Transversion - Purine/Pyrimidine,C>A
43493812,rs765147,CT,TT,CC,34,52,0,NC_000020.11,Mutation NB - Maternal Origin,Transition - Pyrimidine/Pyrimidine,T>C
43493820,rs765148,GA,AA,GG,34,55,0,NC_000020.11,Mutation NB - Maternal Origin,Transition - Purine/Purine,A>G
45335428,.,AA,AA,AG,82,73,33,NC_000020.11,Mutation NB - Maternal Origin,Transition - Purine/Purine,Unsolved
45840966,.,GG,GG,GA,88,49,64,NC_000020.11,Mutation NB - Maternal Origin,Transition - Purine/Purine,Unsolved
47896023,rs796742697,AA,AA,AG,100,73,72,NC_000020.11,Mutation NB - Maternal Origin,Transition - Purine/Purine,Unsolved
47896026,rs796814557,TT,TT,TC,100,85,72,NC_000020.11,Mutation NB - Maternal Origin,Transition - Pyrimidine/Pyrimidine,Unsolved
47909549,.,AA,AA,AG,85,76,54,NC_000020.11,Mutation NB - Maternal Origin,Transition - Purine/Purine,Unsolved
48148149,rs2758951,GG,TT,TT,91,70,0,NC_000020.11,Mutation NB - Paternal Origin,Transversion - Purine/Pyrimidine,G>T
48148150,rs2758952,GG,AA,AA,91,70,0,NC_000020.11,Mutation NB - Paternal Origin,Transition - Purine/Purine,G>A
48148169,rs151051,CC,GG,GG,91,70,0,NC_000020.11,Mutation NB - Paternal Origin,Transversion - Purine/Pyrimidine,C>G
53317782,rs2063539,GG,CC,CC,91,100,0,NC_000020.11,Mutation NB - Paternal Origin,Transversion - Purine/Pyrimidine,G>C
53525054,rs58555586,GG,GG,GC,100,73,99,NC_000020.11,Mutation NB - Maternal Origin,Transition - Purine/Purine,Transversion - Purine/Pyrimidine,Unsolved
56522176,rs4810026,AA,AA,AC,88,100,65,NC_000020.11,Mutation NB - Paternal Origin,Transversion - Purine/Pyrimidine,Unsolved
56880608,rs13038467,AA,GG,AA,88,100,9,NC_000020.11,Mutation NB - Maternal Origin,Transition - Purine/Purine,G>A
56880635,rs13038077,GG,AA,GG,88,100,9,NC_000020.11,Mutation NB - Maternal Origin,Transition - Purine/Purine,A>G
56884837,rs2094649,CT,CC,TT,47,100,24,NC_000020.11,Mutation NB - Maternal Origin,Transversion - Purine/Pyrimidine,C>T
56895944,rs67773615,CC,TT,CC,88,76,9,NC_000020.11,Mutation NB - Maternal Origin,Transition - Pyrimidine/Pyrimidine,T>C
57212510,.,TT,TT,TC,91,82,53,NC_000020.11,Mutation NB - Maternal Origin,Transition - Pyrimidine/Pyrimidine,Unsolved
57578297,.,TT,TT,TG,82,64,51,NC_000020.11,Mutation NB - Maternal Origin,Transition - Pyrimidine/Pyrimidine,Transversion - Purine/Pyrimidine,Unsolved
58066120,rs4811959,CC,CC,TT,76,100,9,NC_000020.11,Mutation NB - Paternal Origin,Transition - Pyrimidine/Pyrimidine,Unsolved
58865690,rs9679921,CC,TT,TT,85,58,12,NC_000020.11,Mutation NB - Paternal Origin,Transition - Pyrimidine/Pyrimidine,C>T
59191988,rs259984,CC,GG,GG,82,73,12,NC_000020.11,Mutation NB - Paternal Origin,Transversion - Purine/Pyrimidine,C>G
59308760,rs149770,TT,CC,CC,82,52,12,NC_000020.11,Mutation NB - Paternal Origin,Transition - Pyrimidine/Pyrimidine,T>C
59675605,rs6128661,TT,AA,AA,82,85,0,NC_000020.11,Mutation NB - Paternal Origin,Transversion - Purine/Pyrimidine,T>A
60347841,rs1461178,CC,TT,TT,70,79,0,NC_000020.11,Mutation NB - Paternal Origin,Transition - Pyrimidine/Pyrimidine,C>T
61216486,rs11906985,GG,GG,GA,82,100,62,NC_000020.11,Mutation NB - Paternal Origin,Transition - Purine/Purine,Unsolved
61310686,rs2427066,AA,GG,GG,73,31,12,NC_000020.11,Mutation NB - Paternal Origin,Transition - Purine/Purine,A>G
61642550,rs2427217,CC,TC,TT,76,1,0,NC_000020.11,Mutation NB - Paternal Origin,Transition - Pyrimidine/Pyrimidine,C>T
61724555,rs6142838,AG,AA,GG,76,100,12,NC_000020.11,Mutation NB - Maternal Origin,Transition - Purine/Purine,A>G
61738561,rs868863,AA,AG,GG,46,1,15,NC_000020.11,Mutation NB - Paternal Origin,Transition - Purine/Purine,A>G
61776533,rs4925280,TT,CC,TT,91,85,0,NC_000020.11,Mutation NB - Maternal Origin,Transition - Pyrimidine/Pyrimidine,C>T
61801114,rs6089509,GG,AA,AA,76,76,0,NC_000020.11,Mutation NB - Paternal Origin,Transition - Purine/Purine,G>A
62057238,rs6089632,CC,CC,CT,100,49,65,NC_000020.11,Mutation NB - Maternal Origin,Transition - Pyrimidine/Pyrimidine,Unsolved
62166225,rs6061444,GG,AA,AA,88,79,0,NC_000020.11,Mutation NB - Paternal Origin,Transition - Purine/Purine,G>A
62315752,rs2236522,CC,CT,TT,79,33,12,NC_000020.11,Mutation NB - Paternal Origin,Transition - Pyrimidine/Pyrimidine,C>T
62338439,rs2151512,TT,CC,TT,82,76,12,NC_000020.11,Mutation NB - Maternal Origin,Transition - Pyrimidine/Pyrimidine,C>T
62524658,rs955799445,GA,AA,GG,38,76,0,NC_000020.11,Mutation NB - Maternal Origin,Transition - Purine/Purine,A>G
62572328,rs4577357,GG,TT,TT,91,88,9,NC_000020.11,Mutation NB - Paternal Origin,Transversion - Purine/Pyrimidine,G>T
62724636,rs8120809,TT,TT,TA,100,88,30,NC_000020.11,Mutation NB - Maternal Origin,Transition - Pyrimidine/Pyrimidine,Transversion - Purine/Pyrimidine,Unsolved
62729121,rs6122132,CC,CT,TT,67,1,9,NC_000020.11,Mutation NB - Paternal Origin,Transition - Pyrimidine/Pyrimidine,C>T
63022703,rs6010811,TT,GG,GG,100,73,15,NC_000020.11,Mutation NB - Paternal Origin,Transversion - Purine/Pyrimidine,T>G
63081091,rs62206582,CC,CC,AA,100,79,9,NC_000020.11,Mutation NB - Maternal Origin,Transversion - Purine/Pyrimidine,Unsolved
63088308,.,TT,TT,TC,61,76,50,NC_000020.11,Mutation NB - Paternal Origin,Transition - Pyrimidine/Pyrimidine,Unsolved
63221407,.,TT,TT,TC,85,100,68,NC_000020.11,Mutation NB - Paternal Origin,Transition - Pyrimidine/Pyrimidine,Unsolved
63321623,rs77972714,CC,CC,CG,100,76,60,NC_000020.11,Mutation NB - Maternal Origin,Transversion - Purine/Pyrimidine,Unsolved
63664021,rs6011000,TT,TT,TC,100,70,97,NC_000020.11,Mutation NB - Maternal Origin,Transition - Pyrimidine/Pyrimidine,Unsolved
63913311,rs4809248,CC,GG,GG,91,100,9,NC_000020.11,Mutation NB - Paternal Origin,Transversion - Purine/Pyrimidine,C>G
64027464,.,AA,AA,AG,40,19,41,NC_000020.11,Mutation NB - Maternal Origin,Transition - Purine/Purine,Unsolved
16061477,rs146553722,GG,GG,GA,100,64,68,NC_000021.9,Mutation NB - Maternal Origin,Transition - Purine/Purine,Unsolved
23251566,rs2827992,CC,TT,TT,100,76,9,NC_000021.9,Mutation NB - Paternal Origin,Transition - Pyrimidine/Pyrimidine,C>T
25892213,rs113878877,AA,AA,AG,100,73,72,NC_000021.9,Mutation NB - Maternal Origin,Transition - Purine/Purine,Unsolved
28196880,rs7277546,CC,TT,CC,88,88,0,NC_000021.9,Mutation NB - Maternal Origin,Transition - Pyrimidine/Pyrimidine,T>C
30133300,rs1193217967,AA,AA,AG,70,67,56,NC_000021.9,Mutation NB - Maternal Origin,Transition - Purine/Purine,Unsolved
30409317,rs7277277,CC,AA,CC,88,91,12,NC_000021.9,Mutation NB - Maternal Origin,Transversion - Purine/Pyrimidine,A>C
30936851,rs8132643,AA,GG,AA,82,73,0,NC_000021.9,Mutation NB - Maternal Origin,Transition - Purine/Purine,G>A
32347386,rs2070378,CT,TT,CC,1,76,0,NC_000021.9,Mutation NB - Maternal Origin,Transition - Pyrimidine/Pyrimidine,T>C
33399895,rs55797031,GG,AA,GG,73,91,30,NC_000021.9,Mutation NB - Maternal Origin,Transition - Purine/Purine,A>G
34853090,rs140639726,TT,TC,CC,82,1,30,NC_000021.9,Mutation NB - Paternal Origin,Transition - Pyrimidine/Pyrimidine,T>C
34864146,rs2268289,TT,CC,CC,100,61,36,NC_000021.9,Mutation NB - Paternal Origin,Transition - Pyrimidine/Pyrimidine,T>C
34872301,rs73201074,AA,CC,CC,82,82,9,NC_000021.9,Mutation NB - Paternal Origin,Transversion - Purine/Pyrimidine,A>C
36034867,.,TT,TT,TG,88,79,54,NC_000021.9,Mutation NB - Maternal Origin,Transition - Pyrimidine/Pyrimidine,Transversion - Purine/Pyrimidine,Unsolved
37210130,rs2246285,GG,GA,AA,100,1,21,NC_000021.9,Mutation NB - Paternal Origin,Transition - Purine/Purine,G>A
37862516,rs1016694,CC,CC,TT,91,85,9,NC_000021.9,Mutation NB - Maternal Origin,Transition - Pyrimidine/Pyrimidine,Unsolved
41102394,rs1180557757,GG,AG,AA,94,99,10,NC_000021.9,Mutation NB - Paternal Origin,Transition - Purine/Purine,G>A
41209521,rs746064,GG,AA,AA,100,76,15,NC_000021.9,Mutation NB - Paternal Origin,Transition - Purine/Purine,G>A
41847151,rs2277793,CC,TT,TT,91,82,21,NC_000021.9,Mutation NB - Paternal Origin,Transition - Pyrimidine/Pyrimidine,C>T
42854735,rs1107831,AG,AA,GG,36,79,12,NC_000021.9,Mutation NB - Maternal Origin,Transition - Purine/Purine,A>G
43323727,rs2838258,CT,TT,CC,78,64,0,NC_000021.9,Mutation NB - Maternal Origin,Transition - Pyrimidine/Pyrimidine,T>C
44529859,rs2052931685,TT,TT,TC,76,82,62,NC_000021.9,Mutation NB - Paternal Origin,Transition - Pyrimidine/Pyrimidine,Unsolved
44666490,rs12481809,CC,TT,CC,88,91,15,NC_000021.9,Mutation NB - Maternal Origin,Transition - Pyrimidine/Pyrimidine,T>C
44666540,rs12483730,GG,AA,GG,88,91,15,NC_000021.9,Mutation NB - Maternal Origin,Transition - Purine/Purine,A>G
44852190,rs235316,AA,TT,TT,91,82,12,NC_000021.9,Mutation NB - Paternal Origin,Transversion - Purine/Pyrimidine,A>T
44930864,rs991340,AA,GG,GG,91,91,0,NC_000021.9,Mutation NB - Paternal Origin,Transition - Purine/Purine,A>G
45201191,rs2838808,TC,TT,CC,1,76,9,NC_000021.9,Mutation NB - Maternal Origin,Transition - Pyrimidine/Pyrimidine,T>C
45256186,rs13052344,CC,CC,CT,100,82,97,NC_000021.9,Mutation NB - Maternal Origin,Transition - Pyrimidine/Pyrimidine,Unsolved
45325667,rs7280189,GG,AA,GG,82,73,9,NC_000021.9,Mutation NB - Maternal Origin,Transition - Purine/Purine,A>G
45868539,rs2839025,AA,GG,GG,91,91,12,NC_000021.9,Mutation NB - Paternal Origin,Transition - Purine/Purine,A>G
45979448,rs9974925,CC,TT,TT,76,76,21,NC_000021.9,Mutation NB - Paternal Origin,Transition - Pyrimidine/Pyrimidine,C>T
46023984,rs8126828,AA,GG,AA,91,88,9,NC_000021.9,Mutation NB - Maternal Origin,Transition - Purine/Purine,G>A
46279686,rs17182643,CC,CC,CT,100,76,65,NC_000021.9,Mutation NB - Maternal Origin,Transition - Pyrimidine/Pyrimidine,Unsolved
46398384,rs2073382,TC,CC,TT,35,79,0,NC_000021.9,Mutation NB - Maternal Origin,Transversion - Purine/Pyrimidine,C>T
46421404,rs77912328,CC,CC,CT,100,58,99,NC_000021.9,Mutation NB - Maternal Origin,Transition - Pyrimidine/Pyrimidine,Unsolved
46432668,rs2300561,AA,GG,GG,100,85,15,NC_000021.9,Mutation NB - Paternal Origin,Transition - Purine/Purine,A>G
17010060,.,AA,AA,AG,91,100,68,NC_000022.11,Mutation NB - Paternal Origin,Transition - Purine/Purine,Unsolved
17821817,rs5992111,TT,TT,TC,100,61,99,NC_000022.11,Mutation NB - Maternal Origin,Transition - Pyrimidine/Pyrimidine,Unsolved
19037868,rs6623,CT,CC,TT,70,91,9,NC_000022.11,Mutation NB - Maternal Origin,Transversion - Purine/Pyrimidine,C>T
19039100,rs2072123,GG,AA,GG,85,91,9,NC_000022.11,Mutation NB - Maternal Origin,Transition - Purine/Purine,A>G
19134240,rs1341898952,GG,GG,GA,91,79,55,NC_000022.11,Mutation NB - Maternal Origin,Transition - Purine/Purine,Unsolved
19918279,rs756661,AA,GG,GG,88,70,9,NC_000022.11,Mutation NB - Paternal Origin,Transition - Purine/Purine,A>G
19932836,rs9606186,CC,GG,CC,85,58,0,NC_000022.11,Mutation NB - Maternal Origin,Transversion - Purine/Pyrimidine,G>C
19962429,rs6269,AA,GG,AA,91,76,0,NC_000022.11,Mutation NB - Maternal Origin,Transition - Purine/Purine,G>A
19970236,rs9332384,CC,GG,GG,85,49,27,NC_000022.11,Mutation NB - Paternal Origin,Transversion - Purine/Pyrimidine,C>G
19992777,rs2238788,CC,TT,CC,85,64,0,NC_000022.11,Mutation NB - Maternal Origin,Transition - Pyrimidine/Pyrimidine,T>C
20142951,rs200027704,CC,CC,CT,85,88,67,NC_000022.11,Mutation NB - Paternal Origin,Transition - Pyrimidine/Pyrimidine,Unsolved
20210409,rs137981952,CC,CT,TT,85,38,12,NC_000022.11,Mutation NB - Paternal Origin,Transition - Pyrimidine/Pyrimidine,C>T
20228417,rs701433,TC,CC,TT,1,67,12,NC_000022.11,Mutation NB - Maternal Origin,Transversion - Purine/Pyrimidine,C>T
22714396,rs36089572,GG,GG,GA,100,85,72,NC_000022.11,Mutation NB - Maternal Origin,Transition - Purine/Purine,Unsolved
22714411,rs12628315,TT,TT,TC,100,85,72,NC_000022.11,Mutation NB - Maternal Origin,Transition - Pyrimidine/Pyrimidine,Unsolved
23016440,rs9612207,TT,CC,TT,79,67,0,NC_000022.11,Mutation NB - Maternal Origin,Transition - Pyrimidine/Pyrimidine,C>T
23160983,rs5759612,AA,GG,AA,79,76,12,NC_000022.11,Mutation NB - Maternal Origin,Transition - Purine/Purine,G>A
23289636,rs62219796,TT,CC,TT,67,85,0,NC_000022.11,Mutation NB - Maternal Origin,Transition - Pyrimidine/Pyrimidine,C>T
23707386,rs60101680,TT,TT,TC,100,67,69,NC_000022.11,Mutation NB - Maternal Origin,Transition - Pyrimidine/Pyrimidine,Unsolved
24410314,rs140219709,GG,GG,GA,91,100,65,NC_000022.11,Mutation NB - Paternal Origin,Transition - Purine/Purine,Unsolved
25383524,rs73164677,GG,GA,AA,85,48,12,NC_000022.11,Mutation NB - Paternal Origin,Transition - Purine/Purine,G>A
28675739,rs7286815,AA,AA,AT,67,100,99,NC_000022.11,Mutation NB - Paternal Origin,Transversion - Purine/Pyrimidine,Unsolved
28675741,rs7286816,AA,AA,AG,67,100,99,NC_000022.11,Mutation NB - Paternal Origin,Transition - Purine/Purine,Unsolved
29512083,rs1049534,CC,CC,CT,100,61,56,NC_000022.11,Mutation NB - Maternal Origin,Transition - Pyrimidine/Pyrimidine,Unsolved
30365618,rs757868,GG,GG,GA,88,64,26,NC_000022.11,Mutation NB - Maternal Origin,Transition - Purine/Purine,Unsolved
32379149,rs2142720,CC,GG,CC,79,70,9,NC_000022.11,Mutation NB - Maternal Origin,Transversion - Purine/Pyrimidine,G>C
36288308,rs2269529,TT,CC,TT,79,73,12,NC_000022.11,Mutation NB - Maternal Origin,Transition - Pyrimidine/Pyrimidine,C>T
36288312,rs2269530,CC,AA,CC,79,73,12,NC_000022.11,Mutation NB - Maternal Origin,Transversion - Purine/Pyrimidine,A>C
36761121,rs130566,CC,AC,AA,76,2,0,NC_000022.11,Mutation NB - Paternal Origin,Transversion - Purine/Pyrimidine,C>A
37136132,rs2281089,GG,AA,AA,91,49,27,NC_000022.11,Mutation NB - Paternal Origin,Transition - Purine/Purine,G>A
37159875,.,AA,AA,AG,76,76,44,NC_000022.11,Mutation NB - Paternal or Maternal,Transition - Purine/Purine,Unsolved
37373672,rs144139706,AA,GG,GG,82,73,15,NC_000022.11,Mutation NB - Paternal Origin,Transition - Purine/Purine,A>G
37522109,rs7285355,AA,GA,GG,91,1,9,NC_000022.11,Mutation NB - Paternal Origin,Transition - Purine/Purine,A>G
39590160,rs9917574,TT,TT,TA,100,82,75,NC_000022.11,Mutation NB - Maternal Origin,Transition - Pyrimidine/Pyrimidine,Transversion - Purine/Pyrimidine,Unsolved
40678769,rs133070,GG,GG,GA,100,79,30,NC_000022.11,Mutation NB - Maternal Origin,Transition - Purine/Purine,Unsolved
41516581,.,AA,AA,AG,73,70,49,NC_000022.11,Mutation NB - Maternal Origin,Transition - Purine/Purine,Unsolved
42329689,rs5758711,AC,CC,AA,35,73,0,NC_000022.11,Mutation NB - Maternal Origin,Transversion - Purine/Pyrimidine,C>A
42971310,rs1807572,CC,GG,CC,88,91,9,NC_000022.11,Mutation NB - Maternal Origin,Transversion - Purine/Pyrimidine,G>C
43168123,.,TT,TT,TC,91,67,65,NC_000022.11,Mutation NB - Maternal Origin,Transition - Pyrimidine/Pyrimidine,Unsolved
43270742,rs139036,TT,CC,TT,82,67,0,NC_000022.11,Mutation NB - Maternal Origin,Transition - Pyrimidine/Pyrimidine,C>T
44383423,rs135900,AA,GG,GG,76,76,9,NC_000022.11,Mutation NB - Paternal Origin,Transition - Purine/Purine,A>G
44391771,rs78392639,AA,AA,AG,100,73,99,NC_000022.11,Mutation NB - Maternal Origin,Transition - Purine/Purine,Unsolved
44567478,.,CC,CC,CT,58,34,53,NC_000022.11,Mutation NB - Maternal Origin,Transition - Pyrimidine/Pyrimidine,Unsolved
44732408,rs5764979,GG,CC,CC,100,70,33,NC_000022.11,Mutation NB - Paternal Origin,Transversion - Purine/Pyrimidine,G>C
44804987,rs4823383,GG,GA,AA,91,1,15,NC_000022.11,Mutation NB - Paternal Origin,Transition - Purine/Purine,G>A
45586243,.,TT,TT,TC,85,67,62,NC_000022.11,Mutation NB - Maternal Origin,Transition - Pyrimidine/Pyrimidine,Unsolved
45622587,.,TT,TT,TA,82,52,33,NC_000022.11,Mutation NB - Maternal Origin,Transition - Pyrimidine/Pyrimidine,Transversion - Purine/Pyrimidine,Unsolved
46105093,rs9626905,CC,TT,CC,79,85,12,NC_000022.11,Mutation NB - Maternal Origin,Transition - Pyrimidine/Pyrimidine,T>C
46105129,rs9627583,GG,AA,GG,79,85,12,NC_000022.11,Mutation NB - Maternal Origin,Transition - Purine/Purine,A>G
46276199,.,AA,AA,AG,91,73,53,NC_000022.11,Mutation NB - Maternal Origin,Transition - Purine/Purine,Unsolved
46834824,rs80147663,GG,GG,GT,100,67,68,NC_000022.11,Mutation NB - Maternal Origin,Transversion - Purine/Pyrimidine,Unsolved
47164735,rs9626953,CC,GG,CC,73,37,9,NC_000022.11,Mutation NB - Maternal Origin,Transversion - Purine/Pyrimidine,G>C
47192798,rs58169806,GG,CC,CC,91,91,12,NC_000022.11,Mutation NB - Paternal Origin,Transversion - Purine/Pyrimidine,G>C
47208197,rs5767587,CC,TT,TT,88,67,0,NC_000022.11,Mutation NB - Paternal Origin,Transition - Pyrimidine/Pyrimidine,C>T
47401320,rs7288540,TT,CC,CC,91,91,9,NC_000022.11,Mutation NB - Paternal Origin,Transition - Pyrimidine/Pyrimidine,T>C
47404149,.,TT,TT,TA,73,79,61,NC_000022.11,Mutation NB - Paternal Origin,Transition - Pyrimidine/Pyrimidine,Transversion - Purine/Pyrimidine,Unsolved
47740628,rs743099,GG,AA,AA,64,55,9,NC_000022.11,Mutation NB - Paternal Origin,Transition - Purine/Purine,G>A
48484815,rs73431801,TT,CC,TT,85,88,0,NC_000022.11,Mutation NB - Maternal Origin,Transition - Pyrimidine/Pyrimidine,C>T
48506305,rs5768690,AA,GG,GG,88,73,0,NC_000022.11,Mutation NB - Paternal Origin,Transition - Purine/Purine,A>G
48709350,rs5771997,GG,AA,AA,91,52,18,NC_000022.11,Mutation NB - Paternal Origin,Transition - Purine/Purine,G>A
48710871,rs13053426,AA,AA,GG,100,85,15,NC_000022.11,Mutation NB - Maternal Origin,Transition - Purine/Purine,Unsolved
48960600,rs11704208,CC,CC,TT,91,100,9,NC_000022.11,Mutation NB - Paternal Origin,Transition - Pyrimidine/Pyrimidine,Unsolved
48974942,rs5770635,AA,GG,AA,100,82,9,NC_000022.11,Mutation NB - Maternal Origin,Transition - Purine/Purine,G>A
49552575,rs135791,TT,CC,CC,85,82,0,NC_000022.11,Mutation NB - Paternal Origin,Transition - Pyrimidine/Pyrimidine,T>C
49590956,rs1020902815,CC,CC,CA,100,85,58,NC_000022.11,Mutation NB - Maternal Origin,Transversion - Purine/Pyrimidine,Unsolved
49591040,rs10854874,CC,AA,CC,85,76,9,NC_000022.11,Mutation NB - Maternal Origin,Transversion - Purine/Pyrimidine,A>C
49877812,rs4824109,TT,CC,CC,100,61,12,NC_000022.11,Mutation NB - Paternal Origin,Transition - Pyrimidine/Pyrimidine,T>C
