1290841,rs2273275,AA,AA,AG,49,91,27,NC_000001.11,Mutation NB - Paternal Origin,Transition - Purine/Purine,Unsolved
1726862,rs112325524,AA,AA,AG,82,100,99,NC_000001.11,Mutation NB - Paternal Origin,Transition - Purine/Purine,Unsolved
3066057,rs12070295,TT,TT,TC,100,100,99,NC_000001.11,Mutation NB - Paternal or Maternal,Transition - Pyrimidine/Pyrimidine,Unsolved
3131734,rs2817180,TC,CC,TT,1,91,0,NC_000001.11,Mutation NB - Maternal Origin,Transversion - Purine/Pyrimidine,C>T
3230035,rs2651886,GG,GG,GC,4,100,99,NC_000001.11,Mutation NB - Paternal Origin,Transition - Purine/Purine,Transversion - Purine/Pyrimidine,Unsolved
3490055,rs1424146289,TT,TT,TC,91,85,56,NC_000001.11,Mutation NB - Maternal Origin,Transition - Pyrimidine/Pyrimidine,Unsolved
3598832,rs2794328,AA,AA,CA,1,89,99,NC_000001.11,Mutation NB - Paternal Origin,Transversion - Purine/Pyrimidine,Unsolved
3613196,rs1644350310,CC,CC,CT,85,100,99,NC_000001.11,Mutation NB - Paternal Origin,Transition - Pyrimidine/Pyrimidine,Unsolved
3662382,rs11590111,GG,GG,GA,46,100,99,NC_000001.11,Mutation NB - Paternal Origin,Transition - Purine/Purine,Unsolved
5629550,rs770682,CC,TT,CC,85,91,0,NC_000001.11,Mutation NB - Maternal Origin,Transition - Pyrimidine/Pyrimidine,T>C
6958781,rs10779670,GG,GG,GC,61,100,99,NC_000001.11,Mutation NB - Paternal Origin,Transition - Purine/Purine,Transversion - Purine/Pyrimidine,Unsolved
7009694,rs7555853,GG,GG,GT,31,88,99,NC_000001.11,Mutation NB - Paternal Origin,Transversion - Purine/Pyrimidine,Unsolved
7107613,rs72640096,CT,CC,TT,1,100,99,NC_000001.11,Mutation NB - Maternal Origin,Transversion - Purine/Pyrimidine,C>T
9159230,rs79847860,TT,TT,TG,95,100,82,NC_000001.11,Mutation NB - Paternal Origin,Transition - Pyrimidine/Pyrimidine,Transversion - Purine/Pyrimidine,Unsolved
10837779,rs1292661,CC,TT,CC,100,91,21,NC_000001.11,Mutation NB - Maternal Origin,Transition - Pyrimidine/Pyrimidine,T>C
11878815,rs61736014,GG,AA,GG,79,88,12,NC_000001.11,Mutation NB - Maternal Origin,Transition - Purine/Purine,A>G
12207407,rs5746065,CA,CC,AA,47,100,39,NC_000001.11,Mutation NB - Maternal Origin,Transversion - Purine/Pyrimidine,C>A
12495670,rs75859401,TT,TT,TA,61,100,99,NC_000001.11,Mutation NB - Paternal Origin,Transition - Pyrimidine/Pyrimidine,Transversion - Purine/Pyrimidine,Unsolved
12631036,rs6685741,CG,CC,GG,1,91,99,NC_000001.11,Mutation NB - Maternal Origin,Transversion - Purine/Pyrimidine,C>G
15226585,rs12565643,CT,CC,TT,8,100,24,NC_000001.11,Mutation NB - Maternal Origin,Transversion - Purine/Pyrimidine,C>T
15718312,rs34822617,CC,CC,CG,91,100,99,NC_000001.11,Mutation NB - Paternal Origin,Transversion - Purine/Pyrimidine,Unsolved
16446509,rs184232914,TT,TT,TC,49,100,99,NC_000001.11,Mutation NB - Paternal Origin,Transition - Pyrimidine/Pyrimidine,Unsolved
16626015,rs1765551,GG,GG,GA,76,100,50,NC_000001.11,Mutation NB - Paternal Origin,Transition - Purine/Purine,Unsolved
17725554,.,TT,TT,TC,49,76,41,NC_000001.11,Mutation NB - Paternal Origin,Transition - Pyrimidine/Pyrimidine,Unsolved
18043496,rs7535260,AG,AA,GG,79,100,63,NC_000001.11,Mutation NB - Maternal Origin,Transition - Purine/Purine,A>G
18043521,rs7523606,CT,CC,TT,44,100,68,NC_000001.11,Mutation NB - Maternal Origin,Transversion - Purine/Pyrimidine,C>T
18657689,.,TT,TT,TC,70,82,59,NC_000001.11,Mutation NB - Paternal Origin,Transition - Pyrimidine/Pyrimidine,Unsolved
18708899,rs501080,GG,AA,GG,58,88,33,NC_000001.11,Mutation NB - Maternal Origin,Transition - Purine/Purine,A>G
20059573,rs504583,TT,CC,TT,88,91,0,NC_000001.11,Mutation NB - Maternal Origin,Transition - Pyrimidine/Pyrimidine,C>T
21857246,rs2305562,AG,AA,GG,1,100,81,NC_000001.11,Mutation NB - Maternal Origin,Transition - Purine/Purine,A>G
22177283,rs10737465,CC,TT,TT,55,82,0,NC_000001.11,Mutation NB - Paternal Origin,Transition - Pyrimidine/Pyrimidine,C>T
22635454,rs6691239,GG,AA,GG,67,91,42,NC_000001.11,Mutation NB - Maternal Origin,Transition - Purine/Purine,A>G
23188764,rs667330,GG,AA,GG,85,100,42,NC_000001.11,Mutation NB - Maternal Origin,Transition - Purine/Purine,A>G
25007408,rs755394,TC,CC,TT,1,91,57,NC_000001.11,Mutation NB - Maternal Origin,Transversion - Purine/Pyrimidine,C>T
26066480,rs12057192,AA,AA,AC,1,88,99,NC_000001.11,Mutation NB - Paternal Origin,Transversion - Purine/Pyrimidine,Unsolved
26066483,rs12058535,TT,TT,TC,1,88,99,NC_000001.11,Mutation NB - Paternal Origin,Transition - Pyrimidine/Pyrimidine,Unsolved
26271554,.,AA,AA,AG,70,91,44,NC_000001.11,Mutation NB - Paternal Origin,Transition - Purine/Purine,Unsolved
27037589,rs555857,AA,GG,AA,61,100,45,NC_000001.11,Mutation NB - Maternal Origin,Transition - Purine/Purine,G>A
27203655,rs11247623,CC,TT,CC,70,100,57,NC_000001.11,Mutation NB - Maternal Origin,Transition - Pyrimidine/Pyrimidine,T>C
27410841,rs733899,CC,CC,CT,61,91,99,NC_000001.11,Mutation NB - Paternal Origin,Transition - Pyrimidine/Pyrimidine,Unsolved
28176466,rs377140250,AA,AA,GA,82,91,22,NC_000001.11,Mutation NB - Paternal Origin,Transition - Purine/Purine,Unsolved
29620850,rs2044073,TT,TT,GT,80,91,99,NC_000001.11,Mutation NB - Paternal Origin,Transition - Pyrimidine/Pyrimidine,Transversion - Purine/Pyrimidine,Unsolved
29717700,rs12118024,GG,GG,GT,46,100,99,NC_000001.11,Mutation NB - Paternal Origin,Transversion - Purine/Pyrimidine,Unsolved
30670514,.,AA,AA,AG,79,88,53,NC_000001.11,Mutation NB - Paternal Origin,Transition - Purine/Purine,Unsolved
31200269,rs2377718,CC,TT,TT,85,91,15,NC_000001.11,Mutation NB - Paternal Origin,Transition - Pyrimidine/Pyrimidine,C>T
31666718,rs10914464,AA,GG,GG,88,88,0,NC_000001.11,Mutation NB - Paternal Origin,Transition - Purine/Purine,A>G
33121161,rs16835248,GG,GG,GC,58,100,99,NC_000001.11,Mutation NB - Paternal Origin,Transition - Purine/Purine,Transversion - Purine/Pyrimidine,Unsolved
33488834,rs3924407,GG,GG,GA,43,70,99,NC_000001.11,Mutation NB - Paternal Origin,Transition - Purine/Purine,Unsolved
33798868,rs12140643,TT,CC,TT,79,100,24,NC_000001.11,Mutation NB - Maternal Origin,Transition - Pyrimidine/Pyrimidine,C>T
37085238,rs72653567,GG,AA,GG,85,91,18,NC_000001.11,Mutation NB - Maternal Origin,Transition - Purine/Purine,A>G
37429997,rs142418330,GG,GG,GA,49,91,99,NC_000001.11,Mutation NB - Paternal Origin,Transition - Purine/Purine,Unsolved
39413845,rs587523,GG,AA,GG,28,70,0,NC_000001.11,Mutation NB - Maternal Origin,Transition - Purine/Purine,A>G
41620198,rs10789403,AA,GG,AA,25,100,60,NC_000001.11,Mutation NB - Maternal Origin,Transition - Purine/Purine,G>A
42432083,rs144304109,AA,AA,AC,70,100,71,NC_000001.11,Mutation NB - Paternal Origin,Transversion - Purine/Pyrimidine,Unsolved
43317175,rs1198982,GG,AA,GG,91,70,18,NC_000001.11,Mutation NB - Maternal Origin,Transition - Purine/Purine,A>G
44900781,rs72676504,AA,GG,AA,85,79,0,NC_000001.11,Mutation NB - Maternal Origin,Transition - Purine/Purine,G>A
44900818,rs72676505,AA,GG,AA,85,79,0,NC_000001.11,Mutation NB - Maternal Origin,Transition - Purine/Purine,G>A
45922157,rs7519181,GG,GG,GC,100,100,65,NC_000001.11,Mutation NB - Paternal or Maternal,Transition - Purine/Purine,Transversion - Purine/Pyrimidine,Unsolved
47578392,rs4397692,GG,GG,AG,40,91,99,NC_000001.11,Mutation NB - Paternal Origin,Transition - Purine/Purine,Unsolved
53065486,.,TT,TT,TC,52,79,41,NC_000001.11,Mutation NB - Paternal Origin,Transition - Pyrimidine/Pyrimidine,Unsolved
53081237,.,AA,AA,AG,58,73,43,NC_000001.11,Mutation NB - Paternal Origin,Transition - Purine/Purine,Unsolved
53130488,rs1156316648,CC,CC,CA,46,43,47,NC_000001.11,Mutation NB - Maternal Origin,Transversion - Purine/Pyrimidine,Unsolved
57610121,rs148961220,CC,CC,CA,10,97,99,NC_000001.11,Mutation NB - Paternal Origin,Transversion - Purine/Pyrimidine,Unsolved
57785388,rs1581762,AG,AA,GG,1,100,42,NC_000001.11,Mutation NB - Maternal Origin,Transition - Purine/Purine,A>G
57946795,rs2406406,GG,GG,GT,58,100,99,NC_000001.11,Mutation NB - Paternal Origin,Transversion - Purine/Pyrimidine,Unsolved
58236048,rs903448709,GG,GG,GA,76,88,80,NC_000001.11,Mutation NB - Paternal Origin,Transition - Purine/Purine,Unsolved
60922242,rs59415785,CC,GG,GG,70,43,21,NC_000001.11,Mutation NB - Paternal Origin,Transversion - Purine/Pyrimidine,C>G
63869382,rs868428810,TT,TT,TC,13,61,41,NC_000001.11,Mutation NB - Paternal Origin,Transition - Pyrimidine/Pyrimidine,Unsolved
67125664,rs6691094,AA,AA,AG,49,88,92,NC_000001.11,Mutation NB - Paternal Origin,Transition - Purine/Purine,Unsolved
69373540,rs288936,CT,CC,TT,1,91,75,NC_000001.11,Mutation NB - Maternal Origin,Transversion - Purine/Pyrimidine,C>T
69699855,.,TT,TT,TC,73,91,53,NC_000001.11,Mutation NB - Paternal Origin,Transition - Pyrimidine/Pyrimidine,Unsolved
73221842,.,TT,TT,TC,58,85,44,NC_000001.11,Mutation NB - Paternal Origin,Transition - Pyrimidine/Pyrimidine,Unsolved
86381438,rs71662158,AA,AA,AG,1,85,99,NC_000001.11,Mutation NB - Paternal Origin,Transition - Purine/Purine,Unsolved
90264186,rs12035196,AA,GG,AA,85,88,0,NC_000001.11,Mutation NB - Maternal Origin,Transition - Purine/Purine,G>A
90385503,rs1508502,AG,GG,AA,1,73,0,NC_000001.11,Mutation NB - Maternal Origin,Transition - Purine/Purine,G>A
91337692,.,AA,AA,AG,91,88,47,NC_000001.11,Mutation NB - Maternal Origin,Transition - Purine/Purine,Unsolved
95685246,rs12070391,CC,CC,AA,76,91,15,NC_000001.11,Mutation NB - Paternal Origin,Transversion - Purine/Pyrimidine,Unsolved
95974552,rs12734213,GG,GG,AA,61,100,12,NC_000001.11,Mutation NB - Paternal Origin,Transition - Purine/Purine,Unsolved
98361937,rs4950121,TT,CC,CC,100,73,36,NC_000001.11,Mutation NB - Paternal Origin,Transition - Pyrimidine/Pyrimidine,T>C
101801083,.,AA,AA,AG,58,28,41,NC_000001.11,Mutation NB - Maternal Origin,Transition - Purine/Purine,Unsolved
103002211,.,TT,TT,TC,58,88,47,NC_000001.11,Mutation NB - Paternal Origin,Transition - Pyrimidine/Pyrimidine,Unsolved
106618235,rs1267716944,TT,TT,TC,64,88,88,NC_000001.11,Mutation NB - Paternal Origin,Transition - Pyrimidine/Pyrimidine,Unsolved
109298779,rs1302656488,AA,AA,AG,85,91,44,NC_000001.11,Mutation NB - Paternal Origin,Transition - Purine/Purine,Unsolved
109759883,rs77854863,GA,GG,AA,1,100,39,NC_000001.11,Mutation NB - Maternal Origin,Transition - Purine/Purine,G>A
109833445,rs80159841,TT,TC,CC,55,1,78,NC_000001.11,Mutation NB - Paternal Origin,Transition - Pyrimidine/Pyrimidine,T>C
109833448,rs115639445,CC,CT,TT,55,1,78,NC_000001.11,Mutation NB - Paternal Origin,Transition - Pyrimidine/Pyrimidine,C>T
111330386,rs146087672,GA,GG,AA,38,91,21,NC_000001.11,Mutation NB - Maternal Origin,Transition - Purine/Purine,G>A
111879162,.,TT,TT,TG,55,76,53,NC_000001.11,Mutation NB - Paternal Origin,Transition - Pyrimidine/Pyrimidine,Transversion - Purine/Pyrimidine,Unsolved
114033473,rs17032141,GG,GG,GA,46,85,99,NC_000001.11,Mutation NB - Paternal Origin,Transition - Purine/Purine,Unsolved
115953823,rs3898599,TT,TT,TA,10,100,99,NC_000001.11,Mutation NB - Paternal Origin,Transition - Pyrimidine/Pyrimidine,Transversion - Purine/Pyrimidine,Unsolved
116990168,rs1127215,CC,CT,TT,76,1,45,NC_000001.11,Mutation NB - Paternal Origin,Transition - Pyrimidine/Pyrimidine,C>T
116990176,rs944,CC,CC,CG,76,76,99,NC_000001.11,Mutation NB - Paternal or Maternal,Transversion - Purine/Pyrimidine,Unsolved
117607843,.,AA,AA,AG,88,88,56,NC_000001.11,Mutation NB - Paternal or Maternal,Transition - Purine/Purine,Unsolved
118997380,rs2256171,CC,CC,CA,37,100,99,NC_000001.11,Mutation NB - Paternal Origin,Transversion - Purine/Pyrimidine,Unsolved
119214709,rs7524101,AC,AA,CC,5,91,21,NC_000001.11,Mutation NB - Maternal Origin,A>C
119382841,rs2298027,GG,AA,GG,82,88,51,NC_000001.11,Mutation NB - Maternal Origin,Transition - Purine/Purine,A>G
145959849,.,TT,TT,TC,28,46,41,NC_000001.11,Mutation NB - Paternal Origin,Transition - Pyrimidine/Pyrimidine,Unsolved
151581936,rs79250719,CC,CC,CT,73,85,62,NC_000001.11,Mutation NB - Paternal Origin,Transition - Pyrimidine/Pyrimidine,Unsolved
153133343,rs1604264,GG,GG,AA,100,100,57,NC_000001.11,Mutation NB - Paternal or Maternal,Transition - Purine/Purine,Unsolved
154013580,rs200361244,AA,AA,AG,73,100,99,NC_000001.11,Mutation NB - Paternal Origin,Transition - Purine/Purine,Unsolved
154330350,rs6691345,CC,TT,CC,70,91,0,NC_000001.11,Mutation NB - Maternal Origin,Transition - Pyrimidine/Pyrimidine,T>C
157347626,rs9427258,GG,AG,AA,79,12,0,NC_000001.11,Mutation NB - Paternal Origin,Transition - Purine/Purine,G>A
158223956,rs442078,GG,AA,AA,37,64,3,NC_000001.11,Mutation NB - Paternal Origin,Transition - Purine/Purine,G>A
158677879,rs703122,TC,TT,CC,39,100,21,NC_000001.11,Mutation NB - Maternal Origin,Transition - Pyrimidine/Pyrimidine,T>C
159016804,rs73021861,CC,TT,CC,64,91,30,NC_000001.11,Mutation NB - Maternal Origin,Transition - Pyrimidine/Pyrimidine,T>C
159902445,rs2494484,AA,AG,GG,100,29,9,NC_000001.11,Mutation NB - Paternal Origin,Transition - Purine/Purine,A>G
162778235,rs1780007,AA,AC,CC,100,35,18,NC_000001.11,Mutation NB - Paternal Origin,Transversion - Purine/Pyrimidine,A>C
166147693,rs12031538,GG,GG,GA,79,100,68,NC_000001.11,Mutation NB - Paternal Origin,Transition - Purine/Purine,Unsolved
166816008,rs972522,AA,GG,AA,82,88,18,NC_000001.11,Mutation NB - Maternal Origin,Transition - Purine/Purine,G>A
166816057,rs972523,TT,CC,TT,82,91,18,NC_000001.11,Mutation NB - Maternal Origin,Transition - Pyrimidine/Pyrimidine,C>T
167600476,.,TT,TT,TC,43,70,23,NC_000001.11,Mutation NB - Paternal Origin,Transition - Pyrimidine/Pyrimidine,Unsolved
172399170,rs7546252,AA,GG,AA,76,91,18,NC_000001.11,Mutation NB - Maternal Origin,Transition - Purine/Purine,G>A
172945144,rs4916290,GC,CC,GG,1,88,0,NC_000001.11,Mutation NB - Maternal Origin,Transversion - Purine/Pyrimidine,C>G
173493271,rs6664925,GG,GG,GA,1,100,99,NC_000001.11,Mutation NB - Paternal Origin,Transition - Purine/Purine,Unsolved
175045114,rs7355181,AG,AA,GG,1,100,33,NC_000001.11,Mutation NB - Maternal Origin,Transition - Purine/Purine,A>G
175102323,rs554444895,CC,CT,TT,40,73,42,NC_000001.11,Mutation NB - Paternal Origin,Transition - Pyrimidine/Pyrimidine,C>T
175783051,rs1409142,AA,GG,AA,28,88,21,NC_000001.11,Mutation NB - Maternal Origin,Transition - Purine/Purine,G>A
177319850,.,TT,TT,TC,52,88,71,NC_000001.11,Mutation NB - Paternal Origin,Transition - Pyrimidine/Pyrimidine,Unsolved
190478831,rs967171579,AA,AA,AG,67,91,41,NC_000001.11,Mutation NB - Paternal Origin,Transition - Purine/Purine,Unsolved
192809029,rs12130714,AA,AA,AT,49,100,99,NC_000001.11,Mutation NB - Paternal Origin,Transversion - Purine/Pyrimidine,Unsolved
201110404,rs111530734,CC,CC,CT,82,91,99,NC_000001.11,Mutation NB - Paternal Origin,Transition - Pyrimidine/Pyrimidine,Unsolved
201197255,rs4915221,GA,GG,AA,1,91,93,NC_000001.11,Mutation NB - Maternal Origin,Transition - Purine/Purine,G>A
201268616,rs1857488,TT,CC,TT,1,91,45,NC_000001.11,Mutation NB - Maternal Origin,Transition - Pyrimidine/Pyrimidine,C>T
202644945,rs1692048683,AA,AA,AG,61,79,59,NC_000001.11,Mutation NB - Paternal Origin,Transition - Purine/Purine,Unsolved
206556652,rs76236650,GG,GG,GA,1,100,99,NC_000001.11,Mutation NB - Paternal Origin,Transition - Purine/Purine,Unsolved
207035537,rs2842735,CC,TT,CC,55,85,0,NC_000001.11,Mutation NB - Maternal Origin,Transition - Pyrimidine/Pyrimidine,T>C
209561885,rs12406847,TT,CC,TT,76,82,21,NC_000001.11,Mutation NB - Maternal Origin,Transition - Pyrimidine/Pyrimidine,C>T
214642881,rs2666839,GG,GA,AA,100,1,27,NC_000001.11,Mutation NB - Paternal Origin,Transition - Purine/Purine,G>A
215557179,.,AA,AA,AT,40,37,42,NC_000001.11,Mutation NB - Maternal Origin,Transversion - Purine/Pyrimidine,Unsolved
219039481,rs1256666,TT,TT,TC,76,100,99,NC_000001.11,Mutation NB - Paternal Origin,Transition - Pyrimidine/Pyrimidine,Unsolved
219905280,rs2378330,GA,GG,AA,1,100,72,NC_000001.11,Mutation NB - Maternal Origin,Transition - Purine/Purine,G>A
220314409,rs17007380,GG,AG,AA,31,32,45,NC_000001.11,Mutation NB - Paternal Origin,Transition - Purine/Purine,G>A
223267096,rs61837630,GG,AG,AA,58,29,0,NC_000001.11,Mutation NB - Paternal Origin,Transition - Purine/Purine,G>A
223610040,.,AA,AA,AG,55,91,41,NC_000001.11,Mutation NB - Paternal Origin,Transition - Purine/Purine,Unsolved
225944832,rs1040717176,AA,AA,AG,88,85,41,NC_000001.11,Mutation NB - Maternal Origin,Transition - Purine/Purine,Unsolved
228306995,rs4653939,GG,GG,GA,1,100,99,NC_000001.11,Mutation NB - Paternal Origin,Transition - Purine/Purine,Unsolved
229001291,rs141719466,AA,GG,AA,55,88,72,NC_000001.11,Mutation NB - Maternal Origin,Transition - Purine/Purine,G>A
229647706,rs751014984,CC,CC,CT,73,88,59,NC_000001.11,Mutation NB - Paternal Origin,Transition - Pyrimidine/Pyrimidine,Unsolved
230747327,rs3895368,CC,CC,CT,82,100,95,NC_000001.11,Mutation NB - Paternal Origin,Transition - Pyrimidine/Pyrimidine,Unsolved
230757841,rs12145175,GG,GG,GA,28,91,99,NC_000001.11,Mutation NB - Paternal Origin,Transition - Purine/Purine,Unsolved
230993321,rs6683263,CC,CC,CT,67,82,99,NC_000001.11,Mutation NB - Paternal Origin,Transition - Pyrimidine/Pyrimidine,Unsolved
232007201,rs821609,TT,TT,TA,1,100,99,NC_000001.11,Mutation NB - Paternal Origin,Transition - Pyrimidine/Pyrimidine,Transversion - Purine/Pyrimidine,Unsolved
234475441,rs582826,GG,CC,CC,79,88,0,NC_000001.11,Mutation NB - Paternal Origin,Transversion - Purine/Pyrimidine,G>C
235138928,.,TT,TT,TC,64,73,47,NC_000001.11,Mutation NB - Paternal Origin,Transition - Pyrimidine/Pyrimidine,Unsolved
237939098,.,AA,AA,AG,85,88,47,NC_000001.11,Mutation NB - Paternal Origin,Transition - Purine/Purine,Unsolved
238048574,rs111580576,CC,CC,CT,58,100,99,NC_000001.11,Mutation NB - Paternal Origin,Transition - Pyrimidine/Pyrimidine,Unsolved
238248797,rs7547035,AA,GG,GG,67,91,0,NC_000001.11,Mutation NB - Paternal Origin,Transition - Purine/Purine,A>G
240005705,rs57305901,GG,GG,GC,85,100,98,NC_000001.11,Mutation NB - Paternal Origin,Transition - Purine/Purine,Transversion - Purine/Pyrimidine,Unsolved
241369156,rs10802958,TT,CC,TT,67,100,27,NC_000001.11,Mutation NB - Maternal Origin,Transition - Pyrimidine/Pyrimidine,C>T
245798237,.,TT,TT,TC,31,61,56,NC_000001.11,Mutation NB - Paternal Origin,Transition - Pyrimidine/Pyrimidine,Unsolved
246219655,rs6696764,AA,AA,AC,73,91,99,NC_000001.11,Mutation NB - Paternal Origin,Transversion - Purine/Pyrimidine,Unsolved
246219721,rs6699888,TT,TT,TG,61,100,38,NC_000001.11,Mutation NB - Paternal Origin,Transition - Pyrimidine/Pyrimidine,Transversion - Purine/Pyrimidine,Unsolved
246509417,rs114039624,TT,CC,TT,70,43,30,NC_000001.11,Mutation NB - Maternal Origin,Transition - Pyrimidine/Pyrimidine,C>T
246509437,rs75525164,GG,AA,GG,70,43,11,NC_000001.11,Mutation NB - Maternal Origin,Transition - Purine/Purine,A>G
246782719,rs4926457,GC,CC,GG,1,88,81,NC_000001.11,Mutation NB - Maternal Origin,Transversion - Purine/Pyrimidine,C>G
246782775,rs12410595,GG,GG,GA,46,88,99,NC_000001.11,Mutation NB - Paternal Origin,Transition - Purine/Purine,Unsolved
247412557,rs34357758,CC,GC,GG,67,67,0,NC_000001.11,Mutation NB - Paternal Origin,Transversion - Purine/Pyrimidine,C>G
247851293,rs10749634,CC,TT,CC,55,64,9,NC_000001.11,Mutation NB - Maternal Origin,Transition - Pyrimidine/Pyrimidine,T>C
652247,rs7608050,GG,GG,AA,100,100,27,NC_000002.12,Mutation NB - Paternal or Maternal,Transition - Purine/Purine,Unsolved
652272,rs6760274,GG,GG,AA,67,100,27,NC_000002.12,Mutation NB - Paternal Origin,Transition - Purine/Purine,Unsolved
672496,rs10168696,TT,CC,TT,70,100,9,NC_000002.12,Mutation NB - Maternal Origin,Transition - Pyrimidine/Pyrimidine,C>T
1898790,rs11127305,AA,AA,AG,25,73,99,NC_000002.12,Mutation NB - Paternal Origin,Transition - Purine/Purine,Unsolved
1958454,rs112365274,GG,GG,GT,43,91,99,NC_000002.12,Mutation NB - Paternal Origin,Transversion - Purine/Pyrimidine,Unsolved
2545178,rs116813290,GG,GG,GA,82,91,99,NC_000002.12,Mutation NB - Paternal Origin,Transition - Purine/Purine,Unsolved
2695426,rs11683851,CT,CC,TT,1,100,99,NC_000002.12,Mutation NB - Maternal Origin,Transversion - Purine/Pyrimidine,C>T
2702604,rs6548078,GG,GT,TT,82,73,42,NC_000002.12,Mutation NB - Paternal Origin,Transversion - Purine/Pyrimidine,G>T
2897237,rs1435551,CC,CC,TT,100,100,69,NC_000002.12,Mutation NB - Paternal or Maternal,Transition - Pyrimidine/Pyrimidine,Unsolved
3123871,rs7559077,TT,GG,TT,31,85,12,NC_000002.12,Mutation NB - Maternal Origin,Transversion - Purine/Pyrimidine,G>T
3192700,rs73129592,AA,AA,AG,100,88,99,NC_000002.12,Mutation NB - Maternal Origin,Transition - Purine/Purine,Unsolved
3803801,rs56321502,TT,CC,TT,82,100,33,NC_000002.12,Mutation NB - Maternal Origin,Transition - Pyrimidine/Pyrimidine,C>T
5697448,rs1342436088,CC,CC,TC,82,99,4,NC_000002.12,Mutation NB - Paternal Origin,Transition - Pyrimidine/Pyrimidine,Unsolved
5871657,rs73909640,GG,GG,GA,100,82,95,NC_000002.12,Mutation NB - Maternal Origin,Transition - Purine/Purine,Unsolved
6529348,rs12623442,TT,CC,TT,70,88,15,NC_000002.12,Mutation NB - Maternal Origin,Transition - Pyrimidine/Pyrimidine,C>T
6956929,rs76225586,GG,GG,GA,31,100,99,NC_000002.12,Mutation NB - Paternal Origin,Transition - Purine/Purine,Unsolved
6956932,rs973764746,CC,GG,CC,31,82,93,NC_000002.12,Mutation NB - Maternal Origin,Transversion - Purine/Pyrimidine,G>C
8647844,rs4668586,AA,CC,AA,49,100,39,NC_000002.12,Mutation NB - Maternal Origin,Transversion - Purine/Pyrimidine,C>A
10042693,rs76193797,AA,AA,AG,85,100,45,NC_000002.12,Mutation NB - Paternal Origin,Transition - Purine/Purine,Unsolved
10163345,.,GG,GG,GT,82,100,65,NC_000002.12,Mutation NB - Paternal Origin,Transversion - Purine/Pyrimidine,Unsolved
10773044,rs6432141,AA,GG,AA,64,82,63,NC_000002.12,Mutation NB - Maternal Origin,Transition - Purine/Purine,G>A
11026481,rs116374989,GG,GG,GA,79,100,30,NC_000002.12,Mutation NB - Paternal Origin,Transition - Purine/Purine,Unsolved
11745566,rs62113305,TT,TT,TC,70,100,99,NC_000002.12,Mutation NB - Paternal Origin,Transition - Pyrimidine/Pyrimidine,Unsolved
12544117,.,CC,CC,CT,70,79,41,NC_000002.12,Mutation NB - Paternal Origin,Transition - Pyrimidine/Pyrimidine,Unsolved
12718201,rs7590994,CC,TT,CC,91,91,0,NC_000002.12,Mutation NB - Maternal Origin,Transition - Pyrimidine/Pyrimidine,T>C
14208790,rs16861426,AA,AA,AG,70,85,99,NC_000002.12,Mutation NB - Paternal Origin,Transition - Purine/Purine,Unsolved
16775267,rs9306898,CC,TT,CC,88,100,21,NC_000002.12,Mutation NB - Maternal Origin,Transition - Pyrimidine/Pyrimidine,T>C
17302419,rs10194486,AA,GG,GG,82,100,0,NC_000002.12,Mutation NB - Paternal Origin,Transition - Purine/Purine,A>G
17830509,rs73220823,GG,GG,GT,1,100,99,NC_000002.12,Mutation NB - Paternal Origin,Transversion - Purine/Pyrimidine,Unsolved
18299372,rs75477370,GG,AA,AA,91,88,18,NC_000002.12,Mutation NB - Paternal Origin,Transition - Purine/Purine,G>A
18347629,rs1027156,CC,AA,AA,79,88,0,NC_000002.12,Mutation NB - Paternal Origin,Transversion - Purine/Pyrimidine,C>A
19121454,rs1671129264,AA,AA,AG,88,91,40,NC_000002.12,Mutation NB - Paternal Origin,Transition - Purine/Purine,Unsolved
20196945,rs35363812,AG,AA,GG,2,100,57,NC_000002.12,Mutation NB - Maternal Origin,Transition - Purine/Purine,A>G
20474466,rs140675419,CC,CC,CT,100,88,99,NC_000002.12,Mutation NB - Maternal Origin,Transition - Pyrimidine/Pyrimidine,Unsolved
20543956,rs11096672,AA,GA,GG,70,1,33,NC_000002.12,Mutation NB - Paternal Origin,Transition - Purine/Purine,A>G
20928581,.,CC,CC,CT,25,73,50,NC_000002.12,Mutation NB - Paternal Origin,Transition - Pyrimidine/Pyrimidine,Unsolved
21177433,rs487858,GA,AA,GG,1,82,0,NC_000002.12,Mutation NB - Maternal Origin,Transition - Purine/Purine,A>G
23286389,.,TT,TT,TC,49,82,47,NC_000002.12,Mutation NB - Paternal Origin,Transition - Pyrimidine/Pyrimidine,Unsolved
25041751,rs6735896,CC,CC,CA,70,88,99,NC_000002.12,Mutation NB - Paternal Origin,Transversion - Purine/Pyrimidine,Unsolved
25041753,rs6735897,CC,CC,CT,70,88,99,NC_000002.12,Mutation NB - Paternal Origin,Transition - Pyrimidine/Pyrimidine,Unsolved
25258280,rs4665785,GG,CC,GG,25,100,60,NC_000002.12,Mutation NB - Maternal Origin,Transversion - Purine/Pyrimidine,C>G
28628827,rs56145924,AA,AA,AG,67,88,18,NC_000002.12,Mutation NB - Paternal Origin,Transition - Purine/Purine,Unsolved
29010566,rs72788122,GG,CC,GG,28,85,99,NC_000002.12,Mutation NB - Maternal Origin,Transversion - Purine/Pyrimidine,C>G
29010588,rs12714253,AA,AA,TA,32,85,99,NC_000002.12,Mutation NB - Paternal Origin,Transversion - Purine/Pyrimidine,Unsolved
37508597,rs934092414,GG,GG,GA,76,100,99,NC_000002.12,Mutation NB - Paternal Origin,Transition - Purine/Purine,Unsolved
38627813,rs35613649,GG,GG,GA,100,88,71,NC_000002.12,Mutation NB - Maternal Origin,Transition - Purine/Purine,Unsolved
38803039,rs1227895825,AA,AA,AG,52,58,50,NC_000002.12,Mutation NB - Paternal Origin,Transition - Purine/Purine,Unsolved
40355209,rs990270,CC,AA,CC,55,91,42,NC_000002.12,Mutation NB - Maternal Origin,Transversion - Purine/Pyrimidine,A>C
42969391,rs147974408,CC,AA,CC,58,91,63,NC_000002.12,Mutation NB - Maternal Origin,Transversion - Purine/Pyrimidine,A>C
43199905,rs11673940,AA,GG,AA,1,82,99,NC_000002.12,Mutation NB - Maternal Origin,Transition - Purine/Purine,G>A
46946220,rs13404033,TT,CC,CC,87,91,21,NC_000002.12,Mutation NB - Paternal Origin,Transition - Pyrimidine/Pyrimidine,T>C
47003248,rs544612297,AA,GG,GG,76,76,33,NC_000002.12,Mutation NB - Paternal Origin,Transition - Purine/Purine,A>G
47003382,rs13413587,GG,TT,TT,97,61,15,NC_000002.12,Mutation NB - Paternal Origin,Transversion - Purine/Pyrimidine,G>T
54652298,rs4671965,AA,AA,AC,100,82,99,NC_000002.12,Mutation NB - Maternal Origin,Transversion - Purine/Pyrimidine,Unsolved
55420186,rs1454421,CC,GG,CC,61,100,48,NC_000002.12,Mutation NB - Maternal Origin,Transversion - Purine/Pyrimidine,G>C
60444422,rs1012585,CC,CC,CT,52,91,99,NC_000002.12,Mutation NB - Paternal Origin,Transition - Pyrimidine/Pyrimidine,Unsolved
60679177,rs72805345,AA,AA,AT,61,100,99,NC_000002.12,Mutation NB - Paternal Origin,Transversion - Purine/Pyrimidine,Unsolved
60807880,rs13021034,CC,CC,CA,82,100,99,NC_000002.12,Mutation NB - Paternal Origin,Transversion - Purine/Pyrimidine,Unsolved
69106568,rs4555379,AC,AA,CC,1,100,75,NC_000002.12,Mutation NB - Maternal Origin,A>C
70386154,.,CC,CC,CT,79,91,59,NC_000002.12,Mutation NB - Paternal Origin,Transition - Pyrimidine/Pyrimidine,Unsolved
71993435,rs4144821,AA,AA,GA,40,88,6,NC_000002.12,Mutation NB - Paternal Origin,Transition - Purine/Purine,Unsolved
74948227,.,TT,TT,TC,25,52,44,NC_000002.12,Mutation NB - Paternal Origin,Transition - Pyrimidine/Pyrimidine,Unsolved
75444869,rs6547001,AA,AA,TA,25,91,99,NC_000002.12,Mutation NB - Paternal Origin,Transversion - Purine/Pyrimidine,Unsolved
77023329,rs942550932,CC,CC,CG,79,85,56,NC_000002.12,Mutation NB - Paternal Origin,Transversion - Purine/Pyrimidine,Unsolved
83734663,rs73940077,GG,GG,GA,70,100,92,NC_000002.12,Mutation NB - Paternal Origin,Transition - Purine/Purine,Unsolved
85795665,rs1356626,TC,TT,CC,1,100,57,NC_000002.12,Mutation NB - Maternal Origin,Transition - Pyrimidine/Pyrimidine,T>C
88094457,rs2970907,AA,AA,AG,43,100,99,NC_000002.12,Mutation NB - Paternal Origin,Transition - Purine/Purine,Unsolved
98815600,rs1568213,TA,TT,AA,1,100,48,NC_000002.12,Mutation NB - Maternal Origin,Transversion - Purine/Pyrimidine,T>A
100263090,rs114637531,TT,TT,TG,82,91,62,NC_000002.12,Mutation NB - Paternal Origin,Transition - Pyrimidine/Pyrimidine,Transversion - Purine/Pyrimidine,Unsolved
101109119,rs4080660,TA,AA,TT,1,88,90,NC_000002.12,Mutation NB - Maternal Origin,Transversion - Purine/Pyrimidine,A>T
101109137,rs1814448,AC,CC,AA,1,88,84,NC_000002.12,Mutation NB - Maternal Origin,Transversion - Purine/Pyrimidine,C>A
102050078,rs114702146,CC,CC,CA,58,100,98,NC_000002.12,Mutation NB - Paternal Origin,Transversion - Purine/Pyrimidine,Unsolved
102050083,rs61080885,CT,TT,CC,1,91,0,NC_000002.12,Mutation NB - Maternal Origin,Transition - Pyrimidine/Pyrimidine,T>C
102369915,rs1974675,GG,GG,GA,64,91,95,NC_000002.12,Mutation NB - Paternal Origin,Transition - Purine/Purine,Unsolved
104607854,rs10176420,GG,GG,AA,70,76,12,NC_000002.12,Mutation NB - Paternal Origin,Transition - Purine/Purine,Unsolved
104847730,.,AA,AA,AC,16,70,50,NC_000002.12,Mutation NB - Paternal Origin,Transversion - Purine/Pyrimidine,Unsolved
105574111,rs34743126,AA,GG,AA,61,91,42,NC_000002.12,Mutation NB - Maternal Origin,Transition - Purine/Purine,G>A
106576027,rs13382419,GG,AA,GG,49,58,0,NC_000002.12,Mutation NB - Maternal Origin,Transition - Purine/Purine,A>G
108269396,rs72831078,TT,TG,GG,70,44,36,NC_000002.12,Mutation NB - Paternal Origin,Transversion - Purine/Pyrimidine,T>G
109371518,.,TT,TT,TC,55,88,42,NC_000002.12,Mutation NB - Paternal Origin,Transition - Pyrimidine/Pyrimidine,Unsolved
109494838,rs36142841,AA,AA,AG,70,85,68,NC_000002.12,Mutation NB - Paternal Origin,Transition - Purine/Purine,Unsolved
109494857,rs149310652,AA,GG,GG,73,85,15,NC_000002.12,Mutation NB - Paternal Origin,Transition - Purine/Purine,A>G
111711508,rs7426012,CC,CC,CG,70,88,59,NC_000002.12,Mutation NB - Paternal Origin,Transversion - Purine/Pyrimidine,Unsolved
113698033,rs113394935,CC,CC,CT,100,79,99,NC_000002.12,Mutation NB - Maternal Origin,Transition - Pyrimidine/Pyrimidine,Unsolved
116087157,rs59428155,CC,CC,CA,55,85,50,NC_000002.12,Mutation NB - Paternal Origin,Transversion - Purine/Pyrimidine,Unsolved
117941992,.,TT,AA,AA,88,65,84,NC_000002.12,Mutation NB - Paternal Origin,Transversion - Purine/Pyrimidine,T>A
118039705,rs55863731,CC,CC,CA,85,100,99,NC_000002.12,Mutation NB - Paternal Origin,Transversion - Purine/Pyrimidine,Unsolved
120246665,rs4077564,CC,CT,TT,100,2,36,NC_000002.12,Mutation NB - Paternal Origin,Transition - Pyrimidine/Pyrimidine,C>T
120279442,rs3896630,AG,AA,GG,41,91,30,NC_000002.12,Mutation NB - Maternal Origin,Transition - Purine/Purine,A>G
120960475,.,TT,TT,TC,70,85,62,NC_000002.12,Mutation NB - Paternal Origin,Transition - Pyrimidine/Pyrimidine,Unsolved
121249275,rs17006283,AA,AA,AC,82,100,93,NC_000002.12,Mutation NB - Paternal Origin,Transversion - Purine/Pyrimidine,Unsolved
122788829,.,AA,AA,AG,64,64,41,NC_000002.12,Mutation NB - Paternal or Maternal,Transition - Purine/Purine,Unsolved
123966137,rs1214048,TT,TT,TC,100,100,99,NC_000002.12,Mutation NB - Paternal or Maternal,Transition - Pyrimidine/Pyrimidine,Unsolved
123966152,rs1214049,AA,AA,AG,79,100,99,NC_000002.12,Mutation NB - Paternal Origin,Transition - Purine/Purine,Unsolved
126698522,rs6431172,GG,GG,TG,91,91,99,NC_000002.12,Mutation NB - Paternal or Maternal,Transversion - Purine/Pyrimidine,Unsolved
126698553,rs6431173,AA,GG,GG,91,91,21,NC_000002.12,Mutation NB - Paternal Origin,Transition - Purine/Purine,A>G
127407859,rs72848646,TT,TT,CC,88,100,9,NC_000002.12,Mutation NB - Paternal Origin,Transition - Pyrimidine/Pyrimidine,Unsolved
129734049,rs6710206,GA,GG,AA,1,100,57,NC_000002.12,Mutation NB - Maternal Origin,Transition - Purine/Purine,G>A
132751460,rs73957652,CC,CC,CA,61,100,99,NC_000002.12,Mutation NB - Paternal Origin,Transversion - Purine/Pyrimidine,Unsolved
134075956,.,TT,TT,TC,85,91,53,NC_000002.12,Mutation NB - Paternal Origin,Transition - Pyrimidine/Pyrimidine,Unsolved
138087928,rs55861322,AA,AA,AC,1,100,99,NC_000002.12,Mutation NB - Paternal Origin,Transversion - Purine/Pyrimidine,Unsolved
141661048,rs355569,TG,GG,TT,1,82,51,NC_000002.12,Mutation NB - Maternal Origin,Transversion - Purine/Pyrimidine,G>T
142615388,rs12993708,AA,AA,AG,49,100,65,NC_000002.12,Mutation NB - Paternal Origin,Transition - Purine/Purine,Unsolved
142615432,rs12998819,AA,AA,AG,49,100,65,NC_000002.12,Mutation NB - Paternal Origin,Transition - Purine/Purine,Unsolved
147705180,rs77689900,CC,CC,CA,67,100,99,NC_000002.12,Mutation NB - Paternal Origin,Transversion - Purine/Pyrimidine,Unsolved
149766175,rs1641422,AG,AA,GG,1,100,24,NC_000002.12,Mutation NB - Maternal Origin,Transition - Purine/Purine,A>G
152594422,rs11682487,TT,TT,CT,70,67,15,NC_000002.12,Mutation NB - Maternal Origin,Transition - Pyrimidine/Pyrimidine,Unsolved
155881929,rs10173843,AG,AA,GG,1,100,45,NC_000002.12,Mutation NB - Maternal Origin,Transition - Purine/Purine,A>G
159364287,rs3771688,AA,GG,AA,55,88,39,NC_000002.12,Mutation NB - Maternal Origin,Transition - Purine/Purine,G>A
162142490,rs16846320,AA,GG,GG,85,91,0,NC_000002.12,Mutation NB - Paternal Origin,Transition - Purine/Purine,A>G
164456720,rs73018225,TT,TT,TC,1,91,99,NC_000002.12,Mutation NB - Paternal Origin,Transition - Pyrimidine/Pyrimidine,Unsolved
167036113,rs58766744,GG,CC,GG,40,85,93,NC_000002.12,Mutation NB - Maternal Origin,Transversion - Purine/Pyrimidine,C>G
167784009,rs1965906,GG,AA,AA,100,91,42,NC_000002.12,Mutation NB - Paternal Origin,Transition - Purine/Purine,G>A
168045352,rs1307503219,AA,AA,AC,68,100,99,NC_000002.12,Mutation NB - Paternal Origin,Transversion - Purine/Pyrimidine,Unsolved
171627052,rs28823131,CC,CC,CA,100,91,99,NC_000002.12,Mutation NB - Maternal Origin,Transversion - Purine/Pyrimidine,Unsolved
173277937,rs66483031,TT,TT,CC,100,100,12,NC_000002.12,Mutation NB - Paternal or Maternal,Transition - Pyrimidine/Pyrimidine,Unsolved
173853364,rs68010911,GG,GG,AA,88,91,21,NC_000002.12,Mutation NB - Paternal Origin,Transition - Purine/Purine,Unsolved
177328198,rs12990594,CC,CC,CT,82,82,1,NC_000002.12,Mutation NB - Paternal or Maternal,Transition - Pyrimidine/Pyrimidine,Unsolved
177328242,rs13017227,TT,TT,TA,82,82,33,NC_000002.12,Mutation NB - Paternal or Maternal,Transition - Pyrimidine/Pyrimidine,Transversion - Purine/Pyrimidine,Unsolved
185264928,rs62200006,CT,CC,TT,11,100,27,NC_000002.12,Mutation NB - Maternal Origin,Transversion - Purine/Pyrimidine,C>T
188943717,rs7600151,TT,CC,CC,37,25,99,NC_000002.12,Mutation NB - Paternal Origin,Transition - Pyrimidine/Pyrimidine,T>C
195030788,rs7581111,TT,CC,CC,100,70,57,NC_000002.12,Mutation NB - Paternal Origin,Transition - Pyrimidine/Pyrimidine,T>C
197129894,rs9678922,AG,AA,GG,1,100,27,NC_000002.12,Mutation NB - Maternal Origin,Transition - Purine/Purine,A>G
197507736,.,TT,TT,TC,88,88,68,NC_000002.12,Mutation NB - Paternal or Maternal,Transition - Pyrimidine/Pyrimidine,Unsolved
199581319,rs16831629,GG,GG,GA,76,100,99,NC_000002.12,Mutation NB - Paternal Origin,Transition - Purine/Purine,Unsolved
200745922,rs13025464,TT,TT,CC,100,91,12,NC_000002.12,Mutation NB - Maternal Origin,Transition - Pyrimidine/Pyrimidine,Unsolved
204573319,.,GG,GG,GA,40,55,39,NC_000002.12,Mutation NB - Paternal Origin,Transition - Purine/Purine,Unsolved
207499451,rs114940530,TT,TT,TC,76,100,99,NC_000002.12,Mutation NB - Paternal Origin,Transition - Pyrimidine/Pyrimidine,Unsolved
207918544,rs528123200,AA,CC,AA,4,85,42,NC_000002.12,Mutation NB - Maternal Origin,Transversion - Purine/Pyrimidine,C>A
207918547,rs542256371,CC,AA,CC,4,85,42,NC_000002.12,Mutation NB - Maternal Origin,Transversion - Purine/Pyrimidine,A>C
210394597,rs2370952,CC,GG,CC,70,79,33,NC_000002.12,Mutation NB - Maternal Origin,Transversion - Purine/Pyrimidine,G>C
212934271,rs10210330,TT,TT,AT,73,88,99,NC_000002.12,Mutation NB - Paternal Origin,Transition - Pyrimidine/Pyrimidine,Transversion - Purine/Pyrimidine,Unsolved
218191762,rs13382552,AA,AA,GG,85,88,9,NC_000002.12,Mutation NB - Paternal Origin,Transition - Purine/Purine,Unsolved
218390458,rs56384128,CC,CC,CG,61,100,99,NC_000002.12,Mutation NB - Paternal Origin,Transversion - Purine/Pyrimidine,Unsolved
219236065,rs2293079,CC,CC,CT,19,100,59,NC_000002.12,Mutation NB - Paternal Origin,Transition - Pyrimidine/Pyrimidine,Unsolved
219403041,rs114509636,TT,TT,TC,100,61,99,NC_000002.12,Mutation NB - Maternal Origin,Transition - Pyrimidine/Pyrimidine,Unsolved
219533389,rs10932809,AA,GA,GG,91,67,24,NC_000002.12,Mutation NB - Paternal Origin,Transition - Purine/Purine,A>G
224369754,rs16865890,CC,TT,CC,16,79,93,NC_000002.12,Mutation NB - Maternal Origin,Transition - Pyrimidine/Pyrimidine,T>C
225825112,.,AA,AA,AG,100,91,41,NC_000002.12,Mutation NB - Maternal Origin,Transition - Purine/Purine,Unsolved
227086025,.,AA,AA,AG,88,91,44,NC_000002.12,Mutation NB - Paternal Origin,Transition - Purine/Purine,Unsolved
227642827,rs148125344,AA,GG,AA,67,91,54,NC_000002.12,Mutation NB - Maternal Origin,Transition - Purine/Purine,G>A
230154957,rs13400374,CC,CC,CA,49,73,99,NC_000002.12,Mutation NB - Paternal Origin,Transversion - Purine/Pyrimidine,Unsolved
230539500,rs77164615,GG,AA,GG,46,85,36,NC_000002.12,Mutation NB - Maternal Origin,Transition - Purine/Purine,A>G
231931292,rs893740,GG,AA,GG,37,100,51,NC_000002.12,Mutation NB - Maternal Origin,Transition - Purine/Purine,A>G
232521873,rs2853445,CC,CC,TC,82,88,99,NC_000002.12,Mutation NB - Paternal Origin,Transition - Pyrimidine/Pyrimidine,Unsolved
234791520,rs35209184,AA,AG,GG,61,1,9,NC_000002.12,Mutation NB - Paternal Origin,Transition - Purine/Purine,A>G
234981529,rs12479196,GG,AA,GG,1,85,60,NC_000002.12,Mutation NB - Maternal Origin,Transition - Purine/Purine,A>G
235198759,rs10168280,TT,TT,TC,70,85,59,NC_000002.12,Mutation NB - Paternal Origin,Transition - Pyrimidine/Pyrimidine,Unsolved
235198781,rs116057176,CC,CC,CT,70,85,59,NC_000002.12,Mutation NB - Paternal Origin,Transition - Pyrimidine/Pyrimidine,Unsolved
235767377,rs2675131,CC,CC,CT,67,100,99,NC_000002.12,Mutation NB - Paternal Origin,Transition - Pyrimidine/Pyrimidine,Unsolved
236111809,rs10211463,AA,AA,AG,91,100,72,NC_000002.12,Mutation NB - Paternal Origin,Transition - Purine/Purine,Unsolved
236644398,rs1669776,CC,CC,TC,58,79,29,NC_000002.12,Mutation NB - Paternal Origin,Transition - Pyrimidine/Pyrimidine,Unsolved
236936295,rs7349255,GG,AA,GG,88,88,9,NC_000002.12,Mutation NB - Maternal Origin,Transition - Purine/Purine,A>G
237372972,rs59334109,GG,GG,GA,76,100,99,NC_000002.12,Mutation NB - Paternal Origin,Transition - Purine/Purine,Unsolved
237955703,rs11694043,CC,CC,CT,25,100,99,NC_000002.12,Mutation NB - Paternal Origin,Transition - Pyrimidine/Pyrimidine,Unsolved
238098489,rs62196005,AA,TT,AA,88,91,0,NC_000002.12,Mutation NB - Maternal Origin,Transversion - Purine/Pyrimidine,T>A
238580559,rs13028317,CC,CC,TT,100,91,36,NC_000002.12,Mutation NB - Maternal Origin,Transition - Pyrimidine/Pyrimidine,Unsolved
238580571,rs13028325,CC,CC,AA,100,91,36,NC_000002.12,Mutation NB - Maternal Origin,Transversion - Purine/Pyrimidine,Unsolved
238969600,rs4851977,AA,AA,GA,49,91,92,NC_000002.12,Mutation NB - Paternal Origin,Transition - Purine/Purine,Unsolved
239054376,rs12617720,CC,CC,CT,76,100,99,NC_000002.12,Mutation NB - Paternal Origin,Transition - Pyrimidine/Pyrimidine,Unsolved
239591755,.,CC,CC,CT,67,88,65,NC_000002.12,Mutation NB - Paternal Origin,Transition - Pyrimidine/Pyrimidine,Unsolved
240396383,rs144570742,AA,GG,GG,85,91,45,NC_000002.12,Mutation NB - Paternal Origin,Transition - Purine/Purine,A>G
240603286,rs5030952,CT,TT,CC,1,85,27,NC_000002.12,Mutation NB - Maternal Origin,Transition - Pyrimidine/Pyrimidine,T>C
240823751,rs4499423,CC,TT,CC,46,100,69,NC_000002.12,Mutation NB - Maternal Origin,Transition - Pyrimidine/Pyrimidine,T>C
240888595,rs6708304,CC,CC,TT,79,79,9,NC_000002.12,Mutation NB - Paternal or Maternal,Transition - Pyrimidine/Pyrimidine,Unsolved
851268,rs4686247,AA,CC,AA,82,100,39,NC_000003.12,Mutation NB - Maternal Origin,Transversion - Purine/Pyrimidine,C>A
1700268,rs6770914,AA,AA,AG,100,73,99,NC_000003.12,Mutation NB - Maternal Origin,Transition - Purine/Purine,Unsolved
3926293,rs6798361,AG,GG,AA,1,88,36,NC_000003.12,Mutation NB - Maternal Origin,Transition - Purine/Purine,G>A
3926299,rs6798362,AC,CC,AA,1,88,36,NC_000003.12,Mutation NB - Maternal Origin,Transversion - Purine/Pyrimidine,C>A
4335105,rs972359915,CC,CC,CT,91,91,57,NC_000003.12,Mutation NB - Paternal or Maternal,Transition - Pyrimidine/Pyrimidine,Unsolved
4357036,rs1688412,AA,AA,CC,85,91,0,NC_000003.12,Mutation NB - Paternal Origin,Transversion - Purine/Pyrimidine,Unsolved
6036738,rs62247697,GG,GG,GT,67,100,99,NC_000003.12,Mutation NB - Paternal Origin,Transversion - Purine/Pyrimidine,Unsolved
6338383,rs9874119,AA,AA,AG,1,82,99,NC_000003.12,Mutation NB - Paternal Origin,Transition - Purine/Purine,Unsolved
8727309,.,GG,GG,GA,88,88,59,NC_000003.12,Mutation NB - Paternal or Maternal,Transition - Purine/Purine,Unsolved
11596514,rs2443725,CC,GG,CC,79,100,57,NC_000003.12,Mutation NB - Maternal Origin,Transversion - Purine/Pyrimidine,G>C
11623432,.,TT,TT,TC,76,79,41,NC_000003.12,Mutation NB - Paternal Origin,Transition - Pyrimidine/Pyrimidine,Unsolved
13551786,rs4684950,TT,CC,TT,64,100,60,NC_000003.12,Mutation NB - Maternal Origin,Transition - Pyrimidine/Pyrimidine,C>T
13871831,rs74464529,CC,TT,TT,49,49,45,NC_000003.12,Mutation NB - Paternal Origin,Transition - Pyrimidine/Pyrimidine,C>T
14274281,rs78736956,GG,GG,GA,73,100,99,NC_000003.12,Mutation NB - Paternal Origin,Transition - Purine/Purine,Unsolved
14330569,rs36052330,GG,GG,GT,100,79,99,NC_000003.12,Mutation NB - Maternal Origin,Transversion - Purine/Pyrimidine,Unsolved
19938862,rs13081488,AA,GG,AA,43,61,48,NC_000003.12,Mutation NB - Maternal Origin,Transition - Purine/Purine,G>A
20436437,rs9310619,AA,TT,TT,76,91,0,NC_000003.12,Mutation NB - Paternal Origin,Transversion - Purine/Pyrimidine,A>T
23647710,rs4072410,GG,AA,AA,82,79,99,NC_000003.12,Mutation NB - Paternal Origin,Transition - Purine/Purine,G>A
25998903,.,TT,TT,TC,37,73,41,NC_000003.12,Mutation NB - Paternal Origin,Transition - Pyrimidine/Pyrimidine,Unsolved
26480731,rs77024925,AA,AA,AT,100,91,33,NC_000003.12,Mutation NB - Maternal Origin,Transversion - Purine/Pyrimidine,Unsolved
26534397,rs9854266,GG,AA,AA,79,91,9,NC_000003.12,Mutation NB - Paternal Origin,Transition - Purine/Purine,G>A
31182289,rs61260445,AA,AA,AG,34,79,99,NC_000003.12,Mutation NB - Paternal Origin,Transition - Purine/Purine,Unsolved
32162310,rs75227132,CC,TT,CC,16,82,39,NC_000003.12,Mutation NB - Maternal Origin,Transition - Pyrimidine/Pyrimidine,T>C
32610840,rs57401507,AA,AA,AG,1,97,99,NC_000003.12,Mutation NB - Paternal Origin,Transition - Purine/Purine,Unsolved
35226431,rs6550336,TC,TT,CC,1,100,51,NC_000003.12,Mutation NB - Maternal Origin,Transition - Pyrimidine/Pyrimidine,T>C
38006463,rs9816693,GG,GG,GC,1,100,99,NC_000003.12,Mutation NB - Paternal Origin,Transition - Purine/Purine,Transversion - Purine/Pyrimidine,Unsolved
38395980,rs1381798,GA,GG,AA,73,100,24,NC_000003.12,Mutation NB - Maternal Origin,Transition - Purine/Purine,G>A
40631749,rs34663734,TT,TT,TG,91,91,99,NC_000003.12,Mutation NB - Paternal or Maternal,Transition - Pyrimidine/Pyrimidine,Transversion - Purine/Pyrimidine,Unsolved
40688403,rs114967292,TT,TT,TA,64,100,99,NC_000003.12,Mutation NB - Paternal Origin,Transition - Pyrimidine/Pyrimidine,Transversion - Purine/Pyrimidine,Unsolved
41616557,rs34209269,CC,TT,CC,85,91,45,NC_000003.12,Mutation NB - Maternal Origin,Transition - Pyrimidine/Pyrimidine,T>C
43962745,rs9311346,AA,GG,GG,82,91,0,NC_000003.12,Mutation NB - Paternal Origin,Transition - Purine/Purine,A>G
46610939,rs6442009,AA,AA,AG,49,100,99,NC_000003.12,Mutation NB - Paternal Origin,Transition - Purine/Purine,Unsolved
46610971,rs7649184,AA,AA,AG,49,100,99,NC_000003.12,Mutation NB - Paternal Origin,Transition - Purine/Purine,Unsolved
46706963,rs12491225,AA,GG,GG,91,91,0,NC_000003.12,Mutation NB - Paternal Origin,Transition - Purine/Purine,A>G
46743090,rs62246251,GG,GG,GA,25,100,99,NC_000003.12,Mutation NB - Paternal Origin,Transition - Purine/Purine,Unsolved
49567556,.,TT,TT,TC,67,82,53,NC_000003.12,Mutation NB - Paternal Origin,Transition - Pyrimidine/Pyrimidine,Unsolved
50396610,.,TT,TT,TC,82,73,47,NC_000003.12,Mutation NB - Maternal Origin,Transition - Pyrimidine/Pyrimidine,Unsolved
50988977,rs61741297,CC,CC,CT,73,76,99,NC_000003.12,Mutation NB - Paternal Origin,Transition - Pyrimidine/Pyrimidine,Unsolved
51567956,rs191083754,AA,AA,AC,94,100,13,NC_000003.12,Mutation NB - Paternal Origin,Transversion - Purine/Pyrimidine,Unsolved
52643476,.,CC,CC,CT,88,73,83,NC_000003.12,Mutation NB - Maternal Origin,Transition - Pyrimidine/Pyrimidine,Unsolved
53729734,rs116639394,GG,GG,GA,67,100,95,NC_000003.12,Mutation NB - Paternal Origin,Transition - Purine/Purine,Unsolved
54973100,rs3773591,AA,AA,GA,73,82,0,NC_000003.12,Mutation NB - Paternal Origin,Transition - Purine/Purine,Unsolved
55513399,rs7634464,AA,AA,CA,34,40,3,NC_000003.12,Mutation NB - Paternal Origin,Transversion - Purine/Pyrimidine,Unsolved
58662147,rs4681891,CC,CC,GC,19,79,99,NC_000003.12,Mutation NB - Paternal Origin,Transversion - Purine/Pyrimidine,Unsolved
58662153,rs58684917,GG,GG,GA,19,100,99,NC_000003.12,Mutation NB - Paternal Origin,Transition - Purine/Purine,Unsolved
59668288,rs76640304,GG,TT,GG,70,91,39,NC_000003.12,Mutation NB - Maternal Origin,Transition - Purine/Purine,Transversion - Purine/Pyrimidine,T>G
62233105,.,TT,TT,TC,67,88,47,NC_000003.12,Mutation NB - Paternal Origin,Transition - Pyrimidine/Pyrimidine,Unsolved
63372760,rs76125096,GG,AA,GG,70,88,9,NC_000003.12,Mutation NB - Maternal Origin,Transition - Purine/Purine,A>G
66437118,rs10049330,GG,AA,GG,55,91,24,NC_000003.12,Mutation NB - Maternal Origin,Transition - Purine/Purine,A>G
66503926,.,AA,AA,AG,88,91,50,NC_000003.12,Mutation NB - Paternal Origin,Transition - Purine/Purine,Unsolved
71651356,rs704264,TT,GG,GG,100,88,15,NC_000003.12,Mutation NB - Paternal Origin,Transversion - Purine/Pyrimidine,T>G
74762500,rs9861352,TT,AA,TT,79,100,30,NC_000003.12,Mutation NB - Maternal Origin,Transversion - Purine/Pyrimidine,A>T
79767230,rs4856328,GG,GG,GC,67,100,85,NC_000003.12,Mutation NB - Paternal Origin,Transition - Purine/Purine,Transversion - Purine/Pyrimidine,Unsolved
97196883,.,AA,AA,AG,73,91,47,NC_000003.12,Mutation NB - Paternal Origin,Transition - Purine/Purine,Unsolved
97196892,.,TT,TT,TC,73,91,47,NC_000003.12,Mutation NB - Paternal Origin,Transition - Pyrimidine/Pyrimidine,Unsolved
97230839,rs7643847,CC,CC,CT,64,100,6,NC_000003.12,Mutation NB - Paternal Origin,Transition - Pyrimidine/Pyrimidine,Unsolved
103654867,rs12630575,CT,CC,TT,8,91,48,NC_000003.12,Mutation NB - Maternal Origin,Transversion - Purine/Pyrimidine,C>T
105829421,.,GG,GG,GA,82,91,41,NC_000003.12,Mutation NB - Paternal Origin,Transition - Purine/Purine,Unsolved
106135909,rs7614475,GG,AA,AA,100,91,9,NC_000003.12,Mutation NB - Paternal Origin,Transition - Purine/Purine,G>A
106363143,rs80165927,CC,CC,CT,76,100,99,NC_000003.12,Mutation NB - Paternal Origin,Transition - Pyrimidine/Pyrimidine,Unsolved
106696952,rs1322340624,CC,CC,CT,49,61,41,NC_000003.12,Mutation NB - Paternal Origin,Transition - Pyrimidine/Pyrimidine,Unsolved
106909340,.,TT,TT,TC,58,76,44,NC_000003.12,Mutation NB - Paternal Origin,Transition - Pyrimidine/Pyrimidine,Unsolved
113107783,rs1797624,GG,GG,GA,91,91,61,NC_000003.12,Mutation NB - Paternal or Maternal,Transition - Purine/Purine,Unsolved
114750352,rs2951800,TT,CC,TT,52,100,66,NC_000003.12,Mutation NB - Maternal Origin,Transition - Pyrimidine/Pyrimidine,C>T
119084431,rs1369574,TT,CC,CC,100,85,30,NC_000003.12,Mutation NB - Paternal Origin,Transition - Pyrimidine/Pyrimidine,T>C
119293817,.,TT,TT,TC,49,67,50,NC_000003.12,Mutation NB - Paternal Origin,Transition - Pyrimidine/Pyrimidine,Unsolved
121129392,rs79090701,AA,AA,AG,88,100,71,NC_000003.12,Mutation NB - Paternal Origin,Transition - Purine/Purine,Unsolved
122293110,rs4638910,TT,GG,TT,88,85,15,NC_000003.12,Mutation NB - Maternal Origin,Transversion - Purine/Pyrimidine,G>T
124001625,rs80133621,CC,CC,CT,52,91,99,NC_000003.12,Mutation NB - Paternal Origin,Transition - Pyrimidine/Pyrimidine,Unsolved
125141190,rs1712458,CC,GG,CC,43,71,0,NC_000003.12,Mutation NB - Maternal Origin,Transversion - Purine/Pyrimidine,G>C
126179071,rs62266680,AA,AA,AG,28,82,99,NC_000003.12,Mutation NB - Paternal Origin,Transition - Purine/Purine,Unsolved
127751323,rs7651814,TT,CC,TT,58,100,27,NC_000003.12,Mutation NB - Maternal Origin,Transition - Pyrimidine/Pyrimidine,C>T
128822417,rs12106864,AA,AA,AG,58,100,99,NC_000003.12,Mutation NB - Paternal Origin,Transition - Purine/Purine,Unsolved
131590539,rs60178009,TT,TT,TC,91,100,99,NC_000003.12,Mutation NB - Paternal Origin,Transition - Pyrimidine/Pyrimidine,Unsolved
131661156,rs1502673,AA,GG,GG,100,91,9,NC_000003.12,Mutation NB - Paternal Origin,Transition - Purine/Purine,A>G
133312241,rs182624405,CC,CC,CA,64,100,27,NC_000003.12,Mutation NB - Paternal Origin,Transversion - Purine/Pyrimidine,Unsolved
133710597,rs62280568,AC,AA,CC,1,100,24,NC_000003.12,Mutation NB - Maternal Origin,A>C
134574233,rs116027316,GG,GG,GT,10,100,99,NC_000003.12,Mutation NB - Paternal Origin,Transversion - Purine/Pyrimidine,Unsolved
135041093,rs997431145,CC,CC,CT,46,100,99,NC_000003.12,Mutation NB - Paternal Origin,Transition - Pyrimidine/Pyrimidine,Unsolved
135111553,rs566685304,GG,AA,GG,43,88,51,NC_000003.12,Mutation NB - Maternal Origin,Transition - Purine/Purine,A>G
137679381,rs111492589,GG,AA,GG,85,85,18,NC_000003.12,Mutation NB - Maternal Origin,Transition - Purine/Purine,A>G
139949743,rs58710119,CC,CC,CT,28,100,99,NC_000003.12,Mutation NB - Paternal Origin,Transition - Pyrimidine/Pyrimidine,Unsolved
140094889,rs4683797,TG,GG,TT,1,88,57,NC_000003.12,Mutation NB - Maternal Origin,Transversion - Purine/Pyrimidine,G>T
140094892,rs115878511,GG,GG,GA,46,100,99,NC_000003.12,Mutation NB - Paternal Origin,Transition - Purine/Purine,Unsolved
145903745,rs6440400,AA,GG,GG,64,85,15,NC_000003.12,Mutation NB - Paternal Origin,Transition - Purine/Purine,A>G
145903768,rs9820635,CC,TT,CC,64,85,15,NC_000003.12,Mutation NB - Maternal Origin,Transition - Pyrimidine/Pyrimidine,T>C
149452340,rs2175734,GG,GG,GT,91,88,92,NC_000003.12,Mutation NB - Maternal Origin,Transversion - Purine/Pyrimidine,Unsolved
154766909,rs73873036,GG,GG,GA,4,100,99,NC_000003.12,Mutation NB - Paternal Origin,Transition - Purine/Purine,Unsolved
154766977,rs954721126,CC,CC,CT,19,100,99,NC_000003.12,Mutation NB - Paternal Origin,Transition - Pyrimidine/Pyrimidine,Unsolved
156228494,rs13077031,CC,CC,CT,40,100,99,NC_000003.12,Mutation NB - Paternal Origin,Transition - Pyrimidine/Pyrimidine,Unsolved
158359555,rs9867617,GG,GG,GA,34,100,99,NC_000003.12,Mutation NB - Paternal Origin,Transition - Purine/Purine,Unsolved
162892009,rs9882258,CC,TT,TT,1,79,81,NC_000003.12,Mutation NB - Paternal Origin,Transition - Pyrimidine/Pyrimidine,C>T
162892042,rs9882271,CC,TT,TT,28,88,24,NC_000003.12,Mutation NB - Paternal Origin,Transition - Pyrimidine/Pyrimidine,C>T
162892454,rs13314380,GG,AA,AA,67,82,87,NC_000003.12,Mutation NB - Paternal Origin,Transition - Purine/Purine,G>A
163788725,rs9880712,GA,AA,GG,5,91,24,NC_000003.12,Mutation NB - Maternal Origin,Transition - Purine/Purine,A>G
163789030,rs77292372,AA,AA,AG,79,91,92,NC_000003.12,Mutation NB - Paternal Origin,Transition - Purine/Purine,Unsolved
168114192,rs67431016,CC,CC,CT,31,100,89,NC_000003.12,Mutation NB - Paternal Origin,Transition - Pyrimidine/Pyrimidine,Unsolved
176304847,rs951161,GA,AA,GG,32,88,0,NC_000003.12,Mutation NB - Maternal Origin,Transition - Purine/Purine,A>G
176304885,rs1384822,AG,GG,AA,25,88,0,NC_000003.12,Mutation NB - Maternal Origin,Transition - Purine/Purine,G>A
177427184,rs77786366,GG,GG,GA,85,88,62,NC_000003.12,Mutation NB - Paternal Origin,Transition - Purine/Purine,Unsolved
178434709,rs1357091163,TT,TT,TC,70,85,50,NC_000003.12,Mutation NB - Paternal Origin,Transition - Pyrimidine/Pyrimidine,Unsolved
179342495,rs59833817,AA,TT,AA,94,91,15,NC_000003.12,Mutation NB - Maternal Origin,Transversion - Purine/Pyrimidine,T>A
181927105,rs10937076,TT,CC,TT,40,82,72,NC_000003.12,Mutation NB - Maternal Origin,Transition - Pyrimidine/Pyrimidine,C>T
183320474,rs6799566,GG,GG,GC,37,100,99,NC_000003.12,Mutation NB - Paternal Origin,Transition - Purine/Purine,Transversion - Purine/Pyrimidine,Unsolved
184394828,.,AA,AA,AG,37,43,41,NC_000003.12,Mutation NB - Paternal Origin,Transition - Purine/Purine,Unsolved
188217331,rs114156993,AA,AG,GG,61,1,15,NC_000003.12,Mutation NB - Paternal Origin,Transition - Purine/Purine,A>G
193101483,.,GG,GG,GA,43,91,53,NC_000003.12,Mutation NB - Paternal Origin,Transition - Purine/Purine,Unsolved
194001579,rs7643463,AA,TT,AA,91,100,18,NC_000003.12,Mutation NB - Maternal Origin,Transversion - Purine/Pyrimidine,T>A
194249639,rs6778204,AA,AA,AG,34,70,99,NC_000003.12,Mutation NB - Paternal Origin,Transition - Purine/Purine,Unsolved
194265492,rs73889734,CC,CC,CT,76,100,99,NC_000003.12,Mutation NB - Paternal Origin,Transition - Pyrimidine/Pyrimidine,Unsolved
196788002,rs34640252,GG,GG,GC,100,100,58,NC_000003.12,Mutation NB - Paternal or Maternal,Transition - Purine/Purine,Transversion - Purine/Pyrimidine,Unsolved
197389436,rs9883186,GG,GG,GC,79,100,94,NC_000003.12,Mutation NB - Paternal Origin,Transition - Purine/Purine,Transversion - Purine/Pyrimidine,Unsolved
197767024,rs116529476,TT,TT,TC,88,91,99,NC_000003.12,Mutation NB - Paternal Origin,Transition - Pyrimidine/Pyrimidine,Unsolved
198039508,.,AA,AA,AG,82,82,62,NC_000003.12,Mutation NB - Paternal or Maternal,Transition - Purine/Purine,Unsolved
764578,rs899393,CC,CC,CT,40,100,99,NC_000004.12,Mutation NB - Paternal Origin,Transition - Pyrimidine/Pyrimidine,Unsolved
864903,rs2306249,AG,GG,AA,1,79,12,NC_000004.12,Mutation NB - Maternal Origin,Transition - Purine/Purine,G>A
1055852,.,TT,TT,TC,31,61,66,NC_000004.12,Mutation NB - Paternal Origin,Transition - Pyrimidine/Pyrimidine,Unsolved
1089211,rs62294748,GA,GG,AA,1,100,21,NC_000004.12,Mutation NB - Maternal Origin,Transition - Purine/Purine,G>A
1222245,rs2279282,CC,CC,GC,91,85,99,NC_000004.12,Mutation NB - Maternal Origin,Transversion - Purine/Pyrimidine,Unsolved
1231160,rs12643212,GG,AA,AA,55,82,0,NC_000004.12,Mutation NB - Paternal Origin,Transition - Purine/Purine,G>A
2275862,rs17132391,AA,GG,AA,79,91,42,NC_000004.12,Mutation NB - Maternal Origin,Transition - Purine/Purine,G>A
2450222,rs2239735,GG,AA,GG,37,70,27,NC_000004.12,Mutation NB - Maternal Origin,Transition - Purine/Purine,A>G
3103029,rs76115487,GG,AA,GG,31,91,45,NC_000004.12,Mutation NB - Maternal Origin,Transition - Purine/Purine,A>G
3770851,rs13144322,GG,AG,AA,64,38,0,NC_000004.12,Mutation NB - Paternal Origin,Transition - Purine/Purine,G>A
3869191,rs28579405,GG,AA,GG,61,91,93,NC_000004.12,Mutation NB - Maternal Origin,Transition - Purine/Purine,A>G
4269186,rs7672285,CC,TC,TT,67,1,39,NC_000004.12,Mutation NB - Paternal Origin,Transition - Pyrimidine/Pyrimidine,C>T
4269300,rs7657468,GG,CG,CC,43,1,33,NC_000004.12,Mutation NB - Paternal Origin,Transversion - Purine/Pyrimidine,G>C
5472141,rs1577560970,TT,TT,TC,61,79,53,NC_000004.12,Mutation NB - Paternal Origin,Transition - Pyrimidine/Pyrimidine,Unsolved
5637223,rs4426715,CC,CC,CG,49,91,56,NC_000004.12,Mutation NB - Paternal Origin,Transversion - Purine/Pyrimidine,Unsolved
5842443,rs13148601,AA,AA,AG,61,100,99,NC_000004.12,Mutation NB - Paternal Origin,Transition - Purine/Purine,Unsolved
6881654,rs139296857,GG,GG,GA,91,100,99,NC_000004.12,Mutation NB - Paternal Origin,Transition - Purine/Purine,Unsolved
7154027,rs6815660,AA,AA,AG,79,100,44,NC_000004.12,Mutation NB - Paternal Origin,Transition - Purine/Purine,Unsolved
7353225,rs3864196,AA,GG,AA,88,91,36,NC_000004.12,Mutation NB - Maternal Origin,Transition - Purine/Purine,G>A
7410084,rs10804996,TT,CC,TT,88,91,9,NC_000004.12,Mutation NB - Maternal Origin,Transition - Pyrimidine/Pyrimidine,C>T
7527525,rs58307181,AA,AA,AG,1,94,99,NC_000004.12,Mutation NB - Paternal Origin,Transition - Purine/Purine,Unsolved
7527546,rs59998189,CC,CC,CT,1,94,99,NC_000004.12,Mutation NB - Paternal Origin,Transition - Pyrimidine/Pyrimidine,Unsolved
8073407,rs6842276,CC,CT,TT,100,33,15,NC_000004.12,Mutation NB - Paternal Origin,Transition - Pyrimidine/Pyrimidine,C>T
8305394,rs76124960,CC,CC,CT,76,91,99,NC_000004.12,Mutation NB - Paternal Origin,Transition - Pyrimidine/Pyrimidine,Unsolved
10417215,rs4627856,CC,TT,TT,25,82,0,NC_000004.12,Mutation NB - Paternal Origin,Transition - Pyrimidine/Pyrimidine,C>T
11908170,rs12651004,AA,AA,AG,73,82,99,NC_000004.12,Mutation NB - Paternal Origin,Transition - Purine/Purine,Unsolved
12179555,rs6829343,CC,CC,CT,85,85,80,NC_000004.12,Mutation NB - Paternal or Maternal,Transition - Pyrimidine/Pyrimidine,Unsolved
12186673,rs13114953,TC,TT,CC,1,88,12,NC_000004.12,Mutation NB - Maternal Origin,Transition - Pyrimidine/Pyrimidine,T>C
14309632,rs2159665,GG,GC,CC,91,28,18,NC_000004.12,Mutation NB - Paternal Origin,Transversion - Purine/Pyrimidine,G>C
14313923,rs76217571,AA,AA,AG,88,100,99,NC_000004.12,Mutation NB - Paternal Origin,Transition - Purine/Purine,Unsolved
15115885,rs12639960,GG,GA,AA,85,70,15,NC_000004.12,Mutation NB - Paternal Origin,Transition - Purine/Purine,G>A
15823053,rs7670690,GG,AA,AA,100,88,12,NC_000004.12,Mutation NB - Paternal Origin,Transition - Purine/Purine,G>A
16220862,.,TT,TT,TC,82,100,50,NC_000004.12,Mutation NB - Paternal Origin,Transition - Pyrimidine/Pyrimidine,Unsolved
16938528,rs16894200,TT,CC,TT,82,85,21,NC_000004.12,Mutation NB - Maternal Origin,Transition - Pyrimidine/Pyrimidine,C>T
19634409,rs1718564561,AA,AA,AG,43,88,99,NC_000004.12,Mutation NB - Paternal Origin,Transition - Purine/Purine,Unsolved
21997294,rs11531409,AA,CC,CC,91,88,30,NC_000004.12,Mutation NB - Paternal Origin,Transversion - Purine/Pyrimidine,A>C
25069455,rs147166594,CC,CC,CT,58,100,99,NC_000004.12,Mutation NB - Paternal Origin,Transition - Pyrimidine/Pyrimidine,Unsolved
25306702,.,AA,AA,AC,13,70,40,NC_000004.12,Mutation NB - Paternal Origin,Transversion - Purine/Pyrimidine,Unsolved
26694568,rs7686313,GG,GG,GC,52,100,99,NC_000004.12,Mutation NB - Paternal Origin,Transition - Purine/Purine,Transversion - Purine/Pyrimidine,Unsolved
27702896,.,TT,TT,TC,43,76,41,NC_000004.12,Mutation NB - Paternal Origin,Transition - Pyrimidine/Pyrimidine,Unsolved
33604609,rs112458266,GG,GG,GA,70,100,94,NC_000004.12,Mutation NB - Paternal Origin,Transition - Purine/Purine,Unsolved
37740924,rs143442283,AA,GG,GG,82,82,21,NC_000004.12,Mutation NB - Paternal Origin,Transition - Purine/Purine,A>G
39128224,rs11728058,GG,TT,GG,82,100,15,NC_000004.12,Mutation NB - Maternal Origin,Transition - Purine/Purine,Transversion - Purine/Pyrimidine,T>G
39718847,rs28620307,AA,AA,AG,100,91,99,NC_000004.12,Mutation NB - Maternal Origin,Transition - Purine/Purine,Unsolved
40830346,rs2437343,CC,TT,CC,70,88,0,NC_000004.12,Mutation NB - Maternal Origin,Transition - Pyrimidine/Pyrimidine,T>C
42821633,rs10013606,GA,GG,AA,1,100,9,NC_000004.12,Mutation NB - Maternal Origin,Transition - Purine/Purine,G>A
48047788,rs17608481,TT,GG,TT,40,88,78,NC_000004.12,Mutation NB - Maternal Origin,Transversion - Purine/Pyrimidine,G>T
53804874,rs6848923,GG,GG,GA,58,100,99,NC_000004.12,Mutation NB - Paternal Origin,Transition - Purine/Purine,Unsolved
55169591,rs13128075,CC,TT,TT,79,100,0,NC_000004.12,Mutation NB - Paternal Origin,Transition - Pyrimidine/Pyrimidine,C>T
57500141,rs1441077,AA,GG,AA,76,79,24,NC_000004.12,Mutation NB - Maternal Origin,Transition - Purine/Purine,G>A
59179460,.,AA,AA,AG,76,91,65,NC_000004.12,Mutation NB - Paternal Origin,Transition - Purine/Purine,Unsolved
64453530,rs114909216,AA,TT,AA,31,79,36,NC_000004.12,Mutation NB - Maternal Origin,Transversion - Purine/Pyrimidine,T>A
75379078,rs36108588,CC,CC,CG,100,88,99,NC_000004.12,Mutation NB - Maternal Origin,Transversion - Purine/Pyrimidine,Unsolved
75379113,rs35946088,CC,CC,CT,100,88,99,NC_000004.12,Mutation NB - Maternal Origin,Transition - Pyrimidine/Pyrimidine,Unsolved
76372421,rs72657826,AA,GG,GG,88,67,21,NC_000004.12,Mutation NB - Paternal Origin,Transition - Purine/Purine,A>G
76621245,rs7669852,GG,AA,GG,28,88,39,NC_000004.12,Mutation NB - Maternal Origin,Transition - Purine/Purine,A>G
79642628,rs149270119,AA,GG,AA,58,88,54,NC_000004.12,Mutation NB - Maternal Origin,Transition - Purine/Purine,G>A
80431843,rs11736014,GG,GG,GA,100,85,99,NC_000004.12,Mutation NB - Maternal Origin,Transition - Purine/Purine,Unsolved
81505861,rs11939668,GG,CC,GG,91,100,27,NC_000004.12,Mutation NB - Maternal Origin,Transversion - Purine/Pyrimidine,C>G
81507056,rs28731290,CC,TT,CC,61,100,63,NC_000004.12,Mutation NB - Maternal Origin,Transition - Pyrimidine/Pyrimidine,T>C
81676638,rs4074490,CC,AA,CC,40,85,72,NC_000004.12,Mutation NB - Maternal Origin,Transversion - Purine/Pyrimidine,A>C
83084087,rs946907118,AA,AA,AG,49,100,99,NC_000004.12,Mutation NB - Paternal Origin,Transition - Purine/Purine,Unsolved
87692699,rs12649873,CC,CC,CG,52,100,99,NC_000004.12,Mutation NB - Paternal Origin,Transversion - Purine/Pyrimidine,Unsolved
90404671,rs34894516,GG,CC,GG,10,100,54,NC_000004.12,Mutation NB - Maternal Origin,Transversion - Purine/Pyrimidine,C>G
91141972,.,TT,TT,TC,82,82,59,NC_000004.12,Mutation NB - Paternal or Maternal,Transition - Pyrimidine/Pyrimidine,Unsolved
97063803,rs11097537,TT,CC,TT,88,88,12,NC_000004.12,Mutation NB - Maternal Origin,Transition - Pyrimidine/Pyrimidine,C>T
98433501,.,CC,CC,CT,73,91,99,NC_000004.12,Mutation NB - Paternal Origin,Transition - Pyrimidine/Pyrimidine,Unsolved
99053122,.,AA,AA,AG,52,85,99,NC_000004.12,Mutation NB - Paternal Origin,Transition - Purine/Purine,Unsolved
100653607,rs72696315,CC,TT,CC,67,91,39,NC_000004.12,Mutation NB - Maternal Origin,Transition - Pyrimidine/Pyrimidine,T>C
102123325,rs238477,AA,GG,GG,100,82,48,NC_000004.12,Mutation NB - Paternal Origin,Transition - Purine/Purine,A>G
114217145,rs76997782,CC,AA,CC,91,88,15,NC_000004.12,Mutation NB - Maternal Origin,Transversion - Purine/Pyrimidine,A>C
117610761,.,AA,AA,AG,22,85,41,NC_000004.12,Mutation NB - Paternal Origin,Transition - Purine/Purine,Unsolved
117691673,rs1459557,TT,TT,TG,31,100,99,NC_000004.12,Mutation NB - Paternal Origin,Transition - Pyrimidine/Pyrimidine,Transversion - Purine/Pyrimidine,Unsolved
119119196,rs10002207,GG,GG,GA,76,100,72,NC_000004.12,Mutation NB - Paternal Origin,Transition - Purine/Purine,Unsolved
122432666,.,TT,TT,TC,55,88,44,NC_000004.12,Mutation NB - Paternal Origin,Transition - Pyrimidine/Pyrimidine,Unsolved
126860443,rs11724702,AA,GG,AA,22,91,66,NC_000004.12,Mutation NB - Maternal Origin,Transition - Purine/Purine,G>A
127133597,.,AA,AA,AG,37,58,64,NC_000004.12,Mutation NB - Paternal Origin,Transition - Purine/Purine,Unsolved
127294103,rs1443067,CC,CC,CT,82,100,71,NC_000004.12,Mutation NB - Paternal Origin,Transition - Pyrimidine/Pyrimidine,Unsolved
127559557,rs10023862,TT,TT,TG,70,88,99,NC_000004.12,Mutation NB - Paternal Origin,Transition - Pyrimidine/Pyrimidine,Transversion - Purine/Pyrimidine,Unsolved
130523823,rs6534804,TT,GG,TT,7,100,66,NC_000004.12,Mutation NB - Maternal Origin,Transversion - Purine/Pyrimidine,G>T
139651370,rs28411343,CT,CC,TT,1,100,15,NC_000004.12,Mutation NB - Maternal Origin,Transversion - Purine/Pyrimidine,C>T
147638552,rs750409187,CC,TT,TT,85,88,21,NC_000004.12,Mutation NB - Paternal Origin,Transition - Pyrimidine/Pyrimidine,C>T
148521288,rs59109853,GG,GG,GC,73,100,24,NC_000004.12,Mutation NB - Paternal Origin,Transition - Purine/Purine,Transversion - Purine/Pyrimidine,Unsolved
149219216,.,AA,AA,AG,58,67,41,NC_000004.12,Mutation NB - Paternal Origin,Transition - Purine/Purine,Unsolved
150323766,rs7683815,CC,TT,CC,67,82,33,NC_000004.12,Mutation NB - Maternal Origin,Transition - Pyrimidine/Pyrimidine,T>C
153160709,rs7691728,TT,TT,TC,61,100,59,NC_000004.12,Mutation NB - Paternal Origin,Transition - Pyrimidine/Pyrimidine,Unsolved
160522123,rs149647453,TT,TT,TC,76,100,99,NC_000004.12,Mutation NB - Paternal Origin,Transition - Pyrimidine/Pyrimidine,Unsolved
162671061,rs195952,CA,CC,AA,1,91,54,NC_000004.12,Mutation NB - Maternal Origin,Transversion - Purine/Pyrimidine,C>A
163504646,.,TT,TT,TC,55,91,50,NC_000004.12,Mutation NB - Paternal Origin,Transition - Pyrimidine/Pyrimidine,Unsolved
165126013,rs7655618,AA,AA,AG,34,100,99,NC_000004.12,Mutation NB - Paternal Origin,Transition - Purine/Purine,Unsolved
168368117,rs2684361,CC,CC,CT,88,91,99,NC_000004.12,Mutation NB - Paternal Origin,Transition - Pyrimidine/Pyrimidine,Unsolved
168398019,rs13141502,CC,CC,CT,40,61,99,NC_000004.12,Mutation NB - Paternal Origin,Transition - Pyrimidine/Pyrimidine,Unsolved
169809965,rs1500929,TT,CC,TT,91,91,12,NC_000004.12,Mutation NB - Maternal Origin,Transition - Pyrimidine/Pyrimidine,C>T
172572253,rs4692921,GG,GG,GA,100,79,99,NC_000004.12,Mutation NB - Maternal Origin,Transition - Purine/Purine,Unsolved
175484729,rs138764449,CC,CC,CT,61,100,99,NC_000004.12,Mutation NB - Paternal Origin,Transition - Pyrimidine/Pyrimidine,Unsolved
179942243,rs1598970,GG,CC,GG,88,88,9,NC_000004.12,Mutation NB - Maternal Origin,Transversion - Purine/Pyrimidine,C>G
186039732,rs9996788,TT,TT,TC,73,100,24,NC_000004.12,Mutation NB - Paternal Origin,Transition - Pyrimidine/Pyrimidine,Unsolved
187851026,.,AA,AA,AG,40,100,41,NC_000004.12,Mutation NB - Paternal Origin,Transition - Purine/Purine,Unsolved
817794,rs142596585,AA,GG,GG,61,79,21,NC_000005.10,Mutation NB - Paternal Origin,Transition - Purine/Purine,A>G
947653,rs1262913071,AA,AA,AG,70,85,41,NC_000005.10,Mutation NB - Paternal Origin,Transition - Purine/Purine,Unsolved
1796450,rs1546253,CC,CC,CT,64,100,99,NC_000005.10,Mutation NB - Paternal Origin,Transition - Pyrimidine/Pyrimidine,Unsolved
1855469,rs2129474,AA,GG,AA,36,100,60,NC_000005.10,Mutation NB - Maternal Origin,Transition - Purine/Purine,G>A
2993451,.,GG,GG,GA,82,79,50,NC_000005.10,Mutation NB - Maternal Origin,Transition - Purine/Purine,Unsolved
3363854,rs4518402,AA,GG,AA,82,85,36,NC_000005.10,Mutation NB - Maternal Origin,Transition - Purine/Purine,G>A
4198323,rs6555261,CC,TT,CC,49,79,66,NC_000005.10,Mutation NB - Maternal Origin,Transition - Pyrimidine/Pyrimidine,T>C
6476273,rs505181,CA,CC,AA,55,91,63,NC_000005.10,Mutation NB - Maternal Origin,Transversion - Purine/Pyrimidine,C>A
9777904,rs2961875,CC,TT,CC,76,82,33,NC_000005.10,Mutation NB - Maternal Origin,Transition - Pyrimidine/Pyrimidine,T>C
9802275,.,CC,CC,CT,52,85,59,NC_000005.10,Mutation NB - Paternal Origin,Transition - Pyrimidine/Pyrimidine,Unsolved
10673013,rs59553146,AA,AA,AG,73,100,33,NC_000005.10,Mutation NB - Paternal Origin,Transition - Purine/Purine,Unsolved
13070987,rs34312965,GG,GG,GA,73,88,98,NC_000005.10,Mutation NB - Paternal Origin,Transition - Purine/Purine,Unsolved
15583648,rs2402165,AA,GG,GG,67,82,54,NC_000005.10,Mutation NB - Paternal Origin,Transition - Purine/Purine,A>G
15796244,.,CC,CC,CT,43,64,53,NC_000005.10,Mutation NB - Paternal Origin,Transition - Pyrimidine/Pyrimidine,Unsolved
16502946,rs334467,AG,AA,GG,1,88,48,NC_000005.10,Mutation NB - Maternal Origin,Transition - Purine/Purine,A>G
28286395,rs1393097,AA,AA,GA,76,82,86,NC_000005.10,Mutation NB - Paternal Origin,Transition - Purine/Purine,Unsolved
28404486,rs1023476088,AA,AA,AG,70,91,41,NC_000005.10,Mutation NB - Paternal Origin,Transition - Purine/Purine,Unsolved
30075618,rs1282043117,TT,TT,TC,85,85,41,NC_000005.10,Mutation NB - Paternal or Maternal,Transition - Pyrimidine/Pyrimidine,Unsolved
31784088,.,TT,TT,TC,94,76,44,NC_000005.10,Mutation NB - Maternal Origin,Transition - Pyrimidine/Pyrimidine,Unsolved
35975341,rs7702219,AA,CC,AA,61,100,12,NC_000005.10,Mutation NB - Maternal Origin,Transversion - Purine/Pyrimidine,C>A
36777884,rs73748892,AA,AA,AT,55,91,99,NC_000005.10,Mutation NB - Paternal Origin,Transversion - Purine/Pyrimidine,Unsolved
37887427,rs7734809,AA,GG,GG,79,88,18,NC_000005.10,Mutation NB - Paternal Origin,Transition - Purine/Purine,A>G
40385688,rs12523160,AA,AA,AT,79,88,99,NC_000005.10,Mutation NB - Paternal Origin,Transversion - Purine/Pyrimidine,Unsolved
50922560,rs1286302413,AA,CC,CC,88,92,5,NC_000005.10,Mutation NB - Paternal Origin,Transversion - Purine/Pyrimidine,A>C
54354492,rs2194231,GG,AA,GG,43,85,84,NC_000005.10,Mutation NB - Maternal Origin,Transition - Purine/Purine,A>G
55116469,rs424203,AA,GA,GG,88,5,0,NC_000005.10,Mutation NB - Paternal Origin,Transition - Purine/Purine,A>G
60715695,rs1816863,CC,CC,CT,73,100,99,NC_000005.10,Mutation NB - Paternal Origin,Transition - Pyrimidine/Pyrimidine,Unsolved
61623381,.,CC,CC,CT,88,91,68,NC_000005.10,Mutation NB - Paternal Origin,Transition - Pyrimidine/Pyrimidine,Unsolved
63436933,rs13168893,AA,CA,CC,49,1,45,NC_000005.10,Mutation NB - Paternal Origin,Transversion - Purine/Pyrimidine,A>C
68122434,rs190613681,TT,TT,TG,100,85,94,NC_000005.10,Mutation NB - Maternal Origin,Transition - Pyrimidine/Pyrimidine,Transversion - Purine/Pyrimidine,Unsolved
68707666,rs13152864,GG,GG,GA,1,100,99,NC_000005.10,Mutation NB - Paternal Origin,Transition - Purine/Purine,Unsolved
72652592,rs1423558050,CC,TT,CC,42,85,75,NC_000005.10,Mutation NB - Maternal Origin,Transition - Pyrimidine/Pyrimidine,T>C
74544910,rs396975,AA,AA,AC,82,82,18,NC_000005.10,Mutation NB - Paternal or Maternal,Transversion - Purine/Pyrimidine,Unsolved
75864641,rs6891276,CC,CC,CT,70,100,99,NC_000005.10,Mutation NB - Paternal Origin,Transition - Pyrimidine/Pyrimidine,Unsolved
76936993,rs1715760,CC,TT,CC,91,91,15,NC_000005.10,Mutation NB - Maternal Origin,Transition - Pyrimidine/Pyrimidine,T>C
78634366,.,AA,AA,AG,46,88,44,NC_000005.10,Mutation NB - Paternal Origin,Transition - Purine/Purine,Unsolved
80813439,rs2306371,TT,TT,TC,100,82,98,NC_000005.10,Mutation NB - Maternal Origin,Transition - Pyrimidine/Pyrimidine,Unsolved
82969166,rs32880,AA,GG,GG,88,91,0,NC_000005.10,Mutation NB - Paternal Origin,Transition - Purine/Purine,A>G
86313582,rs77091642,CC,CC,CT,61,91,33,NC_000005.10,Mutation NB - Paternal Origin,Transition - Pyrimidine/Pyrimidine,Unsolved
86313626,rs112049578,AA,AA,AG,61,91,33,NC_000005.10,Mutation NB - Paternal Origin,Transition - Purine/Purine,Unsolved
86313790,rs73144369,CC,CC,CT,13,100,99,NC_000005.10,Mutation NB - Paternal Origin,Transition - Pyrimidine/Pyrimidine,Unsolved
93921087,.,CC,CC,CT,88,100,52,NC_000005.10,Mutation NB - Paternal Origin,Transition - Pyrimidine/Pyrimidine,Unsolved
107500881,rs1148172,CC,CC,CA,100,82,97,NC_000005.10,Mutation NB - Maternal Origin,Transversion - Purine/Pyrimidine,Unsolved
107572577,rs164701,GG,AA,GG,85,88,0,NC_000005.10,Mutation NB - Maternal Origin,Transition - Purine/Purine,A>G
109575673,.,TT,TT,TC,55,49,41,NC_000005.10,Mutation NB - Maternal Origin,Transition - Pyrimidine/Pyrimidine,Unsolved
112202191,rs556957160,TT,TT,TC,55,79,47,NC_000005.10,Mutation NB - Paternal Origin,Transition - Pyrimidine/Pyrimidine,Unsolved
114486508,rs12719181,TT,TT,CT,82,79,99,NC_000005.10,Mutation NB - Maternal Origin,Transition - Pyrimidine/Pyrimidine,Unsolved
115087611,rs28416065,CC,CC,CT,100,91,91,NC_000005.10,Mutation NB - Maternal Origin,Transition - Pyrimidine/Pyrimidine,Unsolved
115166371,rs10061622,GG,GG,GT,79,79,68,NC_000005.10,Mutation NB - Paternal or Maternal,Transversion - Purine/Pyrimidine,Unsolved
117100147,rs114963002,TT,TT,CC,91,91,9,NC_000005.10,Mutation NB - Paternal or Maternal,Transition - Pyrimidine/Pyrimidine,Unsolved
125989514,rs635741,GG,CC,GG,88,88,36,NC_000005.10,Mutation NB - Maternal Origin,Transversion - Purine/Pyrimidine,C>G
127444520,rs12516897,GA,AA,GG,33,91,0,NC_000005.10,Mutation NB - Maternal Origin,Transition - Purine/Purine,A>G
129164242,rs76750559,TA,TT,AA,1,100,99,NC_000005.10,Mutation NB - Maternal Origin,Transversion - Purine/Pyrimidine,T>A
129471001,.,AA,AA,AG,82,88,50,NC_000005.10,Mutation NB - Paternal Origin,Transition - Purine/Purine,Unsolved
131186823,.,TT,TT,TC,61,76,53,NC_000005.10,Mutation NB - Paternal Origin,Transition - Pyrimidine/Pyrimidine,Unsolved
132270703,rs1474679683,TT,TT,TC,79,91,44,NC_000005.10,Mutation NB - Paternal Origin,Transition - Pyrimidine/Pyrimidine,Unsolved
132663168,.,TT,AA,AA,91,61,66,NC_000005.10,Mutation NB - Paternal Origin,Transversion - Purine/Pyrimidine,T>A
133582431,rs35724862,GG,GG,GA,82,100,71,NC_000005.10,Mutation NB - Paternal Origin,Transition - Purine/Purine,Unsolved
137115227,.,AA,AA,AG,91,88,56,NC_000005.10,Mutation NB - Maternal Origin,Transition - Purine/Purine,Unsolved
137276471,.,TT,TT,TC,70,91,59,NC_000005.10,Mutation NB - Paternal Origin,Transition - Pyrimidine/Pyrimidine,Unsolved
137359600,rs72796527,GG,GC,CC,79,1,18,NC_000005.10,Mutation NB - Paternal Origin,Transversion - Purine/Pyrimidine,G>C
139759464,rs548483453,TT,GG,GG,70,79,93,NC_000005.10,Mutation NB - Paternal Origin,Transversion - Purine/Pyrimidine,T>G
139911656,rs2436586,AA,AA,AG,91,97,65,NC_000005.10,Mutation NB - Paternal Origin,Transition - Purine/Purine,Unsolved
140529481,rs143620577,CC,TT,CC,91,91,15,NC_000005.10,Mutation NB - Maternal Origin,Transition - Pyrimidine/Pyrimidine,T>C
141215771,rs56309578,GG,GG,GC,1,100,99,NC_000005.10,Mutation NB - Paternal Origin,Transition - Purine/Purine,Transversion - Purine/Pyrimidine,Unsolved
142338680,rs7716389,GG,AA,GG,43,88,57,NC_000005.10,Mutation NB - Maternal Origin,Transition - Purine/Purine,A>G
142338693,rs11167774,GG,GG,GT,43,100,99,NC_000005.10,Mutation NB - Paternal Origin,Transversion - Purine/Pyrimidine,Unsolved
146628517,rs186523,AG,AA,GG,1,100,84,NC_000005.10,Mutation NB - Maternal Origin,Transition - Purine/Purine,A>G
148915115,rs2400709,GG,GG,GA,28,100,99,NC_000005.10,Mutation NB - Paternal Origin,Transition - Purine/Purine,Unsolved
150489818,rs7736222,TT,TT,TC,91,100,99,NC_000005.10,Mutation NB - Paternal Origin,Transition - Pyrimidine/Pyrimidine,Unsolved
155881847,.,CC,CC,CT,73,91,65,NC_000005.10,Mutation NB - Paternal Origin,Transition - Pyrimidine/Pyrimidine,Unsolved
157381516,rs7707655,GG,AA,GG,88,88,18,NC_000005.10,Mutation NB - Maternal Origin,Transition - Purine/Purine,A>G
163568525,rs1433778,CT,CC,TT,1,88,42,NC_000005.10,Mutation NB - Maternal Origin,Transversion - Purine/Pyrimidine,C>T
170562875,rs13155413,CA,AA,CC,1,91,0,NC_000005.10,Mutation NB - Maternal Origin,A>C
171299243,rs2914331,TT,AA,TT,73,100,24,NC_000005.10,Mutation NB - Maternal Origin,Transversion - Purine/Pyrimidine,A>T
171687826,.,AA,AA,AG,64,88,41,NC_000005.10,Mutation NB - Paternal Origin,Transition - Purine/Purine,Unsolved
171703084,rs884598,AA,CC,AA,49,82,36,NC_000005.10,Mutation NB - Maternal Origin,Transversion - Purine/Pyrimidine,C>A
174067654,.,AA,AA,AG,76,91,58,NC_000005.10,Mutation NB - Paternal Origin,Transition - Purine/Purine,Unsolved
175886965,rs2382114,AT,AA,TT,1,100,36,NC_000005.10,Mutation NB - Maternal Origin,Transversion - Purine/Pyrimidine,A>T
177452210,rs34832217,TT,CC,TT,13,100,75,NC_000005.10,Mutation NB - Maternal Origin,Transition - Pyrimidine/Pyrimidine,C>T
178274070,rs2973758,CC,TT,CC,37,100,69,NC_000005.10,Mutation NB - Maternal Origin,Transition - Pyrimidine/Pyrimidine,T>C
178355268,rs2913812,TT,AA,TT,82,100,18,NC_000005.10,Mutation NB - Maternal Origin,Transversion - Purine/Pyrimidine,A>T
180463739,rs7729882,AA,GG,AA,52,88,72,NC_000005.10,Mutation NB - Maternal Origin,Transition - Purine/Purine,G>A
180631842,rs2290985,TT,TT,TC,25,82,99,NC_000005.10,Mutation NB - Paternal Origin,Transition - Pyrimidine/Pyrimidine,Unsolved
474426,rs1762750164,TT,TT,TC,58,85,44,NC_000006.12,Mutation NB - Paternal Origin,Transition - Pyrimidine/Pyrimidine,Unsolved
741708,rs545643156,GG,GG,GA,25,40,47,NC_000006.12,Mutation NB - Paternal Origin,Transition - Purine/Purine,Unsolved
1022745,rs707776,CC,TT,CC,64,91,48,NC_000006.12,Mutation NB - Maternal Origin,Transition - Pyrimidine/Pyrimidine,T>C
1553203,rs34114087,CC,GC,GG,85,1,27,NC_000006.12,Mutation NB - Paternal Origin,Transversion - Purine/Pyrimidine,C>G
2468046,rs10458064,CC,CC,GC,55,82,99,NC_000006.12,Mutation NB - Paternal Origin,Transversion - Purine/Pyrimidine,Unsolved
2840082,rs316344,AA,AA,AC,100,91,80,NC_000006.12,Mutation NB - Maternal Origin,Transversion - Purine/Pyrimidine,Unsolved
5083368,rs451476,AA,GG,AA,67,100,45,NC_000006.12,Mutation NB - Maternal Origin,Transition - Purine/Purine,G>A
5083373,rs439350,TT,CC,TT,67,100,45,NC_000006.12,Mutation NB - Maternal Origin,Transition - Pyrimidine/Pyrimidine,C>T
6121582,rs78695800,CT,CC,TT,1,82,91,NC_000006.12,Mutation NB - Maternal Origin,Transversion - Purine/Pyrimidine,C>T
6563249,rs485600,CG,CC,GG,1,100,48,NC_000006.12,Mutation NB - Maternal Origin,Transversion - Purine/Pyrimidine,C>G
6588261,rs2233116,TG,TT,GG,1,100,87,NC_000006.12,Mutation NB - Maternal Origin,Transversion - Purine/Pyrimidine,T>G
8115113,rs1556643,TT,CC,CC,79,91,0,NC_000006.12,Mutation NB - Paternal Origin,Transition - Pyrimidine/Pyrimidine,T>C
10399131,rs114266104,CC,CC,CT,85,91,62,NC_000006.12,Mutation NB - Paternal Origin,Transition - Pyrimidine/Pyrimidine,Unsolved
11088333,rs56388132,CC,AA,CC,43,79,33,NC_000006.12,Mutation NB - Maternal Origin,Transversion - Purine/Pyrimidine,A>C
17744474,rs9396800,GG,GG,GA,46,91,99,NC_000006.12,Mutation NB - Paternal Origin,Transition - Purine/Purine,Unsolved
21313613,rs719098,AA,AA,AG,85,100,68,NC_000006.12,Mutation NB - Paternal Origin,Transition - Purine/Purine,Unsolved
28359574,.,GG,GG,GA,43,67,41,NC_000006.12,Mutation NB - Paternal Origin,Transition - Purine/Purine,Unsolved
33706642,rs4713665,GG,TT,TT,88,100,9,NC_000006.12,Mutation NB - Paternal Origin,Transversion - Purine/Pyrimidine,G>T
35088666,rs2005,GG,AA,GG,25,85,39,NC_000006.12,Mutation NB - Maternal Origin,Transition - Purine/Purine,A>G
36976035,rs114501025,GG,GG,GA,28,85,99,NC_000006.12,Mutation NB - Paternal Origin,Transition - Purine/Purine,Unsolved
37748437,rs570109113,GG,GG,GA,61,100,84,NC_000006.12,Mutation NB - Paternal Origin,Transition - Purine/Purine,Unsolved
37911330,.,TT,TT,TC,58,79,42,NC_000006.12,Mutation NB - Paternal Origin,Transition - Pyrimidine/Pyrimidine,Unsolved
37911336,.,TT,TT,TC,58,79,42,NC_000006.12,Mutation NB - Paternal Origin,Transition - Pyrimidine/Pyrimidine,Unsolved
39335818,rs9462531,AA,AA,GA,76,79,30,NC_000006.12,Mutation NB - Paternal Origin,Transition - Purine/Purine,Unsolved
40228567,rs9357320,TT,CC,TT,28,100,78,NC_000006.12,Mutation NB - Maternal Origin,Transition - Pyrimidine/Pyrimidine,C>T
40661654,rs73734830,GG,GG,GA,79,98,99,NC_000006.12,Mutation NB - Paternal Origin,Transition - Purine/Purine,Unsolved
41332488,rs115608792,GG,GG,GA,43,100,99,NC_000006.12,Mutation NB - Paternal Origin,Transition - Purine/Purine,Unsolved
41587059,.,AA,AA,AG,22,64,44,NC_000006.12,Mutation NB - Paternal Origin,Transition - Purine/Purine,Unsolved
42310127,rs502614,GG,AA,GG,91,91,12,NC_000006.12,Mutation NB - Maternal Origin,Transition - Purine/Purine,A>G
43715022,.,AA,AA,AG,52,88,50,NC_000006.12,Mutation NB - Paternal Origin,Transition - Purine/Purine,Unsolved
44179168,.,AA,AA,AG,67,85,39,NC_000006.12,Mutation NB - Paternal Origin,Transition - Purine/Purine,Unsolved
47380995,rs6925166,AA,GG,AA,79,85,15,NC_000006.12,Mutation NB - Maternal Origin,Transition - Purine/Purine,G>A
49622854,rs1178643337,TT,GG,GG,82,100,0,NC_000006.12,Mutation NB - Paternal Origin,Transversion - Purine/Pyrimidine,T>G
53884562,.,AA,AA,AG,40,82,47,NC_000006.12,Mutation NB - Paternal Origin,Transition - Purine/Purine,Unsolved
62015647,rs4710333,CT,CC,TT,2,100,21,NC_000006.12,Mutation NB - Maternal Origin,Transversion - Purine/Pyrimidine,C>T
67300775,rs112864622,CC,GG,CC,79,91,12,NC_000006.12,Mutation NB - Maternal Origin,Transversion - Purine/Pyrimidine,G>C
69112694,rs314194,AA,AA,AG,64,100,99,NC_000006.12,Mutation NB - Paternal Origin,Transition - Purine/Purine,Unsolved
69451557,rs2183069,AG,GG,AA,1,82,18,NC_000006.12,Mutation NB - Maternal Origin,Transition - Purine/Purine,G>A
70281749,.,GG,GG,GA,73,73,53,NC_000006.12,Mutation NB - Paternal or Maternal,Transition - Purine/Purine,Unsolved
73891982,rs12526320,AA,GG,AA,73,91,42,NC_000006.12,Mutation NB - Maternal Origin,Transition - Purine/Purine,G>A
73891988,rs1837082,GG,AA,GG,73,91,42,NC_000006.12,Mutation NB - Maternal Origin,Transition - Purine/Purine,A>G
76379270,rs2504634,AT,AA,TT,37,100,87,NC_000006.12,Mutation NB - Maternal Origin,Transversion - Purine/Pyrimidine,A>T
81017378,rs10943764,GG,GG,GA,34,100,47,NC_000006.12,Mutation NB - Paternal Origin,Transition - Purine/Purine,Unsolved
84118043,rs561563518,GG,AA,GG,67,88,15,NC_000006.12,Mutation NB - Maternal Origin,Transition - Purine/Purine,A>G
93905060,rs7750745,TT,CC,TT,67,91,24,NC_000006.12,Mutation NB - Maternal Origin,Transition - Pyrimidine/Pyrimidine,C>T
98046342,rs13194250,TT,CC,CC,79,82,0,NC_000006.12,Mutation NB - Paternal Origin,Transition - Pyrimidine/Pyrimidine,T>C
99021484,rs6932177,GG,GG,GA,40,100,53,NC_000006.12,Mutation NB - Paternal Origin,Transition - Purine/Purine,Unsolved
100309055,rs188643683,TT,TT,TC,100,88,99,NC_000006.12,Mutation NB - Maternal Origin,Transition - Pyrimidine/Pyrimidine,Unsolved
105113609,rs1981480,AA,TA,TT,88,70,0,NC_000006.12,Mutation NB - Paternal Origin,Transversion - Purine/Pyrimidine,A>T
106383997,rs7758945,GG,GG,AG,40,58,99,NC_000006.12,Mutation NB - Paternal Origin,Transition - Purine/Purine,Unsolved
106749825,rs78770873,GG,GA,AA,55,1,57,NC_000006.12,Mutation NB - Paternal Origin,Transition - Purine/Purine,G>A
109910795,rs4245542,TT,TT,TC,100,91,99,NC_000006.12,Mutation NB - Maternal Origin,Transition - Pyrimidine/Pyrimidine,Unsolved
110622711,rs9487465,TT,TT,TC,40,100,99,NC_000006.12,Mutation NB - Paternal Origin,Transition - Pyrimidine/Pyrimidine,Unsolved
111603710,rs174402,AG,GG,AA,1,88,0,NC_000006.12,Mutation NB - Maternal Origin,Transition - Purine/Purine,G>A
111841100,rs1773345011,GG,GG,GC,19,100,99,NC_000006.12,Mutation NB - Paternal Origin,Transition - Purine/Purine,Transversion - Purine/Pyrimidine,Unsolved
115222875,rs35960773,AA,AA,AG,61,91,99,NC_000006.12,Mutation NB - Paternal Origin,Transition - Purine/Purine,Unsolved
121215016,rs6935039,GG,AA,AA,64,100,15,NC_000006.12,Mutation NB - Paternal Origin,Transition - Purine/Purine,G>A
121872733,.,AA,AA,AG,64,85,50,NC_000006.12,Mutation NB - Paternal Origin,Transition - Purine/Purine,Unsolved
124892253,rs187189741,TT,TC,CC,1,2,9,NC_000006.12,Mutation NB - Paternal Origin,Transition - Pyrimidine/Pyrimidine,T>C
125192414,rs3806999,AA,CC,AA,46,91,72,NC_000006.12,Mutation NB - Maternal Origin,Transversion - Purine/Pyrimidine,C>A
131221942,rs75167055,AG,AA,GG,1,100,45,NC_000006.12,Mutation NB - Maternal Origin,Transition - Purine/Purine,A>G
132393708,rs112928366,CC,CC,CT,37,88,99,NC_000006.12,Mutation NB - Paternal Origin,Transition - Pyrimidine/Pyrimidine,Unsolved
135604595,rs6570019,AG,AA,GG,1,100,87,NC_000006.12,Mutation NB - Maternal Origin,Transition - Purine/Purine,A>G
135604607,rs6570020,AG,AA,GG,1,100,87,NC_000006.12,Mutation NB - Maternal Origin,Transition - Purine/Purine,A>G
136631574,rs2143021,AA,GG,AA,85,55,21,NC_000006.12,Mutation NB - Maternal Origin,Transition - Purine/Purine,G>A
136957516,.,CC,CC,CT,31,55,39,NC_000006.12,Mutation NB - Paternal Origin,Transition - Pyrimidine/Pyrimidine,Unsolved
137641239,rs1547295,CC,CC,AC,91,91,99,NC_000006.12,Mutation NB - Paternal or Maternal,Transversion - Purine/Pyrimidine,Unsolved
137664488,.,AA,AA,AG,73,91,41,NC_000006.12,Mutation NB - Paternal Origin,Transition - Purine/Purine,Unsolved
137664515,rs525977,GG,GG,GA,100,100,99,NC_000006.12,Mutation NB - Paternal or Maternal,Transition - Purine/Purine,Unsolved
144013058,rs6937531,GT,GG,TT,1,100,21,NC_000006.12,Mutation NB - Maternal Origin,Transversion - Purine/Pyrimidine,G>T
146515025,rs2876653,CT,CC,TT,38,91,36,NC_000006.12,Mutation NB - Maternal Origin,Transversion - Purine/Pyrimidine,C>T
148870901,.,TT,TT,TA,82,91,56,NC_000006.12,Mutation NB - Paternal Origin,Transition - Pyrimidine/Pyrimidine,Transversion - Purine/Pyrimidine,Unsolved
148981069,rs2449382,GA,AA,GG,1,85,0,NC_000006.12,Mutation NB - Maternal Origin,Transition - Purine/Purine,A>G
149451054,rs112722576,GG,AA,GG,19,76,72,NC_000006.12,Mutation NB - Maternal Origin,Transition - Purine/Purine,A>G
149897178,rs77174852,AA,AA,AG,91,91,1,NC_000006.12,Mutation NB - Paternal or Maternal,Transition - Purine/Purine,Unsolved
149963299,rs4425606,AA,GG,AA,88,91,12,NC_000006.12,Mutation NB - Maternal Origin,Transition - Purine/Purine,G>A
150004824,rs9478352,TT,GG,GG,82,91,0,NC_000006.12,Mutation NB - Paternal Origin,Transversion - Purine/Pyrimidine,T>G
156392045,rs114664998,GA,GG,AA,1,58,30,NC_000006.12,Mutation NB - Maternal Origin,Transition - Purine/Purine,G>A
157455171,rs74806770,CT,CC,TT,44,88,21,NC_000006.12,Mutation NB - Maternal Origin,Transversion - Purine/Pyrimidine,C>T
157574999,.,AA,AA,AG,49,46,53,NC_000006.12,Mutation NB - Maternal Origin,Transition - Purine/Purine,Unsolved
158760853,rs3127155,GG,GG,GA,79,100,99,NC_000006.12,Mutation NB - Paternal Origin,Transition - Purine/Purine,Unsolved
158812011,rs9347258,CC,CC,CT,85,100,98,NC_000006.12,Mutation NB - Paternal Origin,Transition - Pyrimidine/Pyrimidine,Unsolved
161367745,rs1475032,GG,AA,GG,88,91,21,NC_000006.12,Mutation NB - Maternal Origin,Transition - Purine/Purine,A>G
163108402,rs865936922,TT,TT,TC,56,79,60,NC_000006.12,Mutation NB - Paternal Origin,Transition - Pyrimidine/Pyrimidine,Unsolved
163325303,rs74384848,GG,GG,GA,73,100,99,NC_000006.12,Mutation NB - Paternal Origin,Transition - Purine/Purine,Unsolved
163618611,rs11965042,AA,GA,GG,61,1,0,NC_000006.12,Mutation NB - Paternal Origin,Transition - Purine/Purine,A>G
163753585,rs6932044,AA,GG,AA,55,91,33,NC_000006.12,Mutation NB - Maternal Origin,Transition - Purine/Purine,G>A
163753592,rs75456701,AA,GG,AA,55,91,33,NC_000006.12,Mutation NB - Maternal Origin,Transition - Purine/Purine,G>A
163964229,rs139103521,GG,GG,GA,19,100,99,NC_000006.12,Mutation NB - Paternal Origin,Transition - Purine/Purine,Unsolved
164214333,rs1325401,CC,GG,GG,64,91,0,NC_000006.12,Mutation NB - Paternal Origin,Transversion - Purine/Pyrimidine,C>G
164532873,.,GG,GG,GA,76,88,50,NC_000006.12,Mutation NB - Paternal Origin,Transition - Purine/Purine,Unsolved
165244936,rs6912450,TT,CC,TT,40,88,75,NC_000006.12,Mutation NB - Maternal Origin,Transition - Pyrimidine/Pyrimidine,C>T
165810509,rs12523813,TC,TT,CC,1,100,51,NC_000006.12,Mutation NB - Maternal Origin,Transition - Pyrimidine/Pyrimidine,T>C
166470651,rs6902946,GA,GG,AA,67,100,24,NC_000006.12,Mutation NB - Maternal Origin,Transition - Purine/Purine,G>A
166812311,rs4710109,GG,GG,GA,100,85,99,NC_000006.12,Mutation NB - Maternal Origin,Transition - Purine/Purine,Unsolved
166812315,rs4710110,TT,TT,TC,100,85,99,NC_000006.12,Mutation NB - Maternal Origin,Transition - Pyrimidine/Pyrimidine,Unsolved
166812368,rs4710111,TT,TT,TA,100,85,99,NC_000006.12,Mutation NB - Maternal Origin,Transition - Pyrimidine/Pyrimidine,Transversion - Purine/Pyrimidine,Unsolved
166812369,rs4710112,AA,AA,AT,100,85,99,NC_000006.12,Mutation NB - Maternal Origin,Transversion - Purine/Pyrimidine,Unsolved
167488560,rs7759122,GG,AA,GG,88,91,30,NC_000006.12,Mutation NB - Maternal Origin,Transition - Purine/Purine,A>G
167687444,rs62426006,TT,CC,CC,100,88,15,NC_000006.12,Mutation NB - Paternal Origin,Transition - Pyrimidine/Pyrimidine,T>C
167737561,rs10484656,AA,AA,AC,37,88,99,NC_000006.12,Mutation NB - Paternal Origin,Transversion - Purine/Pyrimidine,Unsolved
168290180,rs2341976,TT,CC,TT,1,88,99,NC_000006.12,Mutation NB - Maternal Origin,Transition - Pyrimidine/Pyrimidine,C>T
168290189,rs9456028,TT,GG,TT,1,88,99,NC_000006.12,Mutation NB - Maternal Origin,Transversion - Purine/Pyrimidine,G>T
168515512,rs13217468,AA,AA,AT,46,100,99,NC_000006.12,Mutation NB - Paternal Origin,Transversion - Purine/Pyrimidine,Unsolved
168743115,rs9355083,CC,TT,TT,16,1,63,NC_000006.12,Mutation NB - Paternal Origin,Transition - Pyrimidine/Pyrimidine,C>T
169205878,rs6605527,CT,CC,TT,1,91,75,NC_000006.12,Mutation NB - Maternal Origin,Transversion - Purine/Pyrimidine,C>T
169552428,rs73792936,GG,GG,GA,100,82,24,NC_000006.12,Mutation NB - Maternal Origin,Transition - Purine/Purine,Unsolved
169994832,rs878905142,GG,GG,AA,100,100,9,NC_000006.12,Mutation NB - Paternal or Maternal,Transition - Purine/Purine,Unsolved
170153600,rs75551583,CC,TT,CC,1,88,99,NC_000006.12,Mutation NB - Maternal Origin,Transition - Pyrimidine/Pyrimidine,T>C
1042930,rs7799391,GG,CC,GG,82,91,36,NC_000007.14,Mutation NB - Maternal Origin,Transversion - Purine/Pyrimidine,C>G
1064192,rs73050404,GG,GG,GA,55,100,99,NC_000007.14,Mutation NB - Paternal Origin,Transition - Purine/Purine,Unsolved
1071997,rs4724039,CC,TT,CC,79,100,27,NC_000007.14,Mutation NB - Maternal Origin,Transition - Pyrimidine/Pyrimidine,T>C
1449745,rs10276847,GG,GG,GA,1,100,99,NC_000007.14,Mutation NB - Paternal Origin,Transition - Purine/Purine,Unsolved
1750981,rs11770039,GG,AA,GG,67,85,39,NC_000007.14,Mutation NB - Maternal Origin,Transition - Purine/Purine,A>G
1750988,rs4719277,CT,CC,TT,1,85,36,NC_000007.14,Mutation NB - Maternal Origin,Transversion - Purine/Pyrimidine,C>T
2567705,rs2917756,GA,GG,AA,41,100,30,NC_000007.14,Mutation NB - Maternal Origin,Transition - Purine/Purine,G>A
2602508,rs4719596,AG,AA,GG,39,91,15,NC_000007.14,Mutation NB - Maternal Origin,Transition - Purine/Purine,A>G
6004897,rs148674986,TT,TT,TA,67,100,74,NC_000007.14,Mutation NB - Paternal Origin,Transition - Pyrimidine/Pyrimidine,Transversion - Purine/Pyrimidine,Unsolved
6556265,rs59895610,CG,GG,CC,1,82,81,NC_000007.14,Mutation NB - Maternal Origin,Transversion - Purine/Pyrimidine,G>C
6606514,rs13241177,GG,GG,GC,100,100,68,NC_000007.14,Mutation NB - Paternal or Maternal,Transition - Purine/Purine,Transversion - Purine/Pyrimidine,Unsolved
14587189,rs11526189,AA,AA,AG,64,100,98,NC_000007.14,Mutation NB - Paternal Origin,Transition - Purine/Purine,Unsolved
15088647,rs61570566,AA,AA,AG,91,88,45,NC_000007.14,Mutation NB - Maternal Origin,Transition - Purine/Purine,Unsolved
17806997,rs2723562,CG,CC,GG,67,88,24,NC_000007.14,Mutation NB - Maternal Origin,Transversion - Purine/Pyrimidine,C>G
18821490,rs114789794,TT,TC,CC,70,9,33,NC_000007.14,Mutation NB - Paternal Origin,Transition - Pyrimidine/Pyrimidine,T>C
18821515,rs28401174,TT,TC,CC,70,1,33,NC_000007.14,Mutation NB - Paternal Origin,Transition - Pyrimidine/Pyrimidine,T>C
18821517,rs2520361,AA,AG,GG,70,1,33,NC_000007.14,Mutation NB - Paternal Origin,Transition - Purine/Purine,A>G
18821524,rs2588633,AA,GG,GG,70,70,33,NC_000007.14,Mutation NB - Paternal Origin,Transition - Purine/Purine,A>G
19390907,rs73684884,TT,TT,TA,79,100,59,NC_000007.14,Mutation NB - Paternal Origin,Transition - Pyrimidine/Pyrimidine,Transversion - Purine/Pyrimidine,Unsolved
22091401,rs11767842,GG,CC,GG,64,55,60,NC_000007.14,Mutation NB - Maternal Origin,Transversion - Purine/Pyrimidine,C>G
23703986,rs112078491,GG,GG,GC,85,100,99,NC_000007.14,Mutation NB - Paternal Origin,Transition - Purine/Purine,Transversion - Purine/Pyrimidine,Unsolved
23833928,rs6967199,CT,CC,TT,1,100,90,NC_000007.14,Mutation NB - Maternal Origin,Transversion - Purine/Pyrimidine,C>T
25404872,rs757588,CC,CC,CT,19,100,50,NC_000007.14,Mutation NB - Paternal Origin,Transition - Pyrimidine/Pyrimidine,Unsolved
28754282,.,TT,TT,TC,88,97,65,NC_000007.14,Mutation NB - Paternal Origin,Transition - Pyrimidine/Pyrimidine,Unsolved
29478786,rs79939290,CT,CC,TT,1,82,9,NC_000007.14,Mutation NB - Maternal Origin,Transversion - Purine/Pyrimidine,C>T
29828601,.,GG,GG,GA,37,82,44,NC_000007.14,Mutation NB - Paternal Origin,Transition - Purine/Purine,Unsolved
32162413,.,AA,AA,AG,4,40,86,NC_000007.14,Mutation NB - Paternal Origin,Transition - Purine/Purine,Unsolved
32666610,rs6462399,TT,CC,CC,100,82,30,NC_000007.14,Mutation NB - Paternal Origin,Transition - Pyrimidine/Pyrimidine,T>C
35401900,rs17676520,TT,AA,TT,91,91,36,NC_000007.14,Mutation NB - Maternal Origin,Transversion - Purine/Pyrimidine,A>T
37432988,rs1190839704,AA,AA,AG,85,88,60,NC_000007.14,Mutation NB - Paternal Origin,Transition - Purine/Purine,Unsolved
37763642,.,AA,AA,AG,76,88,56,NC_000007.14,Mutation NB - Paternal Origin,Transition - Purine/Purine,Unsolved
39742396,rs62453003,GG,TG,TT,88,29,15,NC_000007.14,Mutation NB - Paternal Origin,Transversion - Purine/Pyrimidine,G>T
43128665,rs73097355,CC,CC,CT,100,85,59,NC_000007.14,Mutation NB - Maternal Origin,Transition - Pyrimidine/Pyrimidine,Unsolved
44154987,rs59468416,AA,GG,AA,67,98,78,NC_000007.14,Mutation NB - Maternal Origin,Transition - Purine/Purine,G>A
45889043,.,GG,GG,GC,91,73,99,NC_000007.14,Mutation NB - Maternal Origin,Transition - Purine/Purine,Transversion - Purine/Pyrimidine,Unsolved
45889049,rs985709056,GG,GG,GC,91,89,99,NC_000007.14,Mutation NB - Maternal Origin,Transition - Purine/Purine,Transversion - Purine/Pyrimidine,Unsolved
47813239,rs2290386,CC,CC,CT,91,85,50,NC_000007.14,Mutation NB - Maternal Origin,Transition - Pyrimidine/Pyrimidine,Unsolved
48049974,rs2708890,AA,CA,CC,85,70,30,NC_000007.14,Mutation NB - Paternal Origin,Transversion - Purine/Pyrimidine,A>C
48976263,rs113875965,GG,GG,GT,91,100,99,NC_000007.14,Mutation NB - Paternal Origin,Transversion - Purine/Pyrimidine,Unsolved
48976285,rs115311482,TT,TT,TC,91,100,99,NC_000007.14,Mutation NB - Paternal Origin,Transition - Pyrimidine/Pyrimidine,Unsolved
50810901,rs7809357,GG,CC,GG,58,88,54,NC_000007.14,Mutation NB - Maternal Origin,Transversion - Purine/Pyrimidine,C>G
50810904,rs7809362,GG,CC,GG,58,88,54,NC_000007.14,Mutation NB - Maternal Origin,Transversion - Purine/Pyrimidine,C>G
53035574,rs10248048,TG,GG,TT,1,82,75,NC_000007.14,Mutation NB - Maternal Origin,Transversion - Purine/Pyrimidine,G>T
56152990,rs816252,AA,TT,AA,1,82,36,NC_000007.14,Mutation NB - Maternal Origin,Transversion - Purine/Pyrimidine,T>A
57651341,rs73696649,GA,GG,AA,1,100,42,NC_000007.14,Mutation NB - Maternal Origin,Transition - Purine/Purine,G>A
60992033,rs1465116176,GA,TT,AA,1,91,39,NC_000007.14,Mutation NB - Maternal Origin,Transversion - Purine/Pyrimidine,T>G
64046067,rs10949863,GT,GG,TT,1,100,39,NC_000007.14,Mutation NB - Maternal Origin,Transversion - Purine/Pyrimidine,G>T
65728257,.,AA,AA,AG,70,79,53,NC_000007.14,Mutation NB - Paternal Origin,Transition - Purine/Purine,Unsolved
70383706,rs115471312,GA,GG,AA,1,91,24,NC_000007.14,Mutation NB - Maternal Origin,Transition - Purine/Purine,G>A
71078260,rs6460633,TC,CC,TT,1,76,0,NC_000007.14,Mutation NB - Maternal Origin,Transversion - Purine/Pyrimidine,C>T
71078276,rs6460634,GC,CC,GG,1,76,0,NC_000007.14,Mutation NB - Maternal Origin,Transversion - Purine/Pyrimidine,C>G
75631106,rs7777775,TT,TC,CC,91,1,18,NC_000007.14,Mutation NB - Paternal Origin,Transition - Pyrimidine/Pyrimidine,T>C
78071569,.,TT,TT,TC,1,40,41,NC_000007.14,Mutation NB - Paternal Origin,Transition - Pyrimidine/Pyrimidine,Unsolved
78119147,rs62461209,GG,GT,TT,91,67,12,NC_000007.14,Mutation NB - Paternal Origin,Transversion - Purine/Pyrimidine,G>T
81902825,rs117117117,GG,GG,GC,100,91,99,NC_000007.14,Mutation NB - Maternal Origin,Transition - Purine/Purine,Transversion - Purine/Pyrimidine,Unsolved
88686500,rs2110300,GG,GG,GA,76,91,41,NC_000007.14,Mutation NB - Paternal Origin,Transition - Purine/Purine,Unsolved
91398587,rs143770681,CC,CC,CT,1,100,99,NC_000007.14,Mutation NB - Paternal Origin,Transition - Pyrimidine/Pyrimidine,Unsolved
92525219,rs71560822,GG,GG,GA,100,82,99,NC_000007.14,Mutation NB - Maternal Origin,Transition - Purine/Purine,Unsolved
97008733,rs1004278,GC,GG,CC,70,100,12,NC_000007.14,Mutation NB - Maternal Origin,Transversion - Purine/Pyrimidine,G>C
97774807,rs76446070,GG,GG,GA,58,88,99,NC_000007.14,Mutation NB - Paternal Origin,Transition - Purine/Purine,Unsolved
98286323,rs6950023,TT,GG,GG,100,58,69,NC_000007.14,Mutation NB - Paternal Origin,Transversion - Purine/Pyrimidine,T>G
98286325,rs6967728,AA,GG,GG,100,58,69,NC_000007.14,Mutation NB - Paternal Origin,Transition - Purine/Purine,A>G
98287149,rs35983874,CC,TT,TT,91,88,9,NC_000007.14,Mutation NB - Paternal Origin,Transition - Pyrimidine/Pyrimidine,C>T
98595053,.,CC,CC,CT,46,88,53,NC_000007.14,Mutation NB - Paternal Origin,Transition - Pyrimidine/Pyrimidine,Unsolved
100163808,.,AA,AA,AG,73,91,47,NC_000007.14,Mutation NB - Paternal Origin,Transition - Purine/Purine,Unsolved
101614251,rs12540150,AA,AA,AG,22,100,99,NC_000007.14,Mutation NB - Paternal Origin,Transition - Purine/Purine,Unsolved
102258792,rs79950526,AG,AA,GG,1,100,66,NC_000007.14,Mutation NB - Maternal Origin,Transition - Purine/Purine,A>G
104815233,rs115902816,GG,GG,GA,76,100,99,NC_000007.14,Mutation NB - Paternal Origin,Transition - Purine/Purine,Unsolved
108460259,rs35687881,CC,CC,CA,100,67,47,NC_000007.14,Mutation NB - Maternal Origin,Transversion - Purine/Pyrimidine,Unsolved
115417715,rs73201947,CC,CC,TT,64,100,21,NC_000007.14,Mutation NB - Paternal Origin,Transition - Pyrimidine/Pyrimidine,Unsolved
118224587,rs2286865,CC,TT,CC,37,88,27,NC_000007.14,Mutation NB - Maternal Origin,Transition - Pyrimidine/Pyrimidine,T>C
123177050,rs73429532,AA,AA,AG,73,91,59,NC_000007.14,Mutation NB - Paternal Origin,Transition - Purine/Purine,Unsolved
123177551,rs73429539,GG,GG,GC,70,100,99,NC_000007.14,Mutation NB - Paternal Origin,Transition - Purine/Purine,Transversion - Purine/Pyrimidine,Unsolved
129069735,rs1901198,GG,AG,AA,79,67,9,NC_000007.14,Mutation NB - Paternal Origin,Transition - Purine/Purine,G>A
130661713,rs10224971,TT,GG,TT,73,100,39,NC_000007.14,Mutation NB - Maternal Origin,Transversion - Purine/Pyrimidine,G>T
138146444,rs2718121,TT,CC,TT,1,100,60,NC_000007.14,Mutation NB - Maternal Origin,Transition - Pyrimidine/Pyrimidine,C>T
140573350,rs625960,GG,AA,GG,61,91,75,NC_000007.14,Mutation NB - Maternal Origin,Transition - Purine/Purine,A>G
149358256,rs36022446,GG,GG,GA,70,100,99,NC_000007.14,Mutation NB - Paternal Origin,Transition - Purine/Purine,Unsolved
150901352,rs740956,TT,TC,CC,100,67,57,NC_000007.14,Mutation NB - Paternal Origin,Transition - Pyrimidine/Pyrimidine,T>C
150901391,rs740955,TT,TC,CC,100,64,57,NC_000007.14,Mutation NB - Paternal Origin,Transition - Pyrimidine/Pyrimidine,T>C
150901404,rs740954,TT,TC,CC,100,64,57,NC_000007.14,Mutation NB - Paternal Origin,Transition - Pyrimidine/Pyrimidine,T>C
151759101,rs6965926,CC,AA,CC,37,91,57,NC_000007.14,Mutation NB - Maternal Origin,Transversion - Purine/Pyrimidine,A>C
151872739,rs4726105,AA,AA,AT,52,100,99,NC_000007.14,Mutation NB - Paternal Origin,Transversion - Purine/Pyrimidine,Unsolved
151954912,rs150404561,TT,CC,TT,49,83,60,NC_000007.14,Mutation NB - Maternal Origin,Transition - Pyrimidine/Pyrimidine,C>T
152849202,rs80210644,AA,GG,AA,19,82,42,NC_000007.14,Mutation NB - Maternal Origin,Transition - Purine/Purine,G>A
153503956,rs3111265,TT,CC,TT,1,100,51,NC_000007.14,Mutation NB - Maternal Origin,Transition - Pyrimidine/Pyrimidine,C>T
155211685,rs11243344,AA,AA,AG,100,91,85,NC_000007.14,Mutation NB - Maternal Origin,Transition - Purine/Purine,Unsolved
155211726,rs11521121,TT,TT,TC,100,91,50,NC_000007.14,Mutation NB - Maternal Origin,Transition - Pyrimidine/Pyrimidine,Unsolved
155424796,rs11983410,TT,CC,TT,43,79,63,NC_000007.14,Mutation NB - Maternal Origin,Transition - Pyrimidine/Pyrimidine,C>T
156595169,rs2530763,CC,TT,CC,1,70,57,NC_000007.14,Mutation NB - Maternal Origin,Transition - Pyrimidine/Pyrimidine,T>C
157236086,.,TT,TT,TC,85,82,68,NC_000007.14,Mutation NB - Maternal Origin,Transition - Pyrimidine/Pyrimidine,Unsolved
157318121,rs78386352,GG,AA,AA,100,82,18,NC_000007.14,Mutation NB - Paternal Origin,Transition - Purine/Purine,G>A
158192986,rs182640845,TT,TT,TA,76,100,99,NC_000007.14,Mutation NB - Paternal Origin,Transition - Pyrimidine/Pyrimidine,Transversion - Purine/Pyrimidine,Unsolved
158495446,rs56063566,TC,TT,CC,1,100,45,NC_000007.14,Mutation NB - Maternal Origin,Transition - Pyrimidine/Pyrimidine,T>C
158496759,rs190816665,TT,TT,TC,100,91,99,NC_000007.14,Mutation NB - Maternal Origin,Transition - Pyrimidine/Pyrimidine,Unsolved
159106351,rs114445248,AA,AA,AG,73,91,99,NC_000007.14,Mutation NB - Paternal Origin,Transition - Purine/Purine,Unsolved
283399,rs13263633,GC,GG,CC,1,73,81,NC_000008.11,Mutation NB - Maternal Origin,Transversion - Purine/Pyrimidine,G>C
358060,rs58613618,GA,GG,AA,1,85,36,NC_000008.11,Mutation NB - Maternal Origin,Transition - Purine/Purine,G>A
371921,rs58690392,CC,TT,CC,73,88,36,NC_000008.11,Mutation NB - Maternal Origin,Transition - Pyrimidine/Pyrimidine,T>C
637826,rs4735810,GC,CC,GG,1,91,0,NC_000008.11,Mutation NB - Maternal Origin,Transversion - Purine/Pyrimidine,C>G
4583981,rs2617071,CC,CG,GG,13,1,78,NC_000008.11,Mutation NB - Paternal Origin,Transversion - Purine/Pyrimidine,C>G
4941608,rs13278572,TT,AA,TT,64,88,29,NC_000008.11,Mutation NB - Maternal Origin,Transversion - Purine/Pyrimidine,A>T
5736846,rs2669268,GG,GG,TG,70,88,65,NC_000008.11,Mutation NB - Paternal Origin,Transversion - Purine/Pyrimidine,Unsolved
5736847,rs985039198,TT,TT,TG,100,85,65,NC_000008.11,Mutation NB - Maternal Origin,Transition - Pyrimidine/Pyrimidine,Transversion - Purine/Pyrimidine,Unsolved
6164186,rs10503359,TT,TT,TC,79,88,59,NC_000008.11,Mutation NB - Paternal Origin,Transition - Pyrimidine/Pyrimidine,Unsolved
14738828,rs140375564,CT,CC,TT,35,91,9,NC_000008.11,Mutation NB - Maternal Origin,Transversion - Purine/Pyrimidine,C>T
20287606,rs4922154,GG,CC,GG,91,91,12,NC_000008.11,Mutation NB - Maternal Origin,Transversion - Purine/Pyrimidine,C>G
21724229,rs35550712,TT,TT,TG,58,91,99,NC_000008.11,Mutation NB - Paternal Origin,Transition - Pyrimidine/Pyrimidine,Transversion - Purine/Pyrimidine,Unsolved
21779216,.,AA,AA,AG,46,49,41,NC_000008.11,Mutation NB - Paternal Origin,Transition - Purine/Purine,Unsolved
21855499,rs6991454,GG,AA,GG,91,82,27,NC_000008.11,Mutation NB - Maternal Origin,Transition - Purine/Purine,A>G
21860018,rs12545347,GG,GG,GA,100,91,99,NC_000008.11,Mutation NB - Maternal Origin,Transition - Purine/Purine,Unsolved
26116360,.,AA,AA,AG,46,79,44,NC_000008.11,Mutation NB - Paternal Origin,Transition - Purine/Purine,Unsolved
26214480,rs4310215,AA,GG,AA,76,91,24,NC_000008.11,Mutation NB - Maternal Origin,Transition - Purine/Purine,G>A
27437592,rs2288617,GG,AA,GG,67,100,33,NC_000008.11,Mutation NB - Maternal Origin,Transition - Purine/Purine,A>G
27458600,rs2271920,GG,GG,GA,13,88,99,NC_000008.11,Mutation NB - Paternal Origin,Transition - Purine/Purine,Unsolved
27697395,.,CC,AA,AA,88,28,99,NC_000008.11,Mutation NB - Paternal Origin,Transversion - Purine/Pyrimidine,C>A
28296312,rs1800882041,CC,CC,CT,58,76,42,NC_000008.11,Mutation NB - Paternal Origin,Transition - Pyrimidine/Pyrimidine,Unsolved
28340642,rs351783,TT,CC,TT,67,100,54,NC_000008.11,Mutation NB - Maternal Origin,Transition - Pyrimidine/Pyrimidine,C>T
29357235,rs638042,GT,TT,GG,70,76,0,NC_000008.11,Mutation NB - Maternal Origin,Transversion - Purine/Pyrimidine,T>G
29585227,rs11136082,AA,AT,TT,88,73,12,NC_000008.11,Mutation NB - Paternal Origin,Transversion - Purine/Pyrimidine,A>T
37621663,rs12542301,CA,CC,AA,1,100,24,NC_000008.11,Mutation NB - Maternal Origin,Transversion - Purine/Pyrimidine,C>A
38380808,rs185859887,GG,GG,GA,70,73,47,NC_000008.11,Mutation NB - Paternal Origin,Transition - Purine/Purine,Unsolved
39428927,rs7829308,GG,AA,GG,70,76,39,NC_000008.11,Mutation NB - Maternal Origin,Transition - Purine/Purine,A>G
40946383,rs7010989,AA,AA,AC,43,100,99,NC_000008.11,Mutation NB - Paternal Origin,Transversion - Purine/Pyrimidine,Unsolved
41835907,rs13255835,GG,TT,GG,76,100,21,NC_000008.11,Mutation NB - Maternal Origin,Transition - Purine/Purine,Transversion - Purine/Pyrimidine,T>G
46914660,rs4872967,GG,AA,GG,82,91,60,NC_000008.11,Mutation NB - Maternal Origin,Transition - Purine/Purine,A>G
46914689,rs4872966,CC,GG,CC,82,91,60,NC_000008.11,Mutation NB - Maternal Origin,Transversion - Purine/Pyrimidine,G>C
48169149,rs7014393,GG,GG,GA,61,100,27,NC_000008.11,Mutation NB - Paternal Origin,Transition - Purine/Purine,Unsolved
48257025,rs4873271,CC,TT,CC,82,91,24,NC_000008.11,Mutation NB - Maternal Origin,Transition - Pyrimidine/Pyrimidine,T>C
49579807,.,TT,TT,TC,73,91,59,NC_000008.11,Mutation NB - Paternal Origin,Transition - Pyrimidine/Pyrimidine,Unsolved
62603115,rs1531660,TT,CC,CC,88,91,0,NC_000008.11,Mutation NB - Paternal Origin,Transition - Pyrimidine/Pyrimidine,T>C
63794659,.,AA,AA,AG,70,85,56,NC_000008.11,Mutation NB - Paternal Origin,Transition - Purine/Purine,Unsolved
64151717,.,AA,AA,AC,58,28,47,NC_000008.11,Mutation NB - Maternal Origin,Transversion - Purine/Pyrimidine,Unsolved
66365405,rs2884318,GG,AA,GG,88,91,24,NC_000008.11,Mutation NB - Maternal Origin,Transition - Purine/Purine,A>G
68293116,rs2380455,CC,CC,TC,43,88,99,NC_000008.11,Mutation NB - Paternal Origin,Transition - Pyrimidine/Pyrimidine,Unsolved
78329865,rs28725491,GG,GG,GA,100,73,47,NC_000008.11,Mutation NB - Maternal Origin,Transition - Purine/Purine,Unsolved
79296782,.,AA,AA,AG,55,46,47,NC_000008.11,Mutation NB - Maternal Origin,Transition - Purine/Purine,Unsolved
80419215,.,AA,AA,AT,73,85,47,NC_000008.11,Mutation NB - Paternal Origin,Transversion - Purine/Pyrimidine,Unsolved
83731552,rs12544306,CC,CC,CG,70,88,24,NC_000008.11,Mutation NB - Paternal Origin,Transversion - Purine/Pyrimidine,Unsolved
90734139,rs36111915,AG,AA,GG,1,100,51,NC_000008.11,Mutation NB - Maternal Origin,Transition - Purine/Purine,A>G
92317763,.,TT,TT,TC,82,91,50,NC_000008.11,Mutation NB - Paternal Origin,Transition - Pyrimidine/Pyrimidine,Unsolved
94250592,rs75334292,GG,GG,GC,85,100,99,NC_000008.11,Mutation NB - Paternal Origin,Transition - Purine/Purine,Transversion - Purine/Pyrimidine,Unsolved
99967206,rs6468701,CC,CC,CT,100,85,9,NC_000008.11,Mutation NB - Maternal Origin,Transition - Pyrimidine/Pyrimidine,Unsolved
103108982,rs10111377,AA,AA,AG,16,100,99,NC_000008.11,Mutation NB - Paternal Origin,Transition - Purine/Purine,Unsolved
104375034,rs6992445,AA,TT,AA,61,91,51,NC_000008.11,Mutation NB - Maternal Origin,Transversion - Purine/Pyrimidine,T>A
111441021,rs11779251,TC,TT,CC,70,100,15,NC_000008.11,Mutation NB - Maternal Origin,Transition - Pyrimidine/Pyrimidine,T>C
115019133,rs4308765,AA,GG,GG,58,58,33,NC_000008.11,Mutation NB - Paternal Origin,Transition - Purine/Purine,A>G
117963255,rs73704842,GG,GG,AA,82,100,9,NC_000008.11,Mutation NB - Paternal Origin,Transition - Purine/Purine,Unsolved
120861608,rs7000987,CC,CC,CT,100,88,62,NC_000008.11,Mutation NB - Maternal Origin,Transition - Pyrimidine/Pyrimidine,Unsolved
122560344,.,AA,AA,AG,91,91,50,NC_000008.11,Mutation NB - Paternal or Maternal,Transition - Purine/Purine,Unsolved
123166519,rs17322971,GG,GG,GC,4,88,99,NC_000008.11,Mutation NB - Paternal Origin,Transition - Purine/Purine,Transversion - Purine/Pyrimidine,Unsolved
127382565,rs1444649577,TT,TT,TC,85,85,52,NC_000008.11,Mutation NB - Paternal or Maternal,Transition - Pyrimidine/Pyrimidine,Unsolved
128525785,rs28430341,GG,GG,GA,55,91,99,NC_000008.11,Mutation NB - Paternal Origin,Transition - Purine/Purine,Unsolved
132988432,rs2703013,CC,AA,AA,70,82,21,NC_000008.11,Mutation NB - Paternal Origin,Transversion - Purine/Pyrimidine,C>A
134081660,rs7842645,AA,GG,GG,91,91,27,NC_000008.11,Mutation NB - Paternal Origin,Transition - Purine/Purine,A>G
135664489,rs1310897921,TT,TT,TC,55,79,50,NC_000008.11,Mutation NB - Paternal Origin,Transition - Pyrimidine/Pyrimidine,Unsolved
135681571,rs55769860,CC,TT,CC,1,73,99,NC_000008.11,Mutation NB - Maternal Origin,Transition - Pyrimidine/Pyrimidine,T>C
135826248,rs143536731,GG,GG,GT,43,85,99,NC_000008.11,Mutation NB - Paternal Origin,Transversion - Purine/Pyrimidine,Unsolved
137294511,rs73391011,CT,CC,TT,1,100,15,NC_000008.11,Mutation NB - Maternal Origin,Transversion - Purine/Pyrimidine,C>T
137434741,rs7832934,CC,GG,CC,76,91,0,NC_000008.11,Mutation NB - Maternal Origin,Transversion - Purine/Pyrimidine,G>C
138975348,.,TT,TT,TC,82,46,47,NC_000008.11,Mutation NB - Maternal Origin,Transition - Pyrimidine/Pyrimidine,Unsolved
139961467,rs36195919,AG,GG,AA,29,91,15,NC_000008.11,Mutation NB - Maternal Origin,Transition - Purine/Purine,G>A
139961854,rs36195126,TC,CC,TT,1,82,33,NC_000008.11,Mutation NB - Maternal Origin,Transversion - Purine/Pyrimidine,C>T
140038747,rs73357193,CC,TT,CC,40,91,51,NC_000008.11,Mutation NB - Maternal Origin,Transition - Pyrimidine/Pyrimidine,T>C
140359070,rs73372884,TA,AA,TT,67,88,27,NC_000008.11,Mutation NB - Maternal Origin,Transversion - Purine/Pyrimidine,A>T
140608645,rs1110280,CT,CC,TT,17,91,54,NC_000008.11,Mutation NB - Maternal Origin,Transversion - Purine/Pyrimidine,C>T
141212162,rs3824235,AA,GG,AA,31,85,6,NC_000008.11,Mutation NB - Maternal Origin,Transition - Purine/Purine,G>A
141627956,.,TT,TT,TC,88,88,47,NC_000008.11,Mutation NB - Paternal or Maternal,Transition - Pyrimidine/Pyrimidine,Unsolved
142239233,rs78946212,CC,CC,CT,58,100,99,NC_000008.11,Mutation NB - Paternal Origin,Transition - Pyrimidine/Pyrimidine,Unsolved
144206138,rs111397971,CC,TT,CC,73,91,15,NC_000008.11,Mutation NB - Maternal Origin,Transition - Pyrimidine/Pyrimidine,T>C
144785105,rs2955196,CC,CC,CT,85,100,99,NC_000008.11,Mutation NB - Paternal Origin,Transition - Pyrimidine/Pyrimidine,Unsolved
1588758,rs2209008,GG,CC,GG,46,91,24,NC_000009.12,Mutation NB - Maternal Origin,Transversion - Purine/Pyrimidine,C>G
6632104,rs72695579,GG,GG,GT,88,100,99,NC_000009.12,Mutation NB - Paternal Origin,Transversion - Purine/Pyrimidine,Unsolved
6648144,rs141595448,CC,CC,CT,100,91,50,NC_000009.12,Mutation NB - Maternal Origin,Transition - Pyrimidine/Pyrimidine,Unsolved
7164502,rs1556099,CA,CC,AA,1,100,72,NC_000009.12,Mutation NB - Maternal Origin,Transversion - Purine/Pyrimidine,C>A
7713572,rs1905762,AA,CC,AA,76,100,36,NC_000009.12,Mutation NB - Maternal Origin,Transversion - Purine/Pyrimidine,C>A
9930493,rs10978098,AT,TT,AA,35,91,12,NC_000009.12,Mutation NB - Maternal Origin,Transversion - Purine/Pyrimidine,T>A
9930518,rs10978099,GG,GG,CC,82,91,0,NC_000009.12,Mutation NB - Paternal Origin,Transversion - Purine/Pyrimidine,Unsolved
10700771,rs10756101,AA,GG,AA,88,91,15,NC_000009.12,Mutation NB - Maternal Origin,Transition - Purine/Purine,G>A
17605242,rs1548263,CC,CC,CG,91,100,99,NC_000009.12,Mutation NB - Paternal Origin,Transversion - Purine/Pyrimidine,Unsolved
17677038,rs78750173,AA,GG,AA,91,79,54,NC_000009.12,Mutation NB - Maternal Origin,Transition - Purine/Purine,G>A
18818975,rs7021465,GG,GG,AA,91,91,21,NC_000009.12,Mutation NB - Paternal or Maternal,Transition - Purine/Purine,Unsolved
21816215,rs7851125,CC,CC,CG,61,100,99,NC_000009.12,Mutation NB - Paternal Origin,Transversion - Purine/Pyrimidine,Unsolved
24668123,rs74611300,AA,AA,AG,91,91,33,NC_000009.12,Mutation NB - Paternal or Maternal,Transition - Purine/Purine,Unsolved
24858666,rs115721489,CC,CC,CA,82,91,30,NC_000009.12,Mutation NB - Paternal Origin,Transversion - Purine/Pyrimidine,Unsolved
25102614,rs13300197,GG,GG,GC,100,85,99,NC_000009.12,Mutation NB - Maternal Origin,Transition - Purine/Purine,Transversion - Purine/Pyrimidine,Unsolved
25102653,rs1925482,GG,GG,GA,100,88,99,NC_000009.12,Mutation NB - Maternal Origin,Transition - Purine/Purine,Unsolved
25188508,rs7033077,AA,AA,AG,100,79,99,NC_000009.12,Mutation NB - Maternal Origin,Transition - Purine/Purine,Unsolved
25432658,rs35630535,CC,TT,CC,64,91,39,NC_000009.12,Mutation NB - Maternal Origin,Transition - Pyrimidine/Pyrimidine,T>C
29161124,rs115823112,GG,GG,GT,40,100,99,NC_000009.12,Mutation NB - Paternal Origin,Transversion - Purine/Pyrimidine,Unsolved
32508354,rs581493,TT,TT,TC,67,100,99,NC_000009.12,Mutation NB - Paternal Origin,Transition - Pyrimidine/Pyrimidine,Unsolved
34672941,rs9408253,CC,AA,CC,76,100,27,NC_000009.12,Mutation NB - Maternal Origin,Transversion - Purine/Pyrimidine,A>C
34903678,rs12001305,AA,GG,AA,78,88,66,NC_000009.12,Mutation NB - Maternal Origin,Transition - Purine/Purine,G>A
36877228,rs62534679,GA,GG,AA,1,100,9,NC_000009.12,Mutation NB - Maternal Origin,Transition - Purine/Purine,G>A
38338030,.,TT,TT,TC,43,43,39,NC_000009.12,Mutation NB - Paternal or Maternal,Transition - Pyrimidine/Pyrimidine,Unsolved
40884460,rs72709864,AA,AA,AC,1,100,99,NC_000009.12,Mutation NB - Paternal Origin,Transversion - Purine/Pyrimidine,Unsolved
80627321,.,AA,AA,AG,76,88,46,NC_000009.12,Mutation NB - Paternal Origin,Transition - Purine/Purine,Unsolved
81597507,rs1539377,TT,AT,AA,82,1,0,NC_000009.12,Mutation NB - Paternal Origin,Transversion - Purine/Pyrimidine,T>A
83505857,rs60961568,GG,GG,GA,67,100,53,NC_000009.12,Mutation NB - Paternal Origin,Transition - Purine/Purine,Unsolved
85277156,rs1927602,AA,AA,AC,76,100,99,NC_000009.12,Mutation NB - Paternal Origin,Transversion - Purine/Pyrimidine,Unsolved
86083758,rs957617,CC,CC,CT,70,100,99,NC_000009.12,Mutation NB - Paternal Origin,Transition - Pyrimidine/Pyrimidine,Unsolved
87647478,rs2274607,GG,GG,GA,25,100,99,NC_000009.12,Mutation NB - Paternal Origin,Transition - Purine/Purine,Unsolved
88597843,rs150910754,AA,AA,GG,73,88,12,NC_000009.12,Mutation NB - Paternal Origin,Transition - Purine/Purine,Unsolved
91720775,.,CC,CC,CT,28,73,44,NC_000009.12,Mutation NB - Paternal Origin,Transition - Pyrimidine/Pyrimidine,Unsolved
93613532,rs2994367,GG,AA,GG,16,76,45,NC_000009.12,Mutation NB - Maternal Origin,Transition - Purine/Purine,A>G
93726641,rs10821207,TT,TT,TG,76,91,99,NC_000009.12,Mutation NB - Paternal Origin,Transition - Pyrimidine/Pyrimidine,Transversion - Purine/Pyrimidine,Unsolved
95615614,rs7041767,AA,GG,GG,100,88,63,NC_000009.12,Mutation NB - Paternal Origin,Transition - Purine/Purine,A>G
96039698,.,GG,GG,GA,43,70,56,NC_000009.12,Mutation NB - Paternal Origin,Transition - Purine/Purine,Unsolved
96336781,rs150233547,TT,CC,TT,46,91,33,NC_000009.12,Mutation NB - Maternal Origin,Transition - Pyrimidine/Pyrimidine,C>T
97614800,rs112992479,TT,TT,TA,67,100,99,NC_000009.12,Mutation NB - Paternal Origin,Transition - Pyrimidine/Pyrimidine,Transversion - Purine/Pyrimidine,Unsolved
98252838,rs58885814,GG,AA,GG,52,82,0,NC_000009.12,Mutation NB - Maternal Origin,Transition - Purine/Purine,A>G
98753617,rs375999016,TT,TT,TC,46,100,99,NC_000009.12,Mutation NB - Paternal Origin,Transition - Pyrimidine/Pyrimidine,Unsolved
98968805,rs882221,GG,GG,GA,67,100,99,NC_000009.12,Mutation NB - Paternal Origin,Transition - Purine/Purine,Unsolved
99369071,rs10988783,CC,TT,CC,7,88,57,NC_000009.12,Mutation NB - Maternal Origin,Transition - Pyrimidine/Pyrimidine,T>C
100619747,rs10760733,CC,TT,TT,88,100,0,NC_000009.12,Mutation NB - Paternal Origin,Transition - Pyrimidine/Pyrimidine,C>T
104491469,rs4742912,TA,TT,AA,14,100,27,NC_000009.12,Mutation NB - Maternal Origin,Transversion - Purine/Pyrimidine,T>A
104625319,rs4376549,TC,TT,CC,1,100,27,NC_000009.12,Mutation NB - Maternal Origin,Transition - Pyrimidine/Pyrimidine,T>C
107667507,rs10978984,TT,TT,GT,76,92,99,NC_000009.12,Mutation NB - Paternal Origin,Transition - Pyrimidine/Pyrimidine,Transversion - Purine/Pyrimidine,Unsolved
111762308,rs10123167,GG,GG,GT,61,100,99,NC_000009.12,Mutation NB - Paternal Origin,Transversion - Purine/Pyrimidine,Unsolved
113581933,rs7871186,GG,GG,GA,1,100,99,NC_000009.12,Mutation NB - Paternal Origin,Transition - Purine/Purine,Unsolved
114550175,rs12684053,CC,CC,CT,91,100,68,NC_000009.12,Mutation NB - Paternal Origin,Transition - Pyrimidine/Pyrimidine,Unsolved
117724852,rs76173069,GG,GG,GA,100,88,99,NC_000009.12,Mutation NB - Maternal Origin,Transition - Purine/Purine,Unsolved
120038681,rs116743411,CC,CC,CA,28,91,99,NC_000009.12,Mutation NB - Paternal Origin,Transversion - Purine/Pyrimidine,Unsolved
121110999,rs10985160,TT,TT,TG,37,100,99,NC_000009.12,Mutation NB - Paternal Origin,Transition - Pyrimidine/Pyrimidine,Transversion - Purine/Pyrimidine,Unsolved
122239939,rs10818654,CC,GG,CC,37,97,51,NC_000009.12,Mutation NB - Maternal Origin,Transversion - Purine/Pyrimidine,G>C
123330464,.,TT,TT,TC,37,82,50,NC_000009.12,Mutation NB - Paternal Origin,Transition - Pyrimidine/Pyrimidine,Unsolved
124271017,rs147599859,GG,CC,GG,67,85,33,NC_000009.12,Mutation NB - Maternal Origin,Transversion - Purine/Pyrimidine,C>G
127732532,rs515182,TC,TT,CC,38,100,24,NC_000009.12,Mutation NB - Maternal Origin,Transition - Pyrimidine/Pyrimidine,T>C
128091559,rs118130288,TA,TT,AA,44,49,12,NC_000009.12,Mutation NB - Maternal Origin,Transversion - Purine/Pyrimidine,T>A
128900218,rs79777838,GG,GG,GC,34,100,99,NC_000009.12,Mutation NB - Paternal Origin,Transition - Purine/Purine,Transversion - Purine/Pyrimidine,Unsolved
131657629,rs115541073,TT,TT,TC,10,100,99,NC_000009.12,Mutation NB - Paternal Origin,Transition - Pyrimidine/Pyrimidine,Unsolved
132222648,.,AA,AA,AG,70,91,53,NC_000009.12,Mutation NB - Paternal Origin,Transition - Purine/Purine,Unsolved
132727069,rs10901205,AA,AG,GG,85,67,15,NC_000009.12,Mutation NB - Paternal Origin,Transition - Purine/Purine,A>G
133793694,rs2073888,CC,TT,CC,76,100,24,NC_000009.12,Mutation NB - Maternal Origin,Transition - Pyrimidine/Pyrimidine,T>C
134029366,rs541441786,GG,GG,GA,100,88,92,NC_000009.12,Mutation NB - Maternal Origin,Transition - Purine/Purine,Unsolved
134072482,rs2506711,TC,TT,CC,1,79,54,NC_000009.12,Mutation NB - Maternal Origin,Transition - Pyrimidine/Pyrimidine,T>C
134205737,rs1454600020,TT,TT,TG,67,100,99,NC_000009.12,Mutation NB - Paternal Origin,Transition - Pyrimidine/Pyrimidine,Transversion - Purine/Pyrimidine,Unsolved
134679358,rs1341001870,AA,AA,AG,79,100,45,NC_000009.12,Mutation NB - Paternal Origin,Transition - Purine/Purine,Unsolved
134687132,rs10776897,GG,GG,GA,88,100,99,NC_000009.12,Mutation NB - Paternal Origin,Transition - Purine/Purine,Unsolved
135030225,rs73664012,GG,AA,AA,91,94,21,NC_000009.12,Mutation NB - Paternal Origin,Transition - Purine/Purine,G>A
135137513,rs4469542,CC,TT,TT,58,70,18,NC_000009.12,Mutation NB - Paternal Origin,Transition - Pyrimidine/Pyrimidine,C>T
135211421,rs34017006,TG,TT,GG,28,88,18,NC_000009.12,Mutation NB - Maternal Origin,Transversion - Purine/Pyrimidine,T>G
135211424,rs34830449,CT,CC,TT,28,88,18,NC_000009.12,Mutation NB - Maternal Origin,Transversion - Purine/Pyrimidine,C>T
135283010,rs10119986,AA,GG,AA,100,91,30,NC_000009.12,Mutation NB - Maternal Origin,Transition - Purine/Purine,G>A
135373979,rs4842263,AA,CC,AA,64,82,83,NC_000009.12,Mutation NB - Maternal Origin,Transversion - Purine/Pyrimidine,C>A
135645080,rs183271267,CC,TT,TT,82,91,15,NC_000009.12,Mutation NB - Paternal Origin,Transition - Pyrimidine/Pyrimidine,C>T
135670864,rs577489,TT,CC,TT,34,100,48,NC_000009.12,Mutation NB - Maternal Origin,Transition - Pyrimidine/Pyrimidine,C>T
137185070,rs11549106,GG,GG,GA,100,82,99,NC_000009.12,Mutation NB - Maternal Origin,Transition - Purine/Purine,Unsolved
137262977,rs13294457,GG,AA,GG,91,91,0,NC_000009.12,Mutation NB - Maternal Origin,Transition - Purine/Purine,A>G
138021540,rs7019012,CC,TT,CC,19,85,99,NC_000009.12,Mutation NB - Maternal Origin,Transition - Pyrimidine/Pyrimidine,T>C
96590,rs12778961,GG,GG,GC,85,88,99,NC_000010.11,Mutation NB - Paternal Origin,Transition - Purine/Purine,Transversion - Purine/Pyrimidine,Unsolved
520393,.,AA,AA,AG,88,88,62,NC_000010.11,Mutation NB - Paternal or Maternal,Transition - Purine/Purine,Unsolved
1362788,rs56247784,GA,GG,AA,35,100,48,NC_000010.11,Mutation NB - Maternal Origin,Transition - Purine/Purine,G>A
2057934,rs11251031,TC,TT,CC,35,100,78,NC_000010.11,Mutation NB - Maternal Origin,Transition - Pyrimidine/Pyrimidine,T>C
3389232,rs10904030,TT,TT,TC,55,91,65,NC_000010.11,Mutation NB - Paternal Origin,Transition - Pyrimidine/Pyrimidine,Unsolved
5032585,rs111390133,GG,AA,GG,67,91,9,NC_000010.11,Mutation NB - Maternal Origin,Transition - Purine/Purine,A>G
7109878,rs2388032,CC,CC,TC,31,91,99,NC_000010.11,Mutation NB - Paternal Origin,Transition - Pyrimidine/Pyrimidine,Unsolved
8470661,rs72773391,TC,TT,CC,40,91,24,NC_000010.11,Mutation NB - Maternal Origin,Transition - Pyrimidine/Pyrimidine,T>C
10959649,rs10905873,AC,AA,CC,1,88,9,NC_000010.11,Mutation NB - Maternal Origin,A>C
11925663,rs11257432,CT,CC,TT,1,76,45,NC_000010.11,Mutation NB - Maternal Origin,Transversion - Purine/Pyrimidine,C>T
14583317,rs7078538,CC,CC,TC,64,91,62,NC_000010.11,Mutation NB - Paternal Origin,Transition - Pyrimidine/Pyrimidine,Unsolved
16053405,rs553307344,AA,AA,AG,64,88,49,NC_000010.11,Mutation NB - Paternal Origin,Transition - Purine/Purine,Unsolved
17047943,rs7082270,AA,AA,GA,46,88,99,NC_000010.11,Mutation NB - Paternal Origin,Transition - Purine/Purine,Unsolved
17247261,rs1204279214,GG,GG,GA,70,82,99,NC_000010.11,Mutation NB - Paternal Origin,Transition - Purine/Purine,Unsolved
18665082,rs76511841,AA,AA,AG,67,100,99,NC_000010.11,Mutation NB - Paternal Origin,Transition - Purine/Purine,Unsolved
22873678,.,TT,TT,TC,37,88,56,NC_000010.11,Mutation NB - Paternal Origin,Transition - Pyrimidine/Pyrimidine,Unsolved
23142633,rs4494222,GG,GG,GA,79,91,99,NC_000010.11,Mutation NB - Paternal Origin,Transition - Purine/Purine,Unsolved
23142689,rs2057599,AA,AA,CA,79,91,99,NC_000010.11,Mutation NB - Paternal Origin,Transversion - Purine/Pyrimidine,Unsolved
25912330,rs11014851,TT,GG,GG,79,82,0,NC_000010.11,Mutation NB - Paternal Origin,Transversion - Purine/Pyrimidine,T>G
25913042,rs12570908,CC,GG,CC,40,100,81,NC_000010.11,Mutation NB - Maternal Origin,Transversion - Purine/Pyrimidine,G>C
27587651,.,TT,TT,TC,55,79,53,NC_000010.11,Mutation NB - Paternal Origin,Transition - Pyrimidine/Pyrimidine,Unsolved
28309654,rs1984853,CC,CC,CA,82,91,66,NC_000010.11,Mutation NB - Paternal Origin,Transversion - Purine/Pyrimidine,Unsolved
29394444,rs35116643,GG,GG,GA,1,85,99,NC_000010.11,Mutation NB - Paternal Origin,Transition - Purine/Purine,Unsolved
30818233,rs11008275,GC,GG,CC,1,100,51,NC_000010.11,Mutation NB - Maternal Origin,Transversion - Purine/Pyrimidine,G>C
34727697,rs4339985,CT,TT,CC,32,91,9,NC_000010.11,Mutation NB - Maternal Origin,Transition - Pyrimidine/Pyrimidine,T>C
34856812,rs199779137,GG,GG,GA,57,73,53,NC_000010.11,Mutation NB - Paternal Origin,Transition - Purine/Purine,Unsolved
34939763,rs4356173,CC,TT,CC,58,88,45,NC_000010.11,Mutation NB - Maternal Origin,Transition - Pyrimidine/Pyrimidine,T>C
37256278,.,AA,AA,AG,82,91,53,NC_000010.11,Mutation NB - Paternal Origin,Transition - Purine/Purine,Unsolved
37703090,rs1814077,GG,GG,GC,73,73,99,NC_000010.11,Mutation NB - Paternal or Maternal,Transition - Purine/Purine,Transversion - Purine/Pyrimidine,Unsolved
43096710,rs2505537,CC,TT,CC,19,100,69,NC_000010.11,Mutation NB - Maternal Origin,Transition - Pyrimidine/Pyrimidine,T>C
43258860,rs1879302,CC,CC,TC,64,91,99,NC_000010.11,Mutation NB - Paternal Origin,Transition - Pyrimidine/Pyrimidine,Unsolved
43836355,rs4429020,AA,AA,AG,79,91,59,NC_000010.11,Mutation NB - Paternal Origin,Transition - Purine/Purine,Unsolved
43927240,rs1254855,CC,TT,CC,76,91,21,NC_000010.11,Mutation NB - Maternal Origin,Transition - Pyrimidine/Pyrimidine,T>C
43969603,rs74890334,GG,AA,GG,88,91,21,NC_000010.11,Mutation NB - Maternal Origin,Transition - Purine/Purine,A>G
44358732,rs880174,GG,GG,GA,52,100,99,NC_000010.11,Mutation NB - Paternal Origin,Transition - Purine/Purine,Unsolved
46301764,rs10906943,GA,AA,GG,1,82,12,NC_000010.11,Mutation NB - Maternal Origin,Transition - Purine/Purine,A>G
48457210,rs11101331,GG,GG,GA,1,100,99,NC_000010.11,Mutation NB - Paternal Origin,Transition - Purine/Purine,Unsolved
49154174,rs55687538,AA,CC,AA,76,88,27,NC_000010.11,Mutation NB - Maternal Origin,Transversion - Purine/Pyrimidine,C>A
54854543,rs1584901,GG,AG,AA,88,29,9,NC_000010.11,Mutation NB - Paternal Origin,Transition - Purine/Purine,G>A
63984800,rs2264551,GG,AA,GG,4,100,78,NC_000010.11,Mutation NB - Maternal Origin,Transition - Purine/Purine,A>G
63984816,rs2264552,GG,AA,GG,4,100,78,NC_000010.11,Mutation NB - Maternal Origin,Transition - Purine/Purine,A>G
65084519,rs12245311,AG,AA,GG,35,91,9,NC_000010.11,Mutation NB - Maternal Origin,Transition - Purine/Purine,A>G
69072470,rs7068977,GG,AA,GG,70,73,24,NC_000010.11,Mutation NB - Maternal Origin,Transition - Purine/Purine,A>G
69660554,rs2812501,GG,AA,GG,37,100,27,NC_000010.11,Mutation NB - Maternal Origin,Transition - Purine/Purine,A>G
70523378,rs10999372,GG,AA,GG,19,73,60,NC_000010.11,Mutation NB - Maternal Origin,Transition - Purine/Purine,A>G
71073902,rs55879608,TT,TT,TC,77,100,99,NC_000010.11,Mutation NB - Paternal Origin,Transition - Pyrimidine/Pyrimidine,Unsolved
71102394,.,CC,CC,CT,82,40,56,NC_000010.11,Mutation NB - Maternal Origin,Transition - Pyrimidine/Pyrimidine,Unsolved
76015384,rs12244763,CC,CC,CT,37,100,53,NC_000010.11,Mutation NB - Paternal Origin,Transition - Pyrimidine/Pyrimidine,Unsolved
78358220,rs890683,TT,CC,CC,55,88,18,NC_000010.11,Mutation NB - Paternal Origin,Transition - Pyrimidine/Pyrimidine,T>C
79570908,rs17880301,GG,GG,GA,76,100,99,NC_000010.11,Mutation NB - Paternal Origin,Transition - Purine/Purine,Unsolved
80173550,rs3851054,GG,AA,GG,58,100,63,NC_000010.11,Mutation NB - Maternal Origin,Transition - Purine/Purine,A>G
81082529,.,CC,CC,CT,40,82,62,NC_000010.11,Mutation NB - Paternal Origin,Transition - Pyrimidine/Pyrimidine,Unsolved
81082771,rs12414326,TT,TT,TG,79,91,44,NC_000010.11,Mutation NB - Paternal Origin,Transition - Pyrimidine/Pyrimidine,Transversion - Purine/Pyrimidine,Unsolved
84036971,rs7898251,GG,GG,GC,91,100,62,NC_000010.11,Mutation NB - Paternal Origin,Transition - Purine/Purine,Transversion - Purine/Pyrimidine,Unsolved
84612409,.,TT,TT,TC,70,100,51,NC_000010.11,Mutation NB - Paternal Origin,Transition - Pyrimidine/Pyrimidine,Unsolved
86664749,rs11202111,CC,CC,CT,61,100,99,NC_000010.11,Mutation NB - Paternal Origin,Transition - Pyrimidine/Pyrimidine,Unsolved
86675458,rs10887643,CC,CC,CT,34,100,99,NC_000010.11,Mutation NB - Paternal Origin,Transition - Pyrimidine/Pyrimidine,Unsolved
86675467,rs61857111,CC,TT,CC,34,88,99,NC_000010.11,Mutation NB - Maternal Origin,Transition - Pyrimidine/Pyrimidine,T>C
86675472,rs61857112,CC,TT,CC,34,88,99,NC_000010.11,Mutation NB - Maternal Origin,Transition - Pyrimidine/Pyrimidine,T>C
93630259,rs3824752,CC,CC,CG,34,100,99,NC_000010.11,Mutation NB - Paternal Origin,Transversion - Purine/Pyrimidine,Unsolved
95263132,rs7910388,AA,GG,AA,88,100,39,NC_000010.11,Mutation NB - Maternal Origin,Transition - Purine/Purine,G>A
96486938,rs72811159,CC,CC,CT,43,100,99,NC_000010.11,Mutation NB - Paternal Origin,Transition - Pyrimidine/Pyrimidine,Unsolved
97897518,rs2050478447,TT,TT,TC,67,85,44,NC_000010.11,Mutation NB - Paternal Origin,Transition - Pyrimidine/Pyrimidine,Unsolved
98396170,rs7924209,TT,CC,TT,91,91,30,NC_000010.11,Mutation NB - Maternal Origin,Transition - Pyrimidine/Pyrimidine,C>T
98396206,rs7924303,TT,CC,TT,91,91,27,NC_000010.11,Mutation NB - Maternal Origin,Transition - Pyrimidine/Pyrimidine,C>T
98621203,rs10883151,GG,GG,GT,73,100,99,NC_000010.11,Mutation NB - Paternal Origin,Transversion - Purine/Pyrimidine,Unsolved
102959621,rs10786729,AG,AA,GG,1,100,39,NC_000010.11,Mutation NB - Maternal Origin,Transition - Purine/Purine,A>G
103720629,rs35176054,TT,TT,TA,82,100,95,NC_000010.11,Mutation NB - Paternal Origin,Transition - Pyrimidine/Pyrimidine,Transversion - Purine/Pyrimidine,Unsolved
107109368,rs11193202,AA,AA,AC,67,100,99,NC_000010.11,Mutation NB - Paternal Origin,Transversion - Purine/Pyrimidine,Unsolved
109142811,rs7076897,AA,AA,AG,76,88,99,NC_000010.11,Mutation NB - Paternal Origin,Transition - Purine/Purine,Unsolved
112209764,rs12246288,TT,TT,TC,49,100,99,NC_000010.11,Mutation NB - Paternal Origin,Transition - Pyrimidine/Pyrimidine,Unsolved
112880258,rs11596544,CC,CC,TT,100,88,9,NC_000010.11,Mutation NB - Maternal Origin,Transition - Pyrimidine/Pyrimidine,Unsolved
113986525,rs73362586,AA,AA,AG,19,100,99,NC_000010.11,Mutation NB - Paternal Origin,Transition - Purine/Purine,Unsolved
114304769,rs73365341,GG,GG,GA,67,100,99,NC_000010.11,Mutation NB - Paternal Origin,Transition - Purine/Purine,Unsolved
115259027,rs115744217,CC,CC,CT,85,91,99,NC_000010.11,Mutation NB - Paternal Origin,Transition - Pyrimidine/Pyrimidine,Unsolved
115616446,rs1576145,GG,TT,GG,22,31,30,NC_000010.11,Mutation NB - Maternal Origin,Transition - Purine/Purine,Transversion - Purine/Pyrimidine,T>G
116070190,.,AA,AA,AG,64,88,47,NC_000010.11,Mutation NB - Paternal Origin,Transition - Purine/Purine,Unsolved
117588407,rs703364,GG,TT,GG,82,91,54,NC_000010.11,Mutation NB - Maternal Origin,Transition - Purine/Purine,Transversion - Purine/Pyrimidine,T>G
118738067,rs1543578,AT,AA,TT,1,100,33,NC_000010.11,Mutation NB - Maternal Origin,Transversion - Purine/Pyrimidine,A>T
119299835,rs1889743,TC,CC,TT,1,58,42,NC_000010.11,Mutation NB - Maternal Origin,Transversion - Purine/Pyrimidine,C>T
119387355,rs11813429,CC,CC,CA,91,100,59,NC_000010.11,Mutation NB - Paternal Origin,Transversion - Purine/Pyrimidine,Unsolved
119387387,rs11813472,GG,GG,GA,73,100,99,NC_000010.11,Mutation NB - Paternal Origin,Transition - Purine/Purine,Unsolved
119543278,.,TT,TT,TC,73,91,40,NC_000010.11,Mutation NB - Paternal Origin,Transition - Pyrimidine/Pyrimidine,Unsolved
120588322,rs544980479,GG,GG,GA,91,100,98,NC_000010.11,Mutation NB - Paternal Origin,Transition - Purine/Purine,Unsolved
121633026,rs1401654782,TT,GG,TT,61,91,51,NC_000010.11,Mutation NB - Maternal Origin,Transversion - Purine/Pyrimidine,G>T
123603167,rs11598935,GG,AA,AA,85,91,18,NC_000010.11,Mutation NB - Paternal Origin,Transition - Purine/Purine,G>A
124523090,rs78951545,GG,GG,GA,79,91,61,NC_000010.11,Mutation NB - Paternal Origin,Transition - Purine/Purine,Unsolved
124995909,.,TT,TT,TC,55,82,44,NC_000010.11,Mutation NB - Paternal Origin,Transition - Pyrimidine/Pyrimidine,Unsolved
125205588,rs7069314,GG,CC,CC,88,91,18,NC_000010.11,Mutation NB - Paternal Origin,Transversion - Purine/Pyrimidine,G>C
126300297,.,TT,TT,TC,82,91,53,NC_000010.11,Mutation NB - Paternal Origin,Transition - Pyrimidine/Pyrimidine,Unsolved
126404494,.,AA,AA,AG,55,58,44,NC_000010.11,Mutation NB - Paternal Origin,Transition - Purine/Purine,Unsolved
127978059,.,TT,TT,TA,46,100,53,NC_000010.11,Mutation NB - Paternal Origin,Transition - Pyrimidine/Pyrimidine,Transversion - Purine/Pyrimidine,Unsolved
128623898,rs4750984,CC,TC,TT,82,39,0,NC_000010.11,Mutation NB - Paternal Origin,Transition - Pyrimidine/Pyrimidine,C>T
128730352,rs147880170,TT,CC,TT,79,85,33,NC_000010.11,Mutation NB - Maternal Origin,Transition - Pyrimidine/Pyrimidine,C>T
128917125,rs10829518,GA,GG,AA,1,88,90,NC_000010.11,Mutation NB - Maternal Origin,Transition - Purine/Purine,G>A
128917159,rs7915886,TT,CC,TT,55,91,90,NC_000010.11,Mutation NB - Maternal Origin,Transition - Pyrimidine/Pyrimidine,C>T
128979611,rs145818078,GG,AA,GG,55,88,24,NC_000010.11,Mutation NB - Maternal Origin,Transition - Purine/Purine,A>G
129340310,rs73394451,TT,TT,TC,67,100,99,NC_000010.11,Mutation NB - Paternal Origin,Transition - Pyrimidine/Pyrimidine,Unsolved
129352654,rs113389642,GG,AA,GG,58,91,0,NC_000010.11,Mutation NB - Maternal Origin,Transition - Purine/Purine,A>G
130301072,rs359099,CC,GG,GG,58,73,60,NC_000010.11,Mutation NB - Paternal Origin,Transversion - Purine/Pyrimidine,C>G
130500850,rs7093333,GG,GG,GA,88,100,62,NC_000010.11,Mutation NB - Paternal Origin,Transition - Purine/Purine,Unsolved
130647544,rs1176440,TC,TT,CC,41,91,45,NC_000010.11,Mutation NB - Maternal Origin,Transition - Pyrimidine/Pyrimidine,T>C
130770178,rs1176417,GG,GG,GA,40,100,99,NC_000010.11,Mutation NB - Paternal Origin,Transition - Purine/Purine,Unsolved
130835431,rs111809622,CT,TT,CC,43,91,15,NC_000010.11,Mutation NB - Maternal Origin,Transition - Pyrimidine/Pyrimidine,T>C
130906547,rs73388214,TT,TT,TC,70,100,99,NC_000010.11,Mutation NB - Paternal Origin,Transition - Pyrimidine/Pyrimidine,Unsolved
131112016,rs11017728,AA,CC,CC,79,85,15,NC_000010.11,Mutation NB - Paternal Origin,Transversion - Purine/Pyrimidine,A>C
131112291,rs10829906,GG,TT,TT,91,73,21,NC_000010.11,Mutation NB - Paternal Origin,Transversion - Purine/Pyrimidine,G>T
132354889,rs181904250,GG,GG,GC,1,100,99,NC_000010.11,Mutation NB - Paternal Origin,Transition - Purine/Purine,Transversion - Purine/Pyrimidine,Unsolved
132560648,rs1000477243,GG,GG,GA,73,100,99,NC_000010.11,Mutation NB - Paternal Origin,Transition - Purine/Purine,Unsolved
132802572,rs2804017,CC,TT,TT,85,100,30,NC_000010.11,Mutation NB - Paternal Origin,Transition - Pyrimidine/Pyrimidine,C>T
133329447,.,TT,TT,TC,67,73,47,NC_000010.11,Mutation NB - Paternal Origin,Transition - Pyrimidine/Pyrimidine,Unsolved
908107,.,AA,AA,AG,49,91,63,NC_000011.10,Mutation NB - Paternal Origin,Transition - Purine/Purine,Unsolved
1349442,rs7124479,GG,GG,GA,1,79,99,NC_000011.10,Mutation NB - Paternal Origin,Transition - Purine/Purine,Unsolved
2219648,rs1375920119,TT,TT,TC,58,70,65,NC_000011.10,Mutation NB - Paternal Origin,Transition - Pyrimidine/Pyrimidine,Unsolved
3108292,rs1542189,TT,CC,TT,7,100,99,NC_000011.10,Mutation NB - Maternal Origin,Transition - Pyrimidine/Pyrimidine,C>T
3853376,rs1413221292,CC,CC,CT,100,94,5,NC_000011.10,Mutation NB - Maternal Origin,Transition - Pyrimidine/Pyrimidine,Unsolved
6085028,rs11040648,AA,GG,AA,88,91,51,NC_000011.10,Mutation NB - Maternal Origin,Transition - Purine/Purine,G>A
6085056,rs11040649,TT,GG,TT,85,91,51,NC_000011.10,Mutation NB - Maternal Origin,Transversion - Purine/Pyrimidine,G>T
6085060,rs11040650,AA,GG,AA,85,91,51,NC_000011.10,Mutation NB - Maternal Origin,Transition - Purine/Purine,G>A
6085070,rs11040652,GG,TT,GG,85,91,51,NC_000011.10,Mutation NB - Maternal Origin,Transition - Purine/Purine,Transversion - Purine/Pyrimidine,T>G
6452600,.,TT,TT,TC,52,79,50,NC_000011.10,Mutation NB - Paternal Origin,Transition - Pyrimidine/Pyrimidine,Unsolved
10289258,rs7950461,AA,TT,AA,73,88,30,NC_000011.10,Mutation NB - Maternal Origin,Transversion - Purine/Pyrimidine,T>A
12339734,rs11022313,GG,AA,AA,67,61,30,NC_000011.10,Mutation NB - Paternal Origin,Transition - Purine/Purine,G>A
13077868,rs2583133,GG,GG,CG,61,85,12,NC_000011.10,Mutation NB - Paternal Origin,Transition - Purine/Purine,Transversion - Purine/Pyrimidine,Unsolved
15903844,rs79270904,TT,TT,TG,88,91,62,NC_000011.10,Mutation NB - Paternal Origin,Transition - Pyrimidine/Pyrimidine,Transversion - Purine/Pyrimidine,Unsolved
17816701,rs2237943,TT,CC,CC,100,82,24,NC_000011.10,Mutation NB - Paternal Origin,Transition - Pyrimidine/Pyrimidine,T>C
21812967,rs11026257,GG,AA,AA,79,100,0,NC_000011.10,Mutation NB - Paternal Origin,Transition - Purine/Purine,G>A
23817295,rs115894453,GG,GG,GA,76,85,27,NC_000011.10,Mutation NB - Paternal Origin,Transition - Purine/Purine,Unsolved
23817313,rs61876155,TT,TT,TC,76,85,27,NC_000011.10,Mutation NB - Paternal Origin,Transition - Pyrimidine/Pyrimidine,Unsolved
34193331,rs2473906,GG,GG,GA,52,82,99,NC_000011.10,Mutation NB - Paternal Origin,Transition - Purine/Purine,Unsolved
44615289,rs883752,CC,TT,CC,46,82,21,NC_000011.10,Mutation NB - Maternal Origin,Transition - Pyrimidine/Pyrimidine,T>C
44651695,rs116654142,TT,TT,TC,61,82,99,NC_000011.10,Mutation NB - Paternal Origin,Transition - Pyrimidine/Pyrimidine,Unsolved
46963078,rs10838640,TT,TT,CT,79,91,83,NC_000011.10,Mutation NB - Paternal Origin,Transition - Pyrimidine/Pyrimidine,Unsolved
48783444,rs10839084,CC,TT,TT,91,91,12,NC_000011.10,Mutation NB - Paternal Origin,Transition - Pyrimidine/Pyrimidine,C>T
49866449,rs28497551,TT,TT,AT,79,70,99,NC_000011.10,Mutation NB - Maternal Origin,Transition - Pyrimidine/Pyrimidine,Transversion - Purine/Pyrimidine,Unsolved
50149690,.,TT,TT,TC,73,70,50,NC_000011.10,Mutation NB - Maternal Origin,Transition - Pyrimidine/Pyrimidine,Unsolved
54832607,.,TT,TT,TC,49,82,41,NC_000011.10,Mutation NB - Paternal Origin,Transition - Pyrimidine/Pyrimidine,Unsolved
57586510,rs2729355,TT,GG,GG,100,91,27,NC_000011.10,Mutation NB - Paternal Origin,Transversion - Purine/Pyrimidine,T>G
61019832,rs142383108,GG,GG,GC,52,100,99,NC_000011.10,Mutation NB - Paternal Origin,Transition - Purine/Purine,Transversion - Purine/Pyrimidine,Unsolved
61204849,rs1332501303,CC,CC,CT,1,100,99,NC_000011.10,Mutation NB - Paternal Origin,Transition - Pyrimidine/Pyrimidine,Unsolved
61872907,rs174449,AA,GG,AA,85,88,36,NC_000011.10,Mutation NB - Maternal Origin,Transition - Purine/Purine,G>A
62011424,rs6591683,CC,CC,TC,49,76,99,NC_000011.10,Mutation NB - Paternal Origin,Transition - Pyrimidine/Pyrimidine,Unsolved
62835795,.,TT,TT,TC,76,82,56,NC_000011.10,Mutation NB - Paternal Origin,Transition - Pyrimidine/Pyrimidine,Unsolved
63611199,rs7131579,CT,CC,TT,2,100,39,NC_000011.10,Mutation NB - Maternal Origin,Transversion - Purine/Pyrimidine,C>T
63971608,rs57058815,GG,GG,GA,52,100,99,NC_000011.10,Mutation NB - Paternal Origin,Transition - Purine/Purine,Unsolved
64571890,rs76289299,GG,GG,GC,43,82,99,NC_000011.10,Mutation NB - Paternal Origin,Transition - Purine/Purine,Transversion - Purine/Pyrimidine,Unsolved
64597388,rs559615,GG,AG,AA,85,33,0,NC_000011.10,Mutation NB - Paternal Origin,Transition - Purine/Purine,G>A
64597394,rs12363578,TT,CC,CC,85,88,15,NC_000011.10,Mutation NB - Paternal Origin,Transition - Pyrimidine/Pyrimidine,T>C
65388355,rs76441477,TT,TT,TA,91,100,99,NC_000011.10,Mutation NB - Paternal Origin,Transition - Pyrimidine/Pyrimidine,Transversion - Purine/Pyrimidine,Unsolved
65590226,rs1151503,GG,AA,GG,22,91,99,NC_000011.10,Mutation NB - Maternal Origin,Transition - Purine/Purine,A>G
65622163,rs1408621425,TT,GG,TT,85,95,0,NC_000011.10,Mutation NB - Maternal Origin,Transversion - Purine/Pyrimidine,G>T
65622170,rs1457258628,GG,GG,TG,96,95,16,NC_000011.10,Mutation NB - Maternal Origin,Transversion - Purine/Pyrimidine,Unsolved
67404265,rs2514256,CC,CC,CT,80,88,49,NC_000011.10,Mutation NB - Paternal Origin,Transition - Pyrimidine/Pyrimidine,Unsolved
70032063,rs7107395,GA,GG,AA,1,100,66,NC_000011.10,Mutation NB - Maternal Origin,Transition - Purine/Purine,G>A
70744907,rs560269,GG,GG,AG,85,88,33,NC_000011.10,Mutation NB - Paternal Origin,Transition - Purine/Purine,Unsolved
70833819,rs78105090,GG,TT,TT,79,88,27,NC_000011.10,Mutation NB - Paternal Origin,Transversion - Purine/Pyrimidine,G>T
71061104,rs36149635,TC,TT,CC,38,100,9,NC_000011.10,Mutation NB - Maternal Origin,Transition - Pyrimidine/Pyrimidine,T>C
71061788,rs1052886668,AG,AA,GG,1,100,99,NC_000011.10,Mutation NB - Maternal Origin,Transition - Purine/Purine,A>G
71071609,rs921841393,GT,GG,TT,1,88,30,NC_000011.10,Mutation NB - Maternal Origin,Transversion - Purine/Pyrimidine,G>T
71071822,rs1014968788,GA,GG,AA,5,100,45,NC_000011.10,Mutation NB - Maternal Origin,Transition - Purine/Purine,G>A
71190189,rs12286663,CC,CC,CG,37,100,99,NC_000011.10,Mutation NB - Paternal Origin,Transversion - Purine/Pyrimidine,Unsolved
71343641,rs1660852,TC,TT,CC,1,100,99,NC_000011.10,Mutation NB - Maternal Origin,Transition - Pyrimidine/Pyrimidine,T>C
71403029,rs4944885,CT,TT,CC,1,76,81,NC_000011.10,Mutation NB - Maternal Origin,Transition - Pyrimidine/Pyrimidine,T>C
71463406,rs2276362,AG,GG,AA,1,88,30,NC_000011.10,Mutation NB - Maternal Origin,Transition - Purine/Purine,G>A
74486857,rs1280220,GG,AA,GG,82,88,21,NC_000011.10,Mutation NB - Maternal Origin,Transition - Purine/Purine,A>G
75678441,rs574028423,AA,GG,GG,83,82,12,NC_000011.10,Mutation NB - Paternal Origin,Transition - Purine/Purine,A>G
76155547,rs4639959,GG,GG,GC,64,100,99,NC_000011.10,Mutation NB - Paternal Origin,Transition - Purine/Purine,Transversion - Purine/Pyrimidine,Unsolved
76625165,rs7114909,TT,TT,TC,58,100,99,NC_000011.10,Mutation NB - Paternal Origin,Transition - Pyrimidine/Pyrimidine,Unsolved
76763097,rs113883808,AA,AA,AG,40,100,99,NC_000011.10,Mutation NB - Paternal Origin,Transition - Purine/Purine,Unsolved
77088177,rs7102149,AA,GA,GG,92,39,11,NC_000011.10,Mutation NB - Paternal Origin,Transition - Purine/Purine,A>G
77207460,rs76159522,CT,CC,TT,73,91,15,NC_000011.10,Mutation NB - Maternal Origin,Transversion - Purine/Pyrimidine,C>T
80210201,rs77459497,TT,TT,TC,70,100,99,NC_000011.10,Mutation NB - Paternal Origin,Transition - Pyrimidine/Pyrimidine,Unsolved
82410188,rs7113685,GG,AA,GG,76,85,30,NC_000011.10,Mutation NB - Maternal Origin,Transition - Purine/Purine,A>G
86644866,rs1938920,TT,TT,CT,64,91,21,NC_000011.10,Mutation NB - Paternal Origin,Transition - Pyrimidine/Pyrimidine,Unsolved
88777662,rs968810502,TT,TT,TC,34,76,50,NC_000011.10,Mutation NB - Paternal Origin,Transition - Pyrimidine/Pyrimidine,Unsolved
91254037,rs73545793,CC,CC,CA,61,100,99,NC_000011.10,Mutation NB - Paternal Origin,Transversion - Purine/Pyrimidine,Unsolved
91949130,.,CC,CC,CT,61,82,44,NC_000011.10,Mutation NB - Paternal Origin,Transition - Pyrimidine/Pyrimidine,Unsolved
92648610,rs569591,GG,AA,GG,67,85,0,NC_000011.10,Mutation NB - Maternal Origin,Transition - Purine/Purine,A>G
94716702,rs72967827,CC,TT,CC,64,85,51,NC_000011.10,Mutation NB - Maternal Origin,Transition - Pyrimidine/Pyrimidine,T>C
95089774,rs117004200,GG,GG,GC,7,97,99,NC_000011.10,Mutation NB - Paternal Origin,Transition - Purine/Purine,Transversion - Purine/Pyrimidine,Unsolved
95229263,rs1458453,CC,CC,CT,100,82,99,NC_000011.10,Mutation NB - Maternal Origin,Transition - Pyrimidine/Pyrimidine,Unsolved
98462866,rs10736478,AA,AA,AG,25,100,99,NC_000011.10,Mutation NB - Paternal Origin,Transition - Purine/Purine,Unsolved
100648655,rs75215764,TT,AA,TT,49,85,0,NC_000011.10,Mutation NB - Maternal Origin,Transversion - Purine/Pyrimidine,A>T
100648657,rs79580940,GG,AA,GG,49,85,0,NC_000011.10,Mutation NB - Maternal Origin,Transition - Purine/Purine,A>G
100715158,rs10895009,TT,TT,TC,49,88,99,NC_000011.10,Mutation NB - Paternal Origin,Transition - Pyrimidine/Pyrimidine,Unsolved
101521108,rs10895129,CT,CC,TT,63,88,12,NC_000011.10,Mutation NB - Maternal Origin,Transversion - Purine/Pyrimidine,C>T
106464852,rs11227057,CC,CC,TC,76,85,99,NC_000011.10,Mutation NB - Paternal Origin,Transition - Pyrimidine/Pyrimidine,Unsolved
106649310,rs57799817,AA,CC,AA,91,88,33,NC_000011.10,Mutation NB - Maternal Origin,Transversion - Purine/Pyrimidine,C>A
109714547,rs7122230,TT,TT,TC,25,100,99,NC_000011.10,Mutation NB - Paternal Origin,Transition - Pyrimidine/Pyrimidine,Unsolved
109714591,rs148312242,CC,CC,CT,25,100,99,NC_000011.10,Mutation NB - Paternal Origin,Transition - Pyrimidine/Pyrimidine,Unsolved
109739159,rs114905010,TT,TT,TC,91,100,91,NC_000011.10,Mutation NB - Paternal Origin,Transition - Pyrimidine/Pyrimidine,Unsolved
109783749,rs17110154,CC,CC,CT,82,100,99,NC_000011.10,Mutation NB - Paternal Origin,Transition - Pyrimidine/Pyrimidine,Unsolved
113042225,rs2155645,CC,CC,CT,70,100,99,NC_000011.10,Mutation NB - Paternal Origin,Transition - Pyrimidine/Pyrimidine,Unsolved
114276123,rs1307284980,TC,CC,TT,92,83,0,NC_000011.10,Mutation NB - Maternal Origin,Transversion - Purine/Pyrimidine,C>T
115625456,rs11215639,CC,CC,CT,40,100,99,NC_000011.10,Mutation NB - Paternal Origin,Transition - Pyrimidine/Pyrimidine,Unsolved
115745414,rs2285254,GG,GG,GC,91,100,99,NC_000011.10,Mutation NB - Paternal Origin,Transition - Purine/Purine,Transversion - Purine/Pyrimidine,Unsolved
117589408,rs634406,GG,GG,CC,99,85,12,NC_000011.10,Mutation NB - Maternal Origin,Transversion - Purine/Pyrimidine,Unsolved
118961054,rs61900158,TT,AA,AA,34,1,51,NC_000011.10,Mutation NB - Paternal Origin,Transversion - Purine/Pyrimidine,T>A
126154638,rs4937107,AG,GG,AA,29,88,0,NC_000011.10,Mutation NB - Maternal Origin,Transition - Purine/Purine,G>A
128775554,rs557107,GG,AA,GG,79,91,33,NC_000011.10,Mutation NB - Maternal Origin,Transition - Purine/Purine,A>G
129494103,rs73027096,GG,GG,GA,64,64,88,NC_000011.10,Mutation NB - Paternal or Maternal,Transition - Purine/Purine,Unsolved
132115179,rs67152151,GA,AA,GG,1,85,9,NC_000011.10,Mutation NB - Maternal Origin,Transition - Purine/Purine,A>G
132402405,rs35226152,TT,CC,TT,34,100,63,NC_000011.10,Mutation NB - Maternal Origin,Transition - Pyrimidine/Pyrimidine,C>T
132509751,rs2096822,TC,TT,CC,91,79,27,NC_000011.10,Mutation NB - Maternal Origin,Transition - Pyrimidine/Pyrimidine,T>C
135056860,rs6590788,AA,AA,GA,61,82,99,NC_000011.10,Mutation NB - Paternal Origin,Transition - Purine/Purine,Unsolved
467511,rs7133891,AA,AA,AG,100,85,99,NC_000012.12,Mutation NB - Maternal Origin,Transition - Purine/Purine,Unsolved
2948628,rs11835185,CC,TT,CC,67,91,0,NC_000012.12,Mutation NB - Maternal Origin,Transition - Pyrimidine/Pyrimidine,T>C
3053401,rs10774103,AA,AA,TA,55,85,99,NC_000012.12,Mutation NB - Paternal Origin,Transversion - Purine/Pyrimidine,Unsolved
3379930,rs77385430,CC,CC,CT,1,100,99,NC_000012.12,Mutation NB - Paternal Origin,Transition - Pyrimidine/Pyrimidine,Unsolved
3667594,rs10848907,GG,TT,GG,4,88,99,NC_000012.12,Mutation NB - Maternal Origin,Transition - Purine/Purine,Transversion - Purine/Pyrimidine,T>G
4560788,rs10849090,AA,AA,AG,64,100,99,NC_000012.12,Mutation NB - Paternal Origin,Transition - Purine/Purine,Unsolved
5407293,rs74056326,GG,GG,GC,91,91,99,NC_000012.12,Mutation NB - Paternal or Maternal,Transition - Purine/Purine,Transversion - Purine/Pyrimidine,Unsolved
6717308,rs6489730,CC,TT,CC,70,100,18,NC_000012.12,Mutation NB - Maternal Origin,Transition - Pyrimidine/Pyrimidine,T>C
8795030,rs139920026,GG,GG,GA,19,100,99,NC_000012.12,Mutation NB - Paternal Origin,Transition - Purine/Purine,Unsolved
9065977,rs10771308,GG,TT,GG,70,91,0,NC_000012.12,Mutation NB - Maternal Origin,Transition - Purine/Purine,Transversion - Purine/Pyrimidine,T>G
9066010,rs10771309,CC,AA,CC,70,91,0,NC_000012.12,Mutation NB - Maternal Origin,Transversion - Purine/Pyrimidine,A>C
9610993,rs7302021,CT,CC,TT,1,91,51,NC_000012.12,Mutation NB - Maternal Origin,Transversion - Purine/Pyrimidine,C>T
10083072,rs10772231,AA,AA,CA,91,73,93,NC_000012.12,Mutation NB - Maternal Origin,Transversion - Purine/Pyrimidine,Unsolved
10364244,.,TT,TT,TG,85,91,52,NC_000012.12,Mutation NB - Paternal Origin,Transition - Pyrimidine/Pyrimidine,Transversion - Purine/Pyrimidine,Unsolved
12989008,rs850919,AA,CC,AA,85,91,15,NC_000012.12,Mutation NB - Maternal Origin,Transversion - Purine/Pyrimidine,C>A
13476799,.,CC,CC,CT,73,88,49,NC_000012.12,Mutation NB - Paternal Origin,Transition - Pyrimidine/Pyrimidine,Unsolved
17666213,rs2467134,GG,GG,GA,64,79,99,NC_000012.12,Mutation NB - Paternal Origin,Transition - Purine/Purine,Unsolved
18761025,rs113783493,AA,GG,GG,76,91,0,NC_000012.12,Mutation NB - Paternal Origin,Transition - Purine/Purine,A>G
22953035,rs115743187,GG,GG,GA,19,88,99,NC_000012.12,Mutation NB - Paternal Origin,Transition - Purine/Purine,Unsolved
26316709,rs11048460,GG,GG,GA,100,88,99,NC_000012.12,Mutation NB - Maternal Origin,Transition - Purine/Purine,Unsolved
29735453,rs302371,TC,TT,CC,47,100,12,NC_000012.12,Mutation NB - Maternal Origin,Transition - Pyrimidine/Pyrimidine,T>C
30327581,rs4032089,AA,GG,GG,82,79,30,NC_000012.12,Mutation NB - Paternal Origin,Transition - Purine/Purine,A>G
30327597,rs4032090,AA,GG,GG,82,79,30,NC_000012.12,Mutation NB - Paternal Origin,Transition - Purine/Purine,A>G
30327598,rs4032091,CC,TT,TT,82,79,30,NC_000012.12,Mutation NB - Paternal Origin,Transition - Pyrimidine/Pyrimidine,C>T
30327765,.,TT,TT,TC,67,70,86,NC_000012.12,Mutation NB - Paternal Origin,Transition - Pyrimidine/Pyrimidine,Unsolved
30460795,rs10771724,AA,GG,GG,55,61,99,NC_000012.12,Mutation NB - Paternal Origin,Transition - Purine/Purine,A>G
30460853,rs115375870,TT,CC,CC,70,79,45,NC_000012.12,Mutation NB - Paternal Origin,Transition - Pyrimidine/Pyrimidine,T>C
30859217,rs542802,GG,GG,GA,100,85,99,NC_000012.12,Mutation NB - Maternal Origin,Transition - Purine/Purine,Unsolved
32084492,rs7311255,GG,AA,GG,88,91,21,NC_000012.12,Mutation NB - Maternal Origin,Transition - Purine/Purine,A>G
32335695,rs7300646,GG,GG,GA,100,100,95,NC_000012.12,Mutation NB - Paternal or Maternal,Transition - Purine/Purine,Unsolved
32900868,rs113067131,CC,TT,CC,76,98,33,NC_000012.12,Mutation NB - Maternal Origin,Transition - Pyrimidine/Pyrimidine,T>C
32932264,rs10844390,CT,TT,CC,1,88,42,NC_000012.12,Mutation NB - Maternal Origin,Transition - Pyrimidine/Pyrimidine,T>C
38657442,rs2630777,TT,CC,CC,100,76,27,NC_000012.12,Mutation NB - Paternal Origin,Transition - Pyrimidine/Pyrimidine,T>C
42445981,rs756966683,TT,TT,TC,97,91,51,NC_000012.12,Mutation NB - Maternal Origin,Transition - Pyrimidine/Pyrimidine,Unsolved
43524147,.,TT,TT,TC,31,82,50,NC_000012.12,Mutation NB - Paternal Origin,Transition - Pyrimidine/Pyrimidine,Unsolved
46515613,.,AA,AA,AT,52,73,47,NC_000012.12,Mutation NB - Paternal Origin,Transversion - Purine/Pyrimidine,Unsolved
47851452,rs7971418,AA,CC,AA,76,100,21,NC_000012.12,Mutation NB - Maternal Origin,Transversion - Purine/Pyrimidine,C>A
51189723,rs3490,GA,AA,GG,1,91,42,NC_000012.12,Mutation NB - Maternal Origin,Transition - Purine/Purine,A>G
51832693,rs4762021,AA,AA,AG,79,100,99,NC_000012.12,Mutation NB - Paternal Origin,Transition - Purine/Purine,Unsolved
52823272,rs10876353,AA,GG,AA,73,100,39,NC_000012.12,Mutation NB - Maternal Origin,Transition - Purine/Purine,G>A
56805228,rs67808059,CC,CC,CG,64,100,99,NC_000012.12,Mutation NB - Paternal Origin,Transversion - Purine/Pyrimidine,Unsolved
62676717,rs432794,GG,GG,GA,40,100,99,NC_000012.12,Mutation NB - Paternal Origin,Transition - Purine/Purine,Unsolved
68167099,rs7302488,TT,TT,GT,88,79,99,NC_000012.12,Mutation NB - Maternal Origin,Transition - Pyrimidine/Pyrimidine,Transversion - Purine/Pyrimidine,Unsolved
71971324,rs17110536,CA,AA,CC,1,91,72,NC_000012.12,Mutation NB - Maternal Origin,A>C
73100381,rs1474010,TT,TT,TC,79,100,30,NC_000012.12,Mutation NB - Paternal Origin,Transition - Pyrimidine/Pyrimidine,Unsolved
73606486,rs35746838,CC,CC,CG,100,85,99,NC_000012.12,Mutation NB - Maternal Origin,Transversion - Purine/Pyrimidine,Unsolved
88536949,rs11104937,TT,TT,TC,22,88,99,NC_000012.12,Mutation NB - Paternal Origin,Transition - Pyrimidine/Pyrimidine,Unsolved
89826433,.,GG,GG,GA,43,46,47,NC_000012.12,Mutation NB - Paternal Origin,Transition - Purine/Purine,Unsolved
91672540,rs1493782,TT,CC,CC,100,91,12,NC_000012.12,Mutation NB - Paternal Origin,Transition - Pyrimidine/Pyrimidine,T>C
95099560,rs4762311,TT,CC,TT,40,88,30,NC_000012.12,Mutation NB - Maternal Origin,Transition - Pyrimidine/Pyrimidine,C>T
95520911,rs7974596,CC,TT,TT,82,88,33,NC_000012.12,Mutation NB - Paternal Origin,Transition - Pyrimidine/Pyrimidine,C>T
103525029,.,TT,TT,TC,87,82,44,NC_000012.12,Mutation NB - Maternal Origin,Transition - Pyrimidine/Pyrimidine,Unsolved
104754472,rs2131806,GA,AA,GG,8,91,84,NC_000012.12,Mutation NB - Maternal Origin,Transition - Purine/Purine,A>G
106551506,rs150279472,GG,GG,GT,37,58,99,NC_000012.12,Mutation NB - Paternal Origin,Transversion - Purine/Pyrimidine,Unsolved
106601678,.,AA,AA,AG,37,83,56,NC_000012.12,Mutation NB - Paternal Origin,Transition - Purine/Purine,Unsolved
107492683,rs7297300,GG,GG,GA,49,100,99,NC_000012.12,Mutation NB - Paternal Origin,Transition - Purine/Purine,Unsolved
107844140,rs6539374,CC,TT,CC,46,100,75,NC_000012.12,Mutation NB - Maternal Origin,Transition - Pyrimidine/Pyrimidine,T>C
107844424,rs6539375,GG,AA,GG,67,91,27,NC_000012.12,Mutation NB - Maternal Origin,Transition - Purine/Purine,A>G
108113170,rs79449355,AA,GG,GG,79,91,18,NC_000012.12,Mutation NB - Paternal Origin,Transition - Purine/Purine,A>G
108613039,rs4298958,AA,AA,AG,76,100,99,NC_000012.12,Mutation NB - Paternal Origin,Transition - Purine/Purine,Unsolved
109166615,rs34281,GG,GG,AG,79,91,50,NC_000012.12,Mutation NB - Paternal Origin,Transition - Purine/Purine,Unsolved
111645947,.,GG,GG,GA,73,85,44,NC_000012.12,Mutation NB - Paternal Origin,Transition - Purine/Purine,Unsolved
111753375,.,GG,GG,GA,31,46,53,NC_000012.12,Mutation NB - Paternal Origin,Transition - Purine/Purine,Unsolved
112010681,rs7135514,TC,CC,TT,1,88,0,NC_000012.12,Mutation NB - Maternal Origin,Transversion - Purine/Pyrimidine,C>T
113447888,rs202092082,AA,AA,AG,52,82,99,NC_000012.12,Mutation NB - Paternal Origin,Transition - Purine/Purine,Unsolved
113447889,rs200281063,GG,GG,GT,52,82,99,NC_000012.12,Mutation NB - Paternal Origin,Transversion - Purine/Pyrimidine,Unsolved
113868607,rs138283721,TT,TC,CC,67,70,15,NC_000012.12,Mutation NB - Paternal Origin,Transition - Pyrimidine/Pyrimidine,T>C
114394555,rs2236018,TT,TT,TC,100,100,59,NC_000012.12,Mutation NB - Paternal or Maternal,Transition - Pyrimidine/Pyrimidine,Unsolved
114713967,rs1354154,TC,CC,TT,1,79,66,NC_000012.12,Mutation NB - Maternal Origin,Transversion - Purine/Pyrimidine,C>T
115025982,rs12305169,GG,GG,GA,70,91,99,NC_000012.12,Mutation NB - Paternal Origin,Transition - Purine/Purine,Unsolved
117294995,rs567910,CC,CC,CT,88,85,99,NC_000012.12,Mutation NB - Maternal Origin,Transition - Pyrimidine/Pyrimidine,Unsolved
119907672,rs3858715,GG,GG,TT,79,91,0,NC_000012.12,Mutation NB - Paternal Origin,Transversion - Purine/Pyrimidine,Unsolved
121384889,rs7954868,GG,GG,GC,76,100,99,NC_000012.12,Mutation NB - Paternal Origin,Transition - Purine/Purine,Transversion - Purine/Pyrimidine,Unsolved
123949358,rs2178663,CC,TT,CC,1,85,99,NC_000012.12,Mutation NB - Maternal Origin,Transition - Pyrimidine/Pyrimidine,T>C
124517777,rs150954431,CC,CC,CT,79,100,99,NC_000012.12,Mutation NB - Paternal Origin,Transition - Pyrimidine/Pyrimidine,Unsolved
128169576,rs7139294,TT,CC,TT,79,88,36,NC_000012.12,Mutation NB - Maternal Origin,Transition - Pyrimidine/Pyrimidine,C>T
130661615,rs10848175,CC,TT,CC,64,100,36,NC_000012.12,Mutation NB - Maternal Origin,Transition - Pyrimidine/Pyrimidine,T>C
130661970,rs7971693,CC,TT,CC,46,100,36,NC_000012.12,Mutation NB - Maternal Origin,Transition - Pyrimidine/Pyrimidine,T>C
130738854,rs73453905,TT,CC,TT,73,91,18,NC_000012.12,Mutation NB - Maternal Origin,Transition - Pyrimidine/Pyrimidine,C>T
131454694,rs12580393,CC,GG,CC,43,100,99,NC_000012.12,Mutation NB - Maternal Origin,Transversion - Purine/Pyrimidine,G>C
131454698,rs10466867,GG,CC,GG,43,100,99,NC_000012.12,Mutation NB - Maternal Origin,Transversion - Purine/Pyrimidine,C>G
132451098,.,AA,AA,AG,82,91,53,NC_000012.12,Mutation NB - Paternal Origin,Transition - Purine/Purine,Unsolved
132527875,rs4883566,GG,GG,AG,52,64,35,NC_000012.12,Mutation NB - Paternal Origin,Transition - Purine/Purine,Unsolved
19574371,rs11842235,GG,GG,AA,100,91,21,NC_000013.11,Mutation NB - Maternal Origin,Transition - Purine/Purine,Unsolved
21021739,rs9552328,AA,CC,CC,91,85,9,NC_000013.11,Mutation NB - Paternal Origin,Transversion - Purine/Pyrimidine,A>C
21225010,rs9550721,TT,TT,TC,67,100,99,NC_000013.11,Mutation NB - Paternal Origin,Transition - Pyrimidine/Pyrimidine,Unsolved
24651184,rs956630618,TT,TT,TC,70,79,42,NC_000013.11,Mutation NB - Paternal Origin,Transition - Pyrimidine/Pyrimidine,Unsolved
27314383,rs9507873,GA,AA,GG,41,82,0,NC_000013.11,Mutation NB - Maternal Origin,Transition - Purine/Purine,A>G
28535077,rs1401420218,AA,AA,AC,100,94,99,NC_000013.11,Mutation NB - Maternal Origin,Transversion - Purine/Pyrimidine,Unsolved
29336453,.,TT,TT,TA,43,85,40,NC_000013.11,Mutation NB - Paternal Origin,Transition - Pyrimidine/Pyrimidine,Transversion - Purine/Pyrimidine,Unsolved
30698633,rs9315028,GA,AA,GG,1,79,99,NC_000013.11,Mutation NB - Maternal Origin,Transition - Purine/Purine,A>G
30698668,rs9315029,CA,AA,CC,1,79,99,NC_000013.11,Mutation NB - Maternal Origin,A>C
30920650,rs73453471,CC,CC,CT,58,100,99,NC_000013.11,Mutation NB - Paternal Origin,Transition - Pyrimidine/Pyrimidine,Unsolved
33575882,rs79354706,GG,AA,GG,43,70,51,NC_000013.11,Mutation NB - Maternal Origin,Transition - Purine/Purine,A>G
35758657,rs78852521,TC,TT,CC,1,100,12,NC_000013.11,Mutation NB - Maternal Origin,Transition - Pyrimidine/Pyrimidine,T>C
38112869,rs34119423,CC,AA,CC,61,85,33,NC_000013.11,Mutation NB - Maternal Origin,Transversion - Purine/Pyrimidine,A>C
43608600,rs1329287,TT,TT,CT,67,91,12,NC_000013.11,Mutation NB - Paternal Origin,Transition - Pyrimidine/Pyrimidine,Unsolved
44410331,rs9595117,CC,CC,CA,55,91,92,NC_000013.11,Mutation NB - Paternal Origin,Transversion - Purine/Pyrimidine,Unsolved
44591978,rs61947998,AA,GG,GG,67,91,57,NC_000013.11,Mutation NB - Paternal Origin,Transition - Purine/Purine,A>G
44591989,rs61947999,TT,GG,GG,67,91,57,NC_000013.11,Mutation NB - Paternal Origin,Transversion - Purine/Pyrimidine,T>G
46338114,rs2765620,GG,AA,GG,52,100,66,NC_000013.11,Mutation NB - Maternal Origin,Transition - Purine/Purine,A>G
46339281,rs674754,TT,CC,TT,49,100,30,NC_000013.11,Mutation NB - Maternal Origin,Transition - Pyrimidine/Pyrimidine,C>T
47115165,rs73178129,CA,AA,CC,1,91,39,NC_000013.11,Mutation NB - Maternal Origin,A>C
47592647,rs4942650,AA,AA,AC,64,100,99,NC_000013.11,Mutation NB - Paternal Origin,Transversion - Purine/Pyrimidine,Unsolved
49756472,rs1581744,GG,GG,GA,82,100,92,NC_000013.11,Mutation NB - Paternal Origin,Transition - Purine/Purine,Unsolved
52869378,rs1274581,TT,CC,TT,82,88,27,NC_000013.11,Mutation NB - Maternal Origin,Transition - Pyrimidine/Pyrimidine,C>T
52947927,rs9652206,CT,CC,TT,1,79,27,NC_000013.11,Mutation NB - Maternal Origin,Transversion - Purine/Pyrimidine,C>T
53249659,rs9596771,GG,GG,GA,73,100,99,NC_000013.11,Mutation NB - Paternal Origin,Transition - Purine/Purine,Unsolved
54558370,rs7986652,TT,TT,TC,46,91,99,NC_000013.11,Mutation NB - Paternal Origin,Transition - Pyrimidine/Pyrimidine,Unsolved
58715046,rs9569946,TT,CC,CC,46,79,51,NC_000013.11,Mutation NB - Paternal Origin,Transition - Pyrimidine/Pyrimidine,T>C
61339522,rs7327672,CC,CC,CG,10,100,99,NC_000013.11,Mutation NB - Paternal Origin,Transversion - Purine/Pyrimidine,Unsolved
61725668,rs12583397,AA,TT,AA,70,82,45,NC_000013.11,Mutation NB - Maternal Origin,Transversion - Purine/Pyrimidine,T>A
66268749,rs1928959,CG,CC,GG,1,100,27,NC_000013.11,Mutation NB - Maternal Origin,Transversion - Purine/Pyrimidine,C>G
66721978,rs1004290112,GG,GG,GA,88,91,56,NC_000013.11,Mutation NB - Paternal Origin,Transition - Purine/Purine,Unsolved
69025129,rs11617386,AA,GG,GG,82,91,0,NC_000013.11,Mutation NB - Paternal Origin,Transition - Purine/Purine,A>G
70293878,rs9542263,TT,CC,CC,73,82,15,NC_000013.11,Mutation NB - Paternal Origin,Transition - Pyrimidine/Pyrimidine,T>C
74868957,rs970988,AT,TT,AA,1,79,0,NC_000013.11,Mutation NB - Maternal Origin,Transversion - Purine/Pyrimidine,T>A
89367134,rs7983263,GG,AA,GG,61,100,54,NC_000013.11,Mutation NB - Maternal Origin,Transition - Purine/Purine,A>G
90495087,rs61969668,CC,TT,CC,31,85,87,NC_000013.11,Mutation NB - Maternal Origin,Transition - Pyrimidine/Pyrimidine,T>C
90961165,rs9523211,GG,GG,GA,70,100,99,NC_000013.11,Mutation NB - Paternal Origin,Transition - Purine/Purine,Unsolved
94824592,rs1268494552,GG,GG,GA,7,70,99,NC_000013.11,Mutation NB - Paternal Origin,Transition - Purine/Purine,Unsolved
99955089,rs11069388,TT,GG,TT,1,67,57,NC_000013.11,Mutation NB - Maternal Origin,Transversion - Purine/Pyrimidine,G>T
100505854,rs1171943064,AC,CC,AA,21,89,30,NC_000013.11,Mutation NB - Maternal Origin,Transversion - Purine/Pyrimidine,C>A
100660914,rs2786932,AA,GG,AA,34,73,36,NC_000013.11,Mutation NB - Maternal Origin,Transition - Purine/Purine,G>A
102899068,rs72655546,GG,GG,GA,91,91,64,NC_000013.11,Mutation NB - Paternal or Maternal,Transition - Purine/Purine,Unsolved
109061048,rs1929298,CC,GC,GG,12,1,6,NC_000013.11,Mutation NB - Paternal Origin,Transversion - Purine/Pyrimidine,C>G
109271591,rs869914,CC,TT,CC,40,88,51,NC_000013.11,Mutation NB - Maternal Origin,Transition - Pyrimidine/Pyrimidine,T>C
109328593,rs7999734,AG,AA,GG,32,91,42,NC_000013.11,Mutation NB - Maternal Origin,Transition - Purine/Purine,A>G
110413663,rs10161705,GG,GG,GC,70,100,89,NC_000013.11,Mutation NB - Paternal Origin,Transition - Purine/Purine,Transversion - Purine/Pyrimidine,Unsolved
112897910,rs9603798,GG,GG,GA,100,88,99,NC_000013.11,Mutation NB - Maternal Origin,Transition - Purine/Purine,Unsolved
113483792,rs41288602,GG,GG,GA,7,100,99,NC_000013.11,Mutation NB - Paternal Origin,Transition - Purine/Purine,Unsolved
20295557,rs72671250,GG,AA,GG,85,85,27,NC_000014.9,Mutation NB - Maternal Origin,Transition - Purine/Purine,A>G
20383654,rs72671282,GG,CC,GG,67,91,30,NC_000014.9,Mutation NB - Maternal Origin,Transversion - Purine/Pyrimidine,C>G
20966160,rs8019548,CC,CC,CT,91,82,99,NC_000014.9,Mutation NB - Maternal Origin,Transition - Pyrimidine/Pyrimidine,Unsolved
20966212,rs2771327,TT,CT,CC,91,32,36,NC_000014.9,Mutation NB - Paternal Origin,Transition - Pyrimidine/Pyrimidine,T>C
26590140,rs3794485,TT,CC,TT,1,91,93,NC_000014.9,Mutation NB - Maternal Origin,Transition - Pyrimidine/Pyrimidine,C>T
35428319,.,AA,AA,AG,58,91,50,NC_000014.9,Mutation NB - Paternal Origin,Transition - Purine/Purine,Unsolved
40216548,rs113275740,CC,GG,GG,1,46,0,NC_000014.9,Mutation NB - Paternal Origin,Transversion - Purine/Pyrimidine,C>G
48285061,rs8022235,GG,GG,GC,43,100,99,NC_000014.9,Mutation NB - Paternal Origin,Transition - Purine/Purine,Transversion - Purine/Pyrimidine,Unsolved
52546271,rs12436846,TT,CC,CC,88,100,15,NC_000014.9,Mutation NB - Paternal Origin,Transition - Pyrimidine/Pyrimidine,T>C
55749590,rs147538628,AA,AA,AG,34,100,99,NC_000014.9,Mutation NB - Paternal Origin,Transition - Purine/Purine,Unsolved
56712915,.,TT,TT,TC,67,91,53,NC_000014.9,Mutation NB - Paternal Origin,Transition - Pyrimidine/Pyrimidine,Unsolved
61107748,rs73313331,GG,GG,GA,67,82,41,NC_000014.9,Mutation NB - Paternal Origin,Transition - Purine/Purine,Unsolved
64693866,rs179336,CC,CC,CT,16,100,99,NC_000014.9,Mutation NB - Paternal Origin,Transition - Pyrimidine/Pyrimidine,Unsolved
64775326,rs184528,CT,CC,TT,5,85,39,NC_000014.9,Mutation NB - Maternal Origin,Transversion - Purine/Pyrimidine,C>T
65256498,rs58812872,GG,GG,GA,79,91,71,NC_000014.9,Mutation NB - Paternal Origin,Transition - Purine/Purine,Unsolved
66324974,rs1434909,CC,CC,CT,43,100,83,NC_000014.9,Mutation NB - Paternal Origin,Transition - Pyrimidine/Pyrimidine,Unsolved
68661235,rs4420467,CC,CC,CT,52,100,99,NC_000014.9,Mutation NB - Paternal Origin,Transition - Pyrimidine/Pyrimidine,Unsolved
68854619,rs194721,GG,GG,CG,49,76,99,NC_000014.9,Mutation NB - Paternal Origin,Transition - Purine/Purine,Transversion - Purine/Pyrimidine,Unsolved
69969919,.,AA,AA,AG,37,67,44,NC_000014.9,Mutation NB - Paternal Origin,Transition - Purine/Purine,Unsolved
70208156,.,GG,GG,GA,49,88,51,NC_000014.9,Mutation NB - Paternal Origin,Transition - Purine/Purine,Unsolved
72029533,rs17105962,TT,TT,TA,100,85,99,NC_000014.9,Mutation NB - Maternal Origin,Transition - Pyrimidine/Pyrimidine,Transversion - Purine/Pyrimidine,Unsolved
73744610,rs977357,CC,CC,CT,76,100,99,NC_000014.9,Mutation NB - Paternal Origin,Transition - Pyrimidine/Pyrimidine,Unsolved
75157647,rs7157078,CC,CC,CT,79,100,99,NC_000014.9,Mutation NB - Paternal Origin,Transition - Pyrimidine/Pyrimidine,Unsolved
76391411,rs114046774,CC,CC,TT,79,100,18,NC_000014.9,Mutation NB - Paternal Origin,Transition - Pyrimidine/Pyrimidine,Unsolved
76483185,rs4903415,CC,CC,CG,88,100,99,NC_000014.9,Mutation NB - Paternal Origin,Transversion - Purine/Pyrimidine,Unsolved
82808526,rs35643304,GG,GG,GA,67,100,99,NC_000014.9,Mutation NB - Paternal Origin,Transition - Purine/Purine,Unsolved
87605984,rs112107001,AA,GG,AA,67,91,27,NC_000014.9,Mutation NB - Maternal Origin,Transition - Purine/Purine,G>A
87696339,rs72689979,CC,TT,CC,43,91,63,NC_000014.9,Mutation NB - Maternal Origin,Transition - Pyrimidine/Pyrimidine,T>C
88963646,rs1885187,AA,AA,AC,70,28,99,NC_000014.9,Mutation NB - Maternal Origin,Transversion - Purine/Pyrimidine,Unsolved
90434969,.,AA,AA,AG,40,82,56,NC_000014.9,Mutation NB - Paternal Origin,Transition - Purine/Purine,Unsolved
90565063,rs7154688,GG,GG,GC,76,79,71,NC_000014.9,Mutation NB - Paternal Origin,Transition - Purine/Purine,Transversion - Purine/Pyrimidine,Unsolved
90843078,rs11623503,TA,TT,AA,1,88,54,NC_000014.9,Mutation NB - Maternal Origin,Transversion - Purine/Pyrimidine,T>A
92220011,rs1312654,GG,GC,CC,91,1,27,NC_000014.9,Mutation NB - Paternal Origin,Transversion - Purine/Pyrimidine,G>C
94690484,rs8017593,AC,CC,AA,1,88,57,NC_000014.9,Mutation NB - Maternal Origin,Transversion - Purine/Pyrimidine,C>A
94819722,rs28637721,CT,CC,TT,1,100,48,NC_000014.9,Mutation NB - Maternal Origin,Transversion - Purine/Pyrimidine,C>T
94874119,rs1243545,GG,CC,GG,49,100,39,NC_000014.9,Mutation NB - Maternal Origin,Transversion - Purine/Pyrimidine,C>G
94962419,rs187128350,GG,GG,GA,85,100,99,NC_000014.9,Mutation NB - Paternal Origin,Transition - Purine/Purine,Unsolved
95024751,rs8021127,AA,AA,AG,40,100,99,NC_000014.9,Mutation NB - Paternal Origin,Transition - Purine/Purine,Unsolved
95187389,.,AA,AA,AG,61,85,50,NC_000014.9,Mutation NB - Paternal Origin,Transition - Purine/Purine,Unsolved
95193637,rs2282268,AG,AA,GG,25,100,9,NC_000014.9,Mutation NB - Maternal Origin,Transition - Purine/Purine,A>G
95193638,rs2282269,AC,AA,CC,25,100,9,NC_000014.9,Mutation NB - Maternal Origin,A>C
95445644,rs10134579,AG,AA,GG,1,100,27,NC_000014.9,Mutation NB - Maternal Origin,Transition - Purine/Purine,A>G
99027597,rs1257672,GG,AA,AA,91,91,0,NC_000014.9,Mutation NB - Paternal Origin,Transition - Purine/Purine,G>A
99028536,rs1268704,CC,TT,TT,61,67,0,NC_000014.9,Mutation NB - Paternal Origin,Transition - Pyrimidine/Pyrimidine,C>T
100658539,rs73358705,GG,GG,GA,1,100,99,NC_000014.9,Mutation NB - Paternal Origin,Transition - Purine/Purine,Unsolved
101114569,.,AA,AA,AG,49,88,47,NC_000014.9,Mutation NB - Paternal Origin,Transition - Purine/Purine,Unsolved
102101959,rs10873531,GA,AA,GG,32,88,0,NC_000014.9,Mutation NB - Maternal Origin,Transition - Purine/Purine,A>G
102520051,rs8011721,CC,CC,CG,82,100,12,NC_000014.9,Mutation NB - Paternal Origin,Transversion - Purine/Pyrimidine,Unsolved
103859650,rs76951188,GG,GG,GA,58,85,99,NC_000014.9,Mutation NB - Paternal Origin,Transition - Purine/Purine,Unsolved
104250383,rs3935134,GG,AA,GG,73,100,30,NC_000014.9,Mutation NB - Maternal Origin,Transition - Purine/Purine,A>G
104314212,rs77543139,GG,GG,GA,88,91,67,NC_000014.9,Mutation NB - Paternal Origin,Transition - Purine/Purine,Unsolved
104443644,rs34552840,TT,TT,TC,55,76,99,NC_000014.9,Mutation NB - Paternal Origin,Transition - Pyrimidine/Pyrimidine,Unsolved
104772267,rs2498800,CC,TT,CC,52,88,60,NC_000014.9,Mutation NB - Maternal Origin,Transition - Pyrimidine/Pyrimidine,T>C
105155820,rs61750261,GG,AA,GG,55,79,51,NC_000014.9,Mutation NB - Maternal Origin,Transition - Purine/Purine,A>G
24859922,rs7359196,AA,AA,AG,82,100,62,NC_000015.10,Mutation NB - Paternal Origin,Transition - Purine/Purine,Unsolved
24863316,rs79936573,TT,AA,TT,88,91,48,NC_000015.10,Mutation NB - Maternal Origin,Transversion - Purine/Pyrimidine,A>T
24949924,rs2647363,CC,TT,CC,49,91,60,NC_000015.10,Mutation NB - Maternal Origin,Transition - Pyrimidine/Pyrimidine,T>C
25250157,rs145060579,GG,AA,GG,79,91,18,NC_000015.10,Mutation NB - Maternal Origin,Transition - Purine/Purine,A>G
25256238,rs2714796,TC,CC,TT,1,91,42,NC_000015.10,Mutation NB - Maternal Origin,Transversion - Purine/Pyrimidine,C>T
25945679,rs35105735,CC,CC,CT,67,100,99,NC_000015.10,Mutation NB - Paternal Origin,Transition - Pyrimidine/Pyrimidine,Unsolved
25973434,rs74004378,AA,GG,GG,91,82,27,NC_000015.10,Mutation NB - Paternal Origin,Transition - Purine/Purine,A>G
25981977,rs11161272,CT,CC,TT,2,100,36,NC_000015.10,Mutation NB - Maternal Origin,Transversion - Purine/Pyrimidine,C>T
26789783,rs12902507,GG,GG,GA,76,100,99,NC_000015.10,Mutation NB - Paternal Origin,Transition - Purine/Purine,Unsolved
26789795,rs7168346,TT,TT,CT,76,91,99,NC_000015.10,Mutation NB - Paternal Origin,Transition - Pyrimidine/Pyrimidine,Unsolved
27594111,rs8031573,TT,GG,TT,79,91,24,NC_000015.10,Mutation NB - Maternal Origin,Transversion - Purine/Pyrimidine,G>T
27799162,rs370563549,CC,TT,CC,67,79,33,NC_000015.10,Mutation NB - Maternal Origin,Transition - Pyrimidine/Pyrimidine,T>C
33420197,rs10519818,AA,CC,CC,100,91,9,NC_000015.10,Mutation NB - Paternal Origin,Transversion - Purine/Pyrimidine,A>C
33519043,.,TT,TT,TC,52,79,44,NC_000015.10,Mutation NB - Paternal Origin,Transition - Pyrimidine/Pyrimidine,Unsolved
35669053,rs9920881,CC,CC,TC,88,91,11,NC_000015.10,Mutation NB - Paternal Origin,Transition - Pyrimidine/Pyrimidine,Unsolved
39326684,rs11636013,CC,CC,CT,79,100,99,NC_000015.10,Mutation NB - Paternal Origin,Transition - Pyrimidine/Pyrimidine,Unsolved
39326698,rs11631318,TT,TT,TC,79,100,99,NC_000015.10,Mutation NB - Paternal Origin,Transition - Pyrimidine/Pyrimidine,Unsolved
42609401,.,TT,TT,TC,46,85,41,NC_000015.10,Mutation NB - Paternal Origin,Transition - Pyrimidine/Pyrimidine,Unsolved
46015276,rs12908219,AA,AA,AG,1,100,99,NC_000015.10,Mutation NB - Paternal Origin,Transition - Purine/Purine,Unsolved
47392628,rs2040077248,AA,AA,AG,49,88,44,NC_000015.10,Mutation NB - Paternal Origin,Transition - Purine/Purine,Unsolved
54030034,rs963610795,GG,GG,GT,73,100,47,NC_000015.10,Mutation NB - Paternal Origin,Transversion - Purine/Pyrimidine,Unsolved
54103065,rs934191,TT,GG,TT,7,100,81,NC_000015.10,Mutation NB - Maternal Origin,Transversion - Purine/Pyrimidine,G>T
57768746,rs772309593,GG,GG,GC,73,100,99,NC_000015.10,Mutation NB - Paternal Origin,Transition - Purine/Purine,Transversion - Purine/Pyrimidine,Unsolved
57768763,rs971313832,GG,GG,GA,73,100,99,NC_000015.10,Mutation NB - Paternal Origin,Transition - Purine/Purine,Unsolved
59217616,rs146855568,CC,TT,CC,28,85,93,NC_000015.10,Mutation NB - Maternal Origin,Transition - Pyrimidine/Pyrimidine,T>C
60798451,rs116067551,TT,CC,CC,85,85,39,NC_000015.10,Mutation NB - Paternal Origin,Transition - Pyrimidine/Pyrimidine,T>C
60798458,rs956122683,GG,TT,TT,85,85,39,NC_000015.10,Mutation NB - Paternal Origin,Transversion - Purine/Pyrimidine,G>T
60798460,rs55796775,GG,GG,TT,100,100,39,NC_000015.10,Mutation NB - Paternal or Maternal,Transversion - Purine/Pyrimidine,Unsolved
61830599,rs12906499,CC,CC,CT,13,100,99,NC_000015.10,Mutation NB - Paternal Origin,Transition - Pyrimidine/Pyrimidine,Unsolved
63144756,rs78356111,AA,CA,CC,88,67,0,NC_000015.10,Mutation NB - Paternal Origin,Transversion - Purine/Pyrimidine,A>C
63379777,.,TT,TT,TC,58,82,44,NC_000015.10,Mutation NB - Paternal Origin,Transition - Pyrimidine/Pyrimidine,Unsolved
63548258,rs12910209,GG,TT,TT,91,91,24,NC_000015.10,Mutation NB - Paternal Origin,Transversion - Purine/Pyrimidine,G>T
63879426,rs1432145767,GG,TT,TT,88,76,60,NC_000015.10,Mutation NB - Paternal Origin,Transversion - Purine/Pyrimidine,G>T
65348330,.,CC,CC,CT,73,82,41,NC_000015.10,Mutation NB - Paternal Origin,Transition - Pyrimidine/Pyrimidine,Unsolved
67174541,rs2278545,GG,TT,GG,28,100,87,NC_000015.10,Mutation NB - Maternal Origin,Transition - Purine/Purine,Transversion - Purine/Pyrimidine,T>G
67559340,.,GG,GG,GA,70,88,66,NC_000015.10,Mutation NB - Paternal Origin,Transition - Purine/Purine,Unsolved
68715682,rs79081428,GG,GG,GA,55,100,99,NC_000015.10,Mutation NB - Paternal Origin,Transition - Purine/Purine,Unsolved
69948954,rs2246655,TT,TT,TC,88,91,56,NC_000015.10,Mutation NB - Paternal Origin,Transition - Pyrimidine/Pyrimidine,Unsolved
70917449,rs141736520,TT,TT,TG,85,91,98,NC_000015.10,Mutation NB - Paternal Origin,Transition - Pyrimidine/Pyrimidine,Transversion - Purine/Pyrimidine,Unsolved
72796800,.,CC,CC,CT,10,61,56,NC_000015.10,Mutation NB - Paternal Origin,Transition - Pyrimidine/Pyrimidine,Unsolved
76215611,rs4886781,TT,CC,TT,59,85,18,NC_000015.10,Mutation NB - Maternal Origin,Transition - Pyrimidine/Pyrimidine,C>T
76261553,.,AA,AA,AG,70,61,41,NC_000015.10,Mutation NB - Maternal Origin,Transition - Purine/Purine,Unsolved
76626345,rs2468122,AA,AA,AC,73,100,99,NC_000015.10,Mutation NB - Paternal Origin,Transversion - Purine/Pyrimidine,Unsolved
78760184,rs80126792,AA,AA,AG,55,100,99,NC_000015.10,Mutation NB - Paternal Origin,Transition - Purine/Purine,Unsolved
78792681,rs1976007,TT,TT,TC,82,91,62,NC_000015.10,Mutation NB - Paternal Origin,Transition - Pyrimidine/Pyrimidine,Unsolved
79898644,rs2586167,AA,AA,GA,64,79,99,NC_000015.10,Mutation NB - Paternal Origin,Transition - Purine/Purine,Unsolved
84865074,rs2289137,TT,AA,AA,46,82,9,NC_000015.10,Mutation NB - Paternal Origin,Transversion - Purine/Pyrimidine,T>A
84953615,rs4980351,GG,AA,AA,88,91,9,NC_000015.10,Mutation NB - Paternal Origin,Transition - Purine/Purine,G>A
85038524,rs28583919,CC,TT,CC,73,82,30,NC_000015.10,Mutation NB - Maternal Origin,Transition - Pyrimidine/Pyrimidine,T>C
85580693,rs4075255,CT,CC,TT,1,100,87,NC_000015.10,Mutation NB - Maternal Origin,Transversion - Purine/Pyrimidine,C>T
93030901,rs2033846,GG,CC,GG,34,91,72,NC_000015.10,Mutation NB - Maternal Origin,Transversion - Purine/Pyrimidine,C>G
98519322,rs76482136,TA,AA,TT,1,91,15,NC_000015.10,Mutation NB - Maternal Origin,Transversion - Purine/Pyrimidine,A>T
98731779,rs11633294,CA,CC,AA,1,88,36,NC_000015.10,Mutation NB - Maternal Origin,Transversion - Purine/Pyrimidine,C>A
100051024,rs28757578,TT,CC,CC,91,91,21,NC_000015.10,Mutation NB - Paternal Origin,Transition - Pyrimidine/Pyrimidine,T>C
100084642,rs4965582,GG,AA,GG,79,88,69,NC_000015.10,Mutation NB - Maternal Origin,Transition - Purine/Purine,A>G
100283565,rs4965303,TT,TT,TC,100,91,63,NC_000015.10,Mutation NB - Maternal Origin,Transition - Pyrimidine/Pyrimidine,Unsolved
100332303,rs751103,GA,AA,GG,1,85,20,NC_000015.10,Mutation NB - Maternal Origin,Transition - Purine/Purine,A>G
101483931,rs4965881,CC,TT,TT,76,91,21,NC_000015.10,Mutation NB - Paternal Origin,Transition - Pyrimidine/Pyrimidine,C>T
269399,rs916194,CC,CC,CG,4,100,99,NC_000016.10,Mutation NB - Paternal Origin,Transversion - Purine/Pyrimidine,Unsolved
284809,rs182466191,GG,GG,GT,100,100,99,NC_000016.10,Mutation NB - Paternal or Maternal,Transversion - Purine/Pyrimidine,Unsolved
1069946,rs12598318,CC,GG,CC,28,100,72,NC_000016.10,Mutation NB - Maternal Origin,Transversion - Purine/Pyrimidine,G>C
1315966,rs4984808,CC,CC,TT,100,100,15,NC_000016.10,Mutation NB - Paternal or Maternal,Transition - Pyrimidine/Pyrimidine,Unsolved
1477748,rs962546758,TT,TT,TC,82,91,56,NC_000016.10,Mutation NB - Paternal Origin,Transition - Pyrimidine/Pyrimidine,Unsolved
1510885,rs1053730,AG,GG,AA,32,91,24,NC_000016.10,Mutation NB - Maternal Origin,Transition - Purine/Purine,G>A
1971104,rs8055439,TT,CC,TT,79,88,30,NC_000016.10,Mutation NB - Maternal Origin,Transition - Pyrimidine/Pyrimidine,C>T
3023239,rs10508,GG,GG,GT,67,88,94,NC_000016.10,Mutation NB - Paternal Origin,Transversion - Purine/Pyrimidine,Unsolved
4106534,rs74005728,CC,TT,CC,61,82,36,NC_000016.10,Mutation NB - Maternal Origin,Transition - Pyrimidine/Pyrimidine,T>C
4606875,rs1897305422,AA,AA,AG,73,79,56,NC_000016.10,Mutation NB - Paternal Origin,Transition - Purine/Purine,Unsolved
4783969,rs759991,CC,CC,TT,67,91,21,NC_000016.10,Mutation NB - Paternal Origin,Transition - Pyrimidine/Pyrimidine,Unsolved
5750336,rs2079735,AA,AA,AT,76,100,99,NC_000016.10,Mutation NB - Paternal Origin,Transversion - Purine/Pyrimidine,Unsolved
7761580,rs2191126,GG,GG,GC,46,91,99,NC_000016.10,Mutation NB - Paternal Origin,Transition - Purine/Purine,Transversion - Purine/Pyrimidine,Unsolved
7999434,rs9924819,TT,AA,TT,1,82,57,NC_000016.10,Mutation NB - Maternal Origin,Transversion - Purine/Pyrimidine,A>T
10313184,rs2354183,GG,TT,GG,79,100,36,NC_000016.10,Mutation NB - Maternal Origin,Transition - Purine/Purine,Transversion - Purine/Pyrimidine,T>G
11691024,rs732799,GG,GA,AA,100,70,18,NC_000016.10,Mutation NB - Paternal Origin,Transition - Purine/Purine,G>A
11958624,rs11075035,TT,CC,CC,88,67,33,NC_000016.10,Mutation NB - Paternal Origin,Transition - Pyrimidine/Pyrimidine,T>C
11958626,rs387871,GG,GG,GA,88,67,92,NC_000016.10,Mutation NB - Maternal Origin,Transition - Purine/Purine,Unsolved
12566816,rs72775241,CC,CG,GG,82,29,12,NC_000016.10,Mutation NB - Paternal Origin,Transversion - Purine/Pyrimidine,C>G
12587182,rs73516028,GG,CC,GG,91,88,48,NC_000016.10,Mutation NB - Maternal Origin,Transversion - Purine/Pyrimidine,C>G
13328997,rs2052177909,TT,TT,TC,76,91,53,NC_000016.10,Mutation NB - Paternal Origin,Transition - Pyrimidine/Pyrimidine,Unsolved
13391717,.,GG,GG,GC,40,67,47,NC_000016.10,Mutation NB - Paternal Origin,Transition - Purine/Purine,Transversion - Purine/Pyrimidine,Unsolved
13667516,rs1609680,TT,CC,TT,52,88,39,NC_000016.10,Mutation NB - Maternal Origin,Transition - Pyrimidine/Pyrimidine,C>T
13829511,rs35374379,AT,AA,TT,5,100,48,NC_000016.10,Mutation NB - Maternal Origin,Transversion - Purine/Pyrimidine,A>T
13829516,rs34415747,TT,CC,TT,70,88,54,NC_000016.10,Mutation NB - Maternal Origin,Transition - Pyrimidine/Pyrimidine,C>T
19948868,rs12929358,GG,AA,GG,13,85,42,NC_000016.10,Mutation NB - Maternal Origin,Transition - Purine/Purine,A>G
23219942,rs62031935,GG,AA,GG,70,91,21,NC_000016.10,Mutation NB - Maternal Origin,Transition - Purine/Purine,A>G
23982743,rs7184781,GG,TT,GG,55,82,42,NC_000016.10,Mutation NB - Maternal Origin,Transition - Purine/Purine,Transversion - Purine/Pyrimidine,T>G
25063831,rs58867145,CC,TT,CC,43,85,33,NC_000016.10,Mutation NB - Maternal Origin,Transition - Pyrimidine/Pyrimidine,T>C
27930821,rs13338359,CC,CC,CT,43,100,99,NC_000016.10,Mutation NB - Paternal Origin,Transition - Pyrimidine/Pyrimidine,Unsolved
28966047,rs544592322,TT,CC,TT,88,79,0,NC_000016.10,Mutation NB - Maternal Origin,Transition - Pyrimidine/Pyrimidine,C>T
29321136,rs9937481,GG,GG,GA,1,100,99,NC_000016.10,Mutation NB - Paternal Origin,Transition - Purine/Purine,Unsolved
31009640,.,GG,GG,GA,79,79,47,NC_000016.10,Mutation NB - Paternal or Maternal,Transition - Purine/Purine,Unsolved
31711631,rs1045483,AA,TT,TT,100,91,18,NC_000016.10,Mutation NB - Paternal Origin,Transversion - Purine/Pyrimidine,A>T
50650669,.,AA,AA,AG,70,91,44,NC_000016.10,Mutation NB - Paternal Origin,Transition - Purine/Purine,Unsolved
50670630,rs12919875,TC,CC,TT,1,91,75,NC_000016.10,Mutation NB - Maternal Origin,Transversion - Purine/Pyrimidine,C>T
50934027,rs6500348,GG,TT,GG,37,100,99,NC_000016.10,Mutation NB - Maternal Origin,Transition - Purine/Purine,Transversion - Purine/Pyrimidine,T>G
51078365,.,AA,AA,AG,100,91,40,NC_000016.10,Mutation NB - Maternal Origin,Transition - Purine/Purine,Unsolved
52037061,.,TT,TT,TC,67,85,59,NC_000016.10,Mutation NB - Paternal Origin,Transition - Pyrimidine/Pyrimidine,Unsolved
52161145,rs12923141,TT,AA,AA,76,88,45,NC_000016.10,Mutation NB - Paternal Origin,Transversion - Purine/Pyrimidine,T>A
54950676,rs7185730,GA,GG,AA,1,91,12,NC_000016.10,Mutation NB - Maternal Origin,Transition - Purine/Purine,G>A
55124503,rs2397372,GG,TT,GG,58,100,39,NC_000016.10,Mutation NB - Maternal Origin,Transition - Purine/Purine,Transversion - Purine/Pyrimidine,T>G
56998549,rs7198642,TT,TT,TG,79,91,59,NC_000016.10,Mutation NB - Paternal Origin,Transition - Pyrimidine/Pyrimidine,Transversion - Purine/Pyrimidine,Unsolved
57082602,rs27194,AA,TT,AA,76,91,18,NC_000016.10,Mutation NB - Maternal Origin,Transversion - Purine/Pyrimidine,T>A
57593664,rs61571572,GG,GG,GC,43,100,99,NC_000016.10,Mutation NB - Paternal Origin,Transition - Purine/Purine,Transversion - Purine/Pyrimidine,Unsolved
66961174,rs71647882,CC,CC,CT,58,91,99,NC_000016.10,Mutation NB - Paternal Origin,Transition - Pyrimidine/Pyrimidine,Unsolved
67282697,rs7200919,GG,GG,GA,1,100,99,NC_000016.10,Mutation NB - Paternal Origin,Transition - Purine/Purine,Unsolved
68123659,rs118005841,AA,TT,AA,91,91,15,NC_000016.10,Mutation NB - Maternal Origin,Transversion - Purine/Pyrimidine,T>A
69557855,rs114539564,TT,TT,TG,91,100,99,NC_000016.10,Mutation NB - Paternal Origin,Transition - Pyrimidine/Pyrimidine,Transversion - Purine/Pyrimidine,Unsolved
70737198,rs8059656,AA,AA,AG,43,100,99,NC_000016.10,Mutation NB - Paternal Origin,Transition - Purine/Purine,Unsolved
70741727,.,CC,CC,CT,76,79,47,NC_000016.10,Mutation NB - Paternal Origin,Transition - Pyrimidine/Pyrimidine,Unsolved
71502583,rs7202953,GG,GG,TG,88,82,33,NC_000016.10,Mutation NB - Maternal Origin,Transversion - Purine/Pyrimidine,Unsolved
72945475,rs6499600,CC,TT,CC,40,88,63,NC_000016.10,Mutation NB - Maternal Origin,Transition - Pyrimidine/Pyrimidine,T>C
73027630,rs75360231,GG,GG,GA,70,100,99,NC_000016.10,Mutation NB - Paternal Origin,Transition - Purine/Purine,Unsolved
73175252,rs71388958,GG,TT,TT,91,91,24,NC_000016.10,Mutation NB - Paternal Origin,Transversion - Purine/Pyrimidine,G>T
73175272,rs8055289,TT,TT,TC,100,91,62,NC_000016.10,Mutation NB - Maternal Origin,Transition - Pyrimidine/Pyrimidine,Unsolved
74090458,rs112978869,GG,GG,GA,91,85,72,NC_000016.10,Mutation NB - Maternal Origin,Transition - Purine/Purine,Unsolved
75308025,rs77911549,CC,CC,TT,52,100,60,NC_000016.10,Mutation NB - Paternal Origin,Transition - Pyrimidine/Pyrimidine,Unsolved
77009243,rs73629828,CC,CC,CT,34,100,99,NC_000016.10,Mutation NB - Paternal Origin,Transition - Pyrimidine/Pyrimidine,Unsolved
79031272,rs1862838,GG,AA,GG,1,100,99,NC_000016.10,Mutation NB - Maternal Origin,Transition - Purine/Purine,A>G
79358814,rs7203547,TT,TT,TG,79,100,99,NC_000016.10,Mutation NB - Paternal Origin,Transition - Pyrimidine/Pyrimidine,Transversion - Purine/Pyrimidine,Unsolved
79729706,rs4243178,CC,GG,CC,67,100,18,NC_000016.10,Mutation NB - Maternal Origin,Transversion - Purine/Pyrimidine,G>C
81207644,rs72831349,AA,TT,TT,97,85,60,NC_000016.10,Mutation NB - Paternal Origin,Transversion - Purine/Pyrimidine,A>T
81207664,rs4077826,AA,GG,GG,97,85,60,NC_000016.10,Mutation NB - Paternal Origin,Transition - Purine/Purine,A>G
82402219,rs13334879,AA,AA,AT,88,100,99,NC_000016.10,Mutation NB - Paternal Origin,Transversion - Purine/Pyrimidine,Unsolved
83947645,rs2245222,GG,GG,GA,79,88,99,NC_000016.10,Mutation NB - Paternal Origin,Transition - Purine/Purine,Unsolved
84395258,.,GG,GG,GA,100,88,99,NC_000016.10,Mutation NB - Maternal Origin,Transition - Purine/Purine,Unsolved
84597399,rs2967861,CC,CC,TC,61,67,99,NC_000016.10,Mutation NB - Paternal Origin,Transition - Pyrimidine/Pyrimidine,Unsolved
85229136,rs151121418,GG,GG,GA,76,100,99,NC_000016.10,Mutation NB - Paternal Origin,Transition - Purine/Purine,Unsolved
86073440,rs56224155,AA,GG,AA,76,91,21,NC_000016.10,Mutation NB - Maternal Origin,Transition - Purine/Purine,G>A
86073646,rs56094566,AA,GG,AA,64,88,45,NC_000016.10,Mutation NB - Maternal Origin,Transition - Purine/Purine,G>A
86556720,rs977280925,AA,AA,AG,76,85,50,NC_000016.10,Mutation NB - Paternal Origin,Transition - Purine/Purine,Unsolved
88712102,rs72811472,GG,GG,GA,19,76,99,NC_000016.10,Mutation NB - Paternal Origin,Transition - Purine/Purine,Unsolved
89199254,rs892177287,AA,AA,AG,85,91,48,NC_000016.10,Mutation NB - Paternal Origin,Transition - Purine/Purine,Unsolved
89746522,rs34019730,GG,AA,GG,49,88,90,NC_000016.10,Mutation NB - Maternal Origin,Transition - Purine/Purine,A>G
89770373,rs886952,GG,GG,GA,1,100,99,NC_000016.10,Mutation NB - Paternal Origin,Transition - Purine/Purine,Unsolved
89774831,rs12596415,TT,TT,TC,70,100,99,NC_000016.10,Mutation NB - Paternal Origin,Transition - Pyrimidine/Pyrimidine,Unsolved
1551288,rs1283100858,CC,CC,CT,73,97,82,NC_000017.11,Mutation NB - Paternal Origin,Transition - Pyrimidine/Pyrimidine,Unsolved
1937174,rs9903800,TT,CC,TT,16,100,66,NC_000017.11,Mutation NB - Maternal Origin,Transition - Pyrimidine/Pyrimidine,C>T
2007148,rs67810169,AA,GG,AA,43,91,57,NC_000017.11,Mutation NB - Maternal Origin,Transition - Purine/Purine,G>A
2804083,rs1476463,TT,CT,CC,91,32,12,NC_000017.11,Mutation NB - Paternal Origin,Transition - Pyrimidine/Pyrimidine,T>C
2929409,rs73294658,CC,CC,CA,64,100,99,NC_000017.11,Mutation NB - Paternal Origin,Transversion - Purine/Pyrimidine,Unsolved
3311208,rs8076130,GG,GG,GA,82,91,99,NC_000017.11,Mutation NB - Paternal Origin,Transition - Purine/Purine,Unsolved
4016185,rs7216360,CC,CC,CT,79,91,72,NC_000017.11,Mutation NB - Paternal Origin,Transition - Pyrimidine/Pyrimidine,Unsolved
5553941,rs11652979,AA,AA,AT,77,100,68,NC_000017.11,Mutation NB - Paternal Origin,Transversion - Purine/Pyrimidine,Unsolved
5554518,rs11654176,TT,TT,TC,22,91,99,NC_000017.11,Mutation NB - Paternal Origin,Transition - Pyrimidine/Pyrimidine,Unsolved
6573370,rs1078173,GG,AA,AA,73,82,27,NC_000017.11,Mutation NB - Paternal Origin,Transition - Purine/Purine,G>A
7709383,rs1237365412,GG,TT,TT,91,100,0,NC_000017.11,Mutation NB - Paternal Origin,Transversion - Purine/Pyrimidine,G>T
7709390,rs1306118630,GG,TT,TT,91,91,6,NC_000017.11,Mutation NB - Paternal Origin,Transversion - Purine/Pyrimidine,G>T
9726243,rs73973832,TT,TT,TC,58,85,99,NC_000017.11,Mutation NB - Paternal Origin,Transition - Pyrimidine/Pyrimidine,Unsolved
14432562,.,AA,AA,AG,70,76,41,NC_000017.11,Mutation NB - Paternal Origin,Transition - Purine/Purine,Unsolved
15040688,rs148635758,CC,CC,CG,88,100,99,NC_000017.11,Mutation NB - Paternal Origin,Transversion - Purine/Pyrimidine,Unsolved
15908494,rs859247,TT,TT,TC,91,100,62,NC_000017.11,Mutation NB - Paternal Origin,Transition - Pyrimidine/Pyrimidine,Unsolved
17404695,rs8080681,TT,TT,CC,85,100,15,NC_000017.11,Mutation NB - Paternal Origin,Transition - Pyrimidine/Pyrimidine,Unsolved
17779818,rs574582620,AA,AA,AC,73,88,99,NC_000017.11,Mutation NB - Paternal Origin,Transversion - Purine/Pyrimidine,Unsolved
18104762,rs73979287,GG,GG,GA,61,100,99,NC_000017.11,Mutation NB - Paternal Origin,Transition - Purine/Purine,Unsolved
18969208,rs2074273,AA,AA,AG,58,91,99,NC_000017.11,Mutation NB - Paternal Origin,Transition - Purine/Purine,Unsolved
21385463,rs28719058,GA,GG,AA,1,100,60,NC_000017.11,Mutation NB - Maternal Origin,Transition - Purine/Purine,G>A
21385725,rs55865652,TT,TT,CT,52,82,99,NC_000017.11,Mutation NB - Paternal Origin,Transition - Pyrimidine/Pyrimidine,Unsolved
27742472,rs59249127,AA,AA,AC,7,79,99,NC_000017.11,Mutation NB - Paternal Origin,Transversion - Purine/Pyrimidine,Unsolved
27961999,rs1597620017,TT,TT,TC,52,85,53,NC_000017.11,Mutation NB - Paternal Origin,Transition - Pyrimidine/Pyrimidine,Unsolved
31722338,rs75955631,TT,TT,GT,76,91,99,NC_000017.11,Mutation NB - Paternal Origin,Transition - Pyrimidine/Pyrimidine,Transversion - Purine/Pyrimidine,Unsolved
33260349,rs2346691,TT,TT,TC,52,100,99,NC_000017.11,Mutation NB - Paternal Origin,Transition - Pyrimidine/Pyrimidine,Unsolved
35333723,rs71381430,GG,GG,GA,70,100,99,NC_000017.11,Mutation NB - Paternal Origin,Transition - Purine/Purine,Unsolved
35333746,rs55976095,CC,CC,CT,70,100,99,NC_000017.11,Mutation NB - Paternal Origin,Transition - Pyrimidine/Pyrimidine,Unsolved
35428998,rs1514488,GG,GG,GA,52,91,59,NC_000017.11,Mutation NB - Paternal Origin,Transition - Purine/Purine,Unsolved
35613333,.,TT,TT,TC,1,46,41,NC_000017.11,Mutation NB - Paternal Origin,Transition - Pyrimidine/Pyrimidine,Unsolved
35742974,rs226418,GG,GG,GC,43,85,99,NC_000017.11,Mutation NB - Paternal Origin,Transition - Purine/Purine,Transversion - Purine/Pyrimidine,Unsolved
39075052,rs9903834,TC,TT,CC,1,100,36,NC_000017.11,Mutation NB - Maternal Origin,Transition - Pyrimidine/Pyrimidine,T>C
41728375,rs77669567,TT,TT,TC,55,100,99,NC_000017.11,Mutation NB - Paternal Origin,Transition - Pyrimidine/Pyrimidine,Unsolved
44329192,rs12601548,TT,TT,CT,91,91,99,NC_000017.11,Mutation NB - Paternal or Maternal,Transition - Pyrimidine/Pyrimidine,Unsolved
44599283,rs7210830,GA,GG,AA,1,100,42,NC_000017.11,Mutation NB - Maternal Origin,Transition - Purine/Purine,G>A
44610593,rs3897486,TC,TT,CC,1,100,66,NC_000017.11,Mutation NB - Maternal Origin,Transition - Pyrimidine/Pyrimidine,T>C
44902821,rs8079308,GG,GG,GA,1,88,99,NC_000017.11,Mutation NB - Paternal Origin,Transition - Purine/Purine,Unsolved
50352571,rs12452456,GG,GG,AG,82,82,99,NC_000017.11,Mutation NB - Paternal or Maternal,Transition - Purine/Purine,Unsolved
54868122,rs77785449,CC,CC,CT,100,79,99,NC_000017.11,Mutation NB - Maternal Origin,Transition - Pyrimidine/Pyrimidine,Unsolved
57297894,rs2332902,GA,GG,AA,1,100,6,NC_000017.11,Mutation NB - Maternal Origin,Transition - Purine/Purine,G>A
57312437,.,TT,CC,TT,76,91,30,NC_000017.11,Mutation NB - Maternal Origin,Transition - Pyrimidine/Pyrimidine,C>T
57500978,rs4793858,TT,GG,TT,85,91,9,NC_000017.11,Mutation NB - Maternal Origin,Transversion - Purine/Pyrimidine,G>T
57872703,rs35704289,CT,TT,CC,61,73,45,NC_000017.11,Mutation NB - Maternal Origin,Transition - Pyrimidine/Pyrimidine,T>C
61357454,rs7224656,AA,TT,AA,74,91,9,NC_000017.11,Mutation NB - Maternal Origin,Transversion - Purine/Pyrimidine,T>A
62610571,.,AA,AA,AG,88,88,47,NC_000017.11,Mutation NB - Paternal or Maternal,Transition - Purine/Purine,Unsolved
63165536,rs9895619,AA,GG,AA,85,91,9,NC_000017.11,Mutation NB - Maternal Origin,Transition - Purine/Purine,G>A
63510201,rs12947354,CC,AA,CC,70,100,21,NC_000017.11,Mutation NB - Maternal Origin,Transversion - Purine/Pyrimidine,A>C
66403485,rs9674779,GG,AA,GG,25,100,63,NC_000017.11,Mutation NB - Maternal Origin,Transition - Purine/Purine,A>G
66823984,rs62070969,CC,CC,CT,91,91,71,NC_000017.11,Mutation NB - Paternal or Maternal,Transition - Pyrimidine/Pyrimidine,Unsolved
67483134,.,AA,AA,AG,76,88,56,NC_000017.11,Mutation NB - Paternal Origin,Transition - Purine/Purine,Unsolved
72413753,rs4793443,GG,GG,CG,70,91,99,NC_000017.11,Mutation NB - Paternal Origin,Transition - Purine/Purine,Transversion - Purine/Pyrimidine,Unsolved
73450111,rs35694818,AA,AA,GA,82,91,99,NC_000017.11,Mutation NB - Paternal Origin,Transition - Purine/Purine,Unsolved
73639295,rs12604059,GG,GG,GA,19,100,99,NC_000017.11,Mutation NB - Paternal Origin,Transition - Purine/Purine,Unsolved
74015480,rs745375,CC,CC,CT,1,91,99,NC_000017.11,Mutation NB - Paternal Origin,Transition - Pyrimidine/Pyrimidine,Unsolved
74916173,rs1568448,GG,CC,GG,52,100,39,NC_000017.11,Mutation NB - Maternal Origin,Transversion - Purine/Pyrimidine,C>G
76885443,rs596007,AA,GG,AA,91,91,0,NC_000017.11,Mutation NB - Maternal Origin,Transition - Purine/Purine,G>A
77075191,rs9915587,GG,CC,CC,82,88,0,NC_000017.11,Mutation NB - Paternal Origin,Transversion - Purine/Pyrimidine,G>C
77842360,rs9905311,CC,CC,TC,16,85,99,NC_000017.11,Mutation NB - Paternal Origin,Transition - Pyrimidine/Pyrimidine,Unsolved
77865189,rs62078489,AG,GG,AA,73,88,0,NC_000017.11,Mutation NB - Maternal Origin,Transition - Purine/Purine,G>A
79152148,rs4993715,AA,GG,AA,58,91,93,NC_000017.11,Mutation NB - Maternal Origin,Transition - Purine/Purine,G>A
79152174,rs9789018,AA,GG,AA,58,91,93,NC_000017.11,Mutation NB - Maternal Origin,Transition - Purine/Purine,G>A
79152177,rs9789026,GG,TT,GG,58,91,93,NC_000017.11,Mutation NB - Maternal Origin,Transition - Purine/Purine,Transversion - Purine/Pyrimidine,T>G
79173431,rs2045659,TT,CC,CC,100,88,12,NC_000017.11,Mutation NB - Paternal Origin,Transition - Pyrimidine/Pyrimidine,T>C
79221307,rs2606183,AG,GG,AA,1,85,21,NC_000017.11,Mutation NB - Maternal Origin,Transition - Purine/Purine,G>A
80233598,rs75159383,AA,AA,AT,100,76,99,NC_000017.11,Mutation NB - Maternal Origin,Transversion - Purine/Pyrimidine,Unsolved
80248265,rs11871932,TT,TT,TG,43,91,99,NC_000017.11,Mutation NB - Paternal Origin,Transition - Pyrimidine/Pyrimidine,Transversion - Purine/Pyrimidine,Unsolved
80537634,rs28623290,GG,GG,GA,73,94,99,NC_000017.11,Mutation NB - Paternal Origin,Transition - Purine/Purine,Unsolved
80556500,rs11651818,TT,CC,TT,1,58,48,NC_000017.11,Mutation NB - Maternal Origin,Transition - Pyrimidine/Pyrimidine,C>T
80556524,rs12936394,CC,GG,CC,1,58,45,NC_000017.11,Mutation NB - Maternal Origin,Transversion - Purine/Pyrimidine,G>C
80632612,rs999977,TT,GG,GG,82,85,18,NC_000017.11,Mutation NB - Paternal Origin,Transversion - Purine/Pyrimidine,T>G
81688202,rs11867435,GG,GA,AA,70,38,21,NC_000017.11,Mutation NB - Paternal Origin,Transition - Purine/Purine,G>A
81983502,rs576982645,AA,AA,AG,19,100,83,NC_000017.11,Mutation NB - Paternal Origin,Transition - Purine/Purine,Unsolved
82019729,rs192439488,CC,CC,CA,1,100,99,NC_000017.11,Mutation NB - Paternal Origin,Transversion - Purine/Pyrimidine,Unsolved
5921150,rs7230804,CA,CC,AA,1,100,24,NC_000018.10,Mutation NB - Maternal Origin,Transversion - Purine/Pyrimidine,C>A
5971227,.,AA,AA,AG,16,43,40,NC_000018.10,Mutation NB - Paternal Origin,Transition - Purine/Purine,Unsolved
7360808,rs11081320,TT,CC,CC,67,61,51,NC_000018.10,Mutation NB - Paternal Origin,Transition - Pyrimidine/Pyrimidine,T>C
12140849,rs114606697,CC,CC,CT,76,100,59,NC_000018.10,Mutation NB - Paternal Origin,Transition - Pyrimidine/Pyrimidine,Unsolved
12765889,rs60255508,GG,GG,GA,7,100,99,NC_000018.10,Mutation NB - Paternal Origin,Transition - Purine/Purine,Unsolved
12776051,rs2847257,GG,GG,AA,85,85,9,NC_000018.10,Mutation NB - Paternal or Maternal,Transition - Purine/Purine,Unsolved
13863589,.,TT,TT,TC,64,91,50,NC_000018.10,Mutation NB - Paternal Origin,Transition - Pyrimidine/Pyrimidine,Unsolved
14257653,rs7233913,CC,CC,CT,52,100,99,NC_000018.10,Mutation NB - Paternal Origin,Transition - Pyrimidine/Pyrimidine,Unsolved
14295062,rs71364917,GG,GA,AA,34,1,42,NC_000018.10,Mutation NB - Paternal Origin,Transition - Purine/Purine,G>A
14295072,rs143941252,CC,CT,TT,34,1,42,NC_000018.10,Mutation NB - Paternal Origin,Transition - Pyrimidine/Pyrimidine,C>T
14295101,rs113314744,TT,TA,AA,31,1,45,NC_000018.10,Mutation NB - Paternal Origin,Transversion - Purine/Pyrimidine,T>A
14969017,rs4890741,AA,AA,AG,34,100,99,NC_000018.10,Mutation NB - Paternal Origin,Transition - Purine/Purine,Unsolved
21898193,rs8093099,AA,CC,CC,100,85,15,NC_000018.10,Mutation NB - Paternal Origin,Transversion - Purine/Pyrimidine,A>C
21898194,rs8089932,GG,TT,TT,100,85,15,NC_000018.10,Mutation NB - Paternal Origin,Transversion - Purine/Pyrimidine,G>T
24156882,.,TT,TT,TG,58,82,59,NC_000018.10,Mutation NB - Paternal Origin,Transition - Pyrimidine/Pyrimidine,Transversion - Purine/Pyrimidine,Unsolved
27006731,rs1154206,CC,TC,TT,61,1,36,NC_000018.10,Mutation NB - Paternal Origin,Transition - Pyrimidine/Pyrimidine,C>T
28248547,rs11877930,CC,CC,TC,76,91,68,NC_000018.10,Mutation NB - Paternal Origin,Transition - Pyrimidine/Pyrimidine,Unsolved
30208736,rs66907707,TT,TT,TC,67,100,99,NC_000018.10,Mutation NB - Paternal Origin,Transition - Pyrimidine/Pyrimidine,Unsolved
30632664,rs73419724,GG,AA,GG,52,79,75,NC_000018.10,Mutation NB - Maternal Origin,Transition - Purine/Purine,A>G
34670737,rs55912324,GG,GG,GA,58,100,99,NC_000018.10,Mutation NB - Paternal Origin,Transition - Purine/Purine,Unsolved
36455169,.,AA,AA,AG,76,91,44,NC_000018.10,Mutation NB - Paternal Origin,Transition - Purine/Purine,Unsolved
37355917,rs10775460,TT,CC,TT,100,91,9,NC_000018.10,Mutation NB - Maternal Origin,Transition - Pyrimidine/Pyrimidine,C>T
37588300,rs12967741,AG,GG,AA,1,73,57,NC_000018.10,Mutation NB - Maternal Origin,Transition - Purine/Purine,G>A
37678966,rs9952679,TT,TC,CC,91,32,9,NC_000018.10,Mutation NB - Paternal Origin,Transition - Pyrimidine/Pyrimidine,T>C
39348703,.,CC,CC,CT,67,85,44,NC_000018.10,Mutation NB - Paternal Origin,Transition - Pyrimidine/Pyrimidine,Unsolved
40235535,.,AA,AA,AG,34,58,89,NC_000018.10,Mutation NB - Paternal Origin,Transition - Purine/Purine,Unsolved
44711552,rs553582555,GG,GG,GT,85,100,99,NC_000018.10,Mutation NB - Paternal Origin,Transversion - Purine/Pyrimidine,Unsolved
46481403,.,CC,CC,CT,73,52,62,NC_000018.10,Mutation NB - Maternal Origin,Transition - Pyrimidine/Pyrimidine,Unsolved
47382449,rs182981761,GG,CC,GG,10,85,63,NC_000018.10,Mutation NB - Maternal Origin,Transversion - Purine/Pyrimidine,C>G
57760151,rs7227850,GG,AA,AA,100,88,27,NC_000018.10,Mutation NB - Paternal Origin,Transition - Purine/Purine,G>A
58385662,.,GG,CC,GG,25,88,84,NC_000018.10,Mutation NB - Maternal Origin,Transversion - Purine/Pyrimidine,C>G
58596860,rs12964539,GG,GG,AG,91,88,99,NC_000018.10,Mutation NB - Maternal Origin,Transition - Purine/Purine,Unsolved
59145841,rs149106765,AA,AA,AG,67,91,99,NC_000018.10,Mutation NB - Paternal Origin,Transition - Purine/Purine,Unsolved
59771972,rs9950578,AA,GG,AA,82,79,39,NC_000018.10,Mutation NB - Maternal Origin,Transition - Purine/Purine,G>A
60751500,rs1455501,AG,AA,GG,1,100,87,NC_000018.10,Mutation NB - Maternal Origin,Transition - Purine/Purine,A>G
62435910,rs4940553,CC,TT,CC,61,88,54,NC_000018.10,Mutation NB - Maternal Origin,Transition - Pyrimidine/Pyrimidine,T>C
62572054,rs3760570,AA,AG,GG,100,1,36,NC_000018.10,Mutation NB - Paternal Origin,Transition - Purine/Purine,A>G
65707080,rs115935619,AA,AA,AG,82,91,71,NC_000018.10,Mutation NB - Paternal Origin,Transition - Purine/Purine,Unsolved
68850216,rs7235622,AA,GG,AA,88,91,12,NC_000018.10,Mutation NB - Maternal Origin,Transition - Purine/Purine,G>A
69741367,rs10782035,AA,CC,AA,79,100,30,NC_000018.10,Mutation NB - Maternal Origin,Transversion - Purine/Pyrimidine,C>A
73405864,rs4353546,TT,TT,TC,79,100,99,NC_000018.10,Mutation NB - Paternal Origin,Transition - Pyrimidine/Pyrimidine,Unsolved
74311814,rs116378685,CC,TT,CC,4,73,99,NC_000018.10,Mutation NB - Maternal Origin,Transition - Pyrimidine/Pyrimidine,T>C
75104476,rs894575,CC,AA,CC,76,100,21,NC_000018.10,Mutation NB - Maternal Origin,Transversion - Purine/Pyrimidine,A>C
75249482,rs9961698,GG,AA,GG,25,100,39,NC_000018.10,Mutation NB - Maternal Origin,Transition - Purine/Purine,A>G
75861802,.,TT,TT,TC,28,61,53,NC_000018.10,Mutation NB - Paternal Origin,Transition - Pyrimidine/Pyrimidine,Unsolved
76590617,rs12956403,TT,CC,TT,61,76,33,NC_000018.10,Mutation NB - Maternal Origin,Transition - Pyrimidine/Pyrimidine,C>T
76968158,rs17575711,TT,CC,TT,46,88,54,NC_000018.10,Mutation NB - Maternal Origin,Transition - Pyrimidine/Pyrimidine,C>T
78873386,rs12326638,CC,CC,CT,79,100,62,NC_000018.10,Mutation NB - Paternal Origin,Transition - Pyrimidine/Pyrimidine,Unsolved
79355951,rs12963835,GG,GG,AG,85,73,21,NC_000018.10,Mutation NB - Maternal Origin,Transition - Purine/Purine,Unsolved
80248598,rs56361407,AA,CC,AA,76,91,15,NC_000018.10,Mutation NB - Maternal Origin,Transversion - Purine/Pyrimidine,C>A
623003,rs2017580,GG,GG,GA,49,79,99,NC_000019.10,Mutation NB - Paternal Origin,Transition - Purine/Purine,Unsolved
623007,rs41557116,GG,AA,GG,49,79,60,NC_000019.10,Mutation NB - Maternal Origin,Transition - Purine/Purine,A>G
783398,.,CC,CC,CT,70,91,48,NC_000019.10,Mutation NB - Paternal Origin,Transition - Pyrimidine/Pyrimidine,Unsolved
789863,rs666592,CC,TT,TT,100,91,18,NC_000019.10,Mutation NB - Paternal Origin,Transition - Pyrimidine/Pyrimidine,C>T
1009366,rs10417824,AA,TT,TT,91,100,27,NC_000019.10,Mutation NB - Paternal Origin,Transversion - Purine/Pyrimidine,A>T
1529528,rs2668409,GC,CC,GG,1,91,48,NC_000019.10,Mutation NB - Maternal Origin,Transversion - Purine/Pyrimidine,C>G
1529551,rs2656863,AG,GG,AA,1,91,48,NC_000019.10,Mutation NB - Maternal Origin,Transition - Purine/Purine,G>A
1579618,rs72989710,CC,CC,CT,70,100,62,NC_000019.10,Mutation NB - Paternal Origin,Transition - Pyrimidine/Pyrimidine,Unsolved
1778248,rs7260472,CA,AA,CC,70,88,0,NC_000019.10,Mutation NB - Maternal Origin,A>C
1840268,rs10405979,GG,AA,AA,88,91,33,NC_000019.10,Mutation NB - Paternal Origin,Transition - Purine/Purine,G>A
2121549,rs11667501,CC,CC,CT,70,100,99,NC_000019.10,Mutation NB - Paternal Origin,Transition - Pyrimidine/Pyrimidine,Unsolved
2706471,rs9807887,TT,CT,CC,73,1,0,NC_000019.10,Mutation NB - Paternal Origin,Transition - Pyrimidine/Pyrimidine,T>C
5403051,rs370557731,CC,CC,CT,1,100,99,NC_000019.10,Mutation NB - Paternal Origin,Transition - Pyrimidine/Pyrimidine,Unsolved
5765071,rs2436522,CC,CC,TC,88,91,99,NC_000019.10,Mutation NB - Paternal Origin,Transition - Pyrimidine/Pyrimidine,Unsolved
5804101,.,CC,CC,CT,64,91,50,NC_000019.10,Mutation NB - Paternal Origin,Transition - Pyrimidine/Pyrimidine,Unsolved
7427661,rs976001096,GG,GG,GA,94,94,33,NC_000019.10,Mutation NB - Paternal or Maternal,Transition - Purine/Purine,Unsolved
9890164,rs114413618,GA,GG,AA,1,79,93,NC_000019.10,Mutation NB - Maternal Origin,Transition - Purine/Purine,G>A
9890165,rs116477561,TC,TT,CC,1,79,93,NC_000019.10,Mutation NB - Maternal Origin,Transition - Pyrimidine/Pyrimidine,T>C
9890166,rs116304688,GA,GG,AA,1,79,93,NC_000019.10,Mutation NB - Maternal Origin,Transition - Purine/Purine,G>A
11065175,rs11666925,AA,AA,AG,25,100,99,NC_000019.10,Mutation NB - Paternal Origin,Transition - Purine/Purine,Unsolved
13050855,rs34720245,GG,AA,GG,70,85,48,NC_000019.10,Mutation NB - Maternal Origin,Transition - Purine/Purine,A>G
15613080,rs3794988,AG,GG,AA,1,91,39,NC_000019.10,Mutation NB - Maternal Origin,Transition - Purine/Purine,G>A
17200500,rs1004813422,AA,GG,GG,88,88,30,NC_000019.10,Mutation NB - Paternal Origin,Transition - Purine/Purine,A>G
17481988,rs12983319,CC,CC,CA,1,100,99,NC_000019.10,Mutation NB - Paternal Origin,Transversion - Purine/Pyrimidine,Unsolved
17481990,rs12983501,CC,CC,CT,34,100,99,NC_000019.10,Mutation NB - Paternal Origin,Transition - Pyrimidine/Pyrimidine,Unsolved
17648480,rs73922174,GG,GG,GC,49,100,99,NC_000019.10,Mutation NB - Paternal Origin,Transition - Purine/Purine,Transversion - Purine/Pyrimidine,Unsolved
18344671,rs11882198,CC,CT,TT,100,32,30,NC_000019.10,Mutation NB - Paternal Origin,Transition - Pyrimidine/Pyrimidine,C>T
18349091,rs8102906,AA,AG,GG,85,1,30,NC_000019.10,Mutation NB - Paternal Origin,Transition - Purine/Purine,A>G
18715849,rs34439163,GG,GG,GC,79,91,99,NC_000019.10,Mutation NB - Paternal Origin,Transition - Purine/Purine,Transversion - Purine/Pyrimidine,Unsolved
20483060,rs2336465,GA,AA,GG,2,79,27,NC_000019.10,Mutation NB - Maternal Origin,Transition - Purine/Purine,A>G
20517948,rs2562664,CG,GG,CC,1,28,99,NC_000019.10,Mutation NB - Maternal Origin,Transversion - Purine/Pyrimidine,G>C
22884169,rs8101519,CC,AA,CC,91,85,24,NC_000019.10,Mutation NB - Maternal Origin,Transversion - Purine/Pyrimidine,A>C
23528311,rs892147,TT,CC,TT,76,100,54,NC_000019.10,Mutation NB - Maternal Origin,Transition - Pyrimidine/Pyrimidine,C>T
29187586,rs141306630,TT,TT,TG,85,88,95,NC_000019.10,Mutation NB - Paternal Origin,Transition - Pyrimidine/Pyrimidine,Transversion - Purine/Pyrimidine,Unsolved
29321387,rs2216341,CC,CC,CT,100,100,99,NC_000019.10,Mutation NB - Paternal or Maternal,Transition - Pyrimidine/Pyrimidine,Unsolved
29724398,rs11084139,TC,TT,CC,1,91,45,NC_000019.10,Mutation NB - Maternal Origin,Transition - Pyrimidine/Pyrimidine,T>C
30692012,rs35169427,CC,CC,CT,46,100,99,NC_000019.10,Mutation NB - Paternal Origin,Transition - Pyrimidine/Pyrimidine,Unsolved
31288296,.,TT,TT,TC,31,73,44,NC_000019.10,Mutation NB - Paternal Origin,Transition - Pyrimidine/Pyrimidine,Unsolved
32935853,rs12977514,GG,GG,CG,79,88,99,NC_000019.10,Mutation NB - Paternal Origin,Transition - Purine/Purine,Transversion - Purine/Pyrimidine,Unsolved
33758138,rs541625277,TT,TT,TG,100,91,45,NC_000019.10,Mutation NB - Maternal Origin,Transition - Pyrimidine/Pyrimidine,Transversion - Purine/Pyrimidine,Unsolved
34995520,.,GG,GG,GA,76,88,44,NC_000019.10,Mutation NB - Paternal Origin,Transition - Purine/Purine,Unsolved
36088765,rs59105883,GG,AA,GG,49,88,72,NC_000019.10,Mutation NB - Maternal Origin,Transition - Purine/Purine,A>G
40166691,.,GG,GG,GA,49,79,41,NC_000019.10,Mutation NB - Paternal Origin,Transition - Purine/Purine,Unsolved
41226822,rs12984621,CC,CC,CG,76,100,99,NC_000019.10,Mutation NB - Paternal Origin,Transversion - Purine/Pyrimidine,Unsolved
41407526,rs11670757,GG,TT,TT,100,91,18,NC_000019.10,Mutation NB - Paternal Origin,Transversion - Purine/Pyrimidine,G>T
45715184,.,CC,CC,CT,85,91,56,NC_000019.10,Mutation NB - Paternal Origin,Transition - Pyrimidine/Pyrimidine,Unsolved
45863767,rs11671106,CC,CC,CT,85,100,98,NC_000019.10,Mutation NB - Paternal Origin,Transition - Pyrimidine/Pyrimidine,Unsolved
46783778,.,TT,TT,TC,85,85,41,NC_000019.10,Mutation NB - Paternal or Maternal,Transition - Pyrimidine/Pyrimidine,Unsolved
48136936,.,TT,TT,TC,37,67,41,NC_000019.10,Mutation NB - Paternal Origin,Transition - Pyrimidine/Pyrimidine,Unsolved
48149038,rs3730917,AA,AA,AC,67,100,99,NC_000019.10,Mutation NB - Paternal Origin,Transversion - Purine/Pyrimidine,Unsolved
48518187,rs28636901,AA,AA,AG,82,88,99,NC_000019.10,Mutation NB - Paternal Origin,Transition - Purine/Purine,Unsolved
50293952,.,AA,AA,AG,64,85,41,NC_000019.10,Mutation NB - Paternal Origin,Transition - Purine/Purine,Unsolved
50520367,rs1296200,CC,TT,CC,82,91,12,NC_000019.10,Mutation NB - Maternal Origin,Transition - Pyrimidine/Pyrimidine,T>C
50859048,rs11084034,CC,CC,CT,67,100,99,NC_000019.10,Mutation NB - Paternal Origin,Transition - Pyrimidine/Pyrimidine,Unsolved
52286951,rs62110413,TT,TT,TG,58,100,99,NC_000019.10,Mutation NB - Paternal Origin,Transition - Pyrimidine/Pyrimidine,Transversion - Purine/Pyrimidine,Unsolved
52286967,rs62110414,CC,CC,CT,58,100,99,NC_000019.10,Mutation NB - Paternal Origin,Transition - Pyrimidine/Pyrimidine,Unsolved
52300915,rs8103182,CC,CC,CT,82,88,97,NC_000019.10,Mutation NB - Paternal Origin,Transition - Pyrimidine/Pyrimidine,Unsolved
55974016,rs117079427,GG,CC,GG,88,91,48,NC_000019.10,Mutation NB - Maternal Origin,Transversion - Purine/Pyrimidine,C>G
57435556,rs56241253,CC,GG,CC,73,100,66,NC_000019.10,Mutation NB - Maternal Origin,Transversion - Purine/Pyrimidine,G>C
58576991,rs141228144,CC,CC,CT,88,88,62,NC_000019.10,Mutation NB - Paternal or Maternal,Transition - Pyrimidine/Pyrimidine,Unsolved
2305927,rs2084174476,AA,AA,AG,43,67,65,NC_000020.11,Mutation NB - Paternal Origin,Transition - Purine/Purine,Unsolved
2864585,.,TT,TT,TC,58,91,56,NC_000020.11,Mutation NB - Paternal Origin,Transition - Pyrimidine/Pyrimidine,Unsolved
3699612,rs12624921,AA,AA,AG,43,100,99,NC_000020.11,Mutation NB - Paternal Origin,Transition - Purine/Purine,Unsolved
4165890,rs6139342,CC,GG,GG,76,67,24,NC_000020.11,Mutation NB - Paternal Origin,Transversion - Purine/Pyrimidine,C>G
5465276,rs7265066,CC,TT,TT,91,82,0,NC_000020.11,Mutation NB - Paternal Origin,Transition - Pyrimidine/Pyrimidine,C>T
5695440,rs813405,TT,TT,TC,37,100,99,NC_000020.11,Mutation NB - Paternal Origin,Transition - Pyrimidine/Pyrimidine,Unsolved
5802772,rs401373,GT,GG,TT,1,100,54,NC_000020.11,Mutation NB - Maternal Origin,Transversion - Purine/Pyrimidine,G>T
9912124,rs6118797,CC,GG,CC,52,91,21,NC_000020.11,Mutation NB - Maternal Origin,Transversion - Purine/Pyrimidine,G>C
13676740,.,AA,AA,AC,98,91,48,NC_000020.11,Mutation NB - Maternal Origin,Transversion - Purine/Pyrimidine,Unsolved
16365068,rs35192414,TT,TT,GG,91,88,12,NC_000020.11,Mutation NB - Maternal Origin,Transition - Purine/Purine,Transversion - Purine/Pyrimidine,Unsolved
19812722,rs6046338,GG,GG,GA,85,91,99,NC_000020.11,Mutation NB - Paternal Origin,Transition - Purine/Purine,Unsolved
19897742,rs6515048,CC,GC,GG,79,70,0,NC_000020.11,Mutation NB - Paternal Origin,Transversion - Purine/Pyrimidine,C>G
20427592,rs6046854,TG,GG,TT,1,91,81,NC_000020.11,Mutation NB - Maternal Origin,Transversion - Purine/Pyrimidine,G>T
20427622,rs6046855,TC,CC,TT,1,91,81,NC_000020.11,Mutation NB - Maternal Origin,Transversion - Purine/Pyrimidine,C>T
20806578,rs2328560,TT,CC,CC,100,91,24,NC_000020.11,Mutation NB - Paternal Origin,Transition - Pyrimidine/Pyrimidine,T>C
23129246,rs844891,GG,CC,GG,67,91,39,NC_000020.11,Mutation NB - Maternal Origin,Transversion - Purine/Pyrimidine,C>G
24201978,rs1009810,AA,GA,GG,79,70,0,NC_000020.11,Mutation NB - Paternal Origin,Transition - Purine/Purine,A>G
24790331,rs226674,TT,CC,CC,76,85,18,NC_000020.11,Mutation NB - Paternal Origin,Transition - Pyrimidine/Pyrimidine,T>C
25187572,rs6132816,AA,AA,AG,52,91,99,NC_000020.11,Mutation NB - Paternal Origin,Transition - Purine/Purine,Unsolved
25477661,rs417110,TC,TT,CC,1,100,72,NC_000020.11,Mutation NB - Maternal Origin,Transition - Pyrimidine/Pyrimidine,T>C
25477684,rs417130,TC,TT,CC,1,100,72,NC_000020.11,Mutation NB - Maternal Origin,Transition - Pyrimidine/Pyrimidine,T>C
25514599,rs447808,GG,AA,AA,91,85,33,NC_000020.11,Mutation NB - Paternal Origin,Transition - Purine/Purine,G>A
29688028,.,GG,GG,GT,70,91,53,NC_000020.11,Mutation NB - Paternal Origin,Transversion - Purine/Pyrimidine,Unsolved
30275803,rs116751304,GG,TT,TT,85,25,32,NC_000020.11,Mutation NB - Paternal Origin,Transversion - Purine/Pyrimidine,G>T
32007579,rs6058511,TC,TT,CC,1,91,81,NC_000020.11,Mutation NB - Maternal Origin,Transition - Pyrimidine/Pyrimidine,T>C
32439581,.,CC,CC,CA,70,85,56,NC_000020.11,Mutation NB - Paternal Origin,Transversion - Purine/Pyrimidine,Unsolved
33866113,rs61643008,GG,CC,GG,16,82,75,NC_000020.11,Mutation NB - Maternal Origin,Transversion - Purine/Pyrimidine,C>G
33876398,rs6059511,CC,CC,CT,58,88,99,NC_000020.11,Mutation NB - Paternal Origin,Transition - Pyrimidine/Pyrimidine,Unsolved
36403855,.,AA,AA,AG,48,28,83,NC_000020.11,Mutation NB - Maternal Origin,Transition - Purine/Purine,Unsolved
38248889,rs1199762650,TT,TT,TC,4,4,65,NC_000020.11,Mutation NB - Paternal or Maternal,Transition - Pyrimidine/Pyrimidine,Unsolved
44034139,rs113964675,CC,CC,CA,55,88,99,NC_000020.11,Mutation NB - Paternal Origin,Transversion - Purine/Pyrimidine,Unsolved
46464486,rs279729,AA,GG,AA,25,85,87,NC_000020.11,Mutation NB - Maternal Origin,Transition - Purine/Purine,G>A
46534139,rs2223643,CC,CC,CT,1,100,99,NC_000020.11,Mutation NB - Paternal Origin,Transition - Pyrimidine/Pyrimidine,Unsolved
46534170,rs150486839,CC,CC,CA,1,100,99,NC_000020.11,Mutation NB - Paternal Origin,Transversion - Purine/Pyrimidine,Unsolved
46950284,rs1212007,GG,GG,GA,31,100,99,NC_000020.11,Mutation NB - Paternal Origin,Transition - Purine/Purine,Unsolved
47032683,rs947021,CC,TT,CC,82,100,21,NC_000020.11,Mutation NB - Maternal Origin,Transition - Pyrimidine/Pyrimidine,T>C
47789277,rs6094848,GG,AA,GG,91,91,15,NC_000020.11,Mutation NB - Maternal Origin,Transition - Purine/Purine,A>G
47895496,rs111234064,CC,CC,CT,67,82,99,NC_000020.11,Mutation NB - Paternal Origin,Transition - Pyrimidine/Pyrimidine,Unsolved
48125142,rs66773748,TT,CC,TT,28,100,93,NC_000020.11,Mutation NB - Maternal Origin,Transition - Pyrimidine/Pyrimidine,C>T
48172420,.,TT,TT,TG,100,89,77,NC_000020.11,Mutation NB - Maternal Origin,Transition - Pyrimidine/Pyrimidine,Transversion - Purine/Pyrimidine,Unsolved
48392511,rs62210164,GA,AA,GG,73,91,27,NC_000020.11,Mutation NB - Maternal Origin,Transition - Purine/Purine,A>G
50223377,.,TT,TT,TC,82,82,50,NC_000020.11,Mutation NB - Paternal or Maternal,Transition - Pyrimidine/Pyrimidine,Unsolved
51153670,rs6013100,CC,TT,TT,100,88,15,NC_000020.11,Mutation NB - Paternal Origin,Transition - Pyrimidine/Pyrimidine,C>T
52155265,.,AA,AA,AG,88,85,50,NC_000020.11,Mutation NB - Maternal Origin,Transition - Purine/Purine,Unsolved
57194137,rs12625920,CC,CC,CA,76,100,99,NC_000020.11,Mutation NB - Paternal Origin,Transversion - Purine/Pyrimidine,Unsolved
57726516,rs6092525,TT,GG,TT,79,82,33,NC_000020.11,Mutation NB - Maternal Origin,Transversion - Purine/Pyrimidine,G>T
58716741,.,GG,GG,GA,79,91,50,NC_000020.11,Mutation NB - Paternal Origin,Transition - Purine/Purine,Unsolved
59514802,rs6100472,CC,CC,CT,31,100,99,NC_000020.11,Mutation NB - Paternal Origin,Transition - Pyrimidine/Pyrimidine,Unsolved
61485657,rs6089396,GG,AA,GG,85,88,30,NC_000020.11,Mutation NB - Maternal Origin,Transition - Purine/Purine,A>G
61818690,rs73141198,TT,AA,AA,91,88,9,NC_000020.11,Mutation NB - Paternal Origin,Transversion - Purine/Pyrimidine,T>A
61819174,rs7261579,CC,TT,TT,100,91,15,NC_000020.11,Mutation NB - Paternal Origin,Transition - Pyrimidine/Pyrimidine,C>T
62202115,rs2184156,CC,TT,CC,67,79,33,NC_000020.11,Mutation NB - Maternal Origin,Transition - Pyrimidine/Pyrimidine,T>C
62279840,rs1024492531,AA,AA,AG,85,100,52,NC_000020.11,Mutation NB - Paternal Origin,Transition - Purine/Purine,Unsolved
62515411,rs114853157,CC,CC,CT,43,100,99,NC_000020.11,Mutation NB - Paternal Origin,Transition - Pyrimidine/Pyrimidine,Unsolved
62535372,rs934915653,GG,CC,GG,91,88,9,NC_000020.11,Mutation NB - Maternal Origin,Transversion - Purine/Pyrimidine,C>G
62970092,rs116485230,CC,CC,CT,100,91,62,NC_000020.11,Mutation NB - Maternal Origin,Transition - Pyrimidine/Pyrimidine,Unsolved
63408669,rs2236197,TT,TT,TC,91,100,65,NC_000020.11,Mutation NB - Paternal Origin,Transition - Pyrimidine/Pyrimidine,Unsolved
63408701,rs533717323,CC,CC,CT,91,100,65,NC_000020.11,Mutation NB - Paternal Origin,Transition - Pyrimidine/Pyrimidine,Unsolved
63548092,rs6010965,TT,TT,TG,73,85,99,NC_000020.11,Mutation NB - Paternal Origin,Transition - Pyrimidine/Pyrimidine,Transversion - Purine/Pyrimidine,Unsolved
64024583,.,GG,GG,GA,40,79,57,NC_000020.11,Mutation NB - Paternal Origin,Transition - Purine/Purine,Unsolved
10575349,rs12482886,GG,GG,GT,91,91,47,NC_000021.9,Mutation NB - Paternal or Maternal,Transversion - Purine/Pyrimidine,Unsolved
20673360,rs62205005,TT,TT,TG,52,100,99,NC_000021.9,Mutation NB - Paternal Origin,Transition - Pyrimidine/Pyrimidine,Transversion - Purine/Pyrimidine,Unsolved
29919305,.,GG,GG,GA,40,64,53,NC_000021.9,Mutation NB - Paternal Origin,Transition - Purine/Purine,Unsolved
31072166,rs2833256,GG,GA,AA,73,1,12,NC_000021.9,Mutation NB - Paternal Origin,Transition - Purine/Purine,G>A
31447643,rs568708,GG,AA,AA,100,85,39,NC_000021.9,Mutation NB - Paternal Origin,Transition - Purine/Purine,G>A
40196104,rs9981386,TT,CC,TT,91,91,15,NC_000021.9,Mutation NB - Maternal Origin,Transition - Pyrimidine/Pyrimidine,C>T
40290939,rs9975382,AA,AA,AG,88,100,99,NC_000021.9,Mutation NB - Paternal Origin,Transition - Purine/Purine,Unsolved
41102273,rs1029011,CT,CC,TT,1,100,90,NC_000021.9,Mutation NB - Maternal Origin,Transversion - Purine/Pyrimidine,C>T
41819316,rs28604512,GG,AA,GG,10,88,99,NC_000021.9,Mutation NB - Maternal Origin,Transition - Purine/Purine,A>G
42471211,rs4920108,CT,CC,TT,1,100,33,NC_000021.9,Mutation NB - Maternal Origin,Transversion - Purine/Pyrimidine,C>T
43207127,rs1105939,GG,GG,GA,88,100,99,NC_000021.9,Mutation NB - Paternal Origin,Transition - Purine/Purine,Unsolved
43854358,rs4819332,TT,CC,TT,76,91,45,NC_000021.9,Mutation NB - Maternal Origin,Transition - Pyrimidine/Pyrimidine,C>T
45151974,rs407133,GC,CC,GG,1,64,78,NC_000021.9,Mutation NB - Maternal Origin,Transversion - Purine/Pyrimidine,C>G
45820600,rs2839006,CC,CT,TT,88,83,21,NC_000021.9,Mutation NB - Paternal Origin,Transition - Pyrimidine/Pyrimidine,C>T
45948123,rs370911255,CC,CC,CA,22,100,99,NC_000021.9,Mutation NB - Paternal Origin,Transversion - Purine/Pyrimidine,Unsolved
46052557,rs11089043,CC,CC,CT,1,76,99,NC_000021.9,Mutation NB - Paternal Origin,Transition - Pyrimidine/Pyrimidine,Unsolved
46482825,.,TT,TT,TC,43,91,41,NC_000021.9,Mutation NB - Paternal Origin,Transition - Pyrimidine/Pyrimidine,Unsolved
16045731,rs1177724239,TC,TT,CC,67,52,21,NC_000022.11,Mutation NB - Maternal Origin,Transition - Pyrimidine/Pyrimidine,T>C
16972225,rs5992603,AA,CC,AA,55,79,48,NC_000022.11,Mutation NB - Maternal Origin,Transversion - Purine/Pyrimidine,C>A
17587730,rs8138249,CC,GG,CC,49,82,63,NC_000022.11,Mutation NB - Maternal Origin,Transversion - Purine/Pyrimidine,G>C
17587778,rs8138271,CC,GG,CC,49,82,63,NC_000022.11,Mutation NB - Maternal Origin,Transversion - Purine/Pyrimidine,G>C
17994660,rs391550,CC,CC,CG,79,100,99,NC_000022.11,Mutation NB - Paternal Origin,Transversion - Purine/Pyrimidine,Unsolved
19047316,rs2000996,AG,GG,AA,1,88,9,NC_000022.11,Mutation NB - Maternal Origin,Transition - Purine/Purine,G>A
19047320,rs5993479,TT,CC,TT,52,88,51,NC_000022.11,Mutation NB - Maternal Origin,Transition - Pyrimidine/Pyrimidine,C>T
19970264,rs165840,TT,CC,TT,31,100,99,NC_000022.11,Mutation NB - Maternal Origin,Transition - Pyrimidine/Pyrimidine,C>T
23074296,rs75886751,GG,GG,GA,55,100,99,NC_000022.11,Mutation NB - Paternal Origin,Transition - Purine/Purine,Unsolved
23164884,rs78310988,CC,CC,CG,100,82,99,NC_000022.11,Mutation NB - Maternal Origin,Transversion - Purine/Pyrimidine,Unsolved
23289668,rs115065689,GG,AA,GG,40,91,75,NC_000022.11,Mutation NB - Maternal Origin,Transition - Purine/Purine,A>G
23654072,rs6003830,TT,TT,TC,31,85,99,NC_000022.11,Mutation NB - Paternal Origin,Transition - Pyrimidine/Pyrimidine,Unsolved
23654074,rs6003831,AA,AA,AG,31,85,99,NC_000022.11,Mutation NB - Paternal Origin,Transition - Purine/Purine,Unsolved
23654134,rs8140665,GG,GG,GA,31,85,99,NC_000022.11,Mutation NB - Paternal Origin,Transition - Purine/Purine,Unsolved
24061987,rs1423045400,TT,TT,TC,61,85,68,NC_000022.11,Mutation NB - Paternal Origin,Transition - Pyrimidine/Pyrimidine,Unsolved
24566608,.,TT,TT,TC,85,85,50,NC_000022.11,Mutation NB - Paternal or Maternal,Transition - Pyrimidine/Pyrimidine,Unsolved
25983227,.,GG,GG,GA,70,64,59,NC_000022.11,Mutation NB - Maternal Origin,Transition - Purine/Purine,Unsolved
26370984,rs5752311,GG,AA,AA,91,88,12,NC_000022.11,Mutation NB - Paternal Origin,Transition - Purine/Purine,G>A
26416965,rs527486182,CC,TT,TT,49,76,21,NC_000022.11,Mutation NB - Paternal Origin,Transition - Pyrimidine/Pyrimidine,C>T
26833383,rs5761779,CC,AA,AA,85,100,18,NC_000022.11,Mutation NB - Paternal Origin,Transversion - Purine/Pyrimidine,C>A
27132388,rs134956,GG,AA,GG,64,100,33,NC_000022.11,Mutation NB - Maternal Origin,Transition - Purine/Purine,A>G
27697982,rs5762314,CC,TT,TT,85,88,12,NC_000022.11,Mutation NB - Paternal Origin,Transition - Pyrimidine/Pyrimidine,C>T
27734084,rs738353,CT,CC,TT,1,100,54,NC_000022.11,Mutation NB - Maternal Origin,Transversion - Purine/Pyrimidine,C>T
28836576,rs9625591,AG,AA,GG,29,88,21,NC_000022.11,Mutation NB - Maternal Origin,Transition - Purine/Purine,A>G
30468805,rs2269962,TT,TT,CC,91,85,0,NC_000022.11,Mutation NB - Maternal Origin,Transition - Pyrimidine/Pyrimidine,Unsolved
30468830,rs2269963,GG,GG,AA,91,85,0,NC_000022.11,Mutation NB - Maternal Origin,Transition - Purine/Purine,Unsolved
30521104,rs878306,TT,TT,TC,64,100,99,NC_000022.11,Mutation NB - Paternal Origin,Transition - Pyrimidine/Pyrimidine,Unsolved
30983028,rs12160446,AA,AA,AG,43,73,41,NC_000022.11,Mutation NB - Paternal Origin,Transition - Purine/Purine,Unsolved
32323625,rs117799899,GA,GG,AA,1,91,24,NC_000022.11,Mutation NB - Maternal Origin,Transition - Purine/Purine,G>A
32335882,rs732885,TT,CC,TT,52,100,42,NC_000022.11,Mutation NB - Maternal Origin,Transition - Pyrimidine/Pyrimidine,C>T
32335930,rs5998422,AA,GG,AA,49,100,45,NC_000022.11,Mutation NB - Maternal Origin,Transition - Purine/Purine,G>A
34702277,rs76732121,GG,GG,GA,1,100,99,NC_000022.11,Mutation NB - Paternal Origin,Transition - Purine/Purine,Unsolved
34798731,.,TT,TT,TC,1,85,56,NC_000022.11,Mutation NB - Paternal Origin,Transition - Pyrimidine/Pyrimidine,Unsolved
35645894,.,AA,AA,AG,73,76,47,NC_000022.11,Mutation NB - Paternal Origin,Transition - Purine/Purine,Unsolved
36761121,rs130566,CC,AA,CC,55,100,27,NC_000022.11,Mutation NB - Maternal Origin,Transversion - Purine/Pyrimidine,A>C
37779470,rs5756813,GT,TT,GG,1,76,0,NC_000022.11,Mutation NB - Maternal Origin,Transversion - Purine/Pyrimidine,T>G
37911561,rs713922,GG,GG,GA,100,91,99,NC_000022.11,Mutation NB - Maternal Origin,Transition - Purine/Purine,Unsolved
39813113,rs11703861,TT,TT,TC,79,88,27,NC_000022.11,Mutation NB - Paternal Origin,Transition - Pyrimidine/Pyrimidine,Unsolved
40719777,rs116538668,GG,GG,GA,88,100,99,NC_000022.11,Mutation NB - Paternal Origin,Transition - Purine/Purine,Unsolved
44720290,rs77069626,GG,AA,GG,64,91,51,NC_000022.11,Mutation NB - Maternal Origin,Transition - Purine/Purine,A>G
44720291,rs62228465,GG,AA,AA,64,91,33,NC_000022.11,Mutation NB - Paternal Origin,Transition - Purine/Purine,G>A
44720311,rs6007262,TT,CC,CC,64,91,0,NC_000022.11,Mutation NB - Paternal Origin,Transition - Pyrimidine/Pyrimidine,T>C
44725058,rs41368848,CC,CC,CG,58,91,99,NC_000022.11,Mutation NB - Paternal Origin,Transversion - Purine/Pyrimidine,Unsolved
45915472,rs57622595,GG,GG,GC,28,100,99,NC_000022.11,Mutation NB - Paternal Origin,Transition - Purine/Purine,Transversion - Purine/Pyrimidine,Unsolved
46287058,rs55926596,CC,CC,CT,55,85,99,NC_000022.11,Mutation NB - Paternal Origin,Transition - Pyrimidine/Pyrimidine,Unsolved
46287079,rs55653327,CC,CC,CT,70,97,99,NC_000022.11,Mutation NB - Paternal Origin,Transition - Pyrimidine/Pyrimidine,Unsolved
46664380,rs2542034,CC,TT,CC,85,91,30,NC_000022.11,Mutation NB - Maternal Origin,Transition - Pyrimidine/Pyrimidine,T>C
47014104,rs55641454,AA,GG,AA,70,91,30,NC_000022.11,Mutation NB - Maternal Origin,Transition - Purine/Purine,G>A
47448568,rs80051988,AA,AA,AG,73,100,89,NC_000022.11,Mutation NB - Paternal Origin,Transition - Purine/Purine,Unsolved
47564825,rs59049178,GG,GG,GA,25,100,99,NC_000022.11,Mutation NB - Paternal Origin,Transition - Purine/Purine,Unsolved
47687369,rs4823672,AA,AA,AT,79,100,99,NC_000022.11,Mutation NB - Paternal Origin,Transversion - Purine/Pyrimidine,Unsolved
47687570,rs114257542,TT,TT,TC,91,100,99,NC_000022.11,Mutation NB - Paternal Origin,Transition - Pyrimidine/Pyrimidine,Unsolved
47970646,rs9615243,CC,CC,CG,82,100,99,NC_000022.11,Mutation NB - Paternal Origin,Transversion - Purine/Pyrimidine,Unsolved
48458084,rs114227178,AA,AA,AG,76,88,27,NC_000022.11,Mutation NB - Paternal Origin,Transition - Purine/Purine,Unsolved
49044932,rs6009380,CC,TT,CC,58,85,21,NC_000022.11,Mutation NB - Maternal Origin,Transition - Pyrimidine/Pyrimidine,T>C
49102033,rs5769895,GG,GG,AG,7,79,99,NC_000022.11,Mutation NB - Paternal Origin,Transition - Purine/Purine,Unsolved
49490948,rs9616653,AA,CC,CC,76,79,39,NC_000022.11,Mutation NB - Paternal Origin,Transversion - Purine/Pyrimidine,A>C
49639224,rs1573726,GA,AA,GG,1,70,36,NC_000022.11,Mutation NB - Maternal Origin,Transition - Purine/Purine,A>G
49937516,rs28690400,TT,TT,TC,46,100,99,NC_000022.11,Mutation NB - Paternal Origin,Transition - Pyrimidine/Pyrimidine,Unsolved
50160138,rs925858194,CC,CC,CT,76,91,56,NC_000022.11,Mutation NB - Paternal Origin,Transition - Pyrimidine/Pyrimidine,Unsolved
