1555179,rs3820075,AA,AA,AG,85,100,99,NC_000001.11,Mutation NB - Paternal Origin,Transition - Purine/Purine,Unsolved
1908599,rs2474461,TT,TT,CC,100,100,39,NC_000001.11,Mutation NB - Paternal or Maternal,Transition - Pyrimidine/Pyrimidine,Unsolved
2441729,rs6673880,GG,AA,AA,88,61,0,NC_000001.11,Mutation NB - Paternal Origin,Transition - Purine/Purine,G>A
3565958,rs934743554,GG,GG,GA,73,82,41,NC_000001.11,Mutation NB - Paternal Origin,Transition - Purine/Purine,Unsolved
3848999,rs3765778,CC,TT,TT,85,79,36,NC_000001.11,Mutation NB - Paternal Origin,Transition - Pyrimidine/Pyrimidine,C>T
4088386,.,CC,CC,CT,79,61,47,NC_000001.11,Mutation NB - Maternal Origin,Transition - Pyrimidine/Pyrimidine,Unsolved
6082664,rs3747981,GG,AA,GG,91,91,30,NC_000001.11,Mutation NB - Maternal Origin,Transition - Purine/Purine,A>G
6083086,rs3789540,CC,CC,CT,88,76,99,NC_000001.11,Mutation NB - Maternal Origin,Transition - Pyrimidine/Pyrimidine,Unsolved
6166596,rs12134795,CC,TT,CC,91,91,33,NC_000001.11,Mutation NB - Maternal Origin,Transition - Pyrimidine/Pyrimidine,T>C
6956049,rs7539029,CC,TT,TT,100,91,9,NC_000001.11,Mutation NB - Paternal Origin,Transition - Pyrimidine/Pyrimidine,C>T
6958781,rs10779670,GG,CC,CC,100,67,27,NC_000001.11,Mutation NB - Paternal Origin,Transversion - Purine/Pyrimidine,G>C
7015627,.,AA,AA,AG,79,82,80,NC_000001.11,Mutation NB - Paternal Origin,Transition - Purine/Purine,Unsolved
8361143,rs13596,CC,TT,CC,62,98,79,NC_000001.11,Mutation NB - Maternal Origin,Transition - Pyrimidine/Pyrimidine,T>C
8871404,rs1006950,TT,TT,TC,88,79,99,NC_000001.11,Mutation NB - Maternal Origin,Transition - Pyrimidine/Pyrimidine,Unsolved
9319936,rs114558831,CC,CC,CT,85,88,99,NC_000001.11,Mutation NB - Paternal Origin,Transition - Pyrimidine/Pyrimidine,Unsolved
9846745,rs1220392,GG,GG,GA,76,100,99,NC_000001.11,Mutation NB - Paternal Origin,Transition - Purine/Purine,Unsolved
10494305,rs6675665,GG,GG,GA,91,88,99,NC_000001.11,Mutation NB - Maternal Origin,Transition - Purine/Purine,Unsolved
10597855,rs17035414,TT,TT,TC,85,100,99,NC_000001.11,Mutation NB - Paternal Origin,Transition - Pyrimidine/Pyrimidine,Unsolved
12010863,rs10864546,CC,CC,TC,73,91,99,NC_000001.11,Mutation NB - Paternal Origin,Transition - Pyrimidine/Pyrimidine,Unsolved
12640398,.,TT,TT,TA,91,85,53,NC_000001.11,Mutation NB - Maternal Origin,Transition - Pyrimidine/Pyrimidine,Transversion - Purine/Pyrimidine,Unsolved
13460537,rs10803324,GG,GG,GT,76,85,99,NC_000001.11,Mutation NB - Paternal Origin,Transversion - Purine/Pyrimidine,Unsolved
13460710,rs2999879,CC,TT,TT,100,85,30,NC_000001.11,Mutation NB - Paternal Origin,Transition - Pyrimidine/Pyrimidine,C>T
13823349,rs1046333,AA,AA,TA,82,64,99,NC_000001.11,Mutation NB - Maternal Origin,Transversion - Purine/Pyrimidine,Unsolved
15226585,rs12565643,CC,CC,CT,100,82,62,NC_000001.11,Mutation NB - Maternal Origin,Transition - Pyrimidine/Pyrimidine,Unsolved
15272573,rs56987602,GG,GG,GA,82,100,99,NC_000001.11,Mutation NB - Paternal Origin,Transition - Purine/Purine,Unsolved
16370998,.,AA,AA,AG,91,79,53,NC_000001.11,Mutation NB - Maternal Origin,Transition - Purine/Purine,Unsolved
17070097,rs11581590,GG,GG,GA,100,70,99,NC_000001.11,Mutation NB - Maternal Origin,Transition - Purine/Purine,Unsolved
19037378,rs142688087,TT,TT,TG,79,100,95,NC_000001.11,Mutation NB - Paternal Origin,Transition - Pyrimidine/Pyrimidine,Transversion - Purine/Pyrimidine,Unsolved
20390056,.,AA,AA,AG,91,82,54,NC_000001.11,Mutation NB - Maternal Origin,Transition - Purine/Purine,Unsolved
23894116,rs6424131,CC,AA,CC,100,91,24,NC_000001.11,Mutation NB - Maternal Origin,Transversion - Purine/Pyrimidine,A>C
24855625,rs55851873,CC,CC,CT,67,91,99,NC_000001.11,Mutation NB - Paternal Origin,Transition - Pyrimidine/Pyrimidine,Unsolved
26112007,rs61776585,GG,CC,CC,64,76,39,NC_000001.11,Mutation NB - Paternal Origin,Transversion - Purine/Pyrimidine,G>C
26725856,rs184293773,TT,TT,TG,91,100,99,NC_000001.11,Mutation NB - Paternal Origin,Transition - Pyrimidine/Pyrimidine,Transversion - Purine/Pyrimidine,Unsolved
27203849,rs80084431,CC,CC,CG,79,91,99,NC_000001.11,Mutation NB - Paternal Origin,Transversion - Purine/Pyrimidine,Unsolved
31441908,rs1308616412,GG,GG,GA,88,73,48,NC_000001.11,Mutation NB - Maternal Origin,Transition - Purine/Purine,Unsolved
32607465,rs380464,AA,GG,AA,76,88,99,NC_000001.11,Mutation NB - Maternal Origin,Transition - Purine/Purine,G>A
33370694,.,TT,TT,TC,91,85,50,NC_000001.11,Mutation NB - Maternal Origin,Transition - Pyrimidine/Pyrimidine,Unsolved
35565512,.,AA,AA,AG,91,82,42,NC_000001.11,Mutation NB - Maternal Origin,Transition - Purine/Purine,Unsolved
36366282,.,AA,AA,AG,79,82,48,NC_000001.11,Mutation NB - Paternal Origin,Transition - Purine/Purine,Unsolved
36366284,.,TT,TT,TC,79,82,48,NC_000001.11,Mutation NB - Paternal Origin,Transition - Pyrimidine/Pyrimidine,Unsolved
36376520,.,TT,TT,TC,88,61,42,NC_000001.11,Mutation NB - Maternal Origin,Transition - Pyrimidine/Pyrimidine,Unsolved
36402199,rs58516152,CC,CC,CT,76,100,99,NC_000001.11,Mutation NB - Paternal Origin,Transition - Pyrimidine/Pyrimidine,Unsolved
36982986,rs72653512,CC,CC,CG,88,100,99,NC_000001.11,Mutation NB - Paternal Origin,Transversion - Purine/Pyrimidine,Unsolved
37957129,.,TT,TT,TC,82,88,50,NC_000001.11,Mutation NB - Paternal Origin,Transition - Pyrimidine/Pyrimidine,Unsolved
37957278,rs9686,TT,AA,AA,85,85,21,NC_000001.11,Mutation NB - Paternal Origin,Transversion - Purine/Pyrimidine,T>A
38217860,.,CC,CC,CA,82,85,41,NC_000001.11,Mutation NB - Paternal Origin,Transversion - Purine/Pyrimidine,Unsolved
38273412,rs2773159,GG,AA,GG,64,100,99,NC_000001.11,Mutation NB - Maternal Origin,Transition - Purine/Purine,A>G
39522799,rs2473617,GA,AA,GG,3,76,60,NC_000001.11,Mutation NB - Maternal Origin,Transition - Purine/Purine,A>G
39816152,rs75614549,GG,GG,GC,91,100,99,NC_000001.11,Mutation NB - Paternal Origin,Transition - Purine/Purine,Transversion - Purine/Pyrimidine,Unsolved
43102782,rs7522095,CT,CC,TT,1,88,99,NC_000001.11,Mutation NB - Maternal Origin,Transversion - Purine/Pyrimidine,C>T
46531056,.,AA,AA,AG,88,85,44,NC_000001.11,Mutation NB - Maternal Origin,Transition - Purine/Purine,Unsolved
53405159,rs1288588,AA,AG,GG,100,1,15,NC_000001.11,Mutation NB - Paternal Origin,Transition - Purine/Purine,A>G
53442625,rs10888791,AA,AA,AG,76,100,99,NC_000001.11,Mutation NB - Paternal Origin,Transition - Purine/Purine,Unsolved
53525042,rs492600,TT,CC,CC,100,85,33,NC_000001.11,Mutation NB - Paternal Origin,Transition - Pyrimidine/Pyrimidine,T>C
53532969,rs77206559,TT,TT,TC,67,100,99,NC_000001.11,Mutation NB - Paternal Origin,Transition - Pyrimidine/Pyrimidine,Unsolved
54743850,rs6703415,AA,AA,AT,100,88,99,NC_000001.11,Mutation NB - Maternal Origin,Transversion - Purine/Pyrimidine,Unsolved
54851771,rs648804,CC,CC,CT,85,100,99,NC_000001.11,Mutation NB - Paternal Origin,Transition - Pyrimidine/Pyrimidine,Unsolved
54852435,rs667222,CC,CC,CT,85,100,99,NC_000001.11,Mutation NB - Paternal Origin,Transition - Pyrimidine/Pyrimidine,Unsolved
60778014,rs428490,TT,CT,CC,95,2,60,NC_000001.11,Mutation NB - Paternal Origin,Transition - Pyrimidine/Pyrimidine,T>C
62168348,rs2481678,TC,CC,TT,24,88,33,NC_000001.11,Mutation NB - Maternal Origin,Transversion - Purine/Pyrimidine,C>T
67875597,rs7544625,CC,GG,GG,88,100,12,NC_000001.11,Mutation NB - Paternal Origin,Transversion - Purine/Pyrimidine,C>G
73152939,rs4633240,CC,GG,CC,61,100,78,NC_000001.11,Mutation NB - Maternal Origin,Transversion - Purine/Pyrimidine,G>C
73181365,rs7514409,CC,TT,CC,88,100,42,NC_000001.11,Mutation NB - Maternal Origin,Transition - Pyrimidine/Pyrimidine,T>C
76151664,rs434587,GA,GG,AA,80,100,66,NC_000001.11,Mutation NB - Maternal Origin,Transition - Purine/Purine,G>A
78713045,rs17395034,CC,TT,TT,91,61,36,NC_000001.11,Mutation NB - Paternal Origin,Transition - Pyrimidine/Pyrimidine,C>T
83035407,rs72713119,CC,CC,CT,100,85,95,NC_000001.11,Mutation NB - Maternal Origin,Transition - Pyrimidine/Pyrimidine,Unsolved
83112361,rs115718926,AA,AA,AC,64,91,99,NC_000001.11,Mutation NB - Paternal Origin,Transversion - Purine/Pyrimidine,Unsolved
86633276,rs4294388,TT,CC,CC,91,79,9,NC_000001.11,Mutation NB - Paternal Origin,Transition - Pyrimidine/Pyrimidine,T>C
89405878,rs4329495,GG,GG,AG,91,85,83,NC_000001.11,Mutation NB - Maternal Origin,Transition - Purine/Purine,Unsolved
89661989,rs116361595,CC,CC,CA,79,85,99,NC_000001.11,Mutation NB - Paternal Origin,Transversion - Purine/Pyrimidine,Unsolved
89799594,rs10922725,TT,AA,TT,19,100,55,NC_000001.11,Mutation NB - Maternal Origin,Transversion - Purine/Pyrimidine,A>T
92396489,rs11803457,TT,TC,CC,100,1,24,NC_000001.11,Mutation NB - Paternal Origin,Transition - Pyrimidine/Pyrimidine,T>C
93311514,rs7413775,TT,TT,CT,73,91,99,NC_000001.11,Mutation NB - Paternal Origin,Transition - Pyrimidine/Pyrimidine,Unsolved
94006964,rs3789379,AG,AA,GG,32,91,9,NC_000001.11,Mutation NB - Maternal Origin,Transition - Purine/Purine,A>G
94066706,rs7366102,CC,TT,CC,76,88,48,NC_000001.11,Mutation NB - Maternal Origin,Transition - Pyrimidine/Pyrimidine,T>C
94621247,rs3814017,AA,GG,GG,100,85,30,NC_000001.11,Mutation NB - Paternal Origin,Transition - Purine/Purine,A>G
95163975,rs6696322,GG,GG,GA,88,100,99,NC_000001.11,Mutation NB - Paternal Origin,Transition - Purine/Purine,Unsolved
100603796,rs145114993,CC,CC,CT,88,82,99,NC_000001.11,Mutation NB - Maternal Origin,Transition - Pyrimidine/Pyrimidine,Unsolved
101979685,rs11591058,TT,TT,TG,100,64,99,NC_000001.11,Mutation NB - Maternal Origin,Transition - Pyrimidine/Pyrimidine,Transversion - Purine/Pyrimidine,Unsolved
109262722,rs6685415,GG,GG,GC,82,100,99,NC_000001.11,Mutation NB - Paternal Origin,Transition - Purine/Purine,Transversion - Purine/Pyrimidine,Unsolved
109492537,rs11590351,TT,TT,TC,88,85,99,NC_000001.11,Mutation NB - Maternal Origin,Transition - Pyrimidine/Pyrimidine,Unsolved
109665467,rs1051137,AA,AA,AT,100,82,99,NC_000001.11,Mutation NB - Maternal Origin,Transversion - Purine/Pyrimidine,Unsolved
111223100,rs12735522,GG,GA,AA,100,35,63,NC_000001.11,Mutation NB - Paternal Origin,Transition - Purine/Purine,G>A
111978680,rs12134635,GG,AA,GG,76,88,65,NC_000001.11,Mutation NB - Maternal Origin,Transition - Purine/Purine,A>G
114142145,rs74592836,GG,GG,GA,100,88,18,NC_000001.11,Mutation NB - Maternal Origin,Transition - Purine/Purine,Unsolved
114282396,rs137995055,TT,TT,TA,100,88,99,NC_000001.11,Mutation NB - Maternal Origin,Transition - Pyrimidine/Pyrimidine,Transversion - Purine/Pyrimidine,Unsolved
116742010,.,CC,CC,CT,91,88,53,NC_000001.11,Mutation NB - Maternal Origin,Transition - Pyrimidine/Pyrimidine,Unsolved
116971500,rs183220115,CC,GG,CC,67,88,0,NC_000001.11,Mutation NB - Maternal Origin,Transversion - Purine/Pyrimidine,G>C
119077020,rs12045196,GG,GG,GC,100,91,99,NC_000001.11,Mutation NB - Maternal Origin,Transition - Purine/Purine,Transversion - Purine/Pyrimidine,Unsolved
119329980,rs838514,GG,GG,GA,91,100,95,NC_000001.11,Mutation NB - Paternal Origin,Transition - Purine/Purine,Unsolved
119573965,rs61808511,TT,TT,TG,88,85,29,NC_000001.11,Mutation NB - Maternal Origin,Transition - Pyrimidine/Pyrimidine,Transversion - Purine/Pyrimidine,Unsolved
119784716,rs6697347,CC,GG,GG,88,82,54,NC_000001.11,Mutation NB - Paternal Origin,Transversion - Purine/Pyrimidine,C>G
119834755,rs1655072420,TT,TT,TC,91,76,65,NC_000001.11,Mutation NB - Maternal Origin,Transition - Pyrimidine/Pyrimidine,Unsolved
146049690,rs2791751,AA,GG,AA,82,79,66,NC_000001.11,Mutation NB - Maternal Origin,Transition - Purine/Purine,G>A
146049702,rs2782588,TT,CC,TT,82,79,69,NC_000001.11,Mutation NB - Maternal Origin,Transition - Pyrimidine/Pyrimidine,C>T
152308841,rs71626704,TT,GG,GG,88,58,72,NC_000001.11,Mutation NB - Paternal Origin,Transversion - Purine/Pyrimidine,T>G
153349554,rs3006464,CC,CC,AC,79,73,99,NC_000001.11,Mutation NB - Maternal Origin,Transversion - Purine/Pyrimidine,Unsolved
153349565,rs12057777,GG,GG,GA,79,100,99,NC_000001.11,Mutation NB - Paternal Origin,Transition - Purine/Purine,Unsolved
158007569,rs1317324,CC,CC,CT,88,100,95,NC_000001.11,Mutation NB - Paternal Origin,Transition - Pyrimidine/Pyrimidine,Unsolved
165839851,rs6686237,GG,CC,GG,67,91,27,NC_000001.11,Mutation NB - Maternal Origin,Transversion - Purine/Pyrimidine,C>G
165839932,rs7539793,CC,TT,CC,73,88,45,NC_000001.11,Mutation NB - Maternal Origin,Transition - Pyrimidine/Pyrimidine,T>C
166038623,.,TT,TT,TC,79,79,64,NC_000001.11,Mutation NB - Paternal or Maternal,Transition - Pyrimidine/Pyrimidine,Unsolved
166147693,rs12031538,GG,GG,GA,100,91,68,NC_000001.11,Mutation NB - Maternal Origin,Transition - Purine/Purine,Unsolved
167598222,rs11809201,CA,CC,AA,37,91,18,NC_000001.11,Mutation NB - Maternal Origin,Transversion - Purine/Pyrimidine,C>A
171188301,rs28369811,CC,CC,CG,88,79,99,NC_000001.11,Mutation NB - Maternal Origin,Transversion - Purine/Pyrimidine,Unsolved
171188330,rs12085225,CC,AC,AA,88,42,54,NC_000001.11,Mutation NB - Paternal Origin,Transversion - Purine/Pyrimidine,C>A
171782526,rs35882887,CC,CC,CT,79,100,96,NC_000001.11,Mutation NB - Paternal Origin,Transition - Pyrimidine/Pyrimidine,Unsolved
175460706,.,AA,AA,AG,91,82,52,NC_000001.11,Mutation NB - Maternal Origin,Transition - Purine/Purine,Unsolved
181098841,rs6667308,GG,GG,GT,100,100,99,NC_000001.11,Mutation NB - Paternal or Maternal,Transversion - Purine/Pyrimidine,Unsolved
181624643,rs56256494,TT,TT,TC,91,76,99,NC_000001.11,Mutation NB - Maternal Origin,Transition - Pyrimidine/Pyrimidine,Unsolved
182004171,.,AA,AA,AG,91,85,39,NC_000001.11,Mutation NB - Maternal Origin,Transition - Purine/Purine,Unsolved
182122798,rs1666769069,TT,TT,TC,88,70,41,NC_000001.11,Mutation NB - Maternal Origin,Transition - Pyrimidine/Pyrimidine,Unsolved
184212560,rs17574056,CC,TT,CC,91,91,0,NC_000001.11,Mutation NB - Maternal Origin,Transition - Pyrimidine/Pyrimidine,T>C
185324065,rs17641003,TT,CC,TT,91,82,0,NC_000001.11,Mutation NB - Maternal Origin,Transition - Pyrimidine/Pyrimidine,C>T
189825603,rs6664830,GG,AA,GG,28,70,90,NC_000001.11,Mutation NB - Maternal Origin,Transition - Purine/Purine,A>G
196809150,rs421199,AA,GG,AA,70,85,99,NC_000001.11,Mutation NB - Maternal Origin,Transition - Purine/Purine,G>A
196809797,rs1738735,TT,CC,TT,61,88,63,NC_000001.11,Mutation NB - Maternal Origin,Transition - Pyrimidine/Pyrimidine,C>T
196809904,rs11801119,TT,GG,TT,70,85,30,NC_000001.11,Mutation NB - Maternal Origin,Transversion - Purine/Pyrimidine,G>T
196963911,.,TT,TT,TC,76,76,47,NC_000001.11,Mutation NB - Paternal or Maternal,Transition - Pyrimidine/Pyrimidine,Unsolved
197884339,rs7537889,AA,AA,AC,85,100,68,NC_000001.11,Mutation NB - Paternal Origin,Transversion - Purine/Pyrimidine,Unsolved
199596999,rs10919719,CC,TT,TT,100,85,9,NC_000001.11,Mutation NB - Paternal Origin,Transition - Pyrimidine/Pyrimidine,C>T
201225159,rs59498888,CC,TT,CC,91,91,18,NC_000001.11,Mutation NB - Maternal Origin,Transition - Pyrimidine/Pyrimidine,T>C
201268679,rs1857489,AA,GG,GG,100,67,99,NC_000001.11,Mutation NB - Paternal Origin,Transition - Purine/Purine,A>G
201311521,rs832152,CC,CC,CA,82,100,99,NC_000001.11,Mutation NB - Paternal Origin,Transversion - Purine/Pyrimidine,Unsolved
201681137,rs7366302,AA,GG,AA,85,82,45,NC_000001.11,Mutation NB - Maternal Origin,Transition - Purine/Purine,G>A
201938853,rs2819366,CC,TT,CC,67,100,36,NC_000001.11,Mutation NB - Maternal Origin,Transition - Pyrimidine/Pyrimidine,T>C
205527475,rs45601536,AA,AA,AT,91,100,99,NC_000001.11,Mutation NB - Paternal Origin,Transversion - Purine/Pyrimidine,Unsolved
205584826,rs80248025,GG,AA,GG,70,91,54,NC_000001.11,Mutation NB - Maternal Origin,Transition - Purine/Purine,A>G
208291648,rs1391870004,TT,TT,TC,67,82,59,NC_000001.11,Mutation NB - Paternal Origin,Transition - Pyrimidine/Pyrimidine,Unsolved
208788810,rs112253445,CC,CC,CA,67,100,99,NC_000001.11,Mutation NB - Paternal Origin,Transversion - Purine/Pyrimidine,Unsolved
212391284,.,AA,AA,AG,67,91,50,NC_000001.11,Mutation NB - Paternal Origin,Transition - Purine/Purine,Unsolved
212828430,rs11805669,AT,AA,TT,83,100,24,NC_000001.11,Mutation NB - Maternal Origin,Transversion - Purine/Pyrimidine,A>T
217034731,.,TT,TT,TC,88,67,56,NC_000001.11,Mutation NB - Maternal Origin,Transition - Pyrimidine/Pyrimidine,Unsolved
217968258,rs61827673,GG,GG,GA,73,100,99,NC_000001.11,Mutation NB - Paternal Origin,Transition - Purine/Purine,Unsolved
220314409,rs17007380,AA,GG,GG,82,73,63,NC_000001.11,Mutation NB - Paternal Origin,Transition - Purine/Purine,A>G
220685689,rs72629673,TT,AA,AA,91,85,21,NC_000001.11,Mutation NB - Paternal Origin,Transversion - Purine/Pyrimidine,T>A
221047494,rs144572347,CC,CC,CT,91,100,33,NC_000001.11,Mutation NB - Paternal Origin,Transition - Pyrimidine/Pyrimidine,Unsolved
222050112,rs2584319,TT,TT,TC,43,100,99,NC_000001.11,Mutation NB - Paternal Origin,Transition - Pyrimidine/Pyrimidine,Unsolved
223312274,rs1949441,TT,CC,CC,88,55,42,NC_000001.11,Mutation NB - Paternal Origin,Transition - Pyrimidine/Pyrimidine,T>C
225210074,.,TT,TT,TC,70,82,59,NC_000001.11,Mutation NB - Paternal Origin,Transition - Pyrimidine/Pyrimidine,Unsolved
226638424,rs73100921,GG,GG,GA,67,91,99,NC_000001.11,Mutation NB - Paternal Origin,Transition - Purine/Purine,Unsolved
226951105,rs75569821,AA,AA,AG,76,100,99,NC_000001.11,Mutation NB - Paternal Origin,Transition - Purine/Purine,Unsolved
228280757,rs1188697,AA,GG,GG,91,55,60,NC_000001.11,Mutation NB - Paternal Origin,Transition - Purine/Purine,A>G
228353736,rs883748,CC,TT,TT,88,82,54,NC_000001.11,Mutation NB - Paternal Origin,Transition - Pyrimidine/Pyrimidine,C>T
228353896,rs883749,GA,GG,AA,1,100,78,NC_000001.11,Mutation NB - Maternal Origin,Transition - Purine/Purine,G>A
228844014,rs3103805,AA,AA,AG,73,100,99,NC_000001.11,Mutation NB - Paternal Origin,Transition - Purine/Purine,Unsolved
228870086,rs241359,AA,AA,AG,49,100,99,NC_000001.11,Mutation NB - Paternal Origin,Transition - Purine/Purine,Unsolved
231288882,rs111392258,TT,TT,TC,52,85,99,NC_000001.11,Mutation NB - Paternal Origin,Transition - Pyrimidine/Pyrimidine,Unsolved
231446538,rs1769815,CT,CC,TT,76,85,21,NC_000001.11,Mutation NB - Maternal Origin,Transversion - Purine/Pyrimidine,C>T
231446581,rs1765804,AG,AA,GG,76,85,21,NC_000001.11,Mutation NB - Maternal Origin,Transition - Purine/Purine,A>G
234291870,rs593937,CC,CC,TC,85,88,99,NC_000001.11,Mutation NB - Paternal Origin,Transition - Pyrimidine/Pyrimidine,Unsolved
234674613,rs73114238,CC,CC,CT,85,70,98,NC_000001.11,Mutation NB - Maternal Origin,Transition - Pyrimidine/Pyrimidine,Unsolved
235161431,.,AA,AA,AG,82,88,53,NC_000001.11,Mutation NB - Paternal Origin,Transition - Purine/Purine,Unsolved
235618234,rs10926274,GG,GA,AA,100,1,51,NC_000001.11,Mutation NB - Paternal Origin,Transition - Purine/Purine,G>A
238381986,rs6703551,GG,CC,CC,100,85,24,NC_000001.11,Mutation NB - Paternal Origin,Transversion - Purine/Pyrimidine,G>C
238793411,.,GG,GG,GT,61,88,41,NC_000001.11,Mutation NB - Paternal Origin,Transversion - Purine/Pyrimidine,Unsolved
240289019,rs6663332,CA,CC,AA,1,73,54,NC_000001.11,Mutation NB - Maternal Origin,Transversion - Purine/Pyrimidine,C>A
240303464,rs4659957,TT,TT,TC,100,79,99,NC_000001.11,Mutation NB - Maternal Origin,Transition - Pyrimidine/Pyrimidine,Unsolved
240808815,rs36013837,CC,CC,CT,76,100,99,NC_000001.11,Mutation NB - Paternal Origin,Transition - Pyrimidine/Pyrimidine,Unsolved
244395406,rs3101467,GG,AA,AA,100,58,99,NC_000001.11,Mutation NB - Paternal Origin,Transition - Purine/Purine,G>A
246711075,rs12142368,GA,GG,AA,1,88,42,NC_000001.11,Mutation NB - Maternal Origin,Transition - Purine/Purine,G>A
246723880,rs34116211,CC,CC,CT,100,88,99,NC_000001.11,Mutation NB - Maternal Origin,Transition - Pyrimidine/Pyrimidine,Unsolved
247311410,rs12030577,CC,AA,AA,91,85,0,NC_000001.11,Mutation NB - Paternal Origin,Transversion - Purine/Pyrimidine,C>A
122290,rs78243577,AA,GG,GG,88,67,33,NC_000002.12,Mutation NB - Paternal Origin,Transition - Purine/Purine,A>G
264621,rs114976176,AA,AA,AC,100,100,98,NC_000002.12,Mutation NB - Paternal or Maternal,Transversion - Purine/Pyrimidine,Unsolved
562776,rs2724926,CC,TC,TT,34,1,0,NC_000002.12,Mutation NB - Paternal Origin,Transition - Pyrimidine/Pyrimidine,C>T
623588,rs12468153,GG,GG,GA,88,100,62,NC_000002.12,Mutation NB - Paternal Origin,Transition - Purine/Purine,Unsolved
652247,rs7608050,AA,GG,GG,88,100,36,NC_000002.12,Mutation NB - Paternal Origin,Transition - Purine/Purine,A>G
652272,rs6760274,AA,GG,GG,88,100,36,NC_000002.12,Mutation NB - Paternal Origin,Transition - Purine/Purine,A>G
1677948,rs13019273,TT,CC,CC,100,88,36,NC_000002.12,Mutation NB - Paternal Origin,Transition - Pyrimidine/Pyrimidine,T>C
3012299,rs34410369,CC,CC,CA,100,91,56,NC_000002.12,Mutation NB - Maternal Origin,Transversion - Purine/Pyrimidine,Unsolved
3743376,rs759530070,GG,GG,GA,85,76,99,NC_000002.12,Mutation NB - Maternal Origin,Transition - Purine/Purine,Unsolved
3744339,rs116639675,GG,GG,GA,91,88,99,NC_000002.12,Mutation NB - Maternal Origin,Transition - Purine/Purine,Unsolved
8647844,rs4668586,CC,CC,CA,73,85,65,NC_000002.12,Mutation NB - Paternal Origin,Transversion - Purine/Pyrimidine,Unsolved
9667855,rs6713719,CC,CC,CT,58,100,99,NC_000002.12,Mutation NB - Paternal Origin,Transition - Pyrimidine/Pyrimidine,Unsolved
10162971,rs79312429,AA,AA,AG,88,91,60,NC_000002.12,Mutation NB - Paternal Origin,Transition - Purine/Purine,Unsolved
10591979,rs12104950,GG,GG,GA,49,100,99,NC_000002.12,Mutation NB - Paternal Origin,Transition - Purine/Purine,Unsolved
11073349,rs10169945,GG,GG,GT,100,100,99,NC_000002.12,Mutation NB - Paternal or Maternal,Transversion - Purine/Pyrimidine,Unsolved
12110386,rs13382495,CC,CT,TT,100,32,27,NC_000002.12,Mutation NB - Paternal Origin,Transition - Pyrimidine/Pyrimidine,C>T
15456623,rs7586068,AA,TA,TT,91,32,12,NC_000002.12,Mutation NB - Paternal Origin,Transversion - Purine/Pyrimidine,A>T
20192612,rs74501061,CC,CC,CG,91,91,99,NC_000002.12,Mutation NB - Paternal or Maternal,Transversion - Purine/Pyrimidine,Unsolved
20193153,rs76689748,AA,AA,AG,91,85,99,NC_000002.12,Mutation NB - Maternal Origin,Transition - Purine/Purine,Unsolved
20543956,rs11096672,GA,GG,AA,41,91,27,NC_000002.12,Mutation NB - Maternal Origin,Transition - Purine/Purine,G>A
29158694,rs62132794,GG,GG,GC,100,73,99,NC_000002.12,Mutation NB - Maternal Origin,Transition - Purine/Purine,Transversion - Purine/Pyrimidine,Unsolved
29438146,.,TT,TT,TC,76,79,59,NC_000002.12,Mutation NB - Paternal Origin,Transition - Pyrimidine/Pyrimidine,Unsolved
29527863,rs7594020,GG,GG,GA,100,73,99,NC_000002.12,Mutation NB - Maternal Origin,Transition - Purine/Purine,Unsolved
29848798,rs4074195,CC,TT,CC,88,91,0,NC_000002.12,Mutation NB - Maternal Origin,Transition - Pyrimidine/Pyrimidine,T>C
30977948,rs114468200,CC,CC,CA,91,100,99,NC_000002.12,Mutation NB - Paternal Origin,Transversion - Purine/Pyrimidine,Unsolved
34111525,rs6757137,CC,CC,CT,73,100,99,NC_000002.12,Mutation NB - Paternal Origin,Transition - Pyrimidine/Pyrimidine,Unsolved
34111544,rs62133669,CC,CC,CT,73,100,99,NC_000002.12,Mutation NB - Paternal Origin,Transition - Pyrimidine/Pyrimidine,Unsolved
37156965,rs112719085,GG,GG,GA,100,85,99,NC_000002.12,Mutation NB - Maternal Origin,Transition - Purine/Purine,Unsolved
39555611,rs965833532,TT,TT,TA,100,100,99,NC_000002.12,Mutation NB - Paternal or Maternal,Transition - Pyrimidine/Pyrimidine,Transversion - Purine/Pyrimidine,Unsolved
39839289,rs72789119,AA,AA,AT,79,100,99,NC_000002.12,Mutation NB - Paternal Origin,Transversion - Purine/Pyrimidine,Unsolved
41842304,rs17028840,AA,AA,GG,88,91,12,NC_000002.12,Mutation NB - Paternal Origin,Transition - Purine/Purine,Unsolved
44849087,.,AA,AA,AG,88,70,50,NC_000002.12,Mutation NB - Maternal Origin,Transition - Purine/Purine,Unsolved
45724854,rs7568111,CC,CC,CT,40,100,99,NC_000002.12,Mutation NB - Paternal Origin,Transition - Pyrimidine/Pyrimidine,Unsolved
46005233,rs2595222,GG,GG,GA,85,100,84,NC_000002.12,Mutation NB - Paternal Origin,Transition - Purine/Purine,Unsolved
47003382,rs13413587,GG,TT,TT,91,76,36,NC_000002.12,Mutation NB - Paternal Origin,Transversion - Purine/Pyrimidine,G>T
52938476,rs889561580,TT,TT,TC,55,76,44,NC_000002.12,Mutation NB - Paternal Origin,Transition - Pyrimidine/Pyrimidine,Unsolved
53867502,rs805381,GG,AA,GG,64,55,62,NC_000002.12,Mutation NB - Maternal Origin,Transition - Purine/Purine,A>G
54325784,rs11675478,TT,TT,TC,91,55,99,NC_000002.12,Mutation NB - Maternal Origin,Transition - Pyrimidine/Pyrimidine,Unsolved
54325815,rs6739530,AA,GG,GG,91,55,39,NC_000002.12,Mutation NB - Paternal Origin,Transition - Purine/Purine,A>G
54999087,.,AA,AA,AG,79,76,41,NC_000002.12,Mutation NB - Maternal Origin,Transition - Purine/Purine,Unsolved
56606142,rs4305312,CC,TT,TT,100,76,36,NC_000002.12,Mutation NB - Paternal Origin,Transition - Pyrimidine/Pyrimidine,C>T
63457384,rs536258462,CC,CC,CT,100,73,99,NC_000002.12,Mutation NB - Maternal Origin,Transition - Pyrimidine/Pyrimidine,Unsolved
64214449,.,TT,TT,TC,91,91,68,NC_000002.12,Mutation NB - Paternal or Maternal,Transition - Pyrimidine/Pyrimidine,Unsolved
64911932,.,AA,AA,AG,64,70,44,NC_000002.12,Mutation NB - Paternal Origin,Transition - Purine/Purine,Unsolved
65564456,rs4671132,TT,TT,TC,100,91,99,NC_000002.12,Mutation NB - Maternal Origin,Transition - Pyrimidine/Pyrimidine,Unsolved
65814967,rs6713356,TT,TC,CC,100,1,36,NC_000002.12,Mutation NB - Paternal Origin,Transition - Pyrimidine/Pyrimidine,T>C
66276490,rs13008214,GG,CC,GG,91,88,12,NC_000002.12,Mutation NB - Maternal Origin,Transversion - Purine/Pyrimidine,C>G
66525424,rs62144057,GG,CC,CC,91,88,21,NC_000002.12,Mutation NB - Paternal Origin,Transversion - Purine/Pyrimidine,G>C
67575818,rs2902008,CC,TT,CC,88,91,72,NC_000002.12,Mutation NB - Maternal Origin,Transition - Pyrimidine/Pyrimidine,T>C
67745109,rs142557633,AA,GG,GG,91,91,12,NC_000002.12,Mutation NB - Paternal Origin,Transition - Purine/Purine,A>G
70204689,rs6728731,AA,AG,GG,91,73,36,NC_000002.12,Mutation NB - Paternal Origin,Transition - Purine/Purine,A>G
70499720,rs34079678,TT,CC,CC,85,91,33,NC_000002.12,Mutation NB - Paternal Origin,Transition - Pyrimidine/Pyrimidine,T>C
70940011,rs6750310,GG,GT,TT,100,1,48,NC_000002.12,Mutation NB - Paternal Origin,Transversion - Purine/Pyrimidine,G>T
71150500,rs357742,TT,AA,AA,85,79,54,NC_000002.12,Mutation NB - Paternal Origin,Transversion - Purine/Pyrimidine,T>A
73836391,rs7588498,CC,CC,CA,100,70,99,NC_000002.12,Mutation NB - Maternal Origin,Transversion - Purine/Pyrimidine,Unsolved
76897818,rs1929457,GG,GG,GC,100,70,99,NC_000002.12,Mutation NB - Maternal Origin,Transition - Purine/Purine,Transversion - Purine/Pyrimidine,Unsolved
77023361,rs2121408,CC,CC,CT,88,79,64,NC_000002.12,Mutation NB - Maternal Origin,Transition - Pyrimidine/Pyrimidine,Unsolved
77642834,rs80154557,CC,CC,CT,79,100,99,NC_000002.12,Mutation NB - Paternal Origin,Transition - Pyrimidine/Pyrimidine,Unsolved
79669795,rs6743921,CC,CC,CG,100,91,99,NC_000002.12,Mutation NB - Maternal Origin,Transversion - Purine/Pyrimidine,Unsolved
79670186,rs1606115,AA,AG,GG,100,1,87,NC_000002.12,Mutation NB - Paternal Origin,Transition - Purine/Purine,A>G
96898547,rs2314650,GG,GG,GA,100,61,99,NC_000002.12,Mutation NB - Maternal Origin,Transition - Purine/Purine,Unsolved
100676744,rs2970982,CC,CC,CT,67,88,99,NC_000002.12,Mutation NB - Paternal Origin,Transition - Pyrimidine/Pyrimidine,Unsolved
101351698,rs4585047,TT,CC,CC,100,67,48,NC_000002.12,Mutation NB - Paternal Origin,Transition - Pyrimidine/Pyrimidine,T>C
102120794,rs6736803,AA,GG,AA,76,100,36,NC_000002.12,Mutation NB - Maternal Origin,Transition - Purine/Purine,G>A
102120802,rs72820106,CC,GG,CC,76,91,36,NC_000002.12,Mutation NB - Maternal Origin,Transversion - Purine/Pyrimidine,G>C
102121101,rs188459638,GG,GG,GA,58,79,99,NC_000002.12,Mutation NB - Paternal Origin,Transition - Purine/Purine,Unsolved
104872220,.,TT,TT,TC,79,82,41,NC_000002.12,Mutation NB - Paternal Origin,Transition - Pyrimidine/Pyrimidine,Unsolved
106166907,.,CC,CC,CG,64,76,39,NC_000002.12,Mutation NB - Paternal Origin,Transversion - Purine/Pyrimidine,Unsolved
106607507,rs72824039,GG,AA,AA,100,88,21,NC_000002.12,Mutation NB - Paternal Origin,Transition - Purine/Purine,G>A
108162845,rs73953561,GG,GG,GT,88,100,99,NC_000002.12,Mutation NB - Paternal Origin,Transversion - Purine/Pyrimidine,Unsolved
108162855,rs73953562,AA,AA,AG,91,100,99,NC_000002.12,Mutation NB - Paternal Origin,Transition - Purine/Purine,Unsolved
108163029,rs1563113,TT,TT,TC,91,100,99,NC_000002.12,Mutation NB - Paternal Origin,Transition - Pyrimidine/Pyrimidine,Unsolved
109351734,.,AA,AA,AC,67,85,41,NC_000002.12,Mutation NB - Paternal Origin,Transversion - Purine/Pyrimidine,Unsolved
109387714,rs3860481,TT,CC,CC,100,88,48,NC_000002.12,Mutation NB - Paternal Origin,Transition - Pyrimidine/Pyrimidine,T>C
109504119,rs11680126,CC,CC,CT,85,91,99,NC_000002.12,Mutation NB - Paternal Origin,Transition - Pyrimidine/Pyrimidine,Unsolved
112184073,rs6542044,TT,TT,TC,82,100,99,NC_000002.12,Mutation NB - Paternal Origin,Transition - Pyrimidine/Pyrimidine,Unsolved
112900182,rs56319258,CT,CC,TT,35,100,39,NC_000002.12,Mutation NB - Maternal Origin,Transversion - Purine/Pyrimidine,C>T
118827348,rs67800871,AA,AA,AG,40,88,99,NC_000002.12,Mutation NB - Paternal Origin,Transition - Purine/Purine,Unsolved
119306899,rs6542520,GG,CC,GG,4,100,99,NC_000002.12,Mutation NB - Maternal Origin,Transversion - Purine/Pyrimidine,C>G
120449019,rs6761337,TT,CC,TT,76,85,24,NC_000002.12,Mutation NB - Maternal Origin,Transition - Pyrimidine/Pyrimidine,C>T
120768361,rs4848625,TT,CC,TT,91,100,21,NC_000002.12,Mutation NB - Maternal Origin,Transition - Pyrimidine/Pyrimidine,C>T
126776226,.,AA,AA,AG,73,85,56,NC_000002.12,Mutation NB - Paternal Origin,Transition - Purine/Purine,Unsolved
128560141,.,AA,AA,AG,88,91,43,NC_000002.12,Mutation NB - Paternal Origin,Transition - Purine/Purine,Unsolved
129357290,rs114392703,AA,AA,GG,91,91,9,NC_000002.12,Mutation NB - Paternal or Maternal,Transition - Purine/Purine,Unsolved
131648106,rs72868320,AA,AA,AG,100,100,99,NC_000002.12,Mutation NB - Paternal or Maternal,Transition - Purine/Purine,Unsolved
132767866,rs941439233,GG,GG,GA,100,82,89,NC_000002.12,Mutation NB - Maternal Origin,Transition - Purine/Purine,Unsolved
133412975,.,AA,AA,AG,100,82,42,NC_000002.12,Mutation NB - Maternal Origin,Transition - Purine/Purine,Unsolved
134176829,rs4954112,TT,TT,TG,91,70,99,NC_000002.12,Mutation NB - Maternal Origin,Transition - Pyrimidine/Pyrimidine,Transversion - Purine/Pyrimidine,Unsolved
134593672,rs115421173,TT,TT,TC,100,88,99,NC_000002.12,Mutation NB - Maternal Origin,Transition - Pyrimidine/Pyrimidine,Unsolved
138954893,rs141904737,GG,GG,GT,100,91,99,NC_000002.12,Mutation NB - Maternal Origin,Transversion - Purine/Pyrimidine,Unsolved
138954914,rs139371595,AA,AA,AC,100,91,99,NC_000002.12,Mutation NB - Maternal Origin,Transversion - Purine/Pyrimidine,Unsolved
150105176,rs7605965,GG,GG,GA,100,88,92,NC_000002.12,Mutation NB - Maternal Origin,Transition - Purine/Purine,Unsolved
152958576,rs4531882,GG,TT,TT,88,79,36,NC_000002.12,Mutation NB - Paternal Origin,Transversion - Purine/Pyrimidine,G>T
152958698,rs4619556,GG,AA,AA,91,79,36,NC_000002.12,Mutation NB - Paternal Origin,Transition - Purine/Purine,G>A
153844352,rs9808527,CC,TT,TT,82,76,21,NC_000002.12,Mutation NB - Paternal Origin,Transition - Pyrimidine/Pyrimidine,C>T
158726463,rs11674976,CC,CT,TT,100,39,39,NC_000002.12,Mutation NB - Paternal Origin,Transition - Pyrimidine/Pyrimidine,C>T
165427685,rs590745,GT,TT,GG,45,91,30,NC_000002.12,Mutation NB - Maternal Origin,Transversion - Purine/Pyrimidine,T>G
166486603,.,GG,GG,GA,70,82,41,NC_000002.12,Mutation NB - Paternal Origin,Transition - Purine/Purine,Unsolved
168505032,rs12479292,CC,CC,CT,100,88,64,NC_000002.12,Mutation NB - Maternal Origin,Transition - Pyrimidine/Pyrimidine,Unsolved
168754528,rs76092446,CC,CC,CG,100,91,99,NC_000002.12,Mutation NB - Maternal Origin,Transversion - Purine/Pyrimidine,Unsolved
170122122,rs186133920,GG,GG,GA,82,70,99,NC_000002.12,Mutation NB - Maternal Origin,Transition - Purine/Purine,Unsolved
170975382,rs13425574,GG,GG,GC,85,79,86,NC_000002.12,Mutation NB - Maternal Origin,Transition - Purine/Purine,Transversion - Purine/Pyrimidine,Unsolved
171520712,rs7586174,GG,GG,AA,79,100,33,NC_000002.12,Mutation NB - Paternal Origin,Transition - Purine/Purine,Unsolved
171523139,rs115283512,TT,CC,CC,79,88,99,NC_000002.12,Mutation NB - Paternal Origin,Transition - Pyrimidine/Pyrimidine,T>C
175094800,.,GG,GG,GC,76,88,41,NC_000002.12,Mutation NB - Paternal Origin,Transition - Purine/Purine,Transversion - Purine/Pyrimidine,Unsolved
176773365,rs147762594,AA,GG,AA,64,91,39,NC_000002.12,Mutation NB - Maternal Origin,Transition - Purine/Purine,G>A
191797864,rs937876355,TT,TT,TC,100,73,99,NC_000002.12,Mutation NB - Maternal Origin,Transition - Pyrimidine/Pyrimidine,Unsolved
191800480,rs116712002,CT,CC,TT,38,91,12,NC_000002.12,Mutation NB - Maternal Origin,Transversion - Purine/Pyrimidine,C>T
191869309,rs59995229,AA,AA,AG,85,100,99,NC_000002.12,Mutation NB - Paternal Origin,Transition - Purine/Purine,Unsolved
195269238,rs113603171,CC,CC,CT,88,82,99,NC_000002.12,Mutation NB - Maternal Origin,Transition - Pyrimidine/Pyrimidine,Unsolved
197852235,rs1687253420,GG,TT,TT,94,76,0,NC_000002.12,Mutation NB - Paternal Origin,Transversion - Purine/Pyrimidine,G>T
197993677,rs6724526,GG,AA,GG,73,91,51,NC_000002.12,Mutation NB - Maternal Origin,Transition - Purine/Purine,A>G
202338235,rs1105047,AA,AA,AG,100,67,99,NC_000002.12,Mutation NB - Maternal Origin,Transition - Purine/Purine,Unsolved
205354288,rs12468851,CC,TT,TT,88,85,18,NC_000002.12,Mutation NB - Paternal Origin,Transition - Pyrimidine/Pyrimidine,C>T
205354289,rs12472655,CC,AA,AA,88,85,18,NC_000002.12,Mutation NB - Paternal Origin,Transversion - Purine/Pyrimidine,C>A
205849617,rs140745691,CC,CC,CT,100,100,99,NC_000002.12,Mutation NB - Paternal or Maternal,Transition - Pyrimidine/Pyrimidine,Unsolved
207028056,rs7585197,AA,AA,AC,97,100,63,NC_000002.12,Mutation NB - Paternal Origin,Transversion - Purine/Pyrimidine,Unsolved
208966269,rs35953115,GG,GG,GA,88,79,99,NC_000002.12,Mutation NB - Maternal Origin,Transition - Purine/Purine,Unsolved
212604810,rs77870862,GG,GG,GA,100,76,81,NC_000002.12,Mutation NB - Maternal Origin,Transition - Purine/Purine,Unsolved
212628733,.,AA,AA,AG,88,100,42,NC_000002.12,Mutation NB - Paternal Origin,Transition - Purine/Purine,Unsolved
214114234,rs6733377,AA,AA,GA,82,91,99,NC_000002.12,Mutation NB - Paternal Origin,Transition - Purine/Purine,Unsolved
215800587,rs12622545,GG,GG,GA,100,88,66,NC_000002.12,Mutation NB - Maternal Origin,Transition - Purine/Purine,Unsolved
215800594,rs12622501,CC,CC,CA,100,88,66,NC_000002.12,Mutation NB - Maternal Origin,Transversion - Purine/Pyrimidine,Unsolved
216000010,rs3770558,GG,CC,GG,88,100,45,NC_000002.12,Mutation NB - Maternal Origin,Transversion - Purine/Pyrimidine,C>G
218876953,.,AA,AA,AG,28,55,39,NC_000002.12,Mutation NB - Paternal Origin,Transition - Purine/Purine,Unsolved
220005357,.,TT,TT,TC,91,79,56,NC_000002.12,Mutation NB - Maternal Origin,Transition - Pyrimidine/Pyrimidine,Unsolved
220503265,rs2602289,CC,CC,CT,82,91,99,NC_000002.12,Mutation NB - Paternal Origin,Transition - Pyrimidine/Pyrimidine,Unsolved
222755921,rs111701369,CC,CC,CT,100,91,27,NC_000002.12,Mutation NB - Maternal Origin,Transition - Pyrimidine/Pyrimidine,Unsolved
224330309,rs77353306,AA,TT,AA,43,91,54,NC_000002.12,Mutation NB - Maternal Origin,Transversion - Purine/Pyrimidine,T>A
224330310,rs76458346,AA,TT,AA,43,91,54,NC_000002.12,Mutation NB - Maternal Origin,Transversion - Purine/Pyrimidine,T>A
224330311,rs187867305,AA,TT,AA,43,91,54,NC_000002.12,Mutation NB - Maternal Origin,Transversion - Purine/Pyrimidine,T>A
231904228,rs878369,GG,GG,GA,91,85,99,NC_000002.12,Mutation NB - Maternal Origin,Transition - Purine/Purine,Unsolved
232334198,.,AA,AA,AG,82,91,56,NC_000002.12,Mutation NB - Paternal Origin,Transition - Purine/Purine,Unsolved
232334201,rs3748966,CT,TT,CC,35,91,27,NC_000002.12,Mutation NB - Maternal Origin,Transition - Pyrimidine/Pyrimidine,T>C
232582111,rs6437068,GG,AA,GG,61,100,84,NC_000002.12,Mutation NB - Maternal Origin,Transition - Purine/Purine,A>G
233461728,rs6431435,TT,CT,CC,88,1,30,NC_000002.12,Mutation NB - Paternal Origin,Transition - Pyrimidine/Pyrimidine,T>C
235507601,rs885539,GA,GG,AA,1,91,12,NC_000002.12,Mutation NB - Maternal Origin,Transition - Purine/Purine,G>A
235545602,rs11687781,GG,GG,GA,100,85,53,NC_000002.12,Mutation NB - Maternal Origin,Transition - Purine/Purine,Unsolved
236536859,rs73129875,AA,AA,AC,100,79,99,NC_000002.12,Mutation NB - Maternal Origin,Transversion - Purine/Pyrimidine,Unsolved
236536862,rs73129878,CC,CC,CT,100,79,99,NC_000002.12,Mutation NB - Maternal Origin,Transition - Pyrimidine/Pyrimidine,Unsolved
238156293,rs3739058,CC,TT,CC,73,91,24,NC_000002.12,Mutation NB - Maternal Origin,Transition - Pyrimidine/Pyrimidine,T>C
238277948,rs2304672,GG,GG,GC,85,100,99,NC_000002.12,Mutation NB - Paternal Origin,Transition - Purine/Purine,Transversion - Purine/Pyrimidine,Unsolved
238545178,.,AA,AA,AG,79,70,39,NC_000002.12,Mutation NB - Maternal Origin,Transition - Purine/Purine,Unsolved
238595236,rs4663314,CC,TT,CC,88,100,27,NC_000002.12,Mutation NB - Maternal Origin,Transition - Pyrimidine/Pyrimidine,T>C
238947087,rs75081919,CC,CC,CA,88,88,86,NC_000002.12,Mutation NB - Paternal or Maternal,Transversion - Purine/Pyrimidine,Unsolved
238985702,rs111470758,AA,CC,AA,58,82,36,NC_000002.12,Mutation NB - Maternal Origin,Transversion - Purine/Pyrimidine,C>A
239007340,rs7591946,CC,TT,TT,91,76,33,NC_000002.12,Mutation NB - Paternal Origin,Transition - Pyrimidine/Pyrimidine,C>T
239007349,rs7591952,CC,TT,TT,91,76,33,NC_000002.12,Mutation NB - Paternal Origin,Transition - Pyrimidine/Pyrimidine,C>T
239200851,rs3791585,TT,TT,TC,58,100,47,NC_000002.12,Mutation NB - Paternal Origin,Transition - Pyrimidine/Pyrimidine,Unsolved
240255250,rs10184262,TT,CC,CC,88,100,12,NC_000002.12,Mutation NB - Paternal Origin,Transition - Pyrimidine/Pyrimidine,T>C
241749257,rs78280775,CC,TT,TT,100,76,69,NC_000002.12,Mutation NB - Paternal Origin,Transition - Pyrimidine/Pyrimidine,C>T
967355,rs11921889,AA,AA,GA,52,76,89,NC_000003.12,Mutation NB - Paternal Origin,Transition - Purine/Purine,Unsolved
3049623,rs9856010,CC,TT,TT,91,73,30,NC_000003.12,Mutation NB - Paternal Origin,Transition - Pyrimidine/Pyrimidine,C>T
3049647,rs7649378,AA,CC,CC,91,73,30,NC_000003.12,Mutation NB - Paternal Origin,Transversion - Purine/Pyrimidine,A>C
4099005,rs73809306,GG,AA,AA,91,61,21,NC_000003.12,Mutation NB - Paternal Origin,Transition - Purine/Purine,G>A
5218123,rs79419566,CC,AA,AA,82,79,39,NC_000003.12,Mutation NB - Paternal Origin,Transversion - Purine/Pyrimidine,C>A
9603118,rs114073210,TT,TT,TC,91,58,99,NC_000003.12,Mutation NB - Maternal Origin,Transition - Pyrimidine/Pyrimidine,Unsolved
10163383,rs796771572,TT,TT,TC,100,91,54,NC_000003.12,Mutation NB - Maternal Origin,Transition - Pyrimidine/Pyrimidine,Unsolved
10163384,rs1320501440,TT,CC,TT,82,91,3,NC_000003.12,Mutation NB - Maternal Origin,Transition - Pyrimidine/Pyrimidine,C>T
11545997,rs9850938,TT,GG,GG,85,82,42,NC_000003.12,Mutation NB - Paternal Origin,Transversion - Purine/Pyrimidine,T>G
13519673,rs2675241,CC,CC,GG,91,91,12,NC_000003.12,Mutation NB - Paternal or Maternal,Transversion - Purine/Pyrimidine,Unsolved
15157618,rs9819645,TT,TT,TC,100,64,99,NC_000003.12,Mutation NB - Maternal Origin,Transition - Pyrimidine/Pyrimidine,Unsolved
16616816,rs6801742,AG,AA,GG,67,100,9,NC_000003.12,Mutation NB - Maternal Origin,Transition - Purine/Purine,A>G
20668515,rs9852717,TT,TT,GG,100,100,21,NC_000003.12,Mutation NB - Paternal or Maternal,Transition - Purine/Purine,Transversion - Purine/Pyrimidine,Unsolved
23734136,rs67044183,TT,TT,TC,85,100,99,NC_000003.12,Mutation NB - Paternal Origin,Transition - Pyrimidine/Pyrimidine,Unsolved
27417734,.,AA,AA,AG,67,67,39,NC_000003.12,Mutation NB - Paternal or Maternal,Transition - Purine/Purine,Unsolved
29797316,rs1576831792,CC,CC,CT,70,88,99,NC_000003.12,Mutation NB - Paternal Origin,Transition - Pyrimidine/Pyrimidine,Unsolved
30198276,rs56257127,GA,GG,AA,1,100,54,NC_000003.12,Mutation NB - Maternal Origin,Transition - Purine/Purine,G>A
32954462,.,AA,AA,AG,82,88,56,NC_000003.12,Mutation NB - Paternal Origin,Transition - Purine/Purine,Unsolved
36680774,rs9824188,TT,CT,CC,88,76,12,NC_000003.12,Mutation NB - Paternal Origin,Transition - Pyrimidine/Pyrimidine,T>C
36830933,.,GG,GG,GA,67,88,62,NC_000003.12,Mutation NB - Paternal Origin,Transition - Purine/Purine,Unsolved
37901688,rs11715793,AA,CC,AA,1,82,93,NC_000003.12,Mutation NB - Maternal Origin,Transversion - Purine/Pyrimidine,C>A
38883784,rs12629109,AA,GG,AA,100,91,0,NC_000003.12,Mutation NB - Maternal Origin,Transition - Purine/Purine,G>A
40417182,.,AA,AA,AG,91,85,50,NC_000003.12,Mutation NB - Maternal Origin,Transition - Purine/Purine,Unsolved
41533838,rs2700434,CT,CC,TT,1,100,30,NC_000003.12,Mutation NB - Maternal Origin,Transversion - Purine/Pyrimidine,C>T
41647552,rs9860613,AA,GG,AA,73,82,24,NC_000003.12,Mutation NB - Maternal Origin,Transition - Purine/Purine,G>A
44099075,rs9820376,CC,TT,TT,88,100,0,NC_000003.12,Mutation NB - Paternal Origin,Transition - Pyrimidine/Pyrimidine,C>T
44099080,rs74282562,TT,CC,CC,88,52,45,NC_000003.12,Mutation NB - Paternal Origin,Transition - Pyrimidine/Pyrimidine,T>C
44386738,rs9637423,TT,TT,TA,100,82,30,NC_000003.12,Mutation NB - Maternal Origin,Transition - Pyrimidine/Pyrimidine,Transversion - Purine/Pyrimidine,Unsolved
45130103,rs13076926,GG,AG,AA,82,12,21,NC_000003.12,Mutation NB - Paternal Origin,Transition - Purine/Purine,G>A
45830501,rs62245073,CC,CC,CT,91,82,56,NC_000003.12,Mutation NB - Maternal Origin,Transition - Pyrimidine/Pyrimidine,Unsolved
49637709,rs1873626,TT,AA,TT,88,85,0,NC_000003.12,Mutation NB - Maternal Origin,Transversion - Purine/Pyrimidine,A>T
50341415,.,TT,TT,TC,61,91,99,NC_000003.12,Mutation NB - Paternal Origin,Transition - Pyrimidine/Pyrimidine,Unsolved
52358861,rs11707864,GG,GG,GA,61,100,99,NC_000003.12,Mutation NB - Paternal Origin,Transition - Purine/Purine,Unsolved
52796768,.,AA,AA,AG,91,88,56,NC_000003.12,Mutation NB - Maternal Origin,Transition - Purine/Purine,Unsolved
54299003,rs56198536,CC,GG,GG,87,79,36,NC_000003.12,Mutation NB - Paternal Origin,Transversion - Purine/Pyrimidine,C>G
55360514,.,CC,CC,CT,67,91,41,NC_000003.12,Mutation NB - Paternal Origin,Transition - Pyrimidine/Pyrimidine,Unsolved
56476456,rs1552671,GG,AG,AA,88,1,51,NC_000003.12,Mutation NB - Paternal Origin,Transition - Purine/Purine,G>A
57448351,rs12494989,CC,CC,GG,100,82,30,NC_000003.12,Mutation NB - Maternal Origin,Transversion - Purine/Pyrimidine,Unsolved
57448352,rs12488495,AA,AA,GG,100,82,30,NC_000003.12,Mutation NB - Maternal Origin,Transition - Purine/Purine,Unsolved
59451193,rs12639338,AA,AG,GG,91,5,30,NC_000003.12,Mutation NB - Paternal Origin,Transition - Purine/Purine,A>G
59634527,rs1254944680,CC,CC,CT,70,61,44,NC_000003.12,Mutation NB - Maternal Origin,Transition - Pyrimidine/Pyrimidine,Unsolved
61269739,rs843812,GG,GG,GA,70,100,99,NC_000003.12,Mutation NB - Paternal Origin,Transition - Purine/Purine,Unsolved
65135590,rs6445464,AG,AA,GG,70,100,30,NC_000003.12,Mutation NB - Maternal Origin,Transition - Purine/Purine,A>G
73443501,rs1872952,AA,GA,GG,76,73,22,NC_000003.12,Mutation NB - Paternal Origin,Transition - Purine/Purine,A>G
75151413,rs9867412,AA,GG,GG,76,82,6,NC_000003.12,Mutation NB - Paternal Origin,Transition - Purine/Purine,A>G
76160163,rs13096638,GG,TT,TT,100,64,54,NC_000003.12,Mutation NB - Paternal Origin,Transversion - Purine/Pyrimidine,G>T
84758795,rs77219458,CC,TT,TT,85,79,9,NC_000003.12,Mutation NB - Paternal Origin,Transition - Pyrimidine/Pyrimidine,C>T
86730939,rs12497015,CC,TT,CC,43,100,84,NC_000003.12,Mutation NB - Maternal Origin,Transition - Pyrimidine/Pyrimidine,T>C
89333626,rs13076853,CC,AA,AA,91,91,0,NC_000003.12,Mutation NB - Paternal Origin,Transversion - Purine/Pyrimidine,C>A
100581482,rs12630904,CC,CC,AA,100,100,33,NC_000003.12,Mutation NB - Paternal or Maternal,Transversion - Purine/Pyrimidine,Unsolved
101186015,rs1848250,CC,TT,TT,88,91,27,NC_000003.12,Mutation NB - Paternal Origin,Transition - Pyrimidine/Pyrimidine,C>T
110670968,rs13082127,AA,AA,AG,58,100,99,NC_000003.12,Mutation NB - Paternal Origin,Transition - Purine/Purine,Unsolved
117682347,rs4364201,CC,TT,TT,82,88,42,NC_000003.12,Mutation NB - Paternal Origin,Transition - Pyrimidine/Pyrimidine,C>T
123412407,rs17361324,TT,CC,CC,88,73,30,NC_000003.12,Mutation NB - Paternal Origin,Transition - Pyrimidine/Pyrimidine,T>C
124573174,rs2713647,TT,TT,TG,100,85,99,NC_000003.12,Mutation NB - Maternal Origin,Transition - Pyrimidine/Pyrimidine,Transversion - Purine/Pyrimidine,Unsolved
125169443,rs515234,AA,GG,GG,100,88,45,NC_000003.12,Mutation NB - Paternal Origin,Transition - Purine/Purine,A>G
126115333,rs11716254,CC,TT,CC,70,91,30,NC_000003.12,Mutation NB - Maternal Origin,Transition - Pyrimidine/Pyrimidine,T>C
126130871,rs1562475,AA,GG,GG,100,61,99,NC_000003.12,Mutation NB - Paternal Origin,Transition - Purine/Purine,A>G
126310546,rs7638480,TT,TT,TA,100,76,99,NC_000003.12,Mutation NB - Maternal Origin,Transition - Pyrimidine/Pyrimidine,Transversion - Purine/Pyrimidine,Unsolved
126321441,rs55884026,CC,CC,CT,100,88,99,NC_000003.12,Mutation NB - Maternal Origin,Transition - Pyrimidine/Pyrimidine,Unsolved
127052770,rs10433407,AA,GG,AA,91,88,99,NC_000003.12,Mutation NB - Maternal Origin,Transition - Purine/Purine,G>A
127708156,rs2078637,CC,TT,TT,100,52,78,NC_000003.12,Mutation NB - Paternal Origin,Transition - Pyrimidine/Pyrimidine,C>T
127778733,.,TT,TT,TC,85,79,47,NC_000003.12,Mutation NB - Maternal Origin,Transition - Pyrimidine/Pyrimidine,Unsolved
129233275,rs7433855,TT,TC,CC,100,33,36,NC_000003.12,Mutation NB - Paternal Origin,Transition - Pyrimidine/Pyrimidine,T>C
129233336,rs7433874,TT,TC,CC,100,39,36,NC_000003.12,Mutation NB - Paternal Origin,Transition - Pyrimidine/Pyrimidine,T>C
129247671,rs929771575,CC,CC,CT,73,79,80,NC_000003.12,Mutation NB - Paternal Origin,Transition - Pyrimidine/Pyrimidine,Unsolved
130084522,rs9883444,CA,CC,AA,1,91,15,NC_000003.12,Mutation NB - Maternal Origin,Transversion - Purine/Pyrimidine,C>A
130084542,rs9883686,GA,GG,AA,1,91,15,NC_000003.12,Mutation NB - Maternal Origin,Transition - Purine/Purine,G>A
133265573,rs73217560,TT,TT,TA,67,100,99,NC_000003.12,Mutation NB - Paternal Origin,Transition - Pyrimidine/Pyrimidine,Transversion - Purine/Pyrimidine,Unsolved
133392738,rs115120347,AA,GG,AA,82,91,24,NC_000003.12,Mutation NB - Maternal Origin,Transition - Purine/Purine,G>A
133882978,rs72976402,TT,TT,TC,100,73,99,NC_000003.12,Mutation NB - Maternal Origin,Transition - Pyrimidine/Pyrimidine,Unsolved
134030671,rs61510274,GG,GG,GC,100,82,89,NC_000003.12,Mutation NB - Maternal Origin,Transition - Purine/Purine,Transversion - Purine/Pyrimidine,Unsolved
138168905,rs2724725,TT,CC,CC,91,79,33,NC_000003.12,Mutation NB - Paternal Origin,Transition - Pyrimidine/Pyrimidine,T>C
140370769,rs899622,GG,AA,AA,88,91,42,NC_000003.12,Mutation NB - Paternal Origin,Transition - Purine/Purine,G>A
141507685,.,AA,AA,AG,85,64,41,NC_000003.12,Mutation NB - Maternal Origin,Transition - Purine/Purine,Unsolved
143366503,rs868702,GG,AA,GG,100,91,9,NC_000003.12,Mutation NB - Maternal Origin,Transition - Purine/Purine,A>G
146252554,rs13073749,CC,CC,CT,76,73,99,NC_000003.12,Mutation NB - Maternal Origin,Transition - Pyrimidine/Pyrimidine,Unsolved
152373397,rs7650631,CC,TC,TT,85,35,0,NC_000003.12,Mutation NB - Paternal Origin,Transition - Pyrimidine/Pyrimidine,C>T
152683897,rs2102805,TT,TT,TC,67,91,99,NC_000003.12,Mutation NB - Paternal Origin,Transition - Pyrimidine/Pyrimidine,Unsolved
156988190,.,TT,TT,TC,64,82,47,NC_000003.12,Mutation NB - Paternal Origin,Transition - Pyrimidine/Pyrimidine,Unsolved
158360168,rs58195752,CC,TC,TT,85,36,51,NC_000003.12,Mutation NB - Paternal Origin,Transition - Pyrimidine/Pyrimidine,C>T
158360206,rs9872089,TT,TT,CT,85,85,31,NC_000003.12,Mutation NB - Paternal or Maternal,Transition - Pyrimidine/Pyrimidine,Unsolved
162987445,rs9820439,AA,GG,AA,76,88,51,NC_000003.12,Mutation NB - Maternal Origin,Transition - Purine/Purine,G>A
163788725,rs9880712,GG,AA,GG,91,58,0,NC_000003.12,Mutation NB - Maternal Origin,Transition - Purine/Purine,A>G
173144622,rs13317854,CC,AA,CC,88,82,69,NC_000003.12,Mutation NB - Maternal Origin,Transversion - Purine/Pyrimidine,A>C
173144634,rs75330391,AA,GG,AA,88,82,69,NC_000003.12,Mutation NB - Maternal Origin,Transition - Purine/Purine,G>A
176305060,rs1384823,GG,TT,GG,82,91,9,NC_000003.12,Mutation NB - Maternal Origin,Transition - Purine/Purine,Transversion - Purine/Pyrimidine,T>G
180531743,rs7637098,TT,CC,TT,64,88,99,NC_000003.12,Mutation NB - Maternal Origin,Transition - Pyrimidine/Pyrimidine,C>T
181004854,rs146649010,CC,CC,CT,91,91,56,NC_000003.12,Mutation NB - Paternal or Maternal,Transition - Pyrimidine/Pyrimidine,Unsolved
182482973,.,TT,TT,TC,73,88,44,NC_000003.12,Mutation NB - Paternal Origin,Transition - Pyrimidine/Pyrimidine,Unsolved
182791015,rs4859243,CC,CC,CA,64,100,99,NC_000003.12,Mutation NB - Paternal Origin,Transversion - Purine/Pyrimidine,Unsolved
182791019,rs77463157,GG,TT,GG,64,91,42,NC_000003.12,Mutation NB - Maternal Origin,Transition - Purine/Purine,Transversion - Purine/Pyrimidine,T>G
191404504,rs4677633,AA,AG,GG,100,1,15,NC_000003.12,Mutation NB - Paternal Origin,Transition - Purine/Purine,A>G
193683232,rs4443116,AG,AA,GG,53,100,39,NC_000003.12,Mutation NB - Maternal Origin,Transition - Purine/Purine,A>G
193908983,rs6765746,TT,CC,TT,91,100,21,NC_000003.12,Mutation NB - Maternal Origin,Transition - Pyrimidine/Pyrimidine,C>T
194504352,rs9819950,AG,AA,GG,1,100,42,NC_000003.12,Mutation NB - Maternal Origin,Transition - Purine/Purine,A>G
195209803,.,AA,AA,AG,91,85,47,NC_000003.12,Mutation NB - Maternal Origin,Transition - Purine/Purine,Unsolved
195512382,rs73208949,TC,CC,TT,67,88,0,NC_000003.12,Mutation NB - Maternal Origin,Transversion - Purine/Pyrimidine,C>T
197292871,rs1668860,GG,AA,AA,100,79,72,NC_000003.12,Mutation NB - Paternal Origin,Transition - Purine/Purine,G>A
197387919,rs13069562,AA,AA,AG,100,73,99,NC_000003.12,Mutation NB - Maternal Origin,Transition - Purine/Purine,Unsolved
197387920,rs13089050,GG,GG,GC,100,73,99,NC_000003.12,Mutation NB - Maternal Origin,Transition - Purine/Purine,Transversion - Purine/Pyrimidine,Unsolved
774626,rs7377314,TT,CC,CC,100,70,99,NC_000004.12,Mutation NB - Paternal Origin,Transition - Pyrimidine/Pyrimidine,T>C
883161,.,TT,TT,TC,91,91,41,NC_000004.12,Mutation NB - Paternal or Maternal,Transition - Pyrimidine/Pyrimidine,Unsolved
966543,rs11248059,CC,GG,CC,76,82,90,NC_000004.12,Mutation NB - Maternal Origin,Transversion - Purine/Pyrimidine,G>C
1358643,rs1882098,CC,CC,TC,85,91,99,NC_000004.12,Mutation NB - Paternal Origin,Transition - Pyrimidine/Pyrimidine,Unsolved
3601853,.,TT,TT,TC,85,82,45,NC_000004.12,Mutation NB - Maternal Origin,Transition - Pyrimidine/Pyrimidine,Unsolved
6608898,rs60966540,CC,CC,CT,82,100,99,NC_000004.12,Mutation NB - Paternal Origin,Transition - Pyrimidine/Pyrimidine,Unsolved
6615221,rs10049503,TT,CC,CC,91,73,27,NC_000004.12,Mutation NB - Paternal Origin,Transition - Pyrimidine/Pyrimidine,T>C
6889952,rs4466045,AA,CC,AA,85,100,99,NC_000004.12,Mutation NB - Maternal Origin,Transversion - Purine/Pyrimidine,C>A
7048873,.,CC,CC,CT,91,88,53,NC_000004.12,Mutation NB - Maternal Origin,Transition - Pyrimidine/Pyrimidine,Unsolved
7104344,rs11939101,GG,GG,GA,91,100,58,NC_000004.12,Mutation NB - Paternal Origin,Transition - Purine/Purine,Unsolved
7167271,rs4566655,TT,TT,GT,64,88,86,NC_000004.12,Mutation NB - Paternal Origin,Transition - Pyrimidine/Pyrimidine,Transversion - Purine/Pyrimidine,Unsolved
7726931,rs2301745,CC,CC,CT,91,91,99,NC_000004.12,Mutation NB - Paternal or Maternal,Transition - Pyrimidine/Pyrimidine,Unsolved
8332655,rs4696816,GG,GG,GA,88,100,62,NC_000004.12,Mutation NB - Paternal Origin,Transition - Purine/Purine,Unsolved
8542446,rs3103094,CC,CC,CT,73,100,99,NC_000004.12,Mutation NB - Paternal Origin,Transition - Pyrimidine/Pyrimidine,Unsolved
8607736,rs13104605,CC,CC,CG,70,88,99,NC_000004.12,Mutation NB - Paternal Origin,Transversion - Purine/Pyrimidine,Unsolved
10102947,rs12648479,GG,GG,GA,100,85,99,NC_000004.12,Mutation NB - Maternal Origin,Transition - Purine/Purine,Unsolved
17701991,rs758483,GG,TT,TT,91,92,9,NC_000004.12,Mutation NB - Paternal Origin,Transversion - Purine/Pyrimidine,G>T
17702054,rs6449329,CC,TT,TT,91,91,9,NC_000004.12,Mutation NB - Paternal Origin,Transition - Pyrimidine/Pyrimidine,C>T
20842465,rs10027311,GG,AA,AA,76,70,90,NC_000004.12,Mutation NB - Paternal Origin,Transition - Purine/Purine,G>A
25308086,rs316805,AA,CC,AA,94,82,24,NC_000004.12,Mutation NB - Maternal Origin,Transversion - Purine/Pyrimidine,C>A
27986766,rs114352195,CC,CC,CT,100,82,95,NC_000004.12,Mutation NB - Maternal Origin,Transition - Pyrimidine/Pyrimidine,Unsolved
29734772,rs80237057,CC,TT,CC,88,91,30,NC_000004.12,Mutation NB - Maternal Origin,Transition - Pyrimidine/Pyrimidine,T>C
31185022,rs2173551,GG,AA,GG,67,91,99,NC_000004.12,Mutation NB - Maternal Origin,Transition - Purine/Purine,A>G
37594276,rs2939744,GG,GG,AG,91,91,99,NC_000004.12,Mutation NB - Paternal or Maternal,Transition - Purine/Purine,Unsolved
48378191,rs2291476,AA,GG,AA,91,100,18,NC_000004.12,Mutation NB - Maternal Origin,Transition - Purine/Purine,G>A
52273558,rs2128190,TT,CC,TT,82,100,63,NC_000004.12,Mutation NB - Maternal Origin,Transition - Pyrimidine/Pyrimidine,C>T
52273576,rs2128189,CC,TT,CC,82,100,63,NC_000004.12,Mutation NB - Maternal Origin,Transition - Pyrimidine/Pyrimidine,T>C
55087011,rs1048113754,GG,GG,GA,100,82,99,NC_000004.12,Mutation NB - Maternal Origin,Transition - Purine/Purine,Unsolved
55087012,rs886865595,CC,CC,CA,100,82,99,NC_000004.12,Mutation NB - Maternal Origin,Transversion - Purine/Pyrimidine,Unsolved
55206550,.,TT,TT,TC,79,85,56,NC_000004.12,Mutation NB - Paternal Origin,Transition - Pyrimidine/Pyrimidine,Unsolved
57351418,rs960368,TT,TT,TC,61,100,99,NC_000004.12,Mutation NB - Paternal Origin,Transition - Pyrimidine/Pyrimidine,Unsolved
58344963,rs12648067,GA,GG,AA,32,100,42,NC_000004.12,Mutation NB - Maternal Origin,Transition - Purine/Purine,G>A
58429907,rs1598056,TT,TT,TG,100,86,99,NC_000004.12,Mutation NB - Maternal Origin,Transition - Pyrimidine/Pyrimidine,Transversion - Purine/Pyrimidine,Unsolved
59179573,rs11947864,CC,TT,CC,91,100,18,NC_000004.12,Mutation NB - Maternal Origin,Transition - Pyrimidine/Pyrimidine,T>C
63460528,rs2090190,AA,AA,AG,100,43,99,NC_000004.12,Mutation NB - Maternal Origin,Transition - Purine/Purine,Unsolved
64174443,rs7656735,GG,AA,AA,82,91,48,NC_000004.12,Mutation NB - Paternal Origin,Transition - Purine/Purine,G>A
70968823,rs141762287,GG,AA,AA,91,79,12,NC_000004.12,Mutation NB - Paternal Origin,Transition - Purine/Purine,G>A
73544520,rs11728915,AA,AA,GA,85,82,14,NC_000004.12,Mutation NB - Maternal Origin,Transition - Purine/Purine,Unsolved
77326940,rs28840788,CC,CT,TT,100,1,63,NC_000004.12,Mutation NB - Paternal Origin,Transition - Pyrimidine/Pyrimidine,C>T
77326964,rs28882408,AA,AG,GG,100,1,63,NC_000004.12,Mutation NB - Paternal Origin,Transition - Purine/Purine,A>G
78057258,rs28433362,CC,TT,CC,79,100,57,NC_000004.12,Mutation NB - Maternal Origin,Transition - Pyrimidine/Pyrimidine,T>C
78331501,rs79023387,TT,TT,TC,91,91,56,NC_000004.12,Mutation NB - Paternal or Maternal,Transition - Pyrimidine/Pyrimidine,Unsolved
81937462,rs58466362,GG,AA,AA,82,85,30,NC_000004.12,Mutation NB - Paternal Origin,Transition - Purine/Purine,G>A
83162199,rs72934795,CC,CC,CA,91,100,99,NC_000004.12,Mutation NB - Paternal Origin,Transversion - Purine/Pyrimidine,Unsolved
85336300,rs585787,TC,TT,CC,1,88,33,NC_000004.12,Mutation NB - Maternal Origin,Transition - Pyrimidine/Pyrimidine,T>C
86020757,rs7692676,AA,AA,AG,67,100,99,NC_000004.12,Mutation NB - Paternal Origin,Transition - Purine/Purine,Unsolved
87200161,rs112878085,AA,AA,GA,94,87,28,NC_000004.12,Mutation NB - Maternal Origin,Transition - Purine/Purine,Unsolved
87745996,rs56006828,TT,TT,GT,91,79,99,NC_000004.12,Mutation NB - Maternal Origin,Transition - Pyrimidine/Pyrimidine,Transversion - Purine/Pyrimidine,Unsolved
89148386,rs202193376,AA,AA,AC,79,100,99,NC_000004.12,Mutation NB - Paternal Origin,Transversion - Purine/Pyrimidine,Unsolved
91142010,rs35154648,TC,CC,TT,1,79,0,NC_000004.12,Mutation NB - Maternal Origin,Transversion - Purine/Pyrimidine,C>T
99187522,rs4640679,AA,AA,AG,76,85,99,NC_000004.12,Mutation NB - Paternal Origin,Transition - Purine/Purine,Unsolved
101021326,rs10000538,CC,TT,TT,98,73,36,NC_000004.12,Mutation NB - Paternal Origin,Transition - Pyrimidine/Pyrimidine,C>T
102589354,rs1020759,TT,CT,CC,85,32,36,NC_000004.12,Mutation NB - Paternal Origin,Transition - Pyrimidine/Pyrimidine,T>C
104344622,rs1034671,TT,TT,TC,100,82,99,NC_000004.12,Mutation NB - Maternal Origin,Transition - Pyrimidine/Pyrimidine,Unsolved
105735285,rs150561951,GG,AA,GG,82,88,12,NC_000004.12,Mutation NB - Maternal Origin,Transition - Purine/Purine,A>G
109609805,rs11098036,AA,GG,GG,73,85,93,NC_000004.12,Mutation NB - Paternal Origin,Transition - Purine/Purine,A>G
112076113,rs1436135,CC,CC,CT,52,100,99,NC_000004.12,Mutation NB - Paternal Origin,Transition - Pyrimidine/Pyrimidine,Unsolved
112698841,rs10000519,GG,GG,GA,55,88,99,NC_000004.12,Mutation NB - Paternal Origin,Transition - Purine/Purine,Unsolved
116926425,rs111694303,CC,CC,CT,76,100,86,NC_000004.12,Mutation NB - Paternal Origin,Transition - Pyrimidine/Pyrimidine,Unsolved
117115190,rs7677423,GG,AA,AA,91,91,30,NC_000004.12,Mutation NB - Paternal Origin,Transition - Purine/Purine,G>A
117349493,rs17861774,GG,GG,GC,100,85,68,NC_000004.12,Mutation NB - Maternal Origin,Transition - Purine/Purine,Transversion - Purine/Pyrimidine,Unsolved
118404341,.,AA,AA,AG,73,76,53,NC_000004.12,Mutation NB - Paternal Origin,Transition - Purine/Purine,Unsolved
120943465,rs4588478,GG,AA,AA,76,82,21,NC_000004.12,Mutation NB - Paternal Origin,Transition - Purine/Purine,G>A
120943485,rs4327508,GG,AA,AA,76,82,21,NC_000004.12,Mutation NB - Paternal Origin,Transition - Purine/Purine,G>A
121434263,rs34842590,AA,GG,AA,79,82,54,NC_000004.12,Mutation NB - Maternal Origin,Transition - Purine/Purine,G>A
122432804,rs1199966397,AA,AA,AG,82,70,44,NC_000004.12,Mutation NB - Maternal Origin,Transition - Purine/Purine,Unsolved
126564475,rs313098,AA,AA,AC,100,85,56,NC_000004.12,Mutation NB - Maternal Origin,Transversion - Purine/Pyrimidine,Unsolved
129446271,rs1368584,AA,GG,GG,88,76,18,NC_000004.12,Mutation NB - Paternal Origin,Transition - Purine/Purine,A>G
129446318,rs13125482,CC,TT,TT,88,76,18,NC_000004.12,Mutation NB - Paternal Origin,Transition - Pyrimidine/Pyrimidine,C>T
130853965,.,TT,TT,TC,82,91,56,NC_000004.12,Mutation NB - Paternal Origin,Transition - Pyrimidine/Pyrimidine,Unsolved
131574942,rs350993,GG,AA,AA,49,88,0,NC_000004.12,Mutation NB - Paternal Origin,Transition - Purine/Purine,G>A
136811216,rs72726336,GG,GG,GA,22,100,99,NC_000004.12,Mutation NB - Paternal Origin,Transition - Purine/Purine,Unsolved
136824096,rs7658921,AA,CC,CC,91,91,24,NC_000004.12,Mutation NB - Paternal Origin,Transversion - Purine/Pyrimidine,A>C
139178668,rs79374460,CC,CC,CG,52,100,99,NC_000004.12,Mutation NB - Paternal Origin,Transversion - Purine/Pyrimidine,Unsolved
139178670,rs74925226,GG,GG,GA,52,100,99,NC_000004.12,Mutation NB - Paternal Origin,Transition - Purine/Purine,Unsolved
141834435,rs7697576,GG,AG,AA,82,88,0,NC_000004.12,Mutation NB - Paternal Origin,Transition - Purine/Purine,G>A
149795383,.,AA,AA,AC,88,88,50,NC_000004.12,Mutation NB - Paternal or Maternal,Transversion - Purine/Pyrimidine,Unsolved
153974940,rs113902710,TT,AA,AA,76,49,57,NC_000004.12,Mutation NB - Paternal Origin,Transversion - Purine/Pyrimidine,T>A
154862999,rs1604127,GG,GG,GA,85,100,30,NC_000004.12,Mutation NB - Paternal Origin,Transition - Purine/Purine,Unsolved
171351407,rs36027839,AA,AA,AT,67,100,21,NC_000004.12,Mutation NB - Paternal Origin,Transversion - Purine/Pyrimidine,Unsolved
173661689,rs73000535,AA,AA,AC,85,100,63,NC_000004.12,Mutation NB - Paternal Origin,Transversion - Purine/Pyrimidine,Unsolved
176343277,rs4690432,GG,AA,GG,76,100,69,NC_000004.12,Mutation NB - Maternal Origin,Transition - Purine/Purine,A>G
182057407,.,TT,TT,TC,91,82,52,NC_000004.12,Mutation NB - Maternal Origin,Transition - Pyrimidine/Pyrimidine,Unsolved
182825132,rs7666697,AA,AA,AT,82,100,99,NC_000004.12,Mutation NB - Paternal Origin,Transversion - Purine/Pyrimidine,Unsolved
183156650,rs1733814298,TT,TT,TC,88,85,56,NC_000004.12,Mutation NB - Maternal Origin,Transition - Pyrimidine/Pyrimidine,Unsolved
183441405,rs11723844,GG,GG,GC,100,91,99,NC_000004.12,Mutation NB - Maternal Origin,Transition - Purine/Purine,Transversion - Purine/Pyrimidine,Unsolved
186039732,rs9996788,TT,TT,TC,100,88,52,NC_000004.12,Mutation NB - Maternal Origin,Transition - Pyrimidine/Pyrimidine,Unsolved
186134989,rs34531246,GG,AA,GG,73,88,33,NC_000004.12,Mutation NB - Maternal Origin,Transition - Purine/Purine,A>G
186158633,rs6833211,GG,AA,AA,85,73,99,NC_000004.12,Mutation NB - Paternal Origin,Transition - Purine/Purine,G>A
187697048,rs28807423,GG,GG,GA,25,100,99,NC_000004.12,Mutation NB - Paternal Origin,Transition - Purine/Purine,Unsolved
187789363,rs7697372,AA,AA,AG,70,100,99,NC_000004.12,Mutation NB - Paternal Origin,Transition - Purine/Purine,Unsolved
188201733,rs4863352,CC,TC,TT,67,8,27,NC_000004.12,Mutation NB - Paternal Origin,Transition - Pyrimidine/Pyrimidine,C>T
188584953,.,TT,TT,TC,76,88,44,NC_000004.12,Mutation NB - Paternal Origin,Transition - Pyrimidine/Pyrimidine,Unsolved
80311,rs115452411,GG,GG,GA,85,88,99,NC_000005.10,Mutation NB - Paternal Origin,Transition - Purine/Purine,Unsolved
758240,rs406007,AA,CC,CC,88,28,42,NC_000005.10,Mutation NB - Paternal Origin,Transversion - Purine/Pyrimidine,A>C
758344,rs6863843,CC,CT,TT,79,1,30,NC_000005.10,Mutation NB - Paternal Origin,Transition - Pyrimidine/Pyrimidine,C>T
758371,rs6876813,TT,TC,CC,79,1,30,NC_000005.10,Mutation NB - Paternal Origin,Transition - Pyrimidine/Pyrimidine,T>C
1643663,rs10475076,CC,CC,CT,91,91,99,NC_000005.10,Mutation NB - Paternal or Maternal,Transition - Pyrimidine/Pyrimidine,Unsolved
1643697,rs10475077,AA,AA,AG,70,88,99,NC_000005.10,Mutation NB - Paternal Origin,Transition - Purine/Purine,Unsolved
2034976,.,AA,AA,AG,82,82,43,NC_000005.10,Mutation NB - Paternal or Maternal,Transition - Purine/Purine,Unsolved
2490289,rs58706717,CC,GG,GG,91,58,63,NC_000005.10,Mutation NB - Paternal Origin,Transversion - Purine/Pyrimidine,C>G
2904764,rs2974645,AA,GG,AA,46,100,87,NC_000005.10,Mutation NB - Maternal Origin,Transition - Purine/Purine,G>A
3214880,rs1691049,GG,GG,GA,58,85,99,NC_000005.10,Mutation NB - Paternal Origin,Transition - Purine/Purine,Unsolved
3214900,rs1691048,GG,GG,GC,58,82,99,NC_000005.10,Mutation NB - Paternal Origin,Transition - Purine/Purine,Transversion - Purine/Pyrimidine,Unsolved
3363854,rs4518402,GG,AA,AA,91,85,39,NC_000005.10,Mutation NB - Paternal Origin,Transition - Purine/Purine,G>A
3649517,rs34450480,CC,TT,TT,88,67,57,NC_000005.10,Mutation NB - Paternal Origin,Transition - Pyrimidine/Pyrimidine,C>T
5549702,rs7707011,GG,GG,GC,40,100,99,NC_000005.10,Mutation NB - Paternal Origin,Transition - Purine/Purine,Transversion - Purine/Pyrimidine,Unsolved
6279825,rs142047089,CC,CC,CT,58,100,99,NC_000005.10,Mutation NB - Paternal Origin,Transition - Pyrimidine/Pyrimidine,Unsolved
7517305,rs10038196,TT,GG,GG,100,73,12,NC_000005.10,Mutation NB - Paternal Origin,Transversion - Purine/Pyrimidine,T>G
9190585,rs1806094,TT,CC,TT,46,82,33,NC_000005.10,Mutation NB - Maternal Origin,Transition - Pyrimidine/Pyrimidine,C>T
9782852,rs73039625,TT,TT,TC,85,91,65,NC_000005.10,Mutation NB - Paternal Origin,Transition - Pyrimidine/Pyrimidine,Unsolved
10484433,rs111490646,AA,AA,AG,49,100,99,NC_000005.10,Mutation NB - Paternal Origin,Transition - Purine/Purine,Unsolved
10818340,rs1438712,AA,AG,GG,100,73,12,NC_000005.10,Mutation NB - Paternal Origin,Transition - Purine/Purine,A>G
11191664,rs32272,CC,CC,CT,73,100,99,NC_000005.10,Mutation NB - Paternal Origin,Transition - Pyrimidine/Pyrimidine,Unsolved
13578798,rs113601878,CC,CC,CG,67,79,99,NC_000005.10,Mutation NB - Paternal Origin,Transversion - Purine/Pyrimidine,Unsolved
15583535,rs185329325,GA,GG,AA,76,79,24,NC_000005.10,Mutation NB - Maternal Origin,Transition - Purine/Purine,G>A
23296499,.,TT,TT,TA,88,91,49,NC_000005.10,Mutation NB - Paternal Origin,Transition - Pyrimidine/Pyrimidine,Transversion - Purine/Pyrimidine,Unsolved
23296518,rs1835047,GG,GG,GA,88,100,99,NC_000005.10,Mutation NB - Paternal Origin,Transition - Purine/Purine,Unsolved
25530528,.,TT,TT,TC,85,91,44,NC_000005.10,Mutation NB - Paternal Origin,Transition - Pyrimidine/Pyrimidine,Unsolved
27551421,.,TT,TT,TC,55,79,41,NC_000005.10,Mutation NB - Paternal Origin,Transition - Pyrimidine/Pyrimidine,Unsolved
31777343,rs7729537,TT,TT,TG,91,100,99,NC_000005.10,Mutation NB - Paternal Origin,Transition - Pyrimidine/Pyrimidine,Transversion - Purine/Pyrimidine,Unsolved
34782274,rs13165695,GG,GG,GC,100,70,99,NC_000005.10,Mutation NB - Maternal Origin,Transition - Purine/Purine,Transversion - Purine/Pyrimidine,Unsolved
35538277,rs286423,CC,TT,CC,85,100,21,NC_000005.10,Mutation NB - Maternal Origin,Transition - Pyrimidine/Pyrimidine,T>C
35883655,rs2194226,CC,CC,CA,76,100,44,NC_000005.10,Mutation NB - Paternal Origin,Transversion - Purine/Pyrimidine,Unsolved
36782810,rs10050593,TT,TT,TC,76,100,99,NC_000005.10,Mutation NB - Paternal Origin,Transition - Pyrimidine/Pyrimidine,Unsolved
37811130,rs2910710,GA,GG,AA,38,94,39,NC_000005.10,Mutation NB - Maternal Origin,Transition - Purine/Purine,G>A
40151007,rs1427746,TT,GT,GG,91,67,12,NC_000005.10,Mutation NB - Paternal Origin,Transversion - Purine/Pyrimidine,T>G
40439673,rs4299771,CT,CC,TT,1,91,40,NC_000005.10,Mutation NB - Maternal Origin,Transversion - Purine/Pyrimidine,C>T
50369737,rs57137858,TC,TT,CC,1,100,93,NC_000005.10,Mutation NB - Maternal Origin,Transition - Pyrimidine/Pyrimidine,T>C
55924969,rs7729009,GG,GG,GA,76,100,99,NC_000005.10,Mutation NB - Paternal Origin,Transition - Purine/Purine,Unsolved
56035795,rs145224247,GA,AA,GG,42,85,75,NC_000005.10,Mutation NB - Maternal Origin,Transition - Purine/Purine,A>G
60122740,rs2113076,GA,AA,GG,29,91,0,NC_000005.10,Mutation NB - Maternal Origin,Transition - Purine/Purine,A>G
62333377,rs264527,GG,GG,GA,100,76,99,NC_000005.10,Mutation NB - Maternal Origin,Transition - Purine/Purine,Unsolved
64050399,rs72767964,GG,GG,GA,88,100,99,NC_000005.10,Mutation NB - Paternal Origin,Transition - Purine/Purine,Unsolved
64842618,rs62369323,TT,TT,TC,82,88,99,NC_000005.10,Mutation NB - Paternal Origin,Transition - Pyrimidine/Pyrimidine,Unsolved
67694076,rs4976117,TT,CT,CC,73,1,69,NC_000005.10,Mutation NB - Paternal Origin,Transition - Pyrimidine/Pyrimidine,T>C
72171505,rs3098379,AA,AG,GG,100,1,54,NC_000005.10,Mutation NB - Paternal Origin,Transition - Purine/Purine,A>G
73123832,rs141994801,AA,AA,AG,100,67,99,NC_000005.10,Mutation NB - Maternal Origin,Transition - Purine/Purine,Unsolved
73197270,rs4566764,GG,GG,AA,100,100,42,NC_000005.10,Mutation NB - Paternal or Maternal,Transition - Purine/Purine,Unsolved
74171786,rs2962805,AA,TT,TT,100,85,18,NC_000005.10,Mutation NB - Paternal Origin,Transversion - Purine/Pyrimidine,A>T
76327864,rs2913251,GG,AA,GG,58,100,48,NC_000005.10,Mutation NB - Maternal Origin,Transition - Purine/Purine,A>G
78676636,rs76852920,TT,TT,TC,91,88,99,NC_000005.10,Mutation NB - Maternal Origin,Transition - Pyrimidine/Pyrimidine,Unsolved
79691541,rs4704573,CC,GG,GG,91,88,18,NC_000005.10,Mutation NB - Paternal Origin,Transversion - Purine/Pyrimidine,C>G
83134859,rs7733354,AA,AA,AG,55,100,99,NC_000005.10,Mutation NB - Paternal Origin,Transition - Purine/Purine,Unsolved
91593379,rs62376599,AA,AA,AG,100,100,99,NC_000005.10,Mutation NB - Paternal or Maternal,Transition - Purine/Purine,Unsolved
97723254,rs6886381,AA,GG,AA,88,91,21,NC_000005.10,Mutation NB - Maternal Origin,Transition - Purine/Purine,G>A
98122183,rs73775125,CC,CC,CA,91,91,99,NC_000005.10,Mutation NB - Paternal or Maternal,Transversion - Purine/Pyrimidine,Unsolved
104843951,rs12187200,AA,GA,GG,91,35,0,NC_000005.10,Mutation NB - Paternal Origin,Transition - Purine/Purine,A>G
108134748,rs78591430,CC,CC,CT,100,73,99,NC_000005.10,Mutation NB - Maternal Origin,Transition - Pyrimidine/Pyrimidine,Unsolved
113474618,rs112436262,TT,GG,TT,73,85,48,NC_000005.10,Mutation NB - Maternal Origin,Transversion - Purine/Pyrimidine,G>T
115640509,rs34035899,CC,CC,CA,64,100,99,NC_000005.10,Mutation NB - Paternal Origin,Transversion - Purine/Pyrimidine,Unsolved
117094551,rs13173089,CC,CC,CT,100,88,99,NC_000005.10,Mutation NB - Maternal Origin,Transition - Pyrimidine/Pyrimidine,Unsolved
119123119,rs534659527,AA,AA,AG,100,73,99,NC_000005.10,Mutation NB - Maternal Origin,Transition - Purine/Purine,Unsolved
120573668,rs1524570,GG,TT,TT,100,71,15,NC_000005.10,Mutation NB - Paternal Origin,Transversion - Purine/Pyrimidine,G>T
123431566,rs56095519,CC,AA,CC,70,91,99,NC_000005.10,Mutation NB - Maternal Origin,Transversion - Purine/Pyrimidine,A>C
124545741,rs7713269,TT,TT,TC,76,100,99,NC_000005.10,Mutation NB - Paternal Origin,Transition - Pyrimidine/Pyrimidine,Unsolved
124902180,rs7716491,GG,AA,AA,79,88,24,NC_000005.10,Mutation NB - Paternal Origin,Transition - Purine/Purine,G>A
125225785,rs6865709,CC,AC,AA,88,1,60,NC_000005.10,Mutation NB - Paternal Origin,Transversion - Purine/Pyrimidine,C>A
125225801,rs7706713,CC,CG,GG,88,1,60,NC_000005.10,Mutation NB - Paternal Origin,Transversion - Purine/Pyrimidine,C>G
125225846,rs7707021,GG,GC,CC,88,1,60,NC_000005.10,Mutation NB - Paternal Origin,Transversion - Purine/Pyrimidine,G>C
125797138,rs329173,AA,CC,CC,91,85,12,NC_000005.10,Mutation NB - Paternal Origin,Transversion - Purine/Pyrimidine,A>C
126086598,rs3909305,AA,GG,AA,91,85,24,NC_000005.10,Mutation NB - Maternal Origin,Transition - Purine/Purine,G>A
132279361,rs270617,AA,AA,GA,70,76,44,NC_000005.10,Mutation NB - Paternal Origin,Transition - Purine/Purine,Unsolved
133083121,rs111243648,CC,CC,CG,100,85,99,NC_000005.10,Mutation NB - Maternal Origin,Transversion - Purine/Pyrimidine,Unsolved
137346953,rs74391341,CC,CC,CA,70,100,99,NC_000005.10,Mutation NB - Paternal Origin,Transversion - Purine/Pyrimidine,Unsolved
150078115,rs2228422,GG,GG,GA,88,88,18,NC_000005.10,Mutation NB - Paternal or Maternal,Transition - Purine/Purine,Unsolved
150174184,rs2282812,GG,GG,GA,100,88,40,NC_000005.10,Mutation NB - Maternal Origin,Transition - Purine/Purine,Unsolved
152170555,rs294954,GG,AA,GG,49,85,90,NC_000005.10,Mutation NB - Maternal Origin,Transition - Purine/Purine,A>G
152536269,rs56028813,GG,GG,GA,76,88,99,NC_000005.10,Mutation NB - Paternal Origin,Transition - Purine/Purine,Unsolved
153648868,rs2963952,GG,GG,GT,79,73,99,NC_000005.10,Mutation NB - Maternal Origin,Transversion - Purine/Pyrimidine,Unsolved
154305516,rs35045500,AA,AA,AG,85,91,98,NC_000005.10,Mutation NB - Paternal Origin,Transition - Purine/Purine,Unsolved
154516600,rs6871767,TC,TT,CC,5,100,9,NC_000005.10,Mutation NB - Maternal Origin,Transition - Pyrimidine/Pyrimidine,T>C
156654083,rs281041,GA,GG,AA,29,100,24,NC_000005.10,Mutation NB - Maternal Origin,Transition - Purine/Purine,G>A
157381516,rs7707655,AA,GG,AA,82,100,66,NC_000005.10,Mutation NB - Maternal Origin,Transition - Purine/Purine,G>A
157381548,rs55738502,AA,GG,AA,92,100,4,NC_000005.10,Mutation NB - Maternal Origin,Transition - Purine/Purine,G>A
158140091,rs1540944,TT,CC,CC,100,85,15,NC_000005.10,Mutation NB - Paternal Origin,Transition - Pyrimidine/Pyrimidine,T>C
159377174,rs4921224,TT,CT,CC,82,1,48,NC_000005.10,Mutation NB - Paternal Origin,Transition - Pyrimidine/Pyrimidine,T>C
159645244,rs1758281424,AA,AA,AG,85,73,47,NC_000005.10,Mutation NB - Maternal Origin,Transition - Purine/Purine,Unsolved
160217987,rs55995034,GG,AA,AA,91,85,21,NC_000005.10,Mutation NB - Paternal Origin,Transition - Purine/Purine,G>A
163568525,rs1433778,CC,CC,CT,91,88,99,NC_000005.10,Mutation NB - Maternal Origin,Transition - Pyrimidine/Pyrimidine,Unsolved
163568565,rs294594,GG,GG,AG,91,88,99,NC_000005.10,Mutation NB - Maternal Origin,Transition - Purine/Purine,Unsolved
166810251,rs13157099,GG,GG,GA,91,100,99,NC_000005.10,Mutation NB - Paternal Origin,Transition - Purine/Purine,Unsolved
173301797,rs6881887,CC,TT,TT,100,70,81,NC_000005.10,Mutation NB - Paternal Origin,Transition - Pyrimidine/Pyrimidine,C>T
174937593,rs1224447159,AA,AA,AC,85,88,65,NC_000005.10,Mutation NB - Paternal Origin,Transversion - Purine/Pyrimidine,Unsolved
175250210,.,TT,TT,TC,43,64,50,NC_000005.10,Mutation NB - Paternal Origin,Transition - Pyrimidine/Pyrimidine,Unsolved
177334534,rs11738681,AA,GG,AA,100,79,0,NC_000005.10,Mutation NB - Maternal Origin,Transition - Purine/Purine,G>A
179208701,rs57207362,GG,GG,GA,82,100,99,NC_000005.10,Mutation NB - Paternal Origin,Transition - Purine/Purine,Unsolved
180633804,rs10085109,GG,GG,GC,88,100,99,NC_000005.10,Mutation NB - Paternal Origin,Transition - Purine/Purine,Transversion - Purine/Pyrimidine,Unsolved
180934991,rs62406735,GG,GG,GA,88,64,99,NC_000005.10,Mutation NB - Maternal Origin,Transition - Purine/Purine,Unsolved
181182191,rs2770964,GG,TT,GG,91,100,12,NC_000005.10,Mutation NB - Maternal Origin,Transition - Purine/Purine,Transversion - Purine/Pyrimidine,T>G
781563,rs4570012,CT,TT,CC,1,79,38,NC_000006.12,Mutation NB - Maternal Origin,Transition - Pyrimidine/Pyrimidine,T>C
2536456,rs1680864,CC,CT,TT,100,1,90,NC_000006.12,Mutation NB - Paternal Origin,Transition - Pyrimidine/Pyrimidine,C>T
2593201,rs4959194,GG,AA,GG,85,88,27,NC_000006.12,Mutation NB - Maternal Origin,Transition - Purine/Purine,A>G
3171070,rs9503422,GG,GG,GA,70,100,99,NC_000006.12,Mutation NB - Paternal Origin,Transition - Purine/Purine,Unsolved
3252566,rs113660923,GG,GG,GT,73,70,99,NC_000006.12,Mutation NB - Maternal Origin,Transversion - Purine/Pyrimidine,Unsolved
3468706,rs11968071,GG,AA,AA,91,79,48,NC_000006.12,Mutation NB - Paternal Origin,Transition - Purine/Purine,G>A
3518232,rs9392501,CC,CC,CT,73,82,99,NC_000006.12,Mutation NB - Paternal Origin,Transition - Pyrimidine/Pyrimidine,Unsolved
4374023,.,AA,AA,AG,85,91,50,NC_000006.12,Mutation NB - Paternal Origin,Transition - Purine/Purine,Unsolved
5973657,rs7763207,AA,AG,GG,91,1,27,NC_000006.12,Mutation NB - Paternal Origin,Transition - Purine/Purine,A>G
6436689,rs79115334,GG,GG,GT,100,88,68,NC_000006.12,Mutation NB - Maternal Origin,Transversion - Purine/Pyrimidine,Unsolved
7127843,rs687467,AA,AA,AG,100,82,99,NC_000006.12,Mutation NB - Maternal Origin,Transition - Purine/Purine,Unsolved
7247111,rs35742417,CC,CC,CA,100,88,95,NC_000006.12,Mutation NB - Maternal Origin,Transversion - Purine/Pyrimidine,Unsolved
7591006,rs2744388,GG,GA,AA,100,67,45,NC_000006.12,Mutation NB - Paternal Origin,Transition - Purine/Purine,G>A
8667371,rs3005174,GG,GG,GA,46,100,99,NC_000006.12,Mutation NB - Paternal Origin,Transition - Purine/Purine,Unsolved
9290455,rs60197943,CC,CC,CT,100,100,99,NC_000006.12,Mutation NB - Paternal or Maternal,Transition - Pyrimidine/Pyrimidine,Unsolved
10864621,rs3857548,GG,CC,GG,88,91,21,NC_000006.12,Mutation NB - Maternal Origin,Transversion - Purine/Pyrimidine,C>G
11452357,rs2103028,TC,CC,TT,73,88,39,NC_000006.12,Mutation NB - Maternal Origin,Transversion - Purine/Pyrimidine,C>T
11602804,rs515246,CC,TT,TT,100,98,93,NC_000006.12,Mutation NB - Paternal Origin,Transition - Pyrimidine/Pyrimidine,C>T
13872087,rs9357929,AA,AA,AG,82,100,60,NC_000006.12,Mutation NB - Paternal Origin,Transition - Purine/Purine,Unsolved
13872119,rs9370546,GG,GG,GC,82,100,59,NC_000006.12,Mutation NB - Paternal Origin,Transition - Purine/Purine,Transversion - Purine/Pyrimidine,Unsolved
16217124,rs4418190,TT,TT,TC,76,49,99,NC_000006.12,Mutation NB - Maternal Origin,Transition - Pyrimidine/Pyrimidine,Unsolved
17822846,rs79107490,GG,CC,GG,91,91,0,NC_000006.12,Mutation NB - Maternal Origin,Transversion - Purine/Pyrimidine,C>G
21577580,.,AA,AA,AG,91,91,56,NC_000006.12,Mutation NB - Paternal or Maternal,Transition - Purine/Purine,Unsolved
22513886,rs9460751,AA,CA,CC,64,1,42,NC_000006.12,Mutation NB - Paternal Origin,Transversion - Purine/Pyrimidine,A>C
23775367,rs9379577,AA,GG,GG,79,85,27,NC_000006.12,Mutation NB - Paternal Origin,Transition - Purine/Purine,A>G
24538874,.,TT,TT,TC,79,91,52,NC_000006.12,Mutation NB - Paternal Origin,Transition - Pyrimidine/Pyrimidine,Unsolved
33804528,rs78138376,GG,TT,GG,79,79,78,NC_000006.12,Mutation NB - Maternal Origin,Transition - Purine/Purine,Transversion - Purine/Pyrimidine,T>G
35769243,rs2817061,AA,GG,AA,100,85,33,NC_000006.12,Mutation NB - Maternal Origin,Transition - Purine/Purine,G>A
36756139,rs12203137,AA,GG,GG,91,88,42,NC_000006.12,Mutation NB - Paternal Origin,Transition - Purine/Purine,A>G
37281839,rs4714053,CC,GG,CC,37,82,51,NC_000006.12,Mutation NB - Maternal Origin,Transversion - Purine/Pyrimidine,G>C
37517194,rs914347,CC,AA,CC,82,100,99,NC_000006.12,Mutation NB - Maternal Origin,Transversion - Purine/Pyrimidine,A>C
39294075,rs2815061,TT,TT,CT,88,85,53,NC_000006.12,Mutation NB - Maternal Origin,Transition - Pyrimidine/Pyrimidine,Unsolved
39379100,rs74536884,TT,CC,TT,58,91,33,NC_000006.12,Mutation NB - Maternal Origin,Transition - Pyrimidine/Pyrimidine,C>T
42118413,rs9369337,TG,TT,GG,73,100,21,NC_000006.12,Mutation NB - Maternal Origin,Transversion - Purine/Pyrimidine,T>G
42166896,rs7773501,GG,AA,AA,100,91,39,NC_000006.12,Mutation NB - Paternal Origin,Transition - Purine/Purine,G>A
45702478,.,AA,AA,AG,73,73,56,NC_000006.12,Mutation NB - Paternal or Maternal,Transition - Purine/Purine,Unsolved
47729129,rs1928461,GA,GG,AA,1,88,72,NC_000006.12,Mutation NB - Maternal Origin,Transition - Purine/Purine,G>A
52009299,rs9370090,AA,TA,TT,85,1,81,NC_000006.12,Mutation NB - Paternal Origin,Transversion - Purine/Pyrimidine,A>T
52261983,rs605134,AA,AA,AC,46,100,9,NC_000006.12,Mutation NB - Paternal Origin,Transversion - Purine/Pyrimidine,Unsolved
52861622,rs4610566,GG,GC,CC,100,1,27,NC_000006.12,Mutation NB - Paternal Origin,Transversion - Purine/Pyrimidine,G>C
53465558,rs2067833,CC,TT,CC,73,100,36,NC_000006.12,Mutation NB - Maternal Origin,Transition - Pyrimidine/Pyrimidine,T>C
53679717,rs79823138,TT,TT,TC,91,82,99,NC_000006.12,Mutation NB - Maternal Origin,Transition - Pyrimidine/Pyrimidine,Unsolved
53679873,rs77071595,CC,CC,CA,100,82,68,NC_000006.12,Mutation NB - Maternal Origin,Transversion - Purine/Pyrimidine,Unsolved
62808550,.,CC,CC,CT,76,73,47,NC_000006.12,Mutation NB - Maternal Origin,Transition - Pyrimidine/Pyrimidine,Unsolved
67031679,rs79961868,GG,GC,CC,100,1,42,NC_000006.12,Mutation NB - Paternal Origin,Transversion - Purine/Pyrimidine,G>C
71532180,rs66527237,CT,CC,TT,1,100,99,NC_000006.12,Mutation NB - Maternal Origin,Transversion - Purine/Pyrimidine,C>T
72007159,rs1381360077,TT,TT,TC,82,79,47,NC_000006.12,Mutation NB - Maternal Origin,Transition - Pyrimidine/Pyrimidine,Unsolved
73268241,rs62411451,GG,GG,GA,70,100,99,NC_000006.12,Mutation NB - Paternal Origin,Transition - Purine/Purine,Unsolved
76379270,rs2504634,AA,AA,AT,100,76,9,NC_000006.12,Mutation NB - Maternal Origin,Transversion - Purine/Pyrimidine,Unsolved
79840193,rs10455366,TT,TT,TC,100,88,99,NC_000006.12,Mutation NB - Maternal Origin,Transition - Pyrimidine/Pyrimidine,Unsolved
84588512,rs4292499,GG,AA,GG,70,82,99,NC_000006.12,Mutation NB - Maternal Origin,Transition - Purine/Purine,A>G
85846929,rs13201730,TT,TT,TA,91,100,99,NC_000006.12,Mutation NB - Paternal Origin,Transition - Pyrimidine/Pyrimidine,Transversion - Purine/Pyrimidine,Unsolved
88251489,rs9344770,GG,GG,AG,55,91,99,NC_000006.12,Mutation NB - Paternal Origin,Transition - Purine/Purine,Unsolved
90702530,rs749353676,AA,AA,AG,100,82,99,NC_000006.12,Mutation NB - Maternal Origin,Transition - Purine/Purine,Unsolved
96762271,rs2179540,AA,GA,GG,91,79,48,NC_000006.12,Mutation NB - Paternal Origin,Transition - Purine/Purine,A>G
96768660,rs1206063,TC,CC,TT,1,91,51,NC_000006.12,Mutation NB - Maternal Origin,Transversion - Purine/Pyrimidine,C>T
103676661,rs1001676592,AA,AA,AG,73,88,42,NC_000006.12,Mutation NB - Paternal Origin,Transition - Purine/Purine,Unsolved
109603429,rs7757153,GG,GG,GC,85,100,99,NC_000006.12,Mutation NB - Paternal Origin,Transition - Purine/Purine,Transversion - Purine/Pyrimidine,Unsolved
122472482,rs114732005,GG,AA,GG,91,91,30,NC_000006.12,Mutation NB - Maternal Origin,Transition - Purine/Purine,A>G
122714757,rs66542969,CC,CG,GG,100,32,54,NC_000006.12,Mutation NB - Paternal Origin,Transversion - Purine/Pyrimidine,C>G
122872003,rs9490573,AG,AA,GG,1,100,99,NC_000006.12,Mutation NB - Maternal Origin,Transition - Purine/Purine,A>G
122872036,rs9490574,GT,GG,TT,1,100,99,NC_000006.12,Mutation NB - Maternal Origin,Transversion - Purine/Pyrimidine,G>T
124570621,rs112673285,CC,TT,TT,46,91,15,NC_000006.12,Mutation NB - Paternal Origin,Transition - Pyrimidine/Pyrimidine,C>T
124570624,rs73569270,AA,GG,GG,46,91,15,NC_000006.12,Mutation NB - Paternal Origin,Transition - Purine/Purine,A>G
126615265,.,TT,TT,TC,91,82,56,NC_000006.12,Mutation NB - Maternal Origin,Transition - Pyrimidine/Pyrimidine,Unsolved
128863543,rs78855065,GG,GG,GA,100,82,85,NC_000006.12,Mutation NB - Maternal Origin,Transition - Purine/Purine,Unsolved
134773009,rs867785404,TT,TT,TC,70,85,74,NC_000006.12,Mutation NB - Paternal Origin,Transition - Pyrimidine/Pyrimidine,Unsolved
137349872,rs59207599,CC,TT,TT,88,82,15,NC_000006.12,Mutation NB - Paternal Origin,Transition - Pyrimidine/Pyrimidine,C>T
139999771,rs13194747,CC,CC,CT,100,100,99,NC_000006.12,Mutation NB - Paternal or Maternal,Transition - Pyrimidine/Pyrimidine,Unsolved
142232603,rs9376680,CC,TT,CC,61,64,72,NC_000006.12,Mutation NB - Maternal Origin,Transition - Pyrimidine/Pyrimidine,T>C
142644220,rs113972747,GG,GG,GA,88,88,33,NC_000006.12,Mutation NB - Paternal or Maternal,Transition - Purine/Purine,Unsolved
143428158,rs1065355,GG,GG,GT,73,82,99,NC_000006.12,Mutation NB - Paternal Origin,Transversion - Purine/Pyrimidine,Unsolved
143518912,rs7747116,CC,TT,TT,85,91,75,NC_000006.12,Mutation NB - Paternal Origin,Transition - Pyrimidine/Pyrimidine,C>T
144833791,.,TT,TT,TC,88,70,44,NC_000006.12,Mutation NB - Maternal Origin,Transition - Pyrimidine/Pyrimidine,Unsolved
148981069,rs2449382,GG,GG,GA,85,100,99,NC_000006.12,Mutation NB - Paternal Origin,Transition - Purine/Purine,Unsolved
150919940,rs9371203,AG,AA,GG,39,100,93,NC_000006.12,Mutation NB - Maternal Origin,Transition - Purine/Purine,A>G
150919997,rs137879209,TG,TT,GG,35,100,87,NC_000006.12,Mutation NB - Maternal Origin,Transversion - Purine/Pyrimidine,T>G
151422927,rs3800270,CC,CC,CT,100,79,99,NC_000006.12,Mutation NB - Maternal Origin,Transition - Pyrimidine/Pyrimidine,Unsolved
151582584,rs6910761,AG,AA,GG,14,82,3,NC_000006.12,Mutation NB - Maternal Origin,Transition - Purine/Purine,A>G
152068833,rs3020375,AC,AA,CC,1,79,33,NC_000006.12,Mutation NB - Maternal Origin,A>C
152068864,rs3020376,AG,AA,GG,1,79,33,NC_000006.12,Mutation NB - Maternal Origin,Transition - Purine/Purine,A>G
152647203,rs2758816,AT,TT,AA,1,88,33,NC_000006.12,Mutation NB - Maternal Origin,Transversion - Purine/Pyrimidine,T>A
152647219,rs2038620,GC,CC,GG,1,88,33,NC_000006.12,Mutation NB - Maternal Origin,Transversion - Purine/Pyrimidine,C>G
156925447,.,AA,AA,AG,79,70,44,NC_000006.12,Mutation NB - Maternal Origin,Transition - Purine/Purine,Unsolved
158783150,rs3103002,GA,GG,AA,1,100,83,NC_000006.12,Mutation NB - Maternal Origin,Transition - Purine/Purine,G>A
159049385,rs212407,GA,AA,GG,1,82,75,NC_000006.12,Mutation NB - Maternal Origin,Transition - Purine/Purine,A>G
161138008,rs7754215,CC,TT,CC,73,88,99,NC_000006.12,Mutation NB - Maternal Origin,Transition - Pyrimidine/Pyrimidine,T>C
162005724,rs9347576,CC,TT,TT,91,85,36,NC_000006.12,Mutation NB - Paternal Origin,Transition - Pyrimidine/Pyrimidine,C>T
162179351,rs12212768,GG,AA,AA,100,82,90,NC_000006.12,Mutation NB - Paternal Origin,Transition - Purine/Purine,G>A
163341937,rs760885,CC,CC,TC,82,88,99,NC_000006.12,Mutation NB - Paternal Origin,Transition - Pyrimidine/Pyrimidine,Unsolved
163753585,rs6932044,AA,GG,AA,85,100,27,NC_000006.12,Mutation NB - Maternal Origin,Transition - Purine/Purine,G>A
165117396,rs34737260,AA,GG,GG,91,82,30,NC_000006.12,Mutation NB - Paternal Origin,Transition - Purine/Purine,A>G
166506290,rs929109,GA,GG,AA,1,100,63,NC_000006.12,Mutation NB - Maternal Origin,Transition - Purine/Purine,G>A
166616574,rs916388,GA,GG,AA,1,100,69,NC_000006.12,Mutation NB - Maternal Origin,Transition - Purine/Purine,G>A
166765302,rs365697,CC,TC,TT,82,1,81,NC_000006.12,Mutation NB - Paternal Origin,Transition - Pyrimidine/Pyrimidine,C>T
167758492,rs562290,CC,TT,CC,82,76,24,NC_000006.12,Mutation NB - Maternal Origin,Transition - Pyrimidine/Pyrimidine,T>C
168052328,rs9346645,AA,TT,TT,91,91,15,NC_000006.12,Mutation NB - Paternal Origin,Transversion - Purine/Pyrimidine,A>T
168315712,rs9456051,GC,CC,GG,1,82,30,NC_000006.12,Mutation NB - Maternal Origin,Transversion - Purine/Pyrimidine,C>G
168329421,rs9355201,CC,AA,CC,76,100,99,NC_000006.12,Mutation NB - Maternal Origin,Transversion - Purine/Pyrimidine,A>C
168329434,rs11756822,TT,CC,TT,76,100,99,NC_000006.12,Mutation NB - Maternal Origin,Transition - Pyrimidine/Pyrimidine,C>T
168386101,rs9456081,CC,TT,CC,85,91,30,NC_000006.12,Mutation NB - Maternal Origin,Transition - Pyrimidine/Pyrimidine,T>C
168582241,rs115613424,TT,TT,TA,100,70,99,NC_000006.12,Mutation NB - Maternal Origin,Transition - Pyrimidine/Pyrimidine,Transversion - Purine/Pyrimidine,Unsolved
168582242,rs116214482,GG,GG,GT,100,70,99,NC_000006.12,Mutation NB - Maternal Origin,Transversion - Purine/Pyrimidine,Unsolved
168582243,rs114917359,TT,TT,TC,100,70,99,NC_000006.12,Mutation NB - Maternal Origin,Transition - Pyrimidine/Pyrimidine,Unsolved
168582386,rs9295071,CC,GG,GG,91,70,15,NC_000006.12,Mutation NB - Paternal Origin,Transversion - Purine/Pyrimidine,C>G
169205878,rs6605527,CC,CT,TT,100,1,45,NC_000006.12,Mutation NB - Paternal Origin,Transition - Pyrimidine/Pyrimidine,C>T
170088485,rs13216839,CC,TT,TT,94,73,99,NC_000006.12,Mutation NB - Paternal Origin,Transition - Pyrimidine/Pyrimidine,C>T
410058,rs138758108,CC,AA,CC,91,91,33,NC_000007.14,Mutation NB - Maternal Origin,Transversion - Purine/Pyrimidine,A>C
1042930,rs7799391,GG,CC,CC,82,88,21,NC_000007.14,Mutation NB - Paternal Origin,Transversion - Purine/Pyrimidine,G>C
1186142,rs1880294,CC,TT,TT,88,91,21,NC_000007.14,Mutation NB - Paternal Origin,Transition - Pyrimidine/Pyrimidine,C>T
1192225,rs9640009,CC,CC,CT,67,91,99,NC_000007.14,Mutation NB - Paternal Origin,Transition - Pyrimidine/Pyrimidine,Unsolved
2394887,rs1978169,AA,GG,AA,55,91,42,NC_000007.14,Mutation NB - Maternal Origin,Transition - Purine/Purine,G>A
2585774,rs2917734,CC,CG,GG,100,1,66,NC_000007.14,Mutation NB - Paternal Origin,Transversion - Purine/Pyrimidine,C>G
2870765,rs1859560,GG,TT,GG,85,100,66,NC_000007.14,Mutation NB - Maternal Origin,Transition - Purine/Purine,Transversion - Purine/Pyrimidine,T>G
3190495,rs6965521,GG,GG,AG,82,91,65,NC_000007.14,Mutation NB - Paternal Origin,Transition - Purine/Purine,Unsolved
4285098,rs11762889,CA,CC,AA,67,73,30,NC_000007.14,Mutation NB - Maternal Origin,Transversion - Purine/Pyrimidine,C>A
4285104,rs4720225,AA,GG,AA,91,73,0,NC_000007.14,Mutation NB - Maternal Origin,Transition - Purine/Purine,G>A
5110615,rs7793457,CC,GG,GG,82,76,0,NC_000007.14,Mutation NB - Paternal Origin,Transversion - Purine/Pyrimidine,C>G
5678773,.,TT,TT,TC,85,91,41,NC_000007.14,Mutation NB - Paternal Origin,Transition - Pyrimidine/Pyrimidine,Unsolved
6330775,rs3750040,TT,CC,CC,88,100,0,NC_000007.14,Mutation NB - Paternal Origin,Transition - Pyrimidine/Pyrimidine,T>C
11413849,rs114565800,GG,GG,GA,64,100,99,NC_000007.14,Mutation NB - Paternal Origin,Transition - Purine/Purine,Unsolved
13109923,.,TT,TT,TC,91,88,49,NC_000007.14,Mutation NB - Maternal Origin,Transition - Pyrimidine/Pyrimidine,Unsolved
17270596,rs73301708,TT,TT,TC,82,91,99,NC_000007.14,Mutation NB - Paternal Origin,Transition - Pyrimidine/Pyrimidine,Unsolved
17837168,.,CC,CC,CT,82,70,59,NC_000007.14,Mutation NB - Maternal Origin,Transition - Pyrimidine/Pyrimidine,Unsolved
19489556,rs142777910,CC,CC,CG,67,100,99,NC_000007.14,Mutation NB - Paternal Origin,Transversion - Purine/Pyrimidine,Unsolved
22037899,rs1637090,AA,TT,TT,100,82,57,NC_000007.14,Mutation NB - Paternal Origin,Transversion - Purine/Pyrimidine,A>T
22217369,rs1419759,TT,CC,TT,82,88,15,NC_000007.14,Mutation NB - Maternal Origin,Transition - Pyrimidine/Pyrimidine,C>T
23440287,rs58261413,TT,TT,TA,79,100,55,NC_000007.14,Mutation NB - Paternal Origin,Transition - Pyrimidine/Pyrimidine,Transversion - Purine/Pyrimidine,Unsolved
25890745,rs73683179,CC,CC,CT,73,100,99,NC_000007.14,Mutation NB - Paternal Origin,Transition - Pyrimidine/Pyrimidine,Unsolved
26480659,rs11773392,TT,CC,CC,85,85,81,NC_000007.14,Mutation NB - Paternal Origin,Transition - Pyrimidine/Pyrimidine,T>C
26704482,rs12668948,CC,TT,CC,70,91,0,NC_000007.14,Mutation NB - Maternal Origin,Transition - Pyrimidine/Pyrimidine,T>C
27969733,rs141321986,GG,GG,GA,91,88,99,NC_000007.14,Mutation NB - Maternal Origin,Transition - Purine/Purine,Unsolved
29190670,rs45174,TT,AT,AA,91,1,45,NC_000007.14,Mutation NB - Paternal Origin,Transversion - Purine/Pyrimidine,T>A
29190687,rs45173,GG,AA,AA,91,64,45,NC_000007.14,Mutation NB - Paternal Origin,Transition - Purine/Purine,G>A
30915513,rs1859840,GG,AA,AA,91,85,39,NC_000007.14,Mutation NB - Paternal Origin,Transition - Purine/Purine,G>A
31332539,rs28718885,GG,TT,TT,91,91,18,NC_000007.14,Mutation NB - Paternal Origin,Transversion - Purine/Pyrimidine,G>T
32275306,rs6962795,AA,GG,AA,76,85,63,NC_000007.14,Mutation NB - Maternal Origin,Transition - Purine/Purine,G>A
34886057,.,TT,TT,TC,76,70,41,NC_000007.14,Mutation NB - Maternal Origin,Transition - Pyrimidine/Pyrimidine,Unsolved
38500025,rs2014872,TT,TT,TC,100,88,99,NC_000007.14,Mutation NB - Maternal Origin,Transition - Pyrimidine/Pyrimidine,Unsolved
38500135,rs2196673,AA,CC,CC,100,91,42,NC_000007.14,Mutation NB - Paternal Origin,Transversion - Purine/Pyrimidine,A>C
42061894,rs2237420,AA,GG,AA,91,91,27,NC_000007.14,Mutation NB - Maternal Origin,Transition - Purine/Purine,G>A
44151710,rs2971679,CC,CC,CT,79,82,99,NC_000007.14,Mutation NB - Paternal Origin,Transition - Pyrimidine/Pyrimidine,Unsolved
46898671,rs2190017,GG,GG,AA,91,100,9,NC_000007.14,Mutation NB - Paternal Origin,Transition - Purine/Purine,Unsolved
47102621,rs59680602,CC,CC,CT,40,100,99,NC_000007.14,Mutation NB - Paternal Origin,Transition - Pyrimidine/Pyrimidine,Unsolved
47102670,rs56658549,AA,AA,AT,55,100,99,NC_000007.14,Mutation NB - Paternal Origin,Transversion - Purine/Pyrimidine,Unsolved
48668031,.,TT,TT,TC,91,76,59,NC_000007.14,Mutation NB - Maternal Origin,Transition - Pyrimidine/Pyrimidine,Unsolved
48757199,rs1796888204,TT,TT,TC,91,88,53,NC_000007.14,Mutation NB - Maternal Origin,Transition - Pyrimidine/Pyrimidine,Unsolved
48757428,rs6979997,CC,CC,CT,82,100,68,NC_000007.14,Mutation NB - Paternal Origin,Transition - Pyrimidine/Pyrimidine,Unsolved
49380706,rs74468231,GG,GG,GA,70,100,99,NC_000007.14,Mutation NB - Paternal Origin,Transition - Purine/Purine,Unsolved
49497109,rs35891749,AA,TT,AA,82,91,21,NC_000007.14,Mutation NB - Maternal Origin,Transversion - Purine/Pyrimidine,T>A
49884099,rs543905,CC,CC,CT,61,100,99,NC_000007.14,Mutation NB - Paternal Origin,Transition - Pyrimidine/Pyrimidine,Unsolved
50810901,rs7809357,GG,CC,CC,100,79,54,NC_000007.14,Mutation NB - Paternal Origin,Transversion - Purine/Pyrimidine,G>C
50810904,rs7809362,GG,CC,CC,100,79,54,NC_000007.14,Mutation NB - Paternal Origin,Transversion - Purine/Pyrimidine,G>C
52691518,rs1881657,CC,CC,TC,79,91,99,NC_000007.14,Mutation NB - Paternal Origin,Transition - Pyrimidine/Pyrimidine,Unsolved
55343663,rs6968966,AA,AA,AG,88,91,99,NC_000007.14,Mutation NB - Paternal Origin,Transition - Purine/Purine,Unsolved
57216958,rs73355056,CC,CC,CT,100,100,99,NC_000007.14,Mutation NB - Paternal or Maternal,Transition - Pyrimidine/Pyrimidine,Unsolved
57216969,rs72499875,AA,AA,AG,100,100,99,NC_000007.14,Mutation NB - Paternal or Maternal,Transition - Purine/Purine,Unsolved
57328854,rs76869805,CC,AA,CC,70,76,54,NC_000007.14,Mutation NB - Maternal Origin,Transversion - Purine/Pyrimidine,A>C
61907694,rs1353288662,AA,AT,TT,85,38,51,NC_000007.14,Mutation NB - Paternal Origin,Transversion - Purine/Pyrimidine,A>T
67454924,rs66498659,GG,GG,GA,100,73,99,NC_000007.14,Mutation NB - Maternal Origin,Transition - Purine/Purine,Unsolved
71356592,.,CC,CC,CT,73,91,44,NC_000007.14,Mutation NB - Paternal Origin,Transition - Pyrimidine/Pyrimidine,Unsolved
72290237,rs6460710,CC,TT,CC,85,91,0,NC_000007.14,Mutation NB - Maternal Origin,Transition - Pyrimidine/Pyrimidine,T>C
73616376,rs12667353,CC,CC,CT,100,85,99,NC_000007.14,Mutation NB - Maternal Origin,Transition - Pyrimidine/Pyrimidine,Unsolved
74338212,rs35998254,TT,CC,CC,100,88,21,NC_000007.14,Mutation NB - Paternal Origin,Transition - Pyrimidine/Pyrimidine,T>C
74344110,rs527261313,GG,GG,GA,100,76,68,NC_000007.14,Mutation NB - Maternal Origin,Transition - Purine/Purine,Unsolved
74344133,rs505388,TT,CC,CC,100,76,15,NC_000007.14,Mutation NB - Paternal Origin,Transition - Pyrimidine/Pyrimidine,T>C
75064756,rs1584502149,AA,AA,AC,67,76,99,NC_000007.14,Mutation NB - Paternal Origin,Transversion - Purine/Pyrimidine,Unsolved
75064763,.,AA,AA,AC,80,82,99,NC_000007.14,Mutation NB - Paternal Origin,Transversion - Purine/Pyrimidine,Unsolved
75681511,rs370089599,TT,TT,TG,91,100,86,NC_000007.14,Mutation NB - Paternal Origin,Transition - Pyrimidine/Pyrimidine,Transversion - Purine/Pyrimidine,Unsolved
75681569,rs2285872,CC,CC,TT,100,100,27,NC_000007.14,Mutation NB - Paternal or Maternal,Transition - Pyrimidine/Pyrimidine,Unsolved
79739690,rs929564679,GG,GG,GA,64,82,99,NC_000007.14,Mutation NB - Paternal Origin,Transition - Purine/Purine,Unsolved
89075531,.,AA,AA,AG,67,91,41,NC_000007.14,Mutation NB - Paternal Origin,Transition - Purine/Purine,Unsolved
89966057,rs2374084,CC,CC,TC,19,91,99,NC_000007.14,Mutation NB - Paternal Origin,Transition - Pyrimidine/Pyrimidine,Unsolved
91562349,rs12539100,AG,GG,AA,32,91,18,NC_000007.14,Mutation NB - Maternal Origin,Transition - Purine/Purine,G>A
91698856,rs2974121,CT,CC,TT,1,91,39,NC_000007.14,Mutation NB - Maternal Origin,Transversion - Purine/Pyrimidine,C>T
92189114,rs75791665,TT,CC,CC,91,85,33,NC_000007.14,Mutation NB - Paternal Origin,Transition - Pyrimidine/Pyrimidine,T>C
93328539,rs4729078,AA,AA,AG,64,91,99,NC_000007.14,Mutation NB - Paternal Origin,Transition - Purine/Purine,Unsolved
98286385,rs6968144,GG,GA,AA,100,67,30,NC_000007.14,Mutation NB - Paternal Origin,Transition - Purine/Purine,G>A
99986944,.,AA,AA,AG,85,91,45,NC_000007.14,Mutation NB - Paternal Origin,Transition - Purine/Purine,Unsolved
100764052,rs2293767,GG,AA,GG,91,73,57,NC_000007.14,Mutation NB - Maternal Origin,Transition - Purine/Purine,A>G
100949998,rs796285201,AA,AA,AG,91,100,98,NC_000007.14,Mutation NB - Paternal Origin,Transition - Purine/Purine,Unsolved
100950009,rs75894215,TT,TT,TA,91,100,99,NC_000007.14,Mutation NB - Paternal Origin,Transition - Pyrimidine/Pyrimidine,Transversion - Purine/Pyrimidine,Unsolved
100950014,rs11762787,GG,GG,GA,100,100,99,NC_000007.14,Mutation NB - Paternal or Maternal,Transition - Purine/Purine,Unsolved
100950040,rs74901605,TT,TT,TC,91,100,99,NC_000007.14,Mutation NB - Paternal Origin,Transition - Pyrimidine/Pyrimidine,Unsolved
100950045,rs78090393,AA,AA,AG,91,100,99,NC_000007.14,Mutation NB - Paternal Origin,Transition - Purine/Purine,Unsolved
101585592,.,CC,CC,CT,100,70,99,NC_000007.14,Mutation NB - Maternal Origin,Transition - Pyrimidine/Pyrimidine,Unsolved
101615601,rs740199,CC,GG,CC,70,91,42,NC_000007.14,Mutation NB - Maternal Origin,Transversion - Purine/Pyrimidine,G>C
101985281,rs12530931,CC,CC,CG,100,55,99,NC_000007.14,Mutation NB - Maternal Origin,Transversion - Purine/Pyrimidine,Unsolved
102103073,rs10277680,AA,GG,GG,91,82,0,NC_000007.14,Mutation NB - Paternal Origin,Transition - Purine/Purine,A>G
102270864,rs1725604,TT,CC,CC,91,61,81,NC_000007.14,Mutation NB - Paternal Origin,Transition - Pyrimidine/Pyrimidine,T>C
121368938,.,AA,AA,AG,73,85,56,NC_000007.14,Mutation NB - Paternal Origin,Transition - Purine/Purine,Unsolved
125716789,rs35838308,GG,GG,GA,100,73,50,NC_000007.14,Mutation NB - Maternal Origin,Transition - Purine/Purine,Unsolved
128048835,.,TT,TT,TC,88,76,44,NC_000007.14,Mutation NB - Maternal Origin,Transition - Pyrimidine/Pyrimidine,Unsolved
128104454,rs322814,AA,AA,AC,100,61,99,NC_000007.14,Mutation NB - Maternal Origin,Transversion - Purine/Pyrimidine,Unsolved
129740807,rs10267039,GG,GG,GT,100,58,99,NC_000007.14,Mutation NB - Maternal Origin,Transversion - Purine/Pyrimidine,Unsolved
129772891,rs6467265,AA,GG,AA,79,100,72,NC_000007.14,Mutation NB - Maternal Origin,Transition - Purine/Purine,G>A
134433731,rs10263438,AA,TT,TT,91,85,21,NC_000007.14,Mutation NB - Paternal Origin,Transversion - Purine/Pyrimidine,A>T
140418848,rs9655695,AA,AA,AG,88,82,99,NC_000007.14,Mutation NB - Maternal Origin,Transition - Purine/Purine,Unsolved
140508990,rs1829770,CC,CC,TC,73,88,99,NC_000007.14,Mutation NB - Paternal Origin,Transition - Pyrimidine/Pyrimidine,Unsolved
145696845,rs850553,CC,CC,CA,40,91,99,NC_000007.14,Mutation NB - Paternal Origin,Transversion - Purine/Pyrimidine,Unsolved
149153935,rs1202440,CC,CC,CT,91,85,71,NC_000007.14,Mutation NB - Maternal Origin,Transition - Pyrimidine/Pyrimidine,Unsolved
149398457,rs940773,TT,TT,TA,100,76,99,NC_000007.14,Mutation NB - Maternal Origin,Transition - Pyrimidine/Pyrimidine,Transversion - Purine/Pyrimidine,Unsolved
149447145,rs6971636,CC,CC,CT,49,91,99,NC_000007.14,Mutation NB - Paternal Origin,Transition - Pyrimidine/Pyrimidine,Unsolved
149560548,rs72611597,TT,TT,TA,100,64,99,NC_000007.14,Mutation NB - Maternal Origin,Transition - Pyrimidine/Pyrimidine,Transversion - Purine/Pyrimidine,Unsolved
150594532,rs35428045,AA,GG,AA,91,91,39,NC_000007.14,Mutation NB - Maternal Origin,Transition - Purine/Purine,G>A
151797240,rs118118867,CC,CC,CT,88,79,99,NC_000007.14,Mutation NB - Maternal Origin,Transition - Pyrimidine/Pyrimidine,Unsolved
153219613,rs1124152,TT,CC,CC,73,70,69,NC_000007.14,Mutation NB - Paternal Origin,Transition - Pyrimidine/Pyrimidine,T>C
153925387,rs2215194,CC,TT,TT,85,82,27,NC_000007.14,Mutation NB - Paternal Origin,Transition - Pyrimidine/Pyrimidine,C>T
154709054,rs2316238,TT,AA,AA,100,91,18,NC_000007.14,Mutation NB - Paternal Origin,Transversion - Purine/Pyrimidine,T>A
155118941,rs1730160,GG,GG,GA,85,100,99,NC_000007.14,Mutation NB - Paternal Origin,Transition - Purine/Purine,Unsolved
156169824,rs6978165,GG,GG,GA,91,82,68,NC_000007.14,Mutation NB - Maternal Origin,Transition - Purine/Purine,Unsolved
156199970,rs4717013,CT,CC,TT,29,85,18,NC_000007.14,Mutation NB - Maternal Origin,Transversion - Purine/Pyrimidine,C>T
156323465,.,GG,GG,GA,76,91,48,NC_000007.14,Mutation NB - Paternal Origin,Transition - Purine/Purine,Unsolved
156358123,rs13307771,CC,CC,TC,43,88,99,NC_000007.14,Mutation NB - Paternal Origin,Transition - Pyrimidine/Pyrimidine,Unsolved
157256120,rs141911196,AA,GG,GG,91,91,42,NC_000007.14,Mutation NB - Paternal Origin,Transition - Purine/Purine,A>G
157276196,rs61516886,GG,CC,CC,91,85,99,NC_000007.14,Mutation NB - Paternal Origin,Transversion - Purine/Pyrimidine,G>C
157908114,.,TT,TT,TC,82,61,53,NC_000007.14,Mutation NB - Maternal Origin,Transition - Pyrimidine/Pyrimidine,Unsolved
157924411,rs34123695,CC,CC,CT,76,100,99,NC_000007.14,Mutation NB - Paternal Origin,Transition - Pyrimidine/Pyrimidine,Unsolved
158030262,rs12538297,AA,AA,AG,67,100,99,NC_000007.14,Mutation NB - Paternal Origin,Transition - Purine/Purine,Unsolved
158030284,rs12540718,GG,GG,GA,67,100,99,NC_000007.14,Mutation NB - Paternal Origin,Transition - Purine/Purine,Unsolved
158107481,rs78357684,AA,AA,AG,91,100,90,NC_000007.14,Mutation NB - Paternal Origin,Transition - Purine/Purine,Unsolved
158689029,rs28657075,AA,CC,AA,67,100,60,NC_000007.14,Mutation NB - Maternal Origin,Transversion - Purine/Pyrimidine,C>A
158976507,rs2527224,GG,GG,GA,98,76,99,NC_000007.14,Mutation NB - Maternal Origin,Transition - Purine/Purine,Unsolved
159049626,rs77130079,CC,AA,CC,76,88,51,NC_000007.14,Mutation NB - Maternal Origin,Transversion - Purine/Pyrimidine,A>C
159231948,rs414322,AA,GG,AA,46,100,78,NC_000007.14,Mutation NB - Maternal Origin,Transition - Purine/Purine,G>A
159255035,rs6955345,GG,CC,GG,91,100,9,NC_000007.14,Mutation NB - Maternal Origin,Transversion - Purine/Pyrimidine,C>G
598303,rs190216910,GG,AA,AA,88,82,30,NC_000008.11,Mutation NB - Paternal Origin,Transition - Purine/Purine,G>A
598308,rs906894,GG,AG,AA,88,1,30,NC_000008.11,Mutation NB - Paternal Origin,Transition - Purine/Purine,G>A
666991,rs896522,GG,AA,GG,46,100,63,NC_000008.11,Mutation NB - Maternal Origin,Transition - Purine/Purine,A>G
4186131,rs17069260,TT,TG,GG,49,1,45,NC_000008.11,Mutation NB - Paternal Origin,Transversion - Purine/Pyrimidine,T>G
4186169,rs17069261,TT,CC,CC,70,61,72,NC_000008.11,Mutation NB - Paternal Origin,Transition - Pyrimidine/Pyrimidine,T>C
5419010,rs1554737,AA,GG,GG,100,73,30,NC_000008.11,Mutation NB - Paternal Origin,Transition - Purine/Purine,A>G
18150193,.,TT,TT,TC,88,91,53,NC_000008.11,Mutation NB - Paternal Origin,Transition - Pyrimidine/Pyrimidine,Unsolved
18400593,rs1799930,GG,GA,AA,100,29,30,NC_000008.11,Mutation NB - Paternal Origin,Transition - Purine/Purine,G>A
19584164,.,TT,TT,TC,79,52,41,NC_000008.11,Mutation NB - Maternal Origin,Transition - Pyrimidine/Pyrimidine,Unsolved
21723669,rs28673758,AA,GG,GG,91,82,27,NC_000008.11,Mutation NB - Paternal Origin,Transition - Purine/Purine,A>G
23370951,rs56309320,AA,AA,AC,82,100,99,NC_000008.11,Mutation NB - Paternal Origin,Transversion - Purine/Pyrimidine,Unsolved
24806348,rs6996805,GG,AA,AA,82,70,33,NC_000008.11,Mutation NB - Paternal Origin,Transition - Purine/Purine,G>A
27697334,rs693832,CC,TT,TT,92,73,99,NC_000008.11,Mutation NB - Paternal Origin,Transition - Pyrimidine/Pyrimidine,C>T
27697344,rs693841,CC,TT,TT,85,73,99,NC_000008.11,Mutation NB - Paternal Origin,Transition - Pyrimidine/Pyrimidine,C>T
29702614,rs73234636,CC,CC,CT,88,82,88,NC_000008.11,Mutation NB - Maternal Origin,Transition - Pyrimidine/Pyrimidine,Unsolved
40406894,rs16889357,CC,CC,CT,100,91,99,NC_000008.11,Mutation NB - Maternal Origin,Transition - Pyrimidine/Pyrimidine,Unsolved
42188137,rs2070713,CC,CC,CT,85,88,41,NC_000008.11,Mutation NB - Paternal Origin,Transition - Pyrimidine/Pyrimidine,Unsolved
42981088,rs62515948,TT,GG,TT,91,82,30,NC_000008.11,Mutation NB - Maternal Origin,Transversion - Purine/Pyrimidine,G>T
46240686,rs543383206,AA,AA,AG,91,73,44,NC_000008.11,Mutation NB - Maternal Origin,Transition - Purine/Purine,Unsolved
46379680,.,TT,TT,TC,73,79,47,NC_000008.11,Mutation NB - Paternal Origin,Transition - Pyrimidine/Pyrimidine,Unsolved
53140766,rs2553863,TT,TT,TA,97,79,99,NC_000008.11,Mutation NB - Maternal Origin,Transition - Pyrimidine/Pyrimidine,Transversion - Purine/Pyrimidine,Unsolved
54351852,rs2719367,TG,GG,TT,1,88,57,NC_000008.11,Mutation NB - Maternal Origin,Transversion - Purine/Pyrimidine,G>T
56274434,rs7012906,TT,GG,TT,88,79,27,NC_000008.11,Mutation NB - Maternal Origin,Transversion - Purine/Pyrimidine,G>T
63295433,rs13251451,AA,AG,GG,100,38,45,NC_000008.11,Mutation NB - Paternal Origin,Transition - Purine/Purine,A>G
72523199,rs349369,TT,CC,CC,100,91,21,NC_000008.11,Mutation NB - Paternal Origin,Transition - Pyrimidine/Pyrimidine,T>C
72753865,.,TT,TT,TG,91,73,50,NC_000008.11,Mutation NB - Maternal Origin,Transition - Pyrimidine/Pyrimidine,Transversion - Purine/Pyrimidine,Unsolved
72758139,rs16938355,GG,GG,GC,100,91,98,NC_000008.11,Mutation NB - Maternal Origin,Transition - Purine/Purine,Transversion - Purine/Pyrimidine,Unsolved
74330922,rs72665404,CC,CC,CT,70,79,99,NC_000008.11,Mutation NB - Paternal Origin,Transition - Pyrimidine/Pyrimidine,Unsolved
75208832,rs116999001,GG,GG,TT,91,100,9,NC_000008.11,Mutation NB - Paternal Origin,Transversion - Purine/Pyrimidine,Unsolved
79443106,.,GG,GG,GA,58,82,44,NC_000008.11,Mutation NB - Paternal Origin,Transition - Purine/Purine,Unsolved
80309142,rs60539023,GG,AA,AA,91,88,36,NC_000008.11,Mutation NB - Paternal Origin,Transition - Purine/Purine,G>A
82997435,rs68066426,CC,GG,CC,52,100,99,NC_000008.11,Mutation NB - Maternal Origin,Transversion - Purine/Pyrimidine,G>C
86180641,.,TT,TT,TC,88,88,68,NC_000008.11,Mutation NB - Paternal or Maternal,Transition - Pyrimidine/Pyrimidine,Unsolved
89163509,rs147772441,TT,TT,TC,100,79,99,NC_000008.11,Mutation NB - Maternal Origin,Transition - Pyrimidine/Pyrimidine,Unsolved
89809079,rs40636,AA,AA,AG,61,88,61,NC_000008.11,Mutation NB - Paternal Origin,Transition - Purine/Purine,Unsolved
89809121,rs422559,TT,TT,TC,61,88,52,NC_000008.11,Mutation NB - Paternal Origin,Transition - Pyrimidine/Pyrimidine,Unsolved
101306631,rs16899258,CC,CC,CT,100,91,99,NC_000008.11,Mutation NB - Maternal Origin,Transition - Pyrimidine/Pyrimidine,Unsolved
101319101,rs10113770,TC,TT,CC,1,88,60,NC_000008.11,Mutation NB - Maternal Origin,Transition - Pyrimidine/Pyrimidine,T>C
101667681,rs3735715,AA,AA,GA,76,79,99,NC_000008.11,Mutation NB - Paternal Origin,Transition - Purine/Purine,Unsolved
103894331,rs959001941,AA,AA,AT,67,79,41,NC_000008.11,Mutation NB - Paternal Origin,Transversion - Purine/Pyrimidine,Unsolved
105956295,.,TT,TT,TC,82,79,41,NC_000008.11,Mutation NB - Maternal Origin,Transition - Pyrimidine/Pyrimidine,Unsolved
105956475,rs62525696,CT,CC,TT,1,73,21,NC_000008.11,Mutation NB - Maternal Origin,Transversion - Purine/Pyrimidine,C>T
107266002,rs10955445,TT,TT,TC,100,82,99,NC_000008.11,Mutation NB - Maternal Origin,Transition - Pyrimidine/Pyrimidine,Unsolved
109645414,rs10106169,CC,CC,CG,100,82,99,NC_000008.11,Mutation NB - Maternal Origin,Transversion - Purine/Pyrimidine,Unsolved
111127110,rs146102899,GG,GG,GA,100,73,99,NC_000008.11,Mutation NB - Maternal Origin,Transition - Purine/Purine,Unsolved
111693470,.,TT,TT,TC,82,79,53,NC_000008.11,Mutation NB - Maternal Origin,Transition - Pyrimidine/Pyrimidine,Unsolved
112083052,rs12679370,GG,GG,GA,49,100,99,NC_000008.11,Mutation NB - Paternal Origin,Transition - Purine/Purine,Unsolved
114312352,rs10100905,GG,TT,GG,64,100,99,NC_000008.11,Mutation NB - Maternal Origin,Transition - Purine/Purine,Transversion - Purine/Pyrimidine,T>G
114981293,rs634298,AA,AA,AG,100,85,99,NC_000008.11,Mutation NB - Maternal Origin,Transition - Purine/Purine,Unsolved
115019133,rs4308765,GA,GG,AA,1,85,18,NC_000008.11,Mutation NB - Maternal Origin,Transition - Purine/Purine,G>A
116684075,rs73324034,GG,GG,GA,100,88,99,NC_000008.11,Mutation NB - Maternal Origin,Transition - Purine/Purine,Unsolved
118663014,rs2460985,CC,CC,CT,70,100,99,NC_000008.11,Mutation NB - Paternal Origin,Transition - Pyrimidine/Pyrimidine,Unsolved
119195782,rs79554094,AA,AA,AG,88,91,99,NC_000008.11,Mutation NB - Paternal Origin,Transition - Purine/Purine,Unsolved
122134417,.,AA,AA,AG,79,79,41,NC_000008.11,Mutation NB - Paternal or Maternal,Transition - Purine/Purine,Unsolved
122403088,rs10111034,CC,TT,CC,85,100,42,NC_000008.11,Mutation NB - Maternal Origin,Transition - Pyrimidine/Pyrimidine,T>C
123057314,rs12676466,TT,GG,TT,88,88,57,NC_000008.11,Mutation NB - Maternal Origin,Transversion - Purine/Pyrimidine,G>T
123174428,rs62521826,CC,CT,TT,85,1,39,NC_000008.11,Mutation NB - Paternal Origin,Transition - Pyrimidine/Pyrimidine,C>T
123412726,rs73705910,CT,CC,TT,1,91,21,NC_000008.11,Mutation NB - Maternal Origin,Transversion - Purine/Pyrimidine,C>T
123853828,rs57649166,TT,TT,TC,46,100,99,NC_000008.11,Mutation NB - Paternal Origin,Transition - Pyrimidine/Pyrimidine,Unsolved
124129025,rs9792331,CC,GG,GG,85,88,0,NC_000008.11,Mutation NB - Paternal Origin,Transversion - Purine/Pyrimidine,C>G
129471092,rs12543365,TT,CC,CC,49,79,99,NC_000008.11,Mutation NB - Paternal Origin,Transition - Pyrimidine/Pyrimidine,T>C
131563906,rs72722502,CC,CT,TT,100,1,79,NC_000008.11,Mutation NB - Paternal Origin,Transition - Pyrimidine/Pyrimidine,C>T
131592980,rs402478,GG,CC,GG,91,91,21,NC_000008.11,Mutation NB - Maternal Origin,Transversion - Purine/Pyrimidine,C>G
133518067,.,CC,CC,CT,70,76,40,NC_000008.11,Mutation NB - Paternal Origin,Transition - Pyrimidine/Pyrimidine,Unsolved
134467733,.,TT,TT,TC,91,79,92,NC_000008.11,Mutation NB - Maternal Origin,Transition - Pyrimidine/Pyrimidine,Unsolved
134467750,.,AA,AA,AG,91,79,50,NC_000008.11,Mutation NB - Maternal Origin,Transition - Purine/Purine,Unsolved
135140508,rs1021061,CC,CC,AC,91,67,53,NC_000008.11,Mutation NB - Maternal Origin,Transversion - Purine/Pyrimidine,Unsolved
135299868,rs4500112,GG,GA,AA,100,9,78,NC_000008.11,Mutation NB - Paternal Origin,Transition - Purine/Purine,G>A
135690459,rs75855159,AA,CC,CC,82,76,99,NC_000008.11,Mutation NB - Paternal Origin,Transversion - Purine/Pyrimidine,A>C
137741366,rs13282127,CC,CC,CA,100,88,99,NC_000008.11,Mutation NB - Maternal Origin,Transversion - Purine/Pyrimidine,Unsolved
138697562,rs7835385,TT,GG,TT,89,100,25,NC_000008.11,Mutation NB - Maternal Origin,Transversion - Purine/Pyrimidine,G>T
139330281,rs3913641,TT,TT,CT,67,91,99,NC_000008.11,Mutation NB - Paternal Origin,Transition - Pyrimidine/Pyrimidine,Unsolved
139871401,.,CC,CC,CT,91,73,62,NC_000008.11,Mutation NB - Maternal Origin,Transition - Pyrimidine/Pyrimidine,Unsolved
140047286,rs4633040,TT,GG,GG,100,76,78,NC_000008.11,Mutation NB - Paternal Origin,Transversion - Purine/Pyrimidine,T>G
141062059,rs306966,AA,GG,GG,100,73,72,NC_000008.11,Mutation NB - Paternal Origin,Transition - Purine/Purine,A>G
141106043,rs925358,GG,GG,GA,88,100,99,NC_000008.11,Mutation NB - Paternal Origin,Transition - Purine/Purine,Unsolved
141212162,rs3824235,AA,AA,AG,100,91,99,NC_000008.11,Mutation NB - Maternal Origin,Transition - Purine/Purine,Unsolved
141238930,rs6981564,CC,CG,GG,100,32,30,NC_000008.11,Mutation NB - Paternal Origin,Transversion - Purine/Pyrimidine,C>G
141476525,rs2613646,CC,CC,CT,100,82,68,NC_000008.11,Mutation NB - Maternal Origin,Transition - Pyrimidine/Pyrimidine,Unsolved
141493392,rs2246721,GG,GG,GA,88,88,99,NC_000008.11,Mutation NB - Paternal or Maternal,Transition - Purine/Purine,Unsolved
141493417,rs2246717,CC,TT,TT,88,88,57,NC_000008.11,Mutation NB - Paternal Origin,Transition - Pyrimidine/Pyrimidine,C>T
141609293,rs1078141,CC,CT,TT,91,39,54,NC_000008.11,Mutation NB - Paternal Origin,Transition - Pyrimidine/Pyrimidine,C>T
142429132,rs13272253,TT,CC,TT,91,100,33,NC_000008.11,Mutation NB - Maternal Origin,Transition - Pyrimidine/Pyrimidine,C>T
142757748,rs13261547,TT,TT,TC,88,91,99,NC_000008.11,Mutation NB - Paternal Origin,Transition - Pyrimidine/Pyrimidine,Unsolved
142794958,rs2717614,CC,TT,TT,100,76,18,NC_000008.11,Mutation NB - Paternal Origin,Transition - Pyrimidine/Pyrimidine,C>T
142800638,rs35216146,TT,CC,CC,91,88,12,NC_000008.11,Mutation NB - Paternal Origin,Transition - Pyrimidine/Pyrimidine,T>C
142959824,rs9694974,GG,AA,AA,91,73,51,NC_000008.11,Mutation NB - Paternal Origin,Transition - Purine/Purine,G>A
142985569,rs62524581,GG,GG,GA,100,40,99,NC_000008.11,Mutation NB - Maternal Origin,Transition - Purine/Purine,Unsolved
143303633,rs878238,TT,CC,CC,100,85,18,NC_000008.11,Mutation NB - Paternal Origin,Transition - Pyrimidine/Pyrimidine,T>C
143448771,rs13252596,GG,GG,GA,82,55,99,NC_000008.11,Mutation NB - Maternal Origin,Transition - Purine/Purine,Unsolved
144057076,rs72695427,GG,GG,GA,61,100,99,NC_000008.11,Mutation NB - Paternal Origin,Transition - Purine/Purine,Unsolved
144255412,rs958097800,CC,TC,TT,91,51,81,NC_000008.11,Mutation NB - Paternal Origin,Transition - Pyrimidine/Pyrimidine,C>T
2177170,rs16937852,CC,AA,CC,85,85,15,NC_000009.12,Mutation NB - Maternal Origin,Transversion - Purine/Pyrimidine,A>C
2299582,.,TT,TT,TC,82,58,56,NC_000009.12,Mutation NB - Maternal Origin,Transition - Pyrimidine/Pyrimidine,Unsolved
5112288,rs3780378,CC,CC,CT,91,100,99,NC_000009.12,Mutation NB - Paternal Origin,Transition - Pyrimidine/Pyrimidine,Unsolved
7911716,rs7047580,CC,GC,GG,91,35,9,NC_000009.12,Mutation NB - Paternal Origin,Transversion - Purine/Pyrimidine,C>G
11462088,rs73393618,TT,CC,TT,34,91,78,NC_000009.12,Mutation NB - Maternal Origin,Transition - Pyrimidine/Pyrimidine,C>T
16147026,rs1854292,CC,CT,TT,100,29,30,NC_000009.12,Mutation NB - Paternal Origin,Transition - Pyrimidine/Pyrimidine,C>T
17293601,rs79901955,GG,CC,GG,64,76,99,NC_000009.12,Mutation NB - Maternal Origin,Transversion - Purine/Pyrimidine,C>G
19754436,rs1182679,CC,GG,GG,100,70,39,NC_000009.12,Mutation NB - Paternal Origin,Transversion - Purine/Pyrimidine,C>G
23219699,rs10811875,GG,GG,GA,100,67,99,NC_000009.12,Mutation NB - Maternal Origin,Transition - Purine/Purine,Unsolved
28310572,rs11789717,GG,CC,CC,100,85,30,NC_000009.12,Mutation NB - Paternal Origin,Transversion - Purine/Pyrimidine,G>C
28839814,rs60694712,TT,TT,TC,91,91,99,NC_000009.12,Mutation NB - Paternal or Maternal,Transition - Pyrimidine/Pyrimidine,Unsolved
31821675,rs780753,CC,CC,CT,100,91,99,NC_000009.12,Mutation NB - Maternal Origin,Transition - Pyrimidine/Pyrimidine,Unsolved
33433698,rs7854263,CC,CC,CA,100,82,62,NC_000009.12,Mutation NB - Maternal Origin,Transversion - Purine/Pyrimidine,Unsolved
33817966,rs2734603,CC,CC,CT,100,49,99,NC_000009.12,Mutation NB - Maternal Origin,Transition - Pyrimidine/Pyrimidine,Unsolved
34509686,rs72735254,TT,TT,TC,76,100,99,NC_000009.12,Mutation NB - Paternal Origin,Transition - Pyrimidine/Pyrimidine,Unsolved
36982748,rs3018183,CC,GG,GG,100,79,54,NC_000009.12,Mutation NB - Paternal Origin,Transversion - Purine/Pyrimidine,C>G
37564146,rs10973417,CC,GG,GG,73,55,41,NC_000009.12,Mutation NB - Paternal Origin,Transversion - Purine/Pyrimidine,C>G
38523394,rs13283831,CC,CC,CG,58,100,99,NC_000009.12,Mutation NB - Paternal Origin,Transversion - Purine/Pyrimidine,Unsolved
60545749,rs28775016,AA,AA,AG,91,82,99,NC_000009.12,Mutation NB - Maternal Origin,Transition - Purine/Purine,Unsolved
70328596,rs79661139,CC,CC,CT,100,70,99,NC_000009.12,Mutation NB - Maternal Origin,Transition - Pyrimidine/Pyrimidine,Unsolved
76523723,rs10781364,GG,GG,GA,100,82,99,NC_000009.12,Mutation NB - Maternal Origin,Transition - Purine/Purine,Unsolved
76890002,rs6560559,GG,TT,TT,91,88,9,NC_000009.12,Mutation NB - Paternal Origin,Transversion - Purine/Pyrimidine,G>T
77752520,.,AA,AA,AG,82,88,47,NC_000009.12,Mutation NB - Paternal Origin,Transition - Purine/Purine,Unsolved
79842483,rs7035737,GG,GG,AG,91,76,99,NC_000009.12,Mutation NB - Maternal Origin,Transition - Purine/Purine,Unsolved
81137270,rs1329407218,TT,TT,TC,82,79,59,NC_000009.12,Mutation NB - Maternal Origin,Transition - Pyrimidine/Pyrimidine,Unsolved
85398043,rs79871104,TT,CC,TT,91,88,15,NC_000009.12,Mutation NB - Maternal Origin,Transition - Pyrimidine/Pyrimidine,C>T
88076281,rs944632,GG,GG,GC,100,79,99,NC_000009.12,Mutation NB - Maternal Origin,Transition - Purine/Purine,Transversion - Purine/Pyrimidine,Unsolved
89362528,rs45440499,GG,CC,CC,88,91,0,NC_000009.12,Mutation NB - Paternal Origin,Transversion - Purine/Pyrimidine,G>C
89848892,rs1036765345,GG,GG,AG,91,91,99,NC_000009.12,Mutation NB - Paternal or Maternal,Transition - Purine/Purine,Unsolved
89848899,rs898144528,CC,CC,CG,88,100,99,NC_000009.12,Mutation NB - Paternal Origin,Transversion - Purine/Pyrimidine,Unsolved
92884838,rs12685086,TT,CC,CC,100,76,21,NC_000009.12,Mutation NB - Paternal Origin,Transition - Pyrimidine/Pyrimidine,T>C
93126676,rs1554755797,AA,AA,AG,100,100,65,NC_000009.12,Mutation NB - Paternal or Maternal,Transition - Purine/Purine,Unsolved
95555770,rs681396,AA,AA,AC,100,58,99,NC_000009.12,Mutation NB - Maternal Origin,Transversion - Purine/Pyrimidine,Unsolved
96670435,rs60630839,CC,CC,CT,88,100,21,NC_000009.12,Mutation NB - Paternal Origin,Transition - Pyrimidine/Pyrimidine,Unsolved
99366227,rs10819657,TT,CC,CC,91,100,24,NC_000009.12,Mutation NB - Paternal Origin,Transition - Pyrimidine/Pyrimidine,T>C
101738339,rs1337676,AA,GA,GG,85,14,39,NC_000009.12,Mutation NB - Paternal Origin,Transition - Purine/Purine,A>G
101738360,rs115479633,GG,GA,AA,85,3,39,NC_000009.12,Mutation NB - Paternal Origin,Transition - Purine/Purine,G>A
107768480,rs7865094,CC,CC,TC,82,82,86,NC_000009.12,Mutation NB - Paternal or Maternal,Transition - Pyrimidine/Pyrimidine,Unsolved
108517943,rs7026351,CC,CC,CT,100,67,99,NC_000009.12,Mutation NB - Maternal Origin,Transition - Pyrimidine/Pyrimidine,Unsolved
108660048,rs2417917,TC,CC,TT,1,52,0,NC_000009.12,Mutation NB - Maternal Origin,Transversion - Purine/Pyrimidine,C>T
110300361,rs7851797,AA,GG,GG,82,73,48,NC_000009.12,Mutation NB - Paternal Origin,Transition - Purine/Purine,A>G
113548978,rs10981821,CC,CC,CT,100,100,99,NC_000009.12,Mutation NB - Paternal or Maternal,Transition - Pyrimidine/Pyrimidine,Unsolved
113798583,.,AA,AA,AG,91,88,65,NC_000009.12,Mutation NB - Maternal Origin,Transition - Purine/Purine,Unsolved
115087035,rs2992147,TT,TT,TC,82,88,99,NC_000009.12,Mutation NB - Paternal Origin,Transition - Pyrimidine/Pyrimidine,Unsolved
115590435,.,TT,TT,TC,91,88,41,NC_000009.12,Mutation NB - Maternal Origin,Transition - Pyrimidine/Pyrimidine,Unsolved
118191016,rs753093,CC,CC,CT,85,86,99,NC_000009.12,Mutation NB - Paternal Origin,Transition - Pyrimidine/Pyrimidine,Unsolved
118427817,rs17367380,TT,TT,TC,100,100,99,NC_000009.12,Mutation NB - Paternal or Maternal,Transition - Pyrimidine/Pyrimidine,Unsolved
119902930,rs7020938,CC,CC,CA,55,100,99,NC_000009.12,Mutation NB - Paternal Origin,Transversion - Purine/Pyrimidine,Unsolved
121476400,rs34212442,TT,TT,TC,88,100,99,NC_000009.12,Mutation NB - Paternal Origin,Transition - Pyrimidine/Pyrimidine,Unsolved
121582038,rs883094,TT,TT,TC,91,88,99,NC_000009.12,Mutation NB - Maternal Origin,Transition - Pyrimidine/Pyrimidine,Unsolved
123479758,.,AA,AA,AG,73,88,50,NC_000009.12,Mutation NB - Paternal Origin,Transition - Purine/Purine,Unsolved
126275148,rs953003416,GG,GG,GT,82,100,99,NC_000009.12,Mutation NB - Paternal Origin,Transversion - Purine/Pyrimidine,Unsolved
127140903,rs1538502,CC,TT,CC,88,85,21,NC_000009.12,Mutation NB - Maternal Origin,Transition - Pyrimidine/Pyrimidine,T>C
127727279,rs472144,GG,AA,GG,85,100,99,NC_000009.12,Mutation NB - Maternal Origin,Transition - Purine/Purine,A>G
128906909,.,TT,TT,TC,82,88,53,NC_000009.12,Mutation NB - Paternal Origin,Transition - Pyrimidine/Pyrimidine,Unsolved
129719395,rs775348667,AA,AA,AG,91,70,44,NC_000009.12,Mutation NB - Maternal Origin,Transition - Purine/Purine,Unsolved
129752968,rs11792431,GG,GG,GA,70,100,99,NC_000009.12,Mutation NB - Paternal Origin,Transition - Purine/Purine,Unsolved
131839174,rs35009246,CC,CC,CT,88,76,99,NC_000009.12,Mutation NB - Maternal Origin,Transition - Pyrimidine/Pyrimidine,Unsolved
133959418,rs2789859,AA,AA,AC,100,88,99,NC_000009.12,Mutation NB - Maternal Origin,Transversion - Purine/Pyrimidine,Unsolved
134355500,rs62576323,CC,CC,CA,85,100,99,NC_000009.12,Mutation NB - Paternal Origin,Transversion - Purine/Pyrimidine,Unsolved
134991024,rs61080000,GG,GG,GA,100,70,99,NC_000009.12,Mutation NB - Maternal Origin,Transition - Purine/Purine,Unsolved
135195814,rs10776938,GG,AA,AA,100,70,69,NC_000009.12,Mutation NB - Paternal Origin,Transition - Purine/Purine,G>A
135994506,rs66659574,CC,TT,TT,91,79,30,NC_000009.12,Mutation NB - Paternal Origin,Transition - Pyrimidine/Pyrimidine,C>T
136806153,rs2811795,TC,TT,CC,28,100,63,NC_000009.12,Mutation NB - Maternal Origin,Transition - Pyrimidine/Pyrimidine,T>C
137216790,rs11526462,CC,CC,CT,100,82,99,NC_000009.12,Mutation NB - Maternal Origin,Transition - Pyrimidine/Pyrimidine,Unsolved
137410959,rs11507667,CC,TT,CC,82,88,72,NC_000009.12,Mutation NB - Maternal Origin,Transition - Pyrimidine/Pyrimidine,T>C
137702727,rs12683637,CC,CC,CT,100,49,99,NC_000009.12,Mutation NB - Maternal Origin,Transition - Pyrimidine/Pyrimidine,Unsolved
96183,rs7100646,AA,GA,GG,91,2,0,NC_000010.11,Mutation NB - Paternal Origin,Transition - Purine/Purine,A>G
713051,rs35743076,CC,CC,CT,100,79,99,NC_000010.11,Mutation NB - Maternal Origin,Transition - Pyrimidine/Pyrimidine,Unsolved
1976783,rs7091987,AA,TT,TT,100,91,18,NC_000010.11,Mutation NB - Paternal Origin,Transversion - Purine/Pyrimidine,A>T
2484985,rs9419444,AG,AA,GG,34,100,30,NC_000010.11,Mutation NB - Maternal Origin,Transition - Purine/Purine,A>G
2988646,rs11597690,GG,AG,AA,88,1,0,NC_000010.11,Mutation NB - Paternal Origin,Transition - Purine/Purine,G>A
2988648,rs11598228,CC,TC,TT,88,1,0,NC_000010.11,Mutation NB - Paternal Origin,Transition - Pyrimidine/Pyrimidine,C>T
3130268,rs2279214,CC,CC,CT,91,76,66,NC_000010.11,Mutation NB - Maternal Origin,Transition - Pyrimidine/Pyrimidine,Unsolved
3130277,rs2279215,TT,TT,TC,88,76,66,NC_000010.11,Mutation NB - Maternal Origin,Transition - Pyrimidine/Pyrimidine,Unsolved
3420514,rs11251880,CC,CC,CT,88,73,99,NC_000010.11,Mutation NB - Maternal Origin,Transition - Pyrimidine/Pyrimidine,Unsolved
3845626,rs10904105,TT,CC,TT,67,100,39,NC_000010.11,Mutation NB - Maternal Origin,Transition - Pyrimidine/Pyrimidine,C>T
4271415,rs56254661,GG,GG,GA,85,40,99,NC_000010.11,Mutation NB - Maternal Origin,Transition - Purine/Purine,Unsolved
5525951,rs4589188,AA,AA,GA,86,76,99,NC_000010.11,Mutation NB - Maternal Origin,Transition - Purine/Purine,Unsolved
5526004,rs1131482,GG,GG,GT,100,79,99,NC_000010.11,Mutation NB - Maternal Origin,Transversion - Purine/Pyrimidine,Unsolved
5660285,rs2386643,TT,CC,TT,82,88,36,NC_000010.11,Mutation NB - Maternal Origin,Transition - Pyrimidine/Pyrimidine,C>T
5827876,rs11596702,TT,CC,TT,40,85,57,NC_000010.11,Mutation NB - Maternal Origin,Transition - Pyrimidine/Pyrimidine,C>T
7585714,rs12766778,GG,GG,GA,100,91,99,NC_000010.11,Mutation NB - Maternal Origin,Transition - Purine/Purine,Unsolved
8278229,rs7067717,GG,GC,CC,100,1,33,NC_000010.11,Mutation NB - Paternal Origin,Transversion - Purine/Pyrimidine,G>C
9361155,rs1762767,TT,CC,CC,100,82,51,NC_000010.11,Mutation NB - Paternal Origin,Transition - Pyrimidine/Pyrimidine,T>C
11925663,rs11257432,CC,TT,CC,52,82,66,NC_000010.11,Mutation NB - Maternal Origin,Transition - Pyrimidine/Pyrimidine,T>C
13945691,.,TT,TT,TC,85,73,50,NC_000010.11,Mutation NB - Maternal Origin,Transition - Pyrimidine/Pyrimidine,Unsolved
15560230,rs61843020,GG,GA,AA,100,1,54,NC_000010.11,Mutation NB - Paternal Origin,Transition - Purine/Purine,G>A
16913199,rs10752063,GG,TG,TT,85,1,33,NC_000010.11,Mutation NB - Paternal Origin,Transversion - Purine/Pyrimidine,G>T
22530809,rs7919655,GG,AA,AA,100,85,42,NC_000010.11,Mutation NB - Paternal Origin,Transition - Purine/Purine,G>A
23613094,rs7919007,AA,AA,AG,100,67,32,NC_000010.11,Mutation NB - Maternal Origin,Transition - Purine/Purine,Unsolved
24923316,rs1853944,CC,CC,CT,100,100,99,NC_000010.11,Mutation NB - Paternal or Maternal,Transition - Pyrimidine/Pyrimidine,Unsolved
26252355,rs10828964,CC,CC,CT,64,100,99,NC_000010.11,Mutation NB - Paternal Origin,Transition - Pyrimidine/Pyrimidine,Unsolved
28865053,rs2797473,CC,TT,TT,91,88,12,NC_000010.11,Mutation NB - Paternal Origin,Transition - Pyrimidine/Pyrimidine,C>T
29802894,rs3006561,GG,TT,GG,92,91,36,NC_000010.11,Mutation NB - Maternal Origin,Transition - Purine/Purine,Transversion - Purine/Pyrimidine,T>G
36748511,rs7897427,CA,CC,AA,35,100,99,NC_000010.11,Mutation NB - Maternal Origin,Transversion - Purine/Pyrimidine,C>A
36748530,rs7897325,AG,AA,GG,34,100,99,NC_000010.11,Mutation NB - Maternal Origin,Transition - Purine/Purine,A>G
43066063,rs3026711,CC,CC,CT,79,100,99,NC_000010.11,Mutation NB - Paternal Origin,Transition - Pyrimidine/Pyrimidine,Unsolved
43135226,rs116882356,GG,GG,AA,100,91,12,NC_000010.11,Mutation NB - Maternal Origin,Transition - Purine/Purine,Unsolved
47362861,rs1317979275,CC,CC,AC,88,85,11,NC_000010.11,Mutation NB - Maternal Origin,Transversion - Purine/Pyrimidine,Unsolved
49154174,rs55687538,AA,AA,AC,91,70,99,NC_000010.11,Mutation NB - Maternal Origin,Transversion - Purine/Pyrimidine,Unsolved
49313631,rs72792842,GG,GG,GA,91,100,59,NC_000010.11,Mutation NB - Paternal Origin,Transition - Purine/Purine,Unsolved
49380944,rs7903692,CC,TT,TT,82,49,54,NC_000010.11,Mutation NB - Paternal Origin,Transition - Pyrimidine/Pyrimidine,C>T
49549025,rs11594879,AA,AA,AG,91,70,99,NC_000010.11,Mutation NB - Maternal Origin,Transition - Purine/Purine,Unsolved
50451768,.,AA,AA,AG,82,82,50,NC_000010.11,Mutation NB - Paternal or Maternal,Transition - Purine/Purine,Unsolved
63857202,rs7921730,AA,AA,AG,100,79,99,NC_000010.11,Mutation NB - Maternal Origin,Transition - Purine/Purine,Unsolved
66257041,rs1876333,TT,TT,TC,64,61,99,NC_000010.11,Mutation NB - Maternal Origin,Transition - Pyrimidine/Pyrimidine,Unsolved
66257042,rs75452771,TT,CC,CC,64,61,60,NC_000010.11,Mutation NB - Paternal Origin,Transition - Pyrimidine/Pyrimidine,T>C
69660554,rs2812501,GG,AG,AA,91,47,24,NC_000010.11,Mutation NB - Paternal Origin,Transition - Purine/Purine,G>A
69917505,rs35532046,CC,CT,TT,100,1,87,NC_000010.11,Mutation NB - Paternal Origin,Transition - Pyrimidine/Pyrimidine,C>T
70076054,rs16927241,GG,GG,GA,85,64,99,NC_000010.11,Mutation NB - Maternal Origin,Transition - Purine/Purine,Unsolved
70981374,rs827258,CC,CC,TC,43,70,99,NC_000010.11,Mutation NB - Paternal Origin,Transition - Pyrimidine/Pyrimidine,Unsolved
71075156,rs10740363,CC,GG,GG,100,76,39,NC_000010.11,Mutation NB - Paternal Origin,Transversion - Purine/Pyrimidine,C>G
72108880,rs28637640,AA,AA,GG,85,91,33,NC_000010.11,Mutation NB - Paternal Origin,Transition - Purine/Purine,Unsolved
76010689,rs77542266,GG,CC,CC,88,73,75,NC_000010.11,Mutation NB - Paternal Origin,Transversion - Purine/Pyrimidine,G>C
76619908,rs12413656,CC,AA,CC,70,100,99,NC_000010.11,Mutation NB - Maternal Origin,Transversion - Purine/Pyrimidine,A>C
79179134,rs1052306063,AA,AA,AG,73,64,44,NC_000010.11,Mutation NB - Maternal Origin,Transition - Purine/Purine,Unsolved
79317538,rs11002924,GG,GG,GA,100,61,99,NC_000010.11,Mutation NB - Maternal Origin,Transition - Purine/Purine,Unsolved
81570077,rs1396696247,CC,CC,CT,88,82,44,NC_000010.11,Mutation NB - Maternal Origin,Transition - Pyrimidine/Pyrimidine,Unsolved
84784976,rs2960379,GG,GG,GA,73,100,99,NC_000010.11,Mutation NB - Paternal Origin,Transition - Purine/Purine,Unsolved
85413595,rs11201614,CC,CC,CT,55,100,99,NC_000010.11,Mutation NB - Paternal Origin,Transition - Pyrimidine/Pyrimidine,Unsolved
86259192,rs1947567,CC,TT,TT,100,61,72,NC_000010.11,Mutation NB - Paternal Origin,Transition - Pyrimidine/Pyrimidine,C>T
88073835,rs11202645,GG,GG,GA,73,82,99,NC_000010.11,Mutation NB - Paternal Origin,Transition - Purine/Purine,Unsolved
89693861,rs12573024,CC,CA,AA,100,1,27,NC_000010.11,Mutation NB - Paternal Origin,Transversion - Purine/Pyrimidine,C>A
94800500,rs142158075,CC,AA,AA,88,85,33,NC_000010.11,Mutation NB - Paternal Origin,Transversion - Purine/Pyrimidine,C>A
95642312,rs115760902,CC,CC,CT,100,79,99,NC_000010.11,Mutation NB - Maternal Origin,Transition - Pyrimidine/Pyrimidine,Unsolved
96228112,rs11188671,TT,GG,TT,85,100,18,NC_000010.11,Mutation NB - Maternal Origin,Transversion - Purine/Pyrimidine,G>T
97197673,rs12098374,AA,GG,AA,100,88,0,NC_000010.11,Mutation NB - Maternal Origin,Transition - Purine/Purine,G>A
98396171,rs12265561,GG,TT,GG,85,82,27,NC_000010.11,Mutation NB - Maternal Origin,Transition - Purine/Purine,Transversion - Purine/Pyrimidine,T>G
99870208,rs2265782,CC,AA,CC,85,91,39,NC_000010.11,Mutation NB - Maternal Origin,Transversion - Purine/Pyrimidine,A>C
100759903,rs34187063,CC,CC,CT,100,85,99,NC_000010.11,Mutation NB - Maternal Origin,Transition - Pyrimidine/Pyrimidine,Unsolved
100868348,rs61873511,AA,GG,AA,85,91,66,NC_000010.11,Mutation NB - Maternal Origin,Transition - Purine/Purine,G>A
100885230,.,TT,TT,TC,91,79,51,NC_000010.11,Mutation NB - Maternal Origin,Transition - Pyrimidine/Pyrimidine,Unsolved
102674873,rs12573077,CC,AA,AA,100,67,60,NC_000010.11,Mutation NB - Paternal Origin,Transversion - Purine/Pyrimidine,C>A
103473807,.,AA,AA,AG,79,85,50,NC_000010.11,Mutation NB - Paternal Origin,Transition - Purine/Purine,Unsolved
103720777,rs72815789,GG,GG,GA,91,100,65,NC_000010.11,Mutation NB - Paternal Origin,Transition - Purine/Purine,Unsolved
104245522,rs11191968,TT,CC,TT,73,91,86,NC_000010.11,Mutation NB - Maternal Origin,Transition - Pyrimidine/Pyrimidine,C>T
106326829,.,GG,GG,GA,85,91,47,NC_000010.11,Mutation NB - Paternal Origin,Transition - Purine/Purine,Unsolved
106650853,rs11192999,TT,TT,TC,73,100,99,NC_000010.11,Mutation NB - Paternal Origin,Transition - Pyrimidine/Pyrimidine,Unsolved
106750313,rs13376814,CG,CC,GG,1,100,69,NC_000010.11,Mutation NB - Maternal Origin,Transversion - Purine/Pyrimidine,C>G
106750324,rs13376819,GA,GG,AA,1,100,69,NC_000010.11,Mutation NB - Maternal Origin,Transition - Purine/Purine,G>A
107019664,.,AA,AA,AG,79,82,57,NC_000010.11,Mutation NB - Paternal Origin,Transition - Purine/Purine,Unsolved
110231856,rs1855276532,TT,TT,TC,91,88,47,NC_000010.11,Mutation NB - Maternal Origin,Transition - Pyrimidine/Pyrimidine,Unsolved
111332068,rs117427155,AA,AG,GG,82,29,15,NC_000010.11,Mutation NB - Paternal Origin,Transition - Purine/Purine,A>G
112089614,.,TT,TT,TC,19,79,58,NC_000010.11,Mutation NB - Paternal Origin,Transition - Pyrimidine/Pyrimidine,Unsolved
113474421,rs10885464,AA,AA,GG,100,100,18,NC_000010.11,Mutation NB - Paternal or Maternal,Transition - Purine/Purine,Unsolved
117446819,.,TT,TT,TC,88,91,56,NC_000010.11,Mutation NB - Paternal Origin,Transition - Pyrimidine/Pyrimidine,Unsolved
117503546,rs184834,AA,AA,GA,91,88,68,NC_000010.11,Mutation NB - Maternal Origin,Transition - Purine/Purine,Unsolved
117606024,rs181633,GG,AA,AA,100,82,48,NC_000010.11,Mutation NB - Paternal Origin,Transition - Purine/Purine,G>A
117795825,rs1886602,CT,CC,TT,1,100,54,NC_000010.11,Mutation NB - Maternal Origin,Transversion - Purine/Pyrimidine,C>T
119448349,.,AA,AA,AG,82,91,44,NC_000010.11,Mutation NB - Paternal Origin,Transition - Purine/Purine,Unsolved
119672928,rs2072361,CC,AA,CC,73,88,63,NC_000010.11,Mutation NB - Maternal Origin,Transversion - Purine/Pyrimidine,A>C
121620310,rs2247640,AA,GG,GG,100,67,9,NC_000010.11,Mutation NB - Paternal Origin,Transition - Purine/Purine,A>G
121632864,rs7896565,CC,CC,CT,82,76,99,NC_000010.11,Mutation NB - Maternal Origin,Transition - Pyrimidine/Pyrimidine,Unsolved
121670615,rs10886963,GG,AA,AA,91,85,15,NC_000010.11,Mutation NB - Paternal Origin,Transition - Purine/Purine,G>A
123102291,rs6599651,GG,GG,AG,91,85,30,NC_000010.11,Mutation NB - Maternal Origin,Transition - Purine/Purine,Unsolved
123965589,rs4929791,TT,CC,CC,85,70,21,NC_000010.11,Mutation NB - Paternal Origin,Transition - Pyrimidine/Pyrimidine,T>C
126081067,rs7903323,GG,GG,GA,91,55,83,NC_000010.11,Mutation NB - Maternal Origin,Transition - Purine/Purine,Unsolved
126867352,rs61873937,GG,GG,GA,100,88,99,NC_000010.11,Mutation NB - Maternal Origin,Transition - Purine/Purine,Unsolved
127906089,rs7089423,AA,AA,AG,100,100,99,NC_000010.11,Mutation NB - Paternal or Maternal,Transition - Purine/Purine,Unsolved
127906114,rs11593267,GG,GG,GC,100,100,99,NC_000010.11,Mutation NB - Paternal or Maternal,Transition - Purine/Purine,Transversion - Purine/Pyrimidine,Unsolved
128480097,rs34442194,CC,AA,CC,88,100,45,NC_000010.11,Mutation NB - Maternal Origin,Transversion - Purine/Pyrimidine,A>C
129243046,rs481105,CC,TC,TT,85,70,0,NC_000010.11,Mutation NB - Paternal Origin,Transition - Pyrimidine/Pyrimidine,C>T
129495800,rs947082,TT,TC,CC,76,2,33,NC_000010.11,Mutation NB - Paternal Origin,Transition - Pyrimidine/Pyrimidine,T>C
129934724,rs1984104,TT,CC,CC,100,85,45,NC_000010.11,Mutation NB - Paternal Origin,Transition - Pyrimidine/Pyrimidine,T>C
130045416,rs12250806,GG,GA,AA,100,32,78,NC_000010.11,Mutation NB - Paternal Origin,Transition - Purine/Purine,G>A
130609612,rs1665554,TT,TT,CT,61,73,14,NC_000010.11,Mutation NB - Paternal Origin,Transition - Pyrimidine/Pyrimidine,Unsolved
131109947,rs4418720,TT,CC,TT,70,88,69,NC_000010.11,Mutation NB - Maternal Origin,Transition - Pyrimidine/Pyrimidine,C>T
131174860,.,TT,TT,TA,76,67,51,NC_000010.11,Mutation NB - Maternal Origin,Transition - Pyrimidine/Pyrimidine,Transversion - Purine/Pyrimidine,Unsolved
131220434,.,TT,TT,TC,82,79,41,NC_000010.11,Mutation NB - Maternal Origin,Transition - Pyrimidine/Pyrimidine,Unsolved
131588139,rs982337261,CC,TT,TT,88,82,30,NC_000010.11,Mutation NB - Paternal Origin,Transition - Pyrimidine/Pyrimidine,C>T
131588293,rs1016652561,GG,GG,GT,100,67,41,NC_000010.11,Mutation NB - Maternal Origin,Transversion - Purine/Pyrimidine,Unsolved
131745324,rs4387284,TT,TT,TG,89,100,99,NC_000010.11,Mutation NB - Paternal Origin,Transition - Pyrimidine/Pyrimidine,Transversion - Purine/Pyrimidine,Unsolved
132269446,.,AA,AA,AG,79,85,39,NC_000010.11,Mutation NB - Paternal Origin,Transition - Purine/Purine,Unsolved
133161608,rs12769572,GG,AA,AA,85,64,42,NC_000010.11,Mutation NB - Paternal Origin,Transition - Purine/Purine,G>A
133287874,rs2995329,GG,GG,AG,91,88,99,NC_000010.11,Mutation NB - Maternal Origin,Transition - Purine/Purine,Unsolved
223272,rs3782115,GG,AA,GG,91,100,18,NC_000011.10,Mutation NB - Maternal Origin,Transition - Purine/Purine,A>G
774982,rs7952095,CC,CC,CA,61,100,99,NC_000011.10,Mutation NB - Paternal Origin,Transversion - Purine/Pyrimidine,Unsolved
801092,rs11539604,AA,GG,GG,91,79,57,NC_000011.10,Mutation NB - Paternal Origin,Transition - Purine/Purine,A>G
885330,rs12574605,CA,CC,AA,1,100,87,NC_000011.10,Mutation NB - Maternal Origin,Transversion - Purine/Pyrimidine,C>A
1232808,rs11026355,GG,GG,GA,91,100,99,NC_000011.10,Mutation NB - Paternal Origin,Transition - Purine/Purine,Unsolved
1455887,rs73411413,CC,TT,TT,85,85,45,NC_000011.10,Mutation NB - Paternal Origin,Transition - Pyrimidine/Pyrimidine,C>T
3809294,.,TT,TT,TC,76,73,45,NC_000011.10,Mutation NB - Maternal Origin,Transition - Pyrimidine/Pyrimidine,Unsolved
7353363,rs7933960,AA,GG,AA,85,91,51,NC_000011.10,Mutation NB - Maternal Origin,Transition - Purine/Purine,G>A
9552015,.,TT,TT,TC,79,91,41,NC_000011.10,Mutation NB - Paternal Origin,Transition - Pyrimidine/Pyrimidine,Unsolved
10689228,rs10840471,GG,GT,TT,91,33,15,NC_000011.10,Mutation NB - Paternal Origin,Transversion - Purine/Pyrimidine,G>T
11673389,rs1860772301,AA,AA,AG,49,55,44,NC_000011.10,Mutation NB - Paternal Origin,Transition - Purine/Purine,Unsolved
16082323,.,TT,TT,TA,85,79,56,NC_000011.10,Mutation NB - Maternal Origin,Transition - Pyrimidine/Pyrimidine,Transversion - Purine/Pyrimidine,Unsolved
16864935,rs404646,AA,GG,GG,100,88,18,NC_000011.10,Mutation NB - Paternal Origin,Transition - Purine/Purine,A>G
16966633,.,AA,AA,AG,82,91,59,NC_000011.10,Mutation NB - Paternal Origin,Transition - Purine/Purine,Unsolved
18154227,.,AA,AA,AG,76,85,50,NC_000011.10,Mutation NB - Paternal Origin,Transition - Purine/Purine,Unsolved
19419680,rs2729924,AA,AA,GA,85,79,50,NC_000011.10,Mutation NB - Maternal Origin,Transition - Purine/Purine,Unsolved
26488648,rs2087974,GG,GG,GT,100,85,89,NC_000011.10,Mutation NB - Maternal Origin,Transversion - Purine/Pyrimidine,Unsolved
26950543,rs779063473,TT,TT,TC,79,73,62,NC_000011.10,Mutation NB - Maternal Origin,Transition - Pyrimidine/Pyrimidine,Unsolved
27600413,rs12798439,CC,TT,TT,79,85,15,NC_000011.10,Mutation NB - Paternal Origin,Transition - Pyrimidine/Pyrimidine,C>T
32510153,rs73487938,GG,GG,GA,55,100,99,NC_000011.10,Mutation NB - Paternal Origin,Transition - Purine/Purine,Unsolved
32658051,rs4359178,AA,AA,AC,100,91,99,NC_000011.10,Mutation NB - Maternal Origin,Transversion - Purine/Pyrimidine,Unsolved
33571268,rs115460822,CC,TT,CC,91,85,48,NC_000011.10,Mutation NB - Maternal Origin,Transition - Pyrimidine/Pyrimidine,T>C
34425356,rs12802066,CC,TT,CC,46,67,0,NC_000011.10,Mutation NB - Maternal Origin,Transition - Pyrimidine/Pyrimidine,T>C
36581515,rs73455517,AA,AA,AC,82,88,99,NC_000011.10,Mutation NB - Paternal Origin,Transversion - Purine/Pyrimidine,Unsolved
42227157,.,TT,TT,TC,88,58,62,NC_000011.10,Mutation NB - Maternal Origin,Transition - Pyrimidine/Pyrimidine,Unsolved
42227251,rs1851446032,AA,AA,AG,88,82,59,NC_000011.10,Mutation NB - Maternal Origin,Transition - Purine/Purine,Unsolved
44615283,rs2303865,GG,GG,GA,67,100,77,NC_000011.10,Mutation NB - Paternal Origin,Transition - Purine/Purine,Unsolved
46943975,rs11039033,CC,CC,CT,100,100,56,NC_000011.10,Mutation NB - Paternal or Maternal,Transition - Pyrimidine/Pyrimidine,Unsolved
47924027,rs2930189,AA,GG,AA,91,100,45,NC_000011.10,Mutation NB - Maternal Origin,Transition - Purine/Purine,G>A
56569833,rs1945261,AA,GG,GG,100,88,99,NC_000011.10,Mutation NB - Paternal Origin,Transition - Purine/Purine,A>G
60859758,rs1789780,GG,GA,AA,100,1,45,NC_000011.10,Mutation NB - Paternal Origin,Transition - Purine/Purine,G>A
61800281,rs174544,CC,CA,AA,100,1,29,NC_000011.10,Mutation NB - Paternal Origin,Transversion - Purine/Pyrimidine,C>A
62934016,rs147286810,TT,TT,TA,100,61,99,NC_000011.10,Mutation NB - Maternal Origin,Transition - Pyrimidine/Pyrimidine,Transversion - Purine/Pyrimidine,Unsolved
64210475,rs80280955,CC,CC,CT,85,100,99,NC_000011.10,Mutation NB - Paternal Origin,Transition - Pyrimidine/Pyrimidine,Unsolved
65395645,rs1022235315,TT,TT,TC,91,82,53,NC_000011.10,Mutation NB - Maternal Origin,Transition - Pyrimidine/Pyrimidine,Unsolved
65857091,rs667555,CC,AA,CC,49,100,78,NC_000011.10,Mutation NB - Maternal Origin,Transversion - Purine/Pyrimidine,A>C
65965818,rs556643,GG,GG,GA,73,100,99,NC_000011.10,Mutation NB - Paternal Origin,Transition - Purine/Purine,Unsolved
67024096,rs1004360104,GG,TT,TT,89,82,12,NC_000011.10,Mutation NB - Paternal Origin,Transversion - Purine/Pyrimidine,G>T
68375274,rs665508,AA,GG,AA,91,100,45,NC_000011.10,Mutation NB - Maternal Origin,Transition - Purine/Purine,G>A
69161024,.,TT,TT,TG,97,46,66,NC_000011.10,Mutation NB - Maternal Origin,Transition - Pyrimidine/Pyrimidine,Transversion - Purine/Pyrimidine,Unsolved
69719105,rs73526337,CC,GG,CC,61,88,42,NC_000011.10,Mutation NB - Maternal Origin,Transversion - Purine/Pyrimidine,G>C
69781574,rs4084128,CC,CC,CT,100,61,99,NC_000011.10,Mutation NB - Maternal Origin,Transition - Pyrimidine/Pyrimidine,Unsolved
69796606,rs10908224,CC,CC,CT,100,73,99,NC_000011.10,Mutation NB - Maternal Origin,Transition - Pyrimidine/Pyrimidine,Unsolved
69999116,rs7114804,AG,AA,GG,67,100,30,NC_000011.10,Mutation NB - Maternal Origin,Transition - Purine/Purine,A>G
71357853,rs148179164,GG,GG,GA,67,100,99,NC_000011.10,Mutation NB - Paternal Origin,Transition - Purine/Purine,Unsolved
71473452,rs2276358,AA,GG,AA,40,85,93,NC_000011.10,Mutation NB - Maternal Origin,Transition - Purine/Purine,G>A
71840084,rs7932698,AC,AA,CC,6,100,75,NC_000011.10,Mutation NB - Maternal Origin,A>C
73155414,rs78304175,GG,AA,GG,85,85,24,NC_000011.10,Mutation NB - Maternal Origin,Transition - Purine/Purine,A>G
74809441,rs559211,CC,TT,TT,100,88,27,NC_000011.10,Mutation NB - Paternal Origin,Transition - Pyrimidine/Pyrimidine,C>T
74827123,rs112233760,CT,CC,TT,70,85,36,NC_000011.10,Mutation NB - Maternal Origin,Transversion - Purine/Pyrimidine,C>T
76251068,rs9988835,TT,CC,TT,79,88,66,NC_000011.10,Mutation NB - Maternal Origin,Transition - Pyrimidine/Pyrimidine,C>T
76291827,rs10899202,TT,CC,TT,91,100,27,NC_000011.10,Mutation NB - Maternal Origin,Transition - Pyrimidine/Pyrimidine,C>T
76687444,rs79448248,CC,CC,CT,64,100,99,NC_000011.10,Mutation NB - Paternal Origin,Transition - Pyrimidine/Pyrimidine,Unsolved
85024589,rs138477947,AA,AA,AG,88,100,68,NC_000011.10,Mutation NB - Paternal Origin,Transition - Purine/Purine,Unsolved
88349610,rs7116555,AA,AA,AG,61,100,99,NC_000011.10,Mutation NB - Paternal Origin,Transition - Purine/Purine,Unsolved
97923585,rs1859225612,GG,GG,GC,85,88,50,NC_000011.10,Mutation NB - Paternal Origin,Transition - Purine/Purine,Transversion - Purine/Pyrimidine,Unsolved
98184883,rs11600962,GA,GG,AA,67,100,9,NC_000011.10,Mutation NB - Maternal Origin,Transition - Purine/Purine,G>A
98910412,rs1813480,TT,CC,TT,88,91,45,NC_000011.10,Mutation NB - Maternal Origin,Transition - Pyrimidine/Pyrimidine,C>T
99142812,rs11218540,AA,AA,AC,64,100,99,NC_000011.10,Mutation NB - Paternal Origin,Transversion - Purine/Pyrimidine,Unsolved
99142826,rs1940502,GG,CC,GG,64,88,63,NC_000011.10,Mutation NB - Maternal Origin,Transversion - Purine/Pyrimidine,C>G
99801086,rs1218992,GG,AA,GG,79,85,30,NC_000011.10,Mutation NB - Maternal Origin,Transition - Purine/Purine,A>G
100040317,rs770591,CC,CC,CT,88,82,99,NC_000011.10,Mutation NB - Maternal Origin,Transition - Pyrimidine/Pyrimidine,Unsolved
101231841,rs7104105,TT,CC,CC,100,73,99,NC_000011.10,Mutation NB - Paternal Origin,Transition - Pyrimidine/Pyrimidine,T>C
102539360,rs4754852,GG,GG,GC,100,52,99,NC_000011.10,Mutation NB - Maternal Origin,Transition - Purine/Purine,Transversion - Purine/Pyrimidine,Unsolved
116484915,rs1418476110,AA,AA,AG,85,73,50,NC_000011.10,Mutation NB - Maternal Origin,Transition - Purine/Purine,Unsolved
117911228,rs1381052920,CC,CC,CT,91,79,47,NC_000011.10,Mutation NB - Maternal Origin,Transition - Pyrimidine/Pyrimidine,Unsolved
118679094,rs659969,CC,TT,CC,88,79,18,NC_000011.10,Mutation NB - Maternal Origin,Transition - Pyrimidine/Pyrimidine,T>C
118961017,rs10892315,CC,TT,TT,28,52,46,NC_000011.10,Mutation NB - Paternal Origin,Transition - Pyrimidine/Pyrimidine,C>T
118961054,rs61900158,TT,TA,AA,73,32,39,NC_000011.10,Mutation NB - Paternal Origin,Transversion - Purine/Pyrimidine,T>A
120108299,rs7941900,TT,TT,TC,76,100,99,NC_000011.10,Mutation NB - Paternal Origin,Transition - Pyrimidine/Pyrimidine,Unsolved
120297901,rs117482343,AA,GG,GG,91,88,39,NC_000011.10,Mutation NB - Paternal Origin,Transition - Purine/Purine,A>G
121160251,.,TT,TT,TC,82,88,56,NC_000011.10,Mutation NB - Paternal Origin,Transition - Pyrimidine/Pyrimidine,Unsolved
121435753,rs4146874,AA,GG,GG,88,73,45,NC_000011.10,Mutation NB - Paternal Origin,Transition - Purine/Purine,A>G
125240183,rs34868999,AA,GG,GG,91,76,42,NC_000011.10,Mutation NB - Paternal Origin,Transition - Purine/Purine,A>G
126111564,rs687826,CC,CC,CT,100,67,99,NC_000011.10,Mutation NB - Maternal Origin,Transition - Pyrimidine/Pyrimidine,Unsolved
128315126,.,AA,AA,AG,46,88,84,NC_000011.10,Mutation NB - Paternal Origin,Transition - Purine/Purine,Unsolved
129312883,rs11221660,GA,GG,AA,1,73,18,NC_000011.10,Mutation NB - Maternal Origin,Transition - Purine/Purine,G>A
132096370,rs1106363,TT,CC,CC,91,85,18,NC_000011.10,Mutation NB - Paternal Origin,Transition - Pyrimidine/Pyrimidine,T>C
132565925,rs188251416,CC,CC,CT,100,58,95,NC_000011.10,Mutation NB - Maternal Origin,Transition - Pyrimidine/Pyrimidine,Unsolved
134610205,rs3017971,GG,AA,GG,76,100,99,NC_000011.10,Mutation NB - Maternal Origin,Transition - Purine/Purine,A>G
134623680,rs985864816,TT,CC,CC,91,67,42,NC_000011.10,Mutation NB - Paternal Origin,Transition - Pyrimidine/Pyrimidine,T>C
134629212,rs7122771,TT,TT,TC,100,85,99,NC_000011.10,Mutation NB - Maternal Origin,Transition - Pyrimidine/Pyrimidine,Unsolved
570636,rs11063638,CC,TT,CC,91,100,30,NC_000012.12,Mutation NB - Maternal Origin,Transition - Pyrimidine/Pyrimidine,T>C
3113919,rs748536273,GA,GG,AA,28,91,12,NC_000012.12,Mutation NB - Maternal Origin,Transition - Purine/Purine,G>A
3195925,rs11062561,CC,CC,CA,82,100,99,NC_000012.12,Mutation NB - Paternal Origin,Transversion - Purine/Pyrimidine,Unsolved
3257920,rs73047072,GG,GG,GA,100,79,99,NC_000012.12,Mutation NB - Maternal Origin,Transition - Purine/Purine,Unsolved
3257965,rs644135,AA,GG,GG,100,82,36,NC_000012.12,Mutation NB - Paternal Origin,Transition - Purine/Purine,A>G
3278283,rs571206,GG,AA,GG,79,100,21,NC_000012.12,Mutation NB - Maternal Origin,Transition - Purine/Purine,A>G
3321137,rs1860390,AA,GG,AA,55,100,99,NC_000012.12,Mutation NB - Maternal Origin,Transition - Purine/Purine,G>A
3321202,rs10848848,CC,CC,CT,91,91,97,NC_000012.12,Mutation NB - Paternal or Maternal,Transition - Pyrimidine/Pyrimidine,Unsolved
3677687,rs242027,GA,GG,AA,1,100,60,NC_000012.12,Mutation NB - Maternal Origin,Transition - Purine/Purine,G>A
4452208,.,AA,AA,AG,91,79,47,NC_000012.12,Mutation NB - Maternal Origin,Transition - Purine/Purine,Unsolved
4954068,rs974446,AA,AG,GG,100,1,21,NC_000012.12,Mutation NB - Paternal Origin,Transition - Purine/Purine,A>G
8223874,rs7310126,GG,AA,GG,79,100,21,NC_000012.12,Mutation NB - Maternal Origin,Transition - Purine/Purine,A>G
8401189,rs9706564,TT,TT,CT,79,88,99,NC_000012.12,Mutation NB - Paternal Origin,Transition - Pyrimidine/Pyrimidine,Unsolved
9414827,rs147727851,GA,GG,AA,1,76,57,NC_000012.12,Mutation NB - Maternal Origin,Transition - Purine/Purine,G>A
22320797,.,TT,TT,TC,85,85,65,NC_000012.12,Mutation NB - Paternal or Maternal,Transition - Pyrimidine/Pyrimidine,Unsolved
26713123,rs2068367,GG,GG,GA,100,88,68,NC_000012.12,Mutation NB - Maternal Origin,Transition - Purine/Purine,Unsolved
29093131,rs2099529,TT,TC,CC,100,32,27,NC_000012.12,Mutation NB - Paternal Origin,Transition - Pyrimidine/Pyrimidine,T>C
30326494,rs12313672,TT,CT,CC,91,28,27,NC_000012.12,Mutation NB - Paternal Origin,Transition - Pyrimidine/Pyrimidine,T>C
30326526,rs11050820,CC,GC,GG,91,60,27,NC_000012.12,Mutation NB - Paternal Origin,Transversion - Purine/Pyrimidine,C>G
30327581,rs4032089,AA,GG,GG,91,85,12,NC_000012.12,Mutation NB - Paternal Origin,Transition - Purine/Purine,A>G
30327597,rs4032090,AA,GG,GG,91,85,12,NC_000012.12,Mutation NB - Paternal Origin,Transition - Purine/Purine,A>G
30327598,rs4032091,CC,TT,TT,91,85,12,NC_000012.12,Mutation NB - Paternal Origin,Transition - Pyrimidine/Pyrimidine,C>T
31470128,rs541459642,TC,TT,CC,1,99,30,NC_000012.12,Mutation NB - Maternal Origin,Transition - Pyrimidine/Pyrimidine,T>C
31470129,rs1259239,CT,TT,CC,1,70,0,NC_000012.12,Mutation NB - Maternal Origin,Transition - Pyrimidine/Pyrimidine,T>C
39619703,.,CC,CC,CT,91,76,65,NC_000012.12,Mutation NB - Maternal Origin,Transition - Pyrimidine/Pyrimidine,Unsolved
45469170,rs7302122,TA,AA,TT,1,70,42,NC_000012.12,Mutation NB - Maternal Origin,Transversion - Purine/Pyrimidine,A>T
46019067,.,AA,AA,AG,79,73,60,NC_000012.12,Mutation NB - Maternal Origin,Transition - Purine/Purine,Unsolved
46111062,rs1579810,TT,CC,TT,85,91,9,NC_000012.12,Mutation NB - Maternal Origin,Transition - Pyrimidine/Pyrimidine,C>T
48682028,rs2277365,TT,TT,TG,64,79,99,NC_000012.12,Mutation NB - Paternal Origin,Transition - Pyrimidine/Pyrimidine,Transversion - Purine/Pyrimidine,Unsolved
49224225,rs68128447,CG,CC,GG,1,100,33,NC_000012.12,Mutation NB - Maternal Origin,Transversion - Purine/Pyrimidine,C>G
49358868,rs10506284,AA,GG,GG,91,82,0,NC_000012.12,Mutation NB - Paternal Origin,Transition - Purine/Purine,A>G
50938134,rs12580702,GA,GG,AA,67,100,33,NC_000012.12,Mutation NB - Maternal Origin,Transition - Purine/Purine,G>A
51189723,rs3490,AA,GG,AA,91,100,48,NC_000012.12,Mutation NB - Maternal Origin,Transition - Purine/Purine,G>A
52030212,rs876734,TT,TT,CT,79,76,99,NC_000012.12,Mutation NB - Maternal Origin,Transition - Pyrimidine/Pyrimidine,Unsolved
52250628,rs12581578,AA,GG,AA,100,91,45,NC_000012.12,Mutation NB - Maternal Origin,Transition - Purine/Purine,G>A
52319304,rs2857663,GG,GA,AA,100,1,69,NC_000012.12,Mutation NB - Paternal Origin,Transition - Purine/Purine,G>A
52353009,rs1791648,TT,GG,TT,73,100,87,NC_000012.12,Mutation NB - Maternal Origin,Transversion - Purine/Pyrimidine,G>T
52823272,rs10876353,AA,GA,GG,79,1,36,NC_000012.12,Mutation NB - Paternal Origin,Transition - Purine/Purine,A>G
56953506,rs3782331,TT,CC,CC,85,55,81,NC_000012.12,Mutation NB - Paternal Origin,Transition - Pyrimidine/Pyrimidine,T>C
58653974,rs60182948,AA,AA,AG,73,76,99,NC_000012.12,Mutation NB - Paternal Origin,Transition - Purine/Purine,Unsolved
59134726,.,AA,AA,AG,61,58,65,NC_000012.12,Mutation NB - Maternal Origin,Transition - Purine/Purine,Unsolved
60241985,rs3902471,TT,TT,CT,91,79,72,NC_000012.12,Mutation NB - Maternal Origin,Transition - Pyrimidine/Pyrimidine,Unsolved
61335055,rs10877620,CC,CC,CT,91,100,99,NC_000012.12,Mutation NB - Paternal Origin,Transition - Pyrimidine/Pyrimidine,Unsolved
63167958,rs77725925,GG,GG,GT,100,34,99,NC_000012.12,Mutation NB - Maternal Origin,Transversion - Purine/Pyrimidine,Unsolved
63279268,rs73126338,CC,TT,TT,79,70,78,NC_000012.12,Mutation NB - Paternal Origin,Transition - Pyrimidine/Pyrimidine,C>T
79882194,.,TT,TT,TC,91,82,50,NC_000012.12,Mutation NB - Maternal Origin,Transition - Pyrimidine/Pyrimidine,Unsolved
84128439,rs2170540,CC,GG,CC,76,88,45,NC_000012.12,Mutation NB - Maternal Origin,Transversion - Purine/Pyrimidine,G>C
88536949,rs11104937,TT,TT,TC,58,100,99,NC_000012.12,Mutation NB - Paternal Origin,Transition - Pyrimidine/Pyrimidine,Unsolved
94201608,rs4761591,AA,GG,AA,88,100,18,NC_000012.12,Mutation NB - Maternal Origin,Transition - Purine/Purine,G>A
95520911,rs7974596,TT,CC,TT,91,88,21,NC_000012.12,Mutation NB - Maternal Origin,Transition - Pyrimidine/Pyrimidine,C>T
96109258,rs2660860,GG,GG,AG,91,70,99,NC_000012.12,Mutation NB - Maternal Origin,Transition - Purine/Purine,Unsolved
96887194,rs252187,CT,TT,CC,1,82,0,NC_000012.12,Mutation NB - Maternal Origin,Transition - Pyrimidine/Pyrimidine,T>C
99185775,rs2712639,CC,TT,CC,79,100,27,NC_000012.12,Mutation NB - Maternal Origin,Transition - Pyrimidine/Pyrimidine,T>C
106102393,rs11112866,AA,GG,AA,79,88,21,NC_000012.12,Mutation NB - Maternal Origin,Transition - Purine/Purine,G>A
108218027,rs1426364,GG,GC,CC,100,1,81,NC_000012.12,Mutation NB - Paternal Origin,Transversion - Purine/Pyrimidine,G>C
110057366,rs41436646,CC,CG,GG,100,1,87,NC_000012.12,Mutation NB - Paternal Origin,Transversion - Purine/Pyrimidine,C>G
110692060,rs79248018,AA,AA,AG,85,61,99,NC_000012.12,Mutation NB - Maternal Origin,Transition - Purine/Purine,Unsolved
110842458,rs74995863,GG,GG,GT,100,64,99,NC_000012.12,Mutation NB - Maternal Origin,Transversion - Purine/Pyrimidine,Unsolved
112640897,rs104756,CC,GG,CC,91,100,21,NC_000012.12,Mutation NB - Maternal Origin,Transversion - Purine/Pyrimidine,G>C
113039698,rs2245511,CT,CC,TT,42,85,27,NC_000012.12,Mutation NB - Maternal Origin,Transversion - Purine/Pyrimidine,C>T
113062323,rs1902953,AA,GA,GG,88,35,36,NC_000012.12,Mutation NB - Paternal Origin,Transition - Purine/Purine,A>G
113697490,rs4767114,CC,CC,CT,52,100,99,NC_000012.12,Mutation NB - Paternal Origin,Transition - Pyrimidine/Pyrimidine,Unsolved
113720266,rs7977639,TT,CC,TT,91,88,12,NC_000012.12,Mutation NB - Maternal Origin,Transition - Pyrimidine/Pyrimidine,C>T
114582665,rs1305877721,CC,CC,CT,67,79,44,NC_000012.12,Mutation NB - Paternal Origin,Transition - Pyrimidine/Pyrimidine,Unsolved
114711363,rs2384478,GG,AA,AA,100,79,57,NC_000012.12,Mutation NB - Paternal Origin,Transition - Purine/Purine,G>A
115596901,rs74628422,GG,AA,GG,91,85,0,NC_000012.12,Mutation NB - Maternal Origin,Transition - Purine/Purine,A>G
115640136,rs3847870,TT,GG,GG,88,89,54,NC_000012.12,Mutation NB - Paternal Origin,Transversion - Purine/Pyrimidine,T>G
116628553,rs11830438,GG,GG,GT,79,100,99,NC_000012.12,Mutation NB - Paternal Origin,Transversion - Purine/Pyrimidine,Unsolved
116717931,rs1870239879,AA,AA,AG,85,82,41,NC_000012.12,Mutation NB - Maternal Origin,Transition - Purine/Purine,Unsolved
118799386,rs1846600,CC,CC,CG,100,88,62,NC_000012.12,Mutation NB - Maternal Origin,Transversion - Purine/Pyrimidine,Unsolved
118986957,rs67336842,CC,CC,CT,100,85,97,NC_000012.12,Mutation NB - Maternal Origin,Transition - Pyrimidine/Pyrimidine,Unsolved
119515238,rs11064819,AA,GG,GG,91,91,21,NC_000012.12,Mutation NB - Paternal Origin,Transition - Purine/Purine,A>G
120760496,rs668622,GG,AA,AA,100,73,72,NC_000012.12,Mutation NB - Paternal Origin,Transition - Purine/Purine,G>A
124517838,rs116577539,GG,GG,GA,73,100,99,NC_000012.12,Mutation NB - Paternal Origin,Transition - Purine/Purine,Unsolved
124517845,rs116007288,CC,CC,CT,73,100,99,NC_000012.12,Mutation NB - Paternal Origin,Transition - Pyrimidine/Pyrimidine,Unsolved
124620592,rs2342927,TT,TT,TC,100,91,49,NC_000012.12,Mutation NB - Maternal Origin,Transition - Pyrimidine/Pyrimidine,Unsolved
124861238,rs12822440,GG,GG,GA,100,70,99,NC_000012.12,Mutation NB - Maternal Origin,Transition - Purine/Purine,Unsolved
126936541,rs187550862,CC,CC,CT,88,91,99,NC_000012.12,Mutation NB - Paternal Origin,Transition - Pyrimidine/Pyrimidine,Unsolved
128651295,rs7955460,TT,CC,TT,88,91,30,NC_000012.12,Mutation NB - Maternal Origin,Transition - Pyrimidine/Pyrimidine,C>T
130010137,rs7965478,CC,CC,CG,91,85,99,NC_000012.12,Mutation NB - Maternal Origin,Transversion - Purine/Pyrimidine,Unsolved
130134658,rs4759615,GG,TT,TT,100,61,42,NC_000012.12,Mutation NB - Paternal Origin,Transversion - Purine/Pyrimidine,G>T
130183816,rs7134674,GG,AA,GG,85,85,30,NC_000012.12,Mutation NB - Maternal Origin,Transition - Purine/Purine,A>G
131075628,rs11061312,TT,CC,TT,91,100,30,NC_000012.12,Mutation NB - Maternal Origin,Transition - Pyrimidine/Pyrimidine,C>T
131793319,rs11246810,AA,AA,AG,79,100,99,NC_000012.12,Mutation NB - Paternal Origin,Transition - Purine/Purine,Unsolved
133026125,rs61953717,AA,GG,AA,85,91,24,NC_000012.12,Mutation NB - Maternal Origin,Transition - Purine/Purine,G>A
18440150,rs1316171721,AA,GG,GG,91,88,30,NC_000013.11,Mutation NB - Paternal Origin,Transition - Purine/Purine,A>G
19323902,rs73162218,CT,CC,TT,14,100,45,NC_000013.11,Mutation NB - Maternal Origin,Transversion - Purine/Pyrimidine,C>T
20282393,rs115705627,GG,AA,GG,82,91,99,NC_000013.11,Mutation NB - Maternal Origin,Transition - Purine/Purine,A>G
21116139,rs7988682,TT,TT,TC,58,70,99,NC_000013.11,Mutation NB - Paternal Origin,Transition - Pyrimidine/Pyrimidine,Unsolved
23285792,rs4770427,CC,CC,CT,100,85,99,NC_000013.11,Mutation NB - Maternal Origin,Transition - Pyrimidine/Pyrimidine,Unsolved
23984096,rs17426978,GG,GG,GT,100,100,65,NC_000013.11,Mutation NB - Paternal or Maternal,Transversion - Purine/Pyrimidine,Unsolved
26468918,rs4423289,AA,AA,TA,88,91,56,NC_000013.11,Mutation NB - Paternal Origin,Transversion - Purine/Pyrimidine,Unsolved
26941454,rs116312446,CC,TT,CC,67,91,21,NC_000013.11,Mutation NB - Maternal Origin,Transition - Pyrimidine/Pyrimidine,T>C
28418517,.,TT,TT,TC,79,85,41,NC_000013.11,Mutation NB - Paternal Origin,Transition - Pyrimidine/Pyrimidine,Unsolved
30514513,rs3742304,TT,TT,TG,85,91,95,NC_000013.11,Mutation NB - Paternal Origin,Transition - Pyrimidine/Pyrimidine,Transversion - Purine/Pyrimidine,Unsolved
31484324,rs485559,GG,GG,AG,70,82,99,NC_000013.11,Mutation NB - Paternal Origin,Transition - Purine/Purine,Unsolved
32145839,rs35876342,TT,CC,TT,88,82,9,NC_000013.11,Mutation NB - Maternal Origin,Transition - Pyrimidine/Pyrimidine,C>T
32176616,rs703219,CC,CC,CT,100,67,99,NC_000013.11,Mutation NB - Maternal Origin,Transition - Pyrimidine/Pyrimidine,Unsolved
38085837,rs61955200,CC,CC,CG,70,91,99,NC_000013.11,Mutation NB - Paternal Origin,Transversion - Purine/Pyrimidine,Unsolved
39875795,.,TT,TT,TC,79,85,44,NC_000013.11,Mutation NB - Paternal Origin,Transition - Pyrimidine/Pyrimidine,Unsolved
40317984,rs2324594,CC,CC,CT,91,58,99,NC_000013.11,Mutation NB - Maternal Origin,Transition - Pyrimidine/Pyrimidine,Unsolved
44930234,rs41422844,TT,TT,TC,100,88,99,NC_000013.11,Mutation NB - Maternal Origin,Transition - Pyrimidine/Pyrimidine,Unsolved
45550347,rs182497563,GG,GG,GA,79,73,47,NC_000013.11,Mutation NB - Maternal Origin,Transition - Purine/Purine,Unsolved
45819918,rs9534230,GG,GG,GA,79,100,99,NC_000013.11,Mutation NB - Paternal Origin,Transition - Purine/Purine,Unsolved
50753395,rs583532,CC,CC,CA,79,100,99,NC_000013.11,Mutation NB - Paternal Origin,Transversion - Purine/Pyrimidine,Unsolved
51768410,rs1058141,AA,AA,AG,58,85,99,NC_000013.11,Mutation NB - Paternal Origin,Transition - Purine/Purine,Unsolved
59647027,.,AA,AA,AT,64,67,75,NC_000013.11,Mutation NB - Paternal Origin,Transversion - Purine/Pyrimidine,Unsolved
60402260,rs116433699,AA,GG,AA,19,70,99,NC_000013.11,Mutation NB - Maternal Origin,Transition - Purine/Purine,G>A
61145996,.,AA,AA,AG,76,70,47,NC_000013.11,Mutation NB - Maternal Origin,Transition - Purine/Purine,Unsolved
64077602,rs398079,CC,TT,CC,76,100,99,NC_000013.11,Mutation NB - Maternal Origin,Transition - Pyrimidine/Pyrimidine,T>C
69737917,rs1873829731,AA,AA,AG,85,88,47,NC_000013.11,Mutation NB - Paternal Origin,Transition - Purine/Purine,Unsolved
70512083,rs9529760,CC,AA,CC,82,100,57,NC_000013.11,Mutation NB - Maternal Origin,Transversion - Purine/Pyrimidine,A>C
72851565,rs1594050557,AA,AA,AG,88,79,50,NC_000013.11,Mutation NB - Maternal Origin,Transition - Purine/Purine,Unsolved
84263615,.,CC,CC,CG,100,64,99,NC_000013.11,Mutation NB - Maternal Origin,Transversion - Purine/Pyrimidine,Unsolved
88019181,rs7985386,CT,CC,TT,40,91,72,NC_000013.11,Mutation NB - Maternal Origin,Transversion - Purine/Pyrimidine,C>T
90913018,rs9515849,AA,CC,AA,91,79,0,NC_000013.11,Mutation NB - Maternal Origin,Transversion - Purine/Pyrimidine,C>A
95915872,rs9561981,AG,AA,GG,1,85,3,NC_000013.11,Mutation NB - Maternal Origin,Transition - Purine/Purine,A>G
96701990,rs12864425,GG,TT,TT,88,91,0,NC_000013.11,Mutation NB - Paternal Origin,Transversion - Purine/Pyrimidine,G>T
98219365,.,TT,TT,TC,85,85,62,NC_000013.11,Mutation NB - Paternal or Maternal,Transition - Pyrimidine/Pyrimidine,Unsolved
100569416,rs9518095,CC,CT,TT,100,1,57,NC_000013.11,Mutation NB - Paternal Origin,Transition - Pyrimidine/Pyrimidine,C>T
106516272,rs113001408,TT,TT,TC,91,100,99,NC_000013.11,Mutation NB - Paternal Origin,Transition - Pyrimidine/Pyrimidine,Unsolved
110147068,rs2084040,CC,CC,CT,73,100,81,NC_000013.11,Mutation NB - Paternal Origin,Transition - Pyrimidine/Pyrimidine,Unsolved
110193118,rs79557548,GG,GG,GA,100,91,62,NC_000013.11,Mutation NB - Maternal Origin,Transition - Purine/Purine,Unsolved
111203929,rs66525206,CC,CC,CT,100,79,99,NC_000013.11,Mutation NB - Maternal Origin,Transition - Pyrimidine/Pyrimidine,Unsolved
112032451,rs9549432,AA,GG,GG,100,73,93,NC_000013.11,Mutation NB - Paternal Origin,Transition - Purine/Purine,A>G
113456345,rs14067,AA,GG,AA,88,91,9,NC_000013.11,Mutation NB - Maternal Origin,Transition - Purine/Purine,G>A
22383889,rs3811254,GG,GG,CG,91,83,99,NC_000014.9,Mutation NB - Maternal Origin,Transition - Purine/Purine,Transversion - Purine/Pyrimidine,Unsolved
22613512,rs1242935,CC,AA,CC,91,91,12,NC_000014.9,Mutation NB - Maternal Origin,Transversion - Purine/Pyrimidine,A>C
28120469,.,AA,AA,AC,79,76,71,NC_000014.9,Mutation NB - Maternal Origin,Transversion - Purine/Pyrimidine,Unsolved
31527144,rs116708043,TT,TT,TC,67,91,99,NC_000014.9,Mutation NB - Paternal Origin,Transition - Pyrimidine/Pyrimidine,Unsolved
35287570,rs10146691,GG,GG,GA,85,100,27,NC_000014.9,Mutation NB - Paternal Origin,Transition - Purine/Purine,Unsolved
38436029,rs563303104,AA,AA,AG,85,82,44,NC_000014.9,Mutation NB - Maternal Origin,Transition - Purine/Purine,Unsolved
38478266,rs12101030,CC,CC,GC,85,85,99,NC_000014.9,Mutation NB - Paternal or Maternal,Transversion - Purine/Pyrimidine,Unsolved
38922473,rs10134813,CC,CC,CT,100,82,65,NC_000014.9,Mutation NB - Maternal Origin,Transition - Pyrimidine/Pyrimidine,Unsolved
39441881,rs910370,CC,CC,CT,55,100,99,NC_000014.9,Mutation NB - Paternal Origin,Transition - Pyrimidine/Pyrimidine,Unsolved
40203207,rs7159676,CC,CC,CT,55,91,99,NC_000014.9,Mutation NB - Paternal Origin,Transition - Pyrimidine/Pyrimidine,Unsolved
41004488,rs1779605,TG,TT,GG,8,91,42,NC_000014.9,Mutation NB - Maternal Origin,Transversion - Purine/Pyrimidine,T>G
42307422,rs1033136698,GG,GG,GA,91,88,99,NC_000014.9,Mutation NB - Maternal Origin,Transition - Purine/Purine,Unsolved
42307452,rs55896498,CC,AA,CC,91,88,36,NC_000014.9,Mutation NB - Maternal Origin,Transversion - Purine/Pyrimidine,A>C
53293451,rs12434314,GG,GG,GA,100,91,68,NC_000014.9,Mutation NB - Maternal Origin,Transition - Purine/Purine,Unsolved
53745309,rs953743,CC,CC,CG,88,100,99,NC_000014.9,Mutation NB - Paternal Origin,Transversion - Purine/Pyrimidine,Unsolved
61171364,rs729307,GG,AA,AA,100,91,21,NC_000014.9,Mutation NB - Paternal Origin,Transition - Purine/Purine,G>A
63498674,rs1255626,TT,TT,TC,100,46,99,NC_000014.9,Mutation NB - Maternal Origin,Transition - Pyrimidine/Pyrimidine,Unsolved
64869551,.,CC,CC,CT,76,88,44,NC_000014.9,Mutation NB - Paternal Origin,Transition - Pyrimidine/Pyrimidine,Unsolved
65234979,rs1679884,GG,GG,GA,82,64,99,NC_000014.9,Mutation NB - Maternal Origin,Transition - Purine/Purine,Unsolved
66333356,rs8020574,AA,AA,AG,100,88,99,NC_000014.9,Mutation NB - Maternal Origin,Transition - Purine/Purine,Unsolved
67887825,rs1950769,CC,AA,CC,70,91,48,NC_000014.9,Mutation NB - Maternal Origin,Transversion - Purine/Pyrimidine,A>C
69301377,rs148308513,GG,GG,GA,100,82,99,NC_000014.9,Mutation NB - Maternal Origin,Transition - Purine/Purine,Unsolved
73240841,rs2242603,GG,GG,GA,100,85,99,NC_000014.9,Mutation NB - Maternal Origin,Transition - Purine/Purine,Unsolved
74042674,rs7153160,CC,CC,CT,88,34,99,NC_000014.9,Mutation NB - Maternal Origin,Transition - Pyrimidine/Pyrimidine,Unsolved
74042698,rs35113917,CC,CC,CA,88,34,99,NC_000014.9,Mutation NB - Maternal Origin,Transversion - Purine/Pyrimidine,Unsolved
74042716,rs7153017,AA,AA,AG,88,34,99,NC_000014.9,Mutation NB - Maternal Origin,Transition - Purine/Purine,Unsolved
75138501,rs141637970,AA,AA,AT,100,91,99,NC_000014.9,Mutation NB - Maternal Origin,Transversion - Purine/Pyrimidine,Unsolved
78118360,rs177146,GG,GG,GA,85,100,62,NC_000014.9,Mutation NB - Paternal Origin,Transition - Purine/Purine,Unsolved
78118378,rs177145,TT,TT,TA,85,100,58,NC_000014.9,Mutation NB - Paternal Origin,Transition - Pyrimidine/Pyrimidine,Transversion - Purine/Pyrimidine,Unsolved
78504234,rs11159365,TT,CC,CC,85,88,27,NC_000014.9,Mutation NB - Paternal Origin,Transition - Pyrimidine/Pyrimidine,T>C
78504253,rs11159366,GG,AA,AA,85,88,27,NC_000014.9,Mutation NB - Paternal Origin,Transition - Purine/Purine,G>A
88238634,rs2093207,GG,AA,AA,88,76,75,NC_000014.9,Mutation NB - Paternal Origin,Transition - Purine/Purine,G>A
90487354,rs8003325,GG,GA,AA,100,70,30,NC_000014.9,Mutation NB - Paternal Origin,Transition - Purine/Purine,G>A
90546104,.,AA,AA,AG,88,82,56,NC_000014.9,Mutation NB - Maternal Origin,Transition - Purine/Purine,Unsolved
95035700,rs10146402,GG,GG,AG,91,91,71,NC_000014.9,Mutation NB - Paternal or Maternal,Transition - Purine/Purine,Unsolved
95499135,rs12879649,TT,AA,AA,76,88,45,NC_000014.9,Mutation NB - Paternal Origin,Transversion - Purine/Pyrimidine,T>A
96710266,rs4905525,CC,CC,CT,82,100,98,NC_000014.9,Mutation NB - Paternal Origin,Transition - Pyrimidine/Pyrimidine,Unsolved
99064770,rs1475540,GG,CC,GG,40,91,99,NC_000014.9,Mutation NB - Maternal Origin,Transversion - Purine/Pyrimidine,C>G
99225934,rs4905808,CC,TT,TT,73,67,51,NC_000014.9,Mutation NB - Paternal Origin,Transition - Pyrimidine/Pyrimidine,C>T
100883961,rs3825569,TT,TT,TC,67,100,99,NC_000014.9,Mutation NB - Paternal Origin,Transition - Pyrimidine/Pyrimidine,Unsolved
101008533,rs10145110,CC,CC,CT,76,100,99,NC_000014.9,Mutation NB - Paternal Origin,Transition - Pyrimidine/Pyrimidine,Unsolved
101181810,rs12883518,TT,TT,CT,73,82,99,NC_000014.9,Mutation NB - Paternal Origin,Transition - Pyrimidine/Pyrimidine,Unsolved
101876409,rs1746590,GG,AA,GG,91,85,0,NC_000014.9,Mutation NB - Maternal Origin,Transition - Purine/Purine,A>G
101922824,rs58186728,AA,AA,TT,88,91,9,NC_000014.9,Mutation NB - Paternal Origin,Transversion - Purine/Pyrimidine,Unsolved
104095661,rs1770983,CC,TT,CC,67,100,90,NC_000014.9,Mutation NB - Maternal Origin,Transition - Pyrimidine/Pyrimidine,T>C
104314729,rs10143187,CC,CC,CT,100,58,99,NC_000014.9,Mutation NB - Maternal Origin,Transition - Pyrimidine/Pyrimidine,Unsolved
104668528,.,AA,AA,AT,82,82,56,NC_000014.9,Mutation NB - Paternal or Maternal,Transversion - Purine/Pyrimidine,Unsolved
104789321,rs11848805,GG,AA,AA,100,91,21,NC_000014.9,Mutation NB - Paternal Origin,Transition - Purine/Purine,G>A
105047818,rs1886538876,CC,CC,CT,88,76,47,NC_000014.9,Mutation NB - Maternal Origin,Transition - Pyrimidine/Pyrimidine,Unsolved
105396481,rs115320881,CC,CC,CT,79,88,65,NC_000014.9,Mutation NB - Paternal Origin,Transition - Pyrimidine/Pyrimidine,Unsolved
25256238,rs2714796,TT,CC,TT,88,91,9,NC_000015.10,Mutation NB - Maternal Origin,Transition - Pyrimidine/Pyrimidine,C>T
25675931,rs2925302,AA,AG,GG,100,1,78,NC_000015.10,Mutation NB - Paternal Origin,Transition - Purine/Purine,A>G
25784961,rs1867510,CC,TT,CC,64,91,75,NC_000015.10,Mutation NB - Maternal Origin,Transition - Pyrimidine/Pyrimidine,T>C
27036920,rs6606863,TT,CC,TT,85,91,0,NC_000015.10,Mutation NB - Maternal Origin,Transition - Pyrimidine/Pyrimidine,C>T
27036927,rs6606864,AA,GG,AA,85,91,0,NC_000015.10,Mutation NB - Maternal Origin,Transition - Purine/Purine,G>A
27134323,.,AA,AA,AG,88,73,47,NC_000015.10,Mutation NB - Maternal Origin,Transition - Purine/Purine,Unsolved
33044244,rs1584954,CC,TT,TT,91,88,18,NC_000015.10,Mutation NB - Paternal Origin,Transition - Pyrimidine/Pyrimidine,C>T
33996269,rs59031451,GG,AA,GG,79,91,24,NC_000015.10,Mutation NB - Maternal Origin,Transition - Purine/Purine,A>G
34126794,.,TT,TT,TC,85,91,47,NC_000015.10,Mutation NB - Paternal Origin,Transition - Pyrimidine/Pyrimidine,Unsolved
34917899,rs12904279,GG,GG,AG,82,88,0,NC_000015.10,Mutation NB - Paternal Origin,Transition - Purine/Purine,Unsolved
39326684,rs11636013,CC,CC,CT,91,64,99,NC_000015.10,Mutation NB - Maternal Origin,Transition - Pyrimidine/Pyrimidine,Unsolved
41853738,rs1197660,CC,CC,GC,88,91,59,NC_000015.10,Mutation NB - Paternal Origin,Transversion - Purine/Pyrimidine,Unsolved
41875510,.,CC,CC,CT,79,88,47,NC_000015.10,Mutation NB - Paternal Origin,Transition - Pyrimidine/Pyrimidine,Unsolved
41927334,rs142183268,AA,AA,AG,100,88,99,NC_000015.10,Mutation NB - Maternal Origin,Transition - Purine/Purine,Unsolved
51138231,rs1280336257,AA,AA,AG,58,61,41,NC_000015.10,Mutation NB - Paternal Origin,Transition - Purine/Purine,Unsolved
59225298,rs11071415,CC,TT,CC,76,100,69,NC_000015.10,Mutation NB - Maternal Origin,Transition - Pyrimidine/Pyrimidine,T>C
59250732,rs7173866,CC,TT,CC,91,100,42,NC_000015.10,Mutation NB - Maternal Origin,Transition - Pyrimidine/Pyrimidine,T>C
60101453,rs114264433,GG,TT,GG,70,82,99,NC_000015.10,Mutation NB - Maternal Origin,Transition - Purine/Purine,Transversion - Purine/Pyrimidine,T>G
61369758,rs12595688,CC,CC,CA,85,100,99,NC_000015.10,Mutation NB - Paternal Origin,Transversion - Purine/Pyrimidine,Unsolved
62858590,rs540057,TG,TT,GG,23,100,51,NC_000015.10,Mutation NB - Maternal Origin,Transversion - Purine/Pyrimidine,T>G
65329103,rs12907128,AA,CC,CC,91,49,81,NC_000015.10,Mutation NB - Paternal Origin,Transversion - Purine/Pyrimidine,A>C
66606457,rs118008484,CC,GG,GG,88,73,30,NC_000015.10,Mutation NB - Paternal Origin,Transversion - Purine/Pyrimidine,C>G
66783183,rs4288945,GG,TT,TT,91,85,39,NC_000015.10,Mutation NB - Paternal Origin,Transversion - Purine/Pyrimidine,G>T
68342201,rs2125997,CC,CT,TT,100,34,36,NC_000015.10,Mutation NB - Paternal Origin,Transition - Pyrimidine/Pyrimidine,C>T
68683655,rs11636025,TT,TT,CT,49,88,78,NC_000015.10,Mutation NB - Paternal Origin,Transition - Pyrimidine/Pyrimidine,Unsolved
70362742,rs35301862,TT,TT,TC,100,85,68,NC_000015.10,Mutation NB - Maternal Origin,Transition - Pyrimidine/Pyrimidine,Unsolved
72097043,rs4777485,GG,GG,GC,82,85,99,NC_000015.10,Mutation NB - Paternal Origin,Transition - Purine/Purine,Transversion - Purine/Pyrimidine,Unsolved
72179476,rs117552985,GG,GG,GT,100,100,99,NC_000015.10,Mutation NB - Paternal or Maternal,Transversion - Purine/Pyrimidine,Unsolved
73891368,rs62007101,TT,CC,CC,91,91,0,NC_000015.10,Mutation NB - Paternal Origin,Transition - Pyrimidine/Pyrimidine,T>C
73956207,rs12101479,GG,CC,GG,100,88,0,NC_000015.10,Mutation NB - Maternal Origin,Transversion - Purine/Pyrimidine,C>G
75764094,rs8033539,CC,TT,CC,55,82,57,NC_000015.10,Mutation NB - Maternal Origin,Transition - Pyrimidine/Pyrimidine,T>C
77946202,rs8027530,AA,GG,AA,100,88,0,NC_000015.10,Mutation NB - Maternal Origin,Transition - Purine/Purine,G>A
78124842,rs16969520,CC,CC,CT,79,100,99,NC_000015.10,Mutation NB - Paternal Origin,Transition - Pyrimidine/Pyrimidine,Unsolved
79898644,rs2586167,GG,GG,GA,88,100,68,NC_000015.10,Mutation NB - Paternal Origin,Transition - Purine/Purine,Unsolved
79918509,rs4778734,GG,GG,AG,91,85,99,NC_000015.10,Mutation NB - Maternal Origin,Transition - Purine/Purine,Unsolved
80202491,rs7180350,CC,CC,CT,88,91,99,NC_000015.10,Mutation NB - Paternal Origin,Transition - Pyrimidine/Pyrimidine,Unsolved
80288485,rs4778590,GG,AA,GG,88,82,9,NC_000015.10,Mutation NB - Maternal Origin,Transition - Purine/Purine,A>G
80797768,rs56067815,GG,CC,GG,82,85,57,NC_000015.10,Mutation NB - Maternal Origin,Transversion - Purine/Pyrimidine,C>G
80903358,.,AA,AA,AG,61,85,53,NC_000015.10,Mutation NB - Paternal Origin,Transition - Purine/Purine,Unsolved
81640337,rs56125308,CC,TT,CC,67,91,66,NC_000015.10,Mutation NB - Maternal Origin,Transition - Pyrimidine/Pyrimidine,T>C
85815424,rs4843113,GG,TT,GG,70,70,0,NC_000015.10,Mutation NB - Maternal Origin,Transition - Purine/Purine,Transversion - Purine/Pyrimidine,T>G
87747278,rs11634467,CC,CC,CT,88,100,59,NC_000015.10,Mutation NB - Paternal Origin,Transition - Pyrimidine/Pyrimidine,Unsolved
89630200,rs143669426,GG,GG,GA,85,100,99,NC_000015.10,Mutation NB - Paternal Origin,Transition - Purine/Purine,Unsolved
90140017,rs2943226,TT,AA,TT,88,100,33,NC_000015.10,Mutation NB - Maternal Origin,Transversion - Purine/Pyrimidine,A>T
90366207,rs2444061,TT,GG,TT,85,85,24,NC_000015.10,Mutation NB - Maternal Origin,Transversion - Purine/Pyrimidine,G>T
91103964,rs12903174,GG,GA,AA,100,38,33,NC_000015.10,Mutation NB - Paternal Origin,Transition - Purine/Purine,G>A
91105758,rs75139284,CC,CC,CT,79,100,99,NC_000015.10,Mutation NB - Paternal Origin,Transition - Pyrimidine/Pyrimidine,Unsolved
92121213,.,GG,GG,GA,58,58,39,NC_000015.10,Mutation NB - Paternal or Maternal,Transition - Purine/Purine,Unsolved
92527392,rs7182042,TG,TT,GG,35,100,84,NC_000015.10,Mutation NB - Maternal Origin,Transversion - Purine/Pyrimidine,T>G
92608641,rs56316215,CC,CC,TT,100,88,15,NC_000015.10,Mutation NB - Maternal Origin,Transition - Pyrimidine/Pyrimidine,Unsolved
93136848,rs1896244992,GG,GG,GA,88,85,44,NC_000015.10,Mutation NB - Maternal Origin,Transition - Purine/Purine,Unsolved
94505294,rs7177819,AA,GG,AA,88,100,51,NC_000015.10,Mutation NB - Maternal Origin,Transition - Purine/Purine,G>A
94745686,rs16949445,TT,CC,CC,76,76,12,NC_000015.10,Mutation NB - Paternal Origin,Transition - Pyrimidine/Pyrimidine,T>C
97761300,rs906310,GG,GG,GA,100,76,99,NC_000015.10,Mutation NB - Maternal Origin,Transition - Purine/Purine,Unsolved
98163497,rs34937363,TT,TC,CC,91,1,45,NC_000015.10,Mutation NB - Paternal Origin,Transition - Pyrimidine/Pyrimidine,T>C
101111984,rs60120204,CC,TT,TT,100,64,78,NC_000015.10,Mutation NB - Paternal Origin,Transition - Pyrimidine/Pyrimidine,C>T
101244018,rs7182945,CC,CC,CT,61,100,99,NC_000015.10,Mutation NB - Paternal Origin,Transition - Pyrimidine/Pyrimidine,Unsolved
284732,rs45593734,CC,CC,CT,88,100,37,NC_000016.10,Mutation NB - Paternal Origin,Transition - Pyrimidine/Pyrimidine,Unsolved
1272109,rs9933940,GG,GG,AG,91,88,99,NC_000016.10,Mutation NB - Maternal Origin,Transition - Purine/Purine,Unsolved
1272131,rs9923479,GG,GG,CG,91,88,99,NC_000016.10,Mutation NB - Maternal Origin,Transition - Purine/Purine,Transversion - Purine/Pyrimidine,Unsolved
2472714,rs35693349,CC,CC,CT,67,100,99,NC_000016.10,Mutation NB - Paternal Origin,Transition - Pyrimidine/Pyrimidine,Unsolved
3076853,rs2360171,TT,CC,TT,91,100,18,NC_000016.10,Mutation NB - Maternal Origin,Transition - Pyrimidine/Pyrimidine,C>T
4023669,rs142702928,TT,TT,TC,82,100,99,NC_000016.10,Mutation NB - Paternal Origin,Transition - Pyrimidine/Pyrimidine,Unsolved
4783937,.,CC,CC,CG,88,82,47,NC_000016.10,Mutation NB - Maternal Origin,Transversion - Purine/Pyrimidine,Unsolved
4929749,rs28645494,TT,CC,CC,76,70,0,NC_000016.10,Mutation NB - Paternal Origin,Transition - Pyrimidine/Pyrimidine,T>C
5025632,rs7188856,GG,AA,AA,85,73,66,NC_000016.10,Mutation NB - Paternal Origin,Transition - Purine/Purine,G>A
6519118,rs4786877,CC,CC,CG,100,88,30,NC_000016.10,Mutation NB - Maternal Origin,Transversion - Purine/Pyrimidine,Unsolved
8728207,rs4984996,CC,GG,GG,85,100,39,NC_000016.10,Mutation NB - Paternal Origin,Transversion - Purine/Pyrimidine,C>G
8977858,rs117949605,GG,GG,GA,91,88,65,NC_000016.10,Mutation NB - Maternal Origin,Transition - Purine/Purine,Unsolved
9402803,rs11643994,AC,AA,CC,1,82,78,NC_000016.10,Mutation NB - Maternal Origin,A>C
9681198,rs16966121,TT,GG,TT,16,91,36,NC_000016.10,Mutation NB - Maternal Origin,Transversion - Purine/Pyrimidine,G>T
10327210,rs12924155,TT,GG,GG,88,73,39,NC_000016.10,Mutation NB - Paternal Origin,Transversion - Purine/Pyrimidine,T>G
11217210,rs193763,AA,GG,GG,88,91,39,NC_000016.10,Mutation NB - Paternal Origin,Transition - Purine/Purine,A>G
11271493,.,CC,CC,CG,91,73,47,NC_000016.10,Mutation NB - Maternal Origin,Transversion - Purine/Pyrimidine,Unsolved
11462265,rs4254342,GG,AA,GG,91,100,36,NC_000016.10,Mutation NB - Maternal Origin,Transition - Purine/Purine,A>G
13424225,rs60043487,CC,CC,TC,91,82,99,NC_000016.10,Mutation NB - Maternal Origin,Transition - Pyrimidine/Pyrimidine,Unsolved
14286093,.,AA,AA,AG,91,85,50,NC_000016.10,Mutation NB - Maternal Origin,Transition - Purine/Purine,Unsolved
19323652,rs12448236,CT,CC,TT,41,100,51,NC_000016.10,Mutation NB - Maternal Origin,Transversion - Purine/Pyrimidine,C>T
19948868,rs12929358,AA,GG,GG,88,76,33,NC_000016.10,Mutation NB - Paternal Origin,Transition - Purine/Purine,A>G
23376214,rs4967999,CC,CC,CT,100,79,99,NC_000016.10,Mutation NB - Maternal Origin,Transition - Pyrimidine/Pyrimidine,Unsolved
27146931,rs113015452,GG,GG,GA,67,100,99,NC_000016.10,Mutation NB - Paternal Origin,Transition - Purine/Purine,Unsolved
27148488,rs11642703,AA,GG,AA,49,100,54,NC_000016.10,Mutation NB - Maternal Origin,Transition - Purine/Purine,G>A
27691842,.,AA,AA,AG,85,67,50,NC_000016.10,Mutation NB - Maternal Origin,Transition - Purine/Purine,Unsolved
30028857,rs7204852,GG,CC,CC,91,91,15,NC_000016.10,Mutation NB - Paternal Origin,Transversion - Purine/Pyrimidine,G>C
35183365,.,AA,AA,AG,19,85,41,NC_000016.10,Mutation NB - Paternal Origin,Transition - Purine/Purine,Unsolved
48014347,rs1034095898,GG,GG,GA,76,100,99,NC_000016.10,Mutation NB - Paternal Origin,Transition - Purine/Purine,Unsolved
49607490,rs13331740,CC,CT,TT,91,22,9,NC_000016.10,Mutation NB - Paternal Origin,Transition - Pyrimidine/Pyrimidine,C>T
49607491,rs13337897,TT,TA,AA,91,22,9,NC_000016.10,Mutation NB - Paternal Origin,Transversion - Purine/Pyrimidine,T>A
52161145,rs12923141,AA,AA,AT,91,91,59,NC_000016.10,Mutation NB - Paternal or Maternal,Transversion - Purine/Pyrimidine,Unsolved
52731578,rs9937555,TT,TT,TG,94,91,99,NC_000016.10,Mutation NB - Maternal Origin,Transition - Pyrimidine/Pyrimidine,Transversion - Purine/Pyrimidine,Unsolved
52731584,rs9924217,GG,GG,GC,64,91,99,NC_000016.10,Mutation NB - Paternal Origin,Transition - Purine/Purine,Transversion - Purine/Pyrimidine,Unsolved
54661425,rs12325292,GG,GG,GA,91,76,99,NC_000016.10,Mutation NB - Maternal Origin,Transition - Purine/Purine,Unsolved
55697533,rs1965836293,AA,AA,AG,91,79,62,NC_000016.10,Mutation NB - Maternal Origin,Transition - Purine/Purine,Unsolved
57736050,.,GG,GG,GA,91,88,59,NC_000016.10,Mutation NB - Maternal Origin,Transition - Purine/Purine,Unsolved
58132826,rs249447,GG,AA,GG,88,91,15,NC_000016.10,Mutation NB - Maternal Origin,Transition - Purine/Purine,A>G
58920032,rs9937778,CC,CG,GG,100,41,69,NC_000016.10,Mutation NB - Paternal Origin,Transversion - Purine/Pyrimidine,C>G
64040080,rs62047236,AA,AA,AT,100,88,99,NC_000016.10,Mutation NB - Maternal Origin,Transversion - Purine/Pyrimidine,Unsolved
64481497,rs9936857,GG,GG,TG,91,85,62,NC_000016.10,Mutation NB - Maternal Origin,Transversion - Purine/Pyrimidine,Unsolved
65780537,rs77006906,TT,TT,TG,76,82,99,NC_000016.10,Mutation NB - Paternal Origin,Transition - Pyrimidine/Pyrimidine,Transversion - Purine/Pyrimidine,Unsolved
66071251,rs9940603,AA,AA,AG,100,73,99,NC_000016.10,Mutation NB - Maternal Origin,Transition - Purine/Purine,Unsolved
68526993,rs698715,GG,GG,AG,85,61,99,NC_000016.10,Mutation NB - Maternal Origin,Transition - Purine/Purine,Unsolved
70532032,rs8043995,GG,AA,AA,82,91,0,NC_000016.10,Mutation NB - Paternal Origin,Transition - Purine/Purine,G>A
71937997,rs10852507,AA,GG,GG,85,82,99,NC_000016.10,Mutation NB - Paternal Origin,Transition - Purine/Purine,A>G
72324937,.,AA,AA,AT,52,91,47,NC_000016.10,Mutation NB - Paternal Origin,Transversion - Purine/Pyrimidine,Unsolved
77069932,rs679263,TT,CC,TT,46,91,99,NC_000016.10,Mutation NB - Maternal Origin,Transition - Pyrimidine/Pyrimidine,C>T
78092518,rs73562716,AA,AA,AG,88,85,83,NC_000016.10,Mutation NB - Maternal Origin,Transition - Purine/Purine,Unsolved
79031272,rs1862838,GG,AA,GG,85,100,99,NC_000016.10,Mutation NB - Maternal Origin,Transition - Purine/Purine,A>G
80621986,rs12448290,TG,TT,GG,70,91,24,NC_000016.10,Mutation NB - Maternal Origin,Transversion - Purine/Pyrimidine,T>G
80992619,rs35604113,AA,GG,AA,64,88,27,NC_000016.10,Mutation NB - Maternal Origin,Transition - Purine/Purine,G>A
81516511,rs79950365,AA,AA,AG,100,80,99,NC_000016.10,Mutation NB - Maternal Origin,Transition - Purine/Purine,Unsolved
81704864,rs67199619,TG,TT,GG,51,100,24,NC_000016.10,Mutation NB - Maternal Origin,Transversion - Purine/Pyrimidine,T>G
81704920,rs67044703,CT,CC,TT,51,85,24,NC_000016.10,Mutation NB - Maternal Origin,Transversion - Purine/Pyrimidine,C>T
83547932,rs35339808,GG,GG,CG,61,82,99,NC_000016.10,Mutation NB - Paternal Origin,Transition - Purine/Purine,Transversion - Purine/Pyrimidine,Unsolved
84498174,rs501782,TT,TT,TC,100,61,59,NC_000016.10,Mutation NB - Maternal Origin,Transition - Pyrimidine/Pyrimidine,Unsolved
85364181,rs58379990,GG,GA,AA,85,37,39,NC_000016.10,Mutation NB - Paternal Origin,Transition - Purine/Purine,G>A
85364184,rs8057146,CC,CT,TT,85,37,39,NC_000016.10,Mutation NB - Paternal Origin,Transition - Pyrimidine/Pyrimidine,C>T
85746121,rs6540076,AA,AA,GG,100,91,24,NC_000016.10,Mutation NB - Maternal Origin,Transition - Purine/Purine,Unsolved
86064175,rs9931411,TC,TT,CC,41,100,99,NC_000016.10,Mutation NB - Maternal Origin,Transition - Pyrimidine/Pyrimidine,T>C
86064180,rs9937274,GG,GG,GA,76,100,99,NC_000016.10,Mutation NB - Paternal Origin,Transition - Purine/Purine,Unsolved
86073646,rs56094566,GG,AA,AA,88,85,48,NC_000016.10,Mutation NB - Paternal Origin,Transition - Purine/Purine,G>A
86134749,.,AA,AA,AG,79,70,44,NC_000016.10,Mutation NB - Maternal Origin,Transition - Purine/Purine,Unsolved
87931768,rs6540112,AA,GG,GG,100,91,42,NC_000016.10,Mutation NB - Paternal Origin,Transition - Purine/Purine,A>G
88851403,.,TT,TT,TC,88,91,50,NC_000016.10,Mutation NB - Paternal Origin,Transition - Pyrimidine/Pyrimidine,Unsolved
89001537,rs781327837,CC,CC,CT,88,73,47,NC_000016.10,Mutation NB - Maternal Origin,Transition - Pyrimidine/Pyrimidine,Unsolved
89528853,rs13336753,TT,TT,TC,76,73,99,NC_000016.10,Mutation NB - Maternal Origin,Transition - Pyrimidine/Pyrimidine,Unsolved
89760514,rs2376884,CC,TT,TT,100,79,45,NC_000016.10,Mutation NB - Paternal Origin,Transition - Pyrimidine/Pyrimidine,C>T
89760518,rs2376883,AA,GG,GG,100,79,45,NC_000016.10,Mutation NB - Paternal Origin,Transition - Purine/Purine,A>G
89762584,rs74518441,GG,GG,GA,100,100,59,NC_000016.10,Mutation NB - Paternal or Maternal,Transition - Purine/Purine,Unsolved
89784771,rs17232630,CC,CC,CT,67,100,99,NC_000016.10,Mutation NB - Paternal Origin,Transition - Pyrimidine/Pyrimidine,Unsolved
89799635,rs7190823,TT,CC,CC,91,91,24,NC_000016.10,Mutation NB - Paternal Origin,Transition - Pyrimidine/Pyrimidine,T>C
89811567,rs11076631,AA,GG,GG,91,76,57,NC_000016.10,Mutation NB - Paternal Origin,Transition - Purine/Purine,A>G
1956583,.,TT,TT,TC,79,88,54,NC_000017.11,Mutation NB - Paternal Origin,Transition - Pyrimidine/Pyrimidine,Unsolved
2716355,rs35271093,GG,GG,GA,100,100,99,NC_000017.11,Mutation NB - Paternal or Maternal,Transition - Purine/Purine,Unsolved
3532641,rs454738,AA,CC,AA,85,100,66,NC_000017.11,Mutation NB - Maternal Origin,Transversion - Purine/Pyrimidine,C>A
4436259,rs72831330,CC,GG,CC,58,91,54,NC_000017.11,Mutation NB - Maternal Origin,Transversion - Purine/Pyrimidine,G>C
4764902,.,TT,TT,TC,46,85,44,NC_000017.11,Mutation NB - Paternal Origin,Transition - Pyrimidine/Pyrimidine,Unsolved
4881684,rs145035851,TT,CC,CC,91,79,27,NC_000017.11,Mutation NB - Paternal Origin,Transition - Pyrimidine/Pyrimidine,T>C
5065813,rs8075090,CC,TT,CC,67,100,48,NC_000017.11,Mutation NB - Maternal Origin,Transition - Pyrimidine/Pyrimidine,T>C
5818129,rs2003219,TT,TT,TC,34,100,99,NC_000017.11,Mutation NB - Paternal Origin,Transition - Pyrimidine/Pyrimidine,Unsolved
6118221,rs2302838,CC,TT,TT,100,73,21,NC_000017.11,Mutation NB - Paternal Origin,Transition - Pyrimidine/Pyrimidine,C>T
7549435,rs80067372,GG,GG,GA,85,58,99,NC_000017.11,Mutation NB - Maternal Origin,Transition - Purine/Purine,Unsolved
8839545,rs9910741,CC,CG,GG,100,67,15,NC_000017.11,Mutation NB - Paternal Origin,Transversion - Purine/Pyrimidine,C>G
8964451,rs560122528,TT,TT,TG,88,91,65,NC_000017.11,Mutation NB - Paternal Origin,Transition - Pyrimidine/Pyrimidine,Transversion - Purine/Pyrimidine,Unsolved
10016988,rs9897469,GG,GG,GA,100,88,68,NC_000017.11,Mutation NB - Maternal Origin,Transition - Purine/Purine,Unsolved
13923008,rs9910479,AA,AA,AG,100,58,99,NC_000017.11,Mutation NB - Maternal Origin,Transition - Purine/Purine,Unsolved
14556742,rs7224307,GG,AA,GG,73,79,0,NC_000017.11,Mutation NB - Maternal Origin,Transition - Purine/Purine,A>G
15437705,rs2954757,TT,TT,TG,70,100,99,NC_000017.11,Mutation NB - Paternal Origin,Transition - Pyrimidine/Pyrimidine,Transversion - Purine/Pyrimidine,Unsolved
15437706,rs76787574,TT,TT,TC,70,100,99,NC_000017.11,Mutation NB - Paternal Origin,Transition - Pyrimidine/Pyrimidine,Unsolved
19749830,.,GG,GG,GT,61,88,47,NC_000017.11,Mutation NB - Paternal Origin,Transversion - Purine/Pyrimidine,Unsolved
27387110,rs115104117,GG,GG,GC,85,91,99,NC_000017.11,Mutation NB - Paternal Origin,Transition - Purine/Purine,Transversion - Purine/Pyrimidine,Unsolved
27982940,rs4239212,AG,AA,GG,1,100,39,NC_000017.11,Mutation NB - Maternal Origin,Transition - Purine/Purine,A>G
30971417,rs111902263,GG,GG,GA,100,88,99,NC_000017.11,Mutation NB - Maternal Origin,Transition - Purine/Purine,Unsolved
34311566,rs7223229,CC,CC,CA,100,91,99,NC_000017.11,Mutation NB - Maternal Origin,Transversion - Purine/Pyrimidine,Unsolved
39153102,rs563525,AA,GG,AA,91,91,27,NC_000017.11,Mutation NB - Maternal Origin,Transition - Purine/Purine,G>A
41626455,rs62066639,GG,GG,GA,100,76,89,NC_000017.11,Mutation NB - Maternal Origin,Transition - Purine/Purine,Unsolved
49516728,.,TT,TT,TC,88,79,56,NC_000017.11,Mutation NB - Maternal Origin,Transition - Pyrimidine/Pyrimidine,Unsolved
49516917,rs1340784467,TT,TT,TG,82,85,59,NC_000017.11,Mutation NB - Paternal Origin,Transition - Pyrimidine/Pyrimidine,Transversion - Purine/Pyrimidine,Unsolved
55978476,.,AA,AA,AG,73,82,56,NC_000017.11,Mutation NB - Paternal Origin,Transition - Purine/Purine,Unsolved
57823656,rs2586076,CC,TT,CC,73,100,60,NC_000017.11,Mutation NB - Maternal Origin,Transition - Pyrimidine/Pyrimidine,T>C
60560161,rs28770030,AA,AC,CC,82,1,21,NC_000017.11,Mutation NB - Paternal Origin,Transversion - Purine/Pyrimidine,A>C
63701594,.,CC,CC,CT,82,76,53,NC_000017.11,Mutation NB - Maternal Origin,Transition - Pyrimidine/Pyrimidine,Unsolved
65533010,rs62063440,GG,GG,GA,100,79,99,NC_000017.11,Mutation NB - Maternal Origin,Transition - Purine/Purine,Unsolved
65540769,rs192177334,CC,CC,CG,100,70,99,NC_000017.11,Mutation NB - Maternal Origin,Transversion - Purine/Pyrimidine,Unsolved
66715227,rs8068955,CC,CC,CA,91,91,99,NC_000017.11,Mutation NB - Paternal or Maternal,Transversion - Purine/Pyrimidine,Unsolved
67805099,rs12949073,GG,GG,AG,88,85,99,NC_000017.11,Mutation NB - Maternal Origin,Transition - Purine/Purine,Unsolved
68168530,rs4968923,AA,AA,AG,100,79,99,NC_000017.11,Mutation NB - Maternal Origin,Transition - Purine/Purine,Unsolved
68168532,rs4968924,AA,AA,AG,100,79,99,NC_000017.11,Mutation NB - Maternal Origin,Transition - Purine/Purine,Unsolved
68168533,rs62085719,GG,GG,GA,100,79,99,NC_000017.11,Mutation NB - Maternal Origin,Transition - Purine/Purine,Unsolved
68501483,rs56133934,TT,TT,TA,100,85,99,NC_000017.11,Mutation NB - Maternal Origin,Transition - Pyrimidine/Pyrimidine,Transversion - Purine/Pyrimidine,Unsolved
69460626,rs1406391549,AA,AA,AG,85,88,50,NC_000017.11,Mutation NB - Paternal Origin,Transition - Purine/Purine,Unsolved
69962370,.,TT,TT,TC,82,73,56,NC_000017.11,Mutation NB - Maternal Origin,Transition - Pyrimidine/Pyrimidine,Unsolved
71581352,rs16976766,CC,CC,CT,100,79,99,NC_000017.11,Mutation NB - Maternal Origin,Transition - Pyrimidine/Pyrimidine,Unsolved
73572327,rs35611930,GG,GG,GA,88,100,99,NC_000017.11,Mutation NB - Paternal Origin,Transition - Purine/Purine,Unsolved
73660346,rs28588302,CC,CC,CG,100,79,99,NC_000017.11,Mutation NB - Maternal Origin,Transversion - Purine/Pyrimidine,Unsolved
73907000,rs117391519,AA,AA,AG,70,100,99,NC_000017.11,Mutation NB - Paternal Origin,Transition - Purine/Purine,Unsolved
74561452,rs75792037,CC,CC,CT,40,100,99,NC_000017.11,Mutation NB - Paternal Origin,Transition - Pyrimidine/Pyrimidine,Unsolved
78881413,rs4789942,TT,CC,CC,100,79,72,NC_000017.11,Mutation NB - Paternal Origin,Transition - Pyrimidine/Pyrimidine,T>C
78881418,rs4789941,GG,CC,CC,100,79,72,NC_000017.11,Mutation NB - Paternal Origin,Transversion - Purine/Pyrimidine,G>C
79016688,.,AA,AA,AG,82,85,44,NC_000017.11,Mutation NB - Paternal Origin,Transition - Purine/Purine,Unsolved
79118965,rs60425315,AG,AA,GG,41,88,36,NC_000017.11,Mutation NB - Maternal Origin,Transition - Purine/Purine,A>G
79119003,rs140649572,TT,TT,TA,97,91,99,NC_000017.11,Mutation NB - Maternal Origin,Transition - Pyrimidine/Pyrimidine,Transversion - Purine/Pyrimidine,Unsolved
79152148,rs4993715,AA,GG,AA,82,100,60,NC_000017.11,Mutation NB - Maternal Origin,Transition - Purine/Purine,G>A
79152174,rs9789018,AA,GG,AA,82,100,60,NC_000017.11,Mutation NB - Maternal Origin,Transition - Purine/Purine,G>A
79152177,rs9789026,GG,TT,GG,82,100,60,NC_000017.11,Mutation NB - Maternal Origin,Transition - Purine/Purine,Transversion - Purine/Pyrimidine,T>G
79173488,rs9899329,GG,AA,AA,91,88,0,NC_000017.11,Mutation NB - Paternal Origin,Transition - Purine/Purine,G>A
79489396,rs113680710,AA,AA,GA,85,91,99,NC_000017.11,Mutation NB - Paternal Origin,Transition - Purine/Purine,Unsolved
80053207,.,TT,TT,TC,58,85,45,NC_000017.11,Mutation NB - Paternal Origin,Transition - Pyrimidine/Pyrimidine,Unsolved
80233598,rs75159383,AA,AA,AT,100,73,99,NC_000017.11,Mutation NB - Maternal Origin,Transversion - Purine/Pyrimidine,Unsolved
80233617,rs6565657,GG,GG,GT,100,73,99,NC_000017.11,Mutation NB - Maternal Origin,Transversion - Purine/Pyrimidine,Unsolved
80248436,rs7501789,AA,AA,AG,100,91,99,NC_000017.11,Mutation NB - Maternal Origin,Transition - Purine/Purine,Unsolved
80414611,rs1186987210,AA,AA,AG,91,55,47,NC_000017.11,Mutation NB - Maternal Origin,Transition - Purine/Purine,Unsolved
80548103,rs2084299905,AA,AA,AG,85,91,42,NC_000017.11,Mutation NB - Paternal Origin,Transition - Purine/Purine,Unsolved
80601303,rs7225687,CC,CC,CT,100,91,30,NC_000017.11,Mutation NB - Maternal Origin,Transition - Pyrimidine/Pyrimidine,Unsolved
80914542,rs7225137,GG,AA,GG,100,82,0,NC_000017.11,Mutation NB - Maternal Origin,Transition - Purine/Purine,A>G
80914552,rs112205638,GG,AA,GG,100,82,0,NC_000017.11,Mutation NB - Maternal Origin,Transition - Purine/Purine,A>G
81045448,rs10871492,AA,GG,GG,91,91,12,NC_000017.11,Mutation NB - Paternal Origin,Transition - Purine/Purine,A>G
81110548,rs4072587,GG,GG,GA,82,100,99,NC_000017.11,Mutation NB - Paternal Origin,Transition - Purine/Purine,Unsolved
81381494,rs11657342,GG,GG,GA,88,85,65,NC_000017.11,Mutation NB - Maternal Origin,Transition - Purine/Purine,Unsolved
81855352,rs148345851,CC,TT,CC,91,91,15,NC_000017.11,Mutation NB - Maternal Origin,Transition - Pyrimidine/Pyrimidine,T>C
82024865,.,AA,AA,AT,49,76,41,NC_000017.11,Mutation NB - Paternal Origin,Transversion - Purine/Pyrimidine,Unsolved
82809474,rs590886,AG,AA,GG,1,100,99,NC_000017.11,Mutation NB - Maternal Origin,Transition - Purine/Purine,A>G
82809491,rs4986110,CT,CC,TT,1,100,99,NC_000017.11,Mutation NB - Maternal Origin,Transversion - Purine/Pyrimidine,C>T
83122021,rs1041667874,AA,GG,AA,91,88,0,NC_000017.11,Mutation NB - Maternal Origin,Transition - Purine/Purine,G>A
8505185,rs77015738,AA,AA,AG,91,100,99,NC_000018.10,Mutation NB - Paternal Origin,Transition - Purine/Purine,Unsolved
8586839,rs11659786,GG,AA,AA,100,85,12,NC_000018.10,Mutation NB - Paternal Origin,Transition - Purine/Purine,G>A
9757085,rs28433665,AA,GA,GG,95,1,39,NC_000018.10,Mutation NB - Paternal Origin,Transition - Purine/Purine,A>G
9805284,rs537783504,AA,AA,AT,100,91,96,NC_000018.10,Mutation NB - Maternal Origin,Transversion - Purine/Pyrimidine,Unsolved
10075859,rs76083854,TT,TT,TC,64,100,91,NC_000018.10,Mutation NB - Paternal Origin,Transition - Pyrimidine/Pyrimidine,Unsolved
10724934,rs147011241,GG,GG,GT,100,82,99,NC_000018.10,Mutation NB - Maternal Origin,Transversion - Purine/Pyrimidine,Unsolved
10724935,rs147614520,GG,GG,GA,100,82,99,NC_000018.10,Mutation NB - Maternal Origin,Transition - Purine/Purine,Unsolved
11831762,rs1786573,CC,CC,CT,100,79,99,NC_000018.10,Mutation NB - Maternal Origin,Transition - Pyrimidine/Pyrimidine,Unsolved
13879961,rs574261443,TT,TT,TA,40,100,99,NC_000018.10,Mutation NB - Paternal Origin,Transition - Pyrimidine/Pyrimidine,Transversion - Purine/Pyrimidine,Unsolved
13988736,rs12968925,GG,GG,GT,100,91,62,NC_000018.10,Mutation NB - Maternal Origin,Transversion - Purine/Pyrimidine,Unsolved
14257653,rs7233913,CC,TT,TT,100,91,78,NC_000018.10,Mutation NB - Paternal Origin,Transition - Pyrimidine/Pyrimidine,C>T
23532496,.,TT,TT,TC,52,85,44,NC_000018.10,Mutation NB - Paternal Origin,Transition - Pyrimidine/Pyrimidine,Unsolved
23571716,rs143159884,GG,GG,GA,88,100,99,NC_000018.10,Mutation NB - Paternal Origin,Transition - Purine/Purine,Unsolved
27006731,rs1154206,CC,TT,CC,49,79,36,NC_000018.10,Mutation NB - Maternal Origin,Transition - Pyrimidine/Pyrimidine,T>C
28299222,rs28739894,CC,CC,CA,73,100,99,NC_000018.10,Mutation NB - Paternal Origin,Transversion - Purine/Pyrimidine,Unsolved
35141362,rs9965418,AA,AA,AT,100,76,99,NC_000018.10,Mutation NB - Maternal Origin,Transversion - Purine/Pyrimidine,Unsolved
49614943,rs9958768,AA,TT,TT,91,88,21,NC_000018.10,Mutation NB - Paternal Origin,Transversion - Purine/Pyrimidine,A>T
49878828,rs596778,CC,CC,TT,100,100,33,NC_000018.10,Mutation NB - Paternal or Maternal,Transition - Pyrimidine/Pyrimidine,Unsolved
50097266,rs1319761352,AA,AA,AG,79,88,39,NC_000018.10,Mutation NB - Paternal Origin,Transition - Purine/Purine,Unsolved
50615287,rs1561261,GG,AA,GG,85,85,54,NC_000018.10,Mutation NB - Maternal Origin,Transition - Purine/Purine,A>G
50700948,rs10502911,GG,GG,GC,100,79,99,NC_000018.10,Mutation NB - Maternal Origin,Transition - Purine/Purine,Transversion - Purine/Pyrimidine,Unsolved
51217586,rs1941960,TT,TT,TC,100,88,27,NC_000018.10,Mutation NB - Maternal Origin,Transition - Pyrimidine/Pyrimidine,Unsolved
53952107,rs11664547,TT,CC,CC,91,58,24,NC_000018.10,Mutation NB - Paternal Origin,Transition - Pyrimidine/Pyrimidine,T>C
57078753,rs12103936,AA,GG,GG,100,88,21,NC_000018.10,Mutation NB - Paternal Origin,Transition - Purine/Purine,A>G
57790312,rs1374340661,AA,AA,AC,91,100,89,NC_000018.10,Mutation NB - Paternal Origin,Transversion - Purine/Pyrimidine,Unsolved
61213441,rs154880,GG,GG,AG,88,82,88,NC_000018.10,Mutation NB - Maternal Origin,Transition - Purine/Purine,Unsolved
63063567,rs373829609,CC,CC,CG,100,70,99,NC_000018.10,Mutation NB - Maternal Origin,Transversion - Purine/Pyrimidine,Unsolved
63710410,rs1395269,TT,TT,GG,100,91,24,NC_000018.10,Mutation NB - Maternal Origin,Transition - Purine/Purine,Transversion - Purine/Pyrimidine,Unsolved
65477481,.,AA,AA,AT,85,79,41,NC_000018.10,Mutation NB - Maternal Origin,Transversion - Purine/Pyrimidine,Unsolved
73405860,rs4616368,TT,GG,GG,100,82,50,NC_000018.10,Mutation NB - Paternal Origin,Transversion - Purine/Pyrimidine,T>G
73405864,rs4353546,TT,CC,CC,100,91,24,NC_000018.10,Mutation NB - Paternal Origin,Transition - Pyrimidine/Pyrimidine,T>C
73528596,rs66526127,TT,TT,TC,64,100,99,NC_000018.10,Mutation NB - Paternal Origin,Transition - Pyrimidine/Pyrimidine,Unsolved
73528632,rs67158171,GG,GG,GA,61,100,99,NC_000018.10,Mutation NB - Paternal Origin,Transition - Purine/Purine,Unsolved
73535572,rs7240036,TT,AA,TT,49,88,81,NC_000018.10,Mutation NB - Maternal Origin,Transversion - Purine/Pyrimidine,A>T
74422854,rs4892210,GG,GG,AG,91,91,68,NC_000018.10,Mutation NB - Paternal or Maternal,Transition - Purine/Purine,Unsolved
74422881,rs4892211,GG,GG,AG,91,91,68,NC_000018.10,Mutation NB - Paternal or Maternal,Transition - Purine/Purine,Unsolved
74436449,.,AA,AA,AC,91,88,59,NC_000018.10,Mutation NB - Maternal Origin,Transversion - Purine/Pyrimidine,Unsolved
77044321,rs58055445,TT,CC,TT,55,91,57,NC_000018.10,Mutation NB - Maternal Origin,Transition - Pyrimidine/Pyrimidine,C>T
78772883,rs11659276,GG,GG,GA,88,100,77,NC_000018.10,Mutation NB - Paternal Origin,Transition - Purine/Purine,Unsolved
78905651,rs3859332,GG,GG,GA,82,91,99,NC_000018.10,Mutation NB - Paternal Origin,Transition - Purine/Purine,Unsolved
79337817,rs8083950,GG,AA,AA,85,79,57,NC_000018.10,Mutation NB - Paternal Origin,Transition - Purine/Purine,G>A
79368378,rs7233408,CC,TT,TT,100,88,42,NC_000018.10,Mutation NB - Paternal Origin,Transition - Pyrimidine/Pyrimidine,C>T
79384011,rs9966739,GG,TT,TT,100,88,30,NC_000018.10,Mutation NB - Paternal Origin,Transversion - Purine/Pyrimidine,G>T
79773358,rs12958366,CC,TT,CC,70,100,42,NC_000018.10,Mutation NB - Maternal Origin,Transition - Pyrimidine/Pyrimidine,T>C
79826223,rs537502,CC,CC,CT,88,100,99,NC_000018.10,Mutation NB - Paternal Origin,Transition - Pyrimidine/Pyrimidine,Unsolved
80067196,rs9807594,GG,GG,GA,96,79,99,NC_000018.10,Mutation NB - Maternal Origin,Transition - Purine/Purine,Unsolved
278748,.,TT,TT,TC,88,85,56,NC_000019.10,Mutation NB - Maternal Origin,Transition - Pyrimidine/Pyrimidine,Unsolved
586209,rs961323044,CC,CC,CT,88,85,53,NC_000019.10,Mutation NB - Maternal Origin,Transition - Pyrimidine/Pyrimidine,Unsolved
1055192,rs3745842,GG,GG,GA,79,58,99,NC_000019.10,Mutation NB - Maternal Origin,Transition - Purine/Purine,Unsolved
1066929,rs12981369,GG,GG,GT,100,100,99,NC_000019.10,Mutation NB - Paternal or Maternal,Transversion - Purine/Pyrimidine,Unsolved
1475231,.,TT,TT,TC,64,73,56,NC_000019.10,Mutation NB - Paternal Origin,Transition - Pyrimidine/Pyrimidine,Unsolved
1533738,rs10853953,GG,AG,AA,85,1,21,NC_000019.10,Mutation NB - Paternal Origin,Transition - Purine/Purine,G>A
2246653,rs2074861,GG,GG,GA,100,79,99,NC_000019.10,Mutation NB - Maternal Origin,Transition - Purine/Purine,Unsolved
2275929,.,CC,CC,CT,58,58,41,NC_000019.10,Mutation NB - Paternal or Maternal,Transition - Pyrimidine/Pyrimidine,Unsolved
3043453,.,AA,AA,AG,88,88,44,NC_000019.10,Mutation NB - Paternal or Maternal,Transition - Purine/Purine,Unsolved
3210835,rs4807422,TT,CC,TT,91,91,21,NC_000019.10,Mutation NB - Maternal Origin,Transition - Pyrimidine/Pyrimidine,C>T
3777625,rs35152605,GG,GG,GA,91,100,99,NC_000019.10,Mutation NB - Paternal Origin,Transition - Purine/Purine,Unsolved
4415509,rs243357,CC,CC,CT,70,100,99,NC_000019.10,Mutation NB - Paternal Origin,Transition - Pyrimidine/Pyrimidine,Unsolved
4498443,rs2288924,TT,TT,TC,100,70,99,NC_000019.10,Mutation NB - Maternal Origin,Transition - Pyrimidine/Pyrimidine,Unsolved
4512657,rs55901236,CC,TC,TT,76,1,51,NC_000019.10,Mutation NB - Paternal Origin,Transition - Pyrimidine/Pyrimidine,C>T
5618433,rs806710,AA,AA,GG,100,100,15,NC_000019.10,Mutation NB - Paternal or Maternal,Transition - Purine/Purine,Unsolved
6548164,rs348378,CC,TT,CC,79,100,63,NC_000019.10,Mutation NB - Maternal Origin,Transition - Pyrimidine/Pyrimidine,T>C
6645513,rs1494123,TT,TT,TC,52,100,99,NC_000019.10,Mutation NB - Paternal Origin,Transition - Pyrimidine/Pyrimidine,Unsolved
7767778,rs2161525,TT,TT,TC,100,76,99,NC_000019.10,Mutation NB - Maternal Origin,Transition - Pyrimidine/Pyrimidine,Unsolved
7908511,rs73501919,AA,AC,CC,100,1,72,NC_000019.10,Mutation NB - Paternal Origin,Transversion - Purine/Pyrimidine,A>C
8507961,rs2910441,GG,GG,GA,88,100,99,NC_000019.10,Mutation NB - Paternal Origin,Transition - Purine/Purine,Unsolved
8730965,rs144835503,CC,CC,CG,61,88,99,NC_000019.10,Mutation NB - Paternal Origin,Transversion - Purine/Pyrimidine,Unsolved
8847971,rs62118937,CC,CC,TC,76,82,3,NC_000019.10,Mutation NB - Paternal Origin,Transition - Pyrimidine/Pyrimidine,Unsolved
8904698,rs762855876,CA,CC,CT,22,100,99,NC_000019.10,Mutation NB - Paternal Origin,Transition - Pyrimidine/Pyrimidine,Transition - Purine/Purine,Unsolved
9609903,.,TT,TT,TG,85,79,50,NC_000019.10,Mutation NB - Maternal Origin,Transition - Pyrimidine/Pyrimidine,Transversion - Purine/Pyrimidine,Unsolved
10747794,rs1160750706,AA,AA,AG,64,58,86,NC_000019.10,Mutation NB - Maternal Origin,Transition - Purine/Purine,Unsolved
11082239,rs73015021,GG,AA,AA,88,91,24,NC_000019.10,Mutation NB - Paternal Origin,Transition - Purine/Purine,G>A
11122929,rs146533684,GG,GG,GA,91,79,99,NC_000019.10,Mutation NB - Maternal Origin,Transition - Purine/Purine,Unsolved
13465360,rs4926290,GG,GG,GA,70,100,99,NC_000019.10,Mutation NB - Paternal Origin,Transition - Purine/Purine,Unsolved
15032100,.,AA,AA,AG,58,85,41,NC_000019.10,Mutation NB - Paternal Origin,Transition - Purine/Purine,Unsolved
15816039,rs8112150,GG,TG,TT,85,35,0,NC_000019.10,Mutation NB - Paternal Origin,Transversion - Purine/Pyrimidine,G>T
15866604,rs111388185,TC,CC,TT,1,88,51,NC_000019.10,Mutation NB - Maternal Origin,Transversion - Purine/Pyrimidine,C>T
15866635,rs112571591,GA,AA,GG,1,88,51,NC_000019.10,Mutation NB - Maternal Origin,Transition - Purine/Purine,A>G
15866669,rs111427692,AT,TT,AA,1,91,27,NC_000019.10,Mutation NB - Maternal Origin,Transversion - Purine/Pyrimidine,T>A
15866708,rs4808398,GA,GG,AA,1,91,27,NC_000019.10,Mutation NB - Maternal Origin,Transition - Purine/Purine,G>A
17200633,rs2305766,CC,GG,CC,91,91,30,NC_000019.10,Mutation NB - Maternal Origin,Transversion - Purine/Pyrimidine,G>C
17619332,rs66546736,TT,GT,GG,91,73,18,NC_000019.10,Mutation NB - Paternal Origin,Transversion - Purine/Pyrimidine,T>G
18294541,rs1549143,GG,GT,TT,100,1,54,NC_000019.10,Mutation NB - Paternal Origin,Transversion - Purine/Pyrimidine,G>T
18716117,rs191459814,CC,CC,CA,100,79,99,NC_000019.10,Mutation NB - Maternal Origin,Transversion - Purine/Pyrimidine,Unsolved
23528333,.,TT,TT,TC,91,76,62,NC_000019.10,Mutation NB - Maternal Origin,Transition - Pyrimidine/Pyrimidine,Unsolved
24373659,rs1902452,TT,TT,TC,85,100,99,NC_000019.10,Mutation NB - Paternal Origin,Transition - Pyrimidine/Pyrimidine,Unsolved
28489044,rs882480,AA,AA,AG,70,88,99,NC_000019.10,Mutation NB - Paternal Origin,Transition - Purine/Purine,Unsolved
28815240,rs7260194,CC,CC,CT,79,100,92,NC_000019.10,Mutation NB - Paternal Origin,Transition - Pyrimidine/Pyrimidine,Unsolved
29097577,rs4511647,AA,AA,AG,85,91,68,NC_000019.10,Mutation NB - Paternal Origin,Transition - Purine/Purine,Unsolved
30444222,rs1484686551,CC,CC,CT,88,91,44,NC_000019.10,Mutation NB - Paternal Origin,Transition - Pyrimidine/Pyrimidine,Unsolved
30576551,rs4423525,CC,TT,CC,70,85,99,NC_000019.10,Mutation NB - Maternal Origin,Transition - Pyrimidine/Pyrimidine,T>C
32626760,rs6510271,CC,TT,CC,89,100,42,NC_000019.10,Mutation NB - Maternal Origin,Transition - Pyrimidine/Pyrimidine,T>C
32945461,rs4805021,GG,GG,GA,28,100,99,NC_000019.10,Mutation NB - Paternal Origin,Transition - Purine/Purine,Unsolved
33148494,rs10409304,AG,GG,AA,32,85,48,NC_000019.10,Mutation NB - Maternal Origin,Transition - Purine/Purine,G>A
34513740,rs2965276,CC,CC,CT,100,70,99,NC_000019.10,Mutation NB - Maternal Origin,Transition - Pyrimidine/Pyrimidine,Unsolved
34568460,.,CC,CC,CG,91,88,47,NC_000019.10,Mutation NB - Maternal Origin,Transversion - Purine/Pyrimidine,Unsolved
35022695,rs66569532,AA,AA,AG,100,85,99,NC_000019.10,Mutation NB - Maternal Origin,Transition - Purine/Purine,Unsolved
35150393,rs62111368,AA,AA,AG,100,91,62,NC_000019.10,Mutation NB - Maternal Origin,Transition - Purine/Purine,Unsolved
37241273,.,TT,TT,TC,76,76,41,NC_000019.10,Mutation NB - Paternal or Maternal,Transition - Pyrimidine/Pyrimidine,Unsolved
39139262,rs2873913,GG,GG,GA,100,82,99,NC_000019.10,Mutation NB - Maternal Origin,Transition - Purine/Purine,Unsolved
41727421,rs2002926,GG,GG,GA,40,100,99,NC_000019.10,Mutation NB - Paternal Origin,Transition - Purine/Purine,Unsolved
43486856,.,AA,AA,AG,85,91,53,NC_000019.10,Mutation NB - Paternal Origin,Transition - Purine/Purine,Unsolved
43889105,rs371875,AA,AG,GG,100,73,15,NC_000019.10,Mutation NB - Paternal Origin,Transition - Purine/Purine,A>G
44067829,rs143013996,TT,GG,GG,79,61,33,NC_000019.10,Mutation NB - Paternal Origin,Transversion - Purine/Pyrimidine,T>G
46372136,rs7256032,TT,CC,CC,100,61,87,NC_000019.10,Mutation NB - Paternal Origin,Transition - Pyrimidine/Pyrimidine,T>C
48716780,.,GG,GG,GA,73,67,59,NC_000019.10,Mutation NB - Maternal Origin,Transition - Purine/Purine,Unsolved
48946385,rs138257201,GG,GG,GA,91,88,99,NC_000019.10,Mutation NB - Maternal Origin,Transition - Purine/Purine,Unsolved
50576683,rs8108373,AA,CC,CC,88,91,36,NC_000019.10,Mutation NB - Paternal Origin,Transversion - Purine/Pyrimidine,A>C
50576685,rs7254546,CC,TT,TT,88,91,36,NC_000019.10,Mutation NB - Paternal Origin,Transition - Pyrimidine/Pyrimidine,C>T
51529854,rs74352887,GG,GA,AA,91,70,12,NC_000019.10,Mutation NB - Paternal Origin,Transition - Purine/Purine,G>A
55455246,.,AA,AA,AG,82,88,41,NC_000019.10,Mutation NB - Paternal Origin,Transition - Purine/Purine,Unsolved
56086674,rs1374183197,GG,GG,GA,88,82,39,NC_000019.10,Mutation NB - Maternal Origin,Transition - Purine/Purine,Unsolved
1286486,rs6078462,TT,CC,TT,73,70,69,NC_000020.11,Mutation NB - Maternal Origin,Transition - Pyrimidine/Pyrimidine,C>T
2327784,rs6106524,CC,CC,CT,85,82,80,NC_000020.11,Mutation NB - Maternal Origin,Transition - Pyrimidine/Pyrimidine,Unsolved
2639168,rs4815441,TT,GG,TT,88,100,30,NC_000020.11,Mutation NB - Maternal Origin,Transversion - Purine/Pyrimidine,G>T
3764317,rs472910,TA,TT,AA,1,100,72,NC_000020.11,Mutation NB - Maternal Origin,Transversion - Purine/Pyrimidine,T>A
6196045,rs58168969,TT,TT,TC,88,88,99,NC_000020.11,Mutation NB - Paternal or Maternal,Transition - Pyrimidine/Pyrimidine,Unsolved
7324930,rs6038778,TC,TT,CC,29,100,18,NC_000020.11,Mutation NB - Maternal Origin,Transition - Pyrimidine/Pyrimidine,T>C
7803612,rs35024574,GG,GG,GA,58,100,99,NC_000020.11,Mutation NB - Paternal Origin,Transition - Purine/Purine,Unsolved
10341985,rs6108489,GG,AA,GG,94,88,0,NC_000020.11,Mutation NB - Maternal Origin,Transition - Purine/Purine,A>G
13017611,rs55646676,GG,GG,GA,91,70,99,NC_000020.11,Mutation NB - Maternal Origin,Transition - Purine/Purine,Unsolved
16062601,rs6043708,CT,CC,TT,72,100,12,NC_000020.11,Mutation NB - Maternal Origin,Transversion - Purine/Pyrimidine,C>T
16228828,rs1437018744,TT,TT,GG,98,88,11,NC_000020.11,Mutation NB - Maternal Origin,Transition - Purine/Purine,Transversion - Purine/Pyrimidine,Unsolved
16379005,rs8116503,CC,TT,CC,88,88,12,NC_000020.11,Mutation NB - Maternal Origin,Transition - Pyrimidine/Pyrimidine,T>C
17621551,rs73898358,AA,AA,AG,100,88,99,NC_000020.11,Mutation NB - Maternal Origin,Transition - Purine/Purine,Unsolved
19107281,rs4814828,GG,GA,AA,100,32,18,NC_000020.11,Mutation NB - Paternal Origin,Transition - Purine/Purine,G>A
25214102,rs55732243,CC,CC,CT,100,40,99,NC_000020.11,Mutation NB - Maternal Origin,Transition - Pyrimidine/Pyrimidine,Unsolved
25276826,rs2424699,GG,GG,GA,91,91,99,NC_000020.11,Mutation NB - Paternal or Maternal,Transition - Purine/Purine,Unsolved
25292277,rs371268299,CC,CC,TT,100,49,99,NC_000020.11,Mutation NB - Maternal Origin,Transition - Pyrimidine/Pyrimidine,Unsolved
25569653,rs73337366,CC,TT,CC,100,88,51,NC_000020.11,Mutation NB - Maternal Origin,Transition - Pyrimidine/Pyrimidine,T>C
28596752,rs1336440425,AA,AA,AG,91,82,56,NC_000020.11,Mutation NB - Maternal Origin,Transition - Purine/Purine,Unsolved
29746112,rs1388435546,CC,CC,CT,67,100,99,NC_000020.11,Mutation NB - Paternal Origin,Transition - Pyrimidine/Pyrimidine,Unsolved
32144602,.,AA,AA,AG,88,88,56,NC_000020.11,Mutation NB - Paternal or Maternal,Transition - Purine/Purine,Unsolved
32435966,.,CC,CC,CG,82,85,50,NC_000020.11,Mutation NB - Paternal Origin,Transversion - Purine/Pyrimidine,Unsolved
33153139,rs73268240,GG,AA,GG,88,88,18,NC_000020.11,Mutation NB - Maternal Origin,Transition - Purine/Purine,A>G
35509901,.,AA,AA,AG,98,61,38,NC_000020.11,Mutation NB - Maternal Origin,Transition - Purine/Purine,Unsolved
35722021,rs530351602,TT,TT,TC,82,100,99,NC_000020.11,Mutation NB - Paternal Origin,Transition - Pyrimidine/Pyrimidine,Unsolved
36551093,rs694379,GG,GA,AA,100,28,48,NC_000020.11,Mutation NB - Paternal Origin,Transition - Purine/Purine,G>A
38882257,rs55927879,CC,GG,GG,100,73,60,NC_000020.11,Mutation NB - Paternal Origin,Transversion - Purine/Pyrimidine,C>G
41362504,rs41307177,AA,AA,AG,100,85,21,NC_000020.11,Mutation NB - Maternal Origin,Transition - Purine/Purine,Unsolved
42980548,rs2867591,GG,GG,AA,73,85,15,NC_000020.11,Mutation NB - Paternal Origin,Transition - Purine/Purine,Unsolved
47802034,rs1884780,CC,CC,CT,88,91,99,NC_000020.11,Mutation NB - Paternal Origin,Transition - Pyrimidine/Pyrimidine,Unsolved
47802041,rs1884781,GG,GG,GA,88,91,99,NC_000020.11,Mutation NB - Paternal Origin,Transition - Purine/Purine,Unsolved
47895496,rs111234064,CC,CC,CT,88,91,68,NC_000020.11,Mutation NB - Paternal Origin,Transition - Pyrimidine/Pyrimidine,Unsolved
47896023,rs796742697,AA,AA,AG,46,100,99,NC_000020.11,Mutation NB - Paternal Origin,Transition - Purine/Purine,Unsolved
47896026,rs796814557,TT,TT,TC,67,100,99,NC_000020.11,Mutation NB - Paternal Origin,Transition - Pyrimidine/Pyrimidine,Unsolved
48630623,rs3827041,GA,GG,AA,2,100,69,NC_000020.11,Mutation NB - Maternal Origin,Transition - Purine/Purine,G>A
49524145,rs5628,CC,CT,TT,100,76,99,NC_000020.11,Mutation NB - Paternal Origin,Transition - Pyrimidine/Pyrimidine,C>T
50215598,rs11699802,CC,TT,CC,76,91,9,NC_000020.11,Mutation NB - Maternal Origin,Transition - Pyrimidine/Pyrimidine,T>C
51461382,rs228842,CC,CT,TT,91,63,42,NC_000020.11,Mutation NB - Paternal Origin,Transition - Pyrimidine/Pyrimidine,C>T
54793772,rs6127281,GG,GG,GT,100,73,99,NC_000020.11,Mutation NB - Maternal Origin,Transversion - Purine/Pyrimidine,Unsolved
54793941,rs6098242,CC,CC,CA,100,67,99,NC_000020.11,Mutation NB - Maternal Origin,Transversion - Purine/Pyrimidine,Unsolved
55992677,rs60721683,AA,AA,AG,100,73,99,NC_000020.11,Mutation NB - Maternal Origin,Transition - Purine/Purine,Unsolved
56895944,rs67773615,CC,CC,CT,91,100,65,NC_000020.11,Mutation NB - Paternal Origin,Transition - Pyrimidine/Pyrimidine,Unsolved
57066687,.,AA,AA,AG,49,43,44,NC_000020.11,Mutation NB - Maternal Origin,Transition - Purine/Purine,Unsolved
57761522,rs6015075,TT,GG,GG,91,79,60,NC_000020.11,Mutation NB - Paternal Origin,Transversion - Purine/Pyrimidine,T>G
58006786,rs1241324872,GG,GG,GA,79,58,56,NC_000020.11,Mutation NB - Maternal Origin,Transition - Purine/Purine,Unsolved
59382334,rs1980902,CC,TT,TT,91,100,27,NC_000020.11,Mutation NB - Paternal Origin,Transition - Pyrimidine/Pyrimidine,C>T
59514726,rs6100471,TT,TT,TA,79,91,99,NC_000020.11,Mutation NB - Paternal Origin,Transition - Pyrimidine/Pyrimidine,Transversion - Purine/Pyrimidine,Unsolved
59819559,rs1017853309,CC,CC,CA,100,100,44,NC_000020.11,Mutation NB - Paternal or Maternal,Transversion - Purine/Pyrimidine,Unsolved
59827743,.,AA,AA,AG,88,82,44,NC_000020.11,Mutation NB - Maternal Origin,Transition - Purine/Purine,Unsolved
60733078,rs1202003,AA,GG,GG,100,82,21,NC_000020.11,Mutation NB - Paternal Origin,Transition - Purine/Purine,A>G
61524476,rs2026023,AA,AA,AG,85,91,99,NC_000020.11,Mutation NB - Paternal Origin,Transition - Purine/Purine,Unsolved
61599068,rs2064551,AA,AA,GA,91,82,99,NC_000020.11,Mutation NB - Maternal Origin,Transition - Purine/Purine,Unsolved
61818628,rs34603093,TT,TT,TG,100,85,62,NC_000020.11,Mutation NB - Maternal Origin,Transition - Pyrimidine/Pyrimidine,Transversion - Purine/Pyrimidine,Unsolved
61863335,rs4925305,CT,TT,CC,79,85,0,NC_000020.11,Mutation NB - Maternal Origin,Transition - Pyrimidine/Pyrimidine,T>C
62485566,rs1351082028,CC,CC,CT,100,82,99,NC_000020.11,Mutation NB - Maternal Origin,Transition - Pyrimidine/Pyrimidine,Unsolved
62569800,rs6143042,AA,AA,AG,85,100,99,NC_000020.11,Mutation NB - Paternal Origin,Transition - Purine/Purine,Unsolved
62577898,rs6143050,AA,AA,AG,88,100,99,NC_000020.11,Mutation NB - Paternal Origin,Transition - Purine/Purine,Unsolved
62577951,rs28503365,CC,CC,CT,88,100,99,NC_000020.11,Mutation NB - Paternal Origin,Transition - Pyrimidine/Pyrimidine,Unsolved
62589028,rs76330264,GG,AA,AA,88,73,48,NC_000020.11,Mutation NB - Paternal Origin,Transition - Purine/Purine,G>A
62836093,rs6011413,CC,TT,CC,61,88,72,NC_000020.11,Mutation NB - Maternal Origin,Transition - Pyrimidine/Pyrimidine,T>C
62964284,rs2248900,CC,CC,CT,100,61,99,NC_000020.11,Mutation NB - Maternal Origin,Transition - Pyrimidine/Pyrimidine,Unsolved
63092084,rs75017690,CC,CC,CT,100,73,99,NC_000020.11,Mutation NB - Maternal Origin,Transition - Pyrimidine/Pyrimidine,Unsolved
63238597,rs6011693,CC,CC,CG,100,100,99,NC_000020.11,Mutation NB - Paternal or Maternal,Transversion - Purine/Pyrimidine,Unsolved
63786149,rs6010650,CC,AA,CC,88,100,15,NC_000020.11,Mutation NB - Maternal Origin,Transversion - Purine/Pyrimidine,A>C
64078567,rs79406239,CC,CC,CT,100,88,99,NC_000020.11,Mutation NB - Maternal Origin,Transition - Pyrimidine/Pyrimidine,Unsolved
64089897,rs4377388,CC,GG,CC,91,100,45,NC_000020.11,Mutation NB - Maternal Origin,Transversion - Purine/Pyrimidine,G>C
13882549,rs2183550,AA,AA,AG,100,73,68,NC_000021.9,Mutation NB - Maternal Origin,Transition - Purine/Purine,Unsolved
14745380,rs567596407,TT,TT,TC,79,76,41,NC_000021.9,Mutation NB - Maternal Origin,Transition - Pyrimidine/Pyrimidine,Unsolved
23251566,rs2827992,CC,TT,CC,85,85,0,NC_000021.9,Mutation NB - Maternal Origin,Transition - Pyrimidine/Pyrimidine,T>C
24779539,.,TT,TT,TA,91,79,47,NC_000021.9,Mutation NB - Maternal Origin,Transition - Pyrimidine/Pyrimidine,Transversion - Purine/Pyrimidine,Unsolved
29136576,rs8127294,AA,GG,AA,88,100,9,NC_000021.9,Mutation NB - Maternal Origin,Transition - Purine/Purine,G>A
29354452,rs2027605,AA,AA,AG,91,91,99,NC_000021.9,Mutation NB - Paternal or Maternal,Transition - Purine/Purine,Unsolved
31532807,rs10854349,CC,TC,TT,91,35,27,NC_000021.9,Mutation NB - Paternal Origin,Transition - Pyrimidine/Pyrimidine,C>T
32068321,rs7282411,TT,TC,CC,91,1,9,NC_000021.9,Mutation NB - Paternal Origin,Transition - Pyrimidine/Pyrimidine,T>C
32364380,.,AA,AA,AG,91,64,65,NC_000021.9,Mutation NB - Maternal Origin,Transition - Purine/Purine,Unsolved
35603854,.,TT,TT,TC,88,70,50,NC_000021.9,Mutation NB - Maternal Origin,Transition - Pyrimidine/Pyrimidine,Unsolved
36228947,.,AA,AA,AG,73,85,69,NC_000021.9,Mutation NB - Paternal Origin,Transition - Purine/Purine,Unsolved
36245426,rs3746866,CC,CC,CA,91,79,99,NC_000021.9,Mutation NB - Maternal Origin,Transversion - Purine/Pyrimidine,Unsolved
36273565,rs7282050,GG,GG,GA,100,91,68,NC_000021.9,Mutation NB - Maternal Origin,Transition - Purine/Purine,Unsolved
36459562,rs219785,GG,GG,CC,100,100,27,NC_000021.9,Mutation NB - Paternal or Maternal,Transversion - Purine/Pyrimidine,Unsolved
36934654,rs2835537,CC,TT,TT,100,85,21,NC_000021.9,Mutation NB - Paternal Origin,Transition - Pyrimidine/Pyrimidine,C>T
36935238,rs2835538,CC,TT,TT,85,85,24,NC_000021.9,Mutation NB - Paternal Origin,Transition - Pyrimidine/Pyrimidine,C>T
37862516,rs1016694,CT,CC,TT,1,82,42,NC_000021.9,Mutation NB - Maternal Origin,Transversion - Purine/Pyrimidine,C>T
37895943,rs8129611,GG,TT,TT,82,91,0,NC_000021.9,Mutation NB - Paternal Origin,Transversion - Purine/Pyrimidine,G>T
38053518,.,TT,TT,TC,82,79,59,NC_000021.9,Mutation NB - Maternal Origin,Transition - Pyrimidine/Pyrimidine,Unsolved
40042199,.,TT,TT,TC,91,88,47,NC_000021.9,Mutation NB - Maternal Origin,Transition - Pyrimidine/Pyrimidine,Unsolved
40180638,.,CC,CC,CT,91,55,53,NC_000021.9,Mutation NB - Maternal Origin,Transition - Pyrimidine/Pyrimidine,Unsolved
40651628,rs1882786,CC,CC,CT,100,85,99,NC_000021.9,Mutation NB - Maternal Origin,Transition - Pyrimidine/Pyrimidine,Unsolved
41209496,.,TT,TT,TC,92,94,41,NC_000021.9,Mutation NB - Paternal Origin,Transition - Pyrimidine/Pyrimidine,Unsolved
41373424,rs8133827,GA,GG,AA,1,82,21,NC_000021.9,Mutation NB - Maternal Origin,Transition - Purine/Purine,G>A
42041613,rs2839450,CC,CC,CT,79,100,47,NC_000021.9,Mutation NB - Paternal Origin,Transition - Pyrimidine/Pyrimidine,Unsolved
42215064,rs692383,AG,AA,GG,31,100,27,NC_000021.9,Mutation NB - Maternal Origin,Transition - Purine/Purine,A>G
42375147,rs894287,CC,GG,GG,88,88,21,NC_000021.9,Mutation NB - Paternal Origin,Transversion - Purine/Pyrimidine,C>G
43747098,rs4819306,AA,GG,AA,73,88,60,NC_000021.9,Mutation NB - Maternal Origin,Transition - Purine/Purine,G>A
43762837,rs75406608,AA,AA,AG,61,100,99,NC_000021.9,Mutation NB - Paternal Origin,Transition - Purine/Purine,Unsolved
44655306,rs4818953,AA,GG,GG,100,76,81,NC_000021.9,Mutation NB - Paternal Origin,Transition - Purine/Purine,A>G
44908920,rs760459,AA,TT,AA,79,70,30,NC_000021.9,Mutation NB - Maternal Origin,Transversion - Purine/Pyrimidine,T>A
44997600,rs11909047,AA,GG,AA,85,70,60,NC_000021.9,Mutation NB - Maternal Origin,Transition - Purine/Purine,G>A
45256365,rs921134285,GG,GG,GA,91,88,99,NC_000021.9,Mutation NB - Maternal Origin,Transition - Purine/Purine,Unsolved
45442241,rs9975992,GG,GA,AA,100,1,69,NC_000021.9,Mutation NB - Paternal Origin,Transition - Purine/Purine,G>A
45442242,rs9976649,CC,CA,AA,100,1,69,NC_000021.9,Mutation NB - Paternal Origin,Transversion - Purine/Pyrimidine,C>A
45598899,rs2838964,GG,GA,AA,82,1,84,NC_000021.9,Mutation NB - Paternal Origin,Transition - Purine/Purine,G>A
46427932,rs60091558,CC,CA,AA,100,43,42,NC_000021.9,Mutation NB - Paternal Origin,Transversion - Purine/Pyrimidine,C>A
17268206,rs5749002,GG,GG,GA,100,82,99,NC_000022.11,Mutation NB - Maternal Origin,Transition - Purine/Purine,Unsolved
19723501,rs1408875536,GG,GG,GA,100,82,99,NC_000022.11,Mutation NB - Maternal Origin,Transition - Purine/Purine,Unsolved
19884168,rs12158214,CC,CC,CT,91,100,71,NC_000022.11,Mutation NB - Paternal Origin,Transition - Pyrimidine/Pyrimidine,Unsolved
19970240,rs165655,AA,GG,GG,55,85,0,NC_000022.11,Mutation NB - Paternal Origin,Transition - Purine/Purine,A>G
20132189,rs9606258,AG,AA,GG,14,91,75,NC_000022.11,Mutation NB - Maternal Origin,Transition - Purine/Purine,A>G
20414765,rs12330023,CC,CC,CT,100,76,99,NC_000022.11,Mutation NB - Maternal Origin,Transition - Pyrimidine/Pyrimidine,Unsolved
20612440,rs6003459,AA,AG,GG,88,32,30,NC_000022.11,Mutation NB - Paternal Origin,Transition - Purine/Purine,A>G
21927077,rs73149975,AA,GG,GG,91,91,0,NC_000022.11,Mutation NB - Paternal Origin,Transition - Purine/Purine,A>G
22714404,rs6003238,CC,CC,CT,58,88,99,NC_000022.11,Mutation NB - Paternal Origin,Transition - Pyrimidine/Pyrimidine,Unsolved
25383882,rs1038720633,CC,CC,CT,85,100,99,NC_000022.11,Mutation NB - Paternal Origin,Transition - Pyrimidine/Pyrimidine,Unsolved
25853361,rs1202802333,GG,GG,GA,61,79,41,NC_000022.11,Mutation NB - Paternal Origin,Transition - Purine/Purine,Unsolved
26372389,rs669318,AA,GG,GG,91,73,45,NC_000022.11,Mutation NB - Paternal Origin,Transition - Purine/Purine,A>G
26499530,rs112762859,CC,TT,TT,82,61,57,NC_000022.11,Mutation NB - Paternal Origin,Transition - Pyrimidine/Pyrimidine,C>T
26647919,rs763275,CC,CC,TC,73,76,99,NC_000022.11,Mutation NB - Paternal Origin,Transition - Pyrimidine/Pyrimidine,Unsolved
27628218,rs133986,CC,CC,CT,100,100,99,NC_000022.11,Mutation NB - Paternal or Maternal,Transition - Pyrimidine/Pyrimidine,Unsolved
27701950,rs1931948289,AA,AA,AG,85,85,47,NC_000022.11,Mutation NB - Paternal or Maternal,Transition - Purine/Purine,Unsolved
29150894,rs73397022,AA,GG,AA,73,79,72,NC_000022.11,Mutation NB - Maternal Origin,Transition - Purine/Purine,G>A
29166621,.,AA,AA,AG,79,76,65,NC_000022.11,Mutation NB - Maternal Origin,Transition - Purine/Purine,Unsolved
29260400,rs2231398,TT,GG,GG,91,88,87,NC_000022.11,Mutation NB - Paternal Origin,Transversion - Purine/Pyrimidine,T>G
30752117,rs116877820,GG,GG,GA,100,73,99,NC_000022.11,Mutation NB - Maternal Origin,Transition - Purine/Purine,Unsolved
31208136,rs62237436,GG,GG,GT,46,88,99,NC_000022.11,Mutation NB - Paternal Origin,Transversion - Purine/Pyrimidine,Unsolved
31790747,rs139507549,CC,CC,CT,100,97,16,NC_000022.11,Mutation NB - Maternal Origin,Transition - Pyrimidine/Pyrimidine,Unsolved
32041963,rs2267173,GG,GG,GC,70,100,99,NC_000022.11,Mutation NB - Paternal Origin,Transition - Purine/Purine,Transversion - Purine/Pyrimidine,Unsolved
32207354,rs5998301,CG,GG,CC,29,88,30,NC_000022.11,Mutation NB - Maternal Origin,Transversion - Purine/Pyrimidine,G>C
32319572,rs5753966,AA,AC,CC,100,1,12,NC_000022.11,Mutation NB - Paternal Origin,Transversion - Purine/Pyrimidine,A>C
32797064,rs9606994,AA,GG,AA,91,91,9,NC_000022.11,Mutation NB - Maternal Origin,Transition - Purine/Purine,G>A
34931884,rs12161055,AA,AA,AT,100,70,99,NC_000022.11,Mutation NB - Maternal Origin,Transversion - Purine/Pyrimidine,Unsolved
35580525,rs5750121,AA,GG,GG,100,76,51,NC_000022.11,Mutation NB - Paternal Origin,Transition - Purine/Purine,A>G
36294067,rs4821478,GG,GG,AA,88,100,18,NC_000022.11,Mutation NB - Paternal Origin,Transition - Purine/Purine,Unsolved
36294074,rs56020676,CC,TT,TT,88,91,0,NC_000022.11,Mutation NB - Paternal Origin,Transition - Pyrimidine/Pyrimidine,C>T
38770034,rs4821818,TT,TT,CT,91,43,99,NC_000022.11,Mutation NB - Maternal Origin,Transition - Pyrimidine/Pyrimidine,Unsolved
39045198,rs4821862,CT,CC,TT,1,85,99,NC_000022.11,Mutation NB - Maternal Origin,Transversion - Purine/Pyrimidine,C>T
39052745,rs5757451,CC,TT,CC,79,100,84,NC_000022.11,Mutation NB - Maternal Origin,Transition - Pyrimidine/Pyrimidine,T>C
41055181,rs8138132,AA,AA,AC,100,82,81,NC_000022.11,Mutation NB - Maternal Origin,Transversion - Purine/Pyrimidine,Unsolved
41565912,rs12483860,CC,CC,CT,76,100,99,NC_000022.11,Mutation NB - Paternal Origin,Transition - Pyrimidine/Pyrimidine,Unsolved
41946511,.,AA,AA,AG,79,85,47,NC_000022.11,Mutation NB - Paternal Origin,Transition - Purine/Purine,Unsolved
42035242,rs133351,GG,GT,TT,100,1,69,NC_000022.11,Mutation NB - Paternal Origin,Transversion - Purine/Pyrimidine,G>T
42311709,rs13055057,GG,GG,GA,91,88,99,NC_000022.11,Mutation NB - Maternal Origin,Transition - Purine/Purine,Unsolved
42970890,rs738394,TT,CC,TT,91,100,96,NC_000022.11,Mutation NB - Maternal Origin,Transition - Pyrimidine/Pyrimidine,C>T
43430317,rs135078,CT,CC,TT,1,100,93,NC_000022.11,Mutation NB - Maternal Origin,Transversion - Purine/Pyrimidine,C>T
43774597,rs17569774,CC,CC,CT,88,67,99,NC_000022.11,Mutation NB - Maternal Origin,Transition - Pyrimidine/Pyrimidine,Unsolved
44350184,rs5765072,TT,CC,CC,85,61,51,NC_000022.11,Mutation NB - Paternal Origin,Transition - Pyrimidine/Pyrimidine,T>C
44449713,rs133765,TT,CC,CC,85,88,27,NC_000022.11,Mutation NB - Paternal Origin,Transition - Pyrimidine/Pyrimidine,T>C
44720290,rs77069626,GG,GA,AA,100,70,30,NC_000022.11,Mutation NB - Paternal Origin,Transition - Purine/Purine,G>A
44720291,rs62228465,GG,GA,AA,100,70,30,NC_000022.11,Mutation NB - Paternal Origin,Transition - Purine/Purine,G>A
44911853,rs5766182,GG,AA,AA,79,67,57,NC_000022.11,Mutation NB - Paternal Origin,Transition - Purine/Purine,G>A
44960292,rs149243310,CC,CC,CT,70,100,99,NC_000022.11,Mutation NB - Paternal Origin,Transition - Pyrimidine/Pyrimidine,Unsolved
45043859,rs132051,AA,AA,AC,100,70,99,NC_000022.11,Mutation NB - Maternal Origin,Transversion - Purine/Pyrimidine,Unsolved
46086105,rs8135478,TT,CC,CC,100,91,15,NC_000022.11,Mutation NB - Paternal Origin,Transition - Pyrimidine/Pyrimidine,T>C
46105093,rs9626905,TT,TT,TC,100,100,55,NC_000022.11,Mutation NB - Paternal or Maternal,Transition - Pyrimidine/Pyrimidine,Unsolved
46105129,rs9627583,AA,AA,AG,100,100,55,NC_000022.11,Mutation NB - Paternal or Maternal,Transition - Purine/Purine,Unsolved
46335976,rs112433524,TT,TT,TC,91,100,99,NC_000022.11,Mutation NB - Paternal Origin,Transition - Pyrimidine/Pyrimidine,Unsolved
46416655,rs79255855,GG,GG,GA,100,85,99,NC_000022.11,Mutation NB - Maternal Origin,Transition - Purine/Purine,Unsolved
46570639,rs9616050,GG,GG,GA,100,88,98,NC_000022.11,Mutation NB - Maternal Origin,Transition - Purine/Purine,Unsolved
46571749,rs535476769,GG,AA,GG,79,76,66,NC_000022.11,Mutation NB - Maternal Origin,Transition - Purine/Purine,A>G
46629173,rs112295182,GG,GG,GA,100,82,99,NC_000022.11,Mutation NB - Maternal Origin,Transition - Purine/Purine,Unsolved
46739308,rs5769126,AA,AA,AC,64,100,99,NC_000022.11,Mutation NB - Paternal Origin,Transversion - Purine/Pyrimidine,Unsolved
47380950,rs7293004,GG,GG,GA,88,85,99,NC_000022.11,Mutation NB - Maternal Origin,Transition - Purine/Purine,Unsolved
47632848,rs62225456,CC,CC,CA,76,100,99,NC_000022.11,Mutation NB - Paternal Origin,Transversion - Purine/Pyrimidine,Unsolved
48287450,rs115131358,TT,TT,TC,91,85,99,NC_000022.11,Mutation NB - Maternal Origin,Transition - Pyrimidine/Pyrimidine,Unsolved
48508619,rs73441622,AG,AA,GG,29,100,90,NC_000022.11,Mutation NB - Maternal Origin,Transition - Purine/Purine,A>G
48586047,rs73425949,AA,AA,CA,82,82,15,NC_000022.11,Mutation NB - Paternal or Maternal,Transversion - Purine/Pyrimidine,Unsolved
48593073,rs28539902,GG,GG,GA,91,100,86,NC_000022.11,Mutation NB - Paternal Origin,Transition - Purine/Purine,Unsolved
48593189,rs534989817,GG,GG,GC,76,100,99,NC_000022.11,Mutation NB - Paternal Origin,Transition - Purine/Purine,Transversion - Purine/Pyrimidine,Unsolved
48703858,rs4925445,AA,AA,AG,73,100,99,NC_000022.11,Mutation NB - Paternal Origin,Transition - Purine/Purine,Unsolved
48941070,rs4577399,CC,CC,CA,100,88,27,NC_000022.11,Mutation NB - Maternal Origin,Transversion - Purine/Pyrimidine,Unsolved
48942287,rs76480708,GA,AA,GG,1,88,24,NC_000022.11,Mutation NB - Maternal Origin,Transition - Purine/Purine,A>G
48942291,rs9616572,CT,TT,CC,1,88,24,NC_000022.11,Mutation NB - Maternal Origin,Transition - Pyrimidine/Pyrimidine,T>C
49155347,rs62222888,GG,GG,GA,88,100,99,NC_000022.11,Mutation NB - Paternal Origin,Transition - Purine/Purine,Unsolved
49245010,.,TT,TT,TC,73,88,41,NC_000022.11,Mutation NB - Paternal Origin,Transition - Pyrimidine/Pyrimidine,Unsolved
49569965,rs135842,GG,AA,AA,100,85,30,NC_000022.11,Mutation NB - Paternal Origin,Transition - Purine/Purine,G>A
50063948,rs1196472157,AA,AA,AC,86,73,89,NC_000022.11,Mutation NB - Maternal Origin,Transversion - Purine/Pyrimidine,Unsolved
50063953,rs1401654868,AA,AA,AC,99,73,89,NC_000022.11,Mutation NB - Maternal Origin,Transversion - Purine/Pyrimidine,Unsolved
50156937,rs58942095,GG,GG,GC,52,100,99,NC_000022.11,Mutation NB - Paternal Origin,Transition - Purine/Purine,Transversion - Purine/Pyrimidine,Unsolved
50249806,rs738334,TT,CC,CC,88,70,45,NC_000022.11,Mutation NB - Paternal Origin,Transition - Pyrimidine/Pyrimidine,T>C
50488787,rs143618166,CC,TT,TT,100,85,63,NC_000022.11,Mutation NB - Paternal Origin,Transition - Pyrimidine/Pyrimidine,C>T
