935374,rs74047411,TT,CC,CC,82,76,12,NC_000001.11,Mutation NB - Paternal Origin,Transition - Pyrimidine/Pyrimidine,T>C
973946,rs61573829,TT,CC,CC,73,73,0,NC_000001.11,Mutation NB - Paternal Origin,Transition - Pyrimidine/Pyrimidine,T>C
1124768,rs11587937,GG,GT,TT,91,76,9,NC_000001.11,Mutation NB - Paternal Origin,Transversion - Purine/Pyrimidine,G>T
1124795,rs7556082,TT,CC,CC,91,82,9,NC_000001.11,Mutation NB - Paternal Origin,Transition - Pyrimidine/Pyrimidine,T>C
1431428,rs1638422161,AA,AA,AG,73,82,71,NC_000001.11,Mutation NB - Paternal Origin,Transition - Purine/Purine,Unsolved
1431537,rs873926,CC,GG,CC,73,88,18,NC_000001.11,Mutation NB - Maternal Origin,Transversion - Purine/Pyrimidine,G>C
2119734,.,TT,TT,TC,91,82,50,NC_000001.11,Mutation NB - Maternal Origin,Transition - Pyrimidine/Pyrimidine,Unsolved
2448266,rs942820,GG,AA,GG,85,61,24,NC_000001.11,Mutation NB - Maternal Origin,Transition - Purine/Purine,A>G
2856233,rs12727394,TT,CC,CC,70,82,21,NC_000001.11,Mutation NB - Paternal Origin,Transition - Pyrimidine/Pyrimidine,T>C
2857001,rs6660759,TT,CC,TT,76,82,24,NC_000001.11,Mutation NB - Maternal Origin,Transition - Pyrimidine/Pyrimidine,C>T
2881770,rs1563473,TG,TT,GG,35,82,9,NC_000001.11,Mutation NB - Maternal Origin,Transversion - Purine/Pyrimidine,T>G
2883789,rs61763695,GG,GG,GT,82,79,99,NC_000001.11,Mutation NB - Maternal Origin,Transversion - Purine/Pyrimidine,Unsolved
3306129,rs11807038,GG,GG,GA,100,64,99,NC_000001.11,Mutation NB - Maternal Origin,Transition - Purine/Purine,Unsolved
3306142,rs3923081,GG,GG,AG,82,67,99,NC_000001.11,Mutation NB - Maternal Origin,Transition - Purine/Purine,Unsolved
3345118,rs4415513,TT,CT,CC,88,1,18,NC_000001.11,Mutation NB - Paternal Origin,Transition - Pyrimidine/Pyrimidine,T>C
3407645,rs2493303,GG,GC,CC,100,1,9,NC_000001.11,Mutation NB - Paternal Origin,Transversion - Purine/Pyrimidine,G>C
3435859,.,GG,GG,GA,82,52,44,NC_000001.11,Mutation NB - Maternal Origin,Transition - Purine/Purine,Unsolved
3481767,rs11802503,AA,AA,AG,100,79,33,NC_000001.11,Mutation NB - Maternal Origin,Transition - Purine/Purine,Unsolved
3731398,rs1745813,TT,CC,TT,73,64,0,NC_000001.11,Mutation NB - Maternal Origin,Transition - Pyrimidine/Pyrimidine,C>T
3848999,rs3765778,CC,CC,TT,88,91,0,NC_000001.11,Mutation NB - Paternal Origin,Transition - Pyrimidine/Pyrimidine,Unsolved
4130625,rs4282783,GG,TG,TT,85,1,9,NC_000001.11,Mutation NB - Paternal Origin,Transversion - Purine/Pyrimidine,G>T
4217632,rs113247997,GG,AA,AA,91,85,18,NC_000001.11,Mutation NB - Paternal Origin,Transition - Purine/Purine,G>A
4281295,rs7536866,AA,GG,AA,91,100,9,NC_000001.11,Mutation NB - Maternal Origin,Transition - Purine/Purine,G>A
4332147,rs75206560,GG,AA,AA,88,79,21,NC_000001.11,Mutation NB - Paternal Origin,Transition - Purine/Purine,G>A
6077343,rs3789543,GG,GG,GT,100,91,99,NC_000001.11,Mutation NB - Maternal Origin,Transversion - Purine/Pyrimidine,Unsolved
6372150,rs78894540,CC,CC,CA,100,52,53,NC_000001.11,Mutation NB - Maternal Origin,Transversion - Purine/Pyrimidine,Unsolved
7063175,rs10864269,AA,GA,GG,88,35,0,NC_000001.11,Mutation NB - Paternal Origin,Transition - Purine/Purine,A>G
7076194,rs79977604,AA,AA,AC,70,100,99,NC_000001.11,Mutation NB - Paternal Origin,Transversion - Purine/Pyrimidine,Unsolved
7333260,rs10864294,TT,CC,CC,79,46,0,NC_000001.11,Mutation NB - Paternal Origin,Transition - Pyrimidine/Pyrimidine,T>C
7679721,rs61205571,GG,CC,CC,100,70,12,NC_000001.11,Mutation NB - Paternal Origin,Transversion - Purine/Pyrimidine,G>C
8214903,rs385137,TT,TT,TC,85,64,66,NC_000001.11,Mutation NB - Maternal Origin,Transition - Pyrimidine/Pyrimidine,Unsolved
8949647,rs12738365,CC,CT,TT,79,53,9,NC_000001.11,Mutation NB - Paternal Origin,Transition - Pyrimidine/Pyrimidine,C>T
9479637,rs181919543,CC,CC,CT,100,58,99,NC_000001.11,Mutation NB - Maternal Origin,Transition - Pyrimidine/Pyrimidine,Unsolved
9616245,rs140904952,CC,CC,TT,100,91,12,NC_000001.11,Mutation NB - Maternal Origin,Transition - Pyrimidine/Pyrimidine,Unsolved
11379531,rs2788557,AA,GG,GG,91,88,21,NC_000001.11,Mutation NB - Paternal Origin,Transition - Purine/Purine,A>G
11379552,rs2982367,GG,AA,AA,91,88,21,NC_000001.11,Mutation NB - Paternal Origin,Transition - Purine/Purine,G>A
11434794,rs2379152,AG,GG,AA,31,79,0,NC_000001.11,Mutation NB - Maternal Origin,Transition - Purine/Purine,G>A
14941891,rs115261968,CC,CT,TT,85,35,9,NC_000001.11,Mutation NB - Paternal Origin,Transition - Pyrimidine/Pyrimidine,C>T
15201991,rs2050233,GG,AA,AA,91,79,18,NC_000001.11,Mutation NB - Paternal Origin,Transition - Purine/Purine,G>A
16009032,rs1763610,CC,GG,GG,85,82,0,NC_000001.11,Mutation NB - Paternal Origin,Transversion - Purine/Pyrimidine,C>G
16913903,rs6586556,TT,TT,TG,100,85,99,NC_000001.11,Mutation NB - Maternal Origin,Transition - Pyrimidine/Pyrimidine,Transversion - Purine/Pyrimidine,Unsolved
17070097,rs11581590,AA,GA,GG,91,1,24,NC_000001.11,Mutation NB - Paternal Origin,Transition - Purine/Purine,A>G
19385445,rs10753561,TT,CC,TT,91,82,9,NC_000001.11,Mutation NB - Maternal Origin,Transition - Pyrimidine/Pyrimidine,C>T
22634725,rs651534,CC,TT,TT,100,76,12,NC_000001.11,Mutation NB - Paternal Origin,Transition - Pyrimidine/Pyrimidine,C>T
22634730,rs651520,GG,CC,CC,100,76,12,NC_000001.11,Mutation NB - Paternal Origin,Transversion - Purine/Pyrimidine,G>C
26265007,rs11247891,TC,CC,TT,38,82,0,NC_000001.11,Mutation NB - Maternal Origin,Transversion - Purine/Pyrimidine,C>T
27393726,rs183961311,CC,CC,CT,88,70,71,NC_000001.11,Mutation NB - Maternal Origin,Transition - Pyrimidine/Pyrimidine,Unsolved
27519601,rs7365864,GG,CG,CC,76,1,0,NC_000001.11,Mutation NB - Paternal Origin,Transversion - Purine/Pyrimidine,G>C
30081837,rs369715,AA,GG,AA,85,100,12,NC_000001.11,Mutation NB - Maternal Origin,Transition - Purine/Purine,G>A
30458896,rs764597799,GG,GG,GA,91,79,46,NC_000001.11,Mutation NB - Maternal Origin,Transition - Purine/Purine,Unsolved
30485776,rs61768017,GG,AA,AA,100,82,51,NC_000001.11,Mutation NB - Paternal Origin,Transition - Purine/Purine,G>A
31827475,rs12749138,CC,TT,CC,67,88,15,NC_000001.11,Mutation NB - Maternal Origin,Transition - Pyrimidine/Pyrimidine,T>C
32871796,rs10798919,GG,AA,AA,100,76,9,NC_000001.11,Mutation NB - Paternal Origin,Transition - Purine/Purine,G>A
33983048,rs57053137,TT,CC,TT,85,70,0,NC_000001.11,Mutation NB - Maternal Origin,Transition - Pyrimidine/Pyrimidine,C>T
36727180,rs925025,TT,TT,CC,79,79,12,NC_000001.11,Mutation NB - Paternal or Maternal,Transition - Pyrimidine/Pyrimidine,Unsolved
38605346,rs2985771,GG,AA,AA,98,70,9,NC_000001.11,Mutation NB - Paternal Origin,Transition - Purine/Purine,G>A
43309207,rs2282226,CT,CC,TT,29,73,9,NC_000001.11,Mutation NB - Maternal Origin,Transversion - Purine/Pyrimidine,C>T
43573424,rs11590773,CC,AA,CC,79,67,0,NC_000001.11,Mutation NB - Maternal Origin,Transversion - Purine/Pyrimidine,A>C
46561727,rs115053687,TT,TT,TC,100,76,24,NC_000001.11,Mutation NB - Maternal Origin,Transition - Pyrimidine/Pyrimidine,Unsolved
47004609,rs7543950,TT,TT,TA,100,91,89,NC_000001.11,Mutation NB - Maternal Origin,Transition - Pyrimidine/Pyrimidine,Transversion - Purine/Pyrimidine,Unsolved
47246106,rs35856603,GG,AA,AA,76,73,18,NC_000001.11,Mutation NB - Paternal Origin,Transition - Purine/Purine,G>A
47333764,rs60352530,GG,AA,GG,91,91,0,NC_000001.11,Mutation NB - Maternal Origin,Transition - Purine/Purine,A>G
47422584,rs78645180,GG,GG,GA,91,67,99,NC_000001.11,Mutation NB - Maternal Origin,Transition - Purine/Purine,Unsolved
47994550,rs113207784,CC,CC,CT,88,67,72,NC_000001.11,Mutation NB - Maternal Origin,Transition - Pyrimidine/Pyrimidine,Unsolved
49983280,rs12030045,GG,AA,GG,70,82,12,NC_000001.11,Mutation NB - Maternal Origin,Transition - Purine/Purine,A>G
52802290,rs12057696,GG,AA,AA,85,85,27,NC_000001.11,Mutation NB - Paternal Origin,Transition - Purine/Purine,G>A
53413957,.,AA,AA,AG,91,70,59,NC_000001.11,Mutation NB - Maternal Origin,Transition - Purine/Purine,Unsolved
54003412,rs148856204,GG,GG,GA,88,55,99,NC_000001.11,Mutation NB - Maternal Origin,Transition - Purine/Purine,Unsolved
54118174,rs17109803,CC,CC,CT,91,76,98,NC_000001.11,Mutation NB - Maternal Origin,Transition - Pyrimidine/Pyrimidine,Unsolved
54804288,rs609617,AA,GG,AA,52,76,18,NC_000001.11,Mutation NB - Maternal Origin,Transition - Purine/Purine,G>A
55760179,rs185028538,AA,GG,AA,91,91,0,NC_000001.11,Mutation NB - Maternal Origin,Transition - Purine/Purine,G>A
57973305,rs2764692,GG,CC,CC,100,79,9,NC_000001.11,Mutation NB - Paternal Origin,Transversion - Purine/Pyrimidine,G>C
58346122,.,TT,TT,TC,73,52,60,NC_000001.11,Mutation NB - Maternal Origin,Transition - Pyrimidine/Pyrimidine,Unsolved
58372117,rs4912337,GG,TT,GG,88,79,9,NC_000001.11,Mutation NB - Maternal Origin,Transition - Purine/Purine,Transversion - Purine/Pyrimidine,T>G
61584494,rs12025440,CC,CC,TT,100,82,15,NC_000001.11,Mutation NB - Maternal Origin,Transition - Pyrimidine/Pyrimidine,Unsolved
62168348,rs2481678,TT,CC,CC,91,91,9,NC_000001.11,Mutation NB - Paternal Origin,Transition - Pyrimidine/Pyrimidine,T>C
64297266,rs10889475,CC,TT,TT,88,85,12,NC_000001.11,Mutation NB - Paternal Origin,Transition - Pyrimidine/Pyrimidine,C>T
64431372,rs17126459,CA,CC,AA,6,70,9,NC_000001.11,Mutation NB - Maternal Origin,Transversion - Purine/Pyrimidine,C>A
66058575,rs6588183,AA,CA,CC,88,8,0,NC_000001.11,Mutation NB - Paternal Origin,Transversion - Purine/Pyrimidine,A>C
67125664,rs6691094,AG,GG,AA,32,95,0,NC_000001.11,Mutation NB - Maternal Origin,Transition - Purine/Purine,G>A
68818745,rs4625320,GG,CC,GG,76,85,0,NC_000001.11,Mutation NB - Maternal Origin,Transversion - Purine/Pyrimidine,C>G
77412916,rs4949654,GG,AA,GG,67,58,0,NC_000001.11,Mutation NB - Maternal Origin,Transition - Purine/Purine,A>G
81220580,rs1195876,GC,GG,CC,1,76,18,NC_000001.11,Mutation NB - Maternal Origin,Transversion - Purine/Pyrimidine,G>C
81574293,rs11800016,TT,TT,TG,100,79,27,NC_000001.11,Mutation NB - Maternal Origin,Transition - Pyrimidine/Pyrimidine,Transversion - Purine/Pyrimidine,Unsolved
82240205,rs786371,CC,GG,GG,100,88,18,NC_000001.11,Mutation NB - Paternal Origin,Transversion - Purine/Pyrimidine,C>G
82600842,rs6604915,CC,TT,CC,79,100,12,NC_000001.11,Mutation NB - Maternal Origin,Transition - Pyrimidine/Pyrimidine,T>C
89502766,rs10801751,AA,CC,AA,91,100,30,NC_000001.11,Mutation NB - Maternal Origin,Transversion - Purine/Pyrimidine,C>A
89690712,rs116327960,TA,TT,AA,70,82,15,NC_000001.11,Mutation NB - Maternal Origin,Transversion - Purine/Pyrimidine,T>A
89984652,rs2816869,AA,AA,AC,91,52,33,NC_000001.11,Mutation NB - Maternal Origin,Transversion - Purine/Pyrimidine,Unsolved
93609934,.,CC,CC,CT,73,58,65,NC_000001.11,Mutation NB - Maternal Origin,Transition - Pyrimidine/Pyrimidine,Unsolved
97844683,rs61787782,AA,AG,GG,100,1,18,NC_000001.11,Mutation NB - Paternal Origin,Transition - Purine/Purine,A>G
99940650,rs7553597,GG,AG,AA,91,67,21,NC_000001.11,Mutation NB - Paternal Origin,Transition - Purine/Purine,G>A
100713264,rs115874899,CC,CC,CT,100,79,30,NC_000001.11,Mutation NB - Maternal Origin,Transition - Pyrimidine/Pyrimidine,Unsolved
100881859,rs754261,CC,CC,CT,100,82,68,NC_000001.11,Mutation NB - Maternal Origin,Transition - Pyrimidine/Pyrimidine,Unsolved
101959743,.,AA,AA,AG,61,82,47,NC_000001.11,Mutation NB - Paternal Origin,Transition - Purine/Purine,Unsolved
109299649,rs680434,TT,TT,CT,85,70,65,NC_000001.11,Mutation NB - Maternal Origin,Transition - Pyrimidine/Pyrimidine,Unsolved
110513989,rs114451537,TT,CC,CC,88,55,15,NC_000001.11,Mutation NB - Paternal Origin,Transition - Pyrimidine/Pyrimidine,T>C
110513991,rs1936487,AA,GA,GG,88,1,15,NC_000001.11,Mutation NB - Paternal Origin,Transition - Purine/Purine,A>G
110561066,rs6656346,GG,GG,GA,85,88,33,NC_000001.11,Mutation NB - Paternal Origin,Transition - Purine/Purine,Unsolved
115477620,rs2182629,CC,TT,TT,88,88,0,NC_000001.11,Mutation NB - Paternal Origin,Transition - Pyrimidine/Pyrimidine,C>T
115694950,rs562740190,CC,CC,CT,100,61,59,NC_000001.11,Mutation NB - Maternal Origin,Transition - Pyrimidine/Pyrimidine,Unsolved
119308648,rs1418024,AA,GG,GG,91,70,36,NC_000001.11,Mutation NB - Paternal Origin,Transition - Purine/Purine,A>G
119958507,.,AA,AA,AG,67,70,57,NC_000001.11,Mutation NB - Paternal Origin,Transition - Purine/Purine,Unsolved
153619294,rs9330299,CC,TC,TT,79,76,0,NC_000001.11,Mutation NB - Paternal Origin,Transition - Pyrimidine/Pyrimidine,C>T
153946897,rs1680008650,GG,GG,GA,79,82,53,NC_000001.11,Mutation NB - Paternal Origin,Transition - Purine/Purine,Unsolved
154742838,rs2335249,TT,TC,CC,85,1,15,NC_000001.11,Mutation NB - Paternal Origin,Transition - Pyrimidine/Pyrimidine,T>C
157228801,rs74119229,AA,GG,GG,85,61,0,NC_000001.11,Mutation NB - Paternal Origin,Transition - Purine/Purine,A>G
157232050,rs73010250,AA,AA,AG,100,70,62,NC_000001.11,Mutation NB - Maternal Origin,Transition - Purine/Purine,Unsolved
157971755,rs6427413,CC,TT,TT,100,85,30,NC_000001.11,Mutation NB - Paternal Origin,Transition - Pyrimidine/Pyrimidine,C>T
159102291,rs2078723,GG,CG,CC,91,70,21,NC_000001.11,Mutation NB - Paternal Origin,Transversion - Purine/Pyrimidine,G>C
159102318,rs2078724,CC,TC,TT,91,70,21,NC_000001.11,Mutation NB - Paternal Origin,Transition - Pyrimidine/Pyrimidine,C>T
159928310,rs3747615,AG,GG,AA,42,79,0,NC_000001.11,Mutation NB - Maternal Origin,Transition - Purine/Purine,G>A
160530060,rs11265424,CC,AA,CC,82,100,18,NC_000001.11,Mutation NB - Maternal Origin,Transversion - Purine/Pyrimidine,A>C
163513487,rs72699445,CC,CG,GG,100,1,18,NC_000001.11,Mutation NB - Paternal Origin,Transversion - Purine/Pyrimidine,C>G
163513503,rs78929218,CC,CG,GG,100,1,18,NC_000001.11,Mutation NB - Paternal Origin,Transversion - Purine/Pyrimidine,C>G
165609633,rs10918221,GG,GG,GT,100,55,68,NC_000001.11,Mutation NB - Maternal Origin,Transversion - Purine/Pyrimidine,Unsolved
165829903,rs72699961,AA,GG,GG,91,88,9,NC_000001.11,Mutation NB - Paternal Origin,Transition - Purine/Purine,A>G
165839932,rs7539793,CT,CC,TT,38,100,12,NC_000001.11,Mutation NB - Maternal Origin,Transversion - Purine/Pyrimidine,C>T
166552685,rs181554089,CC,CC,CA,100,73,99,NC_000001.11,Mutation NB - Maternal Origin,Transversion - Purine/Pyrimidine,Unsolved
167153192,rs12143783,TT,CC,CC,85,49,15,NC_000001.11,Mutation NB - Paternal Origin,Transition - Pyrimidine/Pyrimidine,T>C
167562035,rs2092396,GG,AA,AA,85,58,18,NC_000001.11,Mutation NB - Paternal Origin,Transition - Purine/Purine,G>A
170464640,rs4294468,AA,AA,GA,88,64,99,NC_000001.11,Mutation NB - Maternal Origin,Transition - Purine/Purine,Unsolved
171188330,rs12085225,AA,AA,AC,82,100,33,NC_000001.11,Mutation NB - Paternal Origin,Transversion - Purine/Pyrimidine,Unsolved
175108463,rs59487376,GG,GG,GC,100,64,46,NC_000001.11,Mutation NB - Maternal Origin,Transition - Purine/Purine,Transversion - Purine/Pyrimidine,Unsolved
175553458,rs11579540,TT,GG,TT,88,88,12,NC_000001.11,Mutation NB - Maternal Origin,Transversion - Purine/Pyrimidine,G>T
175575923,rs72725454,GG,GG,GA,100,76,60,NC_000001.11,Mutation NB - Maternal Origin,Transition - Purine/Purine,Unsolved
177448576,rs6677916,TT,CT,CC,88,5,0,NC_000001.11,Mutation NB - Paternal Origin,Transition - Pyrimidine/Pyrimidine,T>C
177760228,rs3131329,CC,TT,TT,91,88,0,NC_000001.11,Mutation NB - Paternal Origin,Transition - Pyrimidine/Pyrimidine,C>T
182380457,rs4636415,AA,AA,AC,91,100,59,NC_000001.11,Mutation NB - Paternal Origin,Transversion - Purine/Pyrimidine,Unsolved
183186347,rs684527,CC,CC,CA,100,67,99,NC_000001.11,Mutation NB - Maternal Origin,Transversion - Purine/Pyrimidine,Unsolved
185359008,rs2207519,GG,GG,GA,85,55,62,NC_000001.11,Mutation NB - Maternal Origin,Transition - Purine/Purine,Unsolved
187326881,rs7524786,GG,GG,GT,88,61,99,NC_000001.11,Mutation NB - Maternal Origin,Transversion - Purine/Pyrimidine,Unsolved
191908834,rs12143906,GG,GG,GT,82,100,30,NC_000001.11,Mutation NB - Paternal Origin,Transversion - Purine/Pyrimidine,Unsolved
194510931,rs4409633,GG,GG,GA,88,79,99,NC_000001.11,Mutation NB - Maternal Origin,Transition - Purine/Purine,Unsolved
197138882,rs115728332,AT,AA,TT,78,85,12,NC_000001.11,Mutation NB - Maternal Origin,Transversion - Purine/Pyrimidine,A>T
200909014,rs6680980,AA,AA,AG,100,79,18,NC_000001.11,Mutation NB - Maternal Origin,Transition - Purine/Purine,Unsolved
200984031,rs11811109,GG,AA,GG,79,91,9,NC_000001.11,Mutation NB - Maternal Origin,Transition - Purine/Purine,A>G
201347873,rs769031387,TT,CC,TT,85,85,12,NC_000001.11,Mutation NB - Maternal Origin,Transition - Pyrimidine/Pyrimidine,C>T
201909245,.,AA,AA,AG,79,55,41,NC_000001.11,Mutation NB - Maternal Origin,Transition - Purine/Purine,Unsolved
204087373,rs149735986,CC,GG,GG,91,76,21,NC_000001.11,Mutation NB - Paternal Origin,Transversion - Purine/Pyrimidine,C>G
205806682,rs823076,TT,CC,TT,91,85,0,NC_000001.11,Mutation NB - Maternal Origin,Transition - Pyrimidine/Pyrimidine,C>T
205977186,rs925038201,AT,TT,AA,5,85,0,NC_000001.11,Mutation NB - Maternal Origin,Transversion - Purine/Pyrimidine,T>A
206478007,rs2297543,CC,TT,CC,76,82,18,NC_000001.11,Mutation NB - Maternal Origin,Transition - Pyrimidine/Pyrimidine,T>C
206478008,rs11117948,AA,GG,AA,79,100,18,NC_000001.11,Mutation NB - Maternal Origin,Transition - Purine/Purine,G>A
207959393,rs7511980,CC,CC,CG,91,88,14,NC_000001.11,Mutation NB - Maternal Origin,Transversion - Purine/Pyrimidine,Unsolved
209481260,rs6658747,AA,AT,TT,91,1,30,NC_000001.11,Mutation NB - Paternal Origin,Transversion - Purine/Pyrimidine,A>T
209898183,rs6540567,CC,TT,TT,91,73,36,NC_000001.11,Mutation NB - Paternal Origin,Transition - Pyrimidine/Pyrimidine,C>T
211436426,rs35771425,TT,TT,TC,100,82,99,NC_000001.11,Mutation NB - Maternal Origin,Transition - Pyrimidine/Pyrimidine,Unsolved
212514466,rs750228,AA,AA,AT,100,82,99,NC_000001.11,Mutation NB - Maternal Origin,Transversion - Purine/Pyrimidine,Unsolved
214329031,rs7419021,CC,TC,TT,74,7,0,NC_000001.11,Mutation NB - Paternal Origin,Transition - Pyrimidine/Pyrimidine,C>T
219783475,rs1656857962,CC,AA,AA,82,73,12,NC_000001.11,Mutation NB - Paternal Origin,Transversion - Purine/Pyrimidine,C>A
221388533,rs113165652,GC,GG,CC,1,85,9,NC_000001.11,Mutation NB - Maternal Origin,Transversion - Purine/Pyrimidine,G>C
226217852,.,AA,AA,AG,79,64,53,NC_000001.11,Mutation NB - Maternal Origin,Transition - Purine/Purine,Unsolved
227760736,rs567115255,CC,GG,CC,88,73,21,NC_000001.11,Mutation NB - Maternal Origin,Transversion - Purine/Pyrimidine,G>C
228871441,.,TT,TT,TC,91,79,56,NC_000001.11,Mutation NB - Maternal Origin,Transition - Pyrimidine/Pyrimidine,Unsolved
230611081,rs56011949,GG,CC,GG,73,91,15,NC_000001.11,Mutation NB - Maternal Origin,Transversion - Purine/Pyrimidine,C>G
230611123,rs55741590,GG,AA,GG,79,73,0,NC_000001.11,Mutation NB - Maternal Origin,Transition - Purine/Purine,A>G
230709099,.,TT,TT,TG,70,31,48,NC_000001.11,Mutation NB - Maternal Origin,Transition - Pyrimidine/Pyrimidine,Transversion - Purine/Pyrimidine,Unsolved
230744409,rs6662197,GG,AA,GG,85,79,0,NC_000001.11,Mutation NB - Maternal Origin,Transition - Purine/Purine,A>G
231360342,rs2790896,AA,GG,AA,73,73,0,NC_000001.11,Mutation NB - Maternal Origin,Transition - Purine/Purine,G>A
232110587,.,AA,AA,AG,76,70,48,NC_000001.11,Mutation NB - Maternal Origin,Transition - Purine/Purine,Unsolved
236960879,rs1417304,TT,TT,CT,91,76,72,NC_000001.11,Mutation NB - Maternal Origin,Transition - Pyrimidine/Pyrimidine,Unsolved
238760722,rs2841411,AA,CC,AA,82,64,3,NC_000001.11,Mutation NB - Maternal Origin,Transversion - Purine/Pyrimidine,C>A
238760748,rs6700662,AA,GG,AA,82,64,3,NC_000001.11,Mutation NB - Maternal Origin,Transition - Purine/Purine,G>A
240009321,rs12125977,CC,CA,AA,88,1,30,NC_000001.11,Mutation NB - Paternal Origin,Transversion - Purine/Pyrimidine,C>A
240009347,rs10926057,TT,TG,GG,88,1,30,NC_000001.11,Mutation NB - Paternal Origin,Transversion - Purine/Pyrimidine,T>G
241124710,rs10158420,GG,GC,CC,100,1,18,NC_000001.11,Mutation NB - Paternal Origin,Transversion - Purine/Pyrimidine,G>C
241868537,rs1776174,TT,GG,TT,82,82,9,NC_000001.11,Mutation NB - Maternal Origin,Transversion - Purine/Pyrimidine,G>T
242099642,.,GG,GG,GA,70,95,50,NC_000001.11,Mutation NB - Paternal Origin,Transition - Purine/Purine,Unsolved
244227260,.,TT,TT,TC,82,67,50,NC_000001.11,Mutation NB - Maternal Origin,Transition - Pyrimidine/Pyrimidine,Unsolved
244284678,rs74151330,AA,AA,AG,85,85,99,NC_000001.11,Mutation NB - Paternal or Maternal,Transition - Purine/Purine,Unsolved
246055375,rs4535970,CC,CC,CA,100,82,62,NC_000001.11,Mutation NB - Maternal Origin,Transversion - Purine/Pyrimidine,Unsolved
246494140,rs929141735,GG,GG,GA,73,46,59,NC_000001.11,Mutation NB - Maternal Origin,Transition - Purine/Purine,Unsolved
246799137,rs188250565,AA,AA,TT,100,79,15,NC_000001.11,Mutation NB - Maternal Origin,Transversion - Purine/Pyrimidine,Unsolved
246847432,rs6688227,CC,TT,TT,100,82,15,NC_000001.11,Mutation NB - Paternal Origin,Transition - Pyrimidine/Pyrimidine,C>T
248863453,rs73152364,CC,TT,TT,91,85,15,NC_000001.11,Mutation NB - Paternal Origin,Transition - Pyrimidine/Pyrimidine,C>T
541000,.,TT,TT,TC,49,88,44,NC_000002.12,Mutation NB - Paternal Origin,Transition - Pyrimidine/Pyrimidine,Unsolved
587649,rs17042065,AA,AA,AG,64,100,26,NC_000002.12,Mutation NB - Paternal Origin,Transition - Purine/Purine,Unsolved
587721,rs114997517,GG,GG,GA,100,79,99,NC_000002.12,Mutation NB - Maternal Origin,Transition - Purine/Purine,Unsolved
926053,rs13025439,AG,GG,AA,5,64,0,NC_000002.12,Mutation NB - Maternal Origin,Transition - Purine/Purine,G>A
2244685,rs6758172,GG,AA,GG,79,70,21,NC_000002.12,Mutation NB - Maternal Origin,Transition - Purine/Purine,A>G
2874205,rs4853766,AA,GG,AA,91,82,0,NC_000002.12,Mutation NB - Maternal Origin,Transition - Purine/Purine,G>A
3117929,rs6740461,TT,TT,TC,91,64,62,NC_000002.12,Mutation NB - Maternal Origin,Transition - Pyrimidine/Pyrimidine,Unsolved
3205783,rs138638420,CC,CC,CG,100,67,99,NC_000002.12,Mutation NB - Maternal Origin,Transversion - Purine/Pyrimidine,Unsolved
3335305,rs11885867,GG,GG,GA,100,76,99,NC_000002.12,Mutation NB - Maternal Origin,Transition - Purine/Purine,Unsolved
3613279,rs17017752,GG,GG,GA,100,67,99,NC_000002.12,Mutation NB - Maternal Origin,Transition - Purine/Purine,Unsolved
3657629,rs13386564,TT,TT,TC,100,85,99,NC_000002.12,Mutation NB - Maternal Origin,Transition - Pyrimidine/Pyrimidine,Unsolved
6152944,rs10207231,AA,AA,AG,100,64,40,NC_000002.12,Mutation NB - Maternal Origin,Transition - Purine/Purine,Unsolved
6541539,rs7565668,AA,GG,AA,67,100,30,NC_000002.12,Mutation NB - Maternal Origin,Transition - Purine/Purine,G>A
8647844,rs4668586,CC,AA,CC,88,91,9,NC_000002.12,Mutation NB - Maternal Origin,Transversion - Purine/Pyrimidine,A>C
9995589,rs1668826521,AA,AA,AC,98,55,99,NC_000002.12,Mutation NB - Maternal Origin,Transversion - Purine/Pyrimidine,Unsolved
9995591,.,AA,AA,AC,98,55,99,NC_000002.12,Mutation NB - Maternal Origin,Transversion - Purine/Pyrimidine,Unsolved
10379932,rs12475051,TC,TT,CC,28,64,9,NC_000002.12,Mutation NB - Maternal Origin,Transition - Pyrimidine/Pyrimidine,T>C
10386478,rs13431202,GA,GG,AA,67,82,12,NC_000002.12,Mutation NB - Maternal Origin,Transition - Purine/Purine,G>A
11147883,rs4297854,CC,CC,CT,88,82,87,NC_000002.12,Mutation NB - Maternal Origin,Transition - Pyrimidine/Pyrimidine,Unsolved
12153702,rs7579042,TT,CT,CC,91,2,9,NC_000002.12,Mutation NB - Paternal Origin,Transition - Pyrimidine/Pyrimidine,T>C
15439145,rs1225778805,CC,CC,CA,100,91,59,NC_000002.12,Mutation NB - Maternal Origin,Transversion - Purine/Pyrimidine,Unsolved
16035575,rs13426865,TT,TT,TC,100,82,49,NC_000002.12,Mutation NB - Maternal Origin,Transition - Pyrimidine/Pyrimidine,Unsolved
18828101,.,AA,AA,AG,76,58,56,NC_000002.12,Mutation NB - Maternal Origin,Transition - Purine/Purine,Unsolved
19989328,rs3731663,CC,CC,CT,91,91,33,NC_000002.12,Mutation NB - Paternal or Maternal,Transition - Pyrimidine/Pyrimidine,Unsolved
20136316,rs4233757,GA,GG,AA,38,79,9,NC_000002.12,Mutation NB - Maternal Origin,Transition - Purine/Purine,G>A
20171852,rs1107851,TT,CC,CC,100,88,33,NC_000002.12,Mutation NB - Paternal Origin,Transition - Pyrimidine/Pyrimidine,T>C
20631828,rs564913983,AA,AA,AG,85,88,65,NC_000002.12,Mutation NB - Paternal Origin,Transition - Purine/Purine,Unsolved
20768383,rs570034831,GA,GG,AA,41,73,9,NC_000002.12,Mutation NB - Maternal Origin,Transition - Purine/Purine,G>A
21468299,rs73921205,CC,CT,TT,88,8,12,NC_000002.12,Mutation NB - Paternal Origin,Transition - Pyrimidine/Pyrimidine,C>T
23241989,rs6719052,AA,GG,AA,82,88,0,NC_000002.12,Mutation NB - Maternal Origin,Transition - Purine/Purine,G>A
25688435,rs11892454,AA,GG,AA,73,46,0,NC_000002.12,Mutation NB - Maternal Origin,Transition - Purine/Purine,G>A
26721432,rs34552049,GG,AG,AA,91,48,0,NC_000002.12,Mutation NB - Paternal Origin,Transition - Purine/Purine,G>A
29060555,rs7557835,GA,GG,AA,80,85,9,NC_000002.12,Mutation NB - Maternal Origin,Transition - Purine/Purine,G>A
29699462,rs59821848,TC,TT,CC,1,82,24,NC_000002.12,Mutation NB - Maternal Origin,Transition - Pyrimidine/Pyrimidine,T>C
30223506,rs79713994,GG,GG,GT,58,100,62,NC_000002.12,Mutation NB - Paternal Origin,Transversion - Purine/Pyrimidine,Unsolved
30223536,rs76844524,TT,TT,TA,61,100,62,NC_000002.12,Mutation NB - Paternal Origin,Transition - Pyrimidine/Pyrimidine,Transversion - Purine/Pyrimidine,Unsolved
30732252,rs35481680,GG,TT,GG,100,88,21,NC_000002.12,Mutation NB - Maternal Origin,Transition - Purine/Purine,Transversion - Purine/Pyrimidine,T>G
30765509,rs6548032,AA,GG,GG,85,79,29,NC_000002.12,Mutation NB - Paternal Origin,Transition - Purine/Purine,A>G
31257382,rs3754840,TT,TT,CC,91,85,0,NC_000002.12,Mutation NB - Maternal Origin,Transition - Pyrimidine/Pyrimidine,Unsolved
31631799,rs671742,GC,CC,GG,1,73,27,NC_000002.12,Mutation NB - Maternal Origin,Transversion - Purine/Pyrimidine,C>G
32845705,rs2085297,GA,GG,AA,32,100,30,NC_000002.12,Mutation NB - Maternal Origin,Transition - Purine/Purine,G>A
33914520,rs539464759,AA,AG,GG,79,1,9,NC_000002.12,Mutation NB - Paternal Origin,Transition - Purine/Purine,A>G
36478936,.,AA,AA,AG,61,40,59,NC_000002.12,Mutation NB - Maternal Origin,Transition - Purine/Purine,Unsolved
36483368,rs72866819,TT,TT,TC,100,79,65,NC_000002.12,Mutation NB - Maternal Origin,Transition - Pyrimidine/Pyrimidine,Unsolved
42936264,.,TT,TT,TC,67,64,44,NC_000002.12,Mutation NB - Maternal Origin,Transition - Pyrimidine/Pyrimidine,Unsolved
43199905,rs11673940,AA,GA,GG,79,1,0,NC_000002.12,Mutation NB - Paternal Origin,Transition - Purine/Purine,A>G
47234560,rs1880584,GG,GG,GC,82,100,99,NC_000002.12,Mutation NB - Paternal Origin,Transition - Purine/Purine,Transversion - Purine/Pyrimidine,Unsolved
53509754,rs17189463,AA,AA,AC,85,100,99,NC_000002.12,Mutation NB - Paternal Origin,Transversion - Purine/Pyrimidine,Unsolved
53867502,rs805381,GG,GG,GA,100,94,14,NC_000002.12,Mutation NB - Maternal Origin,Transition - Purine/Purine,Unsolved
55225130,rs116702719,GG,GG,GT,85,100,65,NC_000002.12,Mutation NB - Paternal Origin,Transversion - Purine/Pyrimidine,Unsolved
67373528,.,AA,AA,AG,85,76,52,NC_000002.12,Mutation NB - Maternal Origin,Transition - Purine/Purine,Unsolved
67373657,rs1027000,CC,TT,CC,88,100,15,NC_000002.12,Mutation NB - Maternal Origin,Transition - Pyrimidine/Pyrimidine,T>C
68433360,rs10187772,GG,GG,GA,100,85,99,NC_000002.12,Mutation NB - Maternal Origin,Transition - Purine/Purine,Unsolved
70940011,rs6750310,GG,GG,GT,91,91,99,NC_000002.12,Mutation NB - Paternal or Maternal,Transversion - Purine/Pyrimidine,Unsolved
71092677,rs6546669,GG,AG,AA,91,66,12,NC_000002.12,Mutation NB - Paternal Origin,Transition - Purine/Purine,G>A
72116169,rs17007802,GG,GG,GA,88,85,95,NC_000002.12,Mutation NB - Maternal Origin,Transition - Purine/Purine,Unsolved
73487989,rs802113,GG,AA,AA,91,91,0,NC_000002.12,Mutation NB - Paternal Origin,Transition - Purine/Purine,G>A
73907671,rs831552,CC,AC,AA,82,1,15,NC_000002.12,Mutation NB - Paternal Origin,Transversion - Purine/Pyrimidine,C>A
74778080,rs17727033,GG,GG,TG,85,73,71,NC_000002.12,Mutation NB - Maternal Origin,Transversion - Purine/Pyrimidine,Unsolved
76406405,rs1519894,CC,GG,CC,85,79,0,NC_000002.12,Mutation NB - Maternal Origin,Transversion - Purine/Pyrimidine,G>C
78046258,rs12713941,CC,AA,AA,100,73,21,NC_000002.12,Mutation NB - Paternal Origin,Transversion - Purine/Pyrimidine,C>A
78926957,rs71424834,AA,AA,AC,88,100,68,NC_000002.12,Mutation NB - Paternal Origin,Transversion - Purine/Pyrimidine,Unsolved
79014314,rs1671448766,AA,AA,AG,88,91,62,NC_000002.12,Mutation NB - Paternal Origin,Transition - Purine/Purine,Unsolved
79014325,rs561259,AA,GG,GG,88,91,21,NC_000002.12,Mutation NB - Paternal Origin,Transition - Purine/Purine,A>G
81985384,rs12714068,CT,TT,CC,1,82,0,NC_000002.12,Mutation NB - Maternal Origin,Transition - Pyrimidine/Pyrimidine,T>C
83246020,rs1007520,GG,GG,AG,88,88,68,NC_000002.12,Mutation NB - Paternal or Maternal,Transition - Purine/Purine,Unsolved
85038326,.,AA,AA,AG,85,79,63,NC_000002.12,Mutation NB - Maternal Origin,Transition - Purine/Purine,Unsolved
86273110,rs146147814,TT,CC,CC,91,82,0,NC_000002.12,Mutation NB - Paternal Origin,Transition - Pyrimidine/Pyrimidine,T>C
88588839,rs777668213,TT,TT,TC,85,76,62,NC_000002.12,Mutation NB - Maternal Origin,Transition - Pyrimidine/Pyrimidine,Unsolved
95079137,rs3112988,AA,TT,TT,85,82,27,NC_000002.12,Mutation NB - Paternal Origin,Transversion - Purine/Pyrimidine,A>T
96898547,rs2314650,AA,GA,GG,85,32,21,NC_000002.12,Mutation NB - Paternal Origin,Transition - Purine/Purine,A>G
98381268,rs3754899,CC,CC,CA,79,100,27,NC_000002.12,Mutation NB - Paternal Origin,Transversion - Purine/Pyrimidine,Unsolved
100076416,rs375717140,TT,TT,TC,70,49,43,NC_000002.12,Mutation NB - Maternal Origin,Transition - Pyrimidine/Pyrimidine,Unsolved
100631001,rs7584437,AA,AG,GG,100,1,9,NC_000002.12,Mutation NB - Paternal Origin,Transition - Purine/Purine,A>G
101109137,rs1814448,AA,CC,AA,85,67,0,NC_000002.12,Mutation NB - Maternal Origin,Transversion - Purine/Pyrimidine,C>A
101351698,rs4585047,TT,CC,TT,88,70,0,NC_000002.12,Mutation NB - Maternal Origin,Transition - Pyrimidine/Pyrimidine,C>T
101962457,rs7601434,CC,TC,TT,76,1,12,NC_000002.12,Mutation NB - Paternal Origin,Transition - Pyrimidine/Pyrimidine,C>T
102311138,rs77410781,GG,GG,GA,100,100,57,NC_000002.12,Mutation NB - Paternal or Maternal,Transition - Purine/Purine,Unsolved
102502100,rs2075190,AA,TT,AA,100,73,0,NC_000002.12,Mutation NB - Maternal Origin,Transversion - Purine/Pyrimidine,T>A
105452544,rs62153388,AA,GG,GG,91,100,0,NC_000002.12,Mutation NB - Paternal Origin,Transition - Purine/Purine,A>G
105574111,rs34743126,GG,GG,AA,91,91,9,NC_000002.12,Mutation NB - Paternal or Maternal,Transition - Purine/Purine,Unsolved
106576008,rs4302209,AA,GG,GG,91,85,0,NC_000002.12,Mutation NB - Paternal Origin,Transition - Purine/Purine,A>G
106576013,rs4622714,CC,GG,GG,91,85,12,NC_000002.12,Mutation NB - Paternal Origin,Transversion - Purine/Pyrimidine,C>G
106671371,rs114934299,CC,CC,CT,85,88,68,NC_000002.12,Mutation NB - Paternal Origin,Transition - Pyrimidine/Pyrimidine,Unsolved
107392400,rs71419361,AA,GG,GG,79,64,21,NC_000002.12,Mutation NB - Paternal Origin,Transition - Purine/Purine,A>G
108650434,rs1360517574,CC,CC,CT,79,67,52,NC_000002.12,Mutation NB - Maternal Origin,Transition - Pyrimidine/Pyrimidine,Unsolved
116204854,.,TT,TT,TC,67,85,41,NC_000002.12,Mutation NB - Paternal Origin,Transition - Pyrimidine/Pyrimidine,Unsolved
119350654,rs935394,AC,AA,CC,1,100,21,NC_000002.12,Mutation NB - Maternal Origin,A>C
120631289,.,AA,AA,AG,91,82,62,NC_000002.12,Mutation NB - Maternal Origin,Transition - Purine/Purine,Unsolved
120768361,rs4848625,CC,TT,CC,88,76,0,NC_000002.12,Mutation NB - Maternal Origin,Transition - Pyrimidine/Pyrimidine,T>C
120899822,rs277542,AA,AA,AT,100,37,99,NC_000002.12,Mutation NB - Maternal Origin,Transversion - Purine/Pyrimidine,Unsolved
123177443,rs73951677,GG,GG,GA,100,88,99,NC_000002.12,Mutation NB - Maternal Origin,Transition - Purine/Purine,Unsolved
123768776,.,AA,AA,AG,52,61,47,NC_000002.12,Mutation NB - Paternal Origin,Transition - Purine/Purine,Unsolved
124281744,rs780053,TT,GG,GG,82,85,0,NC_000002.12,Mutation NB - Paternal Origin,Transversion - Purine/Pyrimidine,T>G
124772414,rs80119805,GG,GG,GA,100,49,98,NC_000002.12,Mutation NB - Maternal Origin,Transition - Purine/Purine,Unsolved
124772648,rs114629953,TT,TT,TC,100,85,99,NC_000002.12,Mutation NB - Maternal Origin,Transition - Pyrimidine/Pyrimidine,Unsolved
124772743,rs115636143,GG,GG,TT,91,85,15,NC_000002.12,Mutation NB - Maternal Origin,Transversion - Purine/Pyrimidine,Unsolved
128277908,rs1693719771,CC,CC,CT,73,91,62,NC_000002.12,Mutation NB - Paternal Origin,Transition - Pyrimidine/Pyrimidine,Unsolved
128384869,.,AA,AA,AG,79,67,41,NC_000002.12,Mutation NB - Maternal Origin,Transition - Purine/Purine,Unsolved
129460845,rs4662947,CC,CC,CT,100,82,33,NC_000002.12,Mutation NB - Maternal Origin,Transition - Pyrimidine/Pyrimidine,Unsolved
130129236,rs62163087,TT,CT,CC,73,1,0,NC_000002.12,Mutation NB - Paternal Origin,Transition - Pyrimidine/Pyrimidine,T>C
131672176,rs12465945,GC,CC,GG,35,64,9,NC_000002.12,Mutation NB - Maternal Origin,Transversion - Purine/Pyrimidine,C>G
133799732,rs11674105,CC,CC,CG,100,76,99,NC_000002.12,Mutation NB - Maternal Origin,Transversion - Purine/Pyrimidine,Unsolved
133894394,rs6736746,AG,AA,GG,28,100,15,NC_000002.12,Mutation NB - Maternal Origin,Transition - Purine/Purine,A>G
134109451,rs13420928,GG,GG,GT,100,67,62,NC_000002.12,Mutation NB - Maternal Origin,Transversion - Purine/Pyrimidine,Unsolved
134420414,.,AA,AA,AG,67,16,50,NC_000002.12,Mutation NB - Maternal Origin,Transition - Purine/Purine,Unsolved
134787927,rs72974345,CT,CC,TT,1,73,18,NC_000002.12,Mutation NB - Maternal Origin,Transversion - Purine/Pyrimidine,C>T
136946517,rs13021019,GA,GG,AA,1,100,12,NC_000002.12,Mutation NB - Maternal Origin,Transition - Purine/Purine,G>A
137102148,.,TT,TT,TC,76,31,47,NC_000002.12,Mutation NB - Maternal Origin,Transition - Pyrimidine/Pyrimidine,Unsolved
137707378,rs77063446,AA,GG,GG,91,91,0,NC_000002.12,Mutation NB - Paternal Origin,Transition - Purine/Purine,A>G
138911063,rs1485061,TT,TA,AA,100,44,18,NC_000002.12,Mutation NB - Paternal Origin,Transversion - Purine/Pyrimidine,T>A
138954871,rs113755665,CC,CC,CT,91,91,97,NC_000002.12,Mutation NB - Paternal or Maternal,Transition - Pyrimidine/Pyrimidine,Unsolved
140122814,rs10182005,CG,GG,CC,1,82,9,NC_000002.12,Mutation NB - Maternal Origin,Transversion - Purine/Pyrimidine,G>C
143505474,.,AA,AA,AG,82,61,44,NC_000002.12,Mutation NB - Maternal Origin,Transition - Purine/Purine,Unsolved
148261398,rs34295088,CC,GG,GG,88,70,12,NC_000002.12,Mutation NB - Paternal Origin,Transversion - Purine/Pyrimidine,C>G
148926404,.,TT,TT,TC,76,67,59,NC_000002.12,Mutation NB - Maternal Origin,Transition - Pyrimidine/Pyrimidine,Unsolved
150439816,rs11679729,CT,TT,CC,1,86,36,NC_000002.12,Mutation NB - Maternal Origin,Transition - Pyrimidine/Pyrimidine,T>C
152274185,rs184121589,CC,CC,CA,85,64,99,NC_000002.12,Mutation NB - Maternal Origin,Transversion - Purine/Pyrimidine,Unsolved
152594368,.,AA,AA,AT,73,70,57,NC_000002.12,Mutation NB - Maternal Origin,Transversion - Purine/Pyrimidine,Unsolved
152958698,rs4619556,AG,AA,GG,41,91,12,NC_000002.12,Mutation NB - Maternal Origin,Transition - Purine/Purine,A>G
153844352,rs9808527,CC,CC,TT,76,88,12,NC_000002.12,Mutation NB - Paternal Origin,Transition - Pyrimidine/Pyrimidine,Unsolved
165033490,rs61187518,AA,GG,GG,100,91,12,NC_000002.12,Mutation NB - Paternal Origin,Transition - Purine/Purine,A>G
166472240,rs2293567,TT,CC,TT,79,100,21,NC_000002.12,Mutation NB - Maternal Origin,Transition - Pyrimidine/Pyrimidine,C>T
166472244,rs36063236,CC,CC,CT,79,100,99,NC_000002.12,Mutation NB - Paternal Origin,Transition - Pyrimidine/Pyrimidine,Unsolved
171523176,rs960750,AA,GG,AA,85,100,24,NC_000002.12,Mutation NB - Maternal Origin,Transition - Purine/Purine,G>A
171646622,rs13013763,GG,GG,GA,91,100,74,NC_000002.12,Mutation NB - Paternal Origin,Transition - Purine/Purine,Unsolved
172713166,rs7573946,AA,AA,AG,100,76,65,NC_000002.12,Mutation NB - Maternal Origin,Transition - Purine/Purine,Unsolved
174708816,rs2646189,CC,CC,GG,100,73,12,NC_000002.12,Mutation NB - Maternal Origin,Transversion - Purine/Pyrimidine,Unsolved
174708821,rs7556889,CT,TT,CC,76,73,12,NC_000002.12,Mutation NB - Maternal Origin,Transition - Pyrimidine/Pyrimidine,T>C
176921279,rs3906062,CC,CC,CT,100,64,79,NC_000002.12,Mutation NB - Maternal Origin,Transition - Pyrimidine/Pyrimidine,Unsolved
177770365,rs1438044,GG,AA,GG,100,88,0,NC_000002.12,Mutation NB - Maternal Origin,Transition - Purine/Purine,A>G
178077608,.,CC,CC,CG,76,73,92,NC_000002.12,Mutation NB - Maternal Origin,Transversion - Purine/Pyrimidine,Unsolved
191647998,rs76263345,GG,GA,AA,79,1,12,NC_000002.12,Mutation NB - Paternal Origin,Transition - Purine/Purine,G>A
191863148,rs80309577,CC,AA,AA,88,73,0,NC_000002.12,Mutation NB - Paternal Origin,Transversion - Purine/Pyrimidine,C>A
195167132,rs10202396,TT,CC,CC,98,58,30,NC_000002.12,Mutation NB - Paternal Origin,Transition - Pyrimidine/Pyrimidine,T>C
196802805,.,TT,TT,TC,85,73,68,NC_000002.12,Mutation NB - Maternal Origin,Transition - Pyrimidine/Pyrimidine,Unsolved
198270538,rs145569475,CC,CC,CT,100,61,62,NC_000002.12,Mutation NB - Maternal Origin,Transition - Pyrimidine/Pyrimidine,Unsolved
200432038,rs73059818,AA,AA,AG,91,85,27,NC_000002.12,Mutation NB - Maternal Origin,Transition - Purine/Purine,Unsolved
202338235,rs1105047,AG,GG,AA,67,91,24,NC_000002.12,Mutation NB - Maternal Origin,Transition - Purine/Purine,G>A
203759333,rs10186048,AA,AA,GA,79,52,99,NC_000002.12,Mutation NB - Maternal Origin,Transition - Purine/Purine,Unsolved
204222889,rs66761445,GG,GG,GA,82,100,65,NC_000002.12,Mutation NB - Paternal Origin,Transition - Purine/Purine,Unsolved
206435723,.,CC,CC,CT,85,82,51,NC_000002.12,Mutation NB - Maternal Origin,Transition - Pyrimidine/Pyrimidine,Unsolved
216000079,.,TT,TT,TA,70,70,42,NC_000002.12,Mutation NB - Paternal or Maternal,Transition - Pyrimidine/Pyrimidine,Transversion - Purine/Pyrimidine,Unsolved
216717770,rs59354839,GG,TT,TT,88,88,0,NC_000002.12,Mutation NB - Paternal Origin,Transversion - Purine/Pyrimidine,G>T
216717780,rs58153457,CC,TT,TT,88,88,0,NC_000002.12,Mutation NB - Paternal Origin,Transition - Pyrimidine/Pyrimidine,C>T
217732855,rs73070619,GG,GG,GC,85,79,99,NC_000002.12,Mutation NB - Maternal Origin,Transition - Purine/Purine,Transversion - Purine/Pyrimidine,Unsolved
218050360,rs185461218,GG,GG,GA,100,70,71,NC_000002.12,Mutation NB - Maternal Origin,Transition - Purine/Purine,Unsolved
224345451,rs11900599,TA,TT,AA,6,88,9,NC_000002.12,Mutation NB - Maternal Origin,Transversion - Purine/Pyrimidine,T>A
224369596,rs16865888,GG,GG,GA,82,79,61,NC_000002.12,Mutation NB - Maternal Origin,Transition - Purine/Purine,Unsolved
224369623,rs16865889,AA,AA,AG,82,79,61,NC_000002.12,Mutation NB - Maternal Origin,Transition - Purine/Purine,Unsolved
224656797,.,AA,AA,AG,91,76,47,NC_000002.12,Mutation NB - Maternal Origin,Transition - Purine/Purine,Unsolved
225003058,rs647915,CC,AA,CC,85,88,15,NC_000002.12,Mutation NB - Maternal Origin,Transversion - Purine/Pyrimidine,A>C
227659461,rs77155305,AA,AA,AG,100,64,99,NC_000002.12,Mutation NB - Maternal Origin,Transition - Purine/Purine,Unsolved
228252326,rs10173997,TT,AA,AA,91,76,0,NC_000002.12,Mutation NB - Paternal Origin,Transversion - Purine/Pyrimidine,T>A
231093478,rs7581188,AA,AA,AG,100,82,59,NC_000002.12,Mutation NB - Maternal Origin,Transition - Purine/Purine,Unsolved
233031929,rs1383335349,CC,CC,CT,91,67,62,NC_000002.12,Mutation NB - Maternal Origin,Transition - Pyrimidine/Pyrimidine,Unsolved
233470437,rs2971872,CC,CC,CG,100,55,99,NC_000002.12,Mutation NB - Maternal Origin,Transversion - Purine/Pyrimidine,Unsolved
233470440,rs2971871,CC,CC,CT,100,55,99,NC_000002.12,Mutation NB - Maternal Origin,Transition - Pyrimidine/Pyrimidine,Unsolved
234024446,rs679207,CC,CT,TT,82,35,12,NC_000002.12,Mutation NB - Paternal Origin,Transition - Pyrimidine/Pyrimidine,C>T
234571701,rs28446742,CC,CA,AA,100,1,27,NC_000002.12,Mutation NB - Paternal Origin,Transversion - Purine/Pyrimidine,C>A
234603594,rs13427094,AA,GG,AA,91,100,9,NC_000002.12,Mutation NB - Maternal Origin,Transition - Purine/Purine,G>A
235370531,rs938679,AA,GG,GG,88,73,33,NC_000002.12,Mutation NB - Paternal Origin,Transition - Purine/Purine,A>G
235840612,rs13412150,AA,GG,GG,88,67,30,NC_000002.12,Mutation NB - Paternal Origin,Transition - Purine/Purine,A>G
235840631,rs12692180,AA,AG,GG,85,1,30,NC_000002.12,Mutation NB - Paternal Origin,Transition - Purine/Purine,A>G
236989028,rs13024150,TT,CC,CC,91,76,12,NC_000002.12,Mutation NB - Paternal Origin,Transition - Pyrimidine/Pyrimidine,T>C
236989133,rs34313874,CC,GG,CC,85,85,0,NC_000002.12,Mutation NB - Maternal Origin,Transversion - Purine/Pyrimidine,G>C
237193152,rs6711726,GG,AA,AA,100,76,27,NC_000002.12,Mutation NB - Paternal Origin,Transition - Purine/Purine,G>A
237874531,rs80327918,GG,GA,AA,79,1,12,NC_000002.12,Mutation NB - Paternal Origin,Transition - Purine/Purine,G>A
239300927,rs13000297,GG,AA,AA,100,70,18,NC_000002.12,Mutation NB - Paternal Origin,Transition - Purine/Purine,G>A
240285117,rs7589471,AA,GG,GG,82,85,0,NC_000002.12,Mutation NB - Paternal Origin,Transition - Purine/Purine,A>G
240350890,rs74001561,CC,CT,TT,88,32,18,NC_000002.12,Mutation NB - Paternal Origin,Transition - Pyrimidine/Pyrimidine,C>T
241144095,rs758070,TG,TT,GG,1,79,9,NC_000002.12,Mutation NB - Maternal Origin,Transversion - Purine/Pyrimidine,T>G
241144114,rs758071,GA,GG,AA,1,79,9,NC_000002.12,Mutation NB - Maternal Origin,Transition - Purine/Purine,G>A
241243393,.,AA,AA,AG,79,85,99,NC_000002.12,Mutation NB - Paternal Origin,Transition - Purine/Purine,Unsolved
241541000,rs6735876,CC,CC,TT,85,95,9,NC_000002.12,Mutation NB - Paternal Origin,Transition - Pyrimidine/Pyrimidine,Unsolved
241576101,rs62191740,TT,CC,CC,88,82,12,NC_000002.12,Mutation NB - Paternal Origin,Transition - Pyrimidine/Pyrimidine,T>C
241750256,.,TT,TT,TC,67,76,53,NC_000002.12,Mutation NB - Paternal Origin,Transition - Pyrimidine/Pyrimidine,Unsolved
199229,.,TT,TT,TC,85,58,41,NC_000003.12,Mutation NB - Maternal Origin,Transition - Pyrimidine/Pyrimidine,Unsolved
492022,rs60190041,TT,CC,CC,88,61,0,NC_000003.12,Mutation NB - Paternal Origin,Transition - Pyrimidine/Pyrimidine,T>C
628168,rs9842022,TT,CC,CC,88,76,0,NC_000003.12,Mutation NB - Paternal Origin,Transition - Pyrimidine/Pyrimidine,T>C
861094,rs66529148,AA,AA,AC,91,91,68,NC_000003.12,Mutation NB - Paternal or Maternal,Transversion - Purine/Pyrimidine,Unsolved
1093128,rs150714439,CC,CC,AA,85,100,9,NC_000003.12,Mutation NB - Paternal Origin,Transversion - Purine/Pyrimidine,Unsolved
5944289,rs7617354,TT,CC,CC,79,49,33,NC_000003.12,Mutation NB - Paternal Origin,Transition - Pyrimidine/Pyrimidine,T>C
8040536,.,AA,AA,AG,73,34,53,NC_000003.12,Mutation NB - Maternal Origin,Transition - Purine/Purine,Unsolved
9727324,rs3891072,TT,AA,AA,88,100,0,NC_000003.12,Mutation NB - Paternal Origin,Transversion - Purine/Pyrimidine,T>A
10289773,rs696217,GG,GT,TT,85,82,15,NC_000003.12,Mutation NB - Paternal Origin,Transversion - Purine/Pyrimidine,G>T
10320319,rs9832780,TT,TT,TC,100,97,72,NC_000003.12,Mutation NB - Maternal Origin,Transition - Pyrimidine/Pyrimidine,Unsolved
10348443,rs115073134,TT,CC,CC,88,61,18,NC_000003.12,Mutation NB - Paternal Origin,Transition - Pyrimidine/Pyrimidine,T>C
10449293,rs115504280,TT,CC,CC,88,82,0,NC_000003.12,Mutation NB - Paternal Origin,Transition - Pyrimidine/Pyrimidine,T>C
10610975,rs6803645,AA,AA,AG,85,100,99,NC_000003.12,Mutation NB - Paternal Origin,Transition - Purine/Purine,Unsolved
11059629,.,AA,AA,AC,88,64,62,NC_000003.12,Mutation NB - Maternal Origin,Transversion - Purine/Pyrimidine,Unsolved
11467358,rs60445355,TT,TT,TC,91,67,99,NC_000003.12,Mutation NB - Maternal Origin,Transition - Pyrimidine/Pyrimidine,Unsolved
11596678,rs999056390,TT,TT,TC,91,85,54,NC_000003.12,Mutation NB - Maternal Origin,Transition - Pyrimidine/Pyrimidine,Unsolved
12846168,.,AA,AA,AG,61,46,53,NC_000003.12,Mutation NB - Maternal Origin,Transition - Purine/Purine,Unsolved
13235513,rs73033212,TT,TT,TG,82,100,34,NC_000003.12,Mutation NB - Paternal Origin,Transition - Pyrimidine/Pyrimidine,Transversion - Purine/Pyrimidine,Unsolved
13239805,rs76919469,GG,GG,GA,100,76,49,NC_000003.12,Mutation NB - Maternal Origin,Transition - Purine/Purine,Unsolved
13676666,rs4438633,GG,GG,AG,82,88,99,NC_000003.12,Mutation NB - Paternal Origin,Transition - Purine/Purine,Unsolved
13870700,rs12632968,AA,GG,GG,85,91,9,NC_000003.12,Mutation NB - Paternal Origin,Transition - Purine/Purine,A>G
13870724,rs12635908,CC,TT,TT,85,91,9,NC_000003.12,Mutation NB - Paternal Origin,Transition - Pyrimidine/Pyrimidine,C>T
14330549,rs116770671,CC,CC,TT,100,91,9,NC_000003.12,Mutation NB - Maternal Origin,Transition - Pyrimidine/Pyrimidine,Unsolved
14907761,rs9818644,TT,CC,CC,79,67,9,NC_000003.12,Mutation NB - Paternal Origin,Transition - Pyrimidine/Pyrimidine,T>C
15176118,.,AA,AA,AG,79,46,44,NC_000003.12,Mutation NB - Maternal Origin,Transition - Purine/Purine,Unsolved
15412479,rs9841038,TT,GG,GG,88,73,0,NC_000003.12,Mutation NB - Paternal Origin,Transversion - Purine/Pyrimidine,T>G
19768587,.,AA,AA,AG,73,73,53,NC_000003.12,Mutation NB - Paternal or Maternal,Transition - Purine/Purine,Unsolved
20552519,.,CC,CC,CT,79,31,47,NC_000003.12,Mutation NB - Maternal Origin,Transition - Pyrimidine/Pyrimidine,Unsolved
29104978,rs643454,TT,CC,TT,76,79,0,NC_000003.12,Mutation NB - Maternal Origin,Transition - Pyrimidine/Pyrimidine,C>T
30255496,rs116093626,GG,GG,GT,100,67,89,NC_000003.12,Mutation NB - Maternal Origin,Transversion - Purine/Pyrimidine,Unsolved
34120068,rs12495732,TT,CC,CC,100,52,30,NC_000003.12,Mutation NB - Paternal Origin,Transition - Pyrimidine/Pyrimidine,T>C
35000073,rs80355659,CG,CC,GG,70,82,9,NC_000003.12,Mutation NB - Maternal Origin,Transversion - Purine/Pyrimidine,C>G
37773321,rs1696866808,GG,GG,GA,91,85,65,NC_000003.12,Mutation NB - Maternal Origin,Transition - Purine/Purine,Unsolved
37790938,rs4679005,GG,GG,GC,79,100,18,NC_000003.12,Mutation NB - Paternal Origin,Transition - Purine/Purine,Transversion - Purine/Pyrimidine,Unsolved
38011745,.,CC,CC,CT,85,64,65,NC_000003.12,Mutation NB - Maternal Origin,Transition - Pyrimidine/Pyrimidine,Unsolved
41358705,rs56908202,TT,CC,TT,88,79,18,NC_000003.12,Mutation NB - Maternal Origin,Transition - Pyrimidine/Pyrimidine,C>T
43363556,rs11130003,CC,CC,TC,88,67,11,NC_000003.12,Mutation NB - Maternal Origin,Transition - Pyrimidine/Pyrimidine,Unsolved
43616581,rs11130006,GG,CC,CC,67,37,0,NC_000003.12,Mutation NB - Paternal Origin,Transversion - Purine/Pyrimidine,G>C
45300980,rs78746700,GG,GG,AA,91,85,15,NC_000003.12,Mutation NB - Maternal Origin,Transition - Purine/Purine,Unsolved
45413197,rs6764923,GG,AA,AA,67,61,12,NC_000003.12,Mutation NB - Paternal Origin,Transition - Purine/Purine,G>A
46334765,rs1262320528,GG,GG,GA,85,76,42,NC_000003.12,Mutation NB - Maternal Origin,Transition - Purine/Purine,Unsolved
46497025,rs883740,GG,AA,AA,100,85,21,NC_000003.12,Mutation NB - Paternal Origin,Transition - Purine/Purine,G>A
46683620,rs9810659,AA,GG,GG,85,85,12,NC_000003.12,Mutation NB - Paternal Origin,Transition - Purine/Purine,A>G
46683630,rs9868213,TT,GG,GG,100,85,12,NC_000003.12,Mutation NB - Paternal Origin,Transversion - Purine/Pyrimidine,T>G
46994410,rs749512,CC,TT,TT,100,55,21,NC_000003.12,Mutation NB - Paternal Origin,Transition - Pyrimidine/Pyrimidine,C>T
47618611,rs883661,TT,CC,TT,100,82,12,NC_000003.12,Mutation NB - Maternal Origin,Transition - Pyrimidine/Pyrimidine,C>T
49525437,rs2051142233,AA,AA,AG,76,91,72,NC_000003.12,Mutation NB - Paternal Origin,Transition - Purine/Purine,Unsolved
49681596,.,CC,CC,CT,88,64,44,NC_000003.12,Mutation NB - Maternal Origin,Transition - Pyrimidine/Pyrimidine,Unsolved
50649809,.,TT,TT,TC,79,82,68,NC_000003.12,Mutation NB - Paternal Origin,Transition - Pyrimidine/Pyrimidine,Unsolved
52162532,rs9815010,TT,CC,CC,76,82,18,NC_000003.12,Mutation NB - Paternal Origin,Transition - Pyrimidine/Pyrimidine,T>C
52345738,rs114101324,CC,TT,CC,85,70,0,NC_000003.12,Mutation NB - Maternal Origin,Transition - Pyrimidine/Pyrimidine,T>C
52506757,rs1010553,CC,TT,TT,79,76,12,NC_000003.12,Mutation NB - Paternal Origin,Transition - Pyrimidine/Pyrimidine,C>T
53152684,rs6777221,AA,GG,AA,88,88,0,NC_000003.12,Mutation NB - Maternal Origin,Transition - Purine/Purine,G>A
53152688,rs13085294,AA,GG,AA,88,88,9,NC_000003.12,Mutation NB - Maternal Origin,Transition - Purine/Purine,G>A
54252725,rs9850014,CC,GG,CC,91,58,0,NC_000003.12,Mutation NB - Maternal Origin,Transversion - Purine/Pyrimidine,G>C
54298756,rs9714322,CC,CC,CT,100,61,99,NC_000003.12,Mutation NB - Maternal Origin,Transition - Pyrimidine/Pyrimidine,Unsolved
55560401,.,TT,TT,TC,73,76,47,NC_000003.12,Mutation NB - Paternal Origin,Transition - Pyrimidine/Pyrimidine,Unsolved
56894993,.,TT,TT,TC,73,76,69,NC_000003.12,Mutation NB - Paternal Origin,Transition - Pyrimidine/Pyrimidine,Unsolved
56895003,.,AA,AA,AG,73,76,69,NC_000003.12,Mutation NB - Paternal Origin,Transition - Purine/Purine,Unsolved
58298781,rs62259315,TC,CC,TT,34,79,0,NC_000003.12,Mutation NB - Maternal Origin,Transversion - Purine/Pyrimidine,C>T
58567575,rs7647828,AA,GG,GG,91,79,9,NC_000003.12,Mutation NB - Paternal Origin,Transition - Purine/Purine,A>G
58587125,rs75210209,GG,GG,GA,100,79,98,NC_000003.12,Mutation NB - Maternal Origin,Transition - Purine/Purine,Unsolved
59796685,rs2605433,CC,TT,TT,85,82,0,NC_000003.12,Mutation NB - Paternal Origin,Transition - Pyrimidine/Pyrimidine,C>T
66501580,rs9851466,CG,GG,CC,1,73,0,NC_000003.12,Mutation NB - Maternal Origin,Transversion - Purine/Pyrimidine,G>C
66824803,.,TT,TT,TC,88,73,53,NC_000003.12,Mutation NB - Maternal Origin,Transition - Pyrimidine/Pyrimidine,Unsolved
69128355,rs114342328,TT,CC,TT,91,82,0,NC_000003.12,Mutation NB - Maternal Origin,Transition - Pyrimidine/Pyrimidine,C>T
69128373,rs4615083,CC,TT,CC,91,82,0,NC_000003.12,Mutation NB - Maternal Origin,Transition - Pyrimidine/Pyrimidine,T>C
69455432,rs72933504,AG,AA,GG,73,85,21,NC_000003.12,Mutation NB - Maternal Origin,Transition - Purine/Purine,A>G
69753561,rs912894065,GG,GG,GA,91,55,68,NC_000003.12,Mutation NB - Maternal Origin,Transition - Purine/Purine,Unsolved
74125113,rs7631363,TT,TT,CC,91,85,0,NC_000003.12,Mutation NB - Maternal Origin,Transition - Pyrimidine/Pyrimidine,Unsolved
75166859,rs7638432,GG,AA,GG,64,64,9,NC_000003.12,Mutation NB - Maternal Origin,Transition - Purine/Purine,A>G
82849772,rs79149840,TT,CC,CC,85,73,51,NC_000003.12,Mutation NB - Paternal Origin,Transition - Pyrimidine/Pyrimidine,T>C
84517527,rs2326033,CT,CC,TT,15,70,15,NC_000003.12,Mutation NB - Maternal Origin,Transversion - Purine/Pyrimidine,C>T
86112916,rs6549073,AG,AA,GG,1,55,9,NC_000003.12,Mutation NB - Maternal Origin,Transition - Purine/Purine,A>G
89593259,rs544140921,CC,CC,CA,100,82,62,NC_000003.12,Mutation NB - Maternal Origin,Transversion - Purine/Pyrimidine,Unsolved
90387695,rs9757853,AG,AA,GG,32,61,15,NC_000003.12,Mutation NB - Maternal Origin,Transition - Purine/Purine,A>G
95233748,rs12633640,CT,TT,CC,1,85,12,NC_000003.12,Mutation NB - Maternal Origin,Transition - Pyrimidine/Pyrimidine,T>C
96069551,rs36050921,TT,CC,CC,88,85,15,NC_000003.12,Mutation NB - Paternal Origin,Transition - Pyrimidine/Pyrimidine,T>C
96801279,rs6796334,AA,AA,AT,100,70,12,NC_000003.12,Mutation NB - Maternal Origin,Transversion - Purine/Pyrimidine,Unsolved
96962097,rs62263705,TT,CC,CC,82,67,21,NC_000003.12,Mutation NB - Paternal Origin,Transition - Pyrimidine/Pyrimidine,T>C
97162145,rs111991789,GG,GG,GA,100,76,99,NC_000003.12,Mutation NB - Maternal Origin,Transition - Purine/Purine,Unsolved
100213911,rs6763594,CC,TT,TT,85,61,9,NC_000003.12,Mutation NB - Paternal Origin,Transition - Pyrimidine/Pyrimidine,C>T
100458647,.,TT,TT,TC,70,55,53,NC_000003.12,Mutation NB - Maternal Origin,Transition - Pyrimidine/Pyrimidine,Unsolved
100862439,rs112461437,GG,GG,GT,100,73,99,NC_000003.12,Mutation NB - Maternal Origin,Transversion - Purine/Pyrimidine,Unsolved
101008395,rs6787197,GA,GG,AA,1,64,15,NC_000003.12,Mutation NB - Maternal Origin,Transition - Purine/Purine,G>A
103966368,rs9853651,CC,CC,CG,100,70,99,NC_000003.12,Mutation NB - Maternal Origin,Transversion - Purine/Pyrimidine,Unsolved
104696365,rs62258424,GG,CC,GG,79,88,0,NC_000003.12,Mutation NB - Maternal Origin,Transversion - Purine/Pyrimidine,C>G
106316800,rs9836237,CC,TT,TT,58,64,12,NC_000003.12,Mutation NB - Paternal Origin,Transition - Pyrimidine/Pyrimidine,C>T
112075357,.,TT,TT,TC,70,55,41,NC_000003.12,Mutation NB - Maternal Origin,Transition - Pyrimidine/Pyrimidine,Unsolved
115833084,rs1878219,TT,CC,CC,64,82,9,NC_000003.12,Mutation NB - Paternal Origin,Transition - Pyrimidine/Pyrimidine,T>C
119043888,.,AA,AA,AG,70,76,56,NC_000003.12,Mutation NB - Paternal Origin,Transition - Purine/Purine,Unsolved
124796651,rs2291087,CC,TT,TT,91,67,21,NC_000003.12,Mutation NB - Paternal Origin,Transition - Pyrimidine/Pyrimidine,C>T
126159333,.,AA,AA,AG,52,49,50,NC_000003.12,Mutation NB - Maternal Origin,Transition - Purine/Purine,Unsolved
126186808,.,AA,AA,AG,82,55,59,NC_000003.12,Mutation NB - Maternal Origin,Transition - Purine/Purine,Unsolved
126570363,rs13078546,GG,GA,AA,91,33,12,NC_000003.12,Mutation NB - Paternal Origin,Transition - Purine/Purine,G>A
127473009,rs67235138,GG,GG,GA,79,100,30,NC_000003.12,Mutation NB - Paternal Origin,Transition - Purine/Purine,Unsolved
127738642,.,TT,TT,TC,88,49,62,NC_000003.12,Mutation NB - Maternal Origin,Transition - Pyrimidine/Pyrimidine,Unsolved
128845761,rs114366529,AA,AA,AT,100,64,26,NC_000003.12,Mutation NB - Maternal Origin,Transversion - Purine/Pyrimidine,Unsolved
129247636,rs6803404,GG,AA,AA,88,85,27,NC_000003.12,Mutation NB - Paternal Origin,Transition - Purine/Purine,G>A
130376512,.,CC,CC,CT,79,67,68,NC_000003.12,Mutation NB - Maternal Origin,Transition - Pyrimidine/Pyrimidine,Unsolved
130571724,.,GG,GG,GT,64,52,53,NC_000003.12,Mutation NB - Maternal Origin,Transversion - Purine/Pyrimidine,Unsolved
133360633,rs1849505,TT,TT,TA,79,100,64,NC_000003.12,Mutation NB - Paternal Origin,Transition - Pyrimidine/Pyrimidine,Transversion - Purine/Pyrimidine,Unsolved
133929446,.,AA,AA,AG,82,70,18,NC_000003.12,Mutation NB - Maternal Origin,Transition - Purine/Purine,Unsolved
138910173,rs12695690,GG,GA,AA,82,5,30,NC_000003.12,Mutation NB - Paternal Origin,Transition - Purine/Purine,G>A
139885960,rs1241226383,AA,AA,AG,64,46,46,NC_000003.12,Mutation NB - Maternal Origin,Transition - Purine/Purine,Unsolved
141145390,.,GG,GG,GA,61,91,41,NC_000003.12,Mutation NB - Paternal Origin,Transition - Purine/Purine,Unsolved
141392876,.,TT,TT,TC,70,55,53,NC_000003.12,Mutation NB - Maternal Origin,Transition - Pyrimidine/Pyrimidine,Unsolved
141482642,.,AA,AA,AG,82,79,62,NC_000003.12,Mutation NB - Maternal Origin,Transition - Purine/Purine,Unsolved
143096419,rs9808965,GG,GG,GA,100,70,59,NC_000003.12,Mutation NB - Maternal Origin,Transition - Purine/Purine,Unsolved
143267048,rs12493372,AA,TT,TT,91,82,0,NC_000003.12,Mutation NB - Paternal Origin,Transversion - Purine/Pyrimidine,A>T
143301427,rs6440162,CC,TT,TT,76,85,0,NC_000003.12,Mutation NB - Paternal Origin,Transition - Pyrimidine/Pyrimidine,C>T
143537347,rs58337567,GG,GG,GC,100,76,99,NC_000003.12,Mutation NB - Maternal Origin,Transition - Purine/Purine,Transversion - Purine/Pyrimidine,Unsolved
143724025,.,AA,AA,AG,73,79,48,NC_000003.12,Mutation NB - Paternal Origin,Transition - Purine/Purine,Unsolved
144023322,rs2099543,TT,CT,CC,91,41,0,NC_000003.12,Mutation NB - Paternal Origin,Transition - Pyrimidine/Pyrimidine,T>C
148502256,.,TT,TT,TC,91,64,63,NC_000003.12,Mutation NB - Maternal Origin,Transition - Pyrimidine/Pyrimidine,Unsolved
151032320,.,AA,AA,AT,82,76,55,NC_000003.12,Mutation NB - Maternal Origin,Transversion - Purine/Pyrimidine,Unsolved
152847119,rs141732486,AA,AA,AG,100,43,59,NC_000003.12,Mutation NB - Maternal Origin,Transition - Purine/Purine,Unsolved
155117933,rs10513469,CC,AA,CC,85,76,9,NC_000003.12,Mutation NB - Maternal Origin,Transversion - Purine/Pyrimidine,A>C
155411650,rs10936002,CC,TT,CC,76,88,15,NC_000003.12,Mutation NB - Maternal Origin,Transition - Pyrimidine/Pyrimidine,T>C
155411651,rs7612603,AG,GG,AA,41,88,15,NC_000003.12,Mutation NB - Maternal Origin,Transition - Purine/Purine,G>A
155462385,rs6440993,GG,GG,GA,100,76,99,NC_000003.12,Mutation NB - Maternal Origin,Transition - Purine/Purine,Unsolved
155717358,rs111339540,CC,CC,CT,100,73,72,NC_000003.12,Mutation NB - Maternal Origin,Transition - Pyrimidine/Pyrimidine,Unsolved
160878049,rs142306117,GG,GG,GC,85,64,67,NC_000003.12,Mutation NB - Maternal Origin,Transition - Purine/Purine,Transversion - Purine/Pyrimidine,Unsolved
160878108,rs1947146,TT,CC,CC,88,64,0,NC_000003.12,Mutation NB - Paternal Origin,Transition - Pyrimidine/Pyrimidine,T>C
164003964,rs4289351,GG,CC,GG,58,79,0,NC_000003.12,Mutation NB - Maternal Origin,Transversion - Purine/Pyrimidine,C>G
168114192,rs67431016,CC,CC,CT,100,76,99,NC_000003.12,Mutation NB - Maternal Origin,Transition - Pyrimidine/Pyrimidine,Unsolved
168450082,rs1426806,AA,TT,TT,88,64,54,NC_000003.12,Mutation NB - Paternal Origin,Transversion - Purine/Pyrimidine,A>T
168450084,rs1426805,AA,GG,GG,88,64,54,NC_000003.12,Mutation NB - Paternal Origin,Transition - Purine/Purine,A>G
169921533,rs1990804,GG,GG,CG,85,70,99,NC_000003.12,Mutation NB - Maternal Origin,Transition - Purine/Purine,Transversion - Purine/Pyrimidine,Unsolved
170496481,rs13092604,TT,CC,TT,82,76,9,NC_000003.12,Mutation NB - Maternal Origin,Transition - Pyrimidine/Pyrimidine,C>T
172617196,rs407808,TC,CC,TT,1,88,0,NC_000003.12,Mutation NB - Maternal Origin,Transversion - Purine/Pyrimidine,C>T
173144622,rs13317854,CC,AA,CC,85,58,0,NC_000003.12,Mutation NB - Maternal Origin,Transversion - Purine/Pyrimidine,A>C
173144634,rs75330391,AA,GG,AA,85,58,0,NC_000003.12,Mutation NB - Maternal Origin,Transition - Purine/Purine,G>A
174498729,rs73040509,AA,AA,AG,88,70,68,NC_000003.12,Mutation NB - Maternal Origin,Transition - Purine/Purine,Unsolved
177271719,rs9883512,TT,CC,CC,85,58,54,NC_000003.12,Mutation NB - Paternal Origin,Transition - Pyrimidine/Pyrimidine,T>C
177271765,rs12498117,GG,GG,GA,85,64,99,NC_000003.12,Mutation NB - Maternal Origin,Transition - Purine/Purine,Unsolved
183028420,rs34822404,CC,CC,CT,91,91,68,NC_000003.12,Mutation NB - Paternal or Maternal,Transition - Pyrimidine/Pyrimidine,Unsolved
183101261,rs6443851,AA,GG,AA,91,85,0,NC_000003.12,Mutation NB - Maternal Origin,Transition - Purine/Purine,G>A
183144894,rs537814,GA,AA,GG,47,85,0,NC_000003.12,Mutation NB - Maternal Origin,Transition - Purine/Purine,A>G
184656340,rs58765349,GG,GA,AA,85,5,5,NC_000003.12,Mutation NB - Paternal Origin,Transition - Purine/Purine,G>A
187643544,.,AA,AA,AG,79,70,67,NC_000003.12,Mutation NB - Maternal Origin,Transition - Purine/Purine,Unsolved
217684,.,AA,AA,AG,82,70,53,NC_000004.12,Mutation NB - Maternal Origin,Transition - Purine/Purine,Unsolved
505650,rs57099085,AA,TT,TT,95,73,63,NC_000004.12,Mutation NB - Paternal Origin,Transversion - Purine/Pyrimidine,A>T
774653,rs7683551,TT,TT,TC,100,64,17,NC_000004.12,Mutation NB - Maternal Origin,Transition - Pyrimidine/Pyrimidine,Unsolved
867709,rs73207789,GG,GG,GA,88,91,95,NC_000004.12,Mutation NB - Paternal Origin,Transition - Purine/Purine,Unsolved
1015915,rs116709547,GG,GG,GT,100,61,99,NC_000004.12,Mutation NB - Maternal Origin,Transversion - Purine/Pyrimidine,Unsolved
1228775,rs1732110,TT,CC,CC,100,82,21,NC_000004.12,Mutation NB - Paternal Origin,Transition - Pyrimidine/Pyrimidine,T>C
1744502,rs2290011,GT,TT,GG,41,64,0,NC_000004.12,Mutation NB - Maternal Origin,Transversion - Purine/Pyrimidine,T>G
1796629,rs3135854,GC,GG,CC,73,82,12,NC_000004.12,Mutation NB - Maternal Origin,Transversion - Purine/Pyrimidine,G>C
2835490,rs146752554,TT,TT,TC,76,100,81,NC_000004.12,Mutation NB - Paternal Origin,Transition - Pyrimidine/Pyrimidine,Unsolved
3268761,rs2798221,TT,TC,CC,91,53,21,NC_000004.12,Mutation NB - Paternal Origin,Transition - Pyrimidine/Pyrimidine,T>C
3661855,rs59070560,TT,CC,CC,82,76,0,NC_000004.12,Mutation NB - Paternal Origin,Transition - Pyrimidine/Pyrimidine,T>C
3822525,rs28419502,TT,AA,TT,49,88,15,NC_000004.12,Mutation NB - Maternal Origin,Transversion - Purine/Pyrimidine,A>T
3822543,rs28405916,GG,TT,GG,49,88,15,NC_000004.12,Mutation NB - Maternal Origin,Transition - Purine/Purine,Transversion - Purine/Pyrimidine,T>G
4243834,rs2980104,TT,TT,TC,100,88,65,NC_000004.12,Mutation NB - Maternal Origin,Transition - Pyrimidine/Pyrimidine,Unsolved
5202515,rs1722232731,TT,TT,TC,67,49,62,NC_000004.12,Mutation NB - Maternal Origin,Transition - Pyrimidine/Pyrimidine,Unsolved
5390310,rs1469170480,TT,TT,TC,64,43,50,NC_000004.12,Mutation NB - Maternal Origin,Transition - Pyrimidine/Pyrimidine,Unsolved
6030391,rs62284774,CC,TT,CC,85,82,12,NC_000004.12,Mutation NB - Maternal Origin,Transition - Pyrimidine/Pyrimidine,T>C
6291969,rs1801213,CC,CC,CG,100,91,20,NC_000004.12,Mutation NB - Maternal Origin,Transversion - Purine/Pyrimidine,Unsolved
6677339,rs1417960066,TT,TT,TC,67,61,50,NC_000004.12,Mutation NB - Maternal Origin,Transition - Pyrimidine/Pyrimidine,Unsolved
7000055,rs112663254,AA,GG,GG,88,85,27,NC_000004.12,Mutation NB - Paternal Origin,Transition - Purine/Purine,A>G
7324451,rs4689106,TT,CC,CC,73,70,18,NC_000004.12,Mutation NB - Paternal Origin,Transition - Pyrimidine/Pyrimidine,T>C
7485176,rs28685600,GG,GG,GT,91,52,27,NC_000004.12,Mutation NB - Maternal Origin,Transversion - Purine/Pyrimidine,Unsolved
7665880,.,TT,TT,TC,85,70,62,NC_000004.12,Mutation NB - Maternal Origin,Transition - Pyrimidine/Pyrimidine,Unsolved
7811317,rs56264326,AA,TT,AA,79,80,21,NC_000004.12,Mutation NB - Maternal Origin,Transversion - Purine/Pyrimidine,T>A
8240489,rs2291071,GG,GG,AA,85,85,12,NC_000004.12,Mutation NB - Paternal or Maternal,Transition - Purine/Purine,Unsolved
8268071,rs79635807,CC,CC,CT,100,90,99,NC_000004.12,Mutation NB - Maternal Origin,Transition - Pyrimidine/Pyrimidine,Unsolved
8496466,rs2631761,GG,TT,TT,76,67,0,NC_000004.12,Mutation NB - Paternal Origin,Transversion - Purine/Pyrimidine,G>T
8560726,rs1043401242,GG,AA,GG,52,82,0,NC_000004.12,Mutation NB - Maternal Origin,Transition - Purine/Purine,A>G
11738638,rs10939368,CC,TT,TT,100,91,9,NC_000004.12,Mutation NB - Paternal Origin,Transition - Pyrimidine/Pyrimidine,C>T
13159164,rs10017077,TT,TT,TC,88,100,99,NC_000004.12,Mutation NB - Paternal Origin,Transition - Pyrimidine/Pyrimidine,Unsolved
15786061,rs6449186,CC,GG,GG,67,61,0,NC_000004.12,Mutation NB - Paternal Origin,Transversion - Purine/Pyrimidine,C>G
17436102,rs146028853,AA,GG,GG,85,49,27,NC_000004.12,Mutation NB - Paternal Origin,Transition - Purine/Purine,A>G
17446670,rs2697696,CC,TT,TT,61,82,9,NC_000004.12,Mutation NB - Paternal Origin,Transition - Pyrimidine/Pyrimidine,C>T
18005535,.,AA,AA,AG,85,76,41,NC_000004.12,Mutation NB - Maternal Origin,Transition - Purine/Purine,Unsolved
18158630,rs2174221,GG,GG,GC,100,100,57,NC_000004.12,Mutation NB - Paternal or Maternal,Transition - Purine/Purine,Transversion - Purine/Pyrimidine,Unsolved
20782354,rs12647834,GG,GG,GT,100,82,21,NC_000004.12,Mutation NB - Maternal Origin,Transversion - Purine/Pyrimidine,Unsolved
22855702,rs34794035,GA,AA,GG,1,70,0,NC_000004.12,Mutation NB - Maternal Origin,Transition - Purine/Purine,A>G
23851093,.,GG,GG,GA,76,64,47,NC_000004.12,Mutation NB - Maternal Origin,Transition - Purine/Purine,Unsolved
25246789,rs313560,CC,CT,TT,100,1,15,NC_000004.12,Mutation NB - Paternal Origin,Transition - Pyrimidine/Pyrimidine,C>T
32625819,.,TT,TT,TC,76,79,56,NC_000004.12,Mutation NB - Paternal Origin,Transition - Pyrimidine/Pyrimidine,Unsolved
38106776,rs6839424,GA,GG,AA,3,100,18,NC_000004.12,Mutation NB - Maternal Origin,Transition - Purine/Purine,G>A
39328676,rs6531712,AT,TT,AA,35,61,0,NC_000004.12,Mutation NB - Maternal Origin,Transversion - Purine/Pyrimidine,T>A
40335891,rs10022491,TT,CC,CC,91,70,33,NC_000004.12,Mutation NB - Paternal Origin,Transition - Pyrimidine/Pyrimidine,T>C
40641878,rs4861294,AA,CC,AA,91,85,0,NC_000004.12,Mutation NB - Maternal Origin,Transversion - Purine/Pyrimidine,C>A
42253406,.,TT,TT,TC,88,76,42,NC_000004.12,Mutation NB - Maternal Origin,Transition - Pyrimidine/Pyrimidine,Unsolved
43841359,.,GG,GG,GA,88,76,52,NC_000004.12,Mutation NB - Maternal Origin,Transition - Purine/Purine,Unsolved
43846407,rs2613142,GG,AA,AA,79,58,9,NC_000004.12,Mutation NB - Paternal Origin,Transition - Purine/Purine,G>A
45048520,rs56300741,TT,TT,TC,91,100,99,NC_000004.12,Mutation NB - Paternal Origin,Transition - Pyrimidine/Pyrimidine,Unsolved
48047637,rs906487,TT,TT,TC,100,67,95,NC_000004.12,Mutation NB - Maternal Origin,Transition - Pyrimidine/Pyrimidine,Unsolved
51943037,rs1316498,AA,TT,TT,91,79,0,NC_000004.12,Mutation NB - Paternal Origin,Transversion - Purine/Pyrimidine,A>T
52409737,rs1209661762,GG,GG,GA,82,88,56,NC_000004.12,Mutation NB - Paternal Origin,Transition - Purine/Purine,Unsolved
56620060,rs55837726,GG,GG,GT,100,88,68,NC_000004.12,Mutation NB - Maternal Origin,Transversion - Purine/Pyrimidine,Unsolved
59091359,rs11943412,GG,AA,GG,82,88,9,NC_000004.12,Mutation NB - Maternal Origin,Transition - Purine/Purine,A>G
59091428,rs11943457,GG,AA,GG,85,85,9,NC_000004.12,Mutation NB - Maternal Origin,Transition - Purine/Purine,A>G
62096588,rs935573789,GG,GG,GA,100,56,99,NC_000004.12,Mutation NB - Maternal Origin,Transition - Purine/Purine,Unsolved
62096594,rs1054079956,GG,GG,GA,80,100,99,NC_000004.12,Mutation NB - Paternal Origin,Transition - Purine/Purine,Unsolved
63478494,rs6810749,GG,CC,GG,67,82,24,NC_000004.12,Mutation NB - Maternal Origin,Transversion - Purine/Pyrimidine,C>G
66068263,rs72639041,GG,GG,GT,88,70,99,NC_000004.12,Mutation NB - Maternal Origin,Transversion - Purine/Pyrimidine,Unsolved
67141177,rs6818650,GA,GG,AA,1,88,18,NC_000004.12,Mutation NB - Maternal Origin,Transition - Purine/Purine,G>A
70591992,rs187405225,AA,AA,AC,100,31,99,NC_000004.12,Mutation NB - Maternal Origin,Transversion - Purine/Pyrimidine,Unsolved
72211636,rs1113024,TT,AA,AA,79,79,0,NC_000004.12,Mutation NB - Paternal Origin,Transversion - Purine/Pyrimidine,T>A
72215544,rs1513893,GG,AA,AA,85,73,0,NC_000004.12,Mutation NB - Paternal Origin,Transition - Purine/Purine,G>A
72680017,rs12647530,GG,GG,GC,73,100,62,NC_000004.12,Mutation NB - Paternal Origin,Transition - Purine/Purine,Transversion - Purine/Pyrimidine,Unsolved
73544520,rs11728915,AA,GG,AA,88,100,12,NC_000004.12,Mutation NB - Maternal Origin,Transition - Purine/Purine,G>A
73712174,rs1728577933,AA,AA,AG,88,91,65,NC_000004.12,Mutation NB - Paternal Origin,Transition - Purine/Purine,Unsolved
75312604,rs6853774,CC,TT,TT,88,100,0,NC_000004.12,Mutation NB - Paternal Origin,Transition - Pyrimidine/Pyrimidine,C>T
77326976,rs6837477,GG,GG,AG,91,85,99,NC_000004.12,Mutation NB - Maternal Origin,Transition - Purine/Purine,Unsolved
78057258,rs28433362,CC,TT,TT,85,100,0,NC_000004.12,Mutation NB - Paternal Origin,Transition - Pyrimidine/Pyrimidine,C>T
80303003,rs6830225,GG,CC,CC,91,82,36,NC_000004.12,Mutation NB - Paternal Origin,Transversion - Purine/Pyrimidine,G>C
82458673,rs11929894,TT,CC,CC,67,40,6,NC_000004.12,Mutation NB - Paternal Origin,Transition - Pyrimidine/Pyrimidine,T>C
83241362,rs4290885,AG,GG,AA,39,88,0,NC_000004.12,Mutation NB - Maternal Origin,Transition - Purine/Purine,G>A
85852958,rs11097078,CC,TT,CC,85,88,0,NC_000004.12,Mutation NB - Maternal Origin,Transition - Pyrimidine/Pyrimidine,T>C
87200161,rs112878085,AA,AA,GA,91,83,17,NC_000004.12,Mutation NB - Maternal Origin,Transition - Purine/Purine,Unsolved
87942079,rs10008869,GG,GC,CC,76,73,9,NC_000004.12,Mutation NB - Paternal Origin,Transversion - Purine/Pyrimidine,G>C
91701914,rs7694831,AA,GA,GG,91,1,12,NC_000004.12,Mutation NB - Paternal Origin,Transition - Purine/Purine,A>G
91845564,.,CC,CC,CA,91,88,48,NC_000004.12,Mutation NB - Maternal Origin,Transversion - Purine/Pyrimidine,Unsolved
93786307,rs56787924,GG,AA,AA,88,88,21,NC_000004.12,Mutation NB - Paternal Origin,Transition - Purine/Purine,G>A
96398090,rs11732132,GG,GG,CC,88,76,15,NC_000004.12,Mutation NB - Maternal Origin,Transversion - Purine/Pyrimidine,Unsolved
96743516,rs28476777,CC,TT,CC,85,70,0,NC_000004.12,Mutation NB - Maternal Origin,Transition - Pyrimidine/Pyrimidine,T>C
104344622,rs1034671,CC,TC,TT,67,1,9,NC_000004.12,Mutation NB - Paternal Origin,Transition - Pyrimidine/Pyrimidine,C>T
105991868,.,AA,AA,AG,76,70,47,NC_000004.12,Mutation NB - Maternal Origin,Transition - Purine/Purine,Unsolved
106651911,.,TT,TT,TC,86,73,58,NC_000004.12,Mutation NB - Maternal Origin,Transition - Pyrimidine/Pyrimidine,Unsolved
108298809,rs7662497,GA,GG,AA,32,100,18,NC_000004.12,Mutation NB - Maternal Origin,Transition - Purine/Purine,G>A
112698841,rs10000519,GA,GG,AA,41,100,12,NC_000004.12,Mutation NB - Maternal Origin,Transition - Purine/Purine,G>A
115489284,rs9996982,CC,CT,TT,100,1,21,NC_000004.12,Mutation NB - Paternal Origin,Transition - Pyrimidine/Pyrimidine,C>T
116705803,rs6817414,GG,AG,AA,82,1,0,NC_000004.12,Mutation NB - Paternal Origin,Transition - Purine/Purine,G>A
116705823,rs6843378,CC,TC,TT,82,1,0,NC_000004.12,Mutation NB - Paternal Origin,Transition - Pyrimidine/Pyrimidine,C>T
116705830,rs6818063,AA,GA,GG,82,1,0,NC_000004.12,Mutation NB - Paternal Origin,Transition - Purine/Purine,A>G
117626145,rs1304736,CC,CC,CT,76,70,99,NC_000004.12,Mutation NB - Maternal Origin,Transition - Pyrimidine/Pyrimidine,Unsolved
121468254,rs2102646,AA,CC,AA,91,91,9,NC_000004.12,Mutation NB - Maternal Origin,Transversion - Purine/Pyrimidine,C>A
124014543,rs1850753,GG,TT,TT,88,79,12,NC_000004.12,Mutation NB - Paternal Origin,Transversion - Purine/Pyrimidine,G>T
130052017,.,TT,TT,TG,82,70,61,NC_000004.12,Mutation NB - Maternal Origin,Transition - Pyrimidine/Pyrimidine,Transversion - Purine/Pyrimidine,Unsolved
130091204,rs13116547,CG,GG,CC,1,85,0,NC_000004.12,Mutation NB - Maternal Origin,Transversion - Purine/Pyrimidine,G>C
136848220,rs4453988,GG,AA,GG,75,100,16,NC_000004.12,Mutation NB - Maternal Origin,Transition - Purine/Purine,A>G
140788187,rs28851236,CC,CC,CT,91,79,73,NC_000004.12,Mutation NB - Maternal Origin,Transition - Pyrimidine/Pyrimidine,Unsolved
147273805,rs6537464,TC,CC,TT,1,73,18,NC_000004.12,Mutation NB - Maternal Origin,Transversion - Purine/Pyrimidine,C>T
147834376,rs13129747,CC,CC,CT,91,88,33,NC_000004.12,Mutation NB - Maternal Origin,Transition - Pyrimidine/Pyrimidine,Unsolved
151688137,rs7669465,TT,TT,CC,91,85,24,NC_000004.12,Mutation NB - Maternal Origin,Transition - Pyrimidine/Pyrimidine,Unsolved
151688152,rs7669761,AA,AA,GG,91,85,24,NC_000004.12,Mutation NB - Maternal Origin,Transition - Purine/Purine,Unsolved
152048717,rs56114278,TT,AA,AA,91,73,0,NC_000004.12,Mutation NB - Paternal Origin,Transversion - Purine/Pyrimidine,T>A
152066292,rs9997649,TT,TT,TC,100,88,33,NC_000004.12,Mutation NB - Maternal Origin,Transition - Pyrimidine/Pyrimidine,Unsolved
154852610,rs7689249,CC,GG,GG,100,82,36,NC_000004.12,Mutation NB - Paternal Origin,Transversion - Purine/Pyrimidine,C>G
155338258,rs7655819,AA,GG,AA,91,76,9,NC_000004.12,Mutation NB - Maternal Origin,Transition - Purine/Purine,G>A
159878289,rs13141466,GG,AA,GG,100,88,0,NC_000004.12,Mutation NB - Maternal Origin,Transition - Purine/Purine,A>G
161202374,.,TT,TT,TC,73,40,55,NC_000004.12,Mutation NB - Maternal Origin,Transition - Pyrimidine/Pyrimidine,Unsolved
164478864,rs1394807,TT,GG,TT,88,91,24,NC_000004.12,Mutation NB - Maternal Origin,Transversion - Purine/Pyrimidine,G>T
165049745,rs1519011,AT,TT,AA,1,67,15,NC_000004.12,Mutation NB - Maternal Origin,Transversion - Purine/Pyrimidine,T>A
168756140,rs10028395,CC,TT,TT,88,88,12,NC_000004.12,Mutation NB - Paternal Origin,Transition - Pyrimidine/Pyrimidine,C>T
173293919,.,AA,AA,AG,73,64,62,NC_000004.12,Mutation NB - Maternal Origin,Transition - Purine/Purine,Unsolved
174547773,rs76909807,CT,TT,CC,1,55,0,NC_000004.12,Mutation NB - Maternal Origin,Transition - Pyrimidine/Pyrimidine,T>C
175923525,rs2877908,GG,TT,TT,91,88,9,NC_000004.12,Mutation NB - Paternal Origin,Transversion - Purine/Pyrimidine,G>T
178268649,rs183863334,CC,AA,AA,88,85,12,NC_000004.12,Mutation NB - Paternal Origin,Transversion - Purine/Pyrimidine,C>A
178977013,rs13102434,TT,CC,TT,91,88,0,NC_000004.12,Mutation NB - Maternal Origin,Transition - Pyrimidine/Pyrimidine,C>T
184152170,rs28496970,GG,CC,CC,85,79,0,NC_000004.12,Mutation NB - Paternal Origin,Transversion - Purine/Pyrimidine,G>C
184152174,rs62340150,AA,GG,GG,85,79,0,NC_000004.12,Mutation NB - Paternal Origin,Transition - Purine/Purine,A>G
184448912,rs3775574,GG,AA,GG,76,70,0,NC_000004.12,Mutation NB - Maternal Origin,Transition - Purine/Purine,A>G
185980734,rs6811165,AA,AA,TA,88,61,24,NC_000004.12,Mutation NB - Maternal Origin,Transversion - Purine/Pyrimidine,Unsolved
186859689,rs322409,CC,AA,CC,100,79,9,NC_000004.12,Mutation NB - Maternal Origin,Transversion - Purine/Pyrimidine,A>C
13329,rs28472500,GG,CG,CC,82,1,0,NC_000005.10,Mutation NB - Paternal Origin,Transversion - Purine/Pyrimidine,G>C
458069,rs75958901,AA,AA,AG,88,67,68,NC_000005.10,Mutation NB - Maternal Origin,Transition - Purine/Purine,Unsolved
758056,rs11134231,AA,AA,AT,61,58,99,NC_000005.10,Mutation NB - Maternal Origin,Transversion - Purine/Pyrimidine,Unsolved
1205006,rs114401145,GG,GG,GA,100,82,62,NC_000005.10,Mutation NB - Maternal Origin,Transition - Purine/Purine,Unsolved
1621632,rs1252009124,AA,AA,AC,100,67,99,NC_000005.10,Mutation NB - Maternal Origin,Transversion - Purine/Pyrimidine,Unsolved
1852126,rs151244234,TT,CC,CC,91,76,15,NC_000005.10,Mutation NB - Paternal Origin,Transition - Pyrimidine/Pyrimidine,T>C
2193548,rs6861764,CT,TT,CC,1,76,0,NC_000005.10,Mutation NB - Maternal Origin,Transition - Pyrimidine/Pyrimidine,T>C
2523256,rs10063004,TC,TT,CC,29,70,21,NC_000005.10,Mutation NB - Maternal Origin,Transition - Pyrimidine/Pyrimidine,T>C
3269824,rs16871560,CC,TT,TT,73,70,9,NC_000005.10,Mutation NB - Paternal Origin,Transition - Pyrimidine/Pyrimidine,C>T
3639484,rs58962124,GT,TT,GG,25,91,0,NC_000005.10,Mutation NB - Maternal Origin,Transversion - Purine/Pyrimidine,T>G
3639503,rs10474772,CT,TT,CC,22,91,0,NC_000005.10,Mutation NB - Maternal Origin,Transition - Pyrimidine/Pyrimidine,T>C
3657875,rs28608637,GG,AA,AA,91,85,24,NC_000005.10,Mutation NB - Paternal Origin,Transition - Purine/Purine,G>A
4230396,rs28593043,AA,GG,GG,82,64,0,NC_000005.10,Mutation NB - Paternal Origin,Transition - Purine/Purine,A>G
4412872,rs12189276,CC,TT,TT,79,49,0,NC_000005.10,Mutation NB - Paternal Origin,Transition - Pyrimidine/Pyrimidine,C>T
4679446,rs4235620,GA,AA,GG,32,64,42,NC_000005.10,Mutation NB - Maternal Origin,Transition - Purine/Purine,A>G
5229373,rs2399736,CC,GG,CC,64,82,0,NC_000005.10,Mutation NB - Maternal Origin,Transversion - Purine/Pyrimidine,G>C
5229375,rs62338167,GG,GG,GA,100,82,56,NC_000005.10,Mutation NB - Maternal Origin,Transition - Purine/Purine,Unsolved
5533791,rs1406815170,AA,AA,AG,88,76,47,NC_000005.10,Mutation NB - Maternal Origin,Transition - Purine/Purine,Unsolved
7243868,rs4537030,TT,GG,GG,100,61,27,NC_000005.10,Mutation NB - Paternal Origin,Transversion - Purine/Pyrimidine,T>G
8663871,rs200086,GG,GG,GA,100,88,95,NC_000005.10,Mutation NB - Maternal Origin,Transition - Purine/Purine,Unsolved
9176319,rs10044766,CC,CC,CT,100,82,99,NC_000005.10,Mutation NB - Maternal Origin,Transition - Pyrimidine/Pyrimidine,Unsolved
10636039,rs900531,GG,AA,GG,88,79,0,NC_000005.10,Mutation NB - Maternal Origin,Transition - Purine/Purine,A>G
10637759,rs11748573,AA,GG,AA,91,85,0,NC_000005.10,Mutation NB - Maternal Origin,Transition - Purine/Purine,G>A
11808994,rs10063947,GG,AG,AA,61,1,9,NC_000005.10,Mutation NB - Paternal Origin,Transition - Purine/Purine,G>A
11809004,rs35647514,AA,AG,GG,61,1,9,NC_000005.10,Mutation NB - Paternal Origin,Transition - Purine/Purine,A>G
13030346,rs112720547,TT,CC,CC,100,88,12,NC_000005.10,Mutation NB - Paternal Origin,Transition - Pyrimidine/Pyrimidine,T>C
13996852,rs182896,AA,AG,GG,100,6,9,NC_000005.10,Mutation NB - Paternal Origin,Transition - Purine/Purine,A>G
14082602,rs35145484,AA,AA,AG,85,85,99,NC_000005.10,Mutation NB - Paternal or Maternal,Transition - Purine/Purine,Unsolved
14903344,rs925493543,GG,GG,GA,85,52,59,NC_000005.10,Mutation NB - Maternal Origin,Transition - Purine/Purine,Unsolved
16293923,rs2582667,AA,CC,CC,91,91,9,NC_000005.10,Mutation NB - Paternal Origin,Transversion - Purine/Pyrimidine,A>C
26227461,rs10077797,CC,CT,TT,100,85,18,NC_000005.10,Mutation NB - Paternal Origin,Transition - Pyrimidine/Pyrimidine,C>T
26324787,.,AA,AA,AG,82,49,50,NC_000005.10,Mutation NB - Maternal Origin,Transition - Purine/Purine,Unsolved
31711650,rs377181,GA,AA,GG,1,73,0,NC_000005.10,Mutation NB - Maternal Origin,Transition - Purine/Purine,A>G
31711766,rs378213,GA,AA,GG,1,67,0,NC_000005.10,Mutation NB - Maternal Origin,Transition - Purine/Purine,A>G
33603305,rs9292501,GA,AA,GG,35,73,0,NC_000005.10,Mutation NB - Maternal Origin,Transition - Purine/Purine,A>G
34657804,.,CC,CC,CT,70,91,53,NC_000005.10,Mutation NB - Paternal Origin,Transition - Pyrimidine/Pyrimidine,Unsolved
36072023,rs6896401,AA,GG,GG,85,79,0,NC_000005.10,Mutation NB - Paternal Origin,Transition - Purine/Purine,A>G
36283786,rs371757237,AT,AA,TT,67,91,12,NC_000005.10,Mutation NB - Maternal Origin,Transversion - Purine/Pyrimidine,A>T
39209924,rs260085,TT,AA,AA,88,82,24,NC_000005.10,Mutation NB - Paternal Origin,Transversion - Purine/Pyrimidine,T>A
41670684,rs76751541,GG,GA,AA,76,32,9,NC_000005.10,Mutation NB - Paternal Origin,Transition - Purine/Purine,G>A
42591695,rs62371988,TT,TC,CC,100,8,12,NC_000005.10,Mutation NB - Paternal Origin,Transition - Pyrimidine/Pyrimidine,T>C
44986087,rs111778497,AA,AG,GG,82,1,39,NC_000005.10,Mutation NB - Paternal Origin,Transition - Purine/Purine,A>G
52113684,rs10940230,CC,TT,TT,82,73,21,NC_000005.10,Mutation NB - Paternal Origin,Transition - Pyrimidine/Pyrimidine,C>T
54309398,rs1228428883,AA,AA,AG,88,76,62,NC_000005.10,Mutation NB - Maternal Origin,Transition - Purine/Purine,Unsolved
54648507,rs7704197,AA,GG,GG,100,70,21,NC_000005.10,Mutation NB - Paternal Origin,Transition - Purine/Purine,A>G
54903940,rs17442888,AA,GG,AA,58,28,0,NC_000005.10,Mutation NB - Maternal Origin,Transition - Purine/Purine,G>A
63132729,rs350301,CC,TT,CC,85,100,21,NC_000005.10,Mutation NB - Maternal Origin,Transition - Pyrimidine/Pyrimidine,T>C
65852425,rs13161201,GG,AA,AA,100,88,12,NC_000005.10,Mutation NB - Paternal Origin,Transition - Purine/Purine,G>A
66805594,rs713303,TT,TT,TC,100,91,98,NC_000005.10,Mutation NB - Maternal Origin,Transition - Pyrimidine/Pyrimidine,Unsolved
66970398,rs73768765,AA,GG,GG,88,79,15,NC_000005.10,Mutation NB - Paternal Origin,Transition - Purine/Purine,A>G
73197439,rs7702108,GG,AA,AA,88,49,9,NC_000005.10,Mutation NB - Paternal Origin,Transition - Purine/Purine,G>A
74096898,rs72774502,AA,CC,AA,82,76,24,NC_000005.10,Mutation NB - Maternal Origin,Transversion - Purine/Pyrimidine,C>A
75186081,rs10039054,GG,GA,AA,91,1,9,NC_000005.10,Mutation NB - Paternal Origin,Transition - Purine/Purine,G>A
76268356,rs2937720,GG,AG,AA,61,1,30,NC_000005.10,Mutation NB - Paternal Origin,Transition - Purine/Purine,G>A
77056035,rs1747451194,AA,AA,AG,85,52,41,NC_000005.10,Mutation NB - Maternal Origin,Transition - Purine/Purine,Unsolved
79795633,.,AA,AA,AG,85,70,51,NC_000005.10,Mutation NB - Maternal Origin,Transition - Purine/Purine,Unsolved
80288906,.,TT,TT,TC,76,64,52,NC_000005.10,Mutation NB - Maternal Origin,Transition - Pyrimidine/Pyrimidine,Unsolved
80668775,rs1677646,CC,TC,TT,79,2,0,NC_000005.10,Mutation NB - Paternal Origin,Transition - Pyrimidine/Pyrimidine,C>T
94738873,rs1764875619,AA,AA,AG,73,73,53,NC_000005.10,Mutation NB - Paternal or Maternal,Transition - Purine/Purine,Unsolved
95669875,.,AA,AA,AG,58,73,50,NC_000005.10,Mutation NB - Paternal Origin,Transition - Purine/Purine,Unsolved
95851444,rs10069749,AA,AA,AC,88,79,99,NC_000005.10,Mutation NB - Maternal Origin,Transversion - Purine/Pyrimidine,Unsolved
97306313,rs2463784,TC,CC,TT,35,64,0,NC_000005.10,Mutation NB - Maternal Origin,Transversion - Purine/Pyrimidine,C>T
107868784,rs10040850,TT,TC,CC,76,1,15,NC_000005.10,Mutation NB - Paternal Origin,Transition - Pyrimidine/Pyrimidine,T>C
109449410,rs2963041,TT,CT,CC,91,85,15,NC_000005.10,Mutation NB - Paternal Origin,Transition - Pyrimidine/Pyrimidine,T>C
113897663,rs731603,AA,GA,GG,91,32,0,NC_000005.10,Mutation NB - Paternal Origin,Transition - Purine/Purine,A>G
114121470,rs61684041,CC,CT,TT,88,67,18,NC_000005.10,Mutation NB - Paternal Origin,Transition - Pyrimidine/Pyrimidine,C>T
115201348,rs265415,AA,TT,AA,91,88,0,NC_000005.10,Mutation NB - Maternal Origin,Transversion - Purine/Pyrimidine,T>A
115369482,rs62370806,CC,CC,CT,100,52,68,NC_000005.10,Mutation NB - Maternal Origin,Transition - Pyrimidine/Pyrimidine,Unsolved
118723272,rs13185039,CC,TT,TT,79,76,33,NC_000005.10,Mutation NB - Paternal Origin,Transition - Pyrimidine/Pyrimidine,C>T
121660680,rs6865324,GG,AA,AA,85,91,2,NC_000005.10,Mutation NB - Paternal Origin,Transition - Purine/Purine,G>A
122636099,rs4836100,TT,CC,TT,91,73,0,NC_000005.10,Mutation NB - Maternal Origin,Transition - Pyrimidine/Pyrimidine,C>T
123636679,.,TT,TT,TC,85,64,33,NC_000005.10,Mutation NB - Maternal Origin,Transition - Pyrimidine/Pyrimidine,Unsolved
124545962,rs7731218,AA,AC,CC,100,35,9,NC_000005.10,Mutation NB - Paternal Origin,Transversion - Purine/Pyrimidine,A>C
125198421,rs920387,TT,CC,TT,88,82,9,NC_000005.10,Mutation NB - Maternal Origin,Transition - Pyrimidine/Pyrimidine,C>T
127183083,rs248106,GC,CC,GG,47,85,9,NC_000005.10,Mutation NB - Maternal Origin,Transversion - Purine/Pyrimidine,C>G
127852626,rs151882,GC,CC,GG,25,76,0,NC_000005.10,Mutation NB - Maternal Origin,Transversion - Purine/Pyrimidine,C>G
132157682,rs75624804,AA,AA,AG,85,100,99,NC_000005.10,Mutation NB - Paternal Origin,Transition - Purine/Purine,Unsolved
133696341,rs60036598,TT,TC,CC,100,1,9,NC_000005.10,Mutation NB - Paternal Origin,Transition - Pyrimidine/Pyrimidine,T>C
134105689,rs551854250,AA,CC,CC,91,79,12,NC_000005.10,Mutation NB - Paternal Origin,Transversion - Purine/Pyrimidine,A>C
135535750,rs8192558,AA,AC,CC,100,1,30,NC_000005.10,Mutation NB - Paternal Origin,Transversion - Purine/Pyrimidine,A>C
139104112,rs1368374,GG,GG,GA,100,82,99,NC_000005.10,Mutation NB - Maternal Origin,Transition - Purine/Purine,Unsolved
141389884,.,AA,AA,AG,79,61,47,NC_000005.10,Mutation NB - Maternal Origin,Transition - Purine/Purine,Unsolved
141741789,.,AA,AA,AT,52,49,50,NC_000005.10,Mutation NB - Maternal Origin,Transversion - Purine/Pyrimidine,Unsolved
149207990,rs2918285,TT,TT,TC,100,88,99,NC_000005.10,Mutation NB - Maternal Origin,Transition - Pyrimidine/Pyrimidine,Unsolved
149591420,rs1457700,AA,AA,AG,100,58,90,NC_000005.10,Mutation NB - Maternal Origin,Transition - Purine/Purine,Unsolved
150077248,rs3829987,GG,GG,GA,100,46,31,NC_000005.10,Mutation NB - Maternal Origin,Transition - Purine/Purine,Unsolved
151151118,rs1862362,GG,AG,AA,91,1,15,NC_000005.10,Mutation NB - Paternal Origin,Transition - Purine/Purine,G>A
154416978,rs1450165338,CC,CC,CT,76,61,44,NC_000005.10,Mutation NB - Maternal Origin,Transition - Pyrimidine/Pyrimidine,Unsolved
155881617,.,AA,AA,AG,91,88,68,NC_000005.10,Mutation NB - Maternal Origin,Transition - Purine/Purine,Unsolved
155886905,rs112157476,CC,TT,TT,91,73,27,NC_000005.10,Mutation NB - Paternal Origin,Transition - Pyrimidine/Pyrimidine,C>T
157461119,.,TT,TT,TC,82,61,71,NC_000005.10,Mutation NB - Maternal Origin,Transition - Pyrimidine/Pyrimidine,Unsolved
166705237,.,CC,CC,CT,91,76,65,NC_000005.10,Mutation NB - Maternal Origin,Transition - Pyrimidine/Pyrimidine,Unsolved
168412603,rs1056043,TT,TT,CC,100,85,18,NC_000005.10,Mutation NB - Maternal Origin,Transition - Pyrimidine/Pyrimidine,Unsolved
168461626,rs10040267,GG,AA,GG,85,73,0,NC_000005.10,Mutation NB - Maternal Origin,Transition - Purine/Purine,A>G
169341946,rs7706761,CC,AA,CC,91,100,9,NC_000005.10,Mutation NB - Maternal Origin,Transversion - Purine/Pyrimidine,A>C
169881739,.,TT,TT,TC,79,82,44,NC_000005.10,Mutation NB - Paternal Origin,Transition - Pyrimidine/Pyrimidine,Unsolved
170007562,rs79368497,CC,CC,CT,100,82,99,NC_000005.10,Mutation NB - Maternal Origin,Transition - Pyrimidine/Pyrimidine,Unsolved
170190564,.,GG,GG,GA,82,76,50,NC_000005.10,Mutation NB - Maternal Origin,Transition - Purine/Purine,Unsolved
170393499,rs10042648,TT,TT,TC,100,70,99,NC_000005.10,Mutation NB - Maternal Origin,Transition - Pyrimidine/Pyrimidine,Unsolved
170562875,rs13155413,CC,AA,CC,100,91,21,NC_000005.10,Mutation NB - Maternal Origin,Transversion - Purine/Pyrimidine,A>C
170668972,rs116087826,GT,GG,TT,1,76,12,NC_000005.10,Mutation NB - Maternal Origin,Transversion - Purine/Pyrimidine,G>T
172725057,rs60559942,GG,GG,GA,100,76,59,NC_000005.10,Mutation NB - Maternal Origin,Transition - Purine/Purine,Unsolved
172921473,rs142241086,CG,CC,GG,15,85,21,NC_000005.10,Mutation NB - Maternal Origin,Transversion - Purine/Pyrimidine,C>G
173345952,rs13154786,CC,CT,TT,100,1,18,NC_000005.10,Mutation NB - Paternal Origin,Transition - Pyrimidine/Pyrimidine,C>T
174068132,rs67489925,AA,AA,AC,85,73,71,NC_000005.10,Mutation NB - Maternal Origin,Transversion - Purine/Pyrimidine,Unsolved
174293618,rs11134834,GG,AA,AA,100,76,36,NC_000005.10,Mutation NB - Paternal Origin,Transition - Purine/Purine,G>A
175483697,rs267372,CC,AA,AA,100,85,9,NC_000005.10,Mutation NB - Paternal Origin,Transversion - Purine/Pyrimidine,C>A
177331685,rs1761384616,TT,TT,TC,61,61,40,NC_000005.10,Mutation NB - Paternal or Maternal,Transition - Pyrimidine/Pyrimidine,Unsolved
179221001,rs72818655,TT,CC,CC,91,88,9,NC_000005.10,Mutation NB - Paternal Origin,Transition - Pyrimidine/Pyrimidine,T>C
179919466,rs7717213,CC,CC,CT,100,79,99,NC_000005.10,Mutation NB - Maternal Origin,Transition - Pyrimidine/Pyrimidine,Unsolved
180130754,rs78836916,TT,CC,TT,67,55,21,NC_000005.10,Mutation NB - Maternal Origin,Transition - Pyrimidine/Pyrimidine,C>T
180214662,rs3111532,CC,CT,TT,88,15,30,NC_000005.10,Mutation NB - Paternal Origin,Transition - Pyrimidine/Pyrimidine,C>T
180628316,.,AA,AA,AG,88,79,41,NC_000005.10,Mutation NB - Maternal Origin,Transition - Purine/Purine,Unsolved
180647627,rs307815,TC,CC,TT,32,85,15,NC_000005.10,Mutation NB - Maternal Origin,Transversion - Purine/Pyrimidine,C>T
181262808,rs141722248,TT,CC,TT,85,91,0,NC_000005.10,Mutation NB - Maternal Origin,Transition - Pyrimidine/Pyrimidine,C>T
2123012,rs1173598864,TT,TT,TC,91,58,82,NC_000006.12,Mutation NB - Maternal Origin,Transition - Pyrimidine/Pyrimidine,Unsolved
2346394,.,AA,AA,AG,82,85,71,NC_000006.12,Mutation NB - Paternal Origin,Transition - Purine/Purine,Unsolved
2595124,rs2624915,TT,CT,CC,61,1,24,NC_000006.12,Mutation NB - Paternal Origin,Transition - Pyrimidine/Pyrimidine,T>C
3488391,rs7763703,GA,AA,GG,35,73,0,NC_000006.12,Mutation NB - Maternal Origin,Transition - Purine/Purine,A>G
4515681,rs6932387,GG,AA,GG,88,82,0,NC_000006.12,Mutation NB - Maternal Origin,Transition - Purine/Purine,A>G
4515696,rs111798438,AG,AA,GG,29,79,9,NC_000006.12,Mutation NB - Maternal Origin,Transition - Purine/Purine,A>G
5168318,.,TT,TT,TC,79,58,56,NC_000006.12,Mutation NB - Maternal Origin,Transition - Pyrimidine/Pyrimidine,Unsolved
6121582,rs78695800,CC,TT,CC,82,88,9,NC_000006.12,Mutation NB - Maternal Origin,Transition - Pyrimidine/Pyrimidine,T>C
7115694,rs1285875,GG,GC,CC,91,1,36,NC_000006.12,Mutation NB - Paternal Origin,Transversion - Purine/Pyrimidine,G>C
7127754,rs3863228,AA,AG,GG,100,1,30,NC_000006.12,Mutation NB - Paternal Origin,Transition - Purine/Purine,A>G
7512147,rs2757613,CC,TT,CC,79,88,21,NC_000006.12,Mutation NB - Maternal Origin,Transition - Pyrimidine/Pyrimidine,T>C
7899795,rs1225954,TT,TT,TC,91,85,62,NC_000006.12,Mutation NB - Maternal Origin,Transition - Pyrimidine/Pyrimidine,Unsolved
9128699,rs78986901,AC,AA,CC,1,70,3,NC_000006.12,Mutation NB - Maternal Origin,A>C
9551940,rs7771930,TT,CC,CC,88,55,21,NC_000006.12,Mutation NB - Paternal Origin,Transition - Pyrimidine/Pyrimidine,T>C
9722448,rs142093943,CC,CC,CT,100,67,71,NC_000006.12,Mutation NB - Maternal Origin,Transition - Pyrimidine/Pyrimidine,Unsolved
11149808,rs9393951,CC,TT,TT,88,73,24,NC_000006.12,Mutation NB - Paternal Origin,Transition - Pyrimidine/Pyrimidine,C>T
13300136,rs641293,CC,AA,AA,85,76,9,NC_000006.12,Mutation NB - Paternal Origin,Transversion - Purine/Pyrimidine,C>A
14316678,rs62393370,GA,AA,GG,79,52,0,NC_000006.12,Mutation NB - Maternal Origin,Transition - Purine/Purine,A>G
14585930,rs9349952,CC,GG,GG,100,46,42,NC_000006.12,Mutation NB - Paternal Origin,Transversion - Purine/Pyrimidine,C>G
15791904,.,TT,TT,TC,67,91,68,NC_000006.12,Mutation NB - Paternal Origin,Transition - Pyrimidine/Pyrimidine,Unsolved
17843269,rs745194,GG,GG,GT,95,49,99,NC_000006.12,Mutation NB - Maternal Origin,Transversion - Purine/Pyrimidine,Unsolved
19135140,rs58009840,CC,CC,CT,100,76,62,NC_000006.12,Mutation NB - Maternal Origin,Transition - Pyrimidine/Pyrimidine,Unsolved
19210672,rs1294364,TT,CC,CC,88,82,21,NC_000006.12,Mutation NB - Paternal Origin,Transition - Pyrimidine/Pyrimidine,T>C
19210709,rs4235992,GG,GG,GC,88,85,21,NC_000006.12,Mutation NB - Maternal Origin,Transition - Purine/Purine,Transversion - Purine/Pyrimidine,Unsolved
21502987,rs6456431,GG,AA,AA,79,82,0,NC_000006.12,Mutation NB - Paternal Origin,Transition - Purine/Purine,G>A
22598517,.,TT,TT,TC,85,61,65,NC_000006.12,Mutation NB - Maternal Origin,Transition - Pyrimidine/Pyrimidine,Unsolved
24436236,rs9467151,AA,AA,AG,100,82,71,NC_000006.12,Mutation NB - Maternal Origin,Transition - Purine/Purine,Unsolved
33685861,rs6915878,CC,CC,CT,82,67,99,NC_000006.12,Mutation NB - Maternal Origin,Transition - Pyrimidine/Pyrimidine,Unsolved
33766113,.,GG,GG,GA,85,82,65,NC_000006.12,Mutation NB - Maternal Origin,Transition - Purine/Purine,Unsolved
33804558,rs2281816,AG,AA,GG,1,70,9,NC_000006.12,Mutation NB - Maternal Origin,Transition - Purine/Purine,A>G
33947164,rs9357168,TT,TT,TC,88,67,68,NC_000006.12,Mutation NB - Maternal Origin,Transition - Pyrimidine/Pyrimidine,Unsolved
34269970,rs1776890,GG,AA,AA,100,79,27,NC_000006.12,Mutation NB - Paternal Origin,Transition - Purine/Purine,G>A
34270020,rs2797961,GG,AA,AA,100,79,24,NC_000006.12,Mutation NB - Paternal Origin,Transition - Purine/Purine,G>A
34473314,rs55685522,AA,AA,AG,100,79,29,NC_000006.12,Mutation NB - Maternal Origin,Transition - Purine/Purine,Unsolved
40800715,rs4714386,AA,CC,CC,100,79,30,NC_000006.12,Mutation NB - Paternal Origin,Transversion - Purine/Pyrimidine,A>C
41105899,rs9381037,GG,GG,GA,100,76,92,NC_000006.12,Mutation NB - Maternal Origin,Transition - Purine/Purine,Unsolved
41204005,rs1766334580,TT,TT,TC,85,70,59,NC_000006.12,Mutation NB - Maternal Origin,Transition - Pyrimidine/Pyrimidine,Unsolved
43999060,rs114680250,GG,AA,AA,79,73,9,NC_000006.12,Mutation NB - Paternal Origin,Transition - Purine/Purine,G>A
44741723,rs111810959,CC,CC,CA,82,70,99,NC_000006.12,Mutation NB - Maternal Origin,Transversion - Purine/Pyrimidine,Unsolved
46900309,rs220701,GG,AA,GG,76,58,0,NC_000006.12,Mutation NB - Maternal Origin,Transition - Purine/Purine,A>G
47167317,rs10484959,CC,GG,GG,85,82,12,NC_000006.12,Mutation NB - Paternal Origin,Transversion - Purine/Pyrimidine,C>G
52930118,rs558534763,GG,AA,GG,91,73,0,NC_000006.12,Mutation NB - Maternal Origin,Transition - Purine/Purine,A>G
64723616,rs1771657903,TT,TT,TC,91,76,55,NC_000006.12,Mutation NB - Maternal Origin,Transition - Pyrimidine/Pyrimidine,Unsolved
65509025,rs9363381,CC,CC,AC,88,64,56,NC_000006.12,Mutation NB - Maternal Origin,Transversion - Purine/Pyrimidine,Unsolved
65557954,rs6932247,GG,GG,CG,91,70,33,NC_000006.12,Mutation NB - Maternal Origin,Transition - Purine/Purine,Transversion - Purine/Pyrimidine,Unsolved
66655463,rs9345871,GG,GG,AG,91,49,4,NC_000006.12,Mutation NB - Maternal Origin,Transition - Purine/Purine,Unsolved
69470498,.,TT,TT,TC,82,76,63,NC_000006.12,Mutation NB - Maternal Origin,Transition - Pyrimidine/Pyrimidine,Unsolved
69807774,.,TT,TT,TA,82,67,63,NC_000006.12,Mutation NB - Maternal Origin,Transition - Pyrimidine/Pyrimidine,Transversion - Purine/Pyrimidine,Unsolved
70501609,rs9455133,GG,AA,AA,91,76,21,NC_000006.12,Mutation NB - Paternal Origin,Transition - Purine/Purine,G>A
71039409,rs6918452,CC,AA,CC,88,100,12,NC_000006.12,Mutation NB - Maternal Origin,Transversion - Purine/Pyrimidine,A>C
86129491,rs115797260,AA,CC,CC,91,67,0,NC_000006.12,Mutation NB - Paternal Origin,Transversion - Purine/Pyrimidine,A>C
87357597,rs406981,TT,CC,CC,100,70,15,NC_000006.12,Mutation NB - Paternal Origin,Transition - Pyrimidine/Pyrimidine,T>C
90181963,.,AA,AA,AG,88,52,59,NC_000006.12,Mutation NB - Maternal Origin,Transition - Purine/Purine,Unsolved
93025356,rs1590392,GG,TT,TT,91,85,15,NC_000006.12,Mutation NB - Paternal Origin,Transversion - Purine/Pyrimidine,G>T
96704660,rs371354,AG,GG,AA,1,85,0,NC_000006.12,Mutation NB - Maternal Origin,Transition - Purine/Purine,G>A
96768660,rs1206063,CC,TC,TT,88,1,0,NC_000006.12,Mutation NB - Paternal Origin,Transition - Pyrimidine/Pyrimidine,C>T
96913809,.,CC,CC,CA,91,79,40,NC_000006.12,Mutation NB - Maternal Origin,Transversion - Purine/Pyrimidine,Unsolved
98422812,rs2221616,GG,AA,AA,82,73,9,NC_000006.12,Mutation NB - Paternal Origin,Transition - Purine/Purine,G>A
99014124,rs12529995,AA,AA,AG,100,70,99,NC_000006.12,Mutation NB - Maternal Origin,Transition - Purine/Purine,Unsolved
107992518,.,AA,AA,AG,91,61,89,NC_000006.12,Mutation NB - Maternal Origin,Transition - Purine/Purine,Unsolved
108053334,rs9398158,AA,GG,AA,82,79,0,NC_000006.12,Mutation NB - Maternal Origin,Transition - Purine/Purine,G>A
110034954,rs13196035,CC,AA,AA,83,67,0,NC_000006.12,Mutation NB - Paternal Origin,Transversion - Purine/Pyrimidine,C>A
110693276,rs9372264,AA,GG,GG,85,70,0,NC_000006.12,Mutation NB - Paternal Origin,Transition - Purine/Purine,A>G
111760596,rs1965583,GG,GG,GA,100,76,68,NC_000006.12,Mutation NB - Maternal Origin,Transition - Purine/Purine,Unsolved
114993793,rs79031455,AA,AG,GG,100,33,9,NC_000006.12,Mutation NB - Paternal Origin,Transition - Purine/Purine,A>G
115272830,.,CC,CC,CT,79,64,53,NC_000006.12,Mutation NB - Maternal Origin,Transition - Pyrimidine/Pyrimidine,Unsolved
115703638,rs78941379,TC,TT,CC,32,85,12,NC_000006.12,Mutation NB - Maternal Origin,Transition - Pyrimidine/Pyrimidine,T>C
119268586,rs1104741,TT,TT,TC,100,79,99,NC_000006.12,Mutation NB - Maternal Origin,Transition - Pyrimidine/Pyrimidine,Unsolved
119712516,rs7758180,AA,TT,TT,85,91,0,NC_000006.12,Mutation NB - Paternal Origin,Transversion - Purine/Pyrimidine,A>T
122248578,rs2770118,GG,GG,GA,100,64,50,NC_000006.12,Mutation NB - Maternal Origin,Transition - Purine/Purine,Unsolved
123710897,rs1817300,GG,GG,GA,100,70,95,NC_000006.12,Mutation NB - Maternal Origin,Transition - Purine/Purine,Unsolved
123710917,rs4897436,AA,GG,GG,88,67,30,NC_000006.12,Mutation NB - Paternal Origin,Transition - Purine/Purine,A>G
125192414,rs3806999,AA,CC,CC,88,88,12,NC_000006.12,Mutation NB - Paternal Origin,Transversion - Purine/Pyrimidine,A>C
127363573,rs6926153,GG,GG,GA,67,82,99,NC_000006.12,Mutation NB - Paternal Origin,Transition - Purine/Purine,Unsolved
129774750,rs7768818,GG,CC,CC,91,85,15,NC_000006.12,Mutation NB - Paternal Origin,Transversion - Purine/Pyrimidine,G>C
130731846,.,GG,GG,GA,76,82,65,NC_000006.12,Mutation NB - Paternal Origin,Transition - Purine/Purine,Unsolved
132635375,rs6918955,CC,GG,CC,91,91,15,NC_000006.12,Mutation NB - Maternal Origin,Transversion - Purine/Pyrimidine,G>C
133233314,rs6569872,TT,TC,CC,100,1,12,NC_000006.12,Mutation NB - Paternal Origin,Transition - Pyrimidine/Pyrimidine,T>C
136890514,rs9389448,GG,TT,GG,76,85,0,NC_000006.12,Mutation NB - Maternal Origin,Transition - Purine/Purine,Transversion - Purine/Pyrimidine,T>G
137641239,rs1547295,AA,CC,CC,91,79,12,NC_000006.12,Mutation NB - Paternal Origin,Transversion - Purine/Pyrimidine,A>C
138535628,.,AA,AA,AG,79,55,71,NC_000006.12,Mutation NB - Maternal Origin,Transition - Purine/Purine,Unsolved
141388095,rs1347056527,AA,AA,AG,91,82,50,NC_000006.12,Mutation NB - Maternal Origin,Transition - Purine/Purine,Unsolved
141956919,.,TT,TT,TC,91,52,65,NC_000006.12,Mutation NB - Maternal Origin,Transition - Pyrimidine/Pyrimidine,Unsolved
143534576,rs4895617,AA,AG,GG,91,72,18,NC_000006.12,Mutation NB - Paternal Origin,Transition - Purine/Purine,A>G
144209834,rs1039300803,AA,AA,AG,100,28,99,NC_000006.12,Mutation NB - Maternal Origin,Transition - Purine/Purine,Unsolved
144675216,rs2328597,GG,GT,TT,100,1,30,NC_000006.12,Mutation NB - Paternal Origin,Transversion - Purine/Pyrimidine,G>T
145730375,rs9497402,TT,TT,TC,100,43,71,NC_000006.12,Mutation NB - Maternal Origin,Transition - Pyrimidine/Pyrimidine,Unsolved
146338922,rs362831,GG,AA,AA,82,82,0,NC_000006.12,Mutation NB - Paternal Origin,Transition - Purine/Purine,G>A
149428325,rs925228932,GG,GG,GA,82,70,49,NC_000006.12,Mutation NB - Maternal Origin,Transition - Purine/Purine,Unsolved
153145824,rs652378,TT,TT,TC,100,73,99,NC_000006.12,Mutation NB - Maternal Origin,Transition - Pyrimidine/Pyrimidine,Unsolved
154923645,rs6909319,TT,TT,CT,85,85,99,NC_000006.12,Mutation NB - Paternal or Maternal,Transition - Pyrimidine/Pyrimidine,Unsolved
156176701,.,TT,TT,TC,79,64,50,NC_000006.12,Mutation NB - Maternal Origin,Transition - Pyrimidine/Pyrimidine,Unsolved
156392476,rs114528245,AA,AA,AG,91,91,99,NC_000006.12,Mutation NB - Paternal or Maternal,Transition - Purine/Purine,Unsolved
157936510,rs6923192,AA,GG,GG,82,76,0,NC_000006.12,Mutation NB - Paternal Origin,Transition - Purine/Purine,A>G
158558732,rs7742892,CC,CC,CT,100,85,95,NC_000006.12,Mutation NB - Maternal Origin,Transition - Pyrimidine/Pyrimidine,Unsolved
159219533,rs419626,CC,TT,CC,76,74,54,NC_000006.12,Mutation NB - Maternal Origin,Transition - Pyrimidine/Pyrimidine,T>C
159299282,rs1875816,AA,AA,GG,100,100,18,NC_000006.12,Mutation NB - Paternal or Maternal,Transition - Purine/Purine,Unsolved
159471136,rs562518964,AA,AA,AG,91,67,59,NC_000006.12,Mutation NB - Maternal Origin,Transition - Purine/Purine,Unsolved
160277145,rs316037,AA,AA,AG,100,73,98,NC_000006.12,Mutation NB - Maternal Origin,Transition - Purine/Purine,Unsolved
160748707,rs783178,CC,TT,TT,85,70,24,NC_000006.12,Mutation NB - Paternal Origin,Transition - Pyrimidine/Pyrimidine,C>T
162073465,rs9458449,TT,CC,TT,91,85,15,NC_000006.12,Mutation NB - Maternal Origin,Transition - Pyrimidine/Pyrimidine,C>T
164962669,rs2104163,CC,CG,GG,100,35,21,NC_000006.12,Mutation NB - Paternal Origin,Transversion - Purine/Pyrimidine,C>G
165518437,rs114775583,CC,CC,CG,100,79,24,NC_000006.12,Mutation NB - Maternal Origin,Transversion - Purine/Pyrimidine,Unsolved
165655615,.,AA,AA,AG,100,46,38,NC_000006.12,Mutation NB - Maternal Origin,Transition - Purine/Purine,Unsolved
166481764,rs939605811,AA,AA,AG,82,70,49,NC_000006.12,Mutation NB - Maternal Origin,Transition - Purine/Purine,Unsolved
167698418,rs507777,AG,GG,AA,25,74,0,NC_000006.12,Mutation NB - Maternal Origin,Transition - Purine/Purine,G>A
167698428,rs9455590,AT,AA,TT,32,73,12,NC_000006.12,Mutation NB - Maternal Origin,Transversion - Purine/Pyrimidine,A>T
167708752,rs985353,AA,GG,GG,91,88,0,NC_000006.12,Mutation NB - Paternal Origin,Transition - Purine/Purine,A>G
168052313,rs6910648,TT,CC,TT,91,91,0,NC_000006.12,Mutation NB - Maternal Origin,Transition - Pyrimidine/Pyrimidine,C>T
168582386,rs9295071,GG,CC,GG,79,85,9,NC_000006.12,Mutation NB - Maternal Origin,Transversion - Purine/Pyrimidine,C>G
169995100,rs968365170,GG,GG,GA,88,100,99,NC_000006.12,Mutation NB - Paternal Origin,Transition - Purine/Purine,Unsolved
170186967,rs6934026,AA,CA,CC,85,1,9,NC_000006.12,Mutation NB - Paternal Origin,Transversion - Purine/Pyrimidine,A>C
1007270,rs6947257,TT,TT,TC,100,85,99,NC_000007.14,Mutation NB - Maternal Origin,Transition - Pyrimidine/Pyrimidine,Unsolved
1020616,rs73265928,TT,TT,CC,100,79,15,NC_000007.14,Mutation NB - Maternal Origin,Transition - Pyrimidine/Pyrimidine,Unsolved
1149221,.,AA,AA,AG,82,64,44,NC_000007.14,Mutation NB - Maternal Origin,Transition - Purine/Purine,Unsolved
1164260,rs182388396,AA,GG,GG,91,58,12,NC_000007.14,Mutation NB - Paternal Origin,Transition - Purine/Purine,A>G
1254634,rs6957131,CC,GG,CC,100,52,0,NC_000007.14,Mutation NB - Maternal Origin,Transversion - Purine/Pyrimidine,G>C
1260264,rs4568511,AA,GG,AA,100,85,0,NC_000007.14,Mutation NB - Maternal Origin,Transition - Purine/Purine,G>A
1264763,rs1033337,AC,CC,AA,29,73,0,NC_000007.14,Mutation NB - Maternal Origin,Transversion - Purine/Pyrimidine,C>A
1441066,rs66868743,GG,CC,CC,58,61,0,NC_000007.14,Mutation NB - Paternal Origin,Transversion - Purine/Pyrimidine,G>C
1558198,rs12702926,TT,CC,CC,85,52,42,NC_000007.14,Mutation NB - Paternal Origin,Transition - Pyrimidine/Pyrimidine,T>C
1842591,rs12540579,CC,AA,AA,91,79,12,NC_000007.14,Mutation NB - Paternal Origin,Transversion - Purine/Pyrimidine,C>A
1880535,rs35487994,GG,AA,AA,91,88,12,NC_000007.14,Mutation NB - Paternal Origin,Transition - Purine/Purine,G>A
2002003,rs1107591,GG,AA,GG,88,73,0,NC_000007.14,Mutation NB - Maternal Origin,Transition - Purine/Purine,A>G
2359526,rs12533699,CC,CC,CG,100,88,33,NC_000007.14,Mutation NB - Maternal Origin,Transversion - Purine/Pyrimidine,Unsolved
2359544,rs12533700,CC,CC,TT,100,70,5,NC_000007.14,Mutation NB - Maternal Origin,Transition - Pyrimidine/Pyrimidine,Unsolved
2600961,rs1107690,TT,GG,GG,91,82,12,NC_000007.14,Mutation NB - Paternal Origin,Transversion - Purine/Pyrimidine,T>G
2710559,rs7786163,TT,CC,TT,91,73,0,NC_000007.14,Mutation NB - Maternal Origin,Transition - Pyrimidine/Pyrimidine,C>T
3031263,rs10238593,GA,AA,GG,1,82,0,NC_000007.14,Mutation NB - Maternal Origin,Transition - Purine/Purine,A>G
3156372,rs4599715,AA,GG,GG,88,85,0,NC_000007.14,Mutation NB - Paternal Origin,Transition - Purine/Purine,A>G
4089240,rs13236488,GG,AA,GG,76,67,12,NC_000007.14,Mutation NB - Maternal Origin,Transition - Purine/Purine,A>G
4799901,rs2306920,CT,CC,TT,28,88,9,NC_000007.14,Mutation NB - Maternal Origin,Transversion - Purine/Pyrimidine,C>T
4836543,rs749323076,CC,GG,GG,85,85,18,NC_000007.14,Mutation NB - Paternal Origin,Transversion - Purine/Pyrimidine,C>G
5393617,rs66460815,AG,AA,GG,32,55,9,NC_000007.14,Mutation NB - Maternal Origin,Transition - Purine/Purine,A>G
5446095,rs4724682,GG,AA,GG,64,91,0,NC_000007.14,Mutation NB - Maternal Origin,Transition - Purine/Purine,A>G
5596200,.,GG,GG,GA,82,91,65,NC_000007.14,Mutation NB - Paternal Origin,Transition - Purine/Purine,Unsolved
8669782,.,AA,AA,AG,79,85,62,NC_000007.14,Mutation NB - Paternal Origin,Transition - Purine/Purine,Unsolved
10528064,rs1859607,TT,GT,GG,91,79,0,NC_000007.14,Mutation NB - Paternal Origin,Transversion - Purine/Pyrimidine,T>G
10528079,rs1859606,GG,AG,AA,91,79,0,NC_000007.14,Mutation NB - Paternal Origin,Transition - Purine/Purine,G>A
16816925,rs7807123,CC,CC,CT,79,100,99,NC_000007.14,Mutation NB - Paternal Origin,Transition - Pyrimidine/Pyrimidine,Unsolved
20689496,rs11974407,CC,GG,CC,70,100,12,NC_000007.14,Mutation NB - Maternal Origin,Transversion - Purine/Pyrimidine,G>C
21002886,rs10240922,AA,AA,AG,100,67,64,NC_000007.14,Mutation NB - Maternal Origin,Transition - Purine/Purine,Unsolved
21949140,.,AA,AA,AG,88,64,53,NC_000007.14,Mutation NB - Maternal Origin,Transition - Purine/Purine,Unsolved
23827927,rs113731919,AA,AA,AG,100,73,24,NC_000007.14,Mutation NB - Maternal Origin,Transition - Purine/Purine,Unsolved
24347587,rs17149302,GG,TT,TT,79,70,36,NC_000007.14,Mutation NB - Paternal Origin,Transversion - Purine/Pyrimidine,G>T
25266225,rs7805436,CC,TT,TT,91,82,12,NC_000007.14,Mutation NB - Paternal Origin,Transition - Pyrimidine/Pyrimidine,C>T
25385707,rs75656780,GG,CC,GG,91,88,12,NC_000007.14,Mutation NB - Maternal Origin,Transversion - Purine/Pyrimidine,C>G
25476802,.,TT,TT,TC,91,85,33,NC_000007.14,Mutation NB - Maternal Origin,Transition - Pyrimidine/Pyrimidine,Unsolved
26480659,rs11773392,CC,CT,TT,76,2,36,NC_000007.14,Mutation NB - Paternal Origin,Transition - Pyrimidine/Pyrimidine,C>T
26480672,rs17153720,GG,AA,AA,76,70,36,NC_000007.14,Mutation NB - Paternal Origin,Transition - Purine/Purine,G>A
26562923,rs11771436,TT,CC,TT,88,100,18,NC_000007.14,Mutation NB - Maternal Origin,Transition - Pyrimidine/Pyrimidine,C>T
26991720,rs79120506,AA,AA,AC,88,82,71,NC_000007.14,Mutation NB - Maternal Origin,Transversion - Purine/Pyrimidine,Unsolved
29134149,rs6966319,TT,TT,TG,91,85,97,NC_000007.14,Mutation NB - Maternal Origin,Transition - Pyrimidine/Pyrimidine,Transversion - Purine/Pyrimidine,Unsolved
29190670,rs45174,TT,AT,AA,82,45,0,NC_000007.14,Mutation NB - Paternal Origin,Transversion - Purine/Pyrimidine,T>A
30267989,.,AA,AA,AG,76,52,52,NC_000007.14,Mutation NB - Maternal Origin,Transition - Purine/Purine,Unsolved
30326719,.,TT,TT,TC,76,73,39,NC_000007.14,Mutation NB - Maternal Origin,Transition - Pyrimidine/Pyrimidine,Unsolved
30435924,.,CC,CC,CG,76,67,39,NC_000007.14,Mutation NB - Maternal Origin,Transversion - Purine/Pyrimidine,Unsolved
33634321,rs10274374,TC,CC,TT,67,76,0,NC_000007.14,Mutation NB - Maternal Origin,Transversion - Purine/Pyrimidine,C>T
34886049,rs10215263,AA,GG,AA,82,85,12,NC_000007.14,Mutation NB - Maternal Origin,Transition - Purine/Purine,G>A
35391202,rs2592860,GG,CC,CC,91,100,9,NC_000007.14,Mutation NB - Paternal Origin,Transversion - Purine/Pyrimidine,G>C
35489122,rs184843756,GG,AA,AA,91,85,15,NC_000007.14,Mutation NB - Paternal Origin,Transition - Purine/Purine,G>A
36764226,rs139551263,CC,CC,CT,100,67,97,NC_000007.14,Mutation NB - Maternal Origin,Transition - Pyrimidine/Pyrimidine,Unsolved
37064540,.,TT,TT,TG,82,64,63,NC_000007.14,Mutation NB - Maternal Origin,Transition - Pyrimidine/Pyrimidine,Transversion - Purine/Pyrimidine,Unsolved
38913432,rs62443575,GG,GG,GC,91,100,65,NC_000007.14,Mutation NB - Paternal Origin,Transition - Purine/Purine,Transversion - Purine/Pyrimidine,Unsolved
40192975,rs1534674,GG,TG,TT,91,76,6,NC_000007.14,Mutation NB - Paternal Origin,Transversion - Purine/Pyrimidine,G>T
42468775,rs12701976,AC,CC,AA,45,85,0,NC_000007.14,Mutation NB - Maternal Origin,Transversion - Purine/Pyrimidine,C>A
43173898,.,GG,GG,GA,79,76,50,NC_000007.14,Mutation NB - Maternal Origin,Transition - Purine/Purine,Unsolved
43788172,rs2074795,CC,CT,TT,79,1,36,NC_000007.14,Mutation NB - Paternal Origin,Transition - Pyrimidine/Pyrimidine,C>T
44031902,rs6979104,CC,TT,TT,100,88,18,NC_000007.14,Mutation NB - Paternal Origin,Transition - Pyrimidine/Pyrimidine,C>T
44031936,rs2522871,CC,TT,TT,100,88,18,NC_000007.14,Mutation NB - Paternal Origin,Transition - Pyrimidine/Pyrimidine,C>T
44274331,rs12702074,AA,AA,CC,100,100,12,NC_000007.14,Mutation NB - Paternal or Maternal,Transversion - Purine/Pyrimidine,Unsolved
45510158,rs6415278,TT,CC,CC,91,61,9,NC_000007.14,Mutation NB - Paternal Origin,Transition - Pyrimidine/Pyrimidine,T>C
45510159,rs6415279,GG,AA,AA,91,61,9,NC_000007.14,Mutation NB - Paternal Origin,Transition - Purine/Purine,G>A
45864899,rs7794738,GG,TT,GG,91,88,0,NC_000007.14,Mutation NB - Maternal Origin,Transition - Purine/Purine,Transversion - Purine/Pyrimidine,T>G
46049548,rs788724,CC,TT,CC,82,88,42,NC_000007.14,Mutation NB - Maternal Origin,Transition - Pyrimidine/Pyrimidine,T>C
47555925,rs78983105,CC,CC,CT,100,88,68,NC_000007.14,Mutation NB - Maternal Origin,Transition - Pyrimidine/Pyrimidine,Unsolved
48560411,rs58486673,CC,AA,AA,88,73,12,NC_000007.14,Mutation NB - Paternal Origin,Transversion - Purine/Pyrimidine,C>A
48560441,rs61602397,GG,CC,CC,88,73,12,NC_000007.14,Mutation NB - Paternal Origin,Transversion - Purine/Pyrimidine,G>C
49864544,rs6583395,GG,AA,AA,91,91,0,NC_000007.14,Mutation NB - Paternal Origin,Transition - Purine/Purine,G>A
50597639,rs6966169,TT,TT,CC,100,100,18,NC_000007.14,Mutation NB - Paternal or Maternal,Transition - Pyrimidine/Pyrimidine,Unsolved
50636550,rs2108353,AA,AC,CC,85,38,24,NC_000007.14,Mutation NB - Paternal Origin,Transversion - Purine/Pyrimidine,A>C
50721248,rs11238297,CC,CC,CA,88,76,99,NC_000007.14,Mutation NB - Maternal Origin,Transversion - Purine/Pyrimidine,Unsolved
51230081,rs11770658,CC,GC,GG,79,1,0,NC_000007.14,Mutation NB - Paternal Origin,Transversion - Purine/Pyrimidine,C>G
51515362,rs7776840,CC,TT,TT,100,76,15,NC_000007.14,Mutation NB - Paternal Origin,Transition - Pyrimidine/Pyrimidine,C>T
53005136,rs12718735,GG,AA,GG,88,70,0,NC_000007.14,Mutation NB - Maternal Origin,Transition - Purine/Purine,A>G
54468641,rs4591978,CC,AA,AA,85,91,12,NC_000007.14,Mutation NB - Paternal Origin,Transversion - Purine/Pyrimidine,C>A
54664631,.,AA,AA,AG,88,55,55,NC_000007.14,Mutation NB - Maternal Origin,Transition - Purine/Purine,Unsolved
54789779,rs60269836,AA,GG,AA,91,88,0,NC_000007.14,Mutation NB - Maternal Origin,Transition - Purine/Purine,G>A
54840288,rs56375503,AA,AA,AG,100,82,65,NC_000007.14,Mutation NB - Maternal Origin,Transition - Purine/Purine,Unsolved
55343023,rs74791705,CC,CC,CT,100,64,65,NC_000007.14,Mutation NB - Maternal Origin,Transition - Pyrimidine/Pyrimidine,Unsolved
57323450,rs2894768,AG,GG,AA,1,67,0,NC_000007.14,Mutation NB - Maternal Origin,Transition - Purine/Purine,G>A
63999177,rs10238777,CC,CC,CT,100,85,93,NC_000007.14,Mutation NB - Maternal Origin,Transition - Pyrimidine/Pyrimidine,Unsolved
64100474,rs7797531,GG,GC,CC,85,32,12,NC_000007.14,Mutation NB - Paternal Origin,Transversion - Purine/Pyrimidine,G>C
64184537,rs1787038951,AA,AA,AG,91,85,50,NC_000007.14,Mutation NB - Maternal Origin,Transition - Purine/Purine,Unsolved
65833828,.,AA,AA,AG,91,88,59,NC_000007.14,Mutation NB - Maternal Origin,Transition - Purine/Purine,Unsolved
66565570,rs73152740,GG,GG,GT,82,88,72,NC_000007.14,Mutation NB - Paternal Origin,Transversion - Purine/Pyrimidine,Unsolved
67709066,rs1789037812,GG,GG,GA,85,79,54,NC_000007.14,Mutation NB - Maternal Origin,Transition - Purine/Purine,Unsolved
67709206,.,AA,AA,AG,70,70,59,NC_000007.14,Mutation NB - Paternal or Maternal,Transition - Purine/Purine,Unsolved
68583808,rs6460460,CC,TT,TT,100,79,24,NC_000007.14,Mutation NB - Paternal Origin,Transition - Pyrimidine/Pyrimidine,C>T
68813088,rs34432982,GG,CC,CC,85,49,45,NC_000007.14,Mutation NB - Paternal Origin,Transversion - Purine/Pyrimidine,G>C
70948940,rs62460368,GG,CC,GG,85,85,15,NC_000007.14,Mutation NB - Maternal Origin,Transversion - Purine/Pyrimidine,C>G
71486894,rs6965355,AA,AA,GA,82,88,99,NC_000007.14,Mutation NB - Paternal Origin,Transition - Purine/Purine,Unsolved
71556622,rs6460674,TC,CC,TT,39,70,12,NC_000007.14,Mutation NB - Maternal Origin,Transversion - Purine/Pyrimidine,C>T
73714641,rs10227463,CC,CT,TT,100,1,21,NC_000007.14,Mutation NB - Paternal Origin,Transition - Pyrimidine/Pyrimidine,C>T
74537839,rs2074666,GG,TT,TT,91,91,15,NC_000007.14,Mutation NB - Paternal Origin,Transversion - Purine/Pyrimidine,G>T
76274229,rs2158868,GG,AA,AA,91,82,12,NC_000007.14,Mutation NB - Paternal Origin,Transition - Purine/Purine,G>A
81137256,rs79965738,GG,GG,GC,91,100,53,NC_000007.14,Mutation NB - Paternal Origin,Transition - Purine/Purine,Transversion - Purine/Pyrimidine,Unsolved
81921040,rs1229477,TC,TT,CC,1,70,8,NC_000007.14,Mutation NB - Maternal Origin,Transition - Pyrimidine/Pyrimidine,T>C
89711538,.,TT,TT,TC,85,52,39,NC_000007.14,Mutation NB - Maternal Origin,Transition - Pyrimidine/Pyrimidine,Unsolved
91758738,rs12666424,GG,GG,GA,100,73,12,NC_000007.14,Mutation NB - Maternal Origin,Transition - Purine/Purine,Unsolved
100163350,rs2405440,GG,AA,GG,91,100,9,NC_000007.14,Mutation NB - Maternal Origin,Transition - Purine/Purine,A>G
100682378,.,AA,AA,AG,67,61,44,NC_000007.14,Mutation NB - Maternal Origin,Transition - Purine/Purine,Unsolved
101677703,.,AA,AA,AG,88,67,63,NC_000007.14,Mutation NB - Maternal Origin,Transition - Purine/Purine,Unsolved
103034339,rs2222539,GA,AA,GG,1,64,0,NC_000007.14,Mutation NB - Maternal Origin,Transition - Purine/Purine,A>G
106790119,rs9986854,GA,GG,AA,35,79,18,NC_000007.14,Mutation NB - Maternal Origin,Transition - Purine/Purine,G>A
106790139,rs4730192,AG,AA,GG,35,79,18,NC_000007.14,Mutation NB - Maternal Origin,Transition - Purine/Purine,A>G
107661606,.,TT,TT,TC,64,58,44,NC_000007.14,Mutation NB - Maternal Origin,Transition - Pyrimidine/Pyrimidine,Unsolved
110924309,.,AA,AA,AG,61,70,41,NC_000007.14,Mutation NB - Paternal Origin,Transition - Purine/Purine,Unsolved
112180423,rs2729543,TT,GG,GG,85,70,12,NC_000007.14,Mutation NB - Paternal Origin,Transversion - Purine/Pyrimidine,T>G
112556720,rs3111448,TT,TT,TA,100,67,95,NC_000007.14,Mutation NB - Maternal Origin,Transition - Pyrimidine/Pyrimidine,Transversion - Purine/Pyrimidine,Unsolved
115206753,rs57077008,CC,TT,CC,100,73,0,NC_000007.14,Mutation NB - Maternal Origin,Transition - Pyrimidine/Pyrimidine,T>C
116742874,rs1793515126,TT,TT,TC,73,70,50,NC_000007.14,Mutation NB - Maternal Origin,Transition - Pyrimidine/Pyrimidine,Unsolved
117597274,rs2078753,CC,CC,CT,100,49,99,NC_000007.14,Mutation NB - Maternal Origin,Transition - Pyrimidine/Pyrimidine,Unsolved
121463997,rs1534517,TC,CC,TT,1,73,0,NC_000007.14,Mutation NB - Maternal Origin,Transversion - Purine/Pyrimidine,C>T
121464024,rs1534516,AG,GG,AA,1,73,0,NC_000007.14,Mutation NB - Maternal Origin,Transition - Purine/Purine,G>A
122494329,rs115909133,CC,CC,CT,100,64,50,NC_000007.14,Mutation NB - Maternal Origin,Transition - Pyrimidine/Pyrimidine,Unsolved
123330283,rs6976695,GG,TT,GG,64,82,27,NC_000007.14,Mutation NB - Maternal Origin,Transition - Purine/Purine,Transversion - Purine/Pyrimidine,T>G
123499118,rs10282084,CC,TT,CC,88,91,0,NC_000007.14,Mutation NB - Maternal Origin,Transition - Pyrimidine/Pyrimidine,T>C
124341729,.,AA,AA,AG,91,85,52,NC_000007.14,Mutation NB - Maternal Origin,Transition - Purine/Purine,Unsolved
126292840,.,AA,AA,AG,61,82,65,NC_000007.14,Mutation NB - Paternal Origin,Transition - Purine/Purine,Unsolved
126988137,rs2106188,TT,TT,TC,100,73,27,NC_000007.14,Mutation NB - Maternal Origin,Transition - Pyrimidine/Pyrimidine,Unsolved
127629585,rs806187,TT,TT,TC,100,58,75,NC_000007.14,Mutation NB - Maternal Origin,Transition - Pyrimidine/Pyrimidine,Unsolved
128351448,rs1796965444,TT,TT,TC,73,70,53,NC_000007.14,Mutation NB - Maternal Origin,Transition - Pyrimidine/Pyrimidine,Unsolved
128859784,rs371879817,CC,AA,AA,88,64,18,NC_000007.14,Mutation NB - Paternal Origin,Transversion - Purine/Pyrimidine,C>A
129791154,rs2693737,GA,AA,GG,67,76,0,NC_000007.14,Mutation NB - Maternal Origin,Transition - Purine/Purine,A>G
130996808,.,AA,AA,AG,64,52,44,NC_000007.14,Mutation NB - Maternal Origin,Transition - Purine/Purine,Unsolved
131602597,rs57494823,GG,AA,GG,85,85,12,NC_000007.14,Mutation NB - Maternal Origin,Transition - Purine/Purine,A>G
131627740,rs4731801,CC,TT,CC,88,67,12,NC_000007.14,Mutation NB - Maternal Origin,Transition - Pyrimidine/Pyrimidine,T>C
131943933,rs11773206,TT,CC,TT,85,85,9,NC_000007.14,Mutation NB - Maternal Origin,Transition - Pyrimidine/Pyrimidine,C>T
132688512,rs10277610,GG,GT,TT,88,1,24,NC_000007.14,Mutation NB - Paternal Origin,Transversion - Purine/Pyrimidine,G>T
135089698,.,TT,TT,TC,73,52,40,NC_000007.14,Mutation NB - Maternal Origin,Transition - Pyrimidine/Pyrimidine,Unsolved
138146444,rs2718121,TT,CT,CC,91,1,27,NC_000007.14,Mutation NB - Paternal Origin,Transition - Pyrimidine/Pyrimidine,T>C
139871115,rs115921088,AA,AA,AG,100,73,93,NC_000007.14,Mutation NB - Maternal Origin,Transition - Purine/Purine,Unsolved
140508822,rs4725722,CC,AA,AA,100,70,12,NC_000007.14,Mutation NB - Paternal Origin,Transversion - Purine/Pyrimidine,C>A
141339290,rs13235788,TT,TT,TC,85,61,98,NC_000007.14,Mutation NB - Maternal Origin,Transition - Pyrimidine/Pyrimidine,Unsolved
144718039,rs6966100,AA,AA,AT,100,55,99,NC_000007.14,Mutation NB - Maternal Origin,Transversion - Purine/Pyrimidine,Unsolved
149815989,rs2240362,GG,CC,GG,85,91,21,NC_000007.14,Mutation NB - Maternal Origin,Transversion - Purine/Pyrimidine,C>G
150335820,rs9942696,CC,CC,CT,85,58,99,NC_000007.14,Mutation NB - Maternal Origin,Transition - Pyrimidine/Pyrimidine,Unsolved
150444721,rs1104881,TT,GG,TT,82,67,9,NC_000007.14,Mutation NB - Maternal Origin,Transversion - Purine/Pyrimidine,G>T
150858827,rs10893,AA,GG,GG,100,58,33,NC_000007.14,Mutation NB - Paternal Origin,Transition - Purine/Purine,A>G
151005503,rs3918187,GG,AA,AA,79,82,0,NC_000007.14,Mutation NB - Paternal Origin,Transition - Purine/Purine,G>A
151507095,.,AA,AA,AG,70,46,56,NC_000007.14,Mutation NB - Maternal Origin,Transition - Purine/Purine,Unsolved
151679406,rs62478167,GG,AA,AA,91,82,15,NC_000007.14,Mutation NB - Paternal Origin,Transition - Purine/Purine,G>A
151695342,rs10046458,CC,CC,CT,100,86,71,NC_000007.14,Mutation NB - Maternal Origin,Transition - Pyrimidine/Pyrimidine,Unsolved
151781648,rs117009673,GG,GG,GA,88,100,15,NC_000007.14,Mutation NB - Paternal Origin,Transition - Purine/Purine,Unsolved
152058953,rs6959600,GG,GT,TT,100,1,27,NC_000007.14,Mutation NB - Paternal Origin,Transversion - Purine/Pyrimidine,G>T
153320097,rs397065,CT,TT,CC,72,82,0,NC_000007.14,Mutation NB - Maternal Origin,Transition - Pyrimidine/Pyrimidine,T>C
154390410,rs11561903,GG,TT,TT,88,70,24,NC_000007.14,Mutation NB - Paternal Origin,Transversion - Purine/Pyrimidine,G>T
154767986,rs10269042,TT,CC,TT,85,85,0,NC_000007.14,Mutation NB - Maternal Origin,Transition - Pyrimidine/Pyrimidine,C>T
154860569,rs878742,CC,CC,CT,100,73,30,NC_000007.14,Mutation NB - Maternal Origin,Transition - Pyrimidine/Pyrimidine,Unsolved
154860615,rs57604251,TT,TT,TA,100,73,29,NC_000007.14,Mutation NB - Maternal Origin,Transition - Pyrimidine/Pyrimidine,Transversion - Purine/Pyrimidine,Unsolved
154911996,rs10261148,TC,TT,CC,3,79,12,NC_000007.14,Mutation NB - Maternal Origin,Transition - Pyrimidine/Pyrimidine,T>C
155212857,rs2317169,TT,TT,AT,91,85,27,NC_000007.14,Mutation NB - Maternal Origin,Transition - Pyrimidine/Pyrimidine,Transversion - Purine/Pyrimidine,Unsolved
155322622,rs36149505,CC,TT,TT,79,85,12,NC_000007.14,Mutation NB - Paternal Origin,Transition - Pyrimidine/Pyrimidine,C>T
156417447,rs11769588,GG,GC,CC,58,1,9,NC_000007.14,Mutation NB - Paternal Origin,Transversion - Purine/Pyrimidine,G>C
156472592,rs2140630,AG,GG,AA,32,70,0,NC_000007.14,Mutation NB - Maternal Origin,Transition - Purine/Purine,G>A
157276185,rs757855,CC,TT,TT,79,97,18,NC_000007.14,Mutation NB - Paternal Origin,Transition - Pyrimidine/Pyrimidine,C>T
157276196,rs61516886,CC,CG,GG,100,20,18,NC_000007.14,Mutation NB - Paternal Origin,Transversion - Purine/Pyrimidine,C>G
157415312,rs74672945,TT,TT,TC,100,85,68,NC_000007.14,Mutation NB - Maternal Origin,Transition - Pyrimidine/Pyrimidine,Unsolved
157438644,rs73744715,GG,GG,GC,100,82,33,NC_000007.14,Mutation NB - Maternal Origin,Transition - Purine/Purine,Transversion - Purine/Pyrimidine,Unsolved
157468986,rs10251154,AA,GG,AA,79,82,0,NC_000007.14,Mutation NB - Maternal Origin,Transition - Purine/Purine,G>A
157520518,rs4716753,AA,AA,AG,100,85,30,NC_000007.14,Mutation NB - Maternal Origin,Transition - Purine/Purine,Unsolved
157520557,rs4716483,AA,CC,CC,100,85,12,NC_000007.14,Mutation NB - Paternal Origin,Transversion - Purine/Pyrimidine,A>C
157973286,.,AA,AA,AG,61,64,56,NC_000007.14,Mutation NB - Paternal Origin,Transition - Purine/Purine,Unsolved
158019999,rs1254388470,GG,GG,GA,82,91,56,NC_000007.14,Mutation NB - Paternal Origin,Transition - Purine/Purine,Unsolved
158920141,rs62476509,CC,TT,CC,88,88,21,NC_000007.14,Mutation NB - Maternal Origin,Transition - Pyrimidine/Pyrimidine,T>C
158976507,rs2527224,AA,GA,GG,85,1,27,NC_000007.14,Mutation NB - Paternal Origin,Transition - Purine/Purine,A>G
598313,rs115277856,TT,GG,GG,88,85,18,NC_000008.11,Mutation NB - Paternal Origin,Transversion - Purine/Pyrimidine,T>G
637826,rs4735810,GG,GC,CC,100,70,12,NC_000008.11,Mutation NB - Paternal Origin,Transversion - Purine/Pyrimidine,G>C
6359290,rs2916698,CC,AA,CC,46,70,12,NC_000008.11,Mutation NB - Maternal Origin,Transversion - Purine/Pyrimidine,A>C
6586929,rs2959782,GG,AA,AA,88,85,9,NC_000008.11,Mutation NB - Paternal Origin,Transition - Purine/Purine,G>A
17337603,rs2239876,GG,AA,AA,85,82,18,NC_000008.11,Mutation NB - Paternal Origin,Transition - Purine/Purine,G>A
17628955,.,TT,TT,TC,76,61,48,NC_000008.11,Mutation NB - Maternal Origin,Transition - Pyrimidine/Pyrimidine,Unsolved
17785556,rs4592086,TT,AA,AA,100,91,15,NC_000008.11,Mutation NB - Paternal Origin,Transversion - Purine/Pyrimidine,T>A
18083728,rs17126208,GG,CC,CC,88,61,30,NC_000008.11,Mutation NB - Paternal Origin,Transversion - Purine/Pyrimidine,G>C
18189013,rs140887746,GG,GG,GA,100,100,63,NC_000008.11,Mutation NB - Paternal or Maternal,Transition - Purine/Purine,Unsolved
18189017,rs1329887699,GG,GG,GA,98,100,63,NC_000008.11,Mutation NB - Paternal Origin,Transition - Purine/Purine,Unsolved
20459750,rs112712936,GG,AA,AA,82,55,18,NC_000008.11,Mutation NB - Paternal Origin,Transition - Purine/Purine,G>A
21100925,rs80042324,AA,AA,AG,100,79,59,NC_000008.11,Mutation NB - Maternal Origin,Transition - Purine/Purine,Unsolved
21779416,rs112870548,CC,GG,CC,91,91,9,NC_000008.11,Mutation NB - Maternal Origin,Transversion - Purine/Pyrimidine,G>C
22992266,rs2042013,CC,CC,TC,91,82,99,NC_000008.11,Mutation NB - Maternal Origin,Transition - Pyrimidine/Pyrimidine,Unsolved
23326344,rs11135726,TT,AA,TT,85,85,9,NC_000008.11,Mutation NB - Maternal Origin,Transversion - Purine/Pyrimidine,A>T
27007451,rs9314332,TT,CT,CC,91,70,9,NC_000008.11,Mutation NB - Paternal Origin,Transition - Pyrimidine/Pyrimidine,T>C
27697334,rs693832,TT,TT,CC,79,88,9,NC_000008.11,Mutation NB - Paternal Origin,Transition - Pyrimidine/Pyrimidine,Unsolved
27697344,rs693841,CC,TT,CC,79,88,18,NC_000008.11,Mutation NB - Maternal Origin,Transition - Pyrimidine/Pyrimidine,T>C
27750662,rs17477565,GG,AA,GG,70,91,42,NC_000008.11,Mutation NB - Maternal Origin,Transition - Purine/Purine,A>G
28195425,.,TT,TT,TC,85,70,68,NC_000008.11,Mutation NB - Maternal Origin,Transition - Pyrimidine/Pyrimidine,Unsolved
28439697,rs13276415,GG,GA,AA,100,35,18,NC_000008.11,Mutation NB - Paternal Origin,Transition - Purine/Purine,G>A
30028119,rs10090849,GG,AA,AA,91,88,9,NC_000008.11,Mutation NB - Paternal Origin,Transition - Purine/Purine,G>A
34437579,rs7842180,GG,GG,GA,91,88,21,NC_000008.11,Mutation NB - Maternal Origin,Transition - Purine/Purine,Unsolved
36904954,rs6468383,TT,CC,TT,76,43,12,NC_000008.11,Mutation NB - Maternal Origin,Transition - Pyrimidine/Pyrimidine,C>T
37129461,rs535885,CC,TT,CC,67,61,0,NC_000008.11,Mutation NB - Maternal Origin,Transition - Pyrimidine/Pyrimidine,T>C
38629028,.,TT,TT,TC,61,100,41,NC_000008.11,Mutation NB - Paternal Origin,Transition - Pyrimidine/Pyrimidine,Unsolved
40946273,.,AA,AA,AG,91,79,29,NC_000008.11,Mutation NB - Maternal Origin,Transition - Purine/Purine,Unsolved
42432056,.,AA,AA,AG,79,73,62,NC_000008.11,Mutation NB - Maternal Origin,Transition - Purine/Purine,Unsolved
46341929,.,CC,CC,CT,67,19,41,NC_000008.11,Mutation NB - Maternal Origin,Transition - Pyrimidine/Pyrimidine,Unsolved
48841614,rs7816893,TT,CC,CC,88,28,54,NC_000008.11,Mutation NB - Paternal Origin,Transition - Pyrimidine/Pyrimidine,T>C
49502693,rs368989130,AA,GG,GG,71,64,21,NC_000008.11,Mutation NB - Paternal Origin,Transition - Purine/Purine,A>G
53140705,rs1838323,CC,TT,TT,79,52,0,NC_000008.11,Mutation NB - Paternal Origin,Transition - Pyrimidine/Pyrimidine,C>T
59990081,rs585514,GG,GG,GA,82,88,99,NC_000008.11,Mutation NB - Paternal Origin,Transition - Purine/Purine,Unsolved
60152195,rs1436757999,TT,TT,TC,55,67,41,NC_000008.11,Mutation NB - Paternal Origin,Transition - Pyrimidine/Pyrimidine,Unsolved
61030304,rs10110912,CC,CC,GG,88,79,9,NC_000008.11,Mutation NB - Maternal Origin,Transversion - Purine/Pyrimidine,Unsolved
66227888,.,AA,AA,AG,82,67,44,NC_000008.11,Mutation NB - Maternal Origin,Transition - Purine/Purine,Unsolved
69705005,rs111794230,CC,CC,CT,100,61,99,NC_000008.11,Mutation NB - Maternal Origin,Transition - Pyrimidine/Pyrimidine,Unsolved
71582418,rs2194621,AA,AA,AG,100,82,59,NC_000008.11,Mutation NB - Maternal Origin,Transition - Purine/Purine,Unsolved
73770803,rs9643417,CC,CC,CA,88,100,99,NC_000008.11,Mutation NB - Paternal Origin,Transversion - Purine/Pyrimidine,Unsolved
76971716,rs78890145,GC,GG,CC,6,100,36,NC_000008.11,Mutation NB - Maternal Origin,Transversion - Purine/Pyrimidine,G>C
78329865,rs28725491,AA,GG,GG,76,88,9,NC_000008.11,Mutation NB - Paternal Origin,Transition - Purine/Purine,A>G
83460410,rs7814102,CC,TT,CC,85,82,18,NC_000008.11,Mutation NB - Maternal Origin,Transition - Pyrimidine/Pyrimidine,T>C
88350292,rs76428953,AA,AA,AT,82,61,99,NC_000008.11,Mutation NB - Maternal Origin,Transversion - Purine/Pyrimidine,Unsolved
90609476,rs10956750,GC,GG,CC,70,88,12,NC_000008.11,Mutation NB - Maternal Origin,Transversion - Purine/Pyrimidine,G>C
90665698,rs4332092,GA,GG,AA,70,85,15,NC_000008.11,Mutation NB - Maternal Origin,Transition - Purine/Purine,G>A
91867026,rs735288,CC,TT,TT,88,79,9,NC_000008.11,Mutation NB - Paternal Origin,Transition - Pyrimidine/Pyrimidine,C>T
98835494,.,AA,AA,AG,91,61,56,NC_000008.11,Mutation NB - Maternal Origin,Transition - Purine/Purine,Unsolved
100658387,rs1612817,CC,CC,CT,70,85,99,NC_000008.11,Mutation NB - Paternal Origin,Transition - Pyrimidine/Pyrimidine,Unsolved
104124928,rs7464325,AG,AA,GG,70,91,33,NC_000008.11,Mutation NB - Maternal Origin,Transition - Purine/Purine,A>G
109691711,rs77812896,GG,GA,AA,88,1,24,NC_000008.11,Mutation NB - Paternal Origin,Transition - Purine/Purine,G>A
109691730,rs75907245,AA,GG,GG,88,67,0,NC_000008.11,Mutation NB - Paternal Origin,Transition - Purine/Purine,A>G
110892717,rs182581525,CC,CC,CA,100,64,71,NC_000008.11,Mutation NB - Maternal Origin,Transversion - Purine/Pyrimidine,Unsolved
111611901,rs571441431,AA,AA,GG,91,76,12,NC_000008.11,Mutation NB - Maternal Origin,Transition - Purine/Purine,Unsolved
111693727,.,AA,AA,AG,79,58,62,NC_000008.11,Mutation NB - Maternal Origin,Transition - Purine/Purine,Unsolved
112079785,rs4436153,CC,CT,TT,100,1,24,NC_000008.11,Mutation NB - Paternal Origin,Transition - Pyrimidine/Pyrimidine,C>T
120786405,.,AA,AA,AG,67,52,59,NC_000008.11,Mutation NB - Maternal Origin,Transition - Purine/Purine,Unsolved
123057389,rs6470135,GG,TT,GG,85,79,0,NC_000008.11,Mutation NB - Maternal Origin,Transition - Purine/Purine,Transversion - Purine/Pyrimidine,T>G
125365122,rs75886683,GG,GG,GA,100,64,99,NC_000008.11,Mutation NB - Maternal Origin,Transition - Purine/Purine,Unsolved
125641458,rs192288890,TT,CC,CC,85,64,15,NC_000008.11,Mutation NB - Paternal Origin,Transition - Pyrimidine/Pyrimidine,T>C
128000368,rs60761694,TT,CC,CC,88,88,9,NC_000008.11,Mutation NB - Paternal Origin,Transition - Pyrimidine/Pyrimidine,T>C
128000375,rs114597356,CC,CC,CT,88,88,33,NC_000008.11,Mutation NB - Paternal or Maternal,Transition - Pyrimidine/Pyrimidine,Unsolved
133926261,rs7820020,AG,AA,GG,67,100,33,NC_000008.11,Mutation NB - Maternal Origin,Transition - Purine/Purine,A>G
134445602,rs13278825,CC,GG,CC,82,100,9,NC_000008.11,Mutation NB - Maternal Origin,Transversion - Purine/Pyrimidine,G>C
134465207,rs150993291,CT,CC,TT,42,79,1,NC_000008.11,Mutation NB - Maternal Origin,Transversion - Purine/Pyrimidine,C>T
135690459,rs75855159,CA,CC,AA,1,82,18,NC_000008.11,Mutation NB - Maternal Origin,Transversion - Purine/Pyrimidine,C>A
136919217,rs6983316,CC,GG,GG,100,76,12,NC_000008.11,Mutation NB - Paternal Origin,Transversion - Purine/Pyrimidine,C>G
137741216,rs13281797,CC,CT,TT,100,1,15,NC_000008.11,Mutation NB - Paternal Origin,Transition - Pyrimidine/Pyrimidine,C>T
139250417,.,TT,TT,TC,82,67,53,NC_000008.11,Mutation NB - Maternal Origin,Transition - Pyrimidine/Pyrimidine,Unsolved
139550920,.,GG,GG,GA,76,91,55,NC_000008.11,Mutation NB - Paternal Origin,Transition - Purine/Purine,Unsolved
139571945,rs4736081,CT,TT,CC,35,82,21,NC_000008.11,Mutation NB - Maternal Origin,Transition - Pyrimidine/Pyrimidine,T>C
139626360,rs150166265,CC,CC,CA,100,85,27,NC_000008.11,Mutation NB - Maternal Origin,Transversion - Purine/Pyrimidine,Unsolved
140629450,rs11786629,CC,AA,CC,88,100,21,NC_000008.11,Mutation NB - Maternal Origin,Transversion - Purine/Pyrimidine,A>C
141029669,rs7001516,CC,GG,GG,92,64,18,NC_000008.11,Mutation NB - Paternal Origin,Transversion - Purine/Pyrimidine,C>G
141029793,rs7001816,AA,GG,GG,91,58,12,NC_000008.11,Mutation NB - Paternal Origin,Transition - Purine/Purine,A>G
141122224,rs1001849,TT,CC,CC,100,67,27,NC_000008.11,Mutation NB - Paternal Origin,Transition - Pyrimidine/Pyrimidine,T>C
141327635,rs6985508,GG,GG,GA,91,91,90,NC_000008.11,Mutation NB - Paternal or Maternal,Transition - Purine/Purine,Unsolved
141331659,rs13279009,TT,CC,TT,79,76,0,NC_000008.11,Mutation NB - Maternal Origin,Transition - Pyrimidine/Pyrimidine,C>T
141331683,rs11997579,AA,TT,AA,79,76,0,NC_000008.11,Mutation NB - Maternal Origin,Transversion - Purine/Pyrimidine,T>A
141493272,rs2402037,CC,GG,GG,91,88,24,NC_000008.11,Mutation NB - Paternal Origin,Transversion - Purine/Pyrimidine,C>G
141494383,rs56803826,GG,AA,GG,91,82,9,NC_000008.11,Mutation NB - Maternal Origin,Transition - Purine/Purine,A>G
141506776,rs117396196,CC,CT,TT,85,67,9,NC_000008.11,Mutation NB - Paternal Origin,Transition - Pyrimidine/Pyrimidine,C>T
141551652,rs114623385,TT,TT,AA,100,85,12,NC_000008.11,Mutation NB - Maternal Origin,Transition - Purine/Purine,Transversion - Purine/Pyrimidine,Unsolved
141617646,rs4907326,AA,GA,GG,49,1,0,NC_000008.11,Mutation NB - Paternal Origin,Transition - Purine/Purine,A>G
141628455,rs149815695,CC,CC,CT,82,100,23,NC_000008.11,Mutation NB - Paternal Origin,Transition - Pyrimidine/Pyrimidine,Unsolved
142149035,rs62514710,GG,GC,CC,100,1,9,NC_000008.11,Mutation NB - Paternal Origin,Transversion - Purine/Pyrimidine,G>C
142297735,rs12682233,TT,TT,TC,100,64,99,NC_000008.11,Mutation NB - Maternal Origin,Transition - Pyrimidine/Pyrimidine,Unsolved
142576497,rs6583649,TT,TT,CC,100,100,15,NC_000008.11,Mutation NB - Paternal or Maternal,Transition - Pyrimidine/Pyrimidine,Unsolved
142956052,rs73715286,TT,TT,TC,79,73,86,NC_000008.11,Mutation NB - Maternal Origin,Transition - Pyrimidine/Pyrimidine,Unsolved
143421003,rs1487887,AA,GG,GG,91,67,15,NC_000008.11,Mutation NB - Paternal Origin,Transition - Purine/Purine,A>G
144470412,.,TT,TT,TC,70,37,44,NC_000008.11,Mutation NB - Maternal Origin,Transition - Pyrimidine/Pyrimidine,Unsolved
1833346,rs59622343,TT,TT,CC,100,91,12,NC_000009.12,Mutation NB - Maternal Origin,Transition - Pyrimidine/Pyrimidine,Unsolved
1871282,rs73389641,AA,GG,GG,88,85,12,NC_000009.12,Mutation NB - Paternal Origin,Transition - Purine/Purine,A>G
3624557,rs58276821,AA,GG,GG,82,91,9,NC_000009.12,Mutation NB - Paternal Origin,Transition - Purine/Purine,A>G
4288424,rs2068979,GT,GG,TT,39,73,24,NC_000009.12,Mutation NB - Maternal Origin,Transversion - Purine/Pyrimidine,G>T
6632061,rs1260463,AA,AA,GA,91,91,99,NC_000009.12,Mutation NB - Paternal or Maternal,Transition - Purine/Purine,Unsolved
6632102,rs1260464,CC,CC,GC,91,91,99,NC_000009.12,Mutation NB - Paternal or Maternal,Transversion - Purine/Pyrimidine,Unsolved
6632104,rs72695579,TT,TT,GT,91,91,99,NC_000009.12,Mutation NB - Paternal or Maternal,Transition - Pyrimidine/Pyrimidine,Transversion - Purine/Pyrimidine,Unsolved
8365047,rs1500320,GA,AA,GG,1,88,0,NC_000009.12,Mutation NB - Maternal Origin,Transition - Purine/Purine,A>G
8468070,rs111306569,AA,AA,AG,100,70,99,NC_000009.12,Mutation NB - Maternal Origin,Transition - Purine/Purine,Unsolved
11500424,rs10959867,GG,AA,AA,88,73,33,NC_000009.12,Mutation NB - Paternal Origin,Transition - Purine/Purine,G>A
11868796,rs10756301,CC,CC,CG,91,100,65,NC_000009.12,Mutation NB - Paternal Origin,Transversion - Purine/Pyrimidine,Unsolved
11928189,rs62550685,TT,TT,TC,76,100,98,NC_000009.12,Mutation NB - Paternal Origin,Transition - Pyrimidine/Pyrimidine,Unsolved
14343411,rs927521,AA,AA,AG,100,70,24,NC_000009.12,Mutation NB - Maternal Origin,Transition - Purine/Purine,Unsolved
17791193,rs16935988,GG,GG,GA,100,82,98,NC_000009.12,Mutation NB - Maternal Origin,Transition - Purine/Purine,Unsolved
17862208,.,AA,AA,AG,79,67,59,NC_000009.12,Mutation NB - Maternal Origin,Transition - Purine/Purine,Unsolved
20542959,rs7041971,TT,TT,AA,91,100,12,NC_000009.12,Mutation NB - Paternal Origin,Transition - Purine/Purine,Transversion - Purine/Pyrimidine,Unsolved
21193433,rs10811497,AA,TT,TT,82,67,15,NC_000009.12,Mutation NB - Paternal Origin,Transversion - Purine/Pyrimidine,A>T
22572731,rs1172672148,CC,CC,CT,79,55,71,NC_000009.12,Mutation NB - Maternal Origin,Transition - Pyrimidine/Pyrimidine,Unsolved
23045415,rs1856496,TT,TT,TC,100,46,99,NC_000009.12,Mutation NB - Maternal Origin,Transition - Pyrimidine/Pyrimidine,Unsolved
23063595,rs114275178,TT,TT,TC,85,82,21,NC_000009.12,Mutation NB - Maternal Origin,Transition - Pyrimidine/Pyrimidine,Unsolved
23576416,rs77430949,TG,TT,GG,82,73,21,NC_000009.12,Mutation NB - Maternal Origin,Transversion - Purine/Pyrimidine,T>G
24135461,.,CC,CC,CG,79,85,49,NC_000009.12,Mutation NB - Paternal Origin,Transversion - Purine/Pyrimidine,Unsolved
25807844,rs1034175,AA,GG,GG,82,70,24,NC_000009.12,Mutation NB - Paternal Origin,Transition - Purine/Purine,A>G
26980182,rs78946552,AA,AA,AG,76,64,47,NC_000009.12,Mutation NB - Maternal Origin,Transition - Purine/Purine,Unsolved
27745014,.,AA,AA,AG,46,55,56,NC_000009.12,Mutation NB - Paternal Origin,Transition - Purine/Purine,Unsolved
28043292,rs1198007,AA,CC,CC,88,61,18,NC_000009.12,Mutation NB - Paternal Origin,Transversion - Purine/Pyrimidine,A>C
31469614,.,TT,TT,TC,76,70,40,NC_000009.12,Mutation NB - Maternal Origin,Transition - Pyrimidine/Pyrimidine,Unsolved
31500159,rs34166195,GG,CC,CC,85,52,0,NC_000009.12,Mutation NB - Paternal Origin,Transversion - Purine/Pyrimidine,G>C
32815149,.,TT,TT,TC,76,43,48,NC_000009.12,Mutation NB - Maternal Origin,Transition - Pyrimidine/Pyrimidine,Unsolved
35559216,rs2295842,CC,TT,CC,88,91,0,NC_000009.12,Mutation NB - Maternal Origin,Transition - Pyrimidine/Pyrimidine,T>C
38019461,rs7034351,AA,GG,GG,100,73,24,NC_000009.12,Mutation NB - Paternal Origin,Transition - Purine/Purine,A>G
40884902,rs74392799,GG,GG,GT,92,52,59,NC_000009.12,Mutation NB - Maternal Origin,Transversion - Purine/Pyrimidine,Unsolved
42773294,rs28541884,TT,GT,GG,76,70,0,NC_000009.12,Mutation NB - Paternal Origin,Transversion - Purine/Pyrimidine,T>G
61680147,.,AA,AA,AG,46,76,55,NC_000009.12,Mutation NB - Paternal Origin,Transition - Purine/Purine,Unsolved
68609002,rs10869115,AA,GG,AA,91,91,9,NC_000009.12,Mutation NB - Maternal Origin,Transition - Purine/Purine,G>A
68788190,rs1889937,GG,AA,AA,91,85,15,NC_000009.12,Mutation NB - Paternal Origin,Transition - Purine/Purine,G>A
69723242,.,AA,AA,AG,76,64,78,NC_000009.12,Mutation NB - Maternal Origin,Transition - Purine/Purine,Unsolved
70537054,rs3739776,CC,TT,TT,76,85,12,NC_000009.12,Mutation NB - Paternal Origin,Transition - Pyrimidine/Pyrimidine,C>T
72575869,rs13292261,TT,TT,TC,100,64,99,NC_000009.12,Mutation NB - Maternal Origin,Transition - Pyrimidine/Pyrimidine,Unsolved
76144586,.,TT,TT,TC,70,58,47,NC_000009.12,Mutation NB - Maternal Origin,Transition - Pyrimidine/Pyrimidine,Unsolved
76523734,rs1266607000,TT,TT,TC,91,85,65,NC_000009.12,Mutation NB - Maternal Origin,Transition - Pyrimidine/Pyrimidine,Unsolved
76997043,rs10781406,AA,GG,AA,61,64,0,NC_000009.12,Mutation NB - Maternal Origin,Transition - Purine/Purine,G>A
78410285,rs116213112,CC,CC,CT,100,73,99,NC_000009.12,Mutation NB - Maternal Origin,Transition - Pyrimidine/Pyrimidine,Unsolved
80938589,rs11794367,AA,GG,GG,100,85,21,NC_000009.12,Mutation NB - Paternal Origin,Transition - Purine/Purine,A>G
83121649,rs549450535,AA,TT,TT,77,61,0,NC_000009.12,Mutation NB - Paternal Origin,Transversion - Purine/Pyrimidine,A>T
84852361,rs1822420,TT,CC,CC,88,79,36,NC_000009.12,Mutation NB - Paternal Origin,Transition - Pyrimidine/Pyrimidine,T>C
85045433,.,CC,CC,CT,82,82,51,NC_000009.12,Mutation NB - Paternal or Maternal,Transition - Pyrimidine/Pyrimidine,Unsolved
86099099,rs7860798,AA,AA,CA,91,67,99,NC_000009.12,Mutation NB - Maternal Origin,Transversion - Purine/Pyrimidine,Unsolved
87647478,rs2274607,AA,GG,GG,82,64,12,NC_000009.12,Mutation NB - Paternal Origin,Transition - Purine/Purine,A>G
89383023,rs7469438,TT,GG,GG,88,91,12,NC_000009.12,Mutation NB - Paternal Origin,Transversion - Purine/Pyrimidine,T>G
89711531,rs11788218,CC,CG,GG,100,82,9,NC_000009.12,Mutation NB - Paternal Origin,Transversion - Purine/Pyrimidine,C>G
89848369,rs987321415,AA,AA,AG,100,85,98,NC_000009.12,Mutation NB - Maternal Origin,Transition - Purine/Purine,Unsolved
93107500,rs7028778,TT,CC,CC,88,85,39,NC_000009.12,Mutation NB - Paternal Origin,Transition - Pyrimidine/Pyrimidine,T>C
93325729,rs10821108,CC,CC,CG,67,100,99,NC_000009.12,Mutation NB - Paternal Origin,Transversion - Purine/Pyrimidine,Unsolved
93428115,.,TT,TT,TC,76,61,47,NC_000009.12,Mutation NB - Maternal Origin,Transition - Pyrimidine/Pyrimidine,Unsolved
93509085,rs10821147,TT,TT,TC,100,70,59,NC_000009.12,Mutation NB - Maternal Origin,Transition - Pyrimidine/Pyrimidine,Unsolved
93669538,rs3750361,TT,CC,CC,91,91,9,NC_000009.12,Mutation NB - Paternal Origin,Transition - Pyrimidine/Pyrimidine,T>C
93669577,rs3750362,GG,AA,AA,91,100,9,NC_000009.12,Mutation NB - Paternal Origin,Transition - Purine/Purine,G>A
95623417,.,TT,TT,TC,82,70,47,NC_000009.12,Mutation NB - Maternal Origin,Transition - Pyrimidine/Pyrimidine,Unsolved
97374288,rs3747493,AA,GG,GG,85,100,0,NC_000009.12,Mutation NB - Paternal Origin,Transition - Purine/Purine,A>G
97699433,.,TT,TT,TC,64,40,41,NC_000009.12,Mutation NB - Maternal Origin,Transition - Pyrimidine/Pyrimidine,Unsolved
98999434,rs7867960,CC,TT,CC,82,85,12,NC_000009.12,Mutation NB - Maternal Origin,Transition - Pyrimidine/Pyrimidine,T>C
100003867,rs1830402660,TT,TT,TC,88,88,66,NC_000009.12,Mutation NB - Paternal or Maternal,Transition - Pyrimidine/Pyrimidine,Unsolved
104503681,rs2417532,GA,AA,GG,1,67,0,NC_000009.12,Mutation NB - Maternal Origin,Transition - Purine/Purine,A>G
104503708,rs10820661,CC,TT,CC,52,67,0,NC_000009.12,Mutation NB - Maternal Origin,Transition - Pyrimidine/Pyrimidine,T>C
104556814,.,CC,CC,CT,61,61,62,NC_000009.12,Mutation NB - Paternal or Maternal,Transition - Pyrimidine/Pyrimidine,Unsolved
104556841,.,TT,TT,TC,61,61,62,NC_000009.12,Mutation NB - Paternal or Maternal,Transition - Pyrimidine/Pyrimidine,Unsolved
104556844,rs1608494,TT,CC,CC,52,37,0,NC_000009.12,Mutation NB - Paternal Origin,Transition - Pyrimidine/Pyrimidine,T>C
104700754,rs6479276,TT,GG,GG,73,85,15,NC_000009.12,Mutation NB - Paternal Origin,Transversion - Purine/Pyrimidine,T>G
107181841,.,AA,AA,AG,34,28,39,NC_000009.12,Mutation NB - Maternal Origin,Transition - Purine/Purine,Unsolved
108394638,rs7026572,GG,AA,AA,73,58,15,NC_000009.12,Mutation NB - Paternal Origin,Transition - Purine/Purine,G>A
108659943,rs2417916,TT,AA,AA,79,64,12,NC_000009.12,Mutation NB - Paternal Origin,Transversion - Purine/Pyrimidine,T>A
113697478,rs4978554,TT,CC,CC,88,85,9,NC_000009.12,Mutation NB - Paternal Origin,Transition - Pyrimidine/Pyrimidine,T>C
113947080,rs10982014,GG,GG,GC,100,58,66,NC_000009.12,Mutation NB - Maternal Origin,Transition - Purine/Purine,Transversion - Purine/Pyrimidine,Unsolved
114177411,.,AA,AA,AG,82,79,65,NC_000009.12,Mutation NB - Maternal Origin,Transition - Purine/Purine,Unsolved
116819420,rs2416571,GG,AA,AA,85,91,0,NC_000009.12,Mutation NB - Paternal Origin,Transition - Purine/Purine,G>A
117054905,rs871125,CC,AA,CC,82,55,0,NC_000009.12,Mutation NB - Maternal Origin,Transversion - Purine/Pyrimidine,A>C
117087084,rs7047202,AA,CC,CC,91,88,24,NC_000009.12,Mutation NB - Paternal Origin,Transversion - Purine/Pyrimidine,A>C
117137800,rs10817998,CC,AA,CC,64,85,0,NC_000009.12,Mutation NB - Maternal Origin,Transversion - Purine/Pyrimidine,A>C
117502640,rs12349521,TT,CC,TT,82,76,0,NC_000009.12,Mutation NB - Maternal Origin,Transition - Pyrimidine/Pyrimidine,C>T
119177393,rs10984430,GG,AA,AA,73,79,21,NC_000009.12,Mutation NB - Paternal Origin,Transition - Purine/Purine,G>A
124218621,rs10760334,CC,GG,GG,100,58,9,NC_000009.12,Mutation NB - Paternal Origin,Transversion - Purine/Pyrimidine,C>G
124294914,rs4838155,AA,GG,GG,55,67,24,NC_000009.12,Mutation NB - Paternal Origin,Transition - Purine/Purine,A>G
124476053,rs4838186,CC,TC,TT,88,1,0,NC_000009.12,Mutation NB - Paternal Origin,Transition - Pyrimidine/Pyrimidine,C>T
125411024,rs111615602,CC,CC,CT,100,76,99,NC_000009.12,Mutation NB - Maternal Origin,Transition - Pyrimidine/Pyrimidine,Unsolved
126578413,rs7868155,GG,GG,GA,88,76,23,NC_000009.12,Mutation NB - Maternal Origin,Transition - Purine/Purine,Unsolved
127136440,rs946428,AA,AG,GG,100,70,9,NC_000009.12,Mutation NB - Paternal Origin,Transition - Purine/Purine,A>G
127167959,rs73595460,AA,AA,AG,100,79,29,NC_000009.12,Mutation NB - Maternal Origin,Transition - Purine/Purine,Unsolved
127178860,rs883747,CC,TT,CC,91,94,18,NC_000009.12,Mutation NB - Maternal Origin,Transition - Pyrimidine/Pyrimidine,T>C
127685215,.,AA,AA,AG,85,61,60,NC_000009.12,Mutation NB - Maternal Origin,Transition - Purine/Purine,Unsolved
127727279,rs472144,AA,AG,GG,82,69,15,NC_000009.12,Mutation NB - Paternal Origin,Transition - Purine/Purine,A>G
127739959,rs7852090,CC,TT,TT,82,76,0,NC_000009.12,Mutation NB - Paternal Origin,Transition - Pyrimidine/Pyrimidine,C>T
130385930,rs2210623,AA,AA,AG,100,67,99,NC_000009.12,Mutation NB - Maternal Origin,Transition - Purine/Purine,Unsolved
131038047,rs3780275,GG,AA,AA,85,82,33,NC_000009.12,Mutation NB - Paternal Origin,Transition - Purine/Purine,G>A
131038176,rs3780274,CC,TT,CC,88,85,0,NC_000009.12,Mutation NB - Maternal Origin,Transition - Pyrimidine/Pyrimidine,T>C
131067502,rs12553527,AA,CC,CC,67,61,18,NC_000009.12,Mutation NB - Paternal Origin,Transversion - Purine/Pyrimidine,A>C
133761987,rs115854104,TT,CC,CC,82,73,18,NC_000009.12,Mutation NB - Paternal Origin,Transition - Pyrimidine/Pyrimidine,T>C
133912683,rs2810503,AA,AG,GG,100,1,24,NC_000009.12,Mutation NB - Paternal Origin,Transition - Purine/Purine,A>G
134443675,rs3118523,GG,AA,AA,100,61,9,NC_000009.12,Mutation NB - Paternal Origin,Transition - Purine/Purine,G>A
134914488,rs2989721,GG,AA,AA,85,82,0,NC_000009.12,Mutation NB - Paternal Origin,Transition - Purine/Purine,G>A
134914498,rs3012788,TT,CC,CC,85,82,0,NC_000009.12,Mutation NB - Paternal Origin,Transition - Pyrimidine/Pyrimidine,T>C
134993715,rs2279264,AG,GG,AA,70,82,0,NC_000009.12,Mutation NB - Maternal Origin,Transition - Purine/Purine,G>A
134993753,rs17039620,AG,GG,AA,70,82,0,NC_000009.12,Mutation NB - Maternal Origin,Transition - Purine/Purine,G>A
135303267,rs4841961,AA,AA,CA,79,85,99,NC_000009.12,Mutation NB - Paternal Origin,Transversion - Purine/Pyrimidine,Unsolved
135328856,rs9410016,CC,CC,CG,100,58,21,NC_000009.12,Mutation NB - Maternal Origin,Transversion - Purine/Pyrimidine,Unsolved
135686070,rs515074,AA,GG,GG,79,79,0,NC_000009.12,Mutation NB - Paternal Origin,Transition - Purine/Purine,A>G
135712008,rs13301711,CC,CC,CT,100,55,65,NC_000009.12,Mutation NB - Maternal Origin,Transition - Pyrimidine/Pyrimidine,Unsolved
135738597,rs7874277,CC,AC,AA,85,1,0,NC_000009.12,Mutation NB - Paternal Origin,Transversion - Purine/Pyrimidine,C>A
136367481,rs3812555,TT,CC,TT,91,100,12,NC_000009.12,Mutation NB - Maternal Origin,Transition - Pyrimidine/Pyrimidine,C>T
136623857,rs10870100,TT,GG,GG,100,91,9,NC_000009.12,Mutation NB - Paternal Origin,Transversion - Purine/Pyrimidine,T>G
136806153,rs2811795,CC,CC,TC,82,85,33,NC_000009.12,Mutation NB - Paternal Origin,Transition - Pyrimidine/Pyrimidine,Unsolved
136982602,.,GG,GG,GA,73,61,60,NC_000009.12,Mutation NB - Maternal Origin,Transition - Purine/Purine,Unsolved
137788155,rs4333684,TT,CC,TT,79,58,0,NC_000009.12,Mutation NB - Maternal Origin,Transition - Pyrimidine/Pyrimidine,C>T
514502,.,AA,AA,AG,91,76,53,NC_000010.11,Mutation NB - Maternal Origin,Transition - Purine/Purine,Unsolved
1659594,rs10751812,TT,CC,TT,85,79,15,NC_000010.11,Mutation NB - Maternal Origin,Transition - Pyrimidine/Pyrimidine,C>T
3132832,rs9423485,TC,CC,TT,73,79,0,NC_000010.11,Mutation NB - Maternal Origin,Transversion - Purine/Pyrimidine,C>T
3149011,rs4881115,AA,GG,AA,100,88,9,NC_000010.11,Mutation NB - Maternal Origin,Transition - Purine/Purine,G>A
3420454,rs1572536,AA,GA,GG,85,38,0,NC_000010.11,Mutation NB - Paternal Origin,Transition - Purine/Purine,A>G
5327687,.,TT,TT,TC,91,61,59,NC_000010.11,Mutation NB - Maternal Origin,Transition - Pyrimidine/Pyrimidine,Unsolved
5504436,rs9423437,AA,AC,CC,100,1,30,NC_000010.11,Mutation NB - Paternal Origin,Transversion - Purine/Pyrimidine,A>C
5650935,rs567608006,GG,GA,AA,91,12,21,NC_000010.11,Mutation NB - Paternal Origin,Transition - Purine/Purine,G>A
6145803,rs11256977,TT,TT,TC,85,100,40,NC_000010.11,Mutation NB - Paternal Origin,Transition - Pyrimidine/Pyrimidine,Unsolved
6236517,.,TT,TT,TC,79,82,59,NC_000010.11,Mutation NB - Paternal Origin,Transition - Pyrimidine/Pyrimidine,Unsolved
7069328,.,TT,TT,TC,67,70,50,NC_000010.11,Mutation NB - Paternal Origin,Transition - Pyrimidine/Pyrimidine,Unsolved
8918380,rs290916,CC,CC,TT,88,100,12,NC_000010.11,Mutation NB - Paternal Origin,Transition - Pyrimidine/Pyrimidine,Unsolved
12567088,.,GG,GG,GA,73,46,47,NC_000010.11,Mutation NB - Maternal Origin,Transition - Purine/Purine,Unsolved
12647915,rs12780223,TT,CC,TT,88,73,0,NC_000010.11,Mutation NB - Maternal Origin,Transition - Pyrimidine/Pyrimidine,C>T
18261035,rs536234420,CC,CC,CA,100,88,68,NC_000010.11,Mutation NB - Maternal Origin,Transversion - Purine/Pyrimidine,Unsolved
19318198,rs73593867,TG,TT,GG,1,61,15,NC_000010.11,Mutation NB - Maternal Origin,Transversion - Purine/Pyrimidine,T>G
19861759,rs11011647,TT,CT,CC,70,1,0,NC_000010.11,Mutation NB - Paternal Origin,Transition - Pyrimidine/Pyrimidine,T>C
21147793,rs313793,GG,AA,GG,91,88,9,NC_000010.11,Mutation NB - Maternal Origin,Transition - Purine/Purine,A>G
23595169,rs75476584,CC,CC,CT,100,91,99,NC_000010.11,Mutation NB - Maternal Origin,Transition - Pyrimidine/Pyrimidine,Unsolved
24865691,rs75604132,TT,TT,TC,100,73,33,NC_000010.11,Mutation NB - Maternal Origin,Transition - Pyrimidine/Pyrimidine,Unsolved
26246008,rs2839677,CC,TT,TT,82,64,18,NC_000010.11,Mutation NB - Paternal Origin,Transition - Pyrimidine/Pyrimidine,C>T
27983513,.,TT,TT,TC,79,70,43,NC_000010.11,Mutation NB - Maternal Origin,Transition - Pyrimidine/Pyrimidine,Unsolved
28060490,rs6481498,GG,GG,GT,88,76,99,NC_000010.11,Mutation NB - Maternal Origin,Transversion - Purine/Pyrimidine,Unsolved
28060509,rs185191808,AA,AA,AG,88,76,99,NC_000010.11,Mutation NB - Maternal Origin,Transition - Purine/Purine,Unsolved
29951997,rs1774212,CT,CC,TT,25,100,45,NC_000010.11,Mutation NB - Maternal Origin,Transversion - Purine/Pyrimidine,C>T
29952006,rs1756748,GA,GG,AA,25,100,45,NC_000010.11,Mutation NB - Maternal Origin,Transition - Purine/Purine,G>A
34860861,rs12218243,AA,CC,CC,88,64,0,NC_000010.11,Mutation NB - Paternal Origin,Transversion - Purine/Pyrimidine,A>C
36570052,rs2503057,CC,CC,CG,100,79,21,NC_000010.11,Mutation NB - Maternal Origin,Transversion - Purine/Pyrimidine,Unsolved
36734674,rs11599174,GG,GT,TT,85,19,18,NC_000010.11,Mutation NB - Paternal Origin,Transversion - Purine/Pyrimidine,G>T
41750044,rs11815056,CC,CT,TT,88,1,9,NC_000010.11,Mutation NB - Paternal Origin,Transition - Pyrimidine/Pyrimidine,C>T
42879065,rs73256296,AA,GG,GG,91,82,9,NC_000010.11,Mutation NB - Paternal Origin,Transition - Purine/Purine,A>G
42975394,rs12411293,CC,CT,TT,82,1,9,NC_000010.11,Mutation NB - Paternal Origin,Transition - Pyrimidine/Pyrimidine,C>T
43096710,rs2505537,CC,TC,TT,73,25,0,NC_000010.11,Mutation NB - Paternal Origin,Transition - Pyrimidine/Pyrimidine,C>T
44559314,rs11598916,GG,GG,GA,100,79,99,NC_000010.11,Mutation NB - Maternal Origin,Transition - Purine/Purine,Unsolved
44586244,rs17487074,CA,CC,AA,5,85,12,NC_000010.11,Mutation NB - Maternal Origin,Transversion - Purine/Pyrimidine,C>A
47028116,rs1373553710,GG,GG,GA,82,64,59,NC_000010.11,Mutation NB - Maternal Origin,Transition - Purine/Purine,Unsolved
48334337,rs10745269,CC,TT,TT,100,64,21,NC_000010.11,Mutation NB - Paternal Origin,Transition - Pyrimidine/Pyrimidine,C>T
48713501,rs2377626,CC,CC,CT,91,91,65,NC_000010.11,Mutation NB - Paternal or Maternal,Transition - Pyrimidine/Pyrimidine,Unsolved
49284339,rs4838489,AA,AG,GG,91,41,27,NC_000010.11,Mutation NB - Paternal Origin,Transition - Purine/Purine,A>G
49351441,rs201703798,GG,GG,GT,100,52,99,NC_000010.11,Mutation NB - Maternal Origin,Transversion - Purine/Pyrimidine,Unsolved
50021728,rs148870862,CA,CC,AA,37,91,36,NC_000010.11,Mutation NB - Maternal Origin,Transversion - Purine/Pyrimidine,C>A
52299590,rs7916906,GG,TG,TT,71,1,0,NC_000010.11,Mutation NB - Paternal Origin,Transversion - Purine/Pyrimidine,G>T
52889759,rs7897451,GG,GG,GA,100,64,27,NC_000010.11,Mutation NB - Maternal Origin,Transition - Purine/Purine,Unsolved
57447660,rs11527537,CC,CC,CA,91,88,67,NC_000010.11,Mutation NB - Maternal Origin,Transversion - Purine/Pyrimidine,Unsolved
58081364,rs55775510,AA,GG,GG,91,55,21,NC_000010.11,Mutation NB - Paternal Origin,Transition - Purine/Purine,A>G
63857042,rs7918789,TT,GG,GG,88,88,0,NC_000010.11,Mutation NB - Paternal Origin,Transversion - Purine/Pyrimidine,T>G
68610708,.,AA,AA,AG,91,91,33,NC_000010.11,Mutation NB - Paternal or Maternal,Transition - Purine/Purine,Unsolved
69633968,.,CC,CC,CT,88,76,62,NC_000010.11,Mutation NB - Maternal Origin,Transition - Pyrimidine/Pyrimidine,Unsolved
70083206,.,AA,AA,AC,73,85,50,NC_000010.11,Mutation NB - Paternal Origin,Transversion - Purine/Pyrimidine,Unsolved
70744322,rs10999504,CC,CC,CT,100,88,33,NC_000010.11,Mutation NB - Maternal Origin,Transition - Pyrimidine/Pyrimidine,Unsolved
71346680,rs2249882,CC,TC,TT,82,1,0,NC_000010.11,Mutation NB - Paternal Origin,Transition - Pyrimidine/Pyrimidine,C>T
75984226,.,CC,CC,CT,91,92,62,NC_000010.11,Mutation NB - Paternal Origin,Transition - Pyrimidine/Pyrimidine,Unsolved
76679131,.,AA,AA,AT,88,67,49,NC_000010.11,Mutation NB - Maternal Origin,Transversion - Purine/Pyrimidine,Unsolved
77733406,.,TT,TT,TC,85,70,56,NC_000010.11,Mutation NB - Maternal Origin,Transition - Pyrimidine/Pyrimidine,Unsolved
81653802,rs142297862,GG,GG,GA,100,85,99,NC_000010.11,Mutation NB - Maternal Origin,Transition - Purine/Purine,Unsolved
83908044,rs116580093,AA,AA,AC,100,85,27,NC_000010.11,Mutation NB - Maternal Origin,Transversion - Purine/Pyrimidine,Unsolved
85000170,rs1538433,CC,CC,CA,82,100,71,NC_000010.11,Mutation NB - Paternal Origin,Transversion - Purine/Pyrimidine,Unsolved
86675370,.,GG,GG,GT,70,64,65,NC_000010.11,Mutation NB - Maternal Origin,Transversion - Purine/Pyrimidine,Unsolved
89693861,rs12573024,CC,CC,CA,91,100,71,NC_000010.11,Mutation NB - Paternal Origin,Transversion - Purine/Pyrimidine,Unsolved
89951459,.,TT,TT,TC,91,85,52,NC_000010.11,Mutation NB - Maternal Origin,Transition - Pyrimidine/Pyrimidine,Unsolved
90823068,rs76933610,CC,CC,CT,100,52,93,NC_000010.11,Mutation NB - Maternal Origin,Transition - Pyrimidine/Pyrimidine,Unsolved
90942016,rs11186372,CC,CT,TT,100,1,30,NC_000010.11,Mutation NB - Paternal Origin,Transition - Pyrimidine/Pyrimidine,C>T
93630117,rs72822871,GG,GG,GA,76,99,99,NC_000010.11,Mutation NB - Paternal Origin,Transition - Purine/Purine,Unsolved
93630119,rs10882288,CC,CC,CT,76,100,99,NC_000010.11,Mutation NB - Paternal Origin,Transition - Pyrimidine/Pyrimidine,Unsolved
97750311,rs3750614,TT,GT,GG,85,1,12,NC_000010.11,Mutation NB - Paternal Origin,Transversion - Purine/Pyrimidine,T>G
98124671,rs4281426,CC,CC,CA,100,70,99,NC_000010.11,Mutation NB - Maternal Origin,Transversion - Purine/Pyrimidine,Unsolved
98124790,rs4098026,CT,CC,TT,67,100,12,NC_000010.11,Mutation NB - Maternal Origin,Transversion - Purine/Pyrimidine,C>T
98244603,rs1048754,GG,GA,AA,76,54,9,NC_000010.11,Mutation NB - Paternal Origin,Transition - Purine/Purine,G>A
98601723,rs12356526,GG,AA,AA,100,55,21,NC_000010.11,Mutation NB - Paternal Origin,Transition - Purine/Purine,G>A
100860798,rs17113518,CT,CC,TT,1,64,9,NC_000010.11,Mutation NB - Maternal Origin,Transversion - Purine/Pyrimidine,C>T
103013413,.,TT,TT,TC,79,46,50,NC_000010.11,Mutation NB - Maternal Origin,Transition - Pyrimidine/Pyrimidine,Unsolved
104323718,.,CC,CC,CT,79,88,62,NC_000010.11,Mutation NB - Paternal Origin,Transition - Pyrimidine/Pyrimidine,Unsolved
104503179,rs6584603,AA,GG,AA,49,70,0,NC_000010.11,Mutation NB - Maternal Origin,Transition - Purine/Purine,G>A
110165878,rs6584973,TT,TT,TC,100,85,33,NC_000010.11,Mutation NB - Maternal Origin,Transition - Pyrimidine/Pyrimidine,Unsolved
110165901,rs7080762,GG,GG,GA,100,85,33,NC_000010.11,Mutation NB - Maternal Origin,Transition - Purine/Purine,Unsolved
110190082,rs935350337,AA,GG,GG,88,85,15,NC_000010.11,Mutation NB - Paternal Origin,Transition - Purine/Purine,A>G
110345991,rs146699099,AA,GG,GG,95,67,21,NC_000010.11,Mutation NB - Paternal Origin,Transition - Purine/Purine,A>G
116627442,rs9787450,TT,CC,CC,100,70,15,NC_000010.11,Mutation NB - Paternal Origin,Transition - Pyrimidine/Pyrimidine,T>C
116627446,rs9787451,TT,CC,CC,100,70,15,NC_000010.11,Mutation NB - Paternal Origin,Transition - Pyrimidine/Pyrimidine,T>C
116800942,.,TT,TT,TC,85,58,68,NC_000010.11,Mutation NB - Maternal Origin,Transition - Pyrimidine/Pyrimidine,Unsolved
117140596,rs10886044,AA,GG,GG,88,55,9,NC_000010.11,Mutation NB - Paternal Origin,Transition - Purine/Purine,A>G
117140605,rs4752032,GG,AA,AA,85,55,9,NC_000010.11,Mutation NB - Paternal Origin,Transition - Purine/Purine,G>A
117547751,.,TT,TT,TC,91,55,68,NC_000010.11,Mutation NB - Maternal Origin,Transition - Pyrimidine/Pyrimidine,Unsolved
118890834,rs4751681,AA,GG,AA,88,91,18,NC_000010.11,Mutation NB - Maternal Origin,Transition - Purine/Purine,G>A
119299835,rs1889743,TT,CC,CC,100,85,9,NC_000010.11,Mutation NB - Paternal Origin,Transition - Pyrimidine/Pyrimidine,T>C
119826086,rs3847492,CC,CC,CT,85,82,68,NC_000010.11,Mutation NB - Maternal Origin,Transition - Pyrimidine/Pyrimidine,Unsolved
120293322,rs11199261,CT,CC,TT,1,88,9,NC_000010.11,Mutation NB - Maternal Origin,Transversion - Purine/Pyrimidine,C>T
120462313,.,CC,CC,CT,76,79,64,NC_000010.11,Mutation NB - Paternal Origin,Transition - Pyrimidine/Pyrimidine,Unsolved
120737446,rs12769476,TT,TT,TC,91,100,99,NC_000010.11,Mutation NB - Paternal Origin,Transition - Pyrimidine/Pyrimidine,Unsolved
120737537,rs12768108,AA,AG,GG,85,41,9,NC_000010.11,Mutation NB - Paternal Origin,Transition - Purine/Purine,A>G
120737582,rs12768806,GG,GA,AA,85,51,9,NC_000010.11,Mutation NB - Paternal Origin,Transition - Purine/Purine,G>A
122205465,rs911773,CC,AC,AA,88,79,15,NC_000010.11,Mutation NB - Paternal Origin,Transversion - Purine/Pyrimidine,C>A
124245913,rs3802705,AA,GA,GG,82,1,21,NC_000010.11,Mutation NB - Paternal Origin,Transition - Purine/Purine,A>G
124949657,rs7092008,GG,GG,GA,70,100,65,NC_000010.11,Mutation NB - Paternal Origin,Transition - Purine/Purine,Unsolved
125256205,rs1862601635,TT,TT,TC,67,67,44,NC_000010.11,Mutation NB - Paternal or Maternal,Transition - Pyrimidine/Pyrimidine,Unsolved
125493698,rs11244519,TC,TT,CC,32,73,9,NC_000010.11,Mutation NB - Maternal Origin,Transition - Pyrimidine/Pyrimidine,T>C
125538144,rs7093576,AA,GG,GG,100,58,27,NC_000010.11,Mutation NB - Paternal Origin,Transition - Purine/Purine,A>G
125872999,rs10794029,GG,AG,AA,55,1,0,NC_000010.11,Mutation NB - Paternal Origin,Transition - Purine/Purine,G>A
127826518,rs1327561,CC,CC,CT,79,100,62,NC_000010.11,Mutation NB - Paternal Origin,Transition - Pyrimidine/Pyrimidine,Unsolved
128081003,rs7912319,TT,CC,CC,82,88,9,NC_000010.11,Mutation NB - Paternal Origin,Transition - Pyrimidine/Pyrimidine,T>C
128207505,rs72851178,GG,GG,TT,88,88,9,NC_000010.11,Mutation NB - Paternal or Maternal,Transversion - Purine/Pyrimidine,Unsolved
130022393,.,CC,CC,CT,76,82,68,NC_000010.11,Mutation NB - Paternal Origin,Transition - Pyrimidine/Pyrimidine,Unsolved
130040741,rs7090364,AA,CA,CC,91,32,0,NC_000010.11,Mutation NB - Paternal Origin,Transversion - Purine/Pyrimidine,A>C
130111961,rs140359731,TT,TT,TG,100,76,62,NC_000010.11,Mutation NB - Maternal Origin,Transition - Pyrimidine/Pyrimidine,Transversion - Purine/Pyrimidine,Unsolved
130184094,rs1863043394,CC,CC,CT,91,67,47,NC_000010.11,Mutation NB - Maternal Origin,Transition - Pyrimidine/Pyrimidine,Unsolved
131125697,rs10829908,AA,GG,GG,82,61,15,NC_000010.11,Mutation NB - Paternal Origin,Transition - Purine/Purine,A>G
131406748,rs11017962,CA,CC,AA,67,67,9,NC_000010.11,Mutation NB - Maternal Origin,Transversion - Purine/Pyrimidine,C>A
131517548,rs11594772,AG,AA,GG,2,58,18,NC_000010.11,Mutation NB - Maternal Origin,Transition - Purine/Purine,A>G
131815082,rs12241414,CC,GG,GG,91,79,18,NC_000010.11,Mutation NB - Paternal Origin,Transversion - Purine/Pyrimidine,C>G
131819559,rs11156485,TT,TG,GG,91,1,18,NC_000010.11,Mutation NB - Paternal Origin,Transversion - Purine/Pyrimidine,T>G
132126318,rs9419208,TT,CC,TT,100,61,0,NC_000010.11,Mutation NB - Maternal Origin,Transition - Pyrimidine/Pyrimidine,C>T
132142009,rs1158266772,GG,GG,GA,79,76,39,NC_000010.11,Mutation NB - Maternal Origin,Transition - Purine/Purine,Unsolved
132244119,rs10870276,GG,TT,GG,91,91,18,NC_000010.11,Mutation NB - Maternal Origin,Transition - Purine/Purine,Transversion - Purine/Pyrimidine,T>G
132354966,rs12416667,GA,GG,AA,41,79,12,NC_000010.11,Mutation NB - Maternal Origin,Transition - Purine/Purine,G>A
132522825,rs57851229,TT,CC,TT,99,55,15,NC_000010.11,Mutation NB - Maternal Origin,Transition - Pyrimidine/Pyrimidine,C>T
132550885,.,TT,TT,TC,76,61,71,NC_000010.11,Mutation NB - Maternal Origin,Transition - Pyrimidine/Pyrimidine,Unsolved
132629208,rs10735667,TT,GG,GG,82,85,9,NC_000010.11,Mutation NB - Paternal Origin,Transversion - Purine/Pyrimidine,T>G
132659720,rs34448059,AA,AA,AG,85,100,55,NC_000010.11,Mutation NB - Paternal Origin,Transition - Purine/Purine,Unsolved
132760282,rs12255368,TT,CC,CC,88,79,12,NC_000010.11,Mutation NB - Paternal Origin,Transition - Pyrimidine/Pyrimidine,T>C
132804971,rs2767437,GG,GA,AA,85,77,2,NC_000010.11,Mutation NB - Paternal Origin,Transition - Purine/Purine,G>A
132918872,rs59163332,GG,GG,GA,100,52,21,NC_000010.11,Mutation NB - Maternal Origin,Transition - Purine/Purine,Unsolved
133067821,rs11101739,CC,CC,TC,82,91,62,NC_000010.11,Mutation NB - Paternal Origin,Transition - Pyrimidine/Pyrimidine,Unsolved
133072334,rs1215825087,CC,CC,CT,82,70,53,NC_000010.11,Mutation NB - Maternal Origin,Transition - Pyrimidine/Pyrimidine,Unsolved
133172982,rs1853422034,AA,AA,AT,100,67,99,NC_000010.11,Mutation NB - Maternal Origin,Transversion - Purine/Pyrimidine,Unsolved
133271922,rs1131719,GG,AA,AA,67,79,0,NC_000010.11,Mutation NB - Paternal Origin,Transition - Purine/Purine,G>A
397331,rs200371913,GG,GG,GC,91,88,99,NC_000011.10,Mutation NB - Maternal Origin,Transition - Purine/Purine,Transversion - Purine/Pyrimidine,Unsolved
1372878,.,GG,GG,GT,88,79,58,NC_000011.10,Mutation NB - Maternal Origin,Transversion - Purine/Pyrimidine,Unsolved
1448326,rs11028212,GG,GG,GC,100,88,98,NC_000011.10,Mutation NB - Maternal Origin,Transition - Purine/Purine,Transversion - Purine/Pyrimidine,Unsolved
6612308,rs3176309,GG,GG,GT,79,100,94,NC_000011.10,Mutation NB - Paternal Origin,Transversion - Purine/Pyrimidine,Unsolved
7215764,.,TT,TT,TC,79,76,58,NC_000011.10,Mutation NB - Maternal Origin,Transition - Pyrimidine/Pyrimidine,Unsolved
8102116,.,AA,AA,AG,49,64,44,NC_000011.10,Mutation NB - Paternal Origin,Transition - Purine/Purine,Unsolved
9027121,rs3829273,GG,GG,GA,100,88,61,NC_000011.10,Mutation NB - Maternal Origin,Transition - Purine/Purine,Unsolved
11510980,rs7932656,GG,GG,GT,100,67,72,NC_000011.10,Mutation NB - Maternal Origin,Transversion - Purine/Pyrimidine,Unsolved
11825162,.,TT,TT,TC,91,79,53,NC_000011.10,Mutation NB - Maternal Origin,Transition - Pyrimidine/Pyrimidine,Unsolved
11825199,rs72854898,GG,CC,GG,91,79,0,NC_000011.10,Mutation NB - Maternal Origin,Transversion - Purine/Pyrimidine,C>G
13261605,rs10160685,GG,GG,GA,100,100,30,NC_000011.10,Mutation NB - Paternal or Maternal,Transition - Purine/Purine,Unsolved
17793686,rs2283251,TT,TT,TC,100,49,97,NC_000011.10,Mutation NB - Maternal Origin,Transition - Pyrimidine/Pyrimidine,Unsolved
18491025,rs12222210,TC,TT,CC,67,79,18,NC_000011.10,Mutation NB - Maternal Origin,Transition - Pyrimidine/Pyrimidine,T>C
18897766,rs11024870,CC,TT,CC,100,70,0,NC_000011.10,Mutation NB - Maternal Origin,Transition - Pyrimidine/Pyrimidine,T>C
23321596,rs11027144,GG,GA,AA,100,1,9,NC_000011.10,Mutation NB - Paternal Origin,Transition - Purine/Purine,G>A
23942356,rs7937620,TT,CC,TT,88,82,18,NC_000011.10,Mutation NB - Maternal Origin,Transition - Pyrimidine/Pyrimidine,C>T
27363086,rs750493979,TT,TT,TC,73,82,52,NC_000011.10,Mutation NB - Paternal Origin,Transition - Pyrimidine/Pyrimidine,Unsolved
27844847,.,TT,TT,TC,88,82,65,NC_000011.10,Mutation NB - Maternal Origin,Transition - Pyrimidine/Pyrimidine,Unsolved
29161335,rs76354692,CC,CC,CT,100,79,62,NC_000011.10,Mutation NB - Maternal Origin,Transition - Pyrimidine/Pyrimidine,Unsolved
30291568,rs34409970,AA,AA,AG,73,61,41,NC_000011.10,Mutation NB - Maternal Origin,Transition - Purine/Purine,Unsolved
32302835,.,TT,TT,TC,73,70,50,NC_000011.10,Mutation NB - Maternal Origin,Transition - Pyrimidine/Pyrimidine,Unsolved
33067019,rs12276196,GG,AA,AA,100,91,9,NC_000011.10,Mutation NB - Paternal Origin,Transition - Purine/Purine,G>A
33067041,rs12276109,CC,TT,TT,100,91,9,NC_000011.10,Mutation NB - Paternal Origin,Transition - Pyrimidine/Pyrimidine,C>T
36264694,rs6484831,CC,CC,TT,100,100,15,NC_000011.10,Mutation NB - Paternal or Maternal,Transition - Pyrimidine/Pyrimidine,Unsolved
43666290,rs4320940,GG,AA,AA,88,67,18,NC_000011.10,Mutation NB - Paternal Origin,Transition - Purine/Purine,G>A
45679229,rs7115214,GG,AA,AA,76,58,18,NC_000011.10,Mutation NB - Paternal Origin,Transition - Purine/Purine,G>A
45679262,rs7115047,CC,TT,TT,76,61,18,NC_000011.10,Mutation NB - Paternal Origin,Transition - Pyrimidine/Pyrimidine,C>T
45907839,rs74900698,GG,GG,GA,100,82,27,NC_000011.10,Mutation NB - Maternal Origin,Transition - Purine/Purine,Unsolved
48658216,rs112473990,GG,GA,AA,91,32,9,NC_000011.10,Mutation NB - Paternal Origin,Transition - Purine/Purine,G>A
49267554,rs1825675,TT,TT,TG,100,70,68,NC_000011.10,Mutation NB - Maternal Origin,Transition - Pyrimidine/Pyrimidine,Transversion - Purine/Pyrimidine,Unsolved
56459442,rs10896403,CC,CC,CT,100,79,88,NC_000011.10,Mutation NB - Maternal Origin,Transition - Pyrimidine/Pyrimidine,Unsolved
56691338,.,AA,AA,AG,73,85,56,NC_000011.10,Mutation NB - Paternal Origin,Transition - Purine/Purine,Unsolved
57992295,rs7949741,CC,TT,CC,73,64,0,NC_000011.10,Mutation NB - Maternal Origin,Transition - Pyrimidine/Pyrimidine,T>C
59819043,.,AA,AA,AG,85,76,62,NC_000011.10,Mutation NB - Maternal Origin,Transition - Purine/Purine,Unsolved
60828235,rs117929043,GA,GG,AA,36,91,15,NC_000011.10,Mutation NB - Maternal Origin,Transition - Purine/Purine,G>A
60934448,rs2469884,TT,CC,TT,61,100,42,NC_000011.10,Mutation NB - Maternal Origin,Transition - Pyrimidine/Pyrimidine,C>T
62131089,rs1792942,GG,AA,GG,82,67,0,NC_000011.10,Mutation NB - Maternal Origin,Transition - Purine/Purine,A>G
62851734,rs498751,GG,GG,GA,76,100,99,NC_000011.10,Mutation NB - Paternal Origin,Transition - Purine/Purine,Unsolved
65590226,rs1151503,AG,GG,AA,5,88,12,NC_000011.10,Mutation NB - Maternal Origin,Transition - Purine/Purine,G>A
67777974,rs10896219,GG,GG,GA,100,52,41,NC_000011.10,Mutation NB - Maternal Origin,Transition - Purine/Purine,Unsolved
68710739,rs10750832,AA,AG,GG,100,35,36,NC_000011.10,Mutation NB - Paternal Origin,Transition - Purine/Purine,A>G
68737439,rs7103131,CC,CC,CT,91,67,65,NC_000011.10,Mutation NB - Maternal Origin,Transition - Pyrimidine/Pyrimidine,Unsolved
68896782,rs3802749,CC,CC,CT,91,82,62,NC_000011.10,Mutation NB - Maternal Origin,Transition - Pyrimidine/Pyrimidine,Unsolved
70017031,.,AA,AA,AG,76,64,98,NC_000011.10,Mutation NB - Maternal Origin,Transition - Purine/Purine,Unsolved
70170816,rs7127005,CC,CC,CT,100,16,99,NC_000011.10,Mutation NB - Maternal Origin,Transition - Pyrimidine/Pyrimidine,Unsolved
70744591,rs563105,TT,CC,TT,82,85,12,NC_000011.10,Mutation NB - Maternal Origin,Transition - Pyrimidine/Pyrimidine,C>T
71237051,rs79742697,GG,CC,CC,79,49,15,NC_000011.10,Mutation NB - Paternal Origin,Transversion - Purine/Pyrimidine,G>C
73250624,rs11821263,TT,CC,CC,91,100,36,NC_000011.10,Mutation NB - Paternal Origin,Transition - Pyrimidine/Pyrimidine,T>C
76251151,.,TT,TT,TC,79,73,48,NC_000011.10,Mutation NB - Maternal Origin,Transition - Pyrimidine/Pyrimidine,Unsolved
77181789,rs59698916,TT,TT,TG,88,82,84,NC_000011.10,Mutation NB - Maternal Origin,Transition - Pyrimidine/Pyrimidine,Transversion - Purine/Pyrimidine,Unsolved
77188071,rs3781695,GG,GA,AA,91,41,18,NC_000011.10,Mutation NB - Paternal Origin,Transition - Purine/Purine,G>A
78883604,rs10793349,AA,AT,TT,100,1,27,NC_000011.10,Mutation NB - Paternal Origin,Transversion - Purine/Pyrimidine,A>T
79247568,rs9634033,AA,AA,GG,85,88,0,NC_000011.10,Mutation NB - Paternal Origin,Transition - Purine/Purine,Unsolved
81611941,rs4944313,CC,CT,TT,100,1,15,NC_000011.10,Mutation NB - Paternal Origin,Transition - Pyrimidine/Pyrimidine,C>T
84795445,rs115884548,AA,GG,GG,88,70,12,NC_000011.10,Mutation NB - Paternal Origin,Transition - Purine/Purine,A>G
85431484,.,AA,AA,AG,76,76,47,NC_000011.10,Mutation NB - Paternal or Maternal,Transition - Purine/Purine,Unsolved
86817629,rs72969443,CC,CC,CA,79,85,30,NC_000011.10,Mutation NB - Paternal Origin,Transversion - Purine/Pyrimidine,Unsolved
87927139,.,AA,AA,AG,67,49,68,NC_000011.10,Mutation NB - Maternal Origin,Transition - Purine/Purine,Unsolved
90381987,rs112308321,TT,TT,TC,100,70,53,NC_000011.10,Mutation NB - Maternal Origin,Transition - Pyrimidine/Pyrimidine,Unsolved
90493598,rs1944058,CC,CC,CT,79,100,21,NC_000011.10,Mutation NB - Paternal Origin,Transition - Pyrimidine/Pyrimidine,Unsolved
90493680,rs1944057,TT,TT,TC,79,85,99,NC_000011.10,Mutation NB - Paternal Origin,Transition - Pyrimidine/Pyrimidine,Unsolved
96023248,rs607395,GG,GA,AA,100,35,51,NC_000011.10,Mutation NB - Paternal Origin,Transition - Purine/Purine,G>A
96460695,rs11021596,GG,GG,GA,91,79,99,NC_000011.10,Mutation NB - Maternal Origin,Transition - Purine/Purine,Unsolved
98208040,rs11214375,TT,CC,TT,91,82,0,NC_000011.10,Mutation NB - Maternal Origin,Transition - Pyrimidine/Pyrimidine,C>T
100612789,rs11224318,GG,GG,GC,82,82,24,NC_000011.10,Mutation NB - Paternal or Maternal,Transition - Purine/Purine,Transversion - Purine/Pyrimidine,Unsolved
100613039,rs10894991,GG,GA,AA,88,67,15,NC_000011.10,Mutation NB - Paternal Origin,Transition - Purine/Purine,G>A
110514184,rs139388924,GG,AA,AA,82,76,24,NC_000011.10,Mutation NB - Paternal Origin,Transition - Purine/Purine,G>A
110534650,.,TT,TT,TC,67,85,53,NC_000011.10,Mutation NB - Paternal Origin,Transition - Pyrimidine/Pyrimidine,Unsolved
112736353,rs76868928,GG,GT,TT,82,73,12,NC_000011.10,Mutation NB - Paternal Origin,Transversion - Purine/Pyrimidine,G>T
114456431,rs34663079,TT,TT,TC,100,88,64,NC_000011.10,Mutation NB - Maternal Origin,Transition - Pyrimidine/Pyrimidine,Unsolved
114847237,rs4936304,GC,GG,CC,67,100,9,NC_000011.10,Mutation NB - Maternal Origin,Transversion - Purine/Pyrimidine,G>C
116876686,.,TT,TT,TC,91,76,41,NC_000011.10,Mutation NB - Maternal Origin,Transition - Pyrimidine/Pyrimidine,Unsolved
117534230,rs76746136,GG,GG,GA,100,91,51,NC_000011.10,Mutation NB - Maternal Origin,Transition - Purine/Purine,Unsolved
117998955,rs2229113,AG,GG,AA,32,91,18,NC_000011.10,Mutation NB - Maternal Origin,Transition - Purine/Purine,G>A
118942605,rs73557345,TT,TT,TC,100,85,65,NC_000011.10,Mutation NB - Maternal Origin,Transition - Pyrimidine/Pyrimidine,Unsolved
119601958,rs58254953,GG,AA,AA,91,91,18,NC_000011.10,Mutation NB - Paternal Origin,Transition - Purine/Purine,G>A
119669760,rs7118532,AG,AA,GG,41,79,18,NC_000011.10,Mutation NB - Maternal Origin,Transition - Purine/Purine,A>G
121187392,rs12574902,CC,CC,CT,100,64,97,NC_000011.10,Mutation NB - Maternal Origin,Transition - Pyrimidine/Pyrimidine,Unsolved
121755872,rs145172951,TT,TT,TC,46,22,39,NC_000011.10,Mutation NB - Maternal Origin,Transition - Pyrimidine/Pyrimidine,Unsolved
123291287,rs10790571,TT,TC,CC,100,50,9,NC_000011.10,Mutation NB - Paternal Origin,Transition - Pyrimidine/Pyrimidine,T>C
127183122,rs1944819,AG,GG,AA,32,82,0,NC_000011.10,Mutation NB - Maternal Origin,Transition - Purine/Purine,G>A
127412907,rs77526217,AG,AA,GG,38,88,12,NC_000011.10,Mutation NB - Maternal Origin,Transition - Purine/Purine,A>G
128812711,rs1148066,GT,TT,GG,41,76,0,NC_000011.10,Mutation NB - Maternal Origin,Transversion - Purine/Pyrimidine,T>G
129312883,rs11221660,GG,AA,AA,91,85,9,NC_000011.10,Mutation NB - Paternal Origin,Transition - Purine/Purine,G>A
129345445,rs12280857,GG,AA,GG,85,88,9,NC_000011.10,Mutation NB - Maternal Origin,Transition - Purine/Purine,A>G
129480372,rs7123712,TT,CC,CC,91,76,15,NC_000011.10,Mutation NB - Paternal Origin,Transition - Pyrimidine/Pyrimidine,T>C
129759811,rs115404665,GG,AA,AA,88,91,21,NC_000011.10,Mutation NB - Paternal Origin,Transition - Purine/Purine,G>A
130036513,rs2168949,GG,CC,CC,91,91,0,NC_000011.10,Mutation NB - Paternal Origin,Transversion - Purine/Pyrimidine,G>C
130095817,rs73583487,TT,TT,TC,82,55,53,NC_000011.10,Mutation NB - Maternal Origin,Transition - Pyrimidine/Pyrimidine,Unsolved
131572807,rs318951,TT,CC,CC,100,76,18,NC_000011.10,Mutation NB - Paternal Origin,Transition - Pyrimidine/Pyrimidine,T>C
131683384,rs2658843,TC,CC,TT,35,91,0,NC_000011.10,Mutation NB - Maternal Origin,Transversion - Purine/Pyrimidine,C>T
132918306,rs61906935,CC,TT,CC,79,70,15,NC_000011.10,Mutation NB - Maternal Origin,Transition - Pyrimidine/Pyrimidine,T>C
132921029,rs7342163,CC,TT,TT,82,82,0,NC_000011.10,Mutation NB - Paternal Origin,Transition - Pyrimidine/Pyrimidine,C>T
133153057,rs61632329,TT,GG,GG,73,43,0,NC_000011.10,Mutation NB - Paternal Origin,Transversion - Purine/Pyrimidine,T>G
134357855,rs2360226,GG,AA,GG,85,64,12,NC_000011.10,Mutation NB - Maternal Origin,Transition - Purine/Purine,A>G
134480278,.,AA,AA,AG,82,58,47,NC_000011.10,Mutation NB - Maternal Origin,Transition - Purine/Purine,Unsolved
134692840,rs11223942,GG,GA,AA,100,1,21,NC_000011.10,Mutation NB - Paternal Origin,Transition - Purine/Purine,G>A
925738,rs7312883,GG,GG,GA,91,88,53,NC_000012.12,Mutation NB - Maternal Origin,Transition - Purine/Purine,Unsolved
925777,rs2301882,CC,CT,TA,100,1,47,NC_000012.12,Mutation NB - Paternal Origin,Transversion - Purine/Pyrimidine,C>A
1644689,rs2240514,CC,CT,TT,100,44,15,NC_000012.12,Mutation NB - Paternal Origin,Transition - Pyrimidine/Pyrimidine,C>T
3264657,rs74891390,GG,GG,GC,100,100,69,NC_000012.12,Mutation NB - Paternal or Maternal,Transition - Purine/Purine,Transversion - Purine/Pyrimidine,Unsolved
3352569,rs17696381,AA,AA,AC,85,52,97,NC_000012.12,Mutation NB - Maternal Origin,Transversion - Purine/Pyrimidine,Unsolved
3431357,rs2335981,CC,TT,TT,91,88,0,NC_000012.12,Mutation NB - Paternal Origin,Transition - Pyrimidine/Pyrimidine,C>T
5981998,rs216868,GG,AA,GG,61,55,0,NC_000012.12,Mutation NB - Maternal Origin,Transition - Purine/Purine,A>G
5986815,.,TT,TT,TC,67,61,62,NC_000012.12,Mutation NB - Maternal Origin,Transition - Pyrimidine/Pyrimidine,Unsolved
7862504,rs28750840,CC,AA,CC,91,73,0,NC_000012.12,Mutation NB - Maternal Origin,Transversion - Purine/Pyrimidine,A>C
9449603,rs11830335,TT,CC,CC,100,61,30,NC_000012.12,Mutation NB - Paternal Origin,Transition - Pyrimidine/Pyrimidine,T>C
11814776,rs732868,GG,AA,AA,100,64,24,NC_000012.12,Mutation NB - Paternal Origin,Transition - Purine/Purine,G>A
13449460,rs55725203,CC,CC,CT,100,70,24,NC_000012.12,Mutation NB - Maternal Origin,Transition - Pyrimidine/Pyrimidine,Unsolved
13489688,rs11055476,AA,AA,AG,100,85,99,NC_000012.12,Mutation NB - Maternal Origin,Transition - Purine/Purine,Unsolved
14320427,rs1350007011,CC,CC,CT,73,64,41,NC_000012.12,Mutation NB - Maternal Origin,Transition - Pyrimidine/Pyrimidine,Unsolved
14511518,rs533334750,GG,GG,GA,67,76,65,NC_000012.12,Mutation NB - Paternal Origin,Transition - Purine/Purine,Unsolved
30603949,rs12315407,CT,CC,TT,37,91,18,NC_000012.12,Mutation NB - Maternal Origin,Transversion - Purine/Pyrimidine,C>T
37601728,rs11169812,GG,GA,AA,76,1,9,NC_000012.12,Mutation NB - Paternal Origin,Transition - Purine/Purine,G>A
38121070,rs1969363,GG,GG,GA,76,82,99,NC_000012.12,Mutation NB - Paternal Origin,Transition - Purine/Purine,Unsolved
41618146,rs12322609,CC,AA,CC,67,73,21,NC_000012.12,Mutation NB - Maternal Origin,Transversion - Purine/Pyrimidine,A>C
42235189,.,AA,AA,AG,79,43,59,NC_000012.12,Mutation NB - Maternal Origin,Transition - Purine/Purine,Unsolved
45905276,rs879889145,GG,GG,GA,91,82,72,NC_000012.12,Mutation NB - Maternal Origin,Transition - Purine/Purine,Unsolved
49296975,.,AA,AA,AG,70,40,39,NC_000012.12,Mutation NB - Maternal Origin,Transition - Purine/Purine,Unsolved
49897768,rs2603099,AA,CA,CC,85,29,15,NC_000012.12,Mutation NB - Paternal Origin,Transversion - Purine/Pyrimidine,A>C
49956277,.,AA,AA,AG,52,70,53,NC_000012.12,Mutation NB - Paternal Origin,Transition - Purine/Purine,Unsolved
52186408,rs17126397,CC,CC,CT,100,73,99,NC_000012.12,Mutation NB - Maternal Origin,Transition - Pyrimidine/Pyrimidine,Unsolved
52250628,rs12581578,GG,GG,AG,88,85,69,NC_000012.12,Mutation NB - Maternal Origin,Transition - Purine/Purine,Unsolved
52540509,.,CC,CC,CT,88,58,65,NC_000012.12,Mutation NB - Maternal Origin,Transition - Pyrimidine/Pyrimidine,Unsolved
52742155,rs4761952,AG,GG,AA,5,68,9,NC_000012.12,Mutation NB - Maternal Origin,Transition - Purine/Purine,G>A
52823272,rs10876353,GG,AA,GG,91,88,0,NC_000012.12,Mutation NB - Maternal Origin,Transition - Purine/Purine,A>G
52846564,rs10876363,GG,GG,AA,100,79,15,NC_000012.12,Mutation NB - Maternal Origin,Transition - Purine/Purine,Unsolved
53127874,rs12581102,CC,CC,CT,88,73,55,NC_000012.12,Mutation NB - Maternal Origin,Transition - Pyrimidine/Pyrimidine,Unsolved
54581014,rs34376731,CC,CC,CT,91,88,75,NC_000012.12,Mutation NB - Maternal Origin,Transition - Pyrimidine/Pyrimidine,Unsolved
57239427,rs11829843,GC,GG,CC,32,61,9,NC_000012.12,Mutation NB - Maternal Origin,Transversion - Purine/Pyrimidine,G>C
61265491,rs111607997,AA,AA,AG,100,88,99,NC_000012.12,Mutation NB - Maternal Origin,Transition - Purine/Purine,Unsolved
61907671,rs2198784,GG,CC,CC,91,76,18,NC_000012.12,Mutation NB - Paternal Origin,Transversion - Purine/Pyrimidine,G>C
62676737,rs934007046,AA,GG,GG,88,85,12,NC_000012.12,Mutation NB - Paternal Origin,Transition - Purine/Purine,A>G
63167958,rs77725925,GG,GG,GT,100,49,99,NC_000012.12,Mutation NB - Maternal Origin,Transversion - Purine/Pyrimidine,Unsolved
65947092,.,TT,TT,TC,79,73,45,NC_000012.12,Mutation NB - Maternal Origin,Transition - Pyrimidine/Pyrimidine,Unsolved
69951207,rs79859554,TT,CC,CC,76,82,12,NC_000012.12,Mutation NB - Paternal Origin,Transition - Pyrimidine/Pyrimidine,T>C
70108924,rs79230962,CC,GG,CC,88,88,0,NC_000012.12,Mutation NB - Maternal Origin,Transversion - Purine/Pyrimidine,G>C
72932273,rs141280620,CC,TT,TT,85,82,0,NC_000012.12,Mutation NB - Paternal Origin,Transition - Pyrimidine/Pyrimidine,C>T
77424560,rs1092467,TT,CC,TT,79,79,15,NC_000012.12,Mutation NB - Maternal Origin,Transition - Pyrimidine/Pyrimidine,C>T
78477610,rs4842413,AA,AG,GG,100,1,36,NC_000012.12,Mutation NB - Paternal Origin,Transition - Purine/Purine,A>G
79565878,rs7980644,AA,AG,GG,100,31,15,NC_000012.12,Mutation NB - Paternal Origin,Transition - Purine/Purine,A>G
82361475,rs10862480,TT,CC,TT,91,100,24,NC_000012.12,Mutation NB - Maternal Origin,Transition - Pyrimidine/Pyrimidine,C>T
82785899,rs17724637,GA,AA,GG,32,61,0,NC_000012.12,Mutation NB - Maternal Origin,Transition - Purine/Purine,A>G
84348950,rs1118929,CC,TT,CC,88,76,0,NC_000012.12,Mutation NB - Maternal Origin,Transition - Pyrimidine/Pyrimidine,T>C
86296507,rs10776958,CA,AA,CC,32,64,0,NC_000012.12,Mutation NB - Maternal Origin,A>C
86484575,rs73191477,CC,CC,CT,82,91,99,NC_000012.12,Mutation NB - Paternal Origin,Transition - Pyrimidine/Pyrimidine,Unsolved
87421632,rs7961576,CC,GG,GG,82,67,0,NC_000012.12,Mutation NB - Paternal Origin,Transversion - Purine/Pyrimidine,C>G
95959420,rs7963900,AA,TT,TT,91,73,18,NC_000012.12,Mutation NB - Paternal Origin,Transversion - Purine/Pyrimidine,A>T
96463718,rs7131980,CC,CG,GG,100,1,21,NC_000012.12,Mutation NB - Paternal Origin,Transversion - Purine/Pyrimidine,C>G
96748773,rs1421405,CC,GG,CC,91,61,18,NC_000012.12,Mutation NB - Maternal Origin,Transversion - Purine/Pyrimidine,G>C
104190880,rs143211916,CC,CC,CT,100,91,21,NC_000012.12,Mutation NB - Maternal Origin,Transition - Pyrimidine/Pyrimidine,Unsolved
104780523,rs2245929,TT,CT,CC,91,1,9,NC_000012.12,Mutation NB - Paternal Origin,Transition - Pyrimidine/Pyrimidine,T>C
104780542,rs2245927,TT,CT,CC,91,1,9,NC_000012.12,Mutation NB - Paternal Origin,Transition - Pyrimidine/Pyrimidine,T>C
104999223,.,AA,AA,AG,52,67,47,NC_000012.12,Mutation NB - Paternal Origin,Transition - Purine/Purine,Unsolved
106224285,.,TT,TT,TC,76,67,65,NC_000012.12,Mutation NB - Maternal Origin,Transition - Pyrimidine/Pyrimidine,Unsolved
107319734,rs961498,CC,GG,GG,88,73,9,NC_000012.12,Mutation NB - Paternal Origin,Transversion - Purine/Pyrimidine,C>G
107492683,rs7297300,AA,GG,GG,91,79,0,NC_000012.12,Mutation NB - Paternal Origin,Transition - Purine/Purine,A>G
109294561,rs920223,AA,GG,GG,82,82,18,NC_000012.12,Mutation NB - Paternal Origin,Transition - Purine/Purine,A>G
109294608,rs920222,CC,TT,CC,88,61,27,NC_000012.12,Mutation NB - Maternal Origin,Transition - Pyrimidine/Pyrimidine,T>C
110087370,rs140914127,AA,AA,AG,100,79,97,NC_000012.12,Mutation NB - Maternal Origin,Transition - Purine/Purine,Unsolved
112667098,rs232924,TT,TC,CC,100,35,9,NC_000012.12,Mutation NB - Paternal Origin,Transition - Pyrimidine/Pyrimidine,T>C
113094812,rs12427377,AA,GG,GG,82,88,15,NC_000012.12,Mutation NB - Paternal Origin,Transition - Purine/Purine,A>G
114423003,rs1248065,TT,TT,AT,91,58,99,NC_000012.12,Mutation NB - Maternal Origin,Transition - Pyrimidine/Pyrimidine,Transversion - Purine/Pyrimidine,Unsolved
114713967,rs1354154,TC,CC,TT,38,73,9,NC_000012.12,Mutation NB - Maternal Origin,Transversion - Purine/Pyrimidine,C>T
115197070,rs12425761,TT,TC,CC,79,1,36,NC_000012.12,Mutation NB - Paternal Origin,Transition - Pyrimidine/Pyrimidine,T>C
119627552,rs921756124,CC,CC,CT,70,67,56,NC_000012.12,Mutation NB - Maternal Origin,Transition - Pyrimidine/Pyrimidine,Unsolved
120320796,rs951150716,TT,TT,TC,82,49,54,NC_000012.12,Mutation NB - Maternal Origin,Transition - Pyrimidine/Pyrimidine,Unsolved
122924350,rs116180860,GG,GG,GA,100,73,99,NC_000012.12,Mutation NB - Maternal Origin,Transition - Purine/Purine,Unsolved
124399134,rs3782260,GA,GG,AA,73,82,12,NC_000012.12,Mutation NB - Maternal Origin,Transition - Purine/Purine,G>A
126838040,rs6489139,GG,AA,AA,100,67,12,NC_000012.12,Mutation NB - Paternal Origin,Transition - Purine/Purine,G>A
127481349,rs59408014,CT,TT,CC,29,88,9,NC_000012.12,Mutation NB - Maternal Origin,Transition - Pyrimidine/Pyrimidine,T>C
130661615,rs10848175,TT,CC,CC,100,85,21,NC_000012.12,Mutation NB - Paternal Origin,Transition - Pyrimidine/Pyrimidine,T>C
131122207,rs1211609,CC,GG,CC,94,85,0,NC_000012.12,Mutation NB - Maternal Origin,Transversion - Purine/Pyrimidine,G>C
131221772,rs11608870,AA,AA,AC,100,55,99,NC_000012.12,Mutation NB - Maternal Origin,Transversion - Purine/Pyrimidine,Unsolved
131354920,rs4129615,AA,TT,AA,91,76,0,NC_000012.12,Mutation NB - Maternal Origin,Transversion - Purine/Pyrimidine,T>A
131355873,rs75744831,TT,GG,GG,76,85,9,NC_000012.12,Mutation NB - Paternal Origin,Transversion - Purine/Pyrimidine,T>G
131387598,rs6486662,GA,GG,AA,28,73,12,NC_000012.12,Mutation NB - Maternal Origin,Transition - Purine/Purine,G>A
131622076,rs73158978,AA,AA,AG,82,58,99,NC_000012.12,Mutation NB - Maternal Origin,Transition - Purine/Purine,Unsolved
131987068,rs61944563,CC,GG,GG,91,85,9,NC_000012.12,Mutation NB - Paternal Origin,Transversion - Purine/Pyrimidine,C>G
132414248,.,TT,CT,CC,85,1,27,NC_000012.12,Mutation NB - Paternal Origin,Transition - Pyrimidine/Pyrimidine,T>C
132430467,.,AA,GG,AA,73,67,0,NC_000012.12,Mutation NB - Maternal Origin,Transition - Purine/Purine,G>A
132434303,.,GG,GG,GA,100,73,71,NC_000012.12,Mutation NB - Maternal Origin,Transition - Purine/Purine,Unsolved
132606232,rs12819734,AA,GG,GG,79,55,0,NC_000012.12,Mutation NB - Paternal Origin,Transition - Purine/Purine,A>G
20303727,rs7323769,AA,AA,AG,91,100,99,NC_000013.11,Mutation NB - Paternal Origin,Transition - Purine/Purine,Unsolved
20456514,rs9315592,GG,GG,GA,58,100,19,NC_000013.11,Mutation NB - Paternal Origin,Transition - Purine/Purine,Unsolved
24248164,rs373344313,TT,TT,TC,100,58,59,NC_000013.11,Mutation NB - Maternal Origin,Transition - Pyrimidine/Pyrimidine,Unsolved
24491997,.,AA,AA,AG,64,73,53,NC_000013.11,Mutation NB - Paternal Origin,Transition - Purine/Purine,Unsolved
25021880,rs4769398,TT,GG,GG,91,70,9,NC_000013.11,Mutation NB - Paternal Origin,Transversion - Purine/Pyrimidine,T>G
27001749,.,AA,AA,AG,58,28,48,NC_000013.11,Mutation NB - Maternal Origin,Transition - Purine/Purine,Unsolved
28009520,rs9579141,GA,AA,GG,73,91,15,NC_000013.11,Mutation NB - Maternal Origin,Transition - Purine/Purine,A>G
28257935,rs9554294,CC,CC,GG,91,82,12,NC_000013.11,Mutation NB - Maternal Origin,Transversion - Purine/Pyrimidine,Unsolved
28383793,rs139782279,GG,AA,AA,91,82,12,NC_000013.11,Mutation NB - Paternal Origin,Transition - Purine/Purine,G>A
29889898,rs9578147,AA,AA,GG,100,100,39,NC_000013.11,Mutation NB - Paternal or Maternal,Transition - Purine/Purine,Unsolved
31007668,rs4941556,GG,CC,CC,85,73,0,NC_000013.11,Mutation NB - Paternal Origin,Transversion - Purine/Pyrimidine,G>C
31295886,rs9573517,AA,GG,GG,82,91,9,NC_000013.11,Mutation NB - Paternal Origin,Transition - Purine/Purine,A>G
31492812,rs4943465,TT,CC,TT,73,85,12,NC_000013.11,Mutation NB - Maternal Origin,Transition - Pyrimidine/Pyrimidine,C>T
31939462,rs9566835,GG,GG,GA,100,91,68,NC_000013.11,Mutation NB - Maternal Origin,Transition - Purine/Purine,Unsolved
33020797,.,GG,GG,GA,85,64,56,NC_000013.11,Mutation NB - Maternal Origin,Transition - Purine/Purine,Unsolved
33788408,rs1543550,TT,CC,TT,82,79,15,NC_000013.11,Mutation NB - Maternal Origin,Transition - Pyrimidine/Pyrimidine,C>T
36612081,rs4943399,AA,GG,GG,91,70,12,NC_000013.11,Mutation NB - Paternal Origin,Transition - Purine/Purine,A>G
41979917,.,TT,TT,TC,76,70,50,NC_000013.11,Mutation NB - Maternal Origin,Transition - Pyrimidine/Pyrimidine,Unsolved
46762190,rs11148014,CC,CC,CT,100,82,68,NC_000013.11,Mutation NB - Maternal Origin,Transition - Pyrimidine/Pyrimidine,Unsolved
47338566,.,AA,AA,AG,82,52,56,NC_000013.11,Mutation NB - Maternal Origin,Transition - Purine/Purine,Unsolved
48457168,.,AA,AA,AG,85,64,44,NC_000013.11,Mutation NB - Maternal Origin,Transition - Purine/Purine,Unsolved
49486333,rs1555530,GA,GG,AA,32,100,9,NC_000013.11,Mutation NB - Maternal Origin,Transition - Purine/Purine,G>A
52204520,rs1349184806,GG,GG,GA,73,64,53,NC_000013.11,Mutation NB - Maternal Origin,Transition - Purine/Purine,Unsolved
52842538,rs74088315,CC,TT,TT,100,85,27,NC_000013.11,Mutation NB - Paternal Origin,Transition - Pyrimidine/Pyrimidine,C>T
54044278,rs1952736732,GG,GG,GA,85,61,47,NC_000013.11,Mutation NB - Maternal Origin,Transition - Purine/Purine,Unsolved
56901943,.,AA,AA,AG,73,19,41,NC_000013.11,Mutation NB - Maternal Origin,Transition - Purine/Purine,Unsolved
57996715,rs75072452,CC,CC,CA,82,100,65,NC_000013.11,Mutation NB - Paternal Origin,Transversion - Purine/Pyrimidine,Unsolved
58052335,rs11148423,AG,AA,GG,35,79,15,NC_000013.11,Mutation NB - Maternal Origin,Transition - Purine/Purine,A>G
58052350,rs7318351,AA,TT,AA,82,79,15,NC_000013.11,Mutation NB - Maternal Origin,Transversion - Purine/Pyrimidine,T>A
60402219,rs114133266,TT,TT,TG,100,73,99,NC_000013.11,Mutation NB - Maternal Origin,Transition - Pyrimidine/Pyrimidine,Transversion - Purine/Pyrimidine,Unsolved
61145883,rs9563885,GG,AA,AA,100,79,18,NC_000013.11,Mutation NB - Paternal Origin,Transition - Purine/Purine,G>A
62224361,.,TT,TT,TA,85,70,53,NC_000013.11,Mutation NB - Maternal Origin,Transition - Pyrimidine/Pyrimidine,Transversion - Purine/Pyrimidine,Unsolved
63405928,rs581487,CC,TT,CC,88,85,12,NC_000013.11,Mutation NB - Maternal Origin,Transition - Pyrimidine/Pyrimidine,T>C
64748163,rs1390517,AA,GG,GG,91,64,0,NC_000013.11,Mutation NB - Paternal Origin,Transition - Purine/Purine,A>G
70565051,rs9529779,AA,GG,GG,91,64,0,NC_000013.11,Mutation NB - Paternal Origin,Transition - Purine/Purine,A>G
70565056,rs114087171,TT,CC,CC,91,64,0,NC_000013.11,Mutation NB - Paternal Origin,Transition - Pyrimidine/Pyrimidine,T>C
73665318,.,TT,TT,TC,61,67,56,NC_000013.11,Mutation NB - Paternal Origin,Transition - Pyrimidine/Pyrimidine,Unsolved
80490621,rs7350648,GG,TT,GG,88,79,0,NC_000013.11,Mutation NB - Maternal Origin,Transition - Purine/Purine,Transversion - Purine/Pyrimidine,T>G
80658118,rs142071505,CC,CC,CT,100,73,99,NC_000013.11,Mutation NB - Maternal Origin,Transition - Pyrimidine/Pyrimidine,Unsolved
83906726,rs113918245,CC,CC,CA,100,67,99,NC_000013.11,Mutation NB - Maternal Origin,Transversion - Purine/Pyrimidine,Unsolved
85896159,rs9547426,CC,AA,AA,100,85,24,NC_000013.11,Mutation NB - Paternal Origin,Transversion - Purine/Pyrimidine,C>A
89577796,rs115235760,TT,TT,TA,100,82,75,NC_000013.11,Mutation NB - Maternal Origin,Transition - Pyrimidine/Pyrimidine,Transversion - Purine/Pyrimidine,Unsolved
89577803,rs883616,AA,AA,AG,100,82,75,NC_000013.11,Mutation NB - Maternal Origin,Transition - Purine/Purine,Unsolved
94155333,rs497636,TT,CC,CC,85,67,27,NC_000013.11,Mutation NB - Paternal Origin,Transition - Pyrimidine/Pyrimidine,T>C
95258067,rs2389226,CA,AT,TT,67,45,12,NC_000013.11,Mutation NB - Paternal Origin,Transversion - Purine/Pyrimidine,Transition - Pyrimidine/Pyrimidine,C>T
95493114,rs9302075,GG,GT,TT,100,1,15,NC_000013.11,Mutation NB - Paternal Origin,Transversion - Purine/Pyrimidine,G>T
95493125,rs35058679,CC,TC,TT,88,1,15,NC_000013.11,Mutation NB - Paternal Origin,Transition - Pyrimidine/Pyrimidine,C>T
97593199,rs116114253,GG,GG,GA,100,100,72,NC_000013.11,Mutation NB - Paternal or Maternal,Transition - Purine/Purine,Unsolved
97683149,.,AA,AA,AG,73,55,65,NC_000013.11,Mutation NB - Maternal Origin,Transition - Purine/Purine,Unsolved
97792835,rs7986168,GG,GG,GA,82,100,36,NC_000013.11,Mutation NB - Paternal Origin,Transition - Purine/Purine,Unsolved
97792840,rs7987205,TT,TT,TC,82,100,36,NC_000013.11,Mutation NB - Paternal Origin,Transition - Pyrimidine/Pyrimidine,Unsolved
97819883,rs870174,AA,GG,AA,82,79,12,NC_000013.11,Mutation NB - Maternal Origin,Transition - Purine/Purine,G>A
98414877,rs74111025,GG,GG,GC,100,91,33,NC_000013.11,Mutation NB - Maternal Origin,Transition - Purine/Purine,Transversion - Purine/Pyrimidine,Unsolved
99883749,rs9300571,CC,TT,TT,100,40,27,NC_000013.11,Mutation NB - Paternal Origin,Transition - Pyrimidine/Pyrimidine,C>T
100505854,rs1171943064,CC,AC,AA,91,74,11,NC_000013.11,Mutation NB - Paternal Origin,Transversion - Purine/Pyrimidine,C>A
106920738,rs74113748,CC,CC,CG,100,85,71,NC_000013.11,Mutation NB - Maternal Origin,Transversion - Purine/Pyrimidine,Unsolved
107271498,rs75312685,GG,CC,GG,79,79,5,NC_000013.11,Mutation NB - Maternal Origin,Transversion - Purine/Pyrimidine,C>G
107666518,rs9520542,CC,TT,TT,82,58,12,NC_000013.11,Mutation NB - Paternal Origin,Transition - Pyrimidine/Pyrimidine,C>T
109737093,rs9559631,CC,CC,CT,88,100,99,NC_000013.11,Mutation NB - Paternal Origin,Transition - Pyrimidine/Pyrimidine,Unsolved
110013074,rs8001815,AA,GG,GG,82,82,24,NC_000013.11,Mutation NB - Paternal Origin,Transition - Purine/Purine,A>G
110013097,rs8001511,GG,AA,AA,82,82,24,NC_000013.11,Mutation NB - Paternal Origin,Transition - Purine/Purine,G>A
110013142,rs8001673,TT,CC,CC,82,82,24,NC_000013.11,Mutation NB - Paternal Origin,Transition - Pyrimidine/Pyrimidine,T>C
110019048,rs4773110,CC,AA,AA,100,49,18,NC_000013.11,Mutation NB - Paternal Origin,Transversion - Purine/Pyrimidine,C>A
110413439,rs192034067,GG,GA,AA,91,79,9,NC_000013.11,Mutation NB - Paternal Origin,Transition - Purine/Purine,G>A
110456089,rs7333991,TT,CC,TT,70,61,0,NC_000013.11,Mutation NB - Maternal Origin,Transition - Pyrimidine/Pyrimidine,C>T
110955139,rs58933215,GG,AA,AA,88,85,9,NC_000013.11,Mutation NB - Paternal Origin,Transition - Purine/Purine,G>A
111343401,rs9522189,AA,GA,GG,88,1,0,NC_000013.11,Mutation NB - Paternal Origin,Transition - Purine/Purine,A>G
111467821,rs1151436,GG,AG,AA,73,1,9,NC_000013.11,Mutation NB - Paternal Origin,Transition - Purine/Purine,G>A
21780622,rs12893700,TT,CC,TT,85,85,21,NC_000014.9,Mutation NB - Maternal Origin,Transition - Pyrimidine/Pyrimidine,C>T
29582947,.,CC,CC,CG,76,64,40,NC_000014.9,Mutation NB - Maternal Origin,Transversion - Purine/Pyrimidine,Unsolved
30756125,rs179556,GG,GG,TG,88,88,72,NC_000014.9,Mutation NB - Paternal or Maternal,Transversion - Purine/Pyrimidine,Unsolved
30756147,rs179555,GG,GG,TG,88,85,99,NC_000014.9,Mutation NB - Maternal Origin,Transversion - Purine/Pyrimidine,Unsolved
31705147,rs10140944,TT,CT,CC,67,1,0,NC_000014.9,Mutation NB - Paternal Origin,Transition - Pyrimidine/Pyrimidine,T>C
31893854,.,AA,AA,AG,76,70,59,NC_000014.9,Mutation NB - Maternal Origin,Transition - Purine/Purine,Unsolved
34442677,rs139298426,TT,CC,TT,91,58,0,NC_000014.9,Mutation NB - Maternal Origin,Transition - Pyrimidine/Pyrimidine,C>T
35156155,rs79579891,GG,GG,GT,100,58,98,NC_000014.9,Mutation NB - Maternal Origin,Transversion - Purine/Pyrimidine,Unsolved
35333277,rs10147645,AG,AA,GG,60,85,9,NC_000014.9,Mutation NB - Maternal Origin,Transition - Purine/Purine,A>G
35340208,rs12436216,AA,GG,AA,88,100,18,NC_000014.9,Mutation NB - Maternal Origin,Transition - Purine/Purine,G>A
35416080,rs8018407,TT,CC,CC,100,67,27,NC_000014.9,Mutation NB - Paternal Origin,Transition - Pyrimidine/Pyrimidine,T>C
38343158,rs990494,TG,TT,GG,67,91,15,NC_000014.9,Mutation NB - Maternal Origin,Transversion - Purine/Pyrimidine,T>G
38373602,rs1168535,TT,TT,TG,100,76,44,NC_000014.9,Mutation NB - Maternal Origin,Transition - Pyrimidine/Pyrimidine,Transversion - Purine/Pyrimidine,Unsolved
39441965,rs910371,CC,AA,CC,79,67,0,NC_000014.9,Mutation NB - Maternal Origin,Transversion - Purine/Pyrimidine,A>C
41145663,rs10147000,CC,CC,CT,91,82,99,NC_000014.9,Mutation NB - Maternal Origin,Transition - Pyrimidine/Pyrimidine,Unsolved
43059608,rs1886244388,TT,TT,TC,79,76,49,NC_000014.9,Mutation NB - Maternal Origin,Transition - Pyrimidine/Pyrimidine,Unsolved
43565179,rs963388846,GG,GG,GC,100,64,59,NC_000014.9,Mutation NB - Maternal Origin,Transition - Purine/Purine,Transversion - Purine/Pyrimidine,Unsolved
46166493,rs58523661,GG,GG,GT,100,79,66,NC_000014.9,Mutation NB - Maternal Origin,Transversion - Purine/Pyrimidine,Unsolved
55074856,rs9323278,GG,CC,GG,73,67,9,NC_000014.9,Mutation NB - Maternal Origin,Transversion - Purine/Pyrimidine,C>G
55577428,rs1340648638,TT,TT,TC,79,79,63,NC_000014.9,Mutation NB - Paternal or Maternal,Transition - Pyrimidine/Pyrimidine,Unsolved
63647647,rs61985671,CC,CC,CT,100,70,99,NC_000014.9,Mutation NB - Maternal Origin,Transition - Pyrimidine/Pyrimidine,Unsolved
64769560,rs229598,AA,AA,AG,100,61,45,NC_000014.9,Mutation NB - Maternal Origin,Transition - Purine/Purine,Unsolved
68661235,rs4420467,TT,CC,TT,91,100,24,NC_000014.9,Mutation NB - Maternal Origin,Transition - Pyrimidine/Pyrimidine,C>T
68761772,rs138001449,GG,GT,TT,91,73,12,NC_000014.9,Mutation NB - Paternal Origin,Transversion - Purine/Pyrimidine,G>T
70255951,rs1042114433,CC,CC,CT,94,82,50,NC_000014.9,Mutation NB - Maternal Origin,Transition - Pyrimidine/Pyrimidine,Unsolved
71139951,rs221896,CC,GG,CC,91,73,0,NC_000014.9,Mutation NB - Maternal Origin,Transversion - Purine/Pyrimidine,G>C
71231899,rs7156194,CC,CA,AA,100,28,30,NC_000014.9,Mutation NB - Paternal Origin,Transversion - Purine/Pyrimidine,C>A
73718235,rs111854480,GG,AA,AA,91,82,21,NC_000014.9,Mutation NB - Paternal Origin,Transition - Purine/Purine,G>A
74042674,rs7153160,TT,CT,CC,88,5,15,NC_000014.9,Mutation NB - Paternal Origin,Transition - Pyrimidine/Pyrimidine,T>C
74042716,rs7153017,GG,AA,AA,88,67,18,NC_000014.9,Mutation NB - Paternal Origin,Transition - Purine/Purine,G>A
74512389,rs862055,CC,TT,CC,88,76,9,NC_000014.9,Mutation NB - Maternal Origin,Transition - Pyrimidine/Pyrimidine,T>C
75323405,.,TT,TT,TG,76,55,65,NC_000014.9,Mutation NB - Maternal Origin,Transition - Pyrimidine/Pyrimidine,Transversion - Purine/Pyrimidine,Unsolved
78638184,rs60339939,TC,TT,CC,41,82,9,NC_000014.9,Mutation NB - Maternal Origin,Transition - Pyrimidine/Pyrimidine,T>C
78827528,.,TT,TT,TC,91,67,58,NC_000014.9,Mutation NB - Maternal Origin,Transition - Pyrimidine/Pyrimidine,Unsolved
79150638,.,AA,AA,AG,85,58,50,NC_000014.9,Mutation NB - Maternal Origin,Transition - Purine/Purine,Unsolved
83944118,.,TT,TT,TC,88,64,99,NC_000014.9,Mutation NB - Maternal Origin,Transition - Pyrimidine/Pyrimidine,Unsolved
84398509,rs61984251,CC,CC,CT,100,67,24,NC_000014.9,Mutation NB - Maternal Origin,Transition - Pyrimidine/Pyrimidine,Unsolved
85011921,rs57543927,GA,GG,AA,1,82,18,NC_000014.9,Mutation NB - Maternal Origin,Transition - Purine/Purine,G>A
86792271,rs1642281,AA,AG,GG,85,8,9,NC_000014.9,Mutation NB - Paternal Origin,Transition - Purine/Purine,A>G
92736613,rs79132724,AA,GG,GG,91,88,18,NC_000014.9,Mutation NB - Paternal Origin,Transition - Purine/Purine,A>G
94690484,rs8017593,AA,CC,AA,91,64,9,NC_000014.9,Mutation NB - Maternal Origin,Transversion - Purine/Pyrimidine,C>A
94699275,rs10150038,TC,CC,TT,32,82,0,NC_000014.9,Mutation NB - Maternal Origin,Transversion - Purine/Pyrimidine,C>T
95418174,rs1740644,AA,GG,AA,91,82,0,NC_000014.9,Mutation NB - Maternal Origin,Transition - Purine/Purine,G>A
96577869,rs150158390,TT,TT,TC,91,76,54,NC_000014.9,Mutation NB - Maternal Origin,Transition - Pyrimidine/Pyrimidine,Unsolved
96636255,rs4905514,AA,AA,CC,100,76,12,NC_000014.9,Mutation NB - Maternal Origin,Transversion - Purine/Pyrimidine,Unsolved
96636279,rs4900332,TT,TT,TC,100,76,17,NC_000014.9,Mutation NB - Maternal Origin,Transition - Pyrimidine/Pyrimidine,Unsolved
97848853,rs75717205,TT,CC,CC,100,76,9,NC_000014.9,Mutation NB - Paternal Origin,Transition - Pyrimidine/Pyrimidine,T>C
98342093,rs72708204,GG,TT,TT,98,58,21,NC_000014.9,Mutation NB - Paternal Origin,Transversion - Purine/Pyrimidine,G>T
98658776,rs2103870,AA,GA,GG,88,35,18,NC_000014.9,Mutation NB - Paternal Origin,Transition - Purine/Purine,A>G
98659071,rs11850271,AA,AA,AG,100,91,40,NC_000014.9,Mutation NB - Maternal Origin,Transition - Purine/Purine,Unsolved
99233359,rs78284991,CC,CT,TT,76,38,9,NC_000014.9,Mutation NB - Paternal Origin,Transition - Pyrimidine/Pyrimidine,C>T
100133100,rs941898,TT,GG,GG,82,76,0,NC_000014.9,Mutation NB - Paternal Origin,Transversion - Purine/Pyrimidine,T>G
101115276,rs77379184,TT,CC,TT,88,79,15,NC_000014.9,Mutation NB - Maternal Origin,Transition - Pyrimidine/Pyrimidine,C>T
102430672,rs1190540,GG,AA,GG,88,85,9,NC_000014.9,Mutation NB - Maternal Origin,Transition - Purine/Purine,A>G
103681016,rs3915733,GG,GG,GA,88,79,59,NC_000014.9,Mutation NB - Maternal Origin,Transition - Purine/Purine,Unsolved
103681040,rs11540512,TT,CC,CC,88,79,24,NC_000014.9,Mutation NB - Paternal Origin,Transition - Pyrimidine/Pyrimidine,T>C
103970114,rs2032953902,GG,GG,GA,85,79,62,NC_000014.9,Mutation NB - Maternal Origin,Transition - Purine/Purine,Unsolved
104097345,rs35432379,CC,GG,GG,88,79,18,NC_000014.9,Mutation NB - Paternal Origin,Transversion - Purine/Pyrimidine,C>G
104358077,.,CC,CC,CT,76,55,40,NC_000014.9,Mutation NB - Maternal Origin,Transition - Pyrimidine/Pyrimidine,Unsolved
104924797,rs2582530,GG,GG,AG,85,64,61,NC_000014.9,Mutation NB - Maternal Origin,Transition - Purine/Purine,Unsolved
24594151,rs148770295,CT,CC,TT,1,88,9,NC_000015.10,Mutation NB - Maternal Origin,Transversion - Purine/Pyrimidine,C>T
26790134,rs6576615,AG,GG,AA,64,85,0,NC_000015.10,Mutation NB - Maternal Origin,Transition - Purine/Purine,G>A
26790135,rs6576616,GA,AA,GG,64,85,0,NC_000015.10,Mutation NB - Maternal Origin,Transition - Purine/Purine,A>G
26937509,rs61999613,GG,AA,AA,88,61,0,NC_000015.10,Mutation NB - Paternal Origin,Transition - Purine/Purine,G>A
27094565,rs4555125,GG,AA,GG,88,79,21,NC_000015.10,Mutation NB - Maternal Origin,Transition - Purine/Purine,A>G
33043849,rs34243710,AA,AG,GG,85,1,15,NC_000015.10,Mutation NB - Paternal Origin,Transition - Purine/Purine,A>G
33043876,rs2619178,AA,AG,GG,82,1,15,NC_000015.10,Mutation NB - Paternal Origin,Transition - Purine/Purine,A>G
38378835,.,AA,AA,AG,73,73,62,NC_000015.10,Mutation NB - Paternal or Maternal,Transition - Purine/Purine,Unsolved
41209393,.,GG,GG,GA,79,73,53,NC_000015.10,Mutation NB - Maternal Origin,Transition - Purine/Purine,Unsolved
42402200,.,TT,TT,TC,82,91,53,NC_000015.10,Mutation NB - Paternal Origin,Transition - Pyrimidine/Pyrimidine,Unsolved
43268627,rs491804,AA,GA,GG,88,1,0,NC_000015.10,Mutation NB - Paternal Origin,Transition - Purine/Purine,A>G
48696754,rs12910178,TT,CT,CC,91,41,0,NC_000015.10,Mutation NB - Paternal Origin,Transition - Pyrimidine/Pyrimidine,T>C
48875023,rs11635924,TT,TT,CC,100,82,9,NC_000015.10,Mutation NB - Maternal Origin,Transition - Pyrimidine/Pyrimidine,Unsolved
49539697,rs34694913,GG,GG,GT,91,88,99,NC_000015.10,Mutation NB - Maternal Origin,Transversion - Purine/Pyrimidine,Unsolved
51156059,.,TT,TT,TC,70,58,51,NC_000015.10,Mutation NB - Maternal Origin,Transition - Pyrimidine/Pyrimidine,Unsolved
51156075,.,AA,AA,AC,70,58,65,NC_000015.10,Mutation NB - Maternal Origin,Transversion - Purine/Pyrimidine,Unsolved
52309022,rs142699003,CC,CC,CT,100,52,99,NC_000015.10,Mutation NB - Maternal Origin,Transition - Pyrimidine/Pyrimidine,Unsolved
56340759,rs2713928,AA,AA,AG,100,73,99,NC_000015.10,Mutation NB - Maternal Origin,Transition - Purine/Purine,Unsolved
58027038,rs117823281,GG,GG,GA,91,100,33,NC_000015.10,Mutation NB - Paternal Origin,Transition - Purine/Purine,Unsolved
59543083,.,AA,AA,AG,91,88,65,NC_000015.10,Mutation NB - Maternal Origin,Transition - Purine/Purine,Unsolved
61820093,rs10851702,CC,CC,CT,61,100,59,NC_000015.10,Mutation NB - Paternal Origin,Transition - Pyrimidine/Pyrimidine,Unsolved
62335711,rs289100,CC,GG,CC,91,100,12,NC_000015.10,Mutation NB - Maternal Origin,Transversion - Purine/Pyrimidine,G>C
65335057,.,CC,CC,CT,82,58,63,NC_000015.10,Mutation NB - Maternal Origin,Transition - Pyrimidine/Pyrimidine,Unsolved
65812862,rs6494539,GG,AA,GG,85,91,12,NC_000015.10,Mutation NB - Maternal Origin,Transition - Purine/Purine,A>G
66818958,rs12595096,GG,AA,AA,82,79,0,NC_000015.10,Mutation NB - Paternal Origin,Transition - Purine/Purine,G>A
67174541,rs2278545,TT,TT,GG,100,91,21,NC_000015.10,Mutation NB - Maternal Origin,Transition - Purine/Purine,Transversion - Purine/Pyrimidine,Unsolved
67402428,rs11071951,CC,CC,CT,88,100,32,NC_000015.10,Mutation NB - Paternal Origin,Transition - Pyrimidine/Pyrimidine,Unsolved
67402442,rs11071952,AA,AA,AT,88,100,33,NC_000015.10,Mutation NB - Paternal Origin,Transversion - Purine/Pyrimidine,Unsolved
69308385,rs28455885,AA,GG,AA,79,73,15,NC_000015.10,Mutation NB - Maternal Origin,Transition - Purine/Purine,G>A
69311788,rs1272056558,TT,TT,TC,85,79,68,NC_000015.10,Mutation NB - Maternal Origin,Transition - Pyrimidine/Pyrimidine,Unsolved
73730951,rs11072438,AA,AA,CA,88,73,22,NC_000015.10,Mutation NB - Maternal Origin,Transversion - Purine/Pyrimidine,Unsolved
73960067,rs10152173,TT,CC,CC,88,88,15,NC_000015.10,Mutation NB - Paternal Origin,Transition - Pyrimidine/Pyrimidine,T>C
76621028,rs2051993700,AA,AA,AG,88,82,61,NC_000015.10,Mutation NB - Maternal Origin,Transition - Purine/Purine,Unsolved
77018004,rs12900395,GG,CG,CC,85,1,0,NC_000015.10,Mutation NB - Paternal Origin,Transversion - Purine/Pyrimidine,G>C
78303971,rs73467147,CC,CC,CT,85,91,99,NC_000015.10,Mutation NB - Paternal Origin,Transition - Pyrimidine/Pyrimidine,Unsolved
78656780,.,TT,TT,TC,82,49,62,NC_000015.10,Mutation NB - Maternal Origin,Transition - Pyrimidine/Pyrimidine,Unsolved
78656785,rs12900519,CT,TT,CC,32,49,0,NC_000015.10,Mutation NB - Maternal Origin,Transition - Pyrimidine/Pyrimidine,T>C
78946832,rs56148823,TT,CC,CC,82,70,18,NC_000015.10,Mutation NB - Paternal Origin,Transition - Pyrimidine/Pyrimidine,T>C
79081335,rs6495366,TT,CT,CC,88,14,0,NC_000015.10,Mutation NB - Paternal Origin,Transition - Pyrimidine/Pyrimidine,T>C
80084786,rs968632411,CC,CC,CG,88,79,52,NC_000015.10,Mutation NB - Maternal Origin,Transversion - Purine/Pyrimidine,Unsolved
81414807,rs7175270,CC,CC,CT,82,100,23,NC_000015.10,Mutation NB - Paternal Origin,Transition - Pyrimidine/Pyrimidine,Unsolved
89471802,rs2072692,AA,AA,AG,88,100,30,NC_000015.10,Mutation NB - Paternal Origin,Transition - Purine/Purine,Unsolved
90590831,rs8031714,CC,GG,CC,85,88,12,NC_000015.10,Mutation NB - Maternal Origin,Transversion - Purine/Pyrimidine,G>C
90884958,rs76642265,AA,GG,AA,79,88,21,NC_000015.10,Mutation NB - Maternal Origin,Transition - Purine/Purine,G>A
90884967,rs2071382,TC,TT,CC,1,100,21,NC_000015.10,Mutation NB - Maternal Origin,Transition - Pyrimidine/Pyrimidine,T>C
91671914,rs908712880,TT,TT,TC,67,58,47,NC_000015.10,Mutation NB - Maternal Origin,Transition - Pyrimidine/Pyrimidine,Unsolved
91877640,rs35635011,GG,GT,TT,82,29,15,NC_000015.10,Mutation NB - Paternal Origin,Transversion - Purine/Pyrimidine,G>T
91905290,rs3924427,GG,AA,GG,85,85,9,NC_000015.10,Mutation NB - Maternal Origin,Transition - Purine/Purine,A>G
92121188,rs34609355,GA,AA,GG,38,85,9,NC_000015.10,Mutation NB - Maternal Origin,Transition - Purine/Purine,A>G
92232527,rs1479526,GG,GG,GT,100,79,99,NC_000015.10,Mutation NB - Maternal Origin,Transversion - Purine/Pyrimidine,Unsolved
92425357,rs11635453,GA,AA,GG,1,73,0,NC_000015.10,Mutation NB - Maternal Origin,Transition - Purine/Purine,A>G
93160337,rs28681602,CC,CC,CT,70,67,47,NC_000015.10,Mutation NB - Maternal Origin,Transition - Pyrimidine/Pyrimidine,Unsolved
95571293,rs1201152747,AA,AA,AG,73,82,83,NC_000015.10,Mutation NB - Paternal Origin,Transition - Purine/Purine,Unsolved
98413403,rs12148703,GG,AA,AA,100,70,24,NC_000015.10,Mutation NB - Paternal Origin,Transition - Purine/Purine,G>A
98668851,rs28411710,TT,GG,GG,79,88,0,NC_000015.10,Mutation NB - Paternal Origin,Transversion - Purine/Pyrimidine,T>G
99121533,rs8036540,GG,TT,GG,91,88,27,NC_000015.10,Mutation NB - Maternal Origin,Transition - Purine/Purine,Transversion - Purine/Pyrimidine,T>G
99493929,rs1808902,AG,AA,GG,70,100,33,NC_000015.10,Mutation NB - Maternal Origin,Transition - Purine/Purine,A>G
100128351,rs11856684,CC,TT,CC,96,82,12,NC_000015.10,Mutation NB - Maternal Origin,Transition - Pyrimidine/Pyrimidine,T>C
100335809,rs2587767,AA,AA,AG,100,55,53,NC_000015.10,Mutation NB - Maternal Origin,Transition - Purine/Purine,Unsolved
100449174,rs74545860,TT,TT,TA,88,100,58,NC_000015.10,Mutation NB - Paternal Origin,Transition - Pyrimidine/Pyrimidine,Transversion - Purine/Pyrimidine,Unsolved
101111984,rs60120204,CC,TT,CC,76,64,0,NC_000015.10,Mutation NB - Maternal Origin,Transition - Pyrimidine/Pyrimidine,T>C
101410134,rs2101817,TT,TC,CC,100,1,21,NC_000015.10,Mutation NB - Paternal Origin,Transition - Pyrimidine/Pyrimidine,T>C
575384,rs2384978,CC,CC,TC,91,82,75,NC_000016.10,Mutation NB - Maternal Origin,Transition - Pyrimidine/Pyrimidine,Unsolved
575388,rs2384977,TT,TT,CT,91,82,75,NC_000016.10,Mutation NB - Maternal Origin,Transition - Pyrimidine/Pyrimidine,Unsolved
606842,rs12149951,GG,TT,TT,73,91,12,NC_000016.10,Mutation NB - Paternal Origin,Transversion - Purine/Pyrimidine,G>T
731633,rs3829492,GA,AA,GG,70,76,0,NC_000016.10,Mutation NB - Maternal Origin,Transition - Purine/Purine,A>G
778844,rs1737342,GG,GG,AG,82,91,95,NC_000016.10,Mutation NB - Paternal Origin,Transition - Purine/Purine,Unsolved
872179,rs74001089,TC,TT,CC,64,85,9,NC_000016.10,Mutation NB - Maternal Origin,Transition - Pyrimidine/Pyrimidine,T>C
1022171,.,GG,GG,GA,91,73,62,NC_000016.10,Mutation NB - Maternal Origin,Transition - Purine/Purine,Unsolved
1142213,rs4566170,AA,AA,AG,100,82,65,NC_000016.10,Mutation NB - Maternal Origin,Transition - Purine/Purine,Unsolved
1443758,rs12596752,TT,CC,CC,88,79,9,NC_000016.10,Mutation NB - Paternal Origin,Transition - Pyrimidine/Pyrimidine,T>C
1463573,rs2281195,GG,AA,AA,82,49,42,NC_000016.10,Mutation NB - Paternal Origin,Transition - Purine/Purine,G>A
1509837,rs3180228,TT,TT,TC,91,76,95,NC_000016.10,Mutation NB - Maternal Origin,Transition - Pyrimidine/Pyrimidine,Unsolved
1743493,rs368542818,GG,GG,GA,82,55,47,NC_000016.10,Mutation NB - Maternal Origin,Transition - Purine/Purine,Unsolved
1788374,rs11643434,GG,AA,GG,91,40,0,NC_000016.10,Mutation NB - Maternal Origin,Transition - Purine/Purine,A>G
2212065,rs11403,GG,AA,AA,91,76,12,NC_000016.10,Mutation NB - Paternal Origin,Transition - Purine/Purine,G>A
2212112,rs1126,CC,GG,GG,91,76,9,NC_000016.10,Mutation NB - Paternal Origin,Transversion - Purine/Pyrimidine,C>G
2287992,rs313909,GG,AA,GG,91,88,0,NC_000016.10,Mutation NB - Maternal Origin,Transition - Purine/Purine,A>G
2426373,rs4786281,CC,GG,CC,70,10,0,NC_000016.10,Mutation NB - Maternal Origin,Transversion - Purine/Pyrimidine,G>C
3077260,rs552372060,TT,TT,TC,85,40,47,NC_000016.10,Mutation NB - Maternal Origin,Transition - Pyrimidine/Pyrimidine,Unsolved
3401246,rs185233393,CT,CC,TT,4,64,9,NC_000016.10,Mutation NB - Maternal Origin,Transversion - Purine/Pyrimidine,C>T
3577537,rs28756312,TT,TT,TC,91,85,59,NC_000016.10,Mutation NB - Maternal Origin,Transition - Pyrimidine/Pyrimidine,Unsolved
3914607,rs11076790,GG,CC,GG,73,73,0,NC_000016.10,Mutation NB - Maternal Origin,Transversion - Purine/Pyrimidine,C>G
4220403,rs11646960,AA,AA,AG,82,100,99,NC_000016.10,Mutation NB - Paternal Origin,Transition - Purine/Purine,Unsolved
4658110,rs73516887,TT,TT,TC,100,46,99,NC_000016.10,Mutation NB - Maternal Origin,Transition - Pyrimidine/Pyrimidine,Unsolved
4941276,rs11861717,CC,CA,AA,100,20,30,NC_000016.10,Mutation NB - Paternal Origin,Transversion - Purine/Pyrimidine,C>A
4941389,rs13333045,CC,CG,GG,100,1,15,NC_000016.10,Mutation NB - Paternal Origin,Transversion - Purine/Pyrimidine,C>G
5021648,.,TT,TT,TC,76,76,65,NC_000016.10,Mutation NB - Paternal or Maternal,Transition - Pyrimidine/Pyrimidine,Unsolved
5495252,rs13335830,TT,CC,TT,91,91,15,NC_000016.10,Mutation NB - Maternal Origin,Transition - Pyrimidine/Pyrimidine,C>T
6244336,rs62015138,AA,TT,AA,91,82,0,NC_000016.10,Mutation NB - Maternal Origin,Transversion - Purine/Pyrimidine,T>A
8521957,rs6501149,TT,TT,TC,100,67,99,NC_000016.10,Mutation NB - Maternal Origin,Transition - Pyrimidine/Pyrimidine,Unsolved
8521970,rs12709233,AA,AA,AG,100,67,99,NC_000016.10,Mutation NB - Maternal Origin,Transition - Purine/Purine,Unsolved
10617344,rs73505886,TT,TT,TC,100,73,99,NC_000016.10,Mutation NB - Maternal Origin,Transition - Pyrimidine/Pyrimidine,Unsolved
11189311,rs4780345,CC,CC,CG,100,82,72,NC_000016.10,Mutation NB - Maternal Origin,Transversion - Purine/Pyrimidine,Unsolved
11391784,rs12599460,TT,CC,CC,85,91,0,NC_000016.10,Mutation NB - Paternal Origin,Transition - Pyrimidine/Pyrimidine,T>C
11516320,rs4781108,GA,AA,GG,35,76,0,NC_000016.10,Mutation NB - Maternal Origin,Transition - Purine/Purine,A>G
12548794,rs2561032,TT,TT,TG,100,58,50,NC_000016.10,Mutation NB - Maternal Origin,Transition - Pyrimidine/Pyrimidine,Transversion - Purine/Pyrimidine,Unsolved
12548814,rs2561033,TT,TT,TC,100,58,50,NC_000016.10,Mutation NB - Maternal Origin,Transition - Pyrimidine/Pyrimidine,Unsolved
14005664,rs7195205,CA,CC,AA,1,100,18,NC_000016.10,Mutation NB - Maternal Origin,Transversion - Purine/Pyrimidine,C>A
19129003,rs75273947,GG,GG,GT,100,85,99,NC_000016.10,Mutation NB - Maternal Origin,Transversion - Purine/Pyrimidine,Unsolved
19602444,rs116442520,AA,GG,GG,88,88,9,NC_000016.10,Mutation NB - Paternal Origin,Transition - Purine/Purine,A>G
22999423,rs8054525,GG,CG,CC,85,1,0,NC_000016.10,Mutation NB - Paternal Origin,Transversion - Purine/Pyrimidine,G>C
23528916,rs11642434,TT,TT,TC,82,91,99,NC_000016.10,Mutation NB - Paternal Origin,Transition - Pyrimidine/Pyrimidine,Unsolved
25246870,.,TT,TT,TC,82,70,43,NC_000016.10,Mutation NB - Maternal Origin,Transition - Pyrimidine/Pyrimidine,Unsolved
26509618,.,AA,AA,AG,55,73,59,NC_000016.10,Mutation NB - Paternal Origin,Transition - Purine/Purine,Unsolved
27025725,rs77552565,GG,GG,GT,100,79,99,NC_000016.10,Mutation NB - Maternal Origin,Transversion - Purine/Pyrimidine,Unsolved
36223586,rs1900768395,TT,TT,TC,82,88,71,NC_000016.10,Mutation NB - Paternal Origin,Transition - Pyrimidine/Pyrimidine,Unsolved
48521101,.,GG,GG,GA,91,79,56,NC_000016.10,Mutation NB - Maternal Origin,Transition - Purine/Purine,Unsolved
51514354,rs1498774,TT,CC,CC,76,49,27,NC_000016.10,Mutation NB - Paternal Origin,Transition - Pyrimidine/Pyrimidine,T>C
51954232,.,TT,TT,TC,73,49,81,NC_000016.10,Mutation NB - Maternal Origin,Transition - Pyrimidine/Pyrimidine,Unsolved
52369332,rs9934432,TT,TT,TC,100,88,99,NC_000016.10,Mutation NB - Maternal Origin,Transition - Pyrimidine/Pyrimidine,Unsolved
53131721,rs73590892,CC,CA,AA,100,35,18,NC_000016.10,Mutation NB - Paternal Origin,Transversion - Purine/Pyrimidine,C>A
56332958,rs931072,GG,AA,AA,100,61,27,NC_000016.10,Mutation NB - Paternal Origin,Transition - Purine/Purine,G>A
56661634,rs12447986,TT,CC,CC,100,61,15,NC_000016.10,Mutation NB - Paternal Origin,Transition - Pyrimidine/Pyrimidine,T>C
57615456,rs4784833,AA,TA,TT,76,1,0,NC_000016.10,Mutation NB - Paternal Origin,Transversion - Purine/Pyrimidine,A>T
63618656,rs72783251,GG,GA,AA,67,1,15,NC_000016.10,Mutation NB - Paternal Origin,Transition - Purine/Purine,G>A
64770240,rs231119,TT,TT,TA,88,82,33,NC_000016.10,Mutation NB - Maternal Origin,Transition - Pyrimidine/Pyrimidine,Transversion - Purine/Pyrimidine,Unsolved
68526993,rs698715,AA,GG,GG,85,73,24,NC_000016.10,Mutation NB - Paternal Origin,Transition - Purine/Purine,A>G
68528052,rs698711,CC,TT,TT,88,73,24,NC_000016.10,Mutation NB - Paternal Origin,Transition - Pyrimidine/Pyrimidine,C>T
72945504,rs12927608,CC,CC,CT,64,100,59,NC_000016.10,Mutation NB - Paternal Origin,Transition - Pyrimidine/Pyrimidine,Unsolved
72977505,rs1250085213,AA,AA,AG,70,76,72,NC_000016.10,Mutation NB - Paternal Origin,Transition - Purine/Purine,Unsolved
75714293,rs882263,AC,CC,AA,32,85,0,NC_000016.10,Mutation NB - Maternal Origin,Transversion - Purine/Pyrimidine,C>A
77525713,rs9921718,AA,AA,AG,91,88,27,NC_000016.10,Mutation NB - Maternal Origin,Transition - Purine/Purine,Unsolved
81827567,rs62044136,TT,TT,TC,100,52,98,NC_000016.10,Mutation NB - Maternal Origin,Transition - Pyrimidine/Pyrimidine,Unsolved
83547932,rs35339808,CC,CC,CG,100,82,99,NC_000016.10,Mutation NB - Maternal Origin,Transversion - Purine/Pyrimidine,Unsolved
84042984,rs12921817,GG,AA,AA,91,91,0,NC_000016.10,Mutation NB - Paternal Origin,Transition - Purine/Purine,G>A
84069200,rs17725839,GG,GG,TT,91,85,18,NC_000016.10,Mutation NB - Maternal Origin,Transversion - Purine/Pyrimidine,Unsolved
84199143,rs13332770,TT,CT,CC,91,35,15,NC_000016.10,Mutation NB - Paternal Origin,Transition - Pyrimidine/Pyrimidine,T>C
84333101,rs72802684,GG,GA,AA,100,1,18,NC_000016.10,Mutation NB - Paternal Origin,Transition - Purine/Purine,G>A
85250012,.,TT,TT,TC,82,67,55,NC_000016.10,Mutation NB - Maternal Origin,Transition - Pyrimidine/Pyrimidine,Unsolved
85317333,.,TT,TT,TA,49,25,51,NC_000016.10,Mutation NB - Maternal Origin,Transition - Pyrimidine/Pyrimidine,Transversion - Purine/Pyrimidine,Unsolved
85332569,rs56341712,CC,CC,TT,100,82,15,NC_000016.10,Mutation NB - Maternal Origin,Transition - Pyrimidine/Pyrimidine,Unsolved
85332605,rs55972124,GG,GG,AA,100,79,15,NC_000016.10,Mutation NB - Maternal Origin,Transition - Purine/Purine,Unsolved
85440709,rs114260177,CC,AA,AA,67,70,18,NC_000016.10,Mutation NB - Paternal Origin,Transversion - Purine/Pyrimidine,C>A
85975655,rs2885363,GG,GC,CC,79,1,18,NC_000016.10,Mutation NB - Paternal Origin,Transversion - Purine/Pyrimidine,G>C
86926044,rs74348516,GG,GG,GA,70,100,99,NC_000016.10,Mutation NB - Paternal Origin,Transition - Purine/Purine,Unsolved
87262927,rs891090,GG,AA,AA,76,70,0,NC_000016.10,Mutation NB - Paternal Origin,Transition - Purine/Purine,G>A
87262941,rs891091,GG,AA,AA,76,70,0,NC_000016.10,Mutation NB - Paternal Origin,Transition - Purine/Purine,G>A
87613619,rs8053193,GG,CC,CC,91,91,12,NC_000016.10,Mutation NB - Paternal Origin,Transversion - Purine/Pyrimidine,G>C
88074068,rs3936121,CC,TT,CC,85,73,0,NC_000016.10,Mutation NB - Maternal Origin,Transition - Pyrimidine/Pyrimidine,T>C
88302168,rs12719930,GG,AA,GG,85,76,0,NC_000016.10,Mutation NB - Maternal Origin,Transition - Purine/Purine,A>G
88302170,rs12719931,CC,TT,CC,85,76,0,NC_000016.10,Mutation NB - Maternal Origin,Transition - Pyrimidine/Pyrimidine,T>C
88340141,rs74043405,AA,AA,CA,85,88,33,NC_000016.10,Mutation NB - Paternal Origin,Transversion - Purine/Pyrimidine,Unsolved
88340205,rs74043406,GG,GG,TG,85,88,33,NC_000016.10,Mutation NB - Paternal Origin,Transversion - Purine/Pyrimidine,Unsolved
88429600,rs12918876,TT,CC,CC,100,79,18,NC_000016.10,Mutation NB - Paternal Origin,Transition - Pyrimidine/Pyrimidine,T>C
88726969,rs77276858,GG,GG,GA,100,79,68,NC_000016.10,Mutation NB - Maternal Origin,Transition - Purine/Purine,Unsolved
88727405,rs8057198,TT,CC,CC,100,70,9,NC_000016.10,Mutation NB - Paternal Origin,Transition - Pyrimidine/Pyrimidine,T>C
88917544,rs75467683,AA,CC,CC,91,70,12,NC_000016.10,Mutation NB - Paternal Origin,Transversion - Purine/Pyrimidine,A>C
88917584,rs80043174,CC,TT,TT,91,70,12,NC_000016.10,Mutation NB - Paternal Origin,Transition - Pyrimidine/Pyrimidine,C>T
89644712,rs6860,CC,CT,TT,88,8,12,NC_000016.10,Mutation NB - Paternal Origin,Transition - Pyrimidine/Pyrimidine,C>T
89774831,rs12596415,CC,TC,TT,91,42,0,NC_000016.10,Mutation NB - Paternal Origin,Transition - Pyrimidine/Pyrimidine,C>T
90022029,rs2241039,AA,GG,GG,88,79,18,NC_000016.10,Mutation NB - Paternal Origin,Transition - Purine/Purine,A>G
804775,rs61467117,TT,TT,TC,82,88,95,NC_000017.11,Mutation NB - Paternal Origin,Transition - Pyrimidine/Pyrimidine,Unsolved
1896662,rs7406953,CC,TT,TT,100,88,9,NC_000017.11,Mutation NB - Paternal Origin,Transition - Pyrimidine/Pyrimidine,C>T
1943537,rs4516268,CC,AA,CC,85,58,0,NC_000017.11,Mutation NB - Maternal Origin,Transversion - Purine/Pyrimidine,A>C
3004186,rs79731228,AA,AA,AG,100,64,99,NC_000017.11,Mutation NB - Maternal Origin,Transition - Purine/Purine,Unsolved
3530249,rs4790510,GG,AA,AA,88,85,0,NC_000017.11,Mutation NB - Paternal Origin,Transition - Purine/Purine,G>A
3530255,rs4790511,CC,AA,AA,88,85,0,NC_000017.11,Mutation NB - Paternal Origin,Transversion - Purine/Pyrimidine,C>A
3530301,rs4790512,TT,CC,CC,88,85,0,NC_000017.11,Mutation NB - Paternal Origin,Transition - Pyrimidine/Pyrimidine,T>C
4846290,rs1032764715,TT,TT,TC,67,82,56,NC_000017.11,Mutation NB - Paternal Origin,Transition - Pyrimidine/Pyrimidine,Unsolved
6262522,.,AA,AA,AG,76,37,42,NC_000017.11,Mutation NB - Maternal Origin,Transition - Purine/Purine,Unsolved
6454697,rs4796331,GA,GG,AA,29,79,15,NC_000017.11,Mutation NB - Maternal Origin,Transition - Purine/Purine,G>A
6776325,rs11078649,GG,GG,GA,100,67,99,NC_000017.11,Mutation NB - Maternal Origin,Transition - Purine/Purine,Unsolved
7798403,.,CC,CC,CT,82,79,53,NC_000017.11,Mutation NB - Maternal Origin,Transition - Pyrimidine/Pyrimidine,Unsolved
8253992,rs9891699,CC,TT,TT,91,70,39,NC_000017.11,Mutation NB - Paternal Origin,Transition - Pyrimidine/Pyrimidine,C>T
9055875,.,TT,TT,TC,67,70,51,NC_000017.11,Mutation NB - Paternal Origin,Transition - Pyrimidine/Pyrimidine,Unsolved
11323983,rs11657311,TT,GG,TT,73,88,0,NC_000017.11,Mutation NB - Maternal Origin,Transversion - Purine/Pyrimidine,G>T
12989492,rs2072263,AA,GG,AA,79,58,0,NC_000017.11,Mutation NB - Maternal Origin,Transition - Purine/Purine,G>A
13328571,rs9898604,TT,TG,GG,82,1,15,NC_000017.11,Mutation NB - Paternal Origin,Transversion - Purine/Pyrimidine,T>G
15437705,rs2954757,TT,TT,TG,100,67,99,NC_000017.11,Mutation NB - Maternal Origin,Transition - Pyrimidine/Pyrimidine,Transversion - Purine/Pyrimidine,Unsolved
15437706,rs76787574,TT,TT,TC,100,67,99,NC_000017.11,Mutation NB - Maternal Origin,Transition - Pyrimidine/Pyrimidine,Unsolved
15738135,rs113830160,AA,AA,AG,88,100,99,NC_000017.11,Mutation NB - Paternal Origin,Transition - Purine/Purine,Unsolved
15738143,rs999495817,TT,TT,TC,88,100,99,NC_000017.11,Mutation NB - Paternal Origin,Transition - Pyrimidine/Pyrimidine,Unsolved
15738145,rs1035975249,GG,GG,GT,88,100,99,NC_000017.11,Mutation NB - Paternal Origin,Transversion - Purine/Pyrimidine,Unsolved
15738148,rs112677849,AA,AA,AG,88,100,99,NC_000017.11,Mutation NB - Paternal Origin,Transition - Purine/Purine,Unsolved
15738158,rs73978521,GG,GG,GA,88,100,99,NC_000017.11,Mutation NB - Paternal Origin,Transition - Purine/Purine,Unsolved
16608187,rs57230897,AA,TT,TT,88,70,0,NC_000017.11,Mutation NB - Paternal Origin,Transversion - Purine/Pyrimidine,A>T
16658425,rs9908390,AA,GG,GG,85,58,0,NC_000017.11,Mutation NB - Paternal Origin,Transition - Purine/Purine,A>G
17147037,.,CC,CC,CT,70,88,62,NC_000017.11,Mutation NB - Paternal Origin,Transition - Pyrimidine/Pyrimidine,Unsolved
17422637,rs16961675,GG,TT,GG,73,100,15,NC_000017.11,Mutation NB - Maternal Origin,Transition - Purine/Purine,Transversion - Purine/Pyrimidine,T>G
18147574,rs854775,TT,CC,CC,82,76,0,NC_000017.11,Mutation NB - Paternal Origin,Transition - Pyrimidine/Pyrimidine,T>C
18167447,rs854796,AA,GG,AA,91,64,9,NC_000017.11,Mutation NB - Maternal Origin,Transition - Purine/Purine,G>A
18187276,.,AA,AA,AG,67,55,51,NC_000017.11,Mutation NB - Maternal Origin,Transition - Purine/Purine,Unsolved
20315806,rs1992561,GG,AA,AA,58,67,27,NC_000017.11,Mutation NB - Paternal Origin,Transition - Purine/Purine,G>A
21004529,rs78692492,CC,CC,GG,91,88,15,NC_000017.11,Mutation NB - Maternal Origin,Transversion - Purine/Pyrimidine,Unsolved
21004530,rs77191285,GG,CC,CC,91,88,15,NC_000017.11,Mutation NB - Paternal Origin,Transversion - Purine/Pyrimidine,G>C
21406312,rs4247127,GG,AA,GG,76,76,0,NC_000017.11,Mutation NB - Maternal Origin,Transition - Purine/Purine,A>G
22462553,rs994983650,TT,AA,AA,67,88,15,NC_000017.11,Mutation NB - Paternal Origin,Transversion - Purine/Pyrimidine,T>A
27000357,rs28374124,TT,TT,CC,89,84,0,NC_000017.11,Mutation NB - Maternal Origin,Transition - Pyrimidine/Pyrimidine,Unsolved
27367287,rs35545716,AA,GG,AA,88,70,0,NC_000017.11,Mutation NB - Maternal Origin,Transition - Purine/Purine,G>A
27387046,rs11655161,GG,CC,CC,85,88,0,NC_000017.11,Mutation NB - Paternal Origin,Transversion - Purine/Pyrimidine,G>C
27977730,.,CC,CC,CA,76,82,42,NC_000017.11,Mutation NB - Paternal Origin,Transversion - Purine/Pyrimidine,Unsolved
30893943,.,AA,AA,AG,76,76,44,NC_000017.11,Mutation NB - Paternal or Maternal,Transition - Purine/Purine,Unsolved
31554326,.,TT,TT,TC,61,82,59,NC_000017.11,Mutation NB - Paternal Origin,Transition - Pyrimidine/Pyrimidine,Unsolved
31752862,rs9905818,TT,CC,TT,79,52,12,NC_000017.11,Mutation NB - Maternal Origin,Transition - Pyrimidine/Pyrimidine,C>T
31752866,rs9904147,AA,GG,AA,79,52,12,NC_000017.11,Mutation NB - Maternal Origin,Transition - Purine/Purine,G>A
32354443,.,TT,TT,TC,82,76,68,NC_000017.11,Mutation NB - Maternal Origin,Transition - Pyrimidine/Pyrimidine,Unsolved
32600945,rs8067382,TT,TT,TC,79,100,48,NC_000017.11,Mutation NB - Paternal Origin,Transition - Pyrimidine/Pyrimidine,Unsolved
33034079,rs117460785,GG,AA,AA,85,76,18,NC_000017.11,Mutation NB - Paternal Origin,Transition - Purine/Purine,G>A
34008646,rs8064267,CC,TT,TT,88,82,12,NC_000017.11,Mutation NB - Paternal Origin,Transition - Pyrimidine/Pyrimidine,C>T
35742974,rs226418,CC,GG,GG,98,82,0,NC_000017.11,Mutation NB - Paternal Origin,Transversion - Purine/Pyrimidine,C>G
39156760,rs116044498,TT,TT,TC,100,85,55,NC_000017.11,Mutation NB - Maternal Origin,Transition - Pyrimidine/Pyrimidine,Unsolved
41528587,rs897422,CT,TT,CC,67,79,0,NC_000017.11,Mutation NB - Maternal Origin,Transition - Pyrimidine/Pyrimidine,T>C
41724321,rs5001708,GG,AA,GG,88,76,0,NC_000017.11,Mutation NB - Maternal Origin,Transition - Purine/Purine,A>G
42670797,.,CC,CC,GG,100,96,4,NC_000017.11,Mutation NB - Maternal Origin,Transversion - Purine/Pyrimidine,Unsolved
44093503,rs117519930,CC,TT,CC,91,79,0,NC_000017.11,Mutation NB - Maternal Origin,Transition - Pyrimidine/Pyrimidine,T>C
44902821,rs8079308,GG,AA,AA,91,49,18,NC_000017.11,Mutation NB - Paternal Origin,Transition - Purine/Purine,G>A
48954611,rs9904288,TT,TT,TC,91,79,57,NC_000017.11,Mutation NB - Maternal Origin,Transition - Pyrimidine/Pyrimidine,Unsolved
49464560,rs77733799,AA,GG,AA,88,82,12,NC_000017.11,Mutation NB - Maternal Origin,Transition - Purine/Purine,G>A
50531590,rs2277627,CC,TT,CC,100,85,0,NC_000017.11,Mutation NB - Maternal Origin,Transition - Pyrimidine/Pyrimidine,T>C
53450694,rs4794430,CC,TT,CC,85,79,0,NC_000017.11,Mutation NB - Maternal Origin,Transition - Pyrimidine/Pyrimidine,T>C
55577947,.,TT,TT,TC,79,61,39,NC_000017.11,Mutation NB - Maternal Origin,Transition - Pyrimidine/Pyrimidine,Unsolved
55993052,rs11079205,TT,GG,TT,91,85,0,NC_000017.11,Mutation NB - Maternal Origin,Transversion - Purine/Pyrimidine,G>T
57297894,rs2332902,AA,GA,GG,88,28,0,NC_000017.11,Mutation NB - Paternal Origin,Transition - Purine/Purine,A>G
57821821,rs9900624,CG,CC,GG,32,73,12,NC_000017.11,Mutation NB - Maternal Origin,Transversion - Purine/Pyrimidine,C>G
58114939,rs181227,TT,TT,TC,100,88,21,NC_000017.11,Mutation NB - Maternal Origin,Transition - Pyrimidine/Pyrimidine,Unsolved
58193839,rs36066186,TT,CC,CC,79,52,21,NC_000017.11,Mutation NB - Paternal Origin,Transition - Pyrimidine/Pyrimidine,T>C
58965696,rs774498330,AA,AA,AG,76,91,56,NC_000017.11,Mutation NB - Paternal Origin,Transition - Purine/Purine,Unsolved
62668106,rs8079582,CC,CC,CT,100,88,33,NC_000017.11,Mutation NB - Maternal Origin,Transition - Pyrimidine/Pyrimidine,Unsolved
63699178,rs3817181,GG,CC,CC,100,52,9,NC_000017.11,Mutation NB - Paternal Origin,Transversion - Purine/Pyrimidine,G>C
63985989,.,TT,TT,TC,85,82,41,NC_000017.11,Mutation NB - Maternal Origin,Transition - Pyrimidine/Pyrimidine,Unsolved
66049612,rs35850189,AA,GG,AA,88,85,0,NC_000017.11,Mutation NB - Maternal Origin,Transition - Purine/Purine,G>A
68135274,rs7210299,TT,CT,CC,92,76,30,NC_000017.11,Mutation NB - Paternal Origin,Transition - Pyrimidine/Pyrimidine,T>C
73199694,rs1009111,TT,TC,CC,91,29,9,NC_000017.11,Mutation NB - Paternal Origin,Transition - Pyrimidine/Pyrimidine,T>C
74569459,rs1719515,AA,GA,GG,79,70,0,NC_000017.11,Mutation NB - Paternal Origin,Transition - Purine/Purine,A>G
74950403,rs11651436,GG,GA,AA,100,47,18,NC_000017.11,Mutation NB - Paternal Origin,Transition - Purine/Purine,G>A
75643809,rs2059459575,TT,TT,TC,76,76,72,NC_000017.11,Mutation NB - Paternal or Maternal,Transition - Pyrimidine/Pyrimidine,Unsolved
75724558,rs820166,CC,TT,TT,100,64,9,NC_000017.11,Mutation NB - Paternal Origin,Transition - Pyrimidine/Pyrimidine,C>T
76685457,rs2286592,GG,AA,GG,76,91,9,NC_000017.11,Mutation NB - Maternal Origin,Transition - Purine/Purine,A>G
76918008,rs115984759,AA,GG,GG,85,79,18,NC_000017.11,Mutation NB - Paternal Origin,Transition - Purine/Purine,A>G
76918020,rs894948,CC,TC,TT,85,1,18,NC_000017.11,Mutation NB - Paternal Origin,Transition - Pyrimidine/Pyrimidine,C>T
77113952,rs517459,CC,CC,TT,88,88,18,NC_000017.11,Mutation NB - Paternal or Maternal,Transition - Pyrimidine/Pyrimidine,Unsolved
77593601,.,AA,AA,AT,79,55,53,NC_000017.11,Mutation NB - Maternal Origin,Transversion - Purine/Pyrimidine,Unsolved
77915501,rs74734561,TT,TT,TG,100,70,59,NC_000017.11,Mutation NB - Maternal Origin,Transition - Pyrimidine/Pyrimidine,Transversion - Purine/Pyrimidine,Unsolved
78318108,rs4429354,GG,GG,AG,79,73,21,NC_000017.11,Mutation NB - Maternal Origin,Transition - Purine/Purine,Unsolved
78366632,rs28539061,AA,AA,AG,64,91,99,NC_000017.11,Mutation NB - Paternal Origin,Transition - Purine/Purine,Unsolved
78483081,rs8064394,CC,TT,CC,88,100,15,NC_000017.11,Mutation NB - Maternal Origin,Transition - Pyrimidine/Pyrimidine,T>C
78483101,rs8081738,AG,AA,GG,28,100,15,NC_000017.11,Mutation NB - Maternal Origin,Transition - Purine/Purine,A>G
78641824,rs9904610,TT,CC,CC,85,73,0,NC_000017.11,Mutation NB - Paternal Origin,Transition - Pyrimidine/Pyrimidine,T>C
78877038,.,AA,AA,AG,91,76,50,NC_000017.11,Mutation NB - Maternal Origin,Transition - Purine/Purine,Unsolved
79215229,rs68140879,CC,CC,CG,100,82,64,NC_000017.11,Mutation NB - Maternal Origin,Transversion - Purine/Pyrimidine,Unsolved
79225831,rs9902414,CC,TT,TT,88,73,0,NC_000017.11,Mutation NB - Paternal Origin,Transition - Pyrimidine/Pyrimidine,C>T
79428245,.,GG,GG,GA,61,43,53,NC_000017.11,Mutation NB - Maternal Origin,Transition - Purine/Purine,Unsolved
79707846,rs11869574,GG,AG,AA,91,10,21,NC_000017.11,Mutation NB - Paternal Origin,Transition - Purine/Purine,G>A
79732281,rs34491636,GG,GG,AG,88,67,33,NC_000017.11,Mutation NB - Maternal Origin,Transition - Purine/Purine,Unsolved
80059116,rs11654770,CC,CC,CT,100,52,99,NC_000017.11,Mutation NB - Maternal Origin,Transition - Pyrimidine/Pyrimidine,Unsolved
80204006,rs2289540,CC,CC,GG,100,88,9,NC_000017.11,Mutation NB - Maternal Origin,Transversion - Purine/Pyrimidine,Unsolved
80583882,rs35856510,GG,AA,AA,100,88,12,NC_000017.11,Mutation NB - Paternal Origin,Transition - Purine/Purine,G>A
80740231,rs12947053,TT,CC,TT,91,85,0,NC_000017.11,Mutation NB - Maternal Origin,Transition - Pyrimidine/Pyrimidine,C>T
82726575,rs9902326,GA,GG,AA,70,70,15,NC_000017.11,Mutation NB - Maternal Origin,Transition - Purine/Purine,G>A
82865166,rs67735447,GG,GG,TT,100,100,9,NC_000017.11,Mutation NB - Paternal or Maternal,Transversion - Purine/Pyrimidine,Unsolved
83177747,rs551464244,TT,TT,TC,100,85,27,NC_000017.11,Mutation NB - Maternal Origin,Transition - Pyrimidine/Pyrimidine,Unsolved
1954978,rs113680893,AA,AA,AT,100,73,21,NC_000018.10,Mutation NB - Maternal Origin,Transversion - Purine/Pyrimidine,Unsolved
1955008,rs35723543,CC,CT,TT,100,1,21,NC_000018.10,Mutation NB - Paternal Origin,Transition - Pyrimidine/Pyrimidine,C>T
1955118,rs28491305,GG,AA,GG,85,100,18,NC_000018.10,Mutation NB - Maternal Origin,Transition - Purine/Purine,A>G
2639565,rs4797078,GG,AA,AA,91,88,9,NC_000018.10,Mutation NB - Paternal Origin,Transition - Purine/Purine,G>A
2823588,rs501395,CC,TT,CC,85,70,0,NC_000018.10,Mutation NB - Maternal Origin,Transition - Pyrimidine/Pyrimidine,T>C
3962377,rs9946373,CC,TT,CC,91,85,12,NC_000018.10,Mutation NB - Maternal Origin,Transition - Pyrimidine/Pyrimidine,T>C
4396034,rs12456026,TT,TT,CC,100,70,5,NC_000018.10,Mutation NB - Maternal Origin,Transition - Pyrimidine/Pyrimidine,Unsolved
6994885,rs6506460,CC,GG,CC,70,73,0,NC_000018.10,Mutation NB - Maternal Origin,Transversion - Purine/Pyrimidine,G>C
6994915,rs660181,TT,CC,TT,70,73,0,NC_000018.10,Mutation NB - Maternal Origin,Transition - Pyrimidine/Pyrimidine,C>T
9637076,rs73942124,GG,AA,AA,91,49,15,NC_000018.10,Mutation NB - Paternal Origin,Transition - Purine/Purine,G>A
13115997,rs115204929,TT,TT,TC,91,82,33,NC_000018.10,Mutation NB - Maternal Origin,Transition - Pyrimidine/Pyrimidine,Unsolved
13474266,rs8099129,GG,GG,AG,82,58,59,NC_000018.10,Mutation NB - Maternal Origin,Transition - Purine/Purine,Unsolved
14257653,rs7233913,TT,CC,CC,91,73,0,NC_000018.10,Mutation NB - Paternal Origin,Transition - Pyrimidine/Pyrimidine,T>C
14542891,rs45469098,GG,CC,GG,91,91,9,NC_000018.10,Mutation NB - Maternal Origin,Transversion - Purine/Pyrimidine,C>G
23967999,rs9961089,CC,TT,TT,88,82,12,NC_000018.10,Mutation NB - Paternal Origin,Transition - Pyrimidine/Pyrimidine,C>T
25558786,.,TT,TT,TC,85,67,56,NC_000018.10,Mutation NB - Maternal Origin,Transition - Pyrimidine/Pyrimidine,Unsolved
25744264,rs1823079,CC,AA,CC,88,88,12,NC_000018.10,Mutation NB - Maternal Origin,Transversion - Purine/Pyrimidine,A>C
27006657,.,TT,TT,TC,88,73,50,NC_000018.10,Mutation NB - Maternal Origin,Transition - Pyrimidine/Pyrimidine,Unsolved
29273704,rs1157508152,TT,TT,TC,82,64,53,NC_000018.10,Mutation NB - Maternal Origin,Transition - Pyrimidine/Pyrimidine,Unsolved
29400738,rs2053889292,TT,TT,TC,91,70,41,NC_000018.10,Mutation NB - Maternal Origin,Transition - Pyrimidine/Pyrimidine,Unsolved
33744092,rs16964887,TT,TT,TG,100,85,30,NC_000018.10,Mutation NB - Maternal Origin,Transition - Pyrimidine/Pyrimidine,Transversion - Purine/Pyrimidine,Unsolved
36361930,rs16960066,AA,GG,AA,70,76,18,NC_000018.10,Mutation NB - Maternal Origin,Transition - Purine/Purine,G>A
36422615,rs10853434,GG,AA,AA,100,88,18,NC_000018.10,Mutation NB - Paternal Origin,Transition - Purine/Purine,G>A
37298243,rs9949412,AA,GG,GG,91,85,0,NC_000018.10,Mutation NB - Paternal Origin,Transition - Purine/Purine,A>G
37298263,rs4799911,CC,TT,TT,91,85,0,NC_000018.10,Mutation NB - Paternal Origin,Transition - Pyrimidine/Pyrimidine,C>T
37391122,rs484156,TT,CC,TT,85,82,15,NC_000018.10,Mutation NB - Maternal Origin,Transition - Pyrimidine/Pyrimidine,C>T
43577265,rs8083360,GG,GA,AA,91,3,27,NC_000018.10,Mutation NB - Paternal Origin,Transition - Purine/Purine,G>A
46730061,.,AA,AA,AG,61,76,39,NC_000018.10,Mutation NB - Paternal Origin,Transition - Purine/Purine,Unsolved
47561443,.,AA,AA,AG,85,88,71,NC_000018.10,Mutation NB - Paternal Origin,Transition - Purine/Purine,Unsolved
48040973,.,AA,AA,AG,76,82,59,NC_000018.10,Mutation NB - Paternal Origin,Transition - Purine/Purine,Unsolved
49954668,rs1787525,GG,GG,GA,100,82,33,NC_000018.10,Mutation NB - Maternal Origin,Transition - Purine/Purine,Unsolved
50648678,rs12958523,AA,AA,AG,91,100,57,NC_000018.10,Mutation NB - Paternal Origin,Transition - Purine/Purine,Unsolved
51123683,rs112041351,AA,GG,GG,82,61,21,NC_000018.10,Mutation NB - Paternal Origin,Transition - Purine/Purine,A>G
58798892,rs12327537,CC,GG,GG,100,76,18,NC_000018.10,Mutation NB - Paternal Origin,Transversion - Purine/Pyrimidine,C>G
63818398,rs11877194,TT,GG,GG,85,58,9,NC_000018.10,Mutation NB - Paternal Origin,Transversion - Purine/Pyrimidine,T>G
65477442,rs79995306,CC,CC,CT,100,76,99,NC_000018.10,Mutation NB - Maternal Origin,Transition - Pyrimidine/Pyrimidine,Unsolved
66391053,rs12963048,AA,GG,AA,82,73,0,NC_000018.10,Mutation NB - Maternal Origin,Transition - Purine/Purine,G>A
70881322,rs12458619,GA,AA,GG,67,70,0,NC_000018.10,Mutation NB - Maternal Origin,Transition - Purine/Purine,A>G
70881462,.,TT,TT,CC,85,100,15,NC_000018.10,Mutation NB - Paternal Origin,Transition - Pyrimidine/Pyrimidine,Unsolved
71211802,rs9962907,AA,AA,AG,73,100,30,NC_000018.10,Mutation NB - Paternal Origin,Transition - Purine/Purine,Unsolved
71339028,rs28685159,CC,CC,CT,100,58,99,NC_000018.10,Mutation NB - Maternal Origin,Transition - Pyrimidine/Pyrimidine,Unsolved
72600872,rs8092762,CC,CC,CG,91,100,65,NC_000018.10,Mutation NB - Paternal Origin,Transversion - Purine/Pyrimidine,Unsolved
74436547,rs2278154,TT,CC,TT,79,76,0,NC_000018.10,Mutation NB - Maternal Origin,Transition - Pyrimidine/Pyrimidine,C>T
74441939,rs1559805,AA,CC,CC,91,76,15,NC_000018.10,Mutation NB - Paternal Origin,Transversion - Purine/Pyrimidine,A>C
76085332,rs2897284,AA,GA,GG,85,1,0,NC_000018.10,Mutation NB - Paternal Origin,Transition - Purine/Purine,A>G
76147155,rs8083837,GG,GA,AA,79,1,12,NC_000018.10,Mutation NB - Paternal Origin,Transition - Purine/Purine,G>A
76639499,rs7232313,TT,CC,CC,100,70,21,NC_000018.10,Mutation NB - Paternal Origin,Transition - Pyrimidine/Pyrimidine,T>C
77054107,rs13381841,CT,CC,TT,35,76,9,NC_000018.10,Mutation NB - Maternal Origin,Transversion - Purine/Pyrimidine,C>T
77179132,rs11874982,TT,CC,TT,88,88,0,NC_000018.10,Mutation NB - Maternal Origin,Transition - Pyrimidine/Pyrimidine,C>T
78357224,.,TT,TT,TA,79,64,49,NC_000018.10,Mutation NB - Maternal Origin,Transition - Pyrimidine/Pyrimidine,Transversion - Purine/Pyrimidine,Unsolved
79347598,rs304918,CC,CT,TT,85,35,21,NC_000018.10,Mutation NB - Paternal Origin,Transition - Pyrimidine/Pyrimidine,C>T
79903940,rs3744881,GG,AA,GG,79,61,0,NC_000018.10,Mutation NB - Maternal Origin,Transition - Purine/Purine,A>G
392572,rs111236997,CC,CC,CT,100,67,99,NC_000019.10,Mutation NB - Maternal Origin,Transition - Pyrimidine/Pyrimidine,Unsolved
586330,rs10413962,AA,TT,TT,88,67,12,NC_000019.10,Mutation NB - Paternal Origin,Transversion - Purine/Pyrimidine,A>T
605107,.,GG,GG,GA,67,76,55,NC_000019.10,Mutation NB - Paternal Origin,Transition - Purine/Purine,Unsolved
883968,rs2930898,TT,TT,TC,85,100,99,NC_000019.10,Mutation NB - Paternal Origin,Transition - Pyrimidine/Pyrimidine,Unsolved
1010909,rs7248769,AA,GG,AA,70,79,21,NC_000019.10,Mutation NB - Maternal Origin,Transition - Purine/Purine,G>A
1010911,rs7252527,TT,CC,TT,70,79,21,NC_000019.10,Mutation NB - Maternal Origin,Transition - Pyrimidine/Pyrimidine,C>T
1010974,rs8100391,AA,GA,GG,82,39,0,NC_000019.10,Mutation NB - Paternal Origin,Transition - Purine/Purine,A>G
1012612,rs970100,AA,CC,AA,82,76,0,NC_000019.10,Mutation NB - Maternal Origin,Transversion - Purine/Pyrimidine,C>A
1030957,rs7256075,GC,CC,GG,1,79,0,NC_000019.10,Mutation NB - Maternal Origin,Transversion - Purine/Pyrimidine,C>G
1224024,rs62128788,CC,CC,CT,100,88,71,NC_000019.10,Mutation NB - Maternal Origin,Transition - Pyrimidine/Pyrimidine,Unsolved
1396162,rs3888624,CC,CC,CT,88,64,14,NC_000019.10,Mutation NB - Maternal Origin,Transition - Pyrimidine/Pyrimidine,Unsolved
1488148,rs4807120,TT,CC,CC,73,100,0,NC_000019.10,Mutation NB - Paternal Origin,Transition - Pyrimidine/Pyrimidine,T>C
1497633,rs2085021072,CC,CC,CT,79,88,33,NC_000019.10,Mutation NB - Paternal Origin,Transition - Pyrimidine/Pyrimidine,Unsolved
1627210,rs1479294317,AA,AA,AC,79,74,83,NC_000019.10,Mutation NB - Maternal Origin,Transversion - Purine/Pyrimidine,Unsolved
1673510,rs4807948,AA,AA,AG,73,85,68,NC_000019.10,Mutation NB - Paternal Origin,Transition - Purine/Purine,Unsolved
2191021,.,AA,AA,AG,85,82,55,NC_000019.10,Mutation NB - Maternal Origin,Transition - Purine/Purine,Unsolved
2199459,.,TT,TT,TC,76,79,56,NC_000019.10,Mutation NB - Paternal Origin,Transition - Pyrimidine/Pyrimidine,Unsolved
2675888,.,TT,TT,TC,88,64,62,NC_000019.10,Mutation NB - Maternal Origin,Transition - Pyrimidine/Pyrimidine,Unsolved
3101251,rs113975777,GG,GG,GA,88,61,27,NC_000019.10,Mutation NB - Maternal Origin,Transition - Purine/Purine,Unsolved
3276274,rs12980036,TA,TT,AA,71,70,1,NC_000019.10,Mutation NB - Maternal Origin,Transversion - Purine/Pyrimidine,T>A
4582249,rs1459049311,CC,CC,CT,91,85,62,NC_000019.10,Mutation NB - Maternal Origin,Transition - Pyrimidine/Pyrimidine,Unsolved
5154850,rs1017819,AA,GG,GG,100,67,15,NC_000019.10,Mutation NB - Paternal Origin,Transition - Purine/Purine,A>G
5661465,.,GG,GG,GA,91,85,68,NC_000019.10,Mutation NB - Maternal Origin,Transition - Purine/Purine,Unsolved
6458229,rs2289784,GG,GG,CC,85,91,9,NC_000019.10,Mutation NB - Paternal Origin,Transversion - Purine/Pyrimidine,Unsolved
7169084,rs6510953,CC,CC,CA,82,100,99,NC_000019.10,Mutation NB - Paternal Origin,Transversion - Purine/Pyrimidine,Unsolved
7187605,rs7257324,CC,CC,CG,100,100,30,NC_000019.10,Mutation NB - Paternal or Maternal,Transversion - Purine/Pyrimidine,Unsolved
7419482,rs12981383,GG,AA,AA,85,76,15,NC_000019.10,Mutation NB - Paternal Origin,Transition - Purine/Purine,G>A
7459960,rs2287914,CC,CT,TT,100,1,12,NC_000019.10,Mutation NB - Paternal Origin,Transition - Pyrimidine/Pyrimidine,C>T
7459969,rs2287915,CC,CT,TT,100,1,12,NC_000019.10,Mutation NB - Paternal Origin,Transition - Pyrimidine/Pyrimidine,C>T
7467366,rs2303142,CC,GG,CC,91,79,26,NC_000019.10,Mutation NB - Maternal Origin,Transversion - Purine/Pyrimidine,G>C
8847971,rs62118937,TT,CC,CC,100,73,24,NC_000019.10,Mutation NB - Paternal Origin,Transition - Pyrimidine/Pyrimidine,T>C
9118479,rs80224299,AA,CC,CC,91,88,9,NC_000019.10,Mutation NB - Paternal Origin,Transversion - Purine/Pyrimidine,A>C
9118515,rs6511878,GG,GA,AA,91,99,9,NC_000019.10,Mutation NB - Paternal Origin,Transition - Purine/Purine,G>A
9723284,.,TT,TT,TC,82,76,59,NC_000019.10,Mutation NB - Maternal Origin,Transition - Pyrimidine/Pyrimidine,Unsolved
9977595,rs2161468,CC,GG,GG,88,91,18,NC_000019.10,Mutation NB - Paternal Origin,Transversion - Purine/Pyrimidine,C>G
11014514,.,TT,TT,TC,73,28,62,NC_000019.10,Mutation NB - Maternal Origin,Transition - Pyrimidine/Pyrimidine,Unsolved
11252470,rs8113582,AA,TT,TT,100,43,66,NC_000019.10,Mutation NB - Paternal Origin,Transversion - Purine/Pyrimidine,A>T
11336355,rs178418,AA,CC,AA,85,64,0,NC_000019.10,Mutation NB - Maternal Origin,Transversion - Purine/Pyrimidine,C>A
11336366,rs186421,CC,TT,CC,85,64,0,NC_000019.10,Mutation NB - Maternal Origin,Transition - Pyrimidine/Pyrimidine,T>C
14705755,.,TT,TT,TC,88,67,47,NC_000019.10,Mutation NB - Maternal Origin,Transition - Pyrimidine/Pyrimidine,Unsolved
16660195,rs28364716,GA,GG,AA,32,91,9,NC_000019.10,Mutation NB - Maternal Origin,Transition - Purine/Purine,G>A
17403626,rs2074708554,GG,GG,GC,88,94,99,NC_000019.10,Mutation NB - Paternal Origin,Transition - Purine/Purine,Transversion - Purine/Pyrimidine,Unsolved
17403631,rs919265,GG,CC,CC,88,91,27,NC_000019.10,Mutation NB - Paternal Origin,Transversion - Purine/Pyrimidine,G>C
17863414,rs7508025,CC,TT,TT,88,100,9,NC_000019.10,Mutation NB - Paternal Origin,Transition - Pyrimidine/Pyrimidine,C>T
18674601,rs1025048777,GG,GG,GA,97,94,26,NC_000019.10,Mutation NB - Maternal Origin,Transition - Purine/Purine,Unsolved
19647381,rs892035,CC,TT,TT,85,70,9,NC_000019.10,Mutation NB - Paternal Origin,Transition - Pyrimidine/Pyrimidine,C>T
28921624,rs116784590,CC,GG,GG,91,82,21,NC_000019.10,Mutation NB - Paternal Origin,Transversion - Purine/Pyrimidine,C>G
29019776,rs66841424,TT,TT,TC,100,61,64,NC_000019.10,Mutation NB - Maternal Origin,Transition - Pyrimidine/Pyrimidine,Unsolved
29020051,rs67134151,TT,TT,TG,100,79,33,NC_000019.10,Mutation NB - Maternal Origin,Transition - Pyrimidine/Pyrimidine,Transversion - Purine/Pyrimidine,Unsolved
29024959,rs984946915,AA,GG,GG,88,79,21,NC_000019.10,Mutation NB - Paternal Origin,Transition - Purine/Purine,A>G
29440236,rs8106372,GG,AG,AA,88,48,0,NC_000019.10,Mutation NB - Paternal Origin,Transition - Purine/Purine,G>A
29531520,rs12980995,CC,CC,TT,85,94,9,NC_000019.10,Mutation NB - Paternal Origin,Transition - Pyrimidine/Pyrimidine,Unsolved
31277510,rs3745784,GG,AA,AA,88,82,21,NC_000019.10,Mutation NB - Paternal Origin,Transition - Purine/Purine,G>A
31289473,rs36027134,CC,TC,TT,88,1,9,NC_000019.10,Mutation NB - Paternal Origin,Transition - Pyrimidine/Pyrimidine,C>T
33085227,.,TT,TT,TC,91,82,41,NC_000019.10,Mutation NB - Maternal Origin,Transition - Pyrimidine/Pyrimidine,Unsolved
33629622,rs187233023,GG,GG,GA,100,88,99,NC_000019.10,Mutation NB - Maternal Origin,Transition - Purine/Purine,Unsolved
33758044,rs460191,CC,CC,CT,100,79,99,NC_000019.10,Mutation NB - Maternal Origin,Transition - Pyrimidine/Pyrimidine,Unsolved
35232598,rs12975066,CC,CA,AA,100,1,15,NC_000019.10,Mutation NB - Paternal Origin,Transversion - Purine/Pyrimidine,C>A
35401918,rs112273520,GG,GG,GA,100,70,65,NC_000019.10,Mutation NB - Maternal Origin,Transition - Purine/Purine,Unsolved
40924253,.,AA,AA,AG,79,58,47,NC_000019.10,Mutation NB - Maternal Origin,Transition - Purine/Purine,Unsolved
41838245,rs2290695,AA,GG,GG,85,82,15,NC_000019.10,Mutation NB - Paternal Origin,Transition - Purine/Purine,A>G
42809272,rs146924079,GG,GG,GA,100,70,24,NC_000019.10,Mutation NB - Maternal Origin,Transition - Purine/Purine,Unsolved
43396070,rs4802180,AG,AA,GG,25,100,18,NC_000019.10,Mutation NB - Maternal Origin,Transition - Purine/Purine,A>G
43889105,rs371875,AA,GG,AA,100,88,15,NC_000019.10,Mutation NB - Maternal Origin,Transition - Purine/Purine,G>A
44894949,rs157587,AA,AA,AG,100,82,30,NC_000019.10,Mutation NB - Maternal Origin,Transition - Purine/Purine,Unsolved
47390412,rs2694543,AA,AG,GG,100,1,12,NC_000019.10,Mutation NB - Paternal Origin,Transition - Purine/Purine,A>G
48319564,rs545418268,GG,GG,GA,100,67,65,NC_000019.10,Mutation NB - Maternal Origin,Transition - Purine/Purine,Unsolved
48592910,rs4802495,AA,GG,GG,88,73,33,NC_000019.10,Mutation NB - Paternal Origin,Transition - Purine/Purine,A>G
49952094,rs10405621,CC,CC,CT,91,100,50,NC_000019.10,Mutation NB - Paternal Origin,Transition - Pyrimidine/Pyrimidine,Unsolved
49969253,rs56220430,GG,GG,AA,100,79,21,NC_000019.10,Mutation NB - Maternal Origin,Transition - Purine/Purine,Unsolved
50576683,rs8108373,AA,CC,AA,73,85,12,NC_000019.10,Mutation NB - Maternal Origin,Transversion - Purine/Pyrimidine,C>A
50968634,rs73600182,CC,CC,CT,88,85,65,NC_000019.10,Mutation NB - Maternal Origin,Transition - Pyrimidine/Pyrimidine,Unsolved
53588621,rs77916680,AA,GG,AA,76,88,18,NC_000019.10,Mutation NB - Maternal Origin,Transition - Purine/Purine,G>A
55175984,rs77500505,AA,TT,TT,91,88,18,NC_000019.10,Mutation NB - Paternal Origin,Transversion - Purine/Pyrimidine,A>T
55473759,rs55993407,GG,TT,TT,85,85,21,NC_000019.10,Mutation NB - Paternal Origin,Transversion - Purine/Pyrimidine,G>T
56071913,rs34825674,AA,GG,GG,79,88,19,NC_000019.10,Mutation NB - Paternal Origin,Transition - Purine/Purine,A>G
722092,rs11905469,AA,GG,GG,91,91,12,NC_000020.11,Mutation NB - Paternal Origin,Transition - Purine/Purine,A>G
1671142,rs2273330,AA,GG,GG,100,37,15,NC_000020.11,Mutation NB - Paternal Origin,Transition - Purine/Purine,A>G
1803759,rs67351061,GG,AA,GG,64,82,0,NC_000020.11,Mutation NB - Maternal Origin,Transition - Purine/Purine,A>G
2327784,rs6106524,CC,CC,CT,79,100,68,NC_000020.11,Mutation NB - Paternal Origin,Transition - Pyrimidine/Pyrimidine,Unsolved
4161283,rs6052411,GG,CC,CC,91,67,12,NC_000020.11,Mutation NB - Paternal Origin,Transversion - Purine/Pyrimidine,G>C
7419548,rs16993560,TT,CC,CC,91,82,9,NC_000020.11,Mutation NB - Paternal Origin,Transition - Pyrimidine/Pyrimidine,T>C
9514650,rs2232257,CC,CT,TT,67,1,9,NC_000020.11,Mutation NB - Paternal Origin,Transition - Pyrimidine/Pyrimidine,C>T
9514732,rs12151948,TT,TT,GG,88,100,9,NC_000020.11,Mutation NB - Paternal Origin,Transition - Purine/Purine,Transversion - Purine/Pyrimidine,Unsolved
13013839,rs4814181,TC,CC,TT,2,73,24,NC_000020.11,Mutation NB - Maternal Origin,Transversion - Purine/Pyrimidine,C>T
13795644,rs1358452885,TT,TT,TC,70,61,62,NC_000020.11,Mutation NB - Maternal Origin,Transition - Pyrimidine/Pyrimidine,Unsolved
16760852,rs6075106,AA,GG,AA,85,100,9,NC_000020.11,Mutation NB - Maternal Origin,Transition - Purine/Purine,G>A
20310341,rs2145057,GG,GG,CG,76,73,99,NC_000020.11,Mutation NB - Maternal Origin,Transition - Purine/Purine,Transversion - Purine/Pyrimidine,Unsolved
21504875,rs73127854,TT,AA,AA,85,85,9,NC_000020.11,Mutation NB - Paternal Origin,Transversion - Purine/Pyrimidine,T>A
23187849,rs62206882,CC,TT,CC,85,55,18,NC_000020.11,Mutation NB - Maternal Origin,Transition - Pyrimidine/Pyrimidine,T>C
23652595,rs73102376,CC,CC,CT,73,100,99,NC_000020.11,Mutation NB - Paternal Origin,Transition - Pyrimidine/Pyrimidine,Unsolved
23652608,rs73102379,TT,TT,TC,70,100,99,NC_000020.11,Mutation NB - Paternal Origin,Transition - Pyrimidine/Pyrimidine,Unsolved
23668821,rs73104304,TT,TT,TC,91,100,99,NC_000020.11,Mutation NB - Paternal Origin,Transition - Pyrimidine/Pyrimidine,Unsolved
24458122,.,AA,AA,AC,82,80,56,NC_000020.11,Mutation NB - Maternal Origin,Transversion - Purine/Pyrimidine,Unsolved
24583020,rs571056450,GG,GG,GA,100,40,99,NC_000020.11,Mutation NB - Maternal Origin,Transition - Purine/Purine,Unsolved
24597715,rs1887057,TT,CT,CC,88,1,24,NC_000020.11,Mutation NB - Paternal Origin,Transition - Pyrimidine/Pyrimidine,T>C
24917261,rs4502500,CC,GG,CC,76,58,12,NC_000020.11,Mutation NB - Maternal Origin,Transversion - Purine/Pyrimidine,G>C
24917306,rs56183883,GG,AA,GG,76,61,12,NC_000020.11,Mutation NB - Maternal Origin,Transition - Purine/Purine,A>G
24917324,rs6050127,TT,CC,TT,76,61,12,NC_000020.11,Mutation NB - Maternal Origin,Transition - Pyrimidine/Pyrimidine,C>T
24921562,rs4594518,GG,CC,CC,85,73,12,NC_000020.11,Mutation NB - Paternal Origin,Transversion - Purine/Pyrimidine,G>C
25145367,rs910102,AA,GG,GG,88,67,42,NC_000020.11,Mutation NB - Paternal Origin,Transition - Purine/Purine,A>G
25227137,rs6138542,CC,AA,AA,88,91,27,NC_000020.11,Mutation NB - Paternal Origin,Transversion - Purine/Pyrimidine,C>A
29768525,rs1465028369,CC,CC,CG,100,100,97,NC_000020.11,Mutation NB - Paternal or Maternal,Transversion - Purine/Pyrimidine,Unsolved
32138796,rs1308580878,TT,TT,TC,91,88,62,NC_000020.11,Mutation NB - Maternal Origin,Transition - Pyrimidine/Pyrimidine,Unsolved
33225328,rs4911305,TT,CC,TT,91,79,9,NC_000020.11,Mutation NB - Maternal Origin,Transition - Pyrimidine/Pyrimidine,C>T
36302000,.,TT,TT,TC,82,73,65,NC_000020.11,Mutation NB - Maternal Origin,Transition - Pyrimidine/Pyrimidine,Unsolved
36339691,.,AA,AA,AG,76,61,50,NC_000020.11,Mutation NB - Maternal Origin,Transition - Purine/Purine,Unsolved
36360477,.,CC,CC,CT,85,85,53,NC_000020.11,Mutation NB - Paternal or Maternal,Transition - Pyrimidine/Pyrimidine,Unsolved
36550964,.,AA,AA,AG,76,55,53,NC_000020.11,Mutation NB - Maternal Origin,Transition - Purine/Purine,Unsolved
36551093,rs694379,GG,GG,GA,100,85,68,NC_000020.11,Mutation NB - Maternal Origin,Transition - Purine/Purine,Unsolved
36829109,.,AA,AA,AG,91,67,49,NC_000020.11,Mutation NB - Maternal Origin,Transition - Purine/Purine,Unsolved
36829158,.,TT,TT,TC,91,67,56,NC_000020.11,Mutation NB - Maternal Origin,Transition - Pyrimidine/Pyrimidine,Unsolved
36936286,rs6065494,CC,AC,AA,85,1,30,NC_000020.11,Mutation NB - Paternal Origin,Transversion - Purine/Pyrimidine,C>A
37027300,rs6017041,AA,AA,AC,91,88,65,NC_000020.11,Mutation NB - Maternal Origin,Transversion - Purine/Pyrimidine,Unsolved
38882303,rs56011113,AA,AA,AT,79,100,94,NC_000020.11,Mutation NB - Paternal Origin,Transversion - Purine/Pyrimidine,Unsolved
40682193,rs62209877,AA,AA,AG,100,88,71,NC_000020.11,Mutation NB - Maternal Origin,Transition - Purine/Purine,Unsolved
41362504,rs41307177,AG,AA,GG,16,82,9,NC_000020.11,Mutation NB - Maternal Origin,Transition - Purine/Purine,A>G
41372401,rs75209388,AA,GG,GG,76,67,0,NC_000020.11,Mutation NB - Paternal Origin,Transition - Purine/Purine,A>G
41449470,.,AA,AA,AG,80,55,50,NC_000020.11,Mutation NB - Maternal Origin,Transition - Purine/Purine,Unsolved
43939969,.,TT,TT,TC,79,70,62,NC_000020.11,Mutation NB - Maternal Origin,Transition - Pyrimidine/Pyrimidine,Unsolved
44444726,rs6065729,CC,TT,TT,76,82,9,NC_000020.11,Mutation NB - Paternal Origin,Transition - Pyrimidine/Pyrimidine,C>T
46950284,rs1212007,GG,GA,AA,100,1,27,NC_000020.11,Mutation NB - Paternal Origin,Transition - Purine/Purine,G>A
48007042,rs917043717,AT,AA,TT,35,79,9,NC_000020.11,Mutation NB - Maternal Origin,Transversion - Purine/Pyrimidine,A>T
48148149,rs2758951,GG,TT,TT,91,70,12,NC_000020.11,Mutation NB - Paternal Origin,Transversion - Purine/Pyrimidine,G>T
48148150,rs2758952,GG,AA,AA,91,70,12,NC_000020.11,Mutation NB - Paternal Origin,Transition - Purine/Purine,G>A
48148169,rs151051,CC,GG,GG,91,70,12,NC_000020.11,Mutation NB - Paternal Origin,Transversion - Purine/Pyrimidine,C>G
48473960,rs6019221,TC,CC,TT,67,88,15,NC_000020.11,Mutation NB - Maternal Origin,Transversion - Purine/Pyrimidine,C>T
49594713,rs487486,CC,CG,GG,100,1,15,NC_000020.11,Mutation NB - Paternal Origin,Transversion - Purine/Pyrimidine,C>G
50292541,rs6125968,AA,GG,AA,82,100,18,NC_000020.11,Mutation NB - Maternal Origin,Transition - Purine/Purine,G>A
52561205,rs1474793,TT,CC,CC,67,55,24,NC_000020.11,Mutation NB - Paternal Origin,Transition - Pyrimidine/Pyrimidine,T>C
53026422,rs6126726,AA,AA,GA,82,82,99,NC_000020.11,Mutation NB - Paternal or Maternal,Transition - Purine/Purine,Unsolved
53525054,rs58555586,GG,GG,GC,100,73,99,NC_000020.11,Mutation NB - Maternal Origin,Transition - Purine/Purine,Transversion - Purine/Pyrimidine,Unsolved
53947525,.,TT,TT,TC,73,64,33,NC_000020.11,Mutation NB - Maternal Origin,Transition - Pyrimidine/Pyrimidine,Unsolved
56088731,rs1037974010,TT,TT,TC,79,73,56,NC_000020.11,Mutation NB - Maternal Origin,Transition - Pyrimidine/Pyrimidine,Unsolved
56895944,rs67773615,CC,TT,CC,88,76,0,NC_000020.11,Mutation NB - Maternal Origin,Transition - Pyrimidine/Pyrimidine,T>C
57405659,rs432658,CC,TC,TT,79,1,0,NC_000020.11,Mutation NB - Paternal Origin,Transition - Pyrimidine/Pyrimidine,C>T
57427615,rs2426723,CC,AC,AA,82,1,0,NC_000020.11,Mutation NB - Paternal Origin,Transversion - Purine/Pyrimidine,C>A
58020377,rs872516,GG,AA,GG,82,46,0,NC_000020.11,Mutation NB - Maternal Origin,Transition - Purine/Purine,A>G
58056497,rs6015170,TT,TT,CC,91,100,12,NC_000020.11,Mutation NB - Paternal Origin,Transition - Pyrimidine/Pyrimidine,Unsolved
58066120,rs4811959,CC,CC,CT,76,100,27,NC_000020.11,Mutation NB - Paternal Origin,Transition - Pyrimidine/Pyrimidine,Unsolved
60317599,rs6027501,AA,AA,AG,100,79,69,NC_000020.11,Mutation NB - Maternal Origin,Transition - Purine/Purine,Unsolved
60346611,rs6015731,TT,CC,CC,91,34,30,NC_000020.11,Mutation NB - Paternal Origin,Transition - Pyrimidine/Pyrimidine,T>C
60347841,rs1461178,CC,TT,TT,70,79,0,NC_000020.11,Mutation NB - Paternal Origin,Transition - Pyrimidine/Pyrimidine,C>T
60536273,.,TT,TT,TC,58,46,45,NC_000020.11,Mutation NB - Maternal Origin,Transition - Pyrimidine/Pyrimidine,Unsolved
60750703,rs6027800,CC,CC,CT,100,49,95,NC_000020.11,Mutation NB - Maternal Origin,Transition - Pyrimidine/Pyrimidine,Unsolved
61216486,rs11906985,GG,GG,GA,82,100,68,NC_000020.11,Mutation NB - Paternal Origin,Transition - Purine/Purine,Unsolved
61250298,.,GG,GG,GA,76,46,48,NC_000020.11,Mutation NB - Maternal Origin,Transition - Purine/Purine,Unsolved
61735660,rs8126047,TT,TC,CC,88,49,12,NC_000020.11,Mutation NB - Paternal Origin,Transition - Pyrimidine/Pyrimidine,T>C
61801114,rs6089509,GG,AA,AA,76,76,0,NC_000020.11,Mutation NB - Paternal Origin,Transition - Purine/Purine,G>A
61802368,rs6089510,CA,CC,AA,1,76,18,NC_000020.11,Mutation NB - Maternal Origin,Transversion - Purine/Pyrimidine,C>A
62051837,.,CC,CC,CT,88,73,40,NC_000020.11,Mutation NB - Maternal Origin,Transition - Pyrimidine/Pyrimidine,Unsolved
62338071,rs8124907,GG,AA,GG,85,61,12,NC_000020.11,Mutation NB - Maternal Origin,Transition - Purine/Purine,A>G
62836093,rs6011413,CC,CC,CT,88,70,33,NC_000020.11,Mutation NB - Maternal Origin,Transition - Pyrimidine/Pyrimidine,Unsolved
62882129,.,AA,AA,AG,88,61,65,NC_000020.11,Mutation NB - Maternal Origin,Transition - Purine/Purine,Unsolved
63151209,rs57272137,CC,CC,CT,100,58,99,NC_000020.11,Mutation NB - Maternal Origin,Transition - Pyrimidine/Pyrimidine,Unsolved
63238723,rs744590,TT,CC,CC,88,88,0,NC_000020.11,Mutation NB - Paternal Origin,Transition - Pyrimidine/Pyrimidine,T>C
63243750,rs6011696,GT,GG,TT,34,85,9,NC_000020.11,Mutation NB - Maternal Origin,Transversion - Purine/Pyrimidine,G>T
63679775,rs2297439,TT,TG,GG,91,1,18,NC_000020.11,Mutation NB - Paternal Origin,Transversion - Purine/Pyrimidine,T>G
63679776,rs77552606,TT,TC,CC,91,1,18,NC_000020.11,Mutation NB - Paternal Origin,Transition - Pyrimidine/Pyrimidine,T>C
14840848,rs2150367,TT,GG,GG,73,76,0,NC_000021.9,Mutation NB - Paternal Origin,Transversion - Purine/Pyrimidine,T>G
19477513,rs9975661,AA,CC,CC,82,76,21,NC_000021.9,Mutation NB - Paternal Origin,Transversion - Purine/Pyrimidine,A>C
19521953,rs654477,AA,AA,AC,100,82,99,NC_000021.9,Mutation NB - Maternal Origin,Transversion - Purine/Pyrimidine,Unsolved
21902765,rs111452883,CC,CC,CT,100,61,99,NC_000021.9,Mutation NB - Maternal Origin,Transition - Pyrimidine/Pyrimidine,Unsolved
23295534,rs2828019,AA,GG,GG,91,70,33,NC_000021.9,Mutation NB - Paternal Origin,Transition - Purine/Purine,A>G
25954663,rs45537238,AA,AA,AG,100,64,99,NC_000021.9,Mutation NB - Maternal Origin,Transition - Purine/Purine,Unsolved
27765657,rs2831155,TT,TA,AA,82,47,11,NC_000021.9,Mutation NB - Paternal Origin,Transversion - Purine/Pyrimidine,T>A
28107445,rs2831499,TT,CT,CC,79,2,2,NC_000021.9,Mutation NB - Paternal Origin,Transition - Pyrimidine/Pyrimidine,T>C
28378895,rs2831728,AA,GG,GG,61,91,0,NC_000021.9,Mutation NB - Paternal Origin,Transition - Purine/Purine,A>G
32068321,rs7282411,CC,TT,TT,88,88,0,NC_000021.9,Mutation NB - Paternal Origin,Transition - Pyrimidine/Pyrimidine,C>T
32347091,rs9981151,AG,AA,GG,38,100,12,NC_000021.9,Mutation NB - Maternal Origin,Transition - Purine/Purine,A>G
33018805,.,CC,CC,CT,73,73,41,NC_000021.9,Mutation NB - Paternal or Maternal,Transition - Pyrimidine/Pyrimidine,Unsolved
33134427,rs933121,TT,AA,AA,100,88,9,NC_000021.9,Mutation NB - Paternal Origin,Transversion - Purine/Pyrimidine,T>A
33134458,rs933122,AA,TT,TT,100,88,9,NC_000021.9,Mutation NB - Paternal Origin,Transversion - Purine/Pyrimidine,A>T
33399895,rs55797031,GG,AA,GG,73,91,0,NC_000021.9,Mutation NB - Maternal Origin,Transition - Purine/Purine,A>G
33857632,rs9984660,TT,CC,CC,85,55,45,NC_000021.9,Mutation NB - Paternal Origin,Transition - Pyrimidine/Pyrimidine,T>C
35361403,rs73371478,CC,CG,GG,85,1,12,NC_000021.9,Mutation NB - Paternal Origin,Transversion - Purine/Pyrimidine,C>G
36446773,rs8134233,AA,AA,GG,91,76,18,NC_000021.9,Mutation NB - Maternal Origin,Transition - Purine/Purine,Unsolved
36554928,rs448659,CC,TT,TT,100,67,21,NC_000021.9,Mutation NB - Paternal Origin,Transition - Pyrimidine/Pyrimidine,C>T
36875549,rs564370021,TT,TC,CC,67,1,30,NC_000021.9,Mutation NB - Paternal Origin,Transition - Pyrimidine/Pyrimidine,T>C
37552214,rs2835807,GG,GG,GC,100,70,99,NC_000021.9,Mutation NB - Maternal Origin,Transition - Purine/Purine,Transversion - Purine/Pyrimidine,Unsolved
38819714,rs461155,AA,GG,GG,100,91,9,NC_000021.9,Mutation NB - Paternal Origin,Transition - Purine/Purine,A>G
40651628,rs1882786,CT,CC,TT,1,79,9,NC_000021.9,Mutation NB - Maternal Origin,Transversion - Purine/Pyrimidine,C>T
40768487,rs187188492,TT,TT,TC,100,67,99,NC_000021.9,Mutation NB - Maternal Origin,Transition - Pyrimidine/Pyrimidine,Unsolved
41102273,rs1029011,CC,TT,CC,85,64,0,NC_000021.9,Mutation NB - Maternal Origin,Transition - Pyrimidine/Pyrimidine,T>C
41102394,rs1180557757,GG,AG,AA,94,99,0,NC_000021.9,Mutation NB - Paternal Origin,Transition - Purine/Purine,G>A
41957195,rs9979631,CG,CC,GG,38,61,9,NC_000021.9,Mutation NB - Maternal Origin,Transversion - Purine/Pyrimidine,C>G
42228825,rs4148111,GG,GG,GC,100,67,99,NC_000021.9,Mutation NB - Maternal Origin,Transition - Purine/Purine,Transversion - Purine/Pyrimidine,Unsolved
42272731,rs225399,TT,TT,CC,100,70,9,NC_000021.9,Mutation NB - Maternal Origin,Transition - Pyrimidine/Pyrimidine,Unsolved
42383303,rs8129105,CC,TT,TT,91,91,0,NC_000021.9,Mutation NB - Paternal Origin,Transition - Pyrimidine/Pyrimidine,C>T
43340377,rs1188236479,TT,TT,TC,85,82,41,NC_000021.9,Mutation NB - Maternal Origin,Transition - Pyrimidine/Pyrimidine,Unsolved
43363502,rs504285,CC,TT,CC,85,79,0,NC_000021.9,Mutation NB - Maternal Origin,Transition - Pyrimidine/Pyrimidine,T>C
43365009,rs539072,GG,AA,AA,82,85,15,NC_000021.9,Mutation NB - Paternal Origin,Transition - Purine/Purine,G>A
43718539,rs9981249,CC,CC,CG,100,79,99,NC_000021.9,Mutation NB - Maternal Origin,Transversion - Purine/Pyrimidine,Unsolved
43752101,rs73908380,GG,AA,AA,79,76,24,NC_000021.9,Mutation NB - Paternal Origin,Transition - Purine/Purine,G>A
43936302,rs9306166,AA,GG,GG,100,67,30,NC_000021.9,Mutation NB - Paternal Origin,Transition - Purine/Purine,A>G
43991394,rs9976424,CC,CC,CT,100,64,18,NC_000021.9,Mutation NB - Maternal Origin,Transition - Pyrimidine/Pyrimidine,Unsolved
44930619,rs2014191,GG,CC,CC,91,70,0,NC_000021.9,Mutation NB - Paternal Origin,Transversion - Purine/Pyrimidine,G>C
44994917,rs73907212,GG,GG,GA,91,76,99,NC_000021.9,Mutation NB - Maternal Origin,Transition - Purine/Purine,Unsolved
45403399,.,GG,GG,GA,70,43,50,NC_000021.9,Mutation NB - Maternal Origin,Transition - Purine/Purine,Unsolved
45427844,rs2838925,CT,CC,TT,36,91,5,NC_000021.9,Mutation NB - Maternal Origin,Transversion - Purine/Pyrimidine,C>T
45456755,rs58491986,TT,TT,TC,100,79,30,NC_000021.9,Mutation NB - Maternal Origin,Transition - Pyrimidine/Pyrimidine,Unsolved
45868539,rs2839025,AA,GG,GG,91,91,9,NC_000021.9,Mutation NB - Paternal Origin,Transition - Purine/Purine,A>G
45869769,rs2839028,CC,TT,TT,46,70,21,NC_000021.9,Mutation NB - Paternal Origin,Transition - Pyrimidine/Pyrimidine,C>T
45894195,rs1033366,GG,AA,AA,76,55,9,NC_000021.9,Mutation NB - Paternal Origin,Transition - Purine/Purine,G>A
45979448,rs9974925,CC,TT,CC,76,76,9,NC_000021.9,Mutation NB - Maternal Origin,Transition - Pyrimidine/Pyrimidine,T>C
46023984,rs8126828,AA,GG,GG,91,88,0,NC_000021.9,Mutation NB - Paternal Origin,Transition - Purine/Purine,A>G
46118777,rs9917540,TT,GG,GG,64,76,0,NC_000021.9,Mutation NB - Paternal Origin,Transversion - Purine/Pyrimidine,T>G
46138672,rs60525628,AA,AA,AG,100,79,75,NC_000021.9,Mutation NB - Maternal Origin,Transition - Purine/Purine,Unsolved
46138675,rs55697096,AA,AA,AG,100,79,75,NC_000021.9,Mutation NB - Maternal Origin,Transition - Purine/Purine,Unsolved
46416836,rs61738290,CC,TT,TT,85,79,9,NC_000021.9,Mutation NB - Paternal Origin,Transition - Pyrimidine/Pyrimidine,C>T
46432668,rs2300561,AA,GG,AA,100,85,0,NC_000021.9,Mutation NB - Maternal Origin,Transition - Purine/Purine,G>A
46457667,.,AA,AA,AG,79,73,56,NC_000021.9,Mutation NB - Maternal Origin,Transition - Purine/Purine,Unsolved
15935258,rs879089826,TT,CT,CC,91,73,9,NC_000022.11,Mutation NB - Paternal Origin,Transition - Pyrimidine/Pyrimidine,T>C
19132032,rs45604134,CC,CC,CT,100,76,67,NC_000022.11,Mutation NB - Maternal Origin,Transition - Pyrimidine/Pyrimidine,Unsolved
19161638,rs5746668,GG,GG,TG,76,85,23,NC_000022.11,Mutation NB - Paternal Origin,Transversion - Purine/Pyrimidine,Unsolved
19723615,.,CC,CC,CT,73,43,65,NC_000022.11,Mutation NB - Maternal Origin,Transition - Pyrimidine/Pyrimidine,Unsolved
19871211,rs56291622,CC,CC,CT,100,76,68,NC_000022.11,Mutation NB - Maternal Origin,Transition - Pyrimidine/Pyrimidine,Unsolved
19918279,rs756661,AA,GG,GG,88,70,0,NC_000022.11,Mutation NB - Paternal Origin,Transition - Purine/Purine,A>G
19955157,rs7290221,CC,GG,CC,91,64,12,NC_000022.11,Mutation NB - Maternal Origin,Transversion - Purine/Pyrimidine,G>C
20175693,.,AA,AA,AG,82,55,68,NC_000022.11,Mutation NB - Maternal Origin,Transition - Purine/Purine,Unsolved
20208927,rs67477750,AA,GG,GG,85,70,21,NC_000022.11,Mutation NB - Paternal Origin,Transition - Purine/Purine,A>G
20441888,rs9997,CC,TT,TT,85,61,0,NC_000022.11,Mutation NB - Paternal Origin,Transition - Pyrimidine/Pyrimidine,C>T
20537079,rs5995779,TC,TT,CC,32,91,9,NC_000022.11,Mutation NB - Maternal Origin,Transition - Pyrimidine/Pyrimidine,T>C
20999862,rs186210017,GG,GG,GA,85,55,99,NC_000022.11,Mutation NB - Maternal Origin,Transition - Purine/Purine,Unsolved
21015165,rs71314758,AA,AA,AG,91,91,68,NC_000022.11,Mutation NB - Paternal or Maternal,Transition - Purine/Purine,Unsolved
21074234,rs421166,AA,GG,GG,82,67,18,NC_000022.11,Mutation NB - Paternal Origin,Transition - Purine/Purine,A>G
21624663,rs74736093,TT,TT,TC,100,70,68,NC_000022.11,Mutation NB - Maternal Origin,Transition - Pyrimidine/Pyrimidine,Unsolved
24679300,rs5751927,AA,AA,AG,100,64,98,NC_000022.11,Mutation NB - Maternal Origin,Transition - Purine/Purine,Unsolved
24729033,rs738823,GG,GG,AG,85,67,99,NC_000022.11,Mutation NB - Maternal Origin,Transition - Purine/Purine,Unsolved
24776714,rs149061511,CC,CC,CT,100,64,68,NC_000022.11,Mutation NB - Maternal Origin,Transition - Pyrimidine/Pyrimidine,Unsolved
24808654,.,TT,TT,TC,82,58,50,NC_000022.11,Mutation NB - Maternal Origin,Transition - Pyrimidine/Pyrimidine,Unsolved
25208749,rs5760908,TG,TT,GG,1,100,9,NC_000022.11,Mutation NB - Maternal Origin,Transversion - Purine/Pyrimidine,T>G
25954137,rs5997008,CC,CC,CT,73,100,24,NC_000022.11,Mutation NB - Paternal Origin,Transition - Pyrimidine/Pyrimidine,Unsolved
27183676,.,TT,TT,TC,76,85,65,NC_000022.11,Mutation NB - Paternal Origin,Transition - Pyrimidine/Pyrimidine,Unsolved
27473157,rs4822886,GG,AA,AA,82,88,15,NC_000022.11,Mutation NB - Paternal Origin,Transition - Purine/Purine,G>A
29051000,rs1601718332,TT,TT,TC,82,76,52,NC_000022.11,Mutation NB - Maternal Origin,Transition - Pyrimidine/Pyrimidine,Unsolved
29211333,.,GG,GG,GT,73,52,43,NC_000022.11,Mutation NB - Maternal Origin,Transversion - Purine/Pyrimidine,Unsolved
30858049,rs5997786,CT,CC,TT,1,82,12,NC_000022.11,Mutation NB - Maternal Origin,Transversion - Purine/Pyrimidine,C>T
32210144,rs55962192,GG,GG,GA,91,100,68,NC_000022.11,Mutation NB - Paternal Origin,Transition - Purine/Purine,Unsolved
33440247,rs5998943,TT,CC,CC,100,76,21,NC_000022.11,Mutation NB - Paternal Origin,Transition - Pyrimidine/Pyrimidine,T>C
33826217,.,AA,AA,AG,82,70,44,NC_000022.11,Mutation NB - Maternal Origin,Transition - Purine/Purine,Unsolved
34380892,rs11705596,GG,TG,TT,91,1,18,NC_000022.11,Mutation NB - Paternal Origin,Transversion - Purine/Pyrimidine,G>T
35154238,rs134271,GG,GG,GA,67,79,99,NC_000022.11,Mutation NB - Paternal Origin,Transition - Purine/Purine,Unsolved
35580525,rs5750121,GG,AG,AA,85,1,0,NC_000022.11,Mutation NB - Paternal Origin,Transition - Purine/Purine,G>A
36288308,rs2269529,TT,CC,TT,79,73,9,NC_000022.11,Mutation NB - Maternal Origin,Transition - Pyrimidine/Pyrimidine,C>T
36288312,rs2269530,CC,AA,CC,79,73,9,NC_000022.11,Mutation NB - Maternal Origin,Transversion - Purine/Pyrimidine,A>C
37128579,rs228942,TT,GG,GG,85,85,0,NC_000022.11,Mutation NB - Paternal Origin,Transversion - Purine/Pyrimidine,T>G
37136132,rs2281089,GG,AA,AA,91,49,21,NC_000022.11,Mutation NB - Paternal Origin,Transition - Purine/Purine,G>A
37373672,rs144139706,AA,GG,GG,82,73,24,NC_000022.11,Mutation NB - Paternal Origin,Transition - Purine/Purine,A>G
38055073,rs8142185,AA,AC,CC,79,78,9,NC_000022.11,Mutation NB - Paternal Origin,Transversion - Purine/Pyrimidine,A>C
40292548,.,TT,TT,TC,88,55,59,NC_000022.11,Mutation NB - Maternal Origin,Transition - Pyrimidine/Pyrimidine,Unsolved
42511700,.,TT,TT,TC,82,58,65,NC_000022.11,Mutation NB - Maternal Origin,Transition - Pyrimidine/Pyrimidine,Unsolved
42970890,rs738394,CT,TT,CC,73,67,21,NC_000022.11,Mutation NB - Maternal Origin,Transition - Pyrimidine/Pyrimidine,T>C
43113611,rs1883263,AA,CC,CC,73,100,0,NC_000022.11,Mutation NB - Paternal Origin,Transversion - Purine/Pyrimidine,A>C
44118794,rs2143428,AA,GA,GG,70,1,0,NC_000022.11,Mutation NB - Paternal Origin,Transition - Purine/Purine,A>G
44185662,.,GG,GG,GA,52,61,56,NC_000022.11,Mutation NB - Paternal Origin,Transition - Purine/Purine,Unsolved
44383423,rs135900,AA,GG,GG,76,76,21,NC_000022.11,Mutation NB - Paternal Origin,Transition - Purine/Purine,A>G
44391771,rs78392639,AA,AA,AG,100,73,99,NC_000022.11,Mutation NB - Maternal Origin,Transition - Purine/Purine,Unsolved
44732408,rs5764979,GG,CC,CC,100,70,27,NC_000022.11,Mutation NB - Paternal Origin,Transversion - Purine/Pyrimidine,G>C
45285783,rs145599992,GA,GG,AA,70,85,12,NC_000022.11,Mutation NB - Maternal Origin,Transition - Purine/Purine,G>A
45622566,rs10854822,TT,CC,CC,91,76,15,NC_000022.11,Mutation NB - Paternal Origin,Transition - Pyrimidine/Pyrimidine,T>C
45964354,rs9330808,CC,GG,CC,91,85,0,NC_000022.11,Mutation NB - Maternal Origin,Transversion - Purine/Pyrimidine,G>C
46006556,rs28491012,AA,TT,TT,67,73,0,NC_000022.11,Mutation NB - Paternal Origin,Transversion - Purine/Pyrimidine,A>T
46409280,.,GG,GG,GT,88,64,42,NC_000022.11,Mutation NB - Maternal Origin,Transversion - Purine/Pyrimidine,Unsolved
46970917,rs6008010,CC,CT,TT,91,29,18,NC_000022.11,Mutation NB - Paternal Origin,Transition - Pyrimidine/Pyrimidine,C>T
47632848,rs62225456,CC,CC,AA,100,91,12,NC_000022.11,Mutation NB - Maternal Origin,Transversion - Purine/Pyrimidine,Unsolved
47740574,rs743098,GG,TT,TT,82,76,0,NC_000022.11,Mutation NB - Paternal Origin,Transversion - Purine/Pyrimidine,G>T
47971204,.,TT,TT,TC,85,85,61,NC_000022.11,Mutation NB - Paternal or Maternal,Transition - Pyrimidine/Pyrimidine,Unsolved
48242997,rs33954375,TC,TT,CC,3,100,42,NC_000022.11,Mutation NB - Maternal Origin,Transition - Pyrimidine/Pyrimidine,T>C
48509212,rs4823794,GG,AA,GG,79,67,0,NC_000022.11,Mutation NB - Maternal Origin,Transition - Purine/Purine,A>G
48567819,rs12484443,TT,CC,TT,79,82,0,NC_000022.11,Mutation NB - Maternal Origin,Transition - Pyrimidine/Pyrimidine,C>T
48593073,rs28539902,GA,GG,AA,32,88,9,NC_000022.11,Mutation NB - Maternal Origin,Transition - Purine/Purine,G>A
48707381,rs132233,GG,AG,AA,85,1,0,NC_000022.11,Mutation NB - Paternal Origin,Transition - Purine/Purine,G>A
48709350,rs5771997,GG,AA,AA,91,52,39,NC_000022.11,Mutation NB - Paternal Origin,Transition - Purine/Purine,G>A
48868501,rs28578895,GG,AA,GG,91,70,0,NC_000022.11,Mutation NB - Maternal Origin,Transition - Purine/Purine,A>G
49191214,rs713897,GG,CC,CC,88,76,12,NC_000022.11,Mutation NB - Paternal Origin,Transversion - Purine/Pyrimidine,G>C
49718241,rs79596476,TT,TT,TC,100,73,59,NC_000022.11,Mutation NB - Maternal Origin,Transition - Pyrimidine/Pyrimidine,Unsolved
49877812,rs4824109,TT,CC,TT,100,61,0,NC_000022.11,Mutation NB - Maternal Origin,Transition - Pyrimidine/Pyrimidine,C>T
50326183,.,TT,TT,TC,70,43,50,NC_000022.11,Mutation NB - Maternal Origin,Transition - Pyrimidine/Pyrimidine,Unsolved
