1419214,rs3766165,AA,AA,AG,100,61,62,NC_000001.11,Mutation NB - Maternal Origin,Transition - Purine/Purine,Unsolved
1487908,.,AA,AA,AG,82,85,68,NC_000001.11,Mutation NB - Paternal Origin,Transition - Purine/Purine,Unsolved
2358849,rs2840544,TT,CC,CC,100,79,12,NC_000001.11,Mutation NB - Paternal Origin,Transition - Pyrimidine/Pyrimidine,T>C
3586790,rs10909977,CT,TT,CC,32,88,30,NC_000001.11,Mutation NB - Maternal Origin,Transition - Pyrimidine/Pyrimidine,T>C
3631887,rs74048690,TT,TT,TG,94,91,99,NC_000001.11,Mutation NB - Maternal Origin,Transition - Pyrimidine/Pyrimidine,Transversion - Purine/Pyrimidine,Unsolved
3784268,.,AA,AA,AG,64,58,50,NC_000001.11,Mutation NB - Maternal Origin,Transition - Purine/Purine,Unsolved
4130400,.,AA,AA,AG,91,76,71,NC_000001.11,Mutation NB - Maternal Origin,Transition - Purine/Purine,Unsolved
4172635,rs11580927,GA,AA,GG,73,91,12,NC_000001.11,Mutation NB - Maternal Origin,Transition - Purine/Purine,A>G
4359011,rs6691176,GG,GG,GA,100,85,68,NC_000001.11,Mutation NB - Maternal Origin,Transition - Purine/Purine,Unsolved
4572056,rs2138291,CC,CC,CA,100,85,68,NC_000001.11,Mutation NB - Maternal Origin,Transversion - Purine/Pyrimidine,Unsolved
4736949,rs4654597,GG,GT,TT,88,1,24,NC_000001.11,Mutation NB - Paternal Origin,Transversion - Purine/Pyrimidine,G>T
5196714,rs1320179,TT,AA,TT,91,91,0,NC_000001.11,Mutation NB - Maternal Origin,Transversion - Purine/Pyrimidine,A>T
5874176,rs868162,CC,CT,TT,91,28,12,NC_000001.11,Mutation NB - Paternal Origin,Transition - Pyrimidine/Pyrimidine,C>T
6756753,rs277663,GG,GG,GA,88,100,33,NC_000001.11,Mutation NB - Paternal Origin,Transition - Purine/Purine,Unsolved
6958781,rs10779670,GG,GG,GC,100,85,65,NC_000001.11,Mutation NB - Maternal Origin,Transition - Purine/Purine,Transversion - Purine/Pyrimidine,Unsolved
7348523,rs17030714,GG,GG,GA,76,100,56,NC_000001.11,Mutation NB - Paternal Origin,Transition - Purine/Purine,Unsolved
7348534,.,AA,AA,AG,76,79,56,NC_000001.11,Mutation NB - Paternal Origin,Transition - Purine/Purine,Unsolved
7619331,.,TT,TT,TC,37,13,48,NC_000001.11,Mutation NB - Maternal Origin,Transition - Pyrimidine/Pyrimidine,Unsolved
8339133,rs12039434,AG,AA,GG,67,91,9,NC_000001.11,Mutation NB - Maternal Origin,Transition - Purine/Purine,A>G
9273214,rs916383,GT,TT,GG,29,73,0,NC_000001.11,Mutation NB - Maternal Origin,Transversion - Purine/Pyrimidine,T>G
9354163,rs12727816,GG,GG,GA,70,100,59,NC_000001.11,Mutation NB - Paternal Origin,Transition - Purine/Purine,Unsolved
9649014,rs9430574,GG,AA,AA,100,79,9,NC_000001.11,Mutation NB - Paternal Origin,Transition - Purine/Purine,G>A
9807859,.,AA,AA,AG,73,76,52,NC_000001.11,Mutation NB - Paternal Origin,Transition - Purine/Purine,Unsolved
11496510,rs12139489,TT,CT,CC,79,29,9,NC_000001.11,Mutation NB - Paternal Origin,Transition - Pyrimidine/Pyrimidine,T>C
12230130,rs12083776,GG,GG,GT,76,88,99,NC_000001.11,Mutation NB - Paternal Origin,Transversion - Purine/Pyrimidine,Unsolved
12769068,rs1008477,GT,TT,GG,70,76,0,NC_000001.11,Mutation NB - Maternal Origin,Transversion - Purine/Pyrimidine,T>G
14673875,.,GG,GG,GA,58,73,53,NC_000001.11,Mutation NB - Paternal Origin,Transition - Purine/Purine,Unsolved
16625765,rs1762943,TT,TT,TC,100,82,47,NC_000001.11,Mutation NB - Maternal Origin,Transition - Pyrimidine/Pyrimidine,Unsolved
16913942,rs7365871,AA,AG,GG,100,100,24,NC_000001.11,Mutation NB - Paternal Origin,Transition - Purine/Purine,A>G
16992516,rs2076603,AA,GG,GG,64,86,0,NC_000001.11,Mutation NB - Paternal Origin,Transition - Purine/Purine,A>G
17635534,rs873271,CC,CC,CT,82,100,59,NC_000001.11,Mutation NB - Paternal Origin,Transition - Pyrimidine/Pyrimidine,Unsolved
18439569,rs6668305,AA,GG,AA,55,52,0,NC_000001.11,Mutation NB - Maternal Origin,Transition - Purine/Purine,G>A
18666059,rs736399,AG,AA,GG,38,100,24,NC_000001.11,Mutation NB - Maternal Origin,Transition - Purine/Purine,A>G
19010232,rs2038878,AA,CC,CC,88,91,9,NC_000001.11,Mutation NB - Paternal Origin,Transversion - Purine/Pyrimidine,A>C
19319942,rs77049691,GG,TT,TT,91,82,18,NC_000001.11,Mutation NB - Paternal Origin,Transversion - Purine/Pyrimidine,G>T
19319951,rs61764954,CC,TT,TT,91,82,18,NC_000001.11,Mutation NB - Paternal Origin,Transition - Pyrimidine/Pyrimidine,C>T
19345647,.,TT,TT,TC,61,70,83,NC_000001.11,Mutation NB - Paternal Origin,Transition - Pyrimidine/Pyrimidine,Unsolved
19420105,rs3790759,TT,CT,CC,70,1,0,NC_000001.11,Mutation NB - Paternal Origin,Transition - Pyrimidine/Pyrimidine,T>C
20611143,rs116273158,CC,GC,GG,85,32,24,NC_000001.11,Mutation NB - Paternal Origin,Transversion - Purine/Pyrimidine,C>G
22413872,rs7547689,CC,TC,TT,85,1,0,NC_000001.11,Mutation NB - Paternal Origin,Transition - Pyrimidine/Pyrimidine,C>T
22413902,rs7533770,TT,CT,CC,85,1,0,NC_000001.11,Mutation NB - Paternal Origin,Transition - Pyrimidine/Pyrimidine,T>C
24155569,rs11249002,CC,TT,CC,64,85,0,NC_000001.11,Mutation NB - Maternal Origin,Transition - Pyrimidine/Pyrimidine,T>C
25811645,rs760598,CC,AA,AA,91,85,15,NC_000001.11,Mutation NB - Paternal Origin,Transversion - Purine/Pyrimidine,C>A
25811771,rs760597,TT,CC,CC,100,85,14,NC_000001.11,Mutation NB - Paternal Origin,Transition - Pyrimidine/Pyrimidine,T>C
27074112,rs186097058,CC,CC,CT,91,85,39,NC_000001.11,Mutation NB - Maternal Origin,Transition - Pyrimidine/Pyrimidine,Unsolved
29449763,rs9426356,AA,AG,GG,100,1,39,NC_000001.11,Mutation NB - Paternal Origin,Transition - Purine/Purine,A>G
30061024,rs2173361,CC,CC,CT,61,28,99,NC_000001.11,Mutation NB - Maternal Origin,Transition - Pyrimidine/Pyrimidine,Unsolved
31424801,.,TT,TT,TA,61,82,41,NC_000001.11,Mutation NB - Paternal Origin,Transition - Pyrimidine/Pyrimidine,Transversion - Purine/Pyrimidine,Unsolved
31515429,rs4949421,AA,AA,GA,88,88,33,NC_000001.11,Mutation NB - Paternal or Maternal,Transition - Purine/Purine,Unsolved
36133946,rs4653160,TT,CC,TT,88,100,18,NC_000001.11,Mutation NB - Maternal Origin,Transition - Pyrimidine/Pyrimidine,C>T
36710408,rs7544015,CT,TT,CC,32,79,12,NC_000001.11,Mutation NB - Maternal Origin,Transition - Pyrimidine/Pyrimidine,T>C
37085238,rs72653567,GG,GG,GA,100,76,65,NC_000001.11,Mutation NB - Maternal Origin,Transition - Purine/Purine,Unsolved
37620546,rs146154291,AA,AA,AG,91,91,72,NC_000001.11,Mutation NB - Paternal or Maternal,Transition - Purine/Purine,Unsolved
40476033,rs72950081,TG,TT,GG,3,82,21,NC_000001.11,Mutation NB - Maternal Origin,Transversion - Purine/Pyrimidine,T>G
41018369,rs937712787,GG,GG,GA,73,64,50,NC_000001.11,Mutation NB - Maternal Origin,Transition - Purine/Purine,Unsolved
41018374,rs1392837173,TT,TT,TC,73,64,50,NC_000001.11,Mutation NB - Maternal Origin,Transition - Pyrimidine/Pyrimidine,Unsolved
41484167,rs41269471,GA,GG,AA,1,85,15,NC_000001.11,Mutation NB - Maternal Origin,Transition - Purine/Purine,G>A
41632650,rs6681441,GA,GG,AA,67,100,9,NC_000001.11,Mutation NB - Maternal Origin,Transition - Purine/Purine,G>A
41632681,rs6670309,AC,AA,CC,67,100,9,NC_000001.11,Mutation NB - Maternal Origin,A>C
42465004,rs4660227,AA,CC,AA,100,89,0,NC_000001.11,Mutation NB - Maternal Origin,Transversion - Purine/Pyrimidine,C>A
42718055,.,CC,CC,CG,49,37,74,NC_000001.11,Mutation NB - Maternal Origin,Transversion - Purine/Pyrimidine,Unsolved
43644818,rs620851,AA,AA,AG,100,100,99,NC_000001.11,Mutation NB - Paternal or Maternal,Transition - Purine/Purine,Unsolved
43882533,.,CC,CC,CT,88,88,68,NC_000001.11,Mutation NB - Paternal or Maternal,Transition - Pyrimidine/Pyrimidine,Unsolved
45508304,.,AA,AA,AG,61,82,59,NC_000001.11,Mutation NB - Paternal Origin,Transition - Purine/Purine,Unsolved
46597228,rs6429606,GG,AA,GG,85,91,9,NC_000001.11,Mutation NB - Maternal Origin,Transition - Purine/Purine,A>G
46618984,.,AA,AA,AG,91,76,68,NC_000001.11,Mutation NB - Maternal Origin,Transition - Purine/Purine,Unsolved
47916718,rs74071853,CC,GG,CC,91,82,15,NC_000001.11,Mutation NB - Maternal Origin,Transversion - Purine/Pyrimidine,G>C
50251519,.,AA,AA,AG,76,58,56,NC_000001.11,Mutation NB - Maternal Origin,Transition - Purine/Purine,Unsolved
53333626,rs11206144,GG,GG,GA,61,96,68,NC_000001.11,Mutation NB - Paternal Origin,Transition - Purine/Purine,Unsolved
53514209,.,AA,AA,AG,85,73,50,NC_000001.11,Mutation NB - Maternal Origin,Transition - Purine/Purine,Unsolved
53572850,rs11206174,CC,GC,GG,64,32,0,NC_000001.11,Mutation NB - Paternal Origin,Transversion - Purine/Pyrimidine,C>G
53586251,rs4926604,CC,TT,CC,91,100,15,NC_000001.11,Mutation NB - Maternal Origin,Transition - Pyrimidine/Pyrimidine,T>C
54759014,.,TT,TT,TC,16,1,71,NC_000001.11,Mutation NB - Maternal Origin,Transition - Pyrimidine/Pyrimidine,Unsolved
55881800,rs6678002,TT,TC,CC,88,1,18,NC_000001.11,Mutation NB - Paternal Origin,Transition - Pyrimidine/Pyrimidine,T>C
56170733,rs1331861,CC,AA,AA,88,88,0,NC_000001.11,Mutation NB - Paternal Origin,Transversion - Purine/Pyrimidine,C>A
56410888,rs4489603,AA,GG,GG,79,82,0,NC_000001.11,Mutation NB - Paternal Origin,Transition - Purine/Purine,A>G
56837608,rs1214652200,GG,GG,GA,94,88,54,NC_000001.11,Mutation NB - Maternal Origin,Transition - Purine/Purine,Unsolved
57246491,.,TT,TT,TC,58,61,59,NC_000001.11,Mutation NB - Paternal Origin,Transition - Pyrimidine/Pyrimidine,Unsolved
59251678,.,AA,AA,AG,49,79,62,NC_000001.11,Mutation NB - Paternal Origin,Transition - Purine/Purine,Unsolved
61378600,rs11807521,GG,AA,AA,67,85,12,NC_000001.11,Mutation NB - Paternal Origin,Transition - Purine/Purine,G>A
63383717,.,AA,AA,AT,70,67,55,NC_000001.11,Mutation NB - Maternal Origin,Transversion - Purine/Pyrimidine,Unsolved
63847030,.,TT,TT,TC,76,66,41,NC_000001.11,Mutation NB - Maternal Origin,Transition - Pyrimidine/Pyrimidine,Unsolved
67362235,rs7551150,CC,TT,TT,91,91,12,NC_000001.11,Mutation NB - Paternal Origin,Transition - Pyrimidine/Pyrimidine,C>T
68147896,rs9970306,CC,TT,CC,100,88,0,NC_000001.11,Mutation NB - Maternal Origin,Transition - Pyrimidine/Pyrimidine,T>C
68786469,rs12132775,GG,AA,GG,82,91,12,NC_000001.11,Mutation NB - Maternal Origin,Transition - Purine/Purine,A>G
69312139,.,TT,TT,TC,25,1,62,NC_000001.11,Mutation NB - Maternal Origin,Transition - Pyrimidine/Pyrimidine,Unsolved
70467958,rs8179490,GG,AA,AA,79,82,15,NC_000001.11,Mutation NB - Paternal Origin,Transition - Purine/Purine,G>A
74589735,rs2305549,TT,CC,TT,61,82,0,NC_000001.11,Mutation NB - Maternal Origin,Transition - Pyrimidine/Pyrimidine,C>T
79239909,rs72941402,GG,GC,CC,82,39,9,NC_000001.11,Mutation NB - Paternal Origin,Transversion - Purine/Pyrimidine,G>C
79239941,rs72943004,CC,CT,TT,82,35,9,NC_000001.11,Mutation NB - Paternal Origin,Transition - Pyrimidine/Pyrimidine,C>T
79905930,.,TT,TT,TC,85,64,50,NC_000001.11,Mutation NB - Maternal Origin,Transition - Pyrimidine/Pyrimidine,Unsolved
81221283,rs2768773,CC,AA,CC,82,79,15,NC_000001.11,Mutation NB - Maternal Origin,Transversion - Purine/Pyrimidine,A>C
86322026,.,AA,AA,AG,64,64,65,NC_000001.11,Mutation NB - Paternal or Maternal,Transition - Purine/Purine,Unsolved
89044040,rs3887068,AA,GA,GG,82,1,0,NC_000001.11,Mutation NB - Paternal Origin,Transition - Purine/Purine,A>G
89438319,.,AA,AA,AG,79,91,59,NC_000001.11,Mutation NB - Paternal Origin,Transition - Purine/Purine,Unsolved
89834052,.,GG,GG,GT,61,85,69,NC_000001.11,Mutation NB - Paternal Origin,Transversion - Purine/Pyrimidine,Unsolved
102230375,rs10874557,AA,GG,GG,76,88,0,NC_000001.11,Mutation NB - Paternal Origin,Transition - Purine/Purine,A>G
103784278,rs508815,CC,TT,CC,76,91,15,NC_000001.11,Mutation NB - Maternal Origin,Transition - Pyrimidine/Pyrimidine,T>C
109715746,rs36107407,CC,TT,CC,76,88,9,NC_000001.11,Mutation NB - Maternal Origin,Transition - Pyrimidine/Pyrimidine,T>C
110109011,rs12134406,CC,CC,CT,85,100,99,NC_000001.11,Mutation NB - Paternal Origin,Transition - Pyrimidine/Pyrimidine,Unsolved
110267227,rs74115832,GG,GG,GA,100,82,99,NC_000001.11,Mutation NB - Maternal Origin,Transition - Purine/Purine,Unsolved
110538328,rs7534743,GG,GA,AA,100,41,42,NC_000001.11,Mutation NB - Paternal Origin,Transition - Purine/Purine,G>A
110538353,rs192811092,CC,CC,CT,100,76,99,NC_000001.11,Mutation NB - Maternal Origin,Transition - Pyrimidine/Pyrimidine,Unsolved
110538385,rs1857517,GG,GA,AA,100,41,42,NC_000001.11,Mutation NB - Paternal Origin,Transition - Purine/Purine,G>A
111085952,.,AA,AA,AG,73,52,71,NC_000001.11,Mutation NB - Maternal Origin,Transition - Purine/Purine,Unsolved
111454674,.,CC,CC,CT,85,64,56,NC_000001.11,Mutation NB - Maternal Origin,Transition - Pyrimidine/Pyrimidine,Unsolved
113214875,.,AA,AA,AG,55,67,44,NC_000001.11,Mutation NB - Paternal Origin,Transition - Purine/Purine,Unsolved
114350834,.,TT,TT,TC,55,76,53,NC_000001.11,Mutation NB - Paternal Origin,Transition - Pyrimidine/Pyrimidine,Unsolved
116311355,rs10924055,CC,CG,GG,100,32,12,NC_000001.11,Mutation NB - Paternal Origin,Transversion - Purine/Pyrimidine,C>G
117574352,rs1290600,TT,TG,GG,88,32,12,NC_000001.11,Mutation NB - Paternal Origin,Transversion - Purine/Pyrimidine,T>G
119516877,rs10923844,GG,GA,AA,100,1,12,NC_000001.11,Mutation NB - Paternal Origin,Transition - Purine/Purine,G>A
119517025,rs6684370,GA,GG,AA,1,100,21,NC_000001.11,Mutation NB - Maternal Origin,Transition - Purine/Purine,G>A
147236936,rs12140294,TT,CC,TT,91,100,9,NC_000001.11,Mutation NB - Maternal Origin,Transition - Pyrimidine/Pyrimidine,C>T
150650745,rs6587516,CC,CT,TT,100,1,18,NC_000001.11,Mutation NB - Paternal Origin,Transition - Pyrimidine/Pyrimidine,C>T
151804529,.,TT,TT,TA,4,1,39,NC_000001.11,Mutation NB - Maternal Origin,Transition - Pyrimidine/Pyrimidine,Transversion - Purine/Pyrimidine,Unsolved
152909173,rs11205130,TT,TT,CC,85,82,9,NC_000001.11,Mutation NB - Maternal Origin,Transition - Pyrimidine/Pyrimidine,Unsolved
152909202,rs11205131,GG,GG,AA,85,82,9,NC_000001.11,Mutation NB - Maternal Origin,Transition - Purine/Purine,Unsolved
156377340,rs2245623,GG,GA,AA,100,33,9,NC_000001.11,Mutation NB - Paternal Origin,Transition - Purine/Purine,G>A
156525124,rs947661,AA,GG,GG,58,70,0,NC_000001.11,Mutation NB - Paternal Origin,Transition - Purine/Purine,A>G
161181799,rs569242114,TT,TT,TC,19,13,50,NC_000001.11,Mutation NB - Maternal Origin,Transition - Pyrimidine/Pyrimidine,Unsolved
163161863,.,TT,TT,TC,79,91,65,NC_000001.11,Mutation NB - Paternal Origin,Transition - Pyrimidine/Pyrimidine,Unsolved
164933655,.,CC,CC,CT,79,73,65,NC_000001.11,Mutation NB - Maternal Origin,Transition - Pyrimidine/Pyrimidine,Unsolved
165207933,rs17403138,TT,TT,TC,64,100,98,NC_000001.11,Mutation NB - Paternal Origin,Transition - Pyrimidine/Pyrimidine,Unsolved
166416593,.,GG,GG,GA,58,91,65,NC_000001.11,Mutation NB - Paternal Origin,Transition - Purine/Purine,Unsolved
167153192,rs12143783,CC,CT,TT,100,1,57,NC_000001.11,Mutation NB - Paternal Origin,Transition - Pyrimidine/Pyrimidine,C>T
170639527,rs533603,AG,AA,GG,29,100,21,NC_000001.11,Mutation NB - Maternal Origin,Transition - Purine/Purine,A>G
175993051,.,AA,AA,AG,85,82,56,NC_000001.11,Mutation NB - Maternal Origin,Transition - Purine/Purine,Unsolved
178770076,rs112253550,GG,GG,GA,100,88,99,NC_000001.11,Mutation NB - Maternal Origin,Transition - Purine/Purine,Unsolved
179774269,.,AA,AA,AG,79,73,47,NC_000001.11,Mutation NB - Maternal Origin,Transition - Purine/Purine,Unsolved
180256088,rs357065,CC,AC,AA,82,73,15,NC_000001.11,Mutation NB - Paternal Origin,Transversion - Purine/Pyrimidine,C>A
180917305,rs12072238,GG,GG,GA,91,91,65,NC_000001.11,Mutation NB - Paternal or Maternal,Transition - Purine/Purine,Unsolved
181112917,rs114457046,GA,GG,AA,85,40,54,NC_000001.11,Mutation NB - Maternal Origin,Transition - Purine/Purine,G>A
181456788,rs116165941,CC,CC,CT,88,100,71,NC_000001.11,Mutation NB - Paternal Origin,Transition - Pyrimidine/Pyrimidine,Unsolved
182761594,rs12406465,TT,TT,TG,82,85,71,NC_000001.11,Mutation NB - Paternal Origin,Transition - Pyrimidine/Pyrimidine,Transversion - Purine/Pyrimidine,Unsolved
183383050,.,TT,CC,TT,91,91,15,NC_000001.11,Mutation NB - Maternal Origin,Transition - Pyrimidine/Pyrimidine,C>T
183581302,rs370048375,GG,GG,GA,100,100,99,NC_000001.11,Mutation NB - Paternal or Maternal,Transition - Purine/Purine,Unsolved
187327043,rs12407754,TT,AA,AA,91,58,8,NC_000001.11,Mutation NB - Paternal Origin,Transversion - Purine/Pyrimidine,T>A
187714537,rs4375215,CC,CT,TT,100,1,9,NC_000001.11,Mutation NB - Paternal Origin,Transition - Pyrimidine/Pyrimidine,C>T
192808968,.,AA,AA,AG,61,58,47,NC_000001.11,Mutation NB - Maternal Origin,Transition - Purine/Purine,Unsolved
192891220,.,CC,CC,CA,85,82,62,NC_000001.11,Mutation NB - Maternal Origin,Transversion - Purine/Pyrimidine,Unsolved
193927390,.,AA,AA,AG,55,70,53,NC_000001.11,Mutation NB - Paternal Origin,Transition - Purine/Purine,Unsolved
196808952,rs668633,GG,AA,AA,76,91,3,NC_000001.11,Mutation NB - Paternal Origin,Transition - Purine/Purine,G>A
196809016,rs525391,AA,GG,GG,16,1,66,NC_000001.11,Mutation NB - Paternal Origin,Transition - Purine/Purine,A>G
196809150,rs421199,AA,GG,GG,1,10,60,NC_000001.11,Mutation NB - Paternal Origin,Transition - Purine/Purine,A>G
196809797,rs1738735,TT,CC,CC,40,7,63,NC_000001.11,Mutation NB - Paternal Origin,Transition - Pyrimidine/Pyrimidine,T>C
196809904,rs11801119,TT,GG,GG,31,1,42,NC_000001.11,Mutation NB - Paternal Origin,Transversion - Purine/Pyrimidine,T>G
201355087,rs1657858730,GG,GG,GA,67,61,84,NC_000001.11,Mutation NB - Maternal Origin,Transition - Purine/Purine,Unsolved
201422085,rs2799672,AA,AA,AG,100,88,33,NC_000001.11,Mutation NB - Maternal Origin,Transition - Purine/Purine,Unsolved
201597362,rs113941008,TT,TT,TC,85,100,71,NC_000001.11,Mutation NB - Paternal Origin,Transition - Pyrimidine/Pyrimidine,Unsolved
204770387,rs16854367,CC,CT,TT,100,58,21,NC_000001.11,Mutation NB - Paternal Origin,Transition - Pyrimidine/Pyrimidine,C>T
205330509,rs7417402,GG,AA,GG,91,91,0,NC_000001.11,Mutation NB - Maternal Origin,Transition - Purine/Purine,A>G
205490761,rs2027285,CC,AA,AA,91,100,9,NC_000001.11,Mutation NB - Paternal Origin,Transversion - Purine/Pyrimidine,C>A
205795512,rs823156,GG,AA,GG,76,82,0,NC_000001.11,Mutation NB - Maternal Origin,Transition - Purine/Purine,A>G
206839274,rs2243177,CC,CA,AA,76,28,12,NC_000001.11,Mutation NB - Paternal Origin,Transversion - Purine/Pyrimidine,C>A
206934883,rs291104,AA,AA,AG,100,85,99,NC_000001.11,Mutation NB - Maternal Origin,Transition - Purine/Purine,Unsolved
207959393,rs7511980,GG,CC,CC,88,73,48,NC_000001.11,Mutation NB - Paternal Origin,Transversion - Purine/Pyrimidine,G>C
208003587,.,AA,AA,AG,28,52,53,NC_000001.11,Mutation NB - Paternal Origin,Transition - Purine/Purine,Unsolved
208127809,rs7551238,TT,CT,CC,67,76,15,NC_000001.11,Mutation NB - Paternal Origin,Transition - Pyrimidine/Pyrimidine,T>C
208127813,rs71515127,AA,GA,GG,67,76,15,NC_000001.11,Mutation NB - Paternal Origin,Transition - Purine/Purine,A>G
208127816,rs71515128,GG,AG,AA,67,76,15,NC_000001.11,Mutation NB - Paternal Origin,Transition - Purine/Purine,G>A
208132152,rs985323057,TT,TT,TC,61,70,68,NC_000001.11,Mutation NB - Paternal Origin,Transition - Pyrimidine/Pyrimidine,Unsolved
210098180,.,AA,AA,AG,58,79,59,NC_000001.11,Mutation NB - Paternal Origin,Transition - Purine/Purine,Unsolved
211901494,rs2002081,TT,CC,TT,88,79,0,NC_000001.11,Mutation NB - Maternal Origin,Transition - Pyrimidine/Pyrimidine,C>T
212704118,rs7549294,TT,TT,TA,82,100,68,NC_000001.11,Mutation NB - Paternal Origin,Transition - Pyrimidine/Pyrimidine,Transversion - Purine/Pyrimidine,Unsolved
212955708,rs17020052,TT,TT,CC,100,82,9,NC_000001.11,Mutation NB - Maternal Origin,Transition - Pyrimidine/Pyrimidine,Unsolved
215433247,rs7539365,AA,AG,GG,100,1,12,NC_000001.11,Mutation NB - Paternal Origin,Transition - Purine/Purine,A>G
215704534,rs12022471,GG,GG,GT,91,85,33,NC_000001.11,Mutation NB - Maternal Origin,Transversion - Purine/Pyrimidine,Unsolved
217362238,rs1497833,GG,TT,TT,61,73,0,NC_000001.11,Mutation NB - Paternal Origin,Transversion - Purine/Pyrimidine,G>T
218225416,rs139689745,CC,CC,CT,64,100,99,NC_000001.11,Mutation NB - Paternal Origin,Transition - Pyrimidine/Pyrimidine,Unsolved
220414829,.,AA,AA,AG,73,46,41,NC_000001.11,Mutation NB - Maternal Origin,Transition - Purine/Purine,Unsolved
222393918,rs73119054,TT,GG,TT,91,82,15,NC_000001.11,Mutation NB - Maternal Origin,Transversion - Purine/Pyrimidine,G>T
223483649,rs10907384,AG,GG,AA,1,82,18,NC_000001.11,Mutation NB - Maternal Origin,Transition - Purine/Purine,G>A
224181275,rs11588603,AA,CC,AA,86,91,42,NC_000001.11,Mutation NB - Maternal Origin,Transversion - Purine/Pyrimidine,C>A
226425718,rs34185854,CC,CC,CT,82,100,99,NC_000001.11,Mutation NB - Paternal Origin,Transition - Pyrimidine/Pyrimidine,Unsolved
228059950,rs1293066208,GG,GG,GA,91,88,57,NC_000001.11,Mutation NB - Maternal Origin,Transition - Purine/Purine,Unsolved
228059951,.,AA,AA,AG,91,88,57,NC_000001.11,Mutation NB - Maternal Origin,Transition - Purine/Purine,Unsolved
228165950,rs55873785,CC,GG,GG,88,85,9,NC_000001.11,Mutation NB - Paternal Origin,Transversion - Purine/Pyrimidine,C>G
228316771,rs1188732,TT,CC,CC,100,76,9,NC_000001.11,Mutation NB - Paternal Origin,Transition - Pyrimidine/Pyrimidine,T>C
228818287,rs241345,GG,AA,AA,52,100,0,NC_000001.11,Mutation NB - Paternal Origin,Transition - Purine/Purine,G>A
230174534,rs7523575,GG,GA,AA,73,1,12,NC_000001.11,Mutation NB - Paternal Origin,Transition - Purine/Purine,G>A
230248438,rs4846939,AA,GG,AA,100,88,9,NC_000001.11,Mutation NB - Maternal Origin,Transition - Purine/Purine,G>A
230757841,rs12145175,GG,GG,GA,100,40,99,NC_000001.11,Mutation NB - Maternal Origin,Transition - Purine/Purine,Unsolved
232737095,rs2644480,TT,TC,CC,88,35,12,NC_000001.11,Mutation NB - Paternal Origin,Transition - Pyrimidine/Pyrimidine,T>C
232898499,rs9424609,CT,TT,CC,67,85,33,NC_000001.11,Mutation NB - Maternal Origin,Transition - Pyrimidine/Pyrimidine,T>C
233278300,.,CC,CC,CT,25,31,65,NC_000001.11,Mutation NB - Paternal Origin,Transition - Pyrimidine/Pyrimidine,Unsolved
235618375,.,AA,AA,AT,58,64,39,NC_000001.11,Mutation NB - Paternal Origin,Transversion - Purine/Pyrimidine,Unsolved
235951118,rs7541146,CC,AA,CC,91,100,12,NC_000001.11,Mutation NB - Maternal Origin,Transversion - Purine/Pyrimidine,A>C
238214696,rs61830881,CC,CC,CT,88,88,27,NC_000001.11,Mutation NB - Paternal or Maternal,Transition - Pyrimidine/Pyrimidine,Unsolved
240226684,rs6429192,AA,GG,GG,64,52,15,NC_000001.11,Mutation NB - Paternal Origin,Transition - Purine/Purine,A>G
242244274,rs71648699,CC,CC,CT,37,58,50,NC_000001.11,Mutation NB - Paternal Origin,Transition - Pyrimidine/Pyrimidine,Unsolved
242651802,rs7534989,GG,CG,CC,88,35,9,NC_000001.11,Mutation NB - Paternal Origin,Transversion - Purine/Pyrimidine,G>C
244231692,rs1659324034,AA,AA,AG,61,82,65,NC_000001.11,Mutation NB - Paternal Origin,Transition - Purine/Purine,Unsolved
247523364,rs12081895,GG,CC,GG,82,64,18,NC_000001.11,Mutation NB - Maternal Origin,Transversion - Purine/Pyrimidine,C>G
248752287,rs1036856457,GT,GG,TT,1,76,12,NC_000001.11,Mutation NB - Maternal Origin,Transversion - Purine/Pyrimidine,G>T
122290,rs78243577,GG,GG,GA,79,100,99,NC_000002.12,Mutation NB - Paternal Origin,Transition - Purine/Purine,Unsolved
452156,rs67364346,TT,CC,TT,88,82,12,NC_000002.12,Mutation NB - Maternal Origin,Transition - Pyrimidine/Pyrimidine,C>T
1142082,.,TT,TT,TC,43,46,49,NC_000002.12,Mutation NB - Paternal Origin,Transition - Pyrimidine/Pyrimidine,Unsolved
1678088,.,GG,GG,GA,85,79,60,NC_000002.12,Mutation NB - Maternal Origin,Transition - Purine/Purine,Unsolved
2718084,rs1077878,TT,AA,AA,76,70,24,NC_000002.12,Mutation NB - Paternal Origin,Transversion - Purine/Pyrimidine,T>A
2718125,rs896229,AA,GG,GG,76,73,24,NC_000002.12,Mutation NB - Paternal Origin,Transition - Purine/Purine,A>G
2718128,rs896230,CC,TT,TT,76,73,24,NC_000002.12,Mutation NB - Paternal Origin,Transition - Pyrimidine/Pyrimidine,C>T
3326744,rs35595039,GG,GG,GT,100,100,27,NC_000002.12,Mutation NB - Paternal or Maternal,Transversion - Purine/Pyrimidine,Unsolved
3598549,rs13432324,TT,CC,TT,58,88,12,NC_000002.12,Mutation NB - Maternal Origin,Transition - Pyrimidine/Pyrimidine,C>T
3950358,rs11689977,CC,TT,CC,64,76,0,NC_000002.12,Mutation NB - Maternal Origin,Transition - Pyrimidine/Pyrimidine,T>C
5256801,rs73136283,CC,TT,TT,76,79,21,NC_000002.12,Mutation NB - Paternal Origin,Transition - Pyrimidine/Pyrimidine,C>T
5703654,rs56187318,CC,CC,TT,79,100,18,NC_000002.12,Mutation NB - Paternal Origin,Transition - Pyrimidine/Pyrimidine,Unsolved
6360722,rs6741398,TT,CC,CC,88,67,9,NC_000002.12,Mutation NB - Paternal Origin,Transition - Pyrimidine/Pyrimidine,T>C
7842919,.,AA,AA,AG,73,91,59,NC_000002.12,Mutation NB - Paternal Origin,Transition - Purine/Purine,Unsolved
8535018,.,CC,CC,CT,64,61,49,NC_000002.12,Mutation NB - Maternal Origin,Transition - Pyrimidine/Pyrimidine,Unsolved
10433072,rs11694911,TT,CC,TT,73,70,9,NC_000002.12,Mutation NB - Maternal Origin,Transition - Pyrimidine/Pyrimidine,C>T
11023985,rs16857051,CC,TT,CC,28,43,99,NC_000002.12,Mutation NB - Maternal Origin,Transition - Pyrimidine/Pyrimidine,T>C
12263955,rs150497890,CC,TT,TT,88,82,21,NC_000002.12,Mutation NB - Paternal Origin,Transition - Pyrimidine/Pyrimidine,C>T
16100959,rs28458202,TT,CC,CC,100,85,27,NC_000002.12,Mutation NB - Paternal Origin,Transition - Pyrimidine/Pyrimidine,T>C
16661516,rs77899071,CC,CC,CT,85,79,65,NC_000002.12,Mutation NB - Maternal Origin,Transition - Pyrimidine/Pyrimidine,Unsolved
18811103,rs10432574,AC,AA,CC,75,88,9,NC_000002.12,Mutation NB - Maternal Origin,A>C
18941043,rs7597870,AA,TT,AA,43,73,15,NC_000002.12,Mutation NB - Maternal Origin,Transversion - Purine/Pyrimidine,T>A
21895518,.,TT,TT,TC,49,25,41,NC_000002.12,Mutation NB - Maternal Origin,Transition - Pyrimidine/Pyrimidine,Unsolved
22533995,.,TT,TT,TC,88,85,62,NC_000002.12,Mutation NB - Maternal Origin,Transition - Pyrimidine/Pyrimidine,Unsolved
25158279,rs6751851,GA,GG,AA,67,100,15,NC_000002.12,Mutation NB - Maternal Origin,Transition - Purine/Purine,G>A
25239105,.,CC,CC,CT,79,76,47,NC_000002.12,Mutation NB - Maternal Origin,Transition - Pyrimidine/Pyrimidine,Unsolved
27234163,.,TT,TT,TA,79,91,59,NC_000002.12,Mutation NB - Paternal Origin,Transition - Pyrimidine/Pyrimidine,Transversion - Purine/Pyrimidine,Unsolved
27315313,rs1866568,TT,CC,TT,82,100,15,NC_000002.12,Mutation NB - Maternal Origin,Transition - Pyrimidine/Pyrimidine,C>T
27711909,rs115376130,CC,CC,CT,88,100,27,NC_000002.12,Mutation NB - Paternal Origin,Transition - Pyrimidine/Pyrimidine,Unsolved
28150886,rs79736725,CC,AA,AA,91,88,9,NC_000002.12,Mutation NB - Paternal Origin,Transversion - Purine/Pyrimidine,C>A
28618154,rs1881256,GG,GA,AA,100,1,27,NC_000002.12,Mutation NB - Paternal Origin,Transition - Purine/Purine,G>A
29474979,rs4666221,CC,CC,AC,79,88,68,NC_000002.12,Mutation NB - Paternal Origin,Transversion - Purine/Pyrimidine,Unsolved
32425624,.,TT,TT,TC,16,40,44,NC_000002.12,Mutation NB - Paternal Origin,Transition - Pyrimidine/Pyrimidine,Unsolved
33520073,.,TT,TT,TC,93,40,99,NC_000002.12,Mutation NB - Maternal Origin,Transition - Pyrimidine/Pyrimidine,Unsolved
33562355,.,AA,AA,AG,19,34,47,NC_000002.12,Mutation NB - Paternal Origin,Transition - Purine/Purine,Unsolved
33960495,rs10183810,CC,GG,CC,73,76,15,NC_000002.12,Mutation NB - Maternal Origin,Transversion - Purine/Pyrimidine,G>C
35845843,rs72794234,GG,GG,GA,76,100,30,NC_000002.12,Mutation NB - Paternal Origin,Transition - Purine/Purine,Unsolved
39624159,rs887969,AA,AA,AG,91,100,33,NC_000002.12,Mutation NB - Paternal Origin,Transition - Purine/Purine,Unsolved
41030349,rs12995653,AA,AG,GG,58,1,9,NC_000002.12,Mutation NB - Paternal Origin,Transition - Purine/Purine,A>G
41821337,rs4245777,GG,GA,AA,46,1,18,NC_000002.12,Mutation NB - Paternal Origin,Transition - Purine/Purine,G>A
42744547,rs1016607,CC,TT,TT,100,82,15,NC_000002.12,Mutation NB - Paternal Origin,Transition - Pyrimidine/Pyrimidine,C>T
42841688,rs79286566,CT,CC,TT,41,82,15,NC_000002.12,Mutation NB - Maternal Origin,Transversion - Purine/Pyrimidine,C>T
43206345,rs10865190,CC,TT,CC,79,64,0,NC_000002.12,Mutation NB - Maternal Origin,Transition - Pyrimidine/Pyrimidine,T>C
45883286,rs735112,AA,GG,AA,67,73,39,NC_000002.12,Mutation NB - Maternal Origin,Transition - Purine/Purine,G>A
47539696,rs35569589,GG,GG,GC,88,100,33,NC_000002.12,Mutation NB - Paternal Origin,Transition - Purine/Purine,Transversion - Purine/Pyrimidine,Unsolved
54226197,rs843762,CC,TT,CC,85,88,0,NC_000002.12,Mutation NB - Maternal Origin,Transition - Pyrimidine/Pyrimidine,T>C
56093340,.,AA,AA,AT,19,52,42,NC_000002.12,Mutation NB - Paternal Origin,Transversion - Purine/Pyrimidine,Unsolved
58709622,rs17615120,GG,GG,GA,79,82,56,NC_000002.12,Mutation NB - Paternal Origin,Transition - Purine/Purine,Unsolved
58734170,.,AA,AA,AG,70,73,56,NC_000002.12,Mutation NB - Paternal Origin,Transition - Purine/Purine,Unsolved
59763366,rs10204190,CC,CC,CA,97,100,18,NC_000002.12,Mutation NB - Paternal Origin,Transversion - Purine/Pyrimidine,Unsolved
61413352,rs2694653,TT,CC,TT,88,91,0,NC_000002.12,Mutation NB - Maternal Origin,Transition - Pyrimidine/Pyrimidine,C>T
62632998,rs4671438,AA,GG,GG,85,85,15,NC_000002.12,Mutation NB - Paternal Origin,Transition - Purine/Purine,A>G
64342358,rs10164841,CC,CC,TT,88,91,9,NC_000002.12,Mutation NB - Paternal Origin,Transition - Pyrimidine/Pyrimidine,Unsolved
65293958,rs2422474,CC,GG,GG,40,19,24,NC_000002.12,Mutation NB - Paternal Origin,Transversion - Purine/Pyrimidine,C>G
67232971,.,AA,AA,AG,40,55,53,NC_000002.12,Mutation NB - Paternal Origin,Transition - Purine/Purine,Unsolved
70477774,rs57403325,TC,CC,TT,41,91,0,NC_000002.12,Mutation NB - Maternal Origin,Transversion - Purine/Pyrimidine,C>T
70806593,.,TT,TT,TC,34,34,41,NC_000002.12,Mutation NB - Paternal or Maternal,Transition - Pyrimidine/Pyrimidine,Unsolved
71154772,rs357730,AA,GG,AA,88,100,9,NC_000002.12,Mutation NB - Maternal Origin,Transition - Purine/Purine,G>A
71154810,rs357729,TT,AA,TT,88,100,9,NC_000002.12,Mutation NB - Maternal Origin,Transversion - Purine/Pyrimidine,A>T
74833120,.,TT,TT,TC,91,70,44,NC_000002.12,Mutation NB - Maternal Origin,Transition - Pyrimidine/Pyrimidine,Unsolved
82377466,rs7563050,AA,AG,GG,100,1,42,NC_000002.12,Mutation NB - Paternal Origin,Transition - Purine/Purine,A>G
83749887,.,AA,AA,AG,1,40,44,NC_000002.12,Mutation NB - Paternal Origin,Transition - Purine/Purine,Unsolved
85668974,.,TT,TT,TC,88,70,44,NC_000002.12,Mutation NB - Maternal Origin,Transition - Pyrimidine/Pyrimidine,Unsolved
85824225,.,TT,TT,TC,49,49,46,NC_000002.12,Mutation NB - Paternal or Maternal,Transition - Pyrimidine/Pyrimidine,Unsolved
85996883,rs1052365047,GG,GG,GA,100,85,71,NC_000002.12,Mutation NB - Maternal Origin,Transition - Purine/Purine,Unsolved
96892368,rs4907204,AA,AA,AC,88,91,68,NC_000002.12,Mutation NB - Paternal Origin,Transversion - Purine/Pyrimidine,Unsolved
96892413,rs4907205,TT,TT,TC,88,91,68,NC_000002.12,Mutation NB - Paternal Origin,Transition - Pyrimidine/Pyrimidine,Unsolved
98484990,rs3769730,TT,TC,CC,82,67,9,NC_000002.12,Mutation NB - Paternal Origin,Transition - Pyrimidine/Pyrimidine,T>C
98485015,rs868600095,TT,CC,CC,88,91,9,NC_000002.12,Mutation NB - Paternal Origin,Transition - Pyrimidine/Pyrimidine,T>C
98838815,rs72811073,AA,AG,GG,100,1,33,NC_000002.12,Mutation NB - Paternal Origin,Transition - Purine/Purine,A>G
98870930,rs74745666,GG,GA,AA,100,67,9,NC_000002.12,Mutation NB - Paternal Origin,Transition - Purine/Purine,G>A
100052995,rs78633727,TT,TT,TC,79,100,72,NC_000002.12,Mutation NB - Paternal Origin,Transition - Pyrimidine/Pyrimidine,Unsolved
100263335,rs4851279,AA,GG,GG,76,76,12,NC_000002.12,Mutation NB - Paternal Origin,Transition - Purine/Purine,A>G
100613040,rs116626470,AA,GG,GG,88,91,15,NC_000002.12,Mutation NB - Paternal Origin,Transition - Purine/Purine,A>G
101109201,.,CC,CC,CT,73,49,50,NC_000002.12,Mutation NB - Maternal Origin,Transition - Pyrimidine/Pyrimidine,Unsolved
101618006,rs6543082,AA,GG,GG,91,88,12,NC_000002.12,Mutation NB - Paternal Origin,Transition - Purine/Purine,A>G
102502046,.,TT,TT,TC,34,55,42,NC_000002.12,Mutation NB - Paternal Origin,Transition - Pyrimidine/Pyrimidine,Unsolved
104371522,.,AA,AA,AG,70,79,53,NC_000002.12,Mutation NB - Paternal Origin,Transition - Purine/Purine,Unsolved
105452531,rs113630345,TT,CC,TT,70,85,18,NC_000002.12,Mutation NB - Maternal Origin,Transition - Pyrimidine/Pyrimidine,C>T
105452544,rs62153388,GG,GG,GA,100,85,24,NC_000002.12,Mutation NB - Maternal Origin,Transition - Purine/Purine,Unsolved
107602908,rs1516224,AA,AG,GG,76,82,9,NC_000002.12,Mutation NB - Paternal Origin,Transition - Purine/Purine,A>G
108906715,rs13397131,GG,GT,TT,91,2,18,NC_000002.12,Mutation NB - Paternal Origin,Transversion - Purine/Pyrimidine,G>T
109031585,rs11692131,AA,TT,TT,79,88,18,NC_000002.12,Mutation NB - Paternal Origin,Transversion - Purine/Pyrimidine,A>T
110901018,rs17041613,AA,GG,GG,4,10,27,NC_000002.12,Mutation NB - Paternal Origin,Transition - Purine/Purine,A>G
111623964,rs2218658,AA,GG,GG,91,100,0,NC_000002.12,Mutation NB - Paternal Origin,Transition - Purine/Purine,A>G
113940935,rs60798508,GG,GA,AA,46,1,12,NC_000002.12,Mutation NB - Paternal Origin,Transition - Purine/Purine,G>A
117919260,rs1863040,TT,CC,TT,61,79,0,NC_000002.12,Mutation NB - Maternal Origin,Transition - Pyrimidine/Pyrimidine,C>T
119096479,rs330785,CC,TT,TT,88,88,21,NC_000002.12,Mutation NB - Paternal Origin,Transition - Pyrimidine/Pyrimidine,C>T
119096510,rs330786,TT,CC,CC,85,88,21,NC_000002.12,Mutation NB - Paternal Origin,Transition - Pyrimidine/Pyrimidine,T>C
120700239,rs963238,AA,GG,AA,73,100,24,NC_000002.12,Mutation NB - Maternal Origin,Transition - Purine/Purine,G>A
120795621,rs10169929,AA,TT,AA,91,91,0,NC_000002.12,Mutation NB - Maternal Origin,Transversion - Purine/Pyrimidine,T>A
121208601,.,AA,AA,AG,85,88,56,NC_000002.12,Mutation NB - Paternal Origin,Transition - Purine/Purine,Unsolved
122173670,rs1864819,TC,CC,TT,1,73,24,NC_000002.12,Mutation NB - Maternal Origin,Transversion - Purine/Pyrimidine,C>T
123334093,rs1852245,TT,CC,CC,88,85,27,NC_000002.12,Mutation NB - Paternal Origin,Transition - Pyrimidine/Pyrimidine,T>C
123334103,rs1852244,GG,AA,AA,88,85,27,NC_000002.12,Mutation NB - Paternal Origin,Transition - Purine/Purine,G>A
126698522,rs6431172,TT,TT,GG,88,88,15,NC_000002.12,Mutation NB - Paternal or Maternal,Transition - Purine/Purine,Transversion - Purine/Pyrimidine,Unsolved
126698553,rs6431173,GG,GG,AA,88,88,18,NC_000002.12,Mutation NB - Paternal or Maternal,Transition - Purine/Purine,Unsolved
126859182,rs10179856,AA,AA,GA,79,82,68,NC_000002.12,Mutation NB - Paternal Origin,Transition - Purine/Purine,Unsolved
126933368,.,AA,AA,AG,76,79,1,NC_000002.12,Mutation NB - Paternal Origin,Transition - Purine/Purine,Unsolved
127192808,rs4997013,AA,TT,TT,76,88,12,NC_000002.12,Mutation NB - Paternal Origin,Transversion - Purine/Pyrimidine,A>T
127192867,rs56409904,GG,AA,AA,76,85,12,NC_000002.12,Mutation NB - Paternal Origin,Transition - Purine/Purine,G>A
127205059,rs7585198,AA,GG,GG,100,73,36,NC_000002.12,Mutation NB - Paternal Origin,Transition - Purine/Purine,A>G
127422645,rs973760,AA,GG,GG,100,85,12,NC_000002.12,Mutation NB - Paternal Origin,Transition - Purine/Purine,A>G
129192018,.,AA,AA,AC,91,76,33,NC_000002.12,Mutation NB - Maternal Origin,Transversion - Purine/Pyrimidine,Unsolved
129240870,rs2952621,TC,CC,TT,70,91,0,NC_000002.12,Mutation NB - Maternal Origin,Transversion - Purine/Pyrimidine,C>T
129553204,rs72861368,GG,GG,TT,79,91,9,NC_000002.12,Mutation NB - Paternal Origin,Transversion - Purine/Pyrimidine,Unsolved
131039794,rs2278115,AA,GG,AA,88,85,12,NC_000002.12,Mutation NB - Maternal Origin,Transition - Purine/Purine,G>A
134511265,rs60802178,GG,AA,GG,85,85,0,NC_000002.12,Mutation NB - Maternal Origin,Transition - Purine/Purine,A>G
144873195,rs17479267,TT,CC,CC,88,91,0,NC_000002.12,Mutation NB - Paternal Origin,Transition - Pyrimidine/Pyrimidine,T>C
152033002,rs78624894,GG,GG,GA,85,100,71,NC_000002.12,Mutation NB - Paternal Origin,Transition - Purine/Purine,Unsolved
153225003,rs10167467,CC,TT,CC,82,88,9,NC_000002.12,Mutation NB - Maternal Origin,Transition - Pyrimidine/Pyrimidine,T>C
153772987,rs112681713,TT,CC,TT,1,73,90,NC_000002.12,Mutation NB - Maternal Origin,Transition - Pyrimidine/Pyrimidine,C>T
159109536,rs7595446,GG,AA,AA,79,76,0,NC_000002.12,Mutation NB - Paternal Origin,Transition - Purine/Purine,G>A
159637962,rs357033,CC,TT,CC,91,100,12,NC_000002.12,Mutation NB - Maternal Origin,Transition - Pyrimidine/Pyrimidine,T>C
160648646,rs75899245,AA,AA,AG,73,100,99,NC_000002.12,Mutation NB - Paternal Origin,Transition - Purine/Purine,Unsolved
160648684,rs76987996,GG,GG,GA,73,100,99,NC_000002.12,Mutation NB - Paternal Origin,Transition - Purine/Purine,Unsolved
166723161,rs6432946,CC,CC,TT,91,88,12,NC_000002.12,Mutation NB - Maternal Origin,Transition - Pyrimidine/Pyrimidine,Unsolved
167472902,rs4667535,GG,AA,GG,100,70,0,NC_000002.12,Mutation NB - Maternal Origin,Transition - Purine/Purine,A>G
168165593,.,TT,TT,TC,40,52,62,NC_000002.12,Mutation NB - Paternal Origin,Transition - Pyrimidine/Pyrimidine,Unsolved
168522334,rs17202193,AA,AG,GG,100,73,9,NC_000002.12,Mutation NB - Paternal Origin,Transition - Purine/Purine,A>G
170125591,rs55931750,AA,TT,TT,85,85,12,NC_000002.12,Mutation NB - Paternal Origin,Transversion - Purine/Pyrimidine,A>T
171626692,rs59567105,TT,TT,TC,85,88,30,NC_000002.12,Mutation NB - Paternal Origin,Transition - Pyrimidine/Pyrimidine,Unsolved
172629801,rs12475825,CC,GG,GG,88,85,9,NC_000002.12,Mutation NB - Paternal Origin,Transversion - Purine/Pyrimidine,C>G
173241693,.,AA,AA,AG,43,61,47,NC_000002.12,Mutation NB - Paternal Origin,Transition - Purine/Purine,Unsolved
175708895,rs1562350,GG,AG,AA,88,63,0,NC_000002.12,Mutation NB - Paternal Origin,Transition - Purine/Purine,G>A
178792266,rs72647852,CC,AA,AA,98,82,18,NC_000002.12,Mutation NB - Paternal Origin,Transversion - Purine/Pyrimidine,C>A
179630000,rs71425640,CC,CC,CT,91,88,72,NC_000002.12,Mutation NB - Maternal Origin,Transition - Pyrimidine/Pyrimidine,Unsolved
179821202,rs59777414,TC,TT,CC,1,76,12,NC_000002.12,Mutation NB - Maternal Origin,Transition - Pyrimidine/Pyrimidine,T>C
183050854,.,TT,TT,TC,23,19,56,NC_000002.12,Mutation NB - Maternal Origin,Transition - Pyrimidine/Pyrimidine,Unsolved
183395974,rs842543,GG,AG,AA,58,1,0,NC_000002.12,Mutation NB - Paternal Origin,Transition - Purine/Purine,G>A
183841620,rs74752963,GG,AA,AA,73,91,9,NC_000002.12,Mutation NB - Paternal Origin,Transition - Purine/Purine,G>A
183976022,rs10931110,CC,CT,TT,85,28,9,NC_000002.12,Mutation NB - Paternal Origin,Transition - Pyrimidine/Pyrimidine,C>T
199380522,rs1348813,GG,CC,CC,88,100,0,NC_000002.12,Mutation NB - Paternal Origin,Transversion - Purine/Pyrimidine,G>C
199603353,.,TT,TT,TC,88,67,62,NC_000002.12,Mutation NB - Maternal Origin,Transition - Pyrimidine/Pyrimidine,Unsolved
200450763,.,AA,AA,AC,70,88,53,NC_000002.12,Mutation NB - Paternal Origin,Transversion - Purine/Pyrimidine,Unsolved
201913240,.,AA,AA,AG,73,79,33,NC_000002.12,Mutation NB - Paternal Origin,Transition - Purine/Purine,Unsolved
204452569,rs1447490,AA,CC,AA,46,100,54,NC_000002.12,Mutation NB - Maternal Origin,Transversion - Purine/Pyrimidine,C>A
206953866,.,TT,TT,TC,43,70,45,NC_000002.12,Mutation NB - Paternal Origin,Transition - Pyrimidine/Pyrimidine,Unsolved
208185116,rs10804167,TT,CC,TT,28,91,36,NC_000002.12,Mutation NB - Maternal Origin,Transition - Pyrimidine/Pyrimidine,C>T
209989625,.,TT,TT,TC,19,40,39,NC_000002.12,Mutation NB - Paternal Origin,Transition - Pyrimidine/Pyrimidine,Unsolved
210261104,rs1995834,TT,CC,CC,82,76,0,NC_000002.12,Mutation NB - Paternal Origin,Transition - Pyrimidine/Pyrimidine,T>C
211720081,rs7590438,AA,AA,GA,76,91,27,NC_000002.12,Mutation NB - Paternal Origin,Transition - Purine/Purine,Unsolved
214650658,rs13009173,TT,CC,CC,88,91,15,NC_000002.12,Mutation NB - Paternal Origin,Transition - Pyrimidine/Pyrimidine,T>C
216340361,rs114359656,GA,GG,AA,1,85,15,NC_000002.12,Mutation NB - Maternal Origin,Transition - Purine/Purine,G>A
216708685,rs12473011,TT,GG,GG,85,70,15,NC_000002.12,Mutation NB - Paternal Origin,Transversion - Purine/Pyrimidine,T>G
217059093,rs7588345,GG,GG,GC,82,82,65,NC_000002.12,Mutation NB - Paternal or Maternal,Transition - Purine/Purine,Transversion - Purine/Pyrimidine,Unsolved
218016526,.,AA,AA,AG,1,67,39,NC_000002.12,Mutation NB - Paternal Origin,Transition - Purine/Purine,Unsolved
218192032,rs10191283,GG,AA,AA,82,82,15,NC_000002.12,Mutation NB - Paternal Origin,Transition - Purine/Purine,G>A
218290058,rs992157,GG,AA,GG,79,88,0,NC_000002.12,Mutation NB - Maternal Origin,Transition - Purine/Purine,A>G
218429535,rs6720403,AC,AA,CC,1,100,27,NC_000002.12,Mutation NB - Maternal Origin,A>C
220900369,rs16861881,AA,GG,GG,73,73,9,NC_000002.12,Mutation NB - Paternal Origin,Transition - Purine/Purine,A>G
220926316,rs12694553,AA,GG,GG,88,91,15,NC_000002.12,Mutation NB - Paternal Origin,Transition - Purine/Purine,A>G
220926337,.,GG,GG,GA,88,91,68,NC_000002.12,Mutation NB - Paternal Origin,Transition - Purine/Purine,Unsolved
221775098,.,CC,CC,CT,85,70,46,NC_000002.12,Mutation NB - Maternal Origin,Transition - Pyrimidine/Pyrimidine,Unsolved
224330590,.,AA,AA,AG,43,46,50,NC_000002.12,Mutation NB - Paternal Origin,Transition - Purine/Purine,Unsolved
228809666,rs1830276,CC,TT,CC,82,100,27,NC_000002.12,Mutation NB - Maternal Origin,Transition - Pyrimidine/Pyrimidine,T>C
228866585,.,AA,AA,AG,43,76,62,NC_000002.12,Mutation NB - Paternal Origin,Transition - Purine/Purine,Unsolved
229048583,rs6436829,CC,TT,CC,64,91,0,NC_000002.12,Mutation NB - Maternal Origin,Transition - Pyrimidine/Pyrimidine,T>C
232524457,rs58091792,CC,GG,CC,91,100,15,NC_000002.12,Mutation NB - Maternal Origin,Transversion - Purine/Pyrimidine,G>C
232564217,rs1656397,GG,CC,GG,82,82,0,NC_000002.12,Mutation NB - Maternal Origin,Transversion - Purine/Pyrimidine,C>G
233537021,rs10929200,CC,TC,TT,88,2,0,NC_000002.12,Mutation NB - Paternal Origin,Transition - Pyrimidine/Pyrimidine,C>T
233558197,rs12472244,GG,AA,AA,82,82,15,NC_000002.12,Mutation NB - Paternal Origin,Transition - Purine/Purine,G>A
235457761,rs6753608,GG,GG,GA,100,88,62,NC_000002.12,Mutation NB - Maternal Origin,Transition - Purine/Purine,Unsolved
235495827,rs77309363,AA,AA,AG,79,100,21,NC_000002.12,Mutation NB - Paternal Origin,Transition - Purine/Purine,Unsolved
235508992,rs13411429,GG,GT,TT,76,1,15,NC_000002.12,Mutation NB - Paternal Origin,Transversion - Purine/Pyrimidine,G>T
235706968,rs1040181,CC,AA,CC,100,88,0,NC_000002.12,Mutation NB - Maternal Origin,Transversion - Purine/Pyrimidine,A>C
235706971,rs75811987,GG,AA,GG,76,88,15,NC_000002.12,Mutation NB - Maternal Origin,Transition - Purine/Purine,A>G
235707065,rs79594676,TT,TG,TC,61,1,50,NC_000002.12,Mutation NB - Maternal Origin,Transversion - Purine/Pyrimidine,Transition - Pyrimidine/Pyrimidine,Unsolved
236743033,rs6728526,GG,AA,AA,100,91,12,NC_000002.12,Mutation NB - Paternal Origin,Transition - Purine/Purine,G>A
236831915,rs11691053,CC,AA,CC,91,88,0,NC_000002.12,Mutation NB - Maternal Origin,Transversion - Purine/Pyrimidine,A>C
237237851,rs13409981,CC,CA,AA,88,1,12,NC_000002.12,Mutation NB - Paternal Origin,Transversion - Purine/Pyrimidine,C>A
238130276,rs144338731,GG,GG,AA,91,91,9,NC_000002.12,Mutation NB - Paternal or Maternal,Transition - Purine/Purine,Unsolved
238326297,.,TT,TT,TC,52,91,42,NC_000002.12,Mutation NB - Paternal Origin,Transition - Pyrimidine/Pyrimidine,Unsolved
239117055,.,TT,TT,TC,58,55,59,NC_000002.12,Mutation NB - Maternal Origin,Transition - Pyrimidine/Pyrimidine,Unsolved
239285129,rs114565349,AA,AC,CC,76,1,9,NC_000002.12,Mutation NB - Paternal Origin,Transversion - Purine/Pyrimidine,A>C
239505228,rs756575287,AA,AA,AT,100,100,57,NC_000002.12,Mutation NB - Paternal or Maternal,Transversion - Purine/Pyrimidine,Unsolved
239591515,rs1691518521,AA,AA,AG,67,88,53,NC_000002.12,Mutation NB - Paternal Origin,Transition - Purine/Purine,Unsolved
240248748,rs6437308,GG,AG,AA,49,14,0,NC_000002.12,Mutation NB - Paternal Origin,Transition - Purine/Purine,G>A
240255250,rs10184262,TT,CT,CC,79,1,18,NC_000002.12,Mutation NB - Paternal Origin,Transition - Pyrimidine/Pyrimidine,T>C
241565653,rs9288727,CC,TC,TT,22,1,12,NC_000002.12,Mutation NB - Paternal Origin,Transition - Pyrimidine/Pyrimidine,C>T
241778088,rs112111808,GG,GG,GA,85,100,99,NC_000002.12,Mutation NB - Paternal Origin,Transition - Purine/Purine,Unsolved
1478293,.,AA,AA,AG,52,100,38,NC_000003.12,Mutation NB - Paternal Origin,Transition - Purine/Purine,Unsolved
3636520,.,GG,GG,GA,61,76,59,NC_000003.12,Mutation NB - Paternal Origin,Transition - Purine/Purine,Unsolved
5838017,rs76073556,CC,GG,CC,85,85,12,NC_000003.12,Mutation NB - Maternal Origin,Transversion - Purine/Pyrimidine,G>C
5854015,.,AA,AA,AT,79,82,56,NC_000003.12,Mutation NB - Paternal Origin,Transversion - Purine/Pyrimidine,Unsolved
6338344,.,GG,GG,GA,22,34,47,NC_000003.12,Mutation NB - Paternal Origin,Transition - Purine/Purine,Unsolved
8298416,rs11711927,AA,AA,AG,88,100,68,NC_000003.12,Mutation NB - Paternal Origin,Transition - Purine/Purine,Unsolved
8506055,rs9854497,CC,AA,CC,46,79,24,NC_000003.12,Mutation NB - Maternal Origin,Transversion - Purine/Pyrimidine,A>C
9859792,rs1687742,GG,GA,AA,88,1,15,NC_000003.12,Mutation NB - Paternal Origin,Transition - Purine/Purine,G>A
9859795,rs1695432,TT,TG,GG,88,1,15,NC_000003.12,Mutation NB - Paternal Origin,Transversion - Purine/Pyrimidine,T>G
9863301,rs145714139,AA,AA,AG,100,58,99,NC_000003.12,Mutation NB - Maternal Origin,Transition - Purine/Purine,Unsolved
11512634,rs2454486,AA,GA,GG,73,32,0,NC_000003.12,Mutation NB - Paternal Origin,Transition - Purine/Purine,A>G
13394360,rs7641686,GG,GT,TT,88,82,18,NC_000003.12,Mutation NB - Paternal Origin,Transversion - Purine/Pyrimidine,G>T
13630890,.,CC,CC,CT,76,58,42,NC_000003.12,Mutation NB - Maternal Origin,Transition - Pyrimidine/Pyrimidine,Unsolved
13870546,.,GG,GG,GA,67,79,41,NC_000003.12,Mutation NB - Paternal Origin,Transition - Purine/Purine,Unsolved
13941724,rs58619368,AA,GA,GG,91,76,0,NC_000003.12,Mutation NB - Paternal Origin,Transition - Purine/Purine,A>G
14891133,rs2038017739,AA,AA,AG,67,70,42,NC_000003.12,Mutation NB - Paternal Origin,Transition - Purine/Purine,Unsolved
15530565,rs9876049,CC,TT,TT,82,100,0,NC_000003.12,Mutation NB - Paternal Origin,Transition - Pyrimidine/Pyrimidine,C>T
17928346,.,AA,AA,AG,88,73,65,NC_000003.12,Mutation NB - Maternal Origin,Transition - Purine/Purine,Unsolved
19221016,rs1156442414,AA,AA,AG,58,55,41,NC_000003.12,Mutation NB - Maternal Origin,Transition - Purine/Purine,Unsolved
26178827,rs1972501,AA,GG,AA,1,28,48,NC_000003.12,Mutation NB - Maternal Origin,Transition - Purine/Purine,G>A
27102036,rs11129263,AA,AA,AG,91,73,99,NC_000003.12,Mutation NB - Maternal Origin,Transition - Purine/Purine,Unsolved
30272326,rs17565029,GA,AA,GG,1,85,9,NC_000003.12,Mutation NB - Maternal Origin,Transition - Purine/Purine,A>G
31675639,rs2013777,AC,CC,AA,1,58,0,NC_000003.12,Mutation NB - Maternal Origin,Transversion - Purine/Pyrimidine,C>A
33924361,rs9311037,TC,CC,TT,1,43,0,NC_000003.12,Mutation NB - Maternal Origin,Transversion - Purine/Pyrimidine,C>T
33924378,rs4678622,AC,AA,CC,1,40,12,NC_000003.12,Mutation NB - Maternal Origin,A>C
36788206,rs1588165,AA,GG,GG,82,82,27,NC_000003.12,Mutation NB - Paternal Origin,Transition - Purine/Purine,A>G
37065979,rs2302503,GG,GG,GA,100,88,29,NC_000003.12,Mutation NB - Maternal Origin,Transition - Purine/Purine,Unsolved
38027612,rs2268749,CC,TT,CC,100,91,0,NC_000003.12,Mutation NB - Maternal Origin,Transition - Pyrimidine/Pyrimidine,T>C
42991660,rs704918,CC,CC,CG,100,37,99,NC_000003.12,Mutation NB - Maternal Origin,Transversion - Purine/Pyrimidine,Unsolved
43862213,rs12632467,CC,CC,CA,100,91,33,NC_000003.12,Mutation NB - Maternal Origin,Transversion - Purine/Pyrimidine,Unsolved
44410845,rs7626171,TT,AA,TT,70,76,18,NC_000003.12,Mutation NB - Maternal Origin,Transversion - Purine/Pyrimidine,A>T
45748122,.,TT,TT,TC,85,76,40,NC_000003.12,Mutation NB - Maternal Origin,Transition - Pyrimidine/Pyrimidine,Unsolved
45975107,rs3821884,TT,TT,GG,100,100,12,NC_000003.12,Mutation NB - Paternal or Maternal,Transition - Purine/Purine,Transversion - Purine/Pyrimidine,Unsolved
46508158,.,AA,AA,AG,88,79,56,NC_000003.12,Mutation NB - Maternal Origin,Transition - Purine/Purine,Unsolved
51289073,rs9832074,AT,TT,AA,35,91,0,NC_000003.12,Mutation NB - Maternal Origin,Transversion - Purine/Pyrimidine,T>A
51706675,.,TT,TT,TC,67,70,57,NC_000003.12,Mutation NB - Paternal Origin,Transition - Pyrimidine/Pyrimidine,Unsolved
52722846,rs2097361284,TT,TT,TC,91,85,62,NC_000003.12,Mutation NB - Maternal Origin,Transition - Pyrimidine/Pyrimidine,Unsolved
53427865,.,CC,CC,CT,19,52,41,NC_000003.12,Mutation NB - Paternal Origin,Transition - Pyrimidine/Pyrimidine,Unsolved
55706010,rs815434,GG,TT,TT,88,85,9,NC_000003.12,Mutation NB - Paternal Origin,Transversion - Purine/Pyrimidine,G>T
58663837,rs11130668,GG,GA,AA,100,1,48,NC_000003.12,Mutation NB - Paternal Origin,Transition - Purine/Purine,G>A
59430581,rs114233115,CC,CC,CT,58,79,21,NC_000003.12,Mutation NB - Paternal Origin,Transition - Pyrimidine/Pyrimidine,Unsolved
59614496,.,GG,GG,GA,40,46,41,NC_000003.12,Mutation NB - Paternal Origin,Transition - Purine/Purine,Unsolved
61893523,rs73842123,CC,CC,CA,76,79,68,NC_000003.12,Mutation NB - Paternal Origin,Transversion - Purine/Pyrimidine,Unsolved
64263420,rs4688439,CC,CC,CG,100,100,27,NC_000003.12,Mutation NB - Paternal or Maternal,Transversion - Purine/Pyrimidine,Unsolved
64601045,rs13098177,GG,AA,AA,79,76,9,NC_000003.12,Mutation NB - Paternal Origin,Transition - Purine/Purine,G>A
66476307,.,AA,AA,AG,79,52,62,NC_000003.12,Mutation NB - Maternal Origin,Transition - Purine/Purine,Unsolved
67070948,.,AA,AA,AG,37,46,53,NC_000003.12,Mutation NB - Paternal Origin,Transition - Purine/Purine,Unsolved
67070975,rs56676257,AT,TT,AA,1,46,30,NC_000003.12,Mutation NB - Maternal Origin,Transversion - Purine/Pyrimidine,T>A
68174950,rs13315761,CC,TT,TT,100,76,36,NC_000003.12,Mutation NB - Paternal Origin,Transition - Pyrimidine/Pyrimidine,C>T
73648739,rs9841045,CC,GG,GG,67,40,36,NC_000003.12,Mutation NB - Paternal Origin,Transversion - Purine/Pyrimidine,C>G
73648901,rs9880166,GG,CC,CC,40,25,57,NC_000003.12,Mutation NB - Paternal Origin,Transversion - Purine/Pyrimidine,G>C
74325319,rs484589,AA,TT,TT,88,82,15,NC_000003.12,Mutation NB - Paternal Origin,Transversion - Purine/Pyrimidine,A>T
79648349,rs6548640,GG,AA,AA,91,100,0,NC_000003.12,Mutation NB - Paternal Origin,Transition - Purine/Purine,G>A
79648392,rs7613771,TT,CC,CC,91,85,0,NC_000003.12,Mutation NB - Paternal Origin,Transition - Pyrimidine/Pyrimidine,T>C
84393657,rs369187002,AA,AA,AG,64,55,68,NC_000003.12,Mutation NB - Maternal Origin,Transition - Purine/Purine,Unsolved
86183787,rs748464985,GA,GG,AA,41,55,21,NC_000003.12,Mutation NB - Maternal Origin,Transition - Purine/Purine,G>A
89333626,rs13076853,AC,CC,AA,1,88,0,NC_000003.12,Mutation NB - Maternal Origin,Transversion - Purine/Pyrimidine,C>A
94406259,rs6799496,TT,GT,GG,67,1,0,NC_000003.12,Mutation NB - Paternal Origin,Transversion - Purine/Pyrimidine,T>G
97821677,.,TT,TT,TC,1,67,83,NC_000003.12,Mutation NB - Paternal Origin,Transition - Pyrimidine/Pyrimidine,Unsolved
98943824,.,TT,TT,TA,79,88,65,NC_000003.12,Mutation NB - Paternal Origin,Transition - Pyrimidine/Pyrimidine,Transversion - Purine/Pyrimidine,Unsolved
100393324,rs11711112,TT,TT,CC,85,91,0,NC_000003.12,Mutation NB - Paternal Origin,Transition - Pyrimidine/Pyrimidine,Unsolved
102860267,rs1949124,TT,GT,GG,76,36,0,NC_000003.12,Mutation NB - Paternal Origin,Transversion - Purine/Pyrimidine,T>G
109023167,rs9822718,AA,AG,GG,100,67,9,NC_000003.12,Mutation NB - Paternal Origin,Transition - Purine/Purine,A>G
110244786,.,AA,AA,AG,43,34,40,NC_000003.12,Mutation NB - Maternal Origin,Transition - Purine/Purine,Unsolved
112885369,rs77132884,AA,CC,CC,76,61,0,NC_000003.12,Mutation NB - Paternal Origin,Transversion - Purine/Pyrimidine,A>C
118838872,rs73177884,AA,GG,GG,85,73,18,NC_000003.12,Mutation NB - Paternal Origin,Transition - Purine/Purine,A>G
121907861,rs112173275,AA,GG,GG,88,73,0,NC_000003.12,Mutation NB - Paternal Origin,Transition - Purine/Purine,A>G
123624292,.,TT,TT,TC,1,37,41,NC_000003.12,Mutation NB - Paternal Origin,Transition - Pyrimidine/Pyrimidine,Unsolved
123822557,rs36025624,GC,GG,CC,70,100,15,NC_000003.12,Mutation NB - Maternal Origin,Transversion - Purine/Pyrimidine,G>C
124637281,.,AA,AA,AG,73,73,40,NC_000003.12,Mutation NB - Paternal or Maternal,Transition - Purine/Purine,Unsolved
125616464,rs2979343,GG,AA,AA,91,85,12,NC_000003.12,Mutation NB - Paternal Origin,Transition - Purine/Purine,G>A
125889603,.,AA,AA,AG,61,49,47,NC_000003.12,Mutation NB - Maternal Origin,Transition - Purine/Purine,Unsolved
127289067,rs55786232,CC,CC,CT,100,91,30,NC_000003.12,Mutation NB - Maternal Origin,Transition - Pyrimidine/Pyrimidine,Unsolved
127679333,rs782456,GG,AA,AA,88,73,0,NC_000003.12,Mutation NB - Paternal Origin,Transition - Purine/Purine,G>A
128050565,rs1473246,AA,AA,GA,76,85,68,NC_000003.12,Mutation NB - Paternal Origin,Transition - Purine/Purine,Unsolved
128864877,rs789244,TT,CC,TT,88,91,0,NC_000003.12,Mutation NB - Maternal Origin,Transition - Pyrimidine/Pyrimidine,C>T
129260966,rs1335068407,CC,CC,CT,88,67,41,NC_000003.12,Mutation NB - Maternal Origin,Transition - Pyrimidine/Pyrimidine,Unsolved
129365923,rs6779477,GG,AA,AA,34,97,54,NC_000003.12,Mutation NB - Paternal Origin,Transition - Purine/Purine,G>A
129577939,rs75404673,GG,GA,AA,88,1,21,NC_000003.12,Mutation NB - Paternal Origin,Transition - Purine/Purine,G>A
131042116,rs1826527,GG,AG,AA,88,28,0,NC_000003.12,Mutation NB - Paternal Origin,Transition - Purine/Purine,G>A
134766215,rs1346223285,GG,GG,GA,88,49,56,NC_000003.12,Mutation NB - Maternal Origin,Transition - Purine/Purine,Unsolved
138937997,.,TT,TT,TC,73,85,57,NC_000003.12,Mutation NB - Paternal Origin,Transition - Pyrimidine/Pyrimidine,Unsolved
140133913,rs9289599,AA,TA,TT,64,50,0,NC_000003.12,Mutation NB - Paternal Origin,Transversion - Purine/Pyrimidine,A>T
140933153,rs138956758,CC,TT,CC,88,88,9,NC_000003.12,Mutation NB - Maternal Origin,Transition - Pyrimidine/Pyrimidine,T>C
141670734,.,AA,AA,AG,55,64,50,NC_000003.12,Mutation NB - Paternal Origin,Transition - Purine/Purine,Unsolved
143923485,rs2361211,AA,AA,AG,82,100,40,NC_000003.12,Mutation NB - Paternal Origin,Transition - Purine/Purine,Unsolved
145406430,rs345030,AA,AC,CC,91,67,15,NC_000003.12,Mutation NB - Paternal Origin,Transversion - Purine/Pyrimidine,A>C
145903745,rs6440400,AG,GG,AA,5,40,0,NC_000003.12,Mutation NB - Maternal Origin,Transition - Purine/Purine,G>A
146317016,rs2221850,TT,CT,CC,85,32,0,NC_000003.12,Mutation NB - Paternal Origin,Transition - Pyrimidine/Pyrimidine,T>C
146492206,rs940668560,CC,CC,CA,76,85,48,NC_000003.12,Mutation NB - Paternal Origin,Transversion - Purine/Pyrimidine,Unsolved
152591260,.,AA,AA,AG,88,73,41,NC_000003.12,Mutation NB - Maternal Origin,Transition - Purine/Purine,Unsolved
156718860,rs73168644,AA,AA,AG,73,70,99,NC_000003.12,Mutation NB - Maternal Origin,Transition - Purine/Purine,Unsolved
158360168,rs58195752,TC,TT,CC,1,88,15,NC_000003.12,Mutation NB - Maternal Origin,Transition - Pyrimidine/Pyrimidine,T>C
159051555,rs76011595,TT,TT,TC,70,100,98,NC_000003.12,Mutation NB - Paternal Origin,Transition - Pyrimidine/Pyrimidine,Unsolved
159220081,rs6781001,AA,AA,AG,91,100,33,NC_000003.12,Mutation NB - Paternal Origin,Transition - Purine/Purine,Unsolved
159775163,rs7639937,TC,TT,CC,1,100,24,NC_000003.12,Mutation NB - Maternal Origin,Transition - Pyrimidine/Pyrimidine,T>C
162892009,rs9882258,CC,TT,CC,31,16,81,NC_000003.12,Mutation NB - Maternal Origin,Transition - Pyrimidine/Pyrimidine,T>C
162892042,rs9882271,CC,TT,CC,70,73,36,NC_000003.12,Mutation NB - Maternal Origin,Transition - Pyrimidine/Pyrimidine,T>C
162892454,rs13314380,GG,AA,GG,7,49,54,NC_000003.12,Mutation NB - Maternal Origin,Transition - Purine/Purine,A>G
170139219,rs10804838,CT,TT,CC,29,88,0,NC_000003.12,Mutation NB - Maternal Origin,Transition - Pyrimidine/Pyrimidine,T>C
170182251,.,TT,TT,TC,85,85,68,NC_000003.12,Mutation NB - Paternal or Maternal,Transition - Pyrimidine/Pyrimidine,Unsolved
172410992,rs9683278,TT,CC,TT,88,91,21,NC_000003.12,Mutation NB - Maternal Origin,Transition - Pyrimidine/Pyrimidine,C>T
176304847,rs951161,AA,GG,GG,88,91,24,NC_000003.12,Mutation NB - Paternal Origin,Transition - Purine/Purine,A>G
176304885,rs1384822,GG,AA,AA,88,91,24,NC_000003.12,Mutation NB - Paternal Origin,Transition - Purine/Purine,G>A
176304907,rs55994245,GG,AA,AA,88,91,24,NC_000003.12,Mutation NB - Paternal Origin,Transition - Purine/Purine,G>A
177218572,rs142905922,TT,GG,GG,85,80,21,NC_000003.12,Mutation NB - Paternal Origin,Transversion - Purine/Pyrimidine,T>G
178840636,.,GG,GG,GA,61,70,49,NC_000003.12,Mutation NB - Paternal Origin,Transition - Purine/Purine,Unsolved
178840826,rs4414829,TT,CC,CC,73,67,0,NC_000003.12,Mutation NB - Paternal Origin,Transition - Pyrimidine/Pyrimidine,T>C
179538266,.,TT,TT,TC,76,73,41,NC_000003.12,Mutation NB - Maternal Origin,Transition - Pyrimidine/Pyrimidine,Unsolved
180102717,rs1608073,TT,CT,CC,64,1,9,NC_000003.12,Mutation NB - Paternal Origin,Transition - Pyrimidine/Pyrimidine,T>C
180133177,rs73885417,GG,GC,CC,85,1,12,NC_000003.12,Mutation NB - Paternal Origin,Transversion - Purine/Pyrimidine,G>C
184372418,.,AA,AA,AG,82,55,41,NC_000003.12,Mutation NB - Maternal Origin,Transition - Purine/Purine,Unsolved
184788790,rs6771739,CC,CC,TT,88,100,15,NC_000003.12,Mutation NB - Paternal Origin,Transition - Pyrimidine/Pyrimidine,Unsolved
186859480,rs7652870,GG,GG,GT,100,82,33,NC_000003.12,Mutation NB - Maternal Origin,Transversion - Purine/Pyrimidine,Unsolved
188131444,.,CC,CC,CT,82,79,62,NC_000003.12,Mutation NB - Maternal Origin,Transition - Pyrimidine/Pyrimidine,Unsolved
189657232,rs9829846,AA,GG,AA,70,79,15,NC_000003.12,Mutation NB - Maternal Origin,Transition - Purine/Purine,G>A
194001579,rs7643463,AA,TT,AA,91,100,30,NC_000003.12,Mutation NB - Maternal Origin,Transversion - Purine/Pyrimidine,T>A
194341178,rs4974539,AA,GG,GG,91,73,9,NC_000003.12,Mutation NB - Paternal Origin,Transition - Purine/Purine,A>G
194342095,rs760221022,TT,TT,TC,58,55,74,NC_000003.12,Mutation NB - Maternal Origin,Transition - Pyrimidine/Pyrimidine,Unsolved
194397541,.,TT,TT,TC,4,28,41,NC_000003.12,Mutation NB - Paternal Origin,Transition - Pyrimidine/Pyrimidine,Unsolved
194817773,rs4234204,GG,AA,AA,91,100,12,NC_000003.12,Mutation NB - Paternal Origin,Transition - Purine/Purine,G>A
194817830,rs4234205,AA,GG,GG,91,100,12,NC_000003.12,Mutation NB - Paternal Origin,Transition - Purine/Purine,A>G
194939963,rs7629542,GG,GG,GA,82,100,99,NC_000003.12,Mutation NB - Paternal Origin,Transition - Purine/Purine,Unsolved
194940007,rs7642658,AA,AA,AG,82,100,95,NC_000003.12,Mutation NB - Paternal Origin,Transition - Purine/Purine,Unsolved
194972069,rs6437443,TT,CC,TT,91,88,9,NC_000003.12,Mutation NB - Maternal Origin,Transition - Pyrimidine/Pyrimidine,C>T
196044851,rs4927706,GG,AA,GG,64,85,0,NC_000003.12,Mutation NB - Maternal Origin,Transition - Purine/Purine,A>G
197360696,rs6776628,CC,TT,TT,88,64,12,NC_000003.12,Mutation NB - Paternal Origin,Transition - Pyrimidine/Pyrimidine,C>T
197386737,rs182083107,AA,AA,AC,6,100,83,NC_000003.12,Mutation NB - Paternal Origin,Transversion - Purine/Pyrimidine,Unsolved
864903,rs2306249,AA,AG,GG,82,1,27,NC_000004.12,Mutation NB - Paternal Origin,Transition - Purine/Purine,A>G
871317,rs60523283,GG,GG,GA,61,91,30,NC_000004.12,Mutation NB - Paternal Origin,Transition - Purine/Purine,Unsolved
946041,.,CC,CC,CT,91,91,67,NC_000004.12,Mutation NB - Paternal or Maternal,Transition - Pyrimidine/Pyrimidine,Unsolved
1231160,rs12643212,AA,AA,AG,100,49,99,NC_000004.12,Mutation NB - Maternal Origin,Transition - Purine/Purine,Unsolved
1983530,rs553148,GG,GG,GA,100,88,58,NC_000004.12,Mutation NB - Maternal Origin,Transition - Purine/Purine,Unsolved
3666644,rs12500510,TT,TT,TC,100,70,98,NC_000004.12,Mutation NB - Maternal Origin,Transition - Pyrimidine/Pyrimidine,Unsolved
4438712,rs28433883,TC,CC,TT,35,82,24,NC_000004.12,Mutation NB - Maternal Origin,Transversion - Purine/Pyrimidine,C>T
4795156,.,TT,TT,TC,88,70,62,NC_000004.12,Mutation NB - Maternal Origin,Transition - Pyrimidine/Pyrimidine,Unsolved
5994240,rs753015,CC,CT,TT,91,36,24,NC_000004.12,Mutation NB - Paternal Origin,Transition - Pyrimidine/Pyrimidine,C>T
6118815,rs1969244,CC,AA,CC,88,85,12,NC_000004.12,Mutation NB - Maternal Origin,Transversion - Purine/Pyrimidine,A>C
6386464,rs4689428,CG,GG,CC,38,88,0,NC_000004.12,Mutation NB - Maternal Origin,Transversion - Purine/Pyrimidine,G>C
6539790,.,TT,TT,TC,55,40,47,NC_000004.12,Mutation NB - Maternal Origin,Transition - Pyrimidine/Pyrimidine,Unsolved
6773190,rs35664631,TT,CC,CC,85,91,0,NC_000004.12,Mutation NB - Paternal Origin,Transition - Pyrimidine/Pyrimidine,T>C
7206220,rs4563495,CC,CC,CT,100,91,33,NC_000004.12,Mutation NB - Maternal Origin,Transition - Pyrimidine/Pyrimidine,Unsolved
7533934,rs28536491,GC,GG,CC,1,100,21,NC_000004.12,Mutation NB - Maternal Origin,Transversion - Purine/Pyrimidine,G>C
7533935,rs28564423,CT,CC,TT,1,100,21,NC_000004.12,Mutation NB - Maternal Origin,Transversion - Purine/Pyrimidine,C>T
7533971,rs75110746,AG,AA,GG,1,100,24,NC_000004.12,Mutation NB - Maternal Origin,Transition - Purine/Purine,A>G
7644614,rs73794354,AA,GG,AA,91,61,24,NC_000004.12,Mutation NB - Maternal Origin,Transition - Purine/Purine,G>A
7793174,rs11733311,AA,AA,AT,88,100,99,NC_000004.12,Mutation NB - Paternal Origin,Transversion - Purine/Pyrimidine,Unsolved
7826518,rs78298754,CC,TT,CC,58,82,51,NC_000004.12,Mutation NB - Maternal Origin,Transition - Pyrimidine/Pyrimidine,T>C
8305777,rs72616140,GG,GG,GA,73,100,33,NC_000004.12,Mutation NB - Paternal Origin,Transition - Purine/Purine,Unsolved
9704854,rs11943931,CC,CA,AA,100,9,21,NC_000004.12,Mutation NB - Paternal Origin,Transversion - Purine/Pyrimidine,C>A
10940393,rs1731163560,AA,AA,AG,19,61,47,NC_000004.12,Mutation NB - Paternal Origin,Transition - Purine/Purine,Unsolved
12076829,rs13129528,AG,GG,AA,1,64,0,NC_000004.12,Mutation NB - Maternal Origin,Transition - Purine/Purine,G>A
13509857,.,AA,AA,AG,64,82,41,NC_000004.12,Mutation NB - Paternal Origin,Transition - Purine/Purine,Unsolved
16151722,rs6822916,AA,GG,AA,61,85,24,NC_000004.12,Mutation NB - Maternal Origin,Transition - Purine/Purine,G>A
20849111,rs7672653,CC,TT,TT,82,76,0,NC_000004.12,Mutation NB - Paternal Origin,Transition - Pyrimidine/Pyrimidine,C>T
20849112,rs7694715,AA,GG,GG,82,76,0,NC_000004.12,Mutation NB - Paternal Origin,Transition - Purine/Purine,A>G
21857750,rs13142511,CC,CC,CT,100,76,99,NC_000004.12,Mutation NB - Maternal Origin,Transition - Pyrimidine/Pyrimidine,Unsolved
22778512,rs1601471,GG,TT,GG,73,88,18,NC_000004.12,Mutation NB - Maternal Origin,Transition - Purine/Purine,Transversion - Purine/Pyrimidine,T>G
25985342,rs13127636,CT,CC,TT,35,100,21,NC_000004.12,Mutation NB - Maternal Origin,Transversion - Purine/Pyrimidine,C>T
30086697,.,TT,TT,TC,19,40,41,NC_000004.12,Mutation NB - Paternal Origin,Transition - Pyrimidine/Pyrimidine,Unsolved
32605474,.,GG,GG,GA,28,52,47,NC_000004.12,Mutation NB - Paternal Origin,Transition - Purine/Purine,Unsolved
34340101,.,AA,AA,AG,91,85,33,NC_000004.12,Mutation NB - Maternal Origin,Transition - Purine/Purine,Unsolved
35139949,rs11938372,TT,CC,CC,100,70,39,NC_000004.12,Mutation NB - Paternal Origin,Transition - Pyrimidine/Pyrimidine,T>C
37609696,rs2135560,AT,AA,TT,8,100,18,NC_000004.12,Mutation NB - Maternal Origin,Transversion - Purine/Pyrimidine,A>T
39464301,rs2608833,GG,AA,AA,100,85,15,NC_000004.12,Mutation NB - Paternal Origin,Transition - Purine/Purine,G>A
40376075,rs147669881,CC,AA,CC,73,88,0,NC_000004.12,Mutation NB - Maternal Origin,Transversion - Purine/Pyrimidine,A>C
40520410,.,AA,AA,AG,73,34,49,NC_000004.12,Mutation NB - Maternal Origin,Transition - Purine/Purine,Unsolved
41655766,rs7661703,TT,GG,GG,55,64,36,NC_000004.12,Mutation NB - Paternal Origin,Transversion - Purine/Pyrimidine,T>G
53700399,.,TT,TT,TC,37,61,47,NC_000004.12,Mutation NB - Paternal Origin,Transition - Pyrimidine/Pyrimidine,Unsolved
55169881,rs11133363,GG,AA,AA,61,64,33,NC_000004.12,Mutation NB - Paternal Origin,Transition - Purine/Purine,G>A
55169901,rs12645088,CC,TT,TT,61,64,33,NC_000004.12,Mutation NB - Paternal Origin,Transition - Pyrimidine/Pyrimidine,C>T
57521380,rs115945960,AA,AA,AG,85,91,99,NC_000004.12,Mutation NB - Paternal Origin,Transition - Purine/Purine,Unsolved
59315016,.,TT,TT,TC,46,58,53,NC_000004.12,Mutation NB - Paternal Origin,Transition - Pyrimidine/Pyrimidine,Unsolved
65241749,rs1718161440,AA,AA,AG,61,70,44,NC_000004.12,Mutation NB - Paternal Origin,Transition - Purine/Purine,Unsolved
69502378,.,TT,TT,TC,58,55,53,NC_000004.12,Mutation NB - Maternal Origin,Transition - Pyrimidine/Pyrimidine,Unsolved
74382827,rs2367708,CC,TT,CC,73,52,9,NC_000004.12,Mutation NB - Maternal Origin,Transition - Pyrimidine/Pyrimidine,T>C
77549608,rs355671,TC,CC,TT,1,82,24,NC_000004.12,Mutation NB - Maternal Origin,Transversion - Purine/Pyrimidine,C>T
83410464,.,GG,TT,GG,85,91,12,NC_000004.12,Mutation NB - Maternal Origin,Transition - Purine/Purine,Transversion - Purine/Pyrimidine,T>G
84768134,.,GG,GG,GA,1,28,47,NC_000004.12,Mutation NB - Paternal Origin,Transition - Purine/Purine,Unsolved
86026836,rs12644938,TT,TT,CC,100,73,12,NC_000004.12,Mutation NB - Maternal Origin,Transition - Pyrimidine/Pyrimidine,Unsolved
86344182,.,TT,TT,TC,10,34,41,NC_000004.12,Mutation NB - Paternal Origin,Transition - Pyrimidine/Pyrimidine,Unsolved
87055082,rs404590,AA,AA,GA,40,64,6,NC_000004.12,Mutation NB - Paternal Origin,Transition - Purine/Purine,Unsolved
87200809,.,GG,GG,GA,76,67,50,NC_000004.12,Mutation NB - Maternal Origin,Transition - Purine/Purine,Unsolved
90039966,rs6815240,AA,GG,AA,73,79,12,NC_000004.12,Mutation NB - Maternal Origin,Transition - Purine/Purine,G>A
91544646,.,TT,TT,TC,76,79,56,NC_000004.12,Mutation NB - Paternal Origin,Transition - Pyrimidine/Pyrimidine,Unsolved
94732029,rs140182046,GG,TT,TT,95,85,12,NC_000004.12,Mutation NB - Paternal Origin,Transversion - Purine/Pyrimidine,G>T
95580418,rs115331751,GG,GG,GA,52,85,99,NC_000004.12,Mutation NB - Paternal Origin,Transition - Purine/Purine,Unsolved
98125812,rs13110418,GA,AA,GG,1,82,21,NC_000004.12,Mutation NB - Maternal Origin,Transition - Purine/Purine,A>G
98988281,.,TT,TT,TC,85,61,92,NC_000004.12,Mutation NB - Maternal Origin,Transition - Pyrimidine/Pyrimidine,Unsolved
99119614,rs2602882,TT,CC,TT,88,91,30,NC_000004.12,Mutation NB - Maternal Origin,Transition - Pyrimidine/Pyrimidine,C>T
99362010,rs1229853,GG,AA,AA,31,52,12,NC_000004.12,Mutation NB - Paternal Origin,Transition - Purine/Purine,G>A
100608778,rs1213694729,TT,TT,TC,22,28,62,NC_000004.12,Mutation NB - Paternal Origin,Transition - Pyrimidine/Pyrimidine,Unsolved
101191867,rs2659509,CA,AA,CC,32,88,0,NC_000004.12,Mutation NB - Maternal Origin,A>C
101191891,rs2659510,AC,CC,AA,32,88,0,NC_000004.12,Mutation NB - Maternal Origin,Transversion - Purine/Pyrimidine,C>A
103146795,.,TT,TT,TC,34,64,50,NC_000004.12,Mutation NB - Paternal Origin,Transition - Pyrimidine/Pyrimidine,Unsolved
105758535,rs11735527,AA,AG,GG,91,1,15,NC_000004.12,Mutation NB - Paternal Origin,Transition - Purine/Purine,A>G
108434177,rs28488539,GG,GG,GA,85,82,99,NC_000004.12,Mutation NB - Maternal Origin,Transition - Purine/Purine,Unsolved
114750992,rs4259081,TT,TG,GG,100,67,15,NC_000004.12,Mutation NB - Paternal Origin,Transversion - Purine/Pyrimidine,T>G
114751607,rs7438712,GG,GG,TT,100,100,15,NC_000004.12,Mutation NB - Paternal or Maternal,Transversion - Purine/Pyrimidine,Unsolved
114918709,.,TT,TT,TC,58,61,53,NC_000004.12,Mutation NB - Paternal Origin,Transition - Pyrimidine/Pyrimidine,Unsolved
123113958,rs6831825,CC,CT,TT,40,1,21,NC_000004.12,Mutation NB - Paternal Origin,Transition - Pyrimidine/Pyrimidine,C>T
126955449,rs6821961,AA,CC,AA,76,58,12,NC_000004.12,Mutation NB - Maternal Origin,Transversion - Purine/Pyrimidine,C>A
126979285,rs11730228,TT,GG,GG,85,82,9,NC_000004.12,Mutation NB - Paternal Origin,Transversion - Purine/Pyrimidine,T>G
129117519,rs474794,CC,TT,TT,61,55,0,NC_000004.12,Mutation NB - Paternal Origin,Transition - Pyrimidine/Pyrimidine,C>T
129117559,rs474667,CC,TT,TT,61,79,0,NC_000004.12,Mutation NB - Paternal Origin,Transition - Pyrimidine/Pyrimidine,C>T
130382035,rs28798818,TT,CC,TT,85,91,0,NC_000004.12,Mutation NB - Maternal Origin,Transition - Pyrimidine/Pyrimidine,C>T
131415449,rs6856136,TT,TT,TC,100,82,27,NC_000004.12,Mutation NB - Maternal Origin,Transition - Pyrimidine/Pyrimidine,Unsolved
138712382,rs62324137,AA,AA,AG,100,70,59,NC_000004.12,Mutation NB - Maternal Origin,Transition - Purine/Purine,Unsolved
145328954,rs575725904,TT,TT,TC,22,58,44,NC_000004.12,Mutation NB - Paternal Origin,Transition - Pyrimidine/Pyrimidine,Unsolved
148145719,rs4835130,CC,TT,TT,88,100,9,NC_000004.12,Mutation NB - Paternal Origin,Transition - Pyrimidine/Pyrimidine,C>T
148985403,rs67046168,AA,CC,CC,100,91,9,NC_000004.12,Mutation NB - Paternal Origin,Transversion - Purine/Pyrimidine,A>C
150513478,.,TT,TT,TC,82,82,66,NC_000004.12,Mutation NB - Paternal or Maternal,Transition - Pyrimidine/Pyrimidine,Unsolved
152128762,rs6535839,TT,CT,CC,58,1,0,NC_000004.12,Mutation NB - Paternal Origin,Transition - Pyrimidine/Pyrimidine,T>C
152727615,rs35100666,TT,TT,TC,73,88,62,NC_000004.12,Mutation NB - Paternal Origin,Transition - Pyrimidine/Pyrimidine,Unsolved
154847549,rs10018328,TT,AA,AA,91,88,0,NC_000004.12,Mutation NB - Paternal Origin,Transversion - Purine/Pyrimidine,T>A
155077339,.,TT,TT,TC,40,31,47,NC_000004.12,Mutation NB - Maternal Origin,Transition - Pyrimidine/Pyrimidine,Unsolved
160277363,rs36084300,AA,AA,AC,100,52,55,NC_000004.12,Mutation NB - Maternal Origin,Transversion - Purine/Pyrimidine,Unsolved
160514860,rs58499396,GG,AA,GG,49,43,0,NC_000004.12,Mutation NB - Maternal Origin,Transition - Purine/Purine,A>G
160550204,rs7679555,CC,GG,GG,37,58,39,NC_000004.12,Mutation NB - Paternal Origin,Transversion - Purine/Pyrimidine,C>G
161290591,.,GG,GG,GC,28,40,44,NC_000004.12,Mutation NB - Paternal Origin,Transition - Purine/Purine,Transversion - Purine/Pyrimidine,Unsolved
161291357,rs72696538,GG,GG,GT,73,88,99,NC_000004.12,Mutation NB - Paternal Origin,Transversion - Purine/Pyrimidine,Unsolved
161792953,.,CC,CC,CT,82,85,59,NC_000004.12,Mutation NB - Paternal Origin,Transition - Pyrimidine/Pyrimidine,Unsolved
166266220,rs1675007,CC,CC,CA,79,100,99,NC_000004.12,Mutation NB - Paternal Origin,Transversion - Purine/Pyrimidine,Unsolved
171609756,rs56197933,GG,GG,GT,91,100,61,NC_000004.12,Mutation NB - Paternal Origin,Transversion - Purine/Pyrimidine,Unsolved
173620708,rs4541480,AA,GG,GG,85,55,24,NC_000004.12,Mutation NB - Paternal Origin,Transition - Purine/Purine,A>G
179583355,rs2584417,AA,AA,GA,76,85,33,NC_000004.12,Mutation NB - Paternal Origin,Transition - Purine/Purine,Unsolved
180468219,.,TT,TT,TC,88,79,53,NC_000004.12,Mutation NB - Maternal Origin,Transition - Pyrimidine/Pyrimidine,Unsolved
183666548,rs9996255,GG,AA,AA,100,82,42,NC_000004.12,Mutation NB - Paternal Origin,Transition - Purine/Purine,G>A
183747100,rs10009806,AA,AA,GG,91,100,15,NC_000004.12,Mutation NB - Paternal Origin,Transition - Purine/Purine,Unsolved
184343683,.,AA,AA,AG,100,61,50,NC_000004.12,Mutation NB - Maternal Origin,Transition - Purine/Purine,Unsolved
184599245,.,AA,AA,AG,28,100,41,NC_000004.12,Mutation NB - Paternal Origin,Transition - Purine/Purine,Unsolved
184888335,rs6828765,CC,CC,CG,100,100,33,NC_000004.12,Mutation NB - Paternal or Maternal,Transversion - Purine/Pyrimidine,Unsolved
185004568,.,AA,AA,AG,70,46,44,NC_000004.12,Mutation NB - Maternal Origin,Transition - Purine/Purine,Unsolved
186026719,.,TT,TT,TC,61,58,65,NC_000004.12,Mutation NB - Maternal Origin,Transition - Pyrimidine/Pyrimidine,Unsolved
186039732,rs9996788,CC,TT,CC,64,100,15,NC_000004.12,Mutation NB - Maternal Origin,Transition - Pyrimidine/Pyrimidine,T>C
186521499,.,AA,AA,AC,52,22,47,NC_000004.12,Mutation NB - Maternal Origin,Transversion - Purine/Pyrimidine,Unsolved
187518356,rs114504229,AA,AT,TT,64,1,24,NC_000004.12,Mutation NB - Paternal Origin,Transversion - Purine/Pyrimidine,A>T
189152501,rs4241916,AA,AA,GA,52,52,3,NC_000004.12,Mutation NB - Paternal or Maternal,Transition - Purine/Purine,Unsolved
1266195,rs2075786,AA,GG,AA,40,34,45,NC_000005.10,Mutation NB - Maternal Origin,Transition - Purine/Purine,G>A
1517506,.,TT,TT,TC,43,91,41,NC_000005.10,Mutation NB - Paternal Origin,Transition - Pyrimidine/Pyrimidine,Unsolved
1564560,rs4292484,GG,GG,TT,88,91,15,NC_000005.10,Mutation NB - Paternal Origin,Transversion - Purine/Pyrimidine,Unsolved
1584023,rs879664793,AA,AA,AG,55,70,44,NC_000005.10,Mutation NB - Paternal Origin,Transition - Purine/Purine,Unsolved
2364629,rs28374863,AA,GG,GG,100,73,12,NC_000005.10,Mutation NB - Paternal Origin,Transition - Purine/Purine,A>G
2706113,rs73049193,CC,CC,CT,100,79,99,NC_000005.10,Mutation NB - Maternal Origin,Transition - Pyrimidine/Pyrimidine,Unsolved
2706507,rs2962594,CC,CC,TT,91,91,9,NC_000005.10,Mutation NB - Paternal or Maternal,Transition - Pyrimidine/Pyrimidine,Unsolved
3363995,rs72722907,CC,CG,GG,76,28,9,NC_000005.10,Mutation NB - Paternal Origin,Transversion - Purine/Pyrimidine,C>G
3593964,rs10056125,GC,GG,CC,41,91,12,NC_000005.10,Mutation NB - Maternal Origin,Transversion - Purine/Pyrimidine,G>C
5710287,.,TT,TT,TC,28,52,41,NC_000005.10,Mutation NB - Paternal Origin,Transition - Pyrimidine/Pyrimidine,Unsolved
6471513,.,AA,AA,AG,49,25,41,NC_000005.10,Mutation NB - Maternal Origin,Transition - Purine/Purine,Unsolved
7517305,rs10038196,GG,TT,TT,73,85,0,NC_000005.10,Mutation NB - Paternal Origin,Transversion - Purine/Pyrimidine,G>T
8317573,rs35706300,TT,CC,CC,100,88,15,NC_000005.10,Mutation NB - Paternal Origin,Transition - Pyrimidine/Pyrimidine,T>C
8650310,rs12520885,TT,CC,TT,100,88,0,NC_000005.10,Mutation NB - Maternal Origin,Transition - Pyrimidine/Pyrimidine,C>T
8924527,.,AA,AA,AG,73,64,44,NC_000005.10,Mutation NB - Maternal Origin,Transition - Purine/Purine,Unsolved
9190585,rs1806094,TT,CC,TT,13,55,21,NC_000005.10,Mutation NB - Maternal Origin,Transition - Pyrimidine/Pyrimidine,C>T
9782663,rs2905183,GG,GG,AG,82,70,30,NC_000005.10,Mutation NB - Maternal Origin,Transition - Purine/Purine,Unsolved
10818340,rs1438712,GG,AA,GG,91,100,9,NC_000005.10,Mutation NB - Maternal Origin,Transition - Purine/Purine,A>G
14030134,rs706268,TT,GG,GG,100,85,15,NC_000005.10,Mutation NB - Paternal Origin,Transversion - Purine/Pyrimidine,T>G
14802002,rs258227,CC,CC,TC,76,70,68,NC_000005.10,Mutation NB - Maternal Origin,Transition - Pyrimidine/Pyrimidine,Unsolved
16034123,rs6866525,CC,TT,CC,13,64,0,NC_000005.10,Mutation NB - Maternal Origin,Transition - Pyrimidine/Pyrimidine,T>C
27263690,rs34372144,TG,TT,GG,1,100,48,NC_000005.10,Mutation NB - Maternal Origin,Transversion - Purine/Pyrimidine,T>G
31974223,rs7710058,CC,TT,CC,73,82,18,NC_000005.10,Mutation NB - Maternal Origin,Transition - Pyrimidine/Pyrimidine,T>C
34447561,rs6451092,CC,TC,TT,73,2,0,NC_000005.10,Mutation NB - Paternal Origin,Transition - Pyrimidine/Pyrimidine,C>T
35384904,.,GG,GG,GT,16,58,44,NC_000005.10,Mutation NB - Paternal Origin,Transversion - Purine/Pyrimidine,Unsolved
35534459,rs57300933,AA,AA,AG,91,100,15,NC_000005.10,Mutation NB - Paternal Origin,Transition - Purine/Purine,Unsolved
38892981,rs112221428,AA,AA,AG,100,82,68,NC_000005.10,Mutation NB - Maternal Origin,Transition - Purine/Purine,Unsolved
42863706,.,TT,TT,TC,73,61,62,NC_000005.10,Mutation NB - Maternal Origin,Transition - Pyrimidine/Pyrimidine,Unsolved
44603149,.,AA,AA,AG,58,79,67,NC_000005.10,Mutation NB - Paternal Origin,Transition - Purine/Purine,Unsolved
52502658,rs10042980,TT,CC,CC,100,64,15,NC_000005.10,Mutation NB - Paternal Origin,Transition - Pyrimidine/Pyrimidine,T>C
55116469,rs424203,AA,GG,GG,79,100,0,NC_000005.10,Mutation NB - Paternal Origin,Transition - Purine/Purine,A>G
57516446,rs2910484,GG,GG,AG,52,97,62,NC_000005.10,Mutation NB - Paternal Origin,Transition - Purine/Purine,Unsolved
57883677,rs1020661,CC,TT,CC,19,61,15,NC_000005.10,Mutation NB - Maternal Origin,Transition - Pyrimidine/Pyrimidine,T>C
58326588,.,CC,CC,CG,88,85,72,NC_000005.10,Mutation NB - Maternal Origin,Transversion - Purine/Pyrimidine,Unsolved
59385884,rs441817,CC,TT,CC,73,70,18,NC_000005.10,Mutation NB - Maternal Origin,Transition - Pyrimidine/Pyrimidine,T>C
59455487,.,AA,AA,AG,43,52,53,NC_000005.10,Mutation NB - Paternal Origin,Transition - Purine/Purine,Unsolved
61302716,rs4391122,AA,AA,AG,100,88,27,NC_000005.10,Mutation NB - Maternal Origin,Transition - Purine/Purine,Unsolved
62568029,.,AA,AA,AG,88,85,33,NC_000005.10,Mutation NB - Maternal Origin,Transition - Purine/Purine,Unsolved
62902004,.,TT,TT,TC,91,79,59,NC_000005.10,Mutation NB - Maternal Origin,Transition - Pyrimidine/Pyrimidine,Unsolved
64438344,rs4470714,CC,TT,CC,88,91,9,NC_000005.10,Mutation NB - Maternal Origin,Transition - Pyrimidine/Pyrimidine,T>C
68948306,rs9291937,TT,CC,CC,85,73,0,NC_000005.10,Mutation NB - Paternal Origin,Transition - Pyrimidine/Pyrimidine,T>C
71623076,rs277990,GG,GG,AG,91,91,33,NC_000005.10,Mutation NB - Paternal or Maternal,Transition - Purine/Purine,Unsolved
73780199,rs6871548,TT,CC,TT,67,85,15,NC_000005.10,Mutation NB - Maternal Origin,Transition - Pyrimidine/Pyrimidine,C>T
78315201,.,AA,AA,AG,7,40,61,NC_000005.10,Mutation NB - Paternal Origin,Transition - Purine/Purine,Unsolved
79795691,rs16877206,GG,GG,GT,100,91,99,NC_000005.10,Mutation NB - Maternal Origin,Transversion - Purine/Pyrimidine,Unsolved
82847441,rs13156183,CC,GC,GG,91,51,0,NC_000005.10,Mutation NB - Paternal Origin,Transversion - Purine/Pyrimidine,C>G
84518825,.,TT,TT,TC,46,46,41,NC_000005.10,Mutation NB - Paternal or Maternal,Transition - Pyrimidine/Pyrimidine,Unsolved
88502548,rs1038676215,GG,GG,GA,82,76,52,NC_000005.10,Mutation NB - Maternal Origin,Transition - Purine/Purine,Unsolved
89878572,.,CC,TT,TT,88,88,15,NC_000005.10,Mutation NB - Paternal Origin,Transition - Pyrimidine/Pyrimidine,C>T
94296542,rs1841299,TT,CC,TT,82,73,21,NC_000005.10,Mutation NB - Maternal Origin,Transition - Pyrimidine/Pyrimidine,C>T
96149231,rs11949248,AA,AA,AG,85,100,99,NC_000005.10,Mutation NB - Paternal Origin,Transition - Purine/Purine,Unsolved
97299130,rs2697600,TT,TT,CT,88,88,99,NC_000005.10,Mutation NB - Paternal or Maternal,Transition - Pyrimidine/Pyrimidine,Unsolved
97299134,rs11135497,GG,GG,GA,85,88,99,NC_000005.10,Mutation NB - Paternal Origin,Transition - Purine/Purine,Unsolved
98680329,rs10479229,GG,GG,GA,10,58,44,NC_000005.10,Mutation NB - Paternal Origin,Transition - Purine/Purine,Unsolved
99351972,.,AA,AA,AG,34,49,53,NC_000005.10,Mutation NB - Paternal Origin,Transition - Purine/Purine,Unsolved
103483037,rs528872460,AA,TT,AA,76,85,45,NC_000005.10,Mutation NB - Maternal Origin,Transversion - Purine/Pyrimidine,T>A
109885184,rs1268474538,GG,GG,GA,67,82,44,NC_000005.10,Mutation NB - Paternal Origin,Transition - Purine/Purine,Unsolved
110135729,rs2085249,AA,AA,AG,82,100,99,NC_000005.10,Mutation NB - Paternal Origin,Transition - Purine/Purine,Unsolved
110964150,.,AA,AA,AT,58,91,44,NC_000005.10,Mutation NB - Paternal Origin,Transversion - Purine/Pyrimidine,Unsolved
111717287,.,TT,TT,TC,1,28,49,NC_000005.10,Mutation NB - Paternal Origin,Transition - Pyrimidine/Pyrimidine,Unsolved
111717315,.,TT,TT,TC,1,31,49,NC_000005.10,Mutation NB - Paternal Origin,Transition - Pyrimidine/Pyrimidine,Unsolved
112366989,.,CC,CC,CT,73,76,39,NC_000005.10,Mutation NB - Paternal Origin,Transition - Pyrimidine/Pyrimidine,Unsolved
112563665,rs34844054,GG,GG,GA,85,64,89,NC_000005.10,Mutation NB - Maternal Origin,Transition - Purine/Purine,Unsolved
112594395,rs114489982,TT,TG,GG,85,71,9,NC_000005.10,Mutation NB - Paternal Origin,Transversion - Purine/Pyrimidine,T>G
112594712,rs57288796,GG,GG,GA,82,82,99,NC_000005.10,Mutation NB - Paternal or Maternal,Transition - Purine/Purine,Unsolved
112594724,rs61221141,TT,TT,TC,82,82,99,NC_000005.10,Mutation NB - Paternal or Maternal,Transition - Pyrimidine/Pyrimidine,Unsolved
112895469,.,AA,AA,AG,85,70,44,NC_000005.10,Mutation NB - Maternal Origin,Transition - Purine/Purine,Unsolved
113178174,.,AA,AA,AG,55,1,44,NC_000005.10,Mutation NB - Maternal Origin,Transition - Purine/Purine,Unsolved
113575468,rs10065790,CC,CC,CT,88,100,24,NC_000005.10,Mutation NB - Paternal Origin,Transition - Pyrimidine/Pyrimidine,Unsolved
113872504,.,TT,TT,TC,61,49,62,NC_000005.10,Mutation NB - Maternal Origin,Transition - Pyrimidine/Pyrimidine,Unsolved
115166371,rs10061622,GG,TT,GG,43,82,0,NC_000005.10,Mutation NB - Maternal Origin,Transition - Purine/Purine,Transversion - Purine/Pyrimidine,T>G
119460894,rs77652050,GA,GG,AA,1,70,15,NC_000005.10,Mutation NB - Maternal Origin,Transition - Purine/Purine,G>A
119460909,rs78554616,AG,AA,GG,1,70,15,NC_000005.10,Mutation NB - Maternal Origin,Transition - Purine/Purine,A>G
119708183,.,GG,GG,GA,73,76,68,NC_000005.10,Mutation NB - Paternal Origin,Transition - Purine/Purine,Unsolved
120082322,rs347559,AA,AA,GA,91,88,33,NC_000005.10,Mutation NB - Maternal Origin,Transition - Purine/Purine,Unsolved
121660680,rs6865324,GG,AA,AA,100,61,18,NC_000005.10,Mutation NB - Paternal Origin,Transition - Purine/Purine,G>A
132089948,.,TT,TT,TC,79,88,68,NC_000005.10,Mutation NB - Paternal Origin,Transition - Pyrimidine/Pyrimidine,Unsolved
132477512,rs13164856,TC,TT,CC,28,100,12,NC_000005.10,Mutation NB - Maternal Origin,Transition - Pyrimidine/Pyrimidine,T>C
132477527,rs4705862,AT,AA,TT,28,91,12,NC_000005.10,Mutation NB - Maternal Origin,Transversion - Purine/Pyrimidine,A>T
132663165,rs2069754,TT,CC,TT,55,43,27,NC_000005.10,Mutation NB - Maternal Origin,Transition - Pyrimidine/Pyrimidine,C>T
133520252,.,AA,AA,AG,58,79,59,NC_000005.10,Mutation NB - Paternal Origin,Transition - Purine/Purine,Unsolved
133799880,.,AA,AA,AG,46,88,59,NC_000005.10,Mutation NB - Paternal Origin,Transition - Purine/Purine,Unsolved
135473404,rs11242251,GG,CC,GG,88,88,0,NC_000005.10,Mutation NB - Maternal Origin,Transversion - Purine/Pyrimidine,C>G
138943719,.,GG,GG,GA,76,85,65,NC_000005.10,Mutation NB - Paternal Origin,Transition - Purine/Purine,Unsolved
144698639,rs62402073,GG,GG,GA,91,49,68,NC_000005.10,Mutation NB - Maternal Origin,Transition - Purine/Purine,Unsolved
145846828,rs1565437,TT,TT,TC,73,100,99,NC_000005.10,Mutation NB - Paternal Origin,Transition - Pyrimidine/Pyrimidine,Unsolved
148168700,rs10476890,GG,GG,AA,85,100,9,NC_000005.10,Mutation NB - Paternal Origin,Transition - Purine/Purine,Unsolved
150391031,rs145223378,GG,GC,CC,76,14,9,NC_000005.10,Mutation NB - Paternal Origin,Transversion - Purine/Pyrimidine,G>C
150446307,rs13177918,CC,CC,CT,100,82,47,NC_000005.10,Mutation NB - Maternal Origin,Transition - Pyrimidine/Pyrimidine,Unsolved
151135958,rs959341,CC,TT,CC,79,100,15,NC_000005.10,Mutation NB - Maternal Origin,Transition - Pyrimidine/Pyrimidine,T>C
151697972,rs9324707,CC,CC,CT,79,100,99,NC_000005.10,Mutation NB - Paternal Origin,Transition - Pyrimidine/Pyrimidine,Unsolved
151707807,rs10476773,GG,GA,AA,52,1,9,NC_000005.10,Mutation NB - Paternal Origin,Transition - Purine/Purine,G>A
155019808,rs1582715422,TT,TT,TG,88,100,99,NC_000005.10,Mutation NB - Paternal Origin,Transition - Pyrimidine/Pyrimidine,Transversion - Purine/Pyrimidine,Unsolved
155361739,rs7713997,CC,GG,GG,43,61,0,NC_000005.10,Mutation NB - Paternal Origin,Transversion - Purine/Pyrimidine,C>G
160800963,rs4244412,CC,TT,TT,91,88,0,NC_000005.10,Mutation NB - Paternal Origin,Transition - Pyrimidine/Pyrimidine,C>T
160813763,rs4521524,AA,TT,AA,46,76,51,NC_000005.10,Mutation NB - Maternal Origin,Transversion - Purine/Pyrimidine,T>A
160998598,rs6872861,AA,GA,GG,85,67,0,NC_000005.10,Mutation NB - Paternal Origin,Transition - Purine/Purine,A>G
166947234,.,TT,TT,TC,52,73,72,NC_000005.10,Mutation NB - Paternal Origin,Transition - Pyrimidine/Pyrimidine,Unsolved
167949787,rs75089024,AA,GG,AA,82,76,12,NC_000005.10,Mutation NB - Maternal Origin,Transition - Purine/Purine,G>A
168667450,rs17732485,TT,TT,TC,85,91,61,NC_000005.10,Mutation NB - Paternal Origin,Transition - Pyrimidine/Pyrimidine,Unsolved
169254644,.,TT,TT,TC,91,58,65,NC_000005.10,Mutation NB - Maternal Origin,Transition - Pyrimidine/Pyrimidine,Unsolved
169881857,.,TT,TT,TC,28,34,47,NC_000005.10,Mutation NB - Paternal Origin,Transition - Pyrimidine/Pyrimidine,Unsolved
171971932,rs10041709,CC,TT,TT,100,85,24,NC_000005.10,Mutation NB - Paternal Origin,Transition - Pyrimidine/Pyrimidine,C>T
172042654,.,GG,GG,GA,1,43,42,NC_000005.10,Mutation NB - Paternal Origin,Transition - Purine/Purine,Unsolved
174307363,rs11738411,TT,GG,GG,91,73,39,NC_000005.10,Mutation NB - Paternal Origin,Transversion - Purine/Pyrimidine,T>G
174307387,rs2937001,CC,TT,CC,52,100,39,NC_000005.10,Mutation NB - Maternal Origin,Transition - Pyrimidine/Pyrimidine,T>C
174307395,rs11738354,GG,CC,CC,52,70,39,NC_000005.10,Mutation NB - Paternal Origin,Transversion - Purine/Pyrimidine,G>C
174903777,rs255627,TT,TT,TC,91,100,33,NC_000005.10,Mutation NB - Paternal Origin,Transition - Pyrimidine/Pyrimidine,Unsolved
176273255,rs56349257,GT,GG,TT,1,100,21,NC_000005.10,Mutation NB - Maternal Origin,Transversion - Purine/Pyrimidine,G>T
176559207,.,AA,AA,AG,88,49,50,NC_000005.10,Mutation NB - Maternal Origin,Transition - Purine/Purine,Unsolved
176680229,rs4868693,CC,CC,AC,52,85,99,NC_000005.10,Mutation NB - Paternal Origin,Transversion - Purine/Pyrimidine,Unsolved
177339546,rs11749830,AA,GG,GG,91,88,15,NC_000005.10,Mutation NB - Paternal Origin,Transition - Purine/Purine,A>G
178356019,rs3097173,TT,TG,GG,100,1,60,NC_000005.10,Mutation NB - Paternal Origin,Transversion - Purine/Pyrimidine,T>G
179183729,rs10040944,GG,GG,GA,100,91,65,NC_000005.10,Mutation NB - Maternal Origin,Transition - Purine/Purine,Unsolved
179911147,rs32471,GA,AA,GG,33,88,0,NC_000005.10,Mutation NB - Maternal Origin,Transition - Purine/Purine,A>G
180427421,rs79669407,GG,AA,AA,79,88,9,NC_000005.10,Mutation NB - Paternal Origin,Transition - Purine/Purine,G>A
180638291,rs1044845789,CC,CC,CT,85,49,45,NC_000005.10,Mutation NB - Maternal Origin,Transition - Pyrimidine/Pyrimidine,Unsolved
180982462,rs10057725,CG,CC,GG,1,85,9,NC_000005.10,Mutation NB - Maternal Origin,Transversion - Purine/Pyrimidine,C>G
426346,rs56306240,CC,TT,CC,1,61,14,NC_000006.12,Mutation NB - Maternal Origin,Transition - Pyrimidine/Pyrimidine,T>C
1313717,rs992327,AA,AA,AG,88,100,98,NC_000006.12,Mutation NB - Paternal Origin,Transition - Purine/Purine,Unsolved
1416497,rs113481776,GG,GG,GA,85,88,99,NC_000006.12,Mutation NB - Paternal Origin,Transition - Purine/Purine,Unsolved
1796370,rs226455,TT,TT,TC,100,76,33,NC_000006.12,Mutation NB - Maternal Origin,Transition - Pyrimidine/Pyrimidine,Unsolved
2761228,.,AA,AA,AG,34,40,86,NC_000006.12,Mutation NB - Paternal Origin,Transition - Purine/Purine,Unsolved
3028618,rs6925034,GG,AA,GG,67,91,9,NC_000006.12,Mutation NB - Maternal Origin,Transition - Purine/Purine,A>G
3295388,.,AA,AA,AG,40,67,98,NC_000006.12,Mutation NB - Paternal Origin,Transition - Purine/Purine,Unsolved
4119258,rs10708,TT,TT,CC,82,100,9,NC_000006.12,Mutation NB - Paternal Origin,Transition - Pyrimidine/Pyrimidine,Unsolved
4992061,rs1246982,AA,AA,GA,91,85,68,NC_000006.12,Mutation NB - Maternal Origin,Transition - Purine/Purine,Unsolved
5603880,rs9504449,GA,GG,AA,1,55,9,NC_000006.12,Mutation NB - Maternal Origin,Transition - Purine/Purine,G>A
5973657,rs7763207,AA,GG,GG,100,70,15,NC_000006.12,Mutation NB - Paternal Origin,Transition - Purine/Purine,A>G
6380120,rs72817086,CC,AA,CC,70,58,0,NC_000006.12,Mutation NB - Maternal Origin,Transversion - Purine/Pyrimidine,A>C
6719986,rs201050,AA,AA,AG,100,52,99,NC_000006.12,Mutation NB - Maternal Origin,Transition - Purine/Purine,Unsolved
7446156,rs749743,AA,GG,GG,88,70,0,NC_000006.12,Mutation NB - Paternal Origin,Transition - Purine/Purine,A>G
7706312,rs6909130,GG,AG,AA,91,38,9,NC_000006.12,Mutation NB - Paternal Origin,Transition - Purine/Purine,G>A
7948694,.,TT,TT,TC,88,70,44,NC_000006.12,Mutation NB - Maternal Origin,Transition - Pyrimidine/Pyrimidine,Unsolved
9139420,rs767022,TC,TT,CC,38,100,9,NC_000006.12,Mutation NB - Maternal Origin,Transition - Pyrimidine/Pyrimidine,T>C
10024550,.,AA,AA,AG,61,73,53,NC_000006.12,Mutation NB - Paternal Origin,Transition - Purine/Purine,Unsolved
10864621,rs3857548,GG,CC,CC,100,88,9,NC_000006.12,Mutation NB - Paternal Origin,Transversion - Purine/Pyrimidine,G>C
11452642,rs2090932,GA,GG,AA,32,100,24,NC_000006.12,Mutation NB - Maternal Origin,Transition - Purine/Purine,G>A
11717438,rs13201084,TT,CC,TT,85,88,12,NC_000006.12,Mutation NB - Maternal Origin,Transition - Pyrimidine/Pyrimidine,C>T
14945077,.,AA,AA,AG,55,89,57,NC_000006.12,Mutation NB - Paternal Origin,Transition - Purine/Purine,Unsolved
16305039,rs16877822,TT,GG,TT,88,91,12,NC_000006.12,Mutation NB - Maternal Origin,Transversion - Purine/Pyrimidine,G>T
18020361,rs56184116,AA,GG,GG,34,34,60,NC_000006.12,Mutation NB - Paternal Origin,Transition - Purine/Purine,A>G
21502883,rs1306080312,TT,TT,TC,1,37,44,NC_000006.12,Mutation NB - Paternal Origin,Transition - Pyrimidine/Pyrimidine,Unsolved
24538911,rs1091031,GA,GG,AA,1,100,15,NC_000006.12,Mutation NB - Maternal Origin,Transition - Purine/Purine,G>A
25342381,rs12192517,TT,CC,CC,91,79,18,NC_000006.12,Mutation NB - Paternal Origin,Transition - Pyrimidine/Pyrimidine,T>C
26395003,.,TT,TT,TC,10,52,41,NC_000006.12,Mutation NB - Paternal Origin,Transition - Pyrimidine/Pyrimidine,Unsolved
27953667,rs143679640,CC,CC,CT,100,64,55,NC_000006.12,Mutation NB - Maternal Origin,Transition - Pyrimidine/Pyrimidine,Unsolved
33517459,rs210179,CC,CC,CT,82,88,71,NC_000006.12,Mutation NB - Paternal Origin,Transition - Pyrimidine/Pyrimidine,Unsolved
33517482,rs210180,TT,TT,TA,100,70,62,NC_000006.12,Mutation NB - Maternal Origin,Transition - Pyrimidine/Pyrimidine,Transversion - Purine/Pyrimidine,Unsolved
33706642,rs4713665,TT,GG,TT,79,88,0,NC_000006.12,Mutation NB - Maternal Origin,Transversion - Purine/Pyrimidine,G>T
33826745,rs1535952,TT,CT,CC,43,1,0,NC_000006.12,Mutation NB - Paternal Origin,Transition - Pyrimidine/Pyrimidine,T>C
33838702,rs10947454,CC,AA,AA,46,64,12,NC_000006.12,Mutation NB - Paternal Origin,Transversion - Purine/Pyrimidine,C>A
33838729,rs10947455,GG,AA,AA,46,64,12,NC_000006.12,Mutation NB - Paternal Origin,Transition - Purine/Purine,G>A
33907573,rs942507,TT,TT,CC,91,85,0,NC_000006.12,Mutation NB - Maternal Origin,Transition - Pyrimidine/Pyrimidine,Unsolved
34286100,rs6907486,AG,AA,GG,32,91,12,NC_000006.12,Mutation NB - Maternal Origin,Transition - Purine/Purine,A>G
35108065,rs6913975,CC,CC,CG,85,79,99,NC_000006.12,Mutation NB - Maternal Origin,Transversion - Purine/Pyrimidine,Unsolved
37487866,rs4714068,TG,GG,TT,1,85,12,NC_000006.12,Mutation NB - Maternal Origin,Transversion - Purine/Pyrimidine,G>T
37911330,.,TT,TT,TC,49,55,77,NC_000006.12,Mutation NB - Paternal Origin,Transition - Pyrimidine/Pyrimidine,Unsolved
37911336,.,TT,TT,TC,49,58,77,NC_000006.12,Mutation NB - Paternal Origin,Transition - Pyrimidine/Pyrimidine,Unsolved
39064761,rs874900,AA,AA,AG,100,85,33,NC_000006.12,Mutation NB - Maternal Origin,Transition - Purine/Purine,Unsolved
40661654,rs73734830,AA,GG,AA,1,1,21,NC_000006.12,Mutation NB - Maternal Origin,Transition - Purine/Purine,G>A
43150817,rs3793011,TT,CC,TT,20,100,39,NC_000006.12,Mutation NB - Maternal Origin,Transition - Pyrimidine/Pyrimidine,C>T
43454622,.,AA,AA,AG,1,1,47,NC_000006.12,Mutation NB - Paternal or Maternal,Transition - Purine/Purine,Unsolved
43665205,rs114762715,GG,GG,CC,100,88,9,NC_000006.12,Mutation NB - Maternal Origin,Transversion - Purine/Pyrimidine,Unsolved
44244184,rs62403867,CC,CC,CG,100,85,99,NC_000006.12,Mutation NB - Maternal Origin,Transversion - Purine/Pyrimidine,Unsolved
44490911,.,CC,CC,CA,82,73,46,NC_000006.12,Mutation NB - Maternal Origin,Transversion - Purine/Pyrimidine,Unsolved
45241160,.,TT,TT,TG,79,82,47,NC_000006.12,Mutation NB - Paternal Origin,Transition - Pyrimidine/Pyrimidine,Transversion - Purine/Pyrimidine,Unsolved
45736403,rs1470649,AA,GG,AA,70,70,0,NC_000006.12,Mutation NB - Maternal Origin,Transition - Purine/Purine,G>A
45736724,rs829916,CC,TT,TT,100,85,36,NC_000006.12,Mutation NB - Paternal Origin,Transition - Pyrimidine/Pyrimidine,C>T
47380995,rs6925166,AA,GG,AA,67,91,15,NC_000006.12,Mutation NB - Maternal Origin,Transition - Purine/Purine,G>A
51147973,rs977263328,GG,AA,GG,79,100,21,NC_000006.12,Mutation NB - Maternal Origin,Transition - Purine/Purine,A>G
51854276,rs6458798,AT,TT,AA,32,85,0,NC_000006.12,Mutation NB - Maternal Origin,Transversion - Purine/Pyrimidine,T>A
52930108,rs181992239,TT,GG,TT,37,55,36,NC_000006.12,Mutation NB - Maternal Origin,Transversion - Purine/Pyrimidine,G>T
53336008,rs77218686,CC,CC,CT,73,100,65,NC_000006.12,Mutation NB - Paternal Origin,Transition - Pyrimidine/Pyrimidine,Unsolved
55127184,rs148135391,CC,CT,TT,1,1,9,NC_000006.12,Mutation NB - Paternal Origin,Transition - Pyrimidine/Pyrimidine,C>T
64114990,rs77311748,TT,TT,TC,82,100,87,NC_000006.12,Mutation NB - Paternal Origin,Transition - Pyrimidine/Pyrimidine,Unsolved
69451523,.,TT,TT,TC,61,70,55,NC_000006.12,Mutation NB - Paternal Origin,Transition - Pyrimidine/Pyrimidine,Unsolved
69481028,.,GG,GG,GA,61,85,56,NC_000006.12,Mutation NB - Paternal Origin,Transition - Purine/Purine,Unsolved
69539152,.,TT,TT,TC,40,43,50,NC_000006.12,Mutation NB - Paternal Origin,Transition - Pyrimidine/Pyrimidine,Unsolved
77467100,rs114733207,AA,CC,CC,91,85,12,NC_000006.12,Mutation NB - Paternal Origin,Transversion - Purine/Pyrimidine,A>C
78369906,.,TT,TT,TC,76,85,62,NC_000006.12,Mutation NB - Paternal Origin,Transition - Pyrimidine/Pyrimidine,Unsolved
85212962,rs1853129,GG,TT,GG,46,82,18,NC_000006.12,Mutation NB - Maternal Origin,Transition - Purine/Purine,Transversion - Purine/Pyrimidine,T>G
85219430,rs6902834,CC,TT,TT,76,88,12,NC_000006.12,Mutation NB - Paternal Origin,Transition - Pyrimidine/Pyrimidine,C>T
85854250,rs1838958,GG,GG,GT,85,85,99,NC_000006.12,Mutation NB - Paternal or Maternal,Transversion - Purine/Pyrimidine,Unsolved
86228704,rs1334648,AA,GG,AA,91,100,21,NC_000006.12,Mutation NB - Maternal Origin,Transition - Purine/Purine,G>A
86510247,.,CC,CC,CT,85,73,33,NC_000006.12,Mutation NB - Maternal Origin,Transition - Pyrimidine/Pyrimidine,Unsolved
87518636,.,AA,AA,AG,52,40,56,NC_000006.12,Mutation NB - Maternal Origin,Transition - Purine/Purine,Unsolved
88425881,.,GG,GG,GA,91,76,47,NC_000006.12,Mutation NB - Maternal Origin,Transition - Purine/Purine,Unsolved
89045031,rs855575,CC,CC,CA,88,100,27,NC_000006.12,Mutation NB - Paternal Origin,Transversion - Purine/Pyrimidine,Unsolved
89045039,rs855574,TT,TT,TC,88,100,27,NC_000006.12,Mutation NB - Paternal Origin,Transition - Pyrimidine/Pyrimidine,Unsolved
89771632,.,GG,GG,GA,43,43,47,NC_000006.12,Mutation NB - Paternal or Maternal,Transition - Purine/Purine,Unsolved
90317158,rs10944482,CC,CC,CA,100,85,68,NC_000006.12,Mutation NB - Maternal Origin,Transversion - Purine/Pyrimidine,Unsolved
90459234,rs1145721,AA,GG,GG,100,76,45,NC_000006.12,Mutation NB - Paternal Origin,Transition - Purine/Purine,A>G
96287511,rs9391201,GA,GG,AA,2,100,27,NC_000006.12,Mutation NB - Maternal Origin,Transition - Purine/Purine,G>A
100262960,rs118084060,CC,CC,CG,82,91,50,NC_000006.12,Mutation NB - Paternal Origin,Transversion - Purine/Pyrimidine,Unsolved
101906386,rs4840201,GG,TT,GG,88,100,24,NC_000006.12,Mutation NB - Maternal Origin,Transition - Purine/Purine,Transversion - Purine/Pyrimidine,T>G
102867339,rs9485743,TC,TT,CC,35,100,24,NC_000006.12,Mutation NB - Maternal Origin,Transition - Pyrimidine/Pyrimidine,T>C
106731203,rs968145,CC,AC,AA,91,1,0,NC_000006.12,Mutation NB - Paternal Origin,Transversion - Purine/Pyrimidine,C>A
107083536,rs311224,CC,CA,AA,85,33,12,NC_000006.12,Mutation NB - Paternal Origin,Transversion - Purine/Pyrimidine,C>A
108203397,rs73762168,GG,GG,GT,88,85,72,NC_000006.12,Mutation NB - Maternal Origin,Transversion - Purine/Pyrimidine,Unsolved
109289873,rs149698698,CC,CC,CG,100,91,68,NC_000006.12,Mutation NB - Maternal Origin,Transversion - Purine/Pyrimidine,Unsolved
110923050,rs781497,GG,AA,GG,70,100,15,NC_000006.12,Mutation NB - Maternal Origin,Transition - Purine/Purine,A>G
116250943,.,AA,AA,AG,64,88,59,NC_000006.12,Mutation NB - Paternal Origin,Transition - Purine/Purine,Unsolved
123857978,.,TT,TT,TC,25,52,62,NC_000006.12,Mutation NB - Paternal Origin,Transition - Pyrimidine/Pyrimidine,Unsolved
125301795,rs115199496,CC,CC,CT,85,70,99,NC_000006.12,Mutation NB - Maternal Origin,Transition - Pyrimidine/Pyrimidine,Unsolved
134506327,rs7764784,AA,AA,AT,100,100,27,NC_000006.12,Mutation NB - Paternal or Maternal,Transversion - Purine/Pyrimidine,Unsolved
139778209,.,TT,TT,TC,13,1,44,NC_000006.12,Mutation NB - Maternal Origin,Transition - Pyrimidine/Pyrimidine,Unsolved
141995040,rs1414747,GG,GG,GT,88,100,55,NC_000006.12,Mutation NB - Paternal Origin,Transversion - Purine/Pyrimidine,Unsolved
146598791,.,AA,AA,AG,31,28,53,NC_000006.12,Mutation NB - Maternal Origin,Transition - Purine/Purine,Unsolved
147877836,rs544142,CC,TT,TT,91,58,0,NC_000006.12,Mutation NB - Paternal Origin,Transition - Pyrimidine/Pyrimidine,C>T
150056503,rs7764605,GG,TT,GG,88,91,0,NC_000006.12,Mutation NB - Maternal Origin,Transition - Purine/Purine,Transversion - Purine/Pyrimidine,T>G
150284783,rs9384334,TT,CC,TT,73,100,9,NC_000006.12,Mutation NB - Maternal Origin,Transition - Pyrimidine/Pyrimidine,C>T
150480027,.,TT,TT,TC,70,52,59,NC_000006.12,Mutation NB - Maternal Origin,Transition - Pyrimidine/Pyrimidine,Unsolved
152195512,rs2262697,TT,TT,GG,100,100,12,NC_000006.12,Mutation NB - Paternal or Maternal,Transition - Purine/Purine,Transversion - Purine/Pyrimidine,Unsolved
153603350,rs3935975,AA,CC,CC,88,100,0,NC_000006.12,Mutation NB - Paternal Origin,Transversion - Purine/Pyrimidine,A>C
158209036,rs9366016,TT,CC,TT,13,64,0,NC_000006.12,Mutation NB - Maternal Origin,Transition - Pyrimidine/Pyrimidine,C>T
158452528,.,AA,AA,AG,55,46,59,NC_000006.12,Mutation NB - Maternal Origin,Transition - Purine/Purine,Unsolved
159640070,.,AA,AA,AG,64,61,53,NC_000006.12,Mutation NB - Maternal Origin,Transition - Purine/Purine,Unsolved
160069282,rs920812,TT,CC,CC,22,19,9,NC_000006.12,Mutation NB - Paternal Origin,Transition - Pyrimidine/Pyrimidine,T>C
161195602,.,TT,TT,TC,46,55,47,NC_000006.12,Mutation NB - Paternal Origin,Transition - Pyrimidine/Pyrimidine,Unsolved
162972285,rs13220475,CC,TT,TT,85,76,18,NC_000006.12,Mutation NB - Paternal Origin,Transition - Pyrimidine/Pyrimidine,C>T
163903643,rs11966334,TC,TT,CC,1,76,27,NC_000006.12,Mutation NB - Maternal Origin,Transition - Pyrimidine/Pyrimidine,T>C
165302804,rs557386,TT,CC,TT,34,76,36,NC_000006.12,Mutation NB - Maternal Origin,Transition - Pyrimidine/Pyrimidine,C>T
165607399,rs828569,CT,CC,TT,1,76,9,NC_000006.12,Mutation NB - Maternal Origin,Transversion - Purine/Pyrimidine,C>T
166552867,rs58837225,CC,CT,TT,100,28,9,NC_000006.12,Mutation NB - Paternal Origin,Transition - Pyrimidine/Pyrimidine,C>T
167219977,rs13218576,TT,TT,TC,100,88,65,NC_000006.12,Mutation NB - Maternal Origin,Transition - Pyrimidine/Pyrimidine,Unsolved
167220017,rs13218595,TT,TT,TG,100,88,65,NC_000006.12,Mutation NB - Maternal Origin,Transition - Pyrimidine/Pyrimidine,Transversion - Purine/Pyrimidine,Unsolved
167220029,rs13199701,CC,CC,CT,100,88,65,NC_000006.12,Mutation NB - Maternal Origin,Transition - Pyrimidine/Pyrimidine,Unsolved
167488784,rs139429702,AA,AA,AG,76,100,71,NC_000006.12,Mutation NB - Paternal Origin,Transition - Purine/Purine,Unsolved
167793462,rs3778657,CC,TC,TT,88,32,12,NC_000006.12,Mutation NB - Paternal Origin,Transition - Pyrimidine/Pyrimidine,C>T
167994090,rs572425802,GG,AA,GG,91,91,15,NC_000006.12,Mutation NB - Maternal Origin,Transition - Purine/Purine,A>G
169176670,rs1475137,AA,GA,GG,67,86,21,NC_000006.12,Mutation NB - Paternal Origin,Transition - Purine/Purine,A>G
169267049,rs78722593,GG,AA,GG,88,91,9,NC_000006.12,Mutation NB - Maternal Origin,Transition - Purine/Purine,A>G
169325333,rs9283852,TT,CC,CC,58,49,27,NC_000006.12,Mutation NB - Paternal Origin,Transition - Pyrimidine/Pyrimidine,T>C
169660044,rs148339573,GG,GG,GT,61,85,43,NC_000006.12,Mutation NB - Paternal Origin,Transversion - Purine/Pyrimidine,Unsolved
169660051,rs9371162,CC,TT,CC,61,85,30,NC_000006.12,Mutation NB - Maternal Origin,Transition - Pyrimidine/Pyrimidine,T>C
169984514,rs36128841,CC,TT,TT,49,43,27,NC_000006.12,Mutation NB - Paternal Origin,Transition - Pyrimidine/Pyrimidine,C>T
169984642,rs901663219,GG,TT,TT,43,76,30,NC_000006.12,Mutation NB - Paternal Origin,Transversion - Purine/Pyrimidine,G>T
170097360,rs903622,TT,CT,CC,85,67,0,NC_000006.12,Mutation NB - Paternal Origin,Transition - Pyrimidine/Pyrimidine,T>C
170149197,rs116436678,GG,TT,GG,79,91,0,NC_000006.12,Mutation NB - Maternal Origin,Transition - Purine/Purine,Transversion - Purine/Pyrimidine,T>G
306432,rs147981384,TT,CC,CC,88,73,21,NC_000007.14,Mutation NB - Paternal Origin,Transition - Pyrimidine/Pyrimidine,T>C
1004302,rs891694717,GG,GG,GA,100,85,30,NC_000007.14,Mutation NB - Maternal Origin,Transition - Purine/Purine,Unsolved
1867373,rs12672286,GG,GA,AA,100,45,18,NC_000007.14,Mutation NB - Paternal Origin,Transition - Purine/Purine,G>A
2447084,rs2969058,TT,AA,AA,76,79,18,NC_000007.14,Mutation NB - Paternal Origin,Transversion - Purine/Pyrimidine,T>A
2468437,rs2906166,CC,TC,TT,40,12,0,NC_000007.14,Mutation NB - Paternal Origin,Transition - Pyrimidine/Pyrimidine,C>T
2563201,rs113771262,CC,CC,CT,73,100,30,NC_000007.14,Mutation NB - Paternal Origin,Transition - Pyrimidine/Pyrimidine,Unsolved
2870765,rs1859560,TT,TG,GG,100,32,27,NC_000007.14,Mutation NB - Paternal Origin,Transversion - Purine/Pyrimidine,T>G
3062575,rs73670741,GG,AA,AA,85,88,9,NC_000007.14,Mutation NB - Paternal Origin,Transition - Purine/Purine,G>A
3062603,rs7780988,TT,CC,CC,85,88,9,NC_000007.14,Mutation NB - Paternal Origin,Transition - Pyrimidine/Pyrimidine,T>C
3079891,rs78164870,AA,AA,AT,100,100,91,NC_000007.14,Mutation NB - Paternal or Maternal,Transversion - Purine/Pyrimidine,Unsolved
3190495,rs6965521,AG,AA,GG,35,100,30,NC_000007.14,Mutation NB - Maternal Origin,Transition - Purine/Purine,A>G
3190716,rs6969544,AC,AA,CC,67,100,12,NC_000007.14,Mutation NB - Maternal Origin,A>C
3190962,rs12669265,CC,CT,TT,100,1,18,NC_000007.14,Mutation NB - Paternal Origin,Transition - Pyrimidine/Pyrimidine,C>T
3489183,rs10252736,GG,TG,TT,73,44,9,NC_000007.14,Mutation NB - Paternal Origin,Transversion - Purine/Pyrimidine,G>T
3666040,rs145215418,TC,TT,CC,44,82,9,NC_000007.14,Mutation NB - Maternal Origin,Transition - Pyrimidine/Pyrimidine,T>C
3737105,rs10231932,CC,CC,CG,70,100,99,NC_000007.14,Mutation NB - Paternal Origin,Transversion - Purine/Pyrimidine,Unsolved
5599961,.,AA,AA,AG,91,85,65,NC_000007.14,Mutation NB - Maternal Origin,Transition - Purine/Purine,Unsolved
6330775,rs3750040,CC,CC,TT,100,100,15,NC_000007.14,Mutation NB - Paternal or Maternal,Transition - Pyrimidine/Pyrimidine,Unsolved
7557492,.,GG,GG,GC,61,85,53,NC_000007.14,Mutation NB - Paternal Origin,Transition - Purine/Purine,Transversion - Purine/Pyrimidine,Unsolved
9692950,rs320791,GG,GG,TG,95,91,33,NC_000007.14,Mutation NB - Maternal Origin,Transversion - Purine/Pyrimidine,Unsolved
10451038,.,AA,AA,AG,82,70,33,NC_000007.14,Mutation NB - Maternal Origin,Transition - Purine/Purine,Unsolved
10742545,rs1191973944,TT,TT,TC,70,70,53,NC_000007.14,Mutation NB - Paternal or Maternal,Transition - Pyrimidine/Pyrimidine,Unsolved
17450113,.,TT,TT,TC,61,73,59,NC_000007.14,Mutation NB - Paternal Origin,Transition - Pyrimidine/Pyrimidine,Unsolved
18082500,rs1454233052,GG,GG,GA,82,52,71,NC_000007.14,Mutation NB - Maternal Origin,Transition - Purine/Purine,Unsolved
21146922,rs6947299,GG,TT,GG,76,100,21,NC_000007.14,Mutation NB - Maternal Origin,Transition - Purine/Purine,Transversion - Purine/Pyrimidine,T>G
21191831,rs17143998,TT,CC,CC,88,76,9,NC_000007.14,Mutation NB - Paternal Origin,Transition - Pyrimidine/Pyrimidine,T>C
22561697,rs983489355,TT,CC,CC,79,40,63,NC_000007.14,Mutation NB - Paternal Origin,Transition - Pyrimidine/Pyrimidine,T>C
23119244,rs10255228,GG,GG,GT,88,91,33,NC_000007.14,Mutation NB - Paternal Origin,Transversion - Purine/Pyrimidine,Unsolved
24522234,rs1180599868,AA,AA,AG,31,67,47,NC_000007.14,Mutation NB - Paternal Origin,Transition - Purine/Purine,Unsolved
25033820,rs10085787,CC,TT,CC,91,91,9,NC_000007.14,Mutation NB - Maternal Origin,Transition - Pyrimidine/Pyrimidine,T>C
25255727,rs916893,TT,TC,CC,100,73,21,NC_000007.14,Mutation NB - Paternal Origin,Transition - Pyrimidine/Pyrimidine,T>C
27225813,rs17501580,CC,CC,CT,85,100,99,NC_000007.14,Mutation NB - Paternal Origin,Transition - Pyrimidine/Pyrimidine,Unsolved
27552728,rs759269,TT,CC,TT,88,85,15,NC_000007.14,Mutation NB - Maternal Origin,Transition - Pyrimidine/Pyrimidine,C>T
34746923,rs10251694,AA,GA,GG,91,73,0,NC_000007.14,Mutation NB - Paternal Origin,Transition - Purine/Purine,A>G
38151422,rs1524060,TT,CC,TT,73,100,21,NC_000007.14,Mutation NB - Maternal Origin,Transition - Pyrimidine/Pyrimidine,C>T
38686283,rs12701651,AA,CC,AA,88,82,27,NC_000007.14,Mutation NB - Maternal Origin,Transversion - Purine/Pyrimidine,C>A
39537276,.,TT,TT,TC,1,1,62,NC_000007.14,Mutation NB - Paternal or Maternal,Transition - Pyrimidine/Pyrimidine,Unsolved
39742169,.,AA,AA,AG,79,76,72,NC_000007.14,Mutation NB - Maternal Origin,Transition - Purine/Purine,Unsolved
40972937,.,AA,AA,AG,46,31,41,NC_000007.14,Mutation NB - Maternal Origin,Transition - Purine/Purine,Unsolved
41691333,rs2237436,GG,CC,GG,1,91,11,NC_000007.14,Mutation NB - Maternal Origin,Transversion - Purine/Pyrimidine,C>G
42906398,rs662008,CA,AA,CC,1,61,0,NC_000007.14,Mutation NB - Maternal Origin,A>C
44154952,rs2268572,GA,AA,GG,1,61,0,NC_000007.14,Mutation NB - Maternal Origin,Transition - Purine/Purine,A>G
45224827,rs1294855,CT,TT,CC,1,67,9,NC_000007.14,Mutation NB - Maternal Origin,Transition - Pyrimidine/Pyrimidine,T>C
46898671,rs2190017,GG,AA,AA,46,88,21,NC_000007.14,Mutation NB - Paternal Origin,Transition - Purine/Purine,G>A
47377136,rs6964472,TT,CC,CC,100,82,15,NC_000007.14,Mutation NB - Paternal Origin,Transition - Pyrimidine/Pyrimidine,T>C
47937274,rs2708879,CC,CC,CG,49,100,99,NC_000007.14,Mutation NB - Paternal Origin,Transversion - Purine/Pyrimidine,Unsolved
48560411,rs58486673,AA,AA,AC,82,100,99,NC_000007.14,Mutation NB - Paternal Origin,Transversion - Purine/Pyrimidine,Unsolved
48560441,rs61602397,CC,CC,CG,82,100,99,NC_000007.14,Mutation NB - Paternal Origin,Transversion - Purine/Pyrimidine,Unsolved
50359216,rs540667348,GG,GG,AA,82,100,12,NC_000007.14,Mutation NB - Paternal Origin,Transition - Purine/Purine,Unsolved
51638326,rs6968431,GG,GG,GA,64,58,99,NC_000007.14,Mutation NB - Maternal Origin,Transition - Purine/Purine,Unsolved
51995825,rs2194590,AA,AG,GG,85,20,12,NC_000007.14,Mutation NB - Paternal Origin,Transition - Purine/Purine,A>G
52053666,rs7792651,GG,AA,GG,70,91,0,NC_000007.14,Mutation NB - Maternal Origin,Transition - Purine/Purine,A>G
53008278,rs66523205,AA,GG,GG,58,85,9,NC_000007.14,Mutation NB - Paternal Origin,Transition - Purine/Purine,A>G
53035574,rs10248048,TT,GG,GG,40,1,45,NC_000007.14,Mutation NB - Paternal Origin,Transversion - Purine/Pyrimidine,T>G
53086247,.,AA,AA,AG,70,58,47,NC_000007.14,Mutation NB - Maternal Origin,Transition - Purine/Purine,Unsolved
54454756,rs9642553,CT,CC,TT,1,85,15,NC_000007.14,Mutation NB - Maternal Origin,Transversion - Purine/Pyrimidine,C>T
55344362,rs10279035,CT,TT,CC,1,85,0,NC_000007.14,Mutation NB - Maternal Origin,Transition - Pyrimidine/Pyrimidine,T>C
56828448,rs6948531,CC,TC,TT,76,1,15,NC_000007.14,Mutation NB - Paternal Origin,Transition - Pyrimidine/Pyrimidine,C>T
57203577,rs4870714,GG,GC,CC,67,1,12,NC_000007.14,Mutation NB - Paternal Origin,Transversion - Purine/Pyrimidine,G>C
63886590,rs13437753,CC,GG,CC,91,88,0,NC_000007.14,Mutation NB - Maternal Origin,Transversion - Purine/Pyrimidine,G>C
67454924,rs66498659,AA,GA,GG,91,82,21,NC_000007.14,Mutation NB - Paternal Origin,Transition - Purine/Purine,A>G
67849078,rs11762821,AA,AA,AC,82,100,99,NC_000007.14,Mutation NB - Paternal Origin,Transversion - Purine/Pyrimidine,Unsolved
69691091,rs626767,TT,TC,CC,100,35,9,NC_000007.14,Mutation NB - Paternal Origin,Transition - Pyrimidine/Pyrimidine,T>C
74006640,rs36087260,CT,TT,CC,1,52,48,NC_000007.14,Mutation NB - Maternal Origin,Transition - Pyrimidine/Pyrimidine,T>C
79719712,rs1608512,AA,AA,CC,91,91,9,NC_000007.14,Mutation NB - Paternal or Maternal,Transversion - Purine/Pyrimidine,Unsolved
83595897,rs215317,AA,CC,AA,91,88,9,NC_000007.14,Mutation NB - Maternal Origin,Transversion - Purine/Pyrimidine,C>A
83678974,rs645612,GA,GG,AA,35,82,15,NC_000007.14,Mutation NB - Maternal Origin,Transition - Purine/Purine,G>A
89044982,rs1452639710,CC,CC,CT,61,46,41,NC_000007.14,Mutation NB - Maternal Origin,Transition - Pyrimidine/Pyrimidine,Unsolved
90241919,rs10487107,GG,GA,AA,100,67,24,NC_000007.14,Mutation NB - Paternal Origin,Transition - Purine/Purine,G>A
91666589,.,TT,TT,TC,28,67,59,NC_000007.14,Mutation NB - Paternal Origin,Transition - Pyrimidine/Pyrimidine,Unsolved
95293037,.,CC,CC,CT,1,1,86,NC_000007.14,Mutation NB - Paternal or Maternal,Transition - Pyrimidine/Pyrimidine,Unsolved
98665907,rs6964252,TT,TG,GG,82,1,18,NC_000007.14,Mutation NB - Paternal Origin,Transversion - Purine/Pyrimidine,T>G
100244177,.,AA,AA,AG,91,88,68,NC_000007.14,Mutation NB - Maternal Origin,Transition - Purine/Purine,Unsolved
100600243,rs62482222,GG,GG,GA,85,100,99,NC_000007.14,Mutation NB - Paternal Origin,Transition - Purine/Purine,Unsolved
101510374,rs73180860,TT,CC,CC,85,100,0,NC_000007.14,Mutation NB - Paternal Origin,Transition - Pyrimidine/Pyrimidine,T>C
102440936,.,AA,AA,AC,67,34,50,NC_000007.14,Mutation NB - Maternal Origin,Transversion - Purine/Pyrimidine,Unsolved
105181329,rs945497707,AA,AA,AG,73,82,49,NC_000007.14,Mutation NB - Paternal Origin,Transition - Purine/Purine,Unsolved
106491359,rs13227661,CT,CC,TT,1,91,27,NC_000007.14,Mutation NB - Maternal Origin,Transversion - Purine/Pyrimidine,C>T
108181952,rs2142325,AA,GG,AA,85,100,27,NC_000007.14,Mutation NB - Maternal Origin,Transition - Purine/Purine,G>A
110706448,rs2396267,TT,CT,CC,64,1,9,NC_000007.14,Mutation NB - Paternal Origin,Transition - Pyrimidine/Pyrimidine,T>C
111692347,rs17158733,AA,AA,AG,79,100,33,NC_000007.14,Mutation NB - Paternal Origin,Transition - Purine/Purine,Unsolved
115066869,rs2520579,TT,TA,AA,100,1,18,NC_000007.14,Mutation NB - Paternal Origin,Transversion - Purine/Pyrimidine,T>A
115889191,rs6965297,AG,GG,AA,32,91,18,NC_000007.14,Mutation NB - Maternal Origin,Transition - Purine/Purine,G>A
116781911,.,AA,AA,AG,67,70,53,NC_000007.14,Mutation NB - Paternal Origin,Transition - Purine/Purine,Unsolved
117813212,rs6964300,GG,CC,GG,73,100,24,NC_000007.14,Mutation NB - Maternal Origin,Transversion - Purine/Pyrimidine,C>G
118016708,rs13226962,TC,TT,CC,1,85,12,NC_000007.14,Mutation NB - Maternal Origin,Transition - Pyrimidine/Pyrimidine,T>C
121368953,rs2536159,AA,GG,AA,58,98,0,NC_000007.14,Mutation NB - Maternal Origin,Transition - Purine/Purine,G>A
128662416,rs61318942,TT,TT,TA,85,88,66,NC_000007.14,Mutation NB - Paternal Origin,Transition - Pyrimidine/Pyrimidine,Transversion - Purine/Pyrimidine,Unsolved
130155741,rs79438020,TT,TT,TC,79,76,44,NC_000007.14,Mutation NB - Maternal Origin,Transition - Pyrimidine/Pyrimidine,Unsolved
131627740,rs4731801,TT,CC,CC,28,25,39,NC_000007.14,Mutation NB - Paternal Origin,Transition - Pyrimidine/Pyrimidine,T>C
145097611,rs7782287,CC,TC,TT,88,32,18,NC_000007.14,Mutation NB - Paternal Origin,Transition - Pyrimidine/Pyrimidine,C>T
147240580,rs10257633,GG,CC,CC,85,70,15,NC_000007.14,Mutation NB - Paternal Origin,Transversion - Purine/Pyrimidine,G>C
149257936,rs13243197,TC,TT,CC,32,100,21,NC_000007.14,Mutation NB - Maternal Origin,Transition - Pyrimidine/Pyrimidine,T>C
149826479,.,TT,TT,TC,70,37,59,NC_000007.14,Mutation NB - Maternal Origin,Transition - Pyrimidine/Pyrimidine,Unsolved
149881860,rs4725838,CT,TT,CC,69,85,0,NC_000007.14,Mutation NB - Maternal Origin,Transition - Pyrimidine/Pyrimidine,T>C
150427880,rs12538227,AA,AG,GG,82,1,30,NC_000007.14,Mutation NB - Paternal Origin,Transition - Purine/Purine,A>G
150427922,rs12533667,GG,GT,TT,82,1,30,NC_000007.14,Mutation NB - Paternal Origin,Transversion - Purine/Pyrimidine,G>T
151552346,rs7806203,CC,CC,CT,85,100,99,NC_000007.14,Mutation NB - Paternal Origin,Transition - Pyrimidine/Pyrimidine,Unsolved
152106293,.,TT,TT,TC,16,1,71,NC_000007.14,Mutation NB - Maternal Origin,Transition - Pyrimidine/Pyrimidine,Unsolved
152504181,rs4726163,CC,CC,TT,100,91,12,NC_000007.14,Mutation NB - Maternal Origin,Transition - Pyrimidine/Pyrimidine,Unsolved
153956295,rs1544529,AA,GG,GG,88,85,0,NC_000007.14,Mutation NB - Paternal Origin,Transition - Purine/Purine,A>G
155227287,rs6954005,GA,GG,AA,29,100,12,NC_000007.14,Mutation NB - Maternal Origin,Transition - Purine/Purine,G>A
156200523,rs10949801,GG,GT,TT,73,1,24,NC_000007.14,Mutation NB - Paternal Origin,Transversion - Purine/Pyrimidine,G>T
156235862,rs1873884,AG,GG,AA,1,91,0,NC_000007.14,Mutation NB - Maternal Origin,Transition - Purine/Purine,G>A
157291361,rs7805862,AA,CA,CC,76,22,0,NC_000007.14,Mutation NB - Paternal Origin,Transversion - Purine/Pyrimidine,A>C
158526296,rs10949731,GG,AA,GG,82,76,15,NC_000007.14,Mutation NB - Maternal Origin,Transition - Purine/Purine,A>G
158607491,rs10262207,TT,TC,CC,100,67,9,NC_000007.14,Mutation NB - Paternal Origin,Transition - Pyrimidine/Pyrimidine,T>C
158740376,rs10248059,AA,AA,AG,1,49,41,NC_000007.14,Mutation NB - Paternal Origin,Transition - Purine/Purine,Unsolved
159103105,rs73169249,CC,CC,CA,58,100,99,NC_000007.14,Mutation NB - Paternal Origin,Transversion - Purine/Pyrimidine,Unsolved
159103112,rs73169250,GG,GG,GA,58,100,99,NC_000007.14,Mutation NB - Paternal Origin,Transition - Purine/Purine,Unsolved
159255035,rs6955345,CC,CG,GG,88,32,18,NC_000007.14,Mutation NB - Paternal Origin,Transversion - Purine/Pyrimidine,C>G
159292147,rs6459942,AA,AT,TT,100,1,27,NC_000007.14,Mutation NB - Paternal Origin,Transversion - Purine/Pyrimidine,A>T
276672,rs73668569,TT,TT,TC,100,82,99,NC_000008.11,Mutation NB - Maternal Origin,Transition - Pyrimidine/Pyrimidine,Unsolved
624754,rs34879583,CC,TT,CC,88,100,9,NC_000008.11,Mutation NB - Maternal Origin,Transition - Pyrimidine/Pyrimidine,T>C
2963061,rs922994,TT,CC,TT,67,58,0,NC_000008.11,Mutation NB - Maternal Origin,Transition - Pyrimidine/Pyrimidine,C>T
3660230,rs17325726,AA,GG,GG,88,79,9,NC_000008.11,Mutation NB - Paternal Origin,Transition - Purine/Purine,A>G
3777716,rs76092726,CC,GG,CC,79,82,12,NC_000008.11,Mutation NB - Maternal Origin,Transversion - Purine/Pyrimidine,G>C
14211231,rs62492296,CT,CC,TT,1,34,21,NC_000008.11,Mutation NB - Maternal Origin,Transversion - Purine/Pyrimidine,C>T
14660306,.,TT,TT,TC,88,79,62,NC_000008.11,Mutation NB - Maternal Origin,Transition - Pyrimidine/Pyrimidine,Unsolved
17640737,rs6980587,GG,AA,AA,100,28,48,NC_000008.11,Mutation NB - Paternal Origin,Transition - Purine/Purine,G>A
18189013,rs140887746,GG,GG,GA,100,51,99,NC_000008.11,Mutation NB - Maternal Origin,Transition - Purine/Purine,Unsolved
18189017,rs1329887699,GG,GG,GA,1,28,99,NC_000008.11,Mutation NB - Paternal Origin,Transition - Purine/Purine,Unsolved
19268718,rs75434612,CC,CT,TT,76,1,21,NC_000008.11,Mutation NB - Paternal Origin,Transition - Pyrimidine/Pyrimidine,C>T
19450681,.,AA,AA,AG,40,61,47,NC_000008.11,Mutation NB - Paternal Origin,Transition - Purine/Purine,Unsolved
20714967,rs77968484,AA,AA,AG,100,73,99,NC_000008.11,Mutation NB - Maternal Origin,Transition - Purine/Purine,Unsolved
22601560,rs900273,CC,TT,CC,85,100,18,NC_000008.11,Mutation NB - Maternal Origin,Transition - Pyrimidine/Pyrimidine,T>C
23301299,rs3808527,TT,TT,TC,79,85,68,NC_000008.11,Mutation NB - Paternal Origin,Transition - Pyrimidine/Pyrimidine,Unsolved
23384506,.,TT,TT,TC,73,79,41,NC_000008.11,Mutation NB - Paternal Origin,Transition - Pyrimidine/Pyrimidine,Unsolved
24955215,rs1258315149,TT,TT,CC,100,97,8,NC_000008.11,Mutation NB - Maternal Origin,Transition - Pyrimidine/Pyrimidine,Unsolved
25194856,rs6996838,TC,CC,TT,1,70,0,NC_000008.11,Mutation NB - Maternal Origin,Transversion - Purine/Pyrimidine,C>T
25872236,rs4568629,AA,AG,GG,100,1,21,NC_000008.11,Mutation NB - Paternal Origin,Transition - Purine/Purine,A>G
26214480,rs4310215,GA,AA,GG,1,82,0,NC_000008.11,Mutation NB - Maternal Origin,Transition - Purine/Purine,A>G
27697334,rs693832,CC,TT,TT,57,46,81,NC_000008.11,Mutation NB - Paternal Origin,Transition - Pyrimidine/Pyrimidine,C>T
27697344,rs693841,CC,TT,TT,19,46,81,NC_000008.11,Mutation NB - Paternal Origin,Transition - Pyrimidine/Pyrimidine,C>T
29822345,rs28418618,TC,TT,CC,1,76,9,NC_000008.11,Mutation NB - Maternal Origin,Transition - Pyrimidine/Pyrimidine,T>C
29910360,rs116615817,GG,GG,GA,100,76,88,NC_000008.11,Mutation NB - Maternal Origin,Transition - Purine/Purine,Unsolved
30696749,rs2978303,GA,GG,AA,1,88,12,NC_000008.11,Mutation NB - Maternal Origin,Transition - Purine/Purine,G>A
32231912,.,TT,TT,TA,70,67,47,NC_000008.11,Mutation NB - Maternal Origin,Transition - Pyrimidine/Pyrimidine,Transversion - Purine/Pyrimidine,Unsolved
34477731,rs2044358,GG,GG,GA,100,52,68,NC_000008.11,Mutation NB - Maternal Origin,Transition - Purine/Purine,Unsolved
34477752,rs2044357,CC,CC,CT,100,52,68,NC_000008.11,Mutation NB - Maternal Origin,Transition - Pyrimidine/Pyrimidine,Unsolved
34477765,rs2044356,CC,CC,CT,100,52,58,NC_000008.11,Mutation NB - Maternal Origin,Transition - Pyrimidine/Pyrimidine,Unsolved
35613032,rs10088733,CC,CC,CT,85,100,68,NC_000008.11,Mutation NB - Paternal Origin,Transition - Pyrimidine/Pyrimidine,Unsolved
37621878,rs13268564,GG,AG,AA,67,1,0,NC_000008.11,Mutation NB - Paternal Origin,Transition - Purine/Purine,G>A
38587907,rs1665529,AA,CA,CC,52,1,0,NC_000008.11,Mutation NB - Paternal Origin,Transversion - Purine/Pyrimidine,A>C
41851552,rs2355641,GG,GG,GA,100,67,99,NC_000008.11,Mutation NB - Maternal Origin,Transition - Purine/Purine,Unsolved
42537072,rs6474402,CC,TT,CC,85,100,12,NC_000008.11,Mutation NB - Maternal Origin,Transition - Pyrimidine/Pyrimidine,T>C
46178738,rs117188128,CC,TT,CC,91,91,9,NC_000008.11,Mutation NB - Maternal Origin,Transition - Pyrimidine/Pyrimidine,T>C
46272671,.,AA,AA,AG,79,79,44,NC_000008.11,Mutation NB - Paternal or Maternal,Transition - Purine/Purine,Unsolved
46621181,.,AA,AA,AG,76,73,76,NC_000008.11,Mutation NB - Maternal Origin,Transition - Purine/Purine,Unsolved
47619632,rs80018198,CC,TT,TT,87,61,21,NC_000008.11,Mutation NB - Paternal Origin,Transition - Pyrimidine/Pyrimidine,C>T
51292406,rs73577635,CC,CC,CG,100,64,99,NC_000008.11,Mutation NB - Maternal Origin,Transversion - Purine/Pyrimidine,Unsolved
51879016,rs11786818,CT,TT,CC,67,91,0,NC_000008.11,Mutation NB - Maternal Origin,Transition - Pyrimidine/Pyrimidine,T>C
52523571,rs7820696,AA,GA,GG,91,35,18,NC_000008.11,Mutation NB - Paternal Origin,Transition - Purine/Purine,A>G
53483816,rs1585634,CC,GG,GG,88,67,0,NC_000008.11,Mutation NB - Paternal Origin,Transversion - Purine/Pyrimidine,C>G
55416496,rs6995072,AA,AA,AG,82,76,98,NC_000008.11,Mutation NB - Maternal Origin,Transition - Purine/Purine,Unsolved
55454395,.,AA,AA,AG,70,79,65,NC_000008.11,Mutation NB - Paternal Origin,Transition - Purine/Purine,Unsolved
56082483,rs141346239,TC,TT,CC,32,73,12,NC_000008.11,Mutation NB - Maternal Origin,Transition - Pyrimidine/Pyrimidine,T>C
56320331,rs72656063,AA,CC,AA,55,91,0,NC_000008.11,Mutation NB - Maternal Origin,Transversion - Purine/Pyrimidine,C>A
58225107,rs28536192,GG,CC,GG,67,67,0,NC_000008.11,Mutation NB - Maternal Origin,Transversion - Purine/Pyrimidine,C>G
58738373,rs6471750,TC,TT,CC,41,91,15,NC_000008.11,Mutation NB - Maternal Origin,Transition - Pyrimidine/Pyrimidine,T>C
62051932,rs7014320,CT,CC,TT,1,79,24,NC_000008.11,Mutation NB - Maternal Origin,Transversion - Purine/Pyrimidine,C>T
65975563,rs7001181,TT,TT,TA,88,73,71,NC_000008.11,Mutation NB - Maternal Origin,Transition - Pyrimidine/Pyrimidine,Transversion - Purine/Pyrimidine,Unsolved
66210362,rs79724805,CC,CC,CT,100,76,30,NC_000008.11,Mutation NB - Maternal Origin,Transition - Pyrimidine/Pyrimidine,Unsolved
72345867,.,TT,TT,TC,73,79,60,NC_000008.11,Mutation NB - Paternal Origin,Transition - Pyrimidine/Pyrimidine,Unsolved
72523199,rs349369,TT,CC,TT,100,73,0,NC_000008.11,Mutation NB - Maternal Origin,Transition - Pyrimidine/Pyrimidine,C>T
75849948,rs10086758,CC,CC,CA,100,100,99,NC_000008.11,Mutation NB - Paternal or Maternal,Transversion - Purine/Pyrimidine,Unsolved
77287983,rs4310179,TT,CC,CC,88,73,0,NC_000008.11,Mutation NB - Paternal Origin,Transition - Pyrimidine/Pyrimidine,T>C
77672165,rs12676909,TT,AA,TT,79,100,18,NC_000008.11,Mutation NB - Maternal Origin,Transversion - Purine/Pyrimidine,A>T
77672168,rs12674982,GG,TT,GG,79,100,18,NC_000008.11,Mutation NB - Maternal Origin,Transition - Purine/Purine,Transversion - Purine/Pyrimidine,T>G
79403621,.,TT,TT,TG,100,85,62,NC_000008.11,Mutation NB - Maternal Origin,Transition - Pyrimidine/Pyrimidine,Transversion - Purine/Pyrimidine,Unsolved
79723355,rs1357097,TT,TC,CC,100,67,12,NC_000008.11,Mutation NB - Paternal Origin,Transition - Pyrimidine/Pyrimidine,T>C
79880723,.,GG,GG,GA,85,76,52,NC_000008.11,Mutation NB - Maternal Origin,Transition - Purine/Purine,Unsolved
92317772,rs2928917,AA,GG,AA,85,70,0,NC_000008.11,Mutation NB - Maternal Origin,Transition - Purine/Purine,G>A
94639345,rs13268847,GG,CC,GG,73,73,15,NC_000008.11,Mutation NB - Maternal Origin,Transversion - Purine/Pyrimidine,C>G
94639371,rs2162237,AA,CC,AA,73,73,0,NC_000008.11,Mutation NB - Maternal Origin,Transversion - Purine/Pyrimidine,C>A
94639617,rs16916937,GG,AA,AA,76,85,0,NC_000008.11,Mutation NB - Paternal Origin,Transition - Purine/Purine,G>A
94965166,rs1349763,GG,AA,AA,46,67,0,NC_000008.11,Mutation NB - Paternal Origin,Transition - Purine/Purine,G>A
98144930,rs149834506,CC,CC,CT,100,76,65,NC_000008.11,Mutation NB - Maternal Origin,Transition - Pyrimidine/Pyrimidine,Unsolved
100192773,rs2453662,AA,AA,AG,100,79,27,NC_000008.11,Mutation NB - Maternal Origin,Transition - Purine/Purine,Unsolved
100213749,.,TT,TT,TC,67,76,59,NC_000008.11,Mutation NB - Paternal Origin,Transition - Pyrimidine/Pyrimidine,Unsolved
100658425,rs1786349,CT,TT,CC,1,19,0,NC_000008.11,Mutation NB - Maternal Origin,Transition - Pyrimidine/Pyrimidine,T>C
100917523,.,TT,TT,TC,70,61,50,NC_000008.11,Mutation NB - Maternal Origin,Transition - Pyrimidine/Pyrimidine,Unsolved
101291922,rs73282370,AA,AG,GG,73,60,12,NC_000008.11,Mutation NB - Paternal Origin,Transition - Purine/Purine,A>G
105262934,rs2957419,GG,GG,GC,91,100,33,NC_000008.11,Mutation NB - Paternal Origin,Transition - Purine/Purine,Transversion - Purine/Pyrimidine,Unsolved
105263148,rs2957421,GG,GG,GA,79,100,30,NC_000008.11,Mutation NB - Paternal Origin,Transition - Purine/Purine,Unsolved
107123540,rs4439101,CC,CC,CT,100,37,99,NC_000008.11,Mutation NB - Maternal Origin,Transition - Pyrimidine/Pyrimidine,Unsolved
108688926,rs1185659417,AA,AA,AG,67,79,50,NC_000008.11,Mutation NB - Paternal Origin,Transition - Purine/Purine,Unsolved
119300665,rs2432966,TT,TA,AA,100,33,18,NC_000008.11,Mutation NB - Paternal Origin,Transversion - Purine/Pyrimidine,T>A
121203675,rs7818568,GG,TT,TT,85,100,12,NC_000008.11,Mutation NB - Paternal Origin,Transversion - Purine/Pyrimidine,G>T
121290621,rs12115139,CC,GG,CC,91,88,9,NC_000008.11,Mutation NB - Maternal Origin,Transversion - Purine/Pyrimidine,G>C
122949864,rs7002939,GG,CC,GG,91,88,0,NC_000008.11,Mutation NB - Maternal Origin,Transversion - Purine/Pyrimidine,C>G
123542265,rs115879283,GG,GG,GC,61,82,99,NC_000008.11,Mutation NB - Paternal Origin,Transition - Purine/Purine,Transversion - Purine/Pyrimidine,Unsolved
123542304,rs115979029,CC,CC,CT,61,82,99,NC_000008.11,Mutation NB - Paternal Origin,Transition - Pyrimidine/Pyrimidine,Unsolved
123666924,rs72713116,AA,GG,AA,88,73,15,NC_000008.11,Mutation NB - Maternal Origin,Transition - Purine/Purine,G>A
127046821,rs10956349,CC,CC,CT,85,79,86,NC_000008.11,Mutation NB - Maternal Origin,Transition - Pyrimidine/Pyrimidine,Unsolved
128000328,rs10087240,CC,CT,TT,82,3,12,NC_000008.11,Mutation NB - Paternal Origin,Transition - Pyrimidine/Pyrimidine,C>T
128362168,.,AA,AA,AC,49,52,72,NC_000008.11,Mutation NB - Paternal Origin,Transversion - Purine/Pyrimidine,Unsolved
128362170,.,GG,GG,GC,49,52,72,NC_000008.11,Mutation NB - Paternal Origin,Transition - Purine/Purine,Transversion - Purine/Pyrimidine,Unsolved
133497877,rs7829404,TT,CC,TT,100,88,0,NC_000008.11,Mutation NB - Maternal Origin,Transition - Pyrimidine/Pyrimidine,C>T
133507236,rs6989914,CC,CC,CT,100,79,68,NC_000008.11,Mutation NB - Maternal Origin,Transition - Pyrimidine/Pyrimidine,Unsolved
134261397,rs1838912,TC,TT,CC,32,100,18,NC_000008.11,Mutation NB - Maternal Origin,Transition - Pyrimidine/Pyrimidine,T>C
134272099,rs7817297,AA,TT,AA,70,91,27,NC_000008.11,Mutation NB - Maternal Origin,Transversion - Purine/Pyrimidine,T>A
134363441,rs4543574,CT,TT,CC,32,76,0,NC_000008.11,Mutation NB - Maternal Origin,Transition - Pyrimidine/Pyrimidine,T>C
135034202,rs73367379,GG,GA,AA,49,1,18,NC_000008.11,Mutation NB - Paternal Origin,Transition - Purine/Purine,G>A
135034218,rs73367380,GG,GA,AA,49,1,18,NC_000008.11,Mutation NB - Paternal Origin,Transition - Purine/Purine,G>A
135404925,rs34872299,CC,TT,TT,88,82,21,NC_000008.11,Mutation NB - Paternal Origin,Transition - Pyrimidine/Pyrimidine,C>T
138697562,rs7835385,TT,GT,GG,77,33,21,NC_000008.11,Mutation NB - Paternal Origin,Transversion - Purine/Pyrimidine,T>G
138698563,rs73435045,GG,GG,GA,88,100,59,NC_000008.11,Mutation NB - Paternal Origin,Transition - Purine/Purine,Unsolved
139571945,rs4736081,CC,TT,TT,55,79,15,NC_000008.11,Mutation NB - Paternal Origin,Transition - Pyrimidine/Pyrimidine,C>T
139803380,.,TT,TT,TC,1,1,62,NC_000008.11,Mutation NB - Paternal or Maternal,Transition - Pyrimidine/Pyrimidine,Unsolved
139958159,rs2614733,AA,AA,AG,91,100,59,NC_000008.11,Mutation NB - Paternal Origin,Transition - Purine/Purine,Unsolved
140591131,rs1588485513,TT,TT,TC,55,61,47,NC_000008.11,Mutation NB - Paternal Origin,Transition - Pyrimidine/Pyrimidine,Unsolved
140678621,.,TT,TT,TC,55,67,53,NC_000008.11,Mutation NB - Paternal Origin,Transition - Pyrimidine/Pyrimidine,Unsolved
141022021,.,GG,GG,GA,85,55,62,NC_000008.11,Mutation NB - Maternal Origin,Transition - Purine/Purine,Unsolved
141096604,rs56693986,GG,AA,AA,85,82,18,NC_000008.11,Mutation NB - Paternal Origin,Transition - Purine/Purine,G>A
141476269,rs7813685,CC,CC,CT,100,100,59,NC_000008.11,Mutation NB - Paternal or Maternal,Transition - Pyrimidine/Pyrimidine,Unsolved
142046035,.,TT,TT,TC,46,64,59,NC_000008.11,Mutation NB - Paternal Origin,Transition - Pyrimidine/Pyrimidine,Unsolved
142059665,rs11985865,AG,GG,AA,1,79,0,NC_000008.11,Mutation NB - Maternal Origin,Transition - Purine/Purine,G>A
142973762,rs9330408,GG,AA,AA,85,82,0,NC_000008.11,Mutation NB - Paternal Origin,Transition - Purine/Purine,G>A
143933980,.,TT,TT,TC,91,82,68,NC_000008.11,Mutation NB - Maternal Origin,Transition - Pyrimidine/Pyrimidine,Unsolved
144116046,rs746153714,CC,CC,AC,67,91,33,NC_000008.11,Mutation NB - Paternal Origin,Transversion - Purine/Pyrimidine,Unsolved
144116050,rs770105802,CC,CC,AC,67,91,33,NC_000008.11,Mutation NB - Paternal Origin,Transversion - Purine/Pyrimidine,Unsolved
144581583,rs2721183,TC,CC,TT,67,88,0,NC_000008.11,Mutation NB - Maternal Origin,Transversion - Purine/Pyrimidine,C>T
361117,.,TT,TT,TC,46,61,50,NC_000009.12,Mutation NB - Paternal Origin,Transition - Pyrimidine/Pyrimidine,Unsolved
1304815,rs7864098,GG,GG,GA,79,100,56,NC_000009.12,Mutation NB - Paternal Origin,Transition - Purine/Purine,Unsolved
1676825,rs4741576,GG,AA,AA,79,100,0,NC_000009.12,Mutation NB - Paternal Origin,Transition - Purine/Purine,G>A
2514546,rs10966659,CC,TT,CC,70,58,0,NC_000009.12,Mutation NB - Maternal Origin,Transition - Pyrimidine/Pyrimidine,T>C
2876109,rs4013819,CC,GG,CC,79,91,12,NC_000009.12,Mutation NB - Maternal Origin,Transversion - Purine/Pyrimidine,G>C
4531881,.,CC,CC,CT,58,49,47,NC_000009.12,Mutation NB - Maternal Origin,Transition - Pyrimidine/Pyrimidine,Unsolved
6263836,.,TT,TT,TC,58,58,56,NC_000009.12,Mutation NB - Paternal or Maternal,Transition - Pyrimidine/Pyrimidine,Unsolved
7213436,rs55975448,CC,CT,TT,40,1,36,NC_000009.12,Mutation NB - Paternal Origin,Transition - Pyrimidine/Pyrimidine,C>T
8473160,.,AA,AA,AG,67,85,50,NC_000009.12,Mutation NB - Paternal Origin,Transition - Purine/Purine,Unsolved
9668019,rs10739196,AA,GG,GG,91,91,12,NC_000009.12,Mutation NB - Paternal Origin,Transition - Purine/Purine,A>G
9930493,rs10978098,AA,TT,TT,100,88,9,NC_000009.12,Mutation NB - Paternal Origin,Transversion - Purine/Pyrimidine,A>T
9930518,rs10978099,CC,GG,GG,100,88,9,NC_000009.12,Mutation NB - Paternal Origin,Transversion - Purine/Pyrimidine,C>G
14847177,rs10810271,CC,TT,CC,88,91,12,NC_000009.12,Mutation NB - Maternal Origin,Transition - Pyrimidine/Pyrimidine,T>C
15296854,rs10121612,AA,CC,AA,43,52,30,NC_000009.12,Mutation NB - Maternal Origin,Transversion - Purine/Pyrimidine,C>A
15914474,rs3008695,CC,AC,AA,52,1,0,NC_000009.12,Mutation NB - Paternal Origin,Transversion - Purine/Pyrimidine,C>A
19492975,rs10117909,GG,GG,AG,91,85,33,NC_000009.12,Mutation NB - Maternal Origin,Transition - Purine/Purine,Unsolved
19580276,rs3780214,GG,GG,GT,100,58,99,NC_000009.12,Mutation NB - Maternal Origin,Transversion - Purine/Pyrimidine,Unsolved
20892509,rs10811423,TT,CT,CC,85,1,0,NC_000009.12,Mutation NB - Paternal Origin,Transition - Pyrimidine/Pyrimidine,T>C
21435429,.,TT,TT,TG,64,43,83,NC_000009.12,Mutation NB - Maternal Origin,Transition - Pyrimidine/Pyrimidine,Transversion - Purine/Pyrimidine,Unsolved
21772038,rs7037577,AA,GG,AA,64,100,15,NC_000009.12,Mutation NB - Maternal Origin,Transition - Purine/Purine,G>A
21842033,rs111920273,AA,AA,AG,91,76,24,NC_000009.12,Mutation NB - Maternal Origin,Transition - Purine/Purine,Unsolved
25188608,rs10812203,CC,GG,CC,79,85,12,NC_000009.12,Mutation NB - Maternal Origin,Transversion - Purine/Pyrimidine,G>C
27741514,rs1082666,GC,GG,CC,1,55,9,NC_000009.12,Mutation NB - Maternal Origin,Transversion - Purine/Pyrimidine,G>C
27785572,rs2795326,AA,AA,AG,100,91,59,NC_000009.12,Mutation NB - Maternal Origin,Transition - Purine/Purine,Unsolved
29446499,rs149904964,TT,TT,TC,91,100,59,NC_000009.12,Mutation NB - Paternal Origin,Transition - Pyrimidine/Pyrimidine,Unsolved
31310018,.,TT,TT,TC,40,58,44,NC_000009.12,Mutation NB - Paternal Origin,Transition - Pyrimidine/Pyrimidine,Unsolved
31854193,rs11795065,GG,AA,GG,88,85,12,NC_000009.12,Mutation NB - Maternal Origin,Transition - Purine/Purine,A>G
32754981,rs10738894,GG,CG,CC,79,1,0,NC_000009.12,Mutation NB - Paternal Origin,Transversion - Purine/Pyrimidine,G>C
32755030,rs10758161,TT,CT,CC,79,1,0,NC_000009.12,Mutation NB - Paternal Origin,Transition - Pyrimidine/Pyrimidine,T>C
32902904,rs10813896,GG,GG,GT,100,79,30,NC_000009.12,Mutation NB - Maternal Origin,Transversion - Purine/Pyrimidine,Unsolved
33378000,rs60257421,AA,AG,GG,61,35,18,NC_000009.12,Mutation NB - Paternal Origin,Transition - Purine/Purine,A>G
34414194,.,AA,AA,AG,49,31,47,NC_000009.12,Mutation NB - Maternal Origin,Transition - Purine/Purine,Unsolved
35416587,.,AA,AA,AG,76,79,47,NC_000009.12,Mutation NB - Paternal Origin,Transition - Purine/Purine,Unsolved
35680450,.,AA,AA,AG,82,85,71,NC_000009.12,Mutation NB - Paternal Origin,Transition - Purine/Purine,Unsolved
35739102,.,GG,GG,GT,67,82,50,NC_000009.12,Mutation NB - Paternal Origin,Transversion - Purine/Pyrimidine,Unsolved
35905053,rs10814294,AA,CC,CC,88,100,33,NC_000009.12,Mutation NB - Paternal Origin,Transversion - Purine/Pyrimidine,A>C
36856271,rs10511934,CC,TT,TT,85,85,24,NC_000009.12,Mutation NB - Paternal Origin,Transition - Pyrimidine/Pyrimidine,C>T
36856322,.,AA,AA,AG,82,82,57,NC_000009.12,Mutation NB - Paternal or Maternal,Transition - Purine/Purine,Unsolved
64071461,rs1443508936,CC,CC,CA,100,88,62,NC_000009.12,Mutation NB - Maternal Origin,Transversion - Purine/Pyrimidine,Unsolved
69395550,rs4484762,CC,AA,AA,100,79,18,NC_000009.12,Mutation NB - Paternal Origin,Transversion - Purine/Pyrimidine,C>A
70241146,rs2768646,TT,AA,TT,70,88,0,NC_000009.12,Mutation NB - Maternal Origin,Transversion - Purine/Pyrimidine,A>T
75269171,rs58895705,CC,CC,CT,70,79,99,NC_000009.12,Mutation NB - Paternal Origin,Transition - Pyrimidine/Pyrimidine,Unsolved
75346067,rs137939624,CC,CT,TT,82,2,12,NC_000009.12,Mutation NB - Paternal Origin,Transition - Pyrimidine/Pyrimidine,C>T
76663445,.,AA,AA,AG,67,61,53,NC_000009.12,Mutation NB - Maternal Origin,Transition - Purine/Purine,Unsolved
78950083,rs10117058,GG,GG,CG,85,88,33,NC_000009.12,Mutation NB - Paternal Origin,Transition - Purine/Purine,Transversion - Purine/Pyrimidine,Unsolved
83717377,rs4877800,CA,CC,AA,1,67,27,NC_000009.12,Mutation NB - Maternal Origin,Transversion - Purine/Pyrimidine,C>A
86280596,rs10121963,GG,AA,AA,91,82,0,NC_000009.12,Mutation NB - Paternal Origin,Transition - Purine/Purine,G>A
88856543,rs4602975,TT,AA,AA,100,61,51,NC_000009.12,Mutation NB - Paternal Origin,Transversion - Purine/Pyrimidine,T>A
89626932,rs17539995,GG,AA,GG,85,91,42,NC_000009.12,Mutation NB - Maternal Origin,Transition - Purine/Purine,A>G
89796642,rs11265957,CC,CC,CT,88,100,68,NC_000009.12,Mutation NB - Paternal Origin,Transition - Pyrimidine/Pyrimidine,Unsolved
89848899,rs898144528,CG,CC,GG,70,100,27,NC_000009.12,Mutation NB - Maternal Origin,Transversion - Purine/Pyrimidine,C>G
89848918,rs1008177969,GG,GG,GA,88,100,98,NC_000009.12,Mutation NB - Paternal Origin,Transition - Purine/Purine,Unsolved
89923067,rs7021720,CC,TT,TT,100,82,24,NC_000009.12,Mutation NB - Paternal Origin,Transition - Pyrimidine/Pyrimidine,C>T
89942985,.,TT,TT,TC,82,70,56,NC_000009.12,Mutation NB - Maternal Origin,Transition - Pyrimidine/Pyrimidine,Unsolved
90811955,rs290239,GG,CC,CC,88,88,15,NC_000009.12,Mutation NB - Paternal Origin,Transversion - Purine/Pyrimidine,G>C
93825514,.,AA,AA,AG,1,40,53,NC_000009.12,Mutation NB - Paternal Origin,Transition - Purine/Purine,Unsolved
94156900,rs10114341,TC,CC,TT,1,91,18,NC_000009.12,Mutation NB - Maternal Origin,Transversion - Purine/Pyrimidine,C>T
94524061,rs10993228,GG,AA,AA,91,88,12,NC_000009.12,Mutation NB - Paternal Origin,Transition - Purine/Purine,G>A
95494599,.,CC,CC,CT,91,79,53,NC_000009.12,Mutation NB - Maternal Origin,Transition - Pyrimidine/Pyrimidine,Unsolved
95947449,rs1227684870,AA,AA,AG,25,58,56,NC_000009.12,Mutation NB - Paternal Origin,Transition - Purine/Purine,Unsolved
97221624,rs12685723,GG,AA,AA,100,79,33,NC_000009.12,Mutation NB - Paternal Origin,Transition - Purine/Purine,G>A
98302833,rs7869257,TT,GG,TT,73,70,18,NC_000009.12,Mutation NB - Maternal Origin,Transversion - Purine/Pyrimidine,G>T
98306367,rs2304390,GG,AA,GG,91,73,0,NC_000009.12,Mutation NB - Maternal Origin,Transition - Purine/Purine,A>G
98409990,.,TT,TT,TC,88,85,58,NC_000009.12,Mutation NB - Maternal Origin,Transition - Pyrimidine/Pyrimidine,Unsolved
99072137,rs885155,GG,AA,AA,88,82,18,NC_000009.12,Mutation NB - Paternal Origin,Transition - Purine/Purine,G>A
99072157,rs885154,AA,GG,GG,88,85,18,NC_000009.12,Mutation NB - Paternal Origin,Transition - Purine/Purine,A>G
106955893,.,AA,AA,AG,73,76,62,NC_000009.12,Mutation NB - Paternal Origin,Transition - Purine/Purine,Unsolved
107130926,.,AA,AA,AG,58,82,44,NC_000009.12,Mutation NB - Paternal Origin,Transition - Purine/Purine,Unsolved
108518211,rs2147015,AA,GG,GG,52,73,0,NC_000009.12,Mutation NB - Paternal Origin,Transition - Purine/Purine,A>G
108878093,rs760084617,TT,TT,TC,1,49,77,NC_000009.12,Mutation NB - Paternal Origin,Transition - Pyrimidine/Pyrimidine,Unsolved
109100742,rs1519467,AG,GG,AA,67,88,21,NC_000009.12,Mutation NB - Maternal Origin,Transition - Purine/Purine,G>A
109100749,rs1519468,TC,CC,TT,67,88,21,NC_000009.12,Mutation NB - Maternal Origin,Transversion - Purine/Pyrimidine,C>T
109338463,rs73523091,CC,TT,CC,88,91,15,NC_000009.12,Mutation NB - Maternal Origin,Transition - Pyrimidine/Pyrimidine,T>C
109338678,rs7857376,AA,GG,AA,82,100,24,NC_000009.12,Mutation NB - Maternal Origin,Transition - Purine/Purine,G>A
111401670,rs182942464,TT,CC,CC,85,79,42,NC_000009.12,Mutation NB - Paternal Origin,Transition - Pyrimidine/Pyrimidine,T>C
111501591,rs7048250,CC,CC,CT,61,70,99,NC_000009.12,Mutation NB - Paternal Origin,Transition - Pyrimidine/Pyrimidine,Unsolved
113213930,.,TT,TT,TC,73,76,44,NC_000009.12,Mutation NB - Paternal Origin,Transition - Pyrimidine/Pyrimidine,Unsolved
113430708,.,AA,AA,AG,46,58,41,NC_000009.12,Mutation NB - Paternal Origin,Transition - Purine/Purine,Unsolved
113506312,.,CC,CC,CT,91,85,63,NC_000009.12,Mutation NB - Maternal Origin,Transition - Pyrimidine/Pyrimidine,Unsolved
113956597,rs2026143,GG,AA,AA,91,91,18,NC_000009.12,Mutation NB - Paternal Origin,Transition - Purine/Purine,G>A
114541631,rs10513249,CC,CC,GG,85,88,15,NC_000009.12,Mutation NB - Paternal Origin,Transversion - Purine/Pyrimidine,Unsolved
114550175,rs12684053,CC,CC,CT,100,100,65,NC_000009.12,Mutation NB - Paternal or Maternal,Transition - Pyrimidine/Pyrimidine,Unsolved
114907534,rs17292087,CC,GG,GG,91,67,9,NC_000009.12,Mutation NB - Paternal Origin,Transversion - Purine/Pyrimidine,C>G
115453089,rs7045507,AA,CA,CC,79,32,0,NC_000009.12,Mutation NB - Paternal Origin,Transversion - Purine/Pyrimidine,A>C
120409477,rs2297454,TT,CC,TT,88,76,0,NC_000009.12,Mutation NB - Maternal Origin,Transition - Pyrimidine/Pyrimidine,C>T
120948172,rs12377743,GG,GG,GA,79,85,99,NC_000009.12,Mutation NB - Paternal Origin,Transition - Purine/Purine,Unsolved
123389682,rs6478609,GG,CC,GG,40,79,21,NC_000009.12,Mutation NB - Maternal Origin,Transversion - Purine/Pyrimidine,C>G
123818811,rs471956,TT,TT,TC,91,100,99,NC_000009.12,Mutation NB - Paternal Origin,Transition - Pyrimidine/Pyrimidine,Unsolved
126380076,rs141481297,GG,AA,GG,88,91,0,NC_000009.12,Mutation NB - Maternal Origin,Transition - Purine/Purine,A>G
126487972,rs4837092,TT,TC,CC,88,36,12,NC_000009.12,Mutation NB - Paternal Origin,Transition - Pyrimidine/Pyrimidine,T>C
126510789,rs547117241,TT,TT,TG,100,82,65,NC_000009.12,Mutation NB - Maternal Origin,Transition - Pyrimidine/Pyrimidine,Transversion - Purine/Pyrimidine,Unsolved
127178860,rs883747,TC,TT,CC,1,76,15,NC_000009.12,Mutation NB - Maternal Origin,Transition - Pyrimidine/Pyrimidine,T>C
127197027,rs113817206,CC,CC,CA,88,100,62,NC_000009.12,Mutation NB - Paternal Origin,Transversion - Purine/Pyrimidine,Unsolved
127535130,rs2247361,CC,TT,TT,100,79,12,NC_000009.12,Mutation NB - Paternal Origin,Transition - Pyrimidine/Pyrimidine,C>T
128447205,rs7866034,GG,GT,TT,70,1,15,NC_000009.12,Mutation NB - Paternal Origin,Transversion - Purine/Pyrimidine,G>T
130321175,rs912249610,GG,AG,AA,46,1,0,NC_000009.12,Mutation NB - Paternal Origin,Transition - Purine/Purine,G>A
131592069,rs2296951,AA,AG,GG,100,29,21,NC_000009.12,Mutation NB - Paternal Origin,Transition - Purine/Purine,A>G
131784886,rs3012748,CC,AA,AA,88,100,0,NC_000009.12,Mutation NB - Paternal Origin,Transversion - Purine/Pyrimidine,C>A
131791800,rs11243530,CC,TT,CC,100,85,0,NC_000009.12,Mutation NB - Maternal Origin,Transition - Pyrimidine/Pyrimidine,T>C
132183351,rs11243654,GG,GG,AA,88,100,12,NC_000009.12,Mutation NB - Paternal Origin,Transition - Purine/Purine,Unsolved
132208283,rs12001245,GG,GG,AA,82,67,18,NC_000009.12,Mutation NB - Maternal Origin,Transition - Purine/Purine,Unsolved
132727281,rs7856950,GG,GG,CC,82,82,0,NC_000009.12,Mutation NB - Paternal or Maternal,Transversion - Purine/Pyrimidine,Unsolved
132727340,rs1999121,CC,CC,TT,82,82,0,NC_000009.12,Mutation NB - Paternal or Maternal,Transition - Pyrimidine/Pyrimidine,Unsolved
133165097,rs11244014,GG,GG,GA,91,85,71,NC_000009.12,Mutation NB - Maternal Origin,Transition - Purine/Purine,Unsolved
133540291,.,CC,CC,CT,1,28,53,NC_000009.12,Mutation NB - Paternal Origin,Transition - Pyrimidine/Pyrimidine,Unsolved
133670466,rs2797844,CC,TT,CC,91,100,15,NC_000009.12,Mutation NB - Maternal Origin,Transition - Pyrimidine/Pyrimidine,T>C
134053017,rs2520099,TT,CC,CC,91,91,9,NC_000009.12,Mutation NB - Paternal Origin,Transition - Pyrimidine/Pyrimidine,T>C
134209602,rs60376287,CC,TT,CC,70,55,0,NC_000009.12,Mutation NB - Maternal Origin,Transition - Pyrimidine/Pyrimidine,T>C
134380797,rs34732599,AA,GG,GG,91,91,0,NC_000009.12,Mutation NB - Paternal Origin,Transition - Purine/Purine,A>G
134695782,rs4596720,AA,AA,AG,100,88,68,NC_000009.12,Mutation NB - Maternal Origin,Transition - Purine/Purine,Unsolved
134753059,rs3109673,AG,GG,AA,70,91,15,NC_000009.12,Mutation NB - Maternal Origin,Transition - Purine/Purine,G>A
134870120,.,AA,AA,AG,79,85,62,NC_000009.12,Mutation NB - Paternal Origin,Transition - Purine/Purine,Unsolved
135375012,rs1340068863,TT,TT,TG,100,100,99,NC_000009.12,Mutation NB - Paternal or Maternal,Transition - Pyrimidine/Pyrimidine,Transversion - Purine/Pyrimidine,Unsolved
135611570,rs872005,CC,TT,CC,79,82,0,NC_000009.12,Mutation NB - Maternal Origin,Transition - Pyrimidine/Pyrimidine,T>C
135688929,rs480422,AA,AA,AG,76,76,27,NC_000009.12,Mutation NB - Paternal or Maternal,Transition - Purine/Purine,Unsolved
136434474,rs7864967,CC,CT,TT,91,67,9,NC_000009.12,Mutation NB - Paternal Origin,Transition - Pyrimidine/Pyrimidine,C>T
136496760,rs751007903,GG,GG,GA,58,40,41,NC_000009.12,Mutation NB - Maternal Origin,Transition - Purine/Purine,Unsolved
136691082,rs60975651,GG,GA,AA,91,70,15,NC_000009.12,Mutation NB - Paternal Origin,Transition - Purine/Purine,G>A
136993099,.,AA,AA,AG,64,79,62,NC_000009.12,Mutation NB - Paternal Origin,Transition - Purine/Purine,Unsolved
137216790,rs11526462,CC,CC,CT,100,79,99,NC_000009.12,Mutation NB - Maternal Origin,Transition - Pyrimidine/Pyrimidine,Unsolved
137226375,rs77703000,CC,CC,CG,100,85,59,NC_000009.12,Mutation NB - Maternal Origin,Transversion - Purine/Pyrimidine,Unsolved
137262977,rs13294457,AA,GG,AA,82,100,12,NC_000009.12,Mutation NB - Maternal Origin,Transition - Purine/Purine,G>A
137488253,rs11137287,CC,TC,TT,76,70,0,NC_000009.12,Mutation NB - Paternal Origin,Transition - Pyrimidine/Pyrimidine,C>T
1203627,rs883490,GC,GG,CC,1,100,99,NC_000010.11,Mutation NB - Maternal Origin,Transversion - Purine/Pyrimidine,G>C
1208126,rs1013742539,CC,CC,CT,16,55,80,NC_000010.11,Mutation NB - Paternal Origin,Transition - Pyrimidine/Pyrimidine,Unsolved
1339568,rs7082890,GG,TT,TT,100,91,9,NC_000010.11,Mutation NB - Paternal Origin,Transversion - Purine/Pyrimidine,G>T
2939044,rs17281778,TC,CC,TT,1,85,0,NC_000010.11,Mutation NB - Maternal Origin,Transversion - Purine/Pyrimidine,C>T
3126166,.,AA,AA,AG,82,67,59,NC_000010.11,Mutation NB - Maternal Origin,Transition - Purine/Purine,Unsolved
3189647,.,AA,AA,AG,64,58,80,NC_000010.11,Mutation NB - Maternal Origin,Transition - Purine/Purine,Unsolved
3763498,rs117447313,TT,TG,GG,82,1,12,NC_000010.11,Mutation NB - Paternal Origin,Transversion - Purine/Pyrimidine,T>G
5591566,.,TT,TT,TC,79,49,44,NC_000010.11,Mutation NB - Maternal Origin,Transition - Pyrimidine/Pyrimidine,Unsolved
6486637,rs80124998,AA,AA,AG,100,70,62,NC_000010.11,Mutation NB - Maternal Origin,Transition - Purine/Purine,Unsolved
6654745,rs74113867,TC,TT,CC,1,91,57,NC_000010.11,Mutation NB - Maternal Origin,Transition - Pyrimidine/Pyrimidine,T>C
6840581,rs11254797,CT,CC,TT,67,82,12,NC_000010.11,Mutation NB - Maternal Origin,Transversion - Purine/Pyrimidine,C>T
7879999,.,CC,CC,CT,28,43,44,NC_000010.11,Mutation NB - Paternal Origin,Transition - Pyrimidine/Pyrimidine,Unsolved
8692798,rs7894531,GG,GG,GA,91,85,59,NC_000010.11,Mutation NB - Maternal Origin,Transition - Purine/Purine,Unsolved
10847498,rs10752210,AA,CC,CC,91,76,42,NC_000010.11,Mutation NB - Paternal Origin,Transversion - Purine/Pyrimidine,A>C
11351874,rs11257064,CC,TT,TT,100,82,12,NC_000010.11,Mutation NB - Paternal Origin,Transition - Pyrimidine/Pyrimidine,C>T
11397137,rs10905943,GG,AA,GG,91,91,0,NC_000010.11,Mutation NB - Maternal Origin,Transition - Purine/Purine,A>G
11825414,.,TT,TT,TC,1,19,39,NC_000010.11,Mutation NB - Paternal Origin,Transition - Pyrimidine/Pyrimidine,Unsolved
11894167,rs1006063674,TT,TC,CC,91,1,15,NC_000010.11,Mutation NB - Paternal Origin,Transition - Pyrimidine/Pyrimidine,T>C
12322971,.,AA,AA,AG,67,76,56,NC_000010.11,Mutation NB - Paternal Origin,Transition - Purine/Purine,Unsolved
14296223,.,GG,GG,GA,22,40,70,NC_000010.11,Mutation NB - Paternal Origin,Transition - Purine/Purine,Unsolved
15941702,rs10904643,AA,AA,AG,70,91,94,NC_000010.11,Mutation NB - Paternal Origin,Transition - Purine/Purine,Unsolved
15993425,rs778472572,CC,CC,CT,13,58,44,NC_000010.11,Mutation NB - Paternal Origin,Transition - Pyrimidine/Pyrimidine,Unsolved
18236241,rs2482109,GG,AA,AA,100,88,18,NC_000010.11,Mutation NB - Paternal Origin,Transition - Purine/Purine,G>A
20533407,.,AA,AA,AG,43,82,49,NC_000010.11,Mutation NB - Paternal Origin,Transition - Purine/Purine,Unsolved
21083741,rs4025874,AA,AG,GG,100,1,23,NC_000010.11,Mutation NB - Paternal Origin,Transition - Purine/Purine,A>G
22579858,rs12360229,GG,GG,GA,64,100,99,NC_000010.11,Mutation NB - Paternal Origin,Transition - Purine/Purine,Unsolved
22579890,rs60056993,TT,TT,TC,64,100,99,NC_000010.11,Mutation NB - Paternal Origin,Transition - Pyrimidine/Pyrimidine,Unsolved
24856154,.,AA,AA,AG,67,64,44,NC_000010.11,Mutation NB - Maternal Origin,Transition - Purine/Purine,Unsolved
27440816,rs11015783,GG,AA,AA,88,91,9,NC_000010.11,Mutation NB - Paternal Origin,Transition - Purine/Purine,G>A
28865053,rs2797473,CC,TT,TT,100,82,12,NC_000010.11,Mutation NB - Paternal Origin,Transition - Pyrimidine/Pyrimidine,C>T
31703446,rs76910216,AA,AA,AG,88,100,99,NC_000010.11,Mutation NB - Paternal Origin,Transition - Purine/Purine,Unsolved
32697824,rs117729764,GG,AA,GG,82,91,9,NC_000010.11,Mutation NB - Maternal Origin,Transition - Purine/Purine,A>G
32755413,rs58571764,TT,TT,TC,34,88,99,NC_000010.11,Mutation NB - Paternal Origin,Transition - Pyrimidine/Pyrimidine,Unsolved
34480247,.,TT,TT,TC,43,49,41,NC_000010.11,Mutation NB - Paternal Origin,Transition - Pyrimidine/Pyrimidine,Unsolved
34811810,rs12763993,GG,GG,GA,91,100,56,NC_000010.11,Mutation NB - Paternal Origin,Transition - Purine/Purine,Unsolved
35834189,rs599240,AA,GG,GG,82,79,9,NC_000010.11,Mutation NB - Paternal Origin,Transition - Purine/Purine,A>G
36770736,rs2804972,TT,TT,CT,76,79,53,NC_000010.11,Mutation NB - Paternal Origin,Transition - Pyrimidine/Pyrimidine,Unsolved
37739061,rs72789892,CC,CC,CT,91,88,69,NC_000010.11,Mutation NB - Maternal Origin,Transition - Pyrimidine/Pyrimidine,Unsolved
43545300,rs2999266,GG,TT,TT,82,79,9,NC_000010.11,Mutation NB - Paternal Origin,Transversion - Purine/Pyrimidine,G>T
44040385,rs11238822,GG,GG,GC,85,100,72,NC_000010.11,Mutation NB - Paternal Origin,Transition - Purine/Purine,Transversion - Purine/Pyrimidine,Unsolved
44972741,rs883734,AA,AA,AT,70,100,99,NC_000010.11,Mutation NB - Paternal Origin,Transversion - Purine/Pyrimidine,Unsolved
46251283,rs3013831,TT,CT,CC,1,1,78,NC_000010.11,Mutation NB - Paternal Origin,Transition - Pyrimidine/Pyrimidine,T>C
46296843,rs4384332,CC,CC,CG,100,85,99,NC_000010.11,Mutation NB - Maternal Origin,Transversion - Purine/Pyrimidine,Unsolved
46297095,rs7916843,TT,TT,TC,100,82,98,NC_000010.11,Mutation NB - Maternal Origin,Transition - Pyrimidine/Pyrimidine,Unsolved
47164894,rs3850927,GG,CC,GG,34,88,36,NC_000010.11,Mutation NB - Maternal Origin,Transversion - Purine/Pyrimidine,C>G
47362866,rs1279612676,CC,CC,AC,92,73,27,NC_000010.11,Mutation NB - Maternal Origin,Transversion - Purine/Pyrimidine,Unsolved
49131880,rs12765281,GG,GG,AA,100,82,33,NC_000010.11,Mutation NB - Maternal Origin,Transition - Purine/Purine,Unsolved
49751636,rs1258182,CC,GG,CC,73,79,24,NC_000010.11,Mutation NB - Maternal Origin,Transversion - Purine/Pyrimidine,G>C
51950673,rs1411400016,TT,GG,GG,85,91,9,NC_000010.11,Mutation NB - Paternal Origin,Transversion - Purine/Pyrimidine,T>G
54773207,rs61199412,CC,TT,CC,85,91,9,NC_000010.11,Mutation NB - Maternal Origin,Transition - Pyrimidine/Pyrimidine,T>C
55558411,rs1326340221,CC,CC,CT,4,49,41,NC_000010.11,Mutation NB - Paternal Origin,Transition - Pyrimidine/Pyrimidine,Unsolved
59780322,rs1913514,CC,TT,TT,100,73,21,NC_000010.11,Mutation NB - Paternal Origin,Transition - Pyrimidine/Pyrimidine,C>T
61274235,rs10994700,TT,CT,CC,91,71,0,NC_000010.11,Mutation NB - Paternal Origin,Transition - Pyrimidine/Pyrimidine,T>C
62788984,.,AA,AA,AG,16,76,57,NC_000010.11,Mutation NB - Paternal Origin,Transition - Purine/Purine,Unsolved
68838189,rs75614188,CC,CC,CG,91,100,72,NC_000010.11,Mutation NB - Paternal Origin,Transversion - Purine/Pyrimidine,Unsolved
69072713,rs7069028,GG,GG,AG,64,82,99,NC_000010.11,Mutation NB - Paternal Origin,Transition - Purine/Purine,Unsolved
70473251,.,AA,AA,AG,31,34,44,NC_000010.11,Mutation NB - Paternal Origin,Transition - Purine/Purine,Unsolved
70706247,rs10740356,TT,AA,TT,76,100,15,NC_000010.11,Mutation NB - Maternal Origin,Transversion - Purine/Pyrimidine,A>T
71260556,rs4596991,TT,TT,CT,88,85,15,NC_000010.11,Mutation NB - Maternal Origin,Transition - Pyrimidine/Pyrimidine,Unsolved
71976056,rs116392839,AA,GG,AA,1,7,69,NC_000010.11,Mutation NB - Maternal Origin,Transition - Purine/Purine,G>A
73873940,rs1479266241,CC,CC,CG,100,100,68,NC_000010.11,Mutation NB - Paternal or Maternal,Transversion - Purine/Pyrimidine,Unsolved
73873947,rs948211467,CC,CC,CG,98,90,68,NC_000010.11,Mutation NB - Maternal Origin,Transversion - Purine/Pyrimidine,Unsolved
75085937,rs10824268,TG,TT,GG,32,100,15,NC_000010.11,Mutation NB - Maternal Origin,Transversion - Purine/Pyrimidine,T>G
75989070,rs9299533,GG,AA,GG,67,100,12,NC_000010.11,Mutation NB - Maternal Origin,Transition - Purine/Purine,A>G
76466707,rs2894336,GG,GG,AG,70,79,99,NC_000010.11,Mutation NB - Paternal Origin,Transition - Purine/Purine,Unsolved
76781595,rs846625,GG,TT,TT,76,82,0,NC_000010.11,Mutation NB - Paternal Origin,Transversion - Purine/Pyrimidine,G>T
77732092,.,TT,TT,TG,61,55,50,NC_000010.11,Mutation NB - Maternal Origin,Transition - Pyrimidine/Pyrimidine,Transversion - Purine/Pyrimidine,Unsolved
78752075,rs76922389,CC,AA,CC,79,91,21,NC_000010.11,Mutation NB - Maternal Origin,Transversion - Purine/Pyrimidine,A>C
78820597,.,AA,AA,AG,1,34,47,NC_000010.11,Mutation NB - Paternal Origin,Transition - Purine/Purine,Unsolved
79570912,rs17881413,AA,CC,CC,88,73,0,NC_000010.11,Mutation NB - Paternal Origin,Transversion - Purine/Pyrimidine,A>C
81635281,rs17637515,GG,AA,GG,40,85,0,NC_000010.11,Mutation NB - Maternal Origin,Transition - Purine/Purine,A>G
82121480,.,AA,AA,AG,79,79,65,NC_000010.11,Mutation NB - Paternal or Maternal,Transition - Purine/Purine,Unsolved
82821729,rs342389,TT,CC,CC,100,91,15,NC_000010.11,Mutation NB - Paternal Origin,Transition - Pyrimidine/Pyrimidine,T>C
83313076,rs4309099,GT,GG,TT,1,70,6,NC_000010.11,Mutation NB - Maternal Origin,Transversion - Purine/Pyrimidine,G>T
83952883,.,AA,AA,AG,85,79,71,NC_000010.11,Mutation NB - Maternal Origin,Transition - Purine/Purine,Unsolved
84036971,rs7898251,CC,GG,CC,61,100,18,NC_000010.11,Mutation NB - Maternal Origin,Transversion - Purine/Pyrimidine,G>C
84058359,rs56404824,GA,GG,AA,1,100,21,NC_000010.11,Mutation NB - Maternal Origin,Transition - Purine/Purine,G>A
85280489,rs7903993,TT,TC,CC,85,1,15,NC_000010.11,Mutation NB - Paternal Origin,Transition - Pyrimidine/Pyrimidine,T>C
86251965,rs142443539,AA,CC,CC,91,79,18,NC_000010.11,Mutation NB - Paternal Origin,Transversion - Purine/Pyrimidine,A>C
86939675,rs7912230,AA,AC,CC,100,1,27,NC_000010.11,Mutation NB - Paternal Origin,Transversion - Purine/Pyrimidine,A>C
87087169,rs12256919,GG,GG,GA,70,100,99,NC_000010.11,Mutation NB - Paternal Origin,Transition - Purine/Purine,Unsolved
88453134,rs2185785,AA,AA,AG,100,58,44,NC_000010.11,Mutation NB - Maternal Origin,Transition - Purine/Purine,Unsolved
93148163,rs1471739289,GG,GG,GA,67,49,74,NC_000010.11,Mutation NB - Maternal Origin,Transition - Purine/Purine,Unsolved
95440687,rs7086989,AA,GG,AA,82,79,0,NC_000010.11,Mutation NB - Maternal Origin,Transition - Purine/Purine,G>A
97424866,.,AA,AA,AG,76,79,59,NC_000010.11,Mutation NB - Paternal Origin,Transition - Purine/Purine,Unsolved
100285702,rs61871345,GG,AG,AA,64,75,0,NC_000010.11,Mutation NB - Paternal Origin,Transition - Purine/Purine,G>A
104638557,rs998300,AA,GG,AA,79,100,9,NC_000010.11,Mutation NB - Maternal Origin,Transition - Purine/Purine,G>A
110142623,rs7909234,CC,CC,TT,88,100,9,NC_000010.11,Mutation NB - Paternal Origin,Transition - Pyrimidine/Pyrimidine,Unsolved
111603439,rs7076793,AA,AG,GG,88,1,21,NC_000010.11,Mutation NB - Paternal Origin,Transition - Purine/Purine,A>G
112327019,rs1887141,CT,TT,CC,1,67,0,NC_000010.11,Mutation NB - Maternal Origin,Transition - Pyrimidine/Pyrimidine,T>C
112351823,.,TT,TT,TC,58,73,56,NC_000010.11,Mutation NB - Paternal Origin,Transition - Pyrimidine/Pyrimidine,Unsolved
114300745,rs115246128,TT,TT,TA,43,94,99,NC_000010.11,Mutation NB - Paternal Origin,Transition - Pyrimidine/Pyrimidine,Transversion - Purine/Pyrimidine,Unsolved
114767545,.,TT,TT,TC,1,22,62,NC_000010.11,Mutation NB - Paternal Origin,Transition - Pyrimidine/Pyrimidine,Unsolved
116807430,.,AA,AA,AG,76,64,61,NC_000010.11,Mutation NB - Maternal Origin,Transition - Purine/Purine,Unsolved
117267900,rs363271,TT,GG,GG,91,91,0,NC_000010.11,Mutation NB - Paternal Origin,Transversion - Purine/Pyrimidine,T>G
117484185,.,GG,AA,AA,91,16,72,NC_000010.11,Mutation NB - Paternal Origin,Transition - Purine/Purine,G>A
117721067,rs10886117,GA,AA,GG,1,82,9,NC_000010.11,Mutation NB - Maternal Origin,Transition - Purine/Purine,A>G
118978495,rs690884,AA,GG,AA,67,85,0,NC_000010.11,Mutation NB - Maternal Origin,Transition - Purine/Purine,G>A
119673041,rs196329,AA,GG,GG,58,58,45,NC_000010.11,Mutation NB - Paternal Origin,Transition - Purine/Purine,A>G
119677500,rs8946,GG,CC,GG,79,88,15,NC_000010.11,Mutation NB - Maternal Origin,Transversion - Purine/Pyrimidine,C>G
121632566,rs12411329,AA,GG,GG,73,46,18,NC_000010.11,Mutation NB - Paternal Origin,Transition - Purine/Purine,A>G
122368474,rs56029211,CC,TC,TT,88,8,15,NC_000010.11,Mutation NB - Paternal Origin,Transition - Pyrimidine/Pyrimidine,C>T
123941675,rs28726190,CT,CC,TT,67,91,9,NC_000010.11,Mutation NB - Maternal Origin,Transversion - Purine/Pyrimidine,C>T
124379684,rs12414577,CC,TT,TT,82,91,0,NC_000010.11,Mutation NB - Paternal Origin,Transition - Pyrimidine/Pyrimidine,C>T
124497441,.,CC,CC,CT,73,28,53,NC_000010.11,Mutation NB - Maternal Origin,Transition - Pyrimidine/Pyrimidine,Unsolved
124532767,rs7919418,AG,GG,AA,67,91,18,NC_000010.11,Mutation NB - Maternal Origin,Transition - Purine/Purine,G>A
124651427,.,AA,AA,AG,91,85,65,NC_000010.11,Mutation NB - Maternal Origin,Transition - Purine/Purine,Unsolved
124995878,rs72828982,TT,CC,CC,46,43,15,NC_000010.11,Mutation NB - Paternal Origin,Transition - Pyrimidine/Pyrimidine,T>C
125674741,rs9422933,TT,TT,TC,55,76,99,NC_000010.11,Mutation NB - Paternal Origin,Transition - Pyrimidine/Pyrimidine,Unsolved
126176891,rs78249033,AA,GG,GG,79,76,0,NC_000010.11,Mutation NB - Paternal Origin,Transition - Purine/Purine,A>G
126225898,rs10794070,CC,CT,TT,1,1,30,NC_000010.11,Mutation NB - Paternal Origin,Transition - Pyrimidine/Pyrimidine,C>T
127827739,rs2104493,GG,GG,GA,88,88,59,NC_000010.11,Mutation NB - Paternal or Maternal,Transition - Purine/Purine,Unsolved
128360204,rs57286469,TT,CC,CC,91,100,9,NC_000010.11,Mutation NB - Paternal Origin,Transition - Pyrimidine/Pyrimidine,T>C
128435544,rs10764775,CC,TT,TT,82,88,0,NC_000010.11,Mutation NB - Paternal Origin,Transition - Pyrimidine/Pyrimidine,C>T
129808155,rs144266636,GA,GG,AA,1,91,27,NC_000010.11,Mutation NB - Maternal Origin,Transition - Purine/Purine,G>A
130301072,rs359099,CG,CC,GG,1,55,24,NC_000010.11,Mutation NB - Maternal Origin,Transversion - Purine/Pyrimidine,C>G
130433109,rs112766393,TC,TT,CC,1,82,18,NC_000010.11,Mutation NB - Maternal Origin,Transition - Pyrimidine/Pyrimidine,T>C
130785254,rs4333935,AA,GG,GG,40,68,30,NC_000010.11,Mutation NB - Paternal Origin,Transition - Purine/Purine,A>G
130970213,rs77943581,AA,CC,CC,88,82,12,NC_000010.11,Mutation NB - Paternal Origin,Transversion - Purine/Pyrimidine,A>C
130970214,rs10829857,TT,GG,GG,88,82,12,NC_000010.11,Mutation NB - Paternal Origin,Transversion - Purine/Pyrimidine,T>G
131112016,rs11017728,CA,CC,AA,1,91,9,NC_000010.11,Mutation NB - Maternal Origin,Transversion - Purine/Pyrimidine,C>A
131112291,rs10829906,TG,TT,GG,1,85,9,NC_000010.11,Mutation NB - Maternal Origin,Transversion - Purine/Pyrimidine,T>G
131588139,rs982337261,TT,CC,CC,82,52,30,NC_000010.11,Mutation NB - Paternal Origin,Transition - Pyrimidine/Pyrimidine,T>C
133476535,rs114893814,CC,TT,CC,82,88,21,NC_000010.11,Mutation NB - Maternal Origin,Transition - Pyrimidine/Pyrimidine,T>C
133489374,.,TT,TT,TC,64,67,59,NC_000010.11,Mutation NB - Paternal Origin,Transition - Pyrimidine/Pyrimidine,Unsolved
284538,rs6598047,CC,TT,TT,88,79,0,NC_000011.10,Mutation NB - Paternal Origin,Transition - Pyrimidine/Pyrimidine,C>T
433995,rs7396776,GG,AA,AA,100,88,9,NC_000011.10,Mutation NB - Paternal Origin,Transition - Purine/Purine,G>A
746992,rs10794338,CC,CC,TC,70,55,55,NC_000011.10,Mutation NB - Maternal Origin,Transition - Pyrimidine/Pyrimidine,Unsolved
1455887,rs73411413,CC,TT,TT,19,70,12,NC_000011.10,Mutation NB - Paternal Origin,Transition - Pyrimidine/Pyrimidine,C>T
1467906,rs59720353,CC,TT,CC,70,91,0,NC_000011.10,Mutation NB - Maternal Origin,Transition - Pyrimidine/Pyrimidine,T>C
2219617,.,CC,CC,CT,34,40,41,NC_000011.10,Mutation NB - Paternal Origin,Transition - Pyrimidine/Pyrimidine,Unsolved
2290230,rs74561031,GG,TT,GG,76,82,45,NC_000011.10,Mutation NB - Maternal Origin,Transition - Purine/Purine,Transversion - Purine/Pyrimidine,T>G
2721407,rs2283206,TC,CC,TT,1,82,18,NC_000011.10,Mutation NB - Maternal Origin,Transversion - Purine/Pyrimidine,C>T
2721695,rs231918,CC,TT,CC,43,67,0,NC_000011.10,Mutation NB - Maternal Origin,Transition - Pyrimidine/Pyrimidine,T>C
3088196,rs10160757,CC,CC,TC,91,85,67,NC_000011.10,Mutation NB - Maternal Origin,Transition - Pyrimidine/Pyrimidine,Unsolved
3991271,.,AA,AA,AG,91,91,71,NC_000011.10,Mutation NB - Paternal or Maternal,Transition - Purine/Purine,Unsolved
5453608,rs2030094,TT,GG,GG,91,91,9,NC_000011.10,Mutation NB - Paternal Origin,Transversion - Purine/Pyrimidine,T>G
6110225,rs11040750,AA,CC,CC,67,70,0,NC_000011.10,Mutation NB - Paternal Origin,Transversion - Purine/Pyrimidine,A>C
6824312,rs79550896,GG,GC,CC,85,29,9,NC_000011.10,Mutation NB - Paternal Origin,Transversion - Purine/Pyrimidine,G>C
8101962,rs76201467,GG,GG,GA,82,100,68,NC_000011.10,Mutation NB - Paternal Origin,Transition - Purine/Purine,Unsolved
9216833,.,TT,TT,TC,46,70,44,NC_000011.10,Mutation NB - Paternal Origin,Transition - Pyrimidine/Pyrimidine,Unsolved
10413035,rs10743141,TT,TT,GG,100,91,9,NC_000011.10,Mutation NB - Maternal Origin,Transition - Purine/Purine,Transversion - Purine/Pyrimidine,Unsolved
10594299,.,TT,TT,TC,43,43,42,NC_000011.10,Mutation NB - Paternal or Maternal,Transition - Pyrimidine/Pyrimidine,Unsolved
11019986,rs10840532,AA,TT,TT,85,82,12,NC_000011.10,Mutation NB - Paternal Origin,Transversion - Purine/Pyrimidine,A>T
11261464,rs4243923,CC,GG,GG,88,85,0,NC_000011.10,Mutation NB - Paternal Origin,Transversion - Purine/Pyrimidine,C>G
13293676,rs10766072,TC,CC,TT,67,85,0,NC_000011.10,Mutation NB - Maternal Origin,Transversion - Purine/Pyrimidine,C>T
13889748,rs4757205,CC,CC,AA,100,64,12,NC_000011.10,Mutation NB - Maternal Origin,Transversion - Purine/Pyrimidine,Unsolved
14743745,rs73412663,GG,GG,GA,64,100,65,NC_000011.10,Mutation NB - Paternal Origin,Transition - Purine/Purine,Unsolved
15213947,rs7129739,CC,GG,CC,85,70,0,NC_000011.10,Mutation NB - Maternal Origin,Transversion - Purine/Pyrimidine,G>C
17439443,rs11024288,TT,TT,TC,73,100,99,NC_000011.10,Mutation NB - Paternal Origin,Transition - Pyrimidine/Pyrimidine,Unsolved
19336051,rs535291843,AA,AA,AG,91,88,68,NC_000011.10,Mutation NB - Maternal Origin,Transition - Purine/Purine,Unsolved
19532230,rs35929674,CC,CT,TT,91,1,9,NC_000011.10,Mutation NB - Paternal Origin,Transition - Pyrimidine/Pyrimidine,C>T
23249167,rs12225012,TT,TT,GT,70,55,15,NC_000011.10,Mutation NB - Maternal Origin,Transition - Pyrimidine/Pyrimidine,Transversion - Purine/Pyrimidine,Unsolved
24229200,rs117057142,AA,AA,AG,100,64,97,NC_000011.10,Mutation NB - Maternal Origin,Transition - Purine/Purine,Unsolved
27618686,rs10767655,TT,CC,TT,88,100,9,NC_000011.10,Mutation NB - Maternal Origin,Transition - Pyrimidine/Pyrimidine,C>T
27995619,rs11030182,TT,TT,TC,85,88,99,NC_000011.10,Mutation NB - Paternal Origin,Transition - Pyrimidine/Pyrimidine,Unsolved
29224525,rs111353492,GG,GG,GA,100,85,67,NC_000011.10,Mutation NB - Maternal Origin,Transition - Purine/Purine,Unsolved
29366656,rs1851849064,AA,AA,AG,37,43,53,NC_000011.10,Mutation NB - Paternal Origin,Transition - Purine/Purine,Unsolved
34797418,rs1055026377,CC,TT,TT,82,49,0,NC_000011.10,Mutation NB - Paternal Origin,Transition - Pyrimidine/Pyrimidine,C>T
35022741,rs2553802,CC,CA,AA,73,38,12,NC_000011.10,Mutation NB - Paternal Origin,Transversion - Purine/Pyrimidine,C>A
38446563,rs892786,TT,CT,CC,79,47,0,NC_000011.10,Mutation NB - Paternal Origin,Transition - Pyrimidine/Pyrimidine,T>C
39586882,rs1852377777,CC,CC,CT,64,52,53,NC_000011.10,Mutation NB - Maternal Origin,Transition - Pyrimidine/Pyrimidine,Unsolved
39785770,.,AA,AA,AG,40,28,44,NC_000011.10,Mutation NB - Maternal Origin,Transition - Purine/Purine,Unsolved
39984855,rs1590361403,CC,CC,CT,52,79,53,NC_000011.10,Mutation NB - Paternal Origin,Transition - Pyrimidine/Pyrimidine,Unsolved
43993819,rs11037784,CC,GG,CC,82,79,0,NC_000011.10,Mutation NB - Maternal Origin,Transversion - Purine/Pyrimidine,G>C
44705132,rs1051624791,TT,TT,TC,37,100,65,NC_000011.10,Mutation NB - Paternal Origin,Transition - Pyrimidine/Pyrimidine,Unsolved
57953163,rs2866828,AA,AA,AC,91,82,30,NC_000011.10,Mutation NB - Maternal Origin,Transversion - Purine/Pyrimidine,Unsolved
57953206,rs2866829,GG,GG,GA,91,82,30,NC_000011.10,Mutation NB - Maternal Origin,Transition - Purine/Purine,Unsolved
61872907,rs174449,GG,GG,GA,100,100,99,NC_000011.10,Mutation NB - Paternal or Maternal,Transition - Purine/Purine,Unsolved
62250351,rs1528728,TT,CC,TT,91,100,9,NC_000011.10,Mutation NB - Maternal Origin,Transition - Pyrimidine/Pyrimidine,C>T
63133173,.,TT,TT,TC,67,58,53,NC_000011.10,Mutation NB - Maternal Origin,Transition - Pyrimidine/Pyrimidine,Unsolved
63949244,rs4980512,CC,GG,CC,13,7,0,NC_000011.10,Mutation NB - Maternal Origin,Transversion - Purine/Pyrimidine,G>C
64017876,rs11231677,AA,GG,GG,91,82,15,NC_000011.10,Mutation NB - Paternal Origin,Transition - Purine/Purine,A>G
64358578,rs3759056,GG,GG,AA,79,100,9,NC_000011.10,Mutation NB - Paternal Origin,Transition - Purine/Purine,Unsolved
65632753,rs180726179,AA,AA,CC,91,100,12,NC_000011.10,Mutation NB - Paternal Origin,Transversion - Purine/Pyrimidine,Unsolved
65885065,rs2231891,CC,CC,CT,76,100,99,NC_000011.10,Mutation NB - Paternal Origin,Transition - Pyrimidine/Pyrimidine,Unsolved
66261659,rs572827,CC,GC,GG,64,1,0,NC_000011.10,Mutation NB - Paternal Origin,Transversion - Purine/Pyrimidine,C>G
67516420,rs604904,TT,GT,GG,82,88,0,NC_000011.10,Mutation NB - Paternal Origin,Transversion - Purine/Pyrimidine,T>G
68835878,rs11228377,CC,TT,CC,88,100,12,NC_000011.10,Mutation NB - Maternal Origin,Transition - Pyrimidine/Pyrimidine,T>C
68924948,rs7119912,GC,GG,CC,1,61,12,NC_000011.10,Mutation NB - Maternal Origin,Transversion - Purine/Pyrimidine,G>C
68935770,rs500314,CC,TT,TT,88,82,33,NC_000011.10,Mutation NB - Paternal Origin,Transition - Pyrimidine/Pyrimidine,C>T
69348393,rs4357716,CC,CC,CT,82,100,89,NC_000011.10,Mutation NB - Paternal Origin,Transition - Pyrimidine/Pyrimidine,Unsolved
69597375,rs7109237,AA,CC,AA,76,82,0,NC_000011.10,Mutation NB - Maternal Origin,Transversion - Purine/Pyrimidine,C>A
69597424,rs7109338,AA,GG,AA,76,82,0,NC_000011.10,Mutation NB - Maternal Origin,Transition - Purine/Purine,G>A
69631951,rs609581,CC,CC,TT,88,82,0,NC_000011.10,Mutation NB - Maternal Origin,Transition - Pyrimidine/Pyrimidine,Unsolved
69638462,rs2510461,CC,CC,TC,70,88,99,NC_000011.10,Mutation NB - Paternal Origin,Transition - Pyrimidine/Pyrimidine,Unsolved
69999116,rs7114804,GG,GG,AG,85,82,99,NC_000011.10,Mutation NB - Maternal Origin,Transition - Purine/Purine,Unsolved
71071635,.,AA,AA,AG,91,73,62,NC_000011.10,Mutation NB - Maternal Origin,Transition - Purine/Purine,Unsolved
72169614,rs12799376,CC,TT,CC,73,67,0,NC_000011.10,Mutation NB - Maternal Origin,Transition - Pyrimidine/Pyrimidine,T>C
72238020,rs11235472,CC,GG,CC,70,85,18,NC_000011.10,Mutation NB - Maternal Origin,Transversion - Purine/Pyrimidine,G>C
73362535,rs76764824,CC,CT,TT,1,1,36,NC_000011.10,Mutation NB - Paternal Origin,Transition - Pyrimidine/Pyrimidine,C>T
76669010,rs545516550,CC,CC,CA,22,46,41,NC_000011.10,Mutation NB - Paternal Origin,Transversion - Purine/Pyrimidine,Unsolved
78241019,rs60557492,CC,AA,CC,85,88,12,NC_000011.10,Mutation NB - Maternal Origin,Transversion - Purine/Pyrimidine,A>C
79275713,rs509249,CA,CC,AA,1,88,12,NC_000011.10,Mutation NB - Maternal Origin,Transversion - Purine/Pyrimidine,C>A
79391362,rs562231,TT,CC,CC,100,88,9,NC_000011.10,Mutation NB - Paternal Origin,Transition - Pyrimidine/Pyrimidine,T>C
81036544,.,GG,GG,GC,52,76,41,NC_000011.10,Mutation NB - Paternal Origin,Transition - Purine/Purine,Transversion - Purine/Pyrimidine,Unsolved
90907991,rs10741381,GG,GG,GA,100,64,33,NC_000011.10,Mutation NB - Maternal Origin,Transition - Purine/Purine,Unsolved
92137684,rs1390777,CC,CC,TT,91,88,21,NC_000011.10,Mutation NB - Maternal Origin,Transition - Pyrimidine/Pyrimidine,Unsolved
93783896,rs653934,GG,AA,GG,70,100,33,NC_000011.10,Mutation NB - Maternal Origin,Transition - Purine/Purine,A>G
94048993,rs1850655,CC,TT,TT,79,82,0,NC_000011.10,Mutation NB - Paternal Origin,Transition - Pyrimidine/Pyrimidine,C>T
94924918,rs1268681,TT,CT,CC,82,1,21,NC_000011.10,Mutation NB - Paternal Origin,Transition - Pyrimidine/Pyrimidine,T>C
95229263,rs1458453,CC,CC,CT,73,91,65,NC_000011.10,Mutation NB - Paternal Origin,Transition - Pyrimidine/Pyrimidine,Unsolved
95947484,rs57811481,CC,AA,CC,91,98,15,NC_000011.10,Mutation NB - Maternal Origin,Transversion - Purine/Pyrimidine,A>C
97293351,rs73524441,GG,GG,GA,91,88,64,NC_000011.10,Mutation NB - Maternal Origin,Transition - Purine/Purine,Unsolved
99467313,rs112035367,GG,AA,AA,91,85,9,NC_000011.10,Mutation NB - Paternal Origin,Transition - Purine/Purine,G>A
99538010,rs10750320,TT,TT,TC,79,100,99,NC_000011.10,Mutation NB - Paternal Origin,Transition - Pyrimidine/Pyrimidine,Unsolved
104265875,rs4754105,AA,GA,GG,91,1,15,NC_000011.10,Mutation NB - Paternal Origin,Transition - Purine/Purine,A>G
104818226,rs75375459,AA,GG,GG,61,31,27,NC_000011.10,Mutation NB - Paternal Origin,Transition - Purine/Purine,A>G
106277619,rs1859822758,TT,TT,TC,46,79,55,NC_000011.10,Mutation NB - Paternal Origin,Transition - Pyrimidine/Pyrimidine,Unsolved
112297503,rs12280122,AA,GG,GG,91,91,12,NC_000011.10,Mutation NB - Paternal Origin,Transition - Purine/Purine,A>G
112405625,rs7944196,CC,CC,CG,76,85,99,NC_000011.10,Mutation NB - Paternal Origin,Transversion - Purine/Pyrimidine,Unsolved
112405651,rs71478731,AA,AA,AG,76,85,92,NC_000011.10,Mutation NB - Paternal Origin,Transition - Purine/Purine,Unsolved
114068949,rs1791804,CC,TT,TT,100,73,18,NC_000011.10,Mutation NB - Paternal Origin,Transition - Pyrimidine/Pyrimidine,C>T
114929805,rs7112905,GA,GG,AA,32,100,21,NC_000011.10,Mutation NB - Maternal Origin,Transition - Purine/Purine,G>A
116821608,rs2234668,GG,GA,AA,40,1,21,NC_000011.10,Mutation NB - Paternal Origin,Transition - Purine/Purine,G>A
117520659,rs11216436,GG,GG,GA,73,100,99,NC_000011.10,Mutation NB - Paternal Origin,Transition - Purine/Purine,Unsolved
117589408,rs634406,CC,CG,GG,88,2,15,NC_000011.10,Mutation NB - Paternal Origin,Transversion - Purine/Pyrimidine,C>G
118284359,rs55815657,AA,GG,GG,85,79,18,NC_000011.10,Mutation NB - Paternal Origin,Transition - Purine/Purine,A>G
118679276,rs543327,GG,GG,GT,55,100,64,NC_000011.10,Mutation NB - Paternal Origin,Transversion - Purine/Pyrimidine,Unsolved
118679308,rs543413,TT,TT,TC,31,100,62,NC_000011.10,Mutation NB - Paternal Origin,Transition - Pyrimidine/Pyrimidine,Unsolved
119193572,.,TT,TT,TC,49,28,62,NC_000011.10,Mutation NB - Maternal Origin,Transition - Pyrimidine/Pyrimidine,Unsolved
119734770,rs4489755,GG,TT,GG,82,91,12,NC_000011.10,Mutation NB - Maternal Origin,Transition - Purine/Purine,Transversion - Purine/Pyrimidine,T>G
120766458,.,GG,GG,GA,76,58,56,NC_000011.10,Mutation NB - Maternal Origin,Transition - Purine/Purine,Unsolved
121453498,rs17125349,TT,TT,TC,73,100,68,NC_000011.10,Mutation NB - Paternal Origin,Transition - Pyrimidine/Pyrimidine,Unsolved
123558993,.,TT,TT,TC,52,40,41,NC_000011.10,Mutation NB - Maternal Origin,Transition - Pyrimidine/Pyrimidine,Unsolved
124968256,rs12277161,TT,TT,TC,76,76,59,NC_000011.10,Mutation NB - Paternal or Maternal,Transition - Pyrimidine/Pyrimidine,Unsolved
125858160,rs7938438,CC,CC,CT,79,100,24,NC_000011.10,Mutation NB - Paternal Origin,Transition - Pyrimidine/Pyrimidine,Unsolved
126154638,rs4937107,AA,GG,AA,100,73,9,NC_000011.10,Mutation NB - Maternal Origin,Transition - Purine/Purine,G>A
126338017,rs146206647,GG,GA,AA,79,35,9,NC_000011.10,Mutation NB - Paternal Origin,Transition - Purine/Purine,G>A
126912107,.,TT,TT,TC,49,55,47,NC_000011.10,Mutation NB - Paternal Origin,Transition - Pyrimidine/Pyrimidine,Unsolved
128037765,.,CC,CC,CT,88,100,56,NC_000011.10,Mutation NB - Paternal Origin,Transition - Pyrimidine/Pyrimidine,Unsolved
128159915,rs1894202,CC,TT,TT,91,88,18,NC_000011.10,Mutation NB - Paternal Origin,Transition - Pyrimidine/Pyrimidine,C>T
128945519,.,TT,TT,TC,79,79,46,NC_000011.10,Mutation NB - Paternal or Maternal,Transition - Pyrimidine/Pyrimidine,Unsolved
134117877,rs76655391,CC,TT,CC,91,82,0,NC_000011.10,Mutation NB - Maternal Origin,Transition - Pyrimidine/Pyrimidine,T>C
134999713,rs1478746,AC,AA,CC,1,100,24,NC_000011.10,Mutation NB - Maternal Origin,A>C
619551,.,AA,AA,AG,43,64,44,NC_000012.12,Mutation NB - Paternal Origin,Transition - Purine/Purine,Unsolved
3053288,rs9669251,AC,AA,CC,32,100,12,NC_000012.12,Mutation NB - Maternal Origin,A>C
3446401,rs11062649,GG,GG,AA,100,91,21,NC_000012.12,Mutation NB - Maternal Origin,Transition - Purine/Purine,Unsolved
5922606,rs3741905,CC,CC,CT,91,100,58,NC_000012.12,Mutation NB - Paternal Origin,Transition - Pyrimidine/Pyrimidine,Unsolved
9066009,rs1277385226,CC,CC,CT,76,67,42,NC_000012.12,Mutation NB - Maternal Origin,Transition - Pyrimidine/Pyrimidine,Unsolved
9234325,rs780531697,CC,CC,CT,70,85,53,NC_000012.12,Mutation NB - Paternal Origin,Transition - Pyrimidine/Pyrimidine,Unsolved
10019053,rs1387141,GG,AA,AA,100,88,9,NC_000012.12,Mutation NB - Paternal Origin,Transition - Purine/Purine,G>A
13173927,rs4519177,TT,TT,TC,100,82,68,NC_000012.12,Mutation NB - Maternal Origin,Transition - Pyrimidine/Pyrimidine,Unsolved
16194374,rs3942536,GG,GG,GA,79,100,99,NC_000012.12,Mutation NB - Paternal Origin,Transition - Purine/Purine,Unsolved
20852077,rs11045562,GG,AG,AA,64,67,0,NC_000012.12,Mutation NB - Paternal Origin,Transition - Purine/Purine,G>A
20852135,rs11494709,AA,GA,GG,64,67,0,NC_000012.12,Mutation NB - Paternal Origin,Transition - Purine/Purine,A>G
20904705,.,TT,TT,TC,28,49,71,NC_000012.12,Mutation NB - Paternal Origin,Transition - Pyrimidine/Pyrimidine,Unsolved
21757861,rs10841893,CG,CC,GG,1,67,12,NC_000012.12,Mutation NB - Maternal Origin,Transversion - Purine/Pyrimidine,C>G
24756564,.,TT,TT,TC,58,61,47,NC_000012.12,Mutation NB - Paternal Origin,Transition - Pyrimidine/Pyrimidine,Unsolved
24802241,rs10771123,GA,GG,AA,35,88,12,NC_000012.12,Mutation NB - Maternal Origin,Transition - Purine/Purine,G>A
26114878,.,AA,AA,AG,61,76,59,NC_000012.12,Mutation NB - Paternal Origin,Transition - Purine/Purine,Unsolved
29920998,rs10843561,GG,CC,CC,100,76,15,NC_000012.12,Mutation NB - Paternal Origin,Transversion - Purine/Pyrimidine,G>C
32084492,rs7311255,AA,AA,GG,88,91,0,NC_000012.12,Mutation NB - Paternal Origin,Transition - Purine/Purine,Unsolved
33199720,rs12813315,CC,CT,TT,100,1,33,NC_000012.12,Mutation NB - Paternal Origin,Transition - Pyrimidine/Pyrimidine,C>T
33259625,rs10844524,GG,AA,AA,61,73,0,NC_000012.12,Mutation NB - Paternal Origin,Transition - Purine/Purine,G>A
33807715,rs79100854,CC,CC,CT,73,82,68,NC_000012.12,Mutation NB - Paternal Origin,Transition - Pyrimidine/Pyrimidine,Unsolved
37421732,rs1440906913,GG,AA,GG,82,88,33,NC_000012.12,Mutation NB - Maternal Origin,Transition - Purine/Purine,A>G
39022635,rs11514133,CT,TT,CC,70,88,18,NC_000012.12,Mutation NB - Maternal Origin,Transition - Pyrimidine/Pyrimidine,T>C
39804966,rs184832641,TT,TT,TG,76,79,68,NC_000012.12,Mutation NB - Paternal Origin,Transition - Pyrimidine/Pyrimidine,Transversion - Purine/Pyrimidine,Unsolved
40185596,rs188203723,AA,AA,AG,76,82,59,NC_000012.12,Mutation NB - Paternal Origin,Transition - Purine/Purine,Unsolved
41419638,rs10880073,AA,TT,AA,79,100,21,NC_000012.12,Mutation NB - Maternal Origin,Transversion - Purine/Pyrimidine,T>A
42633773,rs4768021,TT,CC,CC,70,46,42,NC_000012.12,Mutation NB - Paternal Origin,Transition - Pyrimidine/Pyrimidine,T>C
44189347,rs1155808,CC,CG,GG,100,35,9,NC_000012.12,Mutation NB - Paternal Origin,Transversion - Purine/Pyrimidine,C>G
45392626,rs59348316,TT,TT,TA,67,82,21,NC_000012.12,Mutation NB - Paternal Origin,Transition - Pyrimidine/Pyrimidine,Transversion - Purine/Pyrimidine,Unsolved
47146125,rs11612285,AA,AA,GA,79,89,99,NC_000012.12,Mutation NB - Paternal Origin,Transition - Purine/Purine,Unsolved
49954576,rs12372344,TT,TT,TC,76,88,91,NC_000012.12,Mutation NB - Paternal Origin,Transition - Pyrimidine/Pyrimidine,Unsolved
51923441,rs706821,AG,GG,AA,73,91,15,NC_000012.12,Mutation NB - Maternal Origin,Transition - Purine/Purine,G>A
53013831,rs928096782,TT,TT,TC,34,64,56,NC_000012.12,Mutation NB - Paternal Origin,Transition - Pyrimidine/Pyrimidine,Unsolved
53844082,.,AA,AA,AG,76,88,46,NC_000012.12,Mutation NB - Paternal Origin,Transition - Purine/Purine,Unsolved
56231130,.,AA,AA,AG,85,88,40,NC_000012.12,Mutation NB - Paternal Origin,Transition - Purine/Purine,Unsolved
60241985,rs3902471,CC,TT,CC,100,79,0,NC_000012.12,Mutation NB - Maternal Origin,Transition - Pyrimidine/Pyrimidine,T>C
62781363,rs7303205,GG,GG,GA,91,100,64,NC_000012.12,Mutation NB - Paternal Origin,Transition - Purine/Purine,Unsolved
65035801,.,AA,AA,AG,67,43,47,NC_000012.12,Mutation NB - Maternal Origin,Transition - Purine/Purine,Unsolved
66724909,rs17182043,GG,GG,GA,100,88,65,NC_000012.12,Mutation NB - Maternal Origin,Transition - Purine/Purine,Unsolved
70534836,rs3752703,GG,AA,GG,88,85,9,NC_000012.12,Mutation NB - Maternal Origin,Transition - Purine/Purine,A>G
75745750,.,GG,GG,GA,58,58,47,NC_000012.12,Mutation NB - Paternal or Maternal,Transition - Purine/Purine,Unsolved
77837639,.,AA,AA,AG,82,70,68,NC_000012.12,Mutation NB - Maternal Origin,Transition - Purine/Purine,Unsolved
78279725,.,AA,AA,AG,34,37,50,NC_000012.12,Mutation NB - Paternal Origin,Transition - Purine/Purine,Unsolved
81061590,rs2400869,GG,TT,GG,82,88,18,NC_000012.12,Mutation NB - Maternal Origin,Transition - Purine/Purine,Transversion - Purine/Pyrimidine,T>G
81061591,rs2895852,AA,TT,AA,82,88,18,NC_000012.12,Mutation NB - Maternal Origin,Transversion - Purine/Pyrimidine,T>A
85288532,rs7486483,CG,CC,GG,35,82,9,NC_000012.12,Mutation NB - Maternal Origin,Transversion - Purine/Pyrimidine,C>G
87421632,rs7961576,GC,CC,GG,1,85,18,NC_000012.12,Mutation NB - Maternal Origin,Transversion - Purine/Pyrimidine,C>G
94632990,rs1274520,CC,TC,TT,1,1,0,NC_000012.12,Mutation NB - Paternal Origin,Transition - Pyrimidine/Pyrimidine,C>T
95684388,rs7975834,TT,TT,TC,100,100,68,NC_000012.12,Mutation NB - Paternal or Maternal,Transition - Pyrimidine/Pyrimidine,Unsolved
98679154,.,TT,TT,TC,73,79,47,NC_000012.12,Mutation NB - Paternal Origin,Transition - Pyrimidine/Pyrimidine,Unsolved
99638719,rs1207825416,AA,AA,AG,85,49,47,NC_000012.12,Mutation NB - Maternal Origin,Transition - Purine/Purine,Unsolved
103677745,rs1593809,TT,CC,TT,70,82,0,NC_000012.12,Mutation NB - Maternal Origin,Transition - Pyrimidine/Pyrimidine,C>T
104784663,rs2463429,CC,TC,TT,76,1,18,NC_000012.12,Mutation NB - Paternal Origin,Transition - Pyrimidine/Pyrimidine,C>T
105185613,.,AA,AA,AG,82,79,33,NC_000012.12,Mutation NB - Maternal Origin,Transition - Purine/Purine,Unsolved
105960168,rs59613985,AA,AA,GG,91,85,9,NC_000012.12,Mutation NB - Maternal Origin,Transition - Purine/Purine,Unsolved
106927007,rs150487151,TT,TA,AA,73,76,18,NC_000012.12,Mutation NB - Paternal Origin,Transversion - Purine/Pyrimidine,T>A
107996711,rs11513904,GT,TT,GG,1,88,0,NC_000012.12,Mutation NB - Maternal Origin,Transversion - Purine/Pyrimidine,T>G
108975730,rs138500715,GG,CC,GG,91,76,0,NC_000012.12,Mutation NB - Maternal Origin,Transversion - Purine/Pyrimidine,C>G
113787578,rs60720548,AA,GG,AA,91,98,30,NC_000012.12,Mutation NB - Maternal Origin,Transition - Purine/Purine,G>A
114394555,rs2236018,CC,CC,TC,85,76,36,NC_000012.12,Mutation NB - Maternal Origin,Transition - Pyrimidine/Pyrimidine,Unsolved
115596901,rs74628422,GG,GG,GA,85,100,65,NC_000012.12,Mutation NB - Paternal Origin,Transition - Purine/Purine,Unsolved
117961537,rs1806598,AA,GG,AA,88,91,9,NC_000012.12,Mutation NB - Maternal Origin,Transition - Purine/Purine,G>A
117961581,rs117513352,GC,GG,CC,22,91,9,NC_000012.12,Mutation NB - Maternal Origin,Transversion - Purine/Pyrimidine,G>C
119267464,.,TT,TT,TC,43,55,44,NC_000012.12,Mutation NB - Paternal Origin,Transition - Pyrimidine/Pyrimidine,Unsolved
120148389,rs2240317,AA,AA,CC,88,100,9,NC_000012.12,Mutation NB - Paternal Origin,Transversion - Purine/Pyrimidine,Unsolved
121234935,rs115316599,GG,GG,GA,88,88,33,NC_000012.12,Mutation NB - Paternal or Maternal,Transition - Purine/Purine,Unsolved
124103423,rs7957663,GG,GA,AA,73,25,18,NC_000012.12,Mutation NB - Paternal Origin,Transition - Purine/Purine,G>A
124103433,rs2451320,GG,AG,AA,73,42,18,NC_000012.12,Mutation NB - Paternal Origin,Transition - Purine/Purine,G>A
124185002,rs73413953,AA,GG,GG,63,67,30,NC_000012.12,Mutation NB - Paternal Origin,Transition - Purine/Purine,A>G
124500037,.,TT,TT,TC,37,49,62,NC_000012.12,Mutation NB - Paternal Origin,Transition - Pyrimidine/Pyrimidine,Unsolved
125080102,rs78668409,CC,TT,CC,88,91,18,NC_000012.12,Mutation NB - Maternal Origin,Transition - Pyrimidine/Pyrimidine,T>C
125526186,rs16919186,AA,CC,AA,91,88,0,NC_000012.12,Mutation NB - Maternal Origin,Transversion - Purine/Pyrimidine,C>A
125770643,rs11829180,AA,AA,AT,100,73,94,NC_000012.12,Mutation NB - Maternal Origin,Transversion - Purine/Pyrimidine,Unsolved
128651295,rs7955460,TT,TT,CT,70,70,99,NC_000012.12,Mutation NB - Paternal or Maternal,Transition - Pyrimidine/Pyrimidine,Unsolved
128768635,rs10744388,CC,CC,CG,91,67,65,NC_000012.12,Mutation NB - Maternal Origin,Transversion - Purine/Pyrimidine,Unsolved
129569895,rs61943477,CC,CC,CT,100,100,99,NC_000012.12,Mutation NB - Paternal or Maternal,Transition - Pyrimidine/Pyrimidine,Unsolved
129775534,.,AA,AA,AG,10,1,56,NC_000012.12,Mutation NB - Maternal Origin,Transition - Purine/Purine,Unsolved
130661970,rs7971693,CC,TT,TT,70,67,12,NC_000012.12,Mutation NB - Paternal Origin,Transition - Pyrimidine/Pyrimidine,C>T
130714402,rs2695859,TT,TC,CC,100,1,9,NC_000012.12,Mutation NB - Paternal Origin,Transition - Pyrimidine/Pyrimidine,T>C
130736531,rs1209606,TT,TC,CC,100,1,21,NC_000012.12,Mutation NB - Paternal Origin,Transition - Pyrimidine/Pyrimidine,T>C
131016178,rs75246654,GA,GG,AA,89,88,33,NC_000012.12,Mutation NB - Maternal Origin,Transition - Purine/Purine,G>A
131184913,rs4623985,TT,AA,AA,100,88,9,NC_000012.12,Mutation NB - Paternal Origin,Transversion - Purine/Pyrimidine,T>A
131621934,rs10751714,TT,CC,CC,100,61,12,NC_000012.12,Mutation NB - Paternal Origin,Transition - Pyrimidine/Pyrimidine,T>C
132429644,.,GG,TT,GG,91,100,9,NC_000012.12,Mutation NB - Maternal Origin,Transition - Purine/Purine,Transversion - Purine/Pyrimidine,T>G
132434067,.,CC,TC,TT,91,38,15,NC_000012.12,Mutation NB - Paternal Origin,Transition - Pyrimidine/Pyrimidine,C>T
19365208,rs2492389,GG,CC,CC,88,70,0,NC_000013.11,Mutation NB - Paternal Origin,Transversion - Purine/Pyrimidine,G>C
20415402,.,AA,AA,AC,64,40,40,NC_000013.11,Mutation NB - Maternal Origin,Transversion - Purine/Pyrimidine,Unsolved
21588487,rs138669727,GG,GG,GA,88,82,99,NC_000013.11,Mutation NB - Maternal Origin,Transition - Purine/Purine,Unsolved
22274617,rs114216942,CC,CT,TT,82,76,21,NC_000013.11,Mutation NB - Paternal Origin,Transition - Pyrimidine/Pyrimidine,C>T
22899409,rs7993893,GG,AG,AA,91,70,9,NC_000013.11,Mutation NB - Paternal Origin,Transition - Purine/Purine,G>A
23006577,rs7339415,TT,CC,CC,91,79,0,NC_000013.11,Mutation NB - Paternal Origin,Transition - Pyrimidine/Pyrimidine,T>C
23946917,rs116194448,GG,GC,CC,64,1,18,NC_000013.11,Mutation NB - Paternal Origin,Transversion - Purine/Pyrimidine,G>C
23947107,rs2765111,CC,CC,CT,100,73,92,NC_000013.11,Mutation NB - Maternal Origin,Transition - Pyrimidine/Pyrimidine,Unsolved
24003971,rs6490853,TG,GG,TT,45,91,0,NC_000013.11,Mutation NB - Maternal Origin,Transversion - Purine/Pyrimidine,G>T
24359488,rs11840418,CT,TT,CC,1,49,51,NC_000013.11,Mutation NB - Maternal Origin,Transition - Pyrimidine/Pyrimidine,T>C
26181092,rs56107121,CC,TT,TT,46,43,0,NC_000013.11,Mutation NB - Paternal Origin,Transition - Pyrimidine/Pyrimidine,C>T
26264550,rs56051380,AA,GG,AA,85,88,15,NC_000013.11,Mutation NB - Maternal Origin,Transition - Purine/Purine,G>A
26606458,rs1846710,TT,CC,TT,85,91,15,NC_000013.11,Mutation NB - Maternal Origin,Transition - Pyrimidine/Pyrimidine,C>T
27055091,rs11839961,CA,CC,AA,1,73,18,NC_000013.11,Mutation NB - Maternal Origin,Transversion - Purine/Pyrimidine,C>A
29538125,.,AA,AA,AG,61,58,87,NC_000013.11,Mutation NB - Maternal Origin,Transition - Purine/Purine,Unsolved
29832133,.,TT,TT,TC,85,91,33,NC_000013.11,Mutation NB - Paternal Origin,Transition - Pyrimidine/Pyrimidine,Unsolved
29894365,rs6490433,GA,AA,GG,1,13,15,NC_000013.11,Mutation NB - Maternal Origin,Transition - Purine/Purine,A>G
29894411,rs8000203,GC,CC,GG,1,13,15,NC_000013.11,Mutation NB - Maternal Origin,Transversion - Purine/Pyrimidine,C>G
31315939,rs1818427,GG,AG,AA,85,1,0,NC_000013.11,Mutation NB - Paternal Origin,Transition - Purine/Purine,G>A
31653877,.,CC,CC,CT,19,58,44,NC_000013.11,Mutation NB - Paternal Origin,Transition - Pyrimidine/Pyrimidine,Unsolved
33154049,rs2764607,TT,CC,TT,100,91,9,NC_000013.11,Mutation NB - Maternal Origin,Transition - Pyrimidine/Pyrimidine,C>T
33307440,.,AA,AA,AG,85,73,52,NC_000013.11,Mutation NB - Maternal Origin,Transition - Purine/Purine,Unsolved
37505378,rs7985411,CC,CA,AA,70,1,15,NC_000013.11,Mutation NB - Paternal Origin,Transversion - Purine/Pyrimidine,C>A
37745343,rs4365182,CA,CC,AA,1,79,75,NC_000013.11,Mutation NB - Maternal Origin,Transversion - Purine/Pyrimidine,C>A
40269174,rs2324537,GG,TG,TT,91,35,0,NC_000013.11,Mutation NB - Paternal Origin,Transversion - Purine/Pyrimidine,G>T
41108039,rs1053994403,CC,CC,CT,22,64,44,NC_000013.11,Mutation NB - Paternal Origin,Transition - Pyrimidine/Pyrimidine,Unsolved
42452442,.,TT,TT,TC,70,79,71,NC_000013.11,Mutation NB - Paternal Origin,Transition - Pyrimidine/Pyrimidine,Unsolved
44790134,.,AA,AA,AG,58,70,50,NC_000013.11,Mutation NB - Paternal Origin,Transition - Purine/Purine,Unsolved
45654808,.,TT,TT,TC,70,34,56,NC_000013.11,Mutation NB - Maternal Origin,Transition - Pyrimidine/Pyrimidine,Unsolved
45714010,rs7317245,GG,GG,AG,67,58,6,NC_000013.11,Mutation NB - Maternal Origin,Transition - Purine/Purine,Unsolved
45786223,rs7992632,AA,GG,AA,79,100,42,NC_000013.11,Mutation NB - Maternal Origin,Transition - Purine/Purine,G>A
46211952,rs9595429,CC,CC,CT,100,85,60,NC_000013.11,Mutation NB - Maternal Origin,Transition - Pyrimidine/Pyrimidine,Unsolved
48819969,rs71432994,CC,CC,CG,55,94,65,NC_000013.11,Mutation NB - Paternal Origin,Transversion - Purine/Pyrimidine,Unsolved
52947927,rs9652206,TT,CC,CC,61,40,69,NC_000013.11,Mutation NB - Paternal Origin,Transition - Pyrimidine/Pyrimidine,T>C
53473070,rs1557171,CC,TT,CC,76,76,0,NC_000013.11,Mutation NB - Maternal Origin,Transition - Pyrimidine/Pyrimidine,T>C
54044456,.,TT,TT,TC,67,49,92,NC_000013.11,Mutation NB - Maternal Origin,Transition - Pyrimidine/Pyrimidine,Unsolved
56780214,.,TT,TT,TC,37,64,44,NC_000013.11,Mutation NB - Paternal Origin,Transition - Pyrimidine/Pyrimidine,Unsolved
60552606,rs933163080,CC,CC,CT,52,49,80,NC_000013.11,Mutation NB - Maternal Origin,Transition - Pyrimidine/Pyrimidine,Unsolved
66010308,rs7139547,CC,GG,CC,55,100,36,NC_000013.11,Mutation NB - Maternal Origin,Transversion - Purine/Pyrimidine,G>C
68234862,rs1241664,GG,AA,AA,82,88,0,NC_000013.11,Mutation NB - Paternal Origin,Transition - Purine/Purine,G>A
70484143,.,TT,TT,TC,4,28,41,NC_000013.11,Mutation NB - Paternal Origin,Transition - Pyrimidine/Pyrimidine,Unsolved
76972309,rs652638,AA,GG,GG,91,76,18,NC_000013.11,Mutation NB - Paternal Origin,Transition - Purine/Purine,A>G
79753400,rs552493187,GG,GG,GA,31,40,51,NC_000013.11,Mutation NB - Paternal Origin,Transition - Purine/Purine,Unsolved
81685028,rs768218,TT,CT,CC,79,32,0,NC_000013.11,Mutation NB - Paternal Origin,Transition - Pyrimidine/Pyrimidine,T>C
82107511,rs34440806,GG,GA,AA,100,44,39,NC_000013.11,Mutation NB - Paternal Origin,Transition - Purine/Purine,G>A
82389824,rs74800995,TT,AA,AA,88,88,9,NC_000013.11,Mutation NB - Paternal Origin,Transversion - Purine/Pyrimidine,T>A
83374105,rs2796854,TT,CC,TT,76,85,15,NC_000013.11,Mutation NB - Maternal Origin,Transition - Pyrimidine/Pyrimidine,C>T
83374142,rs2796853,GG,AA,GG,76,85,15,NC_000013.11,Mutation NB - Maternal Origin,Transition - Purine/Purine,A>G
84584540,rs9546771,AA,AA,AG,100,91,67,NC_000013.11,Mutation NB - Maternal Origin,Transition - Purine/Purine,Unsolved
88000820,rs11618394,CT,CC,TT,1,100,27,NC_000013.11,Mutation NB - Maternal Origin,Transversion - Purine/Pyrimidine,C>T
89784580,rs2095504,CC,CC,CT,61,100,99,NC_000013.11,Mutation NB - Paternal Origin,Transition - Pyrimidine/Pyrimidine,Unsolved
90389401,rs1853789,AA,AA,AG,100,100,65,NC_000013.11,Mutation NB - Paternal or Maternal,Transition - Purine/Purine,Unsolved
95246174,rs4148440,CC,CC,CT,49,100,33,NC_000013.11,Mutation NB - Paternal Origin,Transition - Pyrimidine/Pyrimidine,Unsolved
95258232,rs2389227,CC,CC,TC,73,64,12,NC_000013.11,Mutation NB - Maternal Origin,Transition - Pyrimidine/Pyrimidine,Unsolved
98295886,rs9517248,TT,AA,AA,73,79,9,NC_000013.11,Mutation NB - Paternal Origin,Transversion - Purine/Pyrimidine,T>A
100098040,rs7326971,AA,AA,AG,13,100,99,NC_000013.11,Mutation NB - Paternal Origin,Transition - Purine/Purine,Unsolved
101400338,.,GG,GG,GC,31,55,56,NC_000013.11,Mutation NB - Paternal Origin,Transition - Purine/Purine,Transversion - Purine/Pyrimidine,Unsolved
101890764,rs9557752,GG,AA,GG,79,85,9,NC_000013.11,Mutation NB - Maternal Origin,Transition - Purine/Purine,A>G
106644789,rs9558816,AA,AT,TT,70,1,12,NC_000013.11,Mutation NB - Paternal Origin,Transversion - Purine/Pyrimidine,A>T
109828655,rs139785671,GG,CC,CC,91,79,12,NC_000013.11,Mutation NB - Paternal Origin,Transversion - Purine/Pyrimidine,G>C
110633211,rs403908,AG,GG,AA,1,73,24,NC_000013.11,Mutation NB - Maternal Origin,Transition - Purine/Purine,G>A
111539744,rs12862315,CT,TT,CC,25,91,18,NC_000013.11,Mutation NB - Maternal Origin,Transition - Pyrimidine/Pyrimidine,T>C
111539749,rs12863024,GA,AA,GG,25,91,18,NC_000013.11,Mutation NB - Maternal Origin,Transition - Purine/Purine,A>G
112726552,rs78724290,GA,GG,AA,1,19,57,NC_000013.11,Mutation NB - Maternal Origin,Transition - Purine/Purine,G>A
113011441,rs9549332,TT,CC,CC,100,73,12,NC_000013.11,Mutation NB - Paternal Origin,Transition - Pyrimidine/Pyrimidine,T>C
113418118,rs1191753909,TT,TT,TC,76,88,50,NC_000013.11,Mutation NB - Paternal Origin,Transition - Pyrimidine/Pyrimidine,Unsolved
113547055,rs2259353,TT,TC,CC,100,32,15,NC_000013.11,Mutation NB - Paternal Origin,Transition - Pyrimidine/Pyrimidine,T>C
113803109,rs9550236,GG,AA,GG,79,100,21,NC_000013.11,Mutation NB - Maternal Origin,Transition - Purine/Purine,A>G
20820374,.,TT,TT,TC,70,61,49,NC_000014.9,Mutation NB - Maternal Origin,Transition - Pyrimidine/Pyrimidine,Unsolved
20966212,rs2771327,CC,CT,TT,100,47,15,NC_000014.9,Mutation NB - Paternal Origin,Transition - Pyrimidine/Pyrimidine,C>T
22180093,.,AA,AA,AG,88,70,51,NC_000014.9,Mutation NB - Maternal Origin,Transition - Purine/Purine,Unsolved
28559625,rs176314,CC,CC,CT,16,76,99,NC_000014.9,Mutation NB - Paternal Origin,Transition - Pyrimidine/Pyrimidine,Unsolved
29685089,rs188749303,TC,TT,CC,67,91,12,NC_000014.9,Mutation NB - Maternal Origin,Transition - Pyrimidine/Pyrimidine,T>C
37264609,rs1950883,CC,CC,CT,88,82,68,NC_000014.9,Mutation NB - Maternal Origin,Transition - Pyrimidine/Pyrimidine,Unsolved
38343158,rs990494,GG,GG,TG,49,73,99,NC_000014.9,Mutation NB - Paternal Origin,Transversion - Purine/Pyrimidine,Unsolved
39692424,rs10137830,GG,CG,CC,79,73,0,NC_000014.9,Mutation NB - Paternal Origin,Transversion - Purine/Pyrimidine,G>C
39692431,rs10137748,GG,AG,AA,79,73,0,NC_000014.9,Mutation NB - Paternal Origin,Transition - Purine/Purine,G>A
39692437,rs10150092,GG,TG,TT,79,73,0,NC_000014.9,Mutation NB - Paternal Origin,Transversion - Purine/Pyrimidine,G>T
40420765,.,TT,TT,TG,40,40,62,NC_000014.9,Mutation NB - Paternal or Maternal,Transition - Pyrimidine/Pyrimidine,Transversion - Purine/Pyrimidine,Unsolved
43937276,rs80267270,CC,CT,TT,100,79,21,NC_000014.9,Mutation NB - Paternal Origin,Transition - Pyrimidine/Pyrimidine,C>T
45757161,rs1266304,GG,GG,GT,85,100,27,NC_000014.9,Mutation NB - Paternal Origin,Transversion - Purine/Pyrimidine,Unsolved
50007421,rs759522763,TT,TT,TC,91,85,65,NC_000014.9,Mutation NB - Maternal Origin,Transition - Pyrimidine/Pyrimidine,Unsolved
56775637,rs111092,AA,AA,AG,82,91,99,NC_000014.9,Mutation NB - Paternal Origin,Transition - Purine/Purine,Unsolved
57365210,rs10431692,CC,CC,CG,100,79,69,NC_000014.9,Mutation NB - Maternal Origin,Transversion - Purine/Pyrimidine,Unsolved
58330929,rs58231973,AA,GG,GG,73,76,0,NC_000014.9,Mutation NB - Paternal Origin,Transition - Purine/Purine,A>G
61442953,rs17098375,GG,GG,GA,76,100,58,NC_000014.9,Mutation NB - Paternal Origin,Transition - Purine/Purine,Unsolved
66404023,rs12586868,TT,AA,AA,100,88,15,NC_000014.9,Mutation NB - Paternal Origin,Transversion - Purine/Pyrimidine,T>A
66530577,rs13379118,GG,AA,AA,88,82,15,NC_000014.9,Mutation NB - Paternal Origin,Transition - Purine/Purine,G>A
68605106,rs61987062,AA,GG,AA,88,91,15,NC_000014.9,Mutation NB - Maternal Origin,Transition - Purine/Purine,G>A
68849483,rs6573859,AA,GG,GG,43,55,0,NC_000014.9,Mutation NB - Paternal Origin,Transition - Purine/Purine,A>G
69570894,rs7494244,TT,TT,AT,91,70,99,NC_000014.9,Mutation NB - Maternal Origin,Transition - Pyrimidine/Pyrimidine,Transversion - Purine/Pyrimidine,Unsolved
70804018,.,TT,TT,TC,67,67,47,NC_000014.9,Mutation NB - Paternal or Maternal,Transition - Pyrimidine/Pyrimidine,Unsolved
70823761,rs6573982,CA,CC,AA,1,52,24,NC_000014.9,Mutation NB - Maternal Origin,Transversion - Purine/Pyrimidine,C>A
73244686,rs2280792,AG,AA,GG,42,100,15,NC_000014.9,Mutation NB - Maternal Origin,Transition - Purine/Purine,A>G
74404702,.,CC,CC,CT,55,52,93,NC_000014.9,Mutation NB - Maternal Origin,Transition - Pyrimidine/Pyrimidine,Unsolved
75463971,rs1356502820,AA,AA,AG,52,76,59,NC_000014.9,Mutation NB - Paternal Origin,Transition - Purine/Purine,Unsolved
75489608,rs191591901,GG,GG,GA,67,61,92,NC_000014.9,Mutation NB - Maternal Origin,Transition - Purine/Purine,Unsolved
76950649,rs112667577,TT,CC,TT,67,88,0,NC_000014.9,Mutation NB - Maternal Origin,Transition - Pyrimidine/Pyrimidine,C>T
77527095,rs2079412670,CC,CC,CT,91,97,53,NC_000014.9,Mutation NB - Paternal Origin,Transition - Pyrimidine/Pyrimidine,Unsolved
77943608,rs35356615,TT,CC,CC,92,40,21,NC_000014.9,Mutation NB - Paternal Origin,Transition - Pyrimidine/Pyrimidine,T>C
81561537,rs8007402,TT,GG,GG,91,85,27,NC_000014.9,Mutation NB - Paternal Origin,Transversion - Purine/Pyrimidine,T>G
81679367,.,AA,AA,AG,76,85,71,NC_000014.9,Mutation NB - Paternal Origin,Transition - Purine/Purine,Unsolved
83301526,.,CC,CC,CA,70,79,47,NC_000014.9,Mutation NB - Paternal Origin,Transversion - Purine/Pyrimidine,Unsolved
87821503,rs2122586,GG,AA,TT,82,100,18,NC_000014.9,Mutation NB - Maternal Origin,Transversion - Purine/Pyrimidine,A>T
88801724,rs79125574,GA,AA,GG,25,61,9,NC_000014.9,Mutation NB - Maternal Origin,Transition - Purine/Purine,A>G
90546932,rs1294575,CC,TT,CC,85,88,0,NC_000014.9,Mutation NB - Maternal Origin,Transition - Pyrimidine/Pyrimidine,T>C
91154773,.,TT,TT,TC,67,49,41,NC_000014.9,Mutation NB - Maternal Origin,Transition - Pyrimidine/Pyrimidine,Unsolved
92331405,rs7146495,TT,CC,TT,37,76,18,NC_000014.9,Mutation NB - Maternal Origin,Transition - Pyrimidine/Pyrimidine,C>T
94966995,rs2798815,TC,CC,TT,76,91,0,NC_000014.9,Mutation NB - Maternal Origin,Transversion - Purine/Pyrimidine,C>T
95680119,rs1743513,CC,GC,GG,79,1,0,NC_000014.9,Mutation NB - Paternal Origin,Transversion - Purine/Pyrimidine,C>G
96445590,rs8010544,TT,GG,GG,100,70,21,NC_000014.9,Mutation NB - Paternal Origin,Transversion - Purine/Pyrimidine,T>G
97530668,rs234202,TT,CC,CC,88,64,18,NC_000014.9,Mutation NB - Paternal Origin,Transition - Pyrimidine/Pyrimidine,T>C
98343867,rs35697298,TG,GG,TT,5,67,0,NC_000014.9,Mutation NB - Maternal Origin,Transversion - Purine/Pyrimidine,G>T
98385478,rs1358663995,TT,TT,TC,40,76,53,NC_000014.9,Mutation NB - Paternal Origin,Transition - Pyrimidine/Pyrimidine,Unsolved
98630573,rs116529549,AA,AA,AG,43,100,99,NC_000014.9,Mutation NB - Paternal Origin,Transition - Purine/Purine,Unsolved
98658776,rs2103870,GG,GA,AA,22,1,11,NC_000014.9,Mutation NB - Paternal Origin,Transition - Purine/Purine,G>A
99028211,rs1257674,GG,GG,GA,100,85,99,NC_000014.9,Mutation NB - Maternal Origin,Transition - Purine/Purine,Unsolved
99068386,rs807366,TG,GG,TT,1,76,0,NC_000014.9,Mutation NB - Maternal Origin,Transversion - Purine/Pyrimidine,G>T
99140283,rs10149632,TT,CC,TT,43,70,0,NC_000014.9,Mutation NB - Maternal Origin,Transition - Pyrimidine/Pyrimidine,C>T
99483546,rs78620458,TT,AA,TT,58,91,15,NC_000014.9,Mutation NB - Maternal Origin,Transversion - Purine/Pyrimidine,A>T
99626818,rs17098908,CC,CC,CT,100,49,99,NC_000014.9,Mutation NB - Maternal Origin,Transition - Pyrimidine/Pyrimidine,Unsolved
100539558,rs4072539,TT,CC,TT,64,100,12,NC_000014.9,Mutation NB - Maternal Origin,Transition - Pyrimidine/Pyrimidine,C>T
100690587,rs7152504,AA,GA,GG,67,1,0,NC_000014.9,Mutation NB - Paternal Origin,Transition - Purine/Purine,A>G
101116182,rs35934497,GG,AA,GG,58,76,63,NC_000014.9,Mutation NB - Maternal Origin,Transition - Purine/Purine,A>G
101595521,rs7154697,GG,GG,GT,73,100,99,NC_000014.9,Mutation NB - Paternal Origin,Transversion - Purine/Pyrimidine,Unsolved
102101959,rs10873531,AA,GA,GG,88,33,12,NC_000014.9,Mutation NB - Paternal Origin,Transition - Purine/Purine,A>G
103411547,rs12898029,TT,TT,TC,91,100,99,NC_000014.9,Mutation NB - Paternal Origin,Transition - Pyrimidine/Pyrimidine,Unsolved
104714448,rs34251364,CT,CC,TT,71,88,9,NC_000014.9,Mutation NB - Maternal Origin,Transversion - Purine/Pyrimidine,C>T
24859700,rs7359176,GG,GA,AA,88,32,12,NC_000015.10,Mutation NB - Paternal Origin,Transition - Purine/Purine,G>A
24900742,rs11161159,CC,GG,GG,91,91,9,NC_000015.10,Mutation NB - Paternal Origin,Transversion - Purine/Pyrimidine,C>G
25256238,rs2714796,TC,CC,TT,1,64,0,NC_000015.10,Mutation NB - Maternal Origin,Transversion - Purine/Pyrimidine,C>T
25796025,rs1470385,TC,TT,CC,70,88,9,NC_000015.10,Mutation NB - Maternal Origin,Transition - Pyrimidine/Pyrimidine,T>C
25802280,.,CC,CC,CT,61,73,33,NC_000015.10,Mutation NB - Paternal Origin,Transition - Pyrimidine/Pyrimidine,Unsolved
26789783,rs12902507,GA,GG,AA,1,76,12,NC_000015.10,Mutation NB - Maternal Origin,Transition - Purine/Purine,G>A
26836631,rs75688235,TT,GG,GG,70,73,9,NC_000015.10,Mutation NB - Paternal Origin,Transversion - Purine/Pyrimidine,T>G
26846026,rs8037585,GG,GA,AA,76,1,12,NC_000015.10,Mutation NB - Paternal Origin,Transition - Purine/Purine,G>A
27754690,rs12903914,AA,GG,AA,64,82,69,NC_000015.10,Mutation NB - Maternal Origin,Transition - Purine/Purine,G>A
27861310,rs78616551,TT,CC,CC,91,82,15,NC_000015.10,Mutation NB - Paternal Origin,Transition - Pyrimidine/Pyrimidine,T>C
38277621,rs10852014,GG,TT,GG,43,64,0,NC_000015.10,Mutation NB - Maternal Origin,Transition - Purine/Purine,Transversion - Purine/Pyrimidine,T>G
39092604,rs36107824,CC,CC,TC,79,67,24,NC_000015.10,Mutation NB - Maternal Origin,Transition - Pyrimidine/Pyrimidine,Unsolved
41848800,rs4078788,CC,GG,CC,58,85,54,NC_000015.10,Mutation NB - Maternal Origin,Transversion - Purine/Pyrimidine,G>C
41853991,rs62002122,TT,CC,CC,82,82,0,NC_000015.10,Mutation NB - Paternal Origin,Transition - Pyrimidine/Pyrimidine,T>C
42419444,rs72707471,AA,AA,AG,79,91,99,NC_000015.10,Mutation NB - Paternal Origin,Transition - Purine/Purine,Unsolved
45788141,.,GG,GG,GA,88,58,56,NC_000015.10,Mutation NB - Maternal Origin,Transition - Purine/Purine,Unsolved
48423040,rs11636344,CC,GG,CC,67,67,0,NC_000015.10,Mutation NB - Maternal Origin,Transversion - Purine/Pyrimidine,G>C
48874852,.,AA,AA,AG,55,64,42,NC_000015.10,Mutation NB - Paternal Origin,Transition - Purine/Purine,Unsolved
51569449,rs8036821,GG,AA,GG,85,100,18,NC_000015.10,Mutation NB - Maternal Origin,Transition - Purine/Purine,A>G
53410706,rs1516415,GG,AA,GG,82,100,12,NC_000015.10,Mutation NB - Maternal Origin,Transition - Purine/Purine,A>G
59814444,rs761862446,CC,CC,CT,22,52,44,NC_000015.10,Mutation NB - Paternal Origin,Transition - Pyrimidine/Pyrimidine,Unsolved
60785849,.,GG,GG,GA,70,70,57,NC_000015.10,Mutation NB - Paternal or Maternal,Transition - Purine/Purine,Unsolved
60798460,rs55796775,GG,TT,GG,67,85,0,NC_000015.10,Mutation NB - Maternal Origin,Transition - Purine/Purine,Transversion - Purine/Pyrimidine,T>G
62257898,rs2611791,GG,CC,CC,88,88,15,NC_000015.10,Mutation NB - Paternal Origin,Transversion - Purine/Pyrimidine,G>C
63699330,rs556013614,GG,CC,GG,22,85,18,NC_000015.10,Mutation NB - Maternal Origin,Transversion - Purine/Pyrimidine,C>G
66606243,rs2469085,AA,AA,AT,79,100,99,NC_000015.10,Mutation NB - Paternal Origin,Transversion - Purine/Pyrimidine,Unsolved
67549090,.,TT,TT,TC,49,37,68,NC_000015.10,Mutation NB - Maternal Origin,Transition - Pyrimidine/Pyrimidine,Unsolved
67773815,.,TT,TT,TC,33,52,44,NC_000015.10,Mutation NB - Paternal Origin,Transition - Pyrimidine/Pyrimidine,Unsolved
68653973,rs747367508,AA,GG,GG,88,67,24,NC_000015.10,Mutation NB - Paternal Origin,Transition - Purine/Purine,A>G
73042653,rs117301954,GG,GA,AA,85,33,12,NC_000015.10,Mutation NB - Paternal Origin,Transition - Purine/Purine,G>A
73333178,rs498868,CC,TT,CC,79,91,18,NC_000015.10,Mutation NB - Maternal Origin,Transition - Pyrimidine/Pyrimidine,T>C
75207654,rs28509789,TG,TT,GG,1,58,12,NC_000015.10,Mutation NB - Maternal Origin,Transversion - Purine/Pyrimidine,T>G
75844766,rs2593299,GG,CC,CC,34,19,21,NC_000015.10,Mutation NB - Paternal Origin,Transversion - Purine/Pyrimidine,G>C
76974981,rs78205928,CC,TT,TT,91,91,9,NC_000015.10,Mutation NB - Paternal Origin,Transition - Pyrimidine/Pyrimidine,C>T
77986195,rs2071601481,AA,AA,AG,43,34,47,NC_000015.10,Mutation NB - Maternal Origin,Transition - Purine/Purine,Unsolved
78082800,rs7174428,CC,AA,AA,73,73,0,NC_000015.10,Mutation NB - Paternal Origin,Transversion - Purine/Pyrimidine,C>A
78638168,rs1316971,GG,AA,AA,39,37,48,NC_000015.10,Mutation NB - Paternal Origin,Transition - Purine/Purine,G>A
78641916,rs2054081110,GG,GG,GA,52,64,44,NC_000015.10,Mutation NB - Paternal Origin,Transition - Purine/Purine,Unsolved
78751424,rs59414039,TT,TT,TC,100,46,68,NC_000015.10,Mutation NB - Maternal Origin,Transition - Pyrimidine/Pyrimidine,Unsolved
78827389,rs10851912,GG,AA,GG,88,100,18,NC_000015.10,Mutation NB - Maternal Origin,Transition - Purine/Purine,A>G
78971019,rs7183127,AA,AA,AG,76,100,33,NC_000015.10,Mutation NB - Paternal Origin,Transition - Purine/Purine,Unsolved
80481524,rs4274393,TT,AA,AA,100,61,21,NC_000015.10,Mutation NB - Paternal Origin,Transversion - Purine/Pyrimidine,T>A
80566040,rs7162617,CC,CC,CT,64,100,57,NC_000015.10,Mutation NB - Paternal Origin,Transition - Pyrimidine/Pyrimidine,Unsolved
81215978,rs67895155,GG,GG,GT,91,100,71,NC_000015.10,Mutation NB - Paternal Origin,Transversion - Purine/Pyrimidine,Unsolved
81651670,rs2090109,TT,GG,TT,70,85,0,NC_000015.10,Mutation NB - Maternal Origin,Transversion - Purine/Pyrimidine,G>T
83990092,rs939661488,AA,AA,AG,4,25,53,NC_000015.10,Mutation NB - Paternal Origin,Transition - Purine/Purine,Unsolved
85098969,rs56068820,AT,TT,AA,1,70,0,NC_000015.10,Mutation NB - Maternal Origin,Transversion - Purine/Pyrimidine,T>A
86015098,rs150250224,CC,CC,CT,100,70,98,NC_000015.10,Mutation NB - Maternal Origin,Transition - Pyrimidine/Pyrimidine,Unsolved
86978672,rs6496376,CC,CG,GG,100,1,9,NC_000015.10,Mutation NB - Paternal Origin,Transversion - Purine/Pyrimidine,C>G
86978699,rs6496377,AA,AG,GG,100,1,9,NC_000015.10,Mutation NB - Paternal Origin,Transition - Purine/Purine,A>G
87262099,rs9806478,AA,AA,AT,100,79,99,NC_000015.10,Mutation NB - Maternal Origin,Transversion - Purine/Pyrimidine,Unsolved
89776769,rs28462216,GG,GA,AA,82,1,33,NC_000015.10,Mutation NB - Paternal Origin,Transition - Purine/Purine,G>A
92084842,rs190193164,AA,AA,AG,16,31,50,NC_000015.10,Mutation NB - Paternal Origin,Transition - Purine/Purine,Unsolved
93530706,.,TT,TT,TC,82,88,65,NC_000015.10,Mutation NB - Paternal Origin,Transition - Pyrimidine/Pyrimidine,Unsolved
94745686,rs16949445,CC,CC,TC,76,88,21,NC_000015.10,Mutation NB - Paternal Origin,Transition - Pyrimidine/Pyrimidine,Unsolved
95044774,rs8031253,CC,CC,TC,79,76,21,NC_000015.10,Mutation NB - Maternal Origin,Transition - Pyrimidine/Pyrimidine,Unsolved
97090025,.,TT,TT,TC,73,43,53,NC_000015.10,Mutation NB - Maternal Origin,Transition - Pyrimidine/Pyrimidine,Unsolved
99071106,.,AA,AA,AC,28,40,89,NC_000015.10,Mutation NB - Paternal Origin,Transversion - Purine/Pyrimidine,Unsolved
99121533,rs8036540,GG,TT,GG,4,58,0,NC_000015.10,Mutation NB - Maternal Origin,Transition - Purine/Purine,Transversion - Purine/Pyrimidine,T>G
100111799,rs7179078,GA,GG,AA,1,58,69,NC_000015.10,Mutation NB - Maternal Origin,Transition - Purine/Purine,G>A
100334257,.,AA,AA,AG,73,61,59,NC_000015.10,Mutation NB - Maternal Origin,Transition - Purine/Purine,Unsolved
100335769,rs2587762,TT,CC,TT,64,79,24,NC_000015.10,Mutation NB - Maternal Origin,Transition - Pyrimidine/Pyrimidine,C>T
101368981,rs8030933,GG,AA,GG,73,82,18,NC_000015.10,Mutation NB - Maternal Origin,Transition - Purine/Purine,A>G
101386445,rs6598459,AA,GG,AA,97,85,9,NC_000015.10,Mutation NB - Maternal Origin,Transition - Purine/Purine,G>A
327623,rs10903014,AA,GG,GG,82,91,15,NC_000016.10,Mutation NB - Paternal Origin,Transition - Purine/Purine,A>G
348813,.,AA,AA,AG,49,70,40,NC_000016.10,Mutation NB - Paternal Origin,Transition - Purine/Purine,Unsolved
578302,rs3752568,AA,GG,AA,37,55,0,NC_000016.10,Mutation NB - Maternal Origin,Transition - Purine/Purine,G>A
580766,rs113418671,GG,GA,AA,91,32,15,NC_000016.10,Mutation NB - Paternal Origin,Transition - Purine/Purine,G>A
673628,rs114607348,CC,TT,CC,82,91,12,NC_000016.10,Mutation NB - Maternal Origin,Transition - Pyrimidine/Pyrimidine,T>C
762292,rs545341969,GG,GG,AA,64,100,15,NC_000016.10,Mutation NB - Paternal Origin,Transition - Purine/Purine,Unsolved
954554,rs3751667,CC,CT,TT,79,48,9,NC_000016.10,Mutation NB - Paternal Origin,Transition - Pyrimidine/Pyrimidine,C>T
985422,rs11542180,GG,GG,GC,79,100,65,NC_000016.10,Mutation NB - Paternal Origin,Transition - Purine/Purine,Transversion - Purine/Pyrimidine,Unsolved
985456,rs11866418,AG,AA,GG,1,100,18,NC_000016.10,Mutation NB - Maternal Origin,Transition - Purine/Purine,A>G
1046507,rs13380721,GG,GG,GA,100,88,99,NC_000016.10,Mutation NB - Maternal Origin,Transition - Purine/Purine,Unsolved
1063778,.,TT,TT,TC,31,28,50,NC_000016.10,Mutation NB - Maternal Origin,Transition - Pyrimidine/Pyrimidine,Unsolved
1971104,rs8055439,TT,TT,TC,82,64,30,NC_000016.10,Mutation NB - Maternal Origin,Transition - Pyrimidine/Pyrimidine,Unsolved
2082730,rs9928737,GG,GG,GA,100,91,30,NC_000016.10,Mutation NB - Maternal Origin,Transition - Purine/Purine,Unsolved
2470122,.,GG,GG,GA,79,91,59,NC_000016.10,Mutation NB - Paternal Origin,Transition - Purine/Purine,Unsolved
2740112,.,TT,TT,TC,70,67,68,NC_000016.10,Mutation NB - Maternal Origin,Transition - Pyrimidine/Pyrimidine,Unsolved
2933137,rs2074363,TT,CC,CC,88,79,18,NC_000016.10,Mutation NB - Paternal Origin,Transition - Pyrimidine/Pyrimidine,T>C
3413932,.,CC,CC,CT,85,82,44,NC_000016.10,Mutation NB - Maternal Origin,Transition - Pyrimidine/Pyrimidine,Unsolved
4023669,rs142702928,CC,TT,TT,82,76,18,NC_000016.10,Mutation NB - Paternal Origin,Transition - Pyrimidine/Pyrimidine,C>T
4230175,rs2386885,CC,TT,TT,91,91,9,NC_000016.10,Mutation NB - Paternal Origin,Transition - Pyrimidine/Pyrimidine,C>T
4796067,rs2075465,TC,CC,TT,35,82,15,NC_000016.10,Mutation NB - Maternal Origin,Transversion - Purine/Pyrimidine,C>T
5285809,rs9931430,GG,CC,CC,100,70,12,NC_000016.10,Mutation NB - Paternal Origin,Transversion - Purine/Pyrimidine,G>C
6378380,rs1468612,CC,TT,CC,58,37,51,NC_000016.10,Mutation NB - Maternal Origin,Transition - Pyrimidine/Pyrimidine,T>C
6420012,rs76955296,TT,TT,TA,64,100,92,NC_000016.10,Mutation NB - Paternal Origin,Transition - Pyrimidine/Pyrimidine,Transversion - Purine/Pyrimidine,Unsolved
8700938,rs79960204,CC,TT,TT,85,91,12,NC_000016.10,Mutation NB - Paternal Origin,Transition - Pyrimidine/Pyrimidine,C>T
9047794,rs113403549,GG,GG,GA,100,91,99,NC_000016.10,Mutation NB - Maternal Origin,Transition - Purine/Purine,Unsolved
11064857,.,GG,GG,GA,58,73,50,NC_000016.10,Mutation NB - Paternal Origin,Transition - Purine/Purine,Unsolved
11309051,rs35307035,GG,AA,GG,94,88,0,NC_000016.10,Mutation NB - Maternal Origin,Transition - Purine/Purine,A>G
11442802,rs8049165,CC,TT,TT,46,79,0,NC_000016.10,Mutation NB - Paternal Origin,Transition - Pyrimidine/Pyrimidine,C>T
11465766,rs9932069,CC,GG,CC,70,100,21,NC_000016.10,Mutation NB - Maternal Origin,Transversion - Purine/Pyrimidine,G>C
11493626,rs55808496,AA,CC,AA,91,100,27,NC_000016.10,Mutation NB - Maternal Origin,Transversion - Purine/Pyrimidine,C>A
11609826,rs12923023,TC,TT,CC,1,82,27,NC_000016.10,Mutation NB - Maternal Origin,Transition - Pyrimidine/Pyrimidine,T>C
12566816,rs72775241,CC,GG,CC,88,88,24,NC_000016.10,Mutation NB - Maternal Origin,Transversion - Purine/Pyrimidine,G>C
12630449,rs4781309,AG,GG,AA,1,64,0,NC_000016.10,Mutation NB - Maternal Origin,Transition - Purine/Purine,G>A
12630458,rs4781310,CT,TT,CC,1,61,0,NC_000016.10,Mutation NB - Maternal Origin,Transition - Pyrimidine/Pyrimidine,T>C
12630471,rs4781312,AG,GG,AA,1,61,0,NC_000016.10,Mutation NB - Maternal Origin,Transition - Purine/Purine,G>A
13424225,rs60043487,CC,CC,TC,52,96,99,NC_000016.10,Mutation NB - Paternal Origin,Transition - Pyrimidine/Pyrimidine,Unsolved
18836151,.,AA,AA,AG,76,88,50,NC_000016.10,Mutation NB - Paternal Origin,Transition - Purine/Purine,Unsolved
23219774,.,AA,AA,AG,52,31,50,NC_000016.10,Mutation NB - Maternal Origin,Transition - Purine/Purine,Unsolved
23219804,rs1960203576,TT,TT,TC,52,37,50,NC_000016.10,Mutation NB - Maternal Origin,Transition - Pyrimidine/Pyrimidine,Unsolved
24103215,rs367977,AA,GG,GG,67,85,0,NC_000016.10,Mutation NB - Paternal Origin,Transition - Purine/Purine,A>G
24416320,.,AA,AA,AG,43,43,44,NC_000016.10,Mutation NB - Paternal or Maternal,Transition - Purine/Purine,Unsolved
27185599,.,AA,AA,AG,61,91,48,NC_000016.10,Mutation NB - Paternal Origin,Transition - Purine/Purine,Unsolved
27647012,rs1362824426,TT,TT,TC,100,57,62,NC_000016.10,Mutation NB - Maternal Origin,Transition - Pyrimidine/Pyrimidine,Unsolved
27932704,rs7194900,GG,TT,TT,79,91,0,NC_000016.10,Mutation NB - Paternal Origin,Transversion - Purine/Pyrimidine,G>T
28093765,rs74016642,TT,CC,CC,82,70,42,NC_000016.10,Mutation NB - Paternal Origin,Transition - Pyrimidine/Pyrimidine,T>C
30040712,.,GG,GG,GA,70,67,56,NC_000016.10,Mutation NB - Maternal Origin,Transition - Purine/Purine,Unsolved
46900578,.,AA,AA,AG,79,67,43,NC_000016.10,Mutation NB - Maternal Origin,Transition - Purine/Purine,Unsolved
48414175,rs9938490,TT,CC,CC,79,91,12,NC_000016.10,Mutation NB - Paternal Origin,Transition - Pyrimidine/Pyrimidine,T>C
50375168,rs2039378722,CC,CC,CT,61,64,71,NC_000016.10,Mutation NB - Paternal Origin,Transition - Pyrimidine/Pyrimidine,Unsolved
50625189,.,TT,TT,TC,76,79,53,NC_000016.10,Mutation NB - Paternal Origin,Transition - Pyrimidine/Pyrimidine,Unsolved
51854834,.,TT,TT,TC,67,76,41,NC_000016.10,Mutation NB - Paternal Origin,Transition - Pyrimidine/Pyrimidine,Unsolved
55130602,rs117738706,CC,CC,CT,76,100,29,NC_000016.10,Mutation NB - Paternal Origin,Transition - Pyrimidine/Pyrimidine,Unsolved
56972205,.,CC,CC,CG,79,88,56,NC_000016.10,Mutation NB - Paternal Origin,Transversion - Purine/Pyrimidine,Unsolved
57458486,.,AA,AA,AG,37,85,83,NC_000016.10,Mutation NB - Paternal Origin,Transition - Purine/Purine,Unsolved
58038666,rs1436426,AA,GG,GG,85,1,10,NC_000016.10,Mutation NB - Paternal Origin,Transition - Purine/Purine,A>G
63263475,.,TT,TT,TC,73,13,71,NC_000016.10,Mutation NB - Maternal Origin,Transition - Pyrimidine/Pyrimidine,Unsolved
67287017,rs785029,CC,CC,CT,49,85,58,NC_000016.10,Mutation NB - Paternal Origin,Transition - Pyrimidine/Pyrimidine,Unsolved
67964017,rs3785100,TT,TT,TC,91,100,99,NC_000016.10,Mutation NB - Paternal Origin,Transition - Pyrimidine/Pyrimidine,Unsolved
72180959,rs12325266,CC,CC,CT,91,91,68,NC_000016.10,Mutation NB - Paternal or Maternal,Transition - Pyrimidine/Pyrimidine,Unsolved
72284364,rs118010537,TT,TT,TG,91,88,33,NC_000016.10,Mutation NB - Maternal Origin,Transition - Pyrimidine/Pyrimidine,Transversion - Purine/Pyrimidine,Unsolved
73322999,.,TT,TT,TC,19,61,44,NC_000016.10,Mutation NB - Paternal Origin,Transition - Pyrimidine/Pyrimidine,Unsolved
74367653,.,CC,CC,CT,85,58,41,NC_000016.10,Mutation NB - Maternal Origin,Transition - Pyrimidine/Pyrimidine,Unsolved
77080792,rs61240383,AA,GG,AA,70,88,30,NC_000016.10,Mutation NB - Maternal Origin,Transition - Purine/Purine,G>A
78092423,rs34967858,GC,GG,CC,1,100,48,NC_000016.10,Mutation NB - Maternal Origin,Transversion - Purine/Pyrimidine,G>C
80008909,rs8063712,TT,CC,TT,64,85,15,NC_000016.10,Mutation NB - Maternal Origin,Transition - Pyrimidine/Pyrimidine,C>T
81110437,.,AA,AA,AG,52,1,50,NC_000016.10,Mutation NB - Maternal Origin,Transition - Purine/Purine,Unsolved
81359085,rs6564872,CC,TT,CC,61,100,24,NC_000016.10,Mutation NB - Maternal Origin,Transition - Pyrimidine/Pyrimidine,T>C
83129288,rs17280004,GG,CC,CC,85,76,9,NC_000016.10,Mutation NB - Paternal Origin,Transversion - Purine/Pyrimidine,G>C
83146415,.,CC,CC,CA,61,52,68,NC_000016.10,Mutation NB - Maternal Origin,Transversion - Purine/Pyrimidine,Unsolved
83514574,rs8062490,AA,GA,GG,91,9,24,NC_000016.10,Mutation NB - Paternal Origin,Transition - Purine/Purine,A>G
83841283,.,AA,AA,AG,55,61,53,NC_000016.10,Mutation NB - Paternal Origin,Transition - Purine/Purine,Unsolved
83935884,rs1274793888,AA,AA,AC,76,94,71,NC_000016.10,Mutation NB - Paternal Origin,Transversion - Purine/Pyrimidine,Unsolved
83978374,rs925332,GG,AA,AA,31,73,9,NC_000016.10,Mutation NB - Paternal Origin,Transition - Purine/Purine,G>A
84194800,rs11864953,TT,CC,TT,88,100,15,NC_000016.10,Mutation NB - Maternal Origin,Transition - Pyrimidine/Pyrimidine,C>T
84678448,rs113734828,CC,CC,CG,61,100,99,NC_000016.10,Mutation NB - Paternal Origin,Transversion - Purine/Pyrimidine,Unsolved
84678451,rs113837869,AA,AA,AG,61,100,99,NC_000016.10,Mutation NB - Paternal Origin,Transition - Purine/Purine,Unsolved
85138396,rs56138315,CC,CC,CT,82,100,33,NC_000016.10,Mutation NB - Paternal Origin,Transition - Pyrimidine/Pyrimidine,Unsolved
85144746,rs11645712,CC,AA,CC,76,85,30,NC_000016.10,Mutation NB - Maternal Origin,Transversion - Purine/Pyrimidine,A>C
85695692,rs115968195,AA,AA,AT,91,100,30,NC_000016.10,Mutation NB - Paternal Origin,Transversion - Purine/Pyrimidine,Unsolved
86060493,rs55660900,AA,GG,GG,91,82,36,NC_000016.10,Mutation NB - Paternal Origin,Transition - Purine/Purine,A>G
86093955,rs6419436,CT,CC,TT,1,100,21,NC_000016.10,Mutation NB - Maternal Origin,Transversion - Purine/Pyrimidine,C>T
86094076,rs1007967,GG,GG,AA,100,85,24,NC_000016.10,Mutation NB - Maternal Origin,Transition - Purine/Purine,Unsolved
86094548,rs7198119,GG,GC,CC,100,1,33,NC_000016.10,Mutation NB - Paternal Origin,Transversion - Purine/Pyrimidine,G>C
87653011,rs1077698,AA,GG,GG,100,85,9,NC_000016.10,Mutation NB - Paternal Origin,Transition - Purine/Purine,A>G
87653069,rs1077699,CC,GG,GG,100,88,9,NC_000016.10,Mutation NB - Paternal Origin,Transversion - Purine/Pyrimidine,C>G
87653072,rs9924006,GG,CC,CC,91,88,9,NC_000016.10,Mutation NB - Paternal Origin,Transversion - Purine/Pyrimidine,G>C
87675579,.,TT,TT,TC,67,67,41,NC_000016.10,Mutation NB - Paternal or Maternal,Transition - Pyrimidine/Pyrimidine,Unsolved
87829507,rs60120326,AA,GG,AA,85,100,9,NC_000016.10,Mutation NB - Maternal Origin,Transition - Purine/Purine,G>A
88699951,rs11648894,TT,CC,TT,82,100,21,NC_000016.10,Mutation NB - Maternal Origin,Transition - Pyrimidine/Pyrimidine,C>T
88727464,rs113907912,TT,TT,TC,1,67,99,NC_000016.10,Mutation NB - Paternal Origin,Transition - Pyrimidine/Pyrimidine,Unsolved
88727502,rs2242171,CC,TT,CC,1,67,99,NC_000016.10,Mutation NB - Maternal Origin,Transition - Pyrimidine/Pyrimidine,T>C
88809832,.,TT,TT,TC,73,85,53,NC_000016.10,Mutation NB - Paternal Origin,Transition - Pyrimidine/Pyrimidine,Unsolved
88969147,rs2067792,AA,CC,AA,91,91,12,NC_000016.10,Mutation NB - Maternal Origin,Transversion - Purine/Pyrimidine,C>A
89065603,rs117098882,TT,TT,TC,67,100,99,NC_000016.10,Mutation NB - Paternal Origin,Transition - Pyrimidine/Pyrimidine,Unsolved
89100686,rs7188200,CC,CC,TC,91,85,9,NC_000016.10,Mutation NB - Maternal Origin,Transition - Pyrimidine/Pyrimidine,Unsolved
89295145,rs1003699835,TT,TT,GG,100,100,8,NC_000016.10,Mutation NB - Paternal or Maternal,Transition - Purine/Purine,Transversion - Purine/Pyrimidine,Unsolved
89760315,rs2238526,AA,GG,GG,85,100,0,NC_000016.10,Mutation NB - Paternal Origin,Transition - Purine/Purine,A>G
89963009,rs4785751,GG,GG,GA,79,100,60,NC_000016.10,Mutation NB - Paternal Origin,Transition - Purine/Purine,Unsolved
1488503,rs34582191,TT,TT,CC,88,73,9,NC_000017.11,Mutation NB - Maternal Origin,Transition - Pyrimidine/Pyrimidine,Unsolved
1488605,rs72818301,CT,CC,TT,73,82,9,NC_000017.11,Mutation NB - Maternal Origin,Transversion - Purine/Pyrimidine,C>T
4152752,rs74789530,TT,TT,TC,100,88,65,NC_000017.11,Mutation NB - Maternal Origin,Transition - Pyrimidine/Pyrimidine,Unsolved
4819260,rs145334991,GG,GG,GC,88,76,27,NC_000017.11,Mutation NB - Maternal Origin,Transition - Purine/Purine,Transversion - Purine/Pyrimidine,Unsolved
5584745,rs925595,CC,GG,GG,43,94,0,NC_000017.11,Mutation NB - Paternal Origin,Transversion - Purine/Pyrimidine,C>G
6190789,rs76414832,GG,AA,GG,37,79,18,NC_000017.11,Mutation NB - Maternal Origin,Transition - Purine/Purine,A>G
6190813,rs7406684,GA,GG,AA,1,76,18,NC_000017.11,Mutation NB - Maternal Origin,Transition - Purine/Purine,G>A
8067441,rs72842946,GT,GG,TT,1,28,54,NC_000017.11,Mutation NB - Maternal Origin,Transversion - Purine/Pyrimidine,G>T
8106019,rs7209343,GG,TT,GG,91,85,0,NC_000017.11,Mutation NB - Maternal Origin,Transition - Purine/Purine,Transversion - Purine/Pyrimidine,T>G
8629342,rs1303351113,AA,AA,AC,89,73,70,NC_000017.11,Mutation NB - Maternal Origin,Transversion - Purine/Pyrimidine,Unsolved
10189809,rs57790272,GG,AA,GG,100,85,0,NC_000017.11,Mutation NB - Maternal Origin,Transition - Purine/Purine,A>G
10189836,rs73282005,AA,GG,AA,100,85,0,NC_000017.11,Mutation NB - Maternal Origin,Transition - Purine/Purine,G>A
11006572,rs8078750,GG,CC,GG,49,55,18,NC_000017.11,Mutation NB - Maternal Origin,Transversion - Purine/Pyrimidine,C>G
11722730,rs8074402,GG,TT,TT,73,91,0,NC_000017.11,Mutation NB - Paternal Origin,Transversion - Purine/Pyrimidine,G>T
12145718,rs9903561,AA,TT,AA,43,73,27,NC_000017.11,Mutation NB - Maternal Origin,Transversion - Purine/Pyrimidine,T>A
13668442,rs917389,TC,TT,CC,32,88,9,NC_000017.11,Mutation NB - Maternal Origin,Transition - Pyrimidine/Pyrimidine,T>C
13677326,rs8065823,GG,AA,AA,73,91,18,NC_000017.11,Mutation NB - Paternal Origin,Transition - Purine/Purine,G>A
14041969,rs11649962,CA,AA,CC,82,91,18,NC_000017.11,Mutation NB - Maternal Origin,A>C
14751308,rs144590863,TT,CT,CC,82,1,27,NC_000017.11,Mutation NB - Paternal Origin,Transition - Pyrimidine/Pyrimidine,T>C
15136445,rs73281245,GG,GA,AA,82,76,9,NC_000017.11,Mutation NB - Paternal Origin,Transition - Purine/Purine,G>A
16443618,rs4792745,GG,TT,TT,85,82,12,NC_000017.11,Mutation NB - Paternal Origin,Transversion - Purine/Pyrimidine,G>T
17146941,rs10852846,AA,AA,AC,88,91,62,NC_000017.11,Mutation NB - Paternal Origin,Transversion - Purine/Pyrimidine,Unsolved
17187870,.,CC,CC,CT,58,64,59,NC_000017.11,Mutation NB - Paternal Origin,Transition - Pyrimidine/Pyrimidine,Unsolved
17226923,rs1736216,AA,AA,GA,58,91,99,NC_000017.11,Mutation NB - Paternal Origin,Transition - Purine/Purine,Unsolved
17231859,rs8069957,CC,TC,TT,85,3,12,NC_000017.11,Mutation NB - Paternal Origin,Transition - Pyrimidine/Pyrimidine,C>T
17231862,rs115413827,GG,GG,GA,100,76,71,NC_000017.11,Mutation NB - Maternal Origin,Transition - Purine/Purine,Unsolved
17232108,rs1736211,GG,AG,AA,85,32,0,NC_000017.11,Mutation NB - Paternal Origin,Transition - Purine/Purine,G>A
17819407,.,TT,TT,TC,64,70,53,NC_000017.11,Mutation NB - Paternal Origin,Transition - Pyrimidine/Pyrimidine,Unsolved
19443401,rs1914428653,AA,AA,AG,28,40,41,NC_000017.11,Mutation NB - Paternal Origin,Transition - Purine/Purine,Unsolved
19450065,rs4924785,CC,CC,CT,67,100,65,NC_000017.11,Mutation NB - Paternal Origin,Transition - Pyrimidine/Pyrimidine,Unsolved
19467146,rs1336975162,AA,AA,AG,61,46,86,NC_000017.11,Mutation NB - Maternal Origin,Transition - Purine/Purine,Unsolved
19487048,rs886438,GG,GG,TT,85,100,9,NC_000017.11,Mutation NB - Paternal Origin,Transversion - Purine/Pyrimidine,Unsolved
19752889,rs4925046,TT,CC,TT,76,61,15,NC_000017.11,Mutation NB - Maternal Origin,Transition - Pyrimidine/Pyrimidine,C>T
20228450,rs16960735,AA,GG,AA,34,67,14,NC_000017.11,Mutation NB - Maternal Origin,Transition - Purine/Purine,G>A
20287647,rs79371727,AA,TT,AA,76,88,15,NC_000017.11,Mutation NB - Maternal Origin,Transversion - Purine/Pyrimidine,T>A
21033090,rs996065,CC,TT,TT,91,91,18,NC_000017.11,Mutation NB - Paternal Origin,Transition - Pyrimidine/Pyrimidine,C>T
22168665,rs35897225,AA,AA,AT,55,85,62,NC_000017.11,Mutation NB - Paternal Origin,Transversion - Purine/Pyrimidine,Unsolved
30971422,.,TT,CC,CC,98,1,99,NC_000017.11,Mutation NB - Paternal Origin,Transition - Pyrimidine/Pyrimidine,T>C
32312571,rs62064226,AA,GG,AA,61,61,15,NC_000017.11,Mutation NB - Maternal Origin,Transition - Purine/Purine,G>A
32360243,rs9906963,GG,GG,GC,88,61,99,NC_000017.11,Mutation NB - Maternal Origin,Transition - Purine/Purine,Transversion - Purine/Pyrimidine,Unsolved
33728145,rs9893177,AA,AA,GA,49,1,6,NC_000017.11,Mutation NB - Maternal Origin,Transition - Purine/Purine,Unsolved
34384920,rs159307,CC,CT,TT,100,6,12,NC_000017.11,Mutation NB - Paternal Origin,Transition - Pyrimidine/Pyrimidine,C>T
34946144,rs114899415,TT,TT,TC,79,100,99,NC_000017.11,Mutation NB - Paternal Origin,Transition - Pyrimidine/Pyrimidine,Unsolved
34959221,.,TT,TT,TC,82,61,44,NC_000017.11,Mutation NB - Maternal Origin,Transition - Pyrimidine/Pyrimidine,Unsolved
35174413,rs1384220,TT,CC,CC,82,100,0,NC_000017.11,Mutation NB - Paternal Origin,Transition - Pyrimidine/Pyrimidine,T>C
35486508,rs8064947,CC,GG,CC,40,85,24,NC_000017.11,Mutation NB - Maternal Origin,Transversion - Purine/Pyrimidine,G>C
39067992,.,AA,AA,AG,61,67,47,NC_000017.11,Mutation NB - Paternal Origin,Transition - Purine/Purine,Unsolved
39153835,rs16516,TT,TT,TC,88,100,40,NC_000017.11,Mutation NB - Paternal Origin,Transition - Pyrimidine/Pyrimidine,Unsolved
39329894,rs115035920,TT,CC,TT,76,91,9,NC_000017.11,Mutation NB - Maternal Origin,Transition - Pyrimidine/Pyrimidine,C>T
40124603,.,TT,TT,TC,91,82,55,NC_000017.11,Mutation NB - Maternal Origin,Transition - Pyrimidine/Pyrimidine,Unsolved
40740199,rs75010615,CC,CC,CT,73,100,89,NC_000017.11,Mutation NB - Paternal Origin,Transition - Pyrimidine/Pyrimidine,Unsolved
41724404,rs4547383,TT,TT,GT,91,85,36,NC_000017.11,Mutation NB - Maternal Origin,Transition - Pyrimidine/Pyrimidine,Transversion - Purine/Pyrimidine,Unsolved
41724428,rs4461125,TT,TT,CT,91,85,36,NC_000017.11,Mutation NB - Maternal Origin,Transition - Pyrimidine/Pyrimidine,Unsolved
42819143,.,AA,AA,AG,34,61,86,NC_000017.11,Mutation NB - Paternal Origin,Transition - Purine/Purine,Unsolved
44214756,rs1598256464,AA,AA,AG,19,25,44,NC_000017.11,Mutation NB - Paternal Origin,Transition - Purine/Purine,Unsolved
44599283,rs7210830,GG,GA,AA,100,8,24,NC_000017.11,Mutation NB - Paternal Origin,Transition - Purine/Purine,G>A
45007972,rs12936109,GG,GG,GA,91,91,30,NC_000017.11,Mutation NB - Paternal or Maternal,Transition - Purine/Purine,Unsolved
47772349,rs11079789,AA,AA,AG,100,100,99,NC_000017.11,Mutation NB - Paternal or Maternal,Transition - Purine/Purine,Unsolved
47893380,rs202115114,GG,GG,GA,91,82,58,NC_000017.11,Mutation NB - Maternal Origin,Transition - Purine/Purine,Unsolved
48019717,rs9890096,TT,CC,CC,85,88,9,NC_000017.11,Mutation NB - Paternal Origin,Transition - Pyrimidine/Pyrimidine,T>C
49403605,rs143823907,GG,GG,GA,100,53,43,NC_000017.11,Mutation NB - Maternal Origin,Transition - Purine/Purine,Unsolved
50022582,rs11652676,CC,GG,GG,82,79,0,NC_000017.11,Mutation NB - Paternal Origin,Transversion - Purine/Pyrimidine,C>G
50027543,.,AA,AA,AG,91,85,41,NC_000017.11,Mutation NB - Maternal Origin,Transition - Purine/Purine,Unsolved
50871042,.,TT,TT,TC,88,85,68,NC_000017.11,Mutation NB - Maternal Origin,Transition - Pyrimidine/Pyrimidine,Unsolved
52751138,rs67871614,GG,GG,GA,100,34,99,NC_000017.11,Mutation NB - Maternal Origin,Transition - Purine/Purine,Unsolved
52751196,rs67487026,TT,TT,TC,100,34,99,NC_000017.11,Mutation NB - Maternal Origin,Transition - Pyrimidine/Pyrimidine,Unsolved
53450694,rs4794430,TT,CC,TT,55,64,18,NC_000017.11,Mutation NB - Maternal Origin,Transition - Pyrimidine/Pyrimidine,C>T
54980532,rs9903444,CC,CC,CT,58,88,89,NC_000017.11,Mutation NB - Paternal Origin,Transition - Pyrimidine/Pyrimidine,Unsolved
55993052,rs11079205,TT,TG,GG,73,38,20,NC_000017.11,Mutation NB - Paternal Origin,Transversion - Purine/Pyrimidine,T>G
57144715,rs4793847,AA,AA,GG,91,91,0,NC_000017.11,Mutation NB - Paternal or Maternal,Transition - Purine/Purine,Unsolved
59688159,.,AA,AA,AG,43,34,44,NC_000017.11,Mutation NB - Maternal Origin,Transition - Purine/Purine,Unsolved
66783312,rs3889237,TT,TT,GG,82,91,0,NC_000017.11,Mutation NB - Paternal Origin,Transition - Purine/Purine,Transversion - Purine/Pyrimidine,Unsolved
67016646,rs3785581,GG,TT,TT,85,91,18,NC_000017.11,Mutation NB - Paternal Origin,Transversion - Purine/Pyrimidine,G>T
69594731,rs11869050,GG,GA,AA,61,1,18,NC_000017.11,Mutation NB - Paternal Origin,Transition - Purine/Purine,G>A
72467272,.,AA,AA,AG,61,88,62,NC_000017.11,Mutation NB - Paternal Origin,Transition - Purine/Purine,Unsolved
72538843,.,CC,CC,CT,58,76,44,NC_000017.11,Mutation NB - Paternal Origin,Transition - Pyrimidine/Pyrimidine,Unsolved
73507527,.,CC,CC,CT,79,67,62,NC_000017.11,Mutation NB - Maternal Origin,Transition - Pyrimidine/Pyrimidine,Unsolved
73751255,rs9912784,TT,CC,TT,1,61,36,NC_000017.11,Mutation NB - Maternal Origin,Transition - Pyrimidine/Pyrimidine,C>T
73751258,rs9911115,AA,GG,AA,1,61,36,NC_000017.11,Mutation NB - Maternal Origin,Transition - Purine/Purine,G>A
74008194,rs7503924,CC,TC,TT,91,29,0,NC_000017.11,Mutation NB - Paternal Origin,Transition - Pyrimidine/Pyrimidine,C>T
74104686,rs565657286,TT,TT,TC,43,55,68,NC_000017.11,Mutation NB - Paternal Origin,Transition - Pyrimidine/Pyrimidine,Unsolved
74424236,rs2670837,CC,GG,CC,79,91,30,NC_000017.11,Mutation NB - Maternal Origin,Transversion - Purine/Pyrimidine,G>C
75325600,.,AA,AA,AG,88,46,41,NC_000017.11,Mutation NB - Maternal Origin,Transition - Purine/Purine,Unsolved
75592721,.,TT,TT,TC,82,79,65,NC_000017.11,Mutation NB - Maternal Origin,Transition - Pyrimidine/Pyrimidine,Unsolved
77035247,rs12452928,GA,GG,AA,1,73,12,NC_000017.11,Mutation NB - Maternal Origin,Transition - Purine/Purine,G>A
77691104,rs7502550,TC,CC,TT,32,91,0,NC_000017.11,Mutation NB - Maternal Origin,Transversion - Purine/Pyrimidine,C>T
78142115,.,TT,TT,TC,79,55,47,NC_000017.11,Mutation NB - Maternal Origin,Transition - Pyrimidine/Pyrimidine,Unsolved
79143880,rs7210741,CC,AA,CC,40,79,0,NC_000017.11,Mutation NB - Maternal Origin,Transversion - Purine/Pyrimidine,A>C
79729257,.,TT,TT,TC,85,85,51,NC_000017.11,Mutation NB - Paternal or Maternal,Transition - Pyrimidine/Pyrimidine,Unsolved
79729410,rs9910429,AA,GG,GG,88,73,0,NC_000017.11,Mutation NB - Paternal Origin,Transition - Purine/Purine,A>G
80471215,rs28364734,AA,GG,GG,85,91,0,NC_000017.11,Mutation NB - Paternal Origin,Transition - Purine/Purine,A>G
80571605,rs8067858,CC,TT,TT,85,91,9,NC_000017.11,Mutation NB - Paternal Origin,Transition - Pyrimidine/Pyrimidine,C>T
81000874,rs9907676,AA,GG,AA,58,25,0,NC_000017.11,Mutation NB - Maternal Origin,Transition - Purine/Purine,G>A
81066817,rs11651813,AC,AA,CC,67,85,9,NC_000017.11,Mutation NB - Maternal Origin,A>C
81144303,rs76137917,TT,TC,CC,40,11,24,NC_000017.11,Mutation NB - Paternal Origin,Transition - Pyrimidine/Pyrimidine,T>C
81381494,rs11657342,AA,GG,GG,85,76,30,NC_000017.11,Mutation NB - Paternal Origin,Transition - Purine/Purine,A>G
81449406,.,TT,TT,TC,76,79,49,NC_000017.11,Mutation NB - Paternal Origin,Transition - Pyrimidine/Pyrimidine,Unsolved
82020718,rs4246443,TT,CC,CC,100,67,15,NC_000017.11,Mutation NB - Paternal Origin,Transition - Pyrimidine/Pyrimidine,T>C
82128301,rs6502062,TT,TT,TG,70,100,99,NC_000017.11,Mutation NB - Paternal Origin,Transition - Pyrimidine/Pyrimidine,Transversion - Purine/Pyrimidine,Unsolved
82450472,rs9911854,AA,AA,AG,85,100,53,NC_000017.11,Mutation NB - Paternal Origin,Transition - Purine/Purine,Unsolved
82491835,rs6502115,TT,AA,TT,88,82,9,NC_000017.11,Mutation NB - Maternal Origin,Transversion - Purine/Pyrimidine,A>T
83108822,rs147369470,AA,GG,GG,76,91,0,NC_000017.11,Mutation NB - Paternal Origin,Transition - Purine/Purine,A>G
685797,rs2847329,TT,CC,CC,91,91,0,NC_000018.10,Mutation NB - Paternal Origin,Transition - Pyrimidine/Pyrimidine,T>C
691173,rs2612087,AA,AA,GA,85,91,99,NC_000018.10,Mutation NB - Paternal Origin,Transition - Purine/Purine,Unsolved
691175,rs780161709,CC,GG,CC,85,91,24,NC_000018.10,Mutation NB - Maternal Origin,Transversion - Purine/Pyrimidine,G>C
2457519,rs3914860,GA,GG,AA,1,91,30,NC_000018.10,Mutation NB - Maternal Origin,Transition - Purine/Purine,G>A
2639565,rs4797078,AA,GG,GG,100,70,36,NC_000018.10,Mutation NB - Paternal Origin,Transition - Purine/Purine,A>G
3992557,rs930471,AA,GG,AA,91,100,9,NC_000018.10,Mutation NB - Maternal Origin,Transition - Purine/Purine,G>A
4119367,rs7228679,TT,CC,CC,100,76,9,NC_000018.10,Mutation NB - Paternal Origin,Transition - Pyrimidine/Pyrimidine,T>C
5460603,rs983714642,CC,GG,GG,91,85,15,NC_000018.10,Mutation NB - Paternal Origin,Transversion - Purine/Pyrimidine,C>G
6928292,rs4797266,CC,TT,CC,64,76,12,NC_000018.10,Mutation NB - Maternal Origin,Transition - Pyrimidine/Pyrimidine,T>C
6928339,rs4798518,TT,CC,TT,61,76,12,NC_000018.10,Mutation NB - Maternal Origin,Transition - Pyrimidine/Pyrimidine,C>T
7167724,rs524645,AA,GG,GG,43,64,0,NC_000018.10,Mutation NB - Paternal Origin,Transition - Purine/Purine,A>G
7348928,rs72900296,GG,GG,GA,100,73,72,NC_000018.10,Mutation NB - Maternal Origin,Transition - Purine/Purine,Unsolved
8437524,rs625906,AA,AA,TT,79,91,18,NC_000018.10,Mutation NB - Paternal Origin,Transversion - Purine/Pyrimidine,Unsolved
8586558,rs35436997,GG,GG,GA,79,100,99,NC_000018.10,Mutation NB - Paternal Origin,Transition - Purine/Purine,Unsolved
8586590,rs139496094,GG,GG,GA,79,100,99,NC_000018.10,Mutation NB - Paternal Origin,Transition - Purine/Purine,Unsolved
9537793,rs73939867,GG,GG,GA,73,100,99,NC_000018.10,Mutation NB - Paternal Origin,Transition - Purine/Purine,Unsolved
9840753,rs661092,CC,TT,CC,55,91,12,NC_000018.10,Mutation NB - Maternal Origin,Transition - Pyrimidine/Pyrimidine,T>C
10147587,rs73941663,AA,AA,AT,61,100,99,NC_000018.10,Mutation NB - Paternal Origin,Transversion - Purine/Pyrimidine,Unsolved
10604724,rs117226885,CC,CT,TT,91,22,9,NC_000018.10,Mutation NB - Paternal Origin,Transition - Pyrimidine/Pyrimidine,C>T
11990228,rs649396,CC,TC,TT,88,1,0,NC_000018.10,Mutation NB - Paternal Origin,Transition - Pyrimidine/Pyrimidine,C>T
12061347,rs12970461,AA,GG,AA,46,70,9,NC_000018.10,Mutation NB - Maternal Origin,Transition - Purine/Purine,G>A
12278444,.,AA,AA,AG,76,85,33,NC_000018.10,Mutation NB - Paternal Origin,Transition - Purine/Purine,Unsolved
12290207,rs9989596,TT,TT,TC,100,100,33,NC_000018.10,Mutation NB - Paternal or Maternal,Transition - Pyrimidine/Pyrimidine,Unsolved
12754776,rs11874945,CC,TT,TT,88,88,18,NC_000018.10,Mutation NB - Paternal Origin,Transition - Pyrimidine/Pyrimidine,C>T
12768847,rs9948472,AG,GG,AA,1,70,0,NC_000018.10,Mutation NB - Maternal Origin,Transition - Purine/Purine,G>A
22336027,rs139216910,AA,AA,AG,34,100,99,NC_000018.10,Mutation NB - Paternal Origin,Transition - Purine/Purine,Unsolved
23373755,.,AA,AA,AG,67,82,49,NC_000018.10,Mutation NB - Paternal Origin,Transition - Purine/Purine,Unsolved
23373756,rs8099409,GG,GG,GA,67,100,59,NC_000018.10,Mutation NB - Paternal Origin,Transition - Purine/Purine,Unsolved
24003193,rs12959792,TT,CC,CC,85,91,0,NC_000018.10,Mutation NB - Paternal Origin,Transition - Pyrimidine/Pyrimidine,T>C
25604973,rs115309554,CC,TT,CC,61,88,24,NC_000018.10,Mutation NB - Maternal Origin,Transition - Pyrimidine/Pyrimidine,T>C
28228227,rs7232360,CC,CC,GC,85,91,15,NC_000018.10,Mutation NB - Paternal Origin,Transversion - Purine/Pyrimidine,Unsolved
32499081,.,TT,TT,TC,79,61,53,NC_000018.10,Mutation NB - Maternal Origin,Transition - Pyrimidine/Pyrimidine,Unsolved
37558584,rs114223417,CC,CC,CT,100,88,30,NC_000018.10,Mutation NB - Maternal Origin,Transition - Pyrimidine/Pyrimidine,Unsolved
37694278,rs2017464,CC,CC,CG,100,82,68,NC_000018.10,Mutation NB - Maternal Origin,Transversion - Purine/Pyrimidine,Unsolved
40235102,rs1453562175,TT,TT,TC,82,100,99,NC_000018.10,Mutation NB - Paternal Origin,Transition - Pyrimidine/Pyrimidine,Unsolved
40235528,rs73420173,AA,GG,AA,1,58,45,NC_000018.10,Mutation NB - Maternal Origin,Transition - Purine/Purine,G>A
40908756,rs138326245,GG,GG,GA,79,100,68,NC_000018.10,Mutation NB - Paternal Origin,Transition - Purine/Purine,Unsolved
41789917,rs182728767,TT,TT,TG,61,100,99,NC_000018.10,Mutation NB - Paternal Origin,Transition - Pyrimidine/Pyrimidine,Transversion - Purine/Pyrimidine,Unsolved
42661206,rs143339362,GG,AA,GG,91,91,18,NC_000018.10,Mutation NB - Maternal Origin,Transition - Purine/Purine,A>G
46736412,rs28528836,CC,CC,CT,100,67,91,NC_000018.10,Mutation NB - Maternal Origin,Transition - Pyrimidine/Pyrimidine,Unsolved
49444234,rs76374235,CC,CC,CT,67,82,99,NC_000018.10,Mutation NB - Paternal Origin,Transition - Pyrimidine/Pyrimidine,Unsolved
50759271,rs11874104,TT,TT,TA,88,100,72,NC_000018.10,Mutation NB - Paternal Origin,Transition - Pyrimidine/Pyrimidine,Transversion - Purine/Pyrimidine,Unsolved
51307814,rs60394917,CC,GG,CC,85,100,9,NC_000018.10,Mutation NB - Maternal Origin,Transversion - Purine/Pyrimidine,G>C
51307817,rs78681797,AC,AA,CC,32,88,9,NC_000018.10,Mutation NB - Maternal Origin,A>C
52978414,.,AA,AA,AG,64,70,47,NC_000018.10,Mutation NB - Paternal Origin,Transition - Purine/Purine,Unsolved
56535196,rs1284777791,CC,CC,CT,1,1,53,NC_000018.10,Mutation NB - Paternal or Maternal,Transition - Pyrimidine/Pyrimidine,Unsolved
57078753,rs12103936,AA,GG,AA,79,91,21,NC_000018.10,Mutation NB - Maternal Origin,Transition - Purine/Purine,G>A
57850339,rs150126940,GG,TT,TT,40,10,24,NC_000018.10,Mutation NB - Paternal Origin,Transversion - Purine/Pyrimidine,G>T
57850448,rs4502308,GG,AA,AA,52,36,39,NC_000018.10,Mutation NB - Paternal Origin,Transition - Purine/Purine,G>A
59825165,.,CC,CC,CT,34,67,80,NC_000018.10,Mutation NB - Paternal Origin,Transition - Pyrimidine/Pyrimidine,Unsolved
61213441,rs154880,GG,AA,AA,67,100,0,NC_000018.10,Mutation NB - Paternal Origin,Transition - Purine/Purine,G>A
61303707,rs142742804,AA,GA,GG,79,60,21,NC_000018.10,Mutation NB - Paternal Origin,Transition - Purine/Purine,A>G
61394746,rs7237834,GG,TT,GG,88,100,39,NC_000018.10,Mutation NB - Maternal Origin,Transition - Purine/Purine,Transversion - Purine/Pyrimidine,T>G
62609617,rs8084602,TC,TT,CC,67,91,12,NC_000018.10,Mutation NB - Maternal Origin,Transition - Pyrimidine/Pyrimidine,T>C
63688192,rs9646631,AA,GG,GG,91,91,9,NC_000018.10,Mutation NB - Paternal Origin,Transition - Purine/Purine,A>G
65428296,rs673233,TT,CT,CC,85,32,12,NC_000018.10,Mutation NB - Paternal Origin,Transition - Pyrimidine/Pyrimidine,T>C
66073709,.,TT,TT,TC,1,46,47,NC_000018.10,Mutation NB - Paternal Origin,Transition - Pyrimidine/Pyrimidine,Unsolved
73852406,.,AA,AA,AG,64,64,50,NC_000018.10,Mutation NB - Paternal or Maternal,Transition - Purine/Purine,Unsolved
74119765,rs1402388635,AA,AA,AG,58,67,41,NC_000018.10,Mutation NB - Paternal Origin,Transition - Purine/Purine,Unsolved
74119977,rs62097028,AA,AA,AG,67,64,44,NC_000018.10,Mutation NB - Maternal Origin,Transition - Purine/Purine,Unsolved
75109784,rs17056360,TT,TT,TC,100,85,30,NC_000018.10,Mutation NB - Maternal Origin,Transition - Pyrimidine/Pyrimidine,Unsolved
75508794,.,AA,AA,AG,37,46,46,NC_000018.10,Mutation NB - Paternal Origin,Transition - Purine/Purine,Unsolved
76215959,rs9956940,AA,GG,GG,85,73,0,NC_000018.10,Mutation NB - Paternal Origin,Transition - Purine/Purine,A>G
77210624,rs2850860,TT,CC,CC,70,37,0,NC_000018.10,Mutation NB - Paternal Origin,Transition - Pyrimidine/Pyrimidine,T>C
77487472,rs1942585,GG,CC,GG,100,61,0,NC_000018.10,Mutation NB - Maternal Origin,Transversion - Purine/Pyrimidine,C>G
78348824,rs1599093786,AA,AA,AG,91,79,40,NC_000018.10,Mutation NB - Maternal Origin,Transition - Purine/Purine,Unsolved
78775321,rs148645285,TT,TT,TG,100,88,56,NC_000018.10,Mutation NB - Maternal Origin,Transition - Pyrimidine/Pyrimidine,Transversion - Purine/Pyrimidine,Unsolved
78883916,rs1599636,GG,GG,GA,100,64,99,NC_000018.10,Mutation NB - Maternal Origin,Transition - Purine/Purine,Unsolved
78910689,rs936505,CC,CC,CT,1,100,50,NC_000018.10,Mutation NB - Paternal Origin,Transition - Pyrimidine/Pyrimidine,Unsolved
80256330,rs35708369,TT,TC,CC,88,67,18,NC_000018.10,Mutation NB - Paternal Origin,Transition - Pyrimidine/Pyrimidine,T>C
631640,rs116321813,GA,AA,GG,38,88,21,NC_000019.10,Mutation NB - Maternal Origin,Transition - Purine/Purine,A>G
737924,rs75316092,GG,AA,GG,91,79,9,NC_000019.10,Mutation NB - Maternal Origin,Transition - Purine/Purine,A>G
964434,rs2240615,GG,AA,GG,82,82,51,NC_000019.10,Mutation NB - Maternal Origin,Transition - Purine/Purine,A>G
964460,rs555935993,GG,GG,GA,82,82,74,NC_000019.10,Mutation NB - Paternal or Maternal,Transition - Purine/Purine,Unsolved
1044329,rs4147909,CC,CC,CT,76,100,65,NC_000019.10,Mutation NB - Paternal Origin,Transition - Pyrimidine/Pyrimidine,Unsolved
2427154,rs12609742,AA,AA,AG,100,64,24,NC_000019.10,Mutation NB - Maternal Origin,Transition - Purine/Purine,Unsolved
2597167,rs28529573,TT,TT,CT,91,91,68,NC_000019.10,Mutation NB - Paternal or Maternal,Transition - Pyrimidine/Pyrimidine,Unsolved
2602451,rs8107038,TT,CC,CC,32,100,0,NC_000019.10,Mutation NB - Paternal Origin,Transition - Pyrimidine/Pyrimidine,T>C
3196535,rs311616,AG,AA,GG,1,76,30,NC_000019.10,Mutation NB - Maternal Origin,Transition - Purine/Purine,A>G
3443384,rs4807469,GG,GG,GC,82,85,99,NC_000019.10,Mutation NB - Paternal Origin,Transition - Purine/Purine,Transversion - Purine/Pyrimidine,Unsolved
3443407,rs4806937,CC,CC,CA,82,85,99,NC_000019.10,Mutation NB - Paternal Origin,Transversion - Purine/Pyrimidine,Unsolved
3828876,.,AA,AA,AG,58,70,59,NC_000019.10,Mutation NB - Paternal Origin,Transition - Purine/Purine,Unsolved
4293394,.,GG,GG,GA,91,85,33,NC_000019.10,Mutation NB - Maternal Origin,Transition - Purine/Purine,Unsolved
7870748,rs73500091,AA,AG,GG,79,1,15,NC_000019.10,Mutation NB - Paternal Origin,Transition - Purine/Purine,A>G
7896891,rs794460,AA,AA,AG,88,85,99,NC_000019.10,Mutation NB - Maternal Origin,Transition - Purine/Purine,Unsolved
7930200,rs12975468,GG,CG,CC,91,1,9,NC_000019.10,Mutation NB - Paternal Origin,Transversion - Purine/Pyrimidine,G>C
7977886,rs79558900,GT,GG,TT,1,88,12,NC_000019.10,Mutation NB - Maternal Origin,Transversion - Purine/Pyrimidine,G>T
8082825,rs8101778,GG,GC,CC,88,32,9,NC_000019.10,Mutation NB - Paternal Origin,Transversion - Purine/Pyrimidine,G>C
8249885,rs694414,TT,CC,TT,85,100,15,NC_000019.10,Mutation NB - Maternal Origin,Transition - Pyrimidine/Pyrimidine,C>T
8656376,rs1164209026,GG,GG,GA,68,80,99,NC_000019.10,Mutation NB - Paternal Origin,Transition - Purine/Purine,Unsolved
8656377,rs369970922,AA,AA,AC,68,80,99,NC_000019.10,Mutation NB - Paternal Origin,Transversion - Purine/Pyrimidine,Unsolved
8865828,rs3764553,GA,AA,GG,1,76,0,NC_000019.10,Mutation NB - Maternal Origin,Transition - Purine/Purine,A>G
8904698,rs762855876,CC,CT,CA,100,1,99,NC_000019.10,Mutation NB - Maternal Origin,Transversion - Purine/Pyrimidine,Unsolved
8922529,.,TT,TT,TC,88,61,44,NC_000019.10,Mutation NB - Maternal Origin,Transition - Pyrimidine/Pyrimidine,Unsolved
10142250,rs1428938958,TT,TT,TC,88,91,29,NC_000019.10,Mutation NB - Paternal Origin,Transition - Pyrimidine/Pyrimidine,Unsolved
10355156,rs8108236,GG,GG,AA,55,100,24,NC_000019.10,Mutation NB - Paternal Origin,Transition - Purine/Purine,Unsolved
11906449,rs12463082,AA,AA,AG,82,100,99,NC_000019.10,Mutation NB - Paternal Origin,Transition - Purine/Purine,Unsolved
14560396,rs1978624,GG,GT,TT,79,1,9,NC_000019.10,Mutation NB - Paternal Origin,Transversion - Purine/Pyrimidine,G>T
15613080,rs3794988,AA,AA,AG,100,61,99,NC_000019.10,Mutation NB - Maternal Origin,Transition - Purine/Purine,Unsolved
16640930,rs10425960,GG,AA,GG,88,85,0,NC_000019.10,Mutation NB - Maternal Origin,Transition - Purine/Purine,A>G
17003193,rs7250637,AA,AA,AG,19,100,99,NC_000019.10,Mutation NB - Paternal Origin,Transition - Purine/Purine,Unsolved
17365878,.,TT,TT,TA,79,76,56,NC_000019.10,Mutation NB - Maternal Origin,Transition - Pyrimidine/Pyrimidine,Transversion - Purine/Pyrimidine,Unsolved
17863542,rs929053823,CC,CC,CT,64,82,44,NC_000019.10,Mutation NB - Paternal Origin,Transition - Pyrimidine/Pyrimidine,Unsolved
18258310,rs2891654,AA,GG,GG,91,85,9,NC_000019.10,Mutation NB - Paternal Origin,Transition - Purine/Purine,A>G
18277573,rs4531856,TT,CC,CC,88,100,12,NC_000019.10,Mutation NB - Paternal Origin,Transition - Pyrimidine/Pyrimidine,T>C
18939839,rs1325061803,GG,GG,GA,49,61,39,NC_000019.10,Mutation NB - Paternal Origin,Transition - Purine/Purine,Unsolved
19617839,rs35437712,CC,AA,AA,91,70,21,NC_000019.10,Mutation NB - Paternal Origin,Transversion - Purine/Pyrimidine,C>A
20557190,rs2562620,GC,CC,GG,32,88,9,NC_000019.10,Mutation NB - Maternal Origin,Transversion - Purine/Pyrimidine,C>G
28329821,rs2607216,CC,CC,CA,91,100,99,NC_000019.10,Mutation NB - Paternal Origin,Transversion - Purine/Pyrimidine,Unsolved
28329822,rs2532040,GG,GG,GA,91,100,99,NC_000019.10,Mutation NB - Paternal Origin,Transition - Purine/Purine,Unsolved
28466601,rs2215121,TT,GT,GG,46,1,0,NC_000019.10,Mutation NB - Paternal Origin,Transversion - Purine/Pyrimidine,T>G
29017582,rs10409730,AA,GG,GG,91,91,18,NC_000019.10,Mutation NB - Paternal Origin,Transition - Purine/Purine,A>G
29046826,rs1016442383,GG,GG,GA,85,100,71,NC_000019.10,Mutation NB - Paternal Origin,Transition - Purine/Purine,Unsolved
29503815,rs11671116,GG,GG,GT,100,64,59,NC_000019.10,Mutation NB - Maternal Origin,Transversion - Purine/Pyrimidine,Unsolved
29588839,rs80211484,TT,AA,TT,88,91,12,NC_000019.10,Mutation NB - Maternal Origin,Transversion - Purine/Pyrimidine,A>T
30064354,rs77867294,AA,GG,GG,85,79,0,NC_000019.10,Mutation NB - Paternal Origin,Transition - Purine/Purine,A>G
30998636,.,CC,CC,CT,70,79,66,NC_000019.10,Mutation NB - Paternal Origin,Transition - Pyrimidine/Pyrimidine,Unsolved
31115156,.,AA,AA,AG,58,73,59,NC_000019.10,Mutation NB - Paternal Origin,Transition - Purine/Purine,Unsolved
32964988,rs183870510,CC,CT,TT,91,22,12,NC_000019.10,Mutation NB - Paternal Origin,Transition - Pyrimidine/Pyrimidine,C>T
32969492,.,TT,TT,TC,58,10,44,NC_000019.10,Mutation NB - Maternal Origin,Transition - Pyrimidine/Pyrimidine,Unsolved
32969630,rs2404713,AA,AA,AG,76,67,59,NC_000019.10,Mutation NB - Maternal Origin,Transition - Purine/Purine,Unsolved
34548008,rs557406923,CC,CC,CA,88,100,68,NC_000019.10,Mutation NB - Paternal Origin,Transversion - Purine/Pyrimidine,Unsolved
34597200,.,CC,CC,CT,91,91,68,NC_000019.10,Mutation NB - Paternal or Maternal,Transition - Pyrimidine/Pyrimidine,Unsolved
34927146,.,TT,TT,TC,76,64,62,NC_000019.10,Mutation NB - Maternal Origin,Transition - Pyrimidine/Pyrimidine,Unsolved
35402031,rs112842813,TT,TT,TA,82,91,99,NC_000019.10,Mutation NB - Paternal Origin,Transition - Pyrimidine/Pyrimidine,Transversion - Purine/Pyrimidine,Unsolved
35879321,rs11084834,TT,TT,TG,100,79,99,NC_000019.10,Mutation NB - Maternal Origin,Transition - Pyrimidine/Pyrimidine,Transversion - Purine/Pyrimidine,Unsolved
36369203,.,AA,AA,AG,58,64,50,NC_000019.10,Mutation NB - Paternal Origin,Transition - Purine/Purine,Unsolved
36369415,.,TT,TT,TC,43,73,79,NC_000019.10,Mutation NB - Paternal Origin,Transition - Pyrimidine/Pyrimidine,Unsolved
38135468,rs4803801,AA,GA,GG,22,1,0,NC_000019.10,Mutation NB - Paternal Origin,Transition - Purine/Purine,A>G
38446163,rs7254048,AA,TT,TT,92,100,0,NC_000019.10,Mutation NB - Paternal Origin,Transversion - Purine/Pyrimidine,A>T
38446196,rs7253151,TT,CC,CC,91,100,0,NC_000019.10,Mutation NB - Paternal Origin,Transition - Pyrimidine/Pyrimidine,T>C
39139262,rs2873913,GG,GG,GA,100,85,99,NC_000019.10,Mutation NB - Maternal Origin,Transition - Purine/Purine,Unsolved
40327685,rs8108272,CC,TT,TT,100,1,69,NC_000019.10,Mutation NB - Paternal Origin,Transition - Pyrimidine/Pyrimidine,C>T
40557312,.,TT,TT,TC,85,73,49,NC_000019.10,Mutation NB - Maternal Origin,Transition - Pyrimidine/Pyrimidine,Unsolved
41033850,rs139300134,AG,AA,GG,1,82,12,NC_000019.10,Mutation NB - Maternal Origin,Transition - Purine/Purine,A>G
41407526,rs11670757,GG,TT,TT,100,91,12,NC_000019.10,Mutation NB - Paternal Origin,Transversion - Purine/Pyrimidine,G>T
42470303,rs10405445,AA,GG,GG,79,85,0,NC_000019.10,Mutation NB - Paternal Origin,Transition - Purine/Purine,A>G
42960105,rs7250634,AA,AG,GG,73,32,15,NC_000019.10,Mutation NB - Paternal Origin,Transition - Purine/Purine,A>G
43364289,.,TT,TT,TC,82,85,68,NC_000019.10,Mutation NB - Paternal Origin,Transition - Pyrimidine/Pyrimidine,Unsolved
43889105,rs371875,AG,GG,AA,2,82,0,NC_000019.10,Mutation NB - Maternal Origin,Transition - Purine/Purine,G>A
44677748,rs192769589,TT,TT,TC,100,73,30,NC_000019.10,Mutation NB - Maternal Origin,Transition - Pyrimidine/Pyrimidine,Unsolved
45563060,rs16979890,GG,GG,GA,91,88,71,NC_000019.10,Mutation NB - Maternal Origin,Transition - Purine/Purine,Unsolved
46021848,rs3786822,GG,GG,AG,49,73,99,NC_000019.10,Mutation NB - Paternal Origin,Transition - Purine/Purine,Unsolved
47443570,.,AA,AA,AG,76,91,65,NC_000019.10,Mutation NB - Paternal Origin,Transition - Purine/Purine,Unsolved
47499128,rs1968507690,CC,CC,CT,52,70,59,NC_000019.10,Mutation NB - Paternal Origin,Transition - Pyrimidine/Pyrimidine,Unsolved
47648686,rs2334281,GG,TT,GG,76,61,18,NC_000019.10,Mutation NB - Maternal Origin,Transition - Purine/Purine,Transversion - Purine/Pyrimidine,T>G
47679251,rs2914439,GG,GA,AA,85,32,9,NC_000019.10,Mutation NB - Paternal Origin,Transition - Purine/Purine,G>A
49857419,.,TT,TT,TC,70,31,41,NC_000019.10,Mutation NB - Maternal Origin,Transition - Pyrimidine/Pyrimidine,Unsolved
50231641,rs112665151,AA,AA,GG,100,85,9,NC_000019.10,Mutation NB - Maternal Origin,Transition - Purine/Purine,Unsolved
50576685,rs7254546,TT,CC,TT,25,88,18,NC_000019.10,Mutation NB - Maternal Origin,Transition - Pyrimidine/Pyrimidine,C>T
51393072,rs7251238,GC,GG,CC,1,100,18,NC_000019.10,Mutation NB - Maternal Origin,Transversion - Purine/Pyrimidine,G>C
51871124,rs7256273,GA,GG,AA,29,85,9,NC_000019.10,Mutation NB - Maternal Origin,Transition - Purine/Purine,G>A
51871166,rs7257130,TC,TT,CC,28,85,9,NC_000019.10,Mutation NB - Maternal Origin,Transition - Pyrimidine/Pyrimidine,T>C
52344221,rs8101231,TT,CC,TT,91,88,0,NC_000019.10,Mutation NB - Maternal Origin,Transition - Pyrimidine/Pyrimidine,C>T
56087071,rs61688015,GG,AA,AA,88,67,21,NC_000019.10,Mutation NB - Paternal Origin,Transition - Purine/Purine,G>A
2639188,rs6515676,CC,TT,CC,79,88,18,NC_000020.11,Mutation NB - Maternal Origin,Transition - Pyrimidine/Pyrimidine,T>C
2639233,rs6515677,AA,GG,AA,79,88,18,NC_000020.11,Mutation NB - Maternal Origin,Transition - Purine/Purine,G>A
3244122,rs145743183,AA,AA,AG,70,100,59,NC_000020.11,Mutation NB - Paternal Origin,Transition - Purine/Purine,Unsolved
4045103,rs7268866,AA,AA,AG,76,100,71,NC_000020.11,Mutation NB - Paternal Origin,Transition - Purine/Purine,Unsolved
6052379,rs1884643,CC,TT,CC,88,100,27,NC_000020.11,Mutation NB - Maternal Origin,Transition - Pyrimidine/Pyrimidine,T>C
13946753,rs6042445,AA,CA,CC,74,82,9,NC_000020.11,Mutation NB - Paternal Origin,Transversion - Purine/Pyrimidine,A>C
17370988,rs6034807,GG,AA,GG,100,91,12,NC_000020.11,Mutation NB - Maternal Origin,Transition - Purine/Purine,A>G
18749330,rs6081351,AA,AA,GA,61,88,99,NC_000020.11,Mutation NB - Paternal Origin,Transition - Purine/Purine,Unsolved
19107281,rs4814828,GA,GG,AA,1,100,42,NC_000020.11,Mutation NB - Maternal Origin,Transition - Purine/Purine,G>A
20427669,rs6046856,TT,CC,TT,76,79,0,NC_000020.11,Mutation NB - Maternal Origin,Transition - Pyrimidine/Pyrimidine,C>T
22653251,rs874525,CC,TT,TT,91,82,9,NC_000020.11,Mutation NB - Paternal Origin,Transition - Pyrimidine/Pyrimidine,C>T
24033501,rs6049348,AA,AA,GG,91,91,12,NC_000020.11,Mutation NB - Paternal or Maternal,Transition - Purine/Purine,Unsolved
24584655,.,AA,AA,AC,28,49,47,NC_000020.11,Mutation NB - Paternal Origin,Transversion - Purine/Pyrimidine,Unsolved
24746276,rs6083602,AA,GG,GG,85,79,24,NC_000020.11,Mutation NB - Paternal Origin,Transition - Purine/Purine,A>G
24746308,rs111525611,AA,CA,CC,82,38,24,NC_000020.11,Mutation NB - Paternal Origin,Transversion - Purine/Pyrimidine,A>C
25186443,rs6050411,CC,CA,AA,64,1,15,NC_000020.11,Mutation NB - Paternal Origin,Transversion - Purine/Pyrimidine,C>A
25281655,rs2261753,GA,AA,GG,1,88,60,NC_000020.11,Mutation NB - Maternal Origin,Transition - Purine/Purine,A>G
25470114,.,AA,AA,AG,70,79,41,NC_000020.11,Mutation NB - Paternal Origin,Transition - Purine/Purine,Unsolved
29283639,.,CC,CC,CG,21,85,56,NC_000020.11,Mutation NB - Paternal Origin,Transversion - Purine/Pyrimidine,Unsolved
30281406,rs112710540,CC,CC,CT,88,100,53,NC_000020.11,Mutation NB - Paternal Origin,Transition - Pyrimidine/Pyrimidine,Unsolved
30383188,rs10871820,GG,GT,TT,73,41,11,NC_000020.11,Mutation NB - Paternal Origin,Transversion - Purine/Pyrimidine,G>T
32473485,.,GG,GG,GA,55,77,44,NC_000020.11,Mutation NB - Paternal Origin,Transition - Purine/Purine,Unsolved
32887971,.,TT,TT,TC,31,73,46,NC_000020.11,Mutation NB - Paternal Origin,Transition - Pyrimidine/Pyrimidine,Unsolved
33776446,rs2747560,AA,AA,AG,64,100,30,NC_000020.11,Mutation NB - Paternal Origin,Transition - Purine/Purine,Unsolved
36936319,.,GG,GG,GA,61,49,41,NC_000020.11,Mutation NB - Maternal Origin,Transition - Purine/Purine,Unsolved
37886900,rs2072657608,TT,TT,TC,73,43,50,NC_000020.11,Mutation NB - Maternal Origin,Transition - Pyrimidine/Pyrimidine,Unsolved
38253098,rs6024321,AA,GG,AA,85,100,15,NC_000020.11,Mutation NB - Maternal Origin,Transition - Purine/Purine,G>A
38689862,rs6015637,GG,GG,AA,85,88,0,NC_000020.11,Mutation NB - Paternal Origin,Transition - Purine/Purine,Unsolved
41458553,rs6016561,TT,CT,CC,85,1,0,NC_000020.11,Mutation NB - Paternal Origin,Transition - Pyrimidine/Pyrimidine,T>C
43023208,rs206156,TT,CT,CC,73,1,12,NC_000020.11,Mutation NB - Paternal Origin,Transition - Pyrimidine/Pyrimidine,T>C
43417576,rs1014732,AC,CC,AA,41,85,0,NC_000020.11,Mutation NB - Maternal Origin,Transversion - Purine/Pyrimidine,C>A
43993828,rs6031280,GG,TG,TT,88,32,0,NC_000020.11,Mutation NB - Paternal Origin,Transversion - Purine/Pyrimidine,G>T
44262825,rs7271721,CT,TT,CC,1,88,0,NC_000020.11,Mutation NB - Maternal Origin,Transition - Pyrimidine/Pyrimidine,T>C
45782294,rs567348,TT,CC,CC,100,91,9,NC_000020.11,Mutation NB - Paternal Origin,Transition - Pyrimidine/Pyrimidine,T>C
46339457,.,AA,AA,AG,31,46,62,NC_000020.11,Mutation NB - Paternal Origin,Transition - Purine/Purine,Unsolved
46340501,rs16991213,GG,GG,GA,100,88,99,NC_000020.11,Mutation NB - Maternal Origin,Transition - Purine/Purine,Unsolved
47746476,rs73137503,GC,GG,CC,39,91,15,NC_000020.11,Mutation NB - Maternal Origin,Transversion - Purine/Pyrimidine,G>C
47895395,rs4810725,GG,GG,GT,100,91,59,NC_000020.11,Mutation NB - Maternal Origin,Transversion - Purine/Pyrimidine,Unsolved
48126457,rs6012344,GG,AA,GG,91,91,0,NC_000020.11,Mutation NB - Maternal Origin,Transition - Purine/Purine,A>G
48163493,rs827941,TC,CC,TT,1,76,0,NC_000020.11,Mutation NB - Maternal Origin,Transversion - Purine/Pyrimidine,C>T
48473960,rs6019221,TT,TT,TC,100,91,99,NC_000020.11,Mutation NB - Maternal Origin,Transition - Pyrimidine/Pyrimidine,Unsolved
50808211,rs6063563,TC,CC,TT,1,91,0,NC_000020.11,Mutation NB - Maternal Origin,Transversion - Purine/Pyrimidine,C>T
51859869,rs11698802,CT,CC,TT,1,70,12,NC_000020.11,Mutation NB - Maternal Origin,Transversion - Purine/Pyrimidine,C>T
54103930,rs12624389,GG,GG,GT,100,82,98,NC_000020.11,Mutation NB - Maternal Origin,Transversion - Purine/Pyrimidine,Unsolved
58720073,rs6070563,AA,GG,AA,100,67,0,NC_000020.11,Mutation NB - Maternal Origin,Transition - Purine/Purine,G>A
60095286,rs6027295,TT,AA,AA,88,82,9,NC_000020.11,Mutation NB - Paternal Origin,Transversion - Purine/Pyrimidine,T>A
61272323,.,GG,GG,GA,61,55,47,NC_000020.11,Mutation NB - Maternal Origin,Transition - Purine/Purine,Unsolved
61776043,rs72658789,GG,GG,GC,70,100,99,NC_000020.11,Mutation NB - Paternal Origin,Transition - Purine/Purine,Transversion - Purine/Pyrimidine,Unsolved
61776057,rs77495242,GG,AA,GG,70,91,24,NC_000020.11,Mutation NB - Maternal Origin,Transition - Purine/Purine,A>G
61819174,rs7261579,CC,CC,CT,91,100,65,NC_000020.11,Mutation NB - Paternal Origin,Transition - Pyrimidine/Pyrimidine,Unsolved
62079229,rs112414848,GG,GA,AA,67,67,12,NC_000020.11,Mutation NB - Paternal Origin,Transition - Purine/Purine,G>A
62206039,rs1760048,CC,AA,CC,64,100,12,NC_000020.11,Mutation NB - Maternal Origin,Transversion - Purine/Pyrimidine,A>C
62493128,rs1990366425,TT,TT,TC,40,67,46,NC_000020.11,Mutation NB - Paternal Origin,Transition - Pyrimidine/Pyrimidine,Unsolved
62577766,rs6122013,CC,AA,CC,88,100,12,NC_000020.11,Mutation NB - Maternal Origin,Transversion - Purine/Pyrimidine,A>C
62578207,rs4969525,CC,CT,TT,100,73,15,NC_000020.11,Mutation NB - Paternal Origin,Transition - Pyrimidine/Pyrimidine,C>T
62619535,rs1012741243,AG,GG,AA,67,85,9,NC_000020.11,Mutation NB - Maternal Origin,Transition - Purine/Purine,G>A
62827531,rs2294990,AA,GG,AA,73,46,0,NC_000020.11,Mutation NB - Maternal Origin,Transition - Purine/Purine,G>A
62908535,rs80073668,CC,TT,CC,67,82,0,NC_000020.11,Mutation NB - Maternal Origin,Transition - Pyrimidine/Pyrimidine,T>C
63092304,rs6090235,CC,CC,TC,85,73,99,NC_000020.11,Mutation NB - Maternal Origin,Transition - Pyrimidine/Pyrimidine,Unsolved
63312403,rs1342010521,CC,CC,CT,91,76,83,NC_000020.11,Mutation NB - Maternal Origin,Transition - Pyrimidine/Pyrimidine,Unsolved
63567773,rs3810491,CC,CC,CG,88,100,62,NC_000020.11,Mutation NB - Paternal Origin,Transversion - Purine/Pyrimidine,Unsolved
63589896,rs311497,AA,AA,AG,100,100,99,NC_000020.11,Mutation NB - Paternal or Maternal,Transition - Purine/Purine,Unsolved
13899164,rs12481766,CC,GG,GG,100,64,27,NC_000021.9,Mutation NB - Paternal Origin,Transversion - Purine/Pyrimidine,C>G
15522334,rs2243318,GG,GG,AA,91,100,9,NC_000021.9,Mutation NB - Paternal Origin,Transition - Purine/Purine,Unsolved
26424478,rs114889303,TT,CC,TT,67,88,39,NC_000021.9,Mutation NB - Maternal Origin,Transition - Pyrimidine/Pyrimidine,C>T
34814450,rs2834644,TC,CC,TT,1,88,0,NC_000021.9,Mutation NB - Maternal Origin,Transversion - Purine/Pyrimidine,C>T
35200051,rs116702054,TT,CC,CC,49,85,9,NC_000021.9,Mutation NB - Paternal Origin,Transition - Pyrimidine/Pyrimidine,T>C
35300831,.,AA,AA,AG,76,64,62,NC_000021.9,Mutation NB - Maternal Origin,Transition - Purine/Purine,Unsolved
35682189,.,TT,TT,TG,25,46,39,NC_000021.9,Mutation NB - Paternal Origin,Transition - Pyrimidine/Pyrimidine,Transversion - Purine/Pyrimidine,Unsolved
36204586,rs7279415,CC,TT,TT,91,76,18,NC_000021.9,Mutation NB - Paternal Origin,Transition - Pyrimidine/Pyrimidine,C>T
36506528,rs57929193,CC,CC,TT,91,100,15,NC_000021.9,Mutation NB - Paternal Origin,Transition - Pyrimidine/Pyrimidine,Unsolved
36979613,rs2835557,GG,TT,TT,100,88,9,NC_000021.9,Mutation NB - Paternal Origin,Transversion - Purine/Pyrimidine,G>T
41634559,.,TT,TT,TC,70,73,47,NC_000021.9,Mutation NB - Paternal Origin,Transition - Pyrimidine/Pyrimidine,Unsolved
42055281,rs462098,GC,CC,GG,35,91,9,NC_000021.9,Mutation NB - Maternal Origin,Transversion - Purine/Pyrimidine,C>G
42547956,rs228083,AA,GG,GG,82,67,21,NC_000021.9,Mutation NB - Paternal Origin,Transition - Purine/Purine,A>G
43691638,rs13048066,TT,TA,AA,79,44,21,NC_000021.9,Mutation NB - Paternal Origin,Transversion - Purine/Pyrimidine,T>A
43691639,rs1055792734,AA,TA,TT,84,52,24,NC_000021.9,Mutation NB - Paternal Origin,Transversion - Purine/Pyrimidine,A>T
44569245,rs12627518,CC,TT,CC,13,28,0,NC_000021.9,Mutation NB - Maternal Origin,Transition - Pyrimidine/Pyrimidine,T>C
44929581,rs1721,TT,CC,TT,88,88,30,NC_000021.9,Mutation NB - Maternal Origin,Transition - Pyrimidine/Pyrimidine,C>T
45372812,rs34889951,GA,GG,AA,1,88,9,NC_000021.9,Mutation NB - Maternal Origin,Transition - Purine/Purine,G>A
45461468,.,TT,TT,TC,91,88,62,NC_000021.9,Mutation NB - Maternal Origin,Transition - Pyrimidine/Pyrimidine,Unsolved
45510881,rs35220265,CC,CC,CT,100,85,72,NC_000021.9,Mutation NB - Maternal Origin,Transition - Pyrimidine/Pyrimidine,Unsolved
45510882,rs4605457,AA,AA,AG,100,85,72,NC_000021.9,Mutation NB - Maternal Origin,Transition - Purine/Purine,Unsolved
45713735,.,TT,TT,TC,76,85,53,NC_000021.9,Mutation NB - Paternal Origin,Transition - Pyrimidine/Pyrimidine,Unsolved
46050782,rs9982334,GG,AA,GG,88,91,12,NC_000021.9,Mutation NB - Maternal Origin,Transition - Purine/Purine,A>G
46050917,rs28528982,CC,CC,CT,100,91,68,NC_000021.9,Mutation NB - Maternal Origin,Transition - Pyrimidine/Pyrimidine,Unsolved
46050938,rs28656384,CC,CC,CA,100,91,68,NC_000021.9,Mutation NB - Maternal Origin,Transversion - Purine/Pyrimidine,Unsolved
17741965,rs181397,AA,AA,CA,79,73,99,NC_000022.11,Mutation NB - Maternal Origin,Transversion - Purine/Pyrimidine,Unsolved
19546891,rs5748274,CC,GG,GG,85,76,24,NC_000022.11,Mutation NB - Paternal Origin,Transversion - Purine/Pyrimidine,C>G
19588456,.,AA,AA,AG,67,64,86,NC_000022.11,Mutation NB - Maternal Origin,Transition - Purine/Purine,Unsolved
19599875,rs5748333,CC,GC,GG,88,1,0,NC_000022.11,Mutation NB - Paternal Origin,Transversion - Purine/Pyrimidine,C>G
19791614,rs5746834,GT,GG,TT,29,100,33,NC_000022.11,Mutation NB - Maternal Origin,Transversion - Purine/Pyrimidine,G>T
19897346,rs34433782,AA,GG,AA,85,88,0,NC_000022.11,Mutation NB - Maternal Origin,Transition - Purine/Purine,G>A
20268458,rs117774209,GG,GG,GA,100,82,99,NC_000022.11,Mutation NB - Maternal Origin,Transition - Purine/Purine,Unsolved
20465251,.,AA,AA,AG,91,88,71,NC_000022.11,Mutation NB - Maternal Origin,Transition - Purine/Purine,Unsolved
21073288,rs403653,AA,GG,GG,82,67,12,NC_000022.11,Mutation NB - Paternal Origin,Transition - Purine/Purine,A>G
22210343,rs5757427,AA,TT,AA,88,76,2,NC_000022.11,Mutation NB - Maternal Origin,Transversion - Purine/Pyrimidine,T>A
22781666,.,GG,GG,GA,43,67,51,NC_000022.11,Mutation NB - Paternal Origin,Transition - Purine/Purine,Unsolved
22874351,.,TT,TT,TC,64,40,47,NC_000022.11,Mutation NB - Maternal Origin,Transition - Pyrimidine/Pyrimidine,Unsolved
23146382,rs9612243,TT,TT,GT,91,82,59,NC_000022.11,Mutation NB - Maternal Origin,Transition - Pyrimidine/Pyrimidine,Transversion - Purine/Pyrimidine,Unsolved
23281693,.,AA,AA,AG,64,61,21,NC_000022.11,Mutation NB - Maternal Origin,Transition - Purine/Purine,Unsolved
25052637,rs742169,AG,AA,GG,1,100,24,NC_000022.11,Mutation NB - Maternal Origin,Transition - Purine/Purine,A>G
25304966,rs182957905,CC,TT,CC,79,76,45,NC_000022.11,Mutation NB - Maternal Origin,Transition - Pyrimidine/Pyrimidine,T>C
25835557,rs2072002,AA,GG,AA,76,70,0,NC_000022.11,Mutation NB - Maternal Origin,Transition - Purine/Purine,G>A
26564682,rs2267091,CC,CA,AA,100,32,9,NC_000022.11,Mutation NB - Paternal Origin,Transversion - Purine/Pyrimidine,C>A
27196975,rs117960813,TT,CC,CC,88,88,15,NC_000022.11,Mutation NB - Paternal Origin,Transition - Pyrimidine/Pyrimidine,T>C
27197183,.,AA,AA,AG,91,91,65,NC_000022.11,Mutation NB - Paternal or Maternal,Transition - Purine/Purine,Unsolved
31096795,rs34292278,CC,CC,CT,100,85,30,NC_000022.11,Mutation NB - Maternal Origin,Transition - Pyrimidine/Pyrimidine,Unsolved
31790747,rs139507549,CC,CC,CT,100,94,99,NC_000022.11,Mutation NB - Maternal Origin,Transition - Pyrimidine/Pyrimidine,Unsolved
32096140,rs2094025914,TT,TT,TC,58,64,47,NC_000022.11,Mutation NB - Paternal Origin,Transition - Pyrimidine/Pyrimidine,Unsolved
32672516,.,AA,AA,AG,79,82,47,NC_000022.11,Mutation NB - Paternal Origin,Transition - Purine/Purine,Unsolved
33502185,rs35080567,AA,GG,GG,70,91,0,NC_000022.11,Mutation NB - Paternal Origin,Transition - Purine/Purine,A>G
34380892,rs11705596,TT,TT,TG,64,100,98,NC_000022.11,Mutation NB - Paternal Origin,Transition - Pyrimidine/Pyrimidine,Transversion - Purine/Pyrimidine,Unsolved
37373608,.,AA,AA,AG,58,55,41,NC_000022.11,Mutation NB - Maternal Origin,Transition - Purine/Purine,Unsolved
37462815,.,TT,TT,TC,67,76,44,NC_000022.11,Mutation NB - Paternal Origin,Transition - Pyrimidine/Pyrimidine,Unsolved
39099553,.,AA,AA,AG,73,70,50,NC_000022.11,Mutation NB - Maternal Origin,Transition - Purine/Purine,Unsolved
40029462,.,TT,TT,TC,82,79,55,NC_000022.11,Mutation NB - Maternal Origin,Transition - Pyrimidine/Pyrimidine,Unsolved
41355285,rs76874992,GG,GG,GC,82,100,62,NC_000022.11,Mutation NB - Paternal Origin,Transition - Purine/Purine,Transversion - Purine/Pyrimidine,Unsolved
41516365,.,AA,AA,AG,43,64,44,NC_000022.11,Mutation NB - Paternal Origin,Transition - Purine/Purine,Unsolved
42770382,rs5758927,TT,TC,CC,100,67,18,NC_000022.11,Mutation NB - Paternal Origin,Transition - Pyrimidine/Pyrimidine,T>C
42793439,rs9611902,TT,TT,TC,100,79,99,NC_000022.11,Mutation NB - Maternal Origin,Transition - Pyrimidine/Pyrimidine,Unsolved
43113626,rs10428048,TT,TT,TC,100,73,69,NC_000022.11,Mutation NB - Maternal Origin,Transition - Pyrimidine/Pyrimidine,Unsolved
44206973,.,AA,AA,AG,85,79,65,NC_000022.11,Mutation NB - Maternal Origin,Transition - Purine/Purine,Unsolved
44321767,rs34734041,CT,TT,CC,1,49,0,NC_000022.11,Mutation NB - Maternal Origin,Transition - Pyrimidine/Pyrimidine,T>C
44714493,.,GG,GG,GA,52,37,68,NC_000022.11,Mutation NB - Maternal Origin,Transition - Purine/Purine,Unsolved
44720290,rs77069626,AA,GG,AA,79,58,12,NC_000022.11,Mutation NB - Maternal Origin,Transition - Purine/Purine,G>A
44720291,rs62228465,AA,GG,AA,79,58,12,NC_000022.11,Mutation NB - Maternal Origin,Transition - Purine/Purine,G>A
44865012,rs6007353,AA,AA,AG,100,85,99,NC_000022.11,Mutation NB - Maternal Origin,Transition - Purine/Purine,Unsolved
44962817,rs73422592,GG,GG,AA,85,100,12,NC_000022.11,Mutation NB - Paternal Origin,Transition - Purine/Purine,Unsolved
46112170,rs9616146,GG,AA,GG,67,100,9,NC_000022.11,Mutation NB - Maternal Origin,Transition - Purine/Purine,A>G
46795452,rs1569990,AA,GG,AA,76,91,18,NC_000022.11,Mutation NB - Maternal Origin,Transition - Purine/Purine,G>A
47787082,rs116954612,AA,AG,GG,70,1,15,NC_000022.11,Mutation NB - Paternal Origin,Transition - Purine/Purine,A>G
48604617,rs35617297,GC,CC,GG,67,85,0,NC_000022.11,Mutation NB - Maternal Origin,Transversion - Purine/Pyrimidine,C>G
48806632,rs742964,TG,GG,TT,1,43,12,NC_000022.11,Mutation NB - Maternal Origin,Transversion - Purine/Pyrimidine,G>T
48852013,rs556132414,GA,GG,AA,1,67,57,NC_000022.11,Mutation NB - Maternal Origin,Transition - Purine/Purine,G>A
49042953,rs9627816,GG,GG,GT,100,100,65,NC_000022.11,Mutation NB - Paternal or Maternal,Transversion - Purine/Pyrimidine,Unsolved
49140491,rs62221359,AG,AA,GG,67,100,9,NC_000022.11,Mutation NB - Maternal Origin,Transition - Purine/Purine,A>G
49150106,rs111375471,GG,GA,AA,100,67,24,NC_000022.11,Mutation NB - Paternal Origin,Transition - Purine/Purine,G>A
50154455,rs1030113982,CC,CC,CT,76,88,56,NC_000022.11,Mutation NB - Paternal Origin,Transition - Pyrimidine/Pyrimidine,Unsolved
50488787,rs143618166,TT,CC,CC,64,64,57,NC_000022.11,Mutation NB - Paternal Origin,Transition - Pyrimidine/Pyrimidine,T>C
50517109,rs131817,AA,GG,AA,88,91,12,NC_000022.11,Mutation NB - Maternal Origin,Transition - Purine/Purine,G>A
