1425984,rs141020511,CC,CC,CA,61,100,92,NC_000001.11,Mutation NB - Paternal Origin,Transversion - Purine/Pyrimidine,Unsolved
1431537,rs873926,GG,CC,GG,100,82,0,NC_000001.11,Mutation NB - Maternal Origin,Transversion - Purine/Pyrimidine,C>G
2020388,rs3121819,GG,AG,AA,74,34,0,NC_000001.11,Mutation NB - Paternal Origin,Transition - Purine/Purine,G>A
3092349,.,AA,AA,AG,61,76,65,NC_000001.11,Mutation NB - Paternal Origin,Transition - Purine/Purine,Unsolved
3251639,rs61759183,GG,GG,GA,100,86,99,NC_000001.11,Mutation NB - Maternal Origin,Transition - Purine/Purine,Unsolved
3870048,rs5013486,TT,CC,CC,82,100,9,NC_000001.11,Mutation NB - Paternal Origin,Transition - Pyrimidine/Pyrimidine,T>C
3995567,rs9426501,CC,TC,TT,91,1,0,NC_000001.11,Mutation NB - Paternal Origin,Transition - Pyrimidine/Pyrimidine,C>T
4305254,rs72631061,AA,GG,AA,82,85,15,NC_000001.11,Mutation NB - Maternal Origin,Transition - Purine/Purine,G>A
4307750,rs17448695,CC,CT,TT,91,79,12,NC_000001.11,Mutation NB - Paternal Origin,Transition - Pyrimidine/Pyrimidine,C>T
4366358,rs349387,GG,AA,GG,76,88,9,NC_000001.11,Mutation NB - Maternal Origin,Transition - Purine/Purine,A>G
5342971,rs10915416,AA,AA,AG,43,100,99,NC_000001.11,Mutation NB - Paternal Origin,Transition - Purine/Purine,Unsolved
5485219,rs17028069,CC,CC,CT,100,76,71,NC_000001.11,Mutation NB - Maternal Origin,Transition - Pyrimidine/Pyrimidine,Unsolved
5860126,.,CC,CC,CT,61,82,62,NC_000001.11,Mutation NB - Paternal Origin,Transition - Pyrimidine/Pyrimidine,Unsolved
5882648,.,TT,TT,TC,79,52,59,NC_000001.11,Mutation NB - Maternal Origin,Transition - Pyrimidine/Pyrimidine,Unsolved
7063175,rs10864269,AA,GG,AA,67,100,15,NC_000001.11,Mutation NB - Maternal Origin,Transition - Purine/Purine,G>A
10225357,.,CC,CC,CT,67,61,56,NC_000001.11,Mutation NB - Maternal Origin,Transition - Pyrimidine/Pyrimidine,Unsolved
11444395,rs2379158,GG,GA,AA,100,67,18,NC_000001.11,Mutation NB - Paternal Origin,Transition - Purine/Purine,G>A
11524034,rs368871244,CC,CC,CT,88,67,65,NC_000001.11,Mutation NB - Maternal Origin,Transition - Pyrimidine/Pyrimidine,Unsolved
12010914,.,CC,CC,CA,76,88,56,NC_000001.11,Mutation NB - Paternal Origin,Transversion - Purine/Pyrimidine,Unsolved
12138240,rs476488,TT,CC,TT,85,91,0,NC_000001.11,Mutation NB - Maternal Origin,Transition - Pyrimidine/Pyrimidine,C>T
12585785,.,GG,GG,GA,76,64,41,NC_000001.11,Mutation NB - Maternal Origin,Transition - Purine/Purine,Unsolved
13823010,rs2697970,AA,CA,CC,91,29,15,NC_000001.11,Mutation NB - Paternal Origin,Transversion - Purine/Pyrimidine,A>C
16171553,rs11588341,GG,AA,GG,55,100,33,NC_000001.11,Mutation NB - Maternal Origin,Transition - Purine/Purine,A>G
16486571,rs2165678,CC,CC,CT,88,73,68,NC_000001.11,Mutation NB - Maternal Origin,Transition - Pyrimidine/Pyrimidine,Unsolved
16619942,rs2262202,CC,CC,CT,40,43,86,NC_000001.11,Mutation NB - Paternal Origin,Transition - Pyrimidine/Pyrimidine,Unsolved
17964401,rs1211531,GG,TG,TT,76,53,0,NC_000001.11,Mutation NB - Paternal Origin,Transversion - Purine/Pyrimidine,G>T
18616744,.,AA,AA,AG,76,55,53,NC_000001.11,Mutation NB - Maternal Origin,Transition - Purine/Purine,Unsolved
18823153,rs12564323,CC,TT,CC,76,85,27,NC_000001.11,Mutation NB - Maternal Origin,Transition - Pyrimidine/Pyrimidine,T>C
19268783,.,AA,AA,AG,73,28,51,NC_000001.11,Mutation NB - Maternal Origin,Transition - Purine/Purine,Unsolved
19455039,rs74056893,AA,AA,AG,73,91,68,NC_000001.11,Mutation NB - Paternal Origin,Transition - Purine/Purine,Unsolved
19455051,rs1875325,GG,GG,GT,73,91,68,NC_000001.11,Mutation NB - Paternal Origin,Transversion - Purine/Pyrimidine,Unsolved
20003252,rs1832571,GG,GG,GT,76,46,99,NC_000001.11,Mutation NB - Maternal Origin,Transversion - Purine/Pyrimidine,Unsolved
21314072,rs169884,CC,CC,CT,100,82,68,NC_000001.11,Mutation NB - Maternal Origin,Transition - Pyrimidine/Pyrimidine,Unsolved
22249447,rs875975,CC,GG,CC,67,58,15,NC_000001.11,Mutation NB - Maternal Origin,Transversion - Purine/Pyrimidine,G>C
22255153,rs16826854,GG,AA,GG,64,70,0,NC_000001.11,Mutation NB - Maternal Origin,Transition - Purine/Purine,A>G
22941988,.,AA,AA,AG,73,67,50,NC_000001.11,Mutation NB - Maternal Origin,Transition - Purine/Purine,Unsolved
23171359,rs533778,AA,GA,GG,91,35,0,NC_000001.11,Mutation NB - Paternal Origin,Transition - Purine/Purine,A>G
24137073,rs4486393,CT,TT,CC,31,76,21,NC_000001.11,Mutation NB - Maternal Origin,Transition - Pyrimidine/Pyrimidine,T>C
25065636,rs11582016,GA,AA,GG,1,61,0,NC_000001.11,Mutation NB - Maternal Origin,Transition - Purine/Purine,A>G
26300476,rs4625269,CA,CC,AA,1,82,21,NC_000001.11,Mutation NB - Maternal Origin,Transversion - Purine/Pyrimidine,C>A
31827475,rs12749138,CC,TT,TT,82,70,0,NC_000001.11,Mutation NB - Paternal Origin,Transition - Pyrimidine/Pyrimidine,C>T
33271825,rs3935892,CC,CC,CA,100,91,99,NC_000001.11,Mutation NB - Maternal Origin,Transversion - Purine/Pyrimidine,Unsolved
34405347,rs10799055,AG,GG,AA,1,82,0,NC_000001.11,Mutation NB - Maternal Origin,Transition - Purine/Purine,G>A
34692833,.,TT,TT,TC,79,67,99,NC_000001.11,Mutation NB - Maternal Origin,Transition - Pyrimidine/Pyrimidine,Unsolved
34902830,rs11264172,CC,AA,CC,46,73,0,NC_000001.11,Mutation NB - Maternal Origin,Transversion - Purine/Pyrimidine,A>C
35210852,rs11264118,AA,AA,AT,52,100,99,NC_000001.11,Mutation NB - Paternal Origin,Transversion - Purine/Pyrimidine,Unsolved
35556782,rs10796921,GG,GG,GC,64,100,99,NC_000001.11,Mutation NB - Paternal Origin,Transition - Purine/Purine,Transversion - Purine/Pyrimidine,Unsolved
36727180,rs925025,TT,TC,CC,64,1,15,NC_000001.11,Mutation NB - Paternal Origin,Transition - Pyrimidine/Pyrimidine,T>C
37232283,.,AA,AA,AG,52,40,71,NC_000001.11,Mutation NB - Maternal Origin,Transition - Purine/Purine,Unsolved
38344547,rs34598252,AA,GG,GG,91,88,9,NC_000001.11,Mutation NB - Paternal Origin,Transition - Purine/Purine,A>G
38605533,rs2985773,GG,AA,GG,73,100,18,NC_000001.11,Mutation NB - Maternal Origin,Transition - Purine/Purine,A>G
39925481,rs12133325,AA,GG,GG,82,85,0,NC_000001.11,Mutation NB - Paternal Origin,Transition - Purine/Purine,A>G
41018279,rs11209361,GG,CC,GG,91,88,9,NC_000001.11,Mutation NB - Maternal Origin,Transversion - Purine/Pyrimidine,C>G
42586992,rs2762692,AA,AA,GG,49,73,0,NC_000001.11,Mutation NB - Paternal Origin,Transition - Purine/Purine,Unsolved
43309207,rs2282226,CT,CC,TT,70,91,15,NC_000001.11,Mutation NB - Maternal Origin,Transversion - Purine/Pyrimidine,C>T
43533449,rs11590627,TT,CC,TT,85,40,0,NC_000001.11,Mutation NB - Maternal Origin,Transition - Pyrimidine/Pyrimidine,C>T
43602604,rs492929,GG,GG,GA,100,64,99,NC_000001.11,Mutation NB - Maternal Origin,Transition - Purine/Purine,Unsolved
44301048,.,TT,TT,TA,100,91,38,NC_000001.11,Mutation NB - Maternal Origin,Transition - Pyrimidine/Pyrimidine,Transversion - Purine/Pyrimidine,Unsolved
46547508,rs10890404,GG,AA,GG,88,100,48,NC_000001.11,Mutation NB - Maternal Origin,Transition - Purine/Purine,A>G
47829387,.,AA,AA,AG,64,52,49,NC_000001.11,Mutation NB - Maternal Origin,Transition - Purine/Purine,Unsolved
48336306,.,TT,TT,TC,82,64,53,NC_000001.11,Mutation NB - Maternal Origin,Transition - Pyrimidine/Pyrimidine,Unsolved
49652929,rs6660689,CC,TC,TT,76,12,0,NC_000001.11,Mutation NB - Paternal Origin,Transition - Pyrimidine/Pyrimidine,C>T
54325001,rs12759166,AA,AG,GG,70,1,9,NC_000001.11,Mutation NB - Paternal Origin,Transition - Purine/Purine,A>G
54998441,rs1003768,AA,GG,AA,85,91,9,NC_000001.11,Mutation NB - Maternal Origin,Transition - Purine/Purine,G>A
56461966,rs7525717,GG,AA,AA,91,82,9,NC_000001.11,Mutation NB - Paternal Origin,Transition - Purine/Purine,G>A
57009946,.,AA,AA,AG,73,58,51,NC_000001.11,Mutation NB - Maternal Origin,Transition - Purine/Purine,Unsolved
57946795,rs2406406,GG,TT,GG,82,91,9,NC_000001.11,Mutation NB - Maternal Origin,Transition - Purine/Purine,Transversion - Purine/Pyrimidine,T>G
58145212,rs17117013,CT,TT,CC,1,82,12,NC_000001.11,Mutation NB - Maternal Origin,Transition - Pyrimidine/Pyrimidine,T>C
58145256,rs6667829,TG,GG,TT,1,79,15,NC_000001.11,Mutation NB - Maternal Origin,Transversion - Purine/Pyrimidine,G>T
58732298,rs72678813,AA,AA,AG,100,73,51,NC_000001.11,Mutation NB - Maternal Origin,Transition - Purine/Purine,Unsolved
59972820,.,AA,AA,AG,76,37,50,NC_000001.11,Mutation NB - Maternal Origin,Transition - Purine/Purine,Unsolved
61895309,rs11207858,TT,CT,CC,76,1,21,NC_000001.11,Mutation NB - Paternal Origin,Transition - Pyrimidine/Pyrimidine,T>C
61895328,rs11207859,AA,GA,GG,76,1,21,NC_000001.11,Mutation NB - Paternal Origin,Transition - Purine/Purine,A>G
64532526,.,AA,AA,AC,82,55,41,NC_000001.11,Mutation NB - Maternal Origin,Transversion - Purine/Pyrimidine,Unsolved
76857354,.,GG,GG,GA,52,73,54,NC_000001.11,Mutation NB - Paternal Origin,Transition - Purine/Purine,Unsolved
80239483,rs1776294,GG,GG,GT,88,100,33,NC_000001.11,Mutation NB - Paternal Origin,Transversion - Purine/Pyrimidine,Unsolved
81306827,rs75002518,GG,AA,AA,88,73,12,NC_000001.11,Mutation NB - Paternal Origin,Transition - Purine/Purine,G>A
84748217,rs12085269,CT,TT,CC,1,85,9,NC_000001.11,Mutation NB - Maternal Origin,Transition - Pyrimidine/Pyrimidine,T>C
84748231,rs9660406,GT,TT,GG,25,85,9,NC_000001.11,Mutation NB - Maternal Origin,Transversion - Purine/Pyrimidine,T>G
86111821,.,AA,AA,AG,70,46,47,NC_000001.11,Mutation NB - Maternal Origin,Transition - Purine/Purine,Unsolved
88022117,.,TT,TT,TC,73,85,44,NC_000001.11,Mutation NB - Paternal Origin,Transition - Pyrimidine/Pyrimidine,Unsolved
88866416,rs12035750,CC,TC,TT,55,32,0,NC_000001.11,Mutation NB - Paternal Origin,Transition - Pyrimidine/Pyrimidine,C>T
89502766,rs10801751,CA,AA,CC,15,75,0,NC_000001.11,Mutation NB - Maternal Origin,A>C
89905784,.,TT,TT,TC,49,40,41,NC_000001.11,Mutation NB - Maternal Origin,Transition - Pyrimidine/Pyrimidine,Unsolved
90264186,rs12035196,AA,AG,GG,88,32,9,NC_000001.11,Mutation NB - Paternal Origin,Transition - Purine/Purine,A>G
91634130,.,AA,AA,AG,82,76,33,NC_000001.11,Mutation NB - Maternal Origin,Transition - Purine/Purine,Unsolved
94796864,rs763464283,GG,GG,GA,76,85,33,NC_000001.11,Mutation NB - Paternal Origin,Transition - Purine/Purine,Unsolved
95974478,rs2125422,GG,GG,CG,91,85,33,NC_000001.11,Mutation NB - Maternal Origin,Transition - Purine/Purine,Transversion - Purine/Pyrimidine,Unsolved
97844904,.,TT,TT,TC,67,73,50,NC_000001.11,Mutation NB - Paternal Origin,Transition - Pyrimidine/Pyrimidine,Unsolved
104453922,rs75581377,GG,GG,GA,88,100,99,NC_000001.11,Mutation NB - Paternal Origin,Transition - Purine/Purine,Unsolved
109167734,rs10159093,CC,CC,CT,88,100,40,NC_000001.11,Mutation NB - Paternal Origin,Transition - Pyrimidine/Pyrimidine,Unsolved
110734818,rs343615,GG,GG,TT,76,86,0,NC_000001.11,Mutation NB - Paternal Origin,Transversion - Purine/Pyrimidine,Unsolved
111513774,.,TT,TT,TC,79,58,50,NC_000001.11,Mutation NB - Maternal Origin,Transition - Pyrimidine/Pyrimidine,Unsolved
111861603,rs637813,CC,TT,TT,73,82,27,NC_000001.11,Mutation NB - Paternal Origin,Transition - Pyrimidine/Pyrimidine,C>T
113214716,.,TT,TT,TC,82,79,50,NC_000001.11,Mutation NB - Maternal Origin,Transition - Pyrimidine/Pyrimidine,Unsolved
114078364,rs12759829,TC,TT,CC,67,85,2,NC_000001.11,Mutation NB - Maternal Origin,Transition - Pyrimidine/Pyrimidine,T>C
115749848,rs10754356,AA,GG,GG,82,82,9,NC_000001.11,Mutation NB - Paternal Origin,Transition - Purine/Purine,A>G
117190568,.,AA,AA,AG,70,70,71,NC_000001.11,Mutation NB - Paternal or Maternal,Transition - Purine/Purine,Unsolved
118004354,rs114406747,TT,TT,TC,85,70,93,NC_000001.11,Mutation NB - Maternal Origin,Transition - Pyrimidine/Pyrimidine,Unsolved
118786755,rs2712270,AA,GG,AA,85,88,0,NC_000001.11,Mutation NB - Maternal Origin,Transition - Purine/Purine,G>A
146049690,rs2791751,GA,AA,GG,2,88,0,NC_000001.11,Mutation NB - Maternal Origin,Transition - Purine/Purine,A>G
146049702,rs2782588,CT,TT,CC,37,88,0,NC_000001.11,Mutation NB - Maternal Origin,Transition - Pyrimidine/Pyrimidine,T>C
147031062,rs4950332,GT,TT,GG,1,73,9,NC_000001.11,Mutation NB - Maternal Origin,Transversion - Purine/Pyrimidine,T>G
151935486,rs373776289,GG,GG,GA,73,100,33,NC_000001.11,Mutation NB - Paternal Origin,Transition - Purine/Purine,Unsolved
152558034,rs4240887,AG,AA,GG,67,88,12,NC_000001.11,Mutation NB - Maternal Origin,Transition - Purine/Purine,A>G
152826964,.,GG,GG,GC,76,73,33,NC_000001.11,Mutation NB - Maternal Origin,Transition - Purine/Purine,Transversion - Purine/Pyrimidine,Unsolved
154664496,rs12125397,TT,CT,CC,58,1,0,NC_000001.11,Mutation NB - Paternal Origin,Transition - Pyrimidine/Pyrimidine,T>C
155166081,rs11264338,AA,GG,GG,73,61,12,NC_000001.11,Mutation NB - Paternal Origin,Transition - Purine/Purine,A>G
156208143,.,CC,CC,CT,61,73,53,NC_000001.11,Mutation NB - Paternal Origin,Transition - Pyrimidine/Pyrimidine,Unsolved
157099362,rs16838075,AA,GG,AA,91,76,0,NC_000001.11,Mutation NB - Maternal Origin,Transition - Purine/Purine,G>A
157347626,rs9427258,AA,AA,AG,85,100,33,NC_000001.11,Mutation NB - Paternal Origin,Transition - Purine/Purine,Unsolved
157470521,rs73009732,CC,CC,CT,70,100,27,NC_000001.11,Mutation NB - Paternal Origin,Transition - Pyrimidine/Pyrimidine,Unsolved
158046206,rs1925033,AT,TT,AA,29,91,15,NC_000001.11,Mutation NB - Maternal Origin,Transversion - Purine/Pyrimidine,T>A
158213377,rs608279,GG,AA,AA,76,91,0,NC_000001.11,Mutation NB - Paternal Origin,Transition - Purine/Purine,G>A
158916318,.,TT,TT,TC,76,79,65,NC_000001.11,Mutation NB - Paternal Origin,Transition - Pyrimidine/Pyrimidine,Unsolved
159581078,.,TT,TT,TC,67,88,56,NC_000001.11,Mutation NB - Paternal Origin,Transition - Pyrimidine/Pyrimidine,Unsolved
161737744,.,TT,TT,TC,76,73,47,NC_000001.11,Mutation NB - Maternal Origin,Transition - Pyrimidine/Pyrimidine,Unsolved
163709991,rs73008446,AA,GG,GG,82,88,18,NC_000001.11,Mutation NB - Paternal Origin,Transition - Purine/Purine,A>G
167000685,rs12126991,TT,TT,TG,91,100,99,NC_000001.11,Mutation NB - Paternal Origin,Transition - Pyrimidine/Pyrimidine,Transversion - Purine/Pyrimidine,Unsolved
167430086,rs1214615,TT,CT,CC,85,1,0,NC_000001.11,Mutation NB - Paternal Origin,Transition - Pyrimidine/Pyrimidine,T>C
168378860,rs1359106,GG,AA,GG,79,88,0,NC_000001.11,Mutation NB - Maternal Origin,Transition - Purine/Purine,A>G
168520524,rs80218693,CT,CC,TT,14,58,9,NC_000001.11,Mutation NB - Maternal Origin,Transversion - Purine/Pyrimidine,C>T
175766190,rs2986123,GG,TT,GG,82,82,0,NC_000001.11,Mutation NB - Maternal Origin,Transition - Purine/Purine,Transversion - Purine/Pyrimidine,T>G
177436368,.,AA,AA,AC,61,43,50,NC_000001.11,Mutation NB - Maternal Origin,Transversion - Purine/Pyrimidine,Unsolved
177944845,rs532842,TT,CC,CC,82,73,18,NC_000001.11,Mutation NB - Paternal Origin,Transition - Pyrimidine/Pyrimidine,T>C
179836308,.,TT,TT,TC,61,73,49,NC_000001.11,Mutation NB - Paternal Origin,Transition - Pyrimidine/Pyrimidine,Unsolved
180222050,rs1571245327,TT,TT,TC,64,67,53,NC_000001.11,Mutation NB - Paternal Origin,Transition - Pyrimidine/Pyrimidine,Unsolved
180508765,rs6687549,GG,CC,GG,82,82,9,NC_000001.11,Mutation NB - Maternal Origin,Transversion - Purine/Pyrimidine,C>G
180593603,rs4111063,CC,TC,TT,85,32,12,NC_000001.11,Mutation NB - Paternal Origin,Transition - Pyrimidine/Pyrimidine,C>T
180978251,.,CC,CC,CT,88,91,59,NC_000001.11,Mutation NB - Paternal Origin,Transition - Pyrimidine/Pyrimidine,Unsolved
181212757,rs17375332,GG,GG,TT,100,100,9,NC_000001.11,Mutation NB - Paternal or Maternal,Transversion - Purine/Pyrimidine,Unsolved
182300289,rs2985429,GG,AA,GG,76,100,27,NC_000001.11,Mutation NB - Maternal Origin,Transition - Purine/Purine,A>G
182435344,rs12568218,CG,GG,CC,8,70,30,NC_000001.11,Mutation NB - Maternal Origin,Transversion - Purine/Pyrimidine,G>C
187706909,rs1538478,CC,AC,AA,67,1,15,NC_000001.11,Mutation NB - Paternal Origin,Transversion - Purine/Pyrimidine,C>A
188499091,.,AA,AA,AG,91,64,53,NC_000001.11,Mutation NB - Maternal Origin,Transition - Purine/Purine,Unsolved
192107115,rs4329494,CC,CC,TT,100,100,15,NC_000001.11,Mutation NB - Paternal or Maternal,Transition - Pyrimidine/Pyrimidine,Unsolved
192752155,rs12409129,GG,TT,TT,61,85,0,NC_000001.11,Mutation NB - Paternal Origin,Transversion - Purine/Pyrimidine,G>T
194860048,rs150850900,TT,TT,TC,100,67,89,NC_000001.11,Mutation NB - Maternal Origin,Transition - Pyrimidine/Pyrimidine,Unsolved
201129399,.,TT,TT,TC,52,61,48,NC_000001.11,Mutation NB - Paternal Origin,Transition - Pyrimidine/Pyrimidine,Unsolved
201653889,rs12725834,GG,AA,GG,70,85,0,NC_000001.11,Mutation NB - Maternal Origin,Transition - Purine/Purine,A>G
203034513,rs10920550,CT,CC,TT,32,76,18,NC_000001.11,Mutation NB - Maternal Origin,Transversion - Purine/Pyrimidine,C>T
203166197,rs6427994,CC,AC,AA,58,1,0,NC_000001.11,Mutation NB - Paternal Origin,Transversion - Purine/Pyrimidine,C>A
203489105,rs142143225,AA,AA,AG,100,85,99,NC_000001.11,Mutation NB - Maternal Origin,Transition - Purine/Purine,Unsolved
203489150,rs2242201,CC,CC,CG,100,85,99,NC_000001.11,Mutation NB - Maternal Origin,Transversion - Purine/Pyrimidine,Unsolved
203502984,rs79523790,TT,CC,TT,79,91,15,NC_000001.11,Mutation NB - Maternal Origin,Transition - Pyrimidine/Pyrimidine,C>T
203502991,rs72743637,GG,GG,GA,79,91,68,NC_000001.11,Mutation NB - Paternal Origin,Transition - Purine/Purine,Unsolved
203873164,rs6702750,TT,CC,TT,61,91,2,NC_000001.11,Mutation NB - Maternal Origin,Transition - Pyrimidine/Pyrimidine,C>T
204250722,rs4951331,AA,AA,GA,91,91,33,NC_000001.11,Mutation NB - Paternal or Maternal,Transition - Purine/Purine,Unsolved
204376157,rs12405987,CC,CC,CT,88,76,99,NC_000001.11,Mutation NB - Maternal Origin,Transition - Pyrimidine/Pyrimidine,Unsolved
204619973,rs3789044,AA,GG,GG,91,82,12,NC_000001.11,Mutation NB - Paternal Origin,Transition - Purine/Purine,A>G
204763918,rs12034642,CC,CC,CG,100,91,99,NC_000001.11,Mutation NB - Maternal Origin,Transversion - Purine/Pyrimidine,Unsolved
208817668,.,TT,TT,TC,79,88,56,NC_000001.11,Mutation NB - Paternal Origin,Transition - Pyrimidine/Pyrimidine,Unsolved
209046013,rs1411403,GG,AA,AA,91,88,15,NC_000001.11,Mutation NB - Paternal Origin,Transition - Purine/Purine,G>A
211902213,rs12085288,TT,CC,TT,64,100,12,NC_000001.11,Mutation NB - Maternal Origin,Transition - Pyrimidine/Pyrimidine,C>T
212514464,rs750227,AA,GG,AA,70,82,36,NC_000001.11,Mutation NB - Maternal Origin,Transition - Purine/Purine,G>A
212685106,rs906365,AG,GG,AA,1,85,0,NC_000001.11,Mutation NB - Maternal Origin,Transition - Purine/Purine,G>A
213556568,rs79861752,GG,GG,GT,70,100,68,NC_000001.11,Mutation NB - Paternal Origin,Transversion - Purine/Pyrimidine,Unsolved
221273632,rs80117857,CC,CC,CG,88,100,98,NC_000001.11,Mutation NB - Paternal Origin,Transversion - Purine/Pyrimidine,Unsolved
221550182,rs11118750,CC,CC,CT,100,70,15,NC_000001.11,Mutation NB - Maternal Origin,Transition - Pyrimidine/Pyrimidine,Unsolved
224085004,rs12073814,CC,CC,CG,91,100,99,NC_000001.11,Mutation NB - Paternal Origin,Transversion - Purine/Pyrimidine,Unsolved
224736889,.,TT,TT,TC,82,40,42,NC_000001.11,Mutation NB - Maternal Origin,Transition - Pyrimidine/Pyrimidine,Unsolved
224934903,rs74149417,GG,GA,AA,76,67,9,NC_000001.11,Mutation NB - Paternal Origin,Transition - Purine/Purine,G>A
225467796,.,TT,TT,TC,85,91,56,NC_000001.11,Mutation NB - Paternal Origin,Transition - Pyrimidine/Pyrimidine,Unsolved
225792203,.,AA,AA,AG,82,85,53,NC_000001.11,Mutation NB - Paternal Origin,Transition - Purine/Purine,Unsolved
225830047,rs2854459,CC,TC,TT,73,2,0,NC_000001.11,Mutation NB - Paternal Origin,Transition - Pyrimidine/Pyrimidine,C>T
226610105,.,AA,AA,AG,70,79,43,NC_000001.11,Mutation NB - Paternal Origin,Transition - Purine/Purine,Unsolved
226951105,rs75569821,AA,AA,GG,100,88,9,NC_000001.11,Mutation NB - Maternal Origin,Transition - Purine/Purine,Unsolved
227998628,rs1198965457,TT,TT,TC,85,85,53,NC_000001.11,Mutation NB - Paternal or Maternal,Transition - Pyrimidine/Pyrimidine,Unsolved
227999777,rs57556486,AA,CC,AA,64,76,42,NC_000001.11,Mutation NB - Maternal Origin,Transversion - Purine/Pyrimidine,C>A
228005711,rs112871589,AA,AA,AG,88,100,99,NC_000001.11,Mutation NB - Paternal Origin,Transition - Purine/Purine,Unsolved
228353896,rs883749,AA,GG,GG,88,85,9,NC_000001.11,Mutation NB - Paternal Origin,Transition - Purine/Purine,A>G
230004047,rs76866344,GG,GG,GA,91,88,69,NC_000001.11,Mutation NB - Maternal Origin,Transition - Purine/Purine,Unsolved
231288842,.,AA,AA,AG,64,46,50,NC_000001.11,Mutation NB - Maternal Origin,Transition - Purine/Purine,Unsolved
232418835,rs189614014,CC,CC,CT,88,88,59,NC_000001.11,Mutation NB - Paternal or Maternal,Transition - Pyrimidine/Pyrimidine,Unsolved
232599894,rs71638442,CC,TT,TT,82,76,30,NC_000001.11,Mutation NB - Paternal Origin,Transition - Pyrimidine/Pyrimidine,C>T
233682195,rs79476886,TT,AA,TT,88,91,9,NC_000001.11,Mutation NB - Maternal Origin,Transversion - Purine/Pyrimidine,A>T
234721929,rs484084,TC,CC,TT,1,43,0,NC_000001.11,Mutation NB - Maternal Origin,Transversion - Purine/Pyrimidine,C>T
235060879,rs922778299,AA,AA,AG,82,100,24,NC_000001.11,Mutation NB - Paternal Origin,Transition - Purine/Purine,Unsolved
235060941,.,TT,TT,TC,85,85,65,NC_000001.11,Mutation NB - Paternal or Maternal,Transition - Pyrimidine/Pyrimidine,Unsolved
236343376,rs11801269,TT,CC,CC,64,52,0,NC_000001.11,Mutation NB - Paternal Origin,Transition - Pyrimidine/Pyrimidine,T>C
236352997,rs612944,AA,AA,AC,88,100,36,NC_000001.11,Mutation NB - Paternal Origin,Transversion - Purine/Pyrimidine,Unsolved
236353021,rs2463205,CC,CC,CA,88,100,36,NC_000001.11,Mutation NB - Paternal Origin,Transversion - Purine/Pyrimidine,Unsolved
237893374,rs10399624,AA,TT,TT,49,61,0,NC_000001.11,Mutation NB - Paternal Origin,Transversion - Purine/Pyrimidine,A>T
239964051,.,AA,AA,AG,73,82,89,NC_000001.11,Mutation NB - Paternal Origin,Transition - Purine/Purine,Unsolved
240009347,rs10926057,TT,TT,TG,82,100,99,NC_000001.11,Mutation NB - Paternal Origin,Transition - Pyrimidine/Pyrimidine,Transversion - Purine/Pyrimidine,Unsolved
241431326,rs10926487,CC,CC,CT,85,100,90,NC_000001.11,Mutation NB - Paternal Origin,Transition - Pyrimidine/Pyrimidine,Unsolved
246220304,rs968808208,AA,AA,AC,100,95,99,NC_000001.11,Mutation NB - Maternal Origin,Transversion - Purine/Pyrimidine,Unsolved
246220308,rs978804124,GG,GG,GC,100,100,99,NC_000001.11,Mutation NB - Paternal or Maternal,Transition - Purine/Purine,Transversion - Purine/Pyrimidine,Unsolved
246220313,rs1031687242,AA,AA,AC,92,100,99,NC_000001.11,Mutation NB - Paternal Origin,Transversion - Purine/Pyrimidine,Unsolved
246220317,rs548443567,GG,GG,GC,100,100,99,NC_000001.11,Mutation NB - Paternal or Maternal,Transition - Purine/Purine,Transversion - Purine/Pyrimidine,Unsolved
246711075,rs12142368,GG,GG,GA,100,91,99,NC_000001.11,Mutation NB - Maternal Origin,Transition - Purine/Purine,Unsolved
247424751,rs34298354,CC,CT,TT,79,35,12,NC_000001.11,Mutation NB - Paternal Origin,Transition - Pyrimidine/Pyrimidine,C>T
247446834,rs55977159,TT,CC,TT,82,67,0,NC_000001.11,Mutation NB - Maternal Origin,Transition - Pyrimidine/Pyrimidine,C>T
248671873,rs28665859,CC,CT,TT,100,29,26,NC_000001.11,Mutation NB - Paternal Origin,Transition - Pyrimidine/Pyrimidine,C>T
240054,rs2864044,AA,AA,AG,85,91,51,NC_000002.12,Mutation NB - Paternal Origin,Transition - Purine/Purine,Unsolved
606161,rs58979719,CC,CC,CT,100,91,99,NC_000002.12,Mutation NB - Maternal Origin,Transition - Pyrimidine/Pyrimidine,Unsolved
672496,rs10168696,CT,CC,TT,76,100,12,NC_000002.12,Mutation NB - Maternal Origin,Transversion - Purine/Pyrimidine,C>T
885956,rs10183763,GG,AA,GG,73,88,15,NC_000002.12,Mutation NB - Maternal Origin,Transition - Purine/Purine,A>G
1025879,rs183919825,TT,TT,TC,34,61,44,NC_000002.12,Mutation NB - Paternal Origin,Transition - Pyrimidine/Pyrimidine,Unsolved
1033331,rs79714520,GG,AA,AA,88,43,18,NC_000002.12,Mutation NB - Paternal Origin,Transition - Purine/Purine,G>A
1157247,rs149016182,TT,AA,AA,91,52,18,NC_000002.12,Mutation NB - Paternal Origin,Transversion - Purine/Pyrimidine,T>A
1738857,rs7580451,AG,GG,AA,1,91,15,NC_000002.12,Mutation NB - Maternal Origin,Transition - Purine/Purine,G>A
1738866,rs7589609,CT,TT,CC,1,91,15,NC_000002.12,Mutation NB - Maternal Origin,Transition - Pyrimidine/Pyrimidine,T>C
1738867,rs7580445,AC,CC,AA,1,91,15,NC_000002.12,Mutation NB - Maternal Origin,Transversion - Purine/Pyrimidine,C>A
1979602,rs2304008,AC,AA,CC,70,100,18,NC_000002.12,Mutation NB - Maternal Origin,A>C
2706948,rs112083877,CC,CT,TT,88,35,9,NC_000002.12,Mutation NB - Paternal Origin,Transition - Pyrimidine/Pyrimidine,C>T
2874205,rs4853766,AA,GG,GG,100,85,12,NC_000002.12,Mutation NB - Paternal Origin,Transition - Purine/Purine,A>G
2891195,rs1729890,AA,GG,GG,100,52,36,NC_000002.12,Mutation NB - Paternal Origin,Transition - Purine/Purine,A>G
3123871,rs7559077,TG,GG,TT,28,88,24,NC_000002.12,Mutation NB - Maternal Origin,Transversion - Purine/Pyrimidine,G>T
9110496,rs2356776,TT,TC,CC,100,70,18,NC_000002.12,Mutation NB - Paternal Origin,Transition - Pyrimidine/Pyrimidine,T>C
9188918,rs34495187,CC,AA,AA,100,91,24,NC_000002.12,Mutation NB - Paternal Origin,Transversion - Purine/Pyrimidine,C>A
9331955,rs7598144,GG,AG,AA,88,36,15,NC_000002.12,Mutation NB - Paternal Origin,Transition - Purine/Purine,G>A
9477180,rs35584910,CC,CC,AA,67,64,15,NC_000002.12,Mutation NB - Maternal Origin,Transversion - Purine/Pyrimidine,Unsolved
9477232,rs56073752,GG,GA,AA,67,11,15,NC_000002.12,Mutation NB - Paternal Origin,Transition - Purine/Purine,G>A
9661564,rs4669408,CG,CC,GG,1,100,21,NC_000002.12,Mutation NB - Maternal Origin,Transversion - Purine/Pyrimidine,C>G
9811819,rs10803701,GG,GA,AA,85,1,12,NC_000002.12,Mutation NB - Paternal Origin,Transition - Purine/Purine,G>A
9811841,rs7568887,AA,GA,GG,85,1,12,NC_000002.12,Mutation NB - Paternal Origin,Transition - Purine/Purine,A>G
10040227,rs76958402,AA,GG,GG,91,82,12,NC_000002.12,Mutation NB - Paternal Origin,Transition - Purine/Purine,A>G
10078519,rs13021733,CC,CC,CT,100,100,99,NC_000002.12,Mutation NB - Paternal or Maternal,Transition - Pyrimidine/Pyrimidine,Unsolved
10234354,rs10929640,CC,TT,CC,82,85,12,NC_000002.12,Mutation NB - Maternal Origin,Transition - Pyrimidine/Pyrimidine,T>C
10773098,rs116143174,CC,TT,TT,79,55,24,NC_000002.12,Mutation NB - Paternal Origin,Transition - Pyrimidine/Pyrimidine,C>T
11412262,.,AA,AA,AG,67,79,72,NC_000002.12,Mutation NB - Paternal Origin,Transition - Purine/Purine,Unsolved
11611360,.,TT,TT,TC,22,61,50,NC_000002.12,Mutation NB - Paternal Origin,Transition - Pyrimidine/Pyrimidine,Unsolved
11698491,.,TT,TT,TC,73,70,68,NC_000002.12,Mutation NB - Maternal Origin,Transition - Pyrimidine/Pyrimidine,Unsolved
14182889,rs13391676,GG,GG,GT,67,100,99,NC_000002.12,Mutation NB - Paternal Origin,Transversion - Purine/Pyrimidine,Unsolved
14447900,rs1400025,GG,AA,GG,73,100,21,NC_000002.12,Mutation NB - Maternal Origin,Transition - Purine/Purine,A>G
15675902,rs11689993,AA,GG,AA,100,64,24,NC_000002.12,Mutation NB - Maternal Origin,Transition - Purine/Purine,G>A
18158719,rs896608,CC,CC,TT,85,100,2,NC_000002.12,Mutation NB - Paternal Origin,Transition - Pyrimidine/Pyrimidine,Unsolved
19275670,rs1727212,CC,TT,CC,91,88,12,NC_000002.12,Mutation NB - Maternal Origin,Transition - Pyrimidine/Pyrimidine,T>C
19275671,rs1658258,AA,GG,AA,91,88,12,NC_000002.12,Mutation NB - Maternal Origin,Transition - Purine/Purine,G>A
19283124,rs703324,TT,GG,GG,79,82,0,NC_000002.12,Mutation NB - Paternal Origin,Transversion - Purine/Pyrimidine,T>G
19642545,rs13432997,GA,GG,AA,73,91,9,NC_000002.12,Mutation NB - Maternal Origin,Transition - Purine/Purine,G>A
19777330,rs34001466,GG,AA,GG,85,91,0,NC_000002.12,Mutation NB - Maternal Origin,Transition - Purine/Purine,A>G
20490773,.,GG,GG,GA,67,43,56,NC_000002.12,Mutation NB - Maternal Origin,Transition - Purine/Purine,Unsolved
20919130,rs1675196544,CC,CC,CT,67,55,56,NC_000002.12,Mutation NB - Maternal Origin,Transition - Pyrimidine/Pyrimidine,Unsolved
23837270,rs138764085,CC,CC,CT,100,67,66,NC_000002.12,Mutation NB - Maternal Origin,Transition - Pyrimidine/Pyrimidine,Unsolved
25294638,.,AA,AA,AG,85,82,65,NC_000002.12,Mutation NB - Maternal Origin,Transition - Purine/Purine,Unsolved
28253682,rs72784748,CC,CC,CA,79,100,33,NC_000002.12,Mutation NB - Paternal Origin,Transversion - Purine/Pyrimidine,Unsolved
28349624,rs35138783,GA,GG,AA,35,85,9,NC_000002.12,Mutation NB - Maternal Origin,Transition - Purine/Purine,G>A
28751273,rs966250,GG,GG,GT,100,82,68,NC_000002.12,Mutation NB - Maternal Origin,Transversion - Purine/Pyrimidine,Unsolved
29060555,rs7557835,GG,GA,AA,100,1,33,NC_000002.12,Mutation NB - Paternal Origin,Transition - Purine/Purine,G>A
29475046,rs4666222,AA,AG,GG,100,1,45,NC_000002.12,Mutation NB - Paternal Origin,Transition - Purine/Purine,A>G
30847287,.,TT,TT,TC,55,85,47,NC_000002.12,Mutation NB - Paternal Origin,Transition - Pyrimidine/Pyrimidine,Unsolved
32835652,rs6731130,TT,TT,TC,100,88,71,NC_000002.12,Mutation NB - Maternal Origin,Transition - Pyrimidine/Pyrimidine,Unsolved
32883522,.,TT,TT,TC,52,46,44,NC_000002.12,Mutation NB - Maternal Origin,Transition - Pyrimidine/Pyrimidine,Unsolved
33919389,rs10171037,TT,TT,TC,100,100,99,NC_000002.12,Mutation NB - Paternal or Maternal,Transition - Pyrimidine/Pyrimidine,Unsolved
34031668,rs872920,TT,TT,TC,73,100,27,NC_000002.12,Mutation NB - Paternal Origin,Transition - Pyrimidine/Pyrimidine,Unsolved
35013251,rs10166133,AA,AG,GG,85,1,15,NC_000002.12,Mutation NB - Paternal Origin,Transition - Purine/Purine,A>G
36595000,.,TT,TT,TC,46,40,47,NC_000002.12,Mutation NB - Maternal Origin,Transition - Pyrimidine/Pyrimidine,Unsolved
36824374,rs6759472,TT,CT,CC,52,1,0,NC_000002.12,Mutation NB - Paternal Origin,Transition - Pyrimidine/Pyrimidine,T>C
38802851,.,AA,AA,AG,79,88,62,NC_000002.12,Mutation NB - Paternal Origin,Transition - Purine/Purine,Unsolved
39624159,rs887969,GG,AA,GG,73,85,9,NC_000002.12,Mutation NB - Maternal Origin,Transition - Purine/Purine,A>G
41030349,rs12995653,GG,AA,AA,91,82,9,NC_000002.12,Mutation NB - Paternal Origin,Transition - Purine/Purine,G>A
41727605,rs72957575,TT,TT,TC,76,100,58,NC_000002.12,Mutation NB - Paternal Origin,Transition - Pyrimidine/Pyrimidine,Unsolved
41951089,.,GG,GG,GA,46,100,55,NC_000002.12,Mutation NB - Paternal Origin,Transition - Purine/Purine,Unsolved
42969786,rs11124904,TT,CC,TT,67,89,18,NC_000002.12,Mutation NB - Maternal Origin,Transition - Pyrimidine/Pyrimidine,C>T
43577431,rs72867061,AA,GG,GG,91,82,0,NC_000002.12,Mutation NB - Paternal Origin,Transition - Purine/Purine,A>G
43685422,rs1432280,CG,CC,GG,42,70,24,NC_000002.12,Mutation NB - Maternal Origin,Transversion - Purine/Pyrimidine,C>G
45329535,rs1018231391,AA,AA,AG,91,61,65,NC_000002.12,Mutation NB - Maternal Origin,Transition - Purine/Purine,Unsolved
46183053,rs2594496,AG,GG,AA,5,85,0,NC_000002.12,Mutation NB - Maternal Origin,Transition - Purine/Purine,G>A
46865629,rs11689551,GG,GG,GA,100,100,6,NC_000002.12,Mutation NB - Paternal or Maternal,Transition - Purine/Purine,Unsolved
51581754,rs2883425,GG,TT,TT,85,64,0,NC_000002.12,Mutation NB - Paternal Origin,Transversion - Purine/Pyrimidine,G>T
54080035,.,GG,GG,GA,52,49,44,NC_000002.12,Mutation NB - Maternal Origin,Transition - Purine/Purine,Unsolved
55613027,rs1694393007,CC,CC,CT,79,82,51,NC_000002.12,Mutation NB - Paternal Origin,Transition - Pyrimidine/Pyrimidine,Unsolved
55824864,rs2115876,GA,GG,AA,70,79,15,NC_000002.12,Mutation NB - Maternal Origin,Transition - Purine/Purine,G>A
57084949,rs374409715,GG,GG,GA,85,79,64,NC_000002.12,Mutation NB - Maternal Origin,Transition - Purine/Purine,Unsolved
59946731,rs1559625,GG,AG,AA,73,1,18,NC_000002.12,Mutation NB - Paternal Origin,Transition - Purine/Purine,G>A
60156966,rs35808524,TT,TT,CC,100,79,9,NC_000002.12,Mutation NB - Maternal Origin,Transition - Pyrimidine/Pyrimidine,Unsolved
61895707,.,TT,TT,TC,76,73,62,NC_000002.12,Mutation NB - Maternal Origin,Transition - Pyrimidine/Pyrimidine,Unsolved
63495715,.,CC,CC,CT,88,91,61,NC_000002.12,Mutation NB - Paternal Origin,Transition - Pyrimidine/Pyrimidine,Unsolved
66435028,.,TT,TT,TC,82,91,68,NC_000002.12,Mutation NB - Paternal Origin,Transition - Pyrimidine/Pyrimidine,Unsolved
70061800,rs116803640,TT,TT,TC,100,88,33,NC_000002.12,Mutation NB - Maternal Origin,Transition - Pyrimidine/Pyrimidine,Unsolved
70517654,rs116340890,AA,AA,AT,100,46,99,NC_000002.12,Mutation NB - Maternal Origin,Transversion - Purine/Pyrimidine,Unsolved
71554937,rs7566581,GG,AA,AA,82,46,30,NC_000002.12,Mutation NB - Paternal Origin,Transition - Purine/Purine,G>A
72081051,.,CC,CC,CA,76,67,56,NC_000002.12,Mutation NB - Maternal Origin,Transversion - Purine/Pyrimidine,Unsolved
73602245,rs1052162,CC,TT,TT,88,91,9,NC_000002.12,Mutation NB - Paternal Origin,Transition - Pyrimidine/Pyrimidine,C>T
75941971,rs2583535,GA,AA,GG,1,82,0,NC_000002.12,Mutation NB - Maternal Origin,Transition - Purine/Purine,A>G
80747365,rs66987955,CC,CC,AA,100,85,12,NC_000002.12,Mutation NB - Maternal Origin,Transversion - Purine/Pyrimidine,Unsolved
82080204,rs62150718,GG,AA,GG,85,85,21,NC_000002.12,Mutation NB - Maternal Origin,Transition - Purine/Purine,A>G
82260263,rs62139735,CT,CC,TT,2,88,15,NC_000002.12,Mutation NB - Maternal Origin,Transversion - Purine/Pyrimidine,C>T
82326458,rs62140911,CG,CC,GG,53,79,18,NC_000002.12,Mutation NB - Maternal Origin,Transversion - Purine/Pyrimidine,C>G
82937757,rs11899085,AA,GA,GG,58,3,0,NC_000002.12,Mutation NB - Paternal Origin,Transition - Purine/Purine,A>G
83246020,rs1007520,AA,GG,GG,100,88,21,NC_000002.12,Mutation NB - Paternal Origin,Transition - Purine/Purine,A>G
85274261,rs10201483,CC,AA,AA,70,70,18,NC_000002.12,Mutation NB - Paternal Origin,Transversion - Purine/Pyrimidine,C>A
85844270,rs2280316,GG,GG,GC,100,82,99,NC_000002.12,Mutation NB - Maternal Origin,Transition - Purine/Purine,Transversion - Purine/Pyrimidine,Unsolved
86085663,.,GG,GG,GA,67,100,41,NC_000002.12,Mutation NB - Paternal Origin,Transition - Purine/Purine,Unsolved
96266665,.,CC,CC,CT,49,40,62,NC_000002.12,Mutation NB - Maternal Origin,Transition - Pyrimidine/Pyrimidine,Unsolved
97936154,.,AA,AA,AG,70,70,47,NC_000002.12,Mutation NB - Paternal or Maternal,Transition - Purine/Purine,Unsolved
100265105,.,TT,TT,TC,55,52,53,NC_000002.12,Mutation NB - Maternal Origin,Transition - Pyrimidine/Pyrimidine,Unsolved
100275515,rs1310014823,GG,GG,GA,70,88,44,NC_000002.12,Mutation NB - Paternal Origin,Transition - Purine/Purine,Unsolved
102717976,.,CC,CC,CT,88,82,65,NC_000002.12,Mutation NB - Maternal Origin,Transition - Pyrimidine/Pyrimidine,Unsolved
107777325,.,TT,TT,TC,64,67,47,NC_000002.12,Mutation NB - Paternal Origin,Transition - Pyrimidine/Pyrimidine,Unsolved
109699014,rs4953724,GG,TT,TT,85,91,9,NC_000002.12,Mutation NB - Paternal Origin,Transversion - Purine/Pyrimidine,G>T
111662368,rs55877608,TT,GG,GG,67,49,0,NC_000002.12,Mutation NB - Paternal Origin,Transversion - Purine/Pyrimidine,T>G
113074905,rs1439159396,GG,GG,GA,64,49,68,NC_000002.12,Mutation NB - Maternal Origin,Transition - Purine/Purine,Unsolved
113133835,rs9005,AA,GG,AA,82,82,12,NC_000002.12,Mutation NB - Maternal Origin,Transition - Purine/Purine,G>A
117833720,rs11681034,TT,CC,CC,73,28,0,NC_000002.12,Mutation NB - Paternal Origin,Transition - Pyrimidine/Pyrimidine,T>C
117929664,rs10490630,CC,TT,CC,85,82,0,NC_000002.12,Mutation NB - Maternal Origin,Transition - Pyrimidine/Pyrimidine,T>C
118827348,rs67800871,AA,GG,AA,40,85,15,NC_000002.12,Mutation NB - Maternal Origin,Transition - Purine/Purine,G>A
119902844,.,GG,GG,GA,91,64,50,NC_000002.12,Mutation NB - Maternal Origin,Transition - Purine/Purine,Unsolved
120477658,rs940676,CC,CC,TC,55,91,53,NC_000002.12,Mutation NB - Paternal Origin,Transition - Pyrimidine/Pyrimidine,Unsolved
120576101,.,TT,TT,TG,100,76,53,NC_000002.12,Mutation NB - Maternal Origin,Transition - Pyrimidine/Pyrimidine,Transversion - Purine/Pyrimidine,Unsolved
120860550,rs4848124,CT,TT,CC,67,79,9,NC_000002.12,Mutation NB - Maternal Origin,Transition - Pyrimidine/Pyrimidine,T>C
121820705,rs7567576,TT,TT,TC,88,79,99,NC_000002.12,Mutation NB - Maternal Origin,Transition - Pyrimidine/Pyrimidine,Unsolved
121820716,rs7567579,TT,TT,TC,88,79,99,NC_000002.12,Mutation NB - Maternal Origin,Transition - Pyrimidine/Pyrimidine,Unsolved
123391464,rs12612473,CC,CC,CT,88,100,97,NC_000002.12,Mutation NB - Paternal Origin,Transition - Pyrimidine/Pyrimidine,Unsolved
126698611,rs6431174,GG,AA,AA,91,79,15,NC_000002.12,Mutation NB - Paternal Origin,Transition - Purine/Purine,G>A
127063995,rs201238412,GG,GG,GA,76,100,99,NC_000002.12,Mutation NB - Paternal Origin,Transition - Purine/Purine,Unsolved
127133540,rs60572885,CC,TC,TT,91,85,12,NC_000002.12,Mutation NB - Paternal Origin,Transition - Pyrimidine/Pyrimidine,C>T
127242207,.,AA,AA,AG,82,79,50,NC_000002.12,Mutation NB - Maternal Origin,Transition - Purine/Purine,Unsolved
129610911,.,AA,AA,AG,67,67,48,NC_000002.12,Mutation NB - Paternal or Maternal,Transition - Purine/Purine,Unsolved
134025574,rs7577910,AA,CC,CC,79,85,9,NC_000002.12,Mutation NB - Paternal Origin,Transversion - Purine/Pyrimidine,A>C
134809683,rs10928518,TT,CC,TT,85,85,18,NC_000002.12,Mutation NB - Maternal Origin,Transition - Pyrimidine/Pyrimidine,C>T
135182453,.,TT,TT,TC,70,61,53,NC_000002.12,Mutation NB - Maternal Origin,Transition - Pyrimidine/Pyrimidine,Unsolved
136946489,rs514543,TT,TC,CC,100,48,21,NC_000002.12,Mutation NB - Paternal Origin,Transition - Pyrimidine/Pyrimidine,T>C
139273509,rs736667,GC,CC,GG,35,73,0,NC_000002.12,Mutation NB - Maternal Origin,Transversion - Purine/Pyrimidine,C>G
148361920,rs7606618,GG,GG,GT,91,100,71,NC_000002.12,Mutation NB - Paternal Origin,Transversion - Purine/Pyrimidine,Unsolved
148361952,rs112146924,AA,GG,GG,91,88,18,NC_000002.12,Mutation NB - Paternal Origin,Transition - Purine/Purine,A>G
150523611,.,GG,GG,GT,85,88,39,NC_000002.12,Mutation NB - Paternal Origin,Transversion - Purine/Pyrimidine,Unsolved
152032962,rs12616066,AT,TT,AA,1,88,15,NC_000002.12,Mutation NB - Maternal Origin,Transversion - Purine/Pyrimidine,T>A
156708680,rs1543932,AA,GA,GG,82,76,0,NC_000002.12,Mutation NB - Paternal Origin,Transition - Purine/Purine,A>G
156731917,rs4664212,TT,CC,CC,100,88,15,NC_000002.12,Mutation NB - Paternal Origin,Transition - Pyrimidine/Pyrimidine,T>C
159919861,rs907245,CC,CC,TC,70,76,5,NC_000002.12,Mutation NB - Paternal Origin,Transition - Pyrimidine/Pyrimidine,Unsolved
159919866,rs80018320,AA,TT,AA,70,76,27,NC_000002.12,Mutation NB - Maternal Origin,Transversion - Purine/Pyrimidine,T>A
160297839,.,GG,GG,GA,98,67,44,NC_000002.12,Mutation NB - Maternal Origin,Transition - Purine/Purine,Unsolved
161568393,.,AA,AA,AG,76,67,56,NC_000002.12,Mutation NB - Maternal Origin,Transition - Purine/Purine,Unsolved
166472240,rs2293567,CC,TT,CC,67,76,0,NC_000002.12,Mutation NB - Maternal Origin,Transition - Pyrimidine/Pyrimidine,T>C
170434235,rs10930430,AA,GA,GG,82,35,0,NC_000002.12,Mutation NB - Paternal Origin,Transition - Purine/Purine,A>G
171520712,rs7586174,GG,AA,GG,85,70,0,NC_000002.12,Mutation NB - Maternal Origin,Transition - Purine/Purine,A>G
172148035,rs73022564,AA,TT,AA,91,82,0,NC_000002.12,Mutation NB - Maternal Origin,Transversion - Purine/Pyrimidine,T>A
172629761,rs2606070,CC,AC,AA,85,1,0,NC_000002.12,Mutation NB - Paternal Origin,Transversion - Purine/Pyrimidine,C>A
172703361,.,AA,AA,AG,76,91,45,NC_000002.12,Mutation NB - Paternal Origin,Transition - Purine/Purine,Unsolved
176773353,.,CC,CC,CT,67,79,50,NC_000002.12,Mutation NB - Paternal Origin,Transition - Pyrimidine/Pyrimidine,Unsolved
182609561,.,AA,AA,AG,67,31,77,NC_000002.12,Mutation NB - Maternal Origin,Transition - Purine/Purine,Unsolved
183389966,.,TT,TT,TC,88,82,40,NC_000002.12,Mutation NB - Maternal Origin,Transition - Pyrimidine/Pyrimidine,Unsolved
183789395,rs10187211,CC,AA,AA,100,79,18,NC_000002.12,Mutation NB - Paternal Origin,Transversion - Purine/Pyrimidine,C>A
184149485,rs6705672,CC,CT,TT,100,1,12,NC_000002.12,Mutation NB - Paternal Origin,Transition - Pyrimidine/Pyrimidine,C>T
189581547,rs114604031,CC,CC,CG,67,100,33,NC_000002.12,Mutation NB - Paternal Origin,Transversion - Purine/Pyrimidine,Unsolved
191797843,rs11688215,CC,CC,CT,76,100,71,NC_000002.12,Mutation NB - Paternal Origin,Transition - Pyrimidine/Pyrimidine,Unsolved
191797885,rs13007070,GG,GG,GA,76,100,72,NC_000002.12,Mutation NB - Paternal Origin,Transition - Purine/Purine,Unsolved
191800563,rs6434512,TT,TC,CC,88,67,9,NC_000002.12,Mutation NB - Paternal Origin,Transition - Pyrimidine/Pyrimidine,T>C
197277545,rs6706197,TT,CC,TT,79,70,33,NC_000002.12,Mutation NB - Maternal Origin,Transition - Pyrimidine/Pyrimidine,C>T
198053440,rs6752760,CA,CC,AA,38,79,9,NC_000002.12,Mutation NB - Maternal Origin,Transversion - Purine/Pyrimidine,C>A
198304372,rs13398206,TT,TT,TC,79,52,99,NC_000002.12,Mutation NB - Maternal Origin,Transition - Pyrimidine/Pyrimidine,Unsolved
198591757,.,AA,AA,AG,79,73,59,NC_000002.12,Mutation NB - Maternal Origin,Transition - Purine/Purine,Unsolved
205679128,rs10207710,AA,TT,TT,67,82,0,NC_000002.12,Mutation NB - Paternal Origin,Transversion - Purine/Pyrimidine,A>T
215766148,.,TT,TT,TC,85,91,62,NC_000002.12,Mutation NB - Paternal Origin,Transition - Pyrimidine/Pyrimidine,Unsolved
215999871,rs3755155,TC,CC,TT,28,88,0,NC_000002.12,Mutation NB - Maternal Origin,Transversion - Purine/Pyrimidine,C>T
216412526,rs3755141,TT,CC,CC,91,70,0,NC_000002.12,Mutation NB - Paternal Origin,Transition - Pyrimidine/Pyrimidine,T>C
218050263,rs10170187,CT,TT,CC,5,82,15,NC_000002.12,Mutation NB - Maternal Origin,Transition - Pyrimidine/Pyrimidine,T>C
221939253,.,TT,TT,TC,100,79,58,NC_000002.12,Mutation NB - Maternal Origin,Transition - Pyrimidine/Pyrimidine,Unsolved
228252326,rs10173997,TT,AT,AA,85,35,0,NC_000002.12,Mutation NB - Paternal Origin,Transversion - Purine/Pyrimidine,T>A
230525557,.,TT,TT,TC,76,82,68,NC_000002.12,Mutation NB - Paternal Origin,Transition - Pyrimidine/Pyrimidine,Unsolved
230579577,rs2241537,TT,TT,TC,100,82,99,NC_000002.12,Mutation NB - Maternal Origin,Transition - Pyrimidine/Pyrimidine,Unsolved
230579613,rs115689543,CC,CC,CT,76,85,73,NC_000002.12,Mutation NB - Paternal Origin,Transition - Pyrimidine/Pyrimidine,Unsolved
231803058,rs1249941426,GG,GG,GA,43,55,44,NC_000002.12,Mutation NB - Paternal Origin,Transition - Purine/Purine,Unsolved
231931292,rs893740,AA,AG,GG,100,1,12,NC_000002.12,Mutation NB - Paternal Origin,Transition - Purine/Purine,A>G
232375033,rs2741311,CC,TT,CC,82,88,9,NC_000002.12,Mutation NB - Maternal Origin,Transition - Pyrimidine/Pyrimidine,T>C
234690308,rs4663158,TT,CC,TT,70,58,18,NC_000002.12,Mutation NB - Maternal Origin,Transition - Pyrimidine/Pyrimidine,C>T
235767377,rs2675131,CT,CC,TT,67,73,12,NC_000002.12,Mutation NB - Maternal Origin,Transversion - Purine/Pyrimidine,C>T
236185320,.,AA,AA,AG,73,76,62,NC_000002.12,Mutation NB - Paternal Origin,Transition - Purine/Purine,Unsolved
236334243,rs58127588,TT,CC,TT,85,92,0,NC_000002.12,Mutation NB - Maternal Origin,Transition - Pyrimidine/Pyrimidine,C>T
236792527,rs1692569832,CC,CC,CT,64,82,65,NC_000002.12,Mutation NB - Paternal Origin,Transition - Pyrimidine/Pyrimidine,Unsolved
237443485,rs10202195,AA,AA,AG,91,100,27,NC_000002.12,Mutation NB - Paternal Origin,Transition - Purine/Purine,Unsolved
237443639,rs10190310,CC,CT,TT,88,63,12,NC_000002.12,Mutation NB - Paternal Origin,Transition - Pyrimidine/Pyrimidine,C>T
237613035,rs13016563,TT,TT,TC,73,100,71,NC_000002.12,Mutation NB - Paternal Origin,Transition - Pyrimidine/Pyrimidine,Unsolved
238030729,rs11679080,CC,TT,TT,55,52,21,NC_000002.12,Mutation NB - Paternal Origin,Transition - Pyrimidine/Pyrimidine,C>T
238221402,rs11674539,CC,TT,TT,100,64,18,NC_000002.12,Mutation NB - Paternal Origin,Transition - Pyrimidine/Pyrimidine,C>T
238595236,rs4663314,CC,TT,CC,91,85,9,NC_000002.12,Mutation NB - Maternal Origin,Transition - Pyrimidine/Pyrimidine,T>C
239036899,rs1466094,CC,TT,CC,64,85,30,NC_000002.12,Mutation NB - Maternal Origin,Transition - Pyrimidine/Pyrimidine,T>C
239117072,rs74000673,AA,AA,AG,91,100,62,NC_000002.12,Mutation NB - Paternal Origin,Transition - Purine/Purine,Unsolved
239299890,.,GG,GG,GA,49,82,47,NC_000002.12,Mutation NB - Paternal Origin,Transition - Purine/Purine,Unsolved
239607891,rs12612229,GG,GG,GC,100,73,33,NC_000002.12,Mutation NB - Maternal Origin,Transition - Purine/Purine,Transversion - Purine/Pyrimidine,Unsolved
240258565,.,TT,TT,TC,58,67,50,NC_000002.12,Mutation NB - Paternal Origin,Transition - Pyrimidine/Pyrimidine,Unsolved
240317942,rs62185176,GG,GT,TT,100,67,9,NC_000002.12,Mutation NB - Paternal Origin,Transversion - Purine/Pyrimidine,G>T
240384635,.,AA,AA,AG,82,76,55,NC_000002.12,Mutation NB - Maternal Origin,Transition - Purine/Purine,Unsolved
240637862,rs555124302,GG,GG,GA,58,73,41,NC_000002.12,Mutation NB - Paternal Origin,Transition - Purine/Purine,Unsolved
240933089,.,TT,TT,TC,82,73,62,NC_000002.12,Mutation NB - Maternal Origin,Transition - Pyrimidine/Pyrimidine,Unsolved
241676047,rs5860,TT,CC,CC,100,85,27,NC_000002.12,Mutation NB - Paternal Origin,Transition - Pyrimidine/Pyrimidine,T>C
241676057,rs3209844,GG,AA,GG,76,88,27,NC_000002.12,Mutation NB - Maternal Origin,Transition - Purine/Purine,A>G
628168,rs9842022,CC,CC,CT,100,82,65,NC_000003.12,Mutation NB - Maternal Origin,Transition - Pyrimidine/Pyrimidine,Unsolved
6817838,.,TT,TT,TC,40,64,62,NC_000003.12,Mutation NB - Paternal Origin,Transition - Pyrimidine/Pyrimidine,Unsolved
8341006,.,AA,AA,AG,28,46,47,NC_000003.12,Mutation NB - Paternal Origin,Transition - Purine/Purine,Unsolved
9863272,rs279594,AA,GG,AA,85,91,0,NC_000003.12,Mutation NB - Maternal Origin,Transition - Purine/Purine,G>A
11249929,rs2606731,CC,AA,AA,73,82,0,NC_000003.12,Mutation NB - Paternal Origin,Transversion - Purine/Pyrimidine,C>A
11467358,rs60445355,CC,TT,CC,70,85,9,NC_000003.12,Mutation NB - Maternal Origin,Transition - Pyrimidine/Pyrimidine,T>C
12421677,rs709158,GG,AA,AA,88,76,0,NC_000003.12,Mutation NB - Paternal Origin,Transition - Purine/Purine,G>A
12652496,rs35750419,AA,GG,GG,85,46,0,NC_000003.12,Mutation NB - Paternal Origin,Transition - Purine/Purine,A>G
13394050,rs7653172,CC,TC,TT,70,85,0,NC_000003.12,Mutation NB - Paternal Origin,Transition - Pyrimidine/Pyrimidine,C>T
13553307,rs9841601,AA,GG,AA,79,88,0,NC_000003.12,Mutation NB - Maternal Origin,Transition - Purine/Purine,G>A
13781046,rs13079190,GG,AA,GG,61,52,9,NC_000003.12,Mutation NB - Maternal Origin,Transition - Purine/Purine,A>G
13849798,.,TT,TT,TC,76,76,53,NC_000003.12,Mutation NB - Paternal or Maternal,Transition - Pyrimidine/Pyrimidine,Unsolved
14758429,.,TT,TT,TC,67,58,50,NC_000003.12,Mutation NB - Maternal Origin,Transition - Pyrimidine/Pyrimidine,Unsolved
17693853,rs11128842,CC,GG,CC,82,82,18,NC_000003.12,Mutation NB - Maternal Origin,Transversion - Purine/Pyrimidine,G>C
17988330,rs115898171,GG,AA,AA,91,91,9,NC_000003.12,Mutation NB - Paternal Origin,Transition - Purine/Purine,G>A
18684261,.,AA,AA,AG,55,52,59,NC_000003.12,Mutation NB - Maternal Origin,Transition - Purine/Purine,Unsolved
19823623,rs269364,CC,GG,CC,70,67,0,NC_000003.12,Mutation NB - Maternal Origin,Transversion - Purine/Pyrimidine,G>C
22990403,rs822774,CC,TT,CC,79,94,9,NC_000003.12,Mutation NB - Maternal Origin,Transition - Pyrimidine/Pyrimidine,T>C
26635099,rs13070978,GG,AA,GG,85,88,0,NC_000003.12,Mutation NB - Maternal Origin,Transition - Purine/Purine,A>G
26863865,rs7625851,AA,GG,AA,82,88,0,NC_000003.12,Mutation NB - Maternal Origin,Transition - Purine/Purine,G>A
27417850,rs923940,GG,CC,CC,76,88,0,NC_000003.12,Mutation NB - Paternal Origin,Transversion - Purine/Pyrimidine,G>C
29670933,rs13098124,GG,GG,GT,85,88,99,NC_000003.12,Mutation NB - Paternal Origin,Transversion - Purine/Pyrimidine,Unsolved
32040935,.,TT,TT,TC,73,76,59,NC_000003.12,Mutation NB - Paternal Origin,Transition - Pyrimidine/Pyrimidine,Unsolved
32966024,.,AA,AA,AT,61,67,40,NC_000003.12,Mutation NB - Paternal Origin,Transversion - Purine/Pyrimidine,Unsolved
37065979,rs2302503,AA,GG,GG,88,88,0,NC_000003.12,Mutation NB - Paternal Origin,Transition - Purine/Purine,A>G
37375234,.,TT,TT,TC,76,55,65,NC_000003.12,Mutation NB - Maternal Origin,Transition - Pyrimidine/Pyrimidine,Unsolved
37542570,rs9850581,TT,TT,TC,100,58,99,NC_000003.12,Mutation NB - Maternal Origin,Transition - Pyrimidine/Pyrimidine,Unsolved
38894337,.,GG,GG,GC,73,91,39,NC_000003.12,Mutation NB - Paternal Origin,Transition - Purine/Purine,Transversion - Purine/Pyrimidine,Unsolved
39298396,rs28504088,GG,GG,CC,91,82,12,NC_000003.12,Mutation NB - Maternal Origin,Transversion - Purine/Pyrimidine,Unsolved
40244526,rs4618168,TT,CC,CC,91,82,30,NC_000003.12,Mutation NB - Paternal Origin,Transition - Pyrimidine/Pyrimidine,T>C
43076087,rs584233,GG,GG,GA,100,91,68,NC_000003.12,Mutation NB - Maternal Origin,Transition - Purine/Purine,Unsolved
46334850,rs2040389,CC,GG,CC,76,73,0,NC_000003.12,Mutation NB - Maternal Origin,Transversion - Purine/Pyrimidine,G>C
47618683,rs870622,GT,TT,GG,61,67,0,NC_000003.12,Mutation NB - Maternal Origin,Transversion - Purine/Pyrimidine,T>G
48259682,rs9850672,CC,CC,CA,88,88,68,NC_000003.12,Mutation NB - Paternal or Maternal,Transversion - Purine/Pyrimidine,Unsolved
48631882,.,AA,AA,AT,91,85,52,NC_000003.12,Mutation NB - Maternal Origin,Transversion - Purine/Pyrimidine,Unsolved
49034471,.,TT,TT,TC,79,64,48,NC_000003.12,Mutation NB - Maternal Origin,Transition - Pyrimidine/Pyrimidine,Unsolved
49182704,rs7631586,AA,GG,GG,100,22,48,NC_000003.12,Mutation NB - Paternal Origin,Transition - Purine/Purine,A>G
49637709,rs1873626,TT,AA,TT,88,91,9,NC_000003.12,Mutation NB - Maternal Origin,Transversion - Purine/Pyrimidine,A>T
51856803,rs9856660,CC,CC,CT,100,70,99,NC_000003.12,Mutation NB - Maternal Origin,Transition - Pyrimidine/Pyrimidine,Unsolved
53086998,rs62255925,GG,GG,GA,73,79,99,NC_000003.12,Mutation NB - Paternal Origin,Transition - Purine/Purine,Unsolved
53259839,rs7637934,GG,GG,GT,67,100,53,NC_000003.12,Mutation NB - Paternal Origin,Transversion - Purine/Pyrimidine,Unsolved
54312566,rs73081608,AA,AA,GG,100,88,18,NC_000003.12,Mutation NB - Maternal Origin,Transition - Purine/Purine,Unsolved
54312620,.,AA,AA,AG,85,88,65,NC_000003.12,Mutation NB - Paternal Origin,Transition - Purine/Purine,Unsolved
57694381,rs4681744,TT,CC,TT,58,85,30,NC_000003.12,Mutation NB - Maternal Origin,Transition - Pyrimidine/Pyrimidine,C>T
58487298,.,CC,CC,CT,46,70,45,NC_000003.12,Mutation NB - Paternal Origin,Transition - Pyrimidine/Pyrimidine,Unsolved
61616818,rs9810357,AA,AA,AG,76,100,33,NC_000003.12,Mutation NB - Paternal Origin,Transition - Purine/Purine,Unsolved
62109725,rs35213231,AA,AG,GG,85,1,18,NC_000003.12,Mutation NB - Paternal Origin,Transition - Purine/Purine,A>G
62980041,.,TT,TT,TC,82,88,53,NC_000003.12,Mutation NB - Paternal Origin,Transition - Pyrimidine/Pyrimidine,Unsolved
65777655,rs534472893,AA,AA,AG,97,94,79,NC_000003.12,Mutation NB - Maternal Origin,Transition - Purine/Purine,Unsolved
65861184,rs2132254,TT,TT,CT,91,88,99,NC_000003.12,Mutation NB - Maternal Origin,Transition - Pyrimidine/Pyrimidine,Unsolved
67462942,rs190785033,AA,AA,AG,82,49,47,NC_000003.12,Mutation NB - Maternal Origin,Transition - Purine/Purine,Unsolved
70461785,.,AA,AA,AG,76,67,61,NC_000003.12,Mutation NB - Maternal Origin,Transition - Purine/Purine,Unsolved
72151299,rs141721633,CC,CA,AA,64,32,12,NC_000003.12,Mutation NB - Paternal Origin,Transversion - Purine/Pyrimidine,C>A
73338192,rs6796495,GG,GG,GA,91,100,30,NC_000003.12,Mutation NB - Paternal Origin,Transition - Purine/Purine,Unsolved
73474617,rs7626872,GG,GG,GC,88,100,27,NC_000003.12,Mutation NB - Paternal Origin,Transition - Purine/Purine,Transversion - Purine/Pyrimidine,Unsolved
73648739,rs9841045,CC,GC,GG,55,42,0,NC_000003.12,Mutation NB - Paternal Origin,Transversion - Purine/Pyrimidine,C>G
74125113,rs7631363,TT,CC,TT,76,79,12,NC_000003.12,Mutation NB - Maternal Origin,Transition - Pyrimidine/Pyrimidine,C>T
75771860,rs62268132,CC,CC,CT,100,85,99,NC_000003.12,Mutation NB - Maternal Origin,Transition - Pyrimidine/Pyrimidine,Unsolved
79393901,rs17396958,GG,AA,GG,91,88,12,NC_000003.12,Mutation NB - Maternal Origin,Transition - Purine/Purine,A>G
82505613,rs61620165,GG,GG,AA,100,85,12,NC_000003.12,Mutation NB - Maternal Origin,Transition - Purine/Purine,Unsolved
87381079,.,TT,TT,TC,58,55,48,NC_000003.12,Mutation NB - Maternal Origin,Transition - Pyrimidine/Pyrimidine,Unsolved
89057846,rs1546174,AA,CC,CC,91,91,15,NC_000003.12,Mutation NB - Paternal Origin,Transversion - Purine/Pyrimidine,A>C
90016641,rs939741,CC,CC,CT,73,100,50,NC_000003.12,Mutation NB - Paternal Origin,Transition - Pyrimidine/Pyrimidine,Unsolved
95135225,rs60658000,TT,TT,TG,64,91,62,NC_000003.12,Mutation NB - Paternal Origin,Transition - Pyrimidine/Pyrimidine,Transversion - Purine/Pyrimidine,Unsolved
97886833,rs831902,GG,AA,AA,82,100,0,NC_000003.12,Mutation NB - Paternal Origin,Transition - Purine/Purine,G>A
101186015,rs1848250,CT,TT,CC,29,91,9,NC_000003.12,Mutation NB - Maternal Origin,Transition - Pyrimidine/Pyrimidine,T>C
104281964,rs1174689028,AA,AA,AG,46,64,41,NC_000003.12,Mutation NB - Paternal Origin,Transition - Purine/Purine,Unsolved
105759951,rs6437612,CC,GG,CC,88,88,12,NC_000003.12,Mutation NB - Maternal Origin,Transversion - Purine/Pyrimidine,G>C
107513711,rs694995,AA,CC,AA,91,82,21,NC_000003.12,Mutation NB - Maternal Origin,Transversion - Purine/Pyrimidine,C>A
108370201,rs6437776,GG,TT,GG,85,100,9,NC_000003.12,Mutation NB - Maternal Origin,Transition - Purine/Purine,Transversion - Purine/Pyrimidine,T>G
114236418,rs6438190,GG,AA,AA,100,76,18,NC_000003.12,Mutation NB - Paternal Origin,Transition - Purine/Purine,G>A
118517335,rs148155823,CC,TT,CC,70,91,12,NC_000003.12,Mutation NB - Maternal Origin,Transition - Pyrimidine/Pyrimidine,T>C
118517348,rs142010049,CC,TT,CC,70,91,12,NC_000003.12,Mutation NB - Maternal Origin,Transition - Pyrimidine/Pyrimidine,T>C
123474423,rs73856630,TT,TT,TC,73,100,65,NC_000003.12,Mutation NB - Paternal Origin,Transition - Pyrimidine/Pyrimidine,Unsolved
125141190,rs1712458,GG,CC,CC,91,100,0,NC_000003.12,Mutation NB - Paternal Origin,Transversion - Purine/Pyrimidine,G>C
126256231,.,TT,TT,TC,73,40,57,NC_000003.12,Mutation NB - Maternal Origin,Transition - Pyrimidine/Pyrimidine,Unsolved
126572455,rs73195848,CC,CC,CA,100,64,99,NC_000003.12,Mutation NB - Maternal Origin,Transversion - Purine/Pyrimidine,Unsolved
127041026,rs11716117,GT,GG,TT,25,79,9,NC_000003.12,Mutation NB - Maternal Origin,Transversion - Purine/Pyrimidine,G>T
127221322,rs113823407,GG,GG,GA,79,100,30,NC_000003.12,Mutation NB - Paternal Origin,Transition - Purine/Purine,Unsolved
127486761,rs62264074,GG,GG,GA,100,70,99,NC_000003.12,Mutation NB - Maternal Origin,Transition - Purine/Purine,Unsolved
127486763,rs62264075,GG,GG,GC,100,70,99,NC_000003.12,Mutation NB - Maternal Origin,Transition - Purine/Purine,Transversion - Purine/Pyrimidine,Unsolved
128045606,.,AA,AA,AG,91,88,68,NC_000003.12,Mutation NB - Maternal Origin,Transition - Purine/Purine,Unsolved
128993369,.,TT,TT,TC,76,46,59,NC_000003.12,Mutation NB - Maternal Origin,Transition - Pyrimidine/Pyrimidine,Unsolved
130007492,rs7430594,TT,TT,TC,100,76,69,NC_000003.12,Mutation NB - Maternal Origin,Transition - Pyrimidine/Pyrimidine,Unsolved
132907381,rs1869149,CC,AA,AA,91,79,18,NC_000003.12,Mutation NB - Paternal Origin,Transversion - Purine/Pyrimidine,C>A
134067928,rs3924092,GC,GG,CC,32,88,9,NC_000003.12,Mutation NB - Maternal Origin,Transversion - Purine/Pyrimidine,G>C
134614319,rs13098546,CC,CC,CT,100,85,99,NC_000003.12,Mutation NB - Maternal Origin,Transition - Pyrimidine/Pyrimidine,Unsolved
134648460,.,AA,AA,AC,61,76,53,NC_000003.12,Mutation NB - Paternal Origin,Transversion - Purine/Pyrimidine,Unsolved
135381253,rs73227905,AA,AA,AC,100,85,68,NC_000003.12,Mutation NB - Maternal Origin,Transversion - Purine/Pyrimidine,Unsolved
135553832,rs1108147,GG,GA,AA,88,28,15,NC_000003.12,Mutation NB - Paternal Origin,Transition - Purine/Purine,G>A
141204512,rs12053839,CC,CC,CT,79,88,33,NC_000003.12,Mutation NB - Paternal Origin,Transition - Pyrimidine/Pyrimidine,Unsolved
141235968,rs12486678,GG,GA,AA,67,1,21,NC_000003.12,Mutation NB - Paternal Origin,Transition - Purine/Purine,G>A
141318667,.,CC,CC,CT,70,67,59,NC_000003.12,Mutation NB - Maternal Origin,Transition - Pyrimidine/Pyrimidine,Unsolved
143301427,rs6440162,TT,TC,CC,100,43,30,NC_000003.12,Mutation NB - Paternal Origin,Transition - Pyrimidine/Pyrimidine,T>C
143969047,rs2118071,TT,GG,GG,91,100,9,NC_000003.12,Mutation NB - Paternal Origin,Transversion - Purine/Pyrimidine,T>G
145516497,rs6440358,AG,GG,AA,1,88,0,NC_000003.12,Mutation NB - Maternal Origin,Transition - Purine/Purine,G>A
147873825,rs7624002,GG,AA,GG,88,73,9,NC_000003.12,Mutation NB - Maternal Origin,Transition - Purine/Purine,A>G
155072564,.,TT,TT,TC,79,76,62,NC_000003.12,Mutation NB - Maternal Origin,Transition - Pyrimidine/Pyrimidine,Unsolved
155635552,.,AA,AA,AG,82,79,56,NC_000003.12,Mutation NB - Maternal Origin,Transition - Purine/Purine,Unsolved
166977837,rs1608323,AA,AA,GA,85,67,99,NC_000003.12,Mutation NB - Maternal Origin,Transition - Purine/Purine,Unsolved
170975680,rs138200513,TT,TT,TA,100,79,99,NC_000003.12,Mutation NB - Maternal Origin,Transition - Pyrimidine/Pyrimidine,Transversion - Purine/Pyrimidine,Unsolved
172664370,rs4345096,TT,TT,TC,70,100,59,NC_000003.12,Mutation NB - Paternal Origin,Transition - Pyrimidine/Pyrimidine,Unsolved
172664389,rs4538403,GG,GG,GA,70,100,68,NC_000003.12,Mutation NB - Paternal Origin,Transition - Purine/Purine,Unsolved
173872305,rs1021302,TT,TC,CC,100,32,15,NC_000003.12,Mutation NB - Paternal Origin,Transition - Pyrimidine/Pyrimidine,T>C
174800204,rs9840559,TT,TT,CC,85,73,12,NC_000003.12,Mutation NB - Maternal Origin,Transition - Pyrimidine/Pyrimidine,Unsolved
174800243,rs9820862,GG,GG,AA,85,79,12,NC_000003.12,Mutation NB - Maternal Origin,Transition - Purine/Purine,Unsolved
176304847,rs951161,GG,AA,GG,100,85,15,NC_000003.12,Mutation NB - Maternal Origin,Transition - Purine/Purine,A>G
176304907,rs55994245,AA,GG,AA,88,85,15,NC_000003.12,Mutation NB - Maternal Origin,Transition - Purine/Purine,G>A
176870455,.,CC,CC,CT,82,79,41,NC_000003.12,Mutation NB - Maternal Origin,Transition - Pyrimidine/Pyrimidine,Unsolved
182643889,rs74901453,TT,TT,TG,88,91,62,NC_000003.12,Mutation NB - Paternal Origin,Transition - Pyrimidine/Pyrimidine,Transversion - Purine/Pyrimidine,Unsolved
183418976,.,AA,AA,AG,79,70,59,NC_000003.12,Mutation NB - Maternal Origin,Transition - Purine/Purine,Unsolved
188359402,.,AA,AA,AG,79,49,47,NC_000003.12,Mutation NB - Maternal Origin,Transition - Purine/Purine,Unsolved
191192697,rs7649883,AA,GG,AA,58,76,9,NC_000003.12,Mutation NB - Maternal Origin,Transition - Purine/Purine,G>A
192757816,rs1505448,CC,AA,AA,82,91,15,NC_000003.12,Mutation NB - Paternal Origin,Transversion - Purine/Pyrimidine,C>A
194001579,rs7643463,TT,TT,AA,100,88,9,NC_000003.12,Mutation NB - Maternal Origin,Transition - Purine/Purine,Transversion - Purine/Pyrimidine,Unsolved
194160019,rs9827508,AA,AA,AG,55,100,68,NC_000003.12,Mutation NB - Paternal Origin,Transition - Purine/Purine,Unsolved
194783604,.,AA,AA,AG,76,55,59,NC_000003.12,Mutation NB - Maternal Origin,Transition - Purine/Purine,Unsolved
196181456,rs4916481,CC,TT,TT,85,70,15,NC_000003.12,Mutation NB - Paternal Origin,Transition - Pyrimidine/Pyrimidine,C>T
196651147,rs1684440,AG,AA,GG,1,34,24,NC_000003.12,Mutation NB - Maternal Origin,Transition - Purine/Purine,A>G
774493,rs13127733,AA,GG,AA,58,64,0,NC_000004.12,Mutation NB - Maternal Origin,Transition - Purine/Purine,G>A
1231160,rs12643212,AA,GG,GG,82,91,12,NC_000004.12,Mutation NB - Paternal Origin,Transition - Purine/Purine,A>G
3041175,rs2471343,CC,CC,CA,100,76,65,NC_000004.12,Mutation NB - Maternal Origin,Transversion - Purine/Pyrimidine,Unsolved
3471339,rs10007119,GG,AG,AA,85,1,0,NC_000004.12,Mutation NB - Paternal Origin,Transition - Purine/Purine,G>A
3935565,rs28442056,CC,CC,CT,100,82,65,NC_000004.12,Mutation NB - Maternal Origin,Transition - Pyrimidine/Pyrimidine,Unsolved
4725496,rs10009773,AA,GG,GG,100,91,9,NC_000004.12,Mutation NB - Paternal Origin,Transition - Purine/Purine,A>G
5246624,rs28784937,AA,GG,AA,79,88,9,NC_000004.12,Mutation NB - Maternal Origin,Transition - Purine/Purine,G>A
5486147,.,TT,TT,TA,46,64,52,NC_000004.12,Mutation NB - Paternal Origin,Transition - Pyrimidine/Pyrimidine,Transversion - Purine/Pyrimidine,Unsolved
6030391,rs62284774,TC,TT,CC,47,100,12,NC_000004.12,Mutation NB - Maternal Origin,Transition - Pyrimidine/Pyrimidine,T>C
6292111,rs11729672,AA,GG,GG,100,91,9,NC_000004.12,Mutation NB - Paternal Origin,Transition - Purine/Purine,A>G
6426569,rs4689003,GG,AA,GG,85,88,0,NC_000004.12,Mutation NB - Maternal Origin,Transition - Purine/Purine,A>G
7511437,rs200903910,GG,GG,GA,100,100,30,NC_000004.12,Mutation NB - Paternal or Maternal,Transition - Purine/Purine,Unsolved
7613221,.,TT,TT,TC,73,61,43,NC_000004.12,Mutation NB - Maternal Origin,Transition - Pyrimidine/Pyrimidine,Unsolved
8104742,rs76819311,CC,CA,AA,64,1,9,NC_000004.12,Mutation NB - Paternal Origin,Transversion - Purine/Pyrimidine,C>A
8104793,rs75367265,CC,CA,AA,67,1,9,NC_000004.12,Mutation NB - Paternal Origin,Transversion - Purine/Pyrimidine,C>A
8470511,.,CC,CC,CA,82,64,56,NC_000004.12,Mutation NB - Maternal Origin,Transversion - Purine/Pyrimidine,Unsolved
10088554,rs4235349,CC,CC,TC,91,88,98,NC_000004.12,Mutation NB - Maternal Origin,Transition - Pyrimidine/Pyrimidine,Unsolved
10577287,rs17467609,CC,CC,CT,73,70,75,NC_000004.12,Mutation NB - Maternal Origin,Transition - Pyrimidine/Pyrimidine,Unsolved
15786061,rs6449186,CC,GG,GG,79,28,0,NC_000004.12,Mutation NB - Paternal Origin,Transversion - Purine/Pyrimidine,C>G
17029297,rs76048226,AT,AA,TT,70,85,9,NC_000004.12,Mutation NB - Maternal Origin,Transversion - Purine/Pyrimidine,A>T
17767218,rs13137449,CC,TT,TT,73,61,15,NC_000004.12,Mutation NB - Paternal Origin,Transition - Pyrimidine/Pyrimidine,C>T
18427182,.,AA,AA,AG,61,46,40,NC_000004.12,Mutation NB - Maternal Origin,Transition - Purine/Purine,Unsolved
18997328,.,AA,AA,AG,64,76,71,NC_000004.12,Mutation NB - Paternal Origin,Transition - Purine/Purine,Unsolved
22048143,rs34311342,GT,TT,GG,20,85,0,NC_000004.12,Mutation NB - Maternal Origin,Transversion - Purine/Pyrimidine,T>G
24449130,rs35616512,CT,CC,TT,1,88,18,NC_000004.12,Mutation NB - Maternal Origin,Transversion - Purine/Pyrimidine,C>T
26854933,rs4575981,GG,CG,CC,76,40,0,NC_000004.12,Mutation NB - Paternal Origin,Transversion - Purine/Pyrimidine,G>C
29929636,rs73211225,CC,CC,CT,100,76,30,NC_000004.12,Mutation NB - Maternal Origin,Transition - Pyrimidine/Pyrimidine,Unsolved
32605279,.,TT,TT,TA,73,82,39,NC_000004.12,Mutation NB - Paternal Origin,Transition - Pyrimidine/Pyrimidine,Transversion - Purine/Pyrimidine,Unsolved
35445584,rs4859299,CC,AA,AA,100,82,38,NC_000004.12,Mutation NB - Paternal Origin,Transversion - Purine/Pyrimidine,C>A
36439700,rs4382060,AA,AG,GG,79,1,9,NC_000004.12,Mutation NB - Paternal Origin,Transition - Purine/Purine,A>G
38188252,rs4832994,CC,TT,CC,88,88,9,NC_000004.12,Mutation NB - Maternal Origin,Transition - Pyrimidine/Pyrimidine,T>C
40508210,.,CC,CC,CT,70,67,49,NC_000004.12,Mutation NB - Maternal Origin,Transition - Pyrimidine/Pyrimidine,Unsolved
40641878,rs4861294,AA,CC,AA,88,82,0,NC_000004.12,Mutation NB - Maternal Origin,Transversion - Purine/Pyrimidine,C>A
41655766,rs7661703,TT,GG,TT,91,88,9,NC_000004.12,Mutation NB - Maternal Origin,Transversion - Purine/Pyrimidine,G>T
48805253,rs59628956,AA,GG,GG,40,52,0,NC_000004.12,Mutation NB - Paternal Origin,Transition - Purine/Purine,A>G
52231317,.,TT,TT,TC,82,43,50,NC_000004.12,Mutation NB - Maternal Origin,Transition - Pyrimidine/Pyrimidine,Unsolved
52273558,rs2128190,CT,TT,CC,28,82,0,NC_000004.12,Mutation NB - Maternal Origin,Transition - Pyrimidine/Pyrimidine,T>C
52273576,rs2128189,TC,CC,TT,28,82,0,NC_000004.12,Mutation NB - Maternal Origin,Transversion - Purine/Pyrimidine,C>T
53629585,rs2572292,GG,AA,GG,64,91,30,NC_000004.12,Mutation NB - Maternal Origin,Transition - Purine/Purine,A>G
55172130,rs13115127,AA,GA,GG,70,1,0,NC_000004.12,Mutation NB - Paternal Origin,Transition - Purine/Purine,A>G
57037316,rs35460070,CC,CT,TT,88,34,2,NC_000004.12,Mutation NB - Paternal Origin,Transition - Pyrimidine/Pyrimidine,C>T
58102879,rs2169055,AA,GG,AA,76,28,0,NC_000004.12,Mutation NB - Maternal Origin,Transition - Purine/Purine,G>A
59238488,rs995677,GG,GG,GC,61,100,55,NC_000004.12,Mutation NB - Paternal Origin,Transition - Purine/Purine,Transversion - Purine/Pyrimidine,Unsolved
68194824,rs28786837,CC,CT,TT,82,41,15,NC_000004.12,Mutation NB - Paternal Origin,Transition - Pyrimidine/Pyrimidine,C>T
76290711,rs56357209,CC,TC,TT,61,1,0,NC_000004.12,Mutation NB - Paternal Origin,Transition - Pyrimidine/Pyrimidine,C>T
76372421,rs72657826,GG,AA,GG,49,79,12,NC_000004.12,Mutation NB - Maternal Origin,Transition - Purine/Purine,A>G
77525990,rs7669299,AA,AG,GG,76,67,9,NC_000004.12,Mutation NB - Paternal Origin,Transition - Purine/Purine,A>G
78057258,rs28433362,TC,CC,TT,76,98,0,NC_000004.12,Mutation NB - Maternal Origin,Transversion - Purine/Pyrimidine,C>T
81676638,rs4074490,CC,CA,AA,49,1,15,NC_000004.12,Mutation NB - Paternal Origin,Transversion - Purine/Pyrimidine,C>A
83466108,rs1341105420,TT,TT,TC,46,64,65,NC_000004.12,Mutation NB - Paternal Origin,Transition - Pyrimidine/Pyrimidine,Unsolved
85553151,rs142760900,GG,GG,GA,55,100,99,NC_000004.12,Mutation NB - Paternal Origin,Transition - Purine/Purine,Unsolved
87559465,rs115111568,GG,GG,GA,67,100,68,NC_000004.12,Mutation NB - Paternal Origin,Transition - Purine/Purine,Unsolved
89837238,rs2301135,GC,GG,CC,38,88,18,NC_000004.12,Mutation NB - Maternal Origin,Transversion - Purine/Pyrimidine,G>C
91142010,rs35154648,TT,TT,TC,91,100,68,NC_000004.12,Mutation NB - Paternal Origin,Transition - Pyrimidine/Pyrimidine,Unsolved
92921881,rs116707781,CC,CC,CT,88,85,95,NC_000004.12,Mutation NB - Maternal Origin,Transition - Pyrimidine/Pyrimidine,Unsolved
95981693,rs12642049,CC,AA,CC,82,88,9,NC_000004.12,Mutation NB - Maternal Origin,Transversion - Purine/Pyrimidine,A>C
98125466,rs60411337,TC,CC,TT,60,91,0,NC_000004.12,Mutation NB - Maternal Origin,Transversion - Purine/Pyrimidine,C>T
98125467,rs60028147,GG,AA,GG,85,91,0,NC_000004.12,Mutation NB - Maternal Origin,Transition - Purine/Purine,A>G
103514716,rs96720,AA,GG,AA,76,100,9,NC_000004.12,Mutation NB - Maternal Origin,Transition - Purine/Purine,G>A
106091585,.,TT,TT,TA,88,88,68,NC_000004.12,Mutation NB - Paternal or Maternal,Transition - Pyrimidine/Pyrimidine,Transversion - Purine/Pyrimidine,Unsolved
109384040,rs1578710734,CC,CC,CT,55,43,98,NC_000004.12,Mutation NB - Maternal Origin,Transition - Pyrimidine/Pyrimidine,Unsolved
109609805,rs11098036,AA,AG,GG,100,1,9,NC_000004.12,Mutation NB - Paternal Origin,Transition - Purine/Purine,A>G
109796682,rs28829108,TT,TT,TC,91,100,72,NC_000004.12,Mutation NB - Paternal Origin,Transition - Pyrimidine/Pyrimidine,Unsolved
110743002,rs17042098,GG,AA,GG,91,91,0,NC_000004.12,Mutation NB - Maternal Origin,Transition - Purine/Purine,A>G
115365343,rs12506862,CT,CC,TT,76,100,9,NC_000004.12,Mutation NB - Maternal Origin,Transversion - Purine/Pyrimidine,C>T
116241990,.,AA,AA,AG,79,79,65,NC_000004.12,Mutation NB - Paternal or Maternal,Transition - Purine/Purine,Unsolved
118588460,rs10004322,CC,CC,CG,100,73,33,NC_000004.12,Mutation NB - Maternal Origin,Transversion - Purine/Pyrimidine,Unsolved
119174105,rs11098492,CC,AA,AA,100,73,27,NC_000004.12,Mutation NB - Paternal Origin,Transversion - Purine/Pyrimidine,C>A
120561944,rs4833170,AA,TT,AA,79,100,42,NC_000004.12,Mutation NB - Maternal Origin,Transversion - Purine/Pyrimidine,T>A
123113958,rs6831825,CC,CT,TT,100,2,30,NC_000004.12,Mutation NB - Paternal Origin,Transition - Pyrimidine/Pyrimidine,C>T
125372204,rs78512315,AA,AA,AG,85,100,68,NC_000004.12,Mutation NB - Paternal Origin,Transition - Purine/Purine,Unsolved
127271973,.,TT,TT,TG,61,43,62,NC_000004.12,Mutation NB - Maternal Origin,Transition - Pyrimidine/Pyrimidine,Transversion - Purine/Pyrimidine,Unsolved
128403420,rs72677872,AA,CC,AA,55,79,15,NC_000004.12,Mutation NB - Maternal Origin,Transversion - Purine/Pyrimidine,C>A
130350047,rs13103705,CC,AA,CC,100,88,0,NC_000004.12,Mutation NB - Maternal Origin,Transversion - Purine/Pyrimidine,A>C
133812953,rs11099260,GG,TT,GG,82,79,0,NC_000004.12,Mutation NB - Maternal Origin,Transition - Purine/Purine,Transversion - Purine/Pyrimidine,T>G
135585521,rs7662409,CC,CC,CG,79,100,99,NC_000004.12,Mutation NB - Paternal Origin,Transversion - Purine/Pyrimidine,Unsolved
142458978,rs74998851,GG,GA,AA,88,79,18,NC_000004.12,Mutation NB - Paternal Origin,Transition - Purine/Purine,G>A
143375687,rs11730569,CC,CT,TT,100,73,24,NC_000004.12,Mutation NB - Paternal Origin,Transition - Pyrimidine/Pyrimidine,C>T
152687628,rs6535861,GG,CG,CC,91,67,0,NC_000004.12,Mutation NB - Paternal Origin,Transversion - Purine/Pyrimidine,G>C
155581126,rs1905261,AA,CC,CC,91,88,21,NC_000004.12,Mutation NB - Paternal Origin,Transversion - Purine/Pyrimidine,A>C
159878289,rs13141466,GG,AA,AA,88,79,9,NC_000004.12,Mutation NB - Paternal Origin,Transition - Purine/Purine,G>A
161249111,.,AA,AA,AG,82,76,59,NC_000004.12,Mutation NB - Maternal Origin,Transition - Purine/Purine,Unsolved
161250282,.,TT,TT,TC,73,67,41,NC_000004.12,Mutation NB - Maternal Origin,Transition - Pyrimidine/Pyrimidine,Unsolved
162671061,rs195952,CC,AA,CC,73,70,0,NC_000004.12,Mutation NB - Maternal Origin,Transversion - Purine/Pyrimidine,A>C
165049745,rs1519011,AA,TT,AA,82,47,0,NC_000004.12,Mutation NB - Maternal Origin,Transversion - Purine/Pyrimidine,T>A
168397811,rs6845607,GG,AG,AA,73,1,0,NC_000004.12,Mutation NB - Paternal Origin,Transition - Purine/Purine,G>A
170040157,rs62344678,GG,AA,GG,64,64,0,NC_000004.12,Mutation NB - Maternal Origin,Transition - Purine/Purine,A>G
170127121,.,TT,TT,TC,73,73,50,NC_000004.12,Mutation NB - Paternal or Maternal,Transition - Pyrimidine/Pyrimidine,Unsolved
176350201,rs28890192,AA,AA,AG,100,52,99,NC_000004.12,Mutation NB - Maternal Origin,Transition - Purine/Purine,Unsolved
178321474,.,TT,TT,TC,52,64,44,NC_000004.12,Mutation NB - Paternal Origin,Transition - Pyrimidine/Pyrimidine,Unsolved
184070451,rs6846007,TT,CC,CC,88,67,0,NC_000004.12,Mutation NB - Paternal Origin,Transition - Pyrimidine/Pyrimidine,T>C
184198531,rs4862334,GG,AA,GG,73,100,36,NC_000004.12,Mutation NB - Maternal Origin,Transition - Purine/Purine,A>G
186843666,rs4861727,CC,CC,CT,76,82,56,NC_000004.12,Mutation NB - Paternal Origin,Transition - Pyrimidine/Pyrimidine,Unsolved
187704305,rs28602230,AA,GG,GG,73,76,0,NC_000004.12,Mutation NB - Paternal Origin,Transition - Purine/Purine,A>G
187704349,rs28472775,CC,TT,TT,76,76,0,NC_000004.12,Mutation NB - Paternal Origin,Transition - Pyrimidine/Pyrimidine,C>T
188734273,rs10017190,TT,GT,GG,82,1,0,NC_000004.12,Mutation NB - Paternal Origin,Transversion - Purine/Pyrimidine,T>G
242292,.,AA,AA,AG,70,64,44,NC_000005.10,Mutation NB - Maternal Origin,Transition - Purine/Purine,Unsolved
746675,rs28676771,CC,CC,CG,100,73,99,NC_000005.10,Mutation NB - Maternal Origin,Transversion - Purine/Pyrimidine,Unsolved
746687,rs11134215,GG,GG,GT,100,73,99,NC_000005.10,Mutation NB - Maternal Origin,Transversion - Purine/Pyrimidine,Unsolved
1220611,.,AA,AA,AG,61,40,53,NC_000005.10,Mutation NB - Maternal Origin,Transition - Purine/Purine,Unsolved
1687570,rs34311046,CC,TT,CC,55,79,12,NC_000005.10,Mutation NB - Maternal Origin,Transition - Pyrimidine/Pyrimidine,T>C
1687620,rs13171033,CC,TT,CC,55,82,12,NC_000005.10,Mutation NB - Maternal Origin,Transition - Pyrimidine/Pyrimidine,T>C
1765163,rs904756,GG,AA,AA,70,82,18,NC_000005.10,Mutation NB - Paternal Origin,Transition - Purine/Purine,G>A
1872480,rs263202,GG,AA,GG,82,100,9,NC_000005.10,Mutation NB - Maternal Origin,Transition - Purine/Purine,A>G
2620099,rs13436775,CC,CC,CT,79,100,99,NC_000005.10,Mutation NB - Paternal Origin,Transition - Pyrimidine/Pyrimidine,Unsolved
2715920,rs2935644,TG,GG,TT,44,91,21,NC_000005.10,Mutation NB - Maternal Origin,Transversion - Purine/Pyrimidine,G>T
3269872,rs10059704,AA,GG,AA,58,64,12,NC_000005.10,Mutation NB - Maternal Origin,Transition - Purine/Purine,G>A
4340980,rs261164,TT,CC,TT,58,67,15,NC_000005.10,Mutation NB - Maternal Origin,Transition - Pyrimidine/Pyrimidine,C>T
6669893,.,AA,AA,AG,34,46,47,NC_000005.10,Mutation NB - Paternal Origin,Transition - Purine/Purine,Unsolved
6726351,rs274709,TC,TT,CC,1,100,30,NC_000005.10,Mutation NB - Maternal Origin,Transition - Pyrimidine/Pyrimidine,T>C
6755206,rs274675,TT,CC,TT,91,85,15,NC_000005.10,Mutation NB - Maternal Origin,Transition - Pyrimidine/Pyrimidine,C>T
7488900,rs117729349,TT,CC,TT,82,91,12,NC_000005.10,Mutation NB - Maternal Origin,Transition - Pyrimidine/Pyrimidine,C>T
7912489,rs115995177,CC,CT,TT,82,28,5,NC_000005.10,Mutation NB - Paternal Origin,Transition - Pyrimidine/Pyrimidine,C>T
8037847,.,TT,TT,TC,55,46,50,NC_000005.10,Mutation NB - Maternal Origin,Transition - Pyrimidine/Pyrimidine,Unsolved
8272941,rs4702544,CC,TC,TT,55,11,0,NC_000005.10,Mutation NB - Paternal Origin,Transition - Pyrimidine/Pyrimidine,C>T
9190486,rs1806132,GG,AA,GG,76,73,0,NC_000005.10,Mutation NB - Maternal Origin,Transition - Purine/Purine,A>G
11559788,.,AA,AA,AG,67,58,47,NC_000005.10,Mutation NB - Maternal Origin,Transition - Purine/Purine,Unsolved
13996852,rs182896,AG,GG,AA,32,79,0,NC_000005.10,Mutation NB - Maternal Origin,Transition - Purine/Purine,G>A
14082577,rs377110,CC,CC,CG,82,100,75,NC_000005.10,Mutation NB - Paternal Origin,Transversion - Purine/Pyrimidine,Unsolved
14082602,rs35145484,AA,AA,AG,79,100,99,NC_000005.10,Mutation NB - Paternal Origin,Transition - Purine/Purine,Unsolved
14382566,rs30786,CC,TT,CC,76,88,0,NC_000005.10,Mutation NB - Maternal Origin,Transition - Pyrimidine/Pyrimidine,T>C
14382586,rs30787,AA,GG,AA,73,88,0,NC_000005.10,Mutation NB - Maternal Origin,Transition - Purine/Purine,G>A
15241337,rs2454882,GG,AA,GG,100,85,12,NC_000005.10,Mutation NB - Maternal Origin,Transition - Purine/Purine,A>G
15368765,.,TT,TT,TC,64,49,53,NC_000005.10,Mutation NB - Maternal Origin,Transition - Pyrimidine/Pyrimidine,Unsolved
15469424,rs77687469,TT,TC,CC,91,74,12,NC_000005.10,Mutation NB - Paternal Origin,Transition - Pyrimidine/Pyrimidine,T>C
17032611,.,TT,TT,TC,70,64,61,NC_000005.10,Mutation NB - Maternal Origin,Transition - Pyrimidine/Pyrimidine,Unsolved
18216378,rs3931152,CC,CT,TT,88,1,27,NC_000005.10,Mutation NB - Paternal Origin,Transition - Pyrimidine/Pyrimidine,C>T
22969426,rs570024508,TT,TT,TC,88,88,68,NC_000005.10,Mutation NB - Paternal or Maternal,Transition - Pyrimidine/Pyrimidine,Unsolved
23218018,rs10473630,GG,GA,AA,100,32,15,NC_000005.10,Mutation NB - Paternal Origin,Transition - Purine/Purine,G>A
26831971,rs818733,TT,TT,TG,91,100,99,NC_000005.10,Mutation NB - Paternal Origin,Transition - Pyrimidine/Pyrimidine,Transversion - Purine/Pyrimidine,Unsolved
27080105,rs112350363,TA,TT,AA,1,79,15,NC_000005.10,Mutation NB - Maternal Origin,Transversion - Purine/Pyrimidine,T>A
27610996,rs9686738,AA,GG,GG,91,91,9,NC_000005.10,Mutation NB - Paternal Origin,Transition - Purine/Purine,A>G
29295680,rs142144379,TT,TT,TC,82,100,24,NC_000005.10,Mutation NB - Paternal Origin,Transition - Pyrimidine/Pyrimidine,Unsolved
29480454,rs629628,CC,TT,TT,82,91,0,NC_000005.10,Mutation NB - Paternal Origin,Transition - Pyrimidine/Pyrimidine,C>T
31778532,rs7715159,CC,CT,TT,58,4,18,NC_000005.10,Mutation NB - Paternal Origin,Transition - Pyrimidine/Pyrimidine,C>T
35538488,.,CC,CC,CT,73,88,59,NC_000005.10,Mutation NB - Paternal Origin,Transition - Pyrimidine/Pyrimidine,Unsolved
35883655,rs2194226,AA,CC,CC,76,100,21,NC_000005.10,Mutation NB - Paternal Origin,Transversion - Purine/Pyrimidine,A>C
39598983,.,TT,TT,TC,76,67,53,NC_000005.10,Mutation NB - Maternal Origin,Transition - Pyrimidine/Pyrimidine,Unsolved
40364441,.,AA,AA,AG,43,61,53,NC_000005.10,Mutation NB - Paternal Origin,Transition - Purine/Purine,Unsolved
53047526,rs3212476,CC,GG,CC,91,82,0,NC_000005.10,Mutation NB - Maternal Origin,Transversion - Purine/Pyrimidine,G>C
55356391,rs12652266,CC,TT,TT,79,79,24,NC_000005.10,Mutation NB - Paternal Origin,Transition - Pyrimidine/Pyrimidine,C>T
60077599,rs34952372,AA,GG,GG,85,94,6,NC_000005.10,Mutation NB - Paternal Origin,Transition - Purine/Purine,A>G
60715695,rs1816863,CC,CC,CT,100,100,71,NC_000005.10,Mutation NB - Paternal or Maternal,Transition - Pyrimidine/Pyrimidine,Unsolved
61672648,rs36049,GG,AA,GG,91,100,9,NC_000005.10,Mutation NB - Maternal Origin,Transition - Purine/Purine,A>G
68565721,.,CC,CC,CG,49,49,99,NC_000005.10,Mutation NB - Paternal or Maternal,Transversion - Purine/Pyrimidine,Unsolved
72171505,rs3098379,AA,AA,AG,58,100,99,NC_000005.10,Mutation NB - Paternal Origin,Transition - Purine/Purine,Unsolved
73199288,rs10056798,CC,TT,TT,61,52,0,NC_000005.10,Mutation NB - Paternal Origin,Transition - Pyrimidine/Pyrimidine,C>T
73311571,rs12517173,CC,GG,CC,70,76,9,NC_000005.10,Mutation NB - Maternal Origin,Transversion - Purine/Pyrimidine,G>C
74222415,.,TT,TT,TC,73,91,68,NC_000005.10,Mutation NB - Paternal Origin,Transition - Pyrimidine/Pyrimidine,Unsolved
75865047,.,GG,GG,GA,64,10,42,NC_000005.10,Mutation NB - Maternal Origin,Transition - Purine/Purine,Unsolved
76914635,rs141082475,CC,CC,CA,85,82,95,NC_000005.10,Mutation NB - Maternal Origin,Transversion - Purine/Pyrimidine,Unsolved
78488660,.,CC,CC,CT,64,52,56,NC_000005.10,Mutation NB - Maternal Origin,Transition - Pyrimidine/Pyrimidine,Unsolved
80310140,rs4478300,AA,AA,AG,100,100,99,NC_000005.10,Mutation NB - Paternal or Maternal,Transition - Purine/Purine,Unsolved
81931103,rs72774990,GG,TG,TT,85,35,0,NC_000005.10,Mutation NB - Paternal Origin,Transversion - Purine/Pyrimidine,G>T
85588646,rs2217338,GG,GG,GA,91,100,68,NC_000005.10,Mutation NB - Paternal Origin,Transition - Purine/Purine,Unsolved
93953421,.,TT,TT,TC,91,91,72,NC_000005.10,Mutation NB - Paternal or Maternal,Transition - Pyrimidine/Pyrimidine,Unsolved
94661058,rs2132548,TT,GG,GG,100,73,42,NC_000005.10,Mutation NB - Paternal Origin,Transversion - Purine/Pyrimidine,T>G
96418235,.,AA,AA,AG,52,67,44,NC_000005.10,Mutation NB - Paternal Origin,Transition - Purine/Purine,Unsolved
98114217,rs7443143,CC,TT,CC,79,82,12,NC_000005.10,Mutation NB - Maternal Origin,Transition - Pyrimidine/Pyrimidine,T>C
99643293,rs6863168,TT,AA,AA,100,91,12,NC_000005.10,Mutation NB - Paternal Origin,Transversion - Purine/Pyrimidine,T>A
104930040,.,AA,AA,AG,85,73,47,NC_000005.10,Mutation NB - Maternal Origin,Transition - Purine/Purine,Unsolved
109245317,rs17473831,GG,GG,GT,100,91,99,NC_000005.10,Mutation NB - Maternal Origin,Transversion - Purine/Pyrimidine,Unsolved
113460901,rs17389165,CC,CC,CA,91,91,71,NC_000005.10,Mutation NB - Paternal or Maternal,Transversion - Purine/Pyrimidine,Unsolved
116063971,rs13187070,TT,CC,TT,91,100,15,NC_000005.10,Mutation NB - Maternal Origin,Transition - Pyrimidine/Pyrimidine,C>T
120351937,rs12658673,GG,AA,AA,82,76,15,NC_000005.10,Mutation NB - Paternal Origin,Transition - Purine/Purine,G>A
121283074,rs1833647,CC,GG,GG,76,70,9,NC_000005.10,Mutation NB - Paternal Origin,Transversion - Purine/Pyrimidine,C>G
122766432,.,GG,GG,GA,82,64,53,NC_000005.10,Mutation NB - Maternal Origin,Transition - Purine/Purine,Unsolved
125225801,rs7706713,CG,GG,CC,1,76,18,NC_000005.10,Mutation NB - Maternal Origin,Transversion - Purine/Pyrimidine,G>C
125225846,rs7707021,GC,CC,GG,1,76,18,NC_000005.10,Mutation NB - Maternal Origin,Transversion - Purine/Pyrimidine,C>G
126777769,rs1180695150,CC,CC,CT,73,91,56,NC_000005.10,Mutation NB - Paternal Origin,Transition - Pyrimidine/Pyrimidine,Unsolved
129904539,rs33918,CC,TT,TT,88,79,12,NC_000005.10,Mutation NB - Paternal Origin,Transition - Pyrimidine/Pyrimidine,C>T
132271443,.,GG,GG,GA,67,82,50,NC_000005.10,Mutation NB - Paternal Origin,Transition - Purine/Purine,Unsolved
134519189,.,TT,TT,TC,85,67,65,NC_000005.10,Mutation NB - Maternal Origin,Transition - Pyrimidine/Pyrimidine,Unsolved
135700980,rs12186792,AA,AA,AG,100,91,40,NC_000005.10,Mutation NB - Maternal Origin,Transition - Purine/Purine,Unsolved
137563974,rs10066925,AA,AA,AG,100,79,99,NC_000005.10,Mutation NB - Maternal Origin,Transition - Purine/Purine,Unsolved
138641420,rs17657378,TT,TC,CC,100,63,24,NC_000005.10,Mutation NB - Paternal Origin,Transition - Pyrimidine/Pyrimidine,T>C
139659402,.,GG,GG,GA,88,91,65,NC_000005.10,Mutation NB - Paternal Origin,Transition - Purine/Purine,Unsolved
141441762,rs3805697,CC,CC,CT,85,100,56,NC_000005.10,Mutation NB - Paternal Origin,Transition - Pyrimidine/Pyrimidine,Unsolved
141701528,rs349129,GG,GG,GT,91,73,61,NC_000005.10,Mutation NB - Maternal Origin,Transversion - Purine/Pyrimidine,Unsolved
142012222,rs77170450,AA,CC,AA,82,91,27,NC_000005.10,Mutation NB - Maternal Origin,Transversion - Purine/Pyrimidine,C>A
142338693,rs11167774,GG,GG,TT,100,100,12,NC_000005.10,Mutation NB - Paternal or Maternal,Transversion - Purine/Pyrimidine,Unsolved
145488306,.,GG,GG,GA,64,43,57,NC_000005.10,Mutation NB - Maternal Origin,Transition - Purine/Purine,Unsolved
149614039,rs965876,CC,CC,CT,100,100,68,NC_000005.10,Mutation NB - Paternal or Maternal,Transition - Pyrimidine/Pyrimidine,Unsolved
150068864,rs216151,TT,CC,CC,100,55,36,NC_000005.10,Mutation NB - Paternal Origin,Transition - Pyrimidine/Pyrimidine,T>C
151169488,rs77784225,GG,GG,GT,100,79,66,NC_000005.10,Mutation NB - Maternal Origin,Transversion - Purine/Pyrimidine,Unsolved
151662989,rs1054204,CG,GG,CC,2,79,0,NC_000005.10,Mutation NB - Maternal Origin,Transversion - Purine/Pyrimidine,G>C
151667367,rs729853,CC,TT,TT,85,61,27,NC_000005.10,Mutation NB - Paternal Origin,Transition - Pyrimidine/Pyrimidine,C>T
152444566,rs10515670,CC,AA,CC,73,61,0,NC_000005.10,Mutation NB - Maternal Origin,Transversion - Purine/Pyrimidine,A>C
156543901,rs253593,GG,CC,GG,67,100,42,NC_000005.10,Mutation NB - Maternal Origin,Transversion - Purine/Pyrimidine,C>G
157362763,rs7714183,TC,TT,CC,1,100,9,NC_000005.10,Mutation NB - Maternal Origin,Transition - Pyrimidine/Pyrimidine,T>C
165108706,rs12054850,AG,GG,AA,34,91,36,NC_000005.10,Mutation NB - Maternal Origin,Transition - Purine/Purine,G>A
165575329,rs4421124,AA,AA,AG,91,91,99,NC_000005.10,Mutation NB - Paternal or Maternal,Transition - Purine/Purine,Unsolved
165589201,.,CC,CC,CT,91,85,53,NC_000005.10,Mutation NB - Maternal Origin,Transition - Pyrimidine/Pyrimidine,Unsolved
166688172,rs9284972,TC,CC,TT,2,43,0,NC_000005.10,Mutation NB - Maternal Origin,Transversion - Purine/Pyrimidine,C>T
168676996,rs13182812,AA,GG,GG,64,79,12,NC_000005.10,Mutation NB - Paternal Origin,Transition - Purine/Purine,A>G
169155580,.,TT,TT,TC,88,85,66,NC_000005.10,Mutation NB - Maternal Origin,Transition - Pyrimidine/Pyrimidine,Unsolved
169935133,.,AA,AA,AT,76,64,50,NC_000005.10,Mutation NB - Maternal Origin,Transversion - Purine/Pyrimidine,Unsolved
170045989,rs10060018,CC,CC,CG,100,85,29,NC_000005.10,Mutation NB - Maternal Origin,Transversion - Purine/Pyrimidine,Unsolved
170921938,.,TT,TT,TC,79,82,57,NC_000005.10,Mutation NB - Paternal Origin,Transition - Pyrimidine/Pyrimidine,Unsolved
171971932,rs10041709,TT,CC,TT,85,100,15,NC_000005.10,Mutation NB - Maternal Origin,Transition - Pyrimidine/Pyrimidine,C>T
173301797,rs6881887,TT,CC,TT,70,100,9,NC_000005.10,Mutation NB - Maternal Origin,Transition - Pyrimidine/Pyrimidine,C>T
174213706,rs1864926,TC,CC,TT,1,67,0,NC_000005.10,Mutation NB - Maternal Origin,Transversion - Purine/Pyrimidine,C>T
175893923,rs6898980,GG,AG,AA,70,1,0,NC_000005.10,Mutation NB - Paternal Origin,Transition - Purine/Purine,G>A
176187166,.,AA,AA,AG,82,85,61,NC_000005.10,Mutation NB - Paternal Origin,Transition - Purine/Purine,Unsolved
176721464,rs11741850,AA,TT,TT,91,85,21,NC_000005.10,Mutation NB - Paternal Origin,Transversion - Purine/Pyrimidine,A>T
178770974,rs10059457,CC,TC,TT,85,38,0,NC_000005.10,Mutation NB - Paternal Origin,Transition - Pyrimidine/Pyrimidine,C>T
178796039,rs61469010,GG,GG,GT,91,100,30,NC_000005.10,Mutation NB - Paternal Origin,Transversion - Purine/Pyrimidine,Unsolved
180179121,.,TT,TT,TC,91,91,65,NC_000005.10,Mutation NB - Paternal or Maternal,Transition - Pyrimidine/Pyrimidine,Unsolved
180774260,.,AA,AA,AG,61,46,44,NC_000005.10,Mutation NB - Maternal Origin,Transition - Purine/Purine,Unsolved
426198,rs9378816,GC,CC,GG,32,73,9,NC_000006.12,Mutation NB - Maternal Origin,Transversion - Purine/Pyrimidine,C>G
907460,rs1414782,AA,GG,GG,88,97,3,NC_000006.12,Mutation NB - Paternal Origin,Transition - Purine/Purine,A>G
2939832,rs115147589,TT,CC,CC,70,76,0,NC_000006.12,Mutation NB - Paternal Origin,Transition - Pyrimidine/Pyrimidine,T>C
3391967,.,CC,CC,CT,79,79,71,NC_000006.12,Mutation NB - Paternal or Maternal,Transition - Pyrimidine/Pyrimidine,Unsolved
3488391,rs7763703,AA,GG,AA,79,79,36,NC_000006.12,Mutation NB - Maternal Origin,Transition - Purine/Purine,G>A
3719752,rs58934472,TT,TT,CT,85,82,95,NC_000006.12,Mutation NB - Maternal Origin,Transition - Pyrimidine/Pyrimidine,Unsolved
5108731,rs467373,AG,AA,GG,32,100,33,NC_000006.12,Mutation NB - Maternal Origin,Transition - Purine/Purine,A>G
6086618,rs74979706,AA,CC,CC,73,64,9,NC_000006.12,Mutation NB - Paternal Origin,Transversion - Purine/Pyrimidine,A>C
7127843,rs687467,GG,AA,GG,79,88,15,NC_000006.12,Mutation NB - Maternal Origin,Transition - Purine/Purine,A>G
9139420,rs767022,CC,TT,TT,85,88,0,NC_000006.12,Mutation NB - Paternal Origin,Transition - Pyrimidine/Pyrimidine,C>T
10172780,rs9465400,TT,CC,CC,88,73,30,NC_000006.12,Mutation NB - Paternal Origin,Transition - Pyrimidine/Pyrimidine,T>C
10387562,.,TT,TT,TC,25,58,59,NC_000006.12,Mutation NB - Paternal Origin,Transition - Pyrimidine/Pyrimidine,Unsolved
10855474,.,GG,GG,GA,79,79,52,NC_000006.12,Mutation NB - Paternal or Maternal,Transition - Purine/Purine,Unsolved
11288154,rs183222516,AA,AA,GG,49,100,12,NC_000006.12,Mutation NB - Paternal Origin,Transition - Purine/Purine,Unsolved
12343729,rs10947954,TG,TT,GG,67,100,18,NC_000006.12,Mutation NB - Maternal Origin,Transversion - Purine/Pyrimidine,T>G
13871913,rs1008176080,TT,CC,TT,85,91,9,NC_000006.12,Mutation NB - Maternal Origin,Transition - Pyrimidine/Pyrimidine,C>T
14316678,rs62393370,AA,GG,GG,61,61,0,NC_000006.12,Mutation NB - Paternal Origin,Transition - Purine/Purine,A>G
18021309,rs4716207,CC,TT,CC,88,91,18,NC_000006.12,Mutation NB - Maternal Origin,Transition - Pyrimidine/Pyrimidine,T>C
19482539,rs6935645,AA,AA,AG,88,100,99,NC_000006.12,Mutation NB - Paternal Origin,Transition - Purine/Purine,Unsolved
24538911,rs1091031,GG,GG,GA,85,100,65,NC_000006.12,Mutation NB - Paternal Origin,Transition - Purine/Purine,Unsolved
33497705,rs9394152,CC,CC,CT,100,70,99,NC_000006.12,Mutation NB - Maternal Origin,Transition - Pyrimidine/Pyrimidine,Unsolved
33513427,rs210192,GG,GG,AG,85,94,56,NC_000006.12,Mutation NB - Paternal Origin,Transition - Purine/Purine,Unsolved
33826865,rs9461912,GG,GG,GA,100,85,99,NC_000006.12,Mutation NB - Maternal Origin,Transition - Purine/Purine,Unsolved
33989357,rs2495988,GG,GG,GA,64,100,54,NC_000006.12,Mutation NB - Paternal Origin,Transition - Purine/Purine,Unsolved
34834001,rs13210470,CC,CC,CT,100,73,33,NC_000006.12,Mutation NB - Maternal Origin,Transition - Pyrimidine/Pyrimidine,Unsolved
35522077,rs749522,GG,GG,AG,91,88,72,NC_000006.12,Mutation NB - Maternal Origin,Transition - Purine/Purine,Unsolved
37294288,rs195762,CC,TC,TT,91,73,18,NC_000006.12,Mutation NB - Paternal Origin,Transition - Pyrimidine/Pyrimidine,C>T
38345537,rs6917308,CC,CC,CT,100,64,99,NC_000006.12,Mutation NB - Maternal Origin,Transition - Pyrimidine/Pyrimidine,Unsolved
38439929,rs969365516,TT,TT,TC,70,52,47,NC_000006.12,Mutation NB - Maternal Origin,Transition - Pyrimidine/Pyrimidine,Unsolved
39317398,.,TT,TT,TC,52,31,39,NC_000006.12,Mutation NB - Maternal Origin,Transition - Pyrimidine/Pyrimidine,Unsolved
40661654,rs73734830,GG,GA,AA,61,1,15,NC_000006.12,Mutation NB - Paternal Origin,Transition - Purine/Purine,G>A
41028642,rs742492,GG,AA,AA,88,76,9,NC_000006.12,Mutation NB - Paternal Origin,Transition - Purine/Purine,G>A
41047266,.,TT,TT,TC,70,79,53,NC_000006.12,Mutation NB - Paternal Origin,Transition - Pyrimidine/Pyrimidine,Unsolved
41203955,.,GG,GG,GA,67,91,61,NC_000006.12,Mutation NB - Paternal Origin,Transition - Purine/Purine,Unsolved
41552715,rs7764894,GG,GG,AA,100,91,12,NC_000006.12,Mutation NB - Maternal Origin,Transition - Purine/Purine,Unsolved
41642474,rs2268409,AA,TT,TT,85,85,0,NC_000006.12,Mutation NB - Paternal Origin,Transversion - Purine/Pyrimidine,A>T
42010536,rs4607417,CC,CT,TT,100,32,18,NC_000006.12,Mutation NB - Paternal Origin,Transition - Pyrimidine/Pyrimidine,C>T
42890786,rs61732354,CC,CC,CT,100,88,68,NC_000006.12,Mutation NB - Maternal Origin,Transition - Pyrimidine/Pyrimidine,Unsolved
43121691,rs3805931,CC,CT,TT,58,1,39,NC_000006.12,Mutation NB - Paternal Origin,Transition - Pyrimidine/Pyrimidine,C>T
43932661,rs142693038,AA,AT,TT,70,25,21,NC_000006.12,Mutation NB - Paternal Origin,Transversion - Purine/Pyrimidine,A>T
43954866,rs73422214,AA,GG,AA,91,85,0,NC_000006.12,Mutation NB - Maternal Origin,Transition - Purine/Purine,G>A
44313075,rs167772,TT,CT,CC,88,79,0,NC_000006.12,Mutation NB - Paternal Origin,Transition - Pyrimidine/Pyrimidine,T>C
44363411,rs974126114,CC,CC,CG,82,100,99,NC_000006.12,Mutation NB - Paternal Origin,Transversion - Purine/Pyrimidine,Unsolved
45633733,rs7746733,GG,GG,GA,76,100,99,NC_000006.12,Mutation NB - Paternal Origin,Transition - Purine/Purine,Unsolved
45991152,.,AA,AA,AG,55,77,61,NC_000006.12,Mutation NB - Paternal Origin,Transition - Purine/Purine,Unsolved
46284726,rs9349353,TT,CC,CC,73,64,24,NC_000006.12,Mutation NB - Paternal Origin,Transition - Pyrimidine/Pyrimidine,T>C
46815491,rs1854431,AG,GG,AA,1,64,14,NC_000006.12,Mutation NB - Maternal Origin,Transition - Purine/Purine,G>A
46815509,rs1328964,GA,AA,GG,1,64,0,NC_000006.12,Mutation NB - Maternal Origin,Transition - Purine/Purine,A>G
46900309,rs220701,AA,GG,GG,70,79,0,NC_000006.12,Mutation NB - Paternal Origin,Transition - Purine/Purine,A>G
47135176,rs1622293,CC,AC,AA,82,12,0,NC_000006.12,Mutation NB - Paternal Origin,Transversion - Purine/Pyrimidine,C>A
53011879,rs1764592953,AA,AA,AG,91,61,68,NC_000006.12,Mutation NB - Maternal Origin,Transition - Purine/Purine,Unsolved
53352487,rs138930033,TT,CC,CC,85,91,24,NC_000006.12,Mutation NB - Paternal Origin,Transition - Pyrimidine/Pyrimidine,T>C
57288281,.,AA,AA,AG,55,37,65,NC_000006.12,Mutation NB - Maternal Origin,Transition - Purine/Purine,Unsolved
64114860,rs116468669,AA,TT,AA,82,88,0,NC_000006.12,Mutation NB - Maternal Origin,Transversion - Purine/Pyrimidine,T>A
64114874,rs76390632,CC,TT,CC,82,88,0,NC_000006.12,Mutation NB - Maternal Origin,Transition - Pyrimidine/Pyrimidine,T>C
67069181,rs2503935,GG,AA,GG,85,82,0,NC_000006.12,Mutation NB - Maternal Origin,Transition - Purine/Purine,A>G
68883404,rs507388,CC,TC,TT,76,32,15,NC_000006.12,Mutation NB - Paternal Origin,Transition - Pyrimidine/Pyrimidine,C>T
69112694,rs314194,GG,AA,AA,88,88,18,NC_000006.12,Mutation NB - Paternal Origin,Transition - Purine/Purine,G>A
78643748,rs7740665,CC,CC,TT,100,91,12,NC_000006.12,Mutation NB - Maternal Origin,Transition - Pyrimidine/Pyrimidine,Unsolved
78720835,rs13198615,AA,AG,GG,100,27,21,NC_000006.12,Mutation NB - Paternal Origin,Transition - Purine/Purine,A>G
84118279,rs9444139,CC,TT,CC,73,43,0,NC_000006.12,Mutation NB - Maternal Origin,Transition - Pyrimidine/Pyrimidine,T>C
87916999,rs920921835,TT,TT,TC,37,100,92,NC_000006.12,Mutation NB - Paternal Origin,Transition - Pyrimidine/Pyrimidine,Unsolved
89783164,rs9353697,TT,AA,AA,82,76,9,NC_000006.12,Mutation NB - Paternal Origin,Transversion - Purine/Pyrimidine,T>A
89978459,rs139902047,TT,CC,TT,88,91,0,NC_000006.12,Mutation NB - Maternal Origin,Transition - Pyrimidine/Pyrimidine,C>T
92770137,.,GG,GG,GA,91,85,62,NC_000006.12,Mutation NB - Maternal Origin,Transition - Purine/Purine,Unsolved
96768660,rs1206063,CC,TT,TT,73,79,0,NC_000006.12,Mutation NB - Paternal Origin,Transition - Pyrimidine/Pyrimidine,C>T
98133282,rs62422665,AA,GG,GG,79,91,0,NC_000006.12,Mutation NB - Paternal Origin,Transition - Purine/Purine,A>G
99338550,rs7741230,GG,AA,AA,91,91,15,NC_000006.12,Mutation NB - Paternal Origin,Transition - Purine/Purine,G>A
101793532,rs9390783,TT,TT,TA,91,61,80,NC_000006.12,Mutation NB - Maternal Origin,Transition - Pyrimidine/Pyrimidine,Transversion - Purine/Pyrimidine,Unsolved
101942948,rs117485251,GA,GG,AA,35,70,15,NC_000006.12,Mutation NB - Maternal Origin,Transition - Purine/Purine,G>A
104251915,rs11156377,GG,GG,GA,88,100,30,NC_000006.12,Mutation NB - Paternal Origin,Transition - Purine/Purine,Unsolved
106766851,rs1342181209,CC,CC,CA,100,64,68,NC_000006.12,Mutation NB - Maternal Origin,Transversion - Purine/Pyrimidine,Unsolved
109713636,rs6917300,TT,TT,CT,55,64,55,NC_000006.12,Mutation NB - Paternal Origin,Transition - Pyrimidine/Pyrimidine,Unsolved
112170344,.,TT,TT,TC,85,79,89,NC_000006.12,Mutation NB - Maternal Origin,Transition - Pyrimidine/Pyrimidine,Unsolved
113102719,rs2347733,AA,GG,AA,76,100,18,NC_000006.12,Mutation NB - Maternal Origin,Transition - Purine/Purine,G>A
118031469,rs9387543,GG,GG,GA,79,100,71,NC_000006.12,Mutation NB - Paternal Origin,Transition - Purine/Purine,Unsolved
118228709,.,AA,AA,AG,64,84,33,NC_000006.12,Mutation NB - Paternal Origin,Transition - Purine/Purine,Unsolved
119441392,rs11153823,TT,CC,CC,85,64,15,NC_000006.12,Mutation NB - Paternal Origin,Transition - Pyrimidine/Pyrimidine,T>C
125126231,.,AA,AA,AG,85,61,55,NC_000006.12,Mutation NB - Maternal Origin,Transition - Purine/Purine,Unsolved
126733290,rs1262556,CC,GG,GG,91,85,0,NC_000006.12,Mutation NB - Paternal Origin,Transversion - Purine/Pyrimidine,C>G
129773253,rs2326864,TT,CC,CC,88,85,0,NC_000006.12,Mutation NB - Paternal Origin,Transition - Pyrimidine/Pyrimidine,T>C
129773284,rs2326865,GG,CC,CC,88,85,0,NC_000006.12,Mutation NB - Paternal Origin,Transversion - Purine/Pyrimidine,G>C
129773297,rs2326866,TT,CC,CC,88,85,0,NC_000006.12,Mutation NB - Paternal Origin,Transition - Pyrimidine/Pyrimidine,T>C
129774750,rs7768818,GG,CC,CC,85,82,0,NC_000006.12,Mutation NB - Paternal Origin,Transversion - Purine/Pyrimidine,G>C
130470842,.,AA,AA,AG,64,73,51,NC_000006.12,Mutation NB - Paternal Origin,Transition - Purine/Purine,Unsolved
131087129,rs35890732,CT,CC,TT,28,100,12,NC_000006.12,Mutation NB - Maternal Origin,Transversion - Purine/Pyrimidine,C>T
134939487,.,TT,TT,TG,70,34,55,NC_000006.12,Mutation NB - Maternal Origin,Transition - Pyrimidine/Pyrimidine,Transversion - Purine/Pyrimidine,Unsolved
135602987,.,TT,TT,TC,76,70,56,NC_000006.12,Mutation NB - Maternal Origin,Transition - Pyrimidine/Pyrimidine,Unsolved
138535720,.,GG,GG,GA,55,61,46,NC_000006.12,Mutation NB - Paternal Origin,Transition - Purine/Purine,Unsolved
138783362,rs185939174,GG,GG,GA,100,85,99,NC_000006.12,Mutation NB - Maternal Origin,Transition - Purine/Purine,Unsolved
139697987,rs9403108,CG,GG,CC,1,73,0,NC_000006.12,Mutation NB - Maternal Origin,Transversion - Purine/Pyrimidine,G>C
142796637,rs552928,AA,GG,AA,85,88,0,NC_000006.12,Mutation NB - Maternal Origin,Transition - Purine/Purine,G>A
149088665,.,CC,CC,CA,70,64,58,NC_000006.12,Mutation NB - Maternal Origin,Transversion - Purine/Pyrimidine,Unsolved
150296461,rs73779940,GG,GG,GA,92,40,95,NC_000006.12,Mutation NB - Maternal Origin,Transition - Purine/Purine,Unsolved
150357330,rs594108,AA,AA,TA,67,85,18,NC_000006.12,Mutation NB - Paternal Origin,Transversion - Purine/Pyrimidine,Unsolved
151332090,rs3002632,TT,GG,TT,85,58,4,NC_000006.12,Mutation NB - Maternal Origin,Transversion - Purine/Pyrimidine,G>T
152970221,rs9397574,AA,TT,AA,85,88,9,NC_000006.12,Mutation NB - Maternal Origin,Transversion - Purine/Pyrimidine,T>A
153133912,rs7453823,CC,CG,GG,76,26,12,NC_000006.12,Mutation NB - Paternal Origin,Transversion - Purine/Pyrimidine,C>G
154923658,rs2038475,CC,TT,TT,52,40,21,NC_000006.12,Mutation NB - Paternal Origin,Transition - Pyrimidine/Pyrimidine,C>T
154980631,rs111635854,CC,CC,CT,100,82,72,NC_000006.12,Mutation NB - Maternal Origin,Transition - Pyrimidine/Pyrimidine,Unsolved
155212999,rs10457911,GA,GG,AA,5,73,15,NC_000006.12,Mutation NB - Maternal Origin,Transition - Purine/Purine,G>A
157242815,rs1777098009,AA,AA,AG,82,61,59,NC_000006.12,Mutation NB - Maternal Origin,Transition - Purine/Purine,Unsolved
157671022,rs6915319,GG,AA,AA,100,91,27,NC_000006.12,Mutation NB - Paternal Origin,Transition - Purine/Purine,G>A
157908514,rs3792939,GG,GG,GA,100,52,99,NC_000006.12,Mutation NB - Maternal Origin,Transition - Purine/Purine,Unsolved
158083622,.,AA,AA,AG,52,88,53,NC_000006.12,Mutation NB - Paternal Origin,Transition - Purine/Purine,Unsolved
159057276,rs9457545,CC,CC,CT,88,100,99,NC_000006.12,Mutation NB - Paternal Origin,Transition - Pyrimidine/Pyrimidine,Unsolved
159471073,rs7748399,CC,TT,TT,70,85,12,NC_000006.12,Mutation NB - Paternal Origin,Transition - Pyrimidine/Pyrimidine,C>T
159506467,.,TT,TT,TC,79,85,59,NC_000006.12,Mutation NB - Paternal Origin,Transition - Pyrimidine/Pyrimidine,Unsolved
160163764,rs1340344420,AA,AA,AG,67,52,61,NC_000006.12,Mutation NB - Maternal Origin,Transition - Purine/Purine,Unsolved
160586540,rs764320447,GG,GG,GA,58,79,53,NC_000006.12,Mutation NB - Paternal Origin,Transition - Purine/Purine,Unsolved
162073465,rs9458449,CC,TT,CC,85,76,9,NC_000006.12,Mutation NB - Maternal Origin,Transition - Pyrimidine/Pyrimidine,T>C
164701750,rs9364757,AA,AA,AG,73,85,56,NC_000006.12,Mutation NB - Paternal Origin,Transition - Purine/Purine,Unsolved
166315350,rs7454264,GG,GG,CG,82,79,99,NC_000006.12,Mutation NB - Maternal Origin,Transition - Purine/Purine,Transversion - Purine/Pyrimidine,Unsolved
166315365,rs4318852,GG,GG,GA,100,79,99,NC_000006.12,Mutation NB - Maternal Origin,Transition - Purine/Purine,Unsolved
166616450,rs77489354,AG,AA,GG,31,91,9,NC_000006.12,Mutation NB - Maternal Origin,Transition - Purine/Purine,A>G
166909175,rs6930995,CC,TT,TT,100,85,21,NC_000006.12,Mutation NB - Paternal Origin,Transition - Pyrimidine/Pyrimidine,C>T
167111410,rs2023305,CC,TT,TT,100,88,21,NC_000006.12,Mutation NB - Paternal Origin,Transition - Pyrimidine/Pyrimidine,C>T
170031304,rs62423397,CC,TT,CC,79,91,12,NC_000006.12,Mutation NB - Maternal Origin,Transition - Pyrimidine/Pyrimidine,T>C
170031311,rs57013687,GG,GG,GA,79,100,67,NC_000006.12,Mutation NB - Paternal Origin,Transition - Purine/Purine,Unsolved
170134971,rs77285358,CC,CC,CT,100,91,26,NC_000006.12,Mutation NB - Maternal Origin,Transition - Pyrimidine/Pyrimidine,Unsolved
420584,rs528424797,GG,GG,GA,79,85,50,NC_000007.14,Mutation NB - Paternal Origin,Transition - Purine/Purine,Unsolved
1028142,rs142667999,GA,GG,AA,5,70,9,NC_000007.14,Mutation NB - Maternal Origin,Transition - Purine/Purine,G>A
1068071,rs12701856,CC,TT,TT,100,58,18,NC_000007.14,Mutation NB - Paternal Origin,Transition - Pyrimidine/Pyrimidine,C>T
1071997,rs4724039,TT,CC,CC,100,85,21,NC_000007.14,Mutation NB - Paternal Origin,Transition - Pyrimidine/Pyrimidine,T>C
1298825,rs4724912,TT,GG,GG,100,82,18,NC_000007.14,Mutation NB - Paternal Origin,Transversion - Purine/Pyrimidine,T>G
1874977,rs4719330,GG,AG,AA,73,1,0,NC_000007.14,Mutation NB - Paternal Origin,Transition - Purine/Purine,G>A
1922178,rs28728306,CA,CC,AA,1,64,15,NC_000007.14,Mutation NB - Maternal Origin,Transversion - Purine/Pyrimidine,C>A
2602837,rs4719598,GG,AA,AA,91,100,24,NC_000007.14,Mutation NB - Paternal Origin,Transition - Purine/Purine,G>A
3925740,.,GG,GG,GA,79,25,62,NC_000007.14,Mutation NB - Maternal Origin,Transition - Purine/Purine,Unsolved
5394967,rs13234328,AA,GG,AA,76,100,33,NC_000007.14,Mutation NB - Maternal Origin,Transition - Purine/Purine,G>A
5395152,rs12533163,GG,GC,CC,85,1,18,NC_000007.14,Mutation NB - Paternal Origin,Transversion - Purine/Pyrimidine,G>C
7229163,rs12539501,AA,GG,AA,88,55,0,NC_000007.14,Mutation NB - Maternal Origin,Transition - Purine/Purine,G>A
9822841,rs34948008,TT,GG,GG,79,64,0,NC_000007.14,Mutation NB - Paternal Origin,Transversion - Purine/Pyrimidine,T>G
10620930,rs2015903,AA,AA,GA,67,82,21,NC_000007.14,Mutation NB - Paternal Origin,Transition - Purine/Purine,Unsolved
10735749,rs757391,CT,TT,CC,1,79,0,NC_000007.14,Mutation NB - Maternal Origin,Transition - Pyrimidine/Pyrimidine,T>C
10735786,rs757390,CT,TT,CC,1,79,0,NC_000007.14,Mutation NB - Maternal Origin,Transition - Pyrimidine/Pyrimidine,T>C
10779461,.,TT,TT,TC,70,79,62,NC_000007.14,Mutation NB - Paternal Origin,Transition - Pyrimidine/Pyrimidine,Unsolved
12091253,rs79909666,GG,GG,GA,85,49,56,NC_000007.14,Mutation NB - Maternal Origin,Transition - Purine/Purine,Unsolved
14258868,rs10950515,GG,AA,GG,85,100,21,NC_000007.14,Mutation NB - Maternal Origin,Transition - Purine/Purine,A>G
14313877,rs1381999272,CC,CC,CT,49,55,62,NC_000007.14,Mutation NB - Paternal Origin,Transition - Pyrimidine/Pyrimidine,Unsolved
22091401,rs11767842,GG,CC,CC,91,82,9,NC_000007.14,Mutation NB - Paternal Origin,Transversion - Purine/Pyrimidine,G>C
25404872,rs757588,CC,TT,CC,76,91,0,NC_000007.14,Mutation NB - Maternal Origin,Transition - Pyrimidine/Pyrimidine,T>C
30797558,rs1557910,CC,TC,TT,73,67,0,NC_000007.14,Mutation NB - Paternal Origin,Transition - Pyrimidine/Pyrimidine,C>T
31365612,rs12701077,AA,TA,TT,70,1,0,NC_000007.14,Mutation NB - Paternal Origin,Transversion - Purine/Pyrimidine,A>T
35545482,.,CC,CC,CT,64,76,65,NC_000007.14,Mutation NB - Paternal Origin,Transition - Pyrimidine/Pyrimidine,Unsolved
35557743,.,TT,TT,TC,40,52,42,NC_000007.14,Mutation NB - Paternal Origin,Transition - Pyrimidine/Pyrimidine,Unsolved
36083385,rs2002873,AA,AA,GA,82,88,24,NC_000007.14,Mutation NB - Paternal Origin,Transition - Purine/Purine,Unsolved
42468775,rs12701976,AA,CC,AA,76,82,0,NC_000007.14,Mutation NB - Maternal Origin,Transversion - Purine/Pyrimidine,C>A
44274331,rs12702074,CC,AA,AA,88,73,9,NC_000007.14,Mutation NB - Paternal Origin,Transversion - Purine/Pyrimidine,C>A
45076537,rs72597447,CC,TT,TT,82,82,0,NC_000007.14,Mutation NB - Paternal Origin,Transition - Pyrimidine/Pyrimidine,C>T
45224827,rs1294855,TT,CC,CC,82,100,0,NC_000007.14,Mutation NB - Paternal Origin,Transition - Pyrimidine/Pyrimidine,T>C
46898731,rs145327504,AA,AA,AG,91,100,65,NC_000007.14,Mutation NB - Paternal Origin,Transition - Purine/Purine,Unsolved
47710295,rs6967356,CC,CG,GG,100,1,30,NC_000007.14,Mutation NB - Paternal Origin,Transversion - Purine/Pyrimidine,C>G
47710303,rs12702369,CC,CT,TT,100,1,30,NC_000007.14,Mutation NB - Paternal Origin,Transition - Pyrimidine/Pyrimidine,C>T
50622960,rs6976663,AA,AA,AT,82,100,98,NC_000007.14,Mutation NB - Paternal Origin,Transversion - Purine/Pyrimidine,Unsolved
50636513,rs73113068,CC,CC,CT,70,58,99,NC_000007.14,Mutation NB - Maternal Origin,Transition - Pyrimidine/Pyrimidine,Unsolved
53035574,rs10248048,GG,TT,TT,88,88,21,NC_000007.14,Mutation NB - Paternal Origin,Transversion - Purine/Pyrimidine,G>T
54689435,rs17563764,AA,AG,GG,100,39,27,NC_000007.14,Mutation NB - Paternal Origin,Transition - Purine/Purine,A>G
56023185,rs13241866,GG,CC,CC,70,67,0,NC_000007.14,Mutation NB - Paternal Origin,Transversion - Purine/Pyrimidine,G>C
56157252,.,AA,AA,AG,64,67,75,NC_000007.14,Mutation NB - Paternal Origin,Transition - Purine/Purine,Unsolved
57826678,rs13231273,AA,AA,GG,88,88,21,NC_000007.14,Mutation NB - Paternal or Maternal,Transition - Purine/Purine,Unsolved
62763608,rs7293603,GA,GG,AA,38,67,18,NC_000007.14,Mutation NB - Maternal Origin,Transition - Purine/Purine,G>A
63179668,.,AA,AA,AG,70,76,89,NC_000007.14,Mutation NB - Paternal Origin,Transition - Purine/Purine,Unsolved
66531388,rs1794618356,AA,AA,AG,88,73,62,NC_000007.14,Mutation NB - Maternal Origin,Transition - Purine/Purine,Unsolved
66545099,.,AA,AA,AG,61,58,42,NC_000007.14,Mutation NB - Maternal Origin,Transition - Purine/Purine,Unsolved
68736337,.,AA,AA,AG,79,52,65,NC_000007.14,Mutation NB - Maternal Origin,Transition - Purine/Purine,Unsolved
69083870,.,AA,AA,AT,79,85,53,NC_000007.14,Mutation NB - Paternal Origin,Transversion - Purine/Pyrimidine,Unsolved
69927745,rs75126067,GG,GG,GA,85,100,99,NC_000007.14,Mutation NB - Paternal Origin,Transition - Purine/Purine,Unsolved
70786512,.,TT,TT,TC,88,85,50,NC_000007.14,Mutation NB - Maternal Origin,Transition - Pyrimidine/Pyrimidine,Unsolved
72290237,rs6460710,CT,TT,CC,67,91,9,NC_000007.14,Mutation NB - Maternal Origin,Transition - Pyrimidine/Pyrimidine,T>C
73735916,.,TT,TT,TC,91,88,53,NC_000007.14,Mutation NB - Maternal Origin,Transition - Pyrimidine/Pyrimidine,Unsolved
74236190,rs1356956245,CC,AC,AA,89,43,0,NC_000007.14,Mutation NB - Paternal Origin,Transversion - Purine/Pyrimidine,C>A
75932238,.,TT,TT,TC,88,70,50,NC_000007.14,Mutation NB - Maternal Origin,Transition - Pyrimidine/Pyrimidine,Unsolved
76105719,rs1613890,TT,TT,CC,91,100,15,NC_000007.14,Mutation NB - Paternal Origin,Transition - Pyrimidine/Pyrimidine,Unsolved
76105724,rs116831867,GG,GG,AA,91,100,15,NC_000007.14,Mutation NB - Paternal Origin,Transition - Purine/Purine,Unsolved
79300941,rs34983504,TT,AT,AA,70,1,0,NC_000007.14,Mutation NB - Paternal Origin,Transversion - Purine/Pyrimidine,T>A
79345101,rs115689956,AG,AA,GG,1,73,9,NC_000007.14,Mutation NB - Maternal Origin,Transition - Purine/Purine,A>G
79977572,rs184166226,AA,AA,AC,67,100,99,NC_000007.14,Mutation NB - Paternal Origin,Transversion - Purine/Pyrimidine,Unsolved
82364214,.,TT,TT,TC,55,49,40,NC_000007.14,Mutation NB - Maternal Origin,Transition - Pyrimidine/Pyrimidine,Unsolved
86533189,rs73206356,CC,CC,CT,88,100,67,NC_000007.14,Mutation NB - Paternal Origin,Transition - Pyrimidine/Pyrimidine,Unsolved
87004041,rs1767698,TT,TC,CC,79,8,12,NC_000007.14,Mutation NB - Paternal Origin,Transition - Pyrimidine/Pyrimidine,T>C
93950752,rs77934639,TT,TT,TG,88,100,71,NC_000007.14,Mutation NB - Paternal Origin,Transition - Pyrimidine/Pyrimidine,Transversion - Purine/Pyrimidine,Unsolved
95656178,rs1682724,TT,TA,AA,100,35,9,NC_000007.14,Mutation NB - Paternal Origin,Transversion - Purine/Pyrimidine,T>A
98489075,rs2642884,GG,GG,GC,100,100,23,NC_000007.14,Mutation NB - Paternal or Maternal,Transition - Purine/Purine,Transversion - Purine/Pyrimidine,Unsolved
99394321,rs10243678,TT,CC,TT,67,100,27,NC_000007.14,Mutation NB - Maternal Origin,Transition - Pyrimidine/Pyrimidine,C>T
101386268,rs55638697,TT,GG,TT,85,83,21,NC_000007.14,Mutation NB - Maternal Origin,Transversion - Purine/Pyrimidine,G>T
101615601,rs740199,CC,GG,GG,82,89,15,NC_000007.14,Mutation NB - Paternal Origin,Transversion - Purine/Pyrimidine,C>G
101623487,rs876824,GG,GG,GC,85,91,99,NC_000007.14,Mutation NB - Paternal Origin,Transition - Purine/Purine,Transversion - Purine/Pyrimidine,Unsolved
102045188,.,TT,TT,TC,67,52,50,NC_000007.14,Mutation NB - Maternal Origin,Transition - Pyrimidine/Pyrimidine,Unsolved
102317574,rs1734769,TT,CC,CC,73,79,0,NC_000007.14,Mutation NB - Paternal Origin,Transition - Pyrimidine/Pyrimidine,T>C
105997553,rs17288241,GG,GG,GA,100,79,68,NC_000007.14,Mutation NB - Maternal Origin,Transition - Purine/Purine,Unsolved
110520144,rs7798798,TT,CC,CC,82,64,0,NC_000007.14,Mutation NB - Paternal Origin,Transition - Pyrimidine/Pyrimidine,T>C
116371913,rs6946942,AA,AA,AG,76,100,99,NC_000007.14,Mutation NB - Paternal Origin,Transition - Purine/Purine,Unsolved
119350656,rs308154,CC,TC,TT,73,1,12,NC_000007.14,Mutation NB - Paternal Origin,Transition - Pyrimidine/Pyrimidine,C>T
124709491,rs147096636,GG,GG,GA,91,85,68,NC_000007.14,Mutation NB - Maternal Origin,Transition - Purine/Purine,Unsolved
125299022,rs61571038,GG,GG,GC,85,88,99,NC_000007.14,Mutation NB - Paternal Origin,Transition - Purine/Purine,Transversion - Purine/Pyrimidine,Unsolved
127094074,.,TT,TT,TC,79,91,62,NC_000007.14,Mutation NB - Paternal Origin,Transition - Pyrimidine/Pyrimidine,Unsolved
127429388,rs10224350,CC,CT,TT,91,1,18,NC_000007.14,Mutation NB - Paternal Origin,Transition - Pyrimidine/Pyrimidine,C>T
128072042,rs322835,GG,GG,GC,58,91,99,NC_000007.14,Mutation NB - Paternal Origin,Transition - Purine/Purine,Transversion - Purine/Pyrimidine,Unsolved
128099669,rs6954161,GG,GG,GT,79,91,98,NC_000007.14,Mutation NB - Paternal Origin,Transversion - Purine/Pyrimidine,Unsolved
128104454,rs322814,AA,AA,AC,85,100,68,NC_000007.14,Mutation NB - Paternal Origin,Transversion - Purine/Pyrimidine,Unsolved
128998578,rs112173339,CC,CC,CA,73,100,99,NC_000007.14,Mutation NB - Paternal Origin,Transversion - Purine/Pyrimidine,Unsolved
130996775,rs978061,TT,CT,CC,73,1,0,NC_000007.14,Mutation NB - Paternal Origin,Transition - Pyrimidine/Pyrimidine,T>C
132368891,rs4728256,AA,GG,GG,88,82,12,NC_000007.14,Mutation NB - Paternal Origin,Transition - Purine/Purine,A>G
135748172,rs114235786,GG,GC,CC,82,1,12,NC_000007.14,Mutation NB - Paternal Origin,Transversion - Purine/Pyrimidine,G>C
138621037,rs3734945,CC,TC,TT,49,1,0,NC_000007.14,Mutation NB - Paternal Origin,Transition - Pyrimidine/Pyrimidine,C>T
138621061,rs3734944,CC,TC,TT,22,1,0,NC_000007.14,Mutation NB - Paternal Origin,Transition - Pyrimidine/Pyrimidine,C>T
139020917,rs35299620,GG,CC,GG,82,88,9,NC_000007.14,Mutation NB - Maternal Origin,Transversion - Purine/Pyrimidine,C>G
140508822,rs4725722,AA,CC,AA,91,100,12,NC_000007.14,Mutation NB - Maternal Origin,Transversion - Purine/Pyrimidine,C>A
148899552,.,AA,AA,AG,64,70,53,NC_000007.14,Mutation NB - Paternal Origin,Transition - Purine/Purine,Unsolved
149398786,rs1636330,CT,CC,TT,49,61,12,NC_000007.14,Mutation NB - Maternal Origin,Transversion - Purine/Pyrimidine,C>T
150888517,rs62492394,AA,GA,GG,91,1,15,NC_000007.14,Mutation NB - Paternal Origin,Transition - Purine/Purine,A>G
151237889,rs2487154,GG,CC,GG,82,76,24,NC_000007.14,Mutation NB - Maternal Origin,Transversion - Purine/Pyrimidine,C>G
151495901,rs920832222,TT,TT,TC,73,19,56,NC_000007.14,Mutation NB - Maternal Origin,Transition - Pyrimidine/Pyrimidine,Unsolved
151961643,.,TT,TT,TC,76,64,41,NC_000007.14,Mutation NB - Maternal Origin,Transition - Pyrimidine/Pyrimidine,Unsolved
152515559,rs7780824,GG,CC,CC,100,49,21,NC_000007.14,Mutation NB - Paternal Origin,Transversion - Purine/Pyrimidine,G>C
153238961,.,AA,AA,AG,58,55,74,NC_000007.14,Mutation NB - Maternal Origin,Transition - Purine/Purine,Unsolved
154390410,rs11561903,TT,TG,GG,70,1,12,NC_000007.14,Mutation NB - Paternal Origin,Transversion - Purine/Pyrimidine,T>G
154860833,rs4960624,AA,AA,AG,100,67,60,NC_000007.14,Mutation NB - Maternal Origin,Transition - Purine/Purine,Unsolved
155212857,rs2317169,TT,AA,TT,82,88,15,NC_000007.14,Mutation NB - Maternal Origin,Transversion - Purine/Pyrimidine,A>T
155244920,rs6951341,AA,GG,GG,65,64,15,NC_000007.14,Mutation NB - Paternal Origin,Transition - Purine/Purine,A>G
155256425,rs62471583,TT,CT,CC,70,59,0,NC_000007.14,Mutation NB - Paternal Origin,Transition - Pyrimidine/Pyrimidine,T>C
155425186,rs1861970,GG,GC,CC,91,7,27,NC_000007.14,Mutation NB - Paternal Origin,Transversion - Purine/Pyrimidine,G>C
155517458,.,GG,GG,GT,40,73,47,NC_000007.14,Mutation NB - Paternal Origin,Transversion - Purine/Pyrimidine,Unsolved
155843227,rs62481308,AA,CC,CC,88,76,0,NC_000007.14,Mutation NB - Paternal Origin,Transversion - Purine/Pyrimidine,A>C
155843610,rs67765035,AA,GG,AA,76,100,9,NC_000007.14,Mutation NB - Maternal Origin,Transition - Purine/Purine,G>A
155974036,rs34434331,GT,GG,TT,76,91,9,NC_000007.14,Mutation NB - Maternal Origin,Transversion - Purine/Pyrimidine,G>T
156564394,rs860257,TT,CC,TT,61,100,33,NC_000007.14,Mutation NB - Maternal Origin,Transition - Pyrimidine/Pyrimidine,C>T
157017072,rs2365995,CC,TT,CC,92,98,9,NC_000007.14,Mutation NB - Maternal Origin,Transition - Pyrimidine/Pyrimidine,T>C
157017085,rs10253080,GG,GG,AA,73,100,9,NC_000007.14,Mutation NB - Paternal Origin,Transition - Purine/Purine,Unsolved
157276185,rs757855,CC,CC,TC,76,82,9,NC_000007.14,Mutation NB - Paternal Origin,Transition - Pyrimidine/Pyrimidine,Unsolved
157540848,rs1124400,TT,CC,CC,91,82,3,NC_000007.14,Mutation NB - Paternal Origin,Transition - Pyrimidine/Pyrimidine,T>C
158102872,rs12698140,AA,GG,GG,52,88,0,NC_000007.14,Mutation NB - Paternal Origin,Transition - Purine/Purine,A>G
158598798,rs73180270,GA,GG,AA,1,70,15,NC_000007.14,Mutation NB - Maternal Origin,Transition - Purine/Purine,G>A
159062492,rs2540344,CC,GC,GG,88,9,0,NC_000007.14,Mutation NB - Paternal Origin,Transversion - Purine/Pyrimidine,C>G
159197644,.,TT,TT,TC,43,43,50,NC_000007.14,Mutation NB - Paternal or Maternal,Transition - Pyrimidine/Pyrimidine,Unsolved
159231948,rs414322,AA,GG,AA,58,40,21,NC_000007.14,Mutation NB - Maternal Origin,Transition - Purine/Purine,G>A
598308,rs906894,AA,GG,GG,100,85,24,NC_000008.11,Mutation NB - Paternal Origin,Transition - Purine/Purine,A>G
614094,rs1669698,TT,AA,AA,82,76,33,NC_000008.11,Mutation NB - Paternal Origin,Transversion - Purine/Pyrimidine,T>A
626430,rs62486186,GG,GC,CC,73,38,15,NC_000008.11,Mutation NB - Paternal Origin,Transversion - Purine/Pyrimidine,G>C
4583981,rs2617071,CC,GG,CC,55,67,27,NC_000008.11,Mutation NB - Maternal Origin,Transversion - Purine/Pyrimidine,G>C
5896318,rs2703315,TT,TT,TC,100,88,92,NC_000008.11,Mutation NB - Maternal Origin,Transition - Pyrimidine/Pyrimidine,Unsolved
5896332,rs1798313748,AA,AA,AG,91,88,51,NC_000008.11,Mutation NB - Maternal Origin,Transition - Purine/Purine,Unsolved
6139360,.,GG,GG,GT,79,73,59,NC_000008.11,Mutation NB - Maternal Origin,Transversion - Purine/Pyrimidine,Unsolved
17337603,rs2239876,AA,GG,AA,79,79,15,NC_000008.11,Mutation NB - Maternal Origin,Transition - Purine/Purine,G>A
17576246,rs2237819,AA,GG,GG,91,88,21,NC_000008.11,Mutation NB - Paternal Origin,Transition - Purine/Purine,A>G
17640556,rs6586614,TT,CC,CC,100,88,21,NC_000008.11,Mutation NB - Paternal Origin,Transition - Pyrimidine/Pyrimidine,T>C
17640598,rs6586615,AA,GG,GG,100,88,21,NC_000008.11,Mutation NB - Paternal Origin,Transition - Purine/Purine,A>G
20782418,rs17576528,TC,TT,CC,1,100,18,NC_000008.11,Mutation NB - Maternal Origin,Transition - Pyrimidine/Pyrimidine,T>C
22625215,rs876713,TT,TG,GG,73,88,12,NC_000008.11,Mutation NB - Paternal Origin,Transversion - Purine/Pyrimidine,T>G
22714119,.,AA,AA,AG,88,91,55,NC_000008.11,Mutation NB - Paternal Origin,Transition - Purine/Purine,Unsolved
23338351,rs28522080,CC,CA,AA,100,1,21,NC_000008.11,Mutation NB - Paternal Origin,Transversion - Purine/Pyrimidine,C>A
24981148,rs11779795,GG,TT,GG,73,88,27,NC_000008.11,Mutation NB - Maternal Origin,Transition - Purine/Purine,Transversion - Purine/Pyrimidine,T>G
25872236,rs4568629,GG,AA,GG,88,100,12,NC_000008.11,Mutation NB - Maternal Origin,Transition - Purine/Purine,A>G
26493038,.,AA,AA,AG,49,73,53,NC_000008.11,Mutation NB - Paternal Origin,Transition - Purine/Purine,Unsolved
26595589,rs5029306,TT,TT,TC,85,100,68,NC_000008.11,Mutation NB - Paternal Origin,Transition - Pyrimidine/Pyrimidine,Unsolved
27397563,rs1128433,AG,AA,GG,63,85,24,NC_000008.11,Mutation NB - Maternal Origin,Transition - Purine/Purine,A>G
27397611,rs1045510,TC,TT,CC,5,82,36,NC_000008.11,Mutation NB - Maternal Origin,Transition - Pyrimidine/Pyrimidine,T>C
27397629,rs1045511,GA,GG,AA,9,100,36,NC_000008.11,Mutation NB - Maternal Origin,Transition - Purine/Purine,G>A
27603975,rs4732729,CC,CC,CA,82,100,21,NC_000008.11,Mutation NB - Paternal Origin,Transversion - Purine/Pyrimidine,Unsolved
27697286,.,TT,TT,TC,46,46,58,NC_000008.11,Mutation NB - Paternal or Maternal,Transition - Pyrimidine/Pyrimidine,Unsolved
27697344,rs693841,TT,CC,CC,40,52,27,NC_000008.11,Mutation NB - Paternal Origin,Transition - Pyrimidine/Pyrimidine,T>C
27957695,rs1996775,TC,CC,TT,35,85,0,NC_000008.11,Mutation NB - Maternal Origin,Transversion - Purine/Pyrimidine,C>T
27983099,rs11780951,AA,GG,AA,91,85,9,NC_000008.11,Mutation NB - Maternal Origin,Transition - Purine/Purine,G>A
29152019,rs76189889,GG,AA,AA,91,82,18,NC_000008.11,Mutation NB - Paternal Origin,Transition - Purine/Purine,G>A
29423840,rs667656,GG,AA,AA,100,73,33,NC_000008.11,Mutation NB - Paternal Origin,Transition - Purine/Purine,G>A
33406632,rs12545720,TT,CC,CC,85,73,30,NC_000008.11,Mutation NB - Paternal Origin,Transition - Pyrimidine/Pyrimidine,T>C
33406649,rs12550448,AA,GG,GG,85,73,30,NC_000008.11,Mutation NB - Paternal Origin,Transition - Purine/Purine,A>G
34971655,rs11990324,CC,TT,TT,85,70,18,NC_000008.11,Mutation NB - Paternal Origin,Transition - Pyrimidine/Pyrimidine,C>T
36276090,rs7817026,TG,GG,TT,67,85,0,NC_000008.11,Mutation NB - Maternal Origin,Transversion - Purine/Pyrimidine,G>T
39032008,rs7830975,CC,CC,CT,91,85,60,NC_000008.11,Mutation NB - Maternal Origin,Transition - Pyrimidine/Pyrimidine,Unsolved
40324459,rs11779911,CC,CC,CA,79,88,99,NC_000008.11,Mutation NB - Paternal Origin,Transversion - Purine/Pyrimidine,Unsolved
40406993,rs1981999,TT,TT,CT,88,85,78,NC_000008.11,Mutation NB - Maternal Origin,Transition - Pyrimidine/Pyrimidine,Unsolved
40406995,rs1982000,GG,GG,AG,88,85,78,NC_000008.11,Mutation NB - Maternal Origin,Transition - Purine/Purine,Unsolved
40784982,rs11991495,CC,GG,GG,85,88,0,NC_000008.11,Mutation NB - Paternal Origin,Transversion - Purine/Pyrimidine,C>G
42188137,rs2070713,CC,TT,CC,100,85,0,NC_000008.11,Mutation NB - Maternal Origin,Transition - Pyrimidine/Pyrimidine,T>C
42600063,rs2923411,CC,TT,TT,79,100,0,NC_000008.11,Mutation NB - Paternal Origin,Transition - Pyrimidine/Pyrimidine,C>T
46138731,.,TT,TT,TC,85,73,56,NC_000008.11,Mutation NB - Maternal Origin,Transition - Pyrimidine/Pyrimidine,Unsolved
46148313,rs76003739,GG,GA,AA,100,1,66,NC_000008.11,Mutation NB - Paternal Origin,Transition - Purine/Purine,G>A
46412859,.,CC,CC,CT,76,70,50,NC_000008.11,Mutation NB - Maternal Origin,Transition - Pyrimidine/Pyrimidine,Unsolved
48689381,.,GG,GG,GA,37,46,47,NC_000008.11,Mutation NB - Paternal Origin,Transition - Purine/Purine,Unsolved
51526136,rs33979345,GG,AA,GG,88,85,9,NC_000008.11,Mutation NB - Maternal Origin,Transition - Purine/Purine,A>G
51526147,rs10958273,CC,GG,CC,85,85,0,NC_000008.11,Mutation NB - Maternal Origin,Transversion - Purine/Pyrimidine,G>C
53202201,rs1425894,TT,CT,CC,82,1,15,NC_000008.11,Mutation NB - Paternal Origin,Transition - Pyrimidine/Pyrimidine,T>C
53334751,rs10107460,AG,AA,GG,1,61,24,NC_000008.11,Mutation NB - Maternal Origin,Transition - Purine/Purine,A>G
54390842,rs6473927,TT,CC,TT,91,91,0,NC_000008.11,Mutation NB - Maternal Origin,Transition - Pyrimidine/Pyrimidine,C>T
55065618,.,TT,TT,TC,61,61,50,NC_000008.11,Mutation NB - Paternal or Maternal,Transition - Pyrimidine/Pyrimidine,Unsolved
55076159,.,TT,TT,TC,82,55,68,NC_000008.11,Mutation NB - Maternal Origin,Transition - Pyrimidine/Pyrimidine,Unsolved
55917414,rs6991715,AA,GG,AA,85,91,36,NC_000008.11,Mutation NB - Maternal Origin,Transition - Purine/Purine,G>A
61162324,.,TT,TT,TA,58,73,47,NC_000008.11,Mutation NB - Paternal Origin,Transition - Pyrimidine/Pyrimidine,Transversion - Purine/Pyrimidine,Unsolved
62293565,rs113933658,GT,GG,TT,35,91,15,NC_000008.11,Mutation NB - Maternal Origin,Transversion - Purine/Pyrimidine,G>T
65759273,rs999305,CC,CG,GG,100,1,30,NC_000008.11,Mutation NB - Paternal Origin,Transversion - Purine/Pyrimidine,C>G
66202951,rs56332785,CC,CC,CT,100,67,99,NC_000008.11,Mutation NB - Maternal Origin,Transition - Pyrimidine/Pyrimidine,Unsolved
69775781,rs547906792,CC,CC,CT,100,85,68,NC_000008.11,Mutation NB - Maternal Origin,Transition - Pyrimidine/Pyrimidine,Unsolved
69907849,rs367621922,CC,CC,CT,100,67,68,NC_000008.11,Mutation NB - Maternal Origin,Transition - Pyrimidine/Pyrimidine,Unsolved
69907865,rs61626584,TT,CC,CC,82,67,18,NC_000008.11,Mutation NB - Paternal Origin,Transition - Pyrimidine/Pyrimidine,T>C
70631393,rs35557557,AA,AA,AG,64,100,95,NC_000008.11,Mutation NB - Paternal Origin,Transition - Purine/Purine,Unsolved
71903702,rs2128109,TT,TT,CC,100,100,21,NC_000008.11,Mutation NB - Paternal or Maternal,Transition - Pyrimidine/Pyrimidine,Unsolved
72374668,rs76222950,CC,CT,TT,91,41,12,NC_000008.11,Mutation NB - Paternal Origin,Transition - Pyrimidine/Pyrimidine,C>T
73273295,rs111254522,CC,CC,CG,91,88,33,NC_000008.11,Mutation NB - Maternal Origin,Transversion - Purine/Pyrimidine,Unsolved
73489930,rs16938683,TC,TT,CC,1,67,12,NC_000008.11,Mutation NB - Maternal Origin,Transition - Pyrimidine/Pyrimidine,T>C
74443612,.,AA,AA,AG,70,55,68,NC_000008.11,Mutation NB - Maternal Origin,Transition - Purine/Purine,Unsolved
76308738,rs139222422,GG,GG,GC,100,58,99,NC_000008.11,Mutation NB - Maternal Origin,Transition - Purine/Purine,Transversion - Purine/Pyrimidine,Unsolved
78385158,rs7844386,GA,GG,AA,5,100,18,NC_000008.11,Mutation NB - Maternal Origin,Transition - Purine/Purine,G>A
81570746,rs2556581,AG,GG,AA,35,85,0,NC_000008.11,Mutation NB - Maternal Origin,Transition - Purine/Purine,G>A
85153768,.,AA,AA,AT,76,34,44,NC_000008.11,Mutation NB - Maternal Origin,Transversion - Purine/Pyrimidine,Unsolved
86967429,rs11785525,GA,AA,GG,1,73,0,NC_000008.11,Mutation NB - Maternal Origin,Transition - Purine/Purine,A>G
90609440,.,TT,TT,TC,76,88,68,NC_000008.11,Mutation NB - Paternal Origin,Transition - Pyrimidine/Pyrimidine,Unsolved
91867026,rs735288,CC,CC,TT,100,100,12,NC_000008.11,Mutation NB - Paternal or Maternal,Transition - Pyrimidine/Pyrimidine,Unsolved
93575438,rs4617121,GG,GG,GA,82,97,59,NC_000008.11,Mutation NB - Paternal Origin,Transition - Purine/Purine,Unsolved
96199872,.,AA,AA,AG,70,55,59,NC_000008.11,Mutation NB - Maternal Origin,Transition - Purine/Purine,Unsolved
97826360,rs2449537,CC,TT,CC,82,91,9,NC_000008.11,Mutation NB - Maternal Origin,Transition - Pyrimidine/Pyrimidine,T>C
101133127,rs13250527,AA,AA,AC,76,88,99,NC_000008.11,Mutation NB - Paternal Origin,Transversion - Purine/Pyrimidine,Unsolved
102501630,rs12114692,GG,GA,AA,100,79,9,NC_000008.11,Mutation NB - Paternal Origin,Transition - Purine/Purine,G>A
102501681,rs12114119,AA,AG,GG,100,79,9,NC_000008.11,Mutation NB - Paternal Origin,Transition - Purine/Purine,A>G
104341813,.,GG,GG,GT,76,43,44,NC_000008.11,Mutation NB - Maternal Origin,Transversion - Purine/Pyrimidine,Unsolved
108575323,rs34516160,AA,GG,GG,85,88,36,NC_000008.11,Mutation NB - Paternal Origin,Transition - Purine/Purine,A>G
112082438,rs77439603,CT,CC,TT,73,34,9,NC_000008.11,Mutation NB - Maternal Origin,Transversion - Purine/Pyrimidine,C>T
114005574,rs140442615,GG,TT,GG,79,91,18,NC_000008.11,Mutation NB - Maternal Origin,Transition - Purine/Purine,Transversion - Purine/Pyrimidine,T>G
114386447,rs6984830,CC,CC,CT,85,100,23,NC_000008.11,Mutation NB - Paternal Origin,Transition - Pyrimidine/Pyrimidine,Unsolved
114981293,rs634298,AA,AG,GG,100,76,12,NC_000008.11,Mutation NB - Paternal Origin,Transition - Purine/Purine,A>G
115731016,.,TT,TT,TC,46,64,44,NC_000008.11,Mutation NB - Paternal Origin,Transition - Pyrimidine/Pyrimidine,Unsolved
117752487,rs16890156,TT,TT,CC,88,91,8,NC_000008.11,Mutation NB - Paternal Origin,Transition - Pyrimidine/Pyrimidine,Unsolved
120890528,rs1574173,TT,TT,TA,88,88,27,NC_000008.11,Mutation NB - Paternal or Maternal,Transition - Pyrimidine/Pyrimidine,Transversion - Purine/Pyrimidine,Unsolved
123742667,.,TT,TT,TC,43,34,59,NC_000008.11,Mutation NB - Maternal Origin,Transition - Pyrimidine/Pyrimidine,Unsolved
125369708,.,TT,TT,TC,76,64,62,NC_000008.11,Mutation NB - Maternal Origin,Transition - Pyrimidine/Pyrimidine,Unsolved
129397556,rs62523717,CC,CT,TT,98,70,18,NC_000008.11,Mutation NB - Paternal Origin,Transition - Pyrimidine/Pyrimidine,C>T
129471092,rs12543365,CC,TT,CC,64,73,21,NC_000008.11,Mutation NB - Maternal Origin,Transition - Pyrimidine/Pyrimidine,T>C
130499803,rs7007052,GG,AA,GG,55,100,15,NC_000008.11,Mutation NB - Maternal Origin,Transition - Purine/Purine,A>G
133507022,rs6989475,AA,GG,GG,82,82,9,NC_000008.11,Mutation NB - Paternal Origin,Transition - Purine/Purine,A>G
133518325,rs721590,AA,AA,AG,100,85,65,NC_000008.11,Mutation NB - Maternal Origin,Transition - Purine/Purine,Unsolved
133528411,rs992097522,AA,AA,AG,67,52,62,NC_000008.11,Mutation NB - Maternal Origin,Transition - Purine/Purine,Unsolved
133639165,rs16904968,GG,CC,GG,79,88,18,NC_000008.11,Mutation NB - Maternal Origin,Transversion - Purine/Pyrimidine,C>G
133835653,rs924765,CC,GC,GG,91,1,18,NC_000008.11,Mutation NB - Paternal Origin,Transversion - Purine/Pyrimidine,C>G
133835793,rs7465138,GG,AG,AA,79,1,0,NC_000008.11,Mutation NB - Paternal Origin,Transition - Purine/Purine,G>A
134772571,.,AA,AA,AG,67,55,83,NC_000008.11,Mutation NB - Maternal Origin,Transition - Purine/Purine,Unsolved
135140508,rs1021061,AA,CC,AA,85,88,18,NC_000008.11,Mutation NB - Maternal Origin,Transversion - Purine/Pyrimidine,C>A
135726290,rs6577664,CT,TT,CC,1,85,0,NC_000008.11,Mutation NB - Maternal Origin,Transition - Pyrimidine/Pyrimidine,T>C
138246577,rs13272732,CC,TC,TT,82,1,0,NC_000008.11,Mutation NB - Paternal Origin,Transition - Pyrimidine/Pyrimidine,C>T
138275755,rs12545802,AA,GA,GG,91,1,24,NC_000008.11,Mutation NB - Paternal Origin,Transition - Purine/Purine,A>G
139550919,rs76982586,AA,AA,AG,82,79,69,NC_000008.11,Mutation NB - Maternal Origin,Transition - Purine/Purine,Unsolved
139812033,rs1993727,AA,AA,AG,55,88,99,NC_000008.11,Mutation NB - Paternal Origin,Transition - Purine/Purine,Unsolved
141564939,rs35427524,GG,AA,AA,100,91,18,NC_000008.11,Mutation NB - Paternal Origin,Transition - Purine/Purine,G>A
141807775,.,AA,AA,AG,67,91,59,NC_000008.11,Mutation NB - Paternal Origin,Transition - Purine/Purine,Unsolved
141934592,rs116943592,CC,CT,TT,55,35,9,NC_000008.11,Mutation NB - Paternal Origin,Transition - Pyrimidine/Pyrimidine,C>T
142429126,rs13280670,TT,CC,CC,100,91,9,NC_000008.11,Mutation NB - Paternal Origin,Transition - Pyrimidine/Pyrimidine,T>C
142429132,rs13272253,CC,TT,TT,100,91,9,NC_000008.11,Mutation NB - Paternal Origin,Transition - Pyrimidine/Pyrimidine,C>T
142512361,rs57276197,TT,TT,TC,100,88,65,NC_000008.11,Mutation NB - Maternal Origin,Transition - Pyrimidine/Pyrimidine,Unsolved
142547929,rs7387737,CT,CC,TT,45,100,9,NC_000008.11,Mutation NB - Maternal Origin,Transversion - Purine/Pyrimidine,C>T
142800560,rs11774054,TC,TT,CC,35,67,9,NC_000008.11,Mutation NB - Maternal Origin,Transition - Pyrimidine/Pyrimidine,T>C
143432397,rs57665510,TT,CC,CC,88,100,18,NC_000008.11,Mutation NB - Paternal Origin,Transition - Pyrimidine/Pyrimidine,T>C
143448771,rs13252596,GG,GA,AA,100,41,24,NC_000008.11,Mutation NB - Paternal Origin,Transition - Purine/Purine,G>A
143921796,rs35139934,GG,GG,AA,100,88,9,NC_000008.11,Mutation NB - Maternal Origin,Transition - Purine/Purine,Unsolved
1139271,rs62532321,GA,GG,AA,34,100,15,NC_000009.12,Mutation NB - Maternal Origin,Transition - Purine/Purine,G>A
1264034,rs10960704,GG,GG,GT,88,100,33,NC_000009.12,Mutation NB - Paternal Origin,Transversion - Purine/Pyrimidine,Unsolved
1588758,rs2209008,CC,GG,CC,79,88,12,NC_000009.12,Mutation NB - Maternal Origin,Transversion - Purine/Pyrimidine,G>C
4531699,rs10815008,AA,GA,GG,79,34,9,NC_000009.12,Mutation NB - Paternal Origin,Transition - Purine/Purine,A>G
5502186,rs10975151,AA,TT,TT,70,70,9,NC_000009.12,Mutation NB - Paternal Origin,Transversion - Purine/Pyrimidine,A>T
5502190,rs2149929,CC,TC,TT,70,37,9,NC_000009.12,Mutation NB - Paternal Origin,Transition - Pyrimidine/Pyrimidine,C>T
6632104,rs72695579,GG,GG,GT,100,82,99,NC_000009.12,Mutation NB - Maternal Origin,Transversion - Purine/Pyrimidine,Unsolved
6932013,rs7031406,AG,GG,AA,1,34,0,NC_000009.12,Mutation NB - Maternal Origin,Transition - Purine/Purine,G>A
7213436,rs55975448,CC,TT,CC,91,85,15,NC_000009.12,Mutation NB - Maternal Origin,Transition - Pyrimidine/Pyrimidine,T>C
8205622,rs3847272,CC,CC,CT,88,100,99,NC_000009.12,Mutation NB - Paternal Origin,Transition - Pyrimidine/Pyrimidine,Unsolved
8285207,rs7865119,AA,TA,TT,76,1,0,NC_000009.12,Mutation NB - Paternal Origin,Transversion - Purine/Pyrimidine,A>T
9466308,rs10816133,CC,CC,CG,88,100,99,NC_000009.12,Mutation NB - Paternal Origin,Transversion - Purine/Pyrimidine,Unsolved
10791391,.,TT,TT,TC,55,76,59,NC_000009.12,Mutation NB - Paternal Origin,Transition - Pyrimidine/Pyrimidine,Unsolved
12368777,rs7862655,TT,AA,AA,70,64,0,NC_000009.12,Mutation NB - Paternal Origin,Transversion - Purine/Pyrimidine,T>A
12368780,.,AA,AA,AT,67,64,56,NC_000009.12,Mutation NB - Maternal Origin,Transversion - Purine/Pyrimidine,Unsolved
17086926,rs1822787001,AA,AA,AG,88,85,56,NC_000009.12,Mutation NB - Maternal Origin,Transition - Purine/Purine,Unsolved
17215366,rs10962909,GG,GG,GA,82,100,59,NC_000009.12,Mutation NB - Paternal Origin,Transition - Purine/Purine,Unsolved
19754436,rs1182679,GG,CC,GG,91,100,9,NC_000009.12,Mutation NB - Maternal Origin,Transversion - Purine/Pyrimidine,C>G
20684110,rs567757801,CC,CC,CG,61,100,99,NC_000009.12,Mutation NB - Paternal Origin,Transversion - Purine/Pyrimidine,Unsolved
25505446,rs7853877,CC,CC,CG,100,76,67,NC_000009.12,Mutation NB - Maternal Origin,Transversion - Purine/Pyrimidine,Unsolved
25948296,rs7032143,CC,GG,CC,85,88,12,NC_000009.12,Mutation NB - Maternal Origin,Transversion - Purine/Pyrimidine,G>C
27789437,.,AA,AA,AT,73,52,50,NC_000009.12,Mutation NB - Maternal Origin,Transversion - Purine/Pyrimidine,Unsolved
28444474,rs1331918,TC,TT,CC,1,100,18,NC_000009.12,Mutation NB - Maternal Origin,Transition - Pyrimidine/Pyrimidine,T>C
32464137,rs9695310,GC,GG,CC,36,88,27,NC_000009.12,Mutation NB - Maternal Origin,Transversion - Purine/Pyrimidine,G>C
34348182,rs113844439,CC,CC,CT,82,100,99,NC_000009.12,Mutation NB - Paternal Origin,Transition - Pyrimidine/Pyrimidine,Unsolved
35138813,rs10972339,CC,TT,CC,100,76,0,NC_000009.12,Mutation NB - Maternal Origin,Transition - Pyrimidine/Pyrimidine,T>C
35150723,rs4878605,CT,CC,TT,32,79,9,NC_000009.12,Mutation NB - Maternal Origin,Transversion - Purine/Pyrimidine,C>T
36972176,.,AA,AA,AG,76,67,56,NC_000009.12,Mutation NB - Maternal Origin,Transition - Purine/Purine,Unsolved
37761047,rs1409145,TT,CC,TT,91,88,0,NC_000009.12,Mutation NB - Maternal Origin,Transition - Pyrimidine/Pyrimidine,C>T
38146187,rs7035809,CC,TT,TT,88,91,9,NC_000009.12,Mutation NB - Paternal Origin,Transition - Pyrimidine/Pyrimidine,C>T
72111870,rs9785222,CC,CC,TT,88,91,0,NC_000009.12,Mutation NB - Paternal Origin,Transition - Pyrimidine/Pyrimidine,Unsolved
74405986,rs12684111,GG,CC,GG,70,85,24,NC_000009.12,Mutation NB - Maternal Origin,Transversion - Purine/Pyrimidine,C>G
75427341,rs1371395365,GG,GG,GA,67,61,99,NC_000009.12,Mutation NB - Maternal Origin,Transition - Purine/Purine,Unsolved
79302328,.,TT,TT,TC,58,67,50,NC_000009.12,Mutation NB - Paternal Origin,Transition - Pyrimidine/Pyrimidine,Unsolved
79842483,rs7035737,GG,AA,AA,85,91,0,NC_000009.12,Mutation NB - Paternal Origin,Transition - Purine/Purine,G>A
82780064,rs1570228,AA,GG,GG,79,73,0,NC_000009.12,Mutation NB - Paternal Origin,Transition - Purine/Purine,A>G
87672940,rs1207394183,AA,AA,AG,73,64,50,NC_000009.12,Mutation NB - Maternal Origin,Transition - Purine/Purine,Unsolved
87902779,rs2094930,TT,CC,CC,88,91,30,NC_000009.12,Mutation NB - Paternal Origin,Transition - Pyrimidine/Pyrimidine,T>C
88232441,rs1550286,TT,CC,TT,76,85,27,NC_000009.12,Mutation NB - Maternal Origin,Transition - Pyrimidine/Pyrimidine,C>T
89791150,rs10908940,AA,GG,AA,88,85,24,NC_000009.12,Mutation NB - Maternal Origin,Transition - Purine/Purine,G>A
90029378,rs557789,AA,AA,AG,82,100,99,NC_000009.12,Mutation NB - Paternal Origin,Transition - Purine/Purine,Unsolved
91843930,rs1534530,TT,TC,CC,88,1,12,NC_000009.12,Mutation NB - Paternal Origin,Transition - Pyrimidine/Pyrimidine,T>C
92837213,.,GG,GG,GA,73,82,62,NC_000009.12,Mutation NB - Paternal Origin,Transition - Purine/Purine,Unsolved
95096744,rs9299429,CC,CG,GG,91,70,9,NC_000009.12,Mutation NB - Paternal Origin,Transversion - Purine/Pyrimidine,C>G
97374288,rs3747493,GG,GG,GA,61,91,71,NC_000009.12,Mutation NB - Paternal Origin,Transition - Purine/Purine,Unsolved
98570672,.,CC,CC,CA,82,61,46,NC_000009.12,Mutation NB - Maternal Origin,Transversion - Purine/Pyrimidine,Unsolved
98960366,rs10819515,CT,TT,CC,32,76,0,NC_000009.12,Mutation NB - Maternal Origin,Transition - Pyrimidine/Pyrimidine,T>C
101510221,rs1929487,AA,TT,TT,79,82,24,NC_000009.12,Mutation NB - Paternal Origin,Transversion - Purine/Pyrimidine,A>T
101807631,rs35212089,CC,TT,TT,91,82,12,NC_000009.12,Mutation NB - Paternal Origin,Transition - Pyrimidine/Pyrimidine,C>T
102497981,rs7849629,CC,GG,GG,85,100,0,NC_000009.12,Mutation NB - Paternal Origin,Transversion - Purine/Pyrimidine,C>G
103037824,.,AA,AA,AG,70,49,62,NC_000009.12,Mutation NB - Maternal Origin,Transition - Purine/Purine,Unsolved
104298781,rs34315347,AA,GG,AA,85,79,9,NC_000009.12,Mutation NB - Maternal Origin,Transition - Purine/Purine,G>A
104678352,rs13293314,CC,TT,CC,79,46,0,NC_000009.12,Mutation NB - Maternal Origin,Transition - Pyrimidine/Pyrimidine,T>C
106500637,rs4515608,AG,GG,AA,67,70,21,NC_000009.12,Mutation NB - Maternal Origin,Transition - Purine/Purine,G>A
109518319,rs6477709,GG,AA,AA,88,91,0,NC_000009.12,Mutation NB - Paternal Origin,Transition - Purine/Purine,G>A
114417708,rs1835918099,TT,TT,TC,46,70,48,NC_000009.12,Mutation NB - Paternal Origin,Transition - Pyrimidine/Pyrimidine,Unsolved
114930893,rs3181354,AA,GG,AA,82,46,0,NC_000009.12,Mutation NB - Maternal Origin,Transition - Purine/Purine,G>A
120358889,rs6478472,GG,AA,GG,79,100,18,NC_000009.12,Mutation NB - Maternal Origin,Transition - Purine/Purine,A>G
121298144,rs7870797,GG,GA,AA,73,1,18,NC_000009.12,Mutation NB - Paternal Origin,Transition - Purine/Purine,G>A
124641656,rs10217141,CC,CC,CT,100,85,23,NC_000009.12,Mutation NB - Maternal Origin,Transition - Pyrimidine/Pyrimidine,Unsolved
129236017,rs11790192,GG,AA,GG,79,100,18,NC_000009.12,Mutation NB - Maternal Origin,Transition - Purine/Purine,A>G
129236031,rs11790193,TT,AA,TT,79,100,18,NC_000009.12,Mutation NB - Maternal Origin,Transversion - Purine/Pyrimidine,A>T
129404209,rs2151127,GG,GG,GC,100,94,40,NC_000009.12,Mutation NB - Maternal Origin,Transition - Purine/Purine,Transversion - Purine/Pyrimidine,Unsolved
129513973,rs116224883,GG,GG,GA,100,88,58,NC_000009.12,Mutation NB - Maternal Origin,Transition - Purine/Purine,Unsolved
129514086,rs62584663,CC,CT,TT,91,32,9,NC_000009.12,Mutation NB - Paternal Origin,Transition - Pyrimidine/Pyrimidine,C>T
129514112,rs1721637,CC,CA,AA,91,32,9,NC_000009.12,Mutation NB - Paternal Origin,Transversion - Purine/Pyrimidine,C>A
129752968,rs11792431,AA,GG,GG,82,82,21,NC_000009.12,Mutation NB - Paternal Origin,Transition - Purine/Purine,A>G
130450261,.,TT,TT,TC,46,64,47,NC_000009.12,Mutation NB - Paternal Origin,Transition - Pyrimidine/Pyrimidine,Unsolved
131038176,rs3780274,CC,CC,CT,67,100,99,NC_000009.12,Mutation NB - Paternal Origin,Transition - Pyrimidine/Pyrimidine,Unsolved
131217745,.,AA,AA,AG,61,52,47,NC_000009.12,Mutation NB - Maternal Origin,Transition - Purine/Purine,Unsolved
131591313,rs12344857,CG,CC,GG,1,82,12,NC_000009.12,Mutation NB - Maternal Origin,Transversion - Purine/Pyrimidine,C>G
132222458,rs7031517,AA,AA,AG,100,85,24,NC_000009.12,Mutation NB - Maternal Origin,Transition - Purine/Purine,Unsolved
132422674,rs944616,GG,AA,AA,85,79,0,NC_000009.12,Mutation NB - Paternal Origin,Transition - Purine/Purine,G>A
133591485,rs7040825,TT,CC,CC,100,70,18,NC_000009.12,Mutation NB - Paternal Origin,Transition - Pyrimidine/Pyrimidine,T>C
133591503,rs7023289,AA,GG,GG,100,70,18,NC_000009.12,Mutation NB - Paternal Origin,Transition - Purine/Purine,A>G
133762048,.,GG,GG,GA,67,91,65,NC_000009.12,Mutation NB - Paternal Origin,Transition - Purine/Purine,Unsolved
133801795,rs1005876,TT,TT,TC,85,70,99,NC_000009.12,Mutation NB - Maternal Origin,Transition - Pyrimidine/Pyrimidine,Unsolved
134035573,.,GG,GG,GT,82,70,89,NC_000009.12,Mutation NB - Maternal Origin,Transversion - Purine/Pyrimidine,Unsolved
134558702,.,TT,TT,TC,52,73,43,NC_000009.12,Mutation NB - Paternal Origin,Transition - Pyrimidine/Pyrimidine,Unsolved
134780695,rs7861012,CC,CC,CG,61,100,65,NC_000009.12,Mutation NB - Paternal Origin,Transversion - Purine/Pyrimidine,Unsolved
134931902,.,TT,TT,TC,64,67,50,NC_000009.12,Mutation NB - Paternal Origin,Transition - Pyrimidine/Pyrimidine,Unsolved
135686070,rs515074,GG,GG,GA,100,79,97,NC_000009.12,Mutation NB - Maternal Origin,Transition - Purine/Purine,Unsolved
135712008,rs13301711,CC,CC,CT,88,79,95,NC_000009.12,Mutation NB - Maternal Origin,Transition - Pyrimidine/Pyrimidine,Unsolved
135922034,rs11103219,CC,AA,CC,91,91,9,NC_000009.12,Mutation NB - Maternal Origin,Transversion - Purine/Pyrimidine,A>C
136079653,rs11103316,CG,GG,CC,25,85,0,NC_000009.12,Mutation NB - Maternal Origin,Transversion - Purine/Pyrimidine,G>C
136079665,rs11103317,GA,AA,GG,1,85,0,NC_000009.12,Mutation NB - Maternal Origin,Transition - Purine/Purine,A>G
136131607,rs76997145,CC,CC,CT,88,100,99,NC_000009.12,Mutation NB - Paternal Origin,Transition - Pyrimidine/Pyrimidine,Unsolved
136161161,rs77190494,GG,AA,GG,76,77,15,NC_000009.12,Mutation NB - Maternal Origin,Transition - Purine/Purine,A>G
96249,rs10400115,TA,TT,AA,18,100,9,NC_000010.11,Mutation NB - Maternal Origin,Transversion - Purine/Pyrimidine,T>A
2214205,rs11597710,CC,CC,CT,91,73,99,NC_000010.11,Mutation NB - Maternal Origin,Transition - Pyrimidine/Pyrimidine,Unsolved
2214258,rs10903698,CC,CA,AA,91,41,24,NC_000010.11,Mutation NB - Paternal Origin,Transversion - Purine/Pyrimidine,C>A
4015768,rs528211050,GG,GG,GT,73,100,75,NC_000010.11,Mutation NB - Paternal Origin,Transversion - Purine/Pyrimidine,Unsolved
4015906,rs138494508,AA,AA,AG,64,100,58,NC_000010.11,Mutation NB - Paternal Origin,Transition - Purine/Purine,Unsolved
5756077,.,AA,AA,AG,88,73,59,NC_000010.11,Mutation NB - Maternal Origin,Transition - Purine/Purine,Unsolved
6172917,rs669534,CC,GG,CC,67,76,12,NC_000010.11,Mutation NB - Maternal Origin,Transversion - Purine/Pyrimidine,G>C
7211371,.,AA,AA,AG,58,49,53,NC_000010.11,Mutation NB - Maternal Origin,Transition - Purine/Purine,Unsolved
7880109,rs1018700,CC,TT,TT,71,67,0,NC_000010.11,Mutation NB - Paternal Origin,Transition - Pyrimidine/Pyrimidine,C>T
11679103,rs12358692,TT,TT,CC,88,85,0,NC_000010.11,Mutation NB - Maternal Origin,Transition - Pyrimidine/Pyrimidine,Unsolved
11679120,rs11257242,GG,GG,CC,88,85,0,NC_000010.11,Mutation NB - Maternal Origin,Transversion - Purine/Pyrimidine,Unsolved
12433838,rs1125791,GG,TT,TT,88,91,9,NC_000010.11,Mutation NB - Paternal Origin,Transversion - Purine/Pyrimidine,G>T
12957293,rs11258083,GG,TG,TT,58,6,0,NC_000010.11,Mutation NB - Paternal Origin,Transversion - Purine/Pyrimidine,G>T
13930482,rs10796144,CC,TT,CC,82,91,18,NC_000010.11,Mutation NB - Maternal Origin,Transition - Pyrimidine/Pyrimidine,T>C
15363517,.,AA,AA,AG,85,82,68,NC_000010.11,Mutation NB - Maternal Origin,Transition - Purine/Purine,Unsolved
16669013,rs7088378,TT,TT,TC,100,82,72,NC_000010.11,Mutation NB - Maternal Origin,Transition - Pyrimidine/Pyrimidine,Unsolved
20128197,rs10764205,AA,GG,AA,49,70,0,NC_000010.11,Mutation NB - Maternal Origin,Transition - Purine/Purine,G>A
20574316,rs12355783,CC,TC,TT,85,1,0,NC_000010.11,Mutation NB - Paternal Origin,Transition - Pyrimidine/Pyrimidine,C>T
23438695,.,TT,TT,TC,76,82,55,NC_000010.11,Mutation NB - Paternal Origin,Transition - Pyrimidine/Pyrimidine,Unsolved
26936932,rs12220671,GG,GG,GA,79,85,99,NC_000010.11,Mutation NB - Paternal Origin,Transition - Purine/Purine,Unsolved
27226658,rs1389169469,GG,GG,GT,82,88,85,NC_000010.11,Mutation NB - Paternal Origin,Transversion - Purine/Pyrimidine,Unsolved
29056744,rs2783612,CC,CC,CA,91,85,71,NC_000010.11,Mutation NB - Maternal Origin,Transversion - Purine/Pyrimidine,Unsolved
29056908,rs2783611,CC,CC,CT,100,70,99,NC_000010.11,Mutation NB - Maternal Origin,Transition - Pyrimidine/Pyrimidine,Unsolved
29821375,rs10763758,CC,TT,TT,79,91,9,NC_000010.11,Mutation NB - Paternal Origin,Transition - Pyrimidine/Pyrimidine,C>T
29860151,.,TT,TT,TA,85,73,42,NC_000010.11,Mutation NB - Maternal Origin,Transition - Pyrimidine/Pyrimidine,Transversion - Purine/Pyrimidine,Unsolved
30779474,rs67673410,GA,GG,AA,1,58,9,NC_000010.11,Mutation NB - Maternal Origin,Transition - Purine/Purine,G>A
32219347,rs57267310,CC,CC,CT,82,85,72,NC_000010.11,Mutation NB - Paternal Origin,Transition - Pyrimidine/Pyrimidine,Unsolved
32219357,rs57926720,GG,GG,GA,79,85,72,NC_000010.11,Mutation NB - Paternal Origin,Transition - Purine/Purine,Unsolved
42464996,rs150825017,AA,CC,AA,91,85,12,NC_000010.11,Mutation NB - Maternal Origin,Transversion - Purine/Pyrimidine,C>A
42464997,rs139826915,AA,CC,AA,91,85,12,NC_000010.11,Mutation NB - Maternal Origin,Transversion - Purine/Pyrimidine,C>A
42879095,rs3123752,CT,CC,TT,2,79,9,NC_000010.11,Mutation NB - Maternal Origin,Transversion - Purine/Pyrimidine,C>T
44016344,rs10899969,TT,TT,TA,70,92,99,NC_000010.11,Mutation NB - Paternal Origin,Transition - Pyrimidine/Pyrimidine,Transversion - Purine/Pyrimidine,Unsolved
44480937,.,TT,TT,TC,76,79,59,NC_000010.11,Mutation NB - Paternal Origin,Transition - Pyrimidine/Pyrimidine,Unsolved
48242400,rs280612,GG,AG,AA,88,41,0,NC_000010.11,Mutation NB - Paternal Origin,Transition - Purine/Purine,G>A
48598563,.,AA,AA,AG,76,49,62,NC_000010.11,Mutation NB - Maternal Origin,Transition - Purine/Purine,Unsolved
58009234,rs1930476,CC,CC,TC,91,82,98,NC_000010.11,Mutation NB - Maternal Origin,Transition - Pyrimidine/Pyrimidine,Unsolved
58081364,rs55775510,GA,GG,AA,2,91,12,NC_000010.11,Mutation NB - Maternal Origin,Transition - Purine/Purine,G>A
61552021,.,AA,AA,AT,64,55,44,NC_000010.11,Mutation NB - Maternal Origin,Transversion - Purine/Pyrimidine,Unsolved
62465371,rs12781954,GA,GG,AA,35,91,18,NC_000010.11,Mutation NB - Maternal Origin,Transition - Purine/Purine,G>A
62762354,rs224033,GG,CG,CC,91,1,18,NC_000010.11,Mutation NB - Paternal Origin,Transversion - Purine/Pyrimidine,G>C
65101186,rs116583911,CC,CC,TT,100,91,12,NC_000010.11,Mutation NB - Maternal Origin,Transition - Pyrimidine/Pyrimidine,Unsolved
65101203,rs61858828,GG,CC,CC,91,91,12,NC_000010.11,Mutation NB - Paternal Origin,Transversion - Purine/Pyrimidine,G>C
66256929,rs12357728,GG,AA,AA,67,61,0,NC_000010.11,Mutation NB - Paternal Origin,Transition - Purine/Purine,G>A
67746893,.,AA,AA,AG,67,85,41,NC_000010.11,Mutation NB - Paternal Origin,Transition - Purine/Purine,Unsolved
69743430,rs78491330,CT,CC,TT,1,100,18,NC_000010.11,Mutation NB - Maternal Origin,Transversion - Purine/Pyrimidine,C>T
69816779,rs10998982,CC,AA,CC,85,79,12,NC_000010.11,Mutation NB - Maternal Origin,Transversion - Purine/Pyrimidine,A>C
69893339,rs11598413,GG,GG,GA,100,73,52,NC_000010.11,Mutation NB - Maternal Origin,Transition - Purine/Purine,Unsolved
70377035,rs10999305,AA,GG,AA,85,100,24,NC_000010.11,Mutation NB - Maternal Origin,Transition - Purine/Purine,G>A
70717476,rs10999479,TT,GG,GG,85,85,12,NC_000010.11,Mutation NB - Paternal Origin,Transversion - Purine/Pyrimidine,T>G
70977649,rs7913530,TT,CT,CC,85,1,0,NC_000010.11,Mutation NB - Paternal Origin,Transition - Pyrimidine/Pyrimidine,T>C
71329280,rs10999777,TT,CC,TT,79,91,27,NC_000010.11,Mutation NB - Maternal Origin,Transition - Pyrimidine/Pyrimidine,C>T
76003163,rs11001572,AA,TT,AA,73,91,24,NC_000010.11,Mutation NB - Maternal Origin,Transversion - Purine/Pyrimidine,T>A
76648542,.,TT,TT,TC,49,19,53,NC_000010.11,Mutation NB - Maternal Origin,Transition - Pyrimidine/Pyrimidine,Unsolved
77359153,rs2093736978,CC,CC,CT,46,28,46,NC_000010.11,Mutation NB - Maternal Origin,Transition - Pyrimidine/Pyrimidine,Unsolved
77603296,rs1849909,CC,GG,CC,91,88,12,NC_000010.11,Mutation NB - Maternal Origin,Transversion - Purine/Pyrimidine,G>C
78231333,rs2434124,CA,AA,CC,4,70,0,NC_000010.11,Mutation NB - Maternal Origin,A>C
79317538,rs11002924,GG,GG,GA,100,73,98,NC_000010.11,Mutation NB - Maternal Origin,Transition - Purine/Purine,Unsolved
79336832,rs1317617,GA,AA,GG,32,82,15,NC_000010.11,Mutation NB - Maternal Origin,Transition - Purine/Purine,A>G
79441488,.,AA,AA,AG,49,46,41,NC_000010.11,Mutation NB - Maternal Origin,Transition - Purine/Purine,Unsolved
80986371,rs2345221,CC,TT,CC,82,91,15,NC_000010.11,Mutation NB - Maternal Origin,Transition - Pyrimidine/Pyrimidine,T>C
84353778,rs61865019,TT,CC,TT,91,85,12,NC_000010.11,Mutation NB - Maternal Origin,Transition - Pyrimidine/Pyrimidine,C>T
84589003,rs12765932,GG,GG,GA,85,61,33,NC_000010.11,Mutation NB - Maternal Origin,Transition - Purine/Purine,Unsolved
84940443,rs1572694,GG,AA,AA,49,91,0,NC_000010.11,Mutation NB - Paternal Origin,Transition - Purine/Purine,G>A
86351035,rs10887582,CC,TT,TT,79,43,42,NC_000010.11,Mutation NB - Paternal Origin,Transition - Pyrimidine/Pyrimidine,C>T
86976368,rs187580130,GG,GG,GA,76,100,99,NC_000010.11,Mutation NB - Paternal Origin,Transition - Purine/Purine,Unsolved
89239573,.,AA,AA,AG,58,82,48,NC_000010.11,Mutation NB - Paternal Origin,Transition - Purine/Purine,Unsolved
89576173,.,TT,TT,TA,85,82,99,NC_000010.11,Mutation NB - Maternal Origin,Transition - Pyrimidine/Pyrimidine,Transversion - Purine/Pyrimidine,Unsolved
96475360,rs9663989,CC,AA,CC,76,100,9,NC_000010.11,Mutation NB - Maternal Origin,Transversion - Purine/Pyrimidine,A>C
96486983,rs874370,AA,AG,GG,85,1,9,NC_000010.11,Mutation NB - Paternal Origin,Transition - Purine/Purine,A>G
96493100,rs1886279,GG,GG,GA,88,100,30,NC_000010.11,Mutation NB - Paternal Origin,Transition - Purine/Purine,Unsolved
97821519,rs7088778,TT,TT,TG,100,67,68,NC_000010.11,Mutation NB - Maternal Origin,Transition - Pyrimidine/Pyrimidine,Transversion - Purine/Pyrimidine,Unsolved
100655264,rs4376836,CC,TC,TT,79,37,21,NC_000010.11,Mutation NB - Paternal Origin,Transition - Pyrimidine/Pyrimidine,C>T
101156197,rs4919531,AA,AA,AT,91,100,59,NC_000010.11,Mutation NB - Paternal Origin,Transversion - Purine/Pyrimidine,Unsolved
101272679,rs7067714,GG,AA,AA,79,82,0,NC_000010.11,Mutation NB - Paternal Origin,Transition - Purine/Purine,G>A
101342508,.,AA,AA,AG,67,100,47,NC_000010.11,Mutation NB - Paternal Origin,Transition - Purine/Purine,Unsolved
102066106,rs200584437,GG,CC,GG,82,88,9,NC_000010.11,Mutation NB - Maternal Origin,Transversion - Purine/Pyrimidine,C>G
102655744,rs3862032,AA,GG,AA,67,76,18,NC_000010.11,Mutation NB - Maternal Origin,Transition - Purine/Purine,G>A
103022800,rs7906754,TT,TT,TC,82,100,21,NC_000010.11,Mutation NB - Paternal Origin,Transition - Pyrimidine/Pyrimidine,Unsolved
104323819,.,TT,TT,TC,67,64,59,NC_000010.11,Mutation NB - Maternal Origin,Transition - Pyrimidine/Pyrimidine,Unsolved
106650909,.,CC,CC,CT,76,70,86,NC_000010.11,Mutation NB - Maternal Origin,Transition - Pyrimidine/Pyrimidine,Unsolved
109041501,rs75040511,AA,GG,GG,64,31,0,NC_000010.11,Mutation NB - Paternal Origin,Transition - Purine/Purine,A>G
110345969,.,AA,AA,AG,58,61,44,NC_000010.11,Mutation NB - Paternal Origin,Transition - Purine/Purine,Unsolved
112055938,rs115437475,AA,CC,CC,79,64,36,NC_000010.11,Mutation NB - Paternal Origin,Transversion - Purine/Pyrimidine,A>C
113224332,rs12253634,AA,GG,GG,73,22,0,NC_000010.11,Mutation NB - Paternal Origin,Transition - Purine/Purine,A>G
114101097,rs12782306,CC,TT,CC,73,85,0,NC_000010.11,Mutation NB - Maternal Origin,Transition - Pyrimidine/Pyrimidine,T>C
114300628,rs2286396,TT,CC,CC,82,76,18,NC_000010.11,Mutation NB - Paternal Origin,Transition - Pyrimidine/Pyrimidine,T>C
114493106,rs2475228,GG,AA,GG,79,100,12,NC_000010.11,Mutation NB - Maternal Origin,Transition - Purine/Purine,A>G
114885705,rs12411997,CC,CC,CT,100,85,99,NC_000010.11,Mutation NB - Maternal Origin,Transition - Pyrimidine/Pyrimidine,Unsolved
117140596,rs10886044,AA,GG,AA,79,88,12,NC_000010.11,Mutation NB - Maternal Origin,Transition - Purine/Purine,G>A
117140605,rs4752032,GG,AA,GG,79,88,0,NC_000010.11,Mutation NB - Maternal Origin,Transition - Purine/Purine,A>G
117427134,rs181497,TT,CC,TT,76,85,27,NC_000010.11,Mutation NB - Maternal Origin,Transition - Pyrimidine/Pyrimidine,C>T
117681223,.,CC,CC,CA,86,61,33,NC_000010.11,Mutation NB - Maternal Origin,Transversion - Purine/Pyrimidine,Unsolved
118608811,rs77592349,TT,CC,CC,88,88,33,NC_000010.11,Mutation NB - Paternal Origin,Transition - Pyrimidine/Pyrimidine,T>C
119003615,rs690987,GG,GG,GA,70,100,68,NC_000010.11,Mutation NB - Paternal Origin,Transition - Purine/Purine,Unsolved
121312527,rs3981035,CC,CC,CG,85,100,61,NC_000010.11,Mutation NB - Paternal Origin,Transversion - Purine/Pyrimidine,Unsolved
121670615,rs10886963,GG,AA,AA,88,85,0,NC_000010.11,Mutation NB - Paternal Origin,Transition - Purine/Purine,G>A
123237626,rs11248469,TT,CC,TT,85,76,9,NC_000010.11,Mutation NB - Maternal Origin,Transition - Pyrimidine/Pyrimidine,C>T
123558715,rs10902952,GG,TT,GG,85,88,12,NC_000010.11,Mutation NB - Maternal Origin,Transition - Purine/Purine,Transversion - Purine/Pyrimidine,T>G
124289051,rs78399111,GG,GG,GA,73,79,99,NC_000010.11,Mutation NB - Paternal Origin,Transition - Purine/Purine,Unsolved
124468287,rs2807046,AA,AA,AG,88,100,65,NC_000010.11,Mutation NB - Paternal Origin,Transition - Purine/Purine,Unsolved
124537603,rs10901754,TT,AA,TT,100,64,0,NC_000010.11,Mutation NB - Maternal Origin,Transversion - Purine/Pyrimidine,A>T
124537604,rs10901755,CC,GG,CC,100,64,0,NC_000010.11,Mutation NB - Maternal Origin,Transversion - Purine/Pyrimidine,G>C
128480204,rs35467644,AA,GG,GG,55,28,0,NC_000010.11,Mutation NB - Paternal Origin,Transition - Purine/Purine,A>G
128623898,rs4750984,CC,TT,TT,91,76,9,NC_000010.11,Mutation NB - Paternal Origin,Transition - Pyrimidine/Pyrimidine,C>T
129059331,rs111793464,GG,GG,GA,52,100,99,NC_000010.11,Mutation NB - Paternal Origin,Transition - Purine/Purine,Unsolved
129569894,rs12241553,AA,AA,AG,73,49,53,NC_000010.11,Mutation NB - Maternal Origin,Transition - Purine/Purine,Unsolved
129651223,rs2026976,CC,CC,CG,73,100,65,NC_000010.11,Mutation NB - Paternal Origin,Transversion - Purine/Pyrimidine,Unsolved
130045416,rs12250806,GG,AA,AA,100,88,15,NC_000010.11,Mutation NB - Paternal Origin,Transition - Purine/Purine,G>A
130188458,rs10764937,CC,CC,CT,100,88,68,NC_000010.11,Mutation NB - Maternal Origin,Transition - Pyrimidine/Pyrimidine,Unsolved
130770468,rs11017459,GG,CC,CC,82,61,0,NC_000010.11,Mutation NB - Paternal Origin,Transversion - Purine/Pyrimidine,G>C
130785254,rs4333935,AA,GG,AA,76,88,12,NC_000010.11,Mutation NB - Maternal Origin,Transition - Purine/Purine,G>A
131125618,rs10829907,GG,AA,GG,76,100,15,NC_000010.11,Mutation NB - Maternal Origin,Transition - Purine/Purine,A>G
132102782,rs913872,TC,CC,TT,29,91,9,NC_000010.11,Mutation NB - Maternal Origin,Transversion - Purine/Pyrimidine,C>T
132233789,rs2379235,AA,GA,GG,58,1,0,NC_000010.11,Mutation NB - Paternal Origin,Transition - Purine/Purine,A>G
132244119,rs10870276,TT,GG,GG,76,91,0,NC_000010.11,Mutation NB - Paternal Origin,Transversion - Purine/Pyrimidine,T>G
132355017,.,AA,AA,AG,55,76,42,NC_000010.11,Mutation NB - Paternal Origin,Transition - Purine/Purine,Unsolved
132380417,rs2069396505,AA,AA,AC,34,79,44,NC_000010.11,Mutation NB - Paternal Origin,Transversion - Purine/Pyrimidine,Unsolved
133058472,rs36006493,GG,GA,AA,88,77,21,NC_000010.11,Mutation NB - Paternal Origin,Transition - Purine/Purine,G>A
133271817,rs1131720,CC,TT,TT,82,79,15,NC_000010.11,Mutation NB - Paternal Origin,Transition - Pyrimidine/Pyrimidine,C>T
133533192,rs2070675,CC,TT,CC,67,73,0,NC_000010.11,Mutation NB - Maternal Origin,Transition - Pyrimidine/Pyrimidine,T>C
782563,rs11246310,GG,GG,GC,88,100,33,NC_000011.10,Mutation NB - Paternal Origin,Transition - Purine/Purine,Transversion - Purine/Pyrimidine,Unsolved
1751611,.,AA,AA,AG,61,43,41,NC_000011.10,Mutation NB - Maternal Origin,Transition - Purine/Purine,Unsolved
2158875,.,TT,TT,TC,73,52,56,NC_000011.10,Mutation NB - Maternal Origin,Transition - Pyrimidine/Pyrimidine,Unsolved
3219097,.,CC,CC,CT,64,91,50,NC_000011.10,Mutation NB - Paternal Origin,Transition - Pyrimidine/Pyrimidine,Unsolved
6631387,rs2659871,CC,CC,CT,91,100,99,NC_000011.10,Mutation NB - Paternal Origin,Transition - Pyrimidine/Pyrimidine,Unsolved
6905054,rs7123943,AA,GG,GG,91,88,9,NC_000011.10,Mutation NB - Paternal Origin,Transition - Purine/Purine,A>G
10456961,rs930672,AA,TT,AA,79,100,12,NC_000011.10,Mutation NB - Maternal Origin,Transversion - Purine/Pyrimidine,T>A
10715746,rs28620710,CC,CC,TT,100,76,18,NC_000011.10,Mutation NB - Maternal Origin,Transition - Pyrimidine/Pyrimidine,Unsolved
10715755,rs28725289,CC,CC,GG,100,76,18,NC_000011.10,Mutation NB - Maternal Origin,Transversion - Purine/Pyrimidine,Unsolved
11182208,rs2655080,AA,AA,AG,85,91,99,NC_000011.10,Mutation NB - Paternal Origin,Transition - Purine/Purine,Unsolved
13560270,rs10766096,TT,GG,TT,70,85,0,NC_000011.10,Mutation NB - Maternal Origin,Transversion - Purine/Pyrimidine,G>T
16978335,rs713503,CC,AA,CC,91,100,9,NC_000011.10,Mutation NB - Maternal Origin,Transversion - Purine/Pyrimidine,A>C
17599047,.,TT,TT,TC,88,82,60,NC_000011.10,Mutation NB - Maternal Origin,Transition - Pyrimidine/Pyrimidine,Unsolved
18226468,rs2468859,AA,AA,AT,100,76,30,NC_000011.10,Mutation NB - Maternal Origin,Transversion - Purine/Pyrimidine,Unsolved
19450275,rs1055699937,AA,AA,AG,67,55,47,NC_000011.10,Mutation NB - Maternal Origin,Transition - Purine/Purine,Unsolved
19609480,.,AA,AA,AG,82,79,47,NC_000011.10,Mutation NB - Maternal Origin,Transition - Purine/Purine,Unsolved
20623457,rs56147639,CA,CC,AA,32,88,9,NC_000011.10,Mutation NB - Maternal Origin,Transversion - Purine/Pyrimidine,C>A
21412918,rs11026074,AA,GG,GG,79,85,0,NC_000011.10,Mutation NB - Paternal Origin,Transition - Purine/Purine,A>G
23637444,.,AA,AA,AG,58,76,43,NC_000011.10,Mutation NB - Paternal Origin,Transition - Purine/Purine,Unsolved
24235152,rs78539127,TT,TT,TA,100,76,92,NC_000011.10,Mutation NB - Maternal Origin,Transition - Pyrimidine/Pyrimidine,Transversion - Purine/Pyrimidine,Unsolved
25649048,.,TT,TT,TC,79,46,59,NC_000011.10,Mutation NB - Maternal Origin,Transition - Pyrimidine/Pyrimidine,Unsolved
30687936,.,AA,AA,AG,64,73,59,NC_000011.10,Mutation NB - Paternal Origin,Transition - Purine/Purine,Unsolved
32044590,rs224624,GG,GG,GA,79,100,88,NC_000011.10,Mutation NB - Paternal Origin,Transition - Purine/Purine,Unsolved
32500426,rs11031829,GG,GG,GA,100,91,18,NC_000011.10,Mutation NB - Maternal Origin,Transition - Purine/Purine,Unsolved
32705118,rs12363452,TT,CC,TT,76,100,39,NC_000011.10,Mutation NB - Maternal Origin,Transition - Pyrimidine/Pyrimidine,C>T
32994663,rs10835997,TC,TT,CC,1,49,12,NC_000011.10,Mutation NB - Maternal Origin,Transition - Pyrimidine/Pyrimidine,T>C
33864748,rs2038602,GG,AA,AA,76,70,0,NC_000011.10,Mutation NB - Paternal Origin,Transition - Purine/Purine,G>A
34894798,rs2986427,GG,GG,GA,85,91,99,NC_000011.10,Mutation NB - Paternal Origin,Transition - Purine/Purine,Unsolved
39656174,.,TT,TT,TC,70,70,62,NC_000011.10,Mutation NB - Paternal or Maternal,Transition - Pyrimidine/Pyrimidine,Unsolved
41116973,rs12576497,CC,TT,TT,91,79,36,NC_000011.10,Mutation NB - Paternal Origin,Transition - Pyrimidine/Pyrimidine,C>T
41334783,.,TT,TT,TC,79,52,64,NC_000011.10,Mutation NB - Maternal Origin,Transition - Pyrimidine/Pyrimidine,Unsolved
44877008,rs4755908,CC,CC,CT,100,100,65,NC_000011.10,Mutation NB - Paternal or Maternal,Transition - Pyrimidine/Pyrimidine,Unsolved
45206374,.,TT,TT,TC,70,70,41,NC_000011.10,Mutation NB - Paternal or Maternal,Transition - Pyrimidine/Pyrimidine,Unsolved
47924010,rs969894000,AA,AA,AT,100,82,65,NC_000011.10,Mutation NB - Maternal Origin,Transversion - Purine/Pyrimidine,Unsolved
47924027,rs2930189,AA,GA,GG,79,1,12,NC_000011.10,Mutation NB - Paternal Origin,Transition - Purine/Purine,A>G
48533223,rs11603891,AA,GG,AA,76,70,15,NC_000011.10,Mutation NB - Maternal Origin,Transition - Purine/Purine,G>A
50149735,rs1853013512,GG,GA,AA,73,70,24,NC_000011.10,Mutation NB - Paternal Origin,Transition - Purine/Purine,G>A
55238309,rs2164122,AA,GG,GG,88,91,12,NC_000011.10,Mutation NB - Paternal Origin,Transition - Purine/Purine,A>G
56561213,rs10792042,AA,GG,GG,55,76,0,NC_000011.10,Mutation NB - Paternal Origin,Transition - Purine/Purine,A>G
57369823,rs2276040,GG,GG,AA,100,100,12,NC_000011.10,Mutation NB - Paternal or Maternal,Transition - Purine/Purine,Unsolved
57423910,.,TT,TT,TC,25,82,41,NC_000011.10,Mutation NB - Paternal Origin,Transition - Pyrimidine/Pyrimidine,Unsolved
62157900,rs1675079,GG,AA,GG,91,100,18,NC_000011.10,Mutation NB - Maternal Origin,Transition - Purine/Purine,A>G
63419347,rs629479,TT,TT,TC,88,91,68,NC_000011.10,Mutation NB - Paternal Origin,Transition - Pyrimidine/Pyrimidine,Unsolved
64656897,rs11231848,GG,AA,GG,76,88,9,NC_000011.10,Mutation NB - Maternal Origin,Transition - Purine/Purine,A>G
65219657,rs239255,GG,GA,AA,100,1,30,NC_000011.10,Mutation NB - Paternal Origin,Transition - Purine/Purine,G>A
66059893,.,TT,TT,TC,82,82,68,NC_000011.10,Mutation NB - Paternal or Maternal,Transition - Pyrimidine/Pyrimidine,Unsolved
66880612,rs7103627,GG,AG,AA,82,38,21,NC_000011.10,Mutation NB - Paternal Origin,Transition - Purine/Purine,G>A
67250336,.,AA,AA,AG,82,40,42,NC_000011.10,Mutation NB - Maternal Origin,Transition - Purine/Purine,Unsolved
68939378,.,CC,CC,CT,43,76,50,NC_000011.10,Mutation NB - Paternal Origin,Transition - Pyrimidine/Pyrimidine,Unsolved
69096583,rs149201217,CC,CC,CT,100,91,27,NC_000011.10,Mutation NB - Maternal Origin,Transition - Pyrimidine/Pyrimidine,Unsolved
70132467,.,AA,AA,AG,79,76,49,NC_000011.10,Mutation NB - Maternal Origin,Transition - Purine/Purine,Unsolved
70865191,.,GG,GG,GA,70,85,41,NC_000011.10,Mutation NB - Paternal Origin,Transition - Purine/Purine,Unsolved
71387169,rs1626891,AA,GG,GG,91,79,9,NC_000011.10,Mutation NB - Paternal Origin,Transition - Purine/Purine,A>G
71452430,rs2002063,TT,CC,TT,76,58,0,NC_000011.10,Mutation NB - Maternal Origin,Transition - Pyrimidine/Pyrimidine,C>T
72657942,rs3781916,TT,TG,GG,100,1,18,NC_000011.10,Mutation NB - Paternal Origin,Transversion - Purine/Pyrimidine,T>G
73238127,rs4944832,GG,GG,GA,100,85,30,NC_000011.10,Mutation NB - Maternal Origin,Transition - Purine/Purine,Unsolved
76681598,rs61893521,AA,GG,GG,88,67,12,NC_000011.10,Mutation NB - Paternal Origin,Transition - Purine/Purine,A>G
77188189,.,TT,TT,TC,76,82,40,NC_000011.10,Mutation NB - Paternal Origin,Transition - Pyrimidine/Pyrimidine,Unsolved
77209292,rs868658,AA,GG,AA,76,100,42,NC_000011.10,Mutation NB - Maternal Origin,Transition - Purine/Purine,G>A
79389118,rs1390090468,TT,TT,TC,55,55,65,NC_000011.10,Mutation NB - Paternal or Maternal,Transition - Pyrimidine/Pyrimidine,Unsolved
79895744,rs11238023,CC,TT,CC,61,88,33,NC_000011.10,Mutation NB - Maternal Origin,Transition - Pyrimidine/Pyrimidine,T>C
82749365,rs35976718,CC,CT,TT,76,6,24,NC_000011.10,Mutation NB - Paternal Origin,Transition - Pyrimidine/Pyrimidine,C>T
83304160,.,GG,GG,GT,82,58,50,NC_000011.10,Mutation NB - Maternal Origin,Transversion - Purine/Pyrimidine,Unsolved
83784365,.,AA,AA,AG,52,46,65,NC_000011.10,Mutation NB - Maternal Origin,Transition - Purine/Purine,Unsolved
83837639,.,TT,TT,TC,55,76,56,NC_000011.10,Mutation NB - Paternal Origin,Transition - Pyrimidine/Pyrimidine,Unsolved
86261512,.,TT,TT,TC,82,76,45,NC_000011.10,Mutation NB - Maternal Origin,Transition - Pyrimidine/Pyrimidine,Unsolved
86526440,rs10898493,GC,GG,CC,35,88,12,NC_000011.10,Mutation NB - Maternal Origin,Transversion - Purine/Pyrimidine,G>C
87497637,.,TT,TT,TC,88,82,56,NC_000011.10,Mutation NB - Maternal Origin,Transition - Pyrimidine/Pyrimidine,Unsolved
87861180,rs184790173,TT,TT,TC,79,100,99,NC_000011.10,Mutation NB - Paternal Origin,Transition - Pyrimidine/Pyrimidine,Unsolved
87861181,rs11235340,CC,CC,CG,79,100,99,NC_000011.10,Mutation NB - Paternal Origin,Transversion - Purine/Pyrimidine,Unsolved
88391958,rs10830781,GG,GA,AA,100,50,24,NC_000011.10,Mutation NB - Paternal Origin,Transition - Purine/Purine,G>A
92212299,rs7108482,GG,TT,GG,85,76,12,NC_000011.10,Mutation NB - Maternal Origin,Transition - Purine/Purine,Transversion - Purine/Pyrimidine,T>G
93758298,rs653939,GG,AA,AA,88,91,15,NC_000011.10,Mutation NB - Paternal Origin,Transition - Purine/Purine,G>A
94618722,rs584426,AT,TT,AA,1,88,0,NC_000011.10,Mutation NB - Maternal Origin,Transversion - Purine/Pyrimidine,T>A
98184797,rs112126172,AA,AA,AT,76,100,99,NC_000011.10,Mutation NB - Paternal Origin,Transversion - Purine/Pyrimidine,Unsolved
100025421,rs11530632,CC,GG,GG,88,91,9,NC_000011.10,Mutation NB - Paternal Origin,Transversion - Purine/Pyrimidine,C>G
100025460,rs11222417,CC,AA,AA,70,82,9,NC_000011.10,Mutation NB - Paternal Origin,Transversion - Purine/Pyrimidine,C>A
105411587,rs60064890,AA,GG,GG,91,64,0,NC_000011.10,Mutation NB - Paternal Origin,Transition - Purine/Purine,A>G
109739163,rs2716049,CC,CA,AA,88,29,9,NC_000011.10,Mutation NB - Paternal Origin,Transversion - Purine/Pyrimidine,C>A
111938765,rs10891301,CC,TT,CC,91,85,0,NC_000011.10,Mutation NB - Maternal Origin,Transition - Pyrimidine/Pyrimidine,T>C
112814433,rs682281,TT,AA,AA,82,91,9,NC_000011.10,Mutation NB - Paternal Origin,Transversion - Purine/Pyrimidine,T>A
113691005,rs11607690,GG,GG,GA,100,61,68,NC_000011.10,Mutation NB - Maternal Origin,Transition - Purine/Purine,Unsolved
113880820,.,CC,CC,CT,64,64,45,NC_000011.10,Mutation NB - Paternal or Maternal,Transition - Pyrimidine/Pyrimidine,Unsolved
114456431,rs34663079,CC,TT,CC,91,100,9,NC_000011.10,Mutation NB - Maternal Origin,Transition - Pyrimidine/Pyrimidine,T>C
116227917,rs10790114,TT,CC,CC,76,73,18,NC_000011.10,Mutation NB - Paternal Origin,Transition - Pyrimidine/Pyrimidine,T>C
116253515,.,TT,TT,TC,85,70,62,NC_000011.10,Mutation NB - Maternal Origin,Transition - Pyrimidine/Pyrimidine,Unsolved
116886582,.,AA,AA,AG,70,76,53,NC_000011.10,Mutation NB - Paternal Origin,Transition - Purine/Purine,Unsolved
117777752,rs7128169,CC,GG,GG,73,67,0,NC_000011.10,Mutation NB - Paternal Origin,Transversion - Purine/Pyrimidine,C>G
117799567,rs7943887,GG,CC,CC,88,76,24,NC_000011.10,Mutation NB - Paternal Origin,Transversion - Purine/Pyrimidine,G>C
118887380,rs497916,CC,CT,TT,91,35,9,NC_000011.10,Mutation NB - Paternal Origin,Transition - Pyrimidine/Pyrimidine,C>T
121246064,rs7115337,GG,TT,TT,82,70,0,NC_000011.10,Mutation NB - Paternal Origin,Transversion - Purine/Pyrimidine,G>T
121246077,rs7129508,AA,CC,CC,82,70,0,NC_000011.10,Mutation NB - Paternal Origin,Transversion - Purine/Pyrimidine,A>C
124094738,rs11219454,TT,CC,TT,91,85,12,NC_000011.10,Mutation NB - Maternal Origin,Transition - Pyrimidine/Pyrimidine,C>T
124869952,rs781112996,GG,GG,GA,49,52,47,NC_000011.10,Mutation NB - Paternal Origin,Transition - Purine/Purine,Unsolved
125194769,rs949866839,TT,TT,TC,34,28,53,NC_000011.10,Mutation NB - Maternal Origin,Transition - Pyrimidine/Pyrimidine,Unsolved
125240183,rs34868999,GG,GG,AA,91,100,12,NC_000011.10,Mutation NB - Paternal Origin,Transition - Purine/Purine,Unsolved
126851919,rs4935997,TT,CC,TT,91,100,18,NC_000011.10,Mutation NB - Maternal Origin,Transition - Pyrimidine/Pyrimidine,C>T
126851929,rs4935998,GG,AA,GG,91,100,18,NC_000011.10,Mutation NB - Maternal Origin,Transition - Purine/Purine,A>G
127183122,rs1944819,AA,AA,AG,100,61,99,NC_000011.10,Mutation NB - Maternal Origin,Transition - Purine/Purine,Unsolved
128167057,rs11221181,AG,GG,AA,25,82,12,NC_000011.10,Mutation NB - Maternal Origin,Transition - Purine/Purine,G>A
128960119,rs74884045,TT,TT,TC,79,91,99,NC_000011.10,Mutation NB - Paternal Origin,Transition - Pyrimidine/Pyrimidine,Unsolved
130633973,rs1940535510,AA,AA,AG,52,64,52,NC_000011.10,Mutation NB - Paternal Origin,Transition - Purine/Purine,Unsolved
130775085,.,TT,TT,TC,88,28,47,NC_000011.10,Mutation NB - Maternal Origin,Transition - Pyrimidine/Pyrimidine,Unsolved
130796963,rs4937569,AA,GA,GG,91,1,18,NC_000011.10,Mutation NB - Paternal Origin,Transition - Purine/Purine,A>G
131238925,rs1003283746,GG,GG,GA,37,55,56,NC_000011.10,Mutation NB - Paternal Origin,Transition - Purine/Purine,Unsolved
132175197,rs7950239,AA,AA,AG,100,85,27,NC_000011.10,Mutation NB - Maternal Origin,Transition - Purine/Purine,Unsolved
132723803,rs525471,AA,GG,AA,67,100,36,NC_000011.10,Mutation NB - Maternal Origin,Transition - Purine/Purine,G>A
132943653,rs72653405,CT,CC,TT,36,85,9,NC_000011.10,Mutation NB - Maternal Origin,Transversion - Purine/Pyrimidine,C>T
133714876,rs138178376,CC,TT,CC,92,64,0,NC_000011.10,Mutation NB - Maternal Origin,Transition - Pyrimidine/Pyrimidine,T>C
134394612,rs75373472,TG,TT,GG,25,100,9,NC_000011.10,Mutation NB - Maternal Origin,Transversion - Purine/Pyrimidine,T>G
134394635,rs111711955,AG,AA,GG,1,100,9,NC_000011.10,Mutation NB - Maternal Origin,Transition - Purine/Purine,A>G
576040,rs2535422,CC,GG,GG,85,64,0,NC_000012.12,Mutation NB - Paternal Origin,Transversion - Purine/Pyrimidine,C>G
1501941,rs929316,AG,AA,GG,38,100,18,NC_000012.12,Mutation NB - Maternal Origin,Transition - Purine/Purine,A>G
2976657,rs12310078,GG,CC,CC,88,91,15,NC_000012.12,Mutation NB - Paternal Origin,Transversion - Purine/Pyrimidine,G>C
3113769,rs10848804,AA,AG,GG,91,2,21,NC_000012.12,Mutation NB - Paternal Origin,Transition - Purine/Purine,A>G
3408865,.,CC,CC,CA,76,73,45,NC_000012.12,Mutation NB - Maternal Origin,Transversion - Purine/Pyrimidine,Unsolved
4308508,rs4565981,CC,TC,TT,79,1,0,NC_000012.12,Mutation NB - Paternal Origin,Transition - Pyrimidine/Pyrimidine,C>T
6884121,rs377372804,GG,GG,GA,85,85,33,NC_000012.12,Mutation NB - Paternal or Maternal,Transition - Purine/Purine,Unsolved
7583625,.,TT,TT,TC,49,61,41,NC_000012.12,Mutation NB - Paternal Origin,Transition - Pyrimidine/Pyrimidine,Unsolved
9232362,rs16918212,CC,AA,CC,91,91,0,NC_000012.12,Mutation NB - Maternal Origin,Transversion - Purine/Pyrimidine,A>C
9232415,rs67312806,CC,TT,CC,91,91,0,NC_000012.12,Mutation NB - Maternal Origin,Transition - Pyrimidine/Pyrimidine,T>C
9674186,rs4763264,CC,GC,GG,61,1,12,NC_000012.12,Mutation NB - Paternal Origin,Transversion - Purine/Pyrimidine,C>G
10764370,.,AA,AA,AG,85,70,71,NC_000012.12,Mutation NB - Maternal Origin,Transition - Purine/Purine,Unsolved
12715518,rs3759217,CC,CC,CT,85,100,99,NC_000012.12,Mutation NB - Paternal Origin,Transition - Pyrimidine/Pyrimidine,Unsolved
12989008,rs850919,AA,CC,AA,88,100,12,NC_000012.12,Mutation NB - Maternal Origin,Transversion - Purine/Pyrimidine,C>A
13449460,rs55725203,CC,TT,TT,64,61,12,NC_000012.12,Mutation NB - Paternal Origin,Transition - Pyrimidine/Pyrimidine,C>T
18163015,rs4340104,AA,GG,GG,91,88,0,NC_000012.12,Mutation NB - Paternal Origin,Transition - Purine/Purine,A>G
20305752,rs12307794,CC,CC,CT,67,100,99,NC_000012.12,Mutation NB - Paternal Origin,Transition - Pyrimidine/Pyrimidine,Unsolved
26131017,rs11048415,AA,GG,AA,91,76,0,NC_000012.12,Mutation NB - Maternal Origin,Transition - Purine/Purine,G>A
27045142,rs61920379,AA,AA,AG,100,76,99,NC_000012.12,Mutation NB - Maternal Origin,Transition - Purine/Purine,Unsolved
29920998,rs10843561,GG,GG,GC,91,100,68,NC_000012.12,Mutation NB - Paternal Origin,Transition - Purine/Purine,Transversion - Purine/Pyrimidine,Unsolved
30192496,rs10771655,CT,CC,TT,50,82,18,NC_000012.12,Mutation NB - Maternal Origin,Transversion - Purine/Pyrimidine,C>T
32398946,rs75253278,GG,AA,AA,73,79,15,NC_000012.12,Mutation NB - Paternal Origin,Transition - Purine/Purine,G>A
34309973,rs12319285,CC,TT,CC,73,91,12,NC_000012.12,Mutation NB - Maternal Origin,Transition - Pyrimidine/Pyrimidine,T>C
41296000,rs79888928,GG,CC,CC,79,70,27,NC_000012.12,Mutation NB - Paternal Origin,Transversion - Purine/Pyrimidine,G>C
42173253,rs17091018,GG,GG,GA,70,100,99,NC_000012.12,Mutation NB - Paternal Origin,Transition - Purine/Purine,Unsolved
42633799,.,TT,TT,TC,70,37,47,NC_000012.12,Mutation NB - Maternal Origin,Transition - Pyrimidine/Pyrimidine,Unsolved
43177871,rs12296956,TT,TT,TA,88,100,24,NC_000012.12,Mutation NB - Paternal Origin,Transition - Pyrimidine/Pyrimidine,Transversion - Purine/Pyrimidine,Unsolved
43182134,.,AA,AA,AG,64,82,66,NC_000012.12,Mutation NB - Paternal Origin,Transition - Purine/Purine,Unsolved
45696353,rs1117846,GG,AA,AA,58,37,0,NC_000012.12,Mutation NB - Paternal Origin,Transition - Purine/Purine,G>A
46111062,rs1579810,TT,TT,TC,100,100,57,NC_000012.12,Mutation NB - Paternal or Maternal,Transition - Pyrimidine/Pyrimidine,Unsolved
47894463,rs11574026,GG,AA,GG,85,88,15,NC_000012.12,Mutation NB - Maternal Origin,Transition - Purine/Purine,A>G
47975110,rs12721428,CC,CC,CT,91,100,68,NC_000012.12,Mutation NB - Paternal Origin,Transition - Pyrimidine/Pyrimidine,Unsolved
51820859,.,CC,CC,CT,100,67,39,NC_000012.12,Mutation NB - Maternal Origin,Transition - Pyrimidine/Pyrimidine,Unsolved
52348364,rs1732311,CT,CC,TT,32,100,12,NC_000012.12,Mutation NB - Maternal Origin,Transversion - Purine/Pyrimidine,C>T
55969882,rs3213122,CC,CA,AA,61,1,15,NC_000012.12,Mutation NB - Paternal Origin,Transversion - Purine/Pyrimidine,C>A
57724465,rs2269720,TT,CC,TT,82,67,0,NC_000012.12,Mutation NB - Maternal Origin,Transition - Pyrimidine/Pyrimidine,C>T
59734574,rs2711670,AA,AG,GG,100,41,12,NC_000012.12,Mutation NB - Paternal Origin,Transition - Purine/Purine,A>G
61730230,rs12581195,AA,AG,GG,100,1,24,NC_000012.12,Mutation NB - Paternal Origin,Transition - Purine/Purine,A>G
62773755,rs7299622,GG,GA,AA,100,67,9,NC_000012.12,Mutation NB - Paternal Origin,Transition - Purine/Purine,G>A
62880833,rs1077402,TT,TT,TA,91,85,99,NC_000012.12,Mutation NB - Maternal Origin,Transition - Pyrimidine/Pyrimidine,Transversion - Purine/Pyrimidine,Unsolved
65458789,rs183101504,GG,GG,GA,82,79,41,NC_000012.12,Mutation NB - Maternal Origin,Transition - Purine/Purine,Unsolved
65806969,rs2583944,TT,TT,TC,91,100,78,NC_000012.12,Mutation NB - Paternal Origin,Transition - Pyrimidine/Pyrimidine,Unsolved
65806970,rs2583943,GG,GG,GA,91,100,78,NC_000012.12,Mutation NB - Paternal Origin,Transition - Purine/Purine,Unsolved
66982693,rs931790,AG,GG,AA,1,61,0,NC_000012.12,Mutation NB - Maternal Origin,Transition - Purine/Purine,G>A
67245569,.,TT,TT,TC,58,79,62,NC_000012.12,Mutation NB - Paternal Origin,Transition - Pyrimidine/Pyrimidine,Unsolved
67575301,rs11612943,CC,CC,CT,100,55,99,NC_000012.12,Mutation NB - Maternal Origin,Transition - Pyrimidine/Pyrimidine,Unsolved
75959553,rs2886950,TT,CC,TT,82,67,12,NC_000012.12,Mutation NB - Maternal Origin,Transition - Pyrimidine/Pyrimidine,C>T
81061721,rs2400868,GG,GG,GA,100,88,83,NC_000012.12,Mutation NB - Maternal Origin,Transition - Purine/Purine,Unsolved
82069666,rs7962517,TT,AT,AA,82,32,18,NC_000012.12,Mutation NB - Paternal Origin,Transversion - Purine/Pyrimidine,T>A
82361475,rs10862480,CC,TT,CC,88,76,9,NC_000012.12,Mutation NB - Maternal Origin,Transition - Pyrimidine/Pyrimidine,T>C
82553526,.,AA,AA,AG,82,76,40,NC_000012.12,Mutation NB - Maternal Origin,Transition - Purine/Purine,Unsolved
84128439,rs2170540,GG,CC,CC,100,88,18,NC_000012.12,Mutation NB - Paternal Origin,Transversion - Purine/Pyrimidine,G>C
94629232,.,AA,AA,AG,85,73,53,NC_000012.12,Mutation NB - Maternal Origin,Transition - Purine/Purine,Unsolved
97697510,rs7959574,AA,CC,AA,76,70,66,NC_000012.12,Mutation NB - Maternal Origin,Transversion - Purine/Pyrimidine,C>A
99530279,rs2373012,CC,TT,TT,100,91,18,NC_000012.12,Mutation NB - Paternal Origin,Transition - Pyrimidine/Pyrimidine,C>T
100099714,rs11110235,TT,TT,TC,100,76,71,NC_000012.12,Mutation NB - Maternal Origin,Transition - Pyrimidine/Pyrimidine,Unsolved
102596269,rs10860889,TT,CC,CC,76,76,0,NC_000012.12,Mutation NB - Paternal Origin,Transition - Pyrimidine/Pyrimidine,T>C
104140606,.,AA,AA,AG,82,64,47,NC_000012.12,Mutation NB - Maternal Origin,Transition - Purine/Purine,Unsolved
106551506,rs150279472,GG,TT,GG,61,76,0,NC_000012.12,Mutation NB - Maternal Origin,Transition - Purine/Purine,Transversion - Purine/Pyrimidine,T>G
108335538,.,GG,GG,GA,79,37,50,NC_000012.12,Mutation NB - Maternal Origin,Transition - Purine/Purine,Unsolved
108453459,rs17040551,GG,AA,GG,61,58,9,NC_000012.12,Mutation NB - Maternal Origin,Transition - Purine/Purine,A>G
109146550,rs741402,GG,AG,AA,91,32,0,NC_000012.12,Mutation NB - Paternal Origin,Transition - Purine/Purine,G>A
109702584,rs1420746,CC,TT,TT,76,76,0,NC_000012.12,Mutation NB - Paternal Origin,Transition - Pyrimidine/Pyrimidine,C>T
109714355,rs7958870,TT,CC,TT,68,70,9,NC_000012.12,Mutation NB - Maternal Origin,Transition - Pyrimidine/Pyrimidine,C>T
110024762,.,TT,TT,TC,55,43,62,NC_000012.12,Mutation NB - Maternal Origin,Transition - Pyrimidine/Pyrimidine,Unsolved
110632364,rs970228,GG,GG,GC,91,58,99,NC_000012.12,Mutation NB - Maternal Origin,Transition - Purine/Purine,Transversion - Purine/Pyrimidine,Unsolved
111444681,rs2238154,CC,AA,CC,85,67,15,NC_000012.12,Mutation NB - Maternal Origin,Transversion - Purine/Pyrimidine,A>C
112732744,.,TT,TT,TC,82,28,53,NC_000012.12,Mutation NB - Maternal Origin,Transition - Pyrimidine/Pyrimidine,Unsolved
112865785,rs113243280,AA,AA,GG,79,100,12,NC_000012.12,Mutation NB - Paternal Origin,Transition - Purine/Purine,Unsolved
113683405,rs11616159,GG,GG,GA,88,73,68,NC_000012.12,Mutation NB - Maternal Origin,Transition - Purine/Purine,Unsolved
114303177,rs10774749,AA,CA,CC,67,1,15,NC_000012.12,Mutation NB - Paternal Origin,Transversion - Purine/Pyrimidine,A>C
114711363,rs2384478,GA,GG,AA,70,82,9,NC_000012.12,Mutation NB - Maternal Origin,Transition - Purine/Purine,G>A
115512070,rs10850529,CC,GG,GG,55,82,0,NC_000012.12,Mutation NB - Paternal Origin,Transversion - Purine/Pyrimidine,C>G
116658481,.,TT,TT,TG,19,49,44,NC_000012.12,Mutation NB - Paternal Origin,Transition - Pyrimidine/Pyrimidine,Transversion - Purine/Pyrimidine,Unsolved
117100614,rs10774903,CC,CC,CG,88,64,65,NC_000012.12,Mutation NB - Maternal Origin,Transversion - Purine/Pyrimidine,Unsolved
117487706,rs1093308,TT,AA,AA,88,82,0,NC_000012.12,Mutation NB - Paternal Origin,Transversion - Purine/Pyrimidine,T>A
117643400,rs1976754,TC,TT,CC,29,100,24,NC_000012.12,Mutation NB - Maternal Origin,Transition - Pyrimidine/Pyrimidine,T>C
117847552,.,TT,TT,TC,70,73,53,NC_000012.12,Mutation NB - Paternal Origin,Transition - Pyrimidine/Pyrimidine,Unsolved
118238734,.,AA,AA,AG,73,91,47,NC_000012.12,Mutation NB - Paternal Origin,Transition - Purine/Purine,Unsolved
118371498,rs514826,AA,GG,GG,100,88,15,NC_000012.12,Mutation NB - Paternal Origin,Transition - Purine/Purine,A>G
120978819,rs1169289,CC,GG,GG,100,88,18,NC_000012.12,Mutation NB - Paternal Origin,Transversion - Purine/Pyrimidine,C>G
124805490,rs4038311,AA,GG,AA,70,91,21,NC_000012.12,Mutation NB - Maternal Origin,Transition - Purine/Purine,G>A
125484650,rs12809254,TT,TC,CC,100,77,15,NC_000012.12,Mutation NB - Paternal Origin,Transition - Pyrimidine/Pyrimidine,T>C
125530105,.,AA,AA,AG,91,52,50,NC_000012.12,Mutation NB - Maternal Origin,Transition - Purine/Purine,Unsolved
125674782,rs10082735,CC,CC,CT,100,91,27,NC_000012.12,Mutation NB - Maternal Origin,Transition - Pyrimidine/Pyrimidine,Unsolved
125849809,rs4765071,AA,GG,AA,79,88,15,NC_000012.12,Mutation NB - Maternal Origin,Transition - Purine/Purine,G>A
128620229,rs116957701,TT,TT,TC,76,100,62,NC_000012.12,Mutation NB - Paternal Origin,Transition - Pyrimidine/Pyrimidine,Unsolved
129067264,rs561287,GT,TT,GG,1,79,0,NC_000012.12,Mutation NB - Maternal Origin,Transversion - Purine/Pyrimidine,T>G
130496667,rs4759702,GG,AA,GG,28,61,0,NC_000012.12,Mutation NB - Maternal Origin,Transition - Purine/Purine,A>G
130661615,rs10848175,TT,TT,TC,100,88,68,NC_000012.12,Mutation NB - Maternal Origin,Transition - Pyrimidine/Pyrimidine,Unsolved
130661648,rs11829654,AA,AA,AT,100,88,75,NC_000012.12,Mutation NB - Maternal Origin,Transversion - Purine/Pyrimidine,Unsolved
130661649,rs11830126,TT,TT,TA,91,88,75,NC_000012.12,Mutation NB - Maternal Origin,Transition - Pyrimidine/Pyrimidine,Transversion - Purine/Pyrimidine,Unsolved
131196286,rs12308618,GA,GG,AA,6,79,9,NC_000012.12,Mutation NB - Maternal Origin,Transition - Purine/Purine,G>A
131512376,.,TT,TT,TC,70,67,68,NC_000012.12,Mutation NB - Maternal Origin,Transition - Pyrimidine/Pyrimidine,Unsolved
131868320,rs11833388,AA,GG,GG,100,82,12,NC_000012.12,Mutation NB - Paternal Origin,Transition - Purine/Purine,A>G
20456497,rs113767869,GG,GG,AA,96,85,6,NC_000013.11,Mutation NB - Maternal Origin,Transition - Purine/Purine,Unsolved
20685198,rs7333812,AA,AA,AG,100,70,99,NC_000013.11,Mutation NB - Maternal Origin,Transition - Purine/Purine,Unsolved
20685229,rs7333838,AA,AA,AT,100,73,99,NC_000013.11,Mutation NB - Maternal Origin,Transversion - Purine/Pyrimidine,Unsolved
21071184,rs78042727,AA,AA,AG,100,79,30,NC_000013.11,Mutation NB - Maternal Origin,Transition - Purine/Purine,Unsolved
21116140,rs1868720723,GG,GG,GA,64,70,47,NC_000013.11,Mutation NB - Paternal Origin,Transition - Purine/Purine,Unsolved
22392763,rs457808,AA,AA,AC,79,88,68,NC_000013.11,Mutation NB - Paternal Origin,Transversion - Purine/Pyrimidine,Unsolved
25021880,rs4769398,GT,GG,TT,1,58,9,NC_000013.11,Mutation NB - Maternal Origin,Transversion - Purine/Pyrimidine,G>T
25968349,.,TT,CC,CC,85,76,24,NC_000013.11,Mutation NB - Paternal Origin,Transition - Pyrimidine/Pyrimidine,T>C
26231651,rs2420182,GG,GG,GT,64,100,59,NC_000013.11,Mutation NB - Paternal Origin,Transversion - Purine/Pyrimidine,Unsolved
26832739,rs1054992366,AA,GG,AA,76,91,39,NC_000013.11,Mutation NB - Maternal Origin,Transition - Purine/Purine,G>A
29538038,rs9579397,AA,AA,AG,100,82,65,NC_000013.11,Mutation NB - Maternal Origin,Transition - Purine/Purine,Unsolved
30868171,.,AA,AA,AG,73,64,51,NC_000013.11,Mutation NB - Maternal Origin,Transition - Purine/Purine,Unsolved
31479281,rs572355,TT,CC,TT,58,64,18,NC_000013.11,Mutation NB - Maternal Origin,Transition - Pyrimidine/Pyrimidine,C>T
31492928,rs56167300,CC,AA,CC,73,85,15,NC_000013.11,Mutation NB - Maternal Origin,Transversion - Purine/Pyrimidine,A>C
32061307,rs1271374463,TT,TT,TC,70,49,53,NC_000013.11,Mutation NB - Maternal Origin,Transition - Pyrimidine/Pyrimidine,Unsolved
37887548,rs9548090,AA,GG,GG,76,82,12,NC_000013.11,Mutation NB - Paternal Origin,Transition - Purine/Purine,A>G
37949284,.,TT,TT,TC,73,62,62,NC_000013.11,Mutation NB - Maternal Origin,Transition - Pyrimidine/Pyrimidine,Unsolved
40208587,rs74931480,AG,AA,GG,1,100,9,NC_000013.11,Mutation NB - Maternal Origin,Transition - Purine/Purine,A>G
42447173,.,GG,GG,GA,40,58,50,NC_000013.11,Mutation NB - Paternal Origin,Transition - Purine/Purine,Unsolved
45375542,rs9805304,CC,CC,CT,91,91,99,NC_000013.11,Mutation NB - Paternal or Maternal,Transition - Pyrimidine/Pyrimidine,Unsolved
45786223,rs7992632,GG,GA,AA,100,1,12,NC_000013.11,Mutation NB - Paternal Origin,Transition - Purine/Purine,G>A
47464049,.,AA,AA,AG,64,70,40,NC_000013.11,Mutation NB - Paternal Origin,Transition - Purine/Purine,Unsolved
47734741,rs36094556,CC,CC,TT,100,88,12,NC_000013.11,Mutation NB - Maternal Origin,Transition - Pyrimidine/Pyrimidine,Unsolved
48617613,rs1952748948,AA,AA,AG,85,61,56,NC_000013.11,Mutation NB - Maternal Origin,Transition - Purine/Purine,Unsolved
48646057,rs2406939,CC,GG,CC,73,64,12,NC_000013.11,Mutation NB - Maternal Origin,Transversion - Purine/Pyrimidine,G>C
49696088,.,AA,AA,AG,88,91,65,NC_000013.11,Mutation NB - Paternal Origin,Transition - Purine/Purine,Unsolved
50409372,.,GG,GG,GA,58,64,65,NC_000013.11,Mutation NB - Paternal Origin,Transition - Purine/Purine,Unsolved
51684060,.,TT,TT,TC,73,79,59,NC_000013.11,Mutation NB - Paternal Origin,Transition - Pyrimidine/Pyrimidine,Unsolved
52455569,rs746422156,GG,GG,GA,82,76,53,NC_000013.11,Mutation NB - Maternal Origin,Transition - Purine/Purine,Unsolved
52740143,rs3759509,GG,GG,GT,91,100,61,NC_000013.11,Mutation NB - Paternal Origin,Transversion - Purine/Pyrimidine,Unsolved
53921570,rs984276,GG,GG,GA,100,79,99,NC_000013.11,Mutation NB - Maternal Origin,Transition - Purine/Purine,Unsolved
53971951,.,TT,TT,TC,52,61,53,NC_000013.11,Mutation NB - Paternal Origin,Transition - Pyrimidine/Pyrimidine,Unsolved
54659058,rs75408344,GG,AA,GG,100,88,24,NC_000013.11,Mutation NB - Maternal Origin,Transition - Purine/Purine,A>G
54659096,rs74468511,GG,AA,GG,85,85,24,NC_000013.11,Mutation NB - Maternal Origin,Transition - Purine/Purine,A>G
54659284,rs9536794,GG,AG,AA,85,1,9,NC_000013.11,Mutation NB - Paternal Origin,Transition - Purine/Purine,G>A
54659312,rs9527242,AA,AA,AG,85,64,72,NC_000013.11,Mutation NB - Maternal Origin,Transition - Purine/Purine,Unsolved
57996585,rs893062,CC,GG,CC,88,100,12,NC_000013.11,Mutation NB - Maternal Origin,Transversion - Purine/Pyrimidine,G>C
62799648,rs9539575,GG,GG,GT,100,85,30,NC_000013.11,Mutation NB - Maternal Origin,Transversion - Purine/Pyrimidine,Unsolved
65843422,rs12871335,TT,CC,CC,91,88,0,NC_000013.11,Mutation NB - Paternal Origin,Transition - Pyrimidine/Pyrimidine,T>C
68428703,rs737560,AA,AA,AT,100,91,27,NC_000013.11,Mutation NB - Maternal Origin,Transversion - Purine/Pyrimidine,Unsolved
70856950,.,TT,TT,TC,82,82,59,NC_000013.11,Mutation NB - Paternal or Maternal,Transition - Pyrimidine/Pyrimidine,Unsolved
70856976,.,AA,AA,AC,82,82,55,NC_000013.11,Mutation NB - Paternal or Maternal,Transversion - Purine/Pyrimidine,Unsolved
73766058,.,AA,AA,AG,52,64,56,NC_000013.11,Mutation NB - Paternal Origin,Transition - Purine/Purine,Unsolved
76086778,rs1074098,CC,CC,CT,73,100,59,NC_000013.11,Mutation NB - Paternal Origin,Transition - Pyrimidine/Pyrimidine,Unsolved
78021235,.,TT,TT,TC,64,79,53,NC_000013.11,Mutation NB - Paternal Origin,Transition - Pyrimidine/Pyrimidine,Unsolved
79433091,rs314692,GG,CC,CC,52,61,0,NC_000013.11,Mutation NB - Paternal Origin,Transversion - Purine/Pyrimidine,G>C
89577803,rs883616,AA,GG,AA,79,76,0,NC_000013.11,Mutation NB - Maternal Origin,Transition - Purine/Purine,G>A
90811062,rs6492510,AA,CC,CC,79,82,0,NC_000013.11,Mutation NB - Paternal Origin,Transversion - Purine/Pyrimidine,A>C
93976963,rs7335326,AA,GG,AA,79,88,0,NC_000013.11,Mutation NB - Maternal Origin,Transition - Purine/Purine,G>A
94711363,rs6492735,CC,CC,CG,91,91,33,NC_000013.11,Mutation NB - Paternal or Maternal,Transversion - Purine/Pyrimidine,Unsolved
98888465,.,AA,AA,AG,82,76,62,NC_000013.11,Mutation NB - Maternal Origin,Transition - Purine/Purine,Unsolved
101319219,rs7338971,TT,TC,CC,64,50,18,NC_000013.11,Mutation NB - Paternal Origin,Transition - Pyrimidine/Pyrimidine,T>C
105811969,rs7336683,TT,CT,CC,73,1,0,NC_000013.11,Mutation NB - Paternal Origin,Transition - Pyrimidine/Pyrimidine,T>C
106790783,rs7331714,TT,CC,TT,64,70,12,NC_000013.11,Mutation NB - Maternal Origin,Transition - Pyrimidine/Pyrimidine,C>T
108299651,rs2766094,TT,TT,TC,85,100,30,NC_000013.11,Mutation NB - Paternal Origin,Transition - Pyrimidine/Pyrimidine,Unsolved
109731966,rs112081209,AA,GG,GG,88,70,30,NC_000013.11,Mutation NB - Paternal Origin,Transition - Purine/Purine,A>G
110575485,rs142349704,CC,CC,CT,100,85,30,NC_000013.11,Mutation NB - Maternal Origin,Transition - Pyrimidine/Pyrimidine,Unsolved
111315730,rs116393214,TT,AA,AA,88,73,21,NC_000013.11,Mutation NB - Paternal Origin,Transversion - Purine/Pyrimidine,T>A
112934190,rs1320517,TC,TT,CC,35,100,9,NC_000013.11,Mutation NB - Maternal Origin,Transition - Pyrimidine/Pyrimidine,T>C
113239573,rs3794423,CC,TT,CC,91,88,12,NC_000013.11,Mutation NB - Maternal Origin,Transition - Pyrimidine/Pyrimidine,T>C
20758103,rs970435,TT,CC,TT,61,73,0,NC_000014.9,Mutation NB - Maternal Origin,Transition - Pyrimidine/Pyrimidine,C>T
20966212,rs2771327,TT,CC,CC,85,91,12,NC_000014.9,Mutation NB - Paternal Origin,Transition - Pyrimidine/Pyrimidine,T>C
21483654,rs61973220,GG,GG,GA,88,85,63,NC_000014.9,Mutation NB - Maternal Origin,Transition - Purine/Purine,Unsolved
21483689,rs72684773,CC,CC,CA,88,85,63,NC_000014.9,Mutation NB - Maternal Origin,Transversion - Purine/Pyrimidine,Unsolved
29319629,rs1888533774,TT,TT,TC,70,73,53,NC_000014.9,Mutation NB - Paternal Origin,Transition - Pyrimidine/Pyrimidine,Unsolved
34174300,.,AA,AA,AG,79,49,65,NC_000014.9,Mutation NB - Maternal Origin,Transition - Purine/Purine,Unsolved
35135337,rs731906,CC,CC,CT,100,85,33,NC_000014.9,Mutation NB - Maternal Origin,Transition - Pyrimidine/Pyrimidine,Unsolved
35180578,.,TT,TT,TC,88,91,39,NC_000014.9,Mutation NB - Paternal Origin,Transition - Pyrimidine/Pyrimidine,Unsolved
36123903,rs4567620,TT,TT,CT,91,70,15,NC_000014.9,Mutation NB - Maternal Origin,Transition - Pyrimidine/Pyrimidine,Unsolved
38373602,rs1168535,TT,TT,TG,100,82,68,NC_000014.9,Mutation NB - Maternal Origin,Transition - Pyrimidine/Pyrimidine,Transversion - Purine/Pyrimidine,Unsolved
39383924,.,AA,AA,AG,40,58,56,NC_000014.9,Mutation NB - Paternal Origin,Transition - Purine/Purine,Unsolved
40859517,.,TT,TT,TC,64,76,44,NC_000014.9,Mutation NB - Paternal Origin,Transition - Pyrimidine/Pyrimidine,Unsolved
44722477,rs2113722,CC,TT,TT,73,40,12,NC_000014.9,Mutation NB - Paternal Origin,Transition - Pyrimidine/Pyrimidine,C>T
48096416,rs10138551,TC,TT,CC,67,100,12,NC_000014.9,Mutation NB - Maternal Origin,Transition - Pyrimidine/Pyrimidine,T>C
48957972,rs7141924,TT,CC,TT,64,100,15,NC_000014.9,Mutation NB - Maternal Origin,Transition - Pyrimidine/Pyrimidine,C>T
50007280,rs1486600382,AA,AA,AG,64,79,65,NC_000014.9,Mutation NB - Paternal Origin,Transition - Purine/Purine,Unsolved
50197709,rs753674104,GG,GG,TT,100,100,18,NC_000014.9,Mutation NB - Paternal or Maternal,Transversion - Purine/Pyrimidine,Unsolved
51302337,rs192903291,CC,CC,CT,82,37,44,NC_000014.9,Mutation NB - Maternal Origin,Transition - Pyrimidine/Pyrimidine,Unsolved
53011244,rs113924731,GG,GA,AA,43,1,12,NC_000014.9,Mutation NB - Paternal Origin,Transition - Purine/Purine,G>A
53745309,rs953743,GG,CC,CC,85,88,0,NC_000014.9,Mutation NB - Paternal Origin,Transversion - Purine/Pyrimidine,G>C
55434564,rs11848576,TT,CC,TT,91,91,12,NC_000014.9,Mutation NB - Maternal Origin,Transition - Pyrimidine/Pyrimidine,C>T
59807350,.,AA,AA,AG,55,31,41,NC_000014.9,Mutation NB - Maternal Origin,Transition - Purine/Purine,Unsolved
67192021,rs60308909,GG,GA,AA,85,70,12,NC_000014.9,Mutation NB - Paternal Origin,Transition - Purine/Purine,G>A
67887825,rs1950769,AA,CC,AA,79,85,18,NC_000014.9,Mutation NB - Maternal Origin,Transversion - Purine/Pyrimidine,C>A
68427244,rs1956535,CC,CC,CT,100,76,99,NC_000014.9,Mutation NB - Maternal Origin,Transition - Pyrimidine/Pyrimidine,Unsolved
68629130,rs2145154,GG,AA,AA,100,85,12,NC_000014.9,Mutation NB - Paternal Origin,Transition - Purine/Purine,G>A
68849483,rs6573859,GA,GG,AA,32,67,15,NC_000014.9,Mutation NB - Maternal Origin,Transition - Purine/Purine,G>A
68992572,rs242104,AA,CA,CC,85,2,0,NC_000014.9,Mutation NB - Paternal Origin,Transversion - Purine/Pyrimidine,A>C
69193040,rs6573875,AC,CC,AA,72,86,0,NC_000014.9,Mutation NB - Maternal Origin,Transversion - Purine/Pyrimidine,C>A
69483400,rs79072402,AA,GG,GG,91,73,12,NC_000014.9,Mutation NB - Paternal Origin,Transition - Purine/Purine,A>G
71188094,rs4902915,AT,AA,TT,1,92,21,NC_000014.9,Mutation NB - Maternal Origin,Transversion - Purine/Pyrimidine,A>T
74512389,rs862055,TT,TT,TC,91,70,71,NC_000014.9,Mutation NB - Maternal Origin,Transition - Pyrimidine/Pyrimidine,Unsolved
74672716,rs115302452,TC,TT,CC,1,79,9,NC_000014.9,Mutation NB - Maternal Origin,Transition - Pyrimidine/Pyrimidine,T>C
75400214,rs10135572,GC,GG,CC,67,100,27,NC_000014.9,Mutation NB - Maternal Origin,Transversion - Purine/Pyrimidine,G>C
76082021,rs75942172,GG,GG,GA,88,91,99,NC_000014.9,Mutation NB - Paternal Origin,Transition - Purine/Purine,Unsolved
76123247,rs73304555,CC,TT,CC,91,91,12,NC_000014.9,Mutation NB - Maternal Origin,Transition - Pyrimidine/Pyrimidine,T>C
76466182,rs78809791,GG,GG,GA,100,67,64,NC_000014.9,Mutation NB - Maternal Origin,Transition - Purine/Purine,Unsolved
76756359,rs6574326,GA,AA,GG,38,82,9,NC_000014.9,Mutation NB - Maternal Origin,Transition - Purine/Purine,A>G
79118704,rs2054894338,GG,GG,GA,91,70,62,NC_000014.9,Mutation NB - Maternal Origin,Transition - Purine/Purine,Unsolved
79745648,.,CC,CC,CT,64,52,62,NC_000014.9,Mutation NB - Maternal Origin,Transition - Pyrimidine/Pyrimidine,Unsolved
81540497,.,TT,TT,TC,91,91,68,NC_000014.9,Mutation NB - Paternal or Maternal,Transition - Pyrimidine/Pyrimidine,Unsolved
88256030,rs11625811,AA,AA,AG,76,100,68,NC_000014.9,Mutation NB - Paternal Origin,Transition - Purine/Purine,Unsolved
89056664,rs114510738,TT,TT,TG,73,100,62,NC_000014.9,Mutation NB - Paternal Origin,Transition - Pyrimidine/Pyrimidine,Transversion - Purine/Pyrimidine,Unsolved
89502899,.,AA,AA,AG,49,70,41,NC_000014.9,Mutation NB - Paternal Origin,Transition - Purine/Purine,Unsolved
90157513,rs4900023,GG,AA,GG,100,85,9,NC_000014.9,Mutation NB - Maternal Origin,Transition - Purine/Purine,A>G
90397526,rs12886752,TT,CC,TT,82,91,9,NC_000014.9,Mutation NB - Maternal Origin,Transition - Pyrimidine/Pyrimidine,C>T
92457211,.,AA,AA,AG,76,91,40,NC_000014.9,Mutation NB - Paternal Origin,Transition - Purine/Purine,Unsolved
94464619,rs12891900,TC,CC,TT,1,58,15,NC_000014.9,Mutation NB - Maternal Origin,Transversion - Purine/Pyrimidine,C>T
94464631,rs78779060,CT,CC,TT,1,58,15,NC_000014.9,Mutation NB - Maternal Origin,Transversion - Purine/Pyrimidine,C>T
94644354,.,AA,AA,AG,76,67,44,NC_000014.9,Mutation NB - Maternal Origin,Transition - Purine/Purine,Unsolved
94951064,rs10145660,TT,TC,CC,85,31,9,NC_000014.9,Mutation NB - Paternal Origin,Transition - Pyrimidine/Pyrimidine,T>C
95499135,rs12879649,AA,TT,AA,85,100,24,NC_000014.9,Mutation NB - Maternal Origin,Transversion - Purine/Pyrimidine,T>A
98063329,rs17096307,CC,TT,CC,82,88,9,NC_000014.9,Mutation NB - Maternal Origin,Transition - Pyrimidine/Pyrimidine,T>C
99567476,rs12888314,AA,AA,AG,73,100,68,NC_000014.9,Mutation NB - Paternal Origin,Transition - Purine/Purine,Unsolved
100323803,rs61990670,GG,GG,GA,82,100,71,NC_000014.9,Mutation NB - Paternal Origin,Transition - Purine/Purine,Unsolved
100348733,.,GG,GG,GA,67,64,53,NC_000014.9,Mutation NB - Maternal Origin,Transition - Purine/Purine,Unsolved
100574298,rs574740205,CC,CT,TT,70,1,21,NC_000014.9,Mutation NB - Paternal Origin,Transition - Pyrimidine/Pyrimidine,C>T
100777047,rs7146712,CC,TT,CC,79,100,9,NC_000014.9,Mutation NB - Maternal Origin,Transition - Pyrimidine/Pyrimidine,T>C
101115222,rs61427854,CC,CC,CT,100,76,78,NC_000014.9,Mutation NB - Maternal Origin,Transition - Pyrimidine/Pyrimidine,Unsolved
102430672,rs1190540,AA,GG,GG,100,88,21,NC_000014.9,Mutation NB - Paternal Origin,Transition - Purine/Purine,A>G
102591174,rs4906229,AC,AA,CC,35,76,39,NC_000014.9,Mutation NB - Maternal Origin,A>C
103541414,rs113044050,TT,CC,TT,91,91,9,NC_000014.9,Mutation NB - Maternal Origin,Transition - Pyrimidine/Pyrimidine,C>T
103853652,rs12892189,AA,CC,CC,91,79,9,NC_000014.9,Mutation NB - Paternal Origin,Transversion - Purine/Pyrimidine,A>C
105286121,rs3803319,AA,GG,GG,85,46,0,NC_000014.9,Mutation NB - Paternal Origin,Transition - Purine/Purine,A>G
105440185,rs56130943,AA,AA,AC,100,88,68,NC_000014.9,Mutation NB - Maternal Origin,Transversion - Purine/Pyrimidine,Unsolved
18490,rs2070487745,AA,AA,GA,73,85,15,NT_167219.1,Mutation NB - Paternal Origin,Transition - Purine/Purine,Unsolved
25809219,rs11161224,AA,GG,GG,85,76,0,NC_000015.10,Mutation NB - Paternal Origin,Transition - Purine/Purine,A>G
25945549,rs67312390,AA,GG,GG,100,79,15,NC_000015.10,Mutation NB - Paternal Origin,Transition - Purine/Purine,A>G
26295285,.,CC,CC,CT,73,88,62,NC_000015.10,Mutation NB - Paternal Origin,Transition - Pyrimidine/Pyrimidine,Unsolved
26789783,rs12902507,GG,GG,GA,91,88,36,NC_000015.10,Mutation NB - Maternal Origin,Transition - Purine/Purine,Unsolved
26790000,rs11161341,GA,GG,AA,29,91,18,NC_000015.10,Mutation NB - Maternal Origin,Transition - Purine/Purine,G>A
26831275,rs8028177,CG,GG,CC,1,61,0,NC_000015.10,Mutation NB - Maternal Origin,Transversion - Purine/Pyrimidine,G>C
27793824,rs1476317021,AA,AA,AG,91,88,62,NC_000015.10,Mutation NB - Maternal Origin,Transition - Purine/Purine,Unsolved
36161927,rs28654723,AA,AA,AG,64,100,99,NC_000015.10,Mutation NB - Paternal Origin,Transition - Purine/Purine,Unsolved
41503702,rs316617,CC,TT,CC,88,100,15,NC_000015.10,Mutation NB - Maternal Origin,Transition - Pyrimidine/Pyrimidine,T>C
41883309,rs1197692,TC,CC,TT,1,91,0,NC_000015.10,Mutation NB - Maternal Origin,Transversion - Purine/Pyrimidine,C>T
43279877,rs748254144,AA,AA,AG,34,46,55,NC_000015.10,Mutation NB - Paternal Origin,Transition - Purine/Purine,Unsolved
45788036,rs1879330,TT,CT,CC,85,1,0,NC_000015.10,Mutation NB - Paternal Origin,Transition - Pyrimidine/Pyrimidine,T>C
46472294,rs12916075,GT,TT,GG,38,64,0,NC_000015.10,Mutation NB - Maternal Origin,Transversion - Purine/Pyrimidine,T>G
46529050,rs1878358,TT,TT,TC,100,34,95,NC_000015.10,Mutation NB - Maternal Origin,Transition - Pyrimidine/Pyrimidine,Unsolved
50323168,rs28609286,TC,CC,TT,1,55,30,NC_000015.10,Mutation NB - Maternal Origin,Transversion - Purine/Pyrimidine,C>T
51737209,rs2606128,AA,GG,GG,88,91,0,NC_000015.10,Mutation NB - Paternal Origin,Transition - Purine/Purine,A>G
51751680,rs76930538,GG,GG,GA,91,100,67,NC_000015.10,Mutation NB - Paternal Origin,Transition - Purine/Purine,Unsolved
61077011,rs12903172,CC,TT,TT,88,91,0,NC_000015.10,Mutation NB - Paternal Origin,Transition - Pyrimidine/Pyrimidine,C>T
61149173,rs144561633,CC,CC,CT,61,91,99,NC_000015.10,Mutation NB - Paternal Origin,Transition - Pyrimidine/Pyrimidine,Unsolved
61149222,rs975501,TT,CC,TT,61,91,21,NC_000015.10,Mutation NB - Maternal Origin,Transition - Pyrimidine/Pyrimidine,C>T
61315568,rs115803994,AA,AA,AG,82,100,56,NC_000015.10,Mutation NB - Paternal Origin,Transition - Purine/Purine,Unsolved
64939615,rs74737933,GG,AA,AA,88,91,9,NC_000015.10,Mutation NB - Paternal Origin,Transition - Purine/Purine,G>A
66795230,rs12914506,GG,AA,AA,100,73,18,NC_000015.10,Mutation NB - Paternal Origin,Transition - Purine/Purine,G>A
66795231,rs12914066,AA,GG,GG,100,73,18,NC_000015.10,Mutation NB - Paternal Origin,Transition - Purine/Purine,A>G
67174541,rs2278545,TT,GG,GG,100,73,21,NC_000015.10,Mutation NB - Paternal Origin,Transversion - Purine/Pyrimidine,T>G
69089243,rs201210839,CC,CC,CA,61,100,60,NC_000015.10,Mutation NB - Paternal Origin,Transversion - Purine/Pyrimidine,Unsolved
70431739,.,TT,TT,TA,79,61,61,NC_000015.10,Mutation NB - Maternal Origin,Transition - Pyrimidine/Pyrimidine,Transversion - Purine/Pyrimidine,Unsolved
71023953,.,AA,AA,AG,37,10,41,NC_000015.10,Mutation NB - Maternal Origin,Transition - Purine/Purine,Unsolved
76809045,.,AA,AA,AG,82,67,50,NC_000015.10,Mutation NB - Maternal Origin,Transition - Purine/Purine,Unsolved
77650924,.,GG,GG,GT,67,61,42,NC_000015.10,Mutation NB - Maternal Origin,Transversion - Purine/Pyrimidine,Unsolved
77986142,rs11072717,GG,GA,AA,73,35,30,NC_000015.10,Mutation NB - Paternal Origin,Transition - Purine/Purine,G>A
78831289,rs7182529,CC,CC,TC,91,85,27,NC_000015.10,Mutation NB - Maternal Origin,Transition - Pyrimidine/Pyrimidine,Unsolved
79157805,rs79015977,GG,AA,AA,100,88,18,NC_000015.10,Mutation NB - Paternal Origin,Transition - Purine/Purine,G>A
79173207,rs8041222,GG,AA,AA,100,82,18,NC_000015.10,Mutation NB - Paternal Origin,Transition - Purine/Purine,G>A
79601678,rs11856245,CC,TT,TT,67,88,0,NC_000015.10,Mutation NB - Paternal Origin,Transition - Pyrimidine/Pyrimidine,C>T
80202118,rs67670467,CC,CC,CT,100,88,99,NC_000015.10,Mutation NB - Maternal Origin,Transition - Pyrimidine/Pyrimidine,Unsolved
80202491,rs7180350,TT,CC,CC,88,64,15,NC_000015.10,Mutation NB - Paternal Origin,Transition - Pyrimidine/Pyrimidine,T>C
80503911,rs4303445,GG,AA,GG,73,67,24,NC_000015.10,Mutation NB - Maternal Origin,Transition - Purine/Purine,A>G
80593850,rs8033706,TT,CC,TT,70,85,0,NC_000015.10,Mutation NB - Maternal Origin,Transition - Pyrimidine/Pyrimidine,C>T
81640337,rs56125308,CC,TT,CC,58,49,15,NC_000015.10,Mutation NB - Maternal Origin,Transition - Pyrimidine/Pyrimidine,T>C
84838242,.,AA,AA,AG,76,73,44,NC_000015.10,Mutation NB - Maternal Origin,Transition - Purine/Purine,Unsolved
84880322,rs11631158,AG,GG,AA,82,91,9,NC_000015.10,Mutation NB - Maternal Origin,Transition - Purine/Purine,G>A
86474860,.,AA,AA,AG,88,79,62,NC_000015.10,Mutation NB - Maternal Origin,Transition - Purine/Purine,Unsolved
88271490,rs2054317894,CC,CC,CA,100,88,62,NC_000015.10,Mutation NB - Maternal Origin,Transversion - Purine/Pyrimidine,Unsolved
89767503,rs12911196,CC,GG,GG,91,91,12,NC_000015.10,Mutation NB - Paternal Origin,Transversion - Purine/Pyrimidine,C>G
90205196,rs28695902,GC,CC,GG,67,88,18,NC_000015.10,Mutation NB - Maternal Origin,Transversion - Purine/Pyrimidine,C>G
90890035,rs4932376,CC,GG,CC,82,85,12,NC_000015.10,Mutation NB - Maternal Origin,Transversion - Purine/Pyrimidine,G>C
91104116,.,CC,CC,CT,73,79,33,NC_000015.10,Mutation NB - Paternal Origin,Transition - Pyrimidine/Pyrimidine,Unsolved
91877640,rs35635011,GG,GG,GT,91,88,33,NC_000015.10,Mutation NB - Maternal Origin,Transversion - Purine/Pyrimidine,Unsolved
91944748,rs4420511,GG,AA,GG,88,100,21,NC_000015.10,Mutation NB - Maternal Origin,Transition - Purine/Purine,A>G
91944751,rs4398089,AA,GG,AA,88,100,21,NC_000015.10,Mutation NB - Maternal Origin,Transition - Purine/Purine,G>A
92141862,.,TT,TT,TC,79,28,47,NC_000015.10,Mutation NB - Maternal Origin,Transition - Pyrimidine/Pyrimidine,Unsolved
92466947,rs1869774,CC,TC,TT,76,28,0,NC_000015.10,Mutation NB - Paternal Origin,Transition - Pyrimidine/Pyrimidine,C>T
93530550,rs10520735,AA,GG,GG,61,67,0,NC_000015.10,Mutation NB - Paternal Origin,Transition - Purine/Purine,A>G
94505433,rs7178043,GG,AA,GG,85,85,0,NC_000015.10,Mutation NB - Maternal Origin,Transition - Purine/Purine,A>G
95228917,rs969587,AA,AA,AT,100,70,33,NC_000015.10,Mutation NB - Maternal Origin,Transversion - Purine/Pyrimidine,Unsolved
97090056,rs11635256,TT,CC,CC,88,58,18,NC_000015.10,Mutation NB - Paternal Origin,Transition - Pyrimidine/Pyrimidine,T>C
97501395,rs57311152,GG,GA,AA,79,1,15,NC_000015.10,Mutation NB - Paternal Origin,Transition - Purine/Purine,G>A
97761213,.,AA,AA,AG,73,64,59,NC_000015.10,Mutation NB - Maternal Origin,Transition - Purine/Purine,Unsolved
98582939,rs8025194,GG,AA,AA,100,79,21,NC_000015.10,Mutation NB - Paternal Origin,Transition - Purine/Purine,G>A
100315317,rs118109106,CC,CC,CT,100,67,99,NC_000015.10,Mutation NB - Maternal Origin,Transition - Pyrimidine/Pyrimidine,Unsolved
1261332,rs3765436,AG,GG,AA,1,79,12,NC_000016.10,Mutation NB - Maternal Origin,Transition - Purine/Purine,G>A
1303856,rs6600129,TT,CC,TT,100,91,12,NC_000016.10,Mutation NB - Maternal Origin,Transition - Pyrimidine/Pyrimidine,C>T
1709381,rs115286544,GG,CC,CC,88,91,6,NC_000016.10,Mutation NB - Paternal Origin,Transversion - Purine/Pyrimidine,G>C
1788780,rs11540963,AA,AA,AG,100,88,33,NC_000016.10,Mutation NB - Maternal Origin,Transition - Purine/Purine,Unsolved
1792208,rs3751893,GG,GG,AG,76,64,24,NC_000016.10,Mutation NB - Maternal Origin,Transition - Purine/Purine,Unsolved
3023239,rs10508,TT,GG,GG,91,85,9,NC_000016.10,Mutation NB - Paternal Origin,Transversion - Purine/Pyrimidine,T>G
3076853,rs2360171,CC,CC,CT,91,100,20,NC_000016.10,Mutation NB - Paternal Origin,Transition - Pyrimidine/Pyrimidine,Unsolved
4849814,rs1355690604,CC,CC,CT,73,73,53,NC_000016.10,Mutation NB - Paternal or Maternal,Transition - Pyrimidine/Pyrimidine,Unsolved
5521608,rs12930683,AA,GG,AA,58,55,0,NC_000016.10,Mutation NB - Maternal Origin,Transition - Purine/Purine,G>A
5815084,rs115318946,GG,AA,AA,79,91,18,NC_000016.10,Mutation NB - Paternal Origin,Transition - Purine/Purine,G>A
6884203,rs1492377,TT,CT,CC,91,83,15,NC_000016.10,Mutation NB - Paternal Origin,Transition - Pyrimidine/Pyrimidine,T>C
8913653,rs75219349,TT,TT,TC,91,91,99,NC_000016.10,Mutation NB - Paternal or Maternal,Transition - Pyrimidine/Pyrimidine,Unsolved
11189311,rs4780345,CC,GG,CC,100,79,0,NC_000016.10,Mutation NB - Maternal Origin,Transversion - Purine/Pyrimidine,G>C
11384022,rs11074969,CC,TT,CC,61,100,18,NC_000016.10,Mutation NB - Maternal Origin,Transition - Pyrimidine/Pyrimidine,T>C
11384949,rs12448784,CC,CG,GG,70,38,9,NC_000016.10,Mutation NB - Paternal Origin,Transversion - Purine/Pyrimidine,C>G
11446856,rs4500747,CC,TC,TT,64,5,0,NC_000016.10,Mutation NB - Paternal Origin,Transition - Pyrimidine/Pyrimidine,C>T
11477815,rs59233150,AA,GG,AA,88,82,0,NC_000016.10,Mutation NB - Maternal Origin,Transition - Purine/Purine,G>A
11609826,rs12923023,TC,CC,TT,1,73,0,NC_000016.10,Mutation NB - Maternal Origin,Transversion - Purine/Pyrimidine,C>T
12544637,rs1794315,GG,TT,TT,82,76,51,NC_000016.10,Mutation NB - Paternal Origin,Transversion - Purine/Pyrimidine,G>T
12740747,rs34146397,TT,CT,CC,85,1,0,NC_000016.10,Mutation NB - Paternal Origin,Transition - Pyrimidine/Pyrimidine,T>C
19140426,rs11074366,CC,CC,TC,79,67,27,NC_000016.10,Mutation NB - Maternal Origin,Transition - Pyrimidine/Pyrimidine,Unsolved
20214263,.,GG,GG,GT,73,91,40,NC_000016.10,Mutation NB - Paternal Origin,Transversion - Purine/Pyrimidine,Unsolved
23330881,rs3785362,GG,GA,AA,100,1,12,NC_000016.10,Mutation NB - Paternal Origin,Transition - Purine/Purine,G>A
24336911,rs75691480,CC,CC,CT,100,91,97,NC_000016.10,Mutation NB - Maternal Origin,Transition - Pyrimidine/Pyrimidine,Unsolved
25596198,rs34600232,GG,CC,CC,85,91,12,NC_000016.10,Mutation NB - Paternal Origin,Transversion - Purine/Pyrimidine,G>C
27146931,rs113015452,GG,GG,GA,82,100,68,NC_000016.10,Mutation NB - Paternal Origin,Transition - Purine/Purine,Unsolved
27374539,.,AA,AA,AC,88,82,60,NC_000016.10,Mutation NB - Maternal Origin,Transversion - Purine/Pyrimidine,Unsolved
27437105,.,AA,AA,AG,79,100,44,NC_000016.10,Mutation NB - Paternal Origin,Transition - Purine/Purine,Unsolved
29863614,rs889695,TT,TT,TC,76,91,62,NC_000016.10,Mutation NB - Paternal Origin,Transition - Pyrimidine/Pyrimidine,Unsolved
31217190,.,AA,AA,AG,79,91,40,NC_000016.10,Mutation NB - Paternal Origin,Transition - Purine/Purine,Unsolved
31780905,rs9930700,AA,GG,GG,100,67,30,NC_000016.10,Mutation NB - Paternal Origin,Transition - Purine/Purine,A>G
36057371,.,AA,AA,AG,82,37,44,NC_000016.10,Mutation NB - Maternal Origin,Transition - Purine/Purine,Unsolved
49606072,rs114839397,TT,TT,TC,91,73,68,NC_000016.10,Mutation NB - Maternal Origin,Transition - Pyrimidine/Pyrimidine,Unsolved
50581317,.,TT,TT,TC,67,55,47,NC_000016.10,Mutation NB - Maternal Origin,Transition - Pyrimidine/Pyrimidine,Unsolved
50972580,rs115316861,CC,CC,CT,100,82,56,NC_000016.10,Mutation NB - Maternal Origin,Transition - Pyrimidine/Pyrimidine,Unsolved
51278608,rs112455523,CC,CC,CT,91,91,99,NC_000016.10,Mutation NB - Paternal or Maternal,Transition - Pyrimidine/Pyrimidine,Unsolved
51422131,rs553421973,CC,CC,CT,88,85,47,NC_000016.10,Mutation NB - Maternal Origin,Transition - Pyrimidine/Pyrimidine,Unsolved
52369332,rs9934432,TC,TT,CC,29,79,9,NC_000016.10,Mutation NB - Maternal Origin,Transition - Pyrimidine/Pyrimidine,T>C
52717186,rs1420251,AG,GG,AA,53,82,9,NC_000016.10,Mutation NB - Maternal Origin,Transition - Purine/Purine,G>A
52732330,rs13331669,TT,TT,TG,73,82,52,NC_000016.10,Mutation NB - Paternal Origin,Transition - Pyrimidine/Pyrimidine,Transversion - Purine/Pyrimidine,Unsolved
54172114,rs2542674,TT,TT,CT,82,85,5,NC_000016.10,Mutation NB - Paternal Origin,Transition - Pyrimidine/Pyrimidine,Unsolved
55270149,rs4238777,CC,GC,GG,85,1,0,NC_000016.10,Mutation NB - Paternal Origin,Transversion - Purine/Pyrimidine,C>G
55502815,rs14070,TT,CT,CC,91,29,0,NC_000016.10,Mutation NB - Paternal Origin,Transition - Pyrimidine/Pyrimidine,T>C
55650578,.,AA,AA,AT,37,37,51,NC_000016.10,Mutation NB - Paternal or Maternal,Transversion - Purine/Pyrimidine,Unsolved
56921279,rs12149414,AA,GG,GG,100,58,9,NC_000016.10,Mutation NB - Paternal Origin,Transition - Purine/Purine,A>G
57835007,.,AA,AA,AG,55,40,47,NC_000016.10,Mutation NB - Maternal Origin,Transition - Purine/Purine,Unsolved
60790782,rs7188142,TC,TT,CC,5,85,30,NC_000016.10,Mutation NB - Maternal Origin,Transition - Pyrimidine/Pyrimidine,T>C
63919554,rs322561,GG,AG,AA,67,27,0,NC_000016.10,Mutation NB - Paternal Origin,Transition - Purine/Purine,G>A
64233600,.,TT,TT,TC,91,91,68,NC_000016.10,Mutation NB - Paternal or Maternal,Transition - Pyrimidine/Pyrimidine,Unsolved
66071251,rs9940603,GG,AG,AA,73,1,0,NC_000016.10,Mutation NB - Paternal Origin,Transition - Purine/Purine,G>A
66831696,.,TT,TT,TC,82,88,56,NC_000016.10,Mutation NB - Paternal Origin,Transition - Pyrimidine/Pyrimidine,Unsolved
68526993,rs698715,GG,AA,GG,73,100,15,NC_000016.10,Mutation NB - Maternal Origin,Transition - Purine/Purine,A>G
70573774,.,AA,AA,AG,55,70,59,NC_000016.10,Mutation NB - Paternal Origin,Transition - Purine/Purine,Unsolved
70686727,rs35874206,GG,GG,GC,100,91,72,NC_000016.10,Mutation NB - Maternal Origin,Transition - Purine/Purine,Transversion - Purine/Pyrimidine,Unsolved
71937997,rs10852507,GA,GG,AA,70,76,9,NC_000016.10,Mutation NB - Maternal Origin,Transition - Purine/Purine,G>A
72793859,rs699444,TT,CC,CC,100,82,9,NC_000016.10,Mutation NB - Paternal Origin,Transition - Pyrimidine/Pyrimidine,T>C
74694639,.,GG,GG,GT,91,91,33,NC_000016.10,Mutation NB - Paternal or Maternal,Transversion - Purine/Pyrimidine,Unsolved
75844310,.,TT,TT,TC,55,52,50,NC_000016.10,Mutation NB - Maternal Origin,Transition - Pyrimidine/Pyrimidine,Unsolved
78337168,rs35991877,CC,CC,CT,100,67,68,NC_000016.10,Mutation NB - Maternal Origin,Transition - Pyrimidine/Pyrimidine,Unsolved
78703048,rs28521369,TT,TA,AA,88,1,9,NC_000016.10,Mutation NB - Paternal Origin,Transversion - Purine/Pyrimidine,T>A
78743118,rs117896808,AA,TT,AA,85,91,12,NC_000016.10,Mutation NB - Maternal Origin,Transversion - Purine/Pyrimidine,T>A
80992619,rs35604113,AA,AA,AG,85,100,27,NC_000016.10,Mutation NB - Paternal Origin,Transition - Purine/Purine,Unsolved
81545205,rs74029174,AA,AG,GG,79,1,27,NC_000016.10,Mutation NB - Paternal Origin,Transition - Purine/Purine,A>G
81744979,rs73604542,GG,GG,GA,88,100,21,NC_000016.10,Mutation NB - Paternal Origin,Transition - Purine/Purine,Unsolved
81913109,rs4306504,TT,TC,CC,100,82,9,NC_000016.10,Mutation NB - Paternal Origin,Transition - Pyrimidine/Pyrimidine,T>C
82330040,rs62038318,TT,CC,CC,52,64,18,NC_000016.10,Mutation NB - Paternal Origin,Transition - Pyrimidine/Pyrimidine,T>C
82330380,rs62038320,CC,GG,CC,70,82,9,NC_000016.10,Mutation NB - Maternal Origin,Transversion - Purine/Pyrimidine,G>C
83116779,rs58171983,TT,TT,TC,91,100,33,NC_000016.10,Mutation NB - Paternal Origin,Transition - Pyrimidine/Pyrimidine,Unsolved
83978374,rs925332,GG,GG,GA,100,67,59,NC_000016.10,Mutation NB - Maternal Origin,Transition - Purine/Purine,Unsolved
84001876,.,AA,AA,AC,52,61,71,NC_000016.10,Mutation NB - Paternal Origin,Transversion - Purine/Pyrimidine,Unsolved
84054218,.,TT,TT,TC,61,67,50,NC_000016.10,Mutation NB - Paternal Origin,Transition - Pyrimidine/Pyrimidine,Unsolved
84726148,rs1908441876,AA,AA,AG,64,67,50,NC_000016.10,Mutation NB - Paternal Origin,Transition - Purine/Purine,Unsolved
85114133,rs62051668,AA,AA,GA,88,70,62,NC_000016.10,Mutation NB - Maternal Origin,Transition - Purine/Purine,Unsolved
85153128,rs8057727,AA,CC,AA,91,100,12,NC_000016.10,Mutation NB - Maternal Origin,Transversion - Purine/Pyrimidine,C>A
85207512,.,AA,AA,AC,79,64,41,NC_000016.10,Mutation NB - Maternal Origin,Transversion - Purine/Pyrimidine,Unsolved
86045398,rs4843336,TT,CC,CC,85,91,18,NC_000016.10,Mutation NB - Paternal Origin,Transition - Pyrimidine/Pyrimidine,T>C
86408499,rs8055977,CC,TT,CC,67,91,0,NC_000016.10,Mutation NB - Maternal Origin,Transition - Pyrimidine/Pyrimidine,T>C
86408508,rs55846800,CC,TT,CC,73,91,0,NC_000016.10,Mutation NB - Maternal Origin,Transition - Pyrimidine/Pyrimidine,T>C
86601596,.,TT,TT,TC,82,46,50,NC_000016.10,Mutation NB - Maternal Origin,Transition - Pyrimidine/Pyrimidine,Unsolved
86834928,rs8060826,CC,CC,CT,73,91,95,NC_000016.10,Mutation NB - Paternal Origin,Transition - Pyrimidine/Pyrimidine,Unsolved
87435546,rs116579398,AA,AA,AG,61,100,68,NC_000016.10,Mutation NB - Paternal Origin,Transition - Purine/Purine,Unsolved
87435584,rs113307523,GG,GG,GA,61,100,68,NC_000016.10,Mutation NB - Paternal Origin,Transition - Purine/Purine,Unsolved
88759028,rs117858189,GG,CC,CC,91,82,18,NC_000016.10,Mutation NB - Paternal Origin,Transversion - Purine/Pyrimidine,G>C
88770410,rs75325460,GG,GC,CC,73,50,21,NC_000016.10,Mutation NB - Paternal Origin,Transversion - Purine/Pyrimidine,G>C
88975959,rs7201599,TT,TT,CC,88,91,15,NC_000016.10,Mutation NB - Paternal Origin,Transition - Pyrimidine/Pyrimidine,Unsolved
89300524,rs3114915,AA,GG,GG,91,91,9,NC_000016.10,Mutation NB - Paternal Origin,Transition - Purine/Purine,A>G
89621449,.,AA,AA,AG,88,73,33,NC_000016.10,Mutation NB - Maternal Origin,Transition - Purine/Purine,Unsolved
89770373,rs886952,GG,AA,AA,100,61,24,NC_000016.10,Mutation NB - Paternal Origin,Transition - Purine/Purine,G>A
89811567,rs11076631,AA,GG,GG,100,61,27,NC_000016.10,Mutation NB - Paternal Origin,Transition - Purine/Purine,A>G
89912429,rs9937967,CC,GG,CC,88,94,9,NC_000016.10,Mutation NB - Maternal Origin,Transversion - Purine/Pyrimidine,G>C
89918398,rs1273758704,CC,CC,CT,73,70,59,NC_000016.10,Mutation NB - Maternal Origin,Transition - Pyrimidine/Pyrimidine,Unsolved
805456,rs77990103,GG,GG,GA,100,79,88,NC_000017.11,Mutation NB - Maternal Origin,Transition - Purine/Purine,Unsolved
918971,rs111530992,AA,GA,GG,82,1,9,NC_000017.11,Mutation NB - Paternal Origin,Transition - Purine/Purine,A>G
1844734,rs4790827,GG,AG,AA,82,1,0,NC_000017.11,Mutation NB - Paternal Origin,Transition - Purine/Purine,G>A
2267207,rs72819571,GG,GG,TT,100,79,9,NC_000017.11,Mutation NB - Maternal Origin,Transversion - Purine/Pyrimidine,Unsolved
3026380,rs12941934,TC,CC,TT,38,70,0,NC_000017.11,Mutation NB - Maternal Origin,Transversion - Purine/Pyrimidine,C>T
4030610,rs12939802,CC,CC,CT,88,49,95,NC_000017.11,Mutation NB - Maternal Origin,Transition - Pyrimidine/Pyrimidine,Unsolved
5897721,rs7217576,AA,GA,GG,91,29,21,NC_000017.11,Mutation NB - Paternal Origin,Transition - Purine/Purine,A>G
6245915,rs6502941,CC,CC,CT,58,100,99,NC_000017.11,Mutation NB - Paternal Origin,Transition - Pyrimidine/Pyrimidine,Unsolved
6245919,rs11653333,CG,GG,CC,1,85,30,NC_000017.11,Mutation NB - Maternal Origin,Transversion - Purine/Pyrimidine,G>C
8067432,.,AA,AA,AG,49,67,52,NC_000017.11,Mutation NB - Paternal Origin,Transition - Purine/Purine,Unsolved
8327131,rs3744650,GG,TT,TT,91,91,15,NC_000017.11,Mutation NB - Paternal Origin,Transversion - Purine/Pyrimidine,G>T
8717311,rs2101938,CC,TT,CC,61,58,9,NC_000017.11,Mutation NB - Maternal Origin,Transition - Pyrimidine/Pyrimidine,T>C
8717330,rs2101939,AG,GG,AA,1,58,9,NC_000017.11,Mutation NB - Maternal Origin,Transition - Purine/Purine,G>A
10638198,rs2285477,CT,CC,TT,5,100,21,NC_000017.11,Mutation NB - Maternal Origin,Transversion - Purine/Pyrimidine,C>T
14751365,rs11651739,AA,AG,GG,100,34,9,NC_000017.11,Mutation NB - Paternal Origin,Transition - Purine/Purine,A>G
19450065,rs4924785,TT,CC,TT,91,100,15,NC_000017.11,Mutation NB - Maternal Origin,Transition - Pyrimidine/Pyrimidine,C>T
21406312,rs4247127,AA,AA,GA,76,70,9,NC_000017.11,Mutation NB - Maternal Origin,Transition - Purine/Purine,Unsolved
21707932,rs1191115060,TT,TT,TC,100,100,58,NC_000017.11,Mutation NB - Paternal or Maternal,Transition - Pyrimidine/Pyrimidine,Unsolved
22669313,rs12941287,TT,GG,GG,79,82,9,NC_000017.11,Mutation NB - Paternal Origin,Transversion - Purine/Pyrimidine,T>G
27810514,rs2779255,CT,CC,TT,25,91,15,NC_000017.11,Mutation NB - Maternal Origin,Transversion - Purine/Pyrimidine,C>T
27810524,rs2531863,AG,AA,GG,25,91,15,NC_000017.11,Mutation NB - Maternal Origin,Transition - Purine/Purine,A>G
27810637,rs2779256,GG,AA,AA,100,76,18,NC_000017.11,Mutation NB - Paternal Origin,Transition - Purine/Purine,G>A
28227939,.,CC,CC,CT,82,67,47,NC_000017.11,Mutation NB - Maternal Origin,Transition - Pyrimidine/Pyrimidine,Unsolved
30437661,.,TT,TT,TC,79,79,56,NC_000017.11,Mutation NB - Paternal or Maternal,Transition - Pyrimidine/Pyrimidine,Unsolved
32159412,rs8075003,GG,GG,GA,100,100,59,NC_000017.11,Mutation NB - Paternal or Maternal,Transition - Purine/Purine,Unsolved
33364073,rs77956144,GA,GG,AA,73,82,9,NC_000017.11,Mutation NB - Maternal Origin,Transition - Purine/Purine,G>A
34311514,rs7223771,AA,AA,AG,91,79,99,NC_000017.11,Mutation NB - Maternal Origin,Transition - Purine/Purine,Unsolved
34484558,rs732808,TT,GG,GG,79,82,0,NC_000017.11,Mutation NB - Paternal Origin,Transversion - Purine/Pyrimidine,T>G
35486508,rs8064947,GG,GG,CC,100,100,9,NC_000017.11,Mutation NB - Paternal or Maternal,Transversion - Purine/Pyrimidine,Unsolved
39030028,rs4795331,CC,GC,GG,73,73,0,NC_000017.11,Mutation NB - Paternal Origin,Transversion - Purine/Pyrimidine,C>G
39030048,rs4794798,CC,TC,TT,73,73,0,NC_000017.11,Mutation NB - Paternal Origin,Transition - Pyrimidine/Pyrimidine,C>T
39719758,.,AA,AA,AT,91,91,47,NC_000017.11,Mutation NB - Paternal or Maternal,Transversion - Purine/Pyrimidine,Unsolved
40146351,.,TT,TT,TC,73,79,65,NC_000017.11,Mutation NB - Paternal Origin,Transition - Pyrimidine/Pyrimidine,Unsolved
41952658,.,TT,TT,TC,67,61,42,NC_000017.11,Mutation NB - Maternal Origin,Transition - Pyrimidine/Pyrimidine,Unsolved
45290287,rs7222094,TT,TC,CC,100,35,15,NC_000017.11,Mutation NB - Paternal Origin,Transition - Pyrimidine/Pyrimidine,T>C
47356878,.,AA,AA,AG,73,52,59,NC_000017.11,Mutation NB - Maternal Origin,Transition - Purine/Purine,Unsolved
47908042,rs975272625,GG,GG,GA,73,55,44,NC_000017.11,Mutation NB - Maternal Origin,Transition - Purine/Purine,Unsolved
49213524,rs623682,AT,AA,TT,73,91,9,NC_000017.11,Mutation NB - Maternal Origin,Transversion - Purine/Pyrimidine,A>T
50252857,.,TT,TT,TC,55,49,44,NC_000017.11,Mutation NB - Maternal Origin,Transition - Pyrimidine/Pyrimidine,Unsolved
56797498,rs72837340,CC,TT,CC,55,58,15,NC_000017.11,Mutation NB - Maternal Origin,Transition - Pyrimidine/Pyrimidine,T>C
56797540,rs72837341,CC,TT,CC,55,61,15,NC_000017.11,Mutation NB - Maternal Origin,Transition - Pyrimidine/Pyrimidine,T>C
57172332,rs9900657,CC,TT,TT,82,91,12,NC_000017.11,Mutation NB - Paternal Origin,Transition - Pyrimidine/Pyrimidine,C>T
57421845,.,AA,AA,AG,55,43,47,NC_000017.11,Mutation NB - Maternal Origin,Transition - Purine/Purine,Unsolved
57555719,.,AA,AA,AG,19,55,56,NC_000017.11,Mutation NB - Paternal Origin,Transition - Purine/Purine,Unsolved
62357542,rs4968520,TT,CC,TT,88,100,9,NC_000017.11,Mutation NB - Maternal Origin,Transition - Pyrimidine/Pyrimidine,C>T
62668106,rs8079582,CT,CC,TT,33,91,15,NC_000017.11,Mutation NB - Maternal Origin,Transversion - Purine/Pyrimidine,C>T
63459980,.,TT,TT,TC,73,91,62,NC_000017.11,Mutation NB - Paternal Origin,Transition - Pyrimidine/Pyrimidine,Unsolved
63510368,rs78203396,CC,AA,CC,79,76,15,NC_000017.11,Mutation NB - Maternal Origin,Transversion - Purine/Pyrimidine,A>C
63973750,rs3760237,CC,CT,TT,85,28,9,NC_000017.11,Mutation NB - Paternal Origin,Transition - Pyrimidine/Pyrimidine,C>T
65005610,.,TT,TT,TC,67,91,44,NC_000017.11,Mutation NB - Paternal Origin,Transition - Pyrimidine/Pyrimidine,Unsolved
66386448,rs9891191,CC,CT,TT,100,1,12,NC_000017.11,Mutation NB - Paternal Origin,Transition - Pyrimidine/Pyrimidine,C>T
66386457,rs9652866,TT,GG,GG,82,67,12,NC_000017.11,Mutation NB - Paternal Origin,Transversion - Purine/Pyrimidine,T>G
70044144,.,AA,AA,AG,37,49,57,NC_000017.11,Mutation NB - Paternal Origin,Transition - Purine/Purine,Unsolved
72395073,rs74913510,CC,CC,CA,70,100,99,NC_000017.11,Mutation NB - Paternal Origin,Transversion - Purine/Pyrimidine,Unsolved
73118888,rs1599288101,TT,TT,TC,70,67,51,NC_000017.11,Mutation NB - Maternal Origin,Transition - Pyrimidine/Pyrimidine,Unsolved
73750369,rs2683162,CC,TT,CC,79,76,12,NC_000017.11,Mutation NB - Maternal Origin,Transition - Pyrimidine/Pyrimidine,T>C
73750421,rs4416068,AA,GG,GG,79,76,12,NC_000017.11,Mutation NB - Paternal Origin,Transition - Purine/Purine,A>G
73819874,.,AA,AA,AG,64,61,39,NC_000017.11,Mutation NB - Maternal Origin,Transition - Purine/Purine,Unsolved
74069752,rs7223240,GG,GG,AG,76,76,33,NC_000017.11,Mutation NB - Paternal or Maternal,Transition - Purine/Purine,Unsolved
74220638,rs7210643,TT,CC,TT,91,91,0,NC_000017.11,Mutation NB - Maternal Origin,Transition - Pyrimidine/Pyrimidine,C>T
75814680,.,TT,TT,TC,64,73,65,NC_000017.11,Mutation NB - Paternal Origin,Transition - Pyrimidine/Pyrimidine,Unsolved
75897802,rs7210426,GG,GC,CC,82,67,18,NC_000017.11,Mutation NB - Paternal Origin,Transversion - Purine/Pyrimidine,G>C
76007382,rs17886642,GG,GA,AA,76,32,9,NC_000017.11,Mutation NB - Paternal Origin,Transition - Purine/Purine,G>A
76022559,rs1806914,CC,CG,GG,85,1,15,NC_000017.11,Mutation NB - Paternal Origin,Transversion - Purine/Pyrimidine,C>G
76022574,rs2598417,CC,TT,TT,85,76,15,NC_000017.11,Mutation NB - Paternal Origin,Transition - Pyrimidine/Pyrimidine,C>T
76154032,rs754706,TT,TT,TC,88,100,33,NC_000017.11,Mutation NB - Paternal Origin,Transition - Pyrimidine/Pyrimidine,Unsolved
77735398,rs58435086,GG,GG,GA,61,100,99,NC_000017.11,Mutation NB - Paternal Origin,Transition - Purine/Purine,Unsolved
78414790,rs3744216,GA,AA,GG,79,79,9,NC_000017.11,Mutation NB - Maternal Origin,Transition - Purine/Purine,A>G
78856746,rs1384364,AA,AA,AG,91,91,86,NC_000017.11,Mutation NB - Paternal or Maternal,Transition - Purine/Purine,Unsolved
78977257,rs1113032,TT,TC,CC,73,47,12,NC_000017.11,Mutation NB - Paternal Origin,Transition - Pyrimidine/Pyrimidine,T>C
79088192,rs10073,TT,CT,CC,91,35,0,NC_000017.11,Mutation NB - Paternal Origin,Transition - Pyrimidine/Pyrimidine,T>C
79140715,rs7214618,CC,CC,TT,79,82,12,NC_000017.11,Mutation NB - Paternal Origin,Transition - Pyrimidine/Pyrimidine,Unsolved
80283359,.,GG,GG,GA,73,58,43,NC_000017.11,Mutation NB - Maternal Origin,Transition - Purine/Purine,Unsolved
80879276,rs11150755,TT,CC,TT,58,100,15,NC_000017.11,Mutation NB - Maternal Origin,Transition - Pyrimidine/Pyrimidine,C>T
81434547,.,TT,TT,TA,88,73,33,NC_000017.11,Mutation NB - Maternal Origin,Transition - Pyrimidine/Pyrimidine,Transversion - Purine/Pyrimidine,Unsolved
81588133,rs6565599,GC,CC,GG,28,85,18,NC_000017.11,Mutation NB - Maternal Origin,Transversion - Purine/Pyrimidine,C>G
82219193,rs4280305,CC,AC,AA,91,25,0,NC_000017.11,Mutation NB - Paternal Origin,Transversion - Purine/Pyrimidine,C>A
82358637,rs192726756,TT,CC,CC,85,85,0,NC_000017.11,Mutation NB - Paternal Origin,Transition - Pyrimidine/Pyrimidine,T>C
82669763,rs9912932,AA,GG,GG,85,85,0,NC_000017.11,Mutation NB - Paternal Origin,Transition - Purine/Purine,A>G
82809491,rs4986110,CC,TT,CC,67,73,0,NC_000017.11,Mutation NB - Maternal Origin,Transition - Pyrimidine/Pyrimidine,T>C
82865327,rs2199111,CC,TT,TT,100,82,9,NC_000017.11,Mutation NB - Paternal Origin,Transition - Pyrimidine/Pyrimidine,C>T
82884375,rs3744159,GG,AA,GG,88,76,0,NC_000017.11,Mutation NB - Maternal Origin,Transition - Purine/Purine,A>G
83153795,rs9898130,AA,GG,GG,91,73,0,NC_000017.11,Mutation NB - Paternal Origin,Transition - Purine/Purine,A>G
83153816,rs9747382,GG,TT,TT,91,76,9,NC_000017.11,Mutation NB - Paternal Origin,Transversion - Purine/Pyrimidine,G>T
186741,rs9964035,GG,GG,GT,91,70,99,NC_000018.10,Mutation NB - Maternal Origin,Transversion - Purine/Pyrimidine,Unsolved
1542940,.,GG,GG,GA,64,79,47,NC_000018.10,Mutation NB - Paternal Origin,Transition - Purine/Purine,Unsolved
4454150,rs2320747,GG,CC,GG,79,88,12,NC_000018.10,Mutation NB - Maternal Origin,Transversion - Purine/Pyrimidine,C>G
9678969,rs8092322,TC,CC,TT,1,73,0,NC_000018.10,Mutation NB - Maternal Origin,Transversion - Purine/Pyrimidine,C>T
9678980,rs4121713,CT,CC,TT,1,73,9,NC_000018.10,Mutation NB - Maternal Origin,Transversion - Purine/Pyrimidine,C>T
10579545,rs6505573,GG,AA,GG,76,70,0,NC_000018.10,Mutation NB - Maternal Origin,Transition - Purine/Purine,A>G
12970467,rs8089189,CC,CT,TT,67,23,15,NC_000018.10,Mutation NB - Paternal Origin,Transition - Pyrimidine/Pyrimidine,C>T
13508227,rs1940921,GG,GA,AA,61,1,12,NC_000018.10,Mutation NB - Paternal Origin,Transition - Purine/Purine,G>A
15702382,rs1361851619,CC,CC,CT,100,61,99,NC_000018.10,Mutation NB - Maternal Origin,Transition - Pyrimidine/Pyrimidine,Unsolved
27429120,rs10853674,AA,CC,AA,52,46,0,NC_000018.10,Mutation NB - Maternal Origin,Transversion - Purine/Pyrimidine,C>A
27860836,rs11659332,GG,AA,AA,64,76,12,NC_000018.10,Mutation NB - Paternal Origin,Transition - Purine/Purine,G>A
29671769,.,TT,TT,TA,73,61,41,NC_000018.10,Mutation NB - Maternal Origin,Transition - Pyrimidine/Pyrimidine,Transversion - Purine/Pyrimidine,Unsolved
34857884,.,TT,TT,TA,67,58,48,NC_000018.10,Mutation NB - Maternal Origin,Transition - Pyrimidine/Pyrimidine,Transversion - Purine/Pyrimidine,Unsolved
37231815,.,AA,AA,AG,70,70,50,NC_000018.10,Mutation NB - Paternal or Maternal,Transition - Purine/Purine,Unsolved
37298263,rs4799911,TT,TC,CC,55,1,9,NC_000018.10,Mutation NB - Paternal Origin,Transition - Pyrimidine/Pyrimidine,T>C
37684536,rs556781228,TT,TT,TC,76,91,59,NC_000018.10,Mutation NB - Paternal Origin,Transition - Pyrimidine/Pyrimidine,Unsolved
39820929,rs752908,TT,CC,CC,85,100,0,NC_000018.10,Mutation NB - Paternal Origin,Transition - Pyrimidine/Pyrimidine,T>C
40429814,rs1897730,CC,CC,TC,79,61,56,NC_000018.10,Mutation NB - Maternal Origin,Transition - Pyrimidine/Pyrimidine,Unsolved
40429869,rs1897729,CC,CC,TT,79,91,12,NC_000018.10,Mutation NB - Paternal Origin,Transition - Pyrimidine/Pyrimidine,Unsolved
41238188,.,TT,TT,TC,82,76,46,NC_000018.10,Mutation NB - Maternal Origin,Transition - Pyrimidine/Pyrimidine,Unsolved
42072657,rs569983,TT,CC,TT,91,91,0,NC_000018.10,Mutation NB - Maternal Origin,Transition - Pyrimidine/Pyrimidine,C>T
44933520,rs679621,CC,TC,TT,79,38,12,NC_000018.10,Mutation NB - Paternal Origin,Transition - Pyrimidine/Pyrimidine,C>T
46719221,rs115987229,GG,GT,TT,82,1,9,NC_000018.10,Mutation NB - Paternal Origin,Transversion - Purine/Pyrimidine,G>T
47049869,rs2060416,CC,GG,CC,76,100,15,NC_000018.10,Mutation NB - Maternal Origin,Transversion - Purine/Pyrimidine,G>C
48958784,rs4629039,TA,AA,TT,98,67,0,NC_000018.10,Mutation NB - Maternal Origin,Transversion - Purine/Pyrimidine,A>T
49930870,rs1787593,TT,CC,TT,91,88,9,NC_000018.10,Mutation NB - Maternal Origin,Transition - Pyrimidine/Pyrimidine,C>T
54139734,.,CC,CC,CT,82,82,55,NC_000018.10,Mutation NB - Paternal or Maternal,Transition - Pyrimidine/Pyrimidine,Unsolved
54646362,rs8095365,AA,TT,TT,82,64,15,NC_000018.10,Mutation NB - Paternal Origin,Transversion - Purine/Pyrimidine,A>T
54910369,rs72928822,GG,CC,GG,64,97,12,NC_000018.10,Mutation NB - Maternal Origin,Transversion - Purine/Pyrimidine,C>G
63762421,rs115602614,CC,CC,CT,76,82,56,NC_000018.10,Mutation NB - Paternal Origin,Transition - Pyrimidine/Pyrimidine,Unsolved
65167030,rs143928978,GG,GG,GA,73,100,60,NC_000018.10,Mutation NB - Paternal Origin,Transition - Purine/Purine,Unsolved
66073709,.,TT,TT,TC,55,88,50,NC_000018.10,Mutation NB - Paternal Origin,Transition - Pyrimidine/Pyrimidine,Unsolved
68019389,rs7234351,CA,AA,CC,3,91,9,NC_000018.10,Mutation NB - Maternal Origin,A>C
69495949,rs1596223,GG,AA,GG,82,91,15,NC_000018.10,Mutation NB - Maternal Origin,Transition - Purine/Purine,A>G
73405860,rs4616368,GG,TG,TT,61,1,0,NC_000018.10,Mutation NB - Paternal Origin,Transversion - Purine/Pyrimidine,G>T
74053424,rs116092971,GG,CC,GG,82,88,21,NC_000018.10,Mutation NB - Maternal Origin,Transversion - Purine/Pyrimidine,C>G
74064778,rs111611096,GG,GG,GA,100,73,99,NC_000018.10,Mutation NB - Maternal Origin,Transition - Purine/Purine,Unsolved
74198101,rs74953935,TT,CC,CC,88,91,0,NC_000018.10,Mutation NB - Paternal Origin,Transition - Pyrimidine/Pyrimidine,T>C
75058167,rs1039744,GG,AA,GG,64,73,0,NC_000018.10,Mutation NB - Maternal Origin,Transition - Purine/Purine,A>G
76639499,rs7232313,TT,CC,TT,88,82,0,NC_000018.10,Mutation NB - Maternal Origin,Transition - Pyrimidine/Pyrimidine,C>T
77097729,rs9958028,AA,AA,AG,100,79,99,NC_000018.10,Mutation NB - Maternal Origin,Transition - Purine/Purine,Unsolved
78905175,rs2959414,AA,GA,GG,88,36,0,NC_000018.10,Mutation NB - Paternal Origin,Transition - Purine/Purine,A>G
79378068,rs3591,CC,TT,TT,91,85,12,NC_000018.10,Mutation NB - Paternal Origin,Transition - Pyrimidine/Pyrimidine,C>T
79876519,rs8095131,AA,AA,AG,100,76,99,NC_000018.10,Mutation NB - Maternal Origin,Transition - Purine/Purine,Unsolved
80136961,rs3744877,GG,AA,GG,67,70,0,NC_000018.10,Mutation NB - Maternal Origin,Transition - Purine/Purine,A>G
583856,rs73918143,AA,AA,AT,82,91,30,NC_000019.10,Mutation NB - Paternal Origin,Transversion - Purine/Pyrimidine,Unsolved
583899,rs73918144,TT,TT,TG,82,91,30,NC_000019.10,Mutation NB - Paternal Origin,Transition - Pyrimidine/Pyrimidine,Transversion - Purine/Pyrimidine,Unsolved
623083,rs41544516,GA,GG,GC,34,52,60,NC_000019.10,Mutation NB - Paternal Origin,Transversion - Purine/Pyrimidine,Unsolved
703238,.,AA,AA,AG,73,85,71,NC_000019.10,Mutation NB - Paternal Origin,Transition - Purine/Purine,Unsolved
725558,rs35267146,CC,GC,GG,88,70,0,NC_000019.10,Mutation NB - Paternal Origin,Transversion - Purine/Pyrimidine,C>G
899567,rs2930885,GG,CC,CC,88,91,9,NC_000019.10,Mutation NB - Paternal Origin,Transversion - Purine/Pyrimidine,G>C
1001270,rs4312418,GG,CC,GG,79,82,0,NC_000019.10,Mutation NB - Maternal Origin,Transversion - Purine/Pyrimidine,C>G
1055192,rs3745842,GG,GG,GA,85,88,33,NC_000019.10,Mutation NB - Paternal Origin,Transition - Purine/Purine,Unsolved
1312466,.,CC,CC,CG,61,55,98,NC_000019.10,Mutation NB - Maternal Origin,Transversion - Purine/Pyrimidine,Unsolved
1396207,.,GG,GG,GC,76,79,59,NC_000019.10,Mutation NB - Paternal Origin,Transition - Purine/Purine,Transversion - Purine/Pyrimidine,Unsolved
1880344,rs4807158,CC,CC,CG,67,91,15,NC_000019.10,Mutation NB - Paternal Origin,Transversion - Purine/Pyrimidine,Unsolved
1883434,rs1610107,CT,TT,CC,34,67,0,NC_000019.10,Mutation NB - Maternal Origin,Transition - Pyrimidine/Pyrimidine,T>C
2246653,rs2074861,AA,GA,GG,79,73,0,NC_000019.10,Mutation NB - Paternal Origin,Transition - Purine/Purine,A>G
2346442,rs11084936,GG,GG,GA,100,100,68,NC_000019.10,Mutation NB - Paternal or Maternal,Transition - Purine/Purine,Unsolved
2602406,rs8107025,TT,CC,CC,88,85,9,NC_000019.10,Mutation NB - Paternal Origin,Transition - Pyrimidine/Pyrimidine,T>C
2602437,rs8106149,AA,GG,GG,98,88,9,NC_000019.10,Mutation NB - Paternal Origin,Transition - Purine/Purine,A>G
2608566,.,AA,AA,AG,85,85,71,NC_000019.10,Mutation NB - Paternal or Maternal,Transition - Purine/Purine,Unsolved
3112025,rs308063,AG,AA,GG,1,70,15,NC_000019.10,Mutation NB - Maternal Origin,Transition - Purine/Purine,A>G
3196748,rs118160328,CC,CC,CT,100,40,62,NC_000019.10,Mutation NB - Maternal Origin,Transition - Pyrimidine/Pyrimidine,Unsolved
3383395,rs4807454,GG,TT,TT,46,19,6,NC_000019.10,Mutation NB - Paternal Origin,Transversion - Purine/Pyrimidine,G>T
4107670,rs11671735,GG,AA,GG,61,73,0,NC_000019.10,Mutation NB - Maternal Origin,Transition - Purine/Purine,A>G
4174225,.,GG,GG,GT,70,67,52,NC_000019.10,Mutation NB - Maternal Origin,Transversion - Purine/Pyrimidine,Unsolved
4391337,rs243409,AA,GG,GG,100,88,18,NC_000019.10,Mutation NB - Paternal Origin,Transition - Purine/Purine,A>G
4513814,.,CC,CC,CA,82,79,42,NC_000019.10,Mutation NB - Maternal Origin,Transversion - Purine/Pyrimidine,Unsolved
4772190,rs3760955,AA,AA,AC,100,79,99,NC_000019.10,Mutation NB - Maternal Origin,Transversion - Purine/Pyrimidine,Unsolved
5174867,.,AA,AA,AG,79,61,43,NC_000019.10,Mutation NB - Maternal Origin,Transition - Purine/Purine,Unsolved
5887026,rs11667261,TA,TT,AA,38,91,9,NC_000019.10,Mutation NB - Maternal Origin,Transversion - Purine/Pyrimidine,T>A
6641331,rs12979435,CA,CC,AA,1,82,39,NC_000019.10,Mutation NB - Maternal Origin,Transversion - Purine/Pyrimidine,C>A
7187617,rs7245757,CC,TT,CC,82,100,9,NC_000019.10,Mutation NB - Maternal Origin,Transition - Pyrimidine/Pyrimidine,T>C
7459841,rs34322626,GG,AA,AA,100,79,12,NC_000019.10,Mutation NB - Paternal Origin,Transition - Purine/Purine,G>A
7459857,rs11259996,CC,GG,GG,91,79,12,NC_000019.10,Mutation NB - Paternal Origin,Transversion - Purine/Pyrimidine,C>G
7736372,rs12972354,AA,GG,GG,91,88,9,NC_000019.10,Mutation NB - Paternal Origin,Transition - Purine/Purine,A>G
8101156,rs4804060,GG,AA,GG,85,82,21,NC_000019.10,Mutation NB - Maternal Origin,Transition - Purine/Purine,A>G
8507045,rs11259989,AA,AA,AG,79,100,33,NC_000019.10,Mutation NB - Paternal Origin,Transition - Purine/Purine,Unsolved
8656373,rs113436810,CC,CC,CT,82,100,59,NC_000019.10,Mutation NB - Paternal Origin,Transition - Pyrimidine/Pyrimidine,Unsolved
8847971,rs62118937,CC,TT,TT,82,73,0,NC_000019.10,Mutation NB - Paternal Origin,Transition - Pyrimidine/Pyrimidine,C>T
10904311,.,TT,TT,TC,70,61,59,NC_000019.10,Mutation NB - Maternal Origin,Transition - Pyrimidine/Pyrimidine,Unsolved
12027368,.,AA,AA,AT,100,70,49,NC_000019.10,Mutation NB - Maternal Origin,Transversion - Purine/Pyrimidine,Unsolved
12141301,rs12609105,CC,CC,CA,91,85,99,NC_000019.10,Mutation NB - Maternal Origin,Transversion - Purine/Pyrimidine,Unsolved
12996841,.,AA,AA,AG,37,52,61,NC_000019.10,Mutation NB - Paternal Origin,Transition - Purine/Purine,Unsolved
14661548,rs6511954,TT,CC,TT,88,82,0,NC_000019.10,Mutation NB - Maternal Origin,Transition - Pyrimidine/Pyrimidine,C>T
15244640,.,AA,AA,AG,55,55,42,NC_000019.10,Mutation NB - Paternal or Maternal,Transition - Purine/Purine,Unsolved
17403626,rs2074708554,GG,GG,GC,72,88,91,NC_000019.10,Mutation NB - Paternal Origin,Transition - Purine/Purine,Transversion - Purine/Pyrimidine,Unsolved
18456745,rs2007981,CC,CC,CA,100,61,99,NC_000019.10,Mutation NB - Maternal Origin,Transversion - Purine/Pyrimidine,Unsolved
18489645,rs10416993,GG,GG,AA,88,82,12,NC_000019.10,Mutation NB - Maternal Origin,Transition - Purine/Purine,Unsolved
21359004,rs2012013,TC,TT,CC,71,100,12,NC_000019.10,Mutation NB - Maternal Origin,Transition - Pyrimidine/Pyrimidine,T>C
23091336,rs1729041,CC,TC,TT,96,1,12,NC_000019.10,Mutation NB - Paternal Origin,Transition - Pyrimidine/Pyrimidine,C>T
23681027,.,TT,TT,TG,67,76,39,NC_000019.10,Mutation NB - Paternal Origin,Transition - Pyrimidine/Pyrimidine,Transversion - Purine/Pyrimidine,Unsolved
27622748,rs12974837,CA,CC,AA,53,76,21,NC_000019.10,Mutation NB - Maternal Origin,Transversion - Purine/Pyrimidine,C>A
29019715,rs4805322,GG,AG,AA,85,67,0,NC_000019.10,Mutation NB - Paternal Origin,Transition - Purine/Purine,G>A
29019920,rs56659068,AA,AA,AG,100,85,99,NC_000019.10,Mutation NB - Maternal Origin,Transition - Purine/Purine,Unsolved
29926696,rs10414287,GG,GG,GT,88,88,59,NC_000019.10,Mutation NB - Paternal or Maternal,Transversion - Purine/Pyrimidine,Unsolved
30445102,.,GG,GG,GA,64,76,56,NC_000019.10,Mutation NB - Paternal Origin,Transition - Purine/Purine,Unsolved
32089549,.,TT,TT,TC,79,70,44,NC_000019.10,Mutation NB - Maternal Origin,Transition - Pyrimidine/Pyrimidine,Unsolved
32866771,rs11084675,TT,CC,TT,100,91,12,NC_000019.10,Mutation NB - Maternal Origin,Transition - Pyrimidine/Pyrimidine,C>T
33208139,rs151074611,GG,TT,GG,85,91,21,NC_000019.10,Mutation NB - Maternal Origin,Transition - Purine/Purine,Transversion - Purine/Pyrimidine,T>G
35228117,rs541169,TT,CT,CC,70,1,18,NC_000019.10,Mutation NB - Paternal Origin,Transition - Pyrimidine/Pyrimidine,T>C
35232598,rs12975066,CC,CC,CA,82,100,99,NC_000019.10,Mutation NB - Paternal Origin,Transversion - Purine/Pyrimidine,Unsolved
35339207,rs12975901,CC,CC,TC,88,85,24,NC_000019.10,Mutation NB - Maternal Origin,Transition - Pyrimidine/Pyrimidine,Unsolved
38064764,rs8101892,TT,CC,TT,73,58,15,NC_000019.10,Mutation NB - Maternal Origin,Transition - Pyrimidine/Pyrimidine,C>T
41264708,rs1486726479,GG,GG,GA,70,73,55,NC_000019.10,Mutation NB - Paternal Origin,Transition - Purine/Purine,Unsolved
42995358,rs11668790,CG,CC,GG,1,85,33,NC_000019.10,Mutation NB - Maternal Origin,Transversion - Purine/Pyrimidine,C>G
43221157,rs10412872,CT,CC,TT,1,88,9,NC_000019.10,Mutation NB - Maternal Origin,Transversion - Purine/Pyrimidine,C>T
43221183,rs2159136,AG,AA,GG,1,88,9,NC_000019.10,Mutation NB - Maternal Origin,Transition - Purine/Purine,A>G
43362980,rs28481973,AA,AG,GG,73,1,12,NC_000019.10,Mutation NB - Paternal Origin,Transition - Purine/Purine,A>G
43363030,rs117053000,TT,TA,AA,70,1,12,NC_000019.10,Mutation NB - Paternal Origin,Transversion - Purine/Pyrimidine,T>A
43396070,rs4802180,AG,GG,AA,19,79,0,NC_000019.10,Mutation NB - Maternal Origin,Transition - Purine/Purine,G>A
44990377,rs875255,CC,GG,GG,100,88,9,NC_000019.10,Mutation NB - Paternal Origin,Transversion - Purine/Pyrimidine,C>G
46535429,rs4803978,GG,CC,CC,88,58,9,NC_000019.10,Mutation NB - Paternal Origin,Transversion - Purine/Pyrimidine,G>C
47648545,rs7258311,CC,TT,TT,73,82,15,NC_000019.10,Mutation NB - Paternal Origin,Transition - Pyrimidine/Pyrimidine,C>T
48276419,rs10416999,GG,TT,GG,82,88,27,NC_000019.10,Mutation NB - Maternal Origin,Transition - Purine/Purine,Transversion - Purine/Pyrimidine,T>G
48962127,rs905238,AA,GA,GG,82,33,21,NC_000019.10,Mutation NB - Paternal Origin,Transition - Purine/Purine,A>G
48979095,rs1471490975,AA,AA,AG,82,55,47,NC_000019.10,Mutation NB - Maternal Origin,Transition - Purine/Purine,Unsolved
49636952,rs1368463,TT,CC,TT,82,88,15,NC_000019.10,Mutation NB - Maternal Origin,Transition - Pyrimidine/Pyrimidine,C>T
49881982,.,AA,AA,AG,67,52,41,NC_000019.10,Mutation NB - Maternal Origin,Transition - Purine/Purine,Unsolved
49885469,rs55671362,AA,TT,AA,82,88,9,NC_000019.10,Mutation NB - Maternal Origin,Transversion - Purine/Pyrimidine,T>A
50576683,rs8108373,AA,CA,CC,91,1,24,NC_000019.10,Mutation NB - Paternal Origin,Transversion - Purine/Pyrimidine,A>C
50650300,.,AA,AA,AG,76,73,53,NC_000019.10,Mutation NB - Maternal Origin,Transition - Purine/Purine,Unsolved
53610590,rs73937931,AA,GG,GG,73,40,21,NC_000019.10,Mutation NB - Paternal Origin,Transition - Purine/Purine,A>G
56086707,rs530102,GG,GG,CG,82,85,68,NC_000019.10,Mutation NB - Paternal Origin,Transition - Purine/Purine,Transversion - Purine/Pyrimidine,Unsolved
57351349,.,TT,TT,TC,64,67,59,NC_000019.10,Mutation NB - Paternal Origin,Transition - Pyrimidine/Pyrimidine,Unsolved
960669,rs542451,TT,GT,GG,91,29,12,NC_000020.11,Mutation NB - Paternal Origin,Transversion - Purine/Pyrimidine,T>G
4687304,rs1894284,CC,GG,CC,91,91,15,NC_000020.11,Mutation NB - Maternal Origin,Transversion - Purine/Pyrimidine,G>C
5463513,rs1484492711,GG,GG,GT,79,52,39,NC_000020.11,Mutation NB - Maternal Origin,Transversion - Purine/Pyrimidine,Unsolved
18257623,rs6045300,TT,TC,CC,70,38,18,NC_000020.11,Mutation NB - Paternal Origin,Transition - Pyrimidine/Pyrimidine,T>C
18650460,rs6132095,CG,CC,GG,70,100,12,NC_000020.11,Mutation NB - Maternal Origin,Transversion - Purine/Pyrimidine,C>G
18650490,rs6136452,GT,GG,TT,70,100,12,NC_000020.11,Mutation NB - Maternal Origin,Transversion - Purine/Pyrimidine,G>T
18734084,.,AA,AA,AG,82,49,56,NC_000020.11,Mutation NB - Maternal Origin,Transition - Purine/Purine,Unsolved
18904266,rs1474759,AA,AA,AG,100,82,67,NC_000020.11,Mutation NB - Maternal Origin,Transition - Purine/Purine,Unsolved
19106905,.,AA,AA,AG,31,67,48,NC_000020.11,Mutation NB - Paternal Origin,Transition - Purine/Purine,Unsolved
19639666,rs6106114,CC,TT,TT,73,100,0,NC_000020.11,Mutation NB - Paternal Origin,Transition - Pyrimidine/Pyrimidine,C>T
19995174,rs2235888,TC,CC,TT,1,67,9,NC_000020.11,Mutation NB - Maternal Origin,Transversion - Purine/Pyrimidine,C>T
20285616,rs1115628,TT,AA,TT,91,91,15,NC_000020.11,Mutation NB - Maternal Origin,Transversion - Purine/Pyrimidine,A>T
20285618,rs1410262,CC,AA,CC,91,91,15,NC_000020.11,Mutation NB - Maternal Origin,Transversion - Purine/Pyrimidine,A>C
21700454,rs73133563,GG,AA,GG,79,88,18,NC_000020.11,Mutation NB - Maternal Origin,Transition - Purine/Purine,A>G
22755456,.,TT,TT,TC,67,67,47,NC_000020.11,Mutation NB - Paternal or Maternal,Transition - Pyrimidine/Pyrimidine,Unsolved
23100106,.,TT,TT,TC,34,76,41,NC_000020.11,Mutation NB - Paternal Origin,Transition - Pyrimidine/Pyrimidine,Unsolved
23149157,rs946371,AA,AA,AT,82,91,71,NC_000020.11,Mutation NB - Paternal Origin,Transversion - Purine/Pyrimidine,Unsolved
23163433,rs6083025,AA,GG,GG,91,82,15,NC_000020.11,Mutation NB - Paternal Origin,Transition - Purine/Purine,A>G
23163461,rs6076033,GG,AA,AA,91,82,15,NC_000020.11,Mutation NB - Paternal Origin,Transition - Purine/Purine,G>A
24318764,rs6138265,GG,GG,GC,100,76,68,NC_000020.11,Mutation NB - Maternal Origin,Transition - Purine/Purine,Transversion - Purine/Pyrimidine,Unsolved
24894029,rs6050092,TT,TT,TC,79,100,67,NC_000020.11,Mutation NB - Paternal Origin,Transition - Pyrimidine/Pyrimidine,Unsolved
25281655,rs2261753,GG,GG,GA,88,100,68,NC_000020.11,Mutation NB - Paternal Origin,Transition - Purine/Purine,Unsolved
25328345,rs2482923,TC,CC,TT,32,91,0,NC_000020.11,Mutation NB - Maternal Origin,Transversion - Purine/Pyrimidine,C>T
29746112,rs1388435546,CC,CC,CT,82,77,36,NC_000020.11,Mutation NB - Maternal Origin,Transition - Pyrimidine/Pyrimidine,Unsolved
32155688,rs73906759,GG,AA,GG,61,74,21,NC_000020.11,Mutation NB - Maternal Origin,Transition - Purine/Purine,A>G
32888051,rs113619711,AA,AA,AG,64,100,99,NC_000020.11,Mutation NB - Paternal Origin,Transition - Purine/Purine,Unsolved
35008486,.,TT,TT,TC,64,64,61,NC_000020.11,Mutation NB - Paternal or Maternal,Transition - Pyrimidine/Pyrimidine,Unsolved
35139070,rs8119827,CC,CC,CT,100,88,94,NC_000020.11,Mutation NB - Maternal Origin,Transition - Pyrimidine/Pyrimidine,Unsolved
35183632,rs2378337,GG,AA,AA,88,79,48,NC_000020.11,Mutation NB - Paternal Origin,Transition - Purine/Purine,G>A
36546129,.,AA,AA,AG,61,40,41,NC_000020.11,Mutation NB - Maternal Origin,Transition - Purine/Purine,Unsolved
38882257,rs55927879,CC,CG,GG,79,35,30,NC_000020.11,Mutation NB - Paternal Origin,Transversion - Purine/Pyrimidine,C>G
38882303,rs56011113,AA,AT,TT,79,35,30,NC_000020.11,Mutation NB - Paternal Origin,Transversion - Purine/Pyrimidine,A>T
39187478,rs982041480,TT,GT,GG,99,75,9,NC_000020.11,Mutation NB - Paternal Origin,Transversion - Purine/Pyrimidine,T>G
40814721,rs6029350,AA,GG,AA,58,88,9,NC_000020.11,Mutation NB - Maternal Origin,Transition - Purine/Purine,G>A
40875209,rs1884103,TT,GG,GG,70,37,18,NC_000020.11,Mutation NB - Paternal Origin,Transversion - Purine/Pyrimidine,T>G
42980548,rs2867591,GG,AA,AA,61,88,18,NC_000020.11,Mutation NB - Paternal Origin,Transition - Purine/Purine,G>A
42986437,.,TT,TT,TC,64,79,56,NC_000020.11,Mutation NB - Paternal Origin,Transition - Pyrimidine/Pyrimidine,Unsolved
43668771,rs285201,CC,TT,CC,55,79,24,NC_000020.11,Mutation NB - Maternal Origin,Transition - Pyrimidine/Pyrimidine,T>C
43689575,.,TT,TT,TC,67,64,41,NC_000020.11,Mutation NB - Maternal Origin,Transition - Pyrimidine/Pyrimidine,Unsolved
44072884,.,TT,TT,TC,95,37,51,NC_000020.11,Mutation NB - Maternal Origin,Transition - Pyrimidine/Pyrimidine,Unsolved
44072935,.,AA,AA,AG,76,37,54,NC_000020.11,Mutation NB - Maternal Origin,Transition - Purine/Purine,Unsolved
45736134,rs6032494,TC,CC,TT,38,91,9,NC_000020.11,Mutation NB - Maternal Origin,Transversion - Purine/Pyrimidine,C>T
45789843,rs45549239,CC,CC,CT,85,100,99,NC_000020.11,Mutation NB - Paternal Origin,Transition - Pyrimidine/Pyrimidine,Unsolved
45825016,rs370237,TC,CC,TT,1,79,0,NC_000020.11,Mutation NB - Maternal Origin,Transversion - Purine/Pyrimidine,C>T
46794701,rs3091930,CC,TT,CC,61,58,0,NC_000020.11,Mutation NB - Maternal Origin,Transition - Pyrimidine/Pyrimidine,T>C
47713011,rs6018654,GG,AA,AA,79,52,0,NC_000020.11,Mutation NB - Paternal Origin,Transition - Purine/Purine,G>A
47713013,rs4810664,CC,CA,AA,79,1,9,NC_000020.11,Mutation NB - Paternal Origin,Transversion - Purine/Pyrimidine,C>A
47771613,rs78803032,CC,CC,CA,88,100,71,NC_000020.11,Mutation NB - Paternal Origin,Transversion - Purine/Pyrimidine,Unsolved
48125142,rs66773748,CC,CT,TT,100,1,12,NC_000020.11,Mutation NB - Paternal Origin,Transition - Pyrimidine/Pyrimidine,C>T
48125823,rs137946956,CC,CC,CT,76,100,50,NC_000020.11,Mutation NB - Paternal Origin,Transition - Pyrimidine/Pyrimidine,Unsolved
48148149,rs2758951,TT,TG,GG,100,25,36,NC_000020.11,Mutation NB - Paternal Origin,Transversion - Purine/Pyrimidine,T>G
48148150,rs2758952,AA,AG,GG,100,25,36,NC_000020.11,Mutation NB - Paternal Origin,Transition - Purine/Purine,A>G
48148169,rs151051,GG,GC,CC,100,31,36,NC_000020.11,Mutation NB - Paternal Origin,Transversion - Purine/Pyrimidine,G>C
49468201,rs146866508,TT,AA,AA,58,40,12,NC_000020.11,Mutation NB - Paternal Origin,Transversion - Purine/Pyrimidine,T>A
50029462,rs74625170,GG,GG,AA,100,64,9,NC_000020.11,Mutation NB - Maternal Origin,Transition - Purine/Purine,Unsolved
50768114,rs231575,GG,TT,GG,91,85,18,NC_000020.11,Mutation NB - Maternal Origin,Transition - Purine/Purine,Transversion - Purine/Pyrimidine,T>G
51461382,rs228842,TT,CC,CC,79,91,0,NC_000020.11,Mutation NB - Paternal Origin,Transition - Pyrimidine/Pyrimidine,T>C
51461397,rs12479942,CC,CC,CT,79,100,20,NC_000020.11,Mutation NB - Paternal Origin,Transition - Pyrimidine/Pyrimidine,Unsolved
51595397,.,TT,TT,TC,85,88,44,NC_000020.11,Mutation NB - Paternal Origin,Transition - Pyrimidine/Pyrimidine,Unsolved
51595418,rs67132931,GG,GG,GA,100,46,99,NC_000020.11,Mutation NB - Maternal Origin,Transition - Purine/Purine,Unsolved
52727716,rs73136122,CC,CC,CT,100,61,99,NC_000020.11,Mutation NB - Maternal Origin,Transition - Pyrimidine/Pyrimidine,Unsolved
54793716,rs6014175,GA,AA,GG,1,82,27,NC_000020.11,Mutation NB - Maternal Origin,Transition - Purine/Purine,A>G
56231540,rs113637062,GG,AA,GG,88,73,9,NC_000020.11,Mutation NB - Maternal Origin,Transition - Purine/Purine,A>G
57634098,.,TT,TT,TC,70,28,47,NC_000020.11,Mutation NB - Maternal Origin,Transition - Pyrimidine/Pyrimidine,Unsolved
59819554,rs1007760856,GG,GG,GA,100,100,1,NC_000020.11,Mutation NB - Paternal or Maternal,Transition - Purine/Purine,Unsolved
60963974,rs191695371,CC,CC,CA,100,91,61,NC_000020.11,Mutation NB - Maternal Origin,Transversion - Purine/Pyrimidine,Unsolved
61065873,rs6129034,GA,AA,GG,70,52,0,NC_000020.11,Mutation NB - Maternal Origin,Transition - Purine/Purine,A>G
61830828,rs62206314,CC,TC,TT,91,32,0,NC_000020.11,Mutation NB - Paternal Origin,Transition - Pyrimidine/Pyrimidine,C>T
61854326,rs34874716,AA,GA,GG,79,33,12,NC_000020.11,Mutation NB - Paternal Origin,Transition - Purine/Purine,A>G
62450672,rs2427358,AA,AA,AT,88,85,99,NC_000020.11,Mutation NB - Maternal Origin,Transversion - Purine/Pyrimidine,Unsolved
62489147,rs62196336,CC,CC,CT,82,100,99,NC_000020.11,Mutation NB - Paternal Origin,Transition - Pyrimidine/Pyrimidine,Unsolved
62589028,rs76330264,GA,GG,AA,6,82,15,NC_000020.11,Mutation NB - Maternal Origin,Transition - Purine/Purine,G>A
63261160,rs2281566,CC,AA,CC,58,55,0,NC_000020.11,Mutation NB - Maternal Origin,Transversion - Purine/Pyrimidine,A>C
63317295,rs3803935,TT,CC,TT,82,79,15,NC_000020.11,Mutation NB - Maternal Origin,Transition - Pyrimidine/Pyrimidine,C>T
63564900,rs310631,AA,CC,CC,88,79,18,NC_000020.11,Mutation NB - Paternal Origin,Transversion - Purine/Pyrimidine,A>C
63905453,rs73317260,CC,CC,CG,100,88,99,NC_000020.11,Mutation NB - Maternal Origin,Transversion - Purine/Pyrimidine,Unsolved
5220426,rs1223353890,CC,CC,CA,100,82,99,NC_000021.9,Mutation NB - Maternal Origin,Transversion - Purine/Pyrimidine,Unsolved
14248477,rs380011,TT,TT,TC,61,70,99,NC_000021.9,Mutation NB - Paternal Origin,Transition - Pyrimidine/Pyrimidine,Unsolved
14417913,rs987644353,AA,AA,AG,67,34,53,NC_000021.9,Mutation NB - Maternal Origin,Transition - Purine/Purine,Unsolved
19470768,rs8128096,AA,GG,GG,79,55,9,NC_000021.9,Mutation NB - Paternal Origin,Transition - Purine/Purine,A>G
19477460,rs62212579,AA,AG,GG,73,1,18,NC_000021.9,Mutation NB - Paternal Origin,Transition - Purine/Purine,A>G
20645300,.,AA,AA,AG,64,82,50,NC_000021.9,Mutation NB - Paternal Origin,Transition - Purine/Purine,Unsolved
22818940,.,CC,CC,CT,76,91,62,NC_000021.9,Mutation NB - Paternal Origin,Transition - Pyrimidine/Pyrimidine,Unsolved
24353871,.,AA,AA,AG,70,64,53,NC_000021.9,Mutation NB - Maternal Origin,Transition - Purine/Purine,Unsolved
30409317,rs7277277,CC,CC,AA,85,95,0,NC_000021.9,Mutation NB - Paternal Origin,Transversion - Purine/Pyrimidine,Unsolved
31072166,rs2833256,GG,AA,GG,76,91,33,NC_000021.9,Mutation NB - Maternal Origin,Transition - Purine/Purine,A>G
32350738,rs560125951,AA,AA,AG,76,40,65,NC_000021.9,Mutation NB - Maternal Origin,Transition - Purine/Purine,Unsolved
33027619,.,TT,TT,TC,91,76,60,NC_000021.9,Mutation NB - Maternal Origin,Transition - Pyrimidine/Pyrimidine,Unsolved
33924009,.,CC,CC,CT,70,61,59,NC_000021.9,Mutation NB - Maternal Origin,Transition - Pyrimidine/Pyrimidine,Unsolved
33987634,rs2834323,GG,AG,AA,88,67,30,NC_000021.9,Mutation NB - Paternal Origin,Transition - Purine/Purine,G>A
35603817,rs12329908,TT,CC,TT,79,100,12,NC_000021.9,Mutation NB - Maternal Origin,Transition - Pyrimidine/Pyrimidine,C>T
36124814,.,TT,TT,TC,79,79,65,NC_000021.9,Mutation NB - Paternal or Maternal,Transition - Pyrimidine/Pyrimidine,Unsolved
36704501,rs141117455,GG,GG,GA,79,91,71,NC_000021.9,Mutation NB - Paternal Origin,Transition - Purine/Purine,Unsolved
37658478,.,AA,AA,AG,58,19,63,NC_000021.9,Mutation NB - Maternal Origin,Transition - Purine/Purine,Unsolved
38365782,.,AA,AA,AG,64,40,41,NC_000021.9,Mutation NB - Maternal Origin,Transition - Purine/Purine,Unsolved
41122880,rs10854410,CC,GG,CC,82,73,0,NC_000021.9,Mutation NB - Maternal Origin,Transversion - Purine/Pyrimidine,G>C
41282783,rs77943057,GA,GG,AA,1,73,9,NC_000021.9,Mutation NB - Maternal Origin,Transition - Purine/Purine,G>A
41348493,rs56389659,CC,CC,CT,58,100,99,NC_000021.9,Mutation NB - Paternal Origin,Transition - Pyrimidine/Pyrimidine,Unsolved
41623687,.,AA,AA,AG,58,64,47,NC_000021.9,Mutation NB - Paternal Origin,Transition - Purine/Purine,Unsolved
42272731,rs225399,TT,TT,TC,100,100,99,NC_000021.9,Mutation NB - Paternal or Maternal,Transition - Pyrimidine/Pyrimidine,Unsolved
42397188,rs7277003,TT,TT,TC,100,88,33,NC_000021.9,Mutation NB - Maternal Origin,Transition - Pyrimidine/Pyrimidine,Unsolved
42580182,.,AA,AA,AG,88,82,49,NC_000021.9,Mutation NB - Maternal Origin,Transition - Purine/Purine,Unsolved
42693001,rs2269142,TT,CC,CC,70,58,9,NC_000021.9,Mutation NB - Paternal Origin,Transition - Pyrimidine/Pyrimidine,T>C
43190803,rs2839651,GG,AA,AA,70,40,0,NC_000021.9,Mutation NB - Paternal Origin,Transition - Purine/Purine,G>A
43363629,rs621371,AA,TT,TT,91,91,0,NC_000021.9,Mutation NB - Paternal Origin,Transversion - Purine/Pyrimidine,A>T
43928482,rs2186929,TG,GG,TT,1,70,12,NC_000021.9,Mutation NB - Maternal Origin,Transversion - Purine/Pyrimidine,G>T
44684566,rs5013903,TT,TT,CC,100,100,12,NC_000021.9,Mutation NB - Paternal or Maternal,Transition - Pyrimidine/Pyrimidine,Unsolved
44684579,rs5013902,AA,AA,GG,100,100,12,NC_000021.9,Mutation NB - Paternal or Maternal,Transition - Purine/Purine,Unsolved
44768949,rs235353,GG,AG,AA,67,38,0,NC_000021.9,Mutation NB - Paternal Origin,Transition - Purine/Purine,G>A
44987422,rs73226669,TT,CC,TT,76,91,12,NC_000021.9,Mutation NB - Maternal Origin,Transition - Pyrimidine/Pyrimidine,C>T
44995585,.,TT,TT,TC,70,52,45,NC_000021.9,Mutation NB - Maternal Origin,Transition - Pyrimidine/Pyrimidine,Unsolved
45063154,rs73230641,TC,TT,CC,1,79,12,NC_000021.9,Mutation NB - Maternal Origin,Transition - Pyrimidine/Pyrimidine,T>C
45951719,rs367723337,CC,CC,CT,100,58,34,NC_000021.9,Mutation NB - Maternal Origin,Transition - Pyrimidine/Pyrimidine,Unsolved
46081620,rs2839103,GG,GG,GT,70,100,68,NC_000021.9,Mutation NB - Paternal Origin,Transversion - Purine/Pyrimidine,Unsolved
46109229,rs73159690,GG,AA,GG,85,91,9,NC_000021.9,Mutation NB - Maternal Origin,Transition - Purine/Purine,A>G
46134988,rs2078835001,TT,TT,TC,85,82,62,NC_000021.9,Mutation NB - Maternal Origin,Transition - Pyrimidine/Pyrimidine,Unsolved
16960723,rs73374496,CC,CC,CT,85,92,24,NC_000022.11,Mutation NB - Paternal Origin,Transition - Pyrimidine/Pyrimidine,Unsolved
17134344,rs9606624,GG,GG,GC,100,82,99,NC_000022.11,Mutation NB - Maternal Origin,Transition - Purine/Purine,Transversion - Purine/Pyrimidine,Unsolved
17563209,rs5992738,GG,GA,AA,76,1,12,NC_000022.11,Mutation NB - Paternal Origin,Transition - Purine/Purine,G>A
17744311,rs8190313,AA,AG,GG,76,1,21,NC_000022.11,Mutation NB - Paternal Origin,Transition - Purine/Purine,A>G
19730199,rs2157733,GG,GG,GA,100,76,23,NC_000022.11,Mutation NB - Maternal Origin,Transition - Purine/Purine,Unsolved
20762939,rs6004161,CC,TT,TT,91,85,9,NC_000022.11,Mutation NB - Paternal Origin,Transition - Pyrimidine/Pyrimidine,C>T
22681196,.,AA,AA,AG,91,82,41,NC_000022.11,Mutation NB - Maternal Origin,Transition - Purine/Purine,Unsolved
22774508,rs112559029,GG,AA,AA,82,52,21,NC_000022.11,Mutation NB - Paternal Origin,Transition - Purine/Purine,G>A
23099328,rs5759587,GG,GG,GC,67,67,95,NC_000022.11,Mutation NB - Paternal or Maternal,Transition - Purine/Purine,Transversion - Purine/Pyrimidine,Unsolved
23654072,rs6003830,CC,TT,CC,76,100,18,NC_000022.11,Mutation NB - Maternal Origin,Transition - Pyrimidine/Pyrimidine,T>C
23654074,rs6003831,GG,AA,GG,76,100,18,NC_000022.11,Mutation NB - Maternal Origin,Transition - Purine/Purine,A>G
25052779,rs2013477,TT,TT,CC,91,94,9,NC_000022.11,Mutation NB - Paternal Origin,Transition - Pyrimidine/Pyrimidine,Unsolved
29309027,.,AA,AA,AG,82,55,71,NC_000022.11,Mutation NB - Maternal Origin,Transition - Purine/Purine,Unsolved
29733167,rs140104,TC,CC,TT,35,76,15,NC_000022.11,Mutation NB - Maternal Origin,Transversion - Purine/Pyrimidine,C>T
33188687,rs137405,AA,GG,GG,76,79,21,NC_000022.11,Mutation NB - Paternal Origin,Transition - Purine/Purine,A>G
36288308,rs2269529,TC,TT,CC,1,91,12,NC_000022.11,Mutation NB - Maternal Origin,Transition - Pyrimidine/Pyrimidine,T>C
36288312,rs2269530,CA,CC,AA,1,91,12,NC_000022.11,Mutation NB - Maternal Origin,Transversion - Purine/Pyrimidine,C>A
37172330,.,TT,TT,TC,55,31,48,NC_000022.11,Mutation NB - Maternal Origin,Transition - Pyrimidine/Pyrimidine,Unsolved
37293005,.,AA,AA,AG,67,64,50,NC_000022.11,Mutation NB - Maternal Origin,Transition - Purine/Purine,Unsolved
39099579,rs139283,CG,GG,CC,1,73,9,NC_000022.11,Mutation NB - Maternal Origin,Transversion - Purine/Pyrimidine,G>C
41855806,rs719440,TT,GG,GG,79,79,18,NC_000022.11,Mutation NB - Paternal Origin,Transversion - Purine/Pyrimidine,T>G
41938949,rs1047997,CC,GG,CC,67,88,45,NC_000022.11,Mutation NB - Maternal Origin,Transversion - Purine/Pyrimidine,G>C
42329689,rs5758711,AA,AA,CC,82,100,12,NC_000022.11,Mutation NB - Paternal Origin,Transversion - Purine/Pyrimidine,Unsolved
42810581,rs9611914,AA,AA,AT,100,100,99,NC_000022.11,Mutation NB - Paternal or Maternal,Transversion - Purine/Pyrimidine,Unsolved
43025813,.,AA,AA,AG,85,61,67,NC_000022.11,Mutation NB - Maternal Origin,Transition - Purine/Purine,Unsolved
43442487,rs933217,AA,GG,GG,100,85,24,NC_000022.11,Mutation NB - Paternal Origin,Transition - Purine/Purine,A>G
44287779,.,AA,AA,AG,61,61,52,NC_000022.11,Mutation NB - Paternal or Maternal,Transition - Purine/Purine,Unsolved
44360332,.,CC,CC,CT,70,67,44,NC_000022.11,Mutation NB - Maternal Origin,Transition - Pyrimidine/Pyrimidine,Unsolved
44865448,rs2014741,CC,TT,TT,100,61,30,NC_000022.11,Mutation NB - Paternal Origin,Transition - Pyrimidine/Pyrimidine,C>T
45043859,rs132051,CC,AA,AA,91,88,21,NC_000022.11,Mutation NB - Paternal Origin,Transversion - Purine/Pyrimidine,C>A
45198355,rs7287577,CC,CC,CG,91,100,68,NC_000022.11,Mutation NB - Paternal Origin,Transversion - Purine/Pyrimidine,Unsolved
45599087,rs4823307,TT,TC,CC,76,29,12,NC_000022.11,Mutation NB - Paternal Origin,Transition - Pyrimidine/Pyrimidine,T>C
45964354,rs9330808,CC,GG,GG,100,88,15,NC_000022.11,Mutation NB - Paternal Origin,Transversion - Purine/Pyrimidine,C>G
46304025,.,AA,AA,AG,31,43,48,NC_000022.11,Mutation NB - Paternal Origin,Transition - Purine/Purine,Unsolved
46551692,rs5767259,AA,GG,AA,79,82,12,NC_000022.11,Mutation NB - Maternal Origin,Transition - Purine/Purine,G>A
46570639,rs9616050,GG,GG,AA,100,88,9,NC_000022.11,Mutation NB - Maternal Origin,Transition - Purine/Purine,Unsolved
46652891,.,AA,AA,AT,88,82,48,NC_000022.11,Mutation NB - Maternal Origin,Transversion - Purine/Pyrimidine,Unsolved
48738187,rs12166525,GG,GG,GA,91,88,68,NC_000022.11,Mutation NB - Maternal Origin,Transition - Purine/Purine,Unsolved
49035706,rs9616413,TT,CC,TT,79,100,18,NC_000022.11,Mutation NB - Maternal Origin,Transition - Pyrimidine/Pyrimidine,C>T
49167633,rs1039318428,CC,CC,CT,100,88,99,NC_000022.11,Mutation NB - Maternal Origin,Transition - Pyrimidine/Pyrimidine,Unsolved
49192271,rs2252509,AA,CC,AA,79,28,18,NC_000022.11,Mutation NB - Maternal Origin,Transversion - Purine/Pyrimidine,C>A
49305111,rs5770226,GG,AG,AA,76,1,0,NC_000022.11,Mutation NB - Paternal Origin,Transition - Purine/Purine,G>A
49760982,.,TT,TT,TC,67,76,65,NC_000022.11,Mutation NB - Paternal Origin,Transition - Pyrimidine/Pyrimidine,Unsolved
49955996,rs28649122,GG,GG,AG,82,76,56,NC_000022.11,Mutation NB - Maternal Origin,Transition - Purine/Purine,Unsolved
