1027226,rs4970393,AA,GA,GG,1,1,0,NC_000001.11,Mutation NB - Paternal Origin,Transition - Purine/Purine,A>G
1039753,rs3121579,AA,TA,TT,31,1,9,NC_000001.11,Mutation NB - Paternal Origin,Transversion - Purine/Pyrimidine,A>T
1117566,rs12755848,GG,TT,GG,76,79,9,NC_000001.11,Mutation NB - Maternal Origin,Transition - Purine/Purine,Transversion - Purine/Pyrimidine,T>G
1236037,rs6603782,CT,CC,TT,1,19,15,NC_000001.11,Mutation NB - Maternal Origin,Transversion - Purine/Pyrimidine,C>T
1955184,.,GG,GG,GA,1,1,65,NC_000001.11,Mutation NB - Paternal or Maternal,Transition - Purine/Purine,Unsolved
2108280,rs1878752,AA,GA,GG,1,1,12,NC_000001.11,Mutation NB - Paternal Origin,Transition - Purine/Purine,A>G
2297743,.,AA,AA,AG,70,1,71,NC_000001.11,Mutation NB - Maternal Origin,Transition - Purine/Purine,Unsolved
2805227,rs1643803061,GG,GG,GA,37,40,65,NC_000001.11,Mutation NB - Paternal Origin,Transition - Purine/Purine,Unsolved
2856924,rs6660680,GG,CG,CC,46,1,12,NC_000001.11,Mutation NB - Paternal Origin,Transversion - Purine/Pyrimidine,G>C
2868168,.,AA,AA,AG,82,73,65,NC_000001.11,Mutation NB - Maternal Origin,Transition - Purine/Purine,Unsolved
2883789,rs61763695,GG,TT,TT,52,4,9,NC_000001.11,Mutation NB - Paternal Origin,Transversion - Purine/Pyrimidine,G>T
3015316,.,AA,AA,AC,1,1,53,NC_000001.11,Mutation NB - Paternal or Maternal,Transversion - Purine/Pyrimidine,Unsolved
3480045,rs881978,TT,CC,CC,16,4,15,NC_000001.11,Mutation NB - Paternal Origin,Transition - Pyrimidine/Pyrimidine,T>C
3482420,rs11579276,TT,CC,CC,55,49,0,NC_000001.11,Mutation NB - Paternal Origin,Transition - Pyrimidine/Pyrimidine,T>C
4307862,rs1817914,CC,TC,TT,79,1,0,NC_000001.11,Mutation NB - Paternal Origin,Transition - Pyrimidine/Pyrimidine,C>T
4366358,rs349387,AA,GG,GG,76,73,12,NC_000001.11,Mutation NB - Paternal Origin,Transition - Purine/Purine,A>G
5508392,rs11260633,GG,GA,AA,52,1,12,NC_000001.11,Mutation NB - Paternal Origin,Transition - Purine/Purine,G>A
5842367,rs9729215,AG,GG,AA,67,52,0,NC_000001.11,Mutation NB - Maternal Origin,Transition - Purine/Purine,G>A
6151123,rs9434711,GG,AA,AA,64,10,3,NC_000001.11,Mutation NB - Paternal Origin,Transition - Purine/Purine,G>A
7715448,rs1160103151,CC,CC,CT,100,100,81,NC_000001.11,Mutation NB - Paternal or Maternal,Transition - Pyrimidine/Pyrimidine,Unsolved
7715452,.,AA,AA,AG,70,43,48,NC_000001.11,Mutation NB - Maternal Origin,Transition - Purine/Purine,Unsolved
8349612,rs10864351,CC,CA,AA,34,1,15,NC_000001.11,Mutation NB - Paternal Origin,Transversion - Purine/Pyrimidine,C>A
9354163,rs12727816,GG,GG,GA,73,91,30,NC_000001.11,Mutation NB - Paternal Origin,Transition - Purine/Purine,Unsolved
9368452,.,GG,GG,GA,43,1,44,NC_000001.11,Mutation NB - Maternal Origin,Transition - Purine/Purine,Unsolved
10674635,.,AA,AA,AG,58,7,41,NC_000001.11,Mutation NB - Maternal Origin,Transition - Purine/Purine,Unsolved
11416517,rs11121730,CC,GG,CC,40,46,9,NC_000001.11,Mutation NB - Maternal Origin,Transversion - Purine/Pyrimidine,G>C
11779941,rs4846044,CC,TC,TT,19,1,0,NC_000001.11,Mutation NB - Paternal Origin,Transition - Pyrimidine/Pyrimidine,C>T
12007155,rs529286489,AA,AA,AG,46,55,71,NC_000001.11,Mutation NB - Paternal Origin,Transition - Purine/Purine,Unsolved
12037511,rs11121850,TT,CT,CC,67,1,15,NC_000001.11,Mutation NB - Paternal Origin,Transition - Pyrimidine/Pyrimidine,T>C
12560440,rs6541033,GG,CC,CC,55,19,0,NC_000001.11,Mutation NB - Paternal Origin,Transversion - Purine/Pyrimidine,G>C
14136572,rs6671072,GA,AA,GG,1,52,9,NC_000001.11,Mutation NB - Maternal Origin,Transition - Purine/Purine,A>G
14871318,rs12564579,CC,TT,CC,34,1,0,NC_000001.11,Mutation NB - Maternal Origin,Transition - Pyrimidine/Pyrimidine,T>C
14871413,rs2803396,TT,CC,TT,82,31,0,NC_000001.11,Mutation NB - Maternal Origin,Transition - Pyrimidine/Pyrimidine,C>T
14994287,.,AA,AA,AG,43,1,51,NC_000001.11,Mutation NB - Maternal Origin,Transition - Purine/Purine,Unsolved
16607700,rs867171770,GG,GG,GC,62,1,99,NC_000001.11,Mutation NB - Maternal Origin,Transition - Purine/Purine,Transversion - Purine/Pyrimidine,Unsolved
16625963,rs373883693,CC,CC,CT,34,1,62,NC_000001.11,Mutation NB - Maternal Origin,Transition - Pyrimidine/Pyrimidine,Unsolved
16960806,rs76576326,AA,GG,GG,82,70,21,NC_000001.11,Mutation NB - Paternal Origin,Transition - Purine/Purine,A>G
17763706,rs4920633,AG,AA,GG,1,52,9,NC_000001.11,Mutation NB - Maternal Origin,Transition - Purine/Purine,A>G
18043090,rs7532584,TT,AA,AA,58,28,0,NC_000001.11,Mutation NB - Paternal Origin,Transversion - Purine/Pyrimidine,T>A
18043151,rs7535081,GG,TT,TT,58,34,0,NC_000001.11,Mutation NB - Paternal Origin,Transversion - Purine/Pyrimidine,G>T
18120242,rs61765734,AA,GG,GG,91,88,0,NC_000001.11,Mutation NB - Paternal Origin,Transition - Purine/Purine,A>G
18835373,rs11261088,TT,CC,CC,73,79,12,NC_000001.11,Mutation NB - Paternal Origin,Transition - Pyrimidine/Pyrimidine,T>C
19268598,.,AA,AA,AG,7,1,44,NC_000001.11,Mutation NB - Maternal Origin,Transition - Purine/Purine,Unsolved
23600715,rs10917398,GG,AA,AA,91,58,27,NC_000001.11,Mutation NB - Paternal Origin,Transition - Purine/Purine,G>A
25042747,rs430022,TT,CC,TT,40,67,0,NC_000001.11,Mutation NB - Maternal Origin,Transition - Pyrimidine/Pyrimidine,C>T
25083034,.,TT,TT,TC,70,64,56,NC_000001.11,Mutation NB - Maternal Origin,Transition - Pyrimidine/Pyrimidine,Unsolved
25997795,.,GG,GG,GA,76,49,71,NC_000001.11,Mutation NB - Maternal Origin,Transition - Purine/Purine,Unsolved
27364758,.,CC,CC,CA,67,16,65,NC_000001.11,Mutation NB - Maternal Origin,Transversion - Purine/Pyrimidine,Unsolved
28510924,rs2840761,AA,AT,TT,74,1,9,NC_000001.11,Mutation NB - Paternal Origin,Transversion - Purine/Pyrimidine,A>T
29104560,rs12408688,TT,CC,TT,55,1,12,NC_000001.11,Mutation NB - Maternal Origin,Transition - Pyrimidine/Pyrimidine,C>T
29640589,rs9439756,GG,AA,AA,34,25,12,NC_000001.11,Mutation NB - Paternal Origin,Transition - Purine/Purine,G>A
31544989,rs4949434,TT,CC,TT,67,19,0,NC_000001.11,Mutation NB - Maternal Origin,Transition - Pyrimidine/Pyrimidine,C>T
32043806,rs1639325030,AA,AA,AG,76,43,68,NC_000001.11,Mutation NB - Maternal Origin,Transition - Purine/Purine,Unsolved
35301520,.,TT,TT,TC,49,58,68,NC_000001.11,Mutation NB - Paternal Origin,Transition - Pyrimidine/Pyrimidine,Unsolved
35675334,rs665046,TT,AT,AA,52,31,9,NC_000001.11,Mutation NB - Paternal Origin,Transversion - Purine/Pyrimidine,T>A
36859205,.,CC,CC,CT,28,1,50,NC_000001.11,Mutation NB - Maternal Origin,Transition - Pyrimidine/Pyrimidine,Unsolved
37231759,.,TT,TT,TC,73,40,68,NC_000001.11,Mutation NB - Maternal Origin,Transition - Pyrimidine/Pyrimidine,Unsolved
37761948,rs34557762,CG,CC,GG,50,73,21,NC_000001.11,Mutation NB - Maternal Origin,Transversion - Purine/Pyrimidine,C>G
38372334,rs17537652,GG,AA,GG,43,34,0,NC_000001.11,Mutation NB - Maternal Origin,Transition - Purine/Purine,A>G
38380238,rs72667525,CC,CA,AA,79,57,9,NC_000001.11,Mutation NB - Paternal Origin,Transversion - Purine/Pyrimidine,C>A
39361509,.,TT,TT,TA,16,1,50,NC_000001.11,Mutation NB - Maternal Origin,Transition - Pyrimidine/Pyrimidine,Transversion - Purine/Pyrimidine,Unsolved
41018279,rs11209361,GG,CC,CC,100,82,18,NC_000001.11,Mutation NB - Paternal Origin,Transversion - Purine/Pyrimidine,G>C
42465004,rs4660227,AA,AC,CC,91,1,9,NC_000001.11,Mutation NB - Paternal Origin,Transversion - Purine/Pyrimidine,A>C
43255323,rs3862227,AA,GG,GG,58,37,9,NC_000001.11,Mutation NB - Paternal Origin,Transition - Purine/Purine,A>G
44220050,.,AA,AA,AG,1,4,43,NC_000001.11,Mutation NB - Paternal Origin,Transition - Purine/Purine,Unsolved
44836919,rs11573557,GG,TT,TT,82,46,39,NC_000001.11,Mutation NB - Paternal Origin,Transversion - Purine/Pyrimidine,G>T
47246106,rs35856603,GA,GG,AA,1,46,21,NC_000001.11,Mutation NB - Maternal Origin,Transition - Purine/Purine,G>A
48216021,rs12081912,GG,GG,GA,91,37,99,NC_000001.11,Mutation NB - Maternal Origin,Transition - Purine/Purine,Unsolved
49652929,rs6660689,CC,TC,TT,82,50,0,NC_000001.11,Mutation NB - Paternal Origin,Transition - Pyrimidine/Pyrimidine,C>T
52610744,rs11205979,TT,CC,TT,73,19,0,NC_000001.11,Mutation NB - Maternal Origin,Transition - Pyrimidine/Pyrimidine,C>T
55578203,rs12127175,CC,TT,CC,85,40,9,NC_000001.11,Mutation NB - Maternal Origin,Transition - Pyrimidine/Pyrimidine,T>C
56081578,rs6675451,TC,CC,TT,1,43,9,NC_000001.11,Mutation NB - Maternal Origin,Transversion - Purine/Pyrimidine,C>T
61565861,.,GG,GG,GA,58,1,62,NC_000001.11,Mutation NB - Maternal Origin,Transition - Purine/Purine,Unsolved
61565945,rs2095736,AA,GA,GG,40,1,0,NC_000001.11,Mutation NB - Paternal Origin,Transition - Purine/Purine,A>G
61565960,rs10889236,AA,AG,GG,40,1,12,NC_000001.11,Mutation NB - Paternal Origin,Transition - Purine/Purine,A>G
64450774,rs305538,AA,AA,AG,100,82,33,NC_000001.11,Mutation NB - Maternal Origin,Transition - Purine/Purine,Unsolved
65343619,rs4915688,CC,GC,GG,67,1,9,NC_000001.11,Mutation NB - Paternal Origin,Transversion - Purine/Pyrimidine,C>G
65865474,.,TT,TT,TC,79,25,50,NC_000001.11,Mutation NB - Maternal Origin,Transition - Pyrimidine/Pyrimidine,Unsolved
70719433,.,AA,AA,AG,40,16,71,NC_000001.11,Mutation NB - Maternal Origin,Transition - Purine/Purine,Unsolved
79734764,rs17456724,TT,CC,CC,55,52,0,NC_000001.11,Mutation NB - Paternal Origin,Transition - Pyrimidine/Pyrimidine,T>C
81588469,rs1408425,AA,TA,TT,73,1,0,NC_000001.11,Mutation NB - Paternal Origin,Transversion - Purine/Pyrimidine,A>T
82600842,rs6604915,TT,CC,TT,37,16,0,NC_000001.11,Mutation NB - Maternal Origin,Transition - Pyrimidine/Pyrimidine,C>T
83115989,rs323939,GG,AA,AA,100,70,9,NC_000001.11,Mutation NB - Paternal Origin,Transition - Purine/Purine,G>A
87525227,rs1269223465,AA,AA,AG,73,70,65,NC_000001.11,Mutation NB - Maternal Origin,Transition - Purine/Purine,Unsolved
91798744,.,AA,AA,AG,85,22,44,NC_000001.11,Mutation NB - Maternal Origin,Transition - Purine/Purine,Unsolved
91827855,rs2799537,AA,GG,GG,61,22,12,NC_000001.11,Mutation NB - Paternal Origin,Transition - Purine/Purine,A>G
92031003,.,AA,AA,AG,73,46,49,NC_000001.11,Mutation NB - Maternal Origin,Transition - Purine/Purine,Unsolved
94392375,rs1687970,CC,TC,TT,43,1,0,NC_000001.11,Mutation NB - Paternal Origin,Transition - Pyrimidine/Pyrimidine,C>T
94646042,rs12132926,CT,CC,TT,1,58,9,NC_000001.11,Mutation NB - Maternal Origin,Transversion - Purine/Pyrimidine,C>T
101959758,rs12043200,AA,AG,GG,52,1,15,NC_000001.11,Mutation NB - Paternal Origin,Transition - Purine/Purine,A>G
102230487,rs6694201,CG,GG,CC,28,40,0,NC_000001.11,Mutation NB - Maternal Origin,Transversion - Purine/Pyrimidine,G>C
110513767,rs1281179,TC,CC,TT,1,13,12,NC_000001.11,Mutation NB - Maternal Origin,Transversion - Purine/Pyrimidine,C>T
111346274,.,TT,TT,TC,40,52,33,NC_000001.11,Mutation NB - Paternal Origin,Transition - Pyrimidine/Pyrimidine,Unsolved
113302202,rs773588,AA,CC,CC,85,49,24,NC_000001.11,Mutation NB - Paternal Origin,Transversion - Purine/Pyrimidine,A>C
114136462,rs891132898,AA,AA,AG,34,1,40,NC_000001.11,Mutation NB - Maternal Origin,Transition - Purine/Purine,Unsolved
114189098,rs2358810,TT,GG,TT,61,40,12,NC_000001.11,Mutation NB - Maternal Origin,Transversion - Purine/Pyrimidine,G>T
115703188,rs6667224,CC,CC,CT,100,61,99,NC_000001.11,Mutation NB - Maternal Origin,Transition - Pyrimidine/Pyrimidine,Unsolved
116683206,.,CC,CC,CT,73,37,68,NC_000001.11,Mutation NB - Maternal Origin,Transition - Pyrimidine/Pyrimidine,Unsolved
116990149,rs755012376,AA,AA,AG,70,43,33,NC_000001.11,Mutation NB - Maternal Origin,Transition - Purine/Purine,Unsolved
151232655,rs185961416,AA,AA,AG,82,76,62,NC_000001.11,Mutation NB - Maternal Origin,Transition - Purine/Purine,Unsolved
152311863,rs759486727,GG,GG,GA,37,1,50,NC_000001.11,Mutation NB - Maternal Origin,Transition - Purine/Purine,Unsolved
154053415,rs1819663,AG,GG,AA,1,1,0,NC_000001.11,Mutation NB - Maternal Origin,Transition - Purine/Purine,G>A
154679617,rs2335254,GT,TT,GG,1,46,18,NC_000001.11,Mutation NB - Maternal Origin,Transversion - Purine/Pyrimidine,T>G
156594814,rs4661190,GG,GA,AA,46,1,12,NC_000001.11,Mutation NB - Paternal Origin,Transition - Purine/Purine,G>A
158088981,rs56105745,CC,CT,TT,49,1,9,NC_000001.11,Mutation NB - Paternal Origin,Transition - Pyrimidine/Pyrimidine,C>T
159453667,.,CC,CC,CT,43,19,49,NC_000001.11,Mutation NB - Maternal Origin,Transition - Pyrimidine/Pyrimidine,Unsolved
162382406,.,AA,AA,AG,64,40,56,NC_000001.11,Mutation NB - Maternal Origin,Transition - Purine/Purine,Unsolved
163228068,.,GG,GG,GA,40,67,62,NC_000001.11,Mutation NB - Paternal Origin,Transition - Purine/Purine,Unsolved
166767626,rs474386,CT,CC,TT,46,85,9,NC_000001.11,Mutation NB - Maternal Origin,Transversion - Purine/Pyrimidine,C>T
166770440,rs572582,TG,TT,GG,2,19,9,NC_000001.11,Mutation NB - Maternal Origin,Transversion - Purine/Pyrimidine,T>G
166816323,rs972525,AG,AA,GG,1,79,21,NC_000001.11,Mutation NB - Maternal Origin,Transition - Purine/Purine,A>G
168119900,.,TT,TT,TA,64,79,56,NC_000001.11,Mutation NB - Paternal Origin,Transition - Pyrimidine/Pyrimidine,Transversion - Purine/Pyrimidine,Unsolved
168315796,.,CC,CC,CT,67,67,33,NC_000001.11,Mutation NB - Paternal or Maternal,Transition - Pyrimidine/Pyrimidine,Unsolved
175870373,rs12034224,TT,CT,CC,64,1,0,NC_000001.11,Mutation NB - Paternal Origin,Transition - Pyrimidine/Pyrimidine,T>C
179240557,rs371296856,AA,AT,TT,73,1,12,NC_000001.11,Mutation NB - Paternal Origin,Transversion - Purine/Pyrimidine,A>T
181098614,rs3856069,GT,TT,GG,35,76,0,NC_000001.11,Mutation NB - Maternal Origin,Transversion - Purine/Pyrimidine,T>G
181889083,rs12076743,GG,CG,CC,82,1,66,NC_000001.11,Mutation NB - Paternal Origin,Transversion - Purine/Pyrimidine,G>C
182112825,rs10911021,CC,TT,CC,28,28,0,NC_000001.11,Mutation NB - Maternal Origin,Transition - Pyrimidine/Pyrimidine,T>C
182477361,rs267900,AG,GG,AA,1,1,0,NC_000001.11,Mutation NB - Maternal Origin,Transition - Purine/Purine,G>A
186221767,rs649350,TG,TT,GG,1,49,9,NC_000001.11,Mutation NB - Maternal Origin,Transversion - Purine/Pyrimidine,T>G
186778480,rs10798057,TC,CC,TT,1,22,0,NC_000001.11,Mutation NB - Maternal Origin,Transversion - Purine/Pyrimidine,C>T
187326881,rs7524786,GT,GG,TT,1,40,9,NC_000001.11,Mutation NB - Maternal Origin,Transversion - Purine/Pyrimidine,G>T
188103431,rs1655203008,CC,CC,CT,73,52,50,NC_000001.11,Mutation NB - Maternal Origin,Transition - Pyrimidine/Pyrimidine,Unsolved
188355894,.,TT,TT,TC,7,1,72,NC_000001.11,Mutation NB - Maternal Origin,Transition - Pyrimidine/Pyrimidine,Unsolved
190698479,rs7514760,AA,CC,AA,64,22,0,NC_000001.11,Mutation NB - Maternal Origin,Transversion - Purine/Pyrimidine,C>A
191026132,rs10753969,TT,CC,TT,22,1,0,NC_000001.11,Mutation NB - Maternal Origin,Transition - Pyrimidine/Pyrimidine,C>T
192752155,rs12409129,TT,GG,TT,61,79,39,NC_000001.11,Mutation NB - Maternal Origin,Transversion - Purine/Pyrimidine,G>T
195218675,rs12738707,TC,TT,CC,1,13,12,NC_000001.11,Mutation NB - Maternal Origin,Transition - Pyrimidine/Pyrimidine,T>C
196808952,rs668633,AA,GG,AA,91,85,3,NC_000001.11,Mutation NB - Maternal Origin,Transition - Purine/Purine,G>A
202113309,rs4073668,TT,CC,TT,31,1,0,NC_000001.11,Mutation NB - Maternal Origin,Transition - Pyrimidine/Pyrimidine,C>T
202168541,rs1657693696,AA,AA,AG,79,34,42,NC_000001.11,Mutation NB - Maternal Origin,Transition - Purine/Purine,Unsolved
203502970,rs77566947,GG,GG,GA,85,100,99,NC_000001.11,Mutation NB - Paternal Origin,Transition - Purine/Purine,Unsolved
206470715,rs2297548,TT,CC,TT,70,64,24,NC_000001.11,Mutation NB - Maternal Origin,Transition - Pyrimidine/Pyrimidine,C>T
206531396,rs1014584577,TT,TT,TC,70,1,53,NC_000001.11,Mutation NB - Maternal Origin,Transition - Pyrimidine/Pyrimidine,Unsolved
209889047,.,GG,GG,GA,43,22,71,NC_000001.11,Mutation NB - Maternal Origin,Transition - Purine/Purine,Unsolved
212704118,rs7549294,AA,TT,AA,91,100,9,NC_000001.11,Mutation NB - Maternal Origin,Transversion - Purine/Pyrimidine,T>A
212749429,.,CC,CC,CT,85,58,50,NC_000001.11,Mutation NB - Maternal Origin,Transition - Pyrimidine/Pyrimidine,Unsolved
214329122,rs4655245,TT,CC,TT,31,46,0,NC_000001.11,Mutation NB - Maternal Origin,Transition - Pyrimidine/Pyrimidine,C>T
216399698,rs561324196,CC,CT,TT,31,1,9,NC_000001.11,Mutation NB - Paternal Origin,Transition - Pyrimidine/Pyrimidine,C>T
217968932,rs11577597,CT,CC,TT,53,1,15,NC_000001.11,Mutation NB - Maternal Origin,Transversion - Purine/Pyrimidine,C>T
221284992,rs35889631,AG,AA,GG,1,1,18,NC_000001.11,Mutation NB - Maternal Origin,Transition - Purine/Purine,A>G
221435651,.,TT,TT,TC,82,52,47,NC_000001.11,Mutation NB - Maternal Origin,Transition - Pyrimidine/Pyrimidine,Unsolved
221903498,rs2378493,GG,AA,GG,79,1,0,NC_000001.11,Mutation NB - Maternal Origin,Transition - Purine/Purine,A>G
225824876,rs2854450,CC,TC,TT,34,1,0,NC_000001.11,Mutation NB - Paternal Origin,Transition - Pyrimidine/Pyrimidine,C>T
225944820,.,TT,TT,TC,79,79,71,NC_000001.11,Mutation NB - Paternal or Maternal,Transition - Pyrimidine/Pyrimidine,Unsolved
228774609,rs4654656,CC,AA,AA,61,16,9,NC_000001.11,Mutation NB - Paternal Origin,Transversion - Purine/Pyrimidine,C>A
229207192,rs6703901,TT,TC,CC,82,1,9,NC_000001.11,Mutation NB - Paternal Origin,Transition - Pyrimidine/Pyrimidine,T>C
229478997,.,TT,TT,TC,67,40,44,NC_000001.11,Mutation NB - Maternal Origin,Transition - Pyrimidine/Pyrimidine,Unsolved
229795305,.,AA,AA,AG,79,43,63,NC_000001.11,Mutation NB - Maternal Origin,Transition - Purine/Purine,Unsolved
230792605,rs2282321,CC,TT,CC,73,91,9,NC_000001.11,Mutation NB - Maternal Origin,Transition - Pyrimidine/Pyrimidine,T>C
230987305,rs10864647,CC,CA,AA,64,1,15,NC_000001.11,Mutation NB - Paternal Origin,Transversion - Purine/Pyrimidine,C>A
231446538,rs1769815,CC,CC,CT,91,73,99,NC_000001.11,Mutation NB - Maternal Origin,Transition - Pyrimidine/Pyrimidine,Unsolved
231446581,rs1765804,AA,AA,AG,91,73,99,NC_000001.11,Mutation NB - Maternal Origin,Transition - Purine/Purine,Unsolved
232020915,.,TT,TT,TC,76,25,44,NC_000001.11,Mutation NB - Maternal Origin,Transition - Pyrimidine/Pyrimidine,Unsolved
233734069,.,AA,AA,AT,28,19,48,NC_000001.11,Mutation NB - Maternal Origin,Transversion - Purine/Pyrimidine,Unsolved
236124543,rs10737774,TC,CC,TT,35,73,0,NC_000001.11,Mutation NB - Maternal Origin,Transversion - Purine/Pyrimidine,C>T
237723102,.,TT,TT,TC,64,34,71,NC_000001.11,Mutation NB - Maternal Origin,Transition - Pyrimidine/Pyrimidine,Unsolved
241369156,rs10802958,TT,CT,CC,61,1,0,NC_000001.11,Mutation NB - Paternal Origin,Transition - Pyrimidine/Pyrimidine,T>C
241894065,.,GG,GG,GA,85,70,72,NC_000001.11,Mutation NB - Maternal Origin,Transition - Purine/Purine,Unsolved
242651802,rs7534989,CC,GG,GG,100,91,45,NC_000001.11,Mutation NB - Paternal Origin,Transversion - Purine/Pyrimidine,C>G
244395406,rs3101467,GG,AA,GG,37,1,9,NC_000001.11,Mutation NB - Maternal Origin,Transition - Purine/Purine,A>G
652272,rs6760274,GG,AA,GG,85,52,0,NC_000002.12,Mutation NB - Maternal Origin,Transition - Purine/Purine,A>G
2607168,rs7590656,TT,GT,GG,28,1,0,NC_000002.12,Mutation NB - Paternal Origin,Transversion - Purine/Pyrimidine,T>G
2639422,rs73187186,GA,GG,AA,1,28,15,NC_000002.12,Mutation NB - Maternal Origin,Transition - Purine/Purine,G>A
5584221,.,AA,AA,AT,73,22,47,NC_000002.12,Mutation NB - Maternal Origin,Transversion - Purine/Pyrimidine,Unsolved
8647844,rs4668586,CC,CC,CA,100,76,24,NC_000002.12,Mutation NB - Maternal Origin,Transversion - Purine/Pyrimidine,Unsolved
9240209,rs6758205,GG,GA,AA,91,1,12,NC_000002.12,Mutation NB - Paternal Origin,Transition - Purine/Purine,G>A
9283102,rs12477546,GG,AA,AA,49,34,12,NC_000002.12,Mutation NB - Paternal Origin,Transition - Purine/Purine,G>A
11687892,rs10169592,TT,TA,AA,79,1,9,NC_000002.12,Mutation NB - Paternal Origin,Transversion - Purine/Pyrimidine,T>A
11687901,rs62116185,CC,CT,TT,79,1,9,NC_000002.12,Mutation NB - Paternal Origin,Transition - Pyrimidine/Pyrimidine,C>T
14529386,rs13432427,TG,GG,TT,1,55,0,NC_000002.12,Mutation NB - Maternal Origin,Transversion - Purine/Pyrimidine,G>T
15209162,rs6729944,AA,TT,AA,67,61,9,NC_000002.12,Mutation NB - Maternal Origin,Transversion - Purine/Pyrimidine,T>A
15846304,rs7563259,AA,AA,TT,49,1,0,NC_000002.12,Mutation NB - Maternal Origin,Transversion - Purine/Pyrimidine,Unsolved
15846338,rs7602146,GG,GG,CG,13,1,90,NC_000002.12,Mutation NB - Maternal Origin,Transition - Purine/Purine,Transversion - Purine/Pyrimidine,Unsolved
17917417,rs13423461,GG,GT,TT,70,1,9,NC_000002.12,Mutation NB - Paternal Origin,Transversion - Purine/Pyrimidine,G>T
18811103,rs10432574,CC,AA,AA,91,61,21,NC_000002.12,Mutation NB - Paternal Origin,Transversion - Purine/Pyrimidine,C>A
20171852,rs1107851,CC,TT,TT,49,46,0,NC_000002.12,Mutation NB - Paternal Origin,Transition - Pyrimidine/Pyrimidine,C>T
26475416,.,AA,AA,AG,61,37,53,NC_000002.12,Mutation NB - Maternal Origin,Transition - Purine/Purine,Unsolved
28590655,rs1183270488,GG,GG,GA,55,1,71,NC_000002.12,Mutation NB - Maternal Origin,Transition - Purine/Purine,Unsolved
29024056,rs61630439,AA,GG,GG,73,79,9,NC_000002.12,Mutation NB - Paternal Origin,Transition - Purine/Purine,A>G
31111253,.,AA,AA,AG,70,61,41,NC_000002.12,Mutation NB - Maternal Origin,Transition - Purine/Purine,Unsolved
31257629,rs597644,CC,AA,AA,100,52,9,NC_000002.12,Mutation NB - Paternal Origin,Transversion - Purine/Pyrimidine,C>A
33057631,rs111362052,TT,GG,GG,52,1,6,NC_000002.12,Mutation NB - Paternal Origin,Transversion - Purine/Pyrimidine,T>G
33914313,rs113075228,CC,CT,TT,43,46,9,NC_000002.12,Mutation NB - Paternal Origin,Transition - Pyrimidine/Pyrimidine,C>T
33914372,rs2946936,TT,TC,CC,43,46,9,NC_000002.12,Mutation NB - Paternal Origin,Transition - Pyrimidine/Pyrimidine,T>C
34121410,rs10185902,CT,TT,CC,42,88,9,NC_000002.12,Mutation NB - Maternal Origin,Transition - Pyrimidine/Pyrimidine,T>C
35599411,.,CC,CC,CT,61,1,72,NC_000002.12,Mutation NB - Maternal Origin,Transition - Pyrimidine/Pyrimidine,Unsolved
35599414,rs1666790520,AA,AA,AG,61,1,72,NC_000002.12,Mutation NB - Maternal Origin,Transition - Purine/Purine,Unsolved
39514787,rs11124685,TT,TT,CT,82,55,18,NC_000002.12,Mutation NB - Maternal Origin,Transition - Pyrimidine/Pyrimidine,Unsolved
40228264,rs417464,GG,GG,GA,70,37,68,NC_000002.12,Mutation NB - Maternal Origin,Transition - Purine/Purine,Unsolved
40890789,rs6544364,GA,GG,AA,38,58,9,NC_000002.12,Mutation NB - Maternal Origin,Transition - Purine/Purine,G>A
42340970,rs72798537,GG,GA,AA,10,1,18,NC_000002.12,Mutation NB - Paternal Origin,Transition - Purine/Purine,G>A
42797756,rs11124893,TT,TT,TC,100,34,65,NC_000002.12,Mutation NB - Maternal Origin,Transition - Pyrimidine/Pyrimidine,Unsolved
42867980,rs6750042,GG,AA,AA,70,40,0,NC_000002.12,Mutation NB - Paternal Origin,Transition - Purine/Purine,G>A
42936077,.,CC,CC,CT,49,13,62,NC_000002.12,Mutation NB - Maternal Origin,Transition - Pyrimidine/Pyrimidine,Unsolved
42936220,rs72803835,AT,AA,TT,1,28,12,NC_000002.12,Mutation NB - Maternal Origin,Transversion - Purine/Pyrimidine,A>T
45024729,rs2921990,GG,GT,TT,70,1,9,NC_000002.12,Mutation NB - Paternal Origin,Transversion - Purine/Pyrimidine,G>T
46873915,.,AA,AA,AG,1,1,41,NC_000002.12,Mutation NB - Paternal or Maternal,Transition - Purine/Purine,Unsolved
51084986,rs6750228,TT,TA,AA,31,1,9,NC_000002.12,Mutation NB - Paternal Origin,Transversion - Purine/Pyrimidine,T>A
51437193,rs1919416,TT,CT,CC,52,1,0,NC_000002.12,Mutation NB - Paternal Origin,Transition - Pyrimidine/Pyrimidine,T>C
51581754,rs2883425,TG,TT,GG,1,16,12,NC_000002.12,Mutation NB - Maternal Origin,Transversion - Purine/Pyrimidine,T>G
53258979,rs195589,GG,AA,AA,100,1,90,NC_000002.12,Mutation NB - Paternal Origin,Transition - Purine/Purine,G>A
60294903,rs2110402,TT,CC,TT,79,76,0,NC_000002.12,Mutation NB - Maternal Origin,Transition - Pyrimidine/Pyrimidine,C>T
62209849,.,TT,TT,TC,46,19,65,NC_000002.12,Mutation NB - Maternal Origin,Transition - Pyrimidine/Pyrimidine,Unsolved
62854998,.,TT,TT,TC,16,1,56,NC_000002.12,Mutation NB - Maternal Origin,Transition - Pyrimidine/Pyrimidine,Unsolved
66772944,rs73935958,TC,TT,CC,1,13,12,NC_000002.12,Mutation NB - Maternal Origin,Transition - Pyrimidine/Pyrimidine,T>C
67801171,rs6749858,GG,CC,CC,46,23,0,NC_000002.12,Mutation NB - Paternal Origin,Transversion - Purine/Pyrimidine,G>C
68777061,rs12476298,GG,AG,AA,55,50,12,NC_000002.12,Mutation NB - Paternal Origin,Transition - Purine/Purine,G>A
69132261,rs13394333,AA,GG,AA,43,43,0,NC_000002.12,Mutation NB - Maternal Origin,Transition - Purine/Purine,G>A
71603853,rs547170742,AT,AA,TT,1,81,9,NC_000002.12,Mutation NB - Maternal Origin,Transversion - Purine/Pyrimidine,A>T
74778080,rs17727033,TG,GG,TT,1,1,0,NC_000002.12,Mutation NB - Maternal Origin,Transversion - Purine/Pyrimidine,G>T
74778193,rs56131441,GA,AA,GG,1,2,0,NC_000002.12,Mutation NB - Maternal Origin,Transition - Purine/Purine,A>G
85795806,rs10207756,AA,AG,GG,64,1,9,NC_000002.12,Mutation NB - Paternal Origin,Transition - Purine/Purine,A>G
86770425,rs2271666,AA,AA,GA,70,52,23,NC_000002.12,Mutation NB - Maternal Origin,Transition - Purine/Purine,Unsolved
96092569,rs78628580,TC,TT,CC,1,40,15,NC_000002.12,Mutation NB - Maternal Origin,Transition - Pyrimidine/Pyrimidine,T>C
96410905,rs596069,AG,AA,GG,1,25,21,NC_000002.12,Mutation NB - Maternal Origin,Transition - Purine/Purine,A>G
96891282,rs13423092,TC,TT,CC,35,58,12,NC_000002.12,Mutation NB - Maternal Origin,Transition - Pyrimidine/Pyrimidine,T>C
101805581,rs11684513,TT,CC,TT,76,10,0,NC_000002.12,Mutation NB - Maternal Origin,Transition - Pyrimidine/Pyrimidine,C>T
102369762,rs3771166,GA,AA,GG,11,34,12,NC_000002.12,Mutation NB - Maternal Origin,Transition - Purine/Purine,A>G
102369915,rs1974675,GA,AA,GG,5,73,0,NC_000002.12,Mutation NB - Maternal Origin,Transition - Purine/Purine,A>G
103189969,rs7604497,TT,CC,TT,58,55,0,NC_000002.12,Mutation NB - Maternal Origin,Transition - Pyrimidine/Pyrimidine,C>T
104095684,rs12472263,AA,GG,AA,1,58,0,NC_000002.12,Mutation NB - Maternal Origin,Transition - Purine/Purine,G>A
108032618,rs746062222,GG,GG,GA,79,46,68,NC_000002.12,Mutation NB - Maternal Origin,Transition - Purine/Purine,Unsolved
108650418,rs826699,CC,TT,TT,55,1,18,NC_000002.12,Mutation NB - Paternal Origin,Transition - Pyrimidine/Pyrimidine,C>T
108650419,rs78098856,TT,TT,TC,100,1,83,NC_000002.12,Mutation NB - Maternal Origin,Transition - Pyrimidine/Pyrimidine,Unsolved
111136292,rs6750599,AA,TT,TT,82,31,9,NC_000002.12,Mutation NB - Paternal Origin,Transversion - Purine/Pyrimidine,A>T
111705378,rs3906021,GG,GG,GC,100,73,56,NC_000002.12,Mutation NB - Maternal Origin,Transition - Purine/Purine,Transversion - Purine/Pyrimidine,Unsolved
111986521,rs1554215,AA,TT,TT,46,52,0,NC_000002.12,Mutation NB - Paternal Origin,Transversion - Purine/Pyrimidine,A>T
112722037,rs13386452,GA,AA,GG,1,10,0,NC_000002.12,Mutation NB - Maternal Origin,Transition - Purine/Purine,A>G
112999200,rs13033104,GG,TT,TT,88,88,9,NC_000002.12,Mutation NB - Paternal Origin,Transversion - Purine/Pyrimidine,G>T
113356205,rs4848332,AA,CC,AA,64,40,9,NC_000002.12,Mutation NB - Maternal Origin,Transversion - Purine/Pyrimidine,C>A
115749897,rs1807396,TT,GG,TT,100,58,9,NC_000002.12,Mutation NB - Maternal Origin,Transversion - Purine/Pyrimidine,G>T
116255788,rs9636363,GG,AG,AA,13,1,0,NC_000002.12,Mutation NB - Paternal Origin,Transition - Purine/Purine,G>A
117107774,.,GG,GG,GA,58,10,41,NC_000002.12,Mutation NB - Maternal Origin,Transition - Purine/Purine,Unsolved
120526148,rs4848607,GG,AG,AA,49,1,0,NC_000002.12,Mutation NB - Paternal Origin,Transition - Purine/Purine,G>A
120560590,rs11688931,CG,CC,GG,1,46,18,NC_000002.12,Mutation NB - Maternal Origin,Transversion - Purine/Pyrimidine,C>G
120945200,rs1466044,AA,AA,GA,91,88,99,NC_000002.12,Mutation NB - Maternal Origin,Transition - Purine/Purine,Unsolved
129902627,rs62156633,CC,CT,TT,1,1,24,NC_000002.12,Mutation NB - Paternal Origin,Transition - Pyrimidine/Pyrimidine,C>T
130300473,.,AA,AA,AG,1,1,41,NC_000002.12,Mutation NB - Paternal or Maternal,Transition - Purine/Purine,Unsolved
131672639,rs13035794,AA,CC,CC,76,58,9,NC_000002.12,Mutation NB - Paternal Origin,Transversion - Purine/Pyrimidine,A>C
134420393,.,AA,AA,AG,4,1,56,NC_000002.12,Mutation NB - Maternal Origin,Transition - Purine/Purine,Unsolved
137102016,.,TT,TT,TC,40,4,65,NC_000002.12,Mutation NB - Maternal Origin,Transition - Pyrimidine/Pyrimidine,Unsolved
138279118,rs6757587,CC,GG,GG,100,61,12,NC_000002.12,Mutation NB - Paternal Origin,Transversion - Purine/Pyrimidine,C>G
139180446,rs2217961,TT,AA,TT,85,76,9,NC_000002.12,Mutation NB - Maternal Origin,Transversion - Purine/Pyrimidine,A>T
139212695,rs7595309,AT,AA,TT,8,1,21,NC_000002.12,Mutation NB - Maternal Origin,Transversion - Purine/Pyrimidine,A>T
139273509,rs736667,CC,GC,GG,82,1,0,NC_000002.12,Mutation NB - Paternal Origin,Transversion - Purine/Pyrimidine,C>G
139600398,rs2033759,TT,CC,CC,43,25,0,NC_000002.12,Mutation NB - Paternal Origin,Transition - Pyrimidine/Pyrimidine,T>C
140417563,rs558037475,TT,TT,TC,70,75,71,NC_000002.12,Mutation NB - Paternal Origin,Transition - Pyrimidine/Pyrimidine,Unsolved
150439812,.,AA,AA,AG,58,4,56,NC_000002.12,Mutation NB - Maternal Origin,Transition - Purine/Purine,Unsolved
151038574,rs1463609,AA,GG,GG,73,64,9,NC_000002.12,Mutation NB - Paternal Origin,Transition - Purine/Purine,A>G
152181390,.,TT,TT,TC,55,25,50,NC_000002.12,Mutation NB - Maternal Origin,Transition - Pyrimidine/Pyrimidine,Unsolved
153772987,rs112681713,CC,TT,TT,91,1,24,NC_000002.12,Mutation NB - Paternal Origin,Transition - Pyrimidine/Pyrimidine,C>T
153844452,rs11694359,CC,AA,AA,61,28,21,NC_000002.12,Mutation NB - Paternal Origin,Transversion - Purine/Pyrimidine,C>A
153844476,rs9808067,TT,CC,CC,61,25,21,NC_000002.12,Mutation NB - Paternal Origin,Transition - Pyrimidine/Pyrimidine,T>C
156960010,rs6719699,GC,CC,GG,1,1,0,NC_000002.12,Mutation NB - Maternal Origin,Transversion - Purine/Pyrimidine,C>G
163017804,rs116640640,TT,TC,CC,40,1,9,NC_000002.12,Mutation NB - Paternal Origin,Transition - Pyrimidine/Pyrimidine,T>C
164052519,.,TT,TT,TA,67,37,51,NC_000002.12,Mutation NB - Maternal Origin,Transition - Pyrimidine/Pyrimidine,Transversion - Purine/Pyrimidine,Unsolved
166884252,rs540089656,AG,AA,GG,1,1,9,NC_000002.12,Mutation NB - Maternal Origin,Transition - Purine/Purine,A>G
167183915,rs78676416,GG,GA,AA,82,1,12,NC_000002.12,Mutation NB - Paternal Origin,Transition - Purine/Purine,G>A
169151712,rs3944004,AC,AA,CC,1,55,9,NC_000002.12,Mutation NB - Maternal Origin,A>C
170583054,rs62168211,CC,CC,AA,91,82,12,NC_000002.12,Mutation NB - Maternal Origin,Transversion - Purine/Pyrimidine,Unsolved
172481631,rs11896937,GG,GG,GA,88,82,99,NC_000002.12,Mutation NB - Maternal Origin,Transition - Purine/Purine,Unsolved
177008854,.,AA,AA,AG,40,4,77,NC_000002.12,Mutation NB - Maternal Origin,Transition - Purine/Purine,Unsolved
178238022,rs334045,TT,CT,CC,64,8,0,NC_000002.12,Mutation NB - Paternal Origin,Transition - Pyrimidine/Pyrimidine,T>C
183471024,rs2103379,CC,CT,TT,43,1,9,NC_000002.12,Mutation NB - Paternal Origin,Transition - Pyrimidine/Pyrimidine,C>T
188777492,rs4666764,TT,TT,CC,88,82,0,NC_000002.12,Mutation NB - Maternal Origin,Transition - Pyrimidine/Pyrimidine,Unsolved
191118322,.,AA,AA,AG,73,61,71,NC_000002.12,Mutation NB - Maternal Origin,Transition - Purine/Purine,Unsolved
191797843,rs11688215,TT,CT,CC,58,1,0,NC_000002.12,Mutation NB - Paternal Origin,Transition - Pyrimidine/Pyrimidine,T>C
196680401,rs7589871,GT,TT,GG,67,85,0,NC_000002.12,Mutation NB - Maternal Origin,Transversion - Purine/Pyrimidine,T>G
197873295,rs10192466,GG,AA,GG,76,67,18,NC_000002.12,Mutation NB - Maternal Origin,Transition - Purine/Purine,A>G
201999478,rs78677615,GG,AG,AA,82,1,15,NC_000002.12,Mutation NB - Paternal Origin,Transition - Purine/Purine,G>A
201999496,rs11898842,AA,GA,GG,82,1,12,NC_000002.12,Mutation NB - Paternal Origin,Transition - Purine/Purine,A>G
202136239,.,GG,GG,GA,28,52,47,NC_000002.12,Mutation NB - Paternal Origin,Transition - Purine/Purine,Unsolved
202338235,rs1105047,AG,GG,AA,5,4,0,NC_000002.12,Mutation NB - Maternal Origin,Transition - Purine/Purine,G>A
202843584,rs934287,AG,GG,AA,2,34,9,NC_000002.12,Mutation NB - Maternal Origin,Transition - Purine/Purine,G>A
210422366,rs56398195,AA,CC,AA,85,70,9,NC_000002.12,Mutation NB - Maternal Origin,Transversion - Purine/Pyrimidine,C>A
211010267,rs920211,TT,CC,TT,73,61,0,NC_000002.12,Mutation NB - Maternal Origin,Transition - Pyrimidine/Pyrimidine,C>T
216574812,.,GG,GG,GA,79,49,65,NC_000002.12,Mutation NB - Maternal Origin,Transition - Purine/Purine,Unsolved
217658853,rs6436000,TC,CC,TT,1,31,9,NC_000002.12,Mutation NB - Maternal Origin,Transversion - Purine/Pyrimidine,C>T
218050263,rs10170187,CC,TT,TT,76,52,12,NC_000002.12,Mutation NB - Paternal Origin,Transition - Pyrimidine/Pyrimidine,C>T
218699038,.,AA,AA,AG,7,10,59,NC_000002.12,Mutation NB - Paternal Origin,Transition - Purine/Purine,Unsolved
219464329,rs766106305,AA,AA,AG,28,10,62,NC_000002.12,Mutation NB - Maternal Origin,Transition - Purine/Purine,Unsolved
219475802,rs6745071,AA,CC,CC,58,31,12,NC_000002.12,Mutation NB - Paternal Origin,Transversion - Purine/Pyrimidine,A>C
219475818,rs6745082,TT,CC,CC,58,31,15,NC_000002.12,Mutation NB - Paternal Origin,Transition - Pyrimidine/Pyrimidine,T>C
221834242,rs34319787,CT,CC,TT,1,52,12,NC_000002.12,Mutation NB - Maternal Origin,Transversion - Purine/Pyrimidine,C>T
222428449,rs10932954,GG,TT,GG,73,73,0,NC_000002.12,Mutation NB - Maternal Origin,Transition - Purine/Purine,Transversion - Purine/Pyrimidine,T>G
223442969,rs10169473,GG,AA,GG,91,82,9,NC_000002.12,Mutation NB - Maternal Origin,Transition - Purine/Purine,A>G
224602955,.,TT,TT,TC,49,1,65,NC_000002.12,Mutation NB - Maternal Origin,Transition - Pyrimidine/Pyrimidine,Unsolved
225535700,rs891585,TT,AA,TT,49,1,12,NC_000002.12,Mutation NB - Maternal Origin,Transversion - Purine/Pyrimidine,A>T
226357169,rs4586627,TT,TT,TC,70,100,38,NC_000002.12,Mutation NB - Paternal Origin,Transition - Pyrimidine/Pyrimidine,Unsolved
230964414,rs3106303,GG,AA,GG,52,22,12,NC_000002.12,Mutation NB - Maternal Origin,Transition - Purine/Purine,A>G
232334201,rs3748966,CC,CT,TT,70,1,9,NC_000002.12,Mutation NB - Paternal Origin,Transition - Pyrimidine/Pyrimidine,C>T
232672415,rs11550699,AG,AA,GG,5,34,9,NC_000002.12,Mutation NB - Maternal Origin,Transition - Purine/Purine,A>G
234557477,rs73126826,GG,GG,GA,85,100,55,NC_000002.12,Mutation NB - Paternal Origin,Transition - Purine/Purine,Unsolved
234776323,rs9973657,CC,CC,CA,85,100,98,NC_000002.12,Mutation NB - Paternal Origin,Transversion - Purine/Pyrimidine,Unsolved
235576676,rs12999140,AG,GG,AA,1,1,0,NC_000002.12,Mutation NB - Maternal Origin,Transition - Purine/Purine,G>A
235644296,rs12692176,GA,AA,GG,1,55,0,NC_000002.12,Mutation NB - Maternal Origin,Transition - Purine/Purine,A>G
235940741,.,CC,CC,CA,34,16,65,NC_000002.12,Mutation NB - Maternal Origin,Transversion - Purine/Pyrimidine,Unsolved
236191529,.,TT,TT,TA,61,4,42,NC_000002.12,Mutation NB - Maternal Origin,Transition - Pyrimidine/Pyrimidine,Transversion - Purine/Pyrimidine,Unsolved
237337568,rs34387889,AA,AA,AG,100,1,89,NC_000002.12,Mutation NB - Maternal Origin,Transition - Purine/Purine,Unsolved
237373364,.,GG,GG,GA,70,37,52,NC_000002.12,Mutation NB - Maternal Origin,Transition - Purine/Purine,Unsolved
237660595,.,CC,CC,CT,85,40,50,NC_000002.12,Mutation NB - Maternal Origin,Transition - Pyrimidine/Pyrimidine,Unsolved
237747569,rs3754713,AA,AC,CC,76,1,12,NC_000002.12,Mutation NB - Paternal Origin,Transversion - Purine/Pyrimidine,A>C
238595403,rs4663928,CC,TT,CC,100,82,0,NC_000002.12,Mutation NB - Maternal Origin,Transition - Pyrimidine/Pyrimidine,T>C
239007340,rs7591946,CT,TT,CC,31,73,9,NC_000002.12,Mutation NB - Maternal Origin,Transition - Pyrimidine/Pyrimidine,T>C
239007349,rs7591952,CT,TT,CC,31,73,9,NC_000002.12,Mutation NB - Maternal Origin,Transition - Pyrimidine/Pyrimidine,T>C
239107438,rs75384151,GG,GG,GT,100,52,99,NC_000002.12,Mutation NB - Maternal Origin,Transversion - Purine/Pyrimidine,Unsolved
239300869,rs12623489,AA,TT,AA,58,64,0,NC_000002.12,Mutation NB - Maternal Origin,Transversion - Purine/Pyrimidine,T>A
239313206,rs10200850,GG,GA,AA,61,1,12,NC_000002.12,Mutation NB - Paternal Origin,Transition - Purine/Purine,G>A
240248617,.,TT,TT,TC,43,49,33,NC_000002.12,Mutation NB - Paternal Origin,Transition - Pyrimidine/Pyrimidine,Unsolved
240628909,rs34236350,CC,CT,TT,79,1,9,NC_000002.12,Mutation NB - Paternal Origin,Transition - Pyrimidine/Pyrimidine,C>T
240726238,rs4676375,CC,CC,CT,91,100,68,NC_000002.12,Mutation NB - Paternal Origin,Transition - Pyrimidine/Pyrimidine,Unsolved
240888595,rs6708304,CC,TC,TT,91,1,15,NC_000002.12,Mutation NB - Paternal Origin,Transition - Pyrimidine/Pyrimidine,C>T
241038684,rs4675999,GG,GT,TT,76,1,9,NC_000002.12,Mutation NB - Paternal Origin,Transversion - Purine/Pyrimidine,G>T
241553125,rs2379195,AG,GG,AA,1,31,0,NC_000002.12,Mutation NB - Maternal Origin,Transition - Purine/Purine,G>A
241683277,rs34833696,AA,GG,GG,91,88,9,NC_000002.12,Mutation NB - Paternal Origin,Transition - Purine/Purine,A>G
967355,rs11921889,AA,GA,GG,64,1,0,NC_000003.12,Mutation NB - Paternal Origin,Transition - Purine/Purine,A>G
1894838,rs11128909,CC,TT,TT,76,55,12,NC_000003.12,Mutation NB - Paternal Origin,Transition - Pyrimidine/Pyrimidine,C>T
4480409,rs930094066,CT,CC,TT,1,64,12,NC_000003.12,Mutation NB - Maternal Origin,Transversion - Purine/Pyrimidine,C>T
4480447,rs304085,AA,GG,AA,79,64,12,NC_000003.12,Mutation NB - Maternal Origin,Transition - Purine/Purine,G>A
5787950,.,TT,TT,TC,61,1,50,NC_000003.12,Mutation NB - Maternal Origin,Transition - Pyrimidine/Pyrimidine,Unsolved
8887227,rs166095,CC,TT,CC,79,61,0,NC_000003.12,Mutation NB - Maternal Origin,Transition - Pyrimidine/Pyrimidine,T>C
13097538,rs360751,TC,CC,TT,1,43,0,NC_000003.12,Mutation NB - Maternal Origin,Transversion - Purine/Pyrimidine,C>T
13781007,rs73030886,GA,GG,AA,8,13,15,NC_000003.12,Mutation NB - Maternal Origin,Transition - Purine/Purine,G>A
14304231,rs59682184,GG,GA,AA,85,1,9,NC_000003.12,Mutation NB - Paternal Origin,Transition - Purine/Purine,G>A
14567382,rs1554382,CA,CT,TT,1,1,9,NC_000003.12,Mutation NB - Paternal Origin,Transversion - Purine/Pyrimidine,Transition - Pyrimidine/Pyrimidine,A>T
14897965,.,TT,TT,TC,88,73,83,NC_000003.12,Mutation NB - Maternal Origin,Transition - Pyrimidine/Pyrimidine,Unsolved
16400011,rs2860052,CC,GG,GG,55,64,0,NC_000003.12,Mutation NB - Paternal Origin,Transversion - Purine/Pyrimidine,C>G
19567978,rs113830858,GG,GG,GA,64,16,44,NC_000003.12,Mutation NB - Maternal Origin,Transition - Purine/Purine,Unsolved
20436437,rs9310619,TA,TT,AA,1,79,9,NC_000003.12,Mutation NB - Maternal Origin,Transversion - Purine/Pyrimidine,T>A
21702218,rs7612616,CC,CC,CT,82,61,95,NC_000003.12,Mutation NB - Maternal Origin,Transition - Pyrimidine/Pyrimidine,Unsolved
27086064,.,TT,TT,TC,37,13,53,NC_000003.12,Mutation NB - Maternal Origin,Transition - Pyrimidine/Pyrimidine,Unsolved
27431575,rs13077400,GG,AA,GG,55,28,9,NC_000003.12,Mutation NB - Maternal Origin,Transition - Purine/Purine,A>G
32170980,.,AA,AA,AG,70,40,71,NC_000003.12,Mutation NB - Maternal Origin,Transition - Purine/Purine,Unsolved
32226817,.,AA,AA,AT,79,58,65,NC_000003.12,Mutation NB - Maternal Origin,Transversion - Purine/Pyrimidine,Unsolved
33169849,rs59156973,CC,TC,TT,58,1,0,NC_000003.12,Mutation NB - Paternal Origin,Transition - Pyrimidine/Pyrimidine,C>T
33906480,rs7629699,GG,TT,TT,58,31,0,NC_000003.12,Mutation NB - Paternal Origin,Transversion - Purine/Pyrimidine,G>T
38855146,rs11715722,GC,GG,CC,1,1,12,NC_000003.12,Mutation NB - Maternal Origin,Transversion - Purine/Pyrimidine,G>C
39620347,rs2102624,AA,AT,TT,91,1,15,NC_000003.12,Mutation NB - Paternal Origin,Transversion - Purine/Pyrimidine,A>T
46334850,rs2040389,GG,GG,CG,99,82,33,NC_000003.12,Mutation NB - Maternal Origin,Transition - Purine/Purine,Transversion - Purine/Pyrimidine,Unsolved
46527633,rs1704083669,AA,AA,AG,76,85,71,NC_000003.12,Mutation NB - Paternal Origin,Transition - Purine/Purine,Unsolved
50342571,.,TT,TT,TA,25,7,65,NC_000003.12,Mutation NB - Maternal Origin,Transition - Pyrimidine/Pyrimidine,Transversion - Purine/Pyrimidine,Unsolved
51877102,rs3036712,CC,TT,TT,91,38,9,NC_000003.12,Mutation NB - Paternal Origin,Transition - Pyrimidine/Pyrimidine,C>T
52162724,rs747696525,CC,CC,CT,28,28,71,NC_000003.12,Mutation NB - Paternal or Maternal,Transition - Pyrimidine/Pyrimidine,Unsolved
53130177,rs9868406,CC,TT,CC,43,85,0,NC_000003.12,Mutation NB - Maternal Origin,Transition - Pyrimidine/Pyrimidine,T>C
55671904,rs2061576527,GG,GG,GA,58,1,62,NC_000003.12,Mutation NB - Maternal Origin,Transition - Purine/Purine,Unsolved
58352897,.,TT,TT,TC,99,73,62,NC_000003.12,Mutation NB - Maternal Origin,Transition - Pyrimidine/Pyrimidine,Unsolved
58581608,rs77372721,AA,GG,GG,88,49,0,NC_000003.12,Mutation NB - Paternal Origin,Transition - Purine/Purine,A>G
64663518,rs7635505,TC,CC,TT,38,34,0,NC_000003.12,Mutation NB - Maternal Origin,Transversion - Purine/Pyrimidine,C>T
65716904,rs9810957,CC,AA,AA,55,31,0,NC_000003.12,Mutation NB - Paternal Origin,Transversion - Purine/Pyrimidine,C>A
65861405,rs12491013,TT,CC,TT,82,82,0,NC_000003.12,Mutation NB - Maternal Origin,Transition - Pyrimidine/Pyrimidine,C>T
69637039,rs35371022,GG,AA,AA,67,34,21,NC_000003.12,Mutation NB - Paternal Origin,Transition - Purine/Purine,G>A
72948343,.,AA,AA,AG,88,58,43,NC_000003.12,Mutation NB - Maternal Origin,Transition - Purine/Purine,Unsolved
74752357,.,TT,TT,TC,61,58,58,NC_000003.12,Mutation NB - Maternal Origin,Transition - Pyrimidine/Pyrimidine,Unsolved
75584776,rs77354409,GG,GA,AA,76,1,9,NC_000003.12,Mutation NB - Paternal Origin,Transition - Purine/Purine,G>A
84517527,rs2326033,CC,TT,CC,31,16,15,NC_000003.12,Mutation NB - Maternal Origin,Transition - Pyrimidine/Pyrimidine,T>C
86772408,rs9866309,GG,AA,GG,76,85,12,NC_000003.12,Mutation NB - Maternal Origin,Transition - Purine/Purine,A>G
88780580,rs990490685,AA,AA,AG,43,1,65,NC_000003.12,Mutation NB - Maternal Origin,Transition - Purine/Purine,Unsolved
94874607,.,AA,AA,AG,40,40,62,NC_000003.12,Mutation NB - Paternal or Maternal,Transition - Purine/Purine,Unsolved
96801279,rs6796334,AA,TT,TT,31,25,9,NC_000003.12,Mutation NB - Paternal Origin,Transversion - Purine/Pyrimidine,A>T
98096110,.,TT,TT,TC,52,43,65,NC_000003.12,Mutation NB - Maternal Origin,Transition - Pyrimidine/Pyrimidine,Unsolved
100992426,rs1965214,TT,TC,CC,64,1,18,NC_000003.12,Mutation NB - Paternal Origin,Transition - Pyrimidine/Pyrimidine,T>C
101857560,rs622122,TT,AT,AA,79,1,12,NC_000003.12,Mutation NB - Paternal Origin,Transversion - Purine/Pyrimidine,T>A
105759951,rs6437612,CC,GC,GG,85,88,0,NC_000003.12,Mutation NB - Paternal Origin,Transversion - Purine/Pyrimidine,C>G
108245185,rs9823224,CC,GG,GG,58,40,12,NC_000003.12,Mutation NB - Paternal Origin,Transversion - Purine/Pyrimidine,C>G
108510043,rs78987254,TT,CC,CC,67,10,0,NC_000003.12,Mutation NB - Paternal Origin,Transition - Pyrimidine/Pyrimidine,T>C
112616192,rs4290780,GA,AA,GG,1,53,15,NC_000003.12,Mutation NB - Maternal Origin,Transition - Purine/Purine,A>G
114236418,rs6438190,GA,AA,GG,67,73,0,NC_000003.12,Mutation NB - Maternal Origin,Transition - Purine/Purine,A>G
118270573,rs779214,TT,CC,CC,79,1,15,NC_000003.12,Mutation NB - Paternal Origin,Transition - Pyrimidine/Pyrimidine,T>C
118312614,rs75119391,TT,CC,CC,34,1,30,NC_000003.12,Mutation NB - Paternal Origin,Transition - Pyrimidine/Pyrimidine,T>C
123881037,rs72974256,GA,GG,AA,1,4,12,NC_000003.12,Mutation NB - Maternal Origin,Transition - Purine/Purine,G>A
124650803,rs2291988,TT,CC,TT,70,52,12,NC_000003.12,Mutation NB - Maternal Origin,Transition - Pyrimidine/Pyrimidine,C>T
126306838,rs1042103724,GG,GG,GA,70,64,47,NC_000003.12,Mutation NB - Maternal Origin,Transition - Purine/Purine,Unsolved
126971336,.,AA,AA,AG,88,91,40,NC_000003.12,Mutation NB - Paternal Origin,Transition - Purine/Purine,Unsolved
127036713,rs41266477,CC,CC,CT,85,88,47,NC_000003.12,Mutation NB - Paternal Origin,Transition - Pyrimidine/Pyrimidine,Unsolved
128883139,.,AA,AA,AG,88,85,68,NC_000003.12,Mutation NB - Maternal Origin,Transition - Purine/Purine,Unsolved
129521469,.,TT,TT,TC,52,58,71,NC_000003.12,Mutation NB - Paternal Origin,Transition - Pyrimidine/Pyrimidine,Unsolved
134957453,rs6439537,GG,AA,AA,85,67,9,NC_000003.12,Mutation NB - Paternal Origin,Transition - Purine/Purine,G>A
138910173,rs12695690,GG,GA,AA,67,1,18,NC_000003.12,Mutation NB - Paternal Origin,Transition - Purine/Purine,G>A
140025618,rs11714306,CT,CC,TT,5,58,15,NC_000003.12,Mutation NB - Maternal Origin,Transversion - Purine/Pyrimidine,C>T
140116532,rs12107253,AT,AA,TT,1,19,9,NC_000003.12,Mutation NB - Maternal Origin,Transversion - Purine/Pyrimidine,A>T
142888645,rs1457684,CG,GG,CC,1,28,0,NC_000003.12,Mutation NB - Maternal Origin,Transversion - Purine/Pyrimidine,G>C
146772532,rs6440458,TG,GG,TT,1,1,0,NC_000003.12,Mutation NB - Maternal Origin,Transversion - Purine/Pyrimidine,G>T
146888349,.,TT,TT,TC,82,70,50,NC_000003.12,Mutation NB - Maternal Origin,Transition - Pyrimidine/Pyrimidine,Unsolved
149678424,rs74764051,AA,AG,GG,88,35,9,NC_000003.12,Mutation NB - Paternal Origin,Transition - Purine/Purine,A>G
149678486,.,TT,TT,TC,85,55,56,NC_000003.12,Mutation NB - Maternal Origin,Transition - Pyrimidine/Pyrimidine,Unsolved
149715062,.,AA,AA,AG,79,55,71,NC_000003.12,Mutation NB - Maternal Origin,Transition - Purine/Purine,Unsolved
151432634,rs3732771,CC,CC,CT,91,100,99,NC_000003.12,Mutation NB - Paternal Origin,Transition - Pyrimidine/Pyrimidine,Unsolved
155635522,rs6779500,TT,GG,TT,61,49,0,NC_000003.12,Mutation NB - Maternal Origin,Transversion - Purine/Pyrimidine,G>T
157398161,rs4640513,AA,GG,AA,75,52,12,NC_000003.12,Mutation NB - Maternal Origin,Transition - Purine/Purine,G>A
162600134,rs903262530,GC,GG,CC,1,64,12,NC_000003.12,Mutation NB - Maternal Origin,Transversion - Purine/Pyrimidine,G>C
162892042,rs9882271,CC,TT,CC,22,39,0,NC_000003.12,Mutation NB - Maternal Origin,Transition - Pyrimidine/Pyrimidine,T>C
162892454,rs13314380,GG,AA,GG,1,1,9,NC_000003.12,Mutation NB - Maternal Origin,Transition - Purine/Purine,A>G
163788441,.,AA,AA,AG,52,43,71,NC_000003.12,Mutation NB - Maternal Origin,Transition - Purine/Purine,Unsolved
168948132,rs9843630,CC,TT,CC,73,64,9,NC_000003.12,Mutation NB - Maternal Origin,Transition - Pyrimidine/Pyrimidine,T>C
171830114,rs6777239,AA,GG,AA,25,37,15,NC_000003.12,Mutation NB - Maternal Origin,Transition - Purine/Purine,G>A
177917421,rs1244565,AA,GG,AA,19,1,0,NC_000003.12,Mutation NB - Maternal Origin,Transition - Purine/Purine,G>A
180781751,.,GG,GG,GT,25,1,44,NC_000003.12,Mutation NB - Maternal Origin,Transversion - Purine/Pyrimidine,Unsolved
183805797,rs263036,GG,AA,GG,50,40,39,NC_000003.12,Mutation NB - Maternal Origin,Transition - Purine/Purine,A>G
183983140,rs2313212,AG,GG,AA,1,31,0,NC_000003.12,Mutation NB - Maternal Origin,Transition - Purine/Purine,G>A
184351125,rs74635509,GG,AA,GG,61,1,0,NC_000003.12,Mutation NB - Maternal Origin,Transition - Purine/Purine,A>G
184351146,rs77128692,TT,CC,TT,61,1,0,NC_000003.12,Mutation NB - Maternal Origin,Transition - Pyrimidine/Pyrimidine,C>T
184351495,rs75303455,AA,GG,GG,22,1,3,NC_000003.12,Mutation NB - Paternal Origin,Transition - Purine/Purine,A>G
184629820,rs13070897,AA,GG,AA,1,1,15,NC_000003.12,Mutation NB - Maternal Origin,Transition - Purine/Purine,G>A
184635167,rs61099371,GG,CC,GG,88,76,27,NC_000003.12,Mutation NB - Maternal Origin,Transversion - Purine/Pyrimidine,C>G
184635204,rs61424161,TT,CC,TT,97,76,12,NC_000003.12,Mutation NB - Maternal Origin,Transition - Pyrimidine/Pyrimidine,C>T
186418846,rs59725628,AA,GG,GG,43,16,0,NC_000003.12,Mutation NB - Paternal Origin,Transition - Purine/Purine,A>G
194281491,rs140375952,GT,GG,TT,1,1,15,NC_000003.12,Mutation NB - Maternal Origin,Transversion - Purine/Pyrimidine,G>T
194330261,rs148365342,TA,TT,AA,1,1,18,NC_000003.12,Mutation NB - Maternal Origin,Transversion - Purine/Pyrimidine,T>A
194381488,rs6789131,GG,AA,GG,73,28,0,NC_000003.12,Mutation NB - Maternal Origin,Transition - Purine/Purine,A>G
194381497,rs6767248,CG,GG,CC,2,28,0,NC_000003.12,Mutation NB - Maternal Origin,Transversion - Purine/Pyrimidine,G>C
196640093,rs939874,GG,AA,AA,100,55,9,NC_000003.12,Mutation NB - Paternal Origin,Transition - Purine/Purine,G>A
197641129,rs6806916,CG,CC,GG,5,13,9,NC_000003.12,Mutation NB - Maternal Origin,Transversion - Purine/Pyrimidine,C>G
764736,rs4690310,AA,GG,AA,67,46,9,NC_000004.12,Mutation NB - Maternal Origin,Transition - Purine/Purine,G>A
892273,rs3775127,AA,GG,GG,22,1,0,NC_000004.12,Mutation NB - Paternal Origin,Transition - Purine/Purine,A>G
993488,rs11936407,TT,CC,TT,73,40,0,NC_000004.12,Mutation NB - Maternal Origin,Transition - Pyrimidine/Pyrimidine,C>T
1089211,rs62294748,GA,AA,GG,37,4,0,NC_000004.12,Mutation NB - Maternal Origin,Transition - Purine/Purine,A>G
1092459,rs28620427,TG,GG,TT,1,1,0,NC_000004.12,Mutation NB - Maternal Origin,Transversion - Purine/Pyrimidine,G>T
1200798,rs77049343,TT,AA,TT,25,1,0,NC_000004.12,Mutation NB - Maternal Origin,Transversion - Purine/Pyrimidine,A>T
1692204,rs3958122,CC,TT,CC,82,97,12,NC_000004.12,Mutation NB - Maternal Origin,Transition - Pyrimidine/Pyrimidine,T>C
2643106,.,AA,AA,AG,13,1,59,NC_000004.12,Mutation NB - Maternal Origin,Transition - Purine/Purine,Unsolved
3240373,rs362306,GA,GG,AA,1,1,9,NC_000004.12,Mutation NB - Maternal Origin,Transition - Purine/Purine,G>A
3308227,rs138119439,GG,GA,AA,73,1,9,NC_000004.12,Mutation NB - Paternal Origin,Transition - Purine/Purine,G>A
3512968,rs6789,AG,AA,GG,1,28,9,NC_000004.12,Mutation NB - Maternal Origin,Transition - Purine/Purine,A>G
3661930,rs11730367,GG,CC,CC,22,10,0,NC_000004.12,Mutation NB - Paternal Origin,Transversion - Purine/Pyrimidine,G>C
5079737,rs6824719,TG,GG,TT,71,42,0,NC_000004.12,Mutation NB - Maternal Origin,Transversion - Purine/Pyrimidine,G>T
5577609,rs6843160,AC,AA,CC,1,61,18,NC_000004.12,Mutation NB - Maternal Origin,A>C
5577643,rs6818363,CA,CC,AA,1,61,18,NC_000004.12,Mutation NB - Maternal Origin,Transversion - Purine/Pyrimidine,C>A
6106043,.,GG,GG,GA,1,1,59,NC_000004.12,Mutation NB - Paternal or Maternal,Transition - Purine/Purine,Unsolved
6890036,rs4579118,GG,AG,AA,55,1,15,NC_000004.12,Mutation NB - Paternal Origin,Transition - Purine/Purine,G>A
7289612,rs76522376,TC,TT,CC,1,16,9,NC_000004.12,Mutation NB - Maternal Origin,Transition - Pyrimidine/Pyrimidine,T>C
7397972,rs6844106,GG,GG,GA,100,7,99,NC_000004.12,Mutation NB - Maternal Origin,Transition - Purine/Purine,Unsolved
7466553,rs62277628,CC,TT,TT,100,79,9,NC_000004.12,Mutation NB - Paternal Origin,Transition - Pyrimidine/Pyrimidine,C>T
7526129,rs35758256,CT,TT,CC,1,1,0,NC_000004.12,Mutation NB - Maternal Origin,Transition - Pyrimidine/Pyrimidine,T>C
7680533,rs28459231,TT,CC,CC,37,52,0,NC_000004.12,Mutation NB - Paternal Origin,Transition - Pyrimidine/Pyrimidine,T>C
7686391,rs1557818,AA,AG,GG,49,23,9,NC_000004.12,Mutation NB - Paternal Origin,Transition - Purine/Purine,A>G
8453877,rs4696828,GG,AA,AA,73,61,9,NC_000004.12,Mutation NB - Paternal Origin,Transition - Purine/Purine,G>A
8549801,.,AA,AA,AG,76,46,68,NC_000004.12,Mutation NB - Maternal Origin,Transition - Purine/Purine,Unsolved
8601071,rs2241069,CC,GG,CC,1,1,18,NC_000004.12,Mutation NB - Maternal Origin,Transversion - Purine/Pyrimidine,G>C
9947205,rs998675,CC,TT,CC,73,43,9,NC_000004.12,Mutation NB - Maternal Origin,Transition - Pyrimidine/Pyrimidine,T>C
9947244,rs4408959,CC,TT,CC,70,43,9,NC_000004.12,Mutation NB - Maternal Origin,Transition - Pyrimidine/Pyrimidine,T>C
9947246,rs4276278,TT,CC,TT,70,43,9,NC_000004.12,Mutation NB - Maternal Origin,Transition - Pyrimidine/Pyrimidine,C>T
10002008,rs186734709,GG,GT,TT,55,1,18,NC_000004.12,Mutation NB - Paternal Origin,Transversion - Purine/Pyrimidine,G>T
11984665,rs13150864,AC,CC,AA,1,34,0,NC_000004.12,Mutation NB - Maternal Origin,Transversion - Purine/Pyrimidine,C>A
14413581,rs10939549,CT,TT,CC,1,49,0,NC_000004.12,Mutation NB - Maternal Origin,Transition - Pyrimidine/Pyrimidine,T>C
16032966,rs10939649,TT,CT,CC,88,1,0,NC_000004.12,Mutation NB - Paternal Origin,Transition - Pyrimidine/Pyrimidine,T>C
17436095,.,AA,AA,AG,61,1,65,NC_000004.12,Mutation NB - Maternal Origin,Transition - Purine/Purine,Unsolved
22855702,rs34794035,GA,AA,GG,1,1,0,NC_000004.12,Mutation NB - Maternal Origin,Transition - Purine/Purine,A>G
23709383,.,AA,AA,AG,97,85,65,NC_000004.12,Mutation NB - Maternal Origin,Transition - Purine/Purine,Unsolved
29595775,rs2310037,GG,TT,TT,100,49,42,NC_000004.12,Mutation NB - Paternal Origin,Transversion - Purine/Pyrimidine,G>T
30451997,rs9291542,CC,TT,CC,34,1,0,NC_000004.12,Mutation NB - Maternal Origin,Transition - Pyrimidine/Pyrimidine,T>C
32189269,rs2896955,TT,TG,GG,70,1,18,NC_000004.12,Mutation NB - Paternal Origin,Transversion - Purine/Pyrimidine,T>G
35102936,rs2375216,CC,TT,CC,100,70,12,NC_000004.12,Mutation NB - Maternal Origin,Transition - Pyrimidine/Pyrimidine,T>C
35182076,rs10015056,AA,GG,AA,79,70,9,NC_000004.12,Mutation NB - Maternal Origin,Transition - Purine/Purine,G>A
35407771,.,GG,GG,GA,16,13,59,NC_000004.12,Mutation NB - Maternal Origin,Transition - Purine/Purine,Unsolved
36377149,.,TT,TT,TC,76,55,72,NC_000004.12,Mutation NB - Maternal Origin,Transition - Pyrimidine/Pyrimidine,Unsolved
36891442,rs138441348,CC,CT,TT,28,1,12,NC_000004.12,Mutation NB - Paternal Origin,Transition - Pyrimidine/Pyrimidine,C>T
46236761,rs561779,AA,GG,AA,34,1,12,NC_000004.12,Mutation NB - Maternal Origin,Transition - Purine/Purine,G>A
47922382,.,TT,TT,TC,73,43,49,NC_000004.12,Mutation NB - Maternal Origin,Transition - Pyrimidine/Pyrimidine,Unsolved
54283091,rs7677708,AA,GA,GG,28,1,0,NC_000004.12,Mutation NB - Paternal Origin,Transition - Purine/Purine,A>G
55169796,rs6852640,TT,GG,GG,34,1,0,NC_000004.12,Mutation NB - Paternal Origin,Transversion - Purine/Pyrimidine,T>G
55169881,rs11133363,AA,GG,GG,91,46,0,NC_000004.12,Mutation NB - Paternal Origin,Transition - Purine/Purine,A>G
55169901,rs12645088,TT,CC,CC,91,46,0,NC_000004.12,Mutation NB - Paternal Origin,Transition - Pyrimidine/Pyrimidine,T>C
56711752,rs2412755,TC,CC,TT,71,82,9,NC_000004.12,Mutation NB - Maternal Origin,Transversion - Purine/Pyrimidine,C>T
56827672,rs2448488,AA,GG,GG,55,55,12,NC_000004.12,Mutation NB - Paternal Origin,Transition - Purine/Purine,A>G
57351418,rs960368,TT,TC,CC,61,1,9,NC_000004.12,Mutation NB - Paternal Origin,Transition - Pyrimidine/Pyrimidine,T>C
57500204,.,GG,GG,GA,52,49,62,NC_000004.12,Mutation NB - Maternal Origin,Transition - Purine/Purine,Unsolved
62529250,.,GG,GG,GA,43,1,50,NC_000004.12,Mutation NB - Maternal Origin,Transition - Purine/Purine,Unsolved
64122778,.,CC,CC,CT,1,1,44,NC_000004.12,Mutation NB - Paternal or Maternal,Transition - Pyrimidine/Pyrimidine,Unsolved
67286708,rs111636999,CC,CT,TT,31,1,9,NC_000004.12,Mutation NB - Paternal Origin,Transition - Pyrimidine/Pyrimidine,C>T
67466406,.,AA,AA,AG,67,19,59,NC_000004.12,Mutation NB - Maternal Origin,Transition - Purine/Purine,Unsolved
67927416,rs353155,CC,CT,TT,37,1,12,NC_000004.12,Mutation NB - Paternal Origin,Transition - Pyrimidine/Pyrimidine,C>T
71614743,.,TT,TT,TC,1,1,89,NC_000004.12,Mutation NB - Paternal or Maternal,Transition - Pyrimidine/Pyrimidine,Unsolved
76260859,rs62300777,TT,TC,CC,55,1,12,NC_000004.12,Mutation NB - Paternal Origin,Transition - Pyrimidine/Pyrimidine,T>C
77122210,rs7695990,TT,TC,CC,64,1,9,NC_000004.12,Mutation NB - Paternal Origin,Transition - Pyrimidine/Pyrimidine,T>C
77388045,.,TT,TT,TC,67,19,61,NC_000004.12,Mutation NB - Maternal Origin,Transition - Pyrimidine/Pyrimidine,Unsolved
77525990,rs7669299,AA,AA,AG,91,100,99,NC_000004.12,Mutation NB - Paternal Origin,Transition - Purine/Purine,Unsolved
78284545,rs12504081,AA,TT,TT,76,37,0,NC_000004.12,Mutation NB - Paternal Origin,Transversion - Purine/Pyrimidine,A>T
81921938,.,AA,AA,AC,49,4,65,NC_000004.12,Mutation NB - Maternal Origin,Transversion - Purine/Pyrimidine,Unsolved
82391745,rs12640426,GG,GG,GC,100,85,27,NC_000004.12,Mutation NB - Maternal Origin,Transition - Purine/Purine,Transversion - Purine/Pyrimidine,Unsolved
87717458,rs72655730,TT,TT,TC,100,61,99,NC_000004.12,Mutation NB - Maternal Origin,Transition - Pyrimidine/Pyrimidine,Unsolved
91518112,.,AA,AA,AG,67,58,67,NC_000004.12,Mutation NB - Maternal Origin,Transition - Purine/Purine,Unsolved
95580408,rs75738118,AA,AG,GG,79,1,5,NC_000004.12,Mutation NB - Paternal Origin,Transition - Purine/Purine,A>G
96478942,rs115985039,CC,CC,CT,19,1,41,NC_000004.12,Mutation NB - Maternal Origin,Transition - Pyrimidine/Pyrimidine,Unsolved
97536150,rs11941060,AA,AC,CC,79,1,9,NC_000004.12,Mutation NB - Paternal Origin,Transversion - Purine/Pyrimidine,A>C
99356275,rs10006545,GA,AA,GG,1,1,0,NC_000004.12,Mutation NB - Maternal Origin,Transition - Purine/Purine,A>G
105297271,rs2647238,TT,CC,TT,85,64,0,NC_000004.12,Mutation NB - Maternal Origin,Transition - Pyrimidine/Pyrimidine,C>T
107789058,.,GG,GG,GA,55,61,33,NC_000004.12,Mutation NB - Paternal Origin,Transition - Purine/Purine,Unsolved
118588460,rs10004322,GG,CG,CC,85,1,12,NC_000004.12,Mutation NB - Paternal Origin,Transversion - Purine/Pyrimidine,G>C
122590977,rs6842843,GG,GC,CC,64,1,12,NC_000004.12,Mutation NB - Paternal Origin,Transversion - Purine/Pyrimidine,G>C
126860664,.,AA,AA,AG,31,28,72,NC_000004.12,Mutation NB - Maternal Origin,Transition - Purine/Purine,Unsolved
127542775,rs11730901,GG,AA,AA,88,70,0,NC_000004.12,Mutation NB - Paternal Origin,Transition - Purine/Purine,G>A
130038601,rs35211914,TT,TT,CT,10,38,27,NC_000004.12,Mutation NB - Paternal Origin,Transition - Pyrimidine/Pyrimidine,Unsolved
130038633,rs72926839,TT,TT,CT,10,34,27,NC_000004.12,Mutation NB - Paternal Origin,Transition - Pyrimidine/Pyrimidine,Unsolved
130523823,rs6534804,GG,GT,TT,52,1,9,NC_000004.12,Mutation NB - Paternal Origin,Transversion - Purine/Pyrimidine,G>T
132748694,rs6534905,TT,CC,TT,100,73,0,NC_000004.12,Mutation NB - Maternal Origin,Transition - Pyrimidine/Pyrimidine,C>T
134188703,rs28532966,AA,TT,AA,79,61,12,NC_000004.12,Mutation NB - Maternal Origin,Transversion - Purine/Pyrimidine,T>A
134188713,rs4864219,AA,GG,AA,79,61,12,NC_000004.12,Mutation NB - Maternal Origin,Transition - Purine/Purine,G>A
134277823,rs2421253,AA,GG,GG,52,7,0,NC_000004.12,Mutation NB - Paternal Origin,Transition - Purine/Purine,A>G
136424279,rs35403502,AA,GG,AA,85,85,9,NC_000004.12,Mutation NB - Maternal Origin,Transition - Purine/Purine,G>A
137000512,rs72710910,GA,GG,AA,23,1,9,NC_000004.12,Mutation NB - Maternal Origin,Transition - Purine/Purine,G>A
138595203,rs1450442,CC,TC,TT,70,7,9,NC_000004.12,Mutation NB - Paternal Origin,Transition - Pyrimidine/Pyrimidine,C>T
139651370,rs28411343,CT,TT,CC,31,82,12,NC_000004.12,Mutation NB - Maternal Origin,Transition - Pyrimidine/Pyrimidine,T>C
146119057,.,AA,AA,AG,61,73,53,NC_000004.12,Mutation NB - Paternal Origin,Transition - Purine/Purine,Unsolved
147146227,rs9647489,GG,CC,CC,67,19,9,NC_000004.12,Mutation NB - Paternal Origin,Transversion - Purine/Pyrimidine,G>C
147346875,rs2163012,GA,GG,AA,1,1,9,NC_000004.12,Mutation NB - Maternal Origin,Transition - Purine/Purine,G>A
147993952,rs1567062,GG,AA,AA,49,37,0,NC_000004.12,Mutation NB - Paternal Origin,Transition - Purine/Purine,G>A
150375222,.,AA,AA,AG,73,64,36,NC_000004.12,Mutation NB - Maternal Origin,Transition - Purine/Purine,Unsolved
151978558,.,TT,TT,TC,70,55,62,NC_000004.12,Mutation NB - Maternal Origin,Transition - Pyrimidine/Pyrimidine,Unsolved
152066292,rs9997649,TT,TC,CC,67,1,9,NC_000004.12,Mutation NB - Paternal Origin,Transition - Pyrimidine/Pyrimidine,T>C
152128762,rs6535839,TT,CT,CC,88,35,24,NC_000004.12,Mutation NB - Paternal Origin,Transition - Pyrimidine/Pyrimidine,T>C
153974977,rs12500922,AA,GG,GG,70,43,15,NC_000004.12,Mutation NB - Paternal Origin,Transition - Purine/Purine,A>G
153975015,rs12508697,CC,TT,TT,70,43,15,NC_000004.12,Mutation NB - Paternal Origin,Transition - Pyrimidine/Pyrimidine,C>T
154852610,rs7689249,GG,CC,GG,49,28,9,NC_000004.12,Mutation NB - Maternal Origin,Transversion - Purine/Pyrimidine,C>G
160247549,.,TT,TT,TC,16,34,65,NC_000004.12,Mutation NB - Paternal Origin,Transition - Pyrimidine/Pyrimidine,Unsolved
162755743,.,AA,AA,AG,19,1,71,NC_000004.12,Mutation NB - Maternal Origin,Transition - Purine/Purine,Unsolved
165049745,rs1519011,TT,AA,AA,76,34,0,NC_000004.12,Mutation NB - Paternal Origin,Transversion - Purine/Pyrimidine,T>A
168398019,rs13141502,TT,CT,CC,79,1,0,NC_000004.12,Mutation NB - Paternal Origin,Transition - Pyrimidine/Pyrimidine,T>C
173096159,rs10012029,TT,CT,CC,70,1,0,NC_000004.12,Mutation NB - Paternal Origin,Transition - Pyrimidine/Pyrimidine,T>C
178079589,.,AA,AA,AG,1,1,56,NC_000004.12,Mutation NB - Paternal or Maternal,Transition - Purine/Purine,Unsolved
178977013,rs13102434,TC,CC,TT,29,73,0,NC_000004.12,Mutation NB - Maternal Origin,Transversion - Purine/Pyrimidine,C>T
180038187,rs1013488687,TT,TT,TC,85,31,50,NC_000004.12,Mutation NB - Maternal Origin,Transition - Pyrimidine/Pyrimidine,Unsolved
180866173,rs4861876,GG,GG,GA,85,91,21,NC_000004.12,Mutation NB - Paternal Origin,Transition - Purine/Purine,Unsolved
180866184,rs190856029,GG,AA,GG,85,91,21,NC_000004.12,Mutation NB - Maternal Origin,Transition - Purine/Purine,A>G
182106355,rs2609559,GG,TT,TT,73,31,12,NC_000004.12,Mutation NB - Paternal Origin,Transversion - Purine/Pyrimidine,G>T
184259812,rs62340463,TT,CC,CC,97,32,27,NC_000004.12,Mutation NB - Paternal Origin,Transition - Pyrimidine/Pyrimidine,T>C
184963052,rs10866272,AG,GG,AA,38,52,12,NC_000004.12,Mutation NB - Maternal Origin,Transition - Purine/Purine,G>A
187122745,rs2101421,CC,TT,CC,73,22,0,NC_000004.12,Mutation NB - Maternal Origin,Transition - Pyrimidine/Pyrimidine,T>C
188905713,rs73024747,CC,CT,TT,28,1,12,NC_000004.12,Mutation NB - Paternal Origin,Transition - Pyrimidine/Pyrimidine,C>T
189279936,rs1215014479,AA,AA,AC,81,1,72,NC_000004.12,Mutation NB - Maternal Origin,Transversion - Purine/Pyrimidine,Unsolved
477604,rs13356700,AA,GG,AA,37,1,0,NC_000005.10,Mutation NB - Maternal Origin,Transition - Purine/Purine,G>A
643795,rs62330299,CC,CC,CT,100,1,99,NC_000005.10,Mutation NB - Maternal Origin,Transition - Pyrimidine/Pyrimidine,Unsolved
817794,rs142596585,GA,GG,AA,1,40,9,NC_000005.10,Mutation NB - Maternal Origin,Transition - Purine/Purine,G>A
1196280,rs56035223,CC,TT,CC,43,16,0,NC_000005.10,Mutation NB - Maternal Origin,Transition - Pyrimidine/Pyrimidine,T>C
2213595,rs766988284,CC,CC,CT,82,94,62,NC_000005.10,Mutation NB - Paternal Origin,Transition - Pyrimidine/Pyrimidine,Unsolved
3220306,rs1609447,TT,CC,CC,67,7,6,NC_000005.10,Mutation NB - Paternal Origin,Transition - Pyrimidine/Pyrimidine,T>C
3673748,rs4312888,CC,TC,TT,58,1,0,NC_000005.10,Mutation NB - Paternal Origin,Transition - Pyrimidine/Pyrimidine,C>T
4893279,rs404723,AA,GG,GG,91,58,9,NC_000005.10,Mutation NB - Paternal Origin,Transition - Purine/Purine,A>G
4905229,rs4489030,CC,CT,TT,43,1,12,NC_000005.10,Mutation NB - Paternal Origin,Transition - Pyrimidine/Pyrimidine,C>T
4905271,rs1500154,CC,CT,TT,43,1,12,NC_000005.10,Mutation NB - Paternal Origin,Transition - Pyrimidine/Pyrimidine,C>T
6616419,rs13164691,TT,CC,TT,82,4,0,NC_000005.10,Mutation NB - Maternal Origin,Transition - Pyrimidine/Pyrimidine,C>T
8038073,.,AA,AA,AG,73,56,44,NC_000005.10,Mutation NB - Maternal Origin,Transition - Purine/Purine,Unsolved
8189453,rs13174821,CC,CC,CT,100,88,68,NC_000005.10,Mutation NB - Maternal Origin,Transition - Pyrimidine/Pyrimidine,Unsolved
12935346,rs35908346,TT,CC,CC,52,1,15,NC_000005.10,Mutation NB - Paternal Origin,Transition - Pyrimidine/Pyrimidine,T>C
14282964,rs17302408,TT,GG,TT,55,22,0,NC_000005.10,Mutation NB - Maternal Origin,Transversion - Purine/Pyrimidine,G>T
14382608,rs1449625374,GG,GG,GA,37,1,62,NC_000005.10,Mutation NB - Maternal Origin,Transition - Purine/Purine,Unsolved
16594888,rs168899,TT,GG,GG,88,76,12,NC_000005.10,Mutation NB - Paternal Origin,Transversion - Purine/Pyrimidine,T>G
20599969,rs567079758,CC,CC,CT,76,64,56,NC_000005.10,Mutation NB - Maternal Origin,Transition - Pyrimidine/Pyrimidine,Unsolved
31382272,.,AA,AA,AG,10,1,41,NC_000005.10,Mutation NB - Maternal Origin,Transition - Purine/Purine,Unsolved
34646305,rs13172187,CC,TT,TT,91,70,18,NC_000005.10,Mutation NB - Paternal Origin,Transition - Pyrimidine/Pyrimidine,C>T
35852209,rs6890853,AA,GA,GG,55,1,9,NC_000005.10,Mutation NB - Paternal Origin,Transition - Purine/Purine,A>G
36782775,rs62356390,AA,GG,GG,55,58,0,NC_000005.10,Mutation NB - Paternal Origin,Transition - Purine/Purine,A>G
36782810,rs10050593,CC,TC,TT,55,1,0,NC_000005.10,Mutation NB - Paternal Origin,Transition - Pyrimidine/Pyrimidine,C>T
37887427,rs7734809,GG,AA,GG,88,70,12,NC_000005.10,Mutation NB - Maternal Origin,Transition - Purine/Purine,A>G
39512671,rs1739131382,AA,AA,AG,57,7,33,NC_000005.10,Mutation NB - Maternal Origin,Transition - Purine/Purine,Unsolved
39561154,rs1501718,AA,GG,AA,91,91,0,NC_000005.10,Mutation NB - Maternal Origin,Transition - Purine/Purine,G>A
40422836,rs6876242,AC,CC,AA,32,58,0,NC_000005.10,Mutation NB - Maternal Origin,Transversion - Purine/Pyrimidine,C>A
42111615,rs4957455,CC,TT,CC,34,64,15,NC_000005.10,Mutation NB - Maternal Origin,Transition - Pyrimidine/Pyrimidine,T>C
52691404,rs350450,AA,GA,GG,52,1,15,NC_000005.10,Mutation NB - Paternal Origin,Transition - Purine/Purine,A>G
54519236,rs2548613,CC,AA,CC,85,82,18,NC_000005.10,Mutation NB - Maternal Origin,Transversion - Purine/Pyrimidine,A>C
57757210,rs34956988,CC,TT,CC,67,67,9,NC_000005.10,Mutation NB - Maternal Origin,Transition - Pyrimidine/Pyrimidine,T>C
62081486,rs7721148,TT,TT,TC,91,100,27,NC_000005.10,Mutation NB - Paternal Origin,Transition - Pyrimidine/Pyrimidine,Unsolved
62862631,rs10057044,CC,TT,CC,19,63,0,NC_000005.10,Mutation NB - Maternal Origin,Transition - Pyrimidine/Pyrimidine,T>C
65329635,rs41268427,AA,AG,GG,85,1,9,NC_000005.10,Mutation NB - Paternal Origin,Transition - Purine/Purine,A>G
66987546,rs1645238,CC,TT,TT,70,73,9,NC_000005.10,Mutation NB - Paternal Origin,Transition - Pyrimidine/Pyrimidine,C>T
68707625,.,AA,AA,AG,61,80,71,NC_000005.10,Mutation NB - Paternal Origin,Transition - Purine/Purine,Unsolved
68707666,rs13152864,GA,GG,AA,1,64,9,NC_000005.10,Mutation NB - Maternal Origin,Transition - Purine/Purine,G>A
74252631,.,TT,TT,TC,82,22,59,NC_000005.10,Mutation NB - Maternal Origin,Transition - Pyrimidine/Pyrimidine,Unsolved
76140564,rs7701465,AG,GG,AA,1,37,0,NC_000005.10,Mutation NB - Maternal Origin,Transition - Purine/Purine,G>A
79795573,.,GG,GG,GA,34,43,98,NC_000005.10,Mutation NB - Paternal Origin,Transition - Purine/Purine,Unsolved
80668775,rs1677646,TT,CC,TT,70,49,9,NC_000005.10,Mutation NB - Maternal Origin,Transition - Pyrimidine/Pyrimidine,C>T
81118160,rs153231,GG,AA,GG,55,1,0,NC_000005.10,Mutation NB - Maternal Origin,Transition - Purine/Purine,A>G
81907162,rs6452435,GA,GG,AA,79,67,9,NC_000005.10,Mutation NB - Maternal Origin,Transition - Purine/Purine,G>A
82906262,.,TT,TT,TC,43,1,50,NC_000005.10,Mutation NB - Maternal Origin,Transition - Pyrimidine/Pyrimidine,Unsolved
91144285,rs10059760,AA,AT,TT,25,1,9,NC_000005.10,Mutation NB - Paternal Origin,Transversion - Purine/Pyrimidine,A>T
96816265,rs27527,AA,CA,CC,67,1,12,NC_000005.10,Mutation NB - Paternal Origin,Transversion - Purine/Pyrimidine,A>C
97085519,rs111375116,TT,TG,GG,79,1,12,NC_000005.10,Mutation NB - Paternal Origin,Transversion - Purine/Pyrimidine,T>G
100518210,.,GG,GG,GA,64,21,47,NC_000005.10,Mutation NB - Maternal Origin,Transition - Purine/Purine,Unsolved
100520643,rs154708,TT,CC,TT,28,1,0,NC_000005.10,Mutation NB - Maternal Origin,Transition - Pyrimidine/Pyrimidine,C>T
101806519,rs6866634,GG,CC,GG,49,40,9,NC_000005.10,Mutation NB - Maternal Origin,Transversion - Purine/Pyrimidine,C>G
101943200,rs1279165812,TT,TT,TC,91,79,65,NC_000005.10,Mutation NB - Maternal Origin,Transition - Pyrimidine/Pyrimidine,Unsolved
112612157,rs56101585,GG,TT,TT,61,19,0,NC_000005.10,Mutation NB - Paternal Origin,Transversion - Purine/Pyrimidine,G>T
112953948,.,CC,CC,CT,28,10,47,NC_000005.10,Mutation NB - Maternal Origin,Transition - Pyrimidine/Pyrimidine,Unsolved
125225801,rs7706713,GG,CC,GG,16,28,18,NC_000005.10,Mutation NB - Maternal Origin,Transversion - Purine/Pyrimidine,C>G
125225846,rs7707021,CC,GG,CC,16,28,18,NC_000005.10,Mutation NB - Maternal Origin,Transversion - Purine/Pyrimidine,G>C
127585735,rs17211634,CC,TT,CC,70,52,12,NC_000005.10,Mutation NB - Maternal Origin,Transition - Pyrimidine/Pyrimidine,T>C
127852626,rs151882,CC,GG,GG,70,25,12,NC_000005.10,Mutation NB - Paternal Origin,Transversion - Purine/Pyrimidine,C>G
129164183,rs116810888,CT,CC,TT,1,1,12,NC_000005.10,Mutation NB - Maternal Origin,Transversion - Purine/Pyrimidine,C>T
133201050,.,AA,AA,AG,88,67,41,NC_000005.10,Mutation NB - Maternal Origin,Transition - Purine/Purine,Unsolved
133672705,rs558550035,TT,TT,TC,70,73,71,NC_000005.10,Mutation NB - Paternal Origin,Transition - Pyrimidine/Pyrimidine,Unsolved
135590842,rs17168700,CT,TT,CC,1,67,0,NC_000005.10,Mutation NB - Maternal Origin,Transition - Pyrimidine/Pyrimidine,T>C
135591054,rs917525,TT,TC,CC,85,2,9,NC_000005.10,Mutation NB - Paternal Origin,Transition - Pyrimidine/Pyrimidine,T>C
135996211,rs40277,CC,TC,TT,43,1,0,NC_000005.10,Mutation NB - Paternal Origin,Transition - Pyrimidine/Pyrimidine,C>T
137276377,rs2961642,AA,GA,GG,55,1,18,NC_000005.10,Mutation NB - Paternal Origin,Transition - Purine/Purine,A>G
137276380,rs2961641,GG,AG,AA,55,1,18,NC_000005.10,Mutation NB - Paternal Origin,Transition - Purine/Purine,G>A
138353523,rs10045383,GG,GA,AA,40,1,12,NC_000005.10,Mutation NB - Paternal Origin,Transition - Purine/Purine,G>A
141428210,.,AA,AA,AG,40,1,50,NC_000005.10,Mutation NB - Maternal Origin,Transition - Purine/Purine,Unsolved
145862783,rs10055590,TT,CC,TT,55,19,9,NC_000005.10,Mutation NB - Maternal Origin,Transition - Pyrimidine/Pyrimidine,C>T
148441082,rs147335343,AG,AA,GG,1,22,9,NC_000005.10,Mutation NB - Maternal Origin,Transition - Purine/Purine,A>G
148915115,rs2400709,GG,GA,AA,76,1,9,NC_000005.10,Mutation NB - Paternal Origin,Transition - Purine/Purine,G>A
149591387,rs78818953,TA,TT,AA,1,1,12,NC_000005.10,Mutation NB - Maternal Origin,Transversion - Purine/Pyrimidine,T>A
149591420,rs1457700,GG,AA,GG,43,1,15,NC_000005.10,Mutation NB - Maternal Origin,Transition - Purine/Purine,A>G
151151118,rs1862362,AG,GG,AA,1,37,12,NC_000005.10,Mutation NB - Maternal Origin,Transition - Purine/Purine,G>A
153747758,.,CC,CC,CT,22,1,99,NC_000005.10,Mutation NB - Maternal Origin,Transition - Pyrimidine/Pyrimidine,Unsolved
154394076,.,TT,TT,TC,46,10,68,NC_000005.10,Mutation NB - Maternal Origin,Transition - Pyrimidine/Pyrimidine,Unsolved
157347408,.,TT,TT,TC,85,49,33,NC_000005.10,Mutation NB - Maternal Origin,Transition - Pyrimidine/Pyrimidine,Unsolved
157381516,rs7707655,GG,GA,AA,67,1,12,NC_000005.10,Mutation NB - Paternal Origin,Transition - Purine/Purine,G>A
157381548,rs55738502,GG,GG,GA,76,100,54,NC_000005.10,Mutation NB - Paternal Origin,Transition - Purine/Purine,Unsolved
157406959,.,AA,AA,AG,85,1,59,NC_000005.10,Mutation NB - Maternal Origin,Transition - Purine/Purine,Unsolved
158444133,rs13163804,CC,CT,TT,100,1,15,NC_000005.10,Mutation NB - Paternal Origin,Transition - Pyrimidine/Pyrimidine,C>T
160200275,rs2421726,GG,TG,TT,67,1,0,NC_000005.10,Mutation NB - Paternal Origin,Transversion - Purine/Pyrimidine,G>T
164130832,rs61128629,GG,GG,TT,85,91,0,NC_000005.10,Mutation NB - Paternal Origin,Transversion - Purine/Pyrimidine,Unsolved
173345952,rs13154786,CC,CT,TT,52,1,9,NC_000005.10,Mutation NB - Paternal Origin,Transition - Pyrimidine/Pyrimidine,C>T
175155855,rs4868483,GT,TT,GG,32,61,0,NC_000005.10,Mutation NB - Maternal Origin,Transversion - Purine/Pyrimidine,T>G
175893923,rs6898980,AA,GG,AA,49,16,0,NC_000005.10,Mutation NB - Maternal Origin,Transition - Purine/Purine,G>A
176574188,rs1078628,AA,GG,GG,70,73,0,NC_000005.10,Mutation NB - Paternal Origin,Transition - Purine/Purine,A>G
177218011,rs76442924,CG,CC,GG,8,34,9,NC_000005.10,Mutation NB - Maternal Origin,Transversion - Purine/Pyrimidine,C>G
178698845,rs12518753,CG,GG,CC,41,31,0,NC_000005.10,Mutation NB - Maternal Origin,Transversion - Purine/Pyrimidine,G>C
179227575,rs1052486660,CC,CC,CT,52,40,41,NC_000005.10,Mutation NB - Maternal Origin,Transition - Pyrimidine/Pyrimidine,Unsolved
180631842,rs2290985,TT,TC,CC,58,1,15,NC_000005.10,Mutation NB - Paternal Origin,Transition - Pyrimidine/Pyrimidine,T>C
181249107,rs12657398,TT,CC,CC,55,46,0,NC_000005.10,Mutation NB - Paternal Origin,Transition - Pyrimidine/Pyrimidine,T>C
474252,rs9392029,CC,TT,TT,58,76,9,NC_000006.12,Mutation NB - Paternal Origin,Transition - Pyrimidine/Pyrimidine,C>T
1736782,rs80313170,TT,TC,CC,55,1,9,NC_000006.12,Mutation NB - Paternal Origin,Transition - Pyrimidine/Pyrimidine,T>C
3637340,rs33955417,TT,GG,GG,46,61,12,NC_000006.12,Mutation NB - Paternal Origin,Transversion - Purine/Pyrimidine,T>G
5086324,rs436556,AA,CA,CC,37,1,12,NC_000006.12,Mutation NB - Paternal Origin,Transversion - Purine/Pyrimidine,A>C
7127754,rs3863228,AG,AA,GG,1,31,9,NC_000006.12,Mutation NB - Maternal Origin,Transition - Purine/Purine,A>G
7344400,rs9379093,GG,GA,AA,55,1,15,NC_000006.12,Mutation NB - Paternal Origin,Transition - Purine/Purine,G>A
9087751,rs17145288,CC,AA,CC,37,31,0,NC_000006.12,Mutation NB - Maternal Origin,Transversion - Purine/Pyrimidine,A>C
13931039,rs9475795,AC,AA,CC,1,1,9,NC_000006.12,Mutation NB - Maternal Origin,A>C
17033992,.,AA,AA,AG,61,1,56,NC_000006.12,Mutation NB - Maternal Origin,Transition - Purine/Purine,Unsolved
20301572,rs9358322,CC,TT,TT,22,1,0,NC_000006.12,Mutation NB - Paternal Origin,Transition - Pyrimidine/Pyrimidine,C>T
20301584,rs9366342,AA,CC,CC,25,1,0,NC_000006.12,Mutation NB - Paternal Origin,Transversion - Purine/Pyrimidine,A>C
24228015,rs7774208,CT,TT,CC,1,37,15,NC_000006.12,Mutation NB - Maternal Origin,Transition - Pyrimidine/Pyrimidine,T>C
24522260,rs2251547,AA,AA,AG,100,34,65,NC_000006.12,Mutation NB - Maternal Origin,Transition - Purine/Purine,Unsolved
27407039,rs4516940,GG,CG,CC,28,1,0,NC_000006.12,Mutation NB - Paternal Origin,Transversion - Purine/Pyrimidine,G>C
27460573,.,TT,TT,TC,55,31,62,NC_000006.12,Mutation NB - Maternal Origin,Transition - Pyrimidine/Pyrimidine,Unsolved
33497705,rs9394152,CT,CC,TT,1,1,15,NC_000006.12,Mutation NB - Maternal Origin,Transversion - Purine/Pyrimidine,C>T
35521998,rs749523,GG,GG,GA,100,100,65,NC_000006.12,Mutation NB - Paternal or Maternal,Transition - Purine/Purine,Unsolved
36715997,rs236491,AA,TT,AA,49,40,0,NC_000006.12,Mutation NB - Maternal Origin,Transversion - Purine/Pyrimidine,T>A
41332509,rs12204965,CC,CT,TT,82,39,9,NC_000006.12,Mutation NB - Paternal Origin,Transition - Pyrimidine/Pyrimidine,C>T
43121691,rs3805931,TT,CC,CC,40,19,0,NC_000006.12,Mutation NB - Paternal Origin,Transition - Pyrimidine/Pyrimidine,T>C
43128090,rs6926032,AA,GG,AA,58,1,12,NC_000006.12,Mutation NB - Maternal Origin,Transition - Purine/Purine,G>A
43395081,.,TT,TT,TC,61,46,44,NC_000006.12,Mutation NB - Maternal Origin,Transition - Pyrimidine/Pyrimidine,Unsolved
44313075,rs167772,CT,TT,CC,38,4,0,NC_000006.12,Mutation NB - Maternal Origin,Transition - Pyrimidine/Pyrimidine,T>C
44566581,rs1763010274,TT,TT,TC,25,31,86,NC_000006.12,Mutation NB - Paternal Origin,Transition - Pyrimidine/Pyrimidine,Unsolved
46900309,rs220701,AA,GG,GG,76,22,12,NC_000006.12,Mutation NB - Paternal Origin,Transition - Purine/Purine,A>G
48983577,rs146109929,TT,CC,CC,91,88,9,NC_000006.12,Mutation NB - Paternal Origin,Transition - Pyrimidine/Pyrimidine,T>C
49481907,rs111784704,CC,CT,TT,10,1,15,NC_000006.12,Mutation NB - Paternal Origin,Transition - Pyrimidine/Pyrimidine,C>T
53114935,.,GG,GG,GA,82,49,68,NC_000006.12,Mutation NB - Maternal Origin,Transition - Purine/Purine,Unsolved
53706687,rs4128134,TT,CC,CC,82,58,12,NC_000006.12,Mutation NB - Paternal Origin,Transition - Pyrimidine/Pyrimidine,T>C
54979634,rs7746965,GG,TT,GG,40,34,0,NC_000006.12,Mutation NB - Maternal Origin,Transition - Purine/Purine,Transversion - Purine/Pyrimidine,T>G
66779516,rs12215933,AA,GG,GG,79,10,36,NC_000006.12,Mutation NB - Paternal Origin,Transition - Purine/Purine,A>G
66816016,rs1441610080,AA,AA,AG,91,85,53,NC_000006.12,Mutation NB - Maternal Origin,Transition - Purine/Purine,Unsolved
68533717,rs6455287,TC,CC,TT,1,28,12,NC_000006.12,Mutation NB - Maternal Origin,Transversion - Purine/Pyrimidine,C>T
71551290,rs62404040,TG,TT,GG,1,1,9,NC_000006.12,Mutation NB - Maternal Origin,Transversion - Purine/Pyrimidine,T>G
73891988,rs1837082,GG,AA,AA,52,85,0,NC_000006.12,Mutation NB - Paternal Origin,Transition - Purine/Purine,G>A
74030152,rs9343101,TT,CC,CC,76,70,9,NC_000006.12,Mutation NB - Paternal Origin,Transition - Pyrimidine/Pyrimidine,T>C
77954136,rs72900581,AG,AA,GG,1,58,9,NC_000006.12,Mutation NB - Maternal Origin,Transition - Purine/Purine,A>G
83637677,rs217329,GC,CC,GG,1,52,0,NC_000006.12,Mutation NB - Maternal Origin,Transversion - Purine/Pyrimidine,C>G
83769680,rs10943954,TT,GG,GG,73,31,0,NC_000006.12,Mutation NB - Paternal Origin,Transversion - Purine/Pyrimidine,T>G
87092507,rs9444471,CC,TT,TT,100,49,9,NC_000006.12,Mutation NB - Paternal Origin,Transition - Pyrimidine/Pyrimidine,C>T
97775217,rs72926948,TT,TC,CC,79,1,12,NC_000006.12,Mutation NB - Paternal Origin,Transition - Pyrimidine/Pyrimidine,T>C
99690685,rs576231,TT,CT,CC,67,1,0,NC_000006.12,Mutation NB - Paternal Origin,Transition - Pyrimidine/Pyrimidine,T>C
99862850,rs11759094,TT,TA,AA,73,1,12,NC_000006.12,Mutation NB - Paternal Origin,Transversion - Purine/Pyrimidine,T>A
107939255,rs2064200,CC,AA,CC,79,73,0,NC_000006.12,Mutation NB - Maternal Origin,Transversion - Purine/Pyrimidine,A>C
111643935,rs2344704,TT,AA,TT,85,64,0,NC_000006.12,Mutation NB - Maternal Origin,Transversion - Purine/Pyrimidine,A>T
112444593,rs7768717,CC,TC,TT,70,1,0,NC_000006.12,Mutation NB - Paternal Origin,Transition - Pyrimidine/Pyrimidine,C>T
112667535,rs1378692,GC,CC,GG,32,76,0,NC_000006.12,Mutation NB - Maternal Origin,Transversion - Purine/Pyrimidine,C>G
112967736,rs1095621,AA,TA,TT,61,1,9,NC_000006.12,Mutation NB - Paternal Origin,Transversion - Purine/Pyrimidine,A>T
115559687,rs2187928,GA,GG,AA,1,91,36,NC_000006.12,Mutation NB - Maternal Origin,Transition - Purine/Purine,G>A
122035322,.,GG,GG,GA,43,1,77,NC_000006.12,Mutation NB - Maternal Origin,Transition - Purine/Purine,Unsolved
124071917,rs147387240,GT,GG,TT,1,16,12,NC_000006.12,Mutation NB - Maternal Origin,Transversion - Purine/Pyrimidine,G>T
127303576,.,AA,AA,AG,70,55,62,NC_000006.12,Mutation NB - Maternal Origin,Transition - Purine/Purine,Unsolved
139444081,.,TT,TT,TC,85,49,33,NC_000006.12,Mutation NB - Maternal Origin,Transition - Pyrimidine/Pyrimidine,Unsolved
143534576,rs4895617,AA,AA,AG,100,82,99,NC_000006.12,Mutation NB - Maternal Origin,Transition - Purine/Purine,Unsolved
148138061,rs6922487,AA,TT,TT,52,4,0,NC_000006.12,Mutation NB - Paternal Origin,Transversion - Purine/Pyrimidine,A>T
149977127,rs6557220,GG,TT,GG,43,1,0,NC_000006.12,Mutation NB - Maternal Origin,Transition - Purine/Purine,Transversion - Purine/Pyrimidine,T>G
151565004,rs4334998,CC,TT,TT,100,37,15,NC_000006.12,Mutation NB - Paternal Origin,Transition - Pyrimidine/Pyrimidine,C>T
153760124,rs7772378,GG,GA,AA,40,1,15,NC_000006.12,Mutation NB - Paternal Origin,Transition - Purine/Purine,G>A
157680342,.,TT,TT,TC,1,40,60,NC_000006.12,Mutation NB - Paternal Origin,Transition - Pyrimidine/Pyrimidine,Unsolved
157695724,rs1272550,CC,CT,TT,76,1,12,NC_000006.12,Mutation NB - Paternal Origin,Transition - Pyrimidine/Pyrimidine,C>T
158452344,rs827958,CC,TC,TT,82,1,9,NC_000006.12,Mutation NB - Paternal Origin,Transition - Pyrimidine/Pyrimidine,C>T
158502706,.,TT,TT,TC,16,1,68,NC_000006.12,Mutation NB - Maternal Origin,Transition - Pyrimidine/Pyrimidine,Unsolved
161138008,rs7754215,TT,CC,CC,51,7,0,NC_000006.12,Mutation NB - Paternal Origin,Transition - Pyrimidine/Pyrimidine,T>C
165262797,rs1889893,AA,TA,TT,67,1,0,NC_000006.12,Mutation NB - Paternal Origin,Transversion - Purine/Pyrimidine,A>T
166315274,.,AA,AA,AG,61,40,30,NC_000006.12,Mutation NB - Maternal Origin,Transition - Purine/Purine,Unsolved
166988662,rs404222,GG,GG,AA,100,61,15,NC_000006.12,Mutation NB - Maternal Origin,Transition - Purine/Purine,Unsolved
167918676,rs2273134,CC,GG,CC,67,1,12,NC_000006.12,Mutation NB - Maternal Origin,Transversion - Purine/Pyrimidine,G>C
169325333,rs9283852,CC,CT,TT,40,1,27,NC_000006.12,Mutation NB - Paternal Origin,Transition - Pyrimidine/Pyrimidine,C>T
170030114,rs9356613,GG,GG,GA,100,82,99,NC_000006.12,Mutation NB - Maternal Origin,Transition - Purine/Purine,Unsolved
723080,.,TT,TT,TC,73,31,71,NC_000007.14,Mutation NB - Maternal Origin,Transition - Pyrimidine/Pyrimidine,Unsolved
1842591,rs12540579,CC,CT,TT,76,1,9,NC_000007.14,Mutation NB - Paternal Origin,Transition - Pyrimidine/Pyrimidine,C>T
2002003,rs1107591,AA,GG,GG,67,10,12,NC_000007.14,Mutation NB - Paternal Origin,Transition - Purine/Purine,A>G
2270886,.,AA,AA,AG,1,1,48,NC_000007.14,Mutation NB - Paternal or Maternal,Transition - Purine/Purine,Unsolved
2500792,.,TT,TT,TC,55,70,71,NC_000007.14,Mutation NB - Paternal Origin,Transition - Pyrimidine/Pyrimidine,Unsolved
2602837,rs4719598,GG,AG,AA,20,1,0,NC_000007.14,Mutation NB - Paternal Origin,Transition - Purine/Purine,G>A
3355785,rs57952815,AA,TT,TT,70,37,0,NC_000007.14,Mutation NB - Paternal Origin,Transversion - Purine/Pyrimidine,A>T
3510782,rs4496870,CC,GG,CC,88,76,0,NC_000007.14,Mutation NB - Maternal Origin,Transversion - Purine/Pyrimidine,G>C
4374261,rs7789446,CC,TC,TT,64,1,12,NC_000007.14,Mutation NB - Paternal Origin,Transition - Pyrimidine/Pyrimidine,C>T
5840353,rs1780261151,CC,CC,CT,79,55,43,NC_000007.14,Mutation NB - Maternal Origin,Transition - Pyrimidine/Pyrimidine,Unsolved
6232553,rs6946033,AG,GG,AA,41,1,9,NC_000007.14,Mutation NB - Maternal Origin,Transition - Purine/Purine,G>A
9822841,rs34948008,GT,TT,GG,1,1,0,NC_000007.14,Mutation NB - Maternal Origin,Transversion - Purine/Pyrimidine,T>G
10008130,.,TT,TT,TC,61,42,57,NC_000007.14,Mutation NB - Maternal Origin,Transition - Pyrimidine/Pyrimidine,Unsolved
15867016,rs38196,AC,CC,AA,38,73,0,NC_000007.14,Mutation NB - Maternal Origin,Transversion - Purine/Pyrimidine,C>A
21852798,rs2074326,GA,AA,GG,1,67,9,NC_000007.14,Mutation NB - Maternal Origin,Transition - Purine/Purine,A>G
21963619,rs6953045,TT,AA,TT,88,82,21,NC_000007.14,Mutation NB - Maternal Origin,Transversion - Purine/Pyrimidine,A>T
22084899,rs1074875,GG,AG,AA,73,1,9,NC_000007.14,Mutation NB - Paternal Origin,Transition - Purine/Purine,G>A
22091399,rs6969295,CT,CC,TT,1,1,9,NC_000007.14,Mutation NB - Maternal Origin,Transversion - Purine/Pyrimidine,C>T
23615264,.,AA,AA,AG,67,1,41,NC_000007.14,Mutation NB - Maternal Origin,Transition - Purine/Purine,Unsolved
27856251,rs1783248746,TT,TT,TC,37,1,59,NC_000007.14,Mutation NB - Maternal Origin,Transition - Pyrimidine/Pyrimidine,Unsolved
27856267,rs3940270,AA,GG,GG,37,1,0,NC_000007.14,Mutation NB - Paternal Origin,Transition - Purine/Purine,A>G
33835494,.,TT,TT,TG,79,46,44,NC_000007.14,Mutation NB - Maternal Origin,Transition - Pyrimidine/Pyrimidine,Transversion - Purine/Pyrimidine,Unsolved
33855414,rs1783242200,TT,TT,TG,40,1,48,NC_000007.14,Mutation NB - Maternal Origin,Transition - Pyrimidine/Pyrimidine,Transversion - Purine/Pyrimidine,Unsolved
37064442,rs1796841953,TT,TT,TC,52,1,62,NC_000007.14,Mutation NB - Maternal Origin,Transition - Pyrimidine/Pyrimidine,Unsolved
37401081,rs7788477,CC,AC,AA,73,1,0,NC_000007.14,Mutation NB - Paternal Origin,Transversion - Purine/Pyrimidine,C>A
38782315,.,GG,GG,GA,1,1,53,NC_000007.14,Mutation NB - Paternal or Maternal,Transition - Purine/Purine,Unsolved
41083854,rs12701862,GG,GA,AA,46,1,9,NC_000007.14,Mutation NB - Paternal Origin,Transition - Purine/Purine,G>A
45052188,.,AA,AA,AG,43,34,68,NC_000007.14,Mutation NB - Maternal Origin,Transition - Purine/Purine,Unsolved
45119179,rs7789348,GG,TT,TT,40,46,9,NC_000007.14,Mutation NB - Paternal Origin,Transversion - Purine/Pyrimidine,G>T
45119182,rs7808084,TT,CC,CC,40,46,9,NC_000007.14,Mutation NB - Paternal Origin,Transition - Pyrimidine/Pyrimidine,T>C
46847615,rs4308634,GG,CC,GG,43,7,12,NC_000007.14,Mutation NB - Maternal Origin,Transversion - Purine/Pyrimidine,C>G
46847637,rs62446189,CC,GG,CC,60,7,12,NC_000007.14,Mutation NB - Maternal Origin,Transversion - Purine/Pyrimidine,G>C
47628817,.,CC,CC,CT,43,25,44,NC_000007.14,Mutation NB - Maternal Origin,Transition - Pyrimidine/Pyrimidine,Unsolved
48155338,rs10215134,GA,AA,GG,88,91,0,NC_000007.14,Mutation NB - Maternal Origin,Transition - Purine/Purine,A>G
48545103,rs57877708,GG,GA,AA,52,1,21,NC_000007.14,Mutation NB - Paternal Origin,Transition - Purine/Purine,G>A
51559542,.,AA,AA,AG,40,57,50,NC_000007.14,Mutation NB - Paternal Origin,Transition - Purine/Purine,Unsolved
54789897,rs6942798,CT,CC,TT,1,52,12,NC_000007.14,Mutation NB - Maternal Origin,Transversion - Purine/Pyrimidine,C>T
55449701,rs116053990,AG,AA,GG,1,16,9,NC_000007.14,Mutation NB - Maternal Origin,Transition - Purine/Purine,A>G
56607195,.,GG,GG,GA,76,19,59,NC_000007.14,Mutation NB - Maternal Origin,Transition - Purine/Purine,Unsolved
57761632,rs6947918,CC,TC,TT,16,1,21,NC_000007.14,Mutation NB - Paternal Origin,Transition - Pyrimidine/Pyrimidine,C>T
57761633,rs6958866,AA,GA,GG,16,1,21,NC_000007.14,Mutation NB - Paternal Origin,Transition - Purine/Purine,A>G
62275477,rs113565149,GG,CG,CC,34,1,15,NC_000007.14,Mutation NB - Paternal Origin,Transversion - Purine/Pyrimidine,G>C
63232852,rs1289077307,GG,GG,GA,46,1,50,NC_000007.14,Mutation NB - Maternal Origin,Transition - Purine/Purine,Unsolved
64562993,rs6969879,TT,CC,TT,73,49,0,NC_000007.14,Mutation NB - Maternal Origin,Transition - Pyrimidine/Pyrimidine,C>T
64666158,rs6460174,CC,GG,CC,82,40,12,NC_000007.14,Mutation NB - Maternal Origin,Transversion - Purine/Pyrimidine,G>C
66893107,rs10247591,GG,GT,TT,76,1,12,NC_000007.14,Mutation NB - Paternal Origin,Transversion - Purine/Pyrimidine,G>T
66893142,rs10237309,TT,TG,GG,76,1,12,NC_000007.14,Mutation NB - Paternal Origin,Transversion - Purine/Pyrimidine,T>G
67151829,rs28620117,CC,TT,TT,82,40,9,NC_000007.14,Mutation NB - Paternal Origin,Transition - Pyrimidine/Pyrimidine,C>T
67268043,rs11769282,AA,GG,GG,79,67,0,NC_000007.14,Mutation NB - Paternal Origin,Transition - Purine/Purine,A>G
67363779,rs4718540,GG,AG,AA,61,1,0,NC_000007.14,Mutation NB - Paternal Origin,Transition - Purine/Purine,G>A
71078382,rs6460635,CC,CT,TT,37,1,15,NC_000007.14,Mutation NB - Paternal Origin,Transition - Pyrimidine/Pyrimidine,C>T
73777365,.,TT,TT,TC,76,4,40,NC_000007.14,Mutation NB - Maternal Origin,Transition - Pyrimidine/Pyrimidine,Unsolved
74151560,rs434773,AA,GG,GG,85,91,9,NC_000007.14,Mutation NB - Paternal Origin,Transition - Purine/Purine,A>G
74407162,rs9638323,AA,GG,AA,85,70,9,NC_000007.14,Mutation NB - Maternal Origin,Transition - Purine/Purine,G>A
78071497,rs56327212,CC,GC,GG,79,1,0,NC_000007.14,Mutation NB - Paternal Origin,Transversion - Purine/Pyrimidine,C>G
84131975,rs6957333,TT,TC,CC,82,1,9,NC_000007.14,Mutation NB - Paternal Origin,Transition - Pyrimidine/Pyrimidine,T>C
87955466,rs6465124,AA,CC,AA,76,70,9,NC_000007.14,Mutation NB - Maternal Origin,Transversion - Purine/Pyrimidine,C>A
94840024,rs571385348,GG,GG,GA,64,1,68,NC_000007.14,Mutation NB - Maternal Origin,Transition - Purine/Purine,Unsolved
100390182,rs7783550,CC,TT,TT,79,46,21,NC_000007.14,Mutation NB - Paternal Origin,Transition - Pyrimidine/Pyrimidine,C>T
106559797,.,CC,CC,CT,70,37,33,NC_000007.14,Mutation NB - Maternal Origin,Transition - Pyrimidine/Pyrimidine,Unsolved
106710182,rs6977865,AA,GG,GG,52,58,0,NC_000007.14,Mutation NB - Paternal Origin,Transition - Purine/Purine,A>G
110519949,rs12705702,GG,AA,AA,31,31,0,NC_000007.14,Mutation NB - Paternal Origin,Transition - Purine/Purine,G>A
112180423,rs2729543,GG,GT,TT,73,1,9,NC_000007.14,Mutation NB - Paternal Origin,Transversion - Purine/Pyrimidine,G>T
114359658,rs1791699482,AA,AA,AG,1,1,72,NC_000007.14,Mutation NB - Paternal or Maternal,Transition - Purine/Purine,Unsolved
120131492,rs146563319,TT,TC,CC,58,1,9,NC_000007.14,Mutation NB - Paternal Origin,Transition - Pyrimidine/Pyrimidine,T>C
129791212,rs2727473,TT,AT,AA,52,1,12,NC_000007.14,Mutation NB - Paternal Origin,Transversion - Purine/Pyrimidine,T>A
132467272,rs28411905,GG,TT,TT,64,58,15,NC_000007.14,Mutation NB - Paternal Origin,Transversion - Purine/Pyrimidine,G>T
132507536,rs156961,GG,AA,GG,58,28,9,NC_000007.14,Mutation NB - Maternal Origin,Transition - Purine/Purine,A>G
135330794,rs12532231,TT,CC,CC,64,1,0,NC_000007.14,Mutation NB - Paternal Origin,Transition - Pyrimidine/Pyrimidine,T>C
135356798,rs17168399,TT,CC,TT,91,43,0,NC_000007.14,Mutation NB - Maternal Origin,Transition - Pyrimidine/Pyrimidine,C>T
135905769,rs9642033,CT,CC,TT,1,61,21,NC_000007.14,Mutation NB - Maternal Origin,Transversion - Purine/Pyrimidine,C>T
141990596,.,TT,TT,TA,70,1,52,NC_000007.14,Mutation NB - Maternal Origin,Transition - Pyrimidine/Pyrimidine,Transversion - Purine/Pyrimidine,Unsolved
149475803,rs62491927,CC,CC,CA,91,73,65,NC_000007.14,Mutation NB - Maternal Origin,Transversion - Purine/Pyrimidine,Unsolved
149527469,rs7809643,CC,AA,CC,46,25,21,NC_000007.14,Mutation NB - Maternal Origin,Transversion - Purine/Pyrimidine,A>C
149557751,rs72611595,TT,TC,CC,52,1,9,NC_000007.14,Mutation NB - Paternal Origin,Transition - Pyrimidine/Pyrimidine,T>C
149780187,.,GG,GG,GA,43,28,65,NC_000007.14,Mutation NB - Maternal Origin,Transition - Purine/Purine,Unsolved
150427880,rs12538227,AG,GG,AA,67,73,12,NC_000007.14,Mutation NB - Maternal Origin,Transition - Purine/Purine,G>A
150427922,rs12533667,GT,TT,GG,67,73,12,NC_000007.14,Mutation NB - Maternal Origin,Transversion - Purine/Pyrimidine,T>G
150901571,rs17173656,CC,TT,TT,31,64,0,NC_000007.14,Mutation NB - Paternal Origin,Transition - Pyrimidine/Pyrimidine,C>T
151321770,.,AA,AA,AG,100,1,47,NC_000007.14,Mutation NB - Maternal Origin,Transition - Purine/Purine,Unsolved
153219703,.,TT,TT,TC,73,13,62,NC_000007.14,Mutation NB - Maternal Origin,Transition - Pyrimidine/Pyrimidine,Unsolved
153467085,rs72617377,GG,AA,AA,91,55,39,NC_000007.14,Mutation NB - Paternal Origin,Transition - Purine/Purine,G>A
154869631,.,CC,CC,CT,52,61,71,NC_000007.14,Mutation NB - Paternal Origin,Transition - Pyrimidine/Pyrimidine,Unsolved
155149125,rs73731537,AA,AC,CC,25,1,12,NC_000007.14,Mutation NB - Paternal Origin,Transversion - Purine/Pyrimidine,A>C
155149132,rs73731538,TT,TC,CC,25,1,12,NC_000007.14,Mutation NB - Paternal Origin,Transition - Pyrimidine/Pyrimidine,T>C
155981160,.,GG,GG,GA,37,55,71,NC_000007.14,Mutation NB - Paternal Origin,Transition - Purine/Purine,Unsolved
156042937,rs73174913,TT,GG,GG,70,70,9,NC_000007.14,Mutation NB - Paternal Origin,Transversion - Purine/Pyrimidine,T>G
157407969,rs758928,TT,CT,CC,13,1,9,NC_000007.14,Mutation NB - Paternal Origin,Transition - Pyrimidine/Pyrimidine,T>C
157444845,rs2366560,GG,AA,AA,58,22,12,NC_000007.14,Mutation NB - Paternal Origin,Transition - Purine/Purine,G>A
157444945,rs2366562,AA,GG,AA,67,13,21,NC_000007.14,Mutation NB - Maternal Origin,Transition - Purine/Purine,G>A
158598858,rs73180271,TT,CC,CC,49,55,0,NC_000007.14,Mutation NB - Paternal Origin,Transition - Pyrimidine/Pyrimidine,T>C
158784544,.,AA,AA,AT,85,49,50,NC_000007.14,Mutation NB - Maternal Origin,Transversion - Purine/Pyrimidine,Unsolved
158984000,.,TT,TT,TC,70,82,75,NC_000007.14,Mutation NB - Paternal Origin,Transition - Pyrimidine/Pyrimidine,Unsolved
159125553,.,TT,TT,TC,58,55,68,NC_000007.14,Mutation NB - Maternal Origin,Transition - Pyrimidine/Pyrimidine,Unsolved
715810,rs772883093,GG,GG,GA,82,67,50,NC_000008.11,Mutation NB - Maternal Origin,Transition - Purine/Purine,Unsolved
4186169,rs17069261,CT,CC,TT,1,55,9,NC_000008.11,Mutation NB - Maternal Origin,Transversion - Purine/Pyrimidine,C>T
5025321,rs56381904,CC,CC,CG,82,100,12,NC_000008.11,Mutation NB - Paternal Origin,Transversion - Purine/Pyrimidine,Unsolved
16759820,rs1049570774,GG,GG,GA,22,4,59,NC_000008.11,Mutation NB - Maternal Origin,Transition - Purine/Purine,Unsolved
17337603,rs2239876,AA,GG,GG,55,22,12,NC_000008.11,Mutation NB - Paternal Origin,Transition - Purine/Purine,A>G
17785533,.,AA,AA,AG,70,25,65,NC_000008.11,Mutation NB - Maternal Origin,Transition - Purine/Purine,Unsolved
18083728,rs17126208,CC,CG,GG,58,1,12,NC_000008.11,Mutation NB - Paternal Origin,Transversion - Purine/Pyrimidine,C>G
18400593,rs1799930,GA,GG,AA,70,82,9,NC_000008.11,Mutation NB - Maternal Origin,Transition - Purine/Purine,G>A
19415501,rs10102696,AA,CA,CC,31,1,18,NC_000008.11,Mutation NB - Paternal Origin,Transversion - Purine/Pyrimidine,A>C
19682926,rs4921665,AA,GG,GG,100,82,12,NC_000008.11,Mutation NB - Paternal Origin,Transition - Purine/Purine,A>G
19793908,rs73594457,AA,TA,TT,82,1,0,NC_000008.11,Mutation NB - Paternal Origin,Transversion - Purine/Pyrimidine,A>T
20915865,.,TT,TT,TC,43,34,98,NC_000008.11,Mutation NB - Maternal Origin,Transition - Pyrimidine/Pyrimidine,Unsolved
21692445,.,TT,TT,TC,85,76,33,NC_000008.11,Mutation NB - Maternal Origin,Transition - Pyrimidine/Pyrimidine,Unsolved
22184502,.,AA,AA,AG,16,1,47,NC_000008.11,Mutation NB - Maternal Origin,Transition - Purine/Purine,Unsolved
22250834,rs2645,CT,CC,TT,1,25,9,NC_000008.11,Mutation NB - Maternal Origin,Transversion - Purine/Pyrimidine,C>T
22557118,.,TT,TT,TC,1,1,39,NC_000008.11,Mutation NB - Paternal or Maternal,Transition - Pyrimidine/Pyrimidine,Unsolved
23074609,rs11784599,AC,CC,AA,1,25,0,NC_000008.11,Mutation NB - Maternal Origin,Transversion - Purine/Pyrimidine,C>A
23621832,.,CC,CC,CT,52,40,71,NC_000008.11,Mutation NB - Maternal Origin,Transition - Pyrimidine/Pyrimidine,Unsolved
24822563,.,AA,AA,AG,61,43,64,NC_000008.11,Mutation NB - Maternal Origin,Transition - Purine/Purine,Unsolved
26737651,rs1020233,AA,GG,AA,43,61,0,NC_000008.11,Mutation NB - Maternal Origin,Transition - Purine/Purine,G>A
27697334,rs693832,CC,CC,CT,95,19,30,NC_000008.11,Mutation NB - Maternal Origin,Transition - Pyrimidine/Pyrimidine,Unsolved
27697344,rs693841,CC,CC,CT,91,19,30,NC_000008.11,Mutation NB - Maternal Origin,Transition - Pyrimidine/Pyrimidine,Unsolved
29189517,rs146481731,GG,GC,CC,88,50,12,NC_000008.11,Mutation NB - Paternal Origin,Transversion - Purine/Pyrimidine,G>C
30990042,rs2543604,AC,CC,AA,1,40,0,NC_000008.11,Mutation NB - Maternal Origin,Transversion - Purine/Pyrimidine,C>A
37159034,rs7831869,AA,GG,AA,79,73,9,NC_000008.11,Mutation NB - Maternal Origin,Transition - Purine/Purine,G>A
37160496,rs9297249,GG,TT,TT,79,70,9,NC_000008.11,Mutation NB - Paternal Origin,Transversion - Purine/Pyrimidine,G>T
40796656,rs4736882,TC,CC,TT,1,28,12,NC_000008.11,Mutation NB - Maternal Origin,Transversion - Purine/Pyrimidine,C>T
41333996,rs2354181,AA,AG,GG,100,1,18,NC_000008.11,Mutation NB - Paternal Origin,Transition - Purine/Purine,A>G
41712457,rs78040661,AG,AA,GG,1,58,9,NC_000008.11,Mutation NB - Maternal Origin,Transition - Purine/Purine,A>G
41836250,rs906290,AA,TT,TT,55,93,9,NC_000008.11,Mutation NB - Paternal Origin,Transversion - Purine/Pyrimidine,A>T
42085119,.,AA,AA,AG,79,76,68,NC_000008.11,Mutation NB - Maternal Origin,Transition - Purine/Purine,Unsolved
42085143,.,AA,AA,AG,79,76,68,NC_000008.11,Mutation NB - Maternal Origin,Transition - Purine/Purine,Unsolved
42475823,rs957073176,CC,CC,CT,52,1,65,NC_000008.11,Mutation NB - Maternal Origin,Transition - Pyrimidine/Pyrimidine,Unsolved
42475830,.,AA,AA,AG,52,1,65,NC_000008.11,Mutation NB - Maternal Origin,Transition - Purine/Purine,Unsolved
43206473,.,GG,GG,GA,1,28,58,NC_000008.11,Mutation NB - Paternal Origin,Transition - Purine/Purine,Unsolved
45985538,.,CC,CC,CT,79,73,68,NC_000008.11,Mutation NB - Maternal Origin,Transition - Pyrimidine/Pyrimidine,Unsolved
46228724,rs13279903,GG,GG,GA,88,100,97,NC_000008.11,Mutation NB - Paternal Origin,Transition - Purine/Purine,Unsolved
46909503,rs1807137706,TT,TT,TC,61,10,59,NC_000008.11,Mutation NB - Maternal Origin,Transition - Pyrimidine/Pyrimidine,Unsolved
48705086,rs1401528679,AA,AA,AG,28,10,53,NC_000008.11,Mutation NB - Maternal Origin,Transition - Purine/Purine,Unsolved
51717401,.,TT,TT,TC,73,34,57,NC_000008.11,Mutation NB - Maternal Origin,Transition - Pyrimidine/Pyrimidine,Unsolved
53140766,rs2553863,TT,AA,AA,49,1,24,NC_000008.11,Mutation NB - Paternal Origin,Transversion - Purine/Pyrimidine,T>A
55917414,rs6991715,AG,AA,GG,32,67,12,NC_000008.11,Mutation NB - Maternal Origin,Transition - Purine/Purine,A>G
60273163,rs10216440,CC,TC,TT,73,1,0,NC_000008.11,Mutation NB - Paternal Origin,Transition - Pyrimidine/Pyrimidine,C>T
62242605,rs12542382,GG,GT,TT,91,36,15,NC_000008.11,Mutation NB - Paternal Origin,Transversion - Purine/Pyrimidine,G>T
65975563,rs7001181,TA,TT,AA,67,100,33,NC_000008.11,Mutation NB - Maternal Origin,Transversion - Purine/Pyrimidine,T>A
66223396,rs2469302,GC,CC,GG,1,16,0,NC_000008.11,Mutation NB - Maternal Origin,Transversion - Purine/Pyrimidine,C>G
72573857,rs1431651,AA,GG,GG,49,16,9,NC_000008.11,Mutation NB - Paternal Origin,Transition - Purine/Purine,A>G
72901065,rs13279934,AA,AG,GG,61,1,15,NC_000008.11,Mutation NB - Paternal Origin,Transition - Purine/Purine,A>G
77083670,rs35514418,TT,GG,GG,1,1,0,NC_000008.11,Mutation NB - Paternal Origin,Transversion - Purine/Pyrimidine,T>G
86960670,rs6468584,TC,CC,TT,1,46,0,NC_000008.11,Mutation NB - Maternal Origin,Transversion - Purine/Pyrimidine,C>T
95381650,.,TT,TT,TC,76,46,56,NC_000008.11,Mutation NB - Maternal Origin,Transition - Pyrimidine/Pyrimidine,Unsolved
95940264,rs6995079,GG,AA,AA,85,1,0,NC_000008.11,Mutation NB - Paternal Origin,Transition - Purine/Purine,G>A
100611062,rs140967906,CC,CC,CT,100,82,99,NC_000008.11,Mutation NB - Maternal Origin,Transition - Pyrimidine/Pyrimidine,Unsolved
100711264,.,TT,TT,TC,74,52,33,NC_000008.11,Mutation NB - Maternal Origin,Transition - Pyrimidine/Pyrimidine,Unsolved
102426468,rs9642790,AA,GG,GG,67,67,0,NC_000008.11,Mutation NB - Paternal Origin,Transition - Purine/Purine,A>G
103210274,rs755161540,AA,AA,AG,52,46,71,NC_000008.11,Mutation NB - Maternal Origin,Transition - Purine/Purine,Unsolved
107123540,rs4439101,CC,CC,TT,76,67,12,NC_000008.11,Mutation NB - Maternal Origin,Transition - Pyrimidine/Pyrimidine,Unsolved
111611972,rs7842968,GG,AG,AA,91,1,0,NC_000008.11,Mutation NB - Paternal Origin,Transition - Purine/Purine,G>A
116610844,rs9650066,AA,GG,GG,49,25,0,NC_000008.11,Mutation NB - Paternal Origin,Transition - Purine/Purine,A>G
116947975,rs3020107,GG,AG,AA,79,1,0,NC_000008.11,Mutation NB - Paternal Origin,Transition - Purine/Purine,G>A
118120038,.,GG,GG,GA,67,1,84,NC_000008.11,Mutation NB - Maternal Origin,Transition - Purine/Purine,Unsolved
121155237,rs1815155025,AA,AA,AG,64,10,65,NC_000008.11,Mutation NB - Maternal Origin,Transition - Purine/Purine,Unsolved
127852110,.,CC,CC,CT,43,31,62,NC_000008.11,Mutation NB - Maternal Origin,Transition - Pyrimidine/Pyrimidine,Unsolved
128130727,rs1870228,GG,GC,CC,28,1,15,NC_000008.11,Mutation NB - Paternal Origin,Transversion - Purine/Pyrimidine,G>C
130472305,rs12549207,CC,TT,TT,91,52,24,NC_000008.11,Mutation NB - Paternal Origin,Transition - Pyrimidine/Pyrimidine,C>T
130499803,rs7007052,AA,AA,AG,79,70,99,NC_000008.11,Mutation NB - Maternal Origin,Transition - Purine/Purine,Unsolved
130532011,rs6470827,TT,CT,CC,67,1,0,NC_000008.11,Mutation NB - Paternal Origin,Transition - Pyrimidine/Pyrimidine,T>C
133205462,rs2929934,GG,TT,TT,76,82,0,NC_000008.11,Mutation NB - Paternal Origin,Transversion - Purine/Pyrimidine,G>T
135036054,rs7816095,GA,AA,GG,1,76,18,NC_000008.11,Mutation NB - Maternal Origin,Transition - Purine/Purine,A>G
138187164,rs12550019,GG,TT,TT,40,70,9,NC_000008.11,Mutation NB - Paternal Origin,Transversion - Purine/Pyrimidine,G>T
138246577,rs13272732,TT,TC,CC,100,1,21,NC_000008.11,Mutation NB - Paternal Origin,Transition - Pyrimidine/Pyrimidine,T>C
139677900,rs66639217,TT,CC,CC,88,58,0,NC_000008.11,Mutation NB - Paternal Origin,Transition - Pyrimidine/Pyrimidine,T>C
140097878,rs3802217,AG,GG,AA,1,1,0,NC_000008.11,Mutation NB - Maternal Origin,Transition - Purine/Purine,G>A
140324867,.,GG,GG,GA,79,40,57,NC_000008.11,Mutation NB - Maternal Origin,Transition - Purine/Purine,Unsolved
141606996,rs11782074,TT,GT,GG,49,1,0,NC_000008.11,Mutation NB - Paternal Origin,Transversion - Purine/Pyrimidine,T>G
142046163,rs10101202,AA,GG,GG,61,52,0,NC_000008.11,Mutation NB - Paternal Origin,Transition - Purine/Purine,A>G
142251870,rs7012636,AG,GG,AA,1,43,18,NC_000008.11,Mutation NB - Maternal Origin,Transition - Purine/Purine,G>A
142509679,rs973394201,CC,CT,TT,1,1,9,NC_000008.11,Mutation NB - Paternal Origin,Transition - Pyrimidine/Pyrimidine,C>T
142765175,rs12541206,CC,TT,TT,91,85,24,NC_000008.11,Mutation NB - Paternal Origin,Transition - Pyrimidine/Pyrimidine,C>T
143382057,rs1473561451,GG,GG,GA,64,1,65,NC_000008.11,Mutation NB - Maternal Origin,Transition - Purine/Purine,Unsolved
144856782,rs3866995,TT,CC,TT,61,19,0,NC_000008.11,Mutation NB - Maternal Origin,Transition - Pyrimidine/Pyrimidine,C>T
2177149,rs73641008,TT,TC,CC,67,82,12,NC_000009.12,Mutation NB - Paternal Origin,Transition - Pyrimidine/Pyrimidine,T>C
4531844,rs10815009,CG,GG,CC,1,19,12,NC_000009.12,Mutation NB - Maternal Origin,Transversion - Purine/Pyrimidine,G>C
6578034,rs12378606,TT,CT,CC,91,1,0,NC_000009.12,Mutation NB - Paternal Origin,Transition - Pyrimidine/Pyrimidine,T>C
6744843,rs141254017,CC,CC,CG,100,64,51,NC_000009.12,Mutation NB - Maternal Origin,Transversion - Purine/Pyrimidine,Unsolved
16325585,.,TT,TT,TC,1,1,77,NC_000009.12,Mutation NB - Paternal or Maternal,Transition - Pyrimidine/Pyrimidine,Unsolved
29160979,rs62554046,AA,AG,GG,79,1,12,NC_000009.12,Mutation NB - Paternal Origin,Transition - Purine/Purine,A>G
31211373,.,TT,TT,TC,79,79,92,NC_000009.12,Mutation NB - Paternal or Maternal,Transition - Pyrimidine/Pyrimidine,Unsolved
32718641,rs34969935,CC,AA,AA,91,73,0,NC_000009.12,Mutation NB - Paternal Origin,Transversion - Purine/Pyrimidine,C>A
33167599,rs1840789507,GG,GG,GA,67,16,72,NC_000009.12,Mutation NB - Maternal Origin,Transition - Purine/Purine,Unsolved
33403472,rs2989924,TT,CC,TT,67,40,15,NC_000009.12,Mutation NB - Maternal Origin,Transition - Pyrimidine/Pyrimidine,C>T
69184781,rs10114369,TA,AA,TT,1,49,12,NC_000009.12,Mutation NB - Maternal Origin,Transversion - Purine/Pyrimidine,A>T
70537054,rs3739776,CC,TT,CC,61,37,0,NC_000009.12,Mutation NB - Maternal Origin,Transition - Pyrimidine/Pyrimidine,T>C
71647476,.,GG,GG,GA,67,28,92,NC_000009.12,Mutation NB - Maternal Origin,Transition - Purine/Purine,Unsolved
72958676,rs11787668,AA,CC,CC,28,4,15,NC_000009.12,Mutation NB - Paternal Origin,Transversion - Purine/Pyrimidine,A>C
76997043,rs10781406,GG,AA,GG,73,19,9,NC_000009.12,Mutation NB - Maternal Origin,Transition - Purine/Purine,A>G
77458394,rs1443860,GG,CG,CC,37,1,0,NC_000009.12,Mutation NB - Paternal Origin,Transversion - Purine/Pyrimidine,G>C
80359631,rs17083201,AA,CA,CC,52,1,9,NC_000009.12,Mutation NB - Paternal Origin,Transversion - Purine/Pyrimidine,A>C
80724463,rs1418595353,TT,TT,TC,52,1,53,NC_000009.12,Mutation NB - Maternal Origin,Transition - Pyrimidine/Pyrimidine,Unsolved
84960865,rs112364685,GC,GG,CC,1,67,15,NC_000009.12,Mutation NB - Maternal Origin,Transversion - Purine/Pyrimidine,G>C
85156927,rs496239,GG,TG,TT,85,48,0,NC_000009.12,Mutation NB - Paternal Origin,Transversion - Purine/Pyrimidine,G>T
85156949,rs517910,GG,AG,AA,85,48,0,NC_000009.12,Mutation NB - Paternal Origin,Transition - Purine/Purine,G>A
87012970,rs112619935,AA,AA,AG,100,82,33,NC_000009.12,Mutation NB - Maternal Origin,Transition - Purine/Purine,Unsolved
87517164,rs2378745,GG,CG,CC,61,1,0,NC_000009.12,Mutation NB - Paternal Origin,Transversion - Purine/Pyrimidine,G>C
87517214,rs2378746,GG,AG,AA,55,1,0,NC_000009.12,Mutation NB - Paternal Origin,Transition - Purine/Purine,G>A
87517234,rs2378747,GG,AG,AA,55,1,0,NC_000009.12,Mutation NB - Paternal Origin,Transition - Purine/Purine,G>A
90301451,rs1776987,TC,CC,TT,39,79,0,NC_000009.12,Mutation NB - Maternal Origin,Transversion - Purine/Pyrimidine,C>T
91090533,rs430794,TT,GT,GG,29,1,0,NC_000009.12,Mutation NB - Paternal Origin,Transversion - Purine/Pyrimidine,T>G
91818976,rs4743855,TT,CC,CC,49,37,9,NC_000009.12,Mutation NB - Paternal Origin,Transition - Pyrimidine/Pyrimidine,T>C
94156837,rs10125839,GG,GG,AA,91,76,9,NC_000009.12,Mutation NB - Maternal Origin,Transition - Purine/Purine,Unsolved
96136350,rs4400506,GG,GT,TT,82,1,30,NC_000009.12,Mutation NB - Paternal Origin,Transversion - Purine/Pyrimidine,G>T
97221624,rs12685723,GG,GG,AA,58,100,12,NC_000009.12,Mutation NB - Paternal Origin,Transition - Purine/Purine,Unsolved
98665514,rs7865785,GG,AA,GG,64,40,0,NC_000009.12,Mutation NB - Maternal Origin,Transition - Purine/Purine,A>G
101681037,rs2506352,TT,CC,TT,31,37,9,NC_000009.12,Mutation NB - Maternal Origin,Transition - Pyrimidine/Pyrimidine,C>T
111556508,.,AA,AA,AG,88,79,47,NC_000009.12,Mutation NB - Maternal Origin,Transition - Purine/Purine,Unsolved
113947082,rs10982015,CT,TT,CC,1,1,0,NC_000009.12,Mutation NB - Maternal Origin,Transition - Pyrimidine/Pyrimidine,T>C
117502640,rs12349521,CC,TC,TT,82,53,0,NC_000009.12,Mutation NB - Paternal Origin,Transition - Pyrimidine/Pyrimidine,C>T
120109381,.,AA,AA,AG,1,1,59,NC_000009.12,Mutation NB - Paternal or Maternal,Transition - Purine/Purine,Unsolved
120848469,rs10985054,TT,CC,CC,82,46,15,NC_000009.12,Mutation NB - Paternal Origin,Transition - Pyrimidine/Pyrimidine,T>C
122188293,.,AA,AA,AG,49,19,68,NC_000009.12,Mutation NB - Maternal Origin,Transition - Purine/Purine,Unsolved
126048820,rs4838317,GC,CC,GG,1,58,0,NC_000009.12,Mutation NB - Maternal Origin,Transversion - Purine/Pyrimidine,C>G
126067490,.,AA,AA,AG,1,1,56,NC_000009.12,Mutation NB - Paternal or Maternal,Transition - Purine/Purine,Unsolved
127479887,rs1539567,GG,GG,AA,76,64,0,NC_000009.12,Mutation NB - Maternal Origin,Transition - Purine/Purine,Unsolved
127928133,rs10760515,GC,CC,GG,1,25,0,NC_000009.12,Mutation NB - Maternal Origin,Transversion - Purine/Pyrimidine,C>G
128025304,rs1832462395,GG,GG,GA,1,1,47,NC_000009.12,Mutation NB - Paternal or Maternal,Transition - Purine/Purine,Unsolved
128323345,rs7880,GG,GT,TT,61,1,12,NC_000009.12,Mutation NB - Paternal Origin,Transversion - Purine/Pyrimidine,G>T
128542898,rs12336898,AA,AT,TT,85,1,12,NC_000009.12,Mutation NB - Paternal Origin,Transversion - Purine/Pyrimidine,A>T
128558997,rs76483781,TT,TT,TC,100,31,33,NC_000009.12,Mutation NB - Maternal Origin,Transition - Pyrimidine/Pyrimidine,Unsolved
129100478,.,TT,TT,TC,85,61,62,NC_000009.12,Mutation NB - Maternal Origin,Transition - Pyrimidine/Pyrimidine,Unsolved
129383245,rs10819507,AC,CC,AA,1,34,0,NC_000009.12,Mutation NB - Maternal Origin,Transversion - Purine/Pyrimidine,C>A
129383264,rs10760613,AG,GG,AA,1,34,0,NC_000009.12,Mutation NB - Maternal Origin,Transition - Purine/Purine,G>A
132983728,rs10793949,TT,GG,TT,64,43,0,NC_000009.12,Mutation NB - Maternal Origin,Transversion - Purine/Pyrimidine,G>T
133541087,rs28675164,GG,TT,TT,37,1,0,NC_000009.12,Mutation NB - Paternal Origin,Transversion - Purine/Pyrimidine,G>T
134523448,rs3118579,CC,TC,TT,88,35,0,NC_000009.12,Mutation NB - Paternal Origin,Transition - Pyrimidine/Pyrimidine,C>T
135137513,rs4469542,CC,TC,TT,67,1,12,NC_000009.12,Mutation NB - Paternal Origin,Transition - Pyrimidine/Pyrimidine,C>T
135303357,rs4841962,CC,AA,AA,37,73,24,NC_000009.12,Mutation NB - Paternal Origin,Transversion - Purine/Pyrimidine,C>A
135864322,rs13299821,TT,TT,TC,82,100,68,NC_000009.12,Mutation NB - Paternal Origin,Transition - Pyrimidine/Pyrimidine,Unsolved
136054863,.,AA,AA,AG,28,61,65,NC_000009.12,Mutation NB - Paternal Origin,Transition - Purine/Purine,Unsolved
136296624,rs1043549440,CC,CT,TT,55,1,12,NC_000009.12,Mutation NB - Paternal Origin,Transition - Pyrimidine/Pyrimidine,C>T
136296649,rs36148091,GG,AG,AA,55,1,12,NC_000009.12,Mutation NB - Paternal Origin,Transition - Purine/Purine,G>A
136723384,rs6874,CT,CC,TT,7,1,9,NC_000009.12,Mutation NB - Maternal Origin,Transversion - Purine/Pyrimidine,C>T
137019482,rs35529305,GG,GA,AA,85,1,9,NC_000009.12,Mutation NB - Paternal Origin,Transition - Purine/Purine,G>A
341120,rs7904155,AA,GA,GG,55,14,0,NC_000010.11,Mutation NB - Paternal Origin,Transition - Purine/Purine,A>G
644171,.,TT,TT,TC,28,1,68,NC_000010.11,Mutation NB - Maternal Origin,Transition - Pyrimidine/Pyrimidine,Unsolved
2117876,rs10903675,AA,CA,CC,46,1,0,NC_000010.11,Mutation NB - Paternal Origin,Transversion - Purine/Pyrimidine,A>C
2484985,rs9419444,GG,AA,AA,67,100,0,NC_000010.11,Mutation NB - Paternal Origin,Transition - Purine/Purine,G>A
2845171,.,TT,TT,TC,85,4,53,NC_000010.11,Mutation NB - Maternal Origin,Transition - Pyrimidine/Pyrimidine,Unsolved
3109768,.,AA,AA,AG,31,16,68,NC_000010.11,Mutation NB - Maternal Origin,Transition - Purine/Purine,Unsolved
3526649,.,AA,AA,AG,76,61,55,NC_000010.11,Mutation NB - Maternal Origin,Transition - Purine/Purine,Unsolved
3665907,rs11252002,GG,GG,GT,100,58,33,NC_000010.11,Mutation NB - Maternal Origin,Transversion - Purine/Pyrimidine,Unsolved
3885879,rs1197721081,TT,TT,TC,61,46,59,NC_000010.11,Mutation NB - Maternal Origin,Transition - Pyrimidine/Pyrimidine,Unsolved
5660257,rs2386644,CT,CC,TT,41,88,15,NC_000010.11,Mutation NB - Maternal Origin,Transversion - Purine/Pyrimidine,C>T
5806875,rs7095103,CC,TT,TT,88,73,12,NC_000010.11,Mutation NB - Paternal Origin,Transition - Pyrimidine/Pyrimidine,C>T
5999657,.,CC,CC,CT,79,64,89,NC_000010.11,Mutation NB - Maternal Origin,Transition - Pyrimidine/Pyrimidine,Unsolved
6172171,rs115563270,CC,AA,CC,70,91,9,NC_000010.11,Mutation NB - Maternal Origin,Transversion - Purine/Pyrimidine,A>C
6687070,rs1832118648,TT,TT,TC,13,22,62,NC_000010.11,Mutation NB - Paternal Origin,Transition - Pyrimidine/Pyrimidine,Unsolved
8514019,rs17156961,CA,CC,AA,1,4,12,NC_000010.11,Mutation NB - Maternal Origin,Transversion - Purine/Pyrimidine,C>A
11398436,.,TT,TT,TC,76,34,56,NC_000010.11,Mutation NB - Maternal Origin,Transition - Pyrimidine/Pyrimidine,Unsolved
11730855,rs1324649,CT,TT,CC,1,37,0,NC_000010.11,Mutation NB - Maternal Origin,Transition - Pyrimidine/Pyrimidine,T>C
11825316,rs11257346,CC,TT,CC,37,13,9,NC_000010.11,Mutation NB - Maternal Origin,Transition - Pyrimidine/Pyrimidine,T>C
11925663,rs11257432,TT,CC,TT,31,46,9,NC_000010.11,Mutation NB - Maternal Origin,Transition - Pyrimidine/Pyrimidine,C>T
13645047,rs45538134,CT,CC,TT,7,67,9,NC_000010.11,Mutation NB - Maternal Origin,Transversion - Purine/Pyrimidine,C>T
14296506,rs1218468,AA,GA,GG,22,1,0,NC_000010.11,Mutation NB - Paternal Origin,Transition - Purine/Purine,A>G
15689767,rs72781819,GA,GG,AA,8,67,9,NC_000010.11,Mutation NB - Maternal Origin,Transition - Purine/Purine,G>A
15690497,.,AA,AA,AG,19,1,62,NC_000010.11,Mutation NB - Maternal Origin,Transition - Purine/Purine,Unsolved
16702275,rs922355363,TT,TT,TC,70,28,95,NC_000010.11,Mutation NB - Maternal Origin,Transition - Pyrimidine/Pyrimidine,Unsolved
17229704,rs144539901,CC,TT,CC,88,76,9,NC_000010.11,Mutation NB - Maternal Origin,Transition - Pyrimidine/Pyrimidine,T>C
17345034,rs200003614,CC,TT,CC,88,55,9,NC_000010.11,Mutation NB - Maternal Origin,Transition - Pyrimidine/Pyrimidine,T>C
17543315,rs1937350,CC,TT,TT,73,70,12,NC_000010.11,Mutation NB - Paternal Origin,Transition - Pyrimidine/Pyrimidine,C>T
20715314,.,CC,CC,CT,22,1,65,NC_000010.11,Mutation NB - Maternal Origin,Transition - Pyrimidine/Pyrimidine,Unsolved
23613055,rs7922249,GG,TT,TT,34,1,0,NC_000010.11,Mutation NB - Paternal Origin,Transversion - Purine/Pyrimidine,G>T
23613094,rs7919007,GG,AA,AA,55,1,0,NC_000010.11,Mutation NB - Paternal Origin,Transition - Purine/Purine,G>A
23694848,rs12772432,TT,GG,GG,41,19,0,NC_000010.11,Mutation NB - Paternal Origin,Transversion - Purine/Pyrimidine,T>G
24195310,rs7083993,CC,AA,AA,73,49,0,NC_000010.11,Mutation NB - Paternal Origin,Transversion - Purine/Pyrimidine,C>A
25389362,rs1760725,TT,CC,CC,37,10,0,NC_000010.11,Mutation NB - Paternal Origin,Transition - Pyrimidine/Pyrimidine,T>C
25389364,rs1760726,GG,TT,TT,37,10,0,NC_000010.11,Mutation NB - Paternal Origin,Transversion - Purine/Pyrimidine,G>T
28060544,rs7903206,CC,TT,CC,37,10,9,NC_000010.11,Mutation NB - Maternal Origin,Transition - Pyrimidine/Pyrimidine,T>C
28060590,rs7919932,TT,CC,TT,37,4,9,NC_000010.11,Mutation NB - Maternal Origin,Transition - Pyrimidine/Pyrimidine,C>T
30752292,rs11812218,AA,GG,AA,70,40,9,NC_000010.11,Mutation NB - Maternal Origin,Transition - Purine/Purine,G>A
34481927,rs774002,CG,GG,CC,38,46,0,NC_000010.11,Mutation NB - Maternal Origin,Transversion - Purine/Pyrimidine,G>C
35328794,rs11816866,TC,CC,TT,35,37,0,NC_000010.11,Mutation NB - Maternal Origin,Transversion - Purine/Pyrimidine,C>T
35568072,rs10764048,AG,GG,AA,10,40,0,NC_000010.11,Mutation NB - Maternal Origin,Transition - Purine/Purine,G>A
37728144,rs77183067,TC,TT,CC,47,85,45,NC_000010.11,Mutation NB - Maternal Origin,Transition - Pyrimidine/Pyrimidine,T>C
38166051,rs12244294,TT,TT,TC,85,28,97,NC_000010.11,Mutation NB - Maternal Origin,Transition - Pyrimidine/Pyrimidine,Unsolved
47365033,.,GG,GG,GA,79,19,41,NC_000010.11,Mutation NB - Maternal Origin,Transition - Purine/Purine,Unsolved
47452995,rs929496966,GG,GA,AA,16,1,9,NC_000010.11,Mutation NB - Paternal Origin,Transition - Purine/Purine,G>A
49131880,rs12765281,GA,GG,AA,73,88,12,NC_000010.11,Mutation NB - Maternal Origin,Transition - Purine/Purine,G>A
49239988,.,TT,TT,TC,19,31,74,NC_000010.11,Mutation NB - Paternal Origin,Transition - Pyrimidine/Pyrimidine,Unsolved
50679255,rs145722347,TT,CC,CC,99,19,21,NC_000010.11,Mutation NB - Paternal Origin,Transition - Pyrimidine/Pyrimidine,T>C
56255249,rs61854819,GG,AA,GG,64,37,0,NC_000010.11,Mutation NB - Maternal Origin,Transition - Purine/Purine,A>G
56378360,rs3849972,GG,AA,AA,55,7,21,NC_000010.11,Mutation NB - Paternal Origin,Transition - Purine/Purine,G>A
59780296,rs12778666,CC,TT,CC,91,70,9,NC_000010.11,Mutation NB - Maternal Origin,Transition - Pyrimidine/Pyrimidine,T>C
59780322,rs1913514,CC,TT,CC,91,70,9,NC_000010.11,Mutation NB - Maternal Origin,Transition - Pyrimidine/Pyrimidine,T>C
62831852,rs10995321,CC,CC,CA,91,70,65,NC_000010.11,Mutation NB - Maternal Origin,Transversion - Purine/Pyrimidine,Unsolved
65101203,rs61858828,CG,CC,GG,1,73,9,NC_000010.11,Mutation NB - Maternal Origin,Transversion - Purine/Pyrimidine,C>G
70321267,rs10762364,AA,GG,GG,91,76,15,NC_000010.11,Mutation NB - Paternal Origin,Transition - Purine/Purine,A>G
70377035,rs10999305,GA,AA,GG,1,55,0,NC_000010.11,Mutation NB - Maternal Origin,Transition - Purine/Purine,A>G
70512696,.,AA,AA,AG,25,4,55,NC_000010.11,Mutation NB - Maternal Origin,Transition - Purine/Purine,Unsolved
71125496,rs1935148,TC,CC,TT,35,43,0,NC_000010.11,Mutation NB - Maternal Origin,Transversion - Purine/Pyrimidine,C>T
79240093,.,AA,AA,AG,1,28,59,NC_000010.11,Mutation NB - Paternal Origin,Transition - Purine/Purine,Unsolved
79278043,rs1250538,GG,TT,GG,13,1,9,NC_000010.11,Mutation NB - Maternal Origin,Transition - Purine/Purine,Transversion - Purine/Pyrimidine,T>G
80675931,rs7070996,TT,CT,CC,82,1,15,NC_000010.11,Mutation NB - Paternal Origin,Transition - Pyrimidine/Pyrimidine,T>C
85400357,rs4604813,AA,AG,GG,73,1,9,NC_000010.11,Mutation NB - Paternal Origin,Transition - Purine/Purine,A>G
86314913,.,AA,AA,AG,43,19,92,NC_000010.11,Mutation NB - Maternal Origin,Transition - Purine/Purine,Unsolved
89026174,.,CC,CC,CT,88,64,33,NC_000010.11,Mutation NB - Maternal Origin,Transition - Pyrimidine/Pyrimidine,Unsolved
93072020,.,GG,GG,GA,25,43,68,NC_000010.11,Mutation NB - Paternal Origin,Transition - Purine/Purine,Unsolved
93072024,rs66526527,CC,TT,CC,25,43,0,NC_000010.11,Mutation NB - Maternal Origin,Transition - Pyrimidine/Pyrimidine,T>C
93830966,rs7914448,GA,AA,GG,1,37,0,NC_000010.11,Mutation NB - Maternal Origin,Transition - Purine/Purine,A>G
93830968,rs7899459,TC,CC,TT,1,37,0,NC_000010.11,Mutation NB - Maternal Origin,Transversion - Purine/Pyrimidine,C>T
93845433,rs11187706,TC,CC,TT,1,10,21,NC_000010.11,Mutation NB - Maternal Origin,Transversion - Purine/Pyrimidine,C>T
93862385,rs10882360,CC,TT,CC,100,67,0,NC_000010.11,Mutation NB - Maternal Origin,Transition - Pyrimidine/Pyrimidine,T>C
98046740,.,CC,CC,CG,76,19,39,NC_000010.11,Mutation NB - Maternal Origin,Transversion - Purine/Pyrimidine,Unsolved
98254662,.,CC,CC,CT,40,1,62,NC_000010.11,Mutation NB - Maternal Origin,Transition - Pyrimidine/Pyrimidine,Unsolved
98601723,rs12356526,GA,GG,AA,1,1,15,NC_000010.11,Mutation NB - Maternal Origin,Transition - Purine/Purine,G>A
100294469,.,AA,AA,AG,58,1,53,NC_000010.11,Mutation NB - Maternal Origin,Transition - Purine/Purine,Unsolved
100984619,rs11190780,TT,CC,TT,28,1,12,NC_000010.11,Mutation NB - Maternal Origin,Transition - Pyrimidine/Pyrimidine,C>T
101122974,.,TT,TT,TC,37,34,68,NC_000010.11,Mutation NB - Maternal Origin,Transition - Pyrimidine/Pyrimidine,Unsolved
105008045,rs7078709,CC,GG,GG,58,10,9,NC_000010.11,Mutation NB - Paternal Origin,Transversion - Purine/Pyrimidine,C>G
105008104,rs7096572,CC,TT,TT,25,49,0,NC_000010.11,Mutation NB - Paternal Origin,Transition - Pyrimidine/Pyrimidine,C>T
107291060,.,AA,AA,AG,37,55,62,NC_000010.11,Mutation NB - Paternal Origin,Transition - Purine/Purine,Unsolved
112327019,rs1887141,CC,TT,CC,100,79,0,NC_000010.11,Mutation NB - Maternal Origin,Transition - Pyrimidine/Pyrimidine,T>C
113261323,.,TT,TT,TC,100,100,58,NC_000010.11,Mutation NB - Paternal or Maternal,Transition - Pyrimidine/Pyrimidine,Unsolved
114817031,rs4752255,TT,CC,TT,58,25,12,NC_000010.11,Mutation NB - Maternal Origin,Transition - Pyrimidine/Pyrimidine,C>T
116720704,.,AA,AA,AG,46,10,59,NC_000010.11,Mutation NB - Maternal Origin,Transition - Purine/Purine,Unsolved
116800966,rs7097645,AA,GG,AA,28,1,21,NC_000010.11,Mutation NB - Maternal Origin,Transition - Purine/Purine,G>A
117750386,rs1570787,CT,TT,CC,1,46,0,NC_000010.11,Mutation NB - Maternal Origin,Transition - Pyrimidine/Pyrimidine,T>C
118490234,rs7901150,GG,AG,AA,85,1,0,NC_000010.11,Mutation NB - Paternal Origin,Transition - Purine/Purine,G>A
118563693,rs4752174,TT,CT,CC,43,1,0,NC_000010.11,Mutation NB - Paternal Origin,Transition - Pyrimidine/Pyrimidine,T>C
120332031,.,AA,AA,AG,64,31,41,NC_000010.11,Mutation NB - Maternal Origin,Transition - Purine/Purine,Unsolved
121670803,rs10886965,CC,CA,AA,88,1,12,NC_000010.11,Mutation NB - Paternal Origin,Transversion - Purine/Pyrimidine,C>A
121997142,rs17102837,TT,AT,AA,85,1,0,NC_000010.11,Mutation NB - Paternal Origin,Transversion - Purine/Pyrimidine,T>A
122479794,rs4391763,CC,AA,CC,31,31,0,NC_000010.11,Mutation NB - Maternal Origin,Transversion - Purine/Pyrimidine,A>C
123315960,rs59403291,TT,TC,CC,67,1,18,NC_000010.11,Mutation NB - Paternal Origin,Transition - Pyrimidine/Pyrimidine,T>C
123577273,rs10902956,TT,CC,CC,49,1,15,NC_000010.11,Mutation NB - Paternal Origin,Transition - Pyrimidine/Pyrimidine,T>C
124468354,rs4962579,TT,CT,CC,70,5,0,NC_000010.11,Mutation NB - Paternal Origin,Transition - Pyrimidine/Pyrimidine,T>C
125009251,rs10732902,TT,CT,CC,52,1,0,NC_000010.11,Mutation NB - Paternal Origin,Transition - Pyrimidine/Pyrimidine,T>C
126042159,rs34265990,CT,CC,TT,1,18,9,NC_000010.11,Mutation NB - Maternal Origin,Transversion - Purine/Pyrimidine,C>T
126552652,rs7920905,TT,CC,CC,61,67,15,NC_000010.11,Mutation NB - Paternal Origin,Transition - Pyrimidine/Pyrimidine,T>C
126552661,rs376595692,CC,CC,CT,64,67,68,NC_000010.11,Mutation NB - Paternal Origin,Transition - Pyrimidine/Pyrimidine,Unsolved
127006077,rs7079635,CT,CC,TT,1,1,9,NC_000010.11,Mutation NB - Maternal Origin,Transversion - Purine/Pyrimidine,C>T
127038493,.,TT,TT,TC,46,22,71,NC_000010.11,Mutation NB - Maternal Origin,Transition - Pyrimidine/Pyrimidine,Unsolved
130297304,rs12570599,CT,CC,TT,1,13,9,NC_000010.11,Mutation NB - Maternal Origin,Transversion - Purine/Pyrimidine,C>T
130835902,.,AA,AA,AT,67,7,92,NC_000010.11,Mutation NB - Maternal Origin,Transversion - Purine/Pyrimidine,Unsolved
131373461,rs61863190,CC,GG,GG,91,88,15,NC_000010.11,Mutation NB - Paternal Origin,Transversion - Purine/Pyrimidine,C>G
131529630,rs10830027,AA,GA,GG,49,1,9,NC_000010.11,Mutation NB - Paternal Origin,Transition - Purine/Purine,A>G
131556434,rs11018039,AA,GA,GG,79,1,0,NC_000010.11,Mutation NB - Paternal Origin,Transition - Purine/Purine,A>G
131691730,rs57628098,GG,CC,CC,85,40,9,NC_000010.11,Mutation NB - Paternal Origin,Transversion - Purine/Pyrimidine,G>C
131773592,.,TT,TT,TC,64,43,68,NC_000010.11,Mutation NB - Maternal Origin,Transition - Pyrimidine/Pyrimidine,Unsolved
131865922,rs36191432,AA,TA,TT,79,1,9,NC_000010.11,Mutation NB - Paternal Origin,Transversion - Purine/Pyrimidine,A>T
132126112,rs1491191,CC,TT,CC,19,5,12,NC_000010.11,Mutation NB - Maternal Origin,Transition - Pyrimidine/Pyrimidine,T>C
132282473,rs141757357,AA,AG,GG,79,9,7,NC_000010.11,Mutation NB - Paternal Origin,Transition - Purine/Purine,A>G
132522999,rs7923119,CC,CC,AC,70,97,95,NC_000010.11,Mutation NB - Paternal Origin,Transversion - Purine/Pyrimidine,Unsolved
132773008,rs36090389,GG,GG,GA,100,1,99,NC_000010.11,Mutation NB - Maternal Origin,Transition - Purine/Purine,Unsolved
132917575,rs11597534,AA,GG,AA,91,85,21,NC_000010.11,Mutation NB - Maternal Origin,Transition - Purine/Purine,G>A
133129000,.,CC,CC,CT,1,1,41,NC_000010.11,Mutation NB - Paternal or Maternal,Transition - Pyrimidine/Pyrimidine,Unsolved
133459959,rs731947,GG,CG,CC,52,1,0,NC_000010.11,Mutation NB - Paternal Origin,Transversion - Purine/Pyrimidine,G>C
133590854,rs7075572,TT,TT,TC,100,91,62,NC_000010.11,Mutation NB - Maternal Origin,Transition - Pyrimidine/Pyrimidine,Unsolved
782563,rs11246310,GG,CC,CC,100,73,9,NC_000011.10,Mutation NB - Paternal Origin,Transversion - Purine/Pyrimidine,G>C
1752906,rs8839,TT,TG,GG,100,1,36,NC_000011.10,Mutation NB - Paternal Origin,Transversion - Purine/Pyrimidine,T>G
2396663,rs14077,CC,CT,TT,10,1,9,NC_000011.10,Mutation NB - Paternal Origin,Transition - Pyrimidine/Pyrimidine,C>T
2534582,rs2074247,GG,AG,AA,34,1,18,NC_000011.10,Mutation NB - Paternal Origin,Transition - Purine/Purine,G>A
2534611,rs977405411,CC,CC,CT,34,1,65,NC_000011.10,Mutation NB - Maternal Origin,Transition - Pyrimidine/Pyrimidine,Unsolved
2535025,rs757086,CC,TC,TT,31,1,0,NC_000011.10,Mutation NB - Paternal Origin,Transition - Pyrimidine/Pyrimidine,C>T
3146775,.,TT,TT,TC,70,19,65,NC_000011.10,Mutation NB - Maternal Origin,Transition - Pyrimidine/Pyrimidine,Unsolved
4088182,rs1237812876,AA,AA,AG,46,34,33,NC_000011.10,Mutation NB - Maternal Origin,Transition - Purine/Purine,Unsolved
4190984,.,CC,CC,CT,34,40,68,NC_000011.10,Mutation NB - Paternal Origin,Transition - Pyrimidine/Pyrimidine,Unsolved
5598205,.,AA,AA,AG,40,1,41,NC_000011.10,Mutation NB - Maternal Origin,Transition - Purine/Purine,Unsolved
5727596,rs12284806,AA,TT,AA,61,73,9,NC_000011.10,Mutation NB - Maternal Origin,Transversion - Purine/Pyrimidine,T>A
6334987,rs1552514,TT,GT,GG,53,1,9,NC_000011.10,Mutation NB - Paternal Origin,Transversion - Purine/Pyrimidine,T>G
6472706,.,TT,TT,TC,28,22,59,NC_000011.10,Mutation NB - Maternal Origin,Transition - Pyrimidine/Pyrimidine,Unsolved
6545294,.,AA,AA,AG,76,22,56,NC_000011.10,Mutation NB - Maternal Origin,Transition - Purine/Purine,Unsolved
7353363,rs7933960,AA,GA,GG,37,1,9,NC_000011.10,Mutation NB - Paternal Origin,Transition - Purine/Purine,A>G
11301313,rs7112993,TC,TT,CC,1,25,15,NC_000011.10,Mutation NB - Maternal Origin,Transition - Pyrimidine/Pyrimidine,T>C
11477418,rs2403508,TT,GG,GG,91,67,27,NC_000011.10,Mutation NB - Paternal Origin,Transversion - Purine/Pyrimidine,T>G
11577064,rs11826522,CC,TT,TT,91,79,12,NC_000011.10,Mutation NB - Paternal Origin,Transition - Pyrimidine/Pyrimidine,C>T
12242593,rs880963,AC,AA,CC,1,79,9,NC_000011.10,Mutation NB - Maternal Origin,A>C
14061893,.,AA,AA,AG,55,43,53,NC_000011.10,Mutation NB - Maternal Origin,Transition - Purine/Purine,Unsolved
14693197,rs75626804,GG,GA,AA,82,1,24,NC_000011.10,Mutation NB - Paternal Origin,Transition - Purine/Purine,G>A
14938680,rs10832323,TC,TT,CC,1,25,9,NC_000011.10,Mutation NB - Maternal Origin,Transition - Pyrimidine/Pyrimidine,T>C
14938738,rs10766201,GC,GG,CC,1,25,9,NC_000011.10,Mutation NB - Maternal Origin,Transversion - Purine/Pyrimidine,G>C
15911961,.,CC,CC,CT,67,1,68,NC_000011.10,Mutation NB - Maternal Origin,Transition - Pyrimidine/Pyrimidine,Unsolved
17498150,rs2072232,CC,CG,GG,70,1,9,NC_000011.10,Mutation NB - Paternal Origin,Transversion - Purine/Pyrimidine,C>G
17638035,rs60504216,GG,GA,AA,55,1,12,NC_000011.10,Mutation NB - Paternal Origin,Transition - Purine/Purine,G>A
19972983,rs12786819,GG,GG,GT,100,1,99,NC_000011.10,Mutation NB - Maternal Origin,Transversion - Purine/Pyrimidine,Unsolved
19973084,rs1125498,AA,GG,AA,43,7,0,NC_000011.10,Mutation NB - Maternal Origin,Transition - Purine/Purine,G>A
23519247,rs12224604,CT,TT,CC,1,88,9,NC_000011.10,Mutation NB - Maternal Origin,Transition - Pyrimidine/Pyrimidine,T>C
23519292,rs10834125,CT,TT,CC,1,88,9,NC_000011.10,Mutation NB - Maternal Origin,Transition - Pyrimidine/Pyrimidine,T>C
24474959,rs9971537,TT,CC,CC,52,43,0,NC_000011.10,Mutation NB - Paternal Origin,Transition - Pyrimidine/Pyrimidine,T>C
26733063,.,AA,AA,AG,76,61,50,NC_000011.10,Mutation NB - Maternal Origin,Transition - Purine/Purine,Unsolved
27592078,.,TT,TT,TC,76,82,71,NC_000011.10,Mutation NB - Paternal Origin,Transition - Pyrimidine/Pyrimidine,Unsolved
32358975,rs7118294,TT,CC,CC,82,49,9,NC_000011.10,Mutation NB - Paternal Origin,Transition - Pyrimidine/Pyrimidine,T>C
32946567,.,TT,TT,TC,28,37,60,NC_000011.10,Mutation NB - Paternal Origin,Transition - Pyrimidine/Pyrimidine,Unsolved
34438994,rs1049982,CC,TT,TT,82,73,9,NC_000011.10,Mutation NB - Paternal Origin,Transition - Pyrimidine/Pyrimidine,C>T
36081678,rs1138807,AA,AG,GG,43,1,12,NC_000011.10,Mutation NB - Paternal Origin,Transition - Purine/Purine,A>G
39647636,rs546905307,CC,CC,CT,85,85,27,NC_000011.10,Mutation NB - Paternal or Maternal,Transition - Pyrimidine/Pyrimidine,Unsolved
40501462,rs7932464,TT,AA,AA,73,46,0,NC_000011.10,Mutation NB - Paternal Origin,Transversion - Purine/Pyrimidine,T>A
41957090,.,AA,AA,AG,85,88,65,NC_000011.10,Mutation NB - Paternal Origin,Transition - Purine/Purine,Unsolved
41968148,rs2203419,CC,CC,CT,91,100,33,NC_000011.10,Mutation NB - Paternal Origin,Transition - Pyrimidine/Pyrimidine,Unsolved
42881728,rs7125163,TT,CC,CC,19,1,0,NC_000011.10,Mutation NB - Paternal Origin,Transition - Pyrimidine/Pyrimidine,T>C
44877008,rs4755908,TT,CC,CC,52,25,0,NC_000011.10,Mutation NB - Paternal Origin,Transition - Pyrimidine/Pyrimidine,T>C
44946453,.,AA,AA,AT,43,1,59,NC_000011.10,Mutation NB - Maternal Origin,Transversion - Purine/Pyrimidine,Unsolved
45206423,rs731102,GA,GG,AA,1,76,12,NC_000011.10,Mutation NB - Maternal Origin,Transition - Purine/Purine,G>A
55172866,rs2571203,TC,CC,TT,1,85,9,NC_000011.10,Mutation NB - Maternal Origin,Transversion - Purine/Pyrimidine,C>T
55238309,rs2164122,GG,GG,GA,100,100,33,NC_000011.10,Mutation NB - Paternal or Maternal,Transition - Purine/Purine,Unsolved
56561213,rs10792042,GA,AA,GG,1,37,0,NC_000011.10,Mutation NB - Maternal Origin,Transition - Purine/Purine,A>G
57044635,.,TT,TT,TC,70,19,62,NC_000011.10,Mutation NB - Maternal Origin,Transition - Pyrimidine/Pyrimidine,Unsolved
57992464,rs7950003,CC,CC,CT,100,40,33,NC_000011.10,Mutation NB - Maternal Origin,Transition - Pyrimidine/Pyrimidine,Unsolved
58675077,rs478453,TT,CT,CC,52,1,0,NC_000011.10,Mutation NB - Paternal Origin,Transition - Pyrimidine/Pyrimidine,T>C
58675163,rs629839,CC,GC,GG,64,1,0,NC_000011.10,Mutation NB - Paternal Origin,Transversion - Purine/Pyrimidine,C>G
60498874,rs10792279,GG,TT,GG,61,10,9,NC_000011.10,Mutation NB - Maternal Origin,Transition - Purine/Purine,Transversion - Purine/Pyrimidine,T>G
61741309,.,CC,CC,CT,13,1,53,NC_000011.10,Mutation NB - Maternal Origin,Transition - Pyrimidine/Pyrimidine,Unsolved
62152413,.,AA,AA,AG,88,58,56,NC_000011.10,Mutation NB - Maternal Origin,Transition - Purine/Purine,Unsolved
62446286,rs7118247,CC,TT,TT,76,10,18,NC_000011.10,Mutation NB - Paternal Origin,Transition - Pyrimidine/Pyrimidine,C>T
62920179,.,CC,CC,CT,61,28,62,NC_000011.10,Mutation NB - Maternal Origin,Transition - Pyrimidine/Pyrimidine,Unsolved
63160679,.,AA,AA,AG,28,49,65,NC_000011.10,Mutation NB - Paternal Origin,Transition - Purine/Purine,Unsolved
64240559,.,AA,AA,AG,64,40,33,NC_000011.10,Mutation NB - Maternal Origin,Transition - Purine/Purine,Unsolved
64913347,rs618006,GA,AA,GG,1,19,0,NC_000011.10,Mutation NB - Maternal Origin,Transition - Purine/Purine,A>G
65470835,rs12360896,GG,TT,GG,61,49,9,NC_000011.10,Mutation NB - Maternal Origin,Transition - Purine/Purine,Transversion - Purine/Pyrimidine,T>G
66339230,rs1320675,AA,CA,CC,61,1,9,NC_000011.10,Mutation NB - Paternal Origin,Transversion - Purine/Pyrimidine,A>C
66339254,rs948360,CC,TT,TT,61,61,9,NC_000011.10,Mutation NB - Paternal Origin,Transition - Pyrimidine/Pyrimidine,C>T
67258714,.,GG,GG,GA,73,46,53,NC_000011.10,Mutation NB - Maternal Origin,Transition - Purine/Purine,Unsolved
68351407,rs114116313,AA,GG,AA,79,79,0,NC_000011.10,Mutation NB - Maternal Origin,Transition - Purine/Purine,G>A
68941341,rs1859740336,CC,CC,CT,73,55,65,NC_000011.10,Mutation NB - Maternal Origin,Transition - Pyrimidine/Pyrimidine,Unsolved
68941388,.,CC,CC,CA,73,55,68,NC_000011.10,Mutation NB - Maternal Origin,Transversion - Purine/Pyrimidine,Unsolved
68943323,.,TT,TT,TC,64,31,59,NC_000011.10,Mutation NB - Maternal Origin,Transition - Pyrimidine/Pyrimidine,Unsolved
69504711,rs78545943,TC,TT,CC,1,43,12,NC_000011.10,Mutation NB - Maternal Origin,Transition - Pyrimidine/Pyrimidine,T>C
70637529,.,AA,AA,AG,85,1,65,NC_000011.10,Mutation NB - Maternal Origin,Transition - Purine/Purine,Unsolved
70637537,rs536637,CC,GG,GG,85,1,18,NC_000011.10,Mutation NB - Paternal Origin,Transversion - Purine/Pyrimidine,C>G
70760949,rs895208,TT,CC,CC,79,40,0,NC_000011.10,Mutation NB - Paternal Origin,Transition - Pyrimidine/Pyrimidine,T>C
71343641,rs1660852,TC,TT,CC,1,31,9,NC_000011.10,Mutation NB - Maternal Origin,Transition - Pyrimidine/Pyrimidine,T>C
71471543,rs1790340,TC,TT,CC,1,7,15,NC_000011.10,Mutation NB - Maternal Origin,Transition - Pyrimidine/Pyrimidine,T>C
71525882,rs4944080,TT,CC,CC,49,37,12,NC_000011.10,Mutation NB - Paternal Origin,Transition - Pyrimidine/Pyrimidine,T>C
72682899,rs7952279,TC,CC,TT,1,1,0,NC_000011.10,Mutation NB - Maternal Origin,Transversion - Purine/Pyrimidine,C>T
72690333,.,TT,TT,TC,67,10,53,NC_000011.10,Mutation NB - Maternal Origin,Transition - Pyrimidine/Pyrimidine,Unsolved
72701503,rs11235573,TC,CC,TT,1,1,0,NC_000011.10,Mutation NB - Maternal Origin,Transversion - Purine/Pyrimidine,C>T
75421673,rs1948447607,AA,AA,AG,49,19,59,NC_000011.10,Mutation NB - Maternal Origin,Transition - Purine/Purine,Unsolved
75556338,.,TT,TT,TA,76,70,33,NC_000011.10,Mutation NB - Maternal Origin,Transition - Pyrimidine/Pyrimidine,Transversion - Purine/Pyrimidine,Unsolved
75611477,.,AA,AA,AG,55,19,44,NC_000011.10,Mutation NB - Maternal Origin,Transition - Purine/Purine,Unsolved
78045380,.,TT,TT,TC,85,67,33,NC_000011.10,Mutation NB - Maternal Origin,Transition - Pyrimidine/Pyrimidine,Unsolved
82720480,rs1790716,GA,AA,GG,1,37,0,NC_000011.10,Mutation NB - Maternal Origin,Transition - Purine/Purine,A>G
83808957,rs1214625709,TT,TT,TC,73,40,63,NC_000011.10,Mutation NB - Maternal Origin,Transition - Pyrimidine/Pyrimidine,Unsolved
84246195,.,AA,AA,AG,40,46,62,NC_000011.10,Mutation NB - Paternal Origin,Transition - Purine/Purine,Unsolved
86261503,rs1186847687,GG,GG,GA,52,37,68,NC_000011.10,Mutation NB - Maternal Origin,Transition - Purine/Purine,Unsolved
90493680,rs1944057,CC,TT,TT,64,31,0,NC_000011.10,Mutation NB - Paternal Origin,Transition - Pyrimidine/Pyrimidine,C>T
92014836,rs1861395257,AA,AA,AG,91,70,55,NC_000011.10,Mutation NB - Maternal Origin,Transition - Purine/Purine,Unsolved
92550473,.,AA,AA,AG,85,61,71,NC_000011.10,Mutation NB - Maternal Origin,Transition - Purine/Purine,Unsolved
94359369,rs12795443,CC,TT,CC,100,64,9,NC_000011.10,Mutation NB - Maternal Origin,Transition - Pyrimidine/Pyrimidine,T>C
94618722,rs584426,AT,TT,AA,38,52,0,NC_000011.10,Mutation NB - Maternal Origin,Transversion - Purine/Pyrimidine,T>A
97610672,rs7944193,AA,GG,GG,76,43,0,NC_000011.10,Mutation NB - Paternal Origin,Transition - Purine/Purine,A>G
97752545,rs7120236,CA,CC,AA,1,82,9,NC_000011.10,Mutation NB - Maternal Origin,Transversion - Purine/Pyrimidine,C>A
99142812,rs11218540,AC,CC,AA,1,1,0,NC_000011.10,Mutation NB - Maternal Origin,Transversion - Purine/Pyrimidine,C>A
99424693,.,TT,TT,TC,1,19,55,NC_000011.10,Mutation NB - Paternal Origin,Transition - Pyrimidine/Pyrimidine,Unsolved
99676624,rs626566,TT,CC,CC,91,88,0,NC_000011.10,Mutation NB - Paternal Origin,Transition - Pyrimidine/Pyrimidine,T>C
102568869,rs10750648,AA,GG,AA,82,100,30,NC_000011.10,Mutation NB - Maternal Origin,Transition - Purine/Purine,G>A
103596361,rs17467265,TC,TT,CC,1,13,9,NC_000011.10,Mutation NB - Maternal Origin,Transition - Pyrimidine/Pyrimidine,T>C
108207130,rs11605442,AA,GA,GG,52,1,0,NC_000011.10,Mutation NB - Paternal Origin,Transition - Purine/Purine,A>G
111731011,.,AA,AA,AG,37,1,44,NC_000011.10,Mutation NB - Maternal Origin,Transition - Purine/Purine,Unsolved
113291122,.,AA,AA,AG,37,76,33,NC_000011.10,Mutation NB - Paternal Origin,Transition - Purine/Purine,Unsolved
114087670,rs1054544848,AA,AA,AG,70,46,56,NC_000011.10,Mutation NB - Maternal Origin,Transition - Purine/Purine,Unsolved
116930371,.,TT,TT,TC,58,57,99,NC_000011.10,Mutation NB - Maternal Origin,Transition - Pyrimidine/Pyrimidine,Unsolved
117507401,rs2155394,AA,GG,AA,76,64,9,NC_000011.10,Mutation NB - Maternal Origin,Transition - Purine/Purine,G>A
117561319,rs1893970,CC,CT,TT,55,1,9,NC_000011.10,Mutation NB - Paternal Origin,Transition - Pyrimidine/Pyrimidine,C>T
117589408,rs634406,GG,CG,CC,91,1,0,NC_000011.10,Mutation NB - Paternal Origin,Transversion - Purine/Pyrimidine,G>C
118961017,rs10892315,TC,TT,TG,1,1,56,NC_000011.10,Mutation NB - Paternal or Maternal,Transversion - Purine/Pyrimidine,Unsolved
119714971,rs7931316,TT,CC,TT,76,100,9,NC_000011.10,Mutation NB - Maternal Origin,Transition - Pyrimidine/Pyrimidine,C>T
120600158,rs4936526,GG,AG,AA,52,1,18,NC_000011.10,Mutation NB - Paternal Origin,Transition - Purine/Purine,G>A
122779487,rs200801128,TT,TC,CC,43,1,12,NC_000011.10,Mutation NB - Paternal Origin,Transition - Pyrimidine/Pyrimidine,T>C
124076319,rs60434717,GT,GG,TT,1,1,9,NC_000011.10,Mutation NB - Maternal Origin,Transversion - Purine/Pyrimidine,G>T
124673419,rs11824316,GG,AA,GG,40,28,9,NC_000011.10,Mutation NB - Maternal Origin,Transition - Purine/Purine,A>G
124821278,.,AA,AA,AG,70,40,41,NC_000011.10,Mutation NB - Maternal Origin,Transition - Purine/Purine,Unsolved
124873762,rs1946311384,CC,CC,CT,4,1,47,NC_000011.10,Mutation NB - Maternal Origin,Transition - Pyrimidine/Pyrimidine,Unsolved
126263313,rs9106,CA,CC,AA,1,61,12,NC_000011.10,Mutation NB - Maternal Origin,Transversion - Purine/Pyrimidine,C>A
127072692,rs1370682199,AA,AA,AG,79,58,44,NC_000011.10,Mutation NB - Maternal Origin,Transition - Purine/Purine,Unsolved
128653282,rs35261499,TT,TA,AA,64,1,12,NC_000011.10,Mutation NB - Paternal Origin,Transversion - Purine/Pyrimidine,T>A
128935060,rs2186833,TT,CC,TT,61,58,9,NC_000011.10,Mutation NB - Maternal Origin,Transition - Pyrimidine/Pyrimidine,C>T
131572807,rs318951,TT,CC,TT,34,1,0,NC_000011.10,Mutation NB - Maternal Origin,Transition - Pyrimidine/Pyrimidine,C>T
132943653,rs72653405,CC,CT,TT,82,1,12,NC_000011.10,Mutation NB - Paternal Origin,Transition - Pyrimidine/Pyrimidine,C>T
133075456,.,GG,GG,GA,1,1,62,NC_000011.10,Mutation NB - Paternal or Maternal,Transition - Purine/Purine,Unsolved
133075474,.,GG,GG,GC,58,1,58,NC_000011.10,Mutation NB - Maternal Origin,Transition - Purine/Purine,Transversion - Purine/Pyrimidine,Unsolved
133705405,rs4245123,TT,CC,CC,55,82,9,NC_000011.10,Mutation NB - Paternal Origin,Transition - Pyrimidine/Pyrimidine,T>C
133842078,.,AA,AA,AG,34,1,44,NC_000011.10,Mutation NB - Maternal Origin,Transition - Purine/Purine,Unsolved
134981172,rs1965275,TT,GG,TT,28,1,12,NC_000011.10,Mutation NB - Maternal Origin,Transversion - Purine/Pyrimidine,G>T
565885,rs751824603,GG,GG,GA,1,1,83,NC_000012.12,Mutation NB - Paternal or Maternal,Transition - Purine/Purine,Unsolved
1198198,rs6489269,AA,GA,GG,76,1,15,NC_000012.12,Mutation NB - Paternal Origin,Transition - Purine/Purine,A>G
2781300,.,TT,TT,TC,64,46,53,NC_000012.12,Mutation NB - Maternal Origin,Transition - Pyrimidine/Pyrimidine,Unsolved
3457164,rs61014454,AA,GG,GG,91,82,9,NC_000012.12,Mutation NB - Paternal Origin,Transition - Purine/Purine,A>G
3510580,rs7962552,AA,CA,CC,88,1,9,NC_000012.12,Mutation NB - Paternal Origin,Transversion - Purine/Pyrimidine,A>C
3677530,rs242029,GG,AA,AA,10,25,15,NC_000012.12,Mutation NB - Paternal Origin,Transition - Purine/Purine,G>A
3677549,rs242028,AA,GG,GG,10,28,15,NC_000012.12,Mutation NB - Paternal Origin,Transition - Purine/Purine,A>G
3694400,rs12422231,TT,TC,CC,85,32,9,NC_000012.12,Mutation NB - Paternal Origin,Transition - Pyrimidine/Pyrimidine,T>C
6451407,rs1059501,GG,GT,TT,19,1,18,NC_000012.12,Mutation NB - Paternal Origin,Transversion - Purine/Pyrimidine,G>T
9674186,rs4763264,CC,GG,CC,19,43,12,NC_000012.12,Mutation NB - Maternal Origin,Transversion - Purine/Pyrimidine,G>C
10537557,rs113054018,CC,TT,CC,22,16,0,NC_000012.12,Mutation NB - Maternal Origin,Transition - Pyrimidine/Pyrimidine,T>C
10698363,rs877963,TT,GG,TT,82,91,0,NC_000012.12,Mutation NB - Maternal Origin,Transversion - Purine/Pyrimidine,G>T
11891814,.,AA,AA,AG,58,43,62,NC_000012.12,Mutation NB - Maternal Origin,Transition - Purine/Purine,Unsolved
19763679,rs4762925,CC,GG,CC,64,25,0,NC_000012.12,Mutation NB - Maternal Origin,Transversion - Purine/Pyrimidine,G>C
24903131,rs11047699,TT,GG,GG,40,67,9,NC_000012.12,Mutation NB - Paternal Origin,Transversion - Purine/Pyrimidine,T>G
30278608,.,TT,TT,TA,82,82,79,NC_000012.12,Mutation NB - Paternal or Maternal,Transition - Pyrimidine/Pyrimidine,Transversion - Purine/Pyrimidine,Unsolved
30863628,rs256708,CT,CC,TT,67,100,9,NC_000012.12,Mutation NB - Maternal Origin,Transversion - Purine/Pyrimidine,C>T
31002138,rs35062,CC,TC,TT,70,1,18,NC_000012.12,Mutation NB - Paternal Origin,Transition - Pyrimidine/Pyrimidine,C>T
31927468,rs2594068,CC,CT,TT,100,1,9,NC_000012.12,Mutation NB - Paternal Origin,Transition - Pyrimidine/Pyrimidine,C>T
31927478,rs2799972,AA,AG,GG,100,1,9,NC_000012.12,Mutation NB - Paternal Origin,Transition - Purine/Purine,A>G
31927668,rs1797809,AG,AA,GG,38,100,9,NC_000012.12,Mutation NB - Maternal Origin,Transition - Purine/Purine,A>G
33199841,.,TT,TT,TC,85,61,30,NC_000012.12,Mutation NB - Maternal Origin,Transition - Pyrimidine/Pyrimidine,Unsolved
33240774,rs11835508,CC,TT,CC,91,55,15,NC_000012.12,Mutation NB - Maternal Origin,Transition - Pyrimidine/Pyrimidine,T>C
34222685,rs6488211,AT,AA,TT,1,43,9,NC_000012.12,Mutation NB - Maternal Origin,Transversion - Purine/Pyrimidine,A>T
40620889,rs59873123,CC,TT,CC,31,67,0,NC_000012.12,Mutation NB - Maternal Origin,Transition - Pyrimidine/Pyrimidine,T>C
42173253,rs17091018,GG,AA,GG,73,40,0,NC_000012.12,Mutation NB - Maternal Origin,Transition - Purine/Purine,A>G
42588382,.,TT,TT,TC,37,1,53,NC_000012.12,Mutation NB - Maternal Origin,Transition - Pyrimidine/Pyrimidine,Unsolved
44037016,.,AA,AA,AG,67,28,71,NC_000012.12,Mutation NB - Maternal Origin,Transition - Purine/Purine,Unsolved
46018312,rs4768675,CC,CG,GG,28,1,12,NC_000012.12,Mutation NB - Paternal Origin,Transversion - Purine/Pyrimidine,C>G
46048582,rs7301249,CC,TC,TT,82,1,0,NC_000012.12,Mutation NB - Paternal Origin,Transition - Pyrimidine/Pyrimidine,C>T
46669744,rs553116983,GG,AA,AA,85,70,27,NC_000012.12,Mutation NB - Paternal Origin,Transition - Purine/Purine,G>A
47929119,rs1946805764,AA,AA,AG,16,1,51,NC_000012.12,Mutation NB - Maternal Origin,Transition - Purine/Purine,Unsolved
51912437,rs2277382,CC,TT,CC,16,28,0,NC_000012.12,Mutation NB - Maternal Origin,Transition - Pyrimidine/Pyrimidine,T>C
52318565,rs2857664,AA,GG,AA,85,46,15,NC_000012.12,Mutation NB - Maternal Origin,Transition - Purine/Purine,G>A
52377592,rs1732283,CC,CC,AA,70,100,9,NC_000012.12,Mutation NB - Paternal Origin,Transversion - Purine/Pyrimidine,Unsolved
52380498,rs1455303405,AA,AA,AG,43,55,65,NC_000012.12,Mutation NB - Paternal Origin,Transition - Purine/Purine,Unsolved
52533092,rs688861,TT,CC,TT,70,88,12,NC_000012.12,Mutation NB - Maternal Origin,Transition - Pyrimidine/Pyrimidine,C>T
53212395,rs1202707522,AA,AA,AG,73,52,50,NC_000012.12,Mutation NB - Maternal Origin,Transition - Purine/Purine,Unsolved
55695493,rs1199891016,CC,AA,AA,74,45,0,NC_000012.12,Mutation NB - Paternal Origin,Transversion - Purine/Pyrimidine,C>A
56055651,rs7302200,AA,GG,GG,79,58,0,NC_000012.12,Mutation NB - Paternal Origin,Transition - Purine/Purine,A>G
61317502,rs118027679,TT,TG,GG,79,1,21,NC_000012.12,Mutation NB - Paternal Origin,Transversion - Purine/Pyrimidine,T>G
64671389,rs1716506,TT,CT,CC,46,1,9,NC_000012.12,Mutation NB - Paternal Origin,Transition - Pyrimidine/Pyrimidine,T>C
64671411,rs1268914,CC,TC,TT,46,1,9,NC_000012.12,Mutation NB - Paternal Origin,Transition - Pyrimidine/Pyrimidine,C>T
70400406,rs710651,GG,AA,GG,91,91,9,NC_000012.12,Mutation NB - Maternal Origin,Transition - Purine/Purine,A>G
76080158,rs4831916,GG,AG,AA,43,1,12,NC_000012.12,Mutation NB - Paternal Origin,Transition - Purine/Purine,G>A
84828885,rs6539863,TT,CC,CC,100,43,51,NC_000012.12,Mutation NB - Paternal Origin,Transition - Pyrimidine/Pyrimidine,T>C
92217656,rs709214,GG,AA,GG,64,46,0,NC_000012.12,Mutation NB - Maternal Origin,Transition - Purine/Purine,A>G
93082026,rs11106843,CT,TT,CC,1,1,0,NC_000012.12,Mutation NB - Maternal Origin,Transition - Pyrimidine/Pyrimidine,T>C
94922784,rs1863554,TT,CC,TT,70,25,0,NC_000012.12,Mutation NB - Maternal Origin,Transition - Pyrimidine/Pyrimidine,C>T
96516440,rs7980971,TT,AA,AA,70,52,36,NC_000012.12,Mutation NB - Paternal Origin,Transversion - Purine/Pyrimidine,T>A
96835722,rs1420651,GG,GG,GT,100,49,64,NC_000012.12,Mutation NB - Maternal Origin,Transversion - Purine/Pyrimidine,Unsolved
102596269,rs10860889,TT,CC,CC,82,19,0,NC_000012.12,Mutation NB - Paternal Origin,Transition - Pyrimidine/Pyrimidine,T>C
103489624,rs139009836,AA,CC,CC,97,1,12,NC_000012.12,Mutation NB - Paternal Origin,Transversion - Purine/Pyrimidine,A>C
104485495,rs2103391,AG,GG,AA,1,13,15,NC_000012.12,Mutation NB - Maternal Origin,Transition - Purine/Purine,G>A
104780523,rs2245929,TT,CC,TT,67,43,18,NC_000012.12,Mutation NB - Maternal Origin,Transition - Pyrimidine/Pyrimidine,C>T
104780542,rs2245927,TT,CC,TT,67,43,18,NC_000012.12,Mutation NB - Maternal Origin,Transition - Pyrimidine/Pyrimidine,C>T
105360180,rs12425410,AA,AG,GG,28,1,9,NC_000012.12,Mutation NB - Paternal Origin,Transition - Purine/Purine,A>G
105444538,rs7972634,CC,GG,GG,28,4,0,NC_000012.12,Mutation NB - Paternal Origin,Transversion - Purine/Pyrimidine,C>G
107501013,rs7309401,GG,AA,AA,43,1,15,NC_000012.12,Mutation NB - Paternal Origin,Transition - Purine/Purine,G>A
107501074,rs7312153,AA,TT,AA,40,31,0,NC_000012.12,Mutation NB - Maternal Origin,Transversion - Purine/Pyrimidine,T>A
109742414,rs17616406,GG,GA,AA,88,32,9,NC_000012.12,Mutation NB - Paternal Origin,Transition - Purine/Purine,G>A
110024727,.,TT,TT,TC,85,52,44,NC_000012.12,Mutation NB - Maternal Origin,Transition - Pyrimidine/Pyrimidine,Unsolved
119094755,rs61938015,GG,GT,TT,100,1,9,NC_000012.12,Mutation NB - Paternal Origin,Transversion - Purine/Pyrimidine,G>T
119267437,.,AA,AA,AG,76,73,53,NC_000012.12,Mutation NB - Maternal Origin,Transition - Purine/Purine,Unsolved
119520325,.,TT,TT,TA,82,46,62,NC_000012.12,Mutation NB - Maternal Origin,Transition - Pyrimidine/Pyrimidine,Transversion - Purine/Pyrimidine,Unsolved
121725297,.,TT,TT,TC,64,49,57,NC_000012.12,Mutation NB - Maternal Origin,Transition - Pyrimidine/Pyrimidine,Unsolved
125325923,.,AA,AA,AG,58,52,65,NC_000012.12,Mutation NB - Maternal Origin,Transition - Purine/Purine,Unsolved
127223778,rs12582731,CT,CC,TT,1,1,11,NC_000012.12,Mutation NB - Maternal Origin,Transversion - Purine/Pyrimidine,C>T
128190416,rs7973154,GG,CG,CC,34,1,12,NC_000012.12,Mutation NB - Paternal Origin,Transversion - Purine/Pyrimidine,G>C
128588884,rs34853017,CC,AA,CC,64,10,0,NC_000012.12,Mutation NB - Maternal Origin,Transversion - Purine/Pyrimidine,A>C
129053480,.,TT,TT,TC,40,1,50,NC_000012.12,Mutation NB - Maternal Origin,Transition - Pyrimidine/Pyrimidine,Unsolved
129110186,rs1875643409,TT,TT,TC,55,1,41,NC_000012.12,Mutation NB - Maternal Origin,Transition - Pyrimidine/Pyrimidine,Unsolved
129889313,rs10773718,AA,GA,GG,16,1,0,NC_000012.12,Mutation NB - Paternal Origin,Transition - Purine/Purine,A>G
130007879,rs7135364,GG,GA,AA,49,1,12,NC_000012.12,Mutation NB - Paternal Origin,Transition - Purine/Purine,G>A
130185716,rs12821606,CC,CC,CG,67,85,99,NC_000012.12,Mutation NB - Paternal Origin,Transversion - Purine/Pyrimidine,Unsolved
131644672,rs1207692867,GG,GG,GA,22,1,83,NC_000012.12,Mutation NB - Maternal Origin,Transition - Purine/Purine,Unsolved
131846057,rs4964931,TT,GT,GG,40,14,0,NC_000012.12,Mutation NB - Paternal Origin,Transversion - Purine/Pyrimidine,T>G
132837665,rs72624274,CT,CC,TT,1,16,9,NC_000012.12,Mutation NB - Maternal Origin,Transversion - Purine/Pyrimidine,C>T
133026147,rs7297925,GG,GC,CC,82,5,9,NC_000012.12,Mutation NB - Paternal Origin,Transversion - Purine/Pyrimidine,G>C
19179170,rs17194733,AA,AA,AG,100,52,65,NC_000013.11,Mutation NB - Maternal Origin,Transition - Purine/Purine,Unsolved
20283031,rs9579826,CC,CC,CT,88,88,65,NC_000013.11,Mutation NB - Paternal or Maternal,Transition - Pyrimidine/Pyrimidine,Unsolved
21328421,rs9509648,CC,CC,CG,82,91,65,NC_000013.11,Mutation NB - Paternal Origin,Transversion - Purine/Pyrimidine,Unsolved
21818150,rs12431024,CC,TT,CC,88,88,9,NC_000013.11,Mutation NB - Maternal Origin,Transition - Pyrimidine/Pyrimidine,T>C
21899307,rs7993026,AG,AA,GG,1,7,9,NC_000013.11,Mutation NB - Maternal Origin,Transition - Purine/Purine,A>G
23690254,rs9510811,CC,CT,TT,1,1,12,NC_000013.11,Mutation NB - Paternal Origin,Transition - Pyrimidine/Pyrimidine,C>T
24169660,.,AA,AA,AG,10,1,53,NC_000013.11,Mutation NB - Maternal Origin,Transition - Purine/Purine,Unsolved
24169771,.,TT,TT,TC,55,37,44,NC_000013.11,Mutation NB - Maternal Origin,Transition - Pyrimidine/Pyrimidine,Unsolved
24606318,.,CC,CC,CT,13,10,56,NC_000013.11,Mutation NB - Maternal Origin,Transition - Pyrimidine/Pyrimidine,Unsolved
25900051,rs11149407,TT,GG,TT,91,82,9,NC_000013.11,Mutation NB - Maternal Origin,Transversion - Purine/Pyrimidine,G>T
26294358,rs9553784,AA,GG,AA,52,40,9,NC_000013.11,Mutation NB - Maternal Origin,Transition - Purine/Purine,G>A
27220565,rs9512585,CC,TT,TT,1,1,0,NC_000013.11,Mutation NB - Paternal Origin,Transition - Pyrimidine/Pyrimidine,C>T
27809952,.,CC,CC,CT,34,1,50,NC_000013.11,Mutation NB - Maternal Origin,Transition - Pyrimidine/Pyrimidine,Unsolved
29005128,rs3886761,CC,CC,TT,85,100,12,NC_000013.11,Mutation NB - Paternal Origin,Transition - Pyrimidine/Pyrimidine,Unsolved
32925013,rs9596541,TT,TG,GG,100,1,12,NC_000013.11,Mutation NB - Paternal Origin,Transversion - Purine/Pyrimidine,T>G
33024849,rs526906,GG,AA,GG,91,100,9,NC_000013.11,Mutation NB - Maternal Origin,Transition - Purine/Purine,A>G
36726412,.,TT,TT,TC,49,46,60,NC_000013.11,Mutation NB - Maternal Origin,Transition - Pyrimidine/Pyrimidine,Unsolved
37070446,rs1199985,CC,CT,TT,61,1,9,NC_000013.11,Mutation NB - Paternal Origin,Transition - Pyrimidine/Pyrimidine,C>T
37341345,rs7998811,GG,GT,TT,58,1,12,NC_000013.11,Mutation NB - Paternal Origin,Transversion - Purine/Pyrimidine,G>T
41107572,.,AA,AA,AG,61,55,45,NC_000013.11,Mutation NB - Maternal Origin,Transition - Purine/Purine,Unsolved
42334214,rs9566964,GA,GG,AA,1,1,27,NC_000013.11,Mutation NB - Maternal Origin,Transition - Purine/Purine,G>A
45321304,rs9534101,TT,GT,GG,91,1,9,NC_000013.11,Mutation NB - Paternal Origin,Transversion - Purine/Pyrimidine,T>G
45915170,rs2573278,TT,CC,CC,100,1,12,NC_000013.11,Mutation NB - Paternal Origin,Transition - Pyrimidine/Pyrimidine,T>C
47896382,.,AA,AA,AG,46,73,65,NC_000013.11,Mutation NB - Paternal Origin,Transition - Purine/Purine,Unsolved
49470845,rs7994566,GG,AA,AA,79,79,0,NC_000013.11,Mutation NB - Paternal Origin,Transition - Purine/Purine,G>A
49540845,rs2296502,TT,AA,TT,76,82,0,NC_000013.11,Mutation NB - Maternal Origin,Transversion - Purine/Pyrimidine,A>T
49694029,.,TT,TT,TC,76,100,38,NC_000013.11,Mutation NB - Paternal Origin,Transition - Pyrimidine/Pyrimidine,Unsolved
52840352,rs58804053,CT,TT,CC,1,85,0,NC_000013.11,Mutation NB - Maternal Origin,Transition - Pyrimidine/Pyrimidine,T>C
66482436,.,AA,AA,AG,61,4,59,NC_000013.11,Mutation NB - Maternal Origin,Transition - Purine/Purine,Unsolved
75507387,rs7998240,TT,TT,CT,67,7,3,NC_000013.11,Mutation NB - Maternal Origin,Transition - Pyrimidine/Pyrimidine,Unsolved
79736292,.,AA,AA,AG,91,37,50,NC_000013.11,Mutation NB - Maternal Origin,Transition - Purine/Purine,Unsolved
92975107,rs77817120,CC,CT,TT,43,1,12,NC_000013.11,Mutation NB - Paternal Origin,Transition - Pyrimidine/Pyrimidine,C>T
95493114,rs9302075,GT,GG,TT,1,34,18,NC_000013.11,Mutation NB - Maternal Origin,Transversion - Purine/Pyrimidine,G>T
97819883,rs870174,AA,GG,AA,76,40,12,NC_000013.11,Mutation NB - Maternal Origin,Transition - Purine/Purine,G>A
98888246,rs2274643,AA,GG,AA,76,67,0,NC_000013.11,Mutation NB - Maternal Origin,Transition - Purine/Purine,G>A
101400397,.,TT,TT,TC,82,49,56,NC_000013.11,Mutation NB - Maternal Origin,Transition - Pyrimidine/Pyrimidine,Unsolved
107059881,rs4771549,CA,CC,AA,1,70,12,NC_000013.11,Mutation NB - Maternal Origin,Transversion - Purine/Pyrimidine,C>A
109405124,rs61700846,CC,AC,AA,82,1,0,NC_000013.11,Mutation NB - Paternal Origin,Transversion - Purine/Pyrimidine,C>A
110170993,rs9588107,GG,AA,AA,55,43,9,NC_000013.11,Mutation NB - Paternal Origin,Transition - Purine/Purine,G>A
111441195,rs1184475,CC,TT,TT,82,79,12,NC_000013.11,Mutation NB - Paternal Origin,Transition - Pyrimidine/Pyrimidine,C>T
20386443,.,AA,AA,AG,49,19,58,NC_000014.9,Mutation NB - Maternal Origin,Transition - Purine/Purine,Unsolved
22474350,.,TT,TT,TC,46,37,56,NC_000014.9,Mutation NB - Maternal Origin,Transition - Pyrimidine/Pyrimidine,Unsolved
23630069,.,TT,TT,TC,58,25,47,NC_000014.9,Mutation NB - Maternal Origin,Transition - Pyrimidine/Pyrimidine,Unsolved
24416530,.,TT,TT,TC,31,1,53,NC_000014.9,Mutation NB - Maternal Origin,Transition - Pyrimidine/Pyrimidine,Unsolved
25184183,rs6574225,TT,CC,TT,37,19,0,NC_000014.9,Mutation NB - Maternal Origin,Transition - Pyrimidine/Pyrimidine,C>T
26308937,rs4290410,GG,AA,AA,88,67,24,NC_000014.9,Mutation NB - Paternal Origin,Transition - Purine/Purine,G>A
38837208,.,AA,AA,AG,10,43,53,NC_000014.9,Mutation NB - Paternal Origin,Transition - Purine/Purine,Unsolved
40216531,.,TT,TT,TC,40,1,41,NC_000014.9,Mutation NB - Maternal Origin,Transition - Pyrimidine/Pyrimidine,Unsolved
43059438,rs1954379,AA,CA,CC,40,1,0,NC_000014.9,Mutation NB - Paternal Origin,Transversion - Purine/Pyrimidine,A>C
50378595,rs7151072,AA,TT,AA,91,91,3,NC_000014.9,Mutation NB - Maternal Origin,Transversion - Purine/Pyrimidine,T>A
51210951,.,TC,TT,CC,11,52,12,NC_000014.9,Mutation NB - Maternal Origin,Transition - Pyrimidine/Pyrimidine,T>C
51575511,rs7151351,AA,AA,GA,76,70,30,NC_000014.9,Mutation NB - Maternal Origin,Transition - Purine/Purine,Unsolved
52016050,rs1151582,CT,CC,TT,1,25,9,NC_000014.9,Mutation NB - Maternal Origin,Transversion - Purine/Pyrimidine,C>T
53410189,rs11629147,GG,CG,CC,88,14,0,NC_000014.9,Mutation NB - Paternal Origin,Transversion - Purine/Pyrimidine,G>C
55395194,rs17128440,TT,CC,CC,64,55,9,NC_000014.9,Mutation NB - Paternal Origin,Transition - Pyrimidine/Pyrimidine,T>C
57364519,rs1953375,AA,GA,GG,67,1,9,NC_000014.9,Mutation NB - Paternal Origin,Transition - Purine/Purine,A>G
57853120,rs763933,CC,TT,CC,52,22,12,NC_000014.9,Mutation NB - Maternal Origin,Transition - Pyrimidine/Pyrimidine,T>C
62637206,rs146712310,AT,AA,TT,1,64,9,NC_000014.9,Mutation NB - Maternal Origin,Transversion - Purine/Pyrimidine,A>T
64693866,rs179336,CC,CT,TT,49,1,15,NC_000014.9,Mutation NB - Paternal Origin,Transition - Pyrimidine/Pyrimidine,C>T
64937260,rs10132858,AA,AG,GG,76,1,15,NC_000014.9,Mutation NB - Paternal Origin,Transition - Purine/Purine,A>G
65042840,rs1408337712,AA,AA,AG,64,70,71,NC_000014.9,Mutation NB - Paternal Origin,Transition - Purine/Purine,Unsolved
66333524,rs9652288,AA,AT,TT,88,91,18,NC_000014.9,Mutation NB - Paternal Origin,Transversion - Purine/Pyrimidine,A>T
66621885,rs7144019,CC,CG,GG,64,1,12,NC_000014.9,Mutation NB - Paternal Origin,Transversion - Purine/Pyrimidine,C>G
67455455,rs7141076,AA,GG,AA,67,1,0,NC_000014.9,Mutation NB - Maternal Origin,Transition - Purine/Purine,G>A
68629130,rs2145154,GG,GA,AA,70,1,9,NC_000014.9,Mutation NB - Paternal Origin,Transition - Purine/Purine,G>A
69573164,rs4902734,GG,CG,CC,16,1,15,NC_000014.9,Mutation NB - Paternal Origin,Transversion - Purine/Pyrimidine,G>C
70399603,rs2332372,GG,AG,AA,49,1,0,NC_000014.9,Mutation NB - Paternal Origin,Transition - Purine/Purine,G>A
71231899,rs7156194,AA,CC,CC,26,13,18,NC_000014.9,Mutation NB - Paternal Origin,Transversion - Purine/Pyrimidine,A>C
72514012,rs2096910554,AA,AA,AG,61,67,33,NC_000014.9,Mutation NB - Paternal Origin,Transition - Purine/Purine,Unsolved
73738945,.,AA,AA,AC,25,28,53,NC_000014.9,Mutation NB - Paternal Origin,Transversion - Purine/Pyrimidine,Unsolved
74469030,.,CC,CC,CA,61,1,49,NC_000014.9,Mutation NB - Maternal Origin,Transversion - Purine/Pyrimidine,Unsolved
74572138,rs10150950,GG,AA,AA,52,37,0,NC_000014.9,Mutation NB - Paternal Origin,Transition - Purine/Purine,G>A
77083409,.,TT,TT,TC,88,55,62,NC_000014.9,Mutation NB - Maternal Origin,Transition - Pyrimidine/Pyrimidine,Unsolved
78673138,.,AA,AA,AG,52,37,50,NC_000014.9,Mutation NB - Maternal Origin,Transition - Purine/Purine,Unsolved
79437641,rs2003615,AA,GG,AA,25,7,0,NC_000014.9,Mutation NB - Maternal Origin,Transition - Purine/Purine,G>A
79437650,rs2003616,GG,TT,GG,25,7,0,NC_000014.9,Mutation NB - Maternal Origin,Transition - Purine/Purine,Transversion - Purine/Pyrimidine,T>G
84470800,rs76133328,TT,TC,CC,85,1,9,NC_000014.9,Mutation NB - Paternal Origin,Transition - Pyrimidine/Pyrimidine,T>C
90199403,rs115571195,GG,GC,CC,61,1,9,NC_000014.9,Mutation NB - Paternal Origin,Transversion - Purine/Pyrimidine,G>C
90570027,.,TT,TT,TC,25,58,61,NC_000014.9,Mutation NB - Paternal Origin,Transition - Pyrimidine/Pyrimidine,Unsolved
90570086,rs915843663,AA,AA,AG,25,55,65,NC_000014.9,Mutation NB - Paternal Origin,Transition - Purine/Purine,Unsolved
90579001,.,TT,TT,TC,67,55,33,NC_000014.9,Mutation NB - Maternal Origin,Transition - Pyrimidine/Pyrimidine,Unsolved
92263343,rs941800,TT,TT,CT,76,49,52,NC_000014.9,Mutation NB - Maternal Origin,Transition - Pyrimidine/Pyrimidine,Unsolved
95024751,rs8021127,AA,AG,GG,73,1,9,NC_000014.9,Mutation NB - Paternal Origin,Transition - Purine/Purine,A>G
95379069,.,TT,TT,TC,58,31,62,NC_000014.9,Mutation NB - Maternal Origin,Transition - Pyrimidine/Pyrimidine,Unsolved
97250995,rs2887697,GG,GG,CC,91,100,15,NC_000014.9,Mutation NB - Paternal Origin,Transversion - Purine/Pyrimidine,Unsolved
97857915,rs12878655,AA,GG,GG,37,52,0,NC_000014.9,Mutation NB - Paternal Origin,Transition - Purine/Purine,A>G
98610680,rs12895937,GA,AA,GG,32,79,12,NC_000014.9,Mutation NB - Maternal Origin,Transition - Purine/Purine,A>G
98610702,rs12895564,AG,GG,AA,32,79,12,NC_000014.9,Mutation NB - Maternal Origin,Transition - Purine/Purine,G>A
99284930,rs2664304,CC,CT,TT,100,1,9,NC_000014.9,Mutation NB - Paternal Origin,Transition - Pyrimidine/Pyrimidine,C>T
99518747,.,CC,CC,CT,64,1,59,NC_000014.9,Mutation NB - Maternal Origin,Transition - Pyrimidine/Pyrimidine,Unsolved
99534042,rs10873505,AG,AA,GG,35,28,9,NC_000014.9,Mutation NB - Maternal Origin,Transition - Purine/Purine,A>G
101558821,rs8011440,TT,CT,CC,61,1,0,NC_000014.9,Mutation NB - Paternal Origin,Transition - Pyrimidine/Pyrimidine,T>C
102430672,rs1190540,GG,AA,AA,64,77,0,NC_000014.9,Mutation NB - Paternal Origin,Transition - Purine/Purine,G>A
102879130,rs10149939,GG,AA,AA,55,52,9,NC_000014.9,Mutation NB - Paternal Origin,Transition - Purine/Purine,G>A
102931826,.,CC,CC,CA,49,49,46,NC_000014.9,Mutation NB - Paternal or Maternal,Transversion - Purine/Pyrimidine,Unsolved
105137507,rs2816671,AT,TT,AA,4,46,0,NC_000014.9,Mutation NB - Maternal Origin,Transversion - Purine/Pyrimidine,T>A
105207742,.,CC,CC,CA,91,70,56,NC_000014.9,Mutation NB - Maternal Origin,Transversion - Purine/Pyrimidine,Unsolved
105256576,rs118005222,GG,AA,GG,91,55,12,NC_000014.9,Mutation NB - Maternal Origin,Transition - Purine/Purine,A>G
105439736,rs8021311,CT,TT,CC,1,34,0,NC_000014.9,Mutation NB - Maternal Origin,Transition - Pyrimidine/Pyrimidine,T>C
25216960,.,GG,GG,GA,46,1,65,NC_000015.10,Mutation NB - Maternal Origin,Transition - Purine/Purine,Unsolved
26261079,rs2715580,AA,CC,AA,76,79,0,NC_000015.10,Mutation NB - Maternal Origin,Transversion - Purine/Pyrimidine,C>A
27027994,rs28644382,GG,GA,AA,73,1,12,NC_000015.10,Mutation NB - Paternal Origin,Transition - Purine/Purine,G>A
38742713,rs2958285,AA,GA,GG,55,1,0,NC_000015.10,Mutation NB - Paternal Origin,Transition - Purine/Purine,A>G
39953599,rs16970033,GA,GG,AA,1,19,9,NC_000015.10,Mutation NB - Maternal Origin,Transition - Purine/Purine,G>A
40266281,rs3743135,AA,AA,AG,88,100,33,NC_000015.10,Mutation NB - Paternal Origin,Transition - Purine/Purine,Unsolved
40677024,rs7176221,CG,GG,CC,1,46,15,NC_000015.10,Mutation NB - Maternal Origin,Transversion - Purine/Pyrimidine,G>C
40908434,rs1210271902,GG,GG,GA,22,4,33,NC_000015.10,Mutation NB - Maternal Origin,Transition - Purine/Purine,Unsolved
41840698,rs1122884,CT,TT,CC,1,25,18,NC_000015.10,Mutation NB - Maternal Origin,Transition - Pyrimidine/Pyrimidine,T>C
41867092,rs2290553,CC,TT,TT,40,37,18,NC_000015.10,Mutation NB - Paternal Origin,Transition - Pyrimidine/Pyrimidine,C>T
45760192,rs11632150,GG,AA,GG,46,34,0,NC_000015.10,Mutation NB - Maternal Origin,Transition - Purine/Purine,A>G
59225430,rs28601756,TT,TG,GG,79,1,9,NC_000015.10,Mutation NB - Paternal Origin,Transversion - Purine/Pyrimidine,T>G
61701104,rs13380413,TT,GG,TT,91,91,12,NC_000015.10,Mutation NB - Maternal Origin,Transversion - Purine/Pyrimidine,G>T
62243312,.,CC,CC,CT,1,1,50,NC_000015.10,Mutation NB - Paternal or Maternal,Transition - Pyrimidine/Pyrimidine,Unsolved
62820653,.,CC,CC,CT,52,1,33,NC_000015.10,Mutation NB - Maternal Origin,Transition - Pyrimidine/Pyrimidine,Unsolved
65327818,rs7174072,TT,CT,CC,85,1,0,NC_000015.10,Mutation NB - Paternal Origin,Transition - Pyrimidine/Pyrimidine,T>C
68885973,rs2958394,TT,CT,CC,67,1,9,NC_000015.10,Mutation NB - Paternal Origin,Transition - Pyrimidine/Pyrimidine,T>C
70916697,.,GG,GG,GA,1,55,71,NC_000015.10,Mutation NB - Paternal Origin,Transition - Purine/Purine,Unsolved
71409097,rs4421934,CC,CT,TT,88,1,24,NC_000015.10,Mutation NB - Paternal Origin,Transition - Pyrimidine/Pyrimidine,C>T
71409156,rs63259362,CC,CT,TT,79,1,7,NC_000015.10,Mutation NB - Paternal Origin,Transition - Pyrimidine/Pyrimidine,C>T
73487725,.,CC,CC,CT,82,58,67,NC_000015.10,Mutation NB - Maternal Origin,Transition - Pyrimidine/Pyrimidine,Unsolved
74836160,rs9210,CC,TC,TT,64,1,0,NC_000015.10,Mutation NB - Paternal Origin,Transition - Pyrimidine/Pyrimidine,C>T
75235203,.,TT,TT,TC,52,82,66,NC_000015.10,Mutation NB - Paternal Origin,Transition - Pyrimidine/Pyrimidine,Unsolved
75333866,rs58122506,GG,GA,AA,91,1,9,NC_000015.10,Mutation NB - Paternal Origin,Transition - Purine/Purine,G>A
76215611,rs4886781,TT,CT,CC,88,1,0,NC_000015.10,Mutation NB - Paternal Origin,Transition - Pyrimidine/Pyrimidine,T>C
77775291,rs7170398,TT,TT,CT,88,88,65,NC_000015.10,Mutation NB - Paternal or Maternal,Transition - Pyrimidine/Pyrimidine,Unsolved
77815324,rs11631822,GG,AG,AA,91,1,0,NC_000015.10,Mutation NB - Paternal Origin,Transition - Purine/Purine,G>A
77826282,rs7182697,TT,GT,GG,52,1,0,NC_000015.10,Mutation NB - Paternal Origin,Transversion - Purine/Pyrimidine,T>G
78082800,rs7174428,CC,CC,AA,91,49,9,NC_000015.10,Mutation NB - Maternal Origin,Transversion - Purine/Pyrimidine,Unsolved
78349516,.,GG,GG,GA,61,13,68,NC_000015.10,Mutation NB - Maternal Origin,Transition - Purine/Purine,Unsolved
79173208,.,CC,CC,CA,91,55,47,NC_000015.10,Mutation NB - Maternal Origin,Transversion - Purine/Pyrimidine,Unsolved
79751646,rs102807,AA,GG,AA,64,1,18,NC_000015.10,Mutation NB - Maternal Origin,Transition - Purine/Purine,G>A
80726246,rs7174250,TT,CC,TT,61,16,15,NC_000015.10,Mutation NB - Maternal Origin,Transition - Pyrimidine/Pyrimidine,C>T
81220122,rs4464041,AA,AA,AG,85,88,21,NC_000015.10,Mutation NB - Paternal Origin,Transition - Purine/Purine,Unsolved
81692111,rs7180569,GG,AA,GG,91,82,9,NC_000015.10,Mutation NB - Maternal Origin,Transition - Purine/Purine,A>G
84969536,rs4980353,GC,CC,GG,1,4,9,NC_000015.10,Mutation NB - Maternal Origin,Transversion - Purine/Pyrimidine,C>G
85071571,.,AA,AA,AG,88,76,68,NC_000015.10,Mutation NB - Maternal Origin,Transition - Purine/Purine,Unsolved
86554447,rs372153251,GG,GG,GT,97,1,44,NC_000015.10,Mutation NB - Maternal Origin,Transversion - Purine/Pyrimidine,Unsolved
87209783,.,AA,AA,AG,67,67,67,NC_000015.10,Mutation NB - Paternal or Maternal,Transition - Purine/Purine,Unsolved
88859365,rs698621,GG,TG,TT,22,1,0,NC_000015.10,Mutation NB - Paternal Origin,Transversion - Purine/Pyrimidine,G>T
89716914,rs7163367,AA,TT,TT,85,55,9,NC_000015.10,Mutation NB - Paternal Origin,Transversion - Purine/Pyrimidine,A>T
89829391,rs34549499,GA,AA,GG,1,73,0,NC_000015.10,Mutation NB - Maternal Origin,Transition - Purine/Purine,A>G
89873215,rs148453171,TT,CC,CC,79,49,9,NC_000015.10,Mutation NB - Paternal Origin,Transition - Pyrimidine/Pyrimidine,T>C
90125757,.,AA,AA,AG,52,40,68,NC_000015.10,Mutation NB - Maternal Origin,Transition - Purine/Purine,Unsolved
90885060,rs11539637,CC,TT,TT,4,4,9,NC_000015.10,Mutation NB - Paternal Origin,Transition - Pyrimidine/Pyrimidine,C>T
92876937,rs60753138,GG,AA,GG,82,100,33,NC_000015.10,Mutation NB - Maternal Origin,Transition - Purine/Purine,A>G
93042196,.,TT,TT,TC,55,28,33,NC_000015.10,Mutation NB - Maternal Origin,Transition - Pyrimidine/Pyrimidine,Unsolved
95131083,rs12591951,TC,TT,CC,32,43,9,NC_000015.10,Mutation NB - Maternal Origin,Transition - Pyrimidine/Pyrimidine,T>C
95228917,rs969587,AA,TT,AA,76,58,0,NC_000015.10,Mutation NB - Maternal Origin,Transversion - Purine/Pyrimidine,T>A
97743120,.,TT,TT,TC,67,49,59,NC_000015.10,Mutation NB - Maternal Origin,Transition - Pyrimidine/Pyrimidine,Unsolved
98413356,.,TT,TT,TC,40,1,50,NC_000015.10,Mutation NB - Maternal Origin,Transition - Pyrimidine/Pyrimidine,Unsolved
98704812,rs4965426,GG,GA,AA,46,1,9,NC_000015.10,Mutation NB - Paternal Origin,Transition - Purine/Purine,G>A
98957035,rs751248572,CC,CC,CT,40,19,59,NC_000015.10,Mutation NB - Maternal Origin,Transition - Pyrimidine/Pyrimidine,Unsolved
100635619,.,CC,CC,CT,100,100,99,NC_000015.10,Mutation NB - Paternal or Maternal,Transition - Pyrimidine/Pyrimidine,Unsolved
101115883,rs2305569,CT,TT,CC,1,43,18,NC_000015.10,Mutation NB - Maternal Origin,Transition - Pyrimidine/Pyrimidine,T>C
716001,rs1076939,TG,GG,TT,1,16,12,NC_000016.10,Mutation NB - Maternal Origin,Transversion - Purine/Pyrimidine,G>T
914363,rs11866415,TT,CT,CC,61,1,0,NC_000016.10,Mutation NB - Paternal Origin,Transition - Pyrimidine/Pyrimidine,T>C
1142375,rs8051668,AA,AG,GG,100,32,12,NC_000016.10,Mutation NB - Paternal Origin,Transition - Purine/Purine,A>G
1982874,rs2238412,CC,CC,CT,79,37,59,NC_000016.10,Mutation NB - Maternal Origin,Transition - Pyrimidine/Pyrimidine,Unsolved
2475540,rs112329743,GC,GG,CC,1,82,9,NC_000016.10,Mutation NB - Maternal Origin,Transversion - Purine/Pyrimidine,G>C
3246339,rs767067,TT,TC,CC,79,1,21,NC_000016.10,Mutation NB - Paternal Origin,Transition - Pyrimidine/Pyrimidine,T>C
3914719,.,AA,AA,AG,61,13,43,NC_000016.10,Mutation NB - Maternal Origin,Transition - Purine/Purine,Unsolved
5008790,rs3743842,CG,AC,AA,1,1,0,NC_000016.10,Mutation NB - Paternal Origin,Transition - Purine/Purine,C>A,G>A
5021669,rs2340713,CC,AC,AA,40,1,15,NC_000016.10,Mutation NB - Paternal Origin,Transversion - Purine/Pyrimidine,C>A
5027793,rs2937112,GG,GT,TT,82,1,9,NC_000016.10,Mutation NB - Paternal Origin,Transversion - Purine/Pyrimidine,G>T
5148076,rs11076886,CA,CC,AA,1,16,9,NC_000016.10,Mutation NB - Maternal Origin,Transversion - Purine/Pyrimidine,C>A
7417728,rs62015702,TA,AA,TT,1,25,0,NC_000016.10,Mutation NB - Maternal Origin,Transversion - Purine/Pyrimidine,A>T
7417743,rs62015703,AG,GG,AA,1,25,0,NC_000016.10,Mutation NB - Maternal Origin,Transition - Purine/Purine,G>A
12088322,rs71385189,GT,GG,TT,1,1,24,NC_000016.10,Mutation NB - Maternal Origin,Transversion - Purine/Pyrimidine,G>T
12390327,rs7189197,GG,AA,AA,79,49,9,NC_000016.10,Mutation NB - Paternal Origin,Transition - Purine/Purine,G>A
12557884,rs8048155,GG,GG,CG,89,70,75,NC_000016.10,Mutation NB - Maternal Origin,Transition - Purine/Purine,Transversion - Purine/Pyrimidine,Unsolved
13471616,.,AA,AA,AG,46,55,59,NC_000016.10,Mutation NB - Paternal Origin,Transition - Purine/Purine,Unsolved
13490018,rs11864022,CA,AA,CC,1,1,24,NC_000016.10,Mutation NB - Maternal Origin,A>C
13637603,rs4781517,GG,TT,GG,85,100,15,NC_000016.10,Mutation NB - Maternal Origin,Transition - Purine/Purine,Transversion - Purine/Pyrimidine,T>G
19168266,rs112591452,TT,CT,CC,91,67,0,NC_000016.10,Mutation NB - Paternal Origin,Transition - Pyrimidine/Pyrimidine,T>C
23330720,rs3785364,AA,GG,AA,55,52,9,NC_000016.10,Mutation NB - Maternal Origin,Transition - Purine/Purine,G>A
26623986,rs237166,AA,GG,GG,76,82,0,NC_000016.10,Mutation NB - Paternal Origin,Transition - Purine/Purine,A>G
26814243,rs13334963,GG,AA,GG,70,37,0,NC_000016.10,Mutation NB - Maternal Origin,Transition - Purine/Purine,A>G
26814278,rs13334921,CC,TT,CC,70,37,0,NC_000016.10,Mutation NB - Maternal Origin,Transition - Pyrimidine/Pyrimidine,T>C
27647151,.,AA,AA,AG,85,22,62,NC_000016.10,Mutation NB - Maternal Origin,Transition - Purine/Purine,Unsolved
27870855,rs12920776,GG,AA,GG,76,58,18,NC_000016.10,Mutation NB - Maternal Origin,Transition - Purine/Purine,A>G
28910828,rs11646653,TT,CT,CC,58,1,0,NC_000016.10,Mutation NB - Paternal Origin,Transition - Pyrimidine/Pyrimidine,T>C
46914601,rs67369452,GG,GG,GA,91,49,99,NC_000016.10,Mutation NB - Maternal Origin,Transition - Purine/Purine,Unsolved
48521109,.,AA,AA,AG,70,61,72,NC_000016.10,Mutation NB - Maternal Origin,Transition - Purine/Purine,Unsolved
49080566,rs9972798,GG,CC,CC,49,37,9,NC_000016.10,Mutation NB - Paternal Origin,Transversion - Purine/Pyrimidine,G>C
50710991,.,AA,AA,AG,28,28,59,NC_000016.10,Mutation NB - Paternal or Maternal,Transition - Purine/Purine,Unsolved
51516735,rs1115772,CC,TT,CC,58,52,9,NC_000016.10,Mutation NB - Maternal Origin,Transition - Pyrimidine/Pyrimidine,T>C
52554168,rs77213620,CC,CA,AA,58,1,9,NC_000016.10,Mutation NB - Paternal Origin,Transversion - Purine/Pyrimidine,C>A
54317823,rs752173,CC,TT,TT,100,40,9,NC_000016.10,Mutation NB - Paternal Origin,Transition - Pyrimidine/Pyrimidine,C>T
55074198,rs16954228,GG,GG,GA,100,79,62,NC_000016.10,Mutation NB - Maternal Origin,Transition - Purine/Purine,Unsolved
56950678,rs9938160,TT,CC,TT,34,70,9,NC_000016.10,Mutation NB - Maternal Origin,Transition - Pyrimidine/Pyrimidine,C>T
58508478,.,AA,AA,AG,58,25,50,NC_000016.10,Mutation NB - Maternal Origin,Transition - Purine/Purine,Unsolved
59333887,rs7195264,GG,AA,AA,61,34,9,NC_000016.10,Mutation NB - Paternal Origin,Transition - Purine/Purine,G>A
64345176,.,AA,AA,GG,52,19,9,NC_000016.10,Mutation NB - Maternal Origin,Transition - Purine/Purine,Unsolved
65991584,rs17698101,AA,GG,AA,82,43,0,NC_000016.10,Mutation NB - Maternal Origin,Transition - Purine/Purine,G>A
66398521,rs3826229,TT,CC,TT,61,31,24,NC_000016.10,Mutation NB - Maternal Origin,Transition - Pyrimidine/Pyrimidine,C>T
67180300,rs182764311,CC,CT,TT,52,1,20,NC_000016.10,Mutation NB - Paternal Origin,Transition - Pyrimidine/Pyrimidine,C>T
67917354,rs2058190664,TT,TT,TC,67,58,61,NC_000016.10,Mutation NB - Maternal Origin,Transition - Pyrimidine/Pyrimidine,Unsolved
68368783,rs9931501,GG,GG,AG,88,49,68,NC_000016.10,Mutation NB - Maternal Origin,Transition - Purine/Purine,Unsolved
68526993,rs698715,AG,GG,AA,1,22,18,NC_000016.10,Mutation NB - Maternal Origin,Transition - Purine/Purine,G>A
73850756,rs328380,TT,CC,TT,67,64,0,NC_000016.10,Mutation NB - Maternal Origin,Transition - Pyrimidine/Pyrimidine,C>T
81952896,rs8050257,AA,CA,CC,88,1,9,NC_000016.10,Mutation NB - Paternal Origin,Transversion - Purine/Pyrimidine,A>C
84204690,rs11643499,GG,AA,GG,28,23,15,NC_000016.10,Mutation NB - Maternal Origin,Transition - Purine/Purine,A>G
84790196,.,TT,TT,TC,40,28,71,NC_000016.10,Mutation NB - Maternal Origin,Transition - Pyrimidine/Pyrimidine,Unsolved
84790224,rs8046318,CC,CG,GG,43,1,12,NC_000016.10,Mutation NB - Paternal Origin,Transversion - Purine/Pyrimidine,C>G
85109903,rs8053646,AA,GG,AA,73,16,0,NC_000016.10,Mutation NB - Maternal Origin,Transition - Purine/Purine,G>A
85142142,rs11149713,AA,TT,TT,79,43,9,NC_000016.10,Mutation NB - Paternal Origin,Transversion - Purine/Pyrimidine,A>T
85304765,rs8060622,CC,AA,AA,91,91,9,NC_000016.10,Mutation NB - Paternal Origin,Transversion - Purine/Pyrimidine,C>A
85491137,rs72799002,GA,GG,AA,1,1,12,NC_000016.10,Mutation NB - Maternal Origin,Transition - Purine/Purine,G>A
85494644,rs8049743,CC,TT,TT,67,31,9,NC_000016.10,Mutation NB - Paternal Origin,Transition - Pyrimidine/Pyrimidine,C>T
85635646,.,TT,TT,TC,64,61,62,NC_000016.10,Mutation NB - Maternal Origin,Transition - Pyrimidine/Pyrimidine,Unsolved
85998899,rs7191014,CC,TC,TT,76,1,0,NC_000016.10,Mutation NB - Paternal Origin,Transition - Pyrimidine/Pyrimidine,C>T
88739635,rs7197075,CC,TC,TT,43,1,18,NC_000016.10,Mutation NB - Paternal Origin,Transition - Pyrimidine/Pyrimidine,C>T
89573925,rs950443895,GG,GG,GA,55,34,62,NC_000016.10,Mutation NB - Maternal Origin,Transition - Purine/Purine,Unsolved
89741867,rs6500439,AA,CC,AA,76,97,9,NC_000016.10,Mutation NB - Maternal Origin,Transversion - Purine/Pyrimidine,C>A
2792597,.,CC,CC,CT,40,22,65,NC_000017.11,Mutation NB - Maternal Origin,Transition - Pyrimidine/Pyrimidine,Unsolved
2882338,rs6502605,CC,GG,GG,55,19,0,NC_000017.11,Mutation NB - Paternal Origin,Transversion - Purine/Pyrimidine,C>G
3679765,rs143675939,GA,GG,AA,1,37,12,NC_000017.11,Mutation NB - Maternal Origin,Transition - Purine/Purine,G>A
3921104,.,AA,AA,AG,7,4,53,NC_000017.11,Mutation NB - Maternal Origin,Transition - Purine/Purine,Unsolved
4007044,.,AA,AA,AG,79,28,48,NC_000017.11,Mutation NB - Maternal Origin,Transition - Purine/Purine,Unsolved
5077923,.,AA,AA,AG,64,1,71,NC_000017.11,Mutation NB - Maternal Origin,Transition - Purine/Purine,Unsolved
5897721,rs7217576,AA,GA,GG,70,1,9,NC_000017.11,Mutation NB - Paternal Origin,Transition - Purine/Purine,A>G
7688679,rs17880282,TT,CC,CC,88,73,9,NC_000017.11,Mutation NB - Paternal Origin,Transition - Pyrimidine/Pyrimidine,T>C
8785947,rs11655647,GG,AA,AA,82,52,9,NC_000017.11,Mutation NB - Paternal Origin,Transition - Purine/Purine,G>A
9261048,rs12938346,AA,GG,AA,61,55,12,NC_000017.11,Mutation NB - Maternal Origin,Transition - Purine/Purine,G>A
9869465,.,AA,AA,AG,28,1,50,NC_000017.11,Mutation NB - Maternal Origin,Transition - Purine/Purine,Unsolved
9889451,rs17681684,AA,GG,GG,79,49,9,NC_000017.11,Mutation NB - Paternal Origin,Transition - Purine/Purine,A>G
11442808,rs1513753,GG,GA,AA,82,1,12,NC_000017.11,Mutation NB - Paternal Origin,Transition - Purine/Purine,G>A
12267455,rs62062874,GA,GG,AA,1,55,12,NC_000017.11,Mutation NB - Maternal Origin,Transition - Purine/Purine,G>A
13576274,rs11869035,GG,CC,CC,91,79,12,NC_000017.11,Mutation NB - Paternal Origin,Transversion - Purine/Pyrimidine,G>C
13887706,rs7225829,GT,GG,TT,1,79,9,NC_000017.11,Mutation NB - Maternal Origin,Transversion - Purine/Pyrimidine,G>T
14581407,.,TT,TT,TC,91,91,99,NC_000017.11,Mutation NB - Paternal or Maternal,Transition - Pyrimidine/Pyrimidine,Unsolved
15389066,rs10852831,CC,TT,TT,55,58,9,NC_000017.11,Mutation NB - Paternal Origin,Transition - Pyrimidine/Pyrimidine,C>T
17226923,rs1736216,AA,AA,GA,91,82,71,NC_000017.11,Mutation NB - Maternal Origin,Transition - Purine/Purine,Unsolved
17403630,.,AA,AA,AG,70,19,39,NC_000017.11,Mutation NB - Maternal Origin,Transition - Purine/Purine,Unsolved
17794290,rs1362330647,AA,AA,AG,49,28,58,NC_000017.11,Mutation NB - Maternal Origin,Transition - Purine/Purine,Unsolved
18124408,.,TT,TT,TC,10,1,47,NC_000017.11,Mutation NB - Maternal Origin,Transition - Pyrimidine/Pyrimidine,Unsolved
20315806,rs1992561,AA,GG,GG,7,46,0,NC_000017.11,Mutation NB - Paternal Origin,Transition - Purine/Purine,A>G
27982940,rs4239212,AG,GG,AA,36,52,0,NC_000017.11,Mutation NB - Maternal Origin,Transition - Purine/Purine,G>A
28043060,rs137866267,CA,CC,AA,1,76,9,NC_000017.11,Mutation NB - Maternal Origin,Transversion - Purine/Pyrimidine,C>A
31554337,rs59374944,TG,GG,TT,1,13,0,NC_000017.11,Mutation NB - Maternal Origin,Transversion - Purine/Pyrimidine,G>T
32256744,rs144811036,GG,GG,AA,82,58,9,NC_000017.11,Mutation NB - Maternal Origin,Transition - Purine/Purine,Unsolved
32997742,rs139783886,AA,AT,TT,70,1,5,NC_000017.11,Mutation NB - Paternal Origin,Transversion - Purine/Pyrimidine,A>T
33033144,rs9902745,TC,TT,CC,1,46,12,NC_000017.11,Mutation NB - Maternal Origin,Transition - Pyrimidine/Pyrimidine,T>C
40768001,rs1230562586,AA,AA,AG,46,10,53,NC_000017.11,Mutation NB - Maternal Origin,Transition - Purine/Purine,Unsolved
42922470,rs323495,GG,AA,GG,40,16,0,NC_000017.11,Mutation NB - Maternal Origin,Transition - Purine/Purine,A>G
45264774,rs1047833,GC,CC,GG,1,64,0,NC_000017.11,Mutation NB - Maternal Origin,Transversion - Purine/Pyrimidine,C>G
46993472,.,AA,AA,AG,55,34,63,NC_000017.11,Mutation NB - Maternal Origin,Transition - Purine/Purine,Unsolved
48954611,rs9904288,TT,CC,TT,88,55,0,NC_000017.11,Mutation NB - Maternal Origin,Transition - Pyrimidine/Pyrimidine,C>T
50109301,.,TT,TT,TC,88,85,53,NC_000017.11,Mutation NB - Maternal Origin,Transition - Pyrimidine/Pyrimidine,Unsolved
50923383,rs9897934,TT,GG,TT,1,1,9,NC_000017.11,Mutation NB - Maternal Origin,Transversion - Purine/Pyrimidine,G>T
51700153,rs1263962,AA,GG,AA,58,52,18,NC_000017.11,Mutation NB - Maternal Origin,Transition - Purine/Purine,G>A
53450694,rs4794430,CC,TT,CC,49,64,0,NC_000017.11,Mutation NB - Maternal Origin,Transition - Pyrimidine/Pyrimidine,T>C
55179935,rs171509,GG,AG,AA,61,39,9,NC_000017.11,Mutation NB - Paternal Origin,Transition - Purine/Purine,G>A
62574020,rs7210758,CC,TT,CC,49,16,0,NC_000017.11,Mutation NB - Maternal Origin,Transition - Pyrimidine/Pyrimidine,T>C
62678385,rs7350907,GG,TT,TT,52,40,0,NC_000017.11,Mutation NB - Paternal Origin,Transversion - Purine/Pyrimidine,G>T
64043373,rs196909,GG,AG,AA,76,29,0,NC_000017.11,Mutation NB - Paternal Origin,Transition - Purine/Purine,G>A
64043388,rs196910,GG,AG,AA,76,28,0,NC_000017.11,Mutation NB - Paternal Origin,Transition - Purine/Purine,G>A
64178837,rs2166292,CC,AA,CC,19,37,18,NC_000017.11,Mutation NB - Maternal Origin,Transversion - Purine/Pyrimidine,A>C
66577456,.,AA,AA,AG,73,16,50,NC_000017.11,Mutation NB - Maternal Origin,Transition - Purine/Purine,Unsolved
66748067,.,TT,TT,TC,37,7,41,NC_000017.11,Mutation NB - Maternal Origin,Transition - Pyrimidine/Pyrimidine,Unsolved
69821085,rs76171108,GG,GA,AA,46,1,12,NC_000017.11,Mutation NB - Paternal Origin,Transition - Purine/Purine,G>A
73507047,rs115258327,CC,CG,GG,61,1,12,NC_000017.11,Mutation NB - Paternal Origin,Transversion - Purine/Pyrimidine,C>G
73723093,rs2620010,GG,GT,TT,73,1,9,NC_000017.11,Mutation NB - Paternal Origin,Transversion - Purine/Pyrimidine,G>T
73986683,rs75839894,CC,TT,CC,16,19,24,NC_000017.11,Mutation NB - Maternal Origin,Transition - Pyrimidine/Pyrimidine,T>C
75020526,rs1044228,CT,TT,CC,1,85,72,NC_000017.11,Mutation NB - Maternal Origin,Transition - Pyrimidine/Pyrimidine,T>C
75835577,rs3744024,GG,AA,AA,70,73,9,NC_000017.11,Mutation NB - Paternal Origin,Transition - Purine/Purine,G>A
75892224,rs7220786,GT,GG,TT,1,40,9,NC_000017.11,Mutation NB - Maternal Origin,Transversion - Purine/Pyrimidine,G>T
76022559,rs1806914,CC,CG,GG,1,1,9,NC_000017.11,Mutation NB - Paternal Origin,Transversion - Purine/Pyrimidine,C>G
76124400,rs2585740,CC,TT,TT,100,79,9,NC_000017.11,Mutation NB - Paternal Origin,Transition - Pyrimidine/Pyrimidine,C>T
76124410,rs2598442,CC,TT,TT,100,79,9,NC_000017.11,Mutation NB - Paternal Origin,Transition - Pyrimidine/Pyrimidine,C>T
77704784,rs1550187,TT,AA,TT,70,31,9,NC_000017.11,Mutation NB - Maternal Origin,Transversion - Purine/Pyrimidine,A>T
77824945,rs984491228,TT,TT,TC,46,16,56,NC_000017.11,Mutation NB - Maternal Origin,Transition - Pyrimidine/Pyrimidine,Unsolved
78249122,rs72901766,CC,GC,GG,1,1,0,NC_000017.11,Mutation NB - Paternal Origin,Transversion - Purine/Pyrimidine,C>G
78371025,rs62079152,GA,GG,AA,41,73,9,NC_000017.11,Mutation NB - Maternal Origin,Transition - Purine/Purine,G>A
78510525,rs867654,GG,GA,AA,100,1,39,NC_000017.11,Mutation NB - Paternal Origin,Transition - Purine/Purine,G>A
78630534,rs4796822,CC,CT,TT,91,1,9,NC_000017.11,Mutation NB - Paternal Origin,Transition - Pyrimidine/Pyrimidine,C>T
79215229,rs68140879,CG,GG,CC,1,73,0,NC_000017.11,Mutation NB - Maternal Origin,Transversion - Purine/Pyrimidine,G>C
79369791,rs12946073,AA,GA,GG,49,1,12,NC_000017.11,Mutation NB - Paternal Origin,Transition - Purine/Purine,A>G
80740149,.,TT,TT,TC,82,49,33,NC_000017.11,Mutation NB - Maternal Origin,Transition - Pyrimidine/Pyrimidine,Unsolved
80771959,rs9989446,AA,AG,GG,43,1,9,NC_000017.11,Mutation NB - Paternal Origin,Transition - Purine/Purine,A>G
81000874,rs9907676,GG,AA,GG,49,55,21,NC_000017.11,Mutation NB - Maternal Origin,Transition - Purine/Purine,A>G
81559401,rs1598609196,TT,TT,TC,52,4,44,NC_000017.11,Mutation NB - Maternal Origin,Transition - Pyrimidine/Pyrimidine,Unsolved
82121559,rs11654584,TT,AA,TT,73,73,0,NC_000017.11,Mutation NB - Maternal Origin,Transversion - Purine/Pyrimidine,A>T
83109824,rs28456148,TT,TC,CC,91,32,9,NC_000017.11,Mutation NB - Paternal Origin,Transition - Pyrimidine/Pyrimidine,T>C
2842682,rs67613849,AA,GG,AA,52,40,0,NC_000018.10,Mutation NB - Maternal Origin,Transition - Purine/Purine,G>A
9231252,rs73394151,TT,TC,CC,49,1,12,NC_000018.10,Mutation NB - Paternal Origin,Transition - Pyrimidine/Pyrimidine,T>C
9726087,rs2045229,TC,CC,TT,1,49,9,NC_000018.10,Mutation NB - Maternal Origin,Transversion - Purine/Pyrimidine,C>T
10004057,rs4132034,TT,CC,TT,28,1,0,NC_000018.10,Mutation NB - Maternal Origin,Transition - Pyrimidine/Pyrimidine,C>T
11368669,rs28498886,GG,AG,AA,76,1,0,NC_000018.10,Mutation NB - Paternal Origin,Transition - Purine/Purine,G>A
11951641,rs689390,AA,GG,GG,100,58,9,NC_000018.10,Mutation NB - Paternal Origin,Transition - Purine/Purine,A>G
12046432,rs949231,GA,GG,AA,1,100,24,NC_000018.10,Mutation NB - Maternal Origin,Transition - Purine/Purine,G>A
12047198,rs2851906,AA,AG,GG,100,41,12,NC_000018.10,Mutation NB - Paternal Origin,Transition - Purine/Purine,A>G
12062100,.,TT,TT,TC,19,1,41,NC_000018.10,Mutation NB - Maternal Origin,Transition - Pyrimidine/Pyrimidine,Unsolved
14257670,rs62081994,GG,GA,AA,10,1,9,NC_000018.10,Mutation NB - Paternal Origin,Transition - Purine/Purine,G>A
14275454,rs58892537,CC,TT,CC,55,34,9,NC_000018.10,Mutation NB - Maternal Origin,Transition - Pyrimidine/Pyrimidine,T>C
27429052,rs11083214,TA,AA,TT,1,22,0,NC_000018.10,Mutation NB - Maternal Origin,Transversion - Purine/Pyrimidine,A>T
30513743,.,TT,TT,TC,55,85,71,NC_000018.10,Mutation NB - Paternal Origin,Transition - Pyrimidine/Pyrimidine,Unsolved
32142519,rs8082996,AG,GG,AA,1,19,0,NC_000018.10,Mutation NB - Maternal Origin,Transition - Purine/Purine,G>A
35119110,rs679890,CT,CC,TT,54,43,12,NC_000018.10,Mutation NB - Maternal Origin,Transversion - Purine/Pyrimidine,C>T
36422456,rs1790642,GG,AG,AA,55,1,0,NC_000018.10,Mutation NB - Paternal Origin,Transition - Purine/Purine,G>A
38943691,rs182231976,CC,CC,CT,73,10,50,NC_000018.10,Mutation NB - Maternal Origin,Transition - Pyrimidine/Pyrimidine,Unsolved
43867042,.,TT,TT,TC,88,67,47,NC_000018.10,Mutation NB - Maternal Origin,Transition - Pyrimidine/Pyrimidine,Unsolved
46293336,.,CC,CC,CT,49,19,41,NC_000018.10,Mutation NB - Maternal Origin,Transition - Pyrimidine/Pyrimidine,Unsolved
49914794,rs796954638,GG,GG,GA,70,100,57,NC_000018.10,Mutation NB - Paternal Origin,Transition - Purine/Purine,Unsolved
49914799,rs796224215,GG,GG,GA,87,62,50,NC_000018.10,Mutation NB - Maternal Origin,Transition - Purine/Purine,Unsolved
49914803,.,GG,GG,GA,87,49,50,NC_000018.10,Mutation NB - Maternal Origin,Transition - Purine/Purine,Unsolved
49930870,rs1787593,CC,TT,TT,85,91,9,NC_000018.10,Mutation NB - Paternal Origin,Transition - Pyrimidine/Pyrimidine,C>T
51427790,rs321873,GG,GG,GT,100,88,68,NC_000018.10,Mutation NB - Maternal Origin,Transversion - Purine/Pyrimidine,Unsolved
56326708,rs7242762,CC,CA,AA,13,1,9,NC_000018.10,Mutation NB - Paternal Origin,Transversion - Purine/Pyrimidine,C>A
56326710,rs2110242,TT,CC,CC,16,19,0,NC_000018.10,Mutation NB - Paternal Origin,Transition - Pyrimidine/Pyrimidine,T>C
58308700,rs4941386,TT,TT,CT,19,1,18,NC_000018.10,Mutation NB - Maternal Origin,Transition - Pyrimidine/Pyrimidine,Unsolved
59686879,.,TT,TT,TC,64,55,65,NC_000018.10,Mutation NB - Maternal Origin,Transition - Pyrimidine/Pyrimidine,Unsolved
60751500,rs1455501,GG,AA,GG,31,1,15,NC_000018.10,Mutation NB - Maternal Origin,Transition - Purine/Purine,A>G
60751503,rs1455500,AA,GG,AA,31,1,15,NC_000018.10,Mutation NB - Maternal Origin,Transition - Purine/Purine,G>A
72726455,rs62091892,AC,CC,AA,73,49,0,NC_000018.10,Mutation NB - Maternal Origin,Transversion - Purine/Pyrimidine,C>A
73212342,.,AA,AA,AG,88,37,53,NC_000018.10,Mutation NB - Maternal Origin,Transition - Purine/Purine,Unsolved
73285296,rs4402658,GA,AA,GG,1,46,0,NC_000018.10,Mutation NB - Maternal Origin,Transition - Purine/Purine,A>G
74441939,rs1559805,CA,AA,CC,1,55,9,NC_000018.10,Mutation NB - Maternal Origin,A>C
74487175,rs2346060,AA,AA,GG,91,91,30,NC_000018.10,Mutation NB - Paternal or Maternal,Transition - Purine/Purine,Unsolved
76759461,rs7238410,CC,CA,AA,73,1,18,NC_000018.10,Mutation NB - Paternal Origin,Transversion - Purine/Pyrimidine,C>A
76879686,rs2156340,GA,AA,GG,1,37,0,NC_000018.10,Mutation NB - Maternal Origin,Transition - Purine/Purine,A>G
77656412,rs609342,CT,TT,CC,1,22,12,NC_000018.10,Mutation NB - Maternal Origin,Transition - Pyrimidine/Pyrimidine,T>C
78458579,.,CC,CC,CT,91,70,68,NC_000018.10,Mutation NB - Maternal Origin,Transition - Pyrimidine/Pyrimidine,Unsolved
78905175,rs2959414,AA,GA,GG,58,1,0,NC_000018.10,Mutation NB - Paternal Origin,Transition - Purine/Purine,A>G
79165660,rs72994275,GG,GG,GA,100,28,47,NC_000018.10,Mutation NB - Maternal Origin,Transition - Purine/Purine,Unsolved
79329184,.,TT,TT,TC,76,67,65,NC_000018.10,Mutation NB - Maternal Origin,Transition - Pyrimidine/Pyrimidine,Unsolved
79347530,rs7239401,CC,TT,CC,49,1,12,NC_000018.10,Mutation NB - Maternal Origin,Transition - Pyrimidine/Pyrimidine,T>C
79378068,rs3591,TT,CC,CC,73,61,15,NC_000018.10,Mutation NB - Paternal Origin,Transition - Pyrimidine/Pyrimidine,T>C
79773803,.,CC,CC,CG,7,15,44,NC_000018.10,Mutation NB - Paternal Origin,Transversion - Purine/Pyrimidine,Unsolved
79792753,.,AA,AA,AG,67,67,71,NC_000018.10,Mutation NB - Paternal or Maternal,Transition - Purine/Purine,Unsolved
1055192,rs3745842,AA,GG,AA,64,28,12,NC_000019.10,Mutation NB - Maternal Origin,Transition - Purine/Purine,G>A
2613138,rs62123724,GG,AA,AA,79,16,18,NC_000019.10,Mutation NB - Paternal Origin,Transition - Purine/Purine,G>A
3112025,rs308063,GG,AA,AA,64,28,0,NC_000019.10,Mutation NB - Paternal Origin,Transition - Purine/Purine,G>A
3112133,.,AA,AA,AG,61,16,92,NC_000019.10,Mutation NB - Maternal Origin,Transition - Purine/Purine,Unsolved
3276274,rs12980036,AA,TT,AA,1,68,15,NC_000019.10,Mutation NB - Maternal Origin,Transversion - Purine/Pyrimidine,T>A
4512657,rs55901236,CC,TT,TT,67,37,9,NC_000019.10,Mutation NB - Paternal Origin,Transition - Pyrimidine/Pyrimidine,C>T
4819105,rs11466712,CC,TT,CC,37,1,0,NC_000019.10,Mutation NB - Maternal Origin,Transition - Pyrimidine/Pyrimidine,T>C
6215031,rs3787073,TT,CC,CC,1,1,15,NC_000019.10,Mutation NB - Paternal Origin,Transition - Pyrimidine/Pyrimidine,T>C
6458221,.,TT,TT,TC,91,49,59,NC_000019.10,Mutation NB - Maternal Origin,Transition - Pyrimidine/Pyrimidine,Unsolved
6731046,rs2279624,TC,CC,TT,1,37,0,NC_000019.10,Mutation NB - Maternal Origin,Transversion - Purine/Pyrimidine,C>T
8101124,.,TT,TT,TC,73,64,68,NC_000019.10,Mutation NB - Maternal Origin,Transition - Pyrimidine/Pyrimidine,Unsolved
8399561,rs7260496,GG,AG,AA,10,1,12,NC_000019.10,Mutation NB - Paternal Origin,Transition - Purine/Purine,G>A
9689900,rs1833791,CC,TT,CC,76,22,0,NC_000019.10,Mutation NB - Maternal Origin,Transition - Pyrimidine/Pyrimidine,T>C
9880961,rs62104260,AC,CC,AA,67,91,36,NC_000019.10,Mutation NB - Maternal Origin,Transversion - Purine/Pyrimidine,C>A
9890249,rs12979274,TC,CC,TT,41,34,0,NC_000019.10,Mutation NB - Maternal Origin,Transversion - Purine/Pyrimidine,C>T
9977103,rs116090411,AA,AG,GG,91,8,15,NC_000019.10,Mutation NB - Paternal Origin,Transition - Purine/Purine,A>G
10499901,.,AA,AA,AG,49,1,59,NC_000019.10,Mutation NB - Maternal Origin,Transition - Purine/Purine,Unsolved
11014502,rs775208182,TT,TT,TC,37,43,56,NC_000019.10,Mutation NB - Paternal Origin,Transition - Pyrimidine/Pyrimidine,Unsolved
11549496,rs111663173,GG,GG,AA,100,55,9,NC_000019.10,Mutation NB - Maternal Origin,Transition - Purine/Purine,Unsolved
13149511,.,TT,TT,TC,88,79,68,NC_000019.10,Mutation NB - Maternal Origin,Transition - Pyrimidine/Pyrimidine,Unsolved
17192965,rs1545620,GG,TT,TT,46,28,0,NC_000019.10,Mutation NB - Paternal Origin,Transversion - Purine/Pyrimidine,G>T
17205973,rs7248508,CC,TT,TT,61,25,0,NC_000019.10,Mutation NB - Paternal Origin,Transition - Pyrimidine/Pyrimidine,C>T
17251717,rs10469471,GG,AA,AA,58,1,0,NC_000019.10,Mutation NB - Paternal Origin,Transition - Purine/Purine,G>A
18667132,rs2052455959,GG,GG,GA,55,46,56,NC_000019.10,Mutation NB - Maternal Origin,Transition - Purine/Purine,Unsolved
18938215,.,TT,TT,TC,91,76,41,NC_000019.10,Mutation NB - Maternal Origin,Transition - Pyrimidine/Pyrimidine,Unsolved
21234342,rs584725,GG,AA,AA,100,16,9,NC_000019.10,Mutation NB - Paternal Origin,Transition - Purine/Purine,G>A
28489044,rs882480,AG,GG,AA,1,58,9,NC_000019.10,Mutation NB - Maternal Origin,Transition - Purine/Purine,G>A
28815240,rs7260194,TT,CC,TT,67,28,9,NC_000019.10,Mutation NB - Maternal Origin,Transition - Pyrimidine/Pyrimidine,C>T
31400100,rs2111530,GG,AA,AA,88,34,0,NC_000019.10,Mutation NB - Paternal Origin,Transition - Purine/Purine,G>A
33026693,.,CC,CC,CT,52,7,72,NC_000019.10,Mutation NB - Maternal Origin,Transition - Pyrimidine/Pyrimidine,Unsolved
33626806,.,AA,AA,AG,88,100,68,NC_000019.10,Mutation NB - Paternal Origin,Transition - Purine/Purine,Unsolved
33684266,rs7258625,GG,GG,CC,100,85,12,NC_000019.10,Mutation NB - Maternal Origin,Transversion - Purine/Pyrimidine,Unsolved
34150751,rs4805994,CC,CC,CT,64,100,99,NC_000019.10,Mutation NB - Paternal Origin,Transition - Pyrimidine/Pyrimidine,Unsolved
34513054,rs12981154,CC,CA,AA,28,1,9,NC_000019.10,Mutation NB - Paternal Origin,Transversion - Purine/Pyrimidine,C>A
34832518,rs2069452429,TT,TT,TC,1,1,56,NC_000019.10,Mutation NB - Paternal or Maternal,Transition - Pyrimidine/Pyrimidine,Unsolved
35150393,rs62111368,AG,AA,GG,70,55,9,NC_000019.10,Mutation NB - Maternal Origin,Transition - Purine/Purine,A>G
36367356,rs2031810309,CC,CC,CT,88,73,33,NC_000019.10,Mutation NB - Maternal Origin,Transition - Pyrimidine/Pyrimidine,Unsolved
36561672,.,GG,GG,GA,40,1,47,NC_000019.10,Mutation NB - Maternal Origin,Transition - Purine/Purine,Unsolved
37132570,rs8099987,TT,CC,CC,58,7,12,NC_000019.10,Mutation NB - Paternal Origin,Transition - Pyrimidine/Pyrimidine,T>C
38203324,rs6508770,AA,GG,GG,43,31,9,NC_000019.10,Mutation NB - Paternal Origin,Transition - Purine/Purine,A>G
38437810,.,TT,TT,TA,82,79,62,NC_000019.10,Mutation NB - Maternal Origin,Transition - Pyrimidine/Pyrimidine,Transversion - Purine/Pyrimidine,Unsolved
38502017,rs1236744422,CT,CC,TT,1,49,18,NC_000019.10,Mutation NB - Maternal Origin,Transversion - Purine/Pyrimidine,C>T
40536895,rs56198507,TT,CC,CC,85,67,0,NC_000019.10,Mutation NB - Paternal Origin,Transition - Pyrimidine/Pyrimidine,T>C
46411664,rs34186470,AA,GG,GG,88,82,21,NC_000019.10,Mutation NB - Paternal Origin,Transition - Purine/Purine,A>G
46538309,rs11083836,AA,GA,GG,85,41,0,NC_000019.10,Mutation NB - Paternal Origin,Transition - Purine/Purine,A>G
47065247,.,AA,AA,AG,55,1,62,NC_000019.10,Mutation NB - Maternal Origin,Transition - Purine/Purine,Unsolved
47390412,rs2694543,AA,GG,GG,85,61,9,NC_000019.10,Mutation NB - Paternal Origin,Transition - Purine/Purine,A>G
47538676,rs2974227,AA,GG,GG,79,55,15,NC_000019.10,Mutation NB - Paternal Origin,Transition - Purine/Purine,A>G
48711491,rs281381,CC,TT,TT,70,73,9,NC_000019.10,Mutation NB - Paternal Origin,Transition - Pyrimidine/Pyrimidine,C>T
49302085,rs354013,AC,CC,AA,1,28,15,NC_000019.10,Mutation NB - Maternal Origin,Transversion - Purine/Pyrimidine,C>A
50493540,rs142888045,CT,CC,TT,35,76,9,NC_000019.10,Mutation NB - Maternal Origin,Transversion - Purine/Pyrimidine,C>T
50859295,.,TT,TT,TC,1,1,59,NC_000019.10,Mutation NB - Paternal or Maternal,Transition - Pyrimidine/Pyrimidine,Unsolved
50877559,rs198975,GG,TT,GG,31,61,12,NC_000019.10,Mutation NB - Maternal Origin,Transition - Purine/Purine,Transversion - Purine/Pyrimidine,T>G
51039534,rs10401766,CC,TC,TT,79,1,18,NC_000019.10,Mutation NB - Paternal Origin,Transition - Pyrimidine/Pyrimidine,C>T
51187836,rs7255837,CT,TT,CC,45,46,0,NC_000019.10,Mutation NB - Maternal Origin,Transition - Pyrimidine/Pyrimidine,T>C
52384174,rs8104808,CC,AA,AA,88,64,0,NC_000019.10,Mutation NB - Paternal Origin,Transversion - Purine/Pyrimidine,C>A
52384184,rs8104812,CC,AA,AA,88,64,0,NC_000019.10,Mutation NB - Paternal Origin,Transversion - Purine/Pyrimidine,C>A
57334407,rs7250886,TT,CC,CC,79,28,15,NC_000019.10,Mutation NB - Paternal Origin,Transition - Pyrimidine/Pyrimidine,T>C
58559954,rs10413586,CT,TT,CC,1,40,0,NC_000019.10,Mutation NB - Maternal Origin,Transition - Pyrimidine/Pyrimidine,T>C
940310,rs534498,GG,AA,GG,28,43,0,NC_000020.11,Mutation NB - Maternal Origin,Transition - Purine/Purine,A>G
4164014,rs1741310,GG,AA,GG,34,79,36,NC_000020.11,Mutation NB - Maternal Origin,Transition - Purine/Purine,A>G
4165890,rs6139342,GG,CC,CC,70,61,9,NC_000020.11,Mutation NB - Paternal Origin,Transversion - Purine/Pyrimidine,G>C
4519458,.,GG,GG,GA,55,25,68,NC_000020.11,Mutation NB - Maternal Origin,Transition - Purine/Purine,Unsolved
4522322,.,AA,AA,AG,13,1,59,NC_000020.11,Mutation NB - Maternal Origin,Transition - Purine/Purine,Unsolved
4710414,.,AA,AA,AG,37,55,71,NC_000020.11,Mutation NB - Paternal Origin,Transition - Purine/Purine,Unsolved
5802772,rs401373,GT,TT,GG,1,40,12,NC_000020.11,Mutation NB - Maternal Origin,Transversion - Purine/Pyrimidine,T>G
7364816,rs111478576,GG,GT,TT,64,1,21,NC_000020.11,Mutation NB - Paternal Origin,Transversion - Purine/Pyrimidine,G>T
9049094,rs6039365,TT,CC,CC,100,4,36,NC_000020.11,Mutation NB - Paternal Origin,Transition - Pyrimidine/Pyrimidine,T>C
10171878,rs10485738,AG,AA,GG,32,85,9,NC_000020.11,Mutation NB - Maternal Origin,Transition - Purine/Purine,A>G
10241862,.,TT,TT,TA,70,40,68,NC_000020.11,Mutation NB - Maternal Origin,Transition - Pyrimidine/Pyrimidine,Transversion - Purine/Pyrimidine,Unsolved
11132987,.,AA,AA,AG,82,61,53,NC_000020.11,Mutation NB - Maternal Origin,Transition - Purine/Purine,Unsolved
15281905,rs6079724,TT,TT,TC,70,100,99,NC_000020.11,Mutation NB - Paternal Origin,Transition - Pyrimidine/Pyrimidine,Unsolved
16915522,rs75105134,GT,GG,TT,1,1,27,NC_000020.11,Mutation NB - Maternal Origin,Transversion - Purine/Pyrimidine,G>T
17699899,rs2277868,TT,CT,CC,64,1,21,NC_000020.11,Mutation NB - Paternal Origin,Transition - Pyrimidine/Pyrimidine,T>C
18626457,rs11698229,GT,GG,TT,1,49,18,NC_000020.11,Mutation NB - Maternal Origin,Transversion - Purine/Pyrimidine,G>T
19212269,rs6112256,TT,CC,CC,1,1,12,NC_000020.11,Mutation NB - Paternal Origin,Transition - Pyrimidine/Pyrimidine,T>C
19261219,.,AA,AA,AG,40,58,56,NC_000020.11,Mutation NB - Paternal Origin,Transition - Purine/Purine,Unsolved
20772226,rs6047041,CC,TT,CC,88,91,9,NC_000020.11,Mutation NB - Maternal Origin,Transition - Pyrimidine/Pyrimidine,T>C
20806578,rs2328560,CC,TT,TT,88,88,9,NC_000020.11,Mutation NB - Paternal Origin,Transition - Pyrimidine/Pyrimidine,C>T
23509486,rs238668,AA,GG,AA,13,1,0,NC_000020.11,Mutation NB - Maternal Origin,Transition - Purine/Purine,G>A
23565699,rs2295561,GG,AA,GG,85,82,9,NC_000020.11,Mutation NB - Maternal Origin,Transition - Purine/Purine,A>G
23565725,rs2295562,TT,CC,TT,85,82,9,NC_000020.11,Mutation NB - Maternal Origin,Transition - Pyrimidine/Pyrimidine,C>T
23845341,rs56086840,TT,TT,TC,100,58,65,NC_000020.11,Mutation NB - Maternal Origin,Transition - Pyrimidine/Pyrimidine,Unsolved
23873532,rs8122605,GG,AA,GG,88,88,0,NC_000020.11,Mutation NB - Maternal Origin,Transition - Purine/Purine,A>G
24318790,rs74655245,GG,GC,CC,58,1,15,NC_000020.11,Mutation NB - Paternal Origin,Transversion - Purine/Pyrimidine,G>C
24339257,rs2206649,AA,TT,AA,52,46,0,NC_000020.11,Mutation NB - Maternal Origin,Transversion - Purine/Pyrimidine,T>A
24597715,rs1887057,CC,CC,CT,88,40,30,NC_000020.11,Mutation NB - Maternal Origin,Transition - Pyrimidine/Pyrimidine,Unsolved
24737336,rs8114459,GG,GT,TT,100,1,18,NC_000020.11,Mutation NB - Paternal Origin,Transversion - Purine/Pyrimidine,G>T
24921562,rs4594518,CC,CG,GG,31,1,12,NC_000020.11,Mutation NB - Paternal Origin,Transversion - Purine/Pyrimidine,C>G
29768525,rs1465028369,CC,GG,CC,49,52,9,NC_000020.11,Mutation NB - Maternal Origin,Transversion - Purine/Pyrimidine,G>C
30275803,rs116751304,GT,GG,TT,1,46,15,NC_000020.11,Mutation NB - Maternal Origin,Transversion - Purine/Pyrimidine,G>T
31894913,.,GG,GG,GA,85,79,72,NC_000020.11,Mutation NB - Maternal Origin,Transition - Purine/Purine,Unsolved
32772013,rs2424907,CC,TT,TT,52,31,9,NC_000020.11,Mutation NB - Paternal Origin,Transition - Pyrimidine/Pyrimidine,C>T
32968702,rs6058984,CC,GG,GG,73,88,9,NC_000020.11,Mutation NB - Paternal Origin,Transversion - Purine/Pyrimidine,C>G
33002605,.,AA,AA,AG,16,10,68,NC_000020.11,Mutation NB - Maternal Origin,Transition - Purine/Purine,Unsolved
34630286,rs2378249,GG,AA,AA,88,82,9,NC_000020.11,Mutation NB - Paternal Origin,Transition - Purine/Purine,G>A
34745236,rs3787222,TT,TT,TA,100,79,30,NC_000020.11,Mutation NB - Maternal Origin,Transition - Pyrimidine/Pyrimidine,Transversion - Purine/Pyrimidine,Unsolved
34948110,.,CC,CC,CT,82,70,62,NC_000020.11,Mutation NB - Maternal Origin,Transition - Pyrimidine/Pyrimidine,Unsolved
37677114,rs6020131,TT,CC,CC,82,55,12,NC_000020.11,Mutation NB - Paternal Origin,Transition - Pyrimidine/Pyrimidine,T>C
39636729,rs6101635,GG,GG,GA,100,40,99,NC_000020.11,Mutation NB - Maternal Origin,Transition - Purine/Purine,Unsolved
42178684,rs6016708,GG,CG,CC,40,1,0,NC_000020.11,Mutation NB - Paternal Origin,Transversion - Purine/Pyrimidine,G>C
43009824,rs6065565,CC,TT,CC,70,64,9,NC_000020.11,Mutation NB - Maternal Origin,Transition - Pyrimidine/Pyrimidine,T>C
43895229,rs6103499,AA,AA,AG,100,13,71,NC_000020.11,Mutation NB - Maternal Origin,Transition - Purine/Purine,Unsolved
44652021,rs144423559,GT,GG,TT,1,1,9,NC_000020.11,Mutation NB - Maternal Origin,Transversion - Purine/Pyrimidine,G>T
46256047,rs3888728,TT,TG,GG,83,1,12,NC_000020.11,Mutation NB - Paternal Origin,Transversion - Purine/Pyrimidine,T>G
46347829,.,AA,AA,AG,7,1,62,NC_000020.11,Mutation NB - Maternal Origin,Transition - Purine/Purine,Unsolved
46750470,rs4810547,AG,AA,GG,1,7,15,NC_000020.11,Mutation NB - Maternal Origin,Transition - Purine/Purine,A>G
46950284,rs1212007,AA,GG,GG,79,64,0,NC_000020.11,Mutation NB - Paternal Origin,Transition - Purine/Purine,A>G
47771078,.,AA,AA,AG,40,16,56,NC_000020.11,Mutation NB - Maternal Origin,Transition - Purine/Purine,Unsolved
47894780,rs4533522,AA,AA,AC,66,1,99,NC_000020.11,Mutation NB - Maternal Origin,Transversion - Purine/Pyrimidine,Unsolved
47895109,rs61322723,GG,GG,GT,1,49,58,NC_000020.11,Mutation NB - Paternal Origin,Transversion - Purine/Pyrimidine,Unsolved
48172601,rs228216,GT,GG,TT,1,34,9,NC_000020.11,Mutation NB - Maternal Origin,Transversion - Purine/Pyrimidine,G>T
48413764,rs6019148,GG,TT,GG,43,64,0,NC_000020.11,Mutation NB - Maternal Origin,Transition - Purine/Purine,Transversion - Purine/Pyrimidine,T>G
48488930,rs2010276,AG,GG,AA,1,76,0,NC_000020.11,Mutation NB - Maternal Origin,Transition - Purine/Purine,G>A
49328654,.,AA,AA,AG,7,1,46,NC_000020.11,Mutation NB - Maternal Origin,Transition - Purine/Purine,Unsolved
49997956,rs2078369656,TT,TT,TC,85,34,99,NC_000020.11,Mutation NB - Maternal Origin,Transition - Pyrimidine/Pyrimidine,Unsolved
50361901,rs4811048,GC,CC,GG,1,1,0,NC_000020.11,Mutation NB - Maternal Origin,Transversion - Purine/Pyrimidine,C>G
50866396,rs6067579,GG,GG,GA,76,49,9,NC_000020.11,Mutation NB - Maternal Origin,Transition - Purine/Purine,Unsolved
51328496,.,AA,AA,AG,91,49,47,NC_000020.11,Mutation NB - Maternal Origin,Transition - Purine/Purine,Unsolved
51569347,rs6021291,TG,GG,TT,1,31,0,NC_000020.11,Mutation NB - Maternal Origin,Transversion - Purine/Pyrimidine,G>T
56504324,rs34983295,GA,GG,AA,1,37,24,NC_000020.11,Mutation NB - Maternal Origin,Transition - Purine/Purine,G>A
58804593,rs12625742,GG,GT,TT,76,1,9,NC_000020.11,Mutation NB - Paternal Origin,Transversion - Purine/Pyrimidine,G>T
59756188,rs11086676,TT,CC,TT,73,100,12,NC_000020.11,Mutation NB - Maternal Origin,Transition - Pyrimidine/Pyrimidine,C>T
60482002,.,GG,GG,GA,1,1,98,NC_000020.11,Mutation NB - Paternal or Maternal,Transition - Purine/Purine,Unsolved
61211167,rs1857197,AA,GA,GG,40,1,0,NC_000020.11,Mutation NB - Paternal Origin,Transition - Purine/Purine,A>G
61211194,rs1857198,TT,CC,CC,40,34,0,NC_000020.11,Mutation NB - Paternal Origin,Transition - Pyrimidine/Pyrimidine,T>C
61310697,rs4812300,AA,GG,GG,1,1,0,NC_000020.11,Mutation NB - Paternal Origin,Transition - Purine/Purine,A>G
61312576,rs368159304,CC,CG,GG,73,1,12,NC_000020.11,Mutation NB - Paternal Origin,Transversion - Purine/Pyrimidine,C>G
61313022,rs1832935,CG,CC,GG,1,55,12,NC_000020.11,Mutation NB - Maternal Origin,Transversion - Purine/Pyrimidine,C>G
61802368,rs6089510,CA,CC,AA,1,31,12,NC_000020.11,Mutation NB - Maternal Origin,Transversion - Purine/Pyrimidine,C>A
62561446,rs142032547,CG,CC,GG,1,67,15,NC_000020.11,Mutation NB - Maternal Origin,Transversion - Purine/Pyrimidine,C>G
62569865,.,TT,TT,TC,34,1,68,NC_000020.11,Mutation NB - Maternal Origin,Transition - Pyrimidine/Pyrimidine,Unsolved
62673848,rs13037524,CC,CG,GG,25,1,27,NC_000020.11,Mutation NB - Paternal Origin,Transversion - Purine/Pyrimidine,C>G
62673872,rs13037534,CC,CT,TT,79,1,27,NC_000020.11,Mutation NB - Paternal Origin,Transition - Pyrimidine/Pyrimidine,C>T
62958013,rs6512327,CC,TC,TT,55,1,9,NC_000020.11,Mutation NB - Paternal Origin,Transition - Pyrimidine/Pyrimidine,C>T
62964284,rs2248900,CC,CT,TT,55,1,12,NC_000020.11,Mutation NB - Paternal Origin,Transition - Pyrimidine/Pyrimidine,C>T
63005523,rs78007404,GA,GG,AA,1,1,18,NC_000020.11,Mutation NB - Maternal Origin,Transition - Purine/Purine,G>A
63031878,rs6062393,AA,GG,AA,82,85,39,NC_000020.11,Mutation NB - Maternal Origin,Transition - Purine/Purine,G>A
63317295,rs3803935,CC,CT,TT,55,1,12,NC_000020.11,Mutation NB - Paternal Origin,Transition - Pyrimidine/Pyrimidine,C>T
13882390,rs56344542,CC,TT,CC,43,61,12,NC_000021.9,Mutation NB - Maternal Origin,Transition - Pyrimidine/Pyrimidine,T>C
14779458,rs34361215,GA,GG,AA,1,55,42,NC_000021.9,Mutation NB - Maternal Origin,Transition - Purine/Purine,G>A
21644996,.,AA,AA,AG,34,40,53,NC_000021.9,Mutation NB - Paternal Origin,Transition - Purine/Purine,Unsolved
24585168,.,AA,AA,AG,79,52,64,NC_000021.9,Mutation NB - Maternal Origin,Transition - Purine/Purine,Unsolved
27048784,rs449156,CC,CC,CG,67,85,30,NC_000021.9,Mutation NB - Paternal Origin,Transversion - Purine/Pyrimidine,Unsolved
28018422,rs2831356,TT,TC,CC,1,1,9,NC_000021.9,Mutation NB - Paternal Origin,Transition - Pyrimidine/Pyrimidine,T>C
30133184,.,CC,CC,CT,58,40,40,NC_000021.9,Mutation NB - Maternal Origin,Transition - Pyrimidine/Pyrimidine,Unsolved
31083219,.,TT,TT,TC,67,16,56,NC_000021.9,Mutation NB - Maternal Origin,Transition - Pyrimidine/Pyrimidine,Unsolved
32393187,rs112644530,AA,AC,CC,43,1,9,NC_000021.9,Mutation NB - Paternal Origin,Transversion - Purine/Pyrimidine,A>C
34866210,rs2834655,AA,GA,GG,82,1,30,NC_000021.9,Mutation NB - Paternal Origin,Transition - Purine/Purine,A>G
36875529,rs2835521,AG,GG,AA,1,1,18,NC_000021.9,Mutation NB - Maternal Origin,Transition - Purine/Purine,G>A
37210130,rs2246285,GG,AA,GG,52,16,0,NC_000021.9,Mutation NB - Maternal Origin,Transition - Purine/Purine,A>G
37298706,.,GG,GG,GA,70,52,65,NC_000021.9,Mutation NB - Maternal Origin,Transition - Purine/Purine,Unsolved
38359469,rs73212000,TT,TC,CC,73,1,18,NC_000021.9,Mutation NB - Paternal Origin,Transition - Pyrimidine/Pyrimidine,T>C
38656019,rs8132920,CC,TT,CC,40,22,0,NC_000021.9,Mutation NB - Maternal Origin,Transition - Pyrimidine/Pyrimidine,T>C
39420785,.,TT,TT,TC,91,85,65,NC_000021.9,Mutation NB - Maternal Origin,Transition - Pyrimidine/Pyrimidine,Unsolved
41210593,rs2410407,AA,GG,AA,64,96,0,NC_000021.9,Mutation NB - Maternal Origin,Transition - Purine/Purine,G>A
41380425,rs8133507,GC,GG,CC,1,1,12,NC_000021.9,Mutation NB - Maternal Origin,Transversion - Purine/Pyrimidine,G>C
41380432,rs8133513,GA,GG,AA,1,1,12,NC_000021.9,Mutation NB - Maternal Origin,Transition - Purine/Purine,G>A
41819316,rs28604512,AG,GG,AA,1,82,0,NC_000021.9,Mutation NB - Maternal Origin,Transition - Purine/Purine,G>A
43628529,rs376110040,GG,GG,GA,55,16,77,NC_000021.9,Mutation NB - Maternal Origin,Transition - Purine/Purine,Unsolved
43702502,.,TT,TT,TC,4,1,59,NC_000021.9,Mutation NB - Maternal Origin,Transition - Pyrimidine/Pyrimidine,Unsolved
43816834,.,CC,CC,CT,16,1,43,NC_000021.9,Mutation NB - Maternal Origin,Transition - Pyrimidine/Pyrimidine,Unsolved
44914404,rs79250555,GG,GC,CC,100,1,21,NC_000021.9,Mutation NB - Paternal Origin,Transversion - Purine/Pyrimidine,G>C
44929581,rs1721,CC,TT,TT,85,85,36,NC_000021.9,Mutation NB - Paternal Origin,Transition - Pyrimidine/Pyrimidine,C>T
44994917,rs73907212,GA,GG,AA,1,100,12,NC_000021.9,Mutation NB - Maternal Origin,Transition - Purine/Purine,G>A
45147710,rs403694,TT,CC,CC,46,49,0,NC_000021.9,Mutation NB - Paternal Origin,Transition - Pyrimidine/Pyrimidine,T>C
45162185,rs394872,TT,CC,CC,28,1,0,NC_000021.9,Mutation NB - Paternal Origin,Transition - Pyrimidine/Pyrimidine,T>C
45458800,rs4819117,TT,CC,CC,46,28,0,NC_000021.9,Mutation NB - Paternal Origin,Transition - Pyrimidine/Pyrimidine,T>C
45575994,rs12329894,AG,AA,GG,1,13,9,NC_000021.9,Mutation NB - Maternal Origin,Transition - Purine/Purine,A>G
46427932,rs60091558,CA,CC,AA,1,55,9,NC_000021.9,Mutation NB - Maternal Origin,Transversion - Purine/Pyrimidine,C>A
16974223,.,GG,GG,GA,46,1,62,NC_000022.11,Mutation NB - Maternal Origin,Transition - Purine/Purine,Unsolved
17470696,.,TT,TT,TC,52,4,65,NC_000022.11,Mutation NB - Maternal Origin,Transition - Pyrimidine/Pyrimidine,Unsolved
19063224,rs745537604,AA,AA,AG,64,58,65,NC_000022.11,Mutation NB - Maternal Origin,Transition - Purine/Purine,Unsolved
20621866,.,CC,CC,CT,55,16,33,NC_000022.11,Mutation NB - Maternal Origin,Transition - Pyrimidine/Pyrimidine,Unsolved
23161079,rs5759614,GA,AA,GG,1,51,0,NC_000022.11,Mutation NB - Maternal Origin,Transition - Purine/Purine,A>G
23289636,rs62219796,TT,CC,TT,58,1,18,NC_000022.11,Mutation NB - Maternal Origin,Transition - Pyrimidine/Pyrimidine,C>T
24412398,rs17004916,AG,AA,GG,1,42,12,NC_000022.11,Mutation NB - Maternal Origin,Transition - Purine/Purine,A>G
24433553,rs4530,TT,CC,CC,88,76,12,NC_000022.11,Mutation NB - Paternal Origin,Transition - Pyrimidine/Pyrimidine,T>C
24679300,rs5751927,AA,GG,AA,7,67,12,NC_000022.11,Mutation NB - Maternal Origin,Transition - Purine/Purine,G>A
24679360,rs5760567,CC,GG,CC,1,16,21,NC_000022.11,Mutation NB - Maternal Origin,Transversion - Purine/Pyrimidine,G>C
25208749,rs5760908,GG,TT,TT,88,19,57,NC_000022.11,Mutation NB - Paternal Origin,Transversion - Purine/Pyrimidine,G>T
28063956,.,AA,AA,AG,46,58,41,NC_000022.11,Mutation NB - Paternal Origin,Transition - Purine/Purine,Unsolved
28363364,.,TT,TT,TC,85,64,53,NC_000022.11,Mutation NB - Maternal Origin,Transition - Pyrimidine/Pyrimidine,Unsolved
29733167,rs140104,CC,TC,TT,64,1,0,NC_000022.11,Mutation NB - Paternal Origin,Transition - Pyrimidine/Pyrimidine,C>T
30855895,.,TT,TT,TC,55,1,60,NC_000022.11,Mutation NB - Maternal Origin,Transition - Pyrimidine/Pyrimidine,Unsolved
32034383,.,TT,TT,TC,52,34,59,NC_000022.11,Mutation NB - Maternal Origin,Transition - Pyrimidine/Pyrimidine,Unsolved
34844126,rs5999566,CC,TT,CC,91,82,18,NC_000022.11,Mutation NB - Maternal Origin,Transition - Pyrimidine/Pyrimidine,T>C
35345178,rs4386,TC,CC,TT,1,37,0,NC_000022.11,Mutation NB - Maternal Origin,Transversion - Purine/Pyrimidine,C>T
36709425,rs1883989,CC,TC,TT,61,1,0,NC_000022.11,Mutation NB - Paternal Origin,Transition - Pyrimidine/Pyrimidine,C>T
37390493,rs566948695,CT,CC,TT,1,64,12,NC_000022.11,Mutation NB - Maternal Origin,Transversion - Purine/Pyrimidine,C>T
37602099,.,AA,AA,AG,52,1,56,NC_000022.11,Mutation NB - Maternal Origin,Transition - Purine/Purine,Unsolved
37715882,rs1385315817,TT,TT,TC,16,1,68,NC_000022.11,Mutation NB - Maternal Origin,Transition - Pyrimidine/Pyrimidine,Unsolved
37735256,rs746747277,TT,TT,TC,28,7,67,NC_000022.11,Mutation NB - Maternal Origin,Transition - Pyrimidine/Pyrimidine,Unsolved
38447411,rs196085,AG,AA,GG,1,61,9,NC_000022.11,Mutation NB - Maternal Origin,Transition - Purine/Purine,A>G
41855806,rs719440,TT,GG,TT,61,10,9,NC_000022.11,Mutation NB - Maternal Origin,Transversion - Purine/Pyrimidine,G>T
41938949,rs1047997,CC,CG,GG,82,1,15,NC_000022.11,Mutation NB - Paternal Origin,Transversion - Purine/Pyrimidine,C>G
42758293,rs9623692,GG,AA,AA,67,52,9,NC_000022.11,Mutation NB - Paternal Origin,Transition - Purine/Purine,G>A
43119086,.,AA,AA,AG,79,40,62,NC_000022.11,Mutation NB - Maternal Origin,Transition - Purine/Purine,Unsolved
43430317,rs135078,CC,CT,TT,43,1,18,NC_000022.11,Mutation NB - Paternal Origin,Transition - Pyrimidine/Pyrimidine,C>T
43747377,rs1569465959,AA,AA,AG,52,4,41,NC_000022.11,Mutation NB - Maternal Origin,Transition - Purine/Purine,Unsolved
44147456,rs9680627,GA,GG,AA,1,64,9,NC_000022.11,Mutation NB - Maternal Origin,Transition - Purine/Purine,G>A
44187238,.,TT,TT,TC,46,10,65,NC_000022.11,Mutation NB - Maternal Origin,Transition - Pyrimidine/Pyrimidine,Unsolved
44389352,rs135907,CC,GG,GG,70,1,18,NC_000022.11,Mutation NB - Paternal Origin,Transversion - Purine/Pyrimidine,C>G
44713126,rs1391182344,CC,CC,CT,34,19,61,NC_000022.11,Mutation NB - Maternal Origin,Transition - Pyrimidine/Pyrimidine,Unsolved
44731859,rs76065533,CC,CT,TT,67,1,12,NC_000022.11,Mutation NB - Paternal Origin,Transition - Pyrimidine/Pyrimidine,C>T
44863329,rs62232232,GA,GG,AA,1,22,12,NC_000022.11,Mutation NB - Maternal Origin,Transition - Purine/Purine,G>A
45502372,rs3810635,TG,GG,TT,1,1,0,NC_000022.11,Mutation NB - Maternal Origin,Transversion - Purine/Pyrimidine,G>T
46128227,.,AA,AA,AG,79,61,33,NC_000022.11,Mutation NB - Maternal Origin,Transition - Purine/Purine,Unsolved
46739375,rs5769127,AA,GG,AA,76,1,12,NC_000022.11,Mutation NB - Maternal Origin,Transition - Purine/Purine,G>A
47718071,rs5766854,TT,CC,CC,64,70,9,NC_000022.11,Mutation NB - Paternal Origin,Transition - Pyrimidine/Pyrimidine,T>C
48333504,rs6007832,GG,GC,CC,10,1,12,NC_000022.11,Mutation NB - Paternal Origin,Transversion - Purine/Pyrimidine,G>C
48942245,rs9616571,CC,CT,TT,55,1,12,NC_000022.11,Mutation NB - Paternal Origin,Transition - Pyrimidine/Pyrimidine,C>T
48942291,rs9616572,CC,CT,TT,49,1,12,NC_000022.11,Mutation NB - Paternal Origin,Transition - Pyrimidine/Pyrimidine,C>T
49026650,.,AA,AA,AG,76,61,40,NC_000022.11,Mutation NB - Maternal Origin,Transition - Purine/Purine,Unsolved
49955381,rs62231871,GG,AA,GG,91,91,0,NC_000022.11,Mutation NB - Maternal Origin,Transition - Purine/Purine,A>G
50064007,rs114282486,TT,TC,CC,28,1,12,NC_000022.11,Mutation NB - Paternal Origin,Transition - Pyrimidine/Pyrimidine,T>C
50151147,rs79304,AG,GG,AA,1,64,0,NC_000022.11,Mutation NB - Maternal Origin,Transition - Purine/Purine,G>A
50512543,rs1335890148,GG,TT,GG,100,88,0,NC_000022.11,Mutation NB - Maternal Origin,Transition - Purine/Purine,Transversion - Purine/Pyrimidine,T>G
50607005,rs131736,CT,TT,CC,1,49,6,NC_000022.11,Mutation NB - Maternal Origin,Transition - Pyrimidine/Pyrimidine,T>C
