1228915,rs148386779,CC,CC,CT,43,55,99,NC_000001.11,Mutation NB - Paternal Origin,Transition - Pyrimidine/Pyrimidine,Unsolved
2441990,rs145361162,GG,GG,GA,52,52,99,NC_000001.11,Mutation NB - Paternal or Maternal,Transition - Purine/Purine,Unsolved
3081458,rs2788094,CC,CC,CT,55,56,99,NC_000001.11,Mutation NB - Paternal Origin,Transition - Pyrimidine/Pyrimidine,Unsolved
3082370,rs2742686,CC,CC,TC,1,1,99,NC_000001.11,Mutation NB - Paternal or Maternal,Transition - Pyrimidine/Pyrimidine,Unsolved
3229990,rs2651887,GG,GG,GT,51,48,99,NC_000001.11,Mutation NB - Maternal Origin,Transversion - Purine/Pyrimidine,Unsolved
3229994,rs2817155,GG,GG,GA,51,48,99,NC_000001.11,Mutation NB - Maternal Origin,Transition - Purine/Purine,Unsolved
3230035,rs2651886,GG,GG,GC,51,48,99,NC_000001.11,Mutation NB - Maternal Origin,Transition - Purine/Purine,Transversion - Purine/Pyrimidine,Unsolved
3407645,rs2493303,CC,GG,GG,25,1,60,NC_000001.11,Mutation NB - Paternal Origin,Transversion - Purine/Pyrimidine,C>G
3566024,rs12749547,CC,CC,CT,61,54,99,NC_000001.11,Mutation NB - Maternal Origin,Transition - Pyrimidine/Pyrimidine,Unsolved
3720895,rs12731705,CC,CC,CT,43,40,99,NC_000001.11,Mutation NB - Maternal Origin,Transition - Pyrimidine/Pyrimidine,Unsolved
4467281,rs350167,CC,CC,TC,76,64,99,NC_000001.11,Mutation NB - Maternal Origin,Transition - Pyrimidine/Pyrimidine,Unsolved
5077769,rs10915337,TT,CT,CC,1,1,40,NC_000001.11,Mutation NB - Paternal Origin,Transition - Pyrimidine/Pyrimidine,T>C
5726264,rs12131708,GG,GG,GA,40,51,99,NC_000001.11,Mutation NB - Paternal Origin,Transition - Purine/Purine,Unsolved
6083086,rs3789540,CC,CC,CT,76,58,99,NC_000001.11,Mutation NB - Maternal Origin,Transition - Pyrimidine/Pyrimidine,Unsolved
7107613,rs72640096,CC,CC,CT,51,49,99,NC_000001.11,Mutation NB - Maternal Origin,Transition - Pyrimidine/Pyrimidine,Unsolved
11138445,rs6701524,AA,AA,AG,48,57,99,NC_000001.11,Mutation NB - Paternal Origin,Transition - Purine/Purine,Unsolved
11238733,rs2024627,CC,CC,TC,64,79,99,NC_000001.11,Mutation NB - Paternal Origin,Transition - Pyrimidine/Pyrimidine,Unsolved
12798928,rs1321584533,TT,TT,TC,64,46,99,NC_000001.11,Mutation NB - Maternal Origin,Transition - Pyrimidine/Pyrimidine,Unsolved
12798948,rs145298241,GG,GG,GC,46,46,99,NC_000001.11,Mutation NB - Paternal or Maternal,Transition - Purine/Purine,Transversion - Purine/Pyrimidine,Unsolved
12798966,rs148643937,GG,GG,GT,46,70,99,NC_000001.11,Mutation NB - Paternal Origin,Transversion - Purine/Pyrimidine,Unsolved
13983215,rs12121969,TT,GG,GG,13,1,46,NC_000001.11,Mutation NB - Paternal Origin,Transversion - Purine/Pyrimidine,T>G
14552416,rs35030992,GG,GG,GA,73,40,99,NC_000001.11,Mutation NB - Maternal Origin,Transition - Purine/Purine,Unsolved
14753782,rs74682576,CC,CC,CT,51,40,99,NC_000001.11,Mutation NB - Maternal Origin,Transition - Pyrimidine/Pyrimidine,Unsolved
15003804,rs10803338,CC,CT,TT,55,1,87,NC_000001.11,Mutation NB - Paternal Origin,Transition - Pyrimidine/Pyrimidine,C>T
16619841,rs11586784,GG,GG,GA,40,40,99,NC_000001.11,Mutation NB - Paternal or Maternal,Transition - Purine/Purine,Unsolved
16619942,rs2262202,CC,CC,CT,76,70,99,NC_000001.11,Mutation NB - Maternal Origin,Transition - Pyrimidine/Pyrimidine,Unsolved
16946901,rs7537468,AA,AA,AG,45,40,99,NC_000001.11,Mutation NB - Maternal Origin,Transition - Purine/Purine,Unsolved
16946949,rs7545185,GG,GG,GA,40,40,99,NC_000001.11,Mutation NB - Paternal or Maternal,Transition - Purine/Purine,Unsolved
17603477,rs75764220,GG,GT,TT,40,1,60,NC_000001.11,Mutation NB - Paternal Origin,Transversion - Purine/Pyrimidine,G>T
17603495,rs111461054,AA,AC,CC,51,1,60,NC_000001.11,Mutation NB - Paternal Origin,Transversion - Purine/Pyrimidine,A>C
17719448,rs6660824,GG,GG,GA,79,60,99,NC_000001.11,Mutation NB - Maternal Origin,Transition - Purine/Purine,Unsolved
21218298,rs6701077,CC,CC,TC,76,1,99,NC_000001.11,Mutation NB - Maternal Origin,Transition - Pyrimidine/Pyrimidine,Unsolved
21586948,rs61743290,GG,GG,GA,55,40,99,NC_000001.11,Mutation NB - Maternal Origin,Transition - Purine/Purine,Unsolved
21933815,rs11587857,CC,TT,TT,46,1,54,NC_000001.11,Mutation NB - Paternal Origin,Transition - Pyrimidine/Pyrimidine,C>T
22172106,rs2807368,GG,AG,AA,1,1,60,NC_000001.11,Mutation NB - Paternal Origin,Transition - Purine/Purine,G>A
22177174,rs2744705,CC,TT,TT,31,58,39,NC_000001.11,Mutation NB - Paternal Origin,Transition - Pyrimidine/Pyrimidine,C>T
22177283,rs10737465,CC,TT,TT,73,67,57,NC_000001.11,Mutation NB - Paternal Origin,Transition - Pyrimidine/Pyrimidine,C>T
26066333,rs35123100,CC,CC,CA,40,40,99,NC_000001.11,Mutation NB - Paternal or Maternal,Transversion - Purine/Pyrimidine,Unsolved
26367754,rs10794531,TT,TT,TC,54,40,99,NC_000001.11,Mutation NB - Maternal Origin,Transition - Pyrimidine/Pyrimidine,Unsolved
27421136,rs2474291,GG,GG,TG,79,67,99,NC_000001.11,Mutation NB - Maternal Origin,Transversion - Purine/Pyrimidine,Unsolved
29104560,rs12408688,CC,CT,TT,51,1,78,NC_000001.11,Mutation NB - Paternal Origin,Transition - Pyrimidine/Pyrimidine,C>T
29247211,rs2819602,CC,CT,TT,43,1,57,NC_000001.11,Mutation NB - Paternal Origin,Transition - Pyrimidine/Pyrimidine,C>T
32994276,rs78866687,CC,CC,CT,79,64,99,NC_000001.11,Mutation NB - Maternal Origin,Transition - Pyrimidine/Pyrimidine,Unsolved
34104983,rs1564720,AA,GG,GG,1,1,39,NC_000001.11,Mutation NB - Paternal Origin,Transition - Purine/Purine,A>G
34776983,rs28722882,CC,CC,CT,40,55,99,NC_000001.11,Mutation NB - Paternal Origin,Transition - Pyrimidine/Pyrimidine,Unsolved
34977178,rs72896074,GG,GG,GA,58,54,99,NC_000001.11,Mutation NB - Maternal Origin,Transition - Purine/Purine,Unsolved
35210852,rs11264118,AA,AA,AT,64,49,99,NC_000001.11,Mutation NB - Maternal Origin,Transversion - Purine/Pyrimidine,Unsolved
36555613,rs12042056,GG,GG,CG,34,76,99,NC_000001.11,Mutation NB - Paternal Origin,Transition - Purine/Purine,Transversion - Purine/Pyrimidine,Unsolved
37948588,rs28457814,CC,GG,GG,40,1,69,NC_000001.11,Mutation NB - Paternal Origin,Transversion - Purine/Pyrimidine,C>G
39510926,rs1687185,CC,CC,CA,79,79,99,NC_000001.11,Mutation NB - Paternal or Maternal,Transversion - Purine/Pyrimidine,Unsolved
40303912,rs6684531,TT,TT,TC,43,49,99,NC_000001.11,Mutation NB - Paternal Origin,Transition - Pyrimidine/Pyrimidine,Unsolved
41614341,rs75376092,GG,GG,GT,67,58,99,NC_000001.11,Mutation NB - Maternal Origin,Transversion - Purine/Pyrimidine,Unsolved
42881198,rs12058439,AA,AA,AG,55,40,99,NC_000001.11,Mutation NB - Maternal Origin,Transition - Purine/Purine,Unsolved
43268013,rs12059916,GG,GG,GT,46,60,99,NC_000001.11,Mutation NB - Paternal Origin,Transversion - Purine/Pyrimidine,Unsolved
45008393,rs72887050,GG,GG,GA,49,46,99,NC_000001.11,Mutation NB - Maternal Origin,Transition - Purine/Purine,Unsolved
47819311,rs12133158,CC,CC,CG,61,44,99,NC_000001.11,Mutation NB - Maternal Origin,Transversion - Purine/Pyrimidine,Unsolved
48577757,rs2803274,AA,CC,CC,1,1,42,NC_000001.11,Mutation NB - Paternal Origin,Transversion - Purine/Pyrimidine,A>C
54096771,rs7524477,AA,AA,AG,61,67,99,NC_000001.11,Mutation NB - Paternal Origin,Transition - Purine/Purine,Unsolved
54154173,rs644790,AA,AA,TA,52,49,99,NC_000001.11,Mutation NB - Maternal Origin,Transversion - Purine/Pyrimidine,Unsolved
54943451,rs2081706,CC,CC,CT,46,64,99,NC_000001.11,Mutation NB - Paternal Origin,Transition - Pyrimidine/Pyrimidine,Unsolved
70804096,rs2494201,GG,AG,AA,79,1,30,NC_000001.11,Mutation NB - Paternal Origin,Transition - Purine/Purine,G>A
78211964,rs618063,GG,GG,GT,43,51,99,NC_000001.11,Mutation NB - Paternal Origin,Transversion - Purine/Pyrimidine,Unsolved
79007402,rs1412730,TT,TT,CT,70,79,99,NC_000001.11,Mutation NB - Paternal Origin,Transition - Pyrimidine/Pyrimidine,Unsolved
89984693,rs7519620,CC,CC,CT,46,52,99,NC_000001.11,Mutation NB - Paternal Origin,Transition - Pyrimidine/Pyrimidine,Unsolved
94625121,rs12738550,AA,GG,GG,73,1,33,NC_000001.11,Mutation NB - Paternal Origin,Transition - Purine/Purine,A>G
95091664,rs6690421,CC,TT,TT,54,1,87,NC_000001.11,Mutation NB - Paternal Origin,Transition - Pyrimidine/Pyrimidine,C>T
96150768,rs2139984,AA,AC,CC,67,1,27,NC_000001.11,Mutation NB - Paternal Origin,Transversion - Purine/Pyrimidine,A>C
100372761,rs74780928,GG,GG,GA,70,58,99,NC_000001.11,Mutation NB - Maternal Origin,Transition - Purine/Purine,Unsolved
102121100,rs6577305,TT,TT,TC,52,40,99,NC_000001.11,Mutation NB - Maternal Origin,Transition - Pyrimidine/Pyrimidine,Unsolved
103405201,rs12120990,TT,TT,TA,57,52,99,NC_000001.11,Mutation NB - Maternal Origin,Transition - Pyrimidine/Pyrimidine,Transversion - Purine/Pyrimidine,Unsolved
110514192,rs1281178,TT,TC,CC,46,1,27,NC_000001.11,Mutation NB - Paternal Origin,Transition - Pyrimidine/Pyrimidine,T>C
114189098,rs2358810,GG,GT,TT,76,1,45,NC_000001.11,Mutation NB - Paternal Origin,Transversion - Purine/Pyrimidine,G>T
119481881,rs4077147,TT,CC,CC,49,16,42,NC_000001.11,Mutation NB - Paternal Origin,Transition - Pyrimidine/Pyrimidine,T>C
124967129,rs1375426688,GG,GG,GA,52,70,99,NC_000001.11,Mutation NB - Paternal Origin,Transition - Purine/Purine,Unsolved
143680084,rs828495,AA,GG,GG,28,1,24,NC_000001.11,Mutation NB - Paternal Origin,Transition - Purine/Purine,A>G
147816923,rs35977143,AA,AA,AT,67,46,99,NC_000001.11,Mutation NB - Maternal Origin,Transversion - Purine/Pyrimidine,Unsolved
151757013,rs10218531,TT,TA,AA,40,1,30,NC_000001.11,Mutation NB - Paternal Origin,Transversion - Purine/Pyrimidine,T>A
156250543,rs147296090,GG,GG,GA,40,47,99,NC_000001.11,Mutation NB - Paternal Origin,Transition - Purine/Purine,Unsolved
157363931,rs9427267,TT,TT,TC,52,43,99,NC_000001.11,Mutation NB - Maternal Origin,Transition - Pyrimidine/Pyrimidine,Unsolved
157589559,rs113916332,TT,TT,TC,43,55,99,NC_000001.11,Mutation NB - Paternal Origin,Transition - Pyrimidine/Pyrimidine,Unsolved
157678753,rs2282284,TT,TT,TC,67,55,99,NC_000001.11,Mutation NB - Maternal Origin,Transition - Pyrimidine/Pyrimidine,Unsolved
158078819,rs115138606,GG,GG,GA,55,40,99,NC_000001.11,Mutation NB - Maternal Origin,Transition - Purine/Purine,Unsolved
159453665,rs186001505,CC,CC,CT,79,64,99,NC_000001.11,Mutation NB - Maternal Origin,Transition - Pyrimidine/Pyrimidine,Unsolved
159493918,rs12144366,CC,CC,CT,61,40,99,NC_000001.11,Mutation NB - Maternal Origin,Transition - Pyrimidine/Pyrimidine,Unsolved
159774055,rs7519478,CC,CT,TT,61,1,97,NC_000001.11,Mutation NB - Paternal Origin,Transition - Pyrimidine/Pyrimidine,C>T
160045756,rs113593177,GG,GG,GA,58,55,99,NC_000001.11,Mutation NB - Maternal Origin,Transition - Purine/Purine,Unsolved
162112032,rs7512106,CC,CC,CT,46,52,99,NC_000001.11,Mutation NB - Paternal Origin,Transition - Pyrimidine/Pyrimidine,Unsolved
163513487,rs72699445,CC,CC,CG,76,55,99,NC_000001.11,Mutation NB - Maternal Origin,Transversion - Purine/Pyrimidine,Unsolved
163513503,rs78929218,CC,CC,CG,76,55,99,NC_000001.11,Mutation NB - Maternal Origin,Transversion - Purine/Pyrimidine,Unsolved
166817117,rs6427035,GG,GG,GA,58,60,99,NC_000001.11,Mutation NB - Paternal Origin,Transition - Purine/Purine,Unsolved
169336191,rs139090718,GG,GG,GA,40,49,99,NC_000001.11,Mutation NB - Paternal Origin,Transition - Purine/Purine,Unsolved
170250892,rs10919341,GG,GA,AA,40,1,33,NC_000001.11,Mutation NB - Paternal Origin,Transition - Purine/Purine,G>A
170251061,rs1556497,CC,TC,TT,13,1,58,NC_000001.11,Mutation NB - Paternal Origin,Transition - Pyrimidine/Pyrimidine,C>T
170811292,rs12022507,AA,TT,TT,67,1,45,NC_000001.11,Mutation NB - Paternal Origin,Transversion - Purine/Pyrimidine,A>T
173095637,rs12060864,CC,TT,TT,1,1,24,NC_000001.11,Mutation NB - Paternal Origin,Transition - Pyrimidine/Pyrimidine,C>T
175079008,rs17374584,TT,GT,GG,1,1,40,NC_000001.11,Mutation NB - Paternal Origin,Transversion - Purine/Pyrimidine,T>G
175338507,rs10798387,AA,GA,GG,37,1,60,NC_000001.11,Mutation NB - Paternal Origin,Transition - Purine/Purine,A>G
175870373,rs12034224,CC,TT,TT,40,1,39,NC_000001.11,Mutation NB - Paternal Origin,Transition - Pyrimidine/Pyrimidine,C>T
177259376,rs6674326,GG,AA,AA,55,1,99,NC_000001.11,Mutation NB - Paternal Origin,Transition - Purine/Purine,G>A
180254443,rs357067,GG,GG,GA,40,46,99,NC_000001.11,Mutation NB - Paternal Origin,Transition - Purine/Purine,Unsolved
180545790,rs6694454,GG,GG,GA,40,58,99,NC_000001.11,Mutation NB - Paternal Origin,Transition - Purine/Purine,Unsolved
181130450,rs7517776,TT,CC,CC,67,1,24,NC_000001.11,Mutation NB - Paternal Origin,Transition - Pyrimidine/Pyrimidine,T>C
184661903,rs6662416,AA,AA,CA,79,64,99,NC_000001.11,Mutation NB - Maternal Origin,Transversion - Purine/Pyrimidine,Unsolved
186550885,rs6690318,AA,AA,AG,61,52,99,NC_000001.11,Mutation NB - Maternal Origin,Transition - Purine/Purine,Unsolved
191025104,rs9970366,GG,GG,GA,40,40,99,NC_000001.11,Mutation NB - Paternal or Maternal,Transition - Purine/Purine,Unsolved
192206244,rs12037701,TT,CT,CC,70,1,48,NC_000001.11,Mutation NB - Paternal Origin,Transition - Pyrimidine/Pyrimidine,T>C
193104723,rs12118724,GG,GG,GA,55,57,99,NC_000001.11,Mutation NB - Paternal Origin,Transition - Purine/Purine,Unsolved
193979037,rs78897285,GG,GG,GT,49,67,99,NC_000001.11,Mutation NB - Paternal Origin,Transversion - Purine/Pyrimidine,Unsolved
200992755,rs59682551,TT,TT,TG,61,46,99,NC_000001.11,Mutation NB - Maternal Origin,Transition - Pyrimidine/Pyrimidine,Transversion - Purine/Pyrimidine,Unsolved
201396998,rs61152181,GG,GG,GA,51,62,99,NC_000001.11,Mutation NB - Paternal Origin,Transition - Purine/Purine,Unsolved
202018263,rs55676242,GG,GG,GC,61,40,99,NC_000001.11,Mutation NB - Maternal Origin,Transition - Purine/Purine,Transversion - Purine/Pyrimidine,Unsolved
202938551,rs114984724,CC,CC,CT,76,40,99,NC_000001.11,Mutation NB - Maternal Origin,Transition - Pyrimidine/Pyrimidine,Unsolved
203486970,rs1050083,TT,TT,TC,56,43,99,NC_000001.11,Mutation NB - Maternal Origin,Transition - Pyrimidine/Pyrimidine,Unsolved
204883765,rs4370813,GG,GG,GA,46,52,99,NC_000001.11,Mutation NB - Paternal Origin,Transition - Purine/Purine,Unsolved
204959331,rs4950974,TT,CT,CC,1,1,60,NC_000001.11,Mutation NB - Paternal Origin,Transition - Pyrimidine/Pyrimidine,T>C
205895768,rs112757221,GG,GG,GT,40,70,99,NC_000001.11,Mutation NB - Paternal Origin,Transversion - Purine/Pyrimidine,Unsolved
206130853,rs28703656,TT,TT,TC,58,52,99,NC_000001.11,Mutation NB - Maternal Origin,Transition - Pyrimidine/Pyrimidine,Unsolved
206966024,rs114880641,AA,AA,AG,40,49,99,NC_000001.11,Mutation NB - Paternal Origin,Transition - Purine/Purine,Unsolved
207024426,rs57949055,GG,GG,GA,79,55,99,NC_000001.11,Mutation NB - Maternal Origin,Transition - Purine/Purine,Unsolved
209047394,rs1010692,GG,TT,TT,2,1,39,NC_000001.11,Mutation NB - Paternal Origin,Transversion - Purine/Pyrimidine,G>T
209210067,rs1933616,AA,AA,CA,64,58,99,NC_000001.11,Mutation NB - Maternal Origin,Transversion - Purine/Pyrimidine,Unsolved
209626885,rs2076349,CC,CC,CT,58,52,99,NC_000001.11,Mutation NB - Maternal Origin,Transition - Pyrimidine/Pyrimidine,Unsolved
211534444,rs73073114,CC,CC,CT,61,52,99,NC_000001.11,Mutation NB - Maternal Origin,Transition - Pyrimidine/Pyrimidine,Unsolved
212960811,rs112995590,CC,CC,CT,61,57,99,NC_000001.11,Mutation NB - Maternal Origin,Transition - Pyrimidine/Pyrimidine,Unsolved
213663920,rs6658536,AA,AA,AT,76,57,99,NC_000001.11,Mutation NB - Maternal Origin,Transversion - Purine/Pyrimidine,Unsolved
215721094,rs2820707,AA,AA,AG,55,40,99,NC_000001.11,Mutation NB - Maternal Origin,Transition - Purine/Purine,Unsolved
216884140,rs1436899,AA,AG,GG,55,1,69,NC_000001.11,Mutation NB - Paternal Origin,Transition - Purine/Purine,A>G
221285060,rs190872505,CC,CC,CT,40,40,99,NC_000001.11,Mutation NB - Paternal or Maternal,Transition - Pyrimidine/Pyrimidine,Unsolved
221473808,rs11578091,CC,CC,CT,49,51,99,NC_000001.11,Mutation NB - Paternal Origin,Transition - Pyrimidine/Pyrimidine,Unsolved
222050112,rs2584319,CC,CC,TC,73,40,99,NC_000001.11,Mutation NB - Maternal Origin,Transition - Pyrimidine/Pyrimidine,Unsolved
222420789,rs73119096,GG,GG,GC,61,40,99,NC_000001.11,Mutation NB - Maternal Origin,Transition - Purine/Purine,Transversion - Purine/Pyrimidine,Unsolved
223352506,rs870486,GG,CC,CC,61,1,42,NC_000001.11,Mutation NB - Paternal Origin,Transversion - Purine/Pyrimidine,G>C
225888898,rs35273824,CC,CC,CT,40,49,99,NC_000001.11,Mutation NB - Paternal Origin,Transition - Pyrimidine/Pyrimidine,Unsolved
226379307,rs732284,CC,CC,CG,41,57,99,NC_000001.11,Mutation NB - Paternal Origin,Transversion - Purine/Pyrimidine,Unsolved
227471052,rs1587158,AA,AA,GA,64,58,99,NC_000001.11,Mutation NB - Maternal Origin,Transition - Purine/Purine,Unsolved
230757841,rs12145175,GG,GA,AA,58,1,89,NC_000001.11,Mutation NB - Paternal Origin,Transition - Purine/Purine,G>A
233274301,rs11583596,GG,GG,GA,46,46,99,NC_000001.11,Mutation NB - Paternal or Maternal,Transition - Purine/Purine,Unsolved
236895062,rs12070633,CC,TT,TT,60,1,54,NC_000001.11,Mutation NB - Paternal Origin,Transition - Pyrimidine/Pyrimidine,C>T
238793347,rs2841358,AC,AC,AT,1,1,99,NC_000001.11,Mutation NB - Paternal or Maternal,Transversion - Purine/Pyrimidine,Transition - Pyrimidine/Pyrimidine,Unsolved
243937100,rs524489,TT,TT,TC,49,52,99,NC_000001.11,Mutation NB - Paternal Origin,Transition - Pyrimidine/Pyrimidine,Unsolved
246220268,rs6683143,GG,GG,GA,54,40,99,NC_000001.11,Mutation NB - Maternal Origin,Transition - Purine/Purine,Unsolved
246522138,rs72760875,TT,GT,GG,34,1,48,NC_000001.11,Mutation NB - Paternal Origin,Transversion - Purine/Pyrimidine,T>G
246522180,rs72760876,AA,GG,GG,37,1,48,NC_000001.11,Mutation NB - Paternal Origin,Transition - Purine/Purine,A>G
246782719,rs4926457,CC,GC,GG,67,1,60,NC_000001.11,Mutation NB - Paternal Origin,Transversion - Purine/Pyrimidine,C>G
247111916,rs141557009,CC,CC,CG,48,40,99,NC_000001.11,Mutation NB - Maternal Origin,Transversion - Purine/Pyrimidine,Unsolved
248671467,rs56680454,TT,TT,TC,48,58,99,NC_000001.11,Mutation NB - Paternal Origin,Transition - Pyrimidine/Pyrimidine,Unsolved
209622,rs300753,TT,TT,CT,67,52,99,NC_000002.12,Mutation NB - Maternal Origin,Transition - Pyrimidine/Pyrimidine,Unsolved
602292,rs1316803,CC,CG,GG,60,1,87,NC_000002.12,Mutation NB - Paternal Origin,Transversion - Purine/Pyrimidine,C>G
983161,rs13405305,CC,CC,CT,55,48,99,NC_000002.12,Mutation NB - Maternal Origin,Transition - Pyrimidine/Pyrimidine,Unsolved
983265,rs12714436,TT,TT,TC,79,61,99,NC_000002.12,Mutation NB - Maternal Origin,Transition - Pyrimidine/Pyrimidine,Unsolved
2326414,rs143868059,GG,GG,GA,67,40,99,NC_000002.12,Mutation NB - Maternal Origin,Transition - Purine/Purine,Unsolved
2703431,rs12998974,GG,AG,AA,70,1,60,NC_000002.12,Mutation NB - Paternal Origin,Transition - Purine/Purine,G>A
3062637,rs4078219,CC,TT,TT,25,1,51,NC_000002.12,Mutation NB - Paternal Origin,Transition - Pyrimidine/Pyrimidine,C>T
4014515,rs150915545,GG,GG,GA,79,49,99,NC_000002.12,Mutation NB - Maternal Origin,Transition - Purine/Purine,Unsolved
9661564,rs4669408,GG,CG,CC,1,1,60,NC_000002.12,Mutation NB - Paternal Origin,Transversion - Purine/Pyrimidine,G>C
9661649,rs4669410,CC,TC,TT,40,1,27,NC_000002.12,Mutation NB - Paternal Origin,Transition - Pyrimidine/Pyrimidine,C>T
9661650,rs4669411,AA,GA,GG,40,1,27,NC_000002.12,Mutation NB - Paternal Origin,Transition - Purine/Purine,A>G
9661659,rs60343674,GG,GA,AA,40,1,27,NC_000002.12,Mutation NB - Paternal Origin,Transition - Purine/Purine,G>A
10834363,rs11903377,CC,CC,CT,76,79,99,NC_000002.12,Mutation NB - Paternal Origin,Transition - Pyrimidine/Pyrimidine,Unsolved
11010079,rs56401339,CC,CC,CT,61,76,99,NC_000002.12,Mutation NB - Paternal Origin,Transition - Pyrimidine/Pyrimidine,Unsolved
14570240,rs4516400,TT,AT,AA,73,1,21,NC_000002.12,Mutation NB - Paternal Origin,Transversion - Purine/Pyrimidine,T>A
15653958,rs36047816,CC,CC,CG,49,51,99,NC_000002.12,Mutation NB - Paternal Origin,Transversion - Purine/Pyrimidine,Unsolved
17292371,rs9989751,GG,GG,AG,79,22,99,NC_000002.12,Mutation NB - Maternal Origin,Transition - Purine/Purine,Unsolved
19370165,rs9306881,AA,GG,GG,40,1,30,NC_000002.12,Mutation NB - Paternal Origin,Transition - Purine/Purine,A>G
20136316,rs4233757,GG,GA,AA,40,1,99,NC_000002.12,Mutation NB - Paternal Origin,Transition - Purine/Purine,G>A
20492439,rs12465408,CC,CC,CT,79,48,99,NC_000002.12,Mutation NB - Maternal Origin,Transition - Pyrimidine/Pyrimidine,Unsolved
20676626,rs746776,GG,GA,AA,58,1,99,NC_000002.12,Mutation NB - Paternal Origin,Transition - Purine/Purine,G>A
20676976,rs10856801,TT,CC,CC,49,1,99,NC_000002.12,Mutation NB - Paternal Origin,Transition - Pyrimidine/Pyrimidine,T>C
21423564,rs12713592,AA,GG,GG,73,1,49,NC_000002.12,Mutation NB - Paternal Origin,Transition - Purine/Purine,A>G
23487680,rs10169643,CC,CC,GC,76,19,99,NC_000002.12,Mutation NB - Maternal Origin,Transversion - Purine/Pyrimidine,Unsolved
28245647,rs17676954,AA,AA,AG,46,54,99,NC_000002.12,Mutation NB - Paternal Origin,Transition - Purine/Purine,Unsolved
28245652,rs62139143,GG,GG,GA,46,40,99,NC_000002.12,Mutation NB - Maternal Origin,Transition - Purine/Purine,Unsolved
28590612,rs2049688,TT,CC,CC,70,1,27,NC_000002.12,Mutation NB - Paternal Origin,Transition - Pyrimidine/Pyrimidine,T>C
28590729,rs13400414,AA,AG,GG,64,1,45,NC_000002.12,Mutation NB - Paternal Origin,Transition - Purine/Purine,A>G
29024917,rs6739537,GG,GG,GC,79,49,99,NC_000002.12,Mutation NB - Maternal Origin,Transition - Purine/Purine,Transversion - Purine/Pyrimidine,Unsolved
30498637,rs1880540,AA,AA,AG,40,40,99,NC_000002.12,Mutation NB - Paternal or Maternal,Transition - Purine/Purine,Unsolved
33722343,rs2367959,AA,GA,GG,37,1,60,NC_000002.12,Mutation NB - Paternal Origin,Transition - Purine/Purine,A>G
35391777,rs71451214,CC,CC,CT,79,40,99,NC_000002.12,Mutation NB - Maternal Origin,Transition - Pyrimidine/Pyrimidine,Unsolved
36683712,rs72801311,TT,TT,TC,40,40,99,NC_000002.12,Mutation NB - Paternal or Maternal,Transition - Pyrimidine/Pyrimidine,Unsolved
38431040,rs3731846,AA,GA,GG,31,1,51,NC_000002.12,Mutation NB - Paternal Origin,Transition - Purine/Purine,A>G
41879556,rs13416049,GG,GG,GA,41,57,99,NC_000002.12,Mutation NB - Paternal Origin,Transition - Purine/Purine,Unsolved
42925164,rs17682575,CC,CT,TT,49,1,94,NC_000002.12,Mutation NB - Paternal Origin,Transition - Pyrimidine/Pyrimidine,C>T
43001075,rs10185272,TT,TT,TC,61,60,99,NC_000002.12,Mutation NB - Maternal Origin,Transition - Pyrimidine/Pyrimidine,Unsolved
45200623,rs11125008,AA,GA,GG,43,1,54,NC_000002.12,Mutation NB - Paternal Origin,Transition - Purine/Purine,A>G
46049791,rs77316248,GG,GG,GC,67,49,99,NC_000002.12,Mutation NB - Maternal Origin,Transition - Purine/Purine,Transversion - Purine/Pyrimidine,Unsolved
46506251,rs13005507,CC,CC,CG,61,61,99,NC_000002.12,Mutation NB - Paternal or Maternal,Transversion - Purine/Pyrimidine,Unsolved
46873860,rs72804495,TT,TT,TC,47,40,99,NC_000002.12,Mutation NB - Maternal Origin,Transition - Pyrimidine/Pyrimidine,Unsolved
46958575,rs114700821,CC,CC,CT,67,59,99,NC_000002.12,Mutation NB - Maternal Origin,Transition - Pyrimidine/Pyrimidine,Unsolved
48155471,rs142066391,TT,TT,TC,40,40,99,NC_000002.12,Mutation NB - Paternal or Maternal,Transition - Pyrimidine/Pyrimidine,Unsolved
49802973,rs111737962,CC,CC,CT,40,55,99,NC_000002.12,Mutation NB - Paternal Origin,Transition - Pyrimidine/Pyrimidine,Unsolved
51952626,rs142868247,AA,AA,AG,45,70,99,NC_000002.12,Mutation NB - Paternal Origin,Transition - Purine/Purine,Unsolved
60555314,rs955597207,GG,GG,GT,58,52,99,NC_000002.12,Mutation NB - Maternal Origin,Transversion - Purine/Pyrimidine,Unsolved
64912010,rs2901721,GG,TT,TT,64,37,24,NC_000002.12,Mutation NB - Paternal Origin,Transversion - Purine/Pyrimidine,G>T
68304074,rs1838197,CC,AC,AA,1,1,42,NC_000002.12,Mutation NB - Paternal Origin,Transversion - Purine/Pyrimidine,C>A
70822974,rs7575859,CC,CC,CT,54,73,99,NC_000002.12,Mutation NB - Paternal Origin,Transition - Pyrimidine/Pyrimidine,Unsolved
70823013,rs7575872,CC,CC,CT,54,55,99,NC_000002.12,Mutation NB - Paternal Origin,Transition - Pyrimidine/Pyrimidine,Unsolved
70823042,rs7575952,CC,CC,CT,54,55,99,NC_000002.12,Mutation NB - Paternal Origin,Transition - Pyrimidine/Pyrimidine,Unsolved
71092677,rs6546669,GG,AG,AA,40,1,60,NC_000002.12,Mutation NB - Paternal Origin,Transition - Purine/Purine,G>A
71710990,rs66824662,TT,TT,TG,64,70,99,NC_000002.12,Mutation NB - Paternal Origin,Transition - Pyrimidine/Pyrimidine,Transversion - Purine/Pyrimidine,Unsolved
73080571,rs142963385,GG,GG,GA,49,57,99,NC_000002.12,Mutation NB - Paternal Origin,Transition - Purine/Purine,Unsolved
75241284,rs72809368,GG,GG,GT,79,49,99,NC_000002.12,Mutation NB - Maternal Origin,Transversion - Purine/Pyrimidine,Unsolved
75878276,rs60594017,TT,AA,AA,70,49,51,NC_000002.12,Mutation NB - Paternal Origin,Transversion - Purine/Pyrimidine,T>A
78046271,rs12477414,CC,CC,TC,76,9,99,NC_000002.12,Mutation NB - Maternal Origin,Transition - Pyrimidine/Pyrimidine,Unsolved
81796014,rs139652489,AA,AA,AG,70,52,99,NC_000002.12,Mutation NB - Maternal Origin,Transition - Purine/Purine,Unsolved
94890362,rs13396622,TT,TT,AT,1,1,99,NC_000002.12,Mutation NB - Paternal or Maternal,Transition - Pyrimidine/Pyrimidine,Transversion - Purine/Pyrimidine,Unsolved
96403874,rs687950,GG,CC,CC,58,1,99,NC_000002.12,Mutation NB - Paternal Origin,Transversion - Purine/Pyrimidine,G>C
96410905,rs596069,AA,GG,GG,58,1,72,NC_000002.12,Mutation NB - Paternal Origin,Transition - Purine/Purine,A>G
96686103,rs7599598,AA,AA,AG,61,40,99,NC_000002.12,Mutation NB - Maternal Origin,Transition - Purine/Purine,Unsolved
96687988,rs868168,GG,GG,GA,51,40,99,NC_000002.12,Mutation NB - Maternal Origin,Transition - Purine/Purine,Unsolved
96891282,rs13423092,TT,TC,CC,70,1,72,NC_000002.12,Mutation NB - Paternal Origin,Transition - Pyrimidine/Pyrimidine,T>C
100405355,rs186518700,CC,CC,CG,40,52,99,NC_000002.12,Mutation NB - Paternal Origin,Transversion - Purine/Pyrimidine,Unsolved
100475072,rs6715417,AA,AA,AG,79,64,99,NC_000002.12,Mutation NB - Maternal Origin,Transition - Purine/Purine,Unsolved
101563141,rs7606836,AA,AA,AG,58,52,99,NC_000002.12,Mutation NB - Maternal Origin,Transition - Purine/Purine,Unsolved
105526477,rs2139110,TT,TT,CT,73,10,99,NC_000002.12,Mutation NB - Maternal Origin,Transition - Pyrimidine/Pyrimidine,Unsolved
105556797,rs79206168,CC,CC,CT,49,56,99,NC_000002.12,Mutation NB - Paternal Origin,Transition - Pyrimidine/Pyrimidine,Unsolved
105588244,rs6725735,CC,TT,TT,76,16,48,NC_000002.12,Mutation NB - Paternal Origin,Transition - Pyrimidine/Pyrimidine,C>T
106057076,rs17032235,GG,GG,AG,40,37,99,NC_000002.12,Mutation NB - Maternal Origin,Transition - Purine/Purine,Unsolved
106585483,rs11885649,TT,TC,CC,40,1,99,NC_000002.12,Mutation NB - Paternal Origin,Transition - Pyrimidine/Pyrimidine,T>C
109018348,rs7568610,TT,TT,TC,40,46,99,NC_000002.12,Mutation NB - Paternal Origin,Transition - Pyrimidine/Pyrimidine,Unsolved
109297025,rs35443558,AA,AA,AG,46,52,99,NC_000002.12,Mutation NB - Paternal Origin,Transition - Purine/Purine,Unsolved
113287805,rs13002606,CC,CC,GC,6,28,99,NC_000002.12,Mutation NB - Paternal Origin,Transversion - Purine/Pyrimidine,Unsolved
118843193,rs139728151,GG,GG,GA,52,40,99,NC_000002.12,Mutation NB - Maternal Origin,Transition - Purine/Purine,Unsolved
119306899,rs6542520,GG,GG,CG,73,61,99,NC_000002.12,Mutation NB - Maternal Origin,Transition - Purine/Purine,Transversion - Purine/Pyrimidine,Unsolved
120360455,rs7576192,GG,GG,AG,1,1,99,NC_000002.12,Mutation NB - Paternal or Maternal,Transition - Purine/Purine,Unsolved
120433258,rs6759689,TT,TT,TC,46,67,99,NC_000002.12,Mutation NB - Paternal Origin,Transition - Pyrimidine/Pyrimidine,Unsolved
120433335,rs6759810,TT,TT,TA,46,40,99,NC_000002.12,Mutation NB - Maternal Origin,Transition - Pyrimidine/Pyrimidine,Transversion - Purine/Pyrimidine,Unsolved
120477658,rs940676,CC,TC,TT,1,1,45,NC_000002.12,Mutation NB - Paternal Origin,Transition - Pyrimidine/Pyrimidine,C>T
120777563,rs10181299,GG,GG,TG,64,43,99,NC_000002.12,Mutation NB - Maternal Origin,Transversion - Purine/Pyrimidine,Unsolved
120796389,rs4848630,GG,AA,AA,61,1,87,NC_000002.12,Mutation NB - Paternal Origin,Transition - Purine/Purine,G>A
121338442,rs934940,CC,CC,CA,40,70,99,NC_000002.12,Mutation NB - Paternal Origin,Transversion - Purine/Pyrimidine,Unsolved
122001153,rs11679166,GG,GG,GA,61,79,99,NC_000002.12,Mutation NB - Paternal Origin,Transition - Purine/Purine,Unsolved
122131547,rs6746053,AA,AA,AG,61,54,99,NC_000002.12,Mutation NB - Maternal Origin,Transition - Purine/Purine,Unsolved
123081696,rs35541819,CC,CC,CT,54,51,99,NC_000002.12,Mutation NB - Maternal Origin,Transition - Pyrimidine/Pyrimidine,Unsolved
123081701,rs1154995,TT,TT,TC,54,51,99,NC_000002.12,Mutation NB - Maternal Origin,Transition - Pyrimidine/Pyrimidine,Unsolved
125358228,rs115746953,GG,GG,GT,55,73,99,NC_000002.12,Mutation NB - Paternal Origin,Transversion - Purine/Pyrimidine,Unsolved
127642858,rs74628990,GG,GG,GA,43,51,99,NC_000002.12,Mutation NB - Paternal Origin,Transition - Purine/Purine,Unsolved
128365878,rs2897293,TT,TG,GG,43,1,57,NC_000002.12,Mutation NB - Paternal Origin,Transversion - Purine/Pyrimidine,T>G
129943616,rs1922633,GG,GA,AA,61,1,99,NC_000002.12,Mutation NB - Paternal Origin,Transition - Purine/Purine,G>A
130129236,rs62163087,CC,CT,TT,61,1,84,NC_000002.12,Mutation NB - Paternal Origin,Transition - Pyrimidine/Pyrimidine,C>T
131672176,rs12465945,GG,CC,CC,61,1,75,NC_000002.12,Mutation NB - Paternal Origin,Transversion - Purine/Pyrimidine,G>C
132526280,rs66553309,TT,TT,TA,76,61,99,NC_000002.12,Mutation NB - Maternal Origin,Transition - Pyrimidine/Pyrimidine,Transversion - Purine/Pyrimidine,Unsolved
132799269,rs13004887,AA,GG,GG,53,1,39,NC_000002.12,Mutation NB - Paternal Origin,Transition - Purine/Purine,A>G
132799306,rs13006471,TT,CC,CC,1,1,39,NC_000002.12,Mutation NB - Paternal Origin,Transition - Pyrimidine/Pyrimidine,T>C
155193504,rs900990,AA,AA,AG,79,46,99,NC_000002.12,Mutation NB - Maternal Origin,Transition - Purine/Purine,Unsolved
155364025,rs12476912,TT,TT,TC,46,40,99,NC_000002.12,Mutation NB - Maternal Origin,Transition - Pyrimidine/Pyrimidine,Unsolved
162028679,rs1479095472,TT,TT,TC,79,55,99,NC_000002.12,Mutation NB - Maternal Origin,Transition - Pyrimidine/Pyrimidine,Unsolved
172967206,rs16861098,CC,CT,TT,52,1,27,NC_000002.12,Mutation NB - Paternal Origin,Transition - Pyrimidine/Pyrimidine,C>T
184659915,rs2369593,GG,GG,AG,70,49,99,NC_000002.12,Mutation NB - Maternal Origin,Transition - Purine/Purine,Unsolved
188606406,rs13012993,TT,TT,CT,58,58,99,NC_000002.12,Mutation NB - Paternal or Maternal,Transition - Pyrimidine/Pyrimidine,Unsolved
191774612,rs10171346,TT,CT,CC,22,1,60,NC_000002.12,Mutation NB - Paternal Origin,Transition - Pyrimidine/Pyrimidine,T>C
192508315,rs62179866,GG,GG,GA,79,61,99,NC_000002.12,Mutation NB - Maternal Origin,Transition - Purine/Purine,Unsolved
195516751,rs35785148,GG,GG,GA,40,40,99,NC_000002.12,Mutation NB - Paternal or Maternal,Transition - Purine/Purine,Unsolved
205871377,rs7565070,CC,CC,TC,43,76,99,NC_000002.12,Mutation NB - Paternal Origin,Transition - Pyrimidine/Pyrimidine,Unsolved
206918603,rs76954271,CC,CC,CG,76,43,99,NC_000002.12,Mutation NB - Maternal Origin,Transversion - Purine/Pyrimidine,Unsolved
208227116,rs72976865,GG,GG,GT,52,61,99,NC_000002.12,Mutation NB - Paternal Origin,Transversion - Purine/Pyrimidine,Unsolved
208857881,rs9288401,GG,GG,GT,55,54,99,NC_000002.12,Mutation NB - Maternal Origin,Transversion - Purine/Pyrimidine,Unsolved
209113148,rs10932283,TT,TT,CT,43,34,99,NC_000002.12,Mutation NB - Maternal Origin,Transition - Pyrimidine/Pyrimidine,Unsolved
217555754,rs16857862,CC,TT,TT,1,1,39,NC_000002.12,Mutation NB - Paternal Origin,Transition - Pyrimidine/Pyrimidine,C>T
217955221,rs72951947,GG,GG,GA,61,40,99,NC_000002.12,Mutation NB - Maternal Origin,Transition - Purine/Purine,Unsolved
219475802,rs6745071,AA,CA,CC,46,1,41,NC_000002.12,Mutation NB - Paternal Origin,Transversion - Purine/Pyrimidine,A>C
219475818,rs6745082,TT,CT,CC,43,1,41,NC_000002.12,Mutation NB - Paternal Origin,Transition - Pyrimidine/Pyrimidine,T>C
219485780,rs10167337,GG,AG,AA,1,1,39,NC_000002.12,Mutation NB - Paternal Origin,Transition - Purine/Purine,G>A
227659449,rs58129342,GG,GG,GA,60,41,99,NC_000002.12,Mutation NB - Maternal Origin,Transition - Purine/Purine,Unsolved
227728631,rs4353644,CC,CT,TT,40,1,69,NC_000002.12,Mutation NB - Paternal Origin,Transition - Pyrimidine/Pyrimidine,C>T
230579668,rs12477212,GG,GC,CC,40,1,27,NC_000002.12,Mutation NB - Paternal Origin,Transversion - Purine/Pyrimidine,G>C
234690308,rs4663158,CC,CC,CT,46,60,99,NC_000002.12,Mutation NB - Paternal Origin,Transition - Pyrimidine/Pyrimidine,Unsolved
234690379,rs12987457,TT,TT,TC,46,42,99,NC_000002.12,Mutation NB - Maternal Origin,Transition - Pyrimidine/Pyrimidine,Unsolved
235409785,rs6753222,TT,CC,CC,19,1,51,NC_000002.12,Mutation NB - Paternal Origin,Transition - Pyrimidine/Pyrimidine,T>C
235840631,rs12692180,AA,AG,GG,46,1,99,NC_000002.12,Mutation NB - Paternal Origin,Transition - Purine/Purine,A>G
236729380,rs2123124,CC,CT,TT,60,1,81,NC_000002.12,Mutation NB - Paternal Origin,Transition - Pyrimidine/Pyrimidine,C>T
236989028,rs13024150,TT,TC,CC,64,1,72,NC_000002.12,Mutation NB - Paternal Origin,Transition - Pyrimidine/Pyrimidine,T>C
238451480,rs10178728,TT,TT,TA,40,51,99,NC_000002.12,Mutation NB - Paternal Origin,Transition - Pyrimidine/Pyrimidine,Transversion - Purine/Pyrimidine,Unsolved
238451513,rs10178808,TT,TT,TC,49,51,99,NC_000002.12,Mutation NB - Paternal Origin,Transition - Pyrimidine/Pyrimidine,Unsolved
238489203,rs493366,TT,TC,CC,40,1,81,NC_000002.12,Mutation NB - Paternal Origin,Transition - Pyrimidine/Pyrimidine,T>C
239476179,rs10179307,TT,CC,CC,40,1,21,NC_000002.12,Mutation NB - Paternal Origin,Transition - Pyrimidine/Pyrimidine,T>C
239502735,rs62180940,GG,GG,GA,58,56,99,NC_000002.12,Mutation NB - Maternal Origin,Transition - Purine/Purine,Unsolved
239580950,rs13387573,CC,CC,CT,51,49,99,NC_000002.12,Mutation NB - Maternal Origin,Transition - Pyrimidine/Pyrimidine,Unsolved
239961850,rs7577626,CC,CC,TC,37,9,99,NC_000002.12,Mutation NB - Maternal Origin,Transition - Pyrimidine/Pyrimidine,Unsolved
240186241,rs11902356,AA,AA,AT,60,51,99,NC_000002.12,Mutation NB - Maternal Origin,Transversion - Purine/Pyrimidine,Unsolved
240255621,rs10184658,AA,CA,CC,76,1,48,NC_000002.12,Mutation NB - Paternal Origin,Transversion - Purine/Pyrimidine,A>C
240424310,rs2352818,GG,GG,GA,55,55,99,NC_000002.12,Mutation NB - Paternal or Maternal,Transition - Purine/Purine,Unsolved
240595610,rs76051815,CC,CC,CT,40,55,99,NC_000002.12,Mutation NB - Paternal Origin,Transition - Pyrimidine/Pyrimidine,Unsolved
240622701,rs2953152,AA,GG,GG,1,1,45,NC_000002.12,Mutation NB - Paternal Origin,Transition - Purine/Purine,A>G
240628909,rs34236350,CC,CC,CT,61,70,99,NC_000002.12,Mutation NB - Paternal Origin,Transition - Pyrimidine/Pyrimidine,Unsolved
240915081,rs1017292709,GG,GG,GA,52,40,99,NC_000002.12,Mutation NB - Maternal Origin,Transition - Purine/Purine,Unsolved
240982765,rs4234090,TT,CC,CC,61,1,51,NC_000002.12,Mutation NB - Paternal Origin,Transition - Pyrimidine/Pyrimidine,T>C
240986783,rs76693428,GG,GG,GC,40,52,99,NC_000002.12,Mutation NB - Paternal Origin,Transition - Purine/Purine,Transversion - Purine/Pyrimidine,Unsolved
240992982,rs61308140,CC,CC,CG,79,46,99,NC_000002.12,Mutation NB - Maternal Origin,Transversion - Purine/Pyrimidine,Unsolved
241495394,rs9052,GG,GT,TT,56,1,90,NC_000002.12,Mutation NB - Paternal Origin,Transversion - Purine/Pyrimidine,G>T
4620119,rs2639802,CC,TT,TT,58,1,54,NC_000003.12,Mutation NB - Paternal Origin,Transition - Pyrimidine/Pyrimidine,C>T
5944235,rs7617275,TT,CT,CC,6,1,27,NC_000003.12,Mutation NB - Paternal Origin,Transition - Pyrimidine/Pyrimidine,T>C
6338349,rs157298,TT,TT,TC,52,49,99,NC_000003.12,Mutation NB - Maternal Origin,Transition - Pyrimidine/Pyrimidine,Unsolved
8040448,rs7648029,CC,GG,GG,54,1,69,NC_000003.12,Mutation NB - Paternal Origin,Transversion - Purine/Pyrimidine,C>G
9032454,rs17049960,AA,AA,AC,73,52,99,NC_000003.12,Mutation NB - Maternal Origin,Transversion - Purine/Pyrimidine,Unsolved
9338942,rs57857251,TT,TT,TC,57,60,99,NC_000003.12,Mutation NB - Paternal Origin,Transition - Pyrimidine/Pyrimidine,Unsolved
10227681,rs1678598,GG,GG,GT,61,40,99,NC_000003.12,Mutation NB - Maternal Origin,Transversion - Purine/Pyrimidine,Unsolved
13239805,rs76919469,GG,GG,GA,58,61,99,NC_000003.12,Mutation NB - Paternal Origin,Transition - Purine/Purine,Unsolved
13299792,rs7622096,AA,AA,AG,61,58,99,NC_000003.12,Mutation NB - Maternal Origin,Transition - Purine/Purine,Unsolved
13574223,rs73148628,CC,CC,CT,40,52,99,NC_000003.12,Mutation NB - Paternal Origin,Transition - Pyrimidine/Pyrimidine,Unsolved
13699417,rs9831150,CC,CC,CT,58,54,99,NC_000003.12,Mutation NB - Maternal Origin,Transition - Pyrimidine/Pyrimidine,Unsolved
13770538,rs9839026,CC,CC,GC,13,1,99,NC_000003.12,Mutation NB - Maternal Origin,Transversion - Purine/Pyrimidine,Unsolved
13773687,rs150469993,CC,CC,CT,60,45,99,NC_000003.12,Mutation NB - Maternal Origin,Transition - Pyrimidine/Pyrimidine,Unsolved
14152763,rs3731146,AA,AC,CC,52,1,84,NC_000003.12,Mutation NB - Paternal Origin,Transversion - Purine/Pyrimidine,A>C
14164948,rs3731116,GG,GG,GA,70,49,99,NC_000003.12,Mutation NB - Maternal Origin,Transition - Purine/Purine,Unsolved
14568177,rs58141452,GG,GG,GA,55,60,99,NC_000003.12,Mutation NB - Paternal Origin,Transition - Purine/Purine,Unsolved
14608753,rs62232619,CC,CC,CG,40,40,99,NC_000003.12,Mutation NB - Paternal or Maternal,Transversion - Purine/Pyrimidine,Unsolved
14912175,rs7627003,GG,GC,CC,53,1,81,NC_000003.12,Mutation NB - Paternal Origin,Transversion - Purine/Pyrimidine,G>C
15652463,rs55903210,GG,GG,GA,45,45,99,NC_000003.12,Mutation NB - Paternal or Maternal,Transition - Purine/Purine,Unsolved
18709581,rs13098953,AA,GG,GG,70,1,45,NC_000003.12,Mutation NB - Paternal Origin,Transition - Purine/Purine,A>G
20552488,rs9853008,GG,GA,AA,40,1,90,NC_000003.12,Mutation NB - Paternal Origin,Transition - Purine/Purine,G>A
22977163,rs79808738,AA,AA,AG,43,51,99,NC_000003.12,Mutation NB - Paternal Origin,Transition - Purine/Purine,Unsolved
23982162,rs6803212,TT,CC,CC,58,1,49,NC_000003.12,Mutation NB - Paternal Origin,Transition - Pyrimidine/Pyrimidine,T>C
26518008,rs13063974,GG,GG,GA,51,67,99,NC_000003.12,Mutation NB - Paternal Origin,Transition - Purine/Purine,Unsolved
30706325,rs6770525,GG,AG,AA,52,1,60,NC_000003.12,Mutation NB - Paternal Origin,Transition - Purine/Purine,G>A
31129026,rs1601503,TT,AA,AA,43,1,40,NC_000003.12,Mutation NB - Paternal Origin,Transversion - Purine/Pyrimidine,T>A
31129043,rs1843543,AA,CC,CC,43,1,40,NC_000003.12,Mutation NB - Paternal Origin,Transversion - Purine/Pyrimidine,A>C
31129044,rs1843544,GG,AA,AA,43,1,40,NC_000003.12,Mutation NB - Paternal Origin,Transition - Purine/Purine,G>A
31272608,rs7628394,TT,CC,CC,76,1,60,NC_000003.12,Mutation NB - Paternal Origin,Transition - Pyrimidine/Pyrimidine,T>C
32078058,rs147772324,TT,TT,TC,49,49,99,NC_000003.12,Mutation NB - Paternal or Maternal,Transition - Pyrimidine/Pyrimidine,Unsolved
32610840,rs57401507,GG,AA,AA,1,1,54,NC_000003.12,Mutation NB - Paternal Origin,Transition - Purine/Purine,G>A
32636265,rs7615958,GG,AA,AA,52,1,45,NC_000003.12,Mutation NB - Paternal Origin,Transition - Purine/Purine,G>A
32966114,rs4367010,TT,TT,CT,52,31,99,NC_000003.12,Mutation NB - Maternal Origin,Transition - Pyrimidine/Pyrimidine,Unsolved
34743503,rs13064876,AA,AA,AC,64,76,99,NC_000003.12,Mutation NB - Paternal Origin,Transversion - Purine/Pyrimidine,Unsolved
34999956,rs78962905,GG,GA,AA,67,1,27,NC_000003.12,Mutation NB - Paternal Origin,Transition - Purine/Purine,G>A
35144711,rs4678742,GG,TT,TT,1,1,42,NC_000003.12,Mutation NB - Paternal Origin,Transversion - Purine/Pyrimidine,G>T
35452787,rs73066696,AA,GG,GG,73,4,39,NC_000003.12,Mutation NB - Paternal Origin,Transition - Purine/Purine,A>G
37454076,rs57948536,TT,CC,CC,16,1,49,NC_000003.12,Mutation NB - Paternal Origin,Transition - Pyrimidine/Pyrimidine,T>C
38620042,rs9832895,TT,TC,CC,61,1,39,NC_000003.12,Mutation NB - Paternal Origin,Transition - Pyrimidine/Pyrimidine,T>C
41009998,rs11129891,GG,GA,AA,55,1,72,NC_000003.12,Mutation NB - Paternal Origin,Transition - Purine/Purine,G>A
45112216,rs35501071,AA,GG,GG,70,1,49,NC_000003.12,Mutation NB - Paternal Origin,Transition - Purine/Purine,A>G
45174601,rs28798103,GG,GG,GA,55,64,99,NC_000003.12,Mutation NB - Paternal Origin,Transition - Purine/Purine,Unsolved
45830418,rs3774643,CC,CC,CT,43,52,99,NC_000003.12,Mutation NB - Paternal Origin,Transition - Pyrimidine/Pyrimidine,Unsolved
48227019,rs2889854,TT,TT,GT,67,55,99,NC_000003.12,Mutation NB - Maternal Origin,Transition - Pyrimidine/Pyrimidine,Transversion - Purine/Pyrimidine,Unsolved
48680957,rs9877501,GG,CC,CC,1,1,60,NC_000003.12,Mutation NB - Paternal Origin,Transversion - Purine/Pyrimidine,G>C
49018355,rs3923475,CT,GG,GG,1,1,99,NC_000003.12,Mutation NB - Paternal Origin,Transversion - Purine/Pyrimidine,C>G,T>G
49182704,rs7631586,GG,GG,AG,1,1,99,NC_000003.12,Mutation NB - Paternal or Maternal,Transition - Purine/Purine,Unsolved
50486790,rs6786523,CC,CC,CT,67,49,99,NC_000003.12,Mutation NB - Maternal Origin,Transition - Pyrimidine/Pyrimidine,Unsolved
50598933,rs201197,AA,AA,GA,31,10,99,NC_000003.12,Mutation NB - Maternal Origin,Transition - Purine/Purine,Unsolved
52230891,rs352143,TT,TC,CC,40,1,94,NC_000003.12,Mutation NB - Paternal Origin,Transition - Pyrimidine/Pyrimidine,T>C
52358861,rs11707864,GG,GA,AA,67,1,48,NC_000003.12,Mutation NB - Paternal Origin,Transition - Purine/Purine,G>A
54131322,rs11707668,GG,GT,TT,58,1,51,NC_000003.12,Mutation NB - Paternal Origin,Transversion - Purine/Pyrimidine,G>T
58113450,rs13327831,GG,GG,TG,70,16,99,NC_000003.12,Mutation NB - Maternal Origin,Transversion - Purine/Pyrimidine,Unsolved
58113456,rs56143512,AA,GA,GG,70,1,60,NC_000003.12,Mutation NB - Paternal Origin,Transition - Purine/Purine,A>G
59655361,rs74968393,AA,AA,AG,79,61,99,NC_000003.12,Mutation NB - Maternal Origin,Transition - Purine/Purine,Unsolved
60564049,rs2856005,AA,AA,AG,49,70,99,NC_000003.12,Mutation NB - Paternal Origin,Transition - Purine/Purine,Unsolved
61220067,rs17064653,AA,TT,TT,76,10,51,NC_000003.12,Mutation NB - Paternal Origin,Transversion - Purine/Pyrimidine,A>T
61220164,rs10510864,AA,GG,GG,58,1,60,NC_000003.12,Mutation NB - Paternal Origin,Transition - Purine/Purine,A>G
61472289,rs7645244,GG,GG,GA,55,52,99,NC_000003.12,Mutation NB - Maternal Origin,Transition - Purine/Purine,Unsolved
64147506,rs34460293,GG,GA,AA,61,1,75,NC_000003.12,Mutation NB - Paternal Origin,Transition - Purine/Purine,G>A
69573458,rs969186,AA,GA,GG,46,1,60,NC_000003.12,Mutation NB - Paternal Origin,Transition - Purine/Purine,A>G
70407824,rs2193552,AA,AA,AG,61,55,99,NC_000003.12,Mutation NB - Maternal Origin,Transition - Purine/Purine,Unsolved
71508714,rs17718831,GG,GA,AA,40,1,69,NC_000003.12,Mutation NB - Paternal Origin,Transition - Purine/Purine,G>A
72000937,rs2174546,GG,GG,GA,67,61,99,NC_000003.12,Mutation NB - Maternal Origin,Transition - Purine/Purine,Unsolved
74103185,rs76058952,CC,TT,TT,19,1,48,NC_000003.12,Mutation NB - Paternal Origin,Transition - Pyrimidine/Pyrimidine,C>T
77527011,rs812887,AA,AG,GG,73,1,60,NC_000003.12,Mutation NB - Paternal Origin,Transition - Purine/Purine,A>G
79862486,rs112976541,TT,TT,TC,79,79,99,NC_000003.12,Mutation NB - Paternal or Maternal,Transition - Pyrimidine/Pyrimidine,Unsolved
81812087,rs2315967,GG,GG,GA,52,55,99,NC_000003.12,Mutation NB - Paternal Origin,Transition - Purine/Purine,Unsolved
86757935,rs13315092,CC,CC,CG,42,52,99,NC_000003.12,Mutation NB - Paternal Origin,Transversion - Purine/Pyrimidine,Unsolved
90387695,rs9757853,AA,GG,GG,61,1,87,NC_000003.12,Mutation NB - Paternal Origin,Transition - Purine/Purine,A>G
99651502,rs12487332,AA,AA,AG,60,73,99,NC_000003.12,Mutation NB - Paternal Origin,Transition - Purine/Purine,Unsolved
101236748,rs348859,GG,GG,AG,64,52,99,NC_000003.12,Mutation NB - Maternal Origin,Transition - Purine/Purine,Unsolved
102290442,rs6808327,AA,TT,TT,55,1,91,NC_000003.12,Mutation NB - Paternal Origin,Transversion - Purine/Pyrimidine,A>T
103209088,rs6802097,GG,GG,AG,58,43,99,NC_000003.12,Mutation NB - Maternal Origin,Transition - Purine/Purine,Unsolved
103966368,rs9853651,GG,GG,CG,79,46,99,NC_000003.12,Mutation NB - Maternal Origin,Transition - Purine/Purine,Transversion - Purine/Pyrimidine,Unsolved
107176456,rs9858310,CC,CA,AA,55,1,54,NC_000003.12,Mutation NB - Paternal Origin,Transversion - Purine/Pyrimidine,C>A
112849314,rs28782232,CC,CC,CA,40,70,99,NC_000003.12,Mutation NB - Paternal Origin,Transversion - Purine/Pyrimidine,Unsolved
120467165,rs1259312,TT,CC,CC,49,34,60,NC_000003.12,Mutation NB - Paternal Origin,Transition - Pyrimidine/Pyrimidine,T>C
121725030,rs116162056,CC,CC,CG,64,40,99,NC_000003.12,Mutation NB - Maternal Origin,Transversion - Purine/Pyrimidine,Unsolved
122190444,rs4678031,CC,CC,CT,55,55,99,NC_000003.12,Mutation NB - Paternal or Maternal,Transition - Pyrimidine/Pyrimidine,Unsolved
122623101,rs59273959,AA,AA,AG,46,43,99,NC_000003.12,Mutation NB - Maternal Origin,Transition - Purine/Purine,Unsolved
122623104,rs60594492,GG,GG,GA,40,43,99,NC_000003.12,Mutation NB - Paternal Origin,Transition - Purine/Purine,Unsolved
122967942,rs6438774,GG,AG,AA,1,1,60,NC_000003.12,Mutation NB - Paternal Origin,Transition - Purine/Purine,G>A
123410574,rs550940189,CC,CC,CG,76,58,99,NC_000003.12,Mutation NB - Maternal Origin,Transversion - Purine/Pyrimidine,Unsolved
123619339,rs16834450,GG,GG,GT,40,58,99,NC_000003.12,Mutation NB - Paternal Origin,Transversion - Purine/Pyrimidine,Unsolved
123881037,rs72974256,GG,GA,AA,76,1,78,NC_000003.12,Mutation NB - Paternal Origin,Transition - Purine/Purine,G>A
124650803,rs2291988,TT,TT,TC,70,58,99,NC_000003.12,Mutation NB - Maternal Origin,Transition - Pyrimidine/Pyrimidine,Unsolved
124929290,rs9861922,TT,CC,CC,43,43,24,NC_000003.12,Mutation NB - Paternal Origin,Transition - Pyrimidine/Pyrimidine,T>C
124938011,rs9289239,GG,GG,TG,55,58,99,NC_000003.12,Mutation NB - Paternal Origin,Transversion - Purine/Pyrimidine,Unsolved
125440502,rs78700461,GG,GG,GA,73,61,99,NC_000003.12,Mutation NB - Maternal Origin,Transition - Purine/Purine,Unsolved
126103335,rs4646762,CC,CT,TT,55,1,90,NC_000003.12,Mutation NB - Paternal Origin,Transition - Pyrimidine/Pyrimidine,C>T
126103359,rs116606674,GG,GG,GA,55,57,99,NC_000003.12,Mutation NB - Paternal Origin,Transition - Purine/Purine,Unsolved
126115092,rs6781588,CC,CC,CT,40,55,99,NC_000003.12,Mutation NB - Paternal Origin,Transition - Pyrimidine/Pyrimidine,Unsolved
126127791,rs3772417,CC,GG,GG,52,1,99,NC_000003.12,Mutation NB - Paternal Origin,Transversion - Purine/Pyrimidine,C>G
126131085,rs3821453,CC,TT,TT,61,1,78,NC_000003.12,Mutation NB - Paternal Origin,Transition - Pyrimidine/Pyrimidine,C>T
126131103,rs3821452,CC,AA,AA,61,1,75,NC_000003.12,Mutation NB - Paternal Origin,Transversion - Purine/Pyrimidine,C>A
126156470,rs4234272,CC,CC,AC,70,19,99,NC_000003.12,Mutation NB - Maternal Origin,Transversion - Purine/Pyrimidine,Unsolved
126292644,rs6438994,GG,GA,AA,53,1,66,NC_000003.12,Mutation NB - Paternal Origin,Transition - Purine/Purine,G>A
126568175,rs3888972,GG,AA,AA,55,16,48,NC_000003.12,Mutation NB - Paternal Origin,Transition - Purine/Purine,G>A
127006235,rs112342361,GG,GG,GA,43,40,99,NC_000003.12,Mutation NB - Maternal Origin,Transition - Purine/Purine,Unsolved
127673014,rs115820403,AA,AG,GG,70,1,99,NC_000003.12,Mutation NB - Paternal Origin,Transition - Purine/Purine,A>G
127734445,rs500104,CC,CC,CT,52,51,99,NC_000003.12,Mutation NB - Maternal Origin,Transition - Pyrimidine/Pyrimidine,Unsolved
127734448,rs651647,TT,TT,TC,52,51,99,NC_000003.12,Mutation NB - Maternal Origin,Transition - Pyrimidine/Pyrimidine,Unsolved
127797141,rs11715363,TT,TT,TC,55,70,99,NC_000003.12,Mutation NB - Paternal Origin,Transition - Pyrimidine/Pyrimidine,Unsolved
127909711,rs13085945,CC,TT,TT,61,37,30,NC_000003.12,Mutation NB - Paternal Origin,Transition - Pyrimidine/Pyrimidine,C>T
128742204,rs13325671,CC,CC,CT,51,40,99,NC_000003.12,Mutation NB - Maternal Origin,Transition - Pyrimidine/Pyrimidine,Unsolved
128845817,rs143050868,CC,CC,CT,40,70,99,NC_000003.12,Mutation NB - Paternal Origin,Transition - Pyrimidine/Pyrimidine,Unsolved
133885990,rs72978320,TT,TT,TC,58,61,99,NC_000003.12,Mutation NB - Paternal Origin,Transition - Pyrimidine/Pyrimidine,Unsolved
134317465,rs4558731,GG,AG,AA,31,1,51,NC_000003.12,Mutation NB - Paternal Origin,Transition - Purine/Purine,G>A
134911241,rs113329347,GG,GG,GC,40,48,99,NC_000003.12,Mutation NB - Paternal Origin,Transition - Purine/Purine,Transversion - Purine/Pyrimidine,Unsolved
135567392,rs4894266,GG,GC,CC,40,1,91,NC_000003.12,Mutation NB - Paternal Origin,Transversion - Purine/Pyrimidine,G>C
135567444,rs4894302,TT,TC,CC,60,1,97,NC_000003.12,Mutation NB - Paternal Origin,Transition - Pyrimidine/Pyrimidine,T>C
138357703,rs78913968,CC,CC,CT,70,46,99,NC_000003.12,Mutation NB - Maternal Origin,Transition - Pyrimidine/Pyrimidine,Unsolved
138910173,rs12695690,AA,GA,GG,22,1,57,NC_000003.12,Mutation NB - Paternal Origin,Transition - Purine/Purine,A>G
140521411,rs57420160,CC,CC,CG,52,61,99,NC_000003.12,Mutation NB - Paternal Origin,Transversion - Purine/Pyrimidine,Unsolved
141392994,rs6776453,CC,CC,CT,54,58,99,NC_000003.12,Mutation NB - Paternal Origin,Transition - Pyrimidine/Pyrimidine,Unsolved
143096419,rs9808965,GG,GG,GA,73,48,99,NC_000003.12,Mutation NB - Maternal Origin,Transition - Purine/Purine,Unsolved
143821902,rs6793658,GG,GG,CG,1,1,99,NC_000003.12,Mutation NB - Paternal or Maternal,Transition - Purine/Purine,Transversion - Purine/Pyrimidine,Unsolved
143855838,rs16854525,CC,CC,CT,64,56,99,NC_000003.12,Mutation NB - Maternal Origin,Transition - Pyrimidine/Pyrimidine,Unsolved
144438307,rs2569956,TT,CC,CC,55,1,90,NC_000003.12,Mutation NB - Paternal Origin,Transition - Pyrimidine/Pyrimidine,T>C
144903687,rs6440275,CC,CC,CA,61,58,99,NC_000003.12,Mutation NB - Maternal Origin,Transversion - Purine/Pyrimidine,Unsolved
146657797,rs931900,GG,AA,AA,51,1,84,NC_000003.12,Mutation NB - Paternal Origin,Transition - Purine/Purine,G>A
146657926,rs11915439,AA,GG,GG,40,4,60,NC_000003.12,Mutation NB - Paternal Origin,Transition - Purine/Purine,A>G
147245631,rs13085506,TT,CC,CC,70,1,57,NC_000003.12,Mutation NB - Paternal Origin,Transition - Pyrimidine/Pyrimidine,T>C
148830237,rs11717064,GG,GG,GA,73,76,99,NC_000003.12,Mutation NB - Paternal Origin,Transition - Purine/Purine,Unsolved
150908391,rs4339145,GG,GG,GA,61,64,99,NC_000003.12,Mutation NB - Paternal Origin,Transition - Purine/Purine,Unsolved
150908394,rs2870058,TT,TT,TA,61,64,99,NC_000003.12,Mutation NB - Paternal Origin,Transition - Pyrimidine/Pyrimidine,Transversion - Purine/Pyrimidine,Unsolved
150908461,rs1006742,AA,AA,AG,67,40,99,NC_000003.12,Mutation NB - Maternal Origin,Transition - Purine/Purine,Unsolved
153051751,rs559751,AA,CA,CC,64,1,30,NC_000003.12,Mutation NB - Paternal Origin,Transversion - Purine/Pyrimidine,A>C
153527923,rs1388005,GG,AA,AA,40,1,99,NC_000003.12,Mutation NB - Paternal Origin,Transition - Purine/Purine,G>A
154766909,rs73873036,GG,GG,GA,61,40,99,NC_000003.12,Mutation NB - Maternal Origin,Transition - Purine/Purine,Unsolved
155413226,rs59594689,AA,AA,AC,61,40,99,NC_000003.12,Mutation NB - Maternal Origin,Transversion - Purine/Pyrimidine,Unsolved
159971430,rs498046,AA,GG,GG,70,1,27,NC_000003.12,Mutation NB - Paternal Origin,Transition - Purine/Purine,A>G
160574078,rs4679896,AA,CC,CC,31,1,43,NC_000003.12,Mutation NB - Paternal Origin,Transversion - Purine/Pyrimidine,A>C
162892009,rs9882258,CC,TT,TT,40,1,90,NC_000003.12,Mutation NB - Paternal Origin,Transition - Pyrimidine/Pyrimidine,C>T
162892454,rs13314380,GG,AA,AA,58,1,36,NC_000003.12,Mutation NB - Paternal Origin,Transition - Purine/Purine,G>A
162987397,rs9820405,AA,AT,TT,55,1,45,NC_000003.12,Mutation NB - Paternal Origin,Transversion - Purine/Pyrimidine,A>T
162987445,rs9820439,AA,GG,GG,58,1,45,NC_000003.12,Mutation NB - Paternal Origin,Transition - Purine/Purine,A>G
164163369,rs710849,GG,GG,AG,43,31,99,NC_000003.12,Mutation NB - Maternal Origin,Transition - Purine/Purine,Unsolved
172023256,rs111282289,TT,TT,TG,58,40,99,NC_000003.12,Mutation NB - Maternal Origin,Transition - Pyrimidine/Pyrimidine,Transversion - Purine/Pyrimidine,Unsolved
180078421,rs1608075,CC,TC,TT,1,1,36,NC_000003.12,Mutation NB - Paternal Origin,Transition - Pyrimidine/Pyrimidine,C>T
181510990,rs1842153,GG,GG,GC,55,61,99,NC_000003.12,Mutation NB - Paternal Origin,Transition - Purine/Purine,Transversion - Purine/Pyrimidine,Unsolved
183908087,rs62285803,CC,CC,CT,64,40,99,NC_000003.12,Mutation NB - Maternal Origin,Transition - Pyrimidine/Pyrimidine,Unsolved
185070607,rs55868764,GG,GC,CC,40,1,21,NC_000003.12,Mutation NB - Paternal Origin,Transversion - Purine/Pyrimidine,G>C
185417660,rs13099317,GG,AA,AA,61,1,33,NC_000003.12,Mutation NB - Paternal Origin,Transition - Purine/Purine,G>A
191973768,rs6444598,GG,AA,AA,13,10,51,NC_000003.12,Mutation NB - Paternal Origin,Transition - Purine/Purine,G>A
191973866,rs6444599,TT,CC,CC,52,1,60,NC_000003.12,Mutation NB - Paternal Origin,Transition - Pyrimidine/Pyrimidine,T>C
191974081,rs7617978,TT,CC,CC,1,1,60,NC_000003.12,Mutation NB - Paternal Origin,Transition - Pyrimidine/Pyrimidine,T>C
191974100,rs6444600,CC,AA,AA,1,4,36,NC_000003.12,Mutation NB - Paternal Origin,Transversion - Purine/Pyrimidine,C>A
193977993,rs7653449,GG,GG,GA,51,40,99,NC_000003.12,Mutation NB - Maternal Origin,Transition - Purine/Purine,Unsolved
194669888,rs1773230,GG,GG,GC,40,40,99,NC_000003.12,Mutation NB - Paternal or Maternal,Transition - Purine/Purine,Transversion - Purine/Pyrimidine,Unsolved
194669984,rs1675926,CC,CC,CA,64,55,99,NC_000003.12,Mutation NB - Maternal Origin,Transversion - Purine/Pyrimidine,Unsolved
196990552,rs73893727,TT,TT,TC,76,55,99,NC_000003.12,Mutation NB - Maternal Origin,Transition - Pyrimidine/Pyrimidine,Unsolved
196990594,rs114808088,GG,GG,GA,40,55,99,NC_000003.12,Mutation NB - Paternal Origin,Transition - Purine/Purine,Unsolved
197387919,rs13069562,AA,GG,GG,55,1,51,NC_000003.12,Mutation NB - Paternal Origin,Transition - Purine/Purine,A>G
197387920,rs13089050,GG,CC,CC,55,1,51,NC_000003.12,Mutation NB - Paternal Origin,Transversion - Purine/Pyrimidine,G>C
197641129,rs6806916,GG,GG,CG,31,37,99,NC_000003.12,Mutation NB - Paternal Origin,Transition - Purine/Purine,Transversion - Purine/Pyrimidine,Unsolved
762898,rs6838241,AA,AA,AC,49,53,99,NC_000004.12,Mutation NB - Paternal Origin,Transversion - Purine/Pyrimidine,Unsolved
773828,rs6834724,TT,TT,TA,59,49,99,NC_000004.12,Mutation NB - Maternal Origin,Transition - Pyrimidine/Pyrimidine,Transversion - Purine/Pyrimidine,Unsolved
774653,rs7683551,TT,TT,TC,40,57,99,NC_000004.12,Mutation NB - Paternal Origin,Transition - Pyrimidine/Pyrimidine,Unsolved
888837,rs2279182,GG,TT,TT,43,1,49,NC_000004.12,Mutation NB - Paternal Origin,Transversion - Purine/Pyrimidine,G>T
888855,rs2279181,AA,GG,GG,46,1,49,NC_000004.12,Mutation NB - Paternal Origin,Transition - Purine/Purine,A>G
993488,rs11936407,CC,CC,TC,34,76,99,NC_000004.12,Mutation NB - Paternal Origin,Transition - Pyrimidine/Pyrimidine,Unsolved
1089087,rs687939,CC,CC,CA,70,40,99,NC_000004.12,Mutation NB - Maternal Origin,Transversion - Purine/Pyrimidine,Unsolved
1092146,rs643043,TT,TT,TC,67,70,99,NC_000004.12,Mutation NB - Paternal Origin,Transition - Pyrimidine/Pyrimidine,Unsolved
1111676,rs6839768,GG,GG,CG,73,43,99,NC_000004.12,Mutation NB - Maternal Origin,Transition - Purine/Purine,Transversion - Purine/Pyrimidine,Unsolved
1200798,rs77049343,TT,TT,TA,49,70,99,NC_000004.12,Mutation NB - Paternal Origin,Transition - Pyrimidine/Pyrimidine,Transversion - Purine/Pyrimidine,Unsolved
1744502,rs2290011,TT,GG,GG,43,1,60,NC_000004.12,Mutation NB - Paternal Origin,Transversion - Purine/Pyrimidine,T>G
3313714,rs74699570,GG,GG,GA,48,51,99,NC_000004.12,Mutation NB - Paternal Origin,Transition - Purine/Purine,Unsolved
3498442,rs2858033,AA,CC,CC,60,1,99,NC_000004.12,Mutation NB - Paternal Origin,Transversion - Purine/Pyrimidine,A>C
3559073,rs1188606,CC,CT,TT,52,1,32,NC_000004.12,Mutation NB - Paternal Origin,Transition - Pyrimidine/Pyrimidine,C>T
3612527,rs35208860,GG,GG,GC,59,43,99,NC_000004.12,Mutation NB - Maternal Origin,Transition - Purine/Purine,Transversion - Purine/Pyrimidine,Unsolved
3661855,rs59070560,CC,CC,CT,73,40,99,NC_000004.12,Mutation NB - Maternal Origin,Transition - Pyrimidine/Pyrimidine,Unsolved
3782141,rs73078638,GG,GG,GC,52,52,99,NC_000004.12,Mutation NB - Paternal or Maternal,Transition - Purine/Purine,Transversion - Purine/Pyrimidine,Unsolved
3833583,rs572816380,AA,AA,AT,73,67,99,NC_000004.12,Mutation NB - Maternal Origin,Transversion - Purine/Pyrimidine,Unsolved
3848882,rs73792710,TT,CC,CC,4,1,54,NC_000004.12,Mutation NB - Paternal Origin,Transition - Pyrimidine/Pyrimidine,T>C
4269325,rs557773517,GG,TT,TT,61,67,45,NC_000004.12,Mutation NB - Paternal Origin,Transversion - Purine/Pyrimidine,G>T
5843518,rs10024363,GG,CC,CC,58,25,60,NC_000004.12,Mutation NB - Paternal Origin,Transversion - Purine/Pyrimidine,G>C
5916827,rs11937691,GG,GG,GA,49,48,99,NC_000004.12,Mutation NB - Maternal Origin,Transition - Purine/Purine,Unsolved
6177769,rs79781558,CC,CC,CT,61,49,99,NC_000004.12,Mutation NB - Maternal Origin,Transition - Pyrimidine/Pyrimidine,Unsolved
6294023,rs6820509,GG,AA,AA,64,1,60,NC_000004.12,Mutation NB - Paternal Origin,Transition - Purine/Purine,G>A
7042068,rs114895671,GG,GG,GA,46,55,99,NC_000004.12,Mutation NB - Paternal Origin,Transition - Purine/Purine,Unsolved
7116800,rs11938388,TT,TT,TC,70,40,99,NC_000004.12,Mutation NB - Maternal Origin,Transition - Pyrimidine/Pyrimidine,Unsolved
7184513,rs73079836,TT,TT,TC,51,46,99,NC_000004.12,Mutation NB - Maternal Origin,Transition - Pyrimidine/Pyrimidine,Unsolved
7310775,rs142634237,CC,CC,CA,58,70,99,NC_000004.12,Mutation NB - Paternal Origin,Transversion - Purine/Pyrimidine,Unsolved
7333352,rs62279102,CC,CC,CT,40,40,99,NC_000004.12,Mutation NB - Paternal or Maternal,Transition - Pyrimidine/Pyrimidine,Unsolved
7526129,rs35758256,CC,TT,TT,64,1,91,NC_000004.12,Mutation NB - Paternal Origin,Transition - Pyrimidine/Pyrimidine,C>T
7755562,rs371115058,GG,GG,GA,53,40,99,NC_000004.12,Mutation NB - Maternal Origin,Transition - Purine/Purine,Unsolved
7892202,rs796973641,GG,GG,GC,79,40,99,NC_000004.12,Mutation NB - Maternal Origin,Transition - Purine/Purine,Transversion - Purine/Pyrimidine,Unsolved
8063072,rs6857781,TT,TT,CT,73,40,99,NC_000004.12,Mutation NB - Maternal Origin,Transition - Pyrimidine/Pyrimidine,Unsolved
8330408,rs899493,AA,CA,CC,1,1,49,NC_000004.12,Mutation NB - Paternal Origin,Transversion - Purine/Pyrimidine,A>C
8597472,rs3796738,AA,AA,GA,40,19,99,NC_000004.12,Mutation NB - Maternal Origin,Transition - Purine/Purine,Unsolved
8599571,rs11723641,AA,AA,GA,52,76,99,NC_000004.12,Mutation NB - Paternal Origin,Transition - Purine/Purine,Unsolved
8601071,rs2241069,GG,GG,GC,40,40,99,NC_000004.12,Mutation NB - Paternal or Maternal,Transition - Purine/Purine,Transversion - Purine/Pyrimidine,Unsolved
8697231,rs6842265,CC,TT,TT,41,28,36,NC_000004.12,Mutation NB - Paternal Origin,Transition - Pyrimidine/Pyrimidine,C>T
8943138,rs148234043,CC,CC,CT,52,58,99,NC_000004.12,Mutation NB - Paternal Origin,Transition - Pyrimidine/Pyrimidine,Unsolved
9524534,rs11932164,GG,GG,GC,60,40,99,NC_000004.12,Mutation NB - Maternal Origin,Transition - Purine/Purine,Transversion - Purine/Pyrimidine,Unsolved
9524552,rs11935199,CC,CC,CT,60,40,99,NC_000004.12,Mutation NB - Maternal Origin,Transition - Pyrimidine/Pyrimidine,Unsolved
9527878,rs9997490,AA,GA,AC,37,1,99,NC_000004.12,Mutation NB - Maternal Origin,Transition - Purine/Purine,Transversion - Purine/Pyrimidine,Unsolved
10545771,rs114371073,GG,GG,GC,73,76,99,NC_000004.12,Mutation NB - Paternal Origin,Transition - Purine/Purine,Transversion - Purine/Pyrimidine,Unsolved
15936445,rs77671038,TT,TT,TG,70,46,99,NC_000004.12,Mutation NB - Maternal Origin,Transition - Pyrimidine/Pyrimidine,Transversion - Purine/Pyrimidine,Unsolved
17414478,rs6848623,TT,CT,CC,1,1,60,NC_000004.12,Mutation NB - Paternal Origin,Transition - Pyrimidine/Pyrimidine,T>C
17912256,rs35921582,AA,AA,AG,52,58,99,NC_000004.12,Mutation NB - Paternal Origin,Transition - Purine/Purine,Unsolved
19326940,rs10010110,TT,TT,GT,13,7,99,NC_000004.12,Mutation NB - Maternal Origin,Transition - Pyrimidine/Pyrimidine,Transversion - Purine/Pyrimidine,Unsolved
22855702,rs34794035,AA,GG,GG,58,1,49,NC_000004.12,Mutation NB - Paternal Origin,Transition - Purine/Purine,A>G
23664460,rs149276608,AA,AA,AC,52,58,99,NC_000004.12,Mutation NB - Paternal Origin,Transversion - Purine/Pyrimidine,Unsolved
24493629,rs61793269,AA,AA,AC,64,64,99,NC_000004.12,Mutation NB - Paternal or Maternal,Transversion - Purine/Pyrimidine,Unsolved
24983968,rs57666655,AA,AA,AT,79,73,99,NC_000004.12,Mutation NB - Maternal Origin,Transversion - Purine/Pyrimidine,Unsolved
27059153,rs7678869,CC,CT,TT,73,1,33,NC_000004.12,Mutation NB - Paternal Origin,Transition - Pyrimidine/Pyrimidine,C>T
28113092,rs28826714,CC,CC,CA,56,54,99,NC_000004.12,Mutation NB - Maternal Origin,Transversion - Purine/Pyrimidine,Unsolved
28113127,rs28897394,TT,TT,TG,76,58,99,NC_000004.12,Mutation NB - Maternal Origin,Transition - Pyrimidine/Pyrimidine,Transversion - Purine/Pyrimidine,Unsolved
28581197,rs2471706,CC,CC,TC,67,79,99,NC_000004.12,Mutation NB - Paternal Origin,Transition - Pyrimidine/Pyrimidine,Unsolved
30837280,rs141829178,CC,CC,CT,49,40,99,NC_000004.12,Mutation NB - Maternal Origin,Transition - Pyrimidine/Pyrimidine,Unsolved
33315519,rs2585927,GG,CC,CC,43,1,40,NC_000004.12,Mutation NB - Paternal Origin,Transversion - Purine/Pyrimidine,G>C
35144788,rs11096765,GG,GG,GA,60,46,99,NC_000004.12,Mutation NB - Maternal Origin,Transition - Purine/Purine,Unsolved
35445752,rs4859357,TT,TT,TC,73,70,99,NC_000004.12,Mutation NB - Maternal Origin,Transition - Pyrimidine/Pyrimidine,Unsolved
37657894,rs56191025,GG,GG,GC,51,51,99,NC_000004.12,Mutation NB - Paternal or Maternal,Transition - Purine/Purine,Transversion - Purine/Pyrimidine,Unsolved
39771115,rs111555669,GG,GG,GA,40,40,99,NC_000004.12,Mutation NB - Paternal or Maternal,Transition - Purine/Purine,Unsolved
41318618,rs11736685,AA,GG,GG,70,1,30,NC_000004.12,Mutation NB - Paternal Origin,Transition - Purine/Purine,A>G
41890070,rs10517012,TT,TT,TC,61,54,99,NC_000004.12,Mutation NB - Maternal Origin,Transition - Pyrimidine/Pyrimidine,Unsolved
43672678,rs7658548,GG,GG,GA,58,64,99,NC_000004.12,Mutation NB - Paternal Origin,Transition - Purine/Purine,Unsolved
45472513,rs11945735,AA,AA,AT,46,55,99,NC_000004.12,Mutation NB - Paternal Origin,Transversion - Purine/Pyrimidine,Unsolved
51964278,rs11735705,TT,GG,GG,76,1,90,NC_000004.12,Mutation NB - Paternal Origin,Transversion - Purine/Pyrimidine,T>G
52868127,rs58577680,CC,CC,CT,40,46,99,NC_000004.12,Mutation NB - Paternal Origin,Transition - Pyrimidine/Pyrimidine,Unsolved
54283091,rs7677708,AA,GG,GG,49,1,60,NC_000004.12,Mutation NB - Paternal Origin,Transition - Purine/Purine,A>G
58102847,rs2169056,GG,AA,AA,37,1,39,NC_000004.12,Mutation NB - Paternal Origin,Transition - Purine/Purine,G>A
59354392,rs1983236,TT,TC,CC,58,1,30,NC_000004.12,Mutation NB - Paternal Origin,Transition - Pyrimidine/Pyrimidine,T>C
62130852,rs2193121,AA,AA,TA,55,31,99,NC_000004.12,Mutation NB - Maternal Origin,Transversion - Purine/Pyrimidine,Unsolved
64173588,rs1483725,CC,CC,CT,52,55,99,NC_000004.12,Mutation NB - Paternal Origin,Transition - Pyrimidine/Pyrimidine,Unsolved
66898436,rs10018061,GG,GG,GA,50,51,99,NC_000004.12,Mutation NB - Paternal Origin,Transition - Purine/Purine,Unsolved
66898479,rs6842867,GG,TT,TT,50,1,90,NC_000004.12,Mutation NB - Paternal Origin,Transversion - Purine/Pyrimidine,G>T
67285861,rs112771744,GG,GG,GA,70,52,99,NC_000004.12,Mutation NB - Maternal Origin,Transition - Purine/Purine,Unsolved
71863698,rs62302205,CC,CT,TT,52,1,54,NC_000004.12,Mutation NB - Paternal Origin,Transition - Pyrimidine/Pyrimidine,C>T
72132313,rs2102651,GG,GG,GA,76,60,99,NC_000004.12,Mutation NB - Maternal Origin,Transition - Purine/Purine,Unsolved
75312604,rs6853774,CC,TT,TT,70,25,54,NC_000004.12,Mutation NB - Paternal Origin,Transition - Pyrimidine/Pyrimidine,C>T
77122210,rs7695990,CC,TT,TT,58,19,21,NC_000004.12,Mutation NB - Paternal Origin,Transition - Pyrimidine/Pyrimidine,C>T
78322369,rs12641094,GG,GG,GA,64,55,99,NC_000004.12,Mutation NB - Maternal Origin,Transition - Purine/Purine,Unsolved
78624364,rs10857035,AA,TT,TT,70,1,39,NC_000004.12,Mutation NB - Paternal Origin,Transversion - Purine/Pyrimidine,A>T
81870417,rs66796662,TT,CC,CC,64,1,53,NC_000004.12,Mutation NB - Paternal Origin,Transition - Pyrimidine/Pyrimidine,T>C
81921908,rs4693011,TT,CC,CC,52,1,48,NC_000004.12,Mutation NB - Paternal Origin,Transition - Pyrimidine/Pyrimidine,T>C
82458673,rs11929894,TT,CC,CC,51,1,78,NC_000004.12,Mutation NB - Paternal Origin,Transition - Pyrimidine/Pyrimidine,T>C
82614251,rs1965430,AC,AT,TT,1,1,99,NC_000004.12,Mutation NB - Paternal Origin,Transversion - Purine/Pyrimidine,Transition - Pyrimidine/Pyrimidine,C>T
86020757,rs7692676,AA,AA,AG,48,60,99,NC_000004.12,Mutation NB - Paternal Origin,Transition - Purine/Purine,Unsolved
88198507,rs10856870,TT,TT,TC,42,40,99,NC_000004.12,Mutation NB - Maternal Origin,Transition - Pyrimidine/Pyrimidine,Unsolved
88228315,rs918661701,AA,AA,AC,61,42,99,NC_000004.12,Mutation NB - Maternal Origin,Transversion - Purine/Pyrimidine,Unsolved
88244040,rs4693942,GG,GG,CG,1,1,99,NC_000004.12,Mutation NB - Paternal or Maternal,Transition - Purine/Purine,Transversion - Purine/Pyrimidine,Unsolved
88312245,rs1975393,CC,CT,TT,40,1,45,NC_000004.12,Mutation NB - Paternal Origin,Transition - Pyrimidine/Pyrimidine,C>T
91062290,rs1461592,TT,TT,TC,79,52,99,NC_000004.12,Mutation NB - Maternal Origin,Transition - Pyrimidine/Pyrimidine,Unsolved
91181142,rs4552432,TT,GG,GG,64,16,45,NC_000004.12,Mutation NB - Paternal Origin,Transversion - Purine/Pyrimidine,T>G
91747617,rs112255400,GG,GG,GC,55,49,99,NC_000004.12,Mutation NB - Maternal Origin,Transition - Purine/Purine,Transversion - Purine/Pyrimidine,Unsolved
99486231,rs1354367,GG,GG,GT,40,49,99,NC_000004.12,Mutation NB - Paternal Origin,Transversion - Purine/Pyrimidine,Unsolved
99650590,rs72908746,AA,AA,AG,40,61,99,NC_000004.12,Mutation NB - Paternal Origin,Transition - Purine/Purine,Unsolved
100608842,rs112677756,CC,TT,TT,55,1,99,NC_000004.12,Mutation NB - Paternal Origin,Transition - Pyrimidine/Pyrimidine,C>T
101478718,rs79387403,GG,GG,GA,61,40,99,NC_000004.12,Mutation NB - Maternal Origin,Transition - Purine/Purine,Unsolved
101478743,rs78921338,GG,GG,GA,61,40,99,NC_000004.12,Mutation NB - Maternal Origin,Transition - Purine/Purine,Unsolved
105976439,rs11945032,GG,GA,AA,61,1,63,NC_000004.12,Mutation NB - Paternal Origin,Transition - Purine/Purine,G>A
109013655,rs4085272,GG,GA,AA,40,1,99,NC_000004.12,Mutation NB - Paternal Origin,Transition - Purine/Purine,G>A
109384388,rs13138833,GG,GG,GA,40,40,99,NC_000004.12,Mutation NB - Paternal or Maternal,Transition - Purine/Purine,Unsolved
114175324,rs6816979,CC,CC,CT,60,76,99,NC_000004.12,Mutation NB - Paternal Origin,Transition - Pyrimidine/Pyrimidine,Unsolved
120520803,rs1103020,GG,GG,GA,76,61,99,NC_000004.12,Mutation NB - Maternal Origin,Transition - Purine/Purine,Unsolved
120595321,rs10032714,AA,GA,GG,76,1,39,NC_000004.12,Mutation NB - Paternal Origin,Transition - Purine/Purine,A>G
120734798,rs116243174,CC,CC,CT,61,51,99,NC_000004.12,Mutation NB - Maternal Origin,Transition - Pyrimidine/Pyrimidine,Unsolved
120992761,rs2167206,AA,AA,GA,25,13,99,NC_000004.12,Mutation NB - Maternal Origin,Transition - Purine/Purine,Unsolved
121662951,rs2892949,AA,AA,TA,79,67,99,NC_000004.12,Mutation NB - Maternal Origin,Transversion - Purine/Pyrimidine,Unsolved
123293183,rs2083935,CC,CC,AC,4,1,99,NC_000004.12,Mutation NB - Maternal Origin,Transversion - Purine/Pyrimidine,Unsolved
129677252,rs2728736,GG,AA,AA,43,1,78,NC_000004.12,Mutation NB - Paternal Origin,Transition - Purine/Purine,G>A
130038725,rs10021193,GG,AA,AA,40,1,99,NC_000004.12,Mutation NB - Paternal Origin,Transition - Purine/Purine,G>A
130051979,rs112552511,CC,CT,TT,67,1,45,NC_000004.12,Mutation NB - Paternal Origin,Transition - Pyrimidine/Pyrimidine,C>T
135766122,rs112293126,AA,AA,AG,52,40,99,NC_000004.12,Mutation NB - Maternal Origin,Transition - Purine/Purine,Unsolved
136848220,rs4453988,GG,GG,AG,26,45,99,NC_000004.12,Mutation NB - Paternal Origin,Transition - Purine/Purine,Unsolved
139823445,rs1350038,TT,TT,CT,49,58,99,NC_000004.12,Mutation NB - Paternal Origin,Transition - Pyrimidine/Pyrimidine,Unsolved
141376856,rs116360859,CC,CC,CG,73,58,99,NC_000004.12,Mutation NB - Maternal Origin,Transversion - Purine/Pyrimidine,Unsolved
141779706,rs28622459,CC,CC,CT,43,43,99,NC_000004.12,Mutation NB - Paternal or Maternal,Transition - Pyrimidine/Pyrimidine,Unsolved
141779746,rs66992543,AA,GG,GG,43,1,41,NC_000004.12,Mutation NB - Paternal Origin,Transition - Purine/Purine,A>G
142274836,rs181778729,GG,GG,GA,64,61,99,NC_000004.12,Mutation NB - Maternal Origin,Transition - Purine/Purine,Unsolved
146154155,rs9284682,TT,TT,TC,55,61,99,NC_000004.12,Mutation NB - Paternal Origin,Transition - Pyrimidine/Pyrimidine,Unsolved
147834376,rs13129747,CC,CT,TT,58,1,99,NC_000004.12,Mutation NB - Paternal Origin,Transition - Pyrimidine/Pyrimidine,C>T
159374852,rs6826922,TT,TT,CT,16,67,99,NC_000004.12,Mutation NB - Paternal Origin,Transition - Pyrimidine/Pyrimidine,Unsolved
162914419,rs6536693,TT,CC,CC,79,1,99,NC_000004.12,Mutation NB - Paternal Origin,Transition - Pyrimidine/Pyrimidine,T>C
170040157,rs62344678,AA,GA,GG,43,1,42,NC_000004.12,Mutation NB - Paternal Origin,Transition - Purine/Purine,A>G
170040358,rs7658969,GG,TG,TT,70,1,39,NC_000004.12,Mutation NB - Paternal Origin,Transversion - Purine/Pyrimidine,G>T
170127125,rs1600586,TT,TT,GT,79,9,99,NC_000004.12,Mutation NB - Maternal Origin,Transition - Pyrimidine/Pyrimidine,Transversion - Purine/Pyrimidine,Unsolved
170127133,rs1842441,GG,GG,CG,79,9,99,NC_000004.12,Mutation NB - Maternal Origin,Transition - Purine/Purine,Transversion - Purine/Pyrimidine,Unsolved
171571892,rs4692893,CC,CC,CT,56,55,99,NC_000004.12,Mutation NB - Maternal Origin,Transition - Pyrimidine/Pyrimidine,Unsolved
176350853,rs7683662,AA,AA,AT,58,60,99,NC_000004.12,Mutation NB - Paternal Origin,Transversion - Purine/Pyrimidine,Unsolved
178921777,rs28708811,TT,TT,TC,60,59,99,NC_000004.12,Mutation NB - Maternal Origin,Transition - Pyrimidine/Pyrimidine,Unsolved
181963437,rs9685589,AA,AA,GA,70,1,99,NC_000004.12,Mutation NB - Maternal Origin,Transition - Purine/Purine,Unsolved
182855684,rs7696694,TT,TC,CC,79,1,33,NC_000004.12,Mutation NB - Paternal Origin,Transition - Pyrimidine/Pyrimidine,T>C
182882546,rs10005703,CC,CC,CT,58,40,99,NC_000004.12,Mutation NB - Maternal Origin,Transition - Pyrimidine/Pyrimidine,Unsolved
183746607,rs4862244,GG,GG,GT,40,40,99,NC_000004.12,Mutation NB - Paternal or Maternal,Transversion - Purine/Pyrimidine,Unsolved
183797523,rs62342251,CC,CC,CT,40,40,99,NC_000004.12,Mutation NB - Paternal or Maternal,Transition - Pyrimidine/Pyrimidine,Unsolved
184932482,rs7682801,AA,AA,GA,28,1,99,NC_000004.12,Mutation NB - Maternal Origin,Transition - Purine/Purine,Unsolved
185980734,rs6811165,AA,AA,TA,64,25,99,NC_000004.12,Mutation NB - Maternal Origin,Transversion - Purine/Pyrimidine,Unsolved
187695266,rs9993712,CC,CC,CT,61,55,99,NC_000004.12,Mutation NB - Maternal Origin,Transition - Pyrimidine/Pyrimidine,Unsolved
187697048,rs28807423,GG,GG,GA,40,61,99,NC_000004.12,Mutation NB - Paternal Origin,Transition - Purine/Purine,Unsolved
188337046,rs528620732,CC,CC,CG,58,79,99,NC_000004.12,Mutation NB - Paternal Origin,Transversion - Purine/Pyrimidine,Unsolved
146550,rs79600242,CC,CC,CT,70,40,99,NC_000005.10,Mutation NB - Maternal Origin,Transition - Pyrimidine/Pyrimidine,Unsolved
172856,rs6868964,AA,GG,GG,22,7,30,NC_000005.10,Mutation NB - Paternal Origin,Transition - Purine/Purine,A>G
242280,rs13356367,CC,CT,TT,61,1,27,NC_000005.10,Mutation NB - Paternal Origin,Transition - Pyrimidine/Pyrimidine,C>T
249465,rs2115271,GG,GT,TT,57,1,57,NC_000005.10,Mutation NB - Paternal Origin,Transversion - Purine/Pyrimidine,G>T
249548,rs3975683,GG,GA,AA,58,1,39,NC_000005.10,Mutation NB - Paternal Origin,Transition - Purine/Purine,G>A
640751,rs58745229,GG,GG,GA,52,52,99,NC_000005.10,Mutation NB - Paternal or Maternal,Transition - Purine/Purine,Unsolved
644047,rs4082909,GG,GG,GA,40,40,99,NC_000005.10,Mutation NB - Paternal or Maternal,Transition - Purine/Purine,Unsolved
674806,rs1709544,CC,CT,TT,51,1,90,NC_000005.10,Mutation NB - Paternal Origin,Transition - Pyrimidine/Pyrimidine,C>T
687060,rs11748745,CC,CC,CT,49,40,99,NC_000005.10,Mutation NB - Maternal Origin,Transition - Pyrimidine/Pyrimidine,Unsolved
759370,rs7710149,CC,CC,CT,54,58,99,NC_000005.10,Mutation NB - Paternal Origin,Transition - Pyrimidine/Pyrimidine,Unsolved
850655,rs113987061,CC,CC,CT,73,46,99,NC_000005.10,Mutation NB - Maternal Origin,Transition - Pyrimidine/Pyrimidine,Unsolved
1179312,rs11133660,CC,TC,TT,70,1,60,NC_000005.10,Mutation NB - Paternal Origin,Transition - Pyrimidine/Pyrimidine,C>T
1179318,rs11133661,AA,GA,GG,70,1,60,NC_000005.10,Mutation NB - Paternal Origin,Transition - Purine/Purine,A>G
1197106,rs62331276,GG,TT,TT,37,1,51,NC_000005.10,Mutation NB - Paternal Origin,Transversion - Purine/Pyrimidine,G>T
1197128,rs191219455,AA,GG,GG,76,16,51,NC_000005.10,Mutation NB - Paternal Origin,Transition - Purine/Purine,A>G
1270868,rs11742908,CC,CC,CG,40,49,99,NC_000005.10,Mutation NB - Paternal Origin,Transversion - Purine/Pyrimidine,Unsolved
1578234,rs59067846,GG,GG,GA,58,55,99,NC_000005.10,Mutation NB - Maternal Origin,Transition - Purine/Purine,Unsolved
1643697,rs10475077,AA,AG,GG,40,1,99,NC_000005.10,Mutation NB - Paternal Origin,Transition - Purine/Purine,A>G
1765163,rs904756,GG,GG,AG,79,67,99,NC_000005.10,Mutation NB - Maternal Origin,Transition - Purine/Purine,Unsolved
1852170,rs263213,TT,GG,GG,1,1,60,NC_000005.10,Mutation NB - Paternal Origin,Transversion - Purine/Pyrimidine,T>G
1852483,rs260398,AA,GG,GG,79,10,48,NC_000005.10,Mutation NB - Paternal Origin,Transition - Purine/Purine,A>G
1854613,rs113027446,AA,AA,AG,51,59,99,NC_000005.10,Mutation NB - Paternal Origin,Transition - Purine/Purine,Unsolved
1919957,rs567023906,GG,GG,GA,40,57,99,NC_000005.10,Mutation NB - Paternal Origin,Transition - Purine/Purine,Unsolved
2301100,rs116537890,GG,GG,GA,44,40,99,NC_000005.10,Mutation NB - Maternal Origin,Transition - Purine/Purine,Unsolved
2459084,rs6869203,CC,CC,CT,70,64,99,NC_000005.10,Mutation NB - Maternal Origin,Transition - Pyrimidine/Pyrimidine,Unsolved
2517686,rs78576366,GG,GG,GA,61,58,99,NC_000005.10,Mutation NB - Maternal Origin,Transition - Purine/Purine,Unsolved
2517691,rs6873450,GG,GG,GA,61,58,99,NC_000005.10,Mutation NB - Maternal Origin,Transition - Purine/Purine,Unsolved
2523256,rs10063004,TT,TT,TC,58,40,99,NC_000005.10,Mutation NB - Maternal Origin,Transition - Pyrimidine/Pyrimidine,Unsolved
2532876,rs35838504,GG,CC,CC,28,1,48,NC_000005.10,Mutation NB - Paternal Origin,Transversion - Purine/Pyrimidine,G>C
2620099,rs13436775,CC,CC,CT,46,40,99,NC_000005.10,Mutation NB - Maternal Origin,Transition - Pyrimidine/Pyrimidine,Unsolved
2640657,rs323654,AA,CA,CC,13,1,57,NC_000005.10,Mutation NB - Paternal Origin,Transversion - Purine/Pyrimidine,A>C
2640721,rs73036873,TT,TT,TC,58,51,99,NC_000005.10,Mutation NB - Maternal Origin,Transition - Pyrimidine/Pyrimidine,Unsolved
2814880,rs12519867,AA,GA,GG,67,1,42,NC_000005.10,Mutation NB - Paternal Origin,Transition - Purine/Purine,A>G
3271759,rs13188161,AA,CC,CC,1,1,48,NC_000005.10,Mutation NB - Paternal Origin,Transversion - Purine/Pyrimidine,A>C
4008206,rs6555240,AA,AA,AG,57,51,99,NC_000005.10,Mutation NB - Maternal Origin,Transition - Purine/Purine,Unsolved
4023616,rs548581,TT,CT,CC,79,1,24,NC_000005.10,Mutation NB - Paternal Origin,Transition - Pyrimidine/Pyrimidine,T>C
4023685,rs500818,GG,AG,AA,73,1,49,NC_000005.10,Mutation NB - Paternal Origin,Transition - Purine/Purine,G>A
4340980,rs261164,TT,TT,CT,16,19,99,NC_000005.10,Mutation NB - Paternal Origin,Transition - Pyrimidine/Pyrimidine,Unsolved
5348339,rs78116510,AA,AA,AG,43,46,99,NC_000005.10,Mutation NB - Paternal Origin,Transition - Purine/Purine,Unsolved
5348432,rs115136105,CC,CC,CG,40,51,99,NC_000005.10,Mutation NB - Paternal Origin,Transversion - Purine/Pyrimidine,Unsolved
5770534,rs78535276,CC,CC,CT,49,40,99,NC_000005.10,Mutation NB - Maternal Origin,Transition - Pyrimidine/Pyrimidine,Unsolved
5776628,rs115392632,CC,CC,CT,57,46,99,NC_000005.10,Mutation NB - Maternal Origin,Transition - Pyrimidine/Pyrimidine,Unsolved
6495148,rs79093132,CC,CC,CA,67,67,99,NC_000005.10,Mutation NB - Paternal or Maternal,Transversion - Purine/Pyrimidine,Unsolved
7068320,rs6869406,GG,GG,TG,76,49,99,NC_000005.10,Mutation NB - Maternal Origin,Transversion - Purine/Pyrimidine,Unsolved
7392351,rs115525152,AA,AA,AG,61,48,99,NC_000005.10,Mutation NB - Maternal Origin,Transition - Purine/Purine,Unsolved
8183781,rs563631593,GG,GG,GA,55,52,99,NC_000005.10,Mutation NB - Maternal Origin,Transition - Purine/Purine,Unsolved
8551218,rs28584390,CC,CC,CT,61,46,99,NC_000005.10,Mutation NB - Maternal Origin,Transition - Pyrimidine/Pyrimidine,Unsolved
8757929,rs6882019,AA,GG,GG,73,1,99,NC_000005.10,Mutation NB - Paternal Origin,Transition - Purine/Purine,A>G
8829345,rs2078758,CC,CC,CT,55,54,99,NC_000005.10,Mutation NB - Maternal Origin,Transition - Pyrimidine/Pyrimidine,Unsolved
9190585,rs1806094,CC,CC,TC,70,79,99,NC_000005.10,Mutation NB - Paternal Origin,Transition - Pyrimidine/Pyrimidine,Unsolved
10719920,rs56082127,AA,AA,AC,49,46,99,NC_000005.10,Mutation NB - Maternal Origin,Transversion - Purine/Pyrimidine,Unsolved
13996852,rs182896,GG,AG,AA,79,1,24,NC_000005.10,Mutation NB - Paternal Origin,Transition - Purine/Purine,G>A
25613940,rs2331931,CC,CC,CT,60,55,99,NC_000005.10,Mutation NB - Maternal Origin,Transition - Pyrimidine/Pyrimidine,Unsolved
29687862,rs10039975,AA,AA,AC,61,52,99,NC_000005.10,Mutation NB - Maternal Origin,Transversion - Purine/Pyrimidine,Unsolved
30042811,rs10077041,CC,CA,AA,46,1,57,NC_000005.10,Mutation NB - Paternal Origin,Transversion - Purine/Pyrimidine,C>A
31778532,rs7715159,CC,CC,CT,61,40,99,NC_000005.10,Mutation NB - Maternal Origin,Transition - Pyrimidine/Pyrimidine,Unsolved
32319559,rs2963972,GG,AA,AA,51,1,99,NC_000005.10,Mutation NB - Paternal Origin,Transition - Purine/Purine,G>A
39922528,rs72734200,AA,AA,AG,58,40,99,NC_000005.10,Mutation NB - Maternal Origin,Transition - Purine/Purine,Unsolved
43458244,rs1389870,AA,TA,TT,1,1,45,NC_000005.10,Mutation NB - Paternal Origin,Transversion - Purine/Pyrimidine,A>T
43878883,rs112425730,AA,AA,AG,55,60,99,NC_000005.10,Mutation NB - Paternal Origin,Transition - Purine/Purine,Unsolved
43909241,rs113449872,GG,GG,GA,40,48,99,NC_000005.10,Mutation NB - Paternal Origin,Transition - Purine/Purine,Unsolved
46409957,rs1479382873,TT,TT,TC,70,58,99,NC_000005.10,Mutation NB - Maternal Origin,Transition - Pyrimidine/Pyrimidine,Unsolved
53838012,rs141605474,CC,CC,CG,64,40,99,NC_000005.10,Mutation NB - Maternal Origin,Transversion - Purine/Pyrimidine,Unsolved
54331016,rs4865814,TT,AA,AA,19,1,60,NC_000005.10,Mutation NB - Paternal Origin,Transversion - Purine/Pyrimidine,T>A
55924969,rs7729009,GG,GA,AA,58,1,39,NC_000005.10,Mutation NB - Paternal Origin,Transition - Purine/Purine,G>A
55924991,rs7730168,CC,CT,TT,40,1,39,NC_000005.10,Mutation NB - Paternal Origin,Transition - Pyrimidine/Pyrimidine,C>T
56087841,rs16884782,AA,AA,AG,46,43,99,NC_000005.10,Mutation NB - Maternal Origin,Transition - Purine/Purine,Unsolved
59395431,rs62355535,AA,GA,GG,49,1,27,NC_000005.10,Mutation NB - Paternal Origin,Transition - Purine/Purine,A>G
59395439,rs62355536,GG,AG,AA,49,1,27,NC_000005.10,Mutation NB - Paternal Origin,Transition - Purine/Purine,G>A
61570666,rs76226881,AA,AG,GG,67,1,66,NC_000005.10,Mutation NB - Paternal Origin,Transition - Purine/Purine,A>G
62851103,rs115980641,CC,CC,CA,57,52,99,NC_000005.10,Mutation NB - Maternal Origin,Transversion - Purine/Pyrimidine,Unsolved
71678749,rs281128,AA,AA,GA,46,25,99,NC_000005.10,Mutation NB - Maternal Origin,Transition - Purine/Purine,Unsolved
72171505,rs3098379,AA,AA,AG,64,76,99,NC_000005.10,Mutation NB - Paternal Origin,Transition - Purine/Purine,Unsolved
73311571,rs12517173,CC,GG,GG,79,1,45,NC_000005.10,Mutation NB - Paternal Origin,Transversion - Purine/Pyrimidine,C>G
76845271,rs11738686,CC,CC,CT,70,49,99,NC_000005.10,Mutation NB - Maternal Origin,Transition - Pyrimidine/Pyrimidine,Unsolved
80288979,rs34325845,CC,CC,CT,76,46,99,NC_000005.10,Mutation NB - Maternal Origin,Transition - Pyrimidine/Pyrimidine,Unsolved
80668775,rs1677646,CC,TT,TT,34,1,21,NC_000005.10,Mutation NB - Paternal Origin,Transition - Pyrimidine/Pyrimidine,C>T
86466754,rs62376266,AA,AA,AG,48,48,99,NC_000005.10,Mutation NB - Paternal or Maternal,Transition - Purine/Purine,Unsolved
90073852,rs818948,CC,AA,AA,34,1,60,NC_000005.10,Mutation NB - Paternal Origin,Transversion - Purine/Pyrimidine,C>A
91143995,rs13172451,CC,CC,CT,73,67,99,NC_000005.10,Mutation NB - Maternal Origin,Transition - Pyrimidine/Pyrimidine,Unsolved
101163610,rs77155929,CC,CC,CA,55,61,99,NC_000005.10,Mutation NB - Paternal Origin,Transversion - Purine/Pyrimidine,Unsolved
103966312,rs574674339,GG,GG,GA,58,49,99,NC_000005.10,Mutation NB - Maternal Origin,Transition - Purine/Purine,Unsolved
113049750,rs4599529,AA,AA,GA,61,40,99,NC_000005.10,Mutation NB - Maternal Origin,Transition - Purine/Purine,Unsolved
114867042,rs79714169,GG,GG,GA,46,73,99,NC_000005.10,Mutation NB - Paternal Origin,Transition - Purine/Purine,Unsolved
115638425,rs7702283,AA,AA,AG,51,40,99,NC_000005.10,Mutation NB - Maternal Origin,Transition - Purine/Purine,Unsolved
116697592,rs151139421,AA,AA,AT,61,67,99,NC_000005.10,Mutation NB - Paternal Origin,Transversion - Purine/Pyrimidine,Unsolved
118968695,rs213434,GG,GG,AG,46,79,99,NC_000005.10,Mutation NB - Paternal Origin,Transition - Purine/Purine,Unsolved
122678921,rs9327265,AA,AG,GG,55,1,62,NC_000005.10,Mutation NB - Paternal Origin,Transition - Purine/Purine,A>G
125576212,rs73784735,CC,CC,CT,78,58,99,NC_000005.10,Mutation NB - Maternal Origin,Transition - Pyrimidine/Pyrimidine,Unsolved
126230000,rs1813094,CC,CC,CT,52,59,99,NC_000005.10,Mutation NB - Paternal Origin,Transition - Pyrimidine/Pyrimidine,Unsolved
129164183,rs116810888,CC,CC,CT,55,67,99,NC_000005.10,Mutation NB - Paternal Origin,Transition - Pyrimidine/Pyrimidine,Unsolved
129164242,rs76750559,AA,TT,TT,1,1,60,NC_000005.10,Mutation NB - Paternal Origin,Transversion - Purine/Pyrimidine,A>T
130826935,rs72801718,CC,CT,TT,40,1,42,NC_000005.10,Mutation NB - Paternal Origin,Transition - Pyrimidine/Pyrimidine,C>T
131058321,rs12520054,AA,AA,AC,46,55,99,NC_000005.10,Mutation NB - Paternal Origin,Transversion - Purine/Pyrimidine,Unsolved
133866276,rs2546338,AA,CC,CC,40,1,43,NC_000005.10,Mutation NB - Paternal Origin,Transversion - Purine/Pyrimidine,A>C
135822976,rs11743382,GG,GG,GA,49,60,99,NC_000005.10,Mutation NB - Paternal Origin,Transition - Purine/Purine,Unsolved
135824639,rs721835,GG,GG,GA,51,43,99,NC_000005.10,Mutation NB - Maternal Origin,Transition - Purine/Purine,Unsolved
135824685,rs2304071,CC,CC,CT,51,46,99,NC_000005.10,Mutation NB - Maternal Origin,Transition - Pyrimidine/Pyrimidine,Unsolved
136047539,rs764567,AA,AA,AG,76,67,99,NC_000005.10,Mutation NB - Maternal Origin,Transition - Purine/Purine,Unsolved
138353523,rs10045383,GG,AA,AA,51,1,51,NC_000005.10,Mutation NB - Paternal Origin,Transition - Purine/Purine,G>A
139010712,rs1364714417,AA,AA,AG,43,55,99,NC_000005.10,Mutation NB - Paternal Origin,Transition - Purine/Purine,Unsolved
146628517,rs186523,AA,AG,GG,55,1,51,NC_000005.10,Mutation NB - Paternal Origin,Transition - Purine/Purine,A>G
149591160,rs10065102,CC,CC,CT,61,40,99,NC_000005.10,Mutation NB - Maternal Origin,Transition - Pyrimidine/Pyrimidine,Unsolved
149591387,rs78818953,TT,TT,TA,61,49,99,NC_000005.10,Mutation NB - Maternal Origin,Transition - Pyrimidine/Pyrimidine,Transversion - Purine/Pyrimidine,Unsolved
150068864,rs216151,CC,CC,TC,49,31,99,NC_000005.10,Mutation NB - Maternal Origin,Transition - Pyrimidine/Pyrimidine,Unsolved
151310166,rs10037170,CC,CT,TT,61,1,36,NC_000005.10,Mutation NB - Paternal Origin,Transition - Pyrimidine/Pyrimidine,C>T
151310318,rs58165424,AA,AA,AC,45,52,99,NC_000005.10,Mutation NB - Paternal Origin,Transversion - Purine/Pyrimidine,Unsolved
151632696,rs1036196,CC,CC,CT,58,67,99,NC_000005.10,Mutation NB - Paternal Origin,Transition - Pyrimidine/Pyrimidine,Unsolved
155886838,rs11739086,AA,AA,AG,40,43,99,NC_000005.10,Mutation NB - Paternal Origin,Transition - Purine/Purine,Unsolved
157191037,rs163309,CC,TC,TT,46,1,60,NC_000005.10,Mutation NB - Paternal Origin,Transition - Pyrimidine/Pyrimidine,C>T
166688073,rs10475506,GG,CG,CC,64,1,49,NC_000005.10,Mutation NB - Paternal Origin,Transversion - Purine/Pyrimidine,G>C
166810251,rs13157099,AA,AA,GA,6,55,99,NC_000005.10,Mutation NB - Paternal Origin,Transition - Purine/Purine,Unsolved
168405639,rs17551539,AA,AG,GG,76,1,24,NC_000005.10,Mutation NB - Paternal Origin,Transition - Purine/Purine,A>G
168468948,rs17731898,TT,TT,TC,73,61,99,NC_000005.10,Mutation NB - Maternal Origin,Transition - Pyrimidine/Pyrimidine,Unsolved
170523334,rs76378150,CC,CC,CT,55,57,99,NC_000005.10,Mutation NB - Paternal Origin,Transition - Pyrimidine/Pyrimidine,Unsolved
171538690,rs6555960,CC,TT,TT,46,4,39,NC_000005.10,Mutation NB - Paternal Origin,Transition - Pyrimidine/Pyrimidine,C>T
171676314,rs931117,AA,AA,AG,76,49,99,NC_000005.10,Mutation NB - Maternal Origin,Transition - Purine/Purine,Unsolved
171676430,rs931115,TT,TT,TA,61,40,99,NC_000005.10,Mutation NB - Maternal Origin,Transition - Pyrimidine/Pyrimidine,Transversion - Purine/Pyrimidine,Unsolved
172921463,rs10051239,AA,AA,AG,43,46,99,NC_000005.10,Mutation NB - Paternal Origin,Transition - Purine/Purine,Unsolved
173230152,rs3131916,AA,AA,AG,40,40,99,NC_000005.10,Mutation NB - Paternal or Maternal,Transition - Purine/Purine,Unsolved
173301868,rs6882038,TT,TT,CT,1,52,99,NC_000005.10,Mutation NB - Paternal Origin,Transition - Pyrimidine/Pyrimidine,Unsolved
175201284,rs62388658,CC,CC,CT,76,79,99,NC_000005.10,Mutation NB - Paternal Origin,Transition - Pyrimidine/Pyrimidine,Unsolved
175471880,rs10476158,AA,AA,GA,61,1,99,NC_000005.10,Mutation NB - Maternal Origin,Transition - Purine/Purine,Unsolved
175471882,rs10476159,CC,CC,TC,61,1,99,NC_000005.10,Mutation NB - Maternal Origin,Transition - Pyrimidine/Pyrimidine,Unsolved
176664830,rs13182190,CC,CC,CG,48,57,99,NC_000005.10,Mutation NB - Paternal Origin,Transversion - Purine/Pyrimidine,Unsolved
176741506,rs729823,AA,CC,CC,46,1,21,NC_000005.10,Mutation NB - Paternal Origin,Transversion - Purine/Pyrimidine,A>C
177092515,rs3135925,AA,AA,AG,70,55,99,NC_000005.10,Mutation NB - Maternal Origin,Transition - Purine/Purine,Unsolved
178094688,rs138373399,GG,GG,GA,79,40,99,NC_000005.10,Mutation NB - Maternal Origin,Transition - Purine/Purine,Unsolved
178274070,rs2973758,CC,TC,TT,55,1,27,NC_000005.10,Mutation NB - Paternal Origin,Transition - Pyrimidine/Pyrimidine,C>T
178394344,rs74770430,GG,GG,GA,61,52,99,NC_000005.10,Mutation NB - Maternal Origin,Transition - Purine/Purine,Unsolved
178468545,rs1973452,CC,CC,CT,42,40,99,NC_000005.10,Mutation NB - Maternal Origin,Transition - Pyrimidine/Pyrimidine,Unsolved
178787560,rs35494943,GG,GG,GA,46,79,99,NC_000005.10,Mutation NB - Paternal Origin,Transition - Purine/Purine,Unsolved
179209135,rs77262167,GG,GG,GA,61,41,99,NC_000005.10,Mutation NB - Maternal Origin,Transition - Purine/Purine,Unsolved
180934991,rs62406735,GG,GG,GA,49,70,99,NC_000005.10,Mutation NB - Paternal Origin,Transition - Purine/Purine,Unsolved
62804,.,CC,CC,CA,70,49,99,NT_113948.1,Mutation NB - Maternal Origin,Transversion - Purine/Pyrimidine,Unsolved
424915,rs9405661,CC,AA,AA,57,1,75,NC_000006.12,Mutation NB - Paternal Origin,Transversion - Purine/Pyrimidine,C>A
426198,rs9378816,GT,CC,CC,1,1,99,NC_000006.12,Mutation NB - Paternal or Maternal,Transversion - Purine/Pyrimidine,Transition - Pyrimidine/Pyrimidine,Unsolved
533866,rs2493037,GG,GG,GA,40,60,99,NC_000006.12,Mutation NB - Paternal Origin,Transition - Purine/Purine,Unsolved
2843209,rs452801,TT,CC,CC,79,19,42,NC_000006.12,Mutation NB - Paternal Origin,Transition - Pyrimidine/Pyrimidine,T>C
3049578,rs12110517,TT,TT,TC,57,60,99,NC_000006.12,Mutation NB - Paternal Origin,Transition - Pyrimidine/Pyrimidine,Unsolved
4515681,rs6932387,GG,GG,GA,61,58,99,NC_000006.12,Mutation NB - Maternal Origin,Transition - Purine/Purine,Unsolved
4610860,rs926587,TT,AA,AA,70,1,51,NC_000006.12,Mutation NB - Paternal Origin,Transversion - Purine/Pyrimidine,T>A
7115694,rs1285875,CC,GG,GG,22,1,33,NC_000006.12,Mutation NB - Paternal Origin,Transversion - Purine/Pyrimidine,C>G
7127754,rs3863228,GG,AA,AA,16,1,60,NC_000006.12,Mutation NB - Paternal Origin,Transition - Purine/Purine,G>A
9668777,rs12213884,TT,TT,TG,61,67,99,NC_000006.12,Mutation NB - Paternal Origin,Transition - Pyrimidine/Pyrimidine,Transversion - Purine/Pyrimidine,Unsolved
10172758,rs72832275,CC,TT,TT,22,19,42,NC_000006.12,Mutation NB - Paternal Origin,Transition - Pyrimidine/Pyrimidine,C>T
10172770,rs11751832,TT,CC,CC,22,19,42,NC_000006.12,Mutation NB - Paternal Origin,Transition - Pyrimidine/Pyrimidine,T>C
13931039,rs9475795,AA,AA,AC,46,64,99,NC_000006.12,Mutation NB - Paternal Origin,Transversion - Purine/Pyrimidine,Unsolved
14655800,rs857418,TT,TT,CT,73,79,99,NC_000006.12,Mutation NB - Paternal Origin,Transition - Pyrimidine/Pyrimidine,Unsolved
15961294,rs10949324,CC,CC,CT,67,79,99,NC_000006.12,Mutation NB - Paternal Origin,Transition - Pyrimidine/Pyrimidine,Unsolved
18266793,rs214569,GG,AG,AA,67,1,49,NC_000006.12,Mutation NB - Paternal Origin,Transition - Purine/Purine,G>A
34243987,rs56657958,CC,CC,CT,46,60,99,NC_000006.12,Mutation NB - Paternal Origin,Transition - Pyrimidine/Pyrimidine,Unsolved
34269970,rs1776890,AA,AA,GA,49,25,99,NC_000006.12,Mutation NB - Maternal Origin,Transition - Purine/Purine,Unsolved
34270020,rs2797961,AA,AA,GA,49,25,99,NC_000006.12,Mutation NB - Maternal Origin,Transition - Purine/Purine,Unsolved
34436859,rs7768978,TT,TT,CT,46,43,99,NC_000006.12,Mutation NB - Maternal Origin,Transition - Pyrimidine/Pyrimidine,Unsolved
35766001,rs2817055,CC,CC,GC,1,1,99,NC_000006.12,Mutation NB - Paternal or Maternal,Transversion - Purine/Pyrimidine,Unsolved
36363381,rs6457901,CC,CC,CA,58,49,99,NC_000006.12,Mutation NB - Maternal Origin,Transversion - Purine/Pyrimidine,Unsolved
36363390,rs6457902,AA,AA,AG,58,49,99,NC_000006.12,Mutation NB - Maternal Origin,Transition - Purine/Purine,Unsolved
36721253,rs236478,CC,CC,AC,49,76,99,NC_000006.12,Mutation NB - Paternal Origin,Transversion - Purine/Pyrimidine,Unsolved
37068565,.,GG,GG,GA,55,40,99,NC_000006.12,Mutation NB - Maternal Origin,Transition - Purine/Purine,Unsolved
37715740,rs9689490,CC,CC,CT,48,57,99,NC_000006.12,Mutation NB - Paternal Origin,Transition - Pyrimidine/Pyrimidine,Unsolved
42270197,rs1474866,GG,GG,GC,46,58,99,NC_000006.12,Mutation NB - Paternal Origin,Transition - Purine/Purine,Transversion - Purine/Pyrimidine,Unsolved
43121691,rs3805931,TT,TT,CT,64,73,99,NC_000006.12,Mutation NB - Paternal Origin,Transition - Pyrimidine/Pyrimidine,Unsolved
43778432,rs3025000,TT,CC,CC,65,52,21,NC_000006.12,Mutation NB - Paternal Origin,Transition - Pyrimidine/Pyrimidine,T>C
51599119,rs2149577,CC,CC,TC,43,1,99,NC_000006.12,Mutation NB - Maternal Origin,Transition - Pyrimidine/Pyrimidine,Unsolved
52505977,rs45523335,GG,GG,GA,45,40,99,NC_000006.12,Mutation NB - Maternal Origin,Transition - Purine/Purine,Unsolved
52961881,rs316146,AA,AA,CA,64,22,99,NC_000006.12,Mutation NB - Maternal Origin,Transversion - Purine/Pyrimidine,Unsolved
64804012,rs141496967,CC,CT,TT,61,1,99,NC_000006.12,Mutation NB - Paternal Origin,Transition - Pyrimidine/Pyrimidine,C>T
65990801,rs140818898,AA,AA,AG,76,64,99,NC_000006.12,Mutation NB - Maternal Origin,Transition - Purine/Purine,Unsolved
66009704,rs6899720,GG,TT,TT,77,1,45,NC_000006.12,Mutation NB - Paternal Origin,Transversion - Purine/Pyrimidine,G>T
66125392,rs3899423,AA,GG,GG,61,7,63,NC_000006.12,Mutation NB - Paternal Origin,Transition - Purine/Purine,A>G
66167046,rs851595,CC,AA,AA,40,1,51,NC_000006.12,Mutation NB - Paternal Origin,Transversion - Purine/Pyrimidine,C>A
66360885,rs59416919,AA,GG,GG,60,1,69,NC_000006.12,Mutation NB - Paternal Origin,Transition - Purine/Purine,A>G
68533717,rs6455287,CC,TT,TT,19,15,48,NC_000006.12,Mutation NB - Paternal Origin,Transition - Pyrimidine/Pyrimidine,C>T
85752081,rs34795473,CC,CC,CT,61,79,99,NC_000006.12,Mutation NB - Paternal Origin,Transition - Pyrimidine/Pyrimidine,Unsolved
86276064,rs2154023,CC,CC,CT,54,54,99,NC_000006.12,Mutation NB - Paternal or Maternal,Transition - Pyrimidine/Pyrimidine,Unsolved
101961427,rs1310715,GG,GA,AA,52,1,35,NC_000006.12,Mutation NB - Paternal Origin,Transition - Purine/Purine,G>A
107426482,rs319104,AA,AA,AG,58,49,99,NC_000006.12,Mutation NB - Maternal Origin,Transition - Purine/Purine,Unsolved
109509647,rs12194431,TT,CT,CC,1,1,42,NC_000006.12,Mutation NB - Paternal Origin,Transition - Pyrimidine/Pyrimidine,T>C
109509855,rs6568578,CC,CC,TC,55,1,99,NC_000006.12,Mutation NB - Maternal Origin,Transition - Pyrimidine/Pyrimidine,Unsolved
115703776,rs77469499,AA,GG,GG,58,10,24,NC_000006.12,Mutation NB - Paternal Origin,Transition - Purine/Purine,A>G
115855397,rs529687,TT,TT,TC,60,40,99,NC_000006.12,Mutation NB - Maternal Origin,Transition - Pyrimidine/Pyrimidine,Unsolved
116219232,rs12193094,TT,CC,CC,55,1,43,NC_000006.12,Mutation NB - Paternal Origin,Transition - Pyrimidine/Pyrimidine,T>C
116322938,rs9320558,GG,TG,TT,22,1,24,NC_000006.12,Mutation NB - Paternal Origin,Transversion - Purine/Pyrimidine,G>T
116618617,rs9400937,GG,GG,GA,70,43,99,NC_000006.12,Mutation NB - Maternal Origin,Transition - Purine/Purine,Unsolved
119016445,rs4946387,AA,GG,GG,1,1,56,NC_000006.12,Mutation NB - Paternal Origin,Transition - Purine/Purine,A>G
119441392,rs11153823,CC,CC,CT,40,49,99,NC_000006.12,Mutation NB - Paternal Origin,Transition - Pyrimidine/Pyrimidine,Unsolved
125245593,rs73771299,TT,TT,TC,61,61,99,NC_000006.12,Mutation NB - Paternal or Maternal,Transition - Pyrimidine/Pyrimidine,Unsolved
127191381,rs79936679,AA,AG,GG,70,1,39,NC_000006.12,Mutation NB - Paternal Origin,Transition - Purine/Purine,A>G
130260628,rs1830555,CC,CT,TT,55,1,99,NC_000006.12,Mutation NB - Paternal Origin,Transition - Pyrimidine/Pyrimidine,C>T
131524868,rs116802100,CC,CC,CT,40,43,99,NC_000006.12,Mutation NB - Paternal Origin,Transition - Pyrimidine/Pyrimidine,Unsolved
134701115,rs9765870,GG,GG,AG,46,79,99,NC_000006.12,Mutation NB - Paternal Origin,Transition - Purine/Purine,Unsolved
134850125,rs737153,CC,AA,AA,19,1,42,NC_000006.12,Mutation NB - Paternal Origin,Transversion - Purine/Pyrimidine,C>A
134872103,rs9389236,GG,GG,CG,64,76,99,NC_000006.12,Mutation NB - Paternal Origin,Transition - Purine/Purine,Transversion - Purine/Pyrimidine,Unsolved
135604595,rs6570019,AA,AG,GG,73,1,36,NC_000006.12,Mutation NB - Paternal Origin,Transition - Purine/Purine,A>G
135604607,rs6570020,AA,AG,GG,73,1,36,NC_000006.12,Mutation NB - Paternal Origin,Transition - Purine/Purine,A>G
138535530,rs973500559,CC,CC,CT,40,55,99,NC_000006.12,Mutation NB - Paternal Origin,Transition - Pyrimidine/Pyrimidine,Unsolved
139697987,rs9403108,CC,GG,GG,58,1,94,NC_000006.12,Mutation NB - Paternal Origin,Transversion - Purine/Pyrimidine,C>G
144675299,rs9399488,AA,AG,GG,49,1,42,NC_000006.12,Mutation NB - Paternal Origin,Transition - Purine/Purine,A>G
144675751,rs114626358,AA,AA,AG,43,61,99,NC_000006.12,Mutation NB - Paternal Origin,Transition - Purine/Purine,Unsolved
147218640,rs78530749,CC,CG,GG,61,1,30,NC_000006.12,Mutation NB - Paternal Origin,Transversion - Purine/Pyrimidine,C>G
148138061,rs6922487,TT,AA,AA,51,1,72,NC_000006.12,Mutation NB - Paternal Origin,Transversion - Purine/Pyrimidine,T>A
149977127,rs6557220,TT,GG,GG,31,1,49,NC_000006.12,Mutation NB - Paternal Origin,Transversion - Purine/Pyrimidine,T>G
149977163,rs73779729,CC,GG,GG,56,1,90,NC_000006.12,Mutation NB - Paternal Origin,Transversion - Purine/Pyrimidine,C>G
150001884,rs552349883,CC,CC,CT,46,57,99,NC_000006.12,Mutation NB - Paternal Origin,Transition - Pyrimidine/Pyrimidine,Unsolved
151079018,rs11753585,GG,GG,GA,55,55,99,NC_000006.12,Mutation NB - Paternal or Maternal,Transition - Purine/Purine,Unsolved
151565285,rs4254995,GG,GG,GT,49,51,99,NC_000006.12,Mutation NB - Paternal Origin,Transversion - Purine/Pyrimidine,Unsolved
153790254,rs9397655,GG,AG,AA,22,1,60,NC_000006.12,Mutation NB - Paternal Origin,Transition - Purine/Purine,G>A
157741753,rs6904107,TT,CC,CC,1,1,60,NC_000006.12,Mutation NB - Paternal Origin,Transition - Pyrimidine/Pyrimidine,T>C
158539056,.,AA,AA,AC,55,51,99,NC_000006.12,Mutation NB - Maternal Origin,Transversion - Purine/Pyrimidine,Unsolved
159077274,rs1572527,GG,GG,GA,40,49,99,NC_000006.12,Mutation NB - Paternal Origin,Transition - Purine/Purine,Unsolved
159471073,rs7748399,CC,TT,TT,40,1,48,NC_000006.12,Mutation NB - Paternal Origin,Transition - Pyrimidine/Pyrimidine,C>T
160788953,rs9458030,GG,GG,GA,40,40,99,NC_000006.12,Mutation NB - Paternal or Maternal,Transition - Purine/Purine,Unsolved
164701750,rs9364757,GG,AA,AA,52,28,39,NC_000006.12,Mutation NB - Paternal Origin,Transition - Purine/Purine,G>A
165224277,rs1744502,CC,CA,AA,61,1,21,NC_000006.12,Mutation NB - Paternal Origin,Transversion - Purine/Pyrimidine,C>A
165463778,rs75939844,GG,GG,GA,40,61,99,NC_000006.12,Mutation NB - Paternal Origin,Transition - Purine/Purine,Unsolved
166330774,rs7757549,GG,GG,CG,22,6,99,NC_000006.12,Mutation NB - Maternal Origin,Transition - Purine/Purine,Transversion - Purine/Pyrimidine,Unsolved
166714974,rs114939280,GG,GG,GA,76,49,99,NC_000006.12,Mutation NB - Maternal Origin,Transition - Purine/Purine,Unsolved
166906583,rs60913241,CC,CC,CG,61,40,99,NC_000006.12,Mutation NB - Maternal Origin,Transversion - Purine/Pyrimidine,Unsolved
167301344,rs1009593,GG,GG,GC,49,60,99,NC_000006.12,Mutation NB - Paternal Origin,Transition - Purine/Purine,Transversion - Purine/Pyrimidine,Unsolved
167505215,rs13210737,AA,GG,GG,70,1,40,NC_000006.12,Mutation NB - Paternal Origin,Transition - Purine/Purine,A>G
167737561,rs10484656,AA,AA,AC,56,46,99,NC_000006.12,Mutation NB - Maternal Origin,Transversion - Purine/Pyrimidine,Unsolved
168042002,rs58330252,AA,AA,AG,76,79,99,NC_000006.12,Mutation NB - Paternal Origin,Transition - Purine/Purine,Unsolved
168042113,rs34801387,GG,GG,GC,73,79,99,NC_000006.12,Mutation NB - Paternal Origin,Transition - Purine/Purine,Transversion - Purine/Pyrimidine,Unsolved
168194262,rs6900846,AA,AA,AG,58,58,99,NC_000006.12,Mutation NB - Paternal or Maternal,Transition - Purine/Purine,Unsolved
168329469,rs113915925,CC,CC,CA,58,58,99,NC_000006.12,Mutation NB - Paternal or Maternal,Transversion - Purine/Pyrimidine,Unsolved
169325336,rs7381971,GG,GG,CG,7,61,99,NC_000006.12,Mutation NB - Paternal Origin,Transition - Purine/Purine,Transversion - Purine/Pyrimidine,Unsolved
169671122,rs4716375,AA,CC,CC,76,40,21,NC_000006.12,Mutation NB - Paternal Origin,Transversion - Purine/Pyrimidine,A>C
169938509,rs879216555,GG,GG,AG,16,10,99,NC_000006.12,Mutation NB - Maternal Origin,Transition - Purine/Purine,Unsolved
169998738,rs941645593,CC,CC,CT,52,40,99,NC_000006.12,Mutation NB - Maternal Origin,Transition - Pyrimidine/Pyrimidine,Unsolved
170006969,rs961946132,TT,TT,TC,49,40,99,NC_000006.12,Mutation NB - Maternal Origin,Transition - Pyrimidine/Pyrimidine,Unsolved
170153688,rs115622181,CC,CC,CT,52,51,99,NC_000006.12,Mutation NB - Maternal Origin,Transition - Pyrimidine/Pyrimidine,Unsolved
348542,rs36160666,TT,CC,CC,64,1,27,NC_000007.14,Mutation NB - Paternal Origin,Transition - Pyrimidine/Pyrimidine,T>C
532227,rs62431366,TT,CC,CC,40,1,57,NC_000007.14,Mutation NB - Paternal Origin,Transition - Pyrimidine/Pyrimidine,T>C
532236,rs62431367,CC,TT,TT,52,1,57,NC_000007.14,Mutation NB - Paternal Origin,Transition - Pyrimidine/Pyrimidine,C>T
1192225,rs9640009,CC,CC,CT,55,40,99,NC_000007.14,Mutation NB - Maternal Origin,Transition - Pyrimidine/Pyrimidine,Unsolved
1640967,rs7786528,GG,AG,AA,50,1,42,NC_000007.14,Mutation NB - Paternal Origin,Transition - Purine/Purine,G>A
1906494,rs56403963,CC,CG,GG,58,1,99,NC_000007.14,Mutation NB - Paternal Origin,Transversion - Purine/Pyrimidine,C>G
2808516,rs3823602,GG,GG,GC,58,55,99,NC_000007.14,Mutation NB - Maternal Origin,Transition - Purine/Purine,Transversion - Purine/Pyrimidine,Unsolved
3031263,rs10238593,GG,GG,GA,58,54,99,NC_000007.14,Mutation NB - Maternal Origin,Transition - Purine/Purine,Unsolved
3875932,rs6462411,TT,TC,CC,76,14,39,NC_000007.14,Mutation NB - Paternal Origin,Transition - Pyrimidine/Pyrimidine,T>C
3940931,rs7801639,AA,GG,GG,51,1,99,NC_000007.14,Mutation NB - Paternal Origin,Transition - Purine/Purine,A>G
4089240,rs13236488,AA,GG,GG,76,1,30,NC_000007.14,Mutation NB - Paternal Origin,Transition - Purine/Purine,A>G
4198085,rs10228300,TT,TG,GG,40,1,90,NC_000007.14,Mutation NB - Paternal Origin,Transversion - Purine/Pyrimidine,T>G
4220731,rs58686602,CC,GG,GG,54,7,57,NC_000007.14,Mutation NB - Paternal Origin,Transversion - Purine/Pyrimidine,C>G
4220770,rs58222028,TT,CC,CC,55,1,51,NC_000007.14,Mutation NB - Paternal Origin,Transition - Pyrimidine/Pyrimidine,T>C
4282763,rs10277408,TT,GG,GG,67,31,39,NC_000007.14,Mutation NB - Paternal Origin,Transversion - Purine/Pyrimidine,T>G
6513171,rs577370117,CC,CC,CT,79,49,99,NC_000007.14,Mutation NB - Maternal Origin,Transition - Pyrimidine/Pyrimidine,Unsolved
12863904,rs541031276,TT,TT,TA,52,61,99,NC_000007.14,Mutation NB - Paternal Origin,Transition - Pyrimidine/Pyrimidine,Transversion - Purine/Pyrimidine,Unsolved
16370412,rs7783283,TT,TT,CT,16,40,99,NC_000007.14,Mutation NB - Paternal Origin,Transition - Pyrimidine/Pyrimidine,Unsolved
16592367,rs112234285,TT,TT,TC,73,49,99,NC_000007.14,Mutation NB - Maternal Origin,Transition - Pyrimidine/Pyrimidine,Unsolved
23672560,rs10278749,GG,AG,AA,49,1,39,NC_000007.14,Mutation NB - Paternal Origin,Transition - Purine/Purine,G>A
24169246,rs2079200,GG,AA,AA,49,1,60,NC_000007.14,Mutation NB - Paternal Origin,Transition - Purine/Purine,G>A
24387356,rs10487610,CC,CC,CT,56,43,99,NC_000007.14,Mutation NB - Maternal Origin,Transition - Pyrimidine/Pyrimidine,Unsolved
24387364,rs6971081,AA,GA,GG,25,1,60,NC_000007.14,Mutation NB - Paternal Origin,Transition - Purine/Purine,A>G
24387388,rs6971202,AA,GA,GG,25,1,57,NC_000007.14,Mutation NB - Paternal Origin,Transition - Purine/Purine,A>G
25001881,rs141726920,GG,GG,GA,61,55,99,NC_000007.14,Mutation NB - Maternal Origin,Transition - Purine/Purine,Unsolved
25001929,rs73278332,CC,CC,CA,40,55,99,NC_000007.14,Mutation NB - Paternal Origin,Transversion - Purine/Pyrimidine,Unsolved
25001980,rs7458594,CC,CC,CT,58,60,99,NC_000007.14,Mutation NB - Paternal Origin,Transition - Pyrimidine/Pyrimidine,Unsolved
25322411,rs10236778,GG,GG,GC,73,55,99,NC_000007.14,Mutation NB - Maternal Origin,Transition - Purine/Purine,Transversion - Purine/Pyrimidine,Unsolved
29649402,rs1641210,CC,TT,TT,64,1,51,NC_000007.14,Mutation NB - Paternal Origin,Transition - Pyrimidine/Pyrimidine,C>T
32143521,rs2392027,CC,TT,TT,58,1,30,NC_000007.14,Mutation NB - Paternal Origin,Transition - Pyrimidine/Pyrimidine,C>T
34659647,rs13235228,TT,TT,TC,60,61,99,NC_000007.14,Mutation NB - Paternal Origin,Transition - Pyrimidine/Pyrimidine,Unsolved
37429286,rs28628397,CC,CC,CA,40,53,99,NC_000007.14,Mutation NB - Paternal Origin,Transversion - Purine/Pyrimidine,Unsolved
38713722,rs1859494,AA,TT,TT,61,19,36,NC_000007.14,Mutation NB - Paternal Origin,Transversion - Purine/Pyrimidine,A>T
42103061,rs1949974,GG,GG,AG,19,46,99,NC_000007.14,Mutation NB - Paternal Origin,Transition - Purine/Purine,Unsolved
42407444,rs9942547,TT,CC,CC,55,1,45,NC_000007.14,Mutation NB - Paternal Origin,Transition - Pyrimidine/Pyrimidine,T>C
42468775,rs12701976,AA,CC,CC,67,49,36,NC_000007.14,Mutation NB - Paternal Origin,Transversion - Purine/Pyrimidine,A>C
45525320,.,AA,AA,AG,43,49,99,NC_000007.14,Mutation NB - Paternal Origin,Transition - Purine/Purine,Unsolved
46088507,rs116779459,CC,CC,CT,76,55,99,NC_000007.14,Mutation NB - Maternal Origin,Transition - Pyrimidine/Pyrimidine,Unsolved
46541441,rs10234273,CC,TT,TT,55,1,33,NC_000007.14,Mutation NB - Paternal Origin,Transition - Pyrimidine/Pyrimidine,C>T
46946620,rs9639966,AA,GA,GG,13,1,30,NC_000007.14,Mutation NB - Paternal Origin,Transition - Purine/Purine,A>G
47278485,rs868701,GG,GA,AA,55,1,99,NC_000007.14,Mutation NB - Paternal Origin,Transition - Purine/Purine,G>A
47278534,rs885519,GG,GA,AA,55,1,87,NC_000007.14,Mutation NB - Paternal Origin,Transition - Purine/Purine,G>A
47366737,rs17523258,GG,GG,GA,58,51,99,NC_000007.14,Mutation NB - Maternal Origin,Transition - Purine/Purine,Unsolved
47628753,rs961140353,CC,CC,CA,40,40,99,NC_000007.14,Mutation NB - Paternal or Maternal,Transversion - Purine/Pyrimidine,Unsolved
49768589,rs12537584,CC,CC,CT,64,79,99,NC_000007.14,Mutation NB - Paternal Origin,Transition - Pyrimidine/Pyrimidine,Unsolved
50282196,rs1456894,AA,AA,AG,52,61,99,NC_000007.14,Mutation NB - Paternal Origin,Transition - Purine/Purine,Unsolved
50306583,rs192754231,GG,GG,GA,40,40,99,NC_000007.14,Mutation NB - Paternal or Maternal,Transition - Purine/Purine,Unsolved
51230081,rs11770658,CC,CC,GC,61,25,99,NC_000007.14,Mutation NB - Maternal Origin,Transversion - Purine/Pyrimidine,Unsolved
53625328,rs12718810,TT,TC,CC,61,1,45,NC_000007.14,Mutation NB - Paternal Origin,Transition - Pyrimidine/Pyrimidine,T>C
54971471,rs57462602,GG,GA,AA,55,1,99,NC_000007.14,Mutation NB - Paternal Origin,Transition - Purine/Purine,G>A
57323450,rs2894768,AA,GG,GG,60,1,60,NC_000007.14,Mutation NB - Paternal Origin,Transition - Purine/Purine,A>G
63042072,rs184247041,GG,GG,GT,54,42,99,NC_000007.14,Mutation NB - Maternal Origin,Transversion - Purine/Pyrimidine,Unsolved
63765751,rs7804409,GG,GG,GT,61,40,99,NC_000007.14,Mutation NB - Maternal Origin,Transversion - Purine/Pyrimidine,Unsolved
64915604,rs11766146,GG,GG,GA,52,47,99,NC_000007.14,Mutation NB - Maternal Origin,Transition - Purine/Purine,Unsolved
67839868,rs138343039,AA,AA,AC,40,40,99,NC_000007.14,Mutation NB - Paternal or Maternal,Transversion - Purine/Pyrimidine,Unsolved
68244361,rs113626744,AA,AA,AT,79,70,99,NC_000007.14,Mutation NB - Maternal Origin,Transversion - Purine/Pyrimidine,Unsolved
68583808,rs6460460,TT,TT,CT,77,76,99,NC_000007.14,Mutation NB - Maternal Origin,Transition - Pyrimidine/Pyrimidine,Unsolved
68919535,rs2869902,AA,GG,GG,55,1,33,NC_000007.14,Mutation NB - Paternal Origin,Transition - Purine/Purine,A>G
70828763,rs8180718,TT,GG,GG,1,1,42,NC_000007.14,Mutation NB - Paternal Origin,Transversion - Purine/Pyrimidine,T>G
72018336,rs844795,TT,TT,TC,53,61,99,NC_000007.14,Mutation NB - Paternal Origin,Transition - Pyrimidine/Pyrimidine,Unsolved
73714641,rs10227463,CC,TT,TT,76,17,27,NC_000007.14,Mutation NB - Paternal Origin,Transition - Pyrimidine/Pyrimidine,C>T
74376618,rs73705363,CC,CC,CT,58,56,99,NC_000007.14,Mutation NB - Maternal Origin,Transition - Pyrimidine/Pyrimidine,Unsolved
78071497,rs56327212,GG,GG,GC,79,58,99,NC_000007.14,Mutation NB - Maternal Origin,Transition - Purine/Purine,Transversion - Purine/Pyrimidine,Unsolved
81043052,rs1208096,TT,TT,CT,37,52,99,NC_000007.14,Mutation NB - Paternal Origin,Transition - Pyrimidine/Pyrimidine,Unsolved
88587152,rs17358079,GG,GG,GA,79,70,99,NC_000007.14,Mutation NB - Maternal Origin,Transition - Purine/Purine,Unsolved
91800659,rs13222297,CC,CC,CT,49,55,99,NC_000007.14,Mutation NB - Paternal Origin,Transition - Pyrimidine/Pyrimidine,Unsolved
100981437,rs4363124,CC,GC,GG,1,1,60,NC_000007.14,Mutation NB - Paternal Origin,Transversion - Purine/Pyrimidine,C>G
101411799,rs13238579,GG,GA,AA,64,1,30,NC_000007.14,Mutation NB - Paternal Origin,Transition - Purine/Purine,G>A
101985281,rs12530931,CC,CC,CG,55,61,99,NC_000007.14,Mutation NB - Paternal Origin,Transversion - Purine/Pyrimidine,Unsolved
101994005,rs202158,CC,CG,GG,76,1,45,NC_000007.14,Mutation NB - Paternal Origin,Transversion - Purine/Pyrimidine,C>G
103890303,rs1524802,GG,GG,AG,61,64,99,NC_000007.14,Mutation NB - Paternal Origin,Transition - Purine/Purine,Unsolved
114359582,rs2690837,GG,GC,CC,52,1,75,NC_000007.14,Mutation NB - Paternal Origin,Transversion - Purine/Pyrimidine,G>C
119188523,rs11505941,AA,AA,TA,43,34,99,NC_000007.14,Mutation NB - Maternal Origin,Transversion - Purine/Pyrimidine,Unsolved
121248089,rs7806875,AA,AA,AT,42,51,99,NC_000007.14,Mutation NB - Paternal Origin,Transversion - Purine/Pyrimidine,Unsolved
125468713,rs12112250,TT,AA,AA,79,1,51,NC_000007.14,Mutation NB - Paternal Origin,Transversion - Purine/Pyrimidine,T>A
126172846,rs10276167,TT,CC,CC,73,1,54,NC_000007.14,Mutation NB - Paternal Origin,Transition - Pyrimidine/Pyrimidine,T>C
127429341,rs10224454,GG,GG,GT,61,40,99,NC_000007.14,Mutation NB - Maternal Origin,Transversion - Purine/Pyrimidine,Unsolved
127429388,rs10224350,CC,CC,CT,61,40,99,NC_000007.14,Mutation NB - Maternal Origin,Transition - Pyrimidine/Pyrimidine,Unsolved
128072042,rs322835,GG,GG,GC,40,40,99,NC_000007.14,Mutation NB - Paternal or Maternal,Transition - Purine/Purine,Transversion - Purine/Pyrimidine,Unsolved
128072192,rs322834,GG,GG,GA,54,43,99,NC_000007.14,Mutation NB - Maternal Origin,Transition - Purine/Purine,Unsolved
128104440,rs322815,CC,TT,TT,58,1,99,NC_000007.14,Mutation NB - Paternal Origin,Transition - Pyrimidine/Pyrimidine,C>T
128874489,rs35168289,CC,CC,CT,61,40,99,NC_000007.14,Mutation NB - Maternal Origin,Transition - Pyrimidine/Pyrimidine,Unsolved
129798444,rs62491470,GG,GG,GA,51,40,99,NC_000007.14,Mutation NB - Maternal Origin,Transition - Purine/Purine,Unsolved
131602597,rs57494823,GG,GG,GA,45,60,99,NC_000007.14,Mutation NB - Paternal Origin,Transition - Purine/Purine,Unsolved
135748120,rs10273605,TT,TT,TC,45,55,99,NC_000007.14,Mutation NB - Paternal Origin,Transition - Pyrimidine/Pyrimidine,Unsolved
136229865,rs10232725,CC,TT,TT,22,1,39,NC_000007.14,Mutation NB - Paternal Origin,Transition - Pyrimidine/Pyrimidine,C>T
137987012,rs1076516,TT,TT,TC,40,40,99,NC_000007.14,Mutation NB - Paternal or Maternal,Transition - Pyrimidine/Pyrimidine,Unsolved
149255221,rs3087882,TT,TC,CC,40,1,99,NC_000007.14,Mutation NB - Paternal Origin,Transition - Pyrimidine/Pyrimidine,T>C
149527454,rs112617057,GG,GG,GA,76,40,99,NC_000007.14,Mutation NB - Maternal Origin,Transition - Purine/Purine,Unsolved
151237889,rs2487154,CC,GG,GG,67,1,57,NC_000007.14,Mutation NB - Paternal Origin,Transversion - Purine/Pyrimidine,C>G
153049250,rs56969791,GG,GG,GA,61,51,99,NC_000007.14,Mutation NB - Maternal Origin,Transition - Purine/Purine,Unsolved
153320097,rs397065,CC,CT,TT,52,1,54,NC_000007.14,Mutation NB - Paternal Origin,Transition - Pyrimidine/Pyrimidine,C>T
153566524,rs79515303,CC,CC,CT,79,58,99,NC_000007.14,Mutation NB - Maternal Origin,Transition - Pyrimidine/Pyrimidine,Unsolved
154390410,rs11561903,TT,GG,GG,46,10,24,NC_000007.14,Mutation NB - Paternal Origin,Transversion - Purine/Pyrimidine,T>G
154767929,rs79619020,AA,AA,AT,40,40,99,NC_000007.14,Mutation NB - Paternal or Maternal,Transversion - Purine/Pyrimidine,Unsolved
156595169,rs2530763,CC,CC,CT,61,52,99,NC_000007.14,Mutation NB - Maternal Origin,Transition - Pyrimidine/Pyrimidine,Unsolved
157276185,rs757855,CC,TC,TT,34,1,60,NC_000007.14,Mutation NB - Paternal Origin,Transition - Pyrimidine/Pyrimidine,C>T
157276196,rs61516886,CC,CC,CG,40,58,99,NC_000007.14,Mutation NB - Paternal Origin,Transversion - Purine/Pyrimidine,Unsolved
157407969,rs758928,TT,TT,CT,9,10,99,NC_000007.14,Mutation NB - Paternal Origin,Transition - Pyrimidine/Pyrimidine,Unsolved
157424647,rs4716721,AA,AA,TA,64,13,99,NC_000007.14,Mutation NB - Maternal Origin,Transversion - Purine/Pyrimidine,Unsolved
157424648,rs4716476,TT,TT,CT,64,13,99,NC_000007.14,Mutation NB - Maternal Origin,Transition - Pyrimidine/Pyrimidine,Unsolved
157658518,rs535294970,GG,GG,GT,40,55,99,NC_000007.14,Mutation NB - Paternal Origin,Transversion - Purine/Pyrimidine,Unsolved
158478140,rs896783,GG,GG,GA,46,49,99,NC_000007.14,Mutation NB - Paternal Origin,Transition - Purine/Purine,Unsolved
158598858,rs73180271,TT,TT,CT,70,61,99,NC_000007.14,Mutation NB - Maternal Origin,Transition - Pyrimidine/Pyrimidine,Unsolved
158743439,rs2305471,CC,TT,TT,1,1,39,NC_000007.14,Mutation NB - Paternal Origin,Transition - Pyrimidine/Pyrimidine,C>T
158743463,rs2305472,GG,AA,AA,1,1,39,NC_000007.14,Mutation NB - Paternal Origin,Transition - Purine/Purine,G>A
158743576,rs2305473,CC,TT,TT,28,19,24,NC_000007.14,Mutation NB - Paternal Origin,Transition - Pyrimidine/Pyrimidine,C>T
158743654,rs2305475,GG,AA,AA,73,40,48,NC_000007.14,Mutation NB - Paternal Origin,Transition - Purine/Purine,G>A
158743685,rs2305476,CC,AA,AA,73,40,48,NC_000007.14,Mutation NB - Paternal Origin,Transversion - Purine/Pyrimidine,C>A
158743697,rs2305477,CC,AA,AA,73,40,48,NC_000007.14,Mutation NB - Paternal Origin,Transversion - Purine/Pyrimidine,C>A
569318,rs1669644,AA,GG,GG,67,1,46,NC_000008.11,Mutation NB - Paternal Origin,Transition - Purine/Purine,A>G
658279,rs1703925,GG,GG,AG,28,10,99,NC_000008.11,Mutation NB - Maternal Origin,Transition - Purine/Purine,Unsolved
666991,rs896522,GG,GG,AG,76,1,99,NC_000008.11,Mutation NB - Maternal Origin,Transition - Purine/Purine,Unsolved
3294522,rs137962113,CC,CC,CT,64,58,99,NC_000008.11,Mutation NB - Maternal Origin,Transition - Pyrimidine/Pyrimidine,Unsolved
3868384,rs57931671,CC,CG,GG,61,1,45,NC_000008.11,Mutation NB - Paternal Origin,Transversion - Purine/Pyrimidine,C>G
5681854,rs2527154,CC,CT,TT,55,1,63,NC_000008.11,Mutation NB - Paternal Origin,Transition - Pyrimidine/Pyrimidine,C>T
6054960,rs2700807,TT,GG,GG,61,19,33,NC_000008.11,Mutation NB - Paternal Origin,Transversion - Purine/Pyrimidine,T>G
6057787,rs59179286,AA,AA,AG,55,73,99,NC_000008.11,Mutation NB - Paternal Origin,Transition - Purine/Purine,Unsolved
6379876,rs6997285,TT,TT,TC,52,58,99,NC_000008.11,Mutation NB - Paternal Origin,Transition - Pyrimidine/Pyrimidine,Unsolved
6379909,rs7015567,CC,CC,CT,49,58,99,NC_000008.11,Mutation NB - Paternal Origin,Transition - Pyrimidine/Pyrimidine,Unsolved
13561279,rs7821950,GG,AA,AA,61,1,99,NC_000008.11,Mutation NB - Paternal Origin,Transition - Purine/Purine,G>A
14264500,rs186695944,CC,CC,CT,58,57,99,NC_000008.11,Mutation NB - Maternal Origin,Transition - Pyrimidine/Pyrimidine,Unsolved
20056595,rs1569211,GG,CC,CC,46,1,30,NC_000008.11,Mutation NB - Paternal Origin,Transversion - Purine/Pyrimidine,G>C
20915986,rs2410672,CC,TT,TT,60,1,39,NC_000008.11,Mutation NB - Paternal Origin,Transition - Pyrimidine/Pyrimidine,C>T
21119327,rs6983314,GG,GG,AG,1,1,99,NC_000008.11,Mutation NB - Paternal or Maternal,Transition - Purine/Purine,Unsolved
25315433,rs2465006,CC,CC,TC,13,52,99,NC_000008.11,Mutation NB - Paternal Origin,Transition - Pyrimidine/Pyrimidine,Unsolved
25315479,rs2252107,CC,CC,AC,13,52,99,NC_000008.11,Mutation NB - Paternal Origin,Transversion - Purine/Pyrimidine,Unsolved
27470324,rs2565064,GG,GG,CG,52,37,99,NC_000008.11,Mutation NB - Maternal Origin,Transition - Purine/Purine,Transversion - Purine/Pyrimidine,Unsolved
27957998,rs73568971,GG,GG,GA,73,58,99,NC_000008.11,Mutation NB - Maternal Origin,Transition - Purine/Purine,Unsolved
31658838,rs11783236,GG,AA,AA,58,7,51,NC_000008.11,Mutation NB - Paternal Origin,Transition - Purine/Purine,G>A
31658893,rs7011516,GG,GA,AA,52,1,48,NC_000008.11,Mutation NB - Paternal Origin,Transition - Purine/Purine,G>A
37947874,rs1892819,CC,TT,TT,52,1,99,NC_000008.11,Mutation NB - Paternal Origin,Transition - Pyrimidine/Pyrimidine,C>T
38560155,rs12542740,CC,CC,CT,61,76,99,NC_000008.11,Mutation NB - Paternal Origin,Transition - Pyrimidine/Pyrimidine,Unsolved
39875665,rs6988017,GG,AA,AA,52,1,60,NC_000008.11,Mutation NB - Paternal Origin,Transition - Purine/Purine,G>A
40926996,rs76047358,GG,GG,GA,52,49,99,NC_000008.11,Mutation NB - Maternal Origin,Transition - Purine/Purine,Unsolved
41615898,rs55812128,GG,GA,AA,61,1,91,NC_000008.11,Mutation NB - Paternal Origin,Transition - Purine/Purine,G>A
41684223,rs572033,GG,GG,AG,1,1,99,NC_000008.11,Mutation NB - Paternal or Maternal,Transition - Purine/Purine,Unsolved
41781455,rs11774448,CC,CC,CT,76,79,99,NC_000008.11,Mutation NB - Paternal Origin,Transition - Pyrimidine/Pyrimidine,Unsolved
41836250,rs906290,TT,TT,TA,61,40,99,NC_000008.11,Mutation NB - Maternal Origin,Transition - Pyrimidine/Pyrimidine,Transversion - Purine/Pyrimidine,Unsolved
43459334,rs117808585,GG,GG,GC,40,55,99,NC_000008.11,Mutation NB - Paternal Origin,Transition - Purine/Purine,Transversion - Purine/Pyrimidine,Unsolved
48967600,rs62507160,CC,CC,CG,51,40,99,NC_000008.11,Mutation NB - Maternal Origin,Transversion - Purine/Pyrimidine,Unsolved
48967601,rs62507161,TT,TT,TG,51,40,99,NC_000008.11,Mutation NB - Maternal Origin,Transition - Pyrimidine/Pyrimidine,Transversion - Purine/Pyrimidine,Unsolved
53252242,rs3808627,CC,CC,CT,59,40,99,NC_000008.11,Mutation NB - Maternal Origin,Transition - Pyrimidine/Pyrimidine,Unsolved
55451619,rs2929050,GG,GG,GC,54,40,99,NC_000008.11,Mutation NB - Maternal Origin,Transition - Purine/Purine,Transversion - Purine/Pyrimidine,Unsolved
55717303,rs7829350,GG,TT,TT,64,1,48,NC_000008.11,Mutation NB - Paternal Origin,Transversion - Purine/Pyrimidine,G>T
56079417,rs2976043,GG,GG,GC,46,67,99,NC_000008.11,Mutation NB - Paternal Origin,Transition - Purine/Purine,Transversion - Purine/Pyrimidine,Unsolved
58399138,rs1030431,GG,GG,AG,64,1,99,NC_000008.11,Mutation NB - Maternal Origin,Transition - Purine/Purine,Unsolved
60178408,rs1520274,CC,CC,GC,76,28,99,NC_000008.11,Mutation NB - Maternal Origin,Transversion - Purine/Pyrimidine,Unsolved
61557882,rs4737589,CC,CC,CT,58,61,99,NC_000008.11,Mutation NB - Paternal Origin,Transition - Pyrimidine/Pyrimidine,Unsolved
70631080,rs7835018,GG,GG,GA,40,58,99,NC_000008.11,Mutation NB - Paternal Origin,Transition - Purine/Purine,Unsolved
72901065,rs13279934,AA,AA,AG,40,73,99,NC_000008.11,Mutation NB - Paternal Origin,Transition - Purine/Purine,Unsolved
73438558,rs4738355,CC,CT,TT,51,1,99,NC_000008.11,Mutation NB - Paternal Origin,Transition - Pyrimidine/Pyrimidine,C>T
77879823,rs113742714,GG,GG,GC,61,61,99,NC_000008.11,Mutation NB - Paternal or Maternal,Transition - Purine/Purine,Transversion - Purine/Pyrimidine,Unsolved
83731159,rs11777606,AA,GG,GG,22,1,60,NC_000008.11,Mutation NB - Paternal Origin,Transition - Purine/Purine,A>G
83769255,rs113026995,CC,TT,TT,76,1,60,NC_000008.11,Mutation NB - Paternal Origin,Transition - Pyrimidine/Pyrimidine,C>T
83769321,rs113753223,CC,AA,AA,69,1,35,NC_000008.11,Mutation NB - Paternal Origin,Transversion - Purine/Pyrimidine,C>A
86966000,rs1524833,CC,CC,CG,51,52,99,NC_000008.11,Mutation NB - Paternal Origin,Transversion - Purine/Pyrimidine,Unsolved
87176188,rs116822083,GG,GG,GT,79,58,99,NC_000008.11,Mutation NB - Maternal Origin,Transversion - Purine/Pyrimidine,Unsolved
87543178,rs72670828,GG,AA,AA,28,1,57,NC_000008.11,Mutation NB - Paternal Origin,Transition - Purine/Purine,G>A
90665698,rs4332092,GG,GG,GA,49,52,99,NC_000008.11,Mutation NB - Paternal Origin,Transition - Purine/Purine,Unsolved
94589615,rs4735300,TT,AT,AA,49,1,48,NC_000008.11,Mutation NB - Paternal Origin,Transversion - Purine/Pyrimidine,T>A
95940264,rs6995079,GG,AA,AA,28,1,51,NC_000008.11,Mutation NB - Paternal Origin,Transition - Purine/Purine,G>A
95940329,rs7015597,CC,TT,TT,1,1,51,NC_000008.11,Mutation NB - Paternal Origin,Transition - Pyrimidine/Pyrimidine,C>T
100847686,rs7816081,AA,AA,AC,79,67,99,NC_000008.11,Mutation NB - Maternal Origin,Transversion - Purine/Pyrimidine,Unsolved
100859533,rs74612389,GG,GG,GA,48,40,99,NC_000008.11,Mutation NB - Maternal Origin,Transition - Purine/Purine,Unsolved
100860368,rs17461454,GG,GG,GA,58,70,99,NC_000008.11,Mutation NB - Paternal Origin,Transition - Purine/Purine,Unsolved
105485315,rs4565433,TT,TT,GT,22,6,99,NC_000008.11,Mutation NB - Maternal Origin,Transition - Pyrimidine/Pyrimidine,Transversion - Purine/Pyrimidine,Unsolved
106231790,rs12547139,AA,AA,GA,34,38,99,NC_000008.11,Mutation NB - Paternal Origin,Transition - Purine/Purine,Unsolved
106261455,rs915998635,TT,TT,TC,58,67,99,NC_000008.11,Mutation NB - Paternal Origin,Transition - Pyrimidine/Pyrimidine,Unsolved
106991650,rs1461999,TT,TT,TC,51,73,99,NC_000008.11,Mutation NB - Paternal Origin,Transition - Pyrimidine/Pyrimidine,Unsolved
110120464,rs141830997,CC,CC,CT,49,40,99,NC_000008.11,Mutation NB - Maternal Origin,Transition - Pyrimidine/Pyrimidine,Unsolved
111837210,rs73704905,CC,CC,CT,52,40,99,NC_000008.11,Mutation NB - Maternal Origin,Transition - Pyrimidine/Pyrimidine,Unsolved
112082484,rs7818855,TT,TT,TG,64,64,99,NC_000008.11,Mutation NB - Paternal or Maternal,Transition - Pyrimidine/Pyrimidine,Transversion - Purine/Pyrimidine,Unsolved
112083052,rs12679370,GG,GG,GA,70,64,99,NC_000008.11,Mutation NB - Maternal Origin,Transition - Purine/Purine,Unsolved
113600202,rs74780316,GG,GG,GA,61,58,99,NC_000008.11,Mutation NB - Maternal Origin,Transition - Purine/Purine,Unsolved
113718865,rs140070679,AA,AA,AG,40,57,99,NC_000008.11,Mutation NB - Paternal Origin,Transition - Purine/Purine,Unsolved
114312352,rs10100905,TT,TT,TG,45,46,99,NC_000008.11,Mutation NB - Paternal Origin,Transition - Pyrimidine/Pyrimidine,Transversion - Purine/Pyrimidine,Unsolved
114386491,rs172349,CC,CC,CG,40,49,99,NC_000008.11,Mutation NB - Paternal Origin,Transversion - Purine/Pyrimidine,Unsolved
119234664,rs2432982,CC,CC,CA,58,49,99,NC_000008.11,Mutation NB - Maternal Origin,Transversion - Purine/Pyrimidine,Unsolved
120241517,rs16893710,TT,TT,TC,79,58,99,NC_000008.11,Mutation NB - Maternal Origin,Transition - Pyrimidine/Pyrimidine,Unsolved
120890915,rs6469959,TT,TT,GT,31,46,99,NC_000008.11,Mutation NB - Paternal Origin,Transition - Pyrimidine/Pyrimidine,Transversion - Purine/Pyrimidine,Unsolved
123916894,rs11987138,TT,TC,CC,61,1,36,NC_000008.11,Mutation NB - Paternal Origin,Transition - Pyrimidine/Pyrimidine,T>C
124897227,rs10216355,CC,CT,TT,40,1,72,NC_000008.11,Mutation NB - Paternal Origin,Transition - Pyrimidine/Pyrimidine,C>T
124897237,rs10216354,AA,GG,GG,40,1,72,NC_000008.11,Mutation NB - Paternal Origin,Transition - Purine/Purine,A>G
127402126,rs77187713,CC,CC,CT,40,40,99,NC_000008.11,Mutation NB - Paternal or Maternal,Transition - Pyrimidine/Pyrimidine,Unsolved
127852085,rs9297769,AA,GG,GG,40,1,72,NC_000008.11,Mutation NB - Paternal Origin,Transition - Purine/Purine,A>G
133518324,rs118068351,CC,CC,CT,40,40,99,NC_000008.11,Mutation NB - Paternal or Maternal,Transition - Pyrimidine/Pyrimidine,Unsolved
134625449,rs4909323,TT,GG,GG,34,1,60,NC_000008.11,Mutation NB - Paternal Origin,Transversion - Purine/Pyrimidine,T>G
135453741,rs1531065,TT,TC,CC,51,1,45,NC_000008.11,Mutation NB - Paternal Origin,Transition - Pyrimidine/Pyrimidine,T>C
135453828,rs1531066,AA,AG,GG,58,1,81,NC_000008.11,Mutation NB - Paternal Origin,Transition - Purine/Purine,A>G
139314924,rs17783814,AA,AA,GA,61,49,99,NC_000008.11,Mutation NB - Maternal Origin,Transition - Purine/Purine,Unsolved
139941193,rs79355806,CC,CC,CA,41,64,99,NC_000008.11,Mutation NB - Paternal Origin,Transversion - Purine/Pyrimidine,Unsolved
139969468,rs2614728,CC,TT,TT,25,1,48,NC_000008.11,Mutation NB - Paternal Origin,Transition - Pyrimidine/Pyrimidine,C>T
139980750,rs13251519,GG,GG,GA,64,52,99,NC_000008.11,Mutation NB - Maternal Origin,Transition - Purine/Purine,Unsolved
140203874,rs35504539,CC,CC,CA,52,42,99,NC_000008.11,Mutation NB - Maternal Origin,Transversion - Purine/Pyrimidine,Unsolved
140539701,rs73360460,GG,GG,GC,61,51,99,NC_000008.11,Mutation NB - Maternal Origin,Transition - Purine/Purine,Transversion - Purine/Pyrimidine,Unsolved
140539708,rs112479595,TT,TT,TC,61,51,99,NC_000008.11,Mutation NB - Maternal Origin,Transition - Pyrimidine/Pyrimidine,Unsolved
141524181,rs57669119,CC,CC,CG,52,43,99,NC_000008.11,Mutation NB - Maternal Origin,Transversion - Purine/Pyrimidine,Unsolved
141740469,rs10102509,CC,GG,GG,52,10,54,NC_000008.11,Mutation NB - Paternal Origin,Transversion - Purine/Pyrimidine,C>G
141753792,rs11778614,GG,CC,CC,58,1,99,NC_000008.11,Mutation NB - Paternal Origin,Transversion - Purine/Pyrimidine,G>C
142010749,rs76267288,TT,TC,CC,76,1,48,NC_000008.11,Mutation NB - Paternal Origin,Transition - Pyrimidine/Pyrimidine,T>C
142149068,rs62514711,AA,AA,AG,64,46,99,NC_000008.11,Mutation NB - Maternal Origin,Transition - Purine/Purine,Unsolved
142576047,rs7459959,GG,GG,GA,40,40,99,NC_000008.11,Mutation NB - Paternal or Maternal,Transition - Purine/Purine,Unsolved
142641078,rs7000765,GG,GG,AG,76,31,99,NC_000008.11,Mutation NB - Maternal Origin,Transition - Purine/Purine,Unsolved
142641158,rs6984406,CC,CC,TC,70,55,99,NC_000008.11,Mutation NB - Maternal Origin,Transition - Pyrimidine/Pyrimidine,Unsolved
142641294,rs7007349,TT,TT,CT,67,64,99,NC_000008.11,Mutation NB - Maternal Origin,Transition - Pyrimidine/Pyrimidine,Unsolved
142682072,rs2978982,CC,TC,TT,76,1,34,NC_000008.11,Mutation NB - Paternal Origin,Transition - Pyrimidine/Pyrimidine,C>T
142682129,rs1045531,AA,CA,CC,67,1,34,NC_000008.11,Mutation NB - Paternal Origin,Transversion - Purine/Pyrimidine,A>C
142682200,rs2976393,GG,CG,CC,25,1,30,NC_000008.11,Mutation NB - Paternal Origin,Transversion - Purine/Pyrimidine,G>C
142682204,rs2976394,TT,CT,CC,25,1,30,NC_000008.11,Mutation NB - Paternal Origin,Transition - Pyrimidine/Pyrimidine,T>C
142682272,rs10216533,AA,GA,GG,67,1,60,NC_000008.11,Mutation NB - Paternal Origin,Transition - Purine/Purine,A>G
142682332,rs2976395,AA,GA,GG,58,1,60,NC_000008.11,Mutation NB - Paternal Origin,Transition - Purine/Purine,A>G
142682339,rs1045547,GG,TG,TT,58,1,60,NC_000008.11,Mutation NB - Paternal Origin,Transversion - Purine/Pyrimidine,G>T
143179939,rs7386087,GG,TT,TT,1,4,49,NC_000008.11,Mutation NB - Paternal Origin,Transversion - Purine/Pyrimidine,G>T
143215792,rs12545739,CC,CC,TC,37,37,99,NC_000008.11,Mutation NB - Paternal or Maternal,Transition - Pyrimidine/Pyrimidine,Unsolved
143921861,rs7833924,AA,AG,GG,76,1,39,NC_000008.11,Mutation NB - Paternal Origin,Transition - Purine/Purine,A>G
143922467,rs11786934,GG,GA,AA,61,1,99,NC_000008.11,Mutation NB - Paternal Origin,Transition - Purine/Purine,G>A
143923488,rs7016416,CC,CT,TT,61,1,78,NC_000008.11,Mutation NB - Paternal Origin,Transition - Pyrimidine/Pyrimidine,C>T
143925249,rs55836855,CC,CT,TT,40,1,99,NC_000008.11,Mutation NB - Paternal Origin,Transition - Pyrimidine/Pyrimidine,C>T
143925453,rs55646585,CC,CT,TT,52,1,51,NC_000008.11,Mutation NB - Paternal Origin,Transition - Pyrimidine/Pyrimidine,C>T
143925474,rs56117011,AA,AC,CC,52,1,51,NC_000008.11,Mutation NB - Paternal Origin,Transversion - Purine/Pyrimidine,A>C
143929609,rs11136335,GG,GA,AA,56,1,45,NC_000008.11,Mutation NB - Paternal Origin,Transition - Purine/Purine,G>A
143965232,rs72695409,TT,TC,CC,70,1,99,NC_000008.11,Mutation NB - Paternal Origin,Transition - Pyrimidine/Pyrimidine,T>C
144000284,rs7832646,TT,TC,CC,55,1,66,NC_000008.11,Mutation NB - Paternal Origin,Transition - Pyrimidine/Pyrimidine,T>C
144577063,rs4925811,TT,GG,GG,49,1,69,NC_000008.11,Mutation NB - Paternal Origin,Transversion - Purine/Pyrimidine,T>G
2496009,rs1571813,CC,CC,TC,43,6,99,NC_000009.12,Mutation NB - Maternal Origin,Transition - Pyrimidine/Pyrimidine,Unsolved
6114076,rs439190,CC,CT,TT,40,1,99,NC_000009.12,Mutation NB - Paternal Origin,Transition - Pyrimidine/Pyrimidine,C>T
6114094,rs391813,CC,CT,TT,40,1,99,NC_000009.12,Mutation NB - Paternal Origin,Transition - Pyrimidine/Pyrimidine,C>T
8036783,rs2381693,AA,GA,GG,25,1,49,NC_000009.12,Mutation NB - Paternal Origin,Transition - Purine/Purine,A>G
11462088,rs73393618,CC,TT,TT,37,1,21,NC_000009.12,Mutation NB - Paternal Origin,Transition - Pyrimidine/Pyrimidine,C>T
11500424,rs10959867,AA,AA,AG,70,58,99,NC_000009.12,Mutation NB - Maternal Origin,Transition - Purine/Purine,Unsolved
11928189,rs62550685,TT,TC,CC,64,1,48,NC_000009.12,Mutation NB - Paternal Origin,Transition - Pyrimidine/Pyrimidine,T>C
17569261,rs78185691,GG,GG,GA,59,58,99,NC_000009.12,Mutation NB - Maternal Origin,Transition - Purine/Purine,Unsolved
20891712,rs13290452,CC,TT,TT,40,13,60,NC_000009.12,Mutation NB - Paternal Origin,Transition - Pyrimidine/Pyrimidine,C>T
21181433,rs7047805,TT,TT,TC,70,40,99,NC_000009.12,Mutation NB - Maternal Origin,Transition - Pyrimidine/Pyrimidine,Unsolved
21181455,rs7047811,TT,TT,TA,70,49,99,NC_000009.12,Mutation NB - Maternal Origin,Transition - Pyrimidine/Pyrimidine,Transversion - Purine/Pyrimidine,Unsolved
22572854,rs62572353,CC,AA,AA,73,1,27,NC_000009.12,Mutation NB - Paternal Origin,Transversion - Purine/Pyrimidine,C>A
31072054,rs35001356,CC,CC,CT,46,51,99,NC_000009.12,Mutation NB - Paternal Origin,Transition - Pyrimidine/Pyrimidine,Unsolved
31941639,rs61468007,TT,TC,CC,49,1,81,NC_000009.12,Mutation NB - Paternal Origin,Transition - Pyrimidine/Pyrimidine,T>C
31980655,rs10813682,AA,AA,AC,54,55,99,NC_000009.12,Mutation NB - Paternal Origin,Transversion - Purine/Pyrimidine,Unsolved
34414341,rs11795353,TT,CC,CC,1,1,48,NC_000009.12,Mutation NB - Paternal Origin,Transition - Pyrimidine/Pyrimidine,T>C
35908491,rs10972619,AA,AA,AG,43,40,99,NC_000009.12,Mutation NB - Maternal Origin,Transition - Purine/Purine,Unsolved
36724518,rs1410009,CC,CC,CG,52,40,99,NC_000009.12,Mutation NB - Maternal Origin,Transversion - Purine/Pyrimidine,Unsolved
37390967,rs765567,CC,CT,TT,40,1,99,NC_000009.12,Mutation NB - Paternal Origin,Transition - Pyrimidine/Pyrimidine,C>T
38523394,rs13283831,CC,CG,GG,52,1,54,NC_000009.12,Mutation NB - Paternal Origin,Transversion - Purine/Pyrimidine,C>G
61682687,rs28463279,GG,GG,GA,60,40,99,NC_000009.12,Mutation NB - Maternal Origin,Transition - Purine/Purine,Unsolved
65430428,rs1219330860,TT,TT,TC,73,70,99,NC_000009.12,Mutation NB - Maternal Origin,Transition - Pyrimidine/Pyrimidine,Unsolved
65459222,rs1310488590,CC,CC,CT,58,55,99,NC_000009.12,Mutation NB - Maternal Origin,Transition - Pyrimidine/Pyrimidine,Unsolved
76523723,rs10781364,GG,AA,AA,79,1,51,NC_000009.12,Mutation NB - Paternal Origin,Transition - Purine/Purine,G>A
76961066,rs7863320,AA,AA,CA,19,1,99,NC_000009.12,Mutation NB - Maternal Origin,Transversion - Purine/Pyrimidine,Unsolved
77458394,rs1443860,GG,GG,CG,49,19,99,NC_000009.12,Mutation NB - Maternal Origin,Transition - Purine/Purine,Transversion - Purine/Pyrimidine,Unsolved
80357782,rs11138626,GG,CG,CC,43,1,57,NC_000009.12,Mutation NB - Paternal Origin,Transversion - Purine/Pyrimidine,G>C
80670040,rs4877613,GG,GG,GA,55,60,99,NC_000009.12,Mutation NB - Paternal Origin,Transition - Purine/Purine,Unsolved
86116106,rs11141247,GG,GG,GA,61,57,99,NC_000009.12,Mutation NB - Maternal Origin,Transition - Purine/Purine,Unsolved
86818362,rs72739569,GG,GG,GT,79,61,99,NC_000009.12,Mutation NB - Maternal Origin,Transversion - Purine/Pyrimidine,Unsolved
87396313,rs10780831,CC,GG,GG,79,4,21,NC_000009.12,Mutation NB - Paternal Origin,Transversion - Purine/Pyrimidine,C>G
88318127,rs17054089,CC,CC,CA,61,52,99,NC_000009.12,Mutation NB - Maternal Origin,Transversion - Purine/Pyrimidine,Unsolved
88923634,rs1502694,AA,AA,GA,64,40,99,NC_000009.12,Mutation NB - Maternal Origin,Transition - Purine/Purine,Unsolved
89639421,rs4877117,GG,CC,CC,73,1,39,NC_000009.12,Mutation NB - Paternal Origin,Transversion - Purine/Pyrimidine,G>C
90807046,rs2115484,AA,AG,GG,70,1,27,NC_000009.12,Mutation NB - Paternal Origin,Transition - Purine/Purine,A>G
90861097,rs914929,AA,AT,TT,57,1,48,NC_000009.12,Mutation NB - Paternal Origin,Transversion - Purine/Pyrimidine,A>T
90900359,rs10993751,GG,AA,AA,43,1,41,NC_000009.12,Mutation NB - Paternal Origin,Transition - Purine/Purine,G>A
93011043,rs1401323044,GG,GG,GT,61,40,99,NC_000009.12,Mutation NB - Maternal Origin,Transversion - Purine/Pyrimidine,Unsolved
93116805,rs3802386,GG,TT,TT,61,1,45,NC_000009.12,Mutation NB - Paternal Origin,Transversion - Purine/Pyrimidine,G>T
93902947,rs1890378,AA,GG,GG,1,1,39,NC_000009.12,Mutation NB - Paternal Origin,Transition - Purine/Purine,A>G
94135651,rs10821300,CC,TT,TT,74,31,36,NC_000009.12,Mutation NB - Paternal Origin,Transition - Pyrimidine/Pyrimidine,C>T
94479848,rs73653470,AA,AA,AG,67,76,99,NC_000009.12,Mutation NB - Paternal Origin,Transition - Purine/Purine,Unsolved
97320326,rs10759619,GG,GG,AG,52,64,99,NC_000009.12,Mutation NB - Paternal Origin,Transition - Purine/Purine,Unsolved
97861095,rs993501,AA,AA,GA,43,1,99,NC_000009.12,Mutation NB - Maternal Origin,Transition - Purine/Purine,Unsolved
100003779,rs140331318,CC,CC,CT,43,51,99,NC_000009.12,Mutation NB - Paternal Origin,Transition - Pyrimidine/Pyrimidine,Unsolved
100003837,rs10760711,GG,CC,CC,43,1,94,NC_000009.12,Mutation NB - Paternal Origin,Transversion - Purine/Pyrimidine,G>C
100753156,rs138336817,CC,CC,CG,46,49,99,NC_000009.12,Mutation NB - Paternal Origin,Transversion - Purine/Pyrimidine,Unsolved
103098596,rs7875567,CC,CC,CT,40,58,99,NC_000009.12,Mutation NB - Paternal Origin,Transition - Pyrimidine/Pyrimidine,Unsolved
106500785,rs4430147,CC,CC,GC,1,13,99,NC_000009.12,Mutation NB - Paternal Origin,Transversion - Purine/Pyrimidine,Unsolved
107672264,rs7044619,AA,AA,AG,73,52,99,NC_000009.12,Mutation NB - Maternal Origin,Transition - Purine/Purine,Unsolved
109568309,rs146536359,GG,GG,GA,76,43,99,NC_000009.12,Mutation NB - Maternal Origin,Transition - Purine/Purine,Unsolved
110128026,rs914356,GG,GC,CC,40,1,99,NC_000009.12,Mutation NB - Paternal Origin,Transversion - Purine/Pyrimidine,G>C
110178426,rs12343694,TT,TT,TC,55,40,99,NC_000009.12,Mutation NB - Maternal Origin,Transition - Pyrimidine/Pyrimidine,Unsolved
110921192,rs2766993,GG,TG,TT,31,1,41,NC_000009.12,Mutation NB - Paternal Origin,Transversion - Purine/Pyrimidine,G>T
112176069,rs77648998,AA,AG,GG,52,1,84,NC_000009.12,Mutation NB - Paternal Origin,Transition - Purine/Purine,A>G
113214895,rs10739388,TT,TT,TC,55,46,99,NC_000009.12,Mutation NB - Maternal Origin,Transition - Pyrimidine/Pyrimidine,Unsolved
114930893,rs3181354,GG,AA,AA,55,4,24,NC_000009.12,Mutation NB - Paternal Origin,Transition - Purine/Purine,G>A
115789185,rs7047400,GG,GG,AG,64,61,99,NC_000009.12,Mutation NB - Maternal Origin,Transition - Purine/Purine,Unsolved
116316797,rs1570518,GG,GG,GA,76,70,99,NC_000009.12,Mutation NB - Maternal Origin,Transition - Purine/Purine,Unsolved
119870355,rs117312751,GG,GG,GA,49,46,99,NC_000009.12,Mutation NB - Maternal Origin,Transition - Purine/Purine,Unsolved
119902930,rs7020938,AA,CC,CC,67,1,39,NC_000009.12,Mutation NB - Paternal Origin,Transversion - Purine/Pyrimidine,A>C
119902994,rs7020855,GG,AA,AA,61,7,24,NC_000009.12,Mutation NB - Paternal Origin,Transition - Purine/Purine,G>A
121110999,rs10985160,TT,TT,TG,61,49,99,NC_000009.12,Mutation NB - Maternal Origin,Transition - Pyrimidine/Pyrimidine,Transversion - Purine/Pyrimidine,Unsolved
123154988,rs112801863,CC,CC,CA,67,57,99,NC_000009.12,Mutation NB - Maternal Origin,Transversion - Purine/Pyrimidine,Unsolved
124477660,rs7855918,TT,CC,CC,47,1,99,NC_000009.12,Mutation NB - Paternal Origin,Transition - Pyrimidine/Pyrimidine,T>C
126339110,rs531599,GG,CC,CC,79,1,24,NC_000009.12,Mutation NB - Paternal Origin,Transversion - Purine/Pyrimidine,G>C
126339253,rs4529551,TT,CC,CC,70,1,36,NC_000009.12,Mutation NB - Paternal Origin,Transition - Pyrimidine/Pyrimidine,T>C
126422030,rs887659,GG,GA,AA,49,1,94,NC_000009.12,Mutation NB - Paternal Origin,Transition - Purine/Purine,G>A
126507567,rs16929088,CC,TC,TT,1,1,60,NC_000009.12,Mutation NB - Paternal Origin,Transition - Pyrimidine/Pyrimidine,C>T
127689612,rs7018756,AA,AC,CC,49,1,24,NC_000009.12,Mutation NB - Paternal Origin,Transversion - Purine/Pyrimidine,A>C
127689613,rs7019046,GG,GC,CC,49,1,24,NC_000009.12,Mutation NB - Paternal Origin,Transversion - Purine/Pyrimidine,G>C
129023624,rs4837333,CC,TT,TT,61,1,30,NC_000009.12,Mutation NB - Paternal Origin,Transition - Pyrimidine/Pyrimidine,C>T
129141602,rs3124512,TT,CC,CC,52,7,60,NC_000009.12,Mutation NB - Paternal Origin,Transition - Pyrimidine/Pyrimidine,T>C
129513927,rs10760615,CC,CA,AA,43,1,90,NC_000009.12,Mutation NB - Paternal Origin,Transversion - Purine/Pyrimidine,C>A
129572669,rs10988426,AA,GG,GG,46,1,60,NC_000009.12,Mutation NB - Paternal Origin,Transition - Purine/Purine,A>G
130385826,rs914980,CC,CC,CG,61,40,99,NC_000009.12,Mutation NB - Maternal Origin,Transversion - Purine/Pyrimidine,Unsolved
130385930,rs2210623,GG,AG,AA,52,1,57,NC_000009.12,Mutation NB - Paternal Origin,Transition - Purine/Purine,G>A
130408923,rs10793975,AA,GG,GG,61,1,48,NC_000009.12,Mutation NB - Paternal Origin,Transition - Purine/Purine,A>G
130486627,rs553696,AA,AG,GG,58,1,48,NC_000009.12,Mutation NB - Paternal Origin,Transition - Purine/Purine,A>G
131766686,rs144823006,GG,GG,GA,55,49,99,NC_000009.12,Mutation NB - Maternal Origin,Transition - Purine/Purine,Unsolved
132862133,rs3815183,CC,TC,TT,64,1,33,NC_000009.12,Mutation NB - Paternal Origin,Transition - Pyrimidine/Pyrimidine,C>T
133081253,rs28758507,AA,AA,AG,76,43,99,NC_000009.12,Mutation NB - Maternal Origin,Transition - Purine/Purine,Unsolved
133505811,rs548860345,TT,TT,TG,61,55,99,NC_000009.12,Mutation NB - Maternal Origin,Transition - Pyrimidine/Pyrimidine,Transversion - Purine/Pyrimidine,Unsolved
133685876,rs2519120,TT,TT,CT,1,1,99,NC_000009.12,Mutation NB - Paternal or Maternal,Transition - Pyrimidine/Pyrimidine,Unsolved
133686883,rs129900,CC,CC,TC,52,13,99,NC_000009.12,Mutation NB - Maternal Origin,Transition - Pyrimidine/Pyrimidine,Unsolved
133803882,rs2488552,GG,GG,AG,1,1,99,NC_000009.12,Mutation NB - Paternal or Maternal,Transition - Purine/Purine,Unsolved
133993927,rs61041133,CC,CC,CT,70,52,99,NC_000009.12,Mutation NB - Maternal Origin,Transition - Pyrimidine/Pyrimidine,Unsolved
134234143,rs7864685,GG,AA,AA,61,1,41,NC_000009.12,Mutation NB - Paternal Origin,Transition - Purine/Purine,G>A
134623116,rs7027374,AA,GG,GG,40,1,99,NC_000009.12,Mutation NB - Paternal Origin,Transition - Purine/Purine,A>G
135374965,rs7867171,TT,CC,CC,58,1,54,NC_000009.12,Mutation NB - Paternal Origin,Transition - Pyrimidine/Pyrimidine,T>C
135686070,rs515074,AA,GG,GG,64,1,42,NC_000009.12,Mutation NB - Paternal Origin,Transition - Purine/Purine,A>G
135736919,rs76459842,CC,CC,CT,49,43,99,NC_000009.12,Mutation NB - Maternal Origin,Transition - Pyrimidine/Pyrimidine,Unsolved
135946182,rs557631009,GG,GG,GA,40,58,99,NC_000009.12,Mutation NB - Paternal Origin,Transition - Purine/Purine,Unsolved
135984680,rs4240700,CC,TT,TT,43,1,33,NC_000009.12,Mutation NB - Paternal Origin,Transition - Pyrimidine/Pyrimidine,C>T
136142121,rs73556636,TT,CC,CC,16,1,40,NC_000009.12,Mutation NB - Paternal Origin,Transition - Pyrimidine/Pyrimidine,T>C
136142195,rs1717438,CC,TT,TT,76,1,40,NC_000009.12,Mutation NB - Paternal Origin,Transition - Pyrimidine/Pyrimidine,C>T
136142247,rs77384150,CC,GG,GG,7,1,51,NC_000009.12,Mutation NB - Paternal Origin,Transversion - Purine/Pyrimidine,C>G
136142248,rs74391200,AA,GG,GG,7,1,51,NC_000009.12,Mutation NB - Paternal Origin,Transition - Purine/Purine,A>G
136158130,rs1164889,TT,CC,CC,51,1,99,NC_000009.12,Mutation NB - Paternal Origin,Transition - Pyrimidine/Pyrimidine,T>C
136263656,rs62579910,GG,GG,GA,43,52,99,NC_000009.12,Mutation NB - Paternal Origin,Transition - Purine/Purine,Unsolved
136276208,rs934888285,TT,TT,TG,40,73,99,NC_000009.12,Mutation NB - Paternal Origin,Transition - Pyrimidine/Pyrimidine,Transversion - Purine/Pyrimidine,Unsolved
136276218,rs1053797701,CC,CC,CT,40,40,99,NC_000009.12,Mutation NB - Paternal or Maternal,Transition - Pyrimidine/Pyrimidine,Unsolved
136393924,rs11145861,GG,GG,GA,54,51,99,NC_000009.12,Mutation NB - Maternal Origin,Transition - Purine/Purine,Unsolved
136433917,rs10781543,TT,TC,CC,40,1,94,NC_000009.12,Mutation NB - Paternal Origin,Transition - Pyrimidine/Pyrimidine,T>C
136434099,rs10870199,TT,TT,TC,49,61,99,NC_000009.12,Mutation NB - Paternal Origin,Transition - Pyrimidine/Pyrimidine,Unsolved
136723204,rs61741542,CC,CC,CT,42,43,99,NC_000009.12,Mutation NB - Paternal Origin,Transition - Pyrimidine/Pyrimidine,Unsolved
136723210,rs11849,CC,TT,TT,10,1,60,NC_000009.12,Mutation NB - Paternal Origin,Transition - Pyrimidine/Pyrimidine,C>T
136723384,rs6874,TT,CC,CC,46,7,52,NC_000009.12,Mutation NB - Paternal Origin,Transition - Pyrimidine/Pyrimidine,T>C
136775612,rs2784062,AA,AA,AG,42,40,99,NC_000009.12,Mutation NB - Maternal Origin,Transition - Purine/Purine,Unsolved
136982690,rs35410302,GG,GG,GA,60,45,99,NC_000009.12,Mutation NB - Maternal Origin,Transition - Purine/Purine,Unsolved
137107684,rs117994893,AA,GG,GG,49,1,40,NC_000009.12,Mutation NB - Paternal Origin,Transition - Purine/Purine,A>G
137107735,rs12000517,TT,CT,CC,55,1,48,NC_000009.12,Mutation NB - Paternal Origin,Transition - Pyrimidine/Pyrimidine,T>C
137191570,rs13288591,GG,GG,CG,16,9,99,NC_000009.12,Mutation NB - Maternal Origin,Transition - Purine/Purine,Transversion - Purine/Pyrimidine,Unsolved
137216790,rs11526462,TT,CC,CC,34,43,36,NC_000009.12,Mutation NB - Paternal Origin,Transition - Pyrimidine/Pyrimidine,T>C
137592888,rs112416509,AA,GG,GG,61,1,42,NC_000009.12,Mutation NB - Paternal Origin,Transition - Purine/Purine,A>G
137892676,rs143519928,CC,CC,CT,57,60,99,NC_000009.12,Mutation NB - Paternal Origin,Transition - Pyrimidine/Pyrimidine,Unsolved
1284987,rs2804101,TT,TT,TC,44,76,99,NC_000010.11,Mutation NB - Paternal Origin,Transition - Pyrimidine/Pyrimidine,Unsolved
1429364,rs2820652,TT,TT,TC,64,61,99,NC_000010.11,Mutation NB - Maternal Origin,Transition - Pyrimidine/Pyrimidine,Unsolved
1662075,rs1170864580,AA,AA,AG,52,42,99,NC_000010.11,Mutation NB - Maternal Origin,Transition - Purine/Purine,Unsolved
2939294,rs7087799,AA,AA,AG,61,49,99,NC_000010.11,Mutation NB - Maternal Origin,Transition - Purine/Purine,Unsolved
3319892,rs61829096,CC,CC,CT,46,60,99,NC_000010.11,Mutation NB - Paternal Origin,Transition - Pyrimidine/Pyrimidine,Unsolved
3420454,rs1572536,AA,GA,GG,76,1,39,NC_000010.11,Mutation NB - Paternal Origin,Transition - Purine/Purine,A>G
3992931,rs12571162,CC,TC,TT,67,1,49,NC_000010.11,Mutation NB - Paternal Origin,Transition - Pyrimidine/Pyrimidine,C>T
4026909,rs2765657,TT,TC,CC,61,1,99,NC_000010.11,Mutation NB - Paternal Origin,Transition - Pyrimidine/Pyrimidine,T>C
4026943,rs7896765,CC,CC,CA,61,40,99,NC_000010.11,Mutation NB - Maternal Origin,Transversion - Purine/Pyrimidine,Unsolved
4026948,rs2765656,GG,GA,AA,61,1,78,NC_000010.11,Mutation NB - Paternal Origin,Transition - Purine/Purine,G>A
4271415,rs56254661,GG,GG,GA,58,40,99,NC_000010.11,Mutation NB - Maternal Origin,Transition - Purine/Purine,Unsolved
4931498,rs7901384,CC,CC,CT,58,59,99,NC_000010.11,Mutation NB - Paternal Origin,Transition - Pyrimidine/Pyrimidine,Unsolved
5617043,rs10795569,TT,TT,TC,58,51,99,NC_000010.11,Mutation NB - Maternal Origin,Transition - Pyrimidine/Pyrimidine,Unsolved
5619001,rs10795585,GG,GG,GA,51,42,99,NC_000010.11,Mutation NB - Maternal Origin,Transition - Purine/Purine,Unsolved
6935288,rs10905070,AA,AA,AG,40,58,99,NC_000010.11,Mutation NB - Paternal Origin,Transition - Purine/Purine,Unsolved
8121312,rs7072292,AA,AA,TA,70,76,99,NC_000010.11,Mutation NB - Paternal Origin,Transversion - Purine/Pyrimidine,Unsolved
8407865,rs10905358,GG,GG,GA,51,49,99,NC_000010.11,Mutation NB - Maternal Origin,Transition - Purine/Purine,Unsolved
8407928,rs10905359,CC,CC,CA,64,46,99,NC_000010.11,Mutation NB - Maternal Origin,Transversion - Purine/Pyrimidine,Unsolved
8428910,rs55923048,TT,CC,CC,76,1,52,NC_000010.11,Mutation NB - Paternal Origin,Transition - Pyrimidine/Pyrimidine,T>C
12840041,rs1644412,TT,CT,CC,7,1,45,NC_000010.11,Mutation NB - Paternal Origin,Transition - Pyrimidine/Pyrimidine,T>C
14032933,rs11597570,TT,CC,CC,9,1,42,NC_000010.11,Mutation NB - Paternal Origin,Transition - Pyrimidine/Pyrimidine,T>C
15690491,rs77752684,CC,CC,CA,52,43,99,NC_000010.11,Mutation NB - Maternal Origin,Transversion - Purine/Pyrimidine,Unsolved
23000029,rs12763296,CC,CC,CT,43,46,99,NC_000010.11,Mutation NB - Paternal Origin,Transition - Pyrimidine/Pyrimidine,Unsolved
23694848,rs12772432,GG,GT,TT,61,1,33,NC_000010.11,Mutation NB - Paternal Origin,Transversion - Purine/Pyrimidine,G>T
26643292,rs369033187,GG,GG,GA,55,57,99,NC_000010.11,Mutation NB - Paternal Origin,Transition - Purine/Purine,Unsolved
30163141,rs12354849,GG,GG,GA,51,48,99,NC_000010.11,Mutation NB - Maternal Origin,Transition - Purine/Purine,Unsolved
30753535,rs1538950,CC,CC,CT,49,40,99,NC_000010.11,Mutation NB - Maternal Origin,Transition - Pyrimidine/Pyrimidine,Unsolved
30791748,rs72812577,TT,TT,TC,40,45,99,NC_000010.11,Mutation NB - Paternal Origin,Transition - Pyrimidine/Pyrimidine,Unsolved
33480614,rs1889948,GG,GG,GT,43,40,99,NC_000010.11,Mutation NB - Maternal Origin,Transversion - Purine/Pyrimidine,Unsolved
33571741,rs4082212,GG,GA,AA,52,1,51,NC_000010.11,Mutation NB - Paternal Origin,Transition - Purine/Purine,G>A
37019415,rs2505159,TT,TT,TC,78,49,99,NC_000010.11,Mutation NB - Maternal Origin,Transition - Pyrimidine/Pyrimidine,Unsolved
38148663,rs66704357,GG,GA,AA,49,1,21,NC_000010.11,Mutation NB - Paternal Origin,Transition - Purine/Purine,G>A
42940673,rs114377184,GG,GG,GA,52,67,99,NC_000010.11,Mutation NB - Paternal Origin,Transition - Purine/Purine,Unsolved
42961988,rs3121316,GG,AA,AA,61,7,24,NC_000010.11,Mutation NB - Paternal Origin,Transition - Purine/Purine,G>A
42992282,rs74135437,AA,AA,AG,40,51,99,NC_000010.11,Mutation NB - Paternal Origin,Transition - Purine/Purine,Unsolved
43613576,rs2039723,CC,TT,TT,58,31,30,NC_000010.11,Mutation NB - Paternal Origin,Transition - Pyrimidine/Pyrimidine,C>T
48499274,rs1160177327,CC,CC,CA,49,58,99,NC_000010.11,Mutation NB - Paternal Origin,Transversion - Purine/Pyrimidine,Unsolved
49691115,rs117957211,CC,CC,CG,70,60,99,NC_000010.11,Mutation NB - Maternal Origin,Transversion - Purine/Pyrimidine,Unsolved
54626724,rs4935528,AA,TT,TT,49,1,48,NC_000010.11,Mutation NB - Paternal Origin,Transversion - Purine/Pyrimidine,A>T
56358869,rs2241666,CC,TC,TT,70,1,54,NC_000010.11,Mutation NB - Paternal Origin,Transition - Pyrimidine/Pyrimidine,C>T
56378360,rs3849972,AA,GG,GG,46,28,21,NC_000010.11,Mutation NB - Paternal Origin,Transition - Purine/Purine,A>G
61474230,rs10994777,AA,GG,GG,64,22,45,NC_000010.11,Mutation NB - Paternal Origin,Transition - Purine/Purine,A>G
61552032,rs1869925,AA,AA,AG,76,52,99,NC_000010.11,Mutation NB - Maternal Origin,Transition - Purine/Purine,Unsolved
62124403,rs7079566,CC,GG,GG,73,1,24,NC_000010.11,Mutation NB - Paternal Origin,Transversion - Purine/Pyrimidine,C>G
62762354,rs224033,CC,CG,GG,79,1,25,NC_000010.11,Mutation NB - Paternal Origin,Transversion - Purine/Pyrimidine,C>G
69686791,rs12783211,CC,TT,TT,19,1,39,NC_000010.11,Mutation NB - Paternal Origin,Transition - Pyrimidine/Pyrimidine,C>T
70890505,rs2854610,GG,AG,AA,46,1,40,NC_000010.11,Mutation NB - Paternal Origin,Transition - Purine/Purine,G>A
70905219,rs11595949,GG,GG,GA,40,40,99,NC_000010.11,Mutation NB - Paternal or Maternal,Transition - Purine/Purine,Unsolved
71691696,rs1234327,GG,GG,GA,40,54,99,NC_000010.11,Mutation NB - Paternal Origin,Transition - Purine/Purine,Unsolved
71691754,rs1227082,TT,TT,TC,40,54,99,NC_000010.11,Mutation NB - Paternal Origin,Transition - Pyrimidine/Pyrimidine,Unsolved
73843580,rs4745723,TT,TT,TC,61,55,99,NC_000010.11,Mutation NB - Maternal Origin,Transition - Pyrimidine/Pyrimidine,Unsolved
74743935,rs946183,GG,GG,CG,76,19,99,NC_000010.11,Mutation NB - Maternal Origin,Transition - Purine/Purine,Transversion - Purine/Pyrimidine,Unsolved
75097958,rs3740315,AA,AG,GG,40,1,99,NC_000010.11,Mutation NB - Paternal Origin,Transition - Purine/Purine,A>G
78343160,rs12357242,CC,CC,CT,51,53,99,NC_000010.11,Mutation NB - Paternal Origin,Transition - Pyrimidine/Pyrimidine,Unsolved
78358544,rs11002521,CC,CC,CG,60,48,99,NC_000010.11,Mutation NB - Maternal Origin,Transversion - Purine/Pyrimidine,Unsolved
78413962,rs12357244,GG,GG,GA,52,58,99,NC_000010.11,Mutation NB - Paternal Origin,Transition - Purine/Purine,Unsolved
78436650,rs11002551,GG,GG,GA,40,70,99,NC_000010.11,Mutation NB - Paternal Origin,Transition - Purine/Purine,Unsolved
78743987,rs12243959,TT,TT,TC,46,46,99,NC_000010.11,Mutation NB - Paternal or Maternal,Transition - Pyrimidine/Pyrimidine,Unsolved
79441550,rs6480942,GG,GG,GA,70,51,99,NC_000010.11,Mutation NB - Maternal Origin,Transition - Purine/Purine,Unsolved
81548170,rs6584115,TT,CC,CC,61,1,63,NC_000010.11,Mutation NB - Paternal Origin,Transition - Pyrimidine/Pyrimidine,T>C
81548264,rs72809891,GG,GG,GT,61,40,99,NC_000010.11,Mutation NB - Maternal Origin,Transversion - Purine/Pyrimidine,Unsolved
82743047,rs505087,GG,GG,AG,64,16,99,NC_000010.11,Mutation NB - Maternal Origin,Transition - Purine/Purine,Unsolved
83920688,rs4933943,CC,AA,AA,40,1,94,NC_000010.11,Mutation NB - Paternal Origin,Transversion - Purine/Pyrimidine,C>A
84940443,rs1572694,AA,AA,AG,67,46,99,NC_000010.11,Mutation NB - Maternal Origin,Transition - Purine/Purine,Unsolved
85435914,rs4933362,GG,GG,AG,1,1,99,NC_000010.11,Mutation NB - Paternal or Maternal,Transition - Purine/Purine,Unsolved
86675369,rs12268509,GG,AG,AA,52,1,46,NC_000010.11,Mutation NB - Paternal Origin,Transition - Purine/Purine,G>A
86675375,rs12240646,CC,TT,TT,52,1,46,NC_000010.11,Mutation NB - Paternal Origin,Transition - Pyrimidine/Pyrimidine,C>T
92876610,rs1409387,AA,GA,GG,52,1,60,NC_000010.11,Mutation NB - Paternal Origin,Transition - Purine/Purine,A>G
95769561,rs4582902,CC,CT,TT,61,1,36,NC_000010.11,Mutation NB - Paternal Origin,Transition - Pyrimidine/Pyrimidine,C>T
96516586,rs11188812,CC,CC,CG,61,60,99,NC_000010.11,Mutation NB - Maternal Origin,Transversion - Purine/Pyrimidine,Unsolved
97926938,rs61013517,CC,CG,GG,64,1,42,NC_000010.11,Mutation NB - Paternal Origin,Transversion - Purine/Pyrimidine,C>G
97926989,rs60207403,CC,CA,AA,40,1,33,NC_000010.11,Mutation NB - Paternal Origin,Transversion - Purine/Pyrimidine,C>A
98124790,rs4098026,TT,TT,CT,28,67,99,NC_000010.11,Mutation NB - Paternal Origin,Transition - Pyrimidine/Pyrimidine,Unsolved
98124813,rs141430013,TT,TT,TC,46,64,99,NC_000010.11,Mutation NB - Paternal Origin,Transition - Pyrimidine/Pyrimidine,Unsolved
98456210,rs7093411,AA,AG,GG,67,1,36,NC_000010.11,Mutation NB - Paternal Origin,Transition - Purine/Purine,A>G
99203242,rs12765469,TT,TT,TA,73,73,99,NC_000010.11,Mutation NB - Paternal or Maternal,Transition - Pyrimidine/Pyrimidine,Transversion - Purine/Pyrimidine,Unsolved
99249198,rs10786526,CC,CC,CA,40,43,99,NC_000010.11,Mutation NB - Paternal Origin,Transversion - Purine/Pyrimidine,Unsolved
99527823,rs10883363,CC,CC,CT,40,79,99,NC_000010.11,Mutation NB - Paternal Origin,Transition - Pyrimidine/Pyrimidine,Unsolved
99527829,rs10883364,AA,AA,AG,40,79,99,NC_000010.11,Mutation NB - Paternal Origin,Transition - Purine/Purine,Unsolved
100726389,rs112480585,CC,CC,CT,40,54,99,NC_000010.11,Mutation NB - Paternal Origin,Transition - Pyrimidine/Pyrimidine,Unsolved
100759903,rs34187063,CC,CC,CT,79,73,99,NC_000010.11,Mutation NB - Maternal Origin,Transition - Pyrimidine/Pyrimidine,Unsolved
100824840,rs11190717,GG,GG,GA,52,40,99,NC_000010.11,Mutation NB - Maternal Origin,Transition - Purine/Purine,Unsolved
100984457,rs2295716,CC,TT,TT,52,1,21,NC_000010.11,Mutation NB - Paternal Origin,Transition - Pyrimidine/Pyrimidine,C>T
101124778,rs116059272,AC,GG,GG,1,28,84,NC_000010.11,Mutation NB - Paternal Origin,Transition - Purine/Purine,C>T,A>G,C>G
102557600,rs10786681,TT,GT,GG,61,1,51,NC_000010.11,Mutation NB - Paternal Origin,Transversion - Purine/Pyrimidine,T>G
102596602,rs10786689,CC,TC,TT,70,1,54,NC_000010.11,Mutation NB - Paternal Origin,Transition - Pyrimidine/Pyrimidine,C>T
102668959,rs12262998,CC,CT,TT,67,1,81,NC_000010.11,Mutation NB - Paternal Origin,Transition - Pyrimidine/Pyrimidine,C>T
104245522,rs11191968,TT,TT,TC,49,58,99,NC_000010.11,Mutation NB - Paternal Origin,Transition - Pyrimidine/Pyrimidine,Unsolved
109663355,rs10787176,GG,AA,AA,61,1,39,NC_000010.11,Mutation NB - Paternal Origin,Transition - Purine/Purine,G>A
109708818,rs10787206,TT,CC,CC,52,1,33,NC_000010.11,Mutation NB - Paternal Origin,Transition - Pyrimidine/Pyrimidine,T>C
109708857,rs10884877,CC,TT,TT,55,1,36,NC_000010.11,Mutation NB - Paternal Origin,Transition - Pyrimidine/Pyrimidine,C>T
109753966,rs1245924,CC,TT,TT,61,1,30,NC_000010.11,Mutation NB - Paternal Origin,Transition - Pyrimidine/Pyrimidine,C>T
116688152,rs3010463,AA,AA,GA,79,70,99,NC_000010.11,Mutation NB - Maternal Origin,Transition - Purine/Purine,Unsolved
117664956,rs10787781,AA,GG,GG,40,1,99,NC_000010.11,Mutation NB - Paternal Origin,Transition - Purine/Purine,A>G
118563693,rs4752174,TT,CC,CC,32,7,42,NC_000010.11,Mutation NB - Paternal Origin,Transition - Pyrimidine/Pyrimidine,T>C
118897078,rs10787878,GG,TG,TT,16,1,60,NC_000010.11,Mutation NB - Paternal Origin,Transversion - Purine/Pyrimidine,G>T
118965558,rs690727,GG,GG,GA,76,52,99,NC_000010.11,Mutation NB - Maternal Origin,Transition - Purine/Purine,Unsolved
119748899,rs10749329,CC,CC,CG,61,40,99,NC_000010.11,Mutation NB - Maternal Origin,Transversion - Purine/Pyrimidine,Unsolved
123283457,rs111498243,GG,GG,GA,58,79,99,NC_000010.11,Mutation NB - Paternal Origin,Transition - Purine/Purine,Unsolved
123558767,rs1710936,AA,AA,AG,49,51,99,NC_000010.11,Mutation NB - Paternal Origin,Transition - Purine/Purine,Unsolved
125440668,rs9422884,AA,TT,TT,58,34,54,NC_000010.11,Mutation NB - Paternal Origin,Transversion - Purine/Pyrimidine,A>T
125440676,rs7911883,CC,TT,TT,64,34,54,NC_000010.11,Mutation NB - Paternal Origin,Transition - Pyrimidine/Pyrimidine,C>T
125444906,rs769159,GG,AT,AA,1,1,96,NC_000010.11,Mutation NB - Paternal Origin,Transition - Purine/Purine,G>A
126187920,rs10437523,CC,CC,CG,52,43,99,NC_000010.11,Mutation NB - Maternal Origin,Transversion - Purine/Pyrimidine,Unsolved
128405756,rs12252974,AA,GA,GG,79,1,45,NC_000010.11,Mutation NB - Paternal Origin,Transition - Purine/Purine,A>G
129367841,rs777912369,AA,AA,AT,43,55,99,NC_000010.11,Mutation NB - Paternal Origin,Transversion - Purine/Pyrimidine,Unsolved
129372874,rs78217721,CC,CC,CT,40,55,99,NC_000010.11,Mutation NB - Paternal Origin,Transition - Pyrimidine/Pyrimidine,Unsolved
129521510,rs10829598,GG,CG,CC,34,1,60,NC_000010.11,Mutation NB - Paternal Origin,Transversion - Purine/Pyrimidine,G>C
129521538,rs12265799,TT,TC,CC,40,1,75,NC_000010.11,Mutation NB - Paternal Origin,Transition - Pyrimidine/Pyrimidine,T>C
129521544,rs12256667,CC,CG,GG,40,1,75,NC_000010.11,Mutation NB - Paternal Origin,Transversion - Purine/Pyrimidine,C>G
129543257,rs10764889,AA,GA,GG,76,1,42,NC_000010.11,Mutation NB - Paternal Origin,Transition - Purine/Purine,A>G
129801048,rs11016944,CC,GG,GG,61,1,96,NC_000010.11,Mutation NB - Paternal Origin,Transversion - Purine/Pyrimidine,C>G
129801052,rs12249027,GG,GG,GA,61,40,99,NC_000010.11,Mutation NB - Maternal Origin,Transition - Purine/Purine,Unsolved
130657764,rs1702196,TT,CC,CC,43,1,42,NC_000010.11,Mutation NB - Paternal Origin,Transition - Pyrimidine/Pyrimidine,T>C
130657767,rs1665542,TT,AA,AA,43,1,42,NC_000010.11,Mutation NB - Paternal Origin,Transversion - Purine/Pyrimidine,T>A
131125618,rs10829907,AA,GG,GG,64,1,33,NC_000010.11,Mutation NB - Paternal Origin,Transition - Purine/Purine,A>G
131125697,rs10829908,AA,GG,GG,70,1,78,NC_000010.11,Mutation NB - Paternal Origin,Transition - Purine/Purine,A>G
131387313,rs117581773,GG,GG,GC,49,73,99,NC_000010.11,Mutation NB - Paternal Origin,Transition - Purine/Purine,Transversion - Purine/Pyrimidine,Unsolved
132126001,rs11146195,CC,TT,TT,46,1,60,NC_000010.11,Mutation NB - Paternal Origin,Transition - Pyrimidine/Pyrimidine,C>T
132309990,rs12249992,GG,AA,AA,13,1,40,NC_000010.11,Mutation NB - Paternal Origin,Transition - Purine/Purine,G>A
132834775,rs12356978,CC,CC,CT,55,40,99,NC_000010.11,Mutation NB - Maternal Origin,Transition - Pyrimidine/Pyrimidine,Unsolved
377712,rs7483942,CC,CA,AA,52,1,99,NC_000011.10,Mutation NB - Paternal Origin,Transversion - Purine/Pyrimidine,C>A
396701,rs11246147,TT,CT,CC,70,1,60,NC_000011.10,Mutation NB - Paternal Origin,Transition - Pyrimidine/Pyrimidine,T>C
720197,rs3087546,TT,CC,CC,49,1,36,NC_000011.10,Mutation NB - Paternal Origin,Transition - Pyrimidine/Pyrimidine,T>C
885330,rs12574605,CC,CC,CA,76,67,99,NC_000011.10,Mutation NB - Maternal Origin,Transversion - Purine/Pyrimidine,Unsolved
919449,rs115404794,AA,AA,AG,46,40,99,NC_000011.10,Mutation NB - Maternal Origin,Transition - Purine/Purine,Unsolved
1235227,rs56252247,CC,CT,TT,61,1,33,NC_000011.10,Mutation NB - Paternal Origin,Transition - Pyrimidine/Pyrimidine,C>T
1397220,rs12808343,GG,AA,AA,1,1,60,NC_000011.10,Mutation NB - Paternal Origin,Transition - Purine/Purine,G>A
2366751,rs71471695,AA,AA,AG,58,46,99,NC_000011.10,Mutation NB - Maternal Origin,Transition - Purine/Purine,Unsolved
3219321,rs12274898,GG,GG,GC,40,49,99,NC_000011.10,Mutation NB - Paternal Origin,Transition - Purine/Purine,Transversion - Purine/Pyrimidine,Unsolved
5590218,rs7116160,AA,CC,CC,1,1,54,NC_000011.10,Mutation NB - Paternal Origin,Transversion - Purine/Pyrimidine,A>C
5994153,rs4758343,TT,TT,TC,51,54,99,NC_000011.10,Mutation NB - Paternal Origin,Transition - Pyrimidine/Pyrimidine,Unsolved
6012363,rs9633902,AA,AA,GA,67,25,99,NC_000011.10,Mutation NB - Maternal Origin,Transition - Purine/Purine,Unsolved
7688322,rs7118417,CC,CC,TC,61,43,99,NC_000011.10,Mutation NB - Maternal Origin,Transition - Pyrimidine/Pyrimidine,Unsolved
8333742,rs11041887,TT,AA,AA,31,1,42,NC_000011.10,Mutation NB - Paternal Origin,Transversion - Purine/Pyrimidine,T>A
8490734,rs12576736,AA,CC,CC,73,31,51,NC_000011.10,Mutation NB - Paternal Origin,Transversion - Purine/Pyrimidine,A>C
9969223,rs10840337,GG,GG,GT,58,43,99,NC_000011.10,Mutation NB - Maternal Origin,Transversion - Purine/Pyrimidine,Unsolved
12252982,rs2706660,TT,CT,CC,79,1,43,NC_000011.10,Mutation NB - Paternal Origin,Transition - Pyrimidine/Pyrimidine,T>C
12880696,rs2304731,AA,CA,CC,73,1,36,NC_000011.10,Mutation NB - Paternal Origin,Transversion - Purine/Pyrimidine,A>C
16836360,rs12222901,GG,GG,GA,73,76,99,NC_000011.10,Mutation NB - Paternal Origin,Transition - Purine/Purine,Unsolved
17638164,rs4757556,CC,CC,CT,67,55,99,NC_000011.10,Mutation NB - Maternal Origin,Transition - Pyrimidine/Pyrimidine,Unsolved
18074035,rs7106970,CC,TC,TT,79,1,48,NC_000011.10,Mutation NB - Paternal Origin,Transition - Pyrimidine/Pyrimidine,C>T
28525987,rs10835353,AA,GA,GG,1,1,39,NC_000011.10,Mutation NB - Paternal Origin,Transition - Purine/Purine,A>G
28525998,rs10835354,GG,AG,AA,1,1,39,NC_000011.10,Mutation NB - Paternal Origin,Transition - Purine/Purine,G>A
34489019,rs117849787,GG,GG,GA,43,40,99,NC_000011.10,Mutation NB - Maternal Origin,Transition - Purine/Purine,Unsolved
36264694,rs6484831,CC,TT,TT,79,1,39,NC_000011.10,Mutation NB - Paternal Origin,Transition - Pyrimidine/Pyrimidine,C>T
43999395,rs2106641,GG,GG,AG,49,61,99,NC_000011.10,Mutation NB - Paternal Origin,Transition - Purine/Purine,Unsolved
44334488,rs57388178,TT,AT,AA,64,1,45,NC_000011.10,Mutation NB - Paternal Origin,Transversion - Purine/Pyrimidine,T>A
44881006,rs704667,GG,GC,CC,58,1,99,NC_000011.10,Mutation NB - Paternal Origin,Transversion - Purine/Pyrimidine,G>C
45248722,rs6485605,GG,GG,GA,55,40,99,NC_000011.10,Mutation NB - Maternal Origin,Transition - Purine/Purine,Unsolved
55280627,rs35097999,CC,CC,CT,52,58,99,NC_000011.10,Mutation NB - Paternal Origin,Transition - Pyrimidine/Pyrimidine,Unsolved
57602257,rs11229063,GG,GA,AA,58,1,63,NC_000011.10,Mutation NB - Paternal Origin,Transition - Purine/Purine,G>A
59351708,rs34387009,AA,AA,AC,46,64,99,NC_000011.10,Mutation NB - Paternal Origin,Transversion - Purine/Pyrimidine,Unsolved
60934448,rs2469884,CC,TT,TT,67,1,51,NC_000011.10,Mutation NB - Paternal Origin,Transition - Pyrimidine/Pyrimidine,C>T
60941295,rs76312198,GG,GG,GA,64,53,99,NC_000011.10,Mutation NB - Maternal Origin,Transition - Purine/Purine,Unsolved
61908172,rs174477,TT,TT,TC,61,51,99,NC_000011.10,Mutation NB - Maternal Origin,Transition - Pyrimidine/Pyrimidine,Unsolved
63614551,rs2030729,CC,CC,CA,51,40,99,NC_000011.10,Mutation NB - Maternal Origin,Transversion - Purine/Pyrimidine,Unsolved
64458160,rs7936265,TT,TT,TC,40,51,99,NC_000011.10,Mutation NB - Paternal Origin,Transition - Pyrimidine/Pyrimidine,Unsolved
65206301,rs17883561,GG,GG,GA,73,76,99,NC_000011.10,Mutation NB - Paternal Origin,Transition - Purine/Purine,Unsolved
65470835,rs12360896,GG,GG,GT,51,49,99,NC_000011.10,Mutation NB - Maternal Origin,Transversion - Purine/Pyrimidine,Unsolved
65553309,rs4244811,AA,GG,GG,43,1,55,NC_000011.10,Mutation NB - Paternal Origin,Transition - Purine/Purine,A>G
68514026,rs10896334,CC,CC,CT,67,58,99,NC_000011.10,Mutation NB - Maternal Origin,Transition - Pyrimidine/Pyrimidine,Unsolved
68737439,rs7103131,CC,CT,TT,58,1,33,NC_000011.10,Mutation NB - Paternal Origin,Transition - Pyrimidine/Pyrimidine,C>T
68737596,rs7103254,AA,AG,GG,61,1,90,NC_000011.10,Mutation NB - Paternal Origin,Transition - Purine/Purine,A>G
68939291,rs665258,CC,CC,CT,43,51,99,NC_000011.10,Mutation NB - Paternal Origin,Transition - Pyrimidine/Pyrimidine,Unsolved
69395214,rs4077335,CC,TT,TT,67,1,33,NC_000011.10,Mutation NB - Paternal Origin,Transition - Pyrimidine/Pyrimidine,C>T
69429437,rs137893215,GG,GG,GA,70,73,99,NC_000011.10,Mutation NB - Paternal Origin,Transition - Purine/Purine,Unsolved
69612081,rs7933453,CC,TT,TT,61,1,75,NC_000011.10,Mutation NB - Paternal Origin,Transition - Pyrimidine/Pyrimidine,C>T
69675497,rs1054250672,AA,AA,AG,64,46,99,NC_000011.10,Mutation NB - Maternal Origin,Transition - Purine/Purine,Unsolved
69862486,rs7936223,CC,CC,CA,61,46,99,NC_000011.10,Mutation NB - Maternal Origin,Transversion - Purine/Pyrimidine,Unsolved
70016917,rs990178,TT,CT,CC,31,1,30,NC_000011.10,Mutation NB - Paternal Origin,Transition - Pyrimidine/Pyrimidine,T>C
70513209,rs773350823,TT,TT,TC,61,58,99,NC_000011.10,Mutation NB - Maternal Origin,Transition - Pyrimidine/Pyrimidine,Unsolved
71343641,rs1660852,TT,TT,TC,40,58,99,NC_000011.10,Mutation NB - Paternal Origin,Transition - Pyrimidine/Pyrimidine,Unsolved
71563588,rs75969118,CC,CC,CT,51,70,99,NC_000011.10,Mutation NB - Paternal Origin,Transition - Pyrimidine/Pyrimidine,Unsolved
71563609,rs74838991,CC,CC,CG,51,70,99,NC_000011.10,Mutation NB - Paternal Origin,Transversion - Purine/Pyrimidine,Unsolved
71563613,rs76226497,CC,CC,CT,51,70,99,NC_000011.10,Mutation NB - Paternal Origin,Transition - Pyrimidine/Pyrimidine,Unsolved
71563638,rs76312778,TT,TT,TC,40,70,99,NC_000011.10,Mutation NB - Paternal Origin,Transition - Pyrimidine/Pyrimidine,Unsolved
71563647,rs80015845,TT,TT,TC,40,70,99,NC_000011.10,Mutation NB - Paternal Origin,Transition - Pyrimidine/Pyrimidine,Unsolved
73187174,rs1783577,GG,GA,AA,57,1,99,NC_000011.10,Mutation NB - Paternal Origin,Transition - Purine/Purine,G>A
74534628,rs645541,GG,AG,AA,73,1,57,NC_000011.10,Mutation NB - Paternal Origin,Transition - Purine/Purine,G>A
76157235,rs10899163,AA,GG,GG,55,1,99,NC_000011.10,Mutation NB - Paternal Origin,Transition - Purine/Purine,A>G
76179186,rs584406,GG,AA,AA,1,1,49,NC_000011.10,Mutation NB - Paternal Origin,Transition - Purine/Purine,G>A
76179332,rs754210,AA,GG,GG,37,1,40,NC_000011.10,Mutation NB - Paternal Origin,Transition - Purine/Purine,A>G
76283340,rs7930999,GG,GG,AG,61,73,99,NC_000011.10,Mutation NB - Paternal Origin,Transition - Purine/Purine,Unsolved
77199721,rs7927472,TT,CT,CC,22,1,60,NC_000011.10,Mutation NB - Paternal Origin,Transition - Pyrimidine/Pyrimidine,T>C
77209292,rs868658,AA,GA,GG,64,1,48,NC_000011.10,Mutation NB - Paternal Origin,Transition - Purine/Purine,A>G
78883604,rs10793349,TT,TT,AT,61,70,99,NC_000011.10,Mutation NB - Paternal Origin,Transition - Pyrimidine/Pyrimidine,Transversion - Purine/Pyrimidine,Unsolved
80532968,rs75867984,CC,CC,CT,47,51,99,NC_000011.10,Mutation NB - Paternal Origin,Transition - Pyrimidine/Pyrimidine,Unsolved
82695824,rs17144128,CC,CA,AA,46,1,33,NC_000011.10,Mutation NB - Paternal Origin,Transversion - Purine/Pyrimidine,C>A
86577542,rs1945143,AA,AA,AC,59,46,99,NC_000011.10,Mutation NB - Maternal Origin,Transversion - Purine/Pyrimidine,Unsolved
90493598,rs1944058,CC,CC,CT,40,40,99,NC_000011.10,Mutation NB - Paternal or Maternal,Transition - Pyrimidine/Pyrimidine,Unsolved
92958366,rs2166706,TT,TT,TC,67,40,99,NC_000011.10,Mutation NB - Maternal Origin,Transition - Pyrimidine/Pyrimidine,Unsolved
93049409,rs534354,TT,TT,CT,73,37,99,NC_000011.10,Mutation NB - Maternal Origin,Transition - Pyrimidine/Pyrimidine,Unsolved
97461219,rs11226702,GG,GA,AA,62,1,99,NC_000011.10,Mutation NB - Paternal Origin,Transition - Purine/Purine,G>A
98693387,rs11216490,AA,CC,CC,73,1,60,NC_000011.10,Mutation NB - Paternal Origin,Transversion - Purine/Pyrimidine,A>C
101241416,rs1954978,GG,AA,AA,61,1,39,NC_000011.10,Mutation NB - Paternal Origin,Transition - Purine/Purine,G>A
102568792,rs7926772,TT,CT,CC,55,1,21,NC_000011.10,Mutation NB - Paternal Origin,Transition - Pyrimidine/Pyrimidine,T>C
103337004,rs10895398,AA,GG,GG,76,1,60,NC_000011.10,Mutation NB - Paternal Origin,Transition - Purine/Purine,A>G
103611765,rs2408684,AA,AG,GG,67,1,60,NC_000011.10,Mutation NB - Paternal Origin,Transition - Purine/Purine,A>G
113241139,rs45542138,TT,TT,TC,49,55,99,NC_000011.10,Mutation NB - Paternal Origin,Transition - Pyrimidine/Pyrimidine,Unsolved
114818088,rs74714916,AA,AA,AG,60,67,99,NC_000011.10,Mutation NB - Paternal Origin,Transition - Purine/Purine,Unsolved
115633885,rs2509372,GG,CG,CC,70,1,54,NC_000011.10,Mutation NB - Paternal Origin,Transversion - Purine/Pyrimidine,G>C
115633935,rs12416749,CC,GC,GG,1,1,54,NC_000011.10,Mutation NB - Paternal Origin,Transversion - Purine/Pyrimidine,C>G
118961017,rs10892315,TT,TT,TC,52,40,99,NC_000011.10,Mutation NB - Maternal Origin,Transition - Pyrimidine/Pyrimidine,Unsolved
119401775,rs7111286,CC,GG,GG,70,1,54,NC_000011.10,Mutation NB - Paternal Origin,Transversion - Purine/Pyrimidine,C>G
119791100,rs11217506,TT,TT,CT,70,76,99,NC_000011.10,Mutation NB - Paternal Origin,Transition - Pyrimidine/Pyrimidine,Unsolved
120673528,rs12360673,AA,AA,AG,55,40,99,NC_000011.10,Mutation NB - Maternal Origin,Transition - Purine/Purine,Unsolved
120676465,rs4256992,GG,GG,GA,76,61,99,NC_000011.10,Mutation NB - Maternal Origin,Transition - Purine/Purine,Unsolved
123291287,rs10790571,TT,TT,TC,76,58,99,NC_000011.10,Mutation NB - Maternal Origin,Transition - Pyrimidine/Pyrimidine,Unsolved
128526052,rs12805524,AA,AA,AG,40,61,99,NC_000011.10,Mutation NB - Paternal Origin,Transition - Purine/Purine,Unsolved
128746416,rs640046,GG,GG,GA,73,45,99,NC_000011.10,Mutation NB - Maternal Origin,Transition - Purine/Purine,Unsolved
128747336,rs654484,GG,GG,GA,45,61,99,NC_000011.10,Mutation NB - Paternal Origin,Transition - Purine/Purine,Unsolved
130702323,rs12283678,GG,GA,AA,55,1,59,NC_000011.10,Mutation NB - Paternal Origin,Transition - Purine/Purine,G>A
131051754,rs10750461,AA,AA,AG,64,70,99,NC_000011.10,Mutation NB - Paternal Origin,Transition - Purine/Purine,Unsolved
131503082,rs390741,TT,CC,CC,67,7,42,NC_000011.10,Mutation NB - Paternal Origin,Transition - Pyrimidine/Pyrimidine,T>C
131503114,rs411462,GG,TT,TT,70,7,54,NC_000011.10,Mutation NB - Paternal Origin,Transversion - Purine/Pyrimidine,G>T
132349285,rs11223020,CC,CC,CA,67,51,99,NC_000011.10,Mutation NB - Maternal Origin,Transversion - Purine/Pyrimidine,Unsolved
133153057,rs61632329,GG,GG,GT,49,40,99,NC_000011.10,Mutation NB - Maternal Origin,Transversion - Purine/Pyrimidine,Unsolved
134092232,rs77739582,GG,GG,GA,59,40,99,NC_000011.10,Mutation NB - Maternal Origin,Transition - Purine/Purine,Unsolved
134442549,rs7950809,GG,GG,TG,70,19,99,NC_000011.10,Mutation NB - Maternal Origin,Transversion - Purine/Pyrimidine,Unsolved
134453448,rs4245132,GG,GG,AG,40,52,99,NC_000011.10,Mutation NB - Paternal Origin,Transition - Purine/Purine,Unsolved
134562923,rs75822471,TT,TT,TC,52,51,99,NC_000011.10,Mutation NB - Maternal Origin,Transition - Pyrimidine/Pyrimidine,Unsolved
398502,rs146506620,TT,CC,CC,22,1,60,NC_000012.12,Mutation NB - Paternal Origin,Transition - Pyrimidine/Pyrimidine,T>C
3135145,rs1004499,CC,CC,CT,40,76,99,NC_000012.12,Mutation NB - Paternal Origin,Transition - Pyrimidine/Pyrimidine,Unsolved
3197482,rs182353061,AA,AA,AG,61,52,99,NC_000012.12,Mutation NB - Maternal Origin,Transition - Purine/Purine,Unsolved
4977732,rs10849184,CC,CC,CG,40,46,99,NC_000012.12,Mutation NB - Paternal Origin,Transversion - Purine/Pyrimidine,Unsolved
5458284,rs187014424,CC,CC,CT,52,60,99,NC_000012.12,Mutation NB - Paternal Origin,Transition - Pyrimidine/Pyrimidine,Unsolved
5796603,rs35312831,CC,CC,CG,43,40,99,NC_000012.12,Mutation NB - Maternal Origin,Transversion - Purine/Pyrimidine,Unsolved
5796636,rs3782650,CC,CC,CT,43,40,99,NC_000012.12,Mutation NB - Maternal Origin,Transition - Pyrimidine/Pyrimidine,Unsolved
6058030,rs1800379,AA,GG,GG,45,1,21,NC_000012.12,Mutation NB - Paternal Origin,Transition - Purine/Purine,A>G
7342183,rs7972848,AA,AT,TT,49,1,78,NC_000012.12,Mutation NB - Paternal Origin,Transversion - Purine/Pyrimidine,A>T
8568412,rs61919198,TT,CT,CC,1,1,49,NC_000012.12,Mutation NB - Paternal Origin,Transition - Pyrimidine/Pyrimidine,T>C
11827831,rs56198451,CC,CC,CT,58,73,99,NC_000012.12,Mutation NB - Paternal Origin,Transition - Pyrimidine/Pyrimidine,Unsolved
13427674,rs10772669,CC,CC,TC,1,1,99,NC_000012.12,Mutation NB - Paternal or Maternal,Transition - Pyrimidine/Pyrimidine,Unsolved
19402463,rs75446974,TT,CC,CC,31,1,60,NC_000012.12,Mutation NB - Paternal Origin,Transition - Pyrimidine/Pyrimidine,T>C
25622168,rs1479503,GG,CC,CC,73,13,21,NC_000012.12,Mutation NB - Paternal Origin,Transversion - Purine/Pyrimidine,G>C
28915166,rs11049913,CC,CC,CT,49,49,99,NC_000012.12,Mutation NB - Paternal or Maternal,Transition - Pyrimidine/Pyrimidine,Unsolved
31031100,rs11051210,AA,AA,AC,64,40,99,NC_000012.12,Mutation NB - Maternal Origin,Transversion - Purine/Pyrimidine,Unsolved
42610290,rs10785355,TT,TT,CT,46,3,99,NC_000012.12,Mutation NB - Maternal Origin,Transition - Pyrimidine/Pyrimidine,Unsolved
43032796,rs7968807,TT,TT,CT,40,25,99,NC_000012.12,Mutation NB - Maternal Origin,Transition - Pyrimidine/Pyrimidine,Unsolved
43570540,rs10880531,GG,GG,GA,61,40,99,NC_000012.12,Mutation NB - Maternal Origin,Transition - Purine/Purine,Unsolved
48682028,rs2277365,GG,TT,TT,55,33,42,NC_000012.12,Mutation NB - Paternal Origin,Transversion - Purine/Pyrimidine,G>T
51362112,rs3782471,AA,GG,GG,61,26,60,NC_000012.12,Mutation NB - Paternal Origin,Transition - Purine/Purine,A>G
52030212,rs876734,TT,TT,CT,79,37,99,NC_000012.12,Mutation NB - Maternal Origin,Transition - Pyrimidine/Pyrimidine,Unsolved
52086398,rs7313454,AA,GG,GG,76,1,21,NC_000012.12,Mutation NB - Paternal Origin,Transition - Purine/Purine,A>G
57131973,rs4759275,AA,GA,GG,25,1,49,NC_000012.12,Mutation NB - Paternal Origin,Transition - Purine/Purine,A>G
61880246,rs7311923,CC,CC,CT,76,70,99,NC_000012.12,Mutation NB - Maternal Origin,Transition - Pyrimidine/Pyrimidine,Unsolved
66749594,rs6581715,CC,CA,AA,52,1,99,NC_000012.12,Mutation NB - Paternal Origin,Transversion - Purine/Pyrimidine,C>A
67607225,rs11176800,AA,AA,AG,43,40,99,NC_000012.12,Mutation NB - Maternal Origin,Transition - Purine/Purine,Unsolved
68525462,rs4913458,GG,GG,GA,40,61,99,NC_000012.12,Mutation NB - Paternal Origin,Transition - Purine/Purine,Unsolved
68955931,rs36121433,CC,CC,CT,43,57,99,NC_000012.12,Mutation NB - Paternal Origin,Transition - Pyrimidine/Pyrimidine,Unsolved
70396332,rs79237130,TT,TT,TA,40,52,99,NC_000012.12,Mutation NB - Paternal Origin,Transition - Pyrimidine/Pyrimidine,Transversion - Purine/Pyrimidine,Unsolved
72097647,rs1916129,CC,CC,TC,79,79,99,NC_000012.12,Mutation NB - Paternal or Maternal,Transition - Pyrimidine/Pyrimidine,Unsolved
74185226,rs35252300,GG,GA,AA,42,1,21,NC_000012.12,Mutation NB - Paternal Origin,Transition - Purine/Purine,G>A
74984898,rs7136136,CC,CC,CG,52,67,99,NC_000012.12,Mutation NB - Paternal Origin,Transversion - Purine/Pyrimidine,Unsolved
81865951,rs4423264,AA,AA,GA,76,13,99,NC_000012.12,Mutation NB - Maternal Origin,Transition - Purine/Purine,Unsolved
82361475,rs10862480,TT,TT,CT,37,53,99,NC_000012.12,Mutation NB - Paternal Origin,Transition - Pyrimidine/Pyrimidine,Unsolved
86600832,rs80057684,TT,TT,TC,51,61,99,NC_000012.12,Mutation NB - Paternal Origin,Transition - Pyrimidine/Pyrimidine,Unsolved
96417608,rs10745763,GG,GT,TT,49,1,90,NC_000012.12,Mutation NB - Paternal Origin,Transversion - Purine/Pyrimidine,G>T
100989085,rs17030875,GG,GG,GA,52,55,99,NC_000012.12,Mutation NB - Paternal Origin,Transition - Purine/Purine,Unsolved
101669044,rs7968867,GG,GG,GA,61,67,99,NC_000012.12,Mutation NB - Paternal Origin,Transition - Purine/Purine,Unsolved
102847410,rs1718312,GG,AA,AA,19,1,52,NC_000012.12,Mutation NB - Paternal Origin,Transition - Purine/Purine,G>A
103034637,rs73176066,TT,TT,TG,40,55,99,NC_000012.12,Mutation NB - Paternal Origin,Transition - Pyrimidine/Pyrimidine,Transversion - Purine/Pyrimidine,Unsolved
103901888,rs4964329,GG,GA,AA,55,1,36,NC_000012.12,Mutation NB - Paternal Origin,Transition - Purine/Purine,G>A
104568333,rs74621821,CC,CC,CG,55,54,99,NC_000012.12,Mutation NB - Maternal Origin,Transversion - Purine/Pyrimidine,Unsolved
106753764,rs10861659,CC,TT,TT,70,13,31,NC_000012.12,Mutation NB - Paternal Origin,Transition - Pyrimidine/Pyrimidine,C>T
107642455,rs1420740,GG,GG,AG,37,79,99,NC_000012.12,Mutation NB - Paternal Origin,Transition - Purine/Purine,Unsolved
111835870,rs73422316,AA,GA,GG,1,1,39,NC_000012.12,Mutation NB - Paternal Origin,Transition - Purine/Purine,A>G
112159309,rs7302648,CC,CC,CT,40,61,99,NC_000012.12,Mutation NB - Paternal Origin,Transition - Pyrimidine/Pyrimidine,Unsolved
112738361,rs6489857,AA,TT,TT,51,13,72,NC_000012.12,Mutation NB - Paternal Origin,Transversion - Purine/Pyrimidine,A>T
113697490,rs4767114,CC,CC,CT,40,49,99,NC_000012.12,Mutation NB - Paternal Origin,Transition - Pyrimidine/Pyrimidine,Unsolved
113801865,rs74913275,GG,GG,GA,79,40,99,NC_000012.12,Mutation NB - Maternal Origin,Transition - Purine/Purine,Unsolved
113801930,rs12368400,AA,GG,GG,58,1,54,NC_000012.12,Mutation NB - Paternal Origin,Transition - Purine/Purine,A>G
114592298,rs1718382,TT,CC,CC,70,1,49,NC_000012.12,Mutation NB - Paternal Origin,Transition - Pyrimidine/Pyrimidine,T>C
125230317,rs114793157,CC,CC,CG,49,55,99,NC_000012.12,Mutation NB - Paternal Origin,Transversion - Purine/Pyrimidine,Unsolved
125349549,rs1491893,CC,CC,CA,40,61,99,NC_000012.12,Mutation NB - Paternal Origin,Transversion - Purine/Pyrimidine,Unsolved
127446566,rs1622912,CC,TC,TT,58,1,24,NC_000012.12,Mutation NB - Paternal Origin,Transition - Pyrimidine/Pyrimidine,C>T
128037091,rs12321086,CC,CC,CG,52,70,99,NC_000012.12,Mutation NB - Paternal Origin,Transversion - Purine/Pyrimidine,Unsolved
128104315,rs9739553,TT,TT,TC,61,60,99,NC_000012.12,Mutation NB - Maternal Origin,Transition - Pyrimidine/Pyrimidine,Unsolved
128747575,rs871686,AA,AA,AG,40,40,99,NC_000012.12,Mutation NB - Paternal or Maternal,Transition - Purine/Purine,Unsolved
129101086,rs11060131,AA,GG,GG,58,1,27,NC_000012.12,Mutation NB - Paternal Origin,Transition - Purine/Purine,A>G
130737890,rs11061117,AA,CA,CC,79,1,36,NC_000012.12,Mutation NB - Paternal Origin,Transversion - Purine/Pyrimidine,A>C
130818100,rs61937256,GG,AA,AA,40,1,99,NC_000012.12,Mutation NB - Paternal Origin,Transition - Purine/Purine,G>A
131086743,rs74653052,GG,GG,GA,49,40,99,NC_000012.12,Mutation NB - Maternal Origin,Transition - Purine/Purine,Unsolved
131538016,rs952724,AA,AT,TT,61,1,99,NC_000012.12,Mutation NB - Paternal Origin,Transversion - Purine/Pyrimidine,A>T
132427024,.,CC,CC,TC,1,1,99,NC_000012.12,Mutation NB - Paternal or Maternal,Transition - Pyrimidine/Pyrimidine,Unsolved
132482010,rs11147181,CC,CC,CT,64,46,99,NC_000012.12,Mutation NB - Maternal Origin,Transition - Pyrimidine/Pyrimidine,Unsolved
132503860,rs76962570,CC,CC,CT,46,52,99,NC_000012.12,Mutation NB - Paternal Origin,Transition - Pyrimidine/Pyrimidine,Unsolved
132521579,rs115951579,CC,CC,CG,67,46,99,NC_000012.12,Mutation NB - Maternal Origin,Transversion - Purine/Pyrimidine,Unsolved
132604813,rs11146963,TT,CC,CC,58,1,99,NC_000012.12,Mutation NB - Paternal Origin,Transition - Pyrimidine/Pyrimidine,T>C
132604839,rs11146964,AA,GG,GG,55,1,99,NC_000012.12,Mutation NB - Paternal Origin,Transition - Purine/Purine,A>G
18666635,rs7982418,AA,AA,GA,37,64,99,NC_000013.11,Mutation NB - Paternal Origin,Transition - Purine/Purine,Unsolved
19009655,rs9580857,GG,GG,GA,40,51,99,NC_000013.11,Mutation NB - Paternal Origin,Transition - Purine/Purine,Unsolved
19076284,rs61944523,CC,CC,CA,52,58,99,NC_000013.11,Mutation NB - Paternal Origin,Transversion - Purine/Pyrimidine,Unsolved
19118125,rs539374445,GG,GG,GA,51,46,99,NC_000013.11,Mutation NB - Maternal Origin,Transition - Purine/Purine,Unsolved
19151515,rs73433976,CC,CC,CT,58,40,99,NC_000013.11,Mutation NB - Maternal Origin,Transition - Pyrimidine/Pyrimidine,Unsolved
19185644,rs184584581,CC,CC,CG,46,49,99,NC_000013.11,Mutation NB - Paternal Origin,Transversion - Purine/Pyrimidine,Unsolved
19527889,rs77983084,GG,GG,GA,49,55,99,NC_000013.11,Mutation NB - Paternal Origin,Transition - Purine/Purine,Unsolved
21353014,rs4770142,AA,AA,CA,55,64,99,NC_000013.11,Mutation NB - Paternal Origin,Transversion - Purine/Pyrimidine,Unsolved
21802164,rs1998903,AA,AA,AG,49,55,99,NC_000013.11,Mutation NB - Paternal Origin,Transition - Purine/Purine,Unsolved
21899307,rs7993026,GG,AA,AA,34,1,49,NC_000013.11,Mutation NB - Paternal Origin,Transition - Purine/Purine,G>A
21920862,rs2761379,CC,CC,CT,52,40,99,NC_000013.11,Mutation NB - Maternal Origin,Transition - Pyrimidine/Pyrimidine,Unsolved
24390348,rs113487614,GG,GG,GA,52,40,99,NC_000013.11,Mutation NB - Maternal Origin,Transition - Purine/Purine,Unsolved
24743827,rs75772763,CC,CC,CT,61,40,99,NC_000013.11,Mutation NB - Maternal Origin,Transition - Pyrimidine/Pyrimidine,Unsolved
24743981,rs76416909,CC,CC,CT,79,40,99,NC_000013.11,Mutation NB - Maternal Origin,Transition - Pyrimidine/Pyrimidine,Unsolved
27472447,rs9512712,GG,AA,AA,37,1,49,NC_000013.11,Mutation NB - Paternal Origin,Transition - Purine/Purine,G>A
30881751,rs71436418,AA,GG,GG,55,1,39,NC_000013.11,Mutation NB - Paternal Origin,Transition - Purine/Purine,A>G
31208552,rs111240762,TT,TT,TG,55,61,99,NC_000013.11,Mutation NB - Paternal Origin,Transition - Pyrimidine/Pyrimidine,Transversion - Purine/Pyrimidine,Unsolved
31339855,rs557223904,TT,TT,TC,64,70,99,NC_000013.11,Mutation NB - Paternal Origin,Transition - Pyrimidine/Pyrimidine,Unsolved
31351496,rs17075886,GG,GG,GC,49,70,99,NC_000013.11,Mutation NB - Paternal Origin,Transition - Purine/Purine,Transversion - Purine/Pyrimidine,Unsolved
33020784,rs527382,CC,CC,CG,40,73,99,NC_000013.11,Mutation NB - Paternal Origin,Transversion - Purine/Pyrimidine,Unsolved
43269433,rs41288327,AA,GG,GG,6,1,60,NC_000013.11,Mutation NB - Paternal Origin,Transition - Purine/Purine,A>G
44890241,rs9533998,CC,CC,CT,76,40,99,NC_000013.11,Mutation NB - Maternal Origin,Transition - Pyrimidine/Pyrimidine,Unsolved
46378561,rs2765624,CC,CT,TT,70,1,54,NC_000013.11,Mutation NB - Paternal Origin,Transition - Pyrimidine/Pyrimidine,C>T
46378563,rs2761951,CC,CT,TT,70,1,54,NC_000013.11,Mutation NB - Paternal Origin,Transition - Pyrimidine/Pyrimidine,C>T
49534116,rs7317982,TT,TT,TC,52,40,99,NC_000013.11,Mutation NB - Maternal Origin,Transition - Pyrimidine/Pyrimidine,Unsolved
51455768,rs6561634,CC,TT,TT,46,1,49,NC_000013.11,Mutation NB - Paternal Origin,Transition - Pyrimidine/Pyrimidine,C>T
52933618,rs11618601,CC,CC,CT,40,58,99,NC_000013.11,Mutation NB - Paternal Origin,Transition - Pyrimidine/Pyrimidine,Unsolved
53000900,rs9527044,AA,AA,AC,51,49,99,NC_000013.11,Mutation NB - Maternal Origin,Transversion - Purine/Pyrimidine,Unsolved
58687440,rs9646031,CC,CC,CT,40,61,99,NC_000013.11,Mutation NB - Paternal Origin,Transition - Pyrimidine/Pyrimidine,Unsolved
62045792,rs1577010,AA,AA,AG,79,40,99,NC_000013.11,Mutation NB - Maternal Origin,Transition - Purine/Purine,Unsolved
62046642,rs4418942,AA,AA,AG,61,43,99,NC_000013.11,Mutation NB - Maternal Origin,Transition - Purine/Purine,Unsolved
65843362,rs12871195,CC,CC,CT,70,44,99,NC_000013.11,Mutation NB - Maternal Origin,Transition - Pyrimidine/Pyrimidine,Unsolved
70565056,rs114087171,CC,CC,CT,55,73,99,NC_000013.11,Mutation NB - Paternal Origin,Transition - Pyrimidine/Pyrimidine,Unsolved
72953257,rs1591145,TT,TT,TG,49,40,99,NC_000013.11,Mutation NB - Maternal Origin,Transition - Pyrimidine/Pyrimidine,Transversion - Purine/Pyrimidine,Unsolved
76086778,rs1074098,TT,CC,CC,79,1,49,NC_000013.11,Mutation NB - Paternal Origin,Transition - Pyrimidine/Pyrimidine,T>C
81131754,rs6563205,GG,GG,GT,70,79,99,NC_000013.11,Mutation NB - Paternal Origin,Transversion - Purine/Pyrimidine,Unsolved
85963549,rs9602896,TT,TT,TC,70,40,99,NC_000013.11,Mutation NB - Maternal Origin,Transition - Pyrimidine/Pyrimidine,Unsolved
85963576,rs9602897,AA,AA,AG,73,40,99,NC_000013.11,Mutation NB - Maternal Origin,Transition - Purine/Purine,Unsolved
89784767,rs61961266,TT,CC,CC,28,1,60,NC_000013.11,Mutation NB - Paternal Origin,Transition - Pyrimidine/Pyrimidine,T>C
89883194,rs2153719,GG,CC,CC,55,1,24,NC_000013.11,Mutation NB - Paternal Origin,Transversion - Purine/Pyrimidine,G>C
89931320,rs67842803,CC,CC,CG,55,40,99,NC_000013.11,Mutation NB - Maternal Origin,Transversion - Purine/Pyrimidine,Unsolved
91611881,rs9523378,GG,GG,GT,61,79,99,NC_000013.11,Mutation NB - Paternal Origin,Transversion - Purine/Pyrimidine,Unsolved
92763312,rs9516130,GG,GG,AG,79,58,99,NC_000013.11,Mutation NB - Maternal Origin,Transition - Purine/Purine,Unsolved
93453684,rs2813620,GG,GG,GT,60,40,99,NC_000013.11,Mutation NB - Maternal Origin,Transversion - Purine/Pyrimidine,Unsolved
94311837,rs1041912901,GG,GG,GA,58,55,99,NC_000013.11,Mutation NB - Maternal Origin,Transition - Purine/Purine,Unsolved
94311862,.,GG,GG,GA,58,58,99,NC_000013.11,Mutation NB - Paternal or Maternal,Transition - Purine/Purine,Unsolved
95258067,rs2389226,AA,AA,AT,46,31,99,NC_000013.11,Mutation NB - Maternal Origin,Transversion - Purine/Pyrimidine,Unsolved
96773241,rs7998221,TT,TT,GT,40,73,99,NC_000013.11,Mutation NB - Paternal Origin,Transition - Pyrimidine/Pyrimidine,Transversion - Purine/Pyrimidine,Unsolved
98402544,rs2306442,GG,GA,AA,56,1,96,NC_000013.11,Mutation NB - Paternal Origin,Transition - Purine/Purine,G>A
99408638,rs9517707,AA,GG,GG,25,19,30,NC_000013.11,Mutation NB - Paternal Origin,Transition - Purine/Purine,A>G
100077808,rs12870787,GG,AA,AA,40,1,49,NC_000013.11,Mutation NB - Paternal Origin,Transition - Purine/Purine,G>A
100077820,rs12871184,TT,GG,GG,40,1,49,NC_000013.11,Mutation NB - Paternal Origin,Transversion - Purine/Pyrimidine,T>G
100077825,rs12870800,GG,AA,AA,40,1,46,NC_000013.11,Mutation NB - Paternal Origin,Transition - Purine/Purine,G>A
101208059,rs12864509,AA,AA,AT,61,51,99,NC_000013.11,Mutation NB - Maternal Origin,Transversion - Purine/Pyrimidine,Unsolved
105982830,rs477122,TT,TT,TC,54,51,99,NC_000013.11,Mutation NB - Maternal Origin,Transition - Pyrimidine/Pyrimidine,Unsolved
106598053,rs4772801,AA,GG,GG,31,10,60,NC_000013.11,Mutation NB - Paternal Origin,Transition - Purine/Purine,A>G
108836158,rs4771615,GG,AA,AA,49,13,30,NC_000013.11,Mutation NB - Paternal Origin,Transition - Purine/Purine,G>A
109918648,rs9559673,CC,CC,CG,61,58,99,NC_000013.11,Mutation NB - Maternal Origin,Transversion - Purine/Pyrimidine,Unsolved
110825064,rs55848389,TT,CC,CC,61,28,33,NC_000013.11,Mutation NB - Paternal Origin,Transition - Pyrimidine/Pyrimidine,T>C
111624301,rs4773407,TT,GT,GG,1,1,43,NC_000013.11,Mutation NB - Paternal Origin,Transversion - Purine/Pyrimidine,T>G
111656663,rs4773418,CC,TT,TT,1,1,60,NC_000013.11,Mutation NB - Paternal Origin,Transition - Pyrimidine/Pyrimidine,C>T
112117771,rs4907654,AA,GG,GG,1,1,45,NC_000013.11,Mutation NB - Paternal Origin,Transition - Purine/Purine,A>G
113044471,rs4907577,GG,GG,GA,46,60,99,NC_000013.11,Mutation NB - Paternal Origin,Transition - Purine/Purine,Unsolved
113054383,rs7319791,CC,TT,TT,54,1,42,NC_000013.11,Mutation NB - Paternal Origin,Transition - Pyrimidine/Pyrimidine,C>T
25184183,rs6574225,TT,CC,CC,49,25,27,NC_000014.9,Mutation NB - Paternal Origin,Transition - Pyrimidine/Pyrimidine,T>C
41349314,rs1487343170,GG,GG,GA,57,43,99,NC_000014.9,Mutation NB - Maternal Origin,Transition - Purine/Purine,Unsolved
43591995,rs7141384,TT,TT,TG,42,56,99,NC_000014.9,Mutation NB - Paternal Origin,Transition - Pyrimidine/Pyrimidine,Transversion - Purine/Pyrimidine,Unsolved
43598510,rs8019180,TT,TC,CC,67,1,72,NC_000014.9,Mutation NB - Paternal Origin,Transition - Pyrimidine/Pyrimidine,T>C
43598563,rs8018482,GG,GC,CC,67,1,72,NC_000014.9,Mutation NB - Paternal Origin,Transversion - Purine/Pyrimidine,G>C
44446458,rs11623419,CC,CC,CA,73,64,99,NC_000014.9,Mutation NB - Maternal Origin,Transversion - Purine/Pyrimidine,Unsolved
46637231,rs12885228,GG,AA,AA,12,1,60,NC_000014.9,Mutation NB - Paternal Origin,Transition - Purine/Purine,G>A
52016050,rs1151582,TT,TT,CT,76,61,99,NC_000014.9,Mutation NB - Maternal Origin,Transition - Pyrimidine/Pyrimidine,Unsolved
53216633,rs59401764,CC,CC,CT,51,47,99,NC_000014.9,Mutation NB - Maternal Origin,Transition - Pyrimidine/Pyrimidine,Unsolved
54314546,rs17646426,AA,GG,GG,70,1,45,NC_000014.9,Mutation NB - Paternal Origin,Transition - Purine/Purine,A>G
55124090,rs568398768,CC,CC,CG,55,64,99,NC_000014.9,Mutation NB - Paternal Origin,Transversion - Purine/Pyrimidine,Unsolved
60509819,rs33912345,CC,CA,AA,67,1,90,NC_000014.9,Mutation NB - Paternal Origin,Transversion - Purine/Pyrimidine,C>A
64290010,rs61984416,TT,TT,TA,79,76,99,NC_000014.9,Mutation NB - Maternal Origin,Transition - Pyrimidine/Pyrimidine,Transversion - Purine/Pyrimidine,Unsolved
69265402,rs2185490,AA,CC,CC,76,1,36,NC_000014.9,Mutation NB - Paternal Origin,Transversion - Purine/Pyrimidine,A>C
70346390,rs4902814,TT,TC,CC,60,1,99,NC_000014.9,Mutation NB - Paternal Origin,Transition - Pyrimidine/Pyrimidine,T>C
73951095,rs8013496,GG,GG,GC,79,79,99,NC_000014.9,Mutation NB - Paternal or Maternal,Transition - Purine/Purine,Transversion - Purine/Pyrimidine,Unsolved
74896938,rs17093914,CC,TT,TT,70,1,39,NC_000014.9,Mutation NB - Paternal Origin,Transition - Pyrimidine/Pyrimidine,C>T
75421410,rs7146484,TT,AT,AA,37,1,30,NC_000014.9,Mutation NB - Paternal Origin,Transversion - Purine/Pyrimidine,T>A
75998220,rs2142165,GG,GG,TG,40,1,99,NC_000014.9,Mutation NB - Maternal Origin,Transversion - Purine/Pyrimidine,Unsolved
76498312,rs61742642,CC,CT,TT,49,1,72,NC_000014.9,Mutation NB - Paternal Origin,Transition - Pyrimidine/Pyrimidine,C>T
76765834,rs8022208,AA,AA,AC,51,54,99,NC_000014.9,Mutation NB - Paternal Origin,Transversion - Purine/Pyrimidine,Unsolved
77146880,rs2058692,TT,TT,TC,76,76,99,NC_000014.9,Mutation NB - Paternal or Maternal,Transition - Pyrimidine/Pyrimidine,Unsolved
80955079,rs8022600,GG,GG,GT,53,51,99,NC_000014.9,Mutation NB - Maternal Origin,Transversion - Purine/Pyrimidine,Unsolved
81668878,rs35812616,GG,GG,GA,61,40,99,NC_000014.9,Mutation NB - Maternal Origin,Transition - Purine/Purine,Unsolved
83729393,rs2888356,TT,GG,GG,46,1,84,NC_000014.9,Mutation NB - Paternal Origin,Transversion - Purine/Pyrimidine,T>G
89036059,rs188069840,TT,TT,TG,40,57,99,NC_000014.9,Mutation NB - Paternal Origin,Transition - Pyrimidine/Pyrimidine,Transversion - Purine/Pyrimidine,Unsolved
89273732,rs17188325,CC,CC,CT,79,79,99,NC_000014.9,Mutation NB - Paternal or Maternal,Transition - Pyrimidine/Pyrimidine,Unsolved
89520296,rs61996497,GG,GG,GA,64,76,99,NC_000014.9,Mutation NB - Paternal Origin,Transition - Purine/Purine,Unsolved
90452558,rs1294521,CC,AA,AA,64,13,24,NC_000014.9,Mutation NB - Paternal Origin,Transversion - Purine/Pyrimidine,C>A
90843078,rs11623503,TT,TT,TA,70,76,99,NC_000014.9,Mutation NB - Paternal Origin,Transition - Pyrimidine/Pyrimidine,Transversion - Purine/Pyrimidine,Unsolved
91272764,rs45542736,CC,CC,CG,76,55,99,NC_000014.9,Mutation NB - Maternal Origin,Transversion - Purine/Pyrimidine,Unsolved
92235372,rs1742707,GG,GG,TG,61,40,99,NC_000014.9,Mutation NB - Maternal Origin,Transversion - Purine/Pyrimidine,Unsolved
92695024,rs74493223,TT,TC,CC,64,1,24,NC_000014.9,Mutation NB - Paternal Origin,Transition - Pyrimidine/Pyrimidine,T>C
95193431,rs10130428,AA,AA,AG,43,52,99,NC_000014.9,Mutation NB - Paternal Origin,Transition - Purine/Purine,Unsolved
100337978,rs7155068,CC,TT,TT,79,1,39,NC_000014.9,Mutation NB - Paternal Origin,Transition - Pyrimidine/Pyrimidine,C>T
100559811,rs10148448,GG,GG,GA,51,55,99,NC_000014.9,Mutation NB - Paternal Origin,Transition - Purine/Purine,Unsolved
101500815,rs7148707,GG,GG,GA,51,59,99,NC_000014.9,Mutation NB - Paternal Origin,Transition - Purine/Purine,Unsolved
103160460,rs73358685,GG,GG,GA,49,55,99,NC_000014.9,Mutation NB - Paternal Origin,Transition - Purine/Purine,Unsolved
103177610,rs73362508,GG,GG,GC,55,45,99,NC_000014.9,Mutation NB - Maternal Origin,Transition - Purine/Purine,Transversion - Purine/Pyrimidine,Unsolved
103511387,rs8019578,AA,AG,GG,40,1,30,NC_000014.9,Mutation NB - Paternal Origin,Transition - Purine/Purine,A>G
104095661,rs1770983,CC,CC,TC,55,46,99,NC_000014.9,Mutation NB - Maternal Origin,Transition - Pyrimidine/Pyrimidine,Unsolved
104097345,rs35432379,CC,GG,GG,55,1,45,NC_000014.9,Mutation NB - Paternal Origin,Transversion - Purine/Pyrimidine,C>G
104103779,rs34878411,GG,CG,CC,61,1,46,NC_000014.9,Mutation NB - Paternal Origin,Transversion - Purine/Pyrimidine,G>C
104201606,rs61497697,GG,GA,AA,79,1,36,NC_000014.9,Mutation NB - Paternal Origin,Transition - Purine/Purine,G>A
104263314,rs8023213,CC,TC,TT,70,1,49,NC_000014.9,Mutation NB - Paternal Origin,Transition - Pyrimidine/Pyrimidine,C>T
104263362,rs8021989,GG,AG,AA,1,1,49,NC_000014.9,Mutation NB - Paternal Origin,Transition - Purine/Purine,G>A
104362362,rs11846347,AA,GG,GG,40,1,99,NC_000014.9,Mutation NB - Paternal Origin,Transition - Purine/Purine,A>G
104436048,rs4900630,GG,GG,GA,58,61,99,NC_000014.9,Mutation NB - Paternal Origin,Transition - Purine/Purine,Unsolved
104445907,rs28532159,TT,TC,CC,49,1,21,NC_000014.9,Mutation NB - Paternal Origin,Transition - Pyrimidine/Pyrimidine,T>C
104682494,rs57515560,GG,GG,GA,40,58,99,NC_000014.9,Mutation NB - Paternal Origin,Transition - Purine/Purine,Unsolved
104687085,rs10136869,GG,GA,AA,40,1,75,NC_000014.9,Mutation NB - Paternal Origin,Transition - Purine/Purine,G>A
104687132,rs4077520,GG,AG,AA,1,1,51,NC_000014.9,Mutation NB - Paternal Origin,Transition - Purine/Purine,G>A
104878731,rs58276039,GG,GG,GA,43,58,99,NC_000014.9,Mutation NB - Paternal Origin,Transition - Purine/Purine,Unsolved
105206160,rs2006925,TT,TT,CT,28,13,99,NC_000014.9,Mutation NB - Maternal Origin,Transition - Pyrimidine/Pyrimidine,Unsolved
105439736,rs8021311,TT,CC,CC,58,1,49,NC_000014.9,Mutation NB - Paternal Origin,Transition - Pyrimidine/Pyrimidine,T>C
105483884,rs7158977,TT,CC,CC,73,1,60,NC_000014.9,Mutation NB - Paternal Origin,Transition - Pyrimidine/Pyrimidine,T>C
105496322,rs7492357,AA,GG,GG,58,1,60,NC_000014.9,Mutation NB - Paternal Origin,Transition - Purine/Purine,A>G
845,.,CT,CT,AT,1,1,99,NT_167219.1,Mutation NB - Paternal or Maternal,Transversion - Purine/Pyrimidine,Unsolved
72033,rs36157818,GG,GG,GT,40,40,99,NT_167219.1,Mutation NB - Paternal or Maternal,Transversion - Purine/Pyrimidine,Unsolved
25477982,rs6576430,CC,CC,TC,1,1,99,NC_000015.10,Mutation NB - Paternal or Maternal,Transition - Pyrimidine/Pyrimidine,Unsolved
25702868,rs185104396,CC,CC,CT,70,61,99,NC_000015.10,Mutation NB - Maternal Origin,Transition - Pyrimidine/Pyrimidine,Unsolved
25784961,rs1867510,CC,TT,TT,76,1,24,NC_000015.10,Mutation NB - Paternal Origin,Transition - Pyrimidine/Pyrimidine,C>T
25860089,rs10873611,GG,TG,TT,46,1,60,NC_000015.10,Mutation NB - Paternal Origin,Transversion - Purine/Pyrimidine,G>T
26666528,rs4567674,CC,CC,TC,52,79,99,NC_000015.10,Mutation NB - Paternal Origin,Transition - Pyrimidine/Pyrimidine,Unsolved
26867123,rs538906042,CC,CC,CA,43,61,99,NC_000015.10,Mutation NB - Paternal Origin,Transversion - Purine/Pyrimidine,Unsolved
27861396,rs920164973,CC,CC,CT,49,43,99,NC_000015.10,Mutation NB - Maternal Origin,Transition - Pyrimidine/Pyrimidine,Unsolved
40677024,rs7176221,GG,GG,CG,40,34,99,NC_000015.10,Mutation NB - Maternal Origin,Transition - Purine/Purine,Transversion - Purine/Pyrimidine,Unsolved
40961903,rs4924519,AA,AA,AC,64,55,99,NC_000015.10,Mutation NB - Maternal Origin,Transversion - Purine/Pyrimidine,Unsolved
41547541,rs8023412,CC,CC,CT,73,64,99,NC_000015.10,Mutation NB - Maternal Origin,Transition - Pyrimidine/Pyrimidine,Unsolved
41855465,rs1672467,CC,CC,GC,34,37,99,NC_000015.10,Mutation NB - Paternal Origin,Transversion - Purine/Pyrimidine,Unsolved
45681305,rs11638261,GG,GG,GC,67,61,99,NC_000015.10,Mutation NB - Maternal Origin,Transition - Purine/Purine,Transversion - Purine/Pyrimidine,Unsolved
45837860,rs7174097,GG,CC,CC,58,10,39,NC_000015.10,Mutation NB - Paternal Origin,Transversion - Purine/Pyrimidine,G>C
51377428,rs17602686,AA,AA,AC,40,51,99,NC_000015.10,Mutation NB - Paternal Origin,Transversion - Purine/Pyrimidine,Unsolved
52309023,rs1045699,GG,GG,GA,55,40,99,NC_000015.10,Mutation NB - Maternal Origin,Transition - Purine/Purine,Unsolved
60346440,rs8039867,GG,TT,TT,40,1,47,NC_000015.10,Mutation NB - Paternal Origin,Transversion - Purine/Pyrimidine,G>T
60351399,rs3743270,GG,CC,CC,79,7,39,NC_000015.10,Mutation NB - Paternal Origin,Transversion - Purine/Pyrimidine,G>C
61654375,rs4775425,GG,AA,AA,61,1,99,NC_000015.10,Mutation NB - Paternal Origin,Transition - Purine/Purine,G>A
63862436,rs11071767,GG,AA,AA,58,1,42,NC_000015.10,Mutation NB - Paternal Origin,Transition - Purine/Purine,G>A
67493042,rs4776939,TT,TT,CT,49,22,99,NC_000015.10,Mutation NB - Maternal Origin,Transition - Pyrimidine/Pyrimidine,Unsolved
73909588,rs12914677,TT,TG,GG,55,1,99,NC_000015.10,Mutation NB - Paternal Origin,Transversion - Purine/Pyrimidine,T>G
77714298,rs58801068,GG,GG,GC,76,67,99,NC_000015.10,Mutation NB - Maternal Origin,Transition - Purine/Purine,Transversion - Purine/Pyrimidine,Unsolved
77932501,rs28705941,TT,TC,CC,46,1,57,NC_000015.10,Mutation NB - Paternal Origin,Transition - Pyrimidine/Pyrimidine,T>C
78124842,rs16969520,TT,CC,CC,64,1,21,NC_000015.10,Mutation NB - Paternal Origin,Transition - Pyrimidine/Pyrimidine,T>C
78349491,rs11631382,AA,AC,CC,61,1,30,NC_000015.10,Mutation NB - Paternal Origin,Transversion - Purine/Pyrimidine,A>C
80946259,rs181550394,GG,GG,GA,60,61,99,NC_000015.10,Mutation NB - Paternal Origin,Transition - Purine/Purine,Unsolved
81292032,rs11635336,GG,GG,GT,46,55,99,NC_000015.10,Mutation NB - Paternal Origin,Transversion - Purine/Pyrimidine,Unsolved
81292048,rs4072680,CC,CC,CT,46,55,99,NC_000015.10,Mutation NB - Paternal Origin,Transition - Pyrimidine/Pyrimidine,Unsolved
84969475,rs4980355,GG,GC,CC,55,1,72,NC_000015.10,Mutation NB - Paternal Origin,Transversion - Purine/Pyrimidine,G>C
85766678,rs17639314,AA,AA,AG,40,58,99,NC_000015.10,Mutation NB - Paternal Origin,Transition - Purine/Purine,Unsolved
88046882,rs8032073,GG,GG,GA,58,51,99,NC_000015.10,Mutation NB - Maternal Origin,Transition - Purine/Purine,Unsolved
90049878,rs55951036,TT,AT,AA,76,1,44,NC_000015.10,Mutation NB - Paternal Origin,Transversion - Purine/Pyrimidine,T>A
90292512,rs12101476,AA,GA,GG,1,1,57,NC_000015.10,Mutation NB - Paternal Origin,Transition - Purine/Purine,A>G
92147234,rs189387138,CC,CC,CG,40,67,99,NC_000015.10,Mutation NB - Paternal Origin,Transversion - Purine/Pyrimidine,Unsolved
95496400,rs12595064,AA,AC,CC,61,1,78,NC_000015.10,Mutation NB - Paternal Origin,Transversion - Purine/Pyrimidine,A>C
95496487,rs12595108,CC,CT,TT,49,1,45,NC_000015.10,Mutation NB - Paternal Origin,Transition - Pyrimidine/Pyrimidine,C>T
98704789,rs4966014,TT,TT,CT,76,70,99,NC_000015.10,Mutation NB - Maternal Origin,Transition - Pyrimidine/Pyrimidine,Unsolved
99411192,rs59901413,AA,AG,GG,52,1,99,NC_000015.10,Mutation NB - Paternal Origin,Transition - Purine/Purine,A>G
99411193,rs60800535,CC,CA,AA,52,1,99,NC_000015.10,Mutation NB - Paternal Origin,Transversion - Purine/Pyrimidine,C>A
99932776,rs2581374,TT,TT,TC,61,70,99,NC_000015.10,Mutation NB - Paternal Origin,Transition - Pyrimidine/Pyrimidine,Unsolved
100207478,rs79790072,CC,CC,CT,55,51,99,NC_000015.10,Mutation NB - Maternal Origin,Transition - Pyrimidine/Pyrimidine,Unsolved
101004013,rs12906318,AA,AA,AG,51,79,99,NC_000015.10,Mutation NB - Paternal Origin,Transition - Purine/Purine,Unsolved
101013179,rs7174484,GG,GG,AG,1,1,99,NC_000015.10,Mutation NB - Paternal or Maternal,Transition - Purine/Purine,Unsolved
269399,rs916194,CC,CG,GG,79,1,33,NC_000016.10,Mutation NB - Paternal Origin,Transversion - Purine/Pyrimidine,C>G
555751,rs11640617,GG,GG,AG,1,1,99,NC_000016.10,Mutation NB - Paternal or Maternal,Transition - Purine/Purine,Unsolved
663747,rs4984908,GG,GG,AG,76,1,99,NC_000016.10,Mutation NB - Maternal Origin,Transition - Purine/Purine,Unsolved
756935,rs12934865,CC,CT,TT,61,1,45,NC_000016.10,Mutation NB - Paternal Origin,Transition - Pyrimidine/Pyrimidine,C>T
914363,rs11866415,TT,CC,CC,49,20,57,NC_000016.10,Mutation NB - Paternal Origin,Transition - Pyrimidine/Pyrimidine,T>C
951801,rs3852756,CC,TC,TT,79,1,33,NC_000016.10,Mutation NB - Paternal Origin,Transition - Pyrimidine/Pyrimidine,C>T
955384,rs74207866,TT,CT,CC,13,1,58,NC_000016.10,Mutation NB - Paternal Origin,Transition - Pyrimidine/Pyrimidine,T>C
955836,rs67918525,GG,AG,AA,76,1,48,NC_000016.10,Mutation NB - Paternal Origin,Transition - Purine/Purine,G>A
1090359,rs115357486,CC,CC,CT,41,64,99,NC_000016.10,Mutation NB - Paternal Origin,Transition - Pyrimidine/Pyrimidine,Unsolved
1124712,rs1030885627,CC,CC,CG,52,55,99,NC_000016.10,Mutation NB - Paternal Origin,Transversion - Purine/Pyrimidine,Unsolved
1205366,rs57341428,CC,CC,CT,40,51,99,NC_000016.10,Mutation NB - Paternal Origin,Transition - Pyrimidine/Pyrimidine,Unsolved
1367360,rs768088353,GG,GG,GA,52,49,99,NC_000016.10,Mutation NB - Maternal Origin,Transition - Purine/Purine,Unsolved
1768151,rs2076430,TT,TT,CT,73,70,99,NC_000016.10,Mutation NB - Maternal Origin,Transition - Pyrimidine/Pyrimidine,Unsolved
1776022,rs9929680,GG,GG,GA,55,58,99,NC_000016.10,Mutation NB - Paternal Origin,Transition - Purine/Purine,Unsolved
1788374,rs11643434,GG,GG,GA,58,40,99,NC_000016.10,Mutation NB - Maternal Origin,Transition - Purine/Purine,Unsolved
1823086,rs104843,AA,AA,CA,70,19,99,NC_000016.10,Mutation NB - Maternal Origin,Transversion - Purine/Pyrimidine,Unsolved
2199409,rs26867,TT,CC,CC,52,4,72,NC_000016.10,Mutation NB - Paternal Origin,Transition - Pyrimidine/Pyrimidine,T>C
2206325,rs27699,CC,CT,TT,76,1,24,NC_000016.10,Mutation NB - Paternal Origin,Transition - Pyrimidine/Pyrimidine,C>T
3978144,rs2531989,AA,AA,GA,52,4,99,NC_000016.10,Mutation NB - Maternal Origin,Transition - Purine/Purine,Unsolved
4533146,rs841231,CC,CC,CT,40,52,99,NC_000016.10,Mutation NB - Paternal Origin,Transition - Pyrimidine/Pyrimidine,Unsolved
5021710,rs141448585,GG,GG,GT,40,40,99,NC_000016.10,Mutation NB - Paternal or Maternal,Transversion - Purine/Pyrimidine,Unsolved
5185724,rs141750774,GG,GG,GA,61,58,99,NC_000016.10,Mutation NB - Maternal Origin,Transition - Purine/Purine,Unsolved
6009980,rs1424127,TT,TC,CC,64,1,63,NC_000016.10,Mutation NB - Paternal Origin,Transition - Pyrimidine/Pyrimidine,T>C
7031092,rs11645481,CC,GC,GG,52,1,60,NC_000016.10,Mutation NB - Paternal Origin,Transversion - Purine/Pyrimidine,C>G
10242427,rs958374468,GG,GG,GA,43,67,99,NC_000016.10,Mutation NB - Paternal Origin,Transition - Purine/Purine,Unsolved
10424157,rs13338252,CC,CC,TC,61,76,99,NC_000016.10,Mutation NB - Paternal Origin,Transition - Pyrimidine/Pyrimidine,Unsolved
10613015,rs8062377,AA,GA,GG,52,1,39,NC_000016.10,Mutation NB - Paternal Origin,Transition - Purine/Purine,A>G
10613930,rs7190615,CC,TC,TT,31,1,43,NC_000016.10,Mutation NB - Paternal Origin,Transition - Pyrimidine/Pyrimidine,C>T
10613936,rs7199788,AA,GA,GG,31,1,43,NC_000016.10,Mutation NB - Paternal Origin,Transition - Purine/Purine,A>G
10879328,rs12919717,CC,CC,CT,42,40,99,NC_000016.10,Mutation NB - Maternal Origin,Transition - Pyrimidine/Pyrimidine,Unsolved
11384022,rs11074969,TT,CC,CC,46,1,91,NC_000016.10,Mutation NB - Paternal Origin,Transition - Pyrimidine/Pyrimidine,T>C
11391729,rs71383206,GG,GG,GA,40,40,99,NC_000016.10,Mutation NB - Paternal or Maternal,Transition - Purine/Purine,Unsolved
11425350,rs12932043,CC,CC,CT,79,60,99,NC_000016.10,Mutation NB - Maternal Origin,Transition - Pyrimidine/Pyrimidine,Unsolved
11571469,rs10744976,TT,AT,AA,67,1,60,NC_000016.10,Mutation NB - Paternal Origin,Transversion - Purine/Pyrimidine,T>A
11672098,rs8191290,CC,AA,AA,61,19,99,NC_000016.10,Mutation NB - Paternal Origin,Transversion - Purine/Pyrimidine,C>A
12088322,rs71385189,TT,GG,GG,1,1,40,NC_000016.10,Mutation NB - Paternal Origin,Transversion - Purine/Pyrimidine,T>G
12284361,rs7197417,CC,CC,CG,64,40,99,NC_000016.10,Mutation NB - Maternal Origin,Transversion - Purine/Pyrimidine,Unsolved
19323499,rs8059096,TT,CC,CC,10,1,49,NC_000016.10,Mutation NB - Paternal Origin,Transition - Pyrimidine/Pyrimidine,T>C
19948868,rs12929358,GG,GG,GA,42,49,99,NC_000016.10,Mutation NB - Paternal Origin,Transition - Purine/Purine,Unsolved
27085043,rs4787915,GG,GG,GA,57,60,99,NC_000016.10,Mutation NB - Paternal Origin,Transition - Purine/Purine,Unsolved
27111807,rs75934318,AA,AA,AG,46,48,99,NC_000016.10,Mutation NB - Paternal Origin,Transition - Purine/Purine,Unsolved
27243007,rs12924419,CC,TT,TT,73,1,45,NC_000016.10,Mutation NB - Paternal Origin,Transition - Pyrimidine/Pyrimidine,C>T
27903406,rs705917,GG,AA,AA,40,4,39,NC_000016.10,Mutation NB - Paternal Origin,Transition - Purine/Purine,G>A
28064339,rs81118,TT,TG,GG,64,1,21,NC_000016.10,Mutation NB - Paternal Origin,Transversion - Purine/Pyrimidine,T>G
28585563,rs10521145,GG,GG,GA,52,52,99,NC_000016.10,Mutation NB - Paternal or Maternal,Transition - Purine/Purine,Unsolved
31219142,rs7186832,TT,TT,CT,70,73,99,NC_000016.10,Mutation NB - Paternal Origin,Transition - Pyrimidine/Pyrimidine,Unsolved
47470429,rs11648954,AA,AA,AT,76,49,99,NC_000016.10,Mutation NB - Maternal Origin,Transversion - Purine/Pyrimidine,Unsolved
48977338,rs6500208,GG,GA,AA,40,1,54,NC_000016.10,Mutation NB - Paternal Origin,Transition - Purine/Purine,G>A
49679972,rs76079193,CC,CC,CT,55,40,99,NC_000016.10,Mutation NB - Maternal Origin,Transition - Pyrimidine/Pyrimidine,Unsolved
56951227,rs9989419,AA,AA,AG,40,40,99,NC_000016.10,Mutation NB - Paternal or Maternal,Transition - Purine/Purine,Unsolved
56951244,rs193695,AA,AG,GG,40,1,90,NC_000016.10,Mutation NB - Paternal Origin,Transition - Purine/Purine,A>G
59280427,rs180843264,CC,CC,CT,40,43,99,NC_000016.10,Mutation NB - Paternal Origin,Transition - Pyrimidine/Pyrimidine,Unsolved
60790782,rs7188142,CC,CC,TC,49,73,99,NC_000016.10,Mutation NB - Paternal Origin,Transition - Pyrimidine/Pyrimidine,Unsolved
61031184,rs111576564,AA,AA,AT,54,40,99,NC_000016.10,Mutation NB - Maternal Origin,Transversion - Purine/Pyrimidine,Unsolved
66589505,rs12448523,AA,GG,GG,37,1,49,NC_000016.10,Mutation NB - Paternal Origin,Transition - Purine/Purine,A>G
71937997,rs10852507,GG,GG,GA,40,55,99,NC_000016.10,Mutation NB - Paternal Origin,Transition - Purine/Purine,Unsolved
72845365,rs184277561,CC,CC,CG,67,64,99,NC_000016.10,Mutation NB - Maternal Origin,Transversion - Purine/Pyrimidine,Unsolved
72846827,rs4788665,CC,TC,TT,1,1,60,NC_000016.10,Mutation NB - Paternal Origin,Transition - Pyrimidine/Pyrimidine,C>T
73772653,rs328359,TT,TT,TC,79,49,99,NC_000016.10,Mutation NB - Maternal Origin,Transition - Pyrimidine/Pyrimidine,Unsolved
78439533,rs7200731,TT,CC,CC,76,1,48,NC_000016.10,Mutation NB - Paternal Origin,Transition - Pyrimidine/Pyrimidine,T>C
78685180,rs2738630,GG,GG,GC,67,46,99,NC_000016.10,Mutation NB - Maternal Origin,Transition - Purine/Purine,Transversion - Purine/Pyrimidine,Unsolved
78685302,rs3751881,CC,CC,TC,73,55,99,NC_000016.10,Mutation NB - Maternal Origin,Transition - Pyrimidine/Pyrimidine,Unsolved
82387119,rs4627337,GG,AG,AA,70,1,42,NC_000016.10,Mutation NB - Paternal Origin,Transition - Purine/Purine,G>A
83547932,rs35339808,GG,CC,CC,40,1,49,NC_000016.10,Mutation NB - Paternal Origin,Transversion - Purine/Pyrimidine,G>C
83733507,rs447813,TT,TT,CT,76,64,99,NC_000016.10,Mutation NB - Maternal Origin,Transition - Pyrimidine/Pyrimidine,Unsolved
83733528,rs403740,CC,CC,GC,73,61,99,NC_000016.10,Mutation NB - Maternal Origin,Transversion - Purine/Pyrimidine,Unsolved
84120547,rs7203830,GG,GG,GC,49,67,99,NC_000016.10,Mutation NB - Paternal Origin,Transition - Purine/Purine,Transversion - Purine/Pyrimidine,Unsolved
84179508,rs2230130,CC,CC,CT,52,40,99,NC_000016.10,Mutation NB - Maternal Origin,Transition - Pyrimidine/Pyrimidine,Unsolved
84190619,rs2326169,CC,CC,CG,60,55,99,NC_000016.10,Mutation NB - Maternal Origin,Transversion - Purine/Pyrimidine,Unsolved
84204627,rs11643376,CC,CC,CA,76,46,99,NC_000016.10,Mutation NB - Maternal Origin,Transversion - Purine/Pyrimidine,Unsolved
84204690,rs11643499,GG,GG,GA,46,61,99,NC_000016.10,Mutation NB - Paternal Origin,Transition - Purine/Purine,Unsolved
84229652,rs12449018,TT,TA,AA,58,1,81,NC_000016.10,Mutation NB - Paternal Origin,Transversion - Purine/Pyrimidine,T>A
84462164,rs2241639,GG,GG,GA,51,40,99,NC_000016.10,Mutation NB - Maternal Origin,Transition - Purine/Purine,Unsolved
86584189,rs4843400,TT,CC,CC,67,22,39,NC_000016.10,Mutation NB - Paternal Origin,Transition - Pyrimidine/Pyrimidine,T>C
87826755,rs7191776,TT,TC,CC,70,1,57,NC_000016.10,Mutation NB - Paternal Origin,Transition - Pyrimidine/Pyrimidine,T>C
87826784,rs7186256,CC,TT,TT,70,1,99,NC_000016.10,Mutation NB - Paternal Origin,Transition - Pyrimidine/Pyrimidine,C>T
87829368,rs71383671,CC,CT,TT,40,1,21,NC_000016.10,Mutation NB - Paternal Origin,Transition - Pyrimidine/Pyrimidine,C>T
88112170,rs35955286,GG,GG,GC,51,40,99,NC_000016.10,Mutation NB - Maternal Origin,Transition - Purine/Purine,Transversion - Purine/Pyrimidine,Unsolved
88112176,rs35369903,CC,CC,CT,51,40,99,NC_000016.10,Mutation NB - Maternal Origin,Transition - Pyrimidine/Pyrimidine,Unsolved
88722770,rs34745095,GG,GG,GA,54,40,99,NC_000016.10,Mutation NB - Maternal Origin,Transition - Purine/Purine,Unsolved
88727405,rs8057198,CC,CC,TC,73,52,99,NC_000016.10,Mutation NB - Maternal Origin,Transition - Pyrimidine/Pyrimidine,Unsolved
88727450,rs2242170,TT,CT,CC,1,1,49,NC_000016.10,Mutation NB - Paternal Origin,Transition - Pyrimidine/Pyrimidine,T>C
88727502,rs2242171,TT,CC,CC,1,1,49,NC_000016.10,Mutation NB - Paternal Origin,Transition - Pyrimidine/Pyrimidine,T>C
88816639,rs12935469,TT,TG,GG,49,1,51,NC_000016.10,Mutation NB - Paternal Origin,Transversion - Purine/Pyrimidine,T>G
88819553,rs116702500,TT,TG,GG,64,1,54,NC_000016.10,Mutation NB - Paternal Origin,Transversion - Purine/Pyrimidine,T>G
88884277,rs11076730,CC,CT,TT,58,1,84,NC_000016.10,Mutation NB - Paternal Origin,Transition - Pyrimidine/Pyrimidine,C>T
89288870,rs2306633,GG,AG,AA,25,1,45,NC_000016.10,Mutation NB - Paternal Origin,Transition - Purine/Purine,G>A
89313019,rs3114910,GG,GG,CG,70,1,99,NC_000016.10,Mutation NB - Maternal Origin,Transition - Purine/Purine,Transversion - Purine/Pyrimidine,Unsolved
89325907,rs3114898,TT,CT,CC,1,1,46,NC_000016.10,Mutation NB - Paternal Origin,Transition - Pyrimidine/Pyrimidine,T>C
89353948,rs2035481,CC,AC,AA,61,1,54,NC_000016.10,Mutation NB - Paternal Origin,Transversion - Purine/Pyrimidine,C>A
89372259,rs3114863,CC,CC,GC,1,25,99,NC_000016.10,Mutation NB - Paternal Origin,Transversion - Purine/Pyrimidine,Unsolved
89405773,rs28644774,CC,CC,GC,3,22,99,NC_000016.10,Mutation NB - Paternal Origin,Transversion - Purine/Pyrimidine,Unsolved
804775,rs61467117,TT,TT,TC,40,51,99,NC_000017.11,Mutation NB - Paternal Origin,Transition - Pyrimidine/Pyrimidine,Unsolved
3518738,rs7216486,AA,AA,GA,79,65,99,NC_000017.11,Mutation NB - Maternal Origin,Transition - Purine/Purine,Unsolved
3577153,rs8065080,TT,TT,TC,52,58,99,NC_000017.11,Mutation NB - Paternal Origin,Transition - Pyrimidine/Pyrimidine,Unsolved
3766333,rs966004,TT,TA,AA,46,1,54,NC_000017.11,Mutation NB - Paternal Origin,Transversion - Purine/Pyrimidine,T>A
4104020,rs6502770,AA,AG,GG,55,1,69,NC_000017.11,Mutation NB - Paternal Origin,Transition - Purine/Purine,A>G
5526963,rs16954840,GG,AA,AA,58,1,60,NC_000017.11,Mutation NB - Paternal Origin,Transition - Purine/Purine,G>A
5633346,rs2733378,CC,CC,TC,28,10,99,NC_000017.11,Mutation NB - Maternal Origin,Transition - Pyrimidine/Pyrimidine,Unsolved
6364947,rs11078619,GG,GG,GA,58,49,99,NC_000017.11,Mutation NB - Maternal Origin,Transition - Purine/Purine,Unsolved
8067358,rs62065098,AA,GG,GG,67,1,60,NC_000017.11,Mutation NB - Paternal Origin,Transition - Purine/Purine,A>G
8828832,rs151200759,CC,CC,CA,40,58,99,NC_000017.11,Mutation NB - Paternal Origin,Transversion - Purine/Pyrimidine,Unsolved
11456621,rs72807176,CC,CC,CT,51,46,99,NC_000017.11,Mutation NB - Maternal Origin,Transition - Pyrimidine/Pyrimidine,Unsolved
11685552,rs7207282,GG,GG,GA,51,52,99,NC_000017.11,Mutation NB - Paternal Origin,Transition - Purine/Purine,Unsolved
12893442,rs2108542,GG,GG,GA,56,51,99,NC_000017.11,Mutation NB - Maternal Origin,Transition - Purine/Purine,Unsolved
13923008,rs9910479,GG,AG,AA,16,1,30,NC_000017.11,Mutation NB - Paternal Origin,Transition - Purine/Purine,G>A
13923131,rs9912581,CC,TC,TT,49,1,60,NC_000017.11,Mutation NB - Paternal Origin,Transition - Pyrimidine/Pyrimidine,C>T
17213098,rs3803761,GG,AG,AA,13,1,48,NC_000017.11,Mutation NB - Paternal Origin,Transition - Purine/Purine,G>A
17228555,rs1708618,CC,TT,TT,1,1,57,NC_000017.11,Mutation NB - Paternal Origin,Transition - Pyrimidine/Pyrimidine,C>T
18994359,rs2472712,AA,AA,GA,43,13,99,NC_000017.11,Mutation NB - Maternal Origin,Transition - Purine/Purine,Unsolved
19013017,rs2428370,GG,GG,GA,61,52,99,NC_000017.11,Mutation NB - Maternal Origin,Transition - Purine/Purine,Unsolved
20314062,rs75296798,GG,GG,GA,55,51,99,NC_000017.11,Mutation NB - Maternal Origin,Transition - Purine/Purine,Unsolved
21462602,rs10221215,AA,AC,CC,79,1,99,NC_000017.11,Mutation NB - Paternal Origin,Transversion - Purine/Pyrimidine,A>C
27367287,rs35545716,GG,GG,AG,46,34,99,NC_000017.11,Mutation NB - Maternal Origin,Transition - Purine/Purine,Unsolved
29217396,rs964405645,AA,GG,GG,70,1,45,NC_000017.11,Mutation NB - Paternal Origin,Transition - Purine/Purine,A>G
31554099,rs739633,GG,GG,GA,55,58,99,NC_000017.11,Mutation NB - Paternal Origin,Transition - Purine/Purine,Unsolved
31554348,rs140477612,CC,CC,CG,52,76,99,NC_000017.11,Mutation NB - Paternal Origin,Transversion - Purine/Pyrimidine,Unsolved
31561073,rs57308089,CC,TT,TT,31,1,39,NC_000017.11,Mutation NB - Paternal Origin,Transition - Pyrimidine/Pyrimidine,C>T
32289874,rs301343,CC,TT,TT,58,1,43,NC_000017.11,Mutation NB - Paternal Origin,Transition - Pyrimidine/Pyrimidine,C>T
32601001,rs321169,AA,GG,GG,79,37,36,NC_000017.11,Mutation NB - Paternal Origin,Transition - Purine/Purine,A>G
33166591,rs319770,CC,CC,CA,46,40,99,NC_000017.11,Mutation NB - Maternal Origin,Transversion - Purine/Pyrimidine,Unsolved
33285735,rs1497366,AA,GG,GG,42,1,72,NC_000017.11,Mutation NB - Paternal Origin,Transition - Purine/Purine,A>G
34592538,rs11080285,CC,CC,CG,55,40,99,NC_000017.11,Mutation NB - Maternal Origin,Transversion - Purine/Pyrimidine,Unsolved
35164433,rs8067314,AA,AG,GG,40,1,99,NC_000017.11,Mutation NB - Paternal Origin,Transition - Purine/Purine,A>G
39239948,rs34473775,GG,GT,TT,60,1,84,NC_000017.11,Mutation NB - Paternal Origin,Transversion - Purine/Pyrimidine,G>T
39615699,rs9899652,AA,GG,GG,1,1,60,NC_000017.11,Mutation NB - Paternal Origin,Transition - Purine/Purine,A>G
44257582,rs2252501,TT,TT,TC,49,43,99,NC_000017.11,Mutation NB - Maternal Origin,Transition - Pyrimidine/Pyrimidine,Unsolved
44610593,rs3897486,TT,TC,CC,79,1,27,NC_000017.11,Mutation NB - Paternal Origin,Transition - Pyrimidine/Pyrimidine,T>C
44621831,rs12949217,CC,CA,AA,42,1,99,NC_000017.11,Mutation NB - Paternal Origin,Transversion - Purine/Pyrimidine,C>A
44902821,rs8079308,GG,GA,AA,76,1,75,NC_000017.11,Mutation NB - Paternal Origin,Transition - Purine/Purine,G>A
50640983,rs73344347,CC,GC,GG,37,1,40,NC_000017.11,Mutation NB - Paternal Origin,Transversion - Purine/Pyrimidine,C>G
52395951,rs1904528034,GG,AA,AA,79,1,48,NC_000017.11,Mutation NB - Paternal Origin,Transition - Purine/Purine,G>A
53629801,rs9896006,CC,CC,CA,76,58,99,NC_000017.11,Mutation NB - Maternal Origin,Transversion - Purine/Pyrimidine,Unsolved
56797498,rs72837340,CC,CC,CT,57,46,99,NC_000017.11,Mutation NB - Maternal Origin,Transition - Pyrimidine/Pyrimidine,Unsolved
56797540,rs72837341,CC,CC,CT,57,46,99,NC_000017.11,Mutation NB - Maternal Origin,Transition - Pyrimidine/Pyrimidine,Unsolved
56877445,rs1822405,TT,CT,CC,64,1,60,NC_000017.11,Mutation NB - Paternal Origin,Transition - Pyrimidine/Pyrimidine,T>C
57017792,rs116995945,GG,GG,GA,43,60,99,NC_000017.11,Mutation NB - Paternal Origin,Transition - Purine/Purine,Unsolved
57150309,rs8081915,GG,GG,GA,43,76,99,NC_000017.11,Mutation NB - Paternal Origin,Transition - Purine/Purine,Unsolved
60809511,rs9913310,GG,GT,TT,40,1,66,NC_000017.11,Mutation NB - Paternal Origin,Transversion - Purine/Pyrimidine,G>T
63699178,rs3817181,GG,GG,GC,67,49,99,NC_000017.11,Mutation NB - Maternal Origin,Transition - Purine/Purine,Transversion - Purine/Pyrimidine,Unsolved
63857304,rs72848797,GG,GG,GA,40,40,99,NC_000017.11,Mutation NB - Paternal or Maternal,Transition - Purine/Purine,Unsolved
66309043,rs9901804,GG,GG,GA,54,49,99,NC_000017.11,Mutation NB - Maternal Origin,Transition - Purine/Purine,Unsolved
68381667,rs16972915,CC,CC,CT,49,61,99,NC_000017.11,Mutation NB - Paternal Origin,Transition - Pyrimidine/Pyrimidine,Unsolved
68381729,rs34561161,CC,CC,CA,49,61,99,NC_000017.11,Mutation NB - Paternal Origin,Transversion - Purine/Pyrimidine,Unsolved
72245610,rs62070157,GG,GG,GT,40,40,99,NC_000017.11,Mutation NB - Paternal or Maternal,Transversion - Purine/Pyrimidine,Unsolved
72388400,rs11657627,TT,CC,CC,64,1,49,NC_000017.11,Mutation NB - Paternal Origin,Transition - Pyrimidine/Pyrimidine,T>C
72389160,rs11655269,GG,TT,TT,64,1,39,NC_000017.11,Mutation NB - Paternal Origin,Transversion - Purine/Pyrimidine,G>T
73751255,rs9912784,TT,CT,CC,49,1,48,NC_000017.11,Mutation NB - Paternal Origin,Transition - Pyrimidine/Pyrimidine,T>C
73751258,rs9911115,AA,GA,GG,49,1,48,NC_000017.11,Mutation NB - Paternal Origin,Transition - Purine/Purine,A>G
74249814,rs1112216,AA,GG,GG,76,28,30,NC_000017.11,Mutation NB - Paternal Origin,Transition - Purine/Purine,A>G
74249962,rs3897753,CC,TT,TT,55,1,30,NC_000017.11,Mutation NB - Paternal Origin,Transition - Pyrimidine/Pyrimidine,C>T
74252808,rs8081928,CC,GG,GG,22,1,49,NC_000017.11,Mutation NB - Paternal Origin,Transversion - Purine/Pyrimidine,C>G
74252841,rs8069178,GG,TT,TT,1,1,49,NC_000017.11,Mutation NB - Paternal Origin,Transversion - Purine/Pyrimidine,G>T
74252843,rs8081944,AA,GG,GG,1,1,49,NC_000017.11,Mutation NB - Paternal Origin,Transition - Purine/Purine,A>G
74561452,rs75792037,CC,CC,CT,79,57,99,NC_000017.11,Mutation NB - Maternal Origin,Transition - Pyrimidine/Pyrimidine,Unsolved
75892192,rs4398150,CC,CC,CT,40,51,99,NC_000017.11,Mutation NB - Paternal Origin,Transition - Pyrimidine/Pyrimidine,Unsolved
76143613,rs2598427,AA,AA,AG,49,40,99,NC_000017.11,Mutation NB - Maternal Origin,Transition - Purine/Purine,Unsolved
76269450,rs9902837,CC,CC,CT,61,56,99,NC_000017.11,Mutation NB - Maternal Origin,Transition - Pyrimidine/Pyrimidine,Unsolved
76678474,rs34349009,GG,GG,GA,58,40,99,NC_000017.11,Mutation NB - Maternal Origin,Transition - Purine/Purine,Unsolved
77370538,rs98229,AA,GG,GG,1,1,39,NC_000017.11,Mutation NB - Paternal Origin,Transition - Purine/Purine,A>G
78086942,rs34543719,GG,GG,GA,58,40,99,NC_000017.11,Mutation NB - Maternal Origin,Transition - Purine/Purine,Unsolved
78249122,rs72901766,GG,GG,GC,40,47,99,NC_000017.11,Mutation NB - Paternal Origin,Transition - Purine/Purine,Transversion - Purine/Pyrimidine,Unsolved
78251746,rs56683270,TT,TT,TC,52,49,99,NC_000017.11,Mutation NB - Maternal Origin,Transition - Pyrimidine/Pyrimidine,Unsolved
78427277,rs72914893,TT,TT,TC,40,40,99,NC_000017.11,Mutation NB - Paternal or Maternal,Transition - Pyrimidine/Pyrimidine,Unsolved
78428300,rs691680,TT,TT,TG,40,40,99,NC_000017.11,Mutation NB - Paternal or Maternal,Transition - Pyrimidine/Pyrimidine,Transversion - Purine/Pyrimidine,Unsolved
78433465,rs618324,TT,TT,TC,61,57,99,NC_000017.11,Mutation NB - Maternal Origin,Transition - Pyrimidine/Pyrimidine,Unsolved
78433469,rs618329,TT,TT,TC,61,57,99,NC_000017.11,Mutation NB - Maternal Origin,Transition - Pyrimidine/Pyrimidine,Unsolved
78433680,rs691277,GG,GG,GC,55,61,99,NC_000017.11,Mutation NB - Paternal Origin,Transition - Purine/Purine,Transversion - Purine/Pyrimidine,Unsolved
78572569,rs8073280,TT,TT,CT,1,1,99,NC_000017.11,Mutation NB - Paternal or Maternal,Transition - Pyrimidine/Pyrimidine,Unsolved
78622729,rs7503451,AA,AA,AG,40,43,99,NC_000017.11,Mutation NB - Paternal Origin,Transition - Purine/Purine,Unsolved
78630534,rs4796822,CC,CC,CT,79,76,99,NC_000017.11,Mutation NB - Maternal Origin,Transition - Pyrimidine/Pyrimidine,Unsolved
79125917,rs1675267,GG,AA,AA,58,7,47,NC_000017.11,Mutation NB - Paternal Origin,Transition - Purine/Purine,G>A
79143945,rs34789059,CC,CA,AA,55,1,78,NC_000017.11,Mutation NB - Paternal Origin,Transversion - Purine/Pyrimidine,C>A
79369777,rs55760621,GG,GG,GA,70,76,99,NC_000017.11,Mutation NB - Paternal Origin,Transition - Purine/Purine,Unsolved
80608893,rs8080957,GG,GG,GA,73,49,99,NC_000017.11,Mutation NB - Maternal Origin,Transition - Purine/Purine,Unsolved
80771959,rs9989446,AA,AA,AG,79,61,99,NC_000017.11,Mutation NB - Maternal Origin,Transition - Purine/Purine,Unsolved
80773158,rs7221492,CC,CC,CA,55,51,99,NC_000017.11,Mutation NB - Maternal Origin,Transversion - Purine/Pyrimidine,Unsolved
80799760,rs114101526,CC,CC,CT,70,55,99,NC_000017.11,Mutation NB - Maternal Origin,Transition - Pyrimidine/Pyrimidine,Unsolved
81187772,rs885267,TT,TT,TG,55,55,99,NC_000017.11,Mutation NB - Paternal or Maternal,Transition - Pyrimidine/Pyrimidine,Transversion - Purine/Pyrimidine,Unsolved
81314950,rs962006654,GG,GG,GT,40,61,99,NC_000017.11,Mutation NB - Paternal Origin,Transversion - Purine/Pyrimidine,Unsolved
81715076,rs546038109,CC,CC,CT,58,57,99,NC_000017.11,Mutation NB - Maternal Origin,Transition - Pyrimidine/Pyrimidine,Unsolved
81953365,rs35021281,AA,AA,GA,64,58,99,NC_000017.11,Mutation NB - Maternal Origin,Transition - Purine/Purine,Unsolved
82485679,rs9890801,GG,GG,GT,58,61,99,NC_000017.11,Mutation NB - Paternal Origin,Transversion - Purine/Pyrimidine,Unsolved
82491397,rs9895759,GG,GG,GT,67,61,99,NC_000017.11,Mutation NB - Maternal Origin,Transversion - Purine/Pyrimidine,Unsolved
82495933,rs28572493,GG,GG,GA,52,70,99,NC_000017.11,Mutation NB - Paternal Origin,Transition - Purine/Purine,Unsolved
82664880,rs112781241,GG,GG,GA,55,41,99,NC_000017.11,Mutation NB - Maternal Origin,Transition - Purine/Purine,Unsolved
808321,rs77284350,GG,GG,GT,48,52,99,NC_000018.10,Mutation NB - Paternal Origin,Transversion - Purine/Pyrimidine,Unsolved
4224615,rs567511,TT,CC,CC,61,16,24,NC_000018.10,Mutation NB - Paternal Origin,Transition - Pyrimidine/Pyrimidine,T>C
4666895,rs59584181,AA,CC,CC,43,7,45,NC_000018.10,Mutation NB - Paternal Origin,Transversion - Purine/Pyrimidine,A>C
5018748,rs10468759,CC,CC,CT,61,40,99,NC_000018.10,Mutation NB - Maternal Origin,Transition - Pyrimidine/Pyrimidine,Unsolved
6598783,rs1574435,CC,CA,AA,45,1,63,NC_000018.10,Mutation NB - Paternal Origin,Transversion - Purine/Pyrimidine,C>A
11951641,rs689390,AA,GG,GG,70,1,63,NC_000018.10,Mutation NB - Paternal Origin,Transition - Purine/Purine,A>G
11972440,rs1787984,AA,AG,GG,59,1,99,NC_000018.10,Mutation NB - Paternal Origin,Transition - Purine/Purine,A>G
12028250,rs2075826,GG,GG,GA,40,46,99,NC_000018.10,Mutation NB - Paternal Origin,Transition - Purine/Purine,Unsolved
12038314,rs1530368,GG,GG,GC,51,45,99,NC_000018.10,Mutation NB - Maternal Origin,Transition - Purine/Purine,Transversion - Purine/Pyrimidine,Unsolved
12048609,rs4797612,AA,AG,GG,59,1,78,NC_000018.10,Mutation NB - Paternal Origin,Transition - Purine/Purine,A>G
12048667,rs4797613,CC,CC,CG,59,57,99,NC_000018.10,Mutation NB - Maternal Origin,Transversion - Purine/Pyrimidine,Unsolved
12060358,rs7242326,GG,GG,AG,61,1,99,NC_000018.10,Mutation NB - Maternal Origin,Transition - Purine/Purine,Unsolved
13852420,rs948324,CC,AC,AA,58,1,30,NC_000018.10,Mutation NB - Paternal Origin,Transversion - Purine/Pyrimidine,C>A
13871826,rs1941091,AA,GA,GG,67,1,60,NC_000018.10,Mutation NB - Paternal Origin,Transition - Purine/Purine,A>G
14437046,rs189115154,TT,TT,TC,54,55,99,NC_000018.10,Mutation NB - Paternal Origin,Transition - Pyrimidine/Pyrimidine,Unsolved
15069727,rs12605904,TT,CC,CC,40,1,63,NC_000018.10,Mutation NB - Paternal Origin,Transition - Pyrimidine/Pyrimidine,T>C
22360922,rs991773471,GG,GG,GA,55,58,99,NC_000018.10,Mutation NB - Paternal Origin,Transition - Purine/Purine,Unsolved
24187812,rs1530434,GG,CC,CC,1,1,41,NC_000018.10,Mutation NB - Paternal Origin,Transversion - Purine/Pyrimidine,G>C
30514095,rs8094553,TT,CC,CC,40,1,21,NC_000018.10,Mutation NB - Paternal Origin,Transition - Pyrimidine/Pyrimidine,T>C
30514124,rs8094567,TT,CC,CC,40,1,39,NC_000018.10,Mutation NB - Paternal Origin,Transition - Pyrimidine/Pyrimidine,T>C
30514220,rs1443019,TT,CC,CC,1,1,51,NC_000018.10,Mutation NB - Paternal Origin,Transition - Pyrimidine/Pyrimidine,T>C
35752717,rs1629508,AA,GG,GG,19,13,48,NC_000018.10,Mutation NB - Paternal Origin,Transition - Purine/Purine,A>G
36264425,rs12454634,CC,CC,CT,40,40,99,NC_000018.10,Mutation NB - Paternal or Maternal,Transition - Pyrimidine/Pyrimidine,Unsolved
37548798,rs1557340,AA,AA,AG,46,60,99,NC_000018.10,Mutation NB - Paternal Origin,Transition - Purine/Purine,Unsolved
45620185,rs4890290,CC,CC,AC,52,37,99,NC_000018.10,Mutation NB - Maternal Origin,Transversion - Purine/Pyrimidine,Unsolved
46162265,rs183793748,CC,CC,CT,40,40,99,NC_000018.10,Mutation NB - Paternal or Maternal,Transition - Pyrimidine/Pyrimidine,Unsolved
46292936,rs2044222,TT,TT,TC,43,52,99,NC_000018.10,Mutation NB - Paternal Origin,Transition - Pyrimidine/Pyrimidine,Unsolved
48020493,rs9957725,CC,CC,CT,49,58,99,NC_000018.10,Mutation NB - Paternal Origin,Transition - Pyrimidine/Pyrimidine,Unsolved
49745800,rs115438915,CC,CC,CG,40,40,99,NC_000018.10,Mutation NB - Paternal or Maternal,Transversion - Purine/Pyrimidine,Unsolved
52179148,rs73461328,GG,GG,GA,40,40,99,NC_000018.10,Mutation NB - Paternal or Maternal,Transition - Purine/Purine,Unsolved
53671718,rs8092447,GG,GG,GA,76,61,99,NC_000018.10,Mutation NB - Maternal Origin,Transition - Purine/Purine,Unsolved
57339503,rs181762614,CC,CC,CT,52,52,99,NC_000018.10,Mutation NB - Paternal or Maternal,Transition - Pyrimidine/Pyrimidine,Unsolved
59682000,rs113562506,TT,TT,TA,55,61,99,NC_000018.10,Mutation NB - Paternal Origin,Transition - Pyrimidine/Pyrimidine,Transversion - Purine/Pyrimidine,Unsolved
60552984,rs4940945,CC,TT,TT,46,1,72,NC_000018.10,Mutation NB - Paternal Origin,Transition - Pyrimidine/Pyrimidine,C>T
60555176,rs598154,CC,TT,TT,70,1,60,NC_000018.10,Mutation NB - Paternal Origin,Transition - Pyrimidine/Pyrimidine,C>T
60555219,rs598214,CC,GG,GG,1,1,60,NC_000018.10,Mutation NB - Paternal Origin,Transversion - Purine/Pyrimidine,C>G
61252942,rs924062,TT,GG,GG,49,28,27,NC_000018.10,Mutation NB - Paternal Origin,Transversion - Purine/Pyrimidine,T>G
61309115,rs77359281,CC,TT,TT,22,28,51,NC_000018.10,Mutation NB - Paternal Origin,Transition - Pyrimidine/Pyrimidine,C>T
61871707,rs9965497,CC,GG,GG,46,1,99,NC_000018.10,Mutation NB - Paternal Origin,Transversion - Purine/Pyrimidine,C>G
62447781,rs1894156,GG,GA,AA,40,1,99,NC_000018.10,Mutation NB - Paternal Origin,Transition - Purine/Purine,G>A
64270052,rs73470786,TT,TT,TC,51,51,99,NC_000018.10,Mutation NB - Paternal or Maternal,Transition - Pyrimidine/Pyrimidine,Unsolved
64270062,rs73470790,GG,GG,GA,51,51,99,NC_000018.10,Mutation NB - Paternal or Maternal,Transition - Purine/Purine,Unsolved
64725029,rs2174570,TT,CC,CC,28,1,52,NC_000018.10,Mutation NB - Paternal Origin,Transition - Pyrimidine/Pyrimidine,T>C
69496355,rs12051945,GG,GG,GA,55,58,99,NC_000018.10,Mutation NB - Paternal Origin,Transition - Purine/Purine,Unsolved
70985390,rs79260057,AA,AG,GG,73,1,93,NC_000018.10,Mutation NB - Paternal Origin,Transition - Purine/Purine,A>G
72034926,rs1118360,CC,CT,TT,70,1,99,NC_000018.10,Mutation NB - Paternal Origin,Transition - Pyrimidine/Pyrimidine,C>T
72456231,rs35260770,GG,GG,AG,73,16,99,NC_000018.10,Mutation NB - Maternal Origin,Transition - Purine/Purine,Unsolved
73893392,rs369826057,AA,AA,AT,54,51,99,NC_000018.10,Mutation NB - Maternal Origin,Transversion - Purine/Pyrimidine,Unsolved
74176316,rs75517803,CC,CC,CT,64,46,99,NC_000018.10,Mutation NB - Maternal Origin,Transition - Pyrimidine/Pyrimidine,Unsolved
75627711,rs6565811,CC,CC,AC,3,1,99,NC_000018.10,Mutation NB - Maternal Origin,Transversion - Purine/Pyrimidine,Unsolved
75826176,rs2732210,CC,CT,TT,40,1,99,NC_000018.10,Mutation NB - Paternal Origin,Transition - Pyrimidine/Pyrimidine,C>T
76572771,rs4891168,AA,AC,CC,42,1,99,NC_000018.10,Mutation NB - Paternal Origin,Transversion - Purine/Pyrimidine,A>C
76759203,rs750511619,AA,AA,AG,40,60,99,NC_000018.10,Mutation NB - Paternal Origin,Transition - Purine/Purine,Unsolved
79448141,rs8092987,CC,CC,CT,75,40,99,NC_000018.10,Mutation NB - Maternal Origin,Transition - Pyrimidine/Pyrimidine,Unsolved
79520231,rs62096925,AA,AA,AC,57,55,99,NC_000018.10,Mutation NB - Maternal Origin,Transversion - Purine/Pyrimidine,Unsolved
79733449,rs117201593,GG,GG,GT,40,40,99,NC_000018.10,Mutation NB - Paternal or Maternal,Transversion - Purine/Pyrimidine,Unsolved
79733451,rs117598264,GG,GG,GT,40,40,99,NC_000018.10,Mutation NB - Paternal or Maternal,Transversion - Purine/Pyrimidine,Unsolved
79876679,rs35614280,GG,CC,CC,25,1,48,NC_000018.10,Mutation NB - Paternal Origin,Transversion - Purine/Pyrimidine,G>C
80067196,rs9807594,GG,GA,AA,40,1,69,NC_000018.10,Mutation NB - Paternal Origin,Transition - Purine/Purine,G>A
378284,rs115172283,GG,GG,GA,49,49,99,NC_000019.10,Mutation NB - Paternal or Maternal,Transition - Purine/Purine,Unsolved
604988,rs113541645,AA,AA,AT,4,14,99,NC_000019.10,Mutation NB - Paternal Origin,Transversion - Purine/Pyrimidine,Unsolved
628181,rs10419855,CC,CT,TT,79,1,30,NC_000019.10,Mutation NB - Paternal Origin,Transition - Pyrimidine/Pyrimidine,C>T
1010023,rs13627,CC,CC,CT,61,51,99,NC_000019.10,Mutation NB - Maternal Origin,Transition - Pyrimidine/Pyrimidine,Unsolved
1012640,rs62131163,AA,AA,AG,51,59,99,NC_000019.10,Mutation NB - Paternal Origin,Transition - Purine/Purine,Unsolved
1090804,rs3787016,GG,GG,AG,64,79,99,NC_000019.10,Mutation NB - Paternal Origin,Transition - Purine/Purine,Unsolved
1160506,rs7260506,GG,GG,AG,1,1,99,NC_000019.10,Mutation NB - Paternal or Maternal,Transition - Purine/Purine,Unsolved
1287114,rs144546168,GG,GG,GC,58,52,99,NC_000019.10,Mutation NB - Maternal Origin,Transition - Purine/Purine,Transversion - Purine/Pyrimidine,Unsolved
1312517,rs1076329,CC,CC,CT,52,40,99,NC_000019.10,Mutation NB - Maternal Origin,Transition - Pyrimidine/Pyrimidine,Unsolved
1702350,rs10414145,CC,CC,CG,43,60,99,NC_000019.10,Mutation NB - Paternal Origin,Transversion - Purine/Pyrimidine,Unsolved
2110020,rs2074958,CC,TT,TT,49,22,57,NC_000019.10,Mutation NB - Paternal Origin,Transition - Pyrimidine/Pyrimidine,C>T
2216920,rs73919904,CC,CC,CT,61,59,99,NC_000019.10,Mutation NB - Maternal Origin,Transition - Pyrimidine/Pyrimidine,Unsolved
3445970,rs57171894,GG,GG,GA,40,76,99,NC_000019.10,Mutation NB - Paternal Origin,Transition - Purine/Purine,Unsolved
3593580,rs12975567,GG,AA,AA,37,1,54,NC_000019.10,Mutation NB - Paternal Origin,Transition - Purine/Purine,G>A
3976803,rs76769720,GG,GG,GC,79,40,99,NC_000019.10,Mutation NB - Maternal Origin,Transition - Purine/Purine,Transversion - Purine/Pyrimidine,Unsolved
4085898,rs2656523,CC,GC,GG,31,1,58,NC_000019.10,Mutation NB - Paternal Origin,Transversion - Purine/Pyrimidine,C>G
4134694,rs76173747,GG,GG,GA,64,43,99,NC_000019.10,Mutation NB - Maternal Origin,Transition - Purine/Purine,Unsolved
4415455,rs243356,CC,CT,TT,61,1,93,NC_000019.10,Mutation NB - Paternal Origin,Transition - Pyrimidine/Pyrimidine,C>T
4415509,rs243357,CC,CT,TT,73,1,27,NC_000019.10,Mutation NB - Paternal Origin,Transition - Pyrimidine/Pyrimidine,C>T
4512397,rs10410197,TT,TT,TC,79,58,99,NC_000019.10,Mutation NB - Maternal Origin,Transition - Pyrimidine/Pyrimidine,Unsolved
4657302,rs10426715,TT,TT,TC,49,51,99,NC_000019.10,Mutation NB - Paternal Origin,Transition - Pyrimidine/Pyrimidine,Unsolved
4713418,rs11670257,CC,GG,GG,73,1,24,NC_000019.10,Mutation NB - Paternal Origin,Transversion - Purine/Pyrimidine,C>G
5154850,rs1017819,GG,GG,AG,46,13,99,NC_000019.10,Mutation NB - Maternal Origin,Transition - Purine/Purine,Unsolved
5214893,rs10401306,TT,CT,CC,67,1,21,NC_000019.10,Mutation NB - Paternal Origin,Transition - Pyrimidine/Pyrimidine,T>C
5305519,rs7256393,TT,CT,CC,67,1,54,NC_000019.10,Mutation NB - Paternal Origin,Transition - Pyrimidine/Pyrimidine,T>C
6286941,rs6510882,AA,GG,GG,52,1,37,NC_000019.10,Mutation NB - Paternal Origin,Transition - Purine/Purine,A>G
7169084,rs6510953,CC,CC,CA,60,55,99,NC_000019.10,Mutation NB - Maternal Origin,Transversion - Purine/Pyrimidine,Unsolved
7419482,rs12981383,GG,GA,AA,40,1,99,NC_000019.10,Mutation NB - Paternal Origin,Transition - Purine/Purine,G>A
7459960,rs2287914,CC,CC,CT,49,52,99,NC_000019.10,Mutation NB - Paternal Origin,Transition - Pyrimidine/Pyrimidine,Unsolved
7459969,rs2287915,CC,CC,CT,49,52,99,NC_000019.10,Mutation NB - Paternal Origin,Transition - Pyrimidine/Pyrimidine,Unsolved
7641629,rs56183260,GG,GG,GA,41,51,99,NC_000019.10,Mutation NB - Paternal Origin,Transition - Purine/Purine,Unsolved
7908511,rs73501919,CC,AA,AA,67,25,39,NC_000019.10,Mutation NB - Paternal Origin,Transversion - Purine/Pyrimidine,C>A
8399655,rs2967607,GG,AA,AA,58,1,60,NC_000019.10,Mutation NB - Paternal Origin,Transition - Purine/Purine,G>A
9890337,rs7245830,CC,CC,CT,67,76,99,NC_000019.10,Mutation NB - Paternal Origin,Transition - Pyrimidine/Pyrimidine,Unsolved
12059665,rs57024566,GG,GA,AA,76,1,84,NC_000019.10,Mutation NB - Paternal Origin,Transition - Purine/Purine,G>A
12713201,rs60499412,GG,GG,GA,49,46,99,NC_000019.10,Mutation NB - Maternal Origin,Transition - Purine/Purine,Unsolved
13760679,rs74444609,AA,AA,AG,67,60,99,NC_000019.10,Mutation NB - Maternal Origin,Transition - Purine/Purine,Unsolved
13760740,rs375486,TT,TT,TC,55,60,99,NC_000019.10,Mutation NB - Paternal Origin,Transition - Pyrimidine/Pyrimidine,Unsolved
14299436,rs80308538,GG,GG,GA,58,46,99,NC_000019.10,Mutation NB - Maternal Origin,Transition - Purine/Purine,Unsolved
15122770,rs2074265,CC,CA,AA,58,1,78,NC_000019.10,Mutation NB - Paternal Origin,Transversion - Purine/Pyrimidine,C>A
16036271,rs77571372,CC,CA,AA,58,1,66,NC_000019.10,Mutation NB - Paternal Origin,Transversion - Purine/Pyrimidine,C>A
16325062,rs45530835,GG,GG,GA,49,52,99,NC_000019.10,Mutation NB - Paternal Origin,Transition - Purine/Purine,Unsolved
17135892,rs34188992,GG,AA,AA,10,25,36,NC_000019.10,Mutation NB - Paternal Origin,Transition - Purine/Purine,G>A
17192965,rs1545620,TT,TG,GG,40,1,78,NC_000019.10,Mutation NB - Paternal Origin,Transversion - Purine/Pyrimidine,T>G
17436533,rs111800459,GG,GG,GA,79,61,99,NC_000019.10,Mutation NB - Maternal Origin,Transition - Purine/Purine,Unsolved
17627718,rs73524097,CC,CC,CA,61,40,99,NC_000019.10,Mutation NB - Maternal Origin,Transversion - Purine/Pyrimidine,Unsolved
17627768,rs2076798880,CC,CC,CT,61,40,99,NC_000019.10,Mutation NB - Maternal Origin,Transition - Pyrimidine/Pyrimidine,Unsolved
18198072,rs74960069,CC,CC,CT,49,40,99,NC_000019.10,Mutation NB - Maternal Origin,Transition - Pyrimidine/Pyrimidine,Unsolved
19120007,rs45467802,TT,TT,TC,43,51,99,NC_000019.10,Mutation NB - Paternal Origin,Transition - Pyrimidine/Pyrimidine,Unsolved
22048911,rs114592917,TT,TT,TC,73,59,99,NC_000019.10,Mutation NB - Maternal Origin,Transition - Pyrimidine/Pyrimidine,Unsolved
22602332,rs11670207,TT,TC,CC,46,1,30,NC_000019.10,Mutation NB - Paternal Origin,Transition - Pyrimidine/Pyrimidine,T>C
29440220,rs6509423,CC,CC,CA,40,40,99,NC_000019.10,Mutation NB - Paternal or Maternal,Transversion - Purine/Pyrimidine,Unsolved
29440221,rs6509424,GG,GG,GA,40,40,99,NC_000019.10,Mutation NB - Paternal or Maternal,Transition - Purine/Purine,Unsolved
29525606,rs76640401,TT,TC,CC,43,1,66,NC_000019.10,Mutation NB - Paternal Origin,Transition - Pyrimidine/Pyrimidine,T>C
29533823,rs7252103,AA,CC,CC,45,1,72,NC_000019.10,Mutation NB - Paternal Origin,Transversion - Purine/Pyrimidine,A>C
29533866,rs7250772,GG,AA,AA,45,1,78,NC_000019.10,Mutation NB - Paternal Origin,Transition - Purine/Purine,G>A
30098185,rs73532948,AA,AA,AG,43,40,99,NC_000019.10,Mutation NB - Maternal Origin,Transition - Purine/Purine,Unsolved
30819037,rs16964666,AA,AA,AG,43,46,99,NC_000019.10,Mutation NB - Paternal Origin,Transition - Purine/Purine,Unsolved
31111032,rs10417771,AA,AA,AG,55,55,99,NC_000019.10,Mutation NB - Paternal or Maternal,Transition - Purine/Purine,Unsolved
32252403,rs10418317,TT,TT,GT,16,34,99,NC_000019.10,Mutation NB - Paternal Origin,Transition - Pyrimidine/Pyrimidine,Transversion - Purine/Pyrimidine,Unsolved
33701194,rs284335,AA,AA,AG,51,57,99,NC_000019.10,Mutation NB - Paternal Origin,Transition - Purine/Purine,Unsolved
33701200,rs284336,TT,TT,TC,51,57,99,NC_000019.10,Mutation NB - Paternal Origin,Transition - Pyrimidine/Pyrimidine,Unsolved
33803996,rs4805059,GG,GG,GA,55,51,99,NC_000019.10,Mutation NB - Maternal Origin,Transition - Purine/Purine,Unsolved
34769378,rs73929207,GG,GG,GA,40,49,99,NC_000019.10,Mutation NB - Paternal Origin,Transition - Purine/Purine,Unsolved
35117156,rs1688023,TT,TT,CT,1,1,99,NC_000019.10,Mutation NB - Paternal or Maternal,Transition - Pyrimidine/Pyrimidine,Unsolved
35117188,rs1006162,TT,TT,CT,49,43,99,NC_000019.10,Mutation NB - Maternal Origin,Transition - Pyrimidine/Pyrimidine,Unsolved
35279153,rs2280746,GG,GG,GA,51,40,99,NC_000019.10,Mutation NB - Maternal Origin,Transition - Purine/Purine,Unsolved
37970567,rs7258680,GG,GA,AA,61,1,66,NC_000019.10,Mutation NB - Paternal Origin,Transition - Purine/Purine,G>A
38036826,rs855611,CC,CC,GC,71,64,99,NC_000019.10,Mutation NB - Maternal Origin,Transversion - Purine/Pyrimidine,Unsolved
39464711,rs62120671,GG,GG,GT,49,58,99,NC_000019.10,Mutation NB - Paternal Origin,Transversion - Purine/Pyrimidine,Unsolved
40991369,rs8192709,CC,CC,CT,76,55,99,NC_000019.10,Mutation NB - Maternal Origin,Transition - Pyrimidine/Pyrimidine,Unsolved
41727421,rs2002926,AA,AA,GA,34,1,99,NC_000019.10,Mutation NB - Maternal Origin,Transition - Purine/Purine,Unsolved
42995358,rs11668790,GG,CC,CC,37,1,47,NC_000019.10,Mutation NB - Paternal Origin,Transversion - Purine/Pyrimidine,G>C
43221192,rs28689020,CC,GG,CC,25,73,33,NC_000019.10,Mutation NB - Maternal Origin,Transversion - Purine/Pyrimidine,G>C
43396070,rs4802180,AA,AG,GG,41,1,87,NC_000019.10,Mutation NB - Paternal Origin,Transition - Purine/Purine,A>G
44908684,rs429358,TT,TT,TC,46,40,99,NC_000019.10,Mutation NB - Maternal Origin,Transition - Pyrimidine/Pyrimidine,Unsolved
47679604,rs1397705243,GG,GG,GA,58,40,99,NC_000019.10,Mutation NB - Maternal Origin,Transition - Purine/Purine,Unsolved
49333989,rs1465697,CC,CC,CT,51,70,99,NC_000019.10,Mutation NB - Paternal Origin,Transition - Pyrimidine/Pyrimidine,Unsolved
49798396,rs7251269,GG,AG,AA,52,1,44,NC_000019.10,Mutation NB - Paternal Origin,Transition - Purine/Purine,G>A
49798587,rs7248071,GG,TT,TT,1,1,33,NC_000019.10,Mutation NB - Paternal Origin,Transversion - Purine/Pyrimidine,G>T
50859281,rs62113214,TT,TT,TG,57,52,99,NC_000019.10,Mutation NB - Maternal Origin,Transition - Pyrimidine/Pyrimidine,Transversion - Purine/Pyrimidine,Unsolved
50877345,rs8105211,TT,CC,CC,22,1,54,NC_000019.10,Mutation NB - Paternal Origin,Transition - Pyrimidine/Pyrimidine,T>C
50877346,rs198974,GG,GG,TG,22,13,99,NC_000019.10,Mutation NB - Maternal Origin,Transversion - Purine/Pyrimidine,Unsolved
50877559,rs198975,TT,TT,GT,49,49,99,NC_000019.10,Mutation NB - Paternal or Maternal,Transition - Pyrimidine/Pyrimidine,Transversion - Purine/Pyrimidine,Unsolved
51187836,rs7255837,CC,TT,TT,55,19,30,NC_000019.10,Mutation NB - Paternal Origin,Transition - Pyrimidine/Pyrimidine,C>T
51657537,rs75810459,AA,GG,GG,34,1,42,NC_000019.10,Mutation NB - Paternal Origin,Transition - Purine/Purine,A>G
52585180,rs179320,CC,AA,AA,31,1,49,NC_000019.10,Mutation NB - Paternal Origin,Transversion - Purine/Pyrimidine,C>A
56071913,rs34825674,AA,AA,AG,64,76,99,NC_000019.10,Mutation NB - Paternal Origin,Transition - Purine/Purine,Unsolved
56278808,rs59820036,CC,CG,GG,70,1,33,NC_000019.10,Mutation NB - Paternal Origin,Transversion - Purine/Pyrimidine,C>G
57770006,rs2285614,GG,GG,GA,40,52,99,NC_000019.10,Mutation NB - Paternal Origin,Transition - Purine/Purine,Unsolved
945942,rs504507,GG,GG,AG,19,31,99,NC_000020.11,Mutation NB - Paternal Origin,Transition - Purine/Purine,Unsolved
4068477,rs6052297,TT,TT,TC,51,46,99,NC_000020.11,Mutation NB - Maternal Origin,Transition - Pyrimidine/Pyrimidine,Unsolved
4075291,rs4383403,CC,GC,GG,1,1,42,NC_000020.11,Mutation NB - Paternal Origin,Transversion - Purine/Pyrimidine,C>G
4403660,rs75261379,GG,GG,GA,40,58,99,NC_000020.11,Mutation NB - Paternal Origin,Transition - Purine/Purine,Unsolved
4805265,rs2423014,TT,CT,CC,10,1,60,NC_000020.11,Mutation NB - Paternal Origin,Transition - Pyrimidine/Pyrimidine,T>C
5946346,rs236180,CC,CT,TT,50,1,99,NC_000020.11,Mutation NB - Paternal Origin,Transition - Pyrimidine/Pyrimidine,C>T
6400545,rs78124395,GG,GG,GC,58,40,99,NC_000020.11,Mutation NB - Maternal Origin,Transition - Purine/Purine,Transversion - Purine/Pyrimidine,Unsolved
6892316,rs77442926,GG,GC,CC,40,1,63,NC_000020.11,Mutation NB - Paternal Origin,Transversion - Purine/Pyrimidine,G>C
10322346,rs116613187,TT,TT,TA,73,64,99,NC_000020.11,Mutation NB - Maternal Origin,Transition - Pyrimidine/Pyrimidine,Transversion - Purine/Pyrimidine,Unsolved
15032263,rs6034089,TT,CC,CC,67,1,81,NC_000020.11,Mutation NB - Paternal Origin,Transition - Pyrimidine/Pyrimidine,T>C
16670171,rs7272563,GG,GG,GC,79,55,99,NC_000020.11,Mutation NB - Maternal Origin,Transition - Purine/Purine,Transversion - Purine/Pyrimidine,Unsolved
19813125,rs74807831,CC,CC,CA,43,40,99,NC_000020.11,Mutation NB - Maternal Origin,Transversion - Purine/Pyrimidine,Unsolved
19905778,rs78833474,CC,AA,AA,64,10,54,NC_000020.11,Mutation NB - Paternal Origin,Transversion - Purine/Pyrimidine,C>A
20310380,rs77005077,GG,GG,GA,70,61,99,NC_000020.11,Mutation NB - Maternal Origin,Transition - Purine/Purine,Unsolved
21504875,rs73127854,AA,TT,TT,61,10,39,NC_000020.11,Mutation NB - Paternal Origin,Transversion - Purine/Pyrimidine,A>T
23128929,rs150260325,TT,TT,TG,52,40,99,NC_000020.11,Mutation NB - Maternal Origin,Transition - Pyrimidine/Pyrimidine,Transversion - Purine/Pyrimidine,Unsolved
23187849,rs62206882,CC,CC,TC,79,43,99,NC_000020.11,Mutation NB - Maternal Origin,Transition - Pyrimidine/Pyrimidine,Unsolved
23212712,rs114596824,GG,GG,GC,40,55,99,NC_000020.11,Mutation NB - Paternal Origin,Transition - Purine/Purine,Transversion - Purine/Pyrimidine,Unsolved
23495752,rs2273378,AA,AA,AG,73,46,99,NC_000020.11,Mutation NB - Maternal Origin,Transition - Purine/Purine,Unsolved
23842404,rs114534335,GG,GG,GA,49,61,99,NC_000020.11,Mutation NB - Paternal Origin,Transition - Purine/Purine,Unsolved
23937817,rs2258909,AA,TA,TT,1,1,40,NC_000020.11,Mutation NB - Paternal Origin,Transversion - Purine/Pyrimidine,A>T
23938081,rs2263709,CC,AC,AA,25,1,42,NC_000020.11,Mutation NB - Paternal Origin,Transversion - Purine/Pyrimidine,C>A
23990309,rs140518585,CC,CT,TT,46,1,80,NC_000020.11,Mutation NB - Paternal Origin,Transition - Pyrimidine/Pyrimidine,C>T
24233801,rs489036,AA,CA,CC,61,1,49,NC_000020.11,Mutation NB - Paternal Origin,Transversion - Purine/Pyrimidine,A>C
24587275,rs998163711,GG,GG,GA,55,49,99,NC_000020.11,Mutation NB - Maternal Origin,Transition - Purine/Purine,Unsolved
26255734,rs1189964,GG,CG,CC,16,1,60,NC_000020.11,Mutation NB - Paternal Origin,Transversion - Purine/Pyrimidine,G>C
28737388,rs879148226,GG,CC,CC,40,1,60,NC_000020.11,Mutation NB - Paternal Origin,Transversion - Purine/Pyrimidine,G>C
29688135,rs1192900004,TT,AA,AA,52,1,99,NC_000020.11,Mutation NB - Paternal Origin,Transversion - Purine/Pyrimidine,T>A
32007579,rs6058511,TT,CC,CC,58,1,21,NC_000020.11,Mutation NB - Paternal Origin,Transition - Pyrimidine/Pyrimidine,T>C
34998390,rs3746436,CC,CC,CT,44,57,99,NC_000020.11,Mutation NB - Paternal Origin,Transition - Pyrimidine/Pyrimidine,Unsolved
37410567,rs6012141,CC,CC,CT,58,79,99,NC_000020.11,Mutation NB - Paternal Origin,Transition - Pyrimidine/Pyrimidine,Unsolved
37852751,rs6013249,GG,GG,GA,76,40,99,NC_000020.11,Mutation NB - Maternal Origin,Transition - Purine/Purine,Unsolved
37969424,rs6013545,AA,GG,GG,61,1,84,NC_000020.11,Mutation NB - Paternal Origin,Transition - Purine/Purine,A>G
38221106,rs77262211,CC,CT,TT,52,1,87,NC_000020.11,Mutation NB - Paternal Origin,Transition - Pyrimidine/Pyrimidine,C>T
39287621,rs6124134,AA,GG,GG,13,1,49,NC_000020.11,Mutation NB - Paternal Origin,Transition - Purine/Purine,A>G
39299832,rs6124135,AA,GG,GG,52,1,30,NC_000020.11,Mutation NB - Paternal Origin,Transition - Purine/Purine,A>G
40031773,rs76998740,TT,TT,TC,76,61,99,NC_000020.11,Mutation NB - Maternal Origin,Transition - Pyrimidine/Pyrimidine,Unsolved
41387829,rs6102394,CC,CC,CA,61,40,99,NC_000020.11,Mutation NB - Maternal Origin,Transversion - Purine/Pyrimidine,Unsolved
42113933,rs6513766,GG,AA,AA,49,1,99,NC_000020.11,Mutation NB - Paternal Origin,Transition - Purine/Purine,G>A
43017921,rs2223556,AA,AG,GG,40,1,39,NC_000020.11,Mutation NB - Paternal Origin,Transition - Purine/Purine,A>G
43231336,rs1883199,GG,GG,GA,46,60,99,NC_000020.11,Mutation NB - Paternal Origin,Transition - Purine/Purine,Unsolved
43252874,rs73907571,CC,CC,CT,61,61,99,NC_000020.11,Mutation NB - Paternal or Maternal,Transition - Pyrimidine/Pyrimidine,Unsolved
43493812,rs765147,CC,TT,TT,46,34,54,NC_000020.11,Mutation NB - Paternal Origin,Transition - Pyrimidine/Pyrimidine,C>T
43493820,rs765148,GG,AA,AA,46,34,54,NC_000020.11,Mutation NB - Paternal Origin,Transition - Purine/Purine,G>A
43531056,rs41303935,GG,CC,CC,58,1,24,NC_000020.11,Mutation NB - Paternal Origin,Transversion - Purine/Pyrimidine,G>C
44444726,rs6065729,TT,TC,CC,49,1,75,NC_000020.11,Mutation NB - Paternal Origin,Transition - Pyrimidine/Pyrimidine,T>C
45236365,rs35665166,AA,GG,GG,60,1,66,NC_000020.11,Mutation NB - Paternal Origin,Transition - Purine/Purine,A>G
46244223,rs6074077,CC,CC,CG,61,58,99,NC_000020.11,Mutation NB - Maternal Origin,Transversion - Purine/Pyrimidine,Unsolved
46562716,rs2745727,TT,TT,CT,43,16,99,NC_000020.11,Mutation NB - Maternal Origin,Transition - Pyrimidine/Pyrimidine,Unsolved
46562725,rs2745728,TT,TT,CT,43,16,99,NC_000020.11,Mutation NB - Maternal Origin,Transition - Pyrimidine/Pyrimidine,Unsolved
47711165,rs6066438,CC,GG,GG,73,1,54,NC_000020.11,Mutation NB - Paternal Origin,Transversion - Purine/Pyrimidine,C>G
47713013,rs4810664,AA,CC,CC,16,1,60,NC_000020.11,Mutation NB - Paternal Origin,Transversion - Purine/Pyrimidine,A>C
47771613,rs78803032,CC,CC,CA,70,40,99,NC_000020.11,Mutation NB - Maternal Origin,Transversion - Purine/Pyrimidine,Unsolved
47879897,rs906716935,GG,GG,GA,55,40,99,NC_000020.11,Mutation NB - Maternal Origin,Transition - Purine/Purine,Unsolved
48367878,rs113574794,CC,CT,TT,49,1,66,NC_000020.11,Mutation NB - Paternal Origin,Transition - Pyrimidine/Pyrimidine,C>T
48619010,rs4810842,CC,TT,TT,40,1,39,NC_000020.11,Mutation NB - Paternal Origin,Transition - Pyrimidine/Pyrimidine,C>T
49594713,rs487486,CC,GG,GG,40,1,75,NC_000020.11,Mutation NB - Paternal Origin,Transversion - Purine/Pyrimidine,C>G
50128294,rs6091099,GG,GG,GA,46,40,99,NC_000020.11,Mutation NB - Maternal Origin,Transition - Purine/Purine,Unsolved
50627783,rs115506152,CC,CC,CT,40,43,99,NC_000020.11,Mutation NB - Paternal Origin,Transition - Pyrimidine/Pyrimidine,Unsolved
51124408,rs230015,TT,TC,CC,52,1,99,NC_000020.11,Mutation NB - Paternal Origin,Transition - Pyrimidine/Pyrimidine,T>C
52561205,rs1474793,CC,TT,TT,1,1,60,NC_000020.11,Mutation NB - Paternal Origin,Transition - Pyrimidine/Pyrimidine,C>T
52727693,rs6063865,AA,AC,CC,70,1,99,NC_000020.11,Mutation NB - Paternal Origin,Transversion - Purine/Pyrimidine,A>C
53714570,rs740780,GG,GG,GT,76,70,99,NC_000020.11,Mutation NB - Maternal Origin,Transversion - Purine/Pyrimidine,Unsolved
55002731,rs6098367,GG,GA,AA,61,1,60,NC_000020.11,Mutation NB - Paternal Origin,Transition - Purine/Purine,G>A
56998494,rs2749762,GG,AA,AA,76,31,27,NC_000020.11,Mutation NB - Paternal Origin,Transition - Purine/Purine,G>A
57588631,rs4810086,GG,GG,AG,70,49,99,NC_000020.11,Mutation NB - Maternal Origin,Transition - Purine/Purine,Unsolved
58020306,rs915038,GG,TT,TT,79,1,39,NC_000020.11,Mutation NB - Paternal Origin,Transversion - Purine/Pyrimidine,G>T
58425716,rs13043088,CC,CC,CT,61,51,99,NC_000020.11,Mutation NB - Maternal Origin,Transition - Pyrimidine/Pyrimidine,Unsolved
58498793,rs11697646,CC,TC,TT,1,1,30,NC_000020.11,Mutation NB - Paternal Origin,Transition - Pyrimidine/Pyrimidine,C>T
58631814,rs6026418,TT,CC,CC,49,1,30,NC_000020.11,Mutation NB - Paternal Origin,Transition - Pyrimidine/Pyrimidine,T>C
58971485,rs6026629,TT,AA,AA,40,1,39,NC_000020.11,Mutation NB - Paternal Origin,Transversion - Purine/Pyrimidine,T>A
60260249,rs11697308,AA,AA,AC,43,52,99,NC_000020.11,Mutation NB - Paternal Origin,Transversion - Purine/Pyrimidine,Unsolved
60260591,rs1870728,CC,CC,CT,55,40,99,NC_000020.11,Mutation NB - Maternal Origin,Transition - Pyrimidine/Pyrimidine,Unsolved
60268252,rs59131414,CC,CC,CT,67,52,99,NC_000020.11,Mutation NB - Maternal Origin,Transition - Pyrimidine/Pyrimidine,Unsolved
60317462,rs17801257,GG,GG,GA,58,40,99,NC_000020.11,Mutation NB - Maternal Origin,Transition - Purine/Purine,Unsolved
60485340,rs348781,AA,AA,AG,51,70,99,NC_000020.11,Mutation NB - Paternal Origin,Transition - Purine/Purine,Unsolved
61590580,rs2253525,GG,AA,AA,46,19,36,NC_000020.11,Mutation NB - Paternal Origin,Transition - Purine/Purine,G>A
62315752,rs2236522,TT,CC,CC,49,1,60,NC_000020.11,Mutation NB - Paternal Origin,Transition - Pyrimidine/Pyrimidine,T>C
62315753,rs147619472,CC,CC,CT,49,45,99,NC_000020.11,Mutation NB - Maternal Origin,Transition - Pyrimidine/Pyrimidine,Unsolved
62489147,rs62196336,CC,CC,CT,61,40,99,NC_000020.11,Mutation NB - Maternal Origin,Transition - Pyrimidine/Pyrimidine,Unsolved
62569800,rs6143042,AA,GG,GG,76,1,24,NC_000020.11,Mutation NB - Paternal Origin,Transition - Purine/Purine,A>G
63091901,rs141720457,GG,GG,GA,40,79,99,NC_000020.11,Mutation NB - Paternal Origin,Transition - Purine/Purine,Unsolved
63522638,rs73918972,GG,GG,GA,67,46,99,NC_000020.11,Mutation NB - Maternal Origin,Transition - Purine/Purine,Unsolved
8762332,rs368320408,CC,CC,CG,40,40,99,NC_000021.9,Mutation NB - Paternal or Maternal,Transversion - Purine/Pyrimidine,Unsolved
8778915,rs371528216,CC,CC,CG,43,49,99,NC_000021.9,Mutation NB - Paternal Origin,Transversion - Purine/Pyrimidine,Unsolved
14417827,rs148355994,CC,CC,CT,53,57,99,NC_000021.9,Mutation NB - Paternal Origin,Transition - Pyrimidine/Pyrimidine,Unsolved
15085037,rs2823040,AA,CC,CC,58,1,99,NC_000021.9,Mutation NB - Paternal Origin,Transversion - Purine/Pyrimidine,A>C
16061455,rs9976456,GG,GG,GC,40,40,99,NC_000021.9,Mutation NB - Paternal or Maternal,Transition - Purine/Purine,Transversion - Purine/Pyrimidine,Unsolved
17756948,rs28412250,AA,GG,GG,64,1,45,NC_000021.9,Mutation NB - Paternal Origin,Transition - Purine/Purine,A>G
18142620,rs10482894,GG,AA,AA,1,1,56,NC_000021.9,Mutation NB - Paternal Origin,Transition - Purine/Purine,G>A
20293125,rs9978198,AA,AG,GG,73,1,94,NC_000021.9,Mutation NB - Paternal Origin,Transition - Purine/Purine,A>G
21644919,rs2408136,AA,GG,GG,9,67,49,NC_000021.9,Mutation NB - Paternal Origin,Transition - Purine/Purine,A>G
24208724,rs138864656,GG,GG,GA,52,46,99,NC_000021.9,Mutation NB - Maternal Origin,Transition - Purine/Purine,Unsolved
29107537,rs2832178,TT,GG,GG,51,1,51,NC_000021.9,Mutation NB - Paternal Origin,Transversion - Purine/Pyrimidine,T>G
31083207,rs6517000,CC,CG,GG,40,1,90,NC_000021.9,Mutation NB - Paternal Origin,Transversion - Purine/Pyrimidine,C>G
31610053,rs73199570,CC,CC,CT,55,46,99,NC_000021.9,Mutation NB - Maternal Origin,Transition - Pyrimidine/Pyrimidine,Unsolved
32347386,rs2070378,TT,TT,CT,49,64,99,NC_000021.9,Mutation NB - Paternal Origin,Transition - Pyrimidine/Pyrimidine,Unsolved
32859587,rs183987584,AA,GG,GG,46,1,60,NC_000021.9,Mutation NB - Paternal Origin,Transition - Purine/Purine,A>G
33735429,rs3827181,TT,CT,CC,19,1,36,NC_000021.9,Mutation NB - Paternal Origin,Transition - Pyrimidine/Pyrimidine,T>C
35403424,rs2834929,TT,CC,CC,67,1,57,NC_000021.9,Mutation NB - Paternal Origin,Transition - Pyrimidine/Pyrimidine,T>C
35682209,rs760061,CC,TT,TT,34,13,30,NC_000021.9,Mutation NB - Paternal Origin,Transition - Pyrimidine/Pyrimidine,C>T
36098505,rs35043778,GG,GG,GA,70,76,99,NC_000021.9,Mutation NB - Paternal Origin,Transition - Purine/Purine,Unsolved
36875529,rs2835521,AA,GG,GG,58,1,81,NC_000021.9,Mutation NB - Paternal Origin,Transition - Purine/Purine,A>G
38365789,rs11088428,TT,TT,TC,60,60,99,NC_000021.9,Mutation NB - Paternal or Maternal,Transition - Pyrimidine/Pyrimidine,Unsolved
38832700,rs1123350,TT,TC,CC,70,1,30,NC_000021.9,Mutation NB - Paternal Origin,Transition - Pyrimidine/Pyrimidine,T>C
39018999,rs2836839,GG,GG,GA,61,61,99,NC_000021.9,Mutation NB - Paternal or Maternal,Transition - Purine/Purine,Unsolved
41662440,rs2849690,TT,TT,TA,49,61,99,NC_000021.9,Mutation NB - Paternal Origin,Transition - Pyrimidine/Pyrimidine,Transversion - Purine/Pyrimidine,Unsolved
42055770,rs220253,TT,TT,CT,1,1,99,NC_000021.9,Mutation NB - Paternal or Maternal,Transition - Pyrimidine/Pyrimidine,Unsolved
42294407,rs9975333,CC,CC,AC,4,22,99,NC_000021.9,Mutation NB - Paternal Origin,Transversion - Purine/Pyrimidine,Unsolved
42850292,rs6586251,CC,CG,GG,40,1,30,NC_000021.9,Mutation NB - Paternal Origin,Transversion - Purine/Pyrimidine,C>G
42851593,rs884153,AA,AG,GG,49,1,90,NC_000021.9,Mutation NB - Paternal Origin,Transition - Purine/Purine,A>G
43190803,rs2839651,AA,GG,GG,61,34,72,NC_000021.9,Mutation NB - Paternal Origin,Transition - Purine/Purine,A>G
43760827,rs3204323,GG,GG,GA,46,40,99,NC_000021.9,Mutation NB - Maternal Origin,Transition - Purine/Purine,Unsolved
43835270,rs2838422,CC,TT,TT,61,10,24,NC_000021.9,Mutation NB - Paternal Origin,Transition - Pyrimidine/Pyrimidine,C>T
44512053,rs190132620,TT,TT,TC,61,40,99,NC_000021.9,Mutation NB - Maternal Origin,Transition - Pyrimidine/Pyrimidine,Unsolved
44762247,rs3788133,GG,AG,AA,64,1,57,NC_000021.9,Mutation NB - Paternal Origin,Transition - Purine/Purine,G>A
44865111,rs2838716,AA,AA,GA,22,52,99,NC_000021.9,Mutation NB - Paternal Origin,Transition - Purine/Purine,Unsolved
44997584,rs11701387,CC,TT,TT,61,1,45,NC_000021.9,Mutation NB - Paternal Origin,Transition - Pyrimidine/Pyrimidine,C>T
44997600,rs11909047,GG,AA,AA,58,1,45,NC_000021.9,Mutation NB - Paternal Origin,Transition - Purine/Purine,G>A
45855719,rs17351433,AA,GG,GG,1,1,45,NC_000021.9,Mutation NB - Paternal Origin,Transition - Purine/Purine,A>G
45970511,rs8127123,TT,CT,CC,34,1,57,NC_000021.9,Mutation NB - Paternal Origin,Transition - Pyrimidine/Pyrimidine,T>C
45970561,rs10432966,AA,GG,GG,34,1,60,NC_000021.9,Mutation NB - Paternal Origin,Transition - Purine/Purine,A>G
45977672,rs1883048,CC,TT,TT,1,1,50,NC_000021.9,Mutation NB - Paternal Origin,Transition - Pyrimidine/Pyrimidine,C>T
45983959,rs62215497,TT,CC,CC,49,1,60,NC_000021.9,Mutation NB - Paternal Origin,Transition - Pyrimidine/Pyrimidine,T>C
15339069,rs146908746,AA,AA,AT,40,55,99,NC_000022.11,Mutation NB - Paternal Origin,Transversion - Purine/Pyrimidine,Unsolved
17820117,rs13054323,TT,TT,TC,64,67,99,NC_000022.11,Mutation NB - Paternal Origin,Transition - Pyrimidine/Pyrimidine,Unsolved
19027100,rs9618444,CC,CC,CT,40,49,99,NC_000022.11,Mutation NB - Paternal Origin,Transition - Pyrimidine/Pyrimidine,Unsolved
19027122,rs9618445,GG,GG,GC,40,49,99,NC_000022.11,Mutation NB - Paternal Origin,Transition - Purine/Purine,Transversion - Purine/Pyrimidine,Unsolved
19610518,rs5992439,GG,AA,AA,6,1,45,NC_000022.11,Mutation NB - Paternal Origin,Transition - Purine/Purine,G>A
19642314,rs7292279,GG,GA,AA,40,1,97,NC_000022.11,Mutation NB - Paternal Origin,Transition - Purine/Purine,G>A
19730199,rs2157733,GG,GG,GA,70,79,99,NC_000022.11,Mutation NB - Paternal Origin,Transition - Purine/Purine,Unsolved
19773845,rs41300486,AA,AA,AG,61,40,99,NC_000022.11,Mutation NB - Maternal Origin,Transition - Purine/Purine,Unsolved
20112864,rs56997592,GG,GG,GA,40,46,99,NC_000022.11,Mutation NB - Paternal Origin,Transition - Purine/Purine,Unsolved
20533246,rs5995717,GG,GG,CG,1,1,99,NC_000022.11,Mutation NB - Paternal or Maternal,Transition - Purine/Purine,Transversion - Purine/Pyrimidine,Unsolved
20573979,rs165772,GG,GG,GA,60,51,99,NC_000022.11,Mutation NB - Maternal Origin,Transition - Purine/Purine,Unsolved
20887566,rs165877,TT,TC,CC,57,1,91,NC_000022.11,Mutation NB - Paternal Origin,Transition - Pyrimidine/Pyrimidine,T>C
20999942,rs778969857,GG,GG,GA,49,51,99,NC_000022.11,Mutation NB - Paternal Origin,Transition - Purine/Purine,Unsolved
22013837,rs73149986,AA,GG,GG,64,10,21,NC_000022.11,Mutation NB - Paternal Origin,Transition - Purine/Purine,A>G
22115533,rs149227277,AA,AA,GA,58,58,99,NC_000022.11,Mutation NB - Paternal or Maternal,Transition - Purine/Purine,Unsolved
22115558,rs115578089,GG,GG,CG,58,58,99,NC_000022.11,Mutation NB - Paternal or Maternal,Transition - Purine/Purine,Transversion - Purine/Pyrimidine,Unsolved
22321754,rs6001798,GG,AG,AA,52,1,39,NC_000022.11,Mutation NB - Paternal Origin,Transition - Purine/Purine,G>A
22339540,rs1894247,CC,CC,CT,40,67,99,NC_000022.11,Mutation NB - Paternal Origin,Transition - Pyrimidine/Pyrimidine,Unsolved
22629471,rs466481,AA,AA,TA,22,10,99,NC_000022.11,Mutation NB - Maternal Origin,Transversion - Purine/Pyrimidine,Unsolved
23100565,rs142048561,CC,CC,CT,52,58,99,NC_000022.11,Mutation NB - Paternal Origin,Transition - Pyrimidine/Pyrimidine,Unsolved
25080097,rs73397880,GG,GG,GA,76,40,99,NC_000022.11,Mutation NB - Maternal Origin,Transition - Purine/Purine,Unsolved
25153903,rs9608371,CC,CC,CT,64,43,99,NC_000022.11,Mutation NB - Maternal Origin,Transition - Pyrimidine/Pyrimidine,Unsolved
26536184,rs3752523,GG,GG,GA,40,61,99,NC_000022.11,Mutation NB - Paternal Origin,Transition - Purine/Purine,Unsolved
28602101,rs144320531,GG,GG,GA,55,64,99,NC_000022.11,Mutation NB - Paternal Origin,Transition - Purine/Purine,Unsolved
30259606,rs9608855,TT,TT,TC,40,46,99,NC_000022.11,Mutation NB - Paternal Origin,Transition - Pyrimidine/Pyrimidine,Unsolved
30330837,rs5753071,GG,GG,CG,70,6,99,NC_000022.11,Mutation NB - Maternal Origin,Transition - Purine/Purine,Transversion - Purine/Pyrimidine,Unsolved
31445105,rs5753620,AA,AA,AG,46,52,99,NC_000022.11,Mutation NB - Paternal Origin,Transition - Purine/Purine,Unsolved
32041963,rs2267173,GG,GG,GC,79,64,99,NC_000022.11,Mutation NB - Maternal Origin,Transition - Purine/Purine,Transversion - Purine/Pyrimidine,Unsolved
32379149,rs2142720,GG,GG,CG,16,61,59,NC_000022.11,Mutation NB - Paternal Origin,Transition - Purine/Purine,Transversion - Purine/Pyrimidine,Unsolved
32865821,rs1427383,TT,TT,CT,10,49,99,NC_000022.11,Mutation NB - Paternal Origin,Transition - Pyrimidine/Pyrimidine,Unsolved
35031435,rs4821342,AA,GG,GG,64,1,39,NC_000022.11,Mutation NB - Paternal Origin,Transition - Purine/Purine,A>G
35345178,rs4386,TT,CC,CC,67,1,63,NC_000022.11,Mutation NB - Paternal Origin,Transition - Pyrimidine/Pyrimidine,T>C
37911053,rs9610868,TT,TC,CC,49,1,99,NC_000022.11,Mutation NB - Paternal Origin,Transition - Pyrimidine/Pyrimidine,T>C
39262420,rs146878017,GG,GG,GA,58,40,99,NC_000022.11,Mutation NB - Maternal Origin,Transition - Purine/Purine,Unsolved
40420745,rs2072856,GG,GA,AA,61,1,48,NC_000022.11,Mutation NB - Paternal Origin,Transition - Purine/Purine,G>A
43387720,rs4602321,GG,GG,CG,1,1,99,NC_000022.11,Mutation NB - Paternal or Maternal,Transition - Purine/Purine,Transversion - Purine/Pyrimidine,Unsolved
43471297,rs8142313,CC,CC,CG,40,46,99,NC_000022.11,Mutation NB - Paternal Origin,Transversion - Purine/Pyrimidine,Unsolved
43563760,rs5764041,CC,TT,TT,19,1,36,NC_000022.11,Mutation NB - Paternal Origin,Transition - Pyrimidine/Pyrimidine,C>T
43832487,rs2285159,AA,GG,GG,1,1,60,NC_000022.11,Mutation NB - Paternal Origin,Transition - Purine/Purine,A>G
44305581,rs3918403,GG,GG,CG,1,1,99,NC_000022.11,Mutation NB - Paternal or Maternal,Transition - Purine/Purine,Transversion - Purine/Pyrimidine,Unsolved
44321767,rs34734041,CC,TT,TT,49,1,78,NC_000022.11,Mutation NB - Paternal Origin,Transition - Pyrimidine/Pyrimidine,C>T
44495842,rs131157,AA,AG,GG,40,1,51,NC_000022.11,Mutation NB - Paternal Origin,Transition - Purine/Purine,A>G
44495993,rs131158,AA,AG,GG,58,1,54,NC_000022.11,Mutation NB - Paternal Origin,Transition - Purine/Purine,A>G
44820619,rs111353765,CC,CC,CT,59,40,99,NC_000022.11,Mutation NB - Maternal Origin,Transition - Pyrimidine/Pyrimidine,Unsolved
44863392,rs2213531,GG,CC,CC,55,10,51,NC_000022.11,Mutation NB - Paternal Origin,Transversion - Purine/Pyrimidine,G>C
44911853,rs5766182,AA,AA,AG,76,49,99,NC_000022.11,Mutation NB - Maternal Origin,Transition - Purine/Purine,Unsolved
45599087,rs4823307,CC,CC,TC,46,22,99,NC_000022.11,Mutation NB - Maternal Origin,Transition - Pyrimidine/Pyrimidine,Unsolved
46568647,rs5768963,CC,GG,GG,67,1,97,NC_000022.11,Mutation NB - Paternal Origin,Transversion - Purine/Pyrimidine,C>G
47344697,rs743823,AA,AA,AG,60,40,99,NC_000022.11,Mutation NB - Maternal Origin,Transition - Purine/Purine,Unsolved
48333518,rs11704804,GG,GG,GA,79,73,99,NC_000022.11,Mutation NB - Maternal Origin,Transition - Purine/Purine,Unsolved
48498997,rs6008740,GG,GA,AA,40,1,99,NC_000022.11,Mutation NB - Paternal Origin,Transition - Purine/Purine,G>A
48509212,rs4823794,GG,GG,GA,73,57,99,NC_000022.11,Mutation NB - Maternal Origin,Transition - Purine/Purine,Unsolved
48616299,rs28451651,GG,GG,GC,40,49,99,NC_000022.11,Mutation NB - Paternal Origin,Transition - Purine/Purine,Transversion - Purine/Pyrimidine,Unsolved
48756330,rs131970,CC,TC,TT,46,1,60,NC_000022.11,Mutation NB - Paternal Origin,Transition - Pyrimidine/Pyrimidine,C>T
49239368,rs114776900,GG,GG,GA,45,56,99,NC_000022.11,Mutation NB - Paternal Origin,Transition - Purine/Purine,Unsolved
49294861,rs78284250,CC,CC,CT,49,51,99,NC_000022.11,Mutation NB - Paternal Origin,Transition - Pyrimidine/Pyrimidine,Unsolved
49994591,rs60332599,AA,AA,AG,70,46,99,NC_000022.11,Mutation NB - Maternal Origin,Transition - Purine/Purine,Unsolved
50107756,rs9617073,GG,TT,TT,76,1,57,NC_000022.11,Mutation NB - Paternal Origin,Transversion - Purine/Pyrimidine,G>T
50443367,rs1056688,GG,GG,CG,49,40,99,NC_000022.11,Mutation NB - Maternal Origin,Transition - Purine/Purine,Transversion - Purine/Pyrimidine,Unsolved